<ImportExportXml xmlns:xsi="http://www.w3.org/2001/XMLSchema-instance">
  <Entities>
    <Entity>
      <Name LocalizedName="Incident" OriginalName="Incident">ovs_Incident</Name>
      <EntityInfo>
        <entity Name="ovs_Incident">
          <attributes>
            <attribute PhysicalName="ovs_evacuation_due_incident_ind">
              <Type>bit</Type>
              <Name>ovs_evacuation_due_incident_ind</Name>
              <LogicalName>ovs_evacuation_due_incident_ind</LogicalName>
              <RequiredLevel>none</RequiredLevel>
              <DisplayMask>ValidForAdvancedFind|ValidForForm|ValidForGrid</DisplayMask>
              <ImeMode>auto</ImeMode>
              <ValidForUpdateApi>1</ValidForUpdateApi>
              <ValidForReadApi>1</ValidForReadApi>
              <ValidForCreateApi>1</ValidForCreateApi>
              <IsCustomField>1</IsCustomField>
              <IsAuditEnabled>1</IsAuditEnabled>
              <IsSecured>0</IsSecured>
              <IntroducedVersion>1.0.0.0</IntroducedVersion>
              <IsCustomizable>1</IsCustomizable>
              <IsRenameable>1</IsRenameable>
              <CanModifySearchSettings>1</CanModifySearchSettings>
              <CanModifyRequirementLevelSettings>1</CanModifyRequirementLevelSettings>
              <CanModifyAdditionalSettings>1</CanModifyAdditionalSettings>
              <SourceType>0</SourceType>
              <IsGlobalFilterEnabled>0</IsGlobalFilterEnabled>
              <IsSortableEnabled>0</IsSortableEnabled>
              <CanModifyGlobalFilterSettings>1</CanModifyGlobalFilterSettings>
              <CanModifyIsSortableSettings>1</CanModifyIsSortableSettings>
              <IsDataSourceSecret>0</IsDataSourceSecret>
              <AutoNumberFormat></AutoNumberFormat>
              <IsSearchable>0</IsSearchable>
              <IsFilterable>0</IsFilterable>
              <IsRetrievable>0</IsRetrievable>
              <IsLocalizable>0</IsLocalizable>
              <AppDefaultValue>0</AppDefaultValue>
              <optionset Name="ovs_incident_ovs_evacuation_due_incident_ind">
                <OptionSetType>bit</OptionSetType>
                <IntroducedVersion>1.0.0.0</IntroducedVersion>
                <IsCustomizable>1</IsCustomizable>
                <ExternalTypeName></ExternalTypeName>
                <displaynames>
                  <displayname description=" Evacuation Due Incident" languagecode="1033" />
                </displaynames>
                <Descriptions>
                  <Description description="" languagecode="1033" />
                </Descriptions>
                <options>
                  <option value="1" ExternalValue="">
                    <labels>
                      <label description="Yes" languagecode="1033" />
                    </labels>
                  </option>
                  <option value="0" ExternalValue="">
                    <labels>
                      <label description="No" languagecode="1033" />
                    </labels>
                  </option>
                </options>
              </optionset>
              <displaynames>
                <displayname description=" Evacuation Due Incident" languagecode="1033" />
                <displayname description=" Evacuation Due Incident" languagecode="1036" />
              </displaynames>
              <Descriptions>
                <Description description="" languagecode="1033" />
                <Description description="" languagecode="1036" />
              </Descriptions>
            </attribute>
            <attribute PhysicalName="ovs_evacuation_profile_cds">
              <Type>multiselectpicklist</Type>
              <Name>ovs_evacuation_profile_cds</Name>
              <LogicalName>ovs_evacuation_profile_cds</LogicalName>
              <RequiredLevel>none</RequiredLevel>
              <DisplayMask>ValidForAdvancedFind|ValidForForm|ValidForGrid</DisplayMask>
              <ImeMode>auto</ImeMode>
              <ValidForUpdateApi>1</ValidForUpdateApi>
              <ValidForReadApi>1</ValidForReadApi>
              <ValidForCreateApi>1</ValidForCreateApi>
              <IsCustomField>1</IsCustomField>
              <IsAuditEnabled>1</IsAuditEnabled>
              <IsSecured>0</IsSecured>
              <IntroducedVersion>1.0.0.0</IntroducedVersion>
              <IsCustomizable>1</IsCustomizable>
              <IsRenameable>1</IsRenameable>
              <CanModifySearchSettings>1</CanModifySearchSettings>
              <CanModifyRequirementLevelSettings>1</CanModifyRequirementLevelSettings>
              <CanModifyAdditionalSettings>1</CanModifyAdditionalSettings>
              <SourceType>0</SourceType>
              <IsGlobalFilterEnabled>0</IsGlobalFilterEnabled>
              <IsSortableEnabled>0</IsSortableEnabled>
              <CanModifyGlobalFilterSettings>1</CanModifyGlobalFilterSettings>
              <CanModifyIsSortableSettings>1</CanModifyIsSortableSettings>
              <IsDataSourceSecret>0</IsDataSourceSecret>
              <AutoNumberFormat></AutoNumberFormat>
              <IsSearchable>0</IsSearchable>
              <IsFilterable>0</IsFilterable>
              <IsRetrievable>0</IsRetrievable>
              <IsLocalizable>0</IsLocalizable>
              <OptionSetName>ovs_evacuationprofile</OptionSetName>
              <displaynames>
                <displayname description="Evacuation Profile" languagecode="1033" />
                <displayname description="Profil de l’évacuation" languagecode="1036" />
              </displaynames>
              <Descriptions>
                <Description description="" languagecode="1033" />
                <Description description="" languagecode="1036" />
              </Descriptions>
            </attribute>
            <attribute PhysicalName="ovs_moc_capacity_cd">
              <Type>picklist</Type>
              <Name>ovs_moc_capacity_cd</Name>
              <LogicalName>ovs_moc_capacity_cd</LogicalName>
              <RequiredLevel>none</RequiredLevel>
              <DisplayMask>ValidForAdvancedFind|ValidForForm|ValidForGrid</DisplayMask>
              <ImeMode>auto</ImeMode>
              <ValidForUpdateApi>1</ValidForUpdateApi>
              <ValidForReadApi>1</ValidForReadApi>
              <ValidForCreateApi>1</ValidForCreateApi>
              <IsCustomField>1</IsCustomField>
              <IsAuditEnabled>1</IsAuditEnabled>
              <IsSecured>0</IsSecured>
              <IntroducedVersion>1.0.0.0</IntroducedVersion>
              <IsCustomizable>1</IsCustomizable>
              <IsRenameable>1</IsRenameable>
              <CanModifySearchSettings>1</CanModifySearchSettings>
              <CanModifyRequirementLevelSettings>1</CanModifyRequirementLevelSettings>
              <CanModifyAdditionalSettings>1</CanModifyAdditionalSettings>
              <SourceType>0</SourceType>
              <IsGlobalFilterEnabled>0</IsGlobalFilterEnabled>
              <IsSortableEnabled>0</IsSortableEnabled>
              <CanModifyGlobalFilterSettings>1</CanModifyGlobalFilterSettings>
              <CanModifyIsSortableSettings>1</CanModifyIsSortableSettings>
              <IsDataSourceSecret>0</IsDataSourceSecret>
              <AutoNumberFormat></AutoNumberFormat>
              <IsSearchable>0</IsSearchable>
              <IsFilterable>0</IsFilterable>
              <IsRetrievable>0</IsRetrievable>
              <IsLocalizable>0</IsLocalizable>
              <AppDefaultValue>-1</AppDefaultValue>
              <OptionSetName>ovs_moccapacity</OptionSetName>
              <displaynames>
                <displayname description="MOC Capacity" languagecode="1033" />
              </displaynames>
              <Descriptions>
                <Description description="" languagecode="1033" />
              </Descriptions>
            </attribute>
            <attribute PhysicalName="ovs_other_physical_impact_txt">
              <Type>nvarchar</Type>
              <Name>ovs_other_physical_impact_txt</Name>
              <LogicalName>ovs_other_physical_impact_txt</LogicalName>
              <RequiredLevel>none</RequiredLevel>
              <DisplayMask>ValidForAdvancedFind|ValidForForm|ValidForGrid</DisplayMask>
              <ImeMode>auto</ImeMode>
              <ValidForUpdateApi>1</ValidForUpdateApi>
              <ValidForReadApi>1</ValidForReadApi>
              <ValidForCreateApi>1</ValidForCreateApi>
              <IsCustomField>1</IsCustomField>
              <IsAuditEnabled>1</IsAuditEnabled>
              <IsSecured>0</IsSecured>
              <IntroducedVersion>1.0</IntroducedVersion>
              <IsCustomizable>1</IsCustomizable>
              <IsRenameable>1</IsRenameable>
              <CanModifySearchSettings>1</CanModifySearchSettings>
              <CanModifyRequirementLevelSettings>1</CanModifyRequirementLevelSettings>
              <CanModifyAdditionalSettings>1</CanModifyAdditionalSettings>
              <SourceType>0</SourceType>
              <IsGlobalFilterEnabled>0</IsGlobalFilterEnabled>
              <IsSortableEnabled>0</IsSortableEnabled>
              <CanModifyGlobalFilterSettings>1</CanModifyGlobalFilterSettings>
              <CanModifyIsSortableSettings>1</CanModifyIsSortableSettings>
              <IsDataSourceSecret>0</IsDataSourceSecret>
              <AutoNumberFormat></AutoNumberFormat>
              <IsSearchable>0</IsSearchable>
              <IsFilterable>0</IsFilterable>
              <IsRetrievable>0</IsRetrievable>
              <IsLocalizable>0</IsLocalizable>
              <Format>text</Format>
              <MaxLength>100</MaxLength>
              <Length>200</Length>
              <displaynames>
                <displayname description="Other Physical Impact" languagecode="1033" />
              </displaynames>
              <Descriptions>
                <Description description="" languagecode="1033" />
              </Descriptions>
            </attribute>
            <attribute PhysicalName="ovs_physical_impact_cds">
              <Type>multiselectpicklist</Type>
              <Name>ovs_physical_impact_cds</Name>
              <LogicalName>ovs_physical_impact_cds</LogicalName>
              <RequiredLevel>none</RequiredLevel>
              <DisplayMask>ValidForAdvancedFind|ValidForForm|ValidForGrid</DisplayMask>
              <ImeMode>auto</ImeMode>
              <ValidForUpdateApi>1</ValidForUpdateApi>
              <ValidForReadApi>1</ValidForReadApi>
              <ValidForCreateApi>1</ValidForCreateApi>
              <IsCustomField>1</IsCustomField>
              <IsAuditEnabled>1</IsAuditEnabled>
              <IsSecured>0</IsSecured>
              <IntroducedVersion>1.0.0.0</IntroducedVersion>
              <IsCustomizable>1</IsCustomizable>
              <IsRenameable>1</IsRenameable>
              <CanModifySearchSettings>1</CanModifySearchSettings>
              <CanModifyRequirementLevelSettings>1</CanModifyRequirementLevelSettings>
              <CanModifyAdditionalSettings>1</CanModifyAdditionalSettings>
              <SourceType>0</SourceType>
              <IsGlobalFilterEnabled>0</IsGlobalFilterEnabled>
              <IsSortableEnabled>0</IsSortableEnabled>
              <CanModifyGlobalFilterSettings>1</CanModifyGlobalFilterSettings>
              <CanModifyIsSortableSettings>1</CanModifyIsSortableSettings>
              <IsDataSourceSecret>0</IsDataSourceSecret>
              <AutoNumberFormat></AutoNumberFormat>
              <IsSearchable>0</IsSearchable>
              <IsFilterable>0</IsFilterable>
              <IsRetrievable>0</IsRetrievable>
              <IsLocalizable>0</IsLocalizable>
              <OptionSetName>ovs_physicalimpact</OptionSetName>
              <displaynames>
                <displayname description="Physical Impact" languagecode="1033" />
              </displaynames>
              <Descriptions>
                <Description description="" languagecode="1033" />
              </Descriptions>
            </attribute>
            <attribute PhysicalName="ovs_physical_impact_flag_ind">
              <Type>bit</Type>
              <Name>ovs_physical_impact_flag_ind</Name>
              <LogicalName>ovs_physical_impact_flag_ind</LogicalName>
              <RequiredLevel>none</RequiredLevel>
              <DisplayMask>ValidForAdvancedFind|ValidForForm|ValidForGrid</DisplayMask>
              <ImeMode>auto</ImeMode>
              <ValidForUpdateApi>1</ValidForUpdateApi>
              <ValidForReadApi>1</ValidForReadApi>
              <ValidForCreateApi>1</ValidForCreateApi>
              <IsCustomField>1</IsCustomField>
              <IsAuditEnabled>1</IsAuditEnabled>
              <IsSecured>0</IsSecured>
              <IntroducedVersion>1.0.0.0</IntroducedVersion>
              <IsCustomizable>1</IsCustomizable>
              <IsRenameable>1</IsRenameable>
              <CanModifySearchSettings>1</CanModifySearchSettings>
              <CanModifyRequirementLevelSettings>1</CanModifyRequirementLevelSettings>
              <CanModifyAdditionalSettings>1</CanModifyAdditionalSettings>
              <SourceType>0</SourceType>
              <IsGlobalFilterEnabled>0</IsGlobalFilterEnabled>
              <IsSortableEnabled>0</IsSortableEnabled>
              <CanModifyGlobalFilterSettings>1</CanModifyGlobalFilterSettings>
              <CanModifyIsSortableSettings>1</CanModifyIsSortableSettings>
              <IsDataSourceSecret>0</IsDataSourceSecret>
              <AutoNumberFormat></AutoNumberFormat>
              <IsSearchable>0</IsSearchable>
              <IsFilterable>0</IsFilterable>
              <IsRetrievable>0</IsRetrievable>
              <IsLocalizable>0</IsLocalizable>
              <AppDefaultValue>0</AppDefaultValue>
              <optionset Name="ovs_incident_ovs_physical_impact_flag_ind">
                <OptionSetType>bit</OptionSetType>
                <IntroducedVersion>1.0.0.0</IntroducedVersion>
                <IsCustomizable>1</IsCustomizable>
                <ExternalTypeName></ExternalTypeName>
                <displaynames>
                  <displayname description="Physical Impact Flag" languagecode="1033" />
                  <displayname description="Marqueur pour l’impact physique" languagecode="1036" />
                </displaynames>
                <Descriptions>
                  <Description description="" languagecode="1033" />
                </Descriptions>
                <options>
                  <option value="1" ExternalValue="">
                    <labels>
                      <label description="Yes" languagecode="1033" />
                    </labels>
                  </option>
                  <option value="0" ExternalValue="">
                    <labels>
                      <label description="No" languagecode="1033" />
                    </labels>
                  </option>
                </options>
              </optionset>
              <displaynames>
                <displayname description="Physical Impact Flag" languagecode="1033" />
                <displayname description="Marqueur pour l’impact physique" languagecode="1036" />
              </displaynames>
              <Descriptions>
                <Description description="" languagecode="1033" />
              </Descriptions>
            </attribute>
          </attributes>
        </entity>
      </EntityInfo>
      <FormXml>
        <forms type="main">
          <systemform>
            <formid>{a58c2822-51b7-4919-b85c-d94204f76f09}</formid>
            <IntroducedVersion>1.0</IntroducedVersion>
            <FormPresentation>1</FormPresentation>
            <FormActivationState>1</FormActivationState>
            <form headerdensity="HighWithControls" shownavigationbar="true" showImage="false" maxWidth="1920">
              <tabs>
                <tab verticallayout="true" id="{7e90e34f-6627-42a3-8a21-5b70dd549cae}" IsUserDefined="1" name="General">
                  <labels>
                    <label description="General" languagecode="1033" />
                    <label description="Général" languagecode="1036" />
                  </labels>
                  <columns>
                    <column width="100%">
                      <sections>
                        <section showlabel="false" showbar="false" IsUserDefined="0" id="{865e5d83-1e37-4786-bb33-7293fe5e8910}" name="General">
                          <labels>
                            <label description="General" languagecode="1033" />
                            <label description="Général" languagecode="1036" />
                          </labels>
                          <rows>
                            <row>
                              <cell id="{d903a69d-0062-41a8-a990-4c1ea053cb14}" visible="true" colspan="1" rowspan="1">
                                <labels>
                                  <label description="Name" languagecode="1033" />
                                  <label description="Name" languagecode="1036" />
                                </labels>
                                <control id="ovs_name" classid="{4273EDBD-AC1D-40d3-9FB2-095C621B552D}" datafieldname="ovs_name" />
                              </cell>
                            </row>
                            <row>
                              <cell id="{6e6d451d-5a3b-4626-a82a-0bab5eb88450}" locklevel="0" colspan="1" rowspan="1">
                                <labels>
                                  <label description="Release Type" languagecode="1033" />
                                  <label description="Nature du rejet" languagecode="1036" />
                                </labels>
                                <control id="ovs_release_type_cd" classid="{4AA28AB7-9C13-4F57-A73D-AD894D048B5F}" datafieldname="ovs_release_type_cd" disabled="false" />
                              </cell>
                            </row>
                            <row>
                              <cell id="{74346777-cef8-41d5-b5f4-c9269484a6c2}" locklevel="0" colspan="1" rowspan="1" showlabel="true" visible="false">
                                <labels>
                                  <label description="Other Release Type" languagecode="1033" />
                                  <label description="Autre nature du rejet" languagecode="1036" />
                                </labels>
                                <control id="ovs_release_type_other_txt" classid="{4273EDBD-AC1D-40D3-9FB2-095C621B552D}" datafieldname="ovs_release_type_other_txt" disabled="false" />
                              </cell>
                            </row>
                            <row>
                              <cell id="{1d2cb04a-7569-42c2-a08d-bcad7fe81885}">
                                <labels>
                                  <label description="Owner" languagecode="1033" />
                                  <label description="Propriétaire" languagecode="1036" />
                                </labels>
                                <control id="ownerid" classid="{270BD3DB-D9AF-4782-9025-509E298DEC0A}" datafieldname="ownerid" />
                              </cell>
                            </row>
                          </rows>
                        </section>
                        <section name="General_section_3" id="b7d3a08e-618c-4e94-bfae-2940cb2b0c27" IsUserDefined="0" locklevel="0" showlabel="false" showbar="false" layout="varwidth" celllabelalignment="Left" celllabelposition="Left" columns="11" labelwidth="115">
                          <labels>
                            <label description="New Section" languagecode="1033" />
                          </labels>
                          <rows>
                            <row>
                              <cell id="{56594ce9-c5c6-4b65-81fd-f0bcf7b81026}" showlabel="false">
                                <labels>
                                  <label description="" languagecode="1033" />
                                </labels>
                              </cell>
                              <cell id="{d1261d45-1c6a-424a-ba70-cf95054d27e6}" showlabel="false">
                                <labels>
                                  <label description="" languagecode="1033" />
                                </labels>
                              </cell>
                            </row>
                            <row>
                              <cell id="{5d55e6e7-488d-43d5-b759-0081e04a7404}" locklevel="0" colspan="1" rowspan="1">
                                <labels>
                                  <label description="Scope" languagecode="1033" />
                                  <label description="Scope" languagecode="1036" />
                                </labels>
                                <control id="ovs_scope_cd" classid="{4AA28AB7-9C13-4F57-A73D-AD894D048B5F}" datafieldname="ovs_scope_cd" disabled="false" />
                              </cell>
                              <cell locklevel="0" id="{b0c71330-aef8-402a-8968-22968f67a1b2}" showlabel="false">
                                <labels>
                                  <label description="" languagecode="1033" />
                                </labels>
                              </cell>
                            </row>
                            <row>
                              <cell id="{b32251cc-a316-4e6e-a159-b8f9ee5762f4}" locklevel="0" colspan="1" rowspan="1" visible="true">
                                <labels>
                                  <label description="Main Impact" languagecode="1033" />
                                </labels>
                                <control id="ovs_main_impact_cd" classid="{4AA28AB7-9C13-4F57-A73D-AD894D048B5F}" datafieldname="ovs_main_impact_cd" disabled="false" />
                              </cell>
                              <cell locklevel="0" id="{4cf37c4f-58d0-44c8-8d49-9de47899658f}" showlabel="false">
                                <labels>
                                  <label description="" languagecode="1033" />
                                </labels>
                              </cell>
                            </row>
                          </rows>
                        </section>
                        <section name="General_section_5" id="cfe1ada0-7851-4eef-8a90-b972d2c39130" IsUserDefined="0" locklevel="0" showlabel="false" showbar="false" layout="varwidth" celllabelalignment="Left" celllabelposition="Left" columns="11" labelwidth="115">
                          <labels>
                            <label description="New Section" languagecode="1033" />
                          </labels>
                          <rows>
                            <row>
                              <cell locklevel="0" id="{df6c3550-86f7-4400-a8d6-a9aa97a846ed}" showlabel="false">
                                <labels>
                                  <label description="" languagecode="1033" />
                                </labels>
                              </cell>
                              <cell locklevel="0" id="{9a6d2fd1-17aa-474d-aa14-4ce176dd9fa8}" showlabel="false">
                                <labels>
                                  <label description="" languagecode="1033" />
                                </labels>
                              </cell>
                            </row>
                            <row>
                              <cell id="{a3dec6c2-2e68-4a7c-83dd-7fb066b21968}" locklevel="0" colspan="1" rowspan="1">
                                <labels>
                                  <label description="Closure" languagecode="1033" />
                                  <label description="Fermetures" languagecode="1036" />
                                </labels>
                                <control id="ovs_closure_cd" classid="{F9A8A302-114E-466A-B582-6771B2AE0D92}" datafieldname="ovs_closure_cd" disabled="false" uniqueid="{9bb39ce4-f225-459e-a1ec-b5ca93ca8e7b}" />
                              </cell>
                              <cell id="{170d068d-da15-4a88-afbd-96451cbfe242}" locklevel="0" colspan="1" rowspan="1">
                                <labels>
                                  <label description="Closure Type" languagecode="1033" />
                                  <label description="Type de fermeture" languagecode="1036" />
                                </labels>
                                <control id="ovs_closure_type_cd" classid="{4AA28AB7-9C13-4F57-A73D-AD894D048B5F}" datafieldname="ovs_closure_type_cd" disabled="false" />
                              </cell>
                            </row>
                            <row>
                              <cell id="{429ca4fc-172a-49ce-831d-ea6b58db8c9f}" locklevel="0" colspan="1" rowspan="1">
                                <labels>
                                  <label description="Duration" languagecode="1033" />
                                  <label description="Durée" languagecode="1036" />
                                </labels>
                                <control id="ovs_duration_num" classid="{C6D124CA-7EDA-4A60-AEA9-7FB8D318B68F}" datafieldname="ovs_duration_num" disabled="false" />
                              </cell>
                              <cell id="{f0949ed6-e45e-48bb-9040-3a38aaa1f68e}" locklevel="0" colspan="1" rowspan="1">
                                <labels>
                                  <label description="Other Closure Type" languagecode="1033" />
                                  <label description="Autre type de fermeture" languagecode="1036" />
                                </labels>
                                <control id="ovs_closure_type_other_txt" classid="{4273EDBD-AC1D-40D3-9FB2-095C621B552D}" datafieldname="ovs_closure_type_other_txt" disabled="false" />
                              </cell>
                            </row>
                          </rows>
                        </section>
                        <section name="General_section_4" id="e6228db6-6036-4783-9ad3-e7c624320117" IsUserDefined="0" locklevel="0" showlabel="true" showbar="false" layout="varwidth" celllabelalignment="Left" celllabelposition="Top" columns="1" labelwidth="115" height="auto">
                          <labels>
                            <label description="Incident Organization Roles" languagecode="1033" />
                          </labels>
                          <rows>
                            <row>
                              <cell id="{b4824981-ce8a-9890-ab45-cb726eb79a25}" showlabel="false" colspan="1" auto="true" rowspan="4">
                                <labels>
                                  <label description="Incident Organizations (Incident)" languagecode="1033" />
                                </labels>
                                <control id="Participants" classid="{F9A8A302-114E-466A-B582-6771B2AE0D92}" indicationOfSubgrid="true" uniqueid="{2a85d62d-de75-2478-c563-16c57111ed8c}">
                                  <parameters>
                                    <ViewId>{D103A530-2828-EF11-840B-6045BD61F005}</ViewId>
                                    <IsUserView>false</IsUserView>
                                    <RelationshipName>ovs_incident_organization_incident</RelationshipName>
                                    <TargetEntityType>ovs_incident_organization</TargetEntityType>
                                    <AutoExpand>Auto</AutoExpand>
                                    <EnableQuickFind>false</EnableQuickFind>
                                    <EnableViewPicker>false</EnableViewPicker>
                                    <ViewIds>{20ED5633-C649-4BC6-8BC2-88884D52FD3B},{D103A530-2828-EF11-840B-6045BD61F005}</ViewIds>
                                    <EnableJumpBar>false</EnableJumpBar>
                                    <ChartGridMode>Grid</ChartGridMode>
                                    <VisualizationId />
                                    <IsUserChart>false</IsUserChart>
                                    <EnableChartPicker>false</EnableChartPicker>
                                    <RecordsPerPage>8</RecordsPerPage>
                                    <HeaderColorCode>#F3F3F3</HeaderColorCode>
                                  </parameters>
                                </control>
                              </cell>
                            </row>
                            <row />
                            <row />
                            <row height="auto" />
                          </rows>
                        </section>
                      </sections>
                    </column>
                  </columns>
                </tab>
                <tab name="tab_Injuries" id="1d830d7c-811b-4c37-8353-b5af9a6c3fcb" IsUserDefined="0" locklevel="0" showlabel="true">
                  <labels>
                    <label description="Injuries" languagecode="1033" />
                  </labels>
                  <columns>
                    <column width="100%">
                      <sections>
                        <section name="tab_3_section_injuries_editable" id="7c647120-3f7f-46fa-b4b0-0016da89d376" IsUserDefined="0" locklevel="0" showlabel="false" showbar="false" layout="varwidth" celllabelalignment="Left" celllabelposition="Left" columns="1" labelwidth="115" height="auto" visible="false">
                          <labels>
                            <label description="Injuries Editable" languagecode="1033" />
                          </labels>
                          <rows>
                            <row>
                              <cell id="{e06dbd3b-71c4-340b-5161-b94eca65373c}" showlabel="false" colspan="1" auto="false" rowspan="12">
                                <labels>
                                  <label description="Injuries Editable" languagecode="1033" />
                                </labels>
                                <control id="injuries_editable" classid="{F9A8A302-114E-466A-B582-6771B2AE0D92}" indicationOfSubgrid="true" uniqueid="{adce82ea-b784-5756-bd06-5abc88a2b0ba}">
                                  <parameters>
                                    <ViewId>{6D78BC9F-C028-EF11-840B-6045BD614ECD}</ViewId>
                                    <IsUserView>false</IsUserView>
                                    <RelationshipName>ovs_incident_injury</RelationshipName>
                                    <TargetEntityType>ovs_incident_injury</TargetEntityType>
                                    <AutoExpand>Fixed</AutoExpand>
                                    <EnableQuickFind>false</EnableQuickFind>
                                    <EnableViewPicker>false</EnableViewPicker>
                                    <ViewIds>{134F9C6F-FD2B-4871-B117-352CB1D697DE},{6D78BC9F-C028-EF11-840B-6045BD614ECD}</ViewIds>
                                    <EnableJumpBar>false</EnableJumpBar>
                                    <ChartGridMode>Grid</ChartGridMode>
                                    <VisualizationId />
                                    <IsUserChart>false</IsUserChart>
                                    <EnableChartPicker>false</EnableChartPicker>
                                    <RecordsPerPage>10</RecordsPerPage>
                                    <HeaderColorCode>#F3F3F3</HeaderColorCode>
                                  </parameters>
                                </control>
                              </cell>
                            </row>
                            <row />
                            <row />
                            <row height="auto" />
                            <row />
                            <row />
                            <row />
                            <row />
                            <row />
                            <row />
                            <row />
                            <row />
                          </rows>
                        </section>
                        <section name="tab_3_section_injuries_rd_only" id="80f7f49a-52aa-423e-9963-b384cc41167f" IsUserDefined="0" locklevel="0" showlabel="false" showbar="false" layout="varwidth" celllabelalignment="Left" celllabelposition="Left" columns="1" labelwidth="115" visible="false">
                          <labels>
                            <label description="Injuries Read Only" languagecode="1033" />
                          </labels>
                          <rows>
                            <row>
                              <cell id="{631881ec-388f-416a-8f8d-594c2ece20be}">
                                <labels>
                                  <label description="" languagecode="1033" />
                                </labels>
                              </cell>
                            </row>
                            <row>
                              <cell locklevel="0" id="{c94621df-7b49-4d14-a80e-efa1d68b8eef}" rowspan="4" colspan="1" auto="false" showlabel="false">
                                <labels>
                                  <label description="Injuries Readonly" languagecode="1033" />
                                </labels>
                                <control indicationOfSubgrid="true" id="injuries_readonly" classid="{E7A81278-8635-4D9E-8D4D-59480B391C5B}" uniqueid="{d9a3bc1e-49ce-7213-c73a-dce06cbaadd0}">
                                  <parameters>
                                    <RecordsPerPage>10</RecordsPerPage>
                                    <AutoExpand>Fixed</AutoExpand>
                                    <EnableQuickFind>false</EnableQuickFind>
                                    <EnableViewPicker>false</EnableViewPicker>
                                    <EnableChartPicker>false</EnableChartPicker>
                                    <ChartGridMode>Grid</ChartGridMode>
                                    <TargetEntityType>ovs_incident_injury</TargetEntityType>
                                    <ViewId>{6D78BC9F-C028-EF11-840B-6045BD614ECD}</ViewId>
                                    <ViewIds>{134F9C6F-FD2B-4871-B117-352CB1D697DE},{6D78BC9F-C028-EF11-840B-6045BD614ECD}</ViewIds>
                                    <RelationshipName>ovs_incident_injury</RelationshipName>
                                    <HeaderColorCode />
                                    <IsUserView>false</IsUserView>
                                    <EnableJumpBar>false</EnableJumpBar>
                                    <VisualizationId />
                                    <IsUserChart>false</IsUserChart>
                                  </parameters>
                                </control>
                              </cell>
                            </row>
                            <row />
                            <row />
                            <row />
                          </rows>
                        </section>
                      </sections>
                    </column>
                  </columns>
                </tab>
                <tab name="tab_2" id="ce4ce7e5-23b0-4424-a373-3a732fffb2fe" IsUserDefined="0" locklevel="0" showlabel="true">
                  <labels>
                    <label description="Temp new fields keep" languagecode="1033" />
                  </labels>
                  <columns>
                    <column width="50%">
                      <sections>
                        <section name="tab_2_section_1" id="c5dc174d-4da2-455b-a9d8-bae8d8b6da36" IsUserDefined="0" locklevel="0" showlabel="false" showbar="false" layout="varwidth" celllabelalignment="Left" celllabelposition="Top" columns="1" labelwidth="115">
                          <labels>
                            <label description="New Section" languagecode="1033" />
                          </labels>
                          <rows>
                            <row>
                              <cell id="{586b7596-4ff1-444d-b44c-ff53b8cb3ecf}" showlabel="false">
                                <labels>
                                  <label description="" languagecode="1033" />
                                </labels>
                              </cell>
                            </row>
                            <row>
                              <cell id="{690d8f60-2741-4db3-b7cc-ecb0e26b2158}" locklevel="0" colspan="1" rowspan="1">
                                <labels>
                                  <label description="Source" languagecode="1033" />
                                </labels>
                                <control id="ovs_source_cds" classid="{4AA28AB7-9C13-4F57-A73D-AD894D048B5F}" datafieldname="ovs_source_cds" disabled="false" />
                              </cell>
                            </row>
                            <row>
                              <cell id="{f609175b-e420-4b6c-bbe4-77c1a9a35470}" locklevel="0" colspan="1" rowspan="1">
                                <labels>
                                  <label description="Other Source" languagecode="1033" />
                                </labels>
                                <control id="ovs_other_source_txt" classid="{4273EDBD-AC1D-40D3-9FB2-095C621B552D}" datafieldname="ovs_other_source_txt" disabled="false" />
                              </cell>
                            </row>
                            <row>
                              <cell id="{898e456d-0a78-4a19-bf1a-0043ed717b46}" locklevel="0" colspan="1" rowspan="1">
                                <labels>
                                  <label description="MOC Capacity" languagecode="1033" />
                                </labels>
                                <control id="ovs_moc_capacity_cd" classid="{3EF39988-22BB-4F0B-BBBE-64B5A3748AEE}" datafieldname="ovs_moc_capacity_cd" disabled="false" />
                              </cell>
                            </row>
                            <row>
                              <cell id="{a29e94a1-7bb3-46df-b4a3-ee323e86dc12}" locklevel="0" colspan="1" rowspan="1">
                                <labels>
                                  <label description="Physical Impact Flag" languagecode="1033" />
                                  <label description="Marqueur pour l’impact physique" languagecode="1036" />
                                </labels>
                                <control id="ovs_physical_impact_flag_ind" classid="{F9A8A302-114E-466A-B582-6771B2AE0D92}" datafieldname="ovs_physical_impact_flag_ind" disabled="false" uniqueid="{430ab37a-1a2a-4b27-b641-2a3e4023e258}" />
                              </cell>
                            </row>
                            <row>
                              <cell id="{96b1aa22-a542-49fe-8b7d-6f27781d5c0e}" locklevel="0" colspan="1" rowspan="1">
                                <labels>
                                  <label description="Physical Impact Characteristics" languagecode="1033" />
                                  <label description="Caractéristiques de l’impact physique" languagecode="1036" />
                                </labels>
                                <control id="ovs_physical_impact_cds" classid="{4AA28AB7-9C13-4F57-A73D-AD894D048B5F}" datafieldname="ovs_physical_impact_cds" disabled="false" />
                              </cell>
                            </row>
                            <row>
                              <cell id="{3151ae44-df12-4ade-9c0e-ce55a400a4d7}" locklevel="0" colspan="1" rowspan="1" visible="false">
                                <labels>
                                  <label description="Other Physical Impact Characteristics" languagecode="1033" />
                                  <label description="Autre caractéristiques de l’impact physique" languagecode="1036" />
                                </labels>
                                <control id="ovs_other_physical_impact_txt" classid="{4273EDBD-AC1D-40D3-9FB2-095C621B552D}" datafieldname="ovs_other_physical_impact_txt" disabled="false" />
                              </cell>
                            </row>
                            <row>
                              <cell id="{89ba2f6d-75ca-4c49-86a0-68c97a9e8fab}" locklevel="0" colspan="1" rowspan="1">
                                <labels>
                                  <label description="Was there an Evacuation as a result to the incident?" languagecode="1033" />
                                  <label description=" L'incident a-t-il nécessité une évacuation?" languagecode="1036" />
                                </labels>
                                <control id="ovs_evacuation_due_incident_ind" classid="{F9A8A302-114E-466A-B582-6771B2AE0D92}" datafieldname="ovs_evacuation_due_incident_ind" disabled="false" uniqueid="{365d5ce4-8760-4331-ade7-8334d5150f00}" />
                              </cell>
                            </row>
                            <row>
                              <cell id="{ada31595-c88b-4117-8026-2fb118d20912}" locklevel="0" colspan="1" rowspan="1">
                                <labels>
                                  <label description="Evacuation Profile" languagecode="1033" />
                                  <label description="Profil de l’évacuation" languagecode="1036" />
                                </labels>
                                <control id="ovs_evacuation_profile_cds" classid="{4AA28AB7-9C13-4F57-A73D-AD894D048B5F}" datafieldname="ovs_evacuation_profile_cds" disabled="false" />
                              </cell>
                            </row>
                          </rows>
                        </section>
                      </sections>
                    </column>
                    <column width="50%">
                      <sections>
                        <section name="tab_2_section_2" id="f991fa39-8e00-4f11-a276-850e7e5bd817" IsUserDefined="0" locklevel="0" showlabel="false" showbar="false" layout="varwidth" celllabelalignment="Left" celllabelposition="Top" columns="1" labelwidth="115">
                          <labels>
                            <label description="New Section" languagecode="1033" />
                          </labels>
                          <rows>
                            <row>
                              <cell id="{8c720d99-fe67-43e2-8d3d-3044bbc44330}" showlabel="false">
                                <labels>
                                  <label description="" languagecode="1033" />
                                </labels>
                              </cell>
                            </row>
                            <row>
                              <cell id="{25c465e2-a76a-4708-a161-058b3b4ca12e}" locklevel="0" colspan="1" rowspan="1">
                                <labels>
                                  <label description="Incident Severity" languagecode="1033" />
                                  <label description="Sévérité de l’incident" languagecode="1036" />
                                </labels>
                                <control id="ovs_incident_severity_cd" classid="{3EF39988-22BB-4F0B-BBBE-64B5A3748AEE}" datafieldname="ovs_incident_severity_cd" disabled="false" />
                              </cell>
                            </row>
                            <row>
                              <cell id="{5e44f963-b169-43c3-92db-450c5ba0f321}" locklevel="0" colspan="1" rowspan="1">
                                <labels>
                                  <label description="Weather" languagecode="1033" />
                                  <label description="Intempéries" languagecode="1036" />
                                </labels>
                                <control id="ovs_weather_cd" classid="{4AA28AB7-9C13-4F57-A73D-AD894D048B5F}" datafieldname="ovs_weather_cd" disabled="false" />
                              </cell>
                            </row>
                            <row>
                              <cell id="{d194ee78-fbf3-43c2-8c0c-35f54d3bce56}" locklevel="0" colspan="1" rowspan="1">
                                <labels>
                                  <label description="Estimated Temperature(Celcius)" languagecode="1033" />
                                  <label description="Température estimée" languagecode="1036" />
                                </labels>
                                <control id="ovs_estimated_temperature_num" classid="{C6D124CA-7EDA-4A60-AEA9-7FB8D318B68F}" datafieldname="ovs_estimated_temperature_num" disabled="false" />
                              </cell>
                            </row>
                          </rows>
                        </section>
                      </sections>
                    </column>
                  </columns>
                </tab>
              </tabs>
              <header id="{a5e57d12-515a-41df-bb47-4ba4cc3a3404}" celllabelposition="Top" columns="111" labelwidth="115" celllabelalignment="Left">
                <rows>
                  <row>
                    <cell id="{596f3212-7097-4490-9b48-1c6bf00d50bd}" showlabel="false">
                      <labels>
                        <label description="" languagecode="1033" />
                      </labels>
                    </cell>
                    <cell id="{fdd867dd-a161-493e-9307-8b6f62e5b097}" showlabel="false">
                      <labels>
                        <label description="" languagecode="1033" />
                      </labels>
                    </cell>
                    <cell id="{5510a03a-8fa8-4dcc-be56-4e7b3d22f2a0}" showlabel="false">
                      <labels>
                        <label description="" languagecode="1033" />
                      </labels>
                    </cell>
                  </row>
                </rows>
              </header>
              <footer id="{1e516d63-0f5a-45c4-95b9-e197c6ece060}" celllabelposition="Top" columns="111" labelwidth="115" celllabelalignment="Left">
                <rows>
                  <row>
                    <cell id="{4cf05b12-b2da-4911-bd1c-864307c4b1df}" showlabel="false">
                      <labels>
                        <label description="" languagecode="1033" />
                      </labels>
                    </cell>
                    <cell id="{621721da-6840-4dd2-a326-cc194ea16371}" showlabel="false">
                      <labels>
                        <label description="" languagecode="1033" />
                      </labels>
                    </cell>
                    <cell id="{ed4eb725-6970-4ff2-92db-71efe5e25595}" showlabel="false">
                      <labels>
                        <label description="" languagecode="1033" />
                      </labels>
                    </cell>
                  </row>
                </rows>
              </footer>
              <Navigation>
                <NavBar />
                <NavBarAreas>
                  <NavBarArea Id="Info">
                    <Titles>
                      <Title LCID="1033" Text="Common" />
                    </Titles>
                  </NavBarArea>
                  <NavBarArea Id="Sales">
                    <Titles>
                      <Title LCID="1033" Text="Sales" />
                    </Titles>
                  </NavBarArea>
                  <NavBarArea Id="Service">
                    <Titles>
                      <Title LCID="1033" Text="Service" />
                    </Titles>
                  </NavBarArea>
                  <NavBarArea Id="Marketing">
                    <Titles>
                      <Title LCID="1033" Text="Marketing" />
                    </Titles>
                  </NavBarArea>
                  <NavBarArea Id="ProcessCenter">
                    <Titles>
                      <Title LCID="1033" Text="Process Sessions" />
                    </Titles>
                  </NavBarArea>
                </NavBarAreas>
              </Navigation>
              <controlDescriptions>
                <controlDescription forControl="{9bb39ce4-f225-459e-a1ec-b5ca93ca8e7b}">
                  <customControl id="{67FAC785-CD58-4F9F-ABB3-4B7DDC6ED5ED}">
                    <parameters>
                      <datafieldname>ovs_closure_cd</datafieldname>
                    </parameters>
                  </customControl>
                  <customControl formFactor="0" name="MscrmControls.FieldControls.ToggleControl">
                    <parameters>
                      <value type="TwoOptions">ovs_closure_cd</value>
                    </parameters>
                  </customControl>
                  <customControl formFactor="2" name="MscrmControls.FieldControls.ToggleControl">
                    <parameters>
                      <value type="TwoOptions">ovs_closure_cd</value>
                    </parameters>
                  </customControl>
                  <customControl formFactor="1" name="MscrmControls.FieldControls.ToggleControl">
                    <parameters>
                      <value type="TwoOptions">ovs_closure_cd</value>
                    </parameters>
                  </customControl>
                </controlDescription>
                <controlDescription forControl="{2a85d62d-de75-2478-c563-16c57111ed8c}">
                  <customControl id="{E7A81278-8635-4d9e-8D4D-59480B391C5B}" formFactor="0">
                    <parameters>
                      <ViewId>{D103A530-2828-EF11-840B-6045BD61F005}</ViewId>
                      <IsUserView>false</IsUserView>
                      <RelationshipName>ovs_incident_organization_incident</RelationshipName>
                      <TargetEntityType>ovs_incident_organization</TargetEntityType>
                      <AutoExpand>Auto</AutoExpand>
                      <EnableQuickFind>false</EnableQuickFind>
                      <EnableViewPicker>false</EnableViewPicker>
                      <ViewIds>{20ED5633-C649-4BC6-8BC2-88884D52FD3B},{D103A530-2828-EF11-840B-6045BD61F005}</ViewIds>
                      <EnableJumpBar>false</EnableJumpBar>
                      <ChartGridMode>Grid</ChartGridMode>
                      <VisualizationId />
                      <IsUserChart>false</IsUserChart>
                      <EnableChartPicker>false</EnableChartPicker>
                      <RecordsPerPage>8</RecordsPerPage>
                      <HeaderColorCode>#F3F3F3</HeaderColorCode>
                    </parameters>
                  </customControl>
                  <customControl formFactor="1" name="MscrmControls.Grid.GridControl">
                    <parameters>
                      <data-set name="Grid">
                        <ViewId>{D103A530-2828-EF11-840B-6045BD61F005}</ViewId>
                        <columnsDefaultView />
                        <IsUserView>false</IsUserView>
                        <RelationshipName>ovs_incident_organization_incident</RelationshipName>
                        <TargetEntityType>ovs_incident_organization</TargetEntityType>
                        <EnableViewPicker>false</EnableViewPicker>
                        <FilteredViewIds>{20ED5633-C649-4BC6-8BC2-88884D52FD3B},{D103A530-2828-EF11-840B-6045BD61F005}</FilteredViewIds>
                      </data-set>
                      <EnableGroupBy static="true" type="Enum">no</EnableGroupBy>
                      <EnableEditing static="true" type="Enum">yes</EnableEditing>
                      <ReflowBehavior static="true" type="Enum">GridOnly</ReflowBehavior>
                      <ListLayoutDirection static="true" type="Enum">Horizontal</ListLayoutDirection>
                      <EnableSubGridAutoCollapse static="true" type="Enum">false</EnableSubGridAutoCollapse>
                      <EnableFiltering static="true" type="Enum">yes</EnableFiltering>
                      <HideNestedGridColumnHeader static="true" type="Enum">no</HideNestedGridColumnHeader>
                      <EnableJumpBar static="true" type="Enum">yes</EnableJumpBar>
                    </parameters>
                  </customControl>
                  <customControl formFactor="2" name="MscrmControls.Grid.GridControl">
                    <parameters>
                      <data-set name="Grid">
                        <ViewId>{D103A530-2828-EF11-840B-6045BD61F005}</ViewId>
                        <columnsDefaultView />
                        <IsUserView>false</IsUserView>
                        <RelationshipName>ovs_incident_organization_incident</RelationshipName>
                        <TargetEntityType>ovs_incident_organization</TargetEntityType>
                        <EnableViewPicker>false</EnableViewPicker>
                        <FilteredViewIds>{20ED5633-C649-4BC6-8BC2-88884D52FD3B},{D103A530-2828-EF11-840B-6045BD61F005}</FilteredViewIds>
                      </data-set>
                      <EnableGroupBy static="true" type="Enum">no</EnableGroupBy>
                      <EnableEditing static="true" type="Enum">yes</EnableEditing>
                      <ReflowBehavior static="true" type="Enum">GridOnly</ReflowBehavior>
                      <ListLayoutDirection static="true" type="Enum">Horizontal</ListLayoutDirection>
                      <EnableSubGridAutoCollapse static="true" type="Enum">false</EnableSubGridAutoCollapse>
                      <EnableFiltering static="true" type="Enum">yes</EnableFiltering>
                      <HideNestedGridColumnHeader static="true" type="Enum">no</HideNestedGridColumnHeader>
                      <EnableJumpBar static="true" type="Enum">yes</EnableJumpBar>
                    </parameters>
                  </customControl>
                </controlDescription>
                <controlDescription forControl="{adce82ea-b784-5756-bd06-5abc88a2b0ba}">
                  <customControl id="{E7A81278-8635-4d9e-8D4D-59480B391C5B}" formFactor="0">
                    <parameters>
                      <ViewId>{6D78BC9F-C028-EF11-840B-6045BD614ECD}</ViewId>
                      <IsUserView>false</IsUserView>
                      <RelationshipName>ovs_incident_injury</RelationshipName>
                      <TargetEntityType>ovs_incident_injury</TargetEntityType>
                      <AutoExpand>Fixed</AutoExpand>
                      <EnableQuickFind>false</EnableQuickFind>
                      <EnableViewPicker>false</EnableViewPicker>
                      <ViewIds>{134F9C6F-FD2B-4871-B117-352CB1D697DE},{6D78BC9F-C028-EF11-840B-6045BD614ECD}</ViewIds>
                      <EnableJumpBar>false</EnableJumpBar>
                      <ChartGridMode>Grid</ChartGridMode>
                      <VisualizationId />
                      <IsUserChart>false</IsUserChart>
                      <EnableChartPicker>false</EnableChartPicker>
                      <RecordsPerPage>10</RecordsPerPage>
                      <HeaderColorCode>#F3F3F3</HeaderColorCode>
                    </parameters>
                  </customControl>
                  <customControl formFactor="1" name="MscrmControls.Grid.GridControl">
                    <parameters>
                      <data-set name="Grid">
                        <ViewId>{6D78BC9F-C028-EF11-840B-6045BD614ECD}</ViewId>
                        <columnsDefaultView />
                        <IsUserView>false</IsUserView>
                        <RelationshipName>ovs_incident_injury</RelationshipName>
                        <TargetEntityType>ovs_incident_injury</TargetEntityType>
                        <EnableViewPicker>false</EnableViewPicker>
                        <FilteredViewIds>{134F9C6F-FD2B-4871-B117-352CB1D697DE},{6D78BC9F-C028-EF11-840B-6045BD614ECD}</FilteredViewIds>
                      </data-set>
                      <EnableGroupBy static="true" type="Enum">no</EnableGroupBy>
                      <EnableEditing static="true" type="Enum">yes</EnableEditing>
                      <ReflowBehavior static="true" type="Enum">GridOnly</ReflowBehavior>
                      <ListLayoutDirection static="true" type="Enum">Vertical</ListLayoutDirection>
                      <EnableSubGridAutoCollapse static="true" type="Enum">false</EnableSubGridAutoCollapse>
                      <EnableFiltering static="true" type="Enum">no</EnableFiltering>
                      <HideNestedGridColumnHeader static="true" type="Enum">yes</HideNestedGridColumnHeader>
                      <EnableJumpBar static="true" type="Enum">no</EnableJumpBar>
                    </parameters>
                  </customControl>
                  <customControl formFactor="2" name="MscrmControls.Grid.GridControl">
                    <parameters>
                      <data-set name="Grid">
                        <ViewId>{6D78BC9F-C028-EF11-840B-6045BD614ECD}</ViewId>
                        <columnsDefaultView />
                        <IsUserView>false</IsUserView>
                        <RelationshipName>ovs_incident_injury</RelationshipName>
                        <TargetEntityType>ovs_incident_injury</TargetEntityType>
                        <EnableViewPicker>false</EnableViewPicker>
                        <FilteredViewIds>{134F9C6F-FD2B-4871-B117-352CB1D697DE},{6D78BC9F-C028-EF11-840B-6045BD614ECD}</FilteredViewIds>
                      </data-set>
                      <EnableGroupBy static="true" type="Enum">no</EnableGroupBy>
                      <EnableEditing static="true" type="Enum">yes</EnableEditing>
                      <ReflowBehavior static="true" type="Enum">GridOnly</ReflowBehavior>
                      <ListLayoutDirection static="true" type="Enum">Vertical</ListLayoutDirection>
                      <EnableSubGridAutoCollapse static="true" type="Enum">false</EnableSubGridAutoCollapse>
                      <EnableFiltering static="true" type="Enum">no</EnableFiltering>
                      <HideNestedGridColumnHeader static="true" type="Enum">yes</HideNestedGridColumnHeader>
                      <EnableJumpBar static="true" type="Enum">no</EnableJumpBar>
                    </parameters>
                  </customControl>
                </controlDescription>
                <controlDescription forControl="{430ab37a-1a2a-4b27-b641-2a3e4023e258}">
                  <customControl id="{67FAC785-CD58-4F9F-ABB3-4B7DDC6ED5ED}">
                    <parameters>
                      <datafieldname>ovs_physical_impact_flag_ind</datafieldname>
                    </parameters>
                  </customControl>
                  <customControl formFactor="0" name="MscrmControls.FieldControls.ToggleControl">
                    <parameters>
                      <value type="TwoOptions">ovs_physical_impact_flag_ind</value>
                    </parameters>
                  </customControl>
                  <customControl formFactor="2" name="MscrmControls.FieldControls.ToggleControl">
                    <parameters>
                      <value type="TwoOptions">ovs_physical_impact_flag_ind</value>
                    </parameters>
                  </customControl>
                  <customControl formFactor="1" name="MscrmControls.FieldControls.ToggleControl">
                    <parameters>
                      <value type="TwoOptions">ovs_physical_impact_flag_ind</value>
                    </parameters>
                  </customControl>
                </controlDescription>
                <controlDescription forControl="{365d5ce4-8760-4331-ade7-8334d5150f00}">
                  <customControl id="{67FAC785-CD58-4F9F-ABB3-4B7DDC6ED5ED}">
                    <parameters>
                      <datafieldname>ovs_evacuation_due_incident_ind</datafieldname>
                    </parameters>
                  </customControl>
                  <customControl formFactor="0" name="MscrmControls.FieldControls.ToggleControl">
                    <parameters>
                      <value type="TwoOptions">ovs_evacuation_due_incident_ind</value>
                    </parameters>
                  </customControl>
                  <customControl formFactor="2" name="MscrmControls.FieldControls.ToggleControl">
                    <parameters>
                      <value type="TwoOptions">ovs_evacuation_due_incident_ind</value>
                    </parameters>
                  </customControl>
                  <customControl formFactor="1" name="MscrmControls.FieldControls.ToggleControl">
                    <parameters>
                      <value type="TwoOptions">ovs_evacuation_due_incident_ind</value>
                    </parameters>
                  </customControl>
                </controlDescription>
              </controlDescriptions>
              <formLibraries>
                <Library name="qm_globalHelper.js" libraryUniqueId="{b04ff06c-cd57-43ca-83ca-3b771baa3712}" />
                <Library name="ovs_Incident_MainForm.js" libraryUniqueId="{4b244b24-9b26-44ba-8e7c-baf0b91e0a0d}" />
              </formLibraries>
              <events>
                <event name="onload" application="false" active="false">
                  <Handlers>
                    <Handler functionName="TDG_Incident_MainForm.OnLoad" libraryName="ovs_Incident_MainForm.js" handlerUniqueId="{3a7bc01c-5350-48e9-9626-30de1ffc39f8}" enabled="true" parameters="" passExecutionContext="true" />
                  </Handlers>
                </event>
              </events>
              <DisplayConditions Order="0" FallbackForm="true">
                <Everyone />
              </DisplayConditions>
            </form>
            <IsCustomizable>1</IsCustomizable>
            <CanBeDeleted>1</CanBeDeleted>
            <LocalizedNames>
              <LocalizedName description="Information" languagecode="1033" />
            </LocalizedNames>
            <Descriptions>
              <Description description="A form for this entity." languagecode="1033" />
            </Descriptions>
          </systemform>
        </forms>
      </FormXml>
      <RibbonDiffXml>
        <CustomActions />
        <Templates>
          <RibbonTemplates Id="Mscrm.Templates"></RibbonTemplates>
        </Templates>
        <CommandDefinitions />
        <RuleDefinitions>
          <TabDisplayRules />
          <DisplayRules />
          <EnableRules />
        </RuleDefinitions>
        <LocLabels />
      </RibbonDiffXml>
    </Entity>
  </Entities>
  <Roles></Roles>
  <Workflows></Workflows>
  <FieldSecurityProfiles></FieldSecurityProfiles>
  <Templates />
  <EntityMaps />
  <EntityRelationships />
  <OrganizationSettings />
  <optionsets>
    <optionset Name="ovs_evacuationprofile" localizedName="Evacuation Profile">
      <OptionSetType>picklist</OptionSetType>
      <IsGlobal>1</IsGlobal>
      <IntroducedVersion>1.0.0.0</IntroducedVersion>
      <IsCustomizable>1</IsCustomizable>
      <ExternalTypeName></ExternalTypeName>
      <displaynames>
        <displayname description="Evacuation Profile" languagecode="1033" />
        <displayname description="Profil de l’évacuation" languagecode="1036" />
      </displaynames>
      <Descriptions>
        <Description description="" languagecode="1033" />
      </Descriptions>
      <options>
        <option value="1" ExternalValue="">
          <labels>
            <label description="Employee(s)" languagecode="1033" />
            <label description="Employés" languagecode="1036" />
          </labels>
          <Descriptions>
            <Description description="" languagecode="1033" />
          </Descriptions>
        </option>
        <option value="2" ExternalValue="">
          <labels>
            <label description="Emergency Response Personnel" languagecode="1033" />
            <label description="PERSONNEL D'INTERVENTION D'URGENCE" languagecode="1036" />
          </labels>
          <Descriptions>
            <Description description="" languagecode="1033" />
          </Descriptions>
        </option>
        <option value="3" ExternalValue="">
          <labels>
            <label description="Resident(s)/Other(s)" languagecode="1033" />
            <label description="Résidents / autres" languagecode="1036" />
          </labels>
          <Descriptions>
            <Description description="" languagecode="1033" />
          </Descriptions>
        </option>
        <option value="4" ExternalValue="">
          <labels>
            <label description="Not Specified/Unknown" languagecode="1033" />
            <label description="Non spécifié / inconnu" languagecode="1036" />
          </labels>
          <Descriptions>
            <Description description="" languagecode="1033" />
          </Descriptions>
        </option>
      </options>
    </optionset>
    <optionset Name="ovs_impact" localizedName="Impact">
      <OptionSetType>picklist</OptionSetType>
      <IsGlobal>1</IsGlobal>
      <IntroducedVersion>1.0.0.0</IntroducedVersion>
      <IsCustomizable>1</IsCustomizable>
      <ExternalTypeName></ExternalTypeName>
      <displaynames>
        <displayname description="Impact" languagecode="1033" />
      </displaynames>
      <Descriptions>
        <Description description="" languagecode="1033" />
      </Descriptions>
      <options>
        <option value="1" ExternalValue="">
          <labels>
            <label description="Death" languagecode="1033" />
          </labels>
          <Descriptions>
            <Description description="" languagecode="1033" />
          </Descriptions>
        </option>
        <option value="2" ExternalValue="">
          <labels>
            <label description="Injury" languagecode="1033" />
          </labels>
          <Descriptions>
            <Description description="" languagecode="1033" />
          </Descriptions>
        </option>
        <option value="3" ExternalValue="">
          <labels>
            <label description="Serious Jeopardy" languagecode="1033" />
          </labels>
          <Descriptions>
            <Description description="" languagecode="1033" />
          </Descriptions>
        </option>
        <option value="4" ExternalValue="">
          <labels>
            <label description="Evacuation/Shelter In Place" languagecode="1033" />
          </labels>
          <Descriptions>
            <Description description="" languagecode="1033" />
          </Descriptions>
        </option>
        <option value="5" ExternalValue="">
          <labels>
            <label description="Closure" languagecode="1033" />
          </labels>
          <Descriptions>
            <Description description="" languagecode="1033" />
          </Descriptions>
        </option>
        <option value="6" ExternalValue="">
          <labels>
            <label description="Damage to MOC Integrity" languagecode="1033" />
          </labels>
          <Descriptions>
            <Description description="" languagecode="1033" />
          </Descriptions>
        </option>
        <option value="7" ExternalValue="">
          <labels>
            <label description="Centre of Stub Sill Crack" languagecode="1033" />
          </labels>
          <Descriptions>
            <Description description="" languagecode="1033" />
          </Descriptions>
        </option>
        <option value="8" ExternalValue="">
          <labels>
            <label description="Property/Environmental Damage" languagecode="1033" />
          </labels>
          <Descriptions>
            <Description description="" languagecode="1033" />
          </Descriptions>
        </option>
      </options>
    </optionset>
    <optionset Name="ovs_moccapacity" localizedName="MOC Capacity">
      <OptionSetType>picklist</OptionSetType>
      <IsGlobal>1</IsGlobal>
      <IntroducedVersion>1.0.0.0</IntroducedVersion>
      <IsCustomizable>1</IsCustomizable>
      <ExternalTypeName></ExternalTypeName>
      <displaynames>
        <displayname description="MOC Capacity" languagecode="1033" />
      </displaynames>
      <Descriptions>
        <Description description="" languagecode="1033" />
      </Descriptions>
      <options>
        <option value="1" ExternalValue="">
          <labels>
            <label description="Package - Small Container(Less than 450 litres/Kilograms)" languagecode="1033" />
            <label description="PAQUET - PETIT CONTENEUR (Moins de 450 LITRES/KILOGRAMMES)" languagecode="1036" />
          </labels>
          <Descriptions>
            <Description description="" languagecode="1033" />
          </Descriptions>
        </option>
        <option value="2" ExternalValue="">
          <labels>
            <label description="Bulk - Large Container(More than 450 litres/Kilograms)" languagecode="1033" />
            <label description="VRAC - GRAND RÉCIPIENT (plus que 450 LITRES/KILOGRAMMES)" languagecode="1036" />
          </labels>
          <Descriptions>
            <Description description="" languagecode="1033" />
          </Descriptions>
        </option>
        <option value="3" ExternalValue="">
          <labels>
            <label description="Freight Container(20 ft or 40 ft Long)" languagecode="1033" />
            <label description="CONTENEUR DE FRET (20 OU 40 PIEDS)" languagecode="1036" />
          </labels>
          <Descriptions>
            <Description description="" languagecode="1033" />
          </Descriptions>
        </option>
        <option value="4" ExternalValue="">
          <labels>
            <label description="Other Cargo" languagecode="1033" />
            <label description="AUTRE CARGO" languagecode="1036" />
          </labels>
          <Descriptions>
            <Description description="" languagecode="1033" />
          </Descriptions>
        </option>
        <option value="5" ExternalValue="">
          <labels>
            <label description="Unknown" languagecode="1033" />
            <label description="INCONNU" languagecode="1036" />
          </labels>
          <Descriptions>
            <Description description="" languagecode="1033" />
          </Descriptions>
        </option>
      </options>
    </optionset>
    <optionset Name="ovs_physicalimpact" localizedName="Physical Impact">
      <OptionSetType>picklist</OptionSetType>
      <IsGlobal>1</IsGlobal>
      <IntroducedVersion>1.0.0.0</IntroducedVersion>
      <IsCustomizable>1</IsCustomizable>
      <ExternalTypeName></ExternalTypeName>
      <displaynames>
        <displayname description="Physical Impact" languagecode="1033" />
        <displayname description="L+E128’impact physique" languagecode="1036" />
      </displaynames>
      <Descriptions>
        <Description description="" languagecode="1033" />
      </Descriptions>
      <options>
        <option value="1" ExternalValue="">
          <labels>
            <label description="Collision" languagecode="1033" />
            <label description="COLLISION" languagecode="1036" />
          </labels>
          <Descriptions>
            <Description description="" languagecode="1033" />
          </Descriptions>
        </option>
        <option value="2" ExternalValue="">
          <labels>
            <label description="Overturn" languagecode="1033" />
            <label description="RENVERSER" languagecode="1036" />
          </labels>
          <Descriptions>
            <Description description="" languagecode="1033" />
          </Descriptions>
        </option>
        <option value="3" ExternalValue="">
          <labels>
            <label description="Derailment" languagecode="1033" />
            <label description="DÉRAILLEMENT" languagecode="1036" />
          </labels>
          <Descriptions>
            <Description description="" languagecode="1033" />
          </Descriptions>
        </option>
        <option value="4" ExternalValue="">
          <labels>
            <label description="Ran Off Road" languagecode="1033" />
            <label description="HORS ROUTE" languagecode="1036" />
          </labels>
          <Descriptions>
            <Description description="" languagecode="1033" />
          </Descriptions>
        </option>
        <option value="5" ExternalValue="">
          <labels>
            <label description="Loadshift" languagecode="1033" />
            <label description="DÉCALAGE DE CHARGE" languagecode="1036" />
          </labels>
          <Descriptions>
            <Description description="" languagecode="1033" />
          </Descriptions>
        </option>
        <option value="6" ExternalValue="">
          <labels>
            <label description="Jacknifed" languagecode="1033" />
            <label description="MIS EN PORTEFEUILLE" languagecode="1036" />
          </labels>
          <Descriptions>
            <Description description="" languagecode="1033" />
          </Descriptions>
        </option>
        <option value="7" ExternalValue="">
          <labels>
            <label description="Dropped" languagecode="1033" />
            <label description="CHUTÉ" languagecode="1036" />
          </labels>
          <Descriptions>
            <Description description="" languagecode="1033" />
          </Descriptions>
        </option>
        <option value="8" ExternalValue="">
          <labels>
            <label description="Struck" languagecode="1033" />
            <label description="FRAPPÉ" languagecode="1036" />
          </labels>
          <Descriptions>
            <Description description="" languagecode="1033" />
          </Descriptions>
        </option>
        <option value="9" ExternalValue="">
          <labels>
            <label description="Other" languagecode="1033" />
            <label description="AUTRE" languagecode="1036" />
          </labels>
          <Descriptions>
            <Description description="" languagecode="1033" />
          </Descriptions>
        </option>
      </options>
    </optionset>
  </optionsets>
  <WebResources>
    <WebResource>
      <WebResourceId>{6f4062c4-e11d-ef11-840a-000d3a0c4626}</WebResourceId>
      <Name>ovs_Incident_MainForm.js</Name>
      <DisplayName>DGAIS Incident MainForm.js</DisplayName>
      <LanguageCode>0</LanguageCode>
      <WebResourceType>3</WebResourceType>
      <IntroducedVersion>1.0.0.0</IntroducedVersion>
      <IsEnabledForMobileClient>0</IsEnabledForMobileClient>
      <IsAvailableForMobileOffline>0</IsAvailableForMobileOffline>
      <IsCustomizable>1</IsCustomizable>
      <CanBeDeleted>1</CanBeDeleted>
      <IsHidden>0</IsHidden>
      <FileName>/WebResources/ovs_Incident_MainFormjs6F4062C4-E11D-EF11-840A-000D3A0C4626</FileName>
    </WebResource>
    <WebResource>
      <WebResourceId>{35f57f85-612b-eb11-a813-000d3af3a7a7}</WebResourceId>
      <Name>qm_globalHelper.js</Name>
      <DisplayName>Global Helper</DisplayName>
      <LanguageCode>0</LanguageCode>
      <WebResourceType>3</WebResourceType>
      <IntroducedVersion>1.0.0.0</IntroducedVersion>
      <IsEnabledForMobileClient>0</IsEnabledForMobileClient>
      <IsAvailableForMobileOffline>0</IsAvailableForMobileOffline>
      <DependencyXml>&lt;Dependencies&gt;&lt;Dependency componentType="WebResource"/&gt;&lt;/Dependencies&gt;</DependencyXml>
      <IsCustomizable>1</IsCustomizable>
      <CanBeDeleted>1</CanBeDeleted>
      <IsHidden>0</IsHidden>
      <FileName>/WebResources/qm_globalHelperjs35F57F85-612B-EB11-A813-000D3AF3A7A7</FileName>
    </WebResource>
  </WebResources>
  <CustomControls />
  <EntityDataProviders />
  <Languages>
    <Language>1033</Language>
    <Language>1036</Language>
  </Languages>
</ImportExportXml>