<ImportExportXml version="9.2.23015.172" SolutionPackageVersion="9.2" languagecode="1033" generatedBy="CrmLive" xmlns:xsi="http://www.w3.org/2001/XMLSchema-instance">
  <SolutionManifest>
    <UniqueName>TC_GlobalCore_Patch_1c1e3d87</UniqueName>
    <LocalizedNames>
      <LocalizedName description="TDG Core Schema" languagecode="1033" />
      <LocalizedName description="TDG Core Schema" languagecode="1036" />
    </LocalizedNames>
    <Descriptions>
      <Description description="Patch for TDG Core Schema" languagecode="1033" />
      <Description description="Patch for TDG Core Schema" languagecode="1036" />
    </Descriptions>
    <ParentUniqueName>TC_GlobalCore</ParentUniqueName>
    <Version>1.145.28.0</Version>
    <Managed>1</Managed>
    <Publisher>
      <UniqueName>oversightpublisher</UniqueName>
      <LocalizedNames>
        <LocalizedName description="Oversight" languagecode="1033" />
      </LocalizedNames>
      <Descriptions>
        <Description description="This is the common solution for AvSec Inspection and TDG Inspection." languagecode="1033" />
      </Descriptions>
      <EMailAddress xsi:nil="true"></EMailAddress>
      <SupportingWebsiteUrl xsi:nil="true"></SupportingWebsiteUrl>
      <CustomizationPrefix>ovs</CustomizationPrefix>
      <CustomizationOptionValuePrefix>91864</CustomizationOptionValuePrefix>
      <Addresses>
        <Address>
          <AddressNumber>1</AddressNumber>
          <AddressTypeCode>1</AddressTypeCode>
          <City xsi:nil="true"></City>
          <County xsi:nil="true"></County>
          <Country xsi:nil="true"></Country>
          <Fax xsi:nil="true"></Fax>
          <FreightTermsCode xsi:nil="true"></FreightTermsCode>
          <ImportSequenceNumber xsi:nil="true"></ImportSequenceNumber>
          <Latitude xsi:nil="true"></Latitude>
          <Line1 xsi:nil="true"></Line1>
          <Line2 xsi:nil="true"></Line2>
          <Line3 xsi:nil="true"></Line3>
          <Longitude xsi:nil="true"></Longitude>
          <Name xsi:nil="true"></Name>
          <PostalCode xsi:nil="true"></PostalCode>
          <PostOfficeBox xsi:nil="true"></PostOfficeBox>
          <PrimaryContactName xsi:nil="true"></PrimaryContactName>
          <ShippingMethodCode>1</ShippingMethodCode>
          <StateOrProvince xsi:nil="true"></StateOrProvince>
          <Telephone1 xsi:nil="true"></Telephone1>
          <Telephone2 xsi:nil="true"></Telephone2>
          <Telephone3 xsi:nil="true"></Telephone3>
          <TimeZoneRuleVersionNumber xsi:nil="true"></TimeZoneRuleVersionNumber>
          <UPSZone xsi:nil="true"></UPSZone>
          <UTCOffset xsi:nil="true"></UTCOffset>
          <UTCConversionTimeZoneCode xsi:nil="true"></UTCConversionTimeZoneCode>
        </Address>
        <Address>
          <AddressNumber>2</AddressNumber>
          <AddressTypeCode>1</AddressTypeCode>
          <City xsi:nil="true"></City>
          <County xsi:nil="true"></County>
          <Country xsi:nil="true"></Country>
          <Fax xsi:nil="true"></Fax>
          <FreightTermsCode xsi:nil="true"></FreightTermsCode>
          <ImportSequenceNumber xsi:nil="true"></ImportSequenceNumber>
          <Latitude xsi:nil="true"></Latitude>
          <Line1 xsi:nil="true"></Line1>
          <Line2 xsi:nil="true"></Line2>
          <Line3 xsi:nil="true"></Line3>
          <Longitude xsi:nil="true"></Longitude>
          <Name xsi:nil="true"></Name>
          <PostalCode xsi:nil="true"></PostalCode>
          <PostOfficeBox xsi:nil="true"></PostOfficeBox>
          <PrimaryContactName xsi:nil="true"></PrimaryContactName>
          <ShippingMethodCode>1</ShippingMethodCode>
          <StateOrProvince xsi:nil="true"></StateOrProvince>
          <Telephone1 xsi:nil="true"></Telephone1>
          <Telephone2 xsi:nil="true"></Telephone2>
          <Telephone3 xsi:nil="true"></Telephone3>
          <TimeZoneRuleVersionNumber xsi:nil="true"></TimeZoneRuleVersionNumber>
          <UPSZone xsi:nil="true"></UPSZone>
          <UTCOffset xsi:nil="true"></UTCOffset>
          <UTCConversionTimeZoneCode xsi:nil="true"></UTCConversionTimeZoneCode>
        </Address>
      </Addresses>
    </Publisher>
    <RootComponents>
      <RootComponent type="1" schemaName="account" behavior="2" />
      <RootComponent type="1" schemaName="connection" behavior="2" />
      <RootComponent type="1" schemaName="contact" behavior="2" />
      <RootComponent type="61" schemaName="fdr_SR_Main.js" behavior="0" />
    </RootComponents>
    <MissingDependencies>
      <MissingDependency>
        <Required type="1" schemaName="entitlement" displayName="Entitlement" solution="msdynce_Service (9.0.5.56)">
          <package>msdynce_ServiceAnchor (9.0.23014.1023)</package>
        </Required>
        <Dependent type="60" displayName="FDR Contact" parentDisplayName="Contact" id="{0b065527-1f35-ed11-9db1-0022483cb62f}" />
      </MissingDependency>
      <MissingDependency>
        <Required type="1" schemaName="incident" displayName="Case" solution="msdynce_Service (9.0.5.56)">
          <package>msdynce_ServiceAnchor (9.0.23014.1023)</package>
        </Required>
        <Dependent type="60" displayName="FDR Contact" parentDisplayName="Contact" id="{0b065527-1f35-ed11-9db1-0022483cb62f}" />
      </MissingDependency>
      <MissingDependency>
        <Required type="1" schemaName="opportunity" displayName="Opportunity" solution="msdynce_Sales (9.0.4.0076)">
          <package>msdynce_SalesAnchor (9.0.23014.10001)</package>
        </Required>
        <Dependent type="60" displayName="FDR Contact" parentDisplayName="Contact" id="{0b065527-1f35-ed11-9db1-0022483cb62f}" />
      </MissingDependency>
      <MissingDependency>
        <Required type="2" schemaName="cid_crabusinessnumber" displayName="CRA Business Number" parentSchemaName="account" parentDisplayName="Account" solution="Active" />
        <Dependent type="26" schemaName="Vue Recherche de comptes" displayName="Vue Recherche de comptes" parentSchemaName="account" parentDisplayName="Account" id="{a9af0ab8-861d-4cfa-92a5-c6281fed7fab}" />
      </MissingDependency>
      <MissingDependency>
        <Required type="2" schemaName="ovs_legalname" displayName="Legal Name" parentSchemaName="account" parentDisplayName="Account" solution="Active" />
        <Dependent type="26" schemaName="Vue Recherche de comptes" displayName="Vue Recherche de comptes" parentSchemaName="account" parentDisplayName="Account" id="{a9af0ab8-861d-4cfa-92a5-c6281fed7fab}" />
      </MissingDependency>
      <MissingDependency>
        <Required type="2" schemaName="businesscard" displayName="Business Card" parentSchemaName="contact" parentDisplayName="Contact" solution="msdynce_SalesPatch201904 (9.0.1912.1007)">
          <package>msdynce_SalesAnchor (9.0.23014.10001)</package>
        </Required>
        <Dependent type="60" displayName="FDR Contact" parentDisplayName="Contact" id="{0b065527-1f35-ed11-9db1-0022483cb62f}" />
      </MissingDependency>
      <MissingDependency>
        <Required type="2" schemaName="businesscardattributes" displayName="BusinessCardAttributes" parentSchemaName="contact" parentDisplayName="Contact" solution="msdynce_SalesPatch201904 (9.0.1912.1007)">
          <package>msdynce_SalesAnchor (9.0.23014.10001)</package>
        </Required>
        <Dependent type="60" displayName="FDR Contact" parentDisplayName="Contact" id="{0b065527-1f35-ed11-9db1-0022483cb62f}" />
      </MissingDependency>
      <MissingDependency>
        <Required type="2" schemaName="originatingleadid" displayName="Originating Lead" parentSchemaName="contact" parentDisplayName="Contact" solution="msdynce_LeadManagement (9.0.4.0066)">
          <package>msdynce_LeadManagementAnchor (9.0.23014.10001)</package>
        </Required>
        <Dependent type="60" displayName="FDR Contact" parentDisplayName="Contact" id="{0b065527-1f35-ed11-9db1-0022483cb62f}" />
      </MissingDependency>
      <MissingDependency>
        <Required type="20" displayName="ES Manager" solution="Active" id="{278a7197-d1c0-ec11-983e-0022483db1c0}" />
        <Dependent type="60" displayName="FDR Contact" parentDisplayName="Contact" id="{0b065527-1f35-ed11-9db1-0022483cb62f}" />
      </MissingDependency>
      <MissingDependency>
        <Required type="20" displayName="ES User" solution="Active" id="{51cb2f5b-c7ae-ec11-983e-000d3a84adbc}" />
        <Dependent type="60" displayName="FDR Contact" parentDisplayName="Contact" id="{0b065527-1f35-ed11-9db1-0022483cb62f}" />
      </MissingDependency>
      <MissingDependency>
        <Required type="26" schemaName="Mes incidents actifs" displayName="Mes incidents actifs" parentSchemaName="incident" parentDisplayName="Case" solution="msdynce_Service (9.0.5.56)" id="{00000000-0000-0000-00aa-000010001028}">
          <package>msdynce_ServiceAnchor (9.0.23014.1023)</package>
        </Required>
        <Dependent type="60" displayName="FDR Contact" parentDisplayName="Contact" id="{0b065527-1f35-ed11-9db1-0022483cb62f}" />
      </MissingDependency>
      <MissingDependency>
        <Required type="26" schemaName="Mes opportunités ouvertes" displayName="Mes opportunités ouvertes" parentSchemaName="opportunity" parentDisplayName="Opportunity" solution="msdynce_Sales (9.0.4.0076)" id="{00000000-0000-0000-00aa-000010003000}">
          <package>msdynce_SalesAnchor (9.0.23014.10001)</package>
        </Required>
        <Dependent type="60" displayName="FDR Contact" parentDisplayName="Contact" id="{0b065527-1f35-ed11-9db1-0022483cb62f}" />
      </MissingDependency>
      <MissingDependency>
        <Required type="26" schemaName="Opportunités récentes" displayName="Opportunités récentes" parentSchemaName="opportunity" parentDisplayName="Opportunity" solution="msdynce_Sales (9.0.4.0076)" id="{9c3f7ee8-eca7-e211-9fb6-00155dd0ea05}">
          <package>msdynce_SalesAnchor (9.0.23014.10001)</package>
        </Required>
        <Dependent type="60" displayName="FDR Contact" parentDisplayName="Contact" id="{0b065527-1f35-ed11-9db1-0022483cb62f}" />
      </MissingDependency>
      <MissingDependency>
        <Required type="26" schemaName="Tous les droits" displayName="Tous les droits" parentSchemaName="entitlement" parentDisplayName="Entitlement" solution="msdynce_Service (9.0.5.56)" id="{aa69e7e2-913a-4a5a-8609-8ca443554909}">
          <package>msdynce_ServiceAnchor (9.0.23014.1023)</package>
        </Required>
        <Dependent type="60" displayName="FDR Contact" parentDisplayName="Contact" id="{0b065527-1f35-ed11-9db1-0022483cb62f}" />
      </MissingDependency>
      <MissingDependency>
        <Required type="26" schemaName="Incidents récents" displayName="Incidents récents" parentSchemaName="incident" parentDisplayName="Case" solution="msdynce_Service (9.0.5.56)" id="{ebd1d24a-eea7-e211-9fb6-00155dd0ea05}">
          <package>msdynce_ServiceAnchor (9.0.23014.1023)</package>
        </Required>
        <Dependent type="60" displayName="FDR Contact" parentDisplayName="Contact" id="{0b065527-1f35-ed11-9db1-0022483cb62f}" />
      </MissingDependency>
      <MissingDependency>
        <Required type="59" schemaName="Meilleurs clients" displayName="Meilleurs clients" parentSchemaName="opportunity" parentDisplayName="Opportunity" solution="msdynce_Sales (9.0.4.0076)" id="{8bc5fb18-48f2-4782-9e16-3d452fa4ddce}">
          <package>msdynce_SalesAnchor (9.0.23014.10001)</package>
        </Required>
        <Dependent type="60" displayName="FDR Contact" parentDisplayName="Contact" id="{0b065527-1f35-ed11-9db1-0022483cb62f}" />
      </MissingDependency>
      <MissingDependency>
        <Required type="59" schemaName="Combinaison d’incidents (par division)" displayName="Combinaison d’incidents (par division)" parentSchemaName="incident" parentDisplayName="Case" solution="msdynce_Service (9.0.5.56)" id="{f10375a6-4893-de11-97d4-00155da3b01e}">
          <package>msdynce_ServiceAnchor (9.0.23014.1023)</package>
        </Required>
        <Dependent type="60" displayName="FDR Contact" parentDisplayName="Contact" id="{0b065527-1f35-ed11-9db1-0022483cb62f}" />
      </MissingDependency>
      <MissingDependency>
        <Required type="59" schemaName="Expiration des droits" displayName="Expiration des droits" parentSchemaName="entitlement" parentDisplayName="Entitlement" solution="msdynce_Service (9.0.5.56)" id="{fdb919bb-c6fc-4fc8-8fa5-67ace68e41d1}">
          <package>msdynce_ServiceAnchor (9.0.23014.1023)</package>
        </Required>
        <Dependent type="60" displayName="FDR Contact" parentDisplayName="Contact" id="{0b065527-1f35-ed11-9db1-0022483cb62f}" />
      </MissingDependency>
      <MissingDependency>
        <Required type="60" displayName="carte de contact de compte" parentDisplayName="Contact" solution="msdynce_AppCommon (9.0.4.0066)" id="{29de27bc-a257-4f29-99cf-bab4a84e688f}">
          <package>msdynce_AppCommonAnchor (9.0.23014.10002)</package>
        </Required>
        <Dependent type="60" displayName="FDR Contact" parentDisplayName="Contact" id="{0b065527-1f35-ed11-9db1-0022483cb62f}" />
      </MissingDependency>
      <MissingDependency>
        <Required type="61" schemaName="msdyn_/Contact/Contact.Library.js" displayName="msdyn_/Contact/Contact.Library.js" solution="FieldService (8.8.0.88)">
          <package>FieldService_Anchor (8.8.82.35)</package>
        </Required>
        <Dependent type="60" displayName="FDR Contact" parentDisplayName="Contact" id="{0b065527-1f35-ed11-9db1-0022483cb62f}" />
      </MissingDependency>
      <MissingDependency>
        <Required type="61" schemaName="msdyn_talkingpointsloader.js" displayName="msdyn_talkingpointsloader.js" solution="msdynce_Talkingpoints (9.0.1.701894)">
          <package>msdynce_SalesInsightsAnchor (9.0.23014.10002)</package>
        </Required>
        <Dependent type="60" displayName="FDR Contact" parentDisplayName="Contact" id="{0b065527-1f35-ed11-9db1-0022483cb62f}" />
      </MissingDependency>
      <MissingDependency>
        <Required type="66" schemaName="Intelligence.BusinessCardReaderControl.BusinessCardReader" displayName="Intelligence.BusinessCardReaderControl.BusinessCardReader" solution="BaseCustomControlsCore (9.0.2301.5009)" />
        <Dependent type="60" displayName="FDR Contact" parentDisplayName="Contact" id="{0b065527-1f35-ed11-9db1-0022483cb62f}" />
      </MissingDependency>
      <MissingDependency>
        <Required type="66" schemaName="Microsoft.AddressInputUCI" displayName="Microsoft.AddressInputUCI" solution="BaseCustomControlsCore (9.0.2301.5009)" />
        <Dependent type="60" displayName="FDR Contact" parentDisplayName="Contact" id="{0b065527-1f35-ed11-9db1-0022483cb62f}" />
      </MissingDependency>
      <MissingDependency>
        <Required type="66" schemaName="MscrmControls.CardFeedContainer.CardFeedContainer" displayName="MscrmControls.CardFeedContainer.CardFeedContainer" solution="BaseCustomControlsCore (9.0.2301.5009)" />
        <Dependent type="60" displayName="FDR Contact" parentDisplayName="Contact" id="{0b065527-1f35-ed11-9db1-0022483cb62f}" />
      </MissingDependency>
      <MissingDependency>
        <Required type="66" schemaName="MscrmControls.TalkingPointsControl.TalkingPoints" displayName="MscrmControls.TalkingPointsControl.TalkingPoints" solution="msdynce_Talkingpoints (9.0.1.701894)">
          <package>msdynce_SalesInsightsAnchor (9.0.23014.10002)</package>
        </Required>
        <Dependent type="60" displayName="FDR Contact" parentDisplayName="Contact" id="{0b065527-1f35-ed11-9db1-0022483cb62f}" />
      </MissingDependency>
    </MissingDependencies>
  </SolutionManifest>
</ImportExportXml>