<ImportExportXml version="9.2.20123.133" SolutionPackageVersion="9.2" languagecode="1033" generatedBy="CrmLive" xmlns:xsi="http://www.w3.org/2001/XMLSchema-instance">
  <SolutionManifest>
    <UniqueName>TC_GlobalCore_Patch_ddd57213</UniqueName>
    <LocalizedNames>
      <LocalizedName description="TC.GlobalCore" languagecode="1033" />
    </LocalizedNames>
    <Descriptions>
      <Description description="Patch for TC.GlobalCore" languagecode="1033" />
    </Descriptions>
    <ParentUniqueName>TC_GlobalCore</ParentUniqueName>
    <Version>4.2.1.0</Version>
    <Managed>1</Managed>
    <Publisher>
      <UniqueName>oversightpublisher</UniqueName>
      <LocalizedNames>
        <LocalizedName description="Oversight" languagecode="1033" />
      </LocalizedNames>
      <Descriptions>
        <Description description="This is the common solution for AvSec Inspection and TDG Inspection." languagecode="1033" />
      </Descriptions>
      <EMailAddress xsi:nil="true"></EMailAddress>
      <SupportingWebsiteUrl xsi:nil="true"></SupportingWebsiteUrl>
      <CustomizationPrefix>ovs</CustomizationPrefix>
      <CustomizationOptionValuePrefix>91864</CustomizationOptionValuePrefix>
      <Addresses>
        <Address>
          <AddressNumber>1</AddressNumber>
          <AddressTypeCode>1</AddressTypeCode>
          <City xsi:nil="true"></City>
          <County xsi:nil="true"></County>
          <Country xsi:nil="true"></Country>
          <Fax xsi:nil="true"></Fax>
          <FreightTermsCode xsi:nil="true"></FreightTermsCode>
          <ImportSequenceNumber xsi:nil="true"></ImportSequenceNumber>
          <Latitude xsi:nil="true"></Latitude>
          <Line1 xsi:nil="true"></Line1>
          <Line2 xsi:nil="true"></Line2>
          <Line3 xsi:nil="true"></Line3>
          <Longitude xsi:nil="true"></Longitude>
          <Name xsi:nil="true"></Name>
          <PostalCode xsi:nil="true"></PostalCode>
          <PostOfficeBox xsi:nil="true"></PostOfficeBox>
          <PrimaryContactName xsi:nil="true"></PrimaryContactName>
          <ShippingMethodCode>1</ShippingMethodCode>
          <StateOrProvince xsi:nil="true"></StateOrProvince>
          <Telephone1 xsi:nil="true"></Telephone1>
          <Telephone2 xsi:nil="true"></Telephone2>
          <Telephone3 xsi:nil="true"></Telephone3>
          <TimeZoneRuleVersionNumber xsi:nil="true"></TimeZoneRuleVersionNumber>
          <UPSZone xsi:nil="true"></UPSZone>
          <UTCOffset xsi:nil="true"></UTCOffset>
          <UTCConversionTimeZoneCode xsi:nil="true"></UTCConversionTimeZoneCode>
        </Address>
        <Address>
          <AddressNumber>2</AddressNumber>
          <AddressTypeCode>1</AddressTypeCode>
          <City xsi:nil="true"></City>
          <County xsi:nil="true"></County>
          <Country xsi:nil="true"></Country>
          <Fax xsi:nil="true"></Fax>
          <FreightTermsCode xsi:nil="true"></FreightTermsCode>
          <ImportSequenceNumber xsi:nil="true"></ImportSequenceNumber>
          <Latitude xsi:nil="true"></Latitude>
          <Line1 xsi:nil="true"></Line1>
          <Line2 xsi:nil="true"></Line2>
          <Line3 xsi:nil="true"></Line3>
          <Longitude xsi:nil="true"></Longitude>
          <Name xsi:nil="true"></Name>
          <PostalCode xsi:nil="true"></PostalCode>
          <PostOfficeBox xsi:nil="true"></PostOfficeBox>
          <PrimaryContactName xsi:nil="true"></PrimaryContactName>
          <ShippingMethodCode>1</ShippingMethodCode>
          <StateOrProvince xsi:nil="true"></StateOrProvince>
          <Telephone1 xsi:nil="true"></Telephone1>
          <Telephone2 xsi:nil="true"></Telephone2>
          <Telephone3 xsi:nil="true"></Telephone3>
          <TimeZoneRuleVersionNumber xsi:nil="true"></TimeZoneRuleVersionNumber>
          <UPSZone xsi:nil="true"></UPSZone>
          <UTCOffset xsi:nil="true"></UTCOffset>
          <UTCConversionTimeZoneCode xsi:nil="true"></UTCConversionTimeZoneCode>
        </Address>
      </Addresses>
    </Publisher>
    <RootComponents>
      <RootComponent type="1" schemaName="msdyn_workorder" behavior="1" />
      <RootComponent type="1" schemaName="ovs_cancellationrequest" behavior="2" />
      <RootComponent type="29" id="{a34c876e-7b5a-eb11-a812-000d3a84db40}" behavior="0" />
      <RootComponent type="60" id="{a8b035b7-1257-4b58-aedc-f89df115fdc8}" />
      <RootComponent type="61" schemaName="qm_app.css" behavior="0" />
      <RootComponent type="61" schemaName="qm_app.js" behavior="0" />
      <RootComponent type="61" schemaName="qm_builder.html" behavior="0" />
      <RootComponent type="61" schemaName="qm_chunk-vendors.css" behavior="0" />
      <RootComponent type="61" schemaName="qm_chunk-vendors.js" behavior="0" />
      <RootComponent type="61" schemaName="qm_favicon.ico" behavior="0" />
      <RootComponent type="61" schemaName="qm_render.html" behavior="0" />
    </RootComponents>
    <MissingDependencies>
      <MissingDependency>
        <Required key="0" type="1" schemaName="bookableresource" displayName="Bookable Resource" solution="msdynce_Scheduling (9.0.0.0)" />
        <Dependent key="1" type="26" schemaName="My Work Orders (TSIS)" displayName="My Work Orders (TSIS)" parentSchemaName="msdyn_workorder" parentDisplayName="Work Order" id="{ffe40a64-495b-eb11-a812-000d3a84db40}" />
      </MissingDependency>
      <MissingDependency>
        <Required key="2" type="2" schemaName="msdyn_name" displayName="Work Order Number" parentSchemaName="msdyn_workorder" parentDisplayName="Work Order" solution="FieldService (8.8.0.88)" />
        <Dependent key="1" type="26" schemaName="My Work Orders (TSIS)" displayName="My Work Orders (TSIS)" parentSchemaName="msdyn_workorder" parentDisplayName="Work Order" id="{ffe40a64-495b-eb11-a812-000d3a84db40}" />
      </MissingDependency>
      <MissingDependency>
        <Required key="3" type="2" schemaName="ovs_rational" displayName="Rational" parentSchemaName="msdyn_workorder" parentDisplayName="Work Order" solution="Active" />
        <Dependent key="1" type="26" schemaName="My Work Orders (TSIS)" displayName="My Work Orders (TSIS)" parentSchemaName="msdyn_workorder" parentDisplayName="Work Order" id="{ffe40a64-495b-eb11-a812-000d3a84db40}" />
      </MissingDependency>
      <MissingDependency>
        <Required key="4" type="2" schemaName="bookableresourceid" displayName="Bookable Resource" parentSchemaName="bookableresource" parentDisplayName="Bookable Resource" solution="msdynce_Scheduling (9.0.0.0)" />
        <Dependent key="1" type="26" schemaName="My Work Orders (TSIS)" displayName="My Work Orders (TSIS)" parentSchemaName="msdyn_workorder" parentDisplayName="Work Order" id="{ffe40a64-495b-eb11-a812-000d3a84db40}" />
      </MissingDependency>
      <MissingDependency>
        <Required key="5" type="2" schemaName="ovs_primaryinspector" displayName="Primary Inspector" parentSchemaName="msdyn_workorder" parentDisplayName="Work Order" solution="Active" />
        <Dependent key="1" type="26" schemaName="My Work Orders (TSIS)" displayName="My Work Orders (TSIS)" parentSchemaName="msdyn_workorder" parentDisplayName="Work Order" id="{ffe40a64-495b-eb11-a812-000d3a84db40}" />
      </MissingDependency>
      <MissingDependency>
        <Required key="6" type="2" schemaName="statecode" displayName="Status" parentSchemaName="msdyn_workorder" parentDisplayName="Work Order" solution="FieldService (8.8.0.88)" />
        <Dependent key="1" type="26" schemaName="My Work Orders (TSIS)" displayName="My Work Orders (TSIS)" parentSchemaName="msdyn_workorder" parentDisplayName="Work Order" id="{ffe40a64-495b-eb11-a812-000d3a84db40}" />
      </MissingDependency>
      <MissingDependency>
        <Required key="7" type="2" schemaName="msdyn_primaryincidenttype" displayName="Primary Incident Type" parentSchemaName="msdyn_workorder" parentDisplayName="Work Order" solution="FieldService (8.8.0.88)" />
        <Dependent key="1" type="26" schemaName="My Work Orders (TSIS)" displayName="My Work Orders (TSIS)" parentSchemaName="msdyn_workorder" parentDisplayName="Work Order" id="{ffe40a64-495b-eb11-a812-000d3a84db40}" />
      </MissingDependency>
      <MissingDependency>
        <Required key="8" type="2" schemaName="msdyn_billingaccount" displayName="Regulated Entity" parentSchemaName="msdyn_workorder" parentDisplayName="Work Order" solution="FieldService (8.8.0.88)" />
        <Dependent key="1" type="26" schemaName="My Work Orders (TSIS)" displayName="My Work Orders (TSIS)" parentSchemaName="msdyn_workorder" parentDisplayName="Work Order" id="{ffe40a64-495b-eb11-a812-000d3a84db40}" />
      </MissingDependency>
      <MissingDependency>
        <Required key="9" type="2" schemaName="userid" displayName="User" parentSchemaName="bookableresource" parentDisplayName="Bookable Resource" solution="msdynce_Scheduling (9.0.0.0)" />
        <Dependent key="1" type="26" schemaName="My Work Orders (TSIS)" displayName="My Work Orders (TSIS)" parentSchemaName="msdyn_workorder" parentDisplayName="Work Order" id="{ffe40a64-495b-eb11-a812-000d3a84db40}" />
      </MissingDependency>
      <MissingDependency>
        <Required key="10" type="2" schemaName="msdyn_workorderid" displayName="WO Number" parentSchemaName="msdyn_workorder" parentDisplayName="Work Order" solution="FieldService (8.8.0.88)" />
        <Dependent key="1" type="26" schemaName="My Work Orders (TSIS)" displayName="My Work Orders (TSIS)" parentSchemaName="msdyn_workorder" parentDisplayName="Work Order" id="{ffe40a64-495b-eb11-a812-000d3a84db40}" />
      </MissingDependency>
      <MissingDependency>
        <Required key="11" type="2" schemaName="msdyn_serviceaccount" displayName="Site" parentSchemaName="msdyn_workorder" parentDisplayName="Work Order" solution="FieldService (8.8.0.88)" />
        <Dependent key="1" type="26" schemaName="My Work Orders (TSIS)" displayName="My Work Orders (TSIS)" parentSchemaName="msdyn_workorder" parentDisplayName="Work Order" id="{ffe40a64-495b-eb11-a812-000d3a84db40}" />
      </MissingDependency>
      <MissingDependency>
        <Required key="12" type="2" schemaName="msdyn_serviceterritory" displayName="Region" parentSchemaName="msdyn_workorder" parentDisplayName="Work Order" solution="FieldService (8.8.0.88)" />
        <Dependent key="1" type="26" schemaName="My Work Orders (TSIS)" displayName="My Work Orders (TSIS)" parentSchemaName="msdyn_workorder" parentDisplayName="Work Order" id="{ffe40a64-495b-eb11-a812-000d3a84db40}" />
      </MissingDependency>
      <MissingDependency>
        <Required key="13" type="1" schemaName="msdyn_workorder" displayName="Work Order" solution="FieldService (8.8.0.88)" />
        <Dependent key="13" type="1" schemaName="msdyn_workorder" displayName="Work Order" />
      </MissingDependency>
      <MissingDependency>
        <Required key="14" type="61" schemaName="msdyn_/Icons/Entity/WorkOrder_16.png" displayName="msdyn_/Icons/Entity/WorkOrder_16.png" solution="FieldService (8.8.0.88)" />
        <Dependent key="13" type="1" schemaName="msdyn_workorder" displayName="Work Order" />
      </MissingDependency>
      <MissingDependency>
        <Required key="15" type="61" schemaName="msdyn_/Icons/Entity/WorkOrder_32/_imgs/NavBar/Invisible.gif" displayName="msdyn_/Icons/Entity/WorkOrder_32/_imgs/NavBar/Invisible.gif" solution="FieldService (8.8.0.88)" />
        <Dependent key="13" type="1" schemaName="msdyn_workorder" displayName="Work Order" />
      </MissingDependency>
      <MissingDependency>
        <Required key="16" type="61" schemaName="msdyn_/Icons/SVG/WorkOrders.svg" displayName="msdyn_/Icons/SVG/WorkOrders.svg" solution="FieldService (8.8.0.88)" />
        <Dependent key="13" type="1" schemaName="msdyn_workorder" displayName="Work Order" />
      </MissingDependency>
      <MissingDependency>
        <Required key="17" type="1" schemaName="ovs_cancellationrequest" displayName="Cancellation Request" solution="Active" />
        <Dependent key="17" type="1" schemaName="ovs_cancellationrequest" displayName="Cancellation Request" />
      </MissingDependency>
      <MissingDependency>
        <Required key="8" type="2" schemaName="msdyn_billingaccount" displayName="Regulated Entity" parentSchemaName="msdyn_workorder" parentDisplayName="Work Order" solution="FieldService (8.8.0.88)" />
        <Dependent key="18" type="29" displayName="Clear Fields if Region does not Contain Data" id="{a34c876e-7b5a-eb11-a812-000d3a84db40}" />
      </MissingDependency>
      <MissingDependency>
        <Required key="11" type="2" schemaName="msdyn_serviceaccount" displayName="Site" parentSchemaName="msdyn_workorder" parentDisplayName="Work Order" solution="FieldService (8.8.0.88)" />
        <Dependent key="18" type="29" displayName="Clear Fields if Region does not Contain Data" id="{a34c876e-7b5a-eb11-a812-000d3a84db40}" />
      </MissingDependency>
      <MissingDependency>
        <Required key="2" type="2" schemaName="msdyn_name" displayName="Work Order Number" parentSchemaName="msdyn_workorder" parentDisplayName="Work Order" solution="FieldService (8.8.0.88)" />
        <Dependent key="18" type="29" displayName="Clear Fields if Region does not Contain Data" id="{a34c876e-7b5a-eb11-a812-000d3a84db40}" />
      </MissingDependency>
      <MissingDependency>
        <Required key="12" type="2" schemaName="msdyn_serviceterritory" displayName="Region" parentSchemaName="msdyn_workorder" parentDisplayName="Work Order" solution="FieldService (8.8.0.88)" />
        <Dependent key="18" type="29" displayName="Clear Fields if Region does not Contain Data" id="{a34c876e-7b5a-eb11-a812-000d3a84db40}" />
      </MissingDependency>
      <MissingDependency>
        <Required key="10" type="2" schemaName="msdyn_workorderid" displayName="WO Number" parentSchemaName="msdyn_workorder" parentDisplayName="Work Order" solution="FieldService (8.8.0.88)" />
        <Dependent key="18" type="29" displayName="Clear Fields if Region does not Contain Data" id="{a34c876e-7b5a-eb11-a812-000d3a84db40}" />
      </MissingDependency>
      <MissingDependency>
        <Required key="19" type="60" displayName="TSIS Oversight Activity" parentDisplayName="Work Order" solution="Active" id="{d8dc9595-c451-eb11-a812-000d3af3ac0d}" />
        <Dependent key="18" type="29" displayName="Clear Fields if Region does not Contain Data" id="{a34c876e-7b5a-eb11-a812-000d3a84db40}" />
      </MissingDependency>
      <MissingDependency>
        <Required key="20" type="2" schemaName="regardingobjectid" displayName="Regarding" parentSchemaName="ovs_cancellationrequest" parentDisplayName="Cancellation Request" solution="Active" />
        <Dependent key="21" type="60" displayName="Information" parentDisplayName="Cancellation Request" id="{a8b035b7-1257-4b58-aedc-f89df115fdc8}" />
      </MissingDependency>
      <MissingDependency>
        <Required key="22" type="2" schemaName="scheduledend" displayName="Due Date" parentSchemaName="ovs_cancellationrequest" parentDisplayName="Cancellation Request" solution="Active" />
        <Dependent key="21" type="60" displayName="Information" parentDisplayName="Cancellation Request" id="{a8b035b7-1257-4b58-aedc-f89df115fdc8}" />
      </MissingDependency>
      <MissingDependency>
        <Required key="23" type="2" schemaName="ovs_cancellationrequestreason" displayName="Reason" parentSchemaName="ovs_cancellationrequest" parentDisplayName="Cancellation Request" solution="Active" />
        <Dependent key="21" type="60" displayName="Information" parentDisplayName="Cancellation Request" id="{a8b035b7-1257-4b58-aedc-f89df115fdc8}" />
      </MissingDependency>
      <MissingDependency>
        <Required key="24" type="2" schemaName="ovs_cancellationrequuestcomments" displayName="Comments" parentSchemaName="ovs_cancellationrequest" parentDisplayName="Cancellation Request" solution="Active" />
        <Dependent key="21" type="60" displayName="Information" parentDisplayName="Cancellation Request" id="{a8b035b7-1257-4b58-aedc-f89df115fdc8}" />
      </MissingDependency>
      <MissingDependency>
        <Required key="25" type="2" schemaName="prioritycode" displayName="Priority" parentSchemaName="ovs_cancellationrequest" parentDisplayName="Cancellation Request" solution="Active" />
        <Dependent key="21" type="60" displayName="Information" parentDisplayName="Cancellation Request" id="{a8b035b7-1257-4b58-aedc-f89df115fdc8}" />
      </MissingDependency>
      <MissingDependency>
        <Required key="26" type="2" schemaName="subject" displayName="Subject" parentSchemaName="ovs_cancellationrequest" parentDisplayName="Cancellation Request" solution="Active" />
        <Dependent key="21" type="60" displayName="Information" parentDisplayName="Cancellation Request" id="{a8b035b7-1257-4b58-aedc-f89df115fdc8}" />
      </MissingDependency>
      <MissingDependency>
        <Required key="27" type="2" schemaName="ownerid" displayName="Owner" parentSchemaName="ovs_cancellationrequest" parentDisplayName="Cancellation Request" solution="Active" />
        <Dependent key="21" type="60" displayName="Information" parentDisplayName="Cancellation Request" id="{a8b035b7-1257-4b58-aedc-f89df115fdc8}" />
      </MissingDependency>
      <MissingDependency>
        <Required key="28" type="2" schemaName="statecode" displayName="Activity Status" parentSchemaName="ovs_cancellationrequest" parentDisplayName="Cancellation Request" solution="Active" />
        <Dependent key="21" type="60" displayName="Information" parentDisplayName="Cancellation Request" id="{a8b035b7-1257-4b58-aedc-f89df115fdc8}" />
      </MissingDependency>
    </MissingDependencies>
  </SolutionManifest>
</ImportExportXml>