<ImportExportXml xmlns:xsi="http://www.w3.org/2001/XMLSchema-instance">
  <Entities>
    <Entity>
      <Name LocalizedName="Operation UN Number" OriginalName="Operation UN Number">ovs_OperationUNNumber</Name>
      <EntityInfo>
        <entity Name="ovs_OperationUNNumber" unmodified="1">
          <attributes />
        </entity>
      </EntityInfo>
      <FormXml>
        <forms type="main">
          <systemform>
            <formid>{de3bbd9b-7078-ec11-8942-000d3a840e6b}</formid>
            <IntroducedVersion>1.0.0.0</IntroducedVersion>
            <FormPresentation>1</FormPresentation>
            <FormActivationState>1</FormActivationState>
            <form headerdensity="HighWithControls" shownavigationbar="true" showImage="false" maxWidth="1920">
              <tabs>
                <tab verticallayout="true" id="{68fa2ff0-b76d-44c7-9751-f58f181edbcb}" IsUserDefined="1" labelid="{0bdda191-7cf5-4b68-b958-ff668b7c0a61}">
                  <labels>
                    <label description="General" languagecode="1033" />
                  </labels>
                  <columns>
                    <column width="100%">
                      <sections>
                        <section showlabel="false" showbar="false" IsUserDefined="0" id="{4ea20f1f-176a-493e-a185-b3648628020f}" labelid="{38b45c60-5e30-4463-9959-216e91c2933c}" name="{4ea20f1f-176a-493e-a185-b3648628020f}" columns="11" locklevel="0" labelwidth="130" celllabelalignment="Left" celllabelposition="Left">
                          <labels>
                            <label description="General" languagecode="1033" />
                          </labels>
                          <rows>
                            <row>
                              <cell id="{63b13864-9773-e497-08e6-62e4587a1a74}" showlabel="false" colspan="1" auto="true" rowspan="2">
                                <labels>
                                  <label description="WebResource_unnumber" languagecode="1033" />
                                </labels>
                                <control id="WebResource_unnumber" classid="{9FDF5F91-88B1-47f4-AD53-C11EFC01A01D}">
                                  <parameters>
                                    <Url>cid_unnumber.htm</Url>
                                    <PassParameters>false</PassParameters>
                                    <ShowOnMobileClient>false</ShowOnMobileClient>
                                    <Security>false</Security>
                                    <Scrolling>no</Scrolling>
                                    <Border>false</Border>
                                    <WebResourceId>{7A5D8BBC-7BA0-EC11-B3FE-000D3A842BE7}</WebResourceId>
                                  </parameters>
                                </control>
                                <events>
                                  <event name="onload" application="false">
                                    <dependencies />
                                  </event>
                                </events>
                              </cell>
                              <cell id="{fbea8dbe-a06c-4aea-a973-040fe619f250}" showlabel="true" locklevel="0" visible="false" labelid="{8152e1b2-85df-4a96-82ba-ab1a181778dd}">
                                <labels>
                                  <label description="Name" languagecode="1033" />
                                  <label description="Name" languagecode="1036" />
                                </labels>
                                <control id="ovs_name" classid="{4273EDBD-AC1D-40d3-9FB2-095C621B552D}" datafieldname="ovs_name" uniqueid="{57b9a6bb-5747-aa6c-756e-71e08b822c5b}" disabled="false" />
                              </cell>
                            </row>
                            <row>
                              <cell id="{44f227d3-dd88-4353-9408-d14e8b15dd58}" visible="false" labelid="{bc68976e-8391-4147-907f-0345a7966355}">
                                <labels>
                                  <label description="Owner" languagecode="1033" />
                                  <label description="Propriétaire" languagecode="1036" />
                                </labels>
                                <control id="ownerid" classid="{270BD3DB-D9AF-4782-9025-509E298DEC0A}" datafieldname="ownerid" uniqueid="{d296b839-1e4e-9712-eb15-a4877d03add9}" />
                              </cell>
                            </row>
                            <row>
                              <cell id="{b24ada83-e489-91b1-96ee-33e379abcb2a}" showlabel="true" locklevel="0" labelid="{79d185a6-9639-47a1-8b23-636156e74434}">
                                <labels>
                                  <label description="UN Number" languagecode="1033" />
                                  <label description="Numéro UN" languagecode="1036" />
                                </labels>
                                <control id="ovs_unnumber" classid="{270BD3DB-D9AF-4782-9025-509E298DEC0A}" datafieldname="ovs_unnumber" disabled="false" uniqueid="{b7c43c93-a544-0b78-e54a-910122217e9e}">
                                  <parameters>
                                    <AutoResolve>true</AutoResolve>
                                    <DisableMru>false</DisableMru>
                                    <DisableQuickFind>false</DisableQuickFind>
                                    <DisableViewPicker>false</DisableViewPicker>
                                    <DefaultViewId>{A211FF3C-5C67-4E53-AE0A-ADD626C801A7}</DefaultViewId>
                                    <AllowFilterOff>false</AllowFilterOff>
                                  </parameters>
                                </control>
                              </cell>
                              <cell id="{4063d3b8-73a0-c539-04c5-1726ada08494}" showlabel="false">
                                <labels>
                                  <label description="" languagecode="1033" />
                                </labels>
                              </cell>
                            </row>
                            <row>
                              <cell id="{4042572b-86d5-4596-a3af-483e1d34accf}" locklevel="0" colspan="1" rowspan="1" labelid="{e51a6559-2099-4bce-abcc-01d8d0b86b34}">
                                <labels>
                                  <label description="Unit of measurement" languagecode="1033" />
                                  <label description="Unité de mesure" languagecode="1036" />
                                </labels>
                                <control id="cid_unitofmeasurement" classid="{3EF39988-22BB-4F0B-BBBE-64B5A3748AEE}" datafieldname="cid_unitofmeasurement" disabled="false" uniqueid="{0cb3ed97-bb2e-d02a-0238-1914132d2d75}" />
                              </cell>
                              <cell id="{aae156c2-07e1-ae65-95c0-d8d47e80b403}" showlabel="false">
                                <labels>
                                  <label description="" languagecode="1033" />
                                </labels>
                              </cell>
                            </row>
                            <row>
                              <cell id="{b19062ee-5b42-4ff2-8483-9c69f02322a6}" locklevel="0" colspan="1" rowspan="1">
                                <labels>
                                  <label description="Annual Quantity\Volume" languagecode="1033" />
                                  <label description="Quantité annuelle\Volume" languagecode="1036" />
                                </labels>
                                <control id="cid_annualquantityvolume" classid="{C3EFE0C3-0EC6-42BE-8349-CBD9079DFD8E}" datafieldname="cid_annualquantityvolume" disabled="false" uniqueid="{147bc5aa-627c-32e4-d9cd-69c77e81cec4}" />
                              </cell>
                              <cell id="{94227c75-a388-dc78-d257-66668b49995a}" showlabel="false">
                                <labels>
                                  <label description="" languagecode="1033" />
                                </labels>
                              </cell>
                            </row>
                            <row>
                              <cell id="{2ddb3ed2-e555-4cf4-b8b8-a277cd320bb9}" locklevel="0" colspan="1" rowspan="1" labelid="{b5b82374-6f72-4f79-b8f8-dc79041017a6}" showlabel="true">
                                <labels>
                                  <label description="Annual Number of Consignments" languagecode="1033" />
                                  <label description="Nombre annuel d'envois" languagecode="1036" />
                                </labels>
                                <control id="cid_annualnumberofshipment" classid="{C6D124CA-7EDA-4A60-AEA9-7FB8D318B68F}" datafieldname="cid_annualnumberofshipment" disabled="false" uniqueid="{2820ee21-5e72-1448-57ce-4d2931675702}" />
                              </cell>
                              <cell id="{452c3200-61e4-c193-c65a-1c4eb1a839ed}" showlabel="false">
                                <labels>
                                  <label description="" languagecode="1033" />
                                </labels>
                              </cell>
                            </row>
                            <row>
                              <cell id="{56cc6b1b-a4d1-8c22-30cc-31c2940379b5}" showlabel="true" locklevel="0" visible="false" labelid="{ef962b1a-3a1d-423b-a94a-c62d3eda276a}">
                                <labels>
                                  <label description="Supply Chain Direction" languagecode="1033" />
                                  <label description="Direction de la chaîne d'approvisionnement" languagecode="1036" />
                                </labels>
                                <control id="ovs_supplychaindirection" classid="{4AA28AB7-9C13-4F57-A73D-AD894D048B5F}" datafieldname="ovs_supplychaindirection" disabled="false" uniqueid="{44293e54-ac17-eb63-5197-c7d72e295ec7}" />
                              </cell>
                              <cell id="{a23c3036-6a91-7165-ec76-ab5a9a051444}" showlabel="false">
                                <labels>
                                  <label description="" languagecode="1033" />
                                </labels>
                              </cell>
                            </row>
                          </rows>
                        </section>
                      </sections>
                    </column>
                  </columns>
                </tab>
              </tabs>
              <Navigation>
                <NavBar />
                <NavBarAreas>
                  <NavBarArea Id="Info">
                    <Titles>
                      <Title LCID="1033" Text="Common" />
                    </Titles>
                  </NavBarArea>
                  <NavBarArea Id="Sales">
                    <Titles>
                      <Title LCID="1033" Text="Sales" />
                    </Titles>
                  </NavBarArea>
                  <NavBarArea Id="Service">
                    <Titles>
                      <Title LCID="1033" Text="Service" />
                    </Titles>
                  </NavBarArea>
                  <NavBarArea Id="Marketing">
                    <Titles>
                      <Title LCID="1033" Text="Marketing" />
                    </Titles>
                  </NavBarArea>
                  <NavBarArea Id="ProcessCenter">
                    <Titles>
                      <Title LCID="1033" Text="Process Sessions" />
                    </Titles>
                  </NavBarArea>
                </NavBarAreas>
              </Navigation>
              <controlDescriptions />
              <header id="{96c95fe0-c0cc-4165-a93d-80df9c586546}" celllabelposition="Top" columns="111" labelwidth="115" celllabelalignment="Left">
                <rows>
                  <row>
                    <cell id="{ca5f6a61-656b-49ab-b896-f5a8a2b3e66b}" showlabel="false" labelid="{faf8bd45-5e11-4ad3-9192-adbf8b42d49a}">
                      <labels>
                        <label description="" languagecode="1033" />
                      </labels>
                    </cell>
                    <cell id="{1d166fb6-b453-4a12-9942-bcf3fc9f679d}" showlabel="false" labelid="{55dd8192-f560-4799-acbb-2e2a5502f99e}">
                      <labels>
                        <label description="" languagecode="1033" />
                      </labels>
                    </cell>
                    <cell id="{a789a86d-ca04-44af-bb4e-c8910e5203d7}" showlabel="false" labelid="{9de45bfa-b947-4cd9-aac7-8792d3665121}">
                      <labels>
                        <label description="" languagecode="1033" />
                      </labels>
                    </cell>
                    <cell id="{36df7107-e7b4-4cdb-8aa6-ba97dc5f9701}" locklevel="0" colspan="1" rowspan="1">
                      <labels>
                        <label description="Operation UN Number" languagecode="1033" />
                        <label description="Numéro UN" languagecode="1036" />
                      </labels>
                      <control id="header_ovs_operationunnumber" classid="{270BD3DB-D9AF-4782-9025-509E298DEC0A}" datafieldname="ovs_operationunnumber" disabled="false" />
                    </cell>
                  </row>
                </rows>
              </header>
              <footer id="{dd74c71f-5e33-4944-9a4e-3abd234c0217}" celllabelposition="Top" columns="111" labelwidth="115" celllabelalignment="Left">
                <rows>
                  <row>
                    <cell id="{37ee14f0-0d62-41e9-bed9-116b5cac92ec}" showlabel="false" labelid="{aca23b32-6685-45e0-8a90-9f143bc6ad68}">
                      <labels>
                        <label description="" languagecode="1033" />
                      </labels>
                    </cell>
                    <cell id="{074636a0-4fe9-451d-b3fb-b224c7a038e3}" showlabel="false" labelid="{aba3acb6-3387-4990-96d6-832142a0adb3}">
                      <labels>
                        <label description="" languagecode="1033" />
                      </labels>
                    </cell>
                    <cell id="{7528f866-c6f5-474b-ad52-2b5f8abb94f4}" showlabel="false" labelid="{f64fb5d2-4f05-4af0-94de-38f76f13c120}">
                      <labels>
                        <label description="" languagecode="1033" />
                      </labels>
                    </cell>
                  </row>
                </rows>
              </footer>
              <DisplayConditions Order="1" FallbackForm="true">
                <Role Id="{0027534F-A13C-4545-8C9C-762C77C766E7}" />
                <Role Id="{CA2BFA94-9106-4895-8597-772C87E06A60}" />
                <Role Id="{9987184C-B38F-4ABB-B80D-7CE5AE5F00FD}" />
                <Role Id="{A8803B62-5FB9-4917-B1B4-8030EC2AEE5C}" />
                <Role Id="{B0A7F14C-6015-4C66-B246-9BC6163071BF}" />
                <Role Id="{4E56F67C-CDFC-4CAA-A053-A606AC80419B}" />
                <Role Id="{7B20CB4C-A59F-43BD-92EA-BE907322D4B7}" />
                <Role Id="{93642FD5-C88E-4F57-B796-DE105C687A36}" />
              </DisplayConditions>
            </form>
            <IsCustomizable>1</IsCustomizable>
            <CanBeDeleted>1</CanBeDeleted>
            <LocalizedNames>
              <LocalizedName description="CID Portal - Operation UN Number" languagecode="1033" />
            </LocalizedNames>
            <Descriptions>
              <Description description="A form for this entity." languagecode="1033" />
            </Descriptions>
          </systemform>
        </forms>
      </FormXml>
      <RibbonDiffXml>
        <CustomActions />
        <Templates>
          <RibbonTemplates Id="Mscrm.Templates"></RibbonTemplates>
        </Templates>
        <CommandDefinitions />
        <RuleDefinitions>
          <TabDisplayRules />
          <DisplayRules />
          <EnableRules />
        </RuleDefinitions>
        <LocLabels />
      </RibbonDiffXml>
    </Entity>
  </Entities>
  <Roles></Roles>
  <Workflows></Workflows>
  <FieldSecurityProfiles></FieldSecurityProfiles>
  <Templates />
  <EntityMaps />
  <EntityRelationships />
  <OrganizationSettings />
  <optionsets />
  <CustomControls />
  <EntityDataProviders />
  <Languages>
    <Language>1033</Language>
    <Language>1036</Language>
  </Languages>
</ImportExportXml>