<ImportExportXml version="9.2.23051.194" SolutionPackageVersion="9.2" languagecode="1033" generatedBy="CrmLive" xmlns:xsi="http://www.w3.org/2001/XMLSchema-instance">
  <SolutionManifest>
    <UniqueName>TC_GlobalCore_Patch_6172af74</UniqueName>
    <LocalizedNames>
      <LocalizedName description="TDG Core Schema" languagecode="1033" />
    </LocalizedNames>
    <Descriptions>
      <Description description="Patch for TDG Core Schema" languagecode="1033" />
    </Descriptions>
    <ParentUniqueName>TC_GlobalCore</ParentUniqueName>
    <Version>1.150.11.0</Version>
    <Managed>0</Managed>
    <Publisher>
      <UniqueName>oversightpublisher</UniqueName>
      <LocalizedNames>
        <LocalizedName description="Oversight" languagecode="1033" />
      </LocalizedNames>
      <Descriptions>
        <Description description="This is the common solution for AvSec Inspection and TDG Inspection." languagecode="1033" />
      </Descriptions>
      <EMailAddress xsi:nil="true"></EMailAddress>
      <SupportingWebsiteUrl xsi:nil="true"></SupportingWebsiteUrl>
      <CustomizationPrefix>ovs</CustomizationPrefix>
      <CustomizationOptionValuePrefix>91864</CustomizationOptionValuePrefix>
      <Addresses>
        <Address>
          <AddressNumber>1</AddressNumber>
          <AddressTypeCode>1</AddressTypeCode>
          <City xsi:nil="true"></City>
          <County xsi:nil="true"></County>
          <Country xsi:nil="true"></Country>
          <Fax xsi:nil="true"></Fax>
          <FreightTermsCode xsi:nil="true"></FreightTermsCode>
          <ImportSequenceNumber xsi:nil="true"></ImportSequenceNumber>
          <Latitude xsi:nil="true"></Latitude>
          <Line1 xsi:nil="true"></Line1>
          <Line2 xsi:nil="true"></Line2>
          <Line3 xsi:nil="true"></Line3>
          <Longitude xsi:nil="true"></Longitude>
          <Name xsi:nil="true"></Name>
          <PostalCode xsi:nil="true"></PostalCode>
          <PostOfficeBox xsi:nil="true"></PostOfficeBox>
          <PrimaryContactName xsi:nil="true"></PrimaryContactName>
          <ShippingMethodCode>1</ShippingMethodCode>
          <StateOrProvince xsi:nil="true"></StateOrProvince>
          <Telephone1 xsi:nil="true"></Telephone1>
          <Telephone2 xsi:nil="true"></Telephone2>
          <Telephone3 xsi:nil="true"></Telephone3>
          <TimeZoneRuleVersionNumber xsi:nil="true"></TimeZoneRuleVersionNumber>
          <UPSZone xsi:nil="true"></UPSZone>
          <UTCOffset xsi:nil="true"></UTCOffset>
          <UTCConversionTimeZoneCode xsi:nil="true"></UTCConversionTimeZoneCode>
        </Address>
        <Address>
          <AddressNumber>2</AddressNumber>
          <AddressTypeCode>1</AddressTypeCode>
          <City xsi:nil="true"></City>
          <County xsi:nil="true"></County>
          <Country xsi:nil="true"></Country>
          <Fax xsi:nil="true"></Fax>
          <FreightTermsCode xsi:nil="true"></FreightTermsCode>
          <ImportSequenceNumber xsi:nil="true"></ImportSequenceNumber>
          <Latitude xsi:nil="true"></Latitude>
          <Line1 xsi:nil="true"></Line1>
          <Line2 xsi:nil="true"></Line2>
          <Line3 xsi:nil="true"></Line3>
          <Longitude xsi:nil="true"></Longitude>
          <Name xsi:nil="true"></Name>
          <PostalCode xsi:nil="true"></PostalCode>
          <PostOfficeBox xsi:nil="true"></PostOfficeBox>
          <PrimaryContactName xsi:nil="true"></PrimaryContactName>
          <ShippingMethodCode>1</ShippingMethodCode>
          <StateOrProvince xsi:nil="true"></StateOrProvince>
          <Telephone1 xsi:nil="true"></Telephone1>
          <Telephone2 xsi:nil="true"></Telephone2>
          <Telephone3 xsi:nil="true"></Telephone3>
          <TimeZoneRuleVersionNumber xsi:nil="true"></TimeZoneRuleVersionNumber>
          <UPSZone xsi:nil="true"></UPSZone>
          <UTCOffset xsi:nil="true"></UTCOffset>
          <UTCConversionTimeZoneCode xsi:nil="true"></UTCConversionTimeZoneCode>
        </Address>
      </Addresses>
    </Publisher>
    <RootComponents>
      <RootComponent type="1" schemaName="account" behavior="1" />
      <RootComponent type="20" id="{545418f6-d089-eb11-b1ac-000d3ae92dbf}" behavior="0" />
      <RootComponent type="20" id="{6ba72790-cf89-eb11-b1ac-000d3ae92dbf}" behavior="0" />
      <RootComponent type="20" id="{a8d3ef08-d189-eb11-b1ac-000d3ae92dbf}" behavior="0" />
      <RootComponent type="20" id="{de8e34ea-d189-eb11-b1ac-000d3ae92dbf}" behavior="0" />
    </RootComponents>
    <MissingDependencies>
      <MissingDependency>
        <Required type="1" schemaName="cid_audithistorylog" displayName="Audit History Log - OLD" solution="Active" />
        <Dependent type="60" displayName="CID Portal - Annual Compliance Update Form" parentDisplayName="Account" id="{1f755fc4-dc1d-466c-8faf-7f2ed3c73b6c}" />
      </MissingDependency>
      <MissingDependency>
        <Required type="1" schemaName="cid_companyerap" displayName="Company ERAP" solution="Active" />
        <Dependent type="60" displayName="CID Portal - Company Registration Wizard" parentDisplayName="Account" id="{159567aa-2711-4302-a007-da552af243f8}" />
      </MissingDependency>
      <MissingDependency>
        <Required type="1" schemaName="cid_companynaicscode" displayName="Organization NAICS Code" solution="Active" />
        <Dependent type="60" displayName="CID Portal - Company Registration Wizard" parentDisplayName="Account" id="{159567aa-2711-4302-a007-da552af243f8}" />
      </MissingDependency>
      <MissingDependency>
        <Required type="10" schemaName="cid_account_cid_audithistorylog_Company" displayName="cid_account_cid_audithistorylog_Company" parentSchemaName="account" parentDisplayName="Account" solution="Active" />
        <Dependent type="60" displayName="CID Portal - Annual Compliance Update Form" parentDisplayName="Account" id="{1f755fc4-dc1d-466c-8faf-7f2ed3c73b6c}" />
      </MissingDependency>
      <MissingDependency>
        <Required type="10" schemaName="cid_account_companynaicscode" displayName="cid_account_companynaicscode" parentSchemaName="account" parentDisplayName="Account" solution="Active" />
        <Dependent type="60" displayName="CID Portal - Company Registration Wizard" parentDisplayName="Account" id="{159567aa-2711-4302-a007-da552af243f8}" />
      </MissingDependency>
      <MissingDependency>
        <Required type="10" schemaName="cid_CompanyERAP_Company_Account" displayName="cid_CompanyERAP_Company_Account" parentSchemaName="account" parentDisplayName="Account" solution="Active" />
        <Dependent type="60" displayName="CID Portal - Company Registration Wizard" parentDisplayName="Account" id="{159567aa-2711-4302-a007-da552af243f8}" />
      </MissingDependency>
      <MissingDependency>
        <Required type="10" schemaName="msdyn_account_account_BillingAccount" displayName="msdyn_account_account_BillingAccount" parentSchemaName="account" parentDisplayName="Account" solution="FieldServiceCommon (1.0.0.217)">
          <package>FieldService_Anchor (8.8.91.36)</package>
        </Required>
        <Dependent type="60" displayName="CID Portal - Company Registration Wizard" parentDisplayName="Account" id="{159567aa-2711-4302-a007-da552af243f8}" />
      </MissingDependency>
      <MissingDependency>
        <Required type="10" schemaName="msdyn_account_account_BillingAccount" displayName="msdyn_account_account_BillingAccount" parentSchemaName="account" parentDisplayName="Account" solution="FieldServiceCommon (1.0.0.217)">
          <package>FieldService_Anchor (8.8.91.36)</package>
        </Required>
        <Dependent type="60" displayName="CID Portal - Annual Compliance Update Form" parentDisplayName="Account" id="{1f755fc4-dc1d-466c-8faf-7f2ed3c73b6c}" />
      </MissingDependency>
      <MissingDependency>
        <Required type="10" schemaName="msdyn_account_msdyn_agreement_BillingAccount" displayName="msdyn_account_msdyn_agreement_BillingAccount" parentSchemaName="account" parentDisplayName="Account" solution="FieldService (8.8.0.88)">
          <package>FieldService_Anchor (8.8.91.36)</package>
        </Required>
        <Dependent type="60" displayName="CID Portal - Company Registration Wizard" parentDisplayName="Account" id="{159567aa-2711-4302-a007-da552af243f8}" />
      </MissingDependency>
      <MissingDependency>
        <Required type="10" schemaName="msdyn_account_msdyn_agreement_BillingAccount" displayName="msdyn_account_msdyn_agreement_BillingAccount" parentSchemaName="account" parentDisplayName="Account" solution="FieldService (8.8.0.88)">
          <package>FieldService_Anchor (8.8.91.36)</package>
        </Required>
        <Dependent type="60" displayName="CID Portal - Annual Compliance Update Form" parentDisplayName="Account" id="{1f755fc4-dc1d-466c-8faf-7f2ed3c73b6c}" />
      </MissingDependency>
      <MissingDependency>
        <Required type="10" schemaName="msdyn_account_msdyn_agreement_ServiceAccount" displayName="msdyn_account_msdyn_agreement_ServiceAccount" parentSchemaName="account" parentDisplayName="Account" solution="FieldService (8.8.0.88)">
          <package>FieldService_Anchor (8.8.91.36)</package>
        </Required>
        <Dependent type="60" displayName="CID Portal - Company Registration Wizard" parentDisplayName="Account" id="{159567aa-2711-4302-a007-da552af243f8}" />
      </MissingDependency>
      <MissingDependency>
        <Required type="10" schemaName="msdyn_account_msdyn_agreement_ServiceAccount" displayName="msdyn_account_msdyn_agreement_ServiceAccount" parentSchemaName="account" parentDisplayName="Account" solution="FieldService (8.8.0.88)">
          <package>FieldService_Anchor (8.8.91.36)</package>
        </Required>
        <Dependent type="60" displayName="CID Portal - Annual Compliance Update Form" parentDisplayName="Account" id="{1f755fc4-dc1d-466c-8faf-7f2ed3c73b6c}" />
      </MissingDependency>
      <MissingDependency>
        <Required type="10" schemaName="msdyn_account_msdyn_payment_Account" displayName="msdyn_account_msdyn_payment_Account" parentSchemaName="account" parentDisplayName="Account" solution="FieldService (8.8.0.88)">
          <package>FieldService_Anchor (8.8.91.36)</package>
        </Required>
        <Dependent type="60" displayName="CID Portal - Company Registration Wizard" parentDisplayName="Account" id="{159567aa-2711-4302-a007-da552af243f8}" />
      </MissingDependency>
      <MissingDependency>
        <Required type="10" schemaName="msdyn_account_msdyn_payment_Account" displayName="msdyn_account_msdyn_payment_Account" parentSchemaName="account" parentDisplayName="Account" solution="FieldService (8.8.0.88)">
          <package>FieldService_Anchor (8.8.91.36)</package>
        </Required>
        <Dependent type="60" displayName="CID Portal - Annual Compliance Update Form" parentDisplayName="Account" id="{1f755fc4-dc1d-466c-8faf-7f2ed3c73b6c}" />
      </MissingDependency>
      <MissingDependency>
        <Required type="10" schemaName="msdyn_account_msdyn_purchaseorder_Vendor" displayName="msdyn_account_msdyn_purchaseorder_Vendor" parentSchemaName="account" parentDisplayName="Account" solution="FieldServiceCommon (1.0.0.217)">
          <package>FieldService_Anchor (8.8.91.36)</package>
        </Required>
        <Dependent type="60" displayName="CID Portal - Company Registration Wizard" parentDisplayName="Account" id="{159567aa-2711-4302-a007-da552af243f8}" />
      </MissingDependency>
      <MissingDependency>
        <Required type="10" schemaName="msdyn_account_msdyn_purchaseorder_Vendor" displayName="msdyn_account_msdyn_purchaseorder_Vendor" parentSchemaName="account" parentDisplayName="Account" solution="FieldServiceCommon (1.0.0.217)">
          <package>FieldService_Anchor (8.8.91.36)</package>
        </Required>
        <Dependent type="60" displayName="CID Portal - Annual Compliance Update Form" parentDisplayName="Account" id="{1f755fc4-dc1d-466c-8faf-7f2ed3c73b6c}" />
      </MissingDependency>
      <MissingDependency>
        <Required type="10" schemaName="msdyn_account_msdyn_rma_BillingAccount" displayName="msdyn_account_msdyn_rma_BillingAccount" parentSchemaName="account" parentDisplayName="Account" solution="FieldService (8.8.0.88)">
          <package>FieldService_Anchor (8.8.91.36)</package>
        </Required>
        <Dependent type="60" displayName="CID Portal - Company Registration Wizard" parentDisplayName="Account" id="{159567aa-2711-4302-a007-da552af243f8}" />
      </MissingDependency>
      <MissingDependency>
        <Required type="10" schemaName="msdyn_account_msdyn_rma_BillingAccount" displayName="msdyn_account_msdyn_rma_BillingAccount" parentSchemaName="account" parentDisplayName="Account" solution="FieldService (8.8.0.88)">
          <package>FieldService_Anchor (8.8.91.36)</package>
        </Required>
        <Dependent type="60" displayName="CID Portal - Annual Compliance Update Form" parentDisplayName="Account" id="{1f755fc4-dc1d-466c-8faf-7f2ed3c73b6c}" />
      </MissingDependency>
      <MissingDependency>
        <Required type="10" schemaName="msdyn_account_msdyn_rma_ServiceAccount" displayName="msdyn_account_msdyn_rma_ServiceAccount" parentSchemaName="account" parentDisplayName="Account" solution="FieldService (8.8.0.88)">
          <package>FieldService_Anchor (8.8.91.36)</package>
        </Required>
        <Dependent type="60" displayName="CID Portal - Company Registration Wizard" parentDisplayName="Account" id="{159567aa-2711-4302-a007-da552af243f8}" />
      </MissingDependency>
      <MissingDependency>
        <Required type="10" schemaName="msdyn_account_msdyn_rma_ServiceAccount" displayName="msdyn_account_msdyn_rma_ServiceAccount" parentSchemaName="account" parentDisplayName="Account" solution="FieldService (8.8.0.88)">
          <package>FieldService_Anchor (8.8.91.36)</package>
        </Required>
        <Dependent type="60" displayName="CID Portal - Annual Compliance Update Form" parentDisplayName="Account" id="{1f755fc4-dc1d-466c-8faf-7f2ed3c73b6c}" />
      </MissingDependency>
      <MissingDependency>
        <Required type="10" schemaName="msdyn_account_msdyn_rtv_Vendor" displayName="msdyn_account_msdyn_rtv_Vendor" parentSchemaName="account" parentDisplayName="Account" solution="FieldService (8.8.0.88)">
          <package>FieldService_Anchor (8.8.91.36)</package>
        </Required>
        <Dependent type="60" displayName="CID Portal - Company Registration Wizard" parentDisplayName="Account" id="{159567aa-2711-4302-a007-da552af243f8}" />
      </MissingDependency>
      <MissingDependency>
        <Required type="10" schemaName="msdyn_account_msdyn_rtv_Vendor" displayName="msdyn_account_msdyn_rtv_Vendor" parentSchemaName="account" parentDisplayName="Account" solution="FieldService (8.8.0.88)">
          <package>FieldService_Anchor (8.8.91.36)</package>
        </Required>
        <Dependent type="60" displayName="CID Portal - Annual Compliance Update Form" parentDisplayName="Account" id="{1f755fc4-dc1d-466c-8faf-7f2ed3c73b6c}" />
      </MissingDependency>
      <MissingDependency>
        <Required type="10" schemaName="msdyn_account_msdyn_workorder_BillingAccount" displayName="msdyn_account_msdyn_workorder_BillingAccount" parentSchemaName="account" parentDisplayName="Account" solution="FieldService (8.8.0.88)">
          <package>FieldService_Anchor (8.8.91.36)</package>
        </Required>
        <Dependent type="60" displayName="CID Portal - Company Registration Wizard" parentDisplayName="Account" id="{159567aa-2711-4302-a007-da552af243f8}" />
      </MissingDependency>
      <MissingDependency>
        <Required type="10" schemaName="msdyn_account_msdyn_workorder_BillingAccount" displayName="msdyn_account_msdyn_workorder_BillingAccount" parentSchemaName="account" parentDisplayName="Account" solution="FieldService (8.8.0.88)">
          <package>FieldService_Anchor (8.8.91.36)</package>
        </Required>
        <Dependent type="60" displayName="CID Portal - Annual Compliance Update Form" parentDisplayName="Account" id="{1f755fc4-dc1d-466c-8faf-7f2ed3c73b6c}" />
      </MissingDependency>
      <MissingDependency>
        <Required type="10" schemaName="msdyn_account_msdyn_workorder_ServiceAccount" displayName="msdyn_account_msdyn_workorder_ServiceAccount" parentSchemaName="account" parentDisplayName="Account" solution="FieldService (8.8.0.88)">
          <package>FieldService_Anchor (8.8.91.36)</package>
        </Required>
        <Dependent type="60" displayName="CID Portal - Company Registration Wizard" parentDisplayName="Account" id="{159567aa-2711-4302-a007-da552af243f8}" />
      </MissingDependency>
      <MissingDependency>
        <Required type="10" schemaName="msdyn_account_msdyn_workorder_ServiceAccount" displayName="msdyn_account_msdyn_workorder_ServiceAccount" parentSchemaName="account" parentDisplayName="Account" solution="FieldService (8.8.0.88)">
          <package>FieldService_Anchor (8.8.91.36)</package>
        </Required>
        <Dependent type="60" displayName="CID Portal - Annual Compliance Update Form" parentDisplayName="Account" id="{1f755fc4-dc1d-466c-8faf-7f2ed3c73b6c}" />
      </MissingDependency>
      <MissingDependency>
        <Required type="10" schemaName="msdyn_account_msdyn_customerasset_Account" displayName="msdyn_account_msdyn_customerasset_Account" parentSchemaName="msdyn_customerasset" parentDisplayName="Customer Asset" solution="msdyn_AssetCommon (1.0.37.1)">
          <package>FieldService_Anchor (8.8.91.36)</package>
          <package>msdynce_ServiceAnchor (9.0.23051.1008)</package>
        </Required>
        <Dependent type="60" displayName="CID Portal - Company Registration Wizard" parentDisplayName="Account" id="{159567aa-2711-4302-a007-da552af243f8}" />
      </MissingDependency>
      <MissingDependency>
        <Required type="10" schemaName="msdyn_account_msdyn_customerasset_Account" displayName="msdyn_account_msdyn_customerasset_Account" parentSchemaName="msdyn_customerasset" parentDisplayName="Customer Asset" solution="msdyn_AssetCommon (1.0.37.1)">
          <package>FieldService_Anchor (8.8.91.36)</package>
          <package>msdynce_ServiceAnchor (9.0.23051.1008)</package>
        </Required>
        <Dependent type="60" displayName="CID Portal - Annual Compliance Update Form" parentDisplayName="Account" id="{1f755fc4-dc1d-466c-8faf-7f2ed3c73b6c}" />
      </MissingDependency>
      <MissingDependency>
        <Required type="2" schemaName="cid_addressoverwritten" displayName="Manually Entered?" parentSchemaName="account" parentDisplayName="Account" solution="Active" />
        <Dependent type="60" displayName="CID Portal - Company Registration Wizard" parentDisplayName="Account" id="{159567aa-2711-4302-a007-da552af243f8}" />
      </MissingDependency>
      <MissingDependency>
        <Required type="2" schemaName="cid_annualcompliancecompletiondate" displayName="Completion Date of the Previous Annual Compliance" parentSchemaName="account" parentDisplayName="Account" solution="Active" />
        <Dependent type="60" displayName="CID Portal - Annual Compliance Update Form" parentDisplayName="Account" id="{1f755fc4-dc1d-466c-8faf-7f2ed3c73b6c}" />
      </MissingDependency>
      <MissingDependency>
        <Required type="2" schemaName="cid_cidcompanystatus" displayName="Organization Status" parentSchemaName="account" parentDisplayName="Account" solution="Active" />
        <Dependent type="60" displayName="CID Portal - Annual Compliance Update Form" parentDisplayName="Account" id="{1f755fc4-dc1d-466c-8faf-7f2ed3c73b6c}" />
      </MissingDependency>
      <MissingDependency>
        <Required type="2" schemaName="cid_companyanniversarydate" displayName="Annual Compliance Due" parentSchemaName="account" parentDisplayName="Account" solution="Active" />
        <Dependent type="60" displayName="CID Portal - Annual Compliance Update Form" parentDisplayName="Account" id="{1f755fc4-dc1d-466c-8faf-7f2ed3c73b6c}" />
      </MissingDependency>
      <MissingDependency>
        <Required type="2" schemaName="cid_companyclaim" displayName="Organization Claim" parentSchemaName="account" parentDisplayName="Account" solution="Active" />
        <Dependent type="60" displayName="CID Portal - Company Registration Wizard" parentDisplayName="Account" id="{159567aa-2711-4302-a007-da552af243f8}" />
      </MissingDependency>
      <MissingDependency>
        <Required type="2" schemaName="cid_crabusinessnumber" displayName="CRA Business Number" parentSchemaName="account" parentDisplayName="Account" solution="Active" />
        <Dependent type="60" displayName="CID Portal - Company Registration Wizard" parentDisplayName="Account" id="{159567aa-2711-4302-a007-da552af243f8}" />
      </MissingDependency>
      <MissingDependency>
        <Required type="2" schemaName="cid_has_cra_bn" displayName="Organization has a Canada Revenue Agency (CRA) Bus" parentSchemaName="account" parentDisplayName="Account" solution="Active" />
        <Dependent type="60" displayName="CID Portal - Company Registration Wizard" parentDisplayName="Account" id="{159567aa-2711-4302-a007-da552af243f8}" />
      </MissingDependency>
      <MissingDependency>
        <Required type="2" schemaName="cid_iscompanyattested" displayName="Is Organization Attested?" parentSchemaName="account" parentDisplayName="Account" solution="Active" />
        <Dependent type="60" displayName="CID Portal - Annual Compliance Update Form" parentDisplayName="Account" id="{1f755fc4-dc1d-466c-8faf-7f2ed3c73b6c}" />
      </MissingDependency>
      <MissingDependency>
        <Required type="2" schemaName="cid_nextannualcomplianceupdate" displayName="Next Annual Compliance Update Required On" parentSchemaName="account" parentDisplayName="Account" solution="Active" />
        <Dependent type="60" displayName="CID Portal - Annual Compliance Update Form" parentDisplayName="Account" id="{1f755fc4-dc1d-466c-8faf-7f2ed3c73b6c}" />
      </MissingDependency>
      <MissingDependency>
        <Required type="2" schemaName="cid_reasonfornobnnumber" displayName="Reason for no CRA Business Number" parentSchemaName="account" parentDisplayName="Account" solution="Active" />
        <Dependent type="60" displayName="CID Portal - Company Registration Wizard" parentDisplayName="Account" id="{159567aa-2711-4302-a007-da552af243f8}" />
      </MissingDependency>
      <MissingDependency>
        <Required type="2" schemaName="cid_reasonfornobnnumber_other" displayName="Other Reason" parentSchemaName="account" parentDisplayName="Account" solution="Active" />
        <Dependent type="60" displayName="CID Portal - Company Registration Wizard" parentDisplayName="Account" id="{159567aa-2711-4302-a007-da552af243f8}" />
      </MissingDependency>
      <MissingDependency>
        <Required type="2" schemaName="cid_registrationasof" displayName="Registration As Of" parentSchemaName="account" parentDisplayName="Account" solution="Active" />
        <Dependent type="60" displayName="CID Portal - Company Registration Wizard" parentDisplayName="Account" id="{159567aa-2711-4302-a007-da552af243f8}" />
      </MissingDependency>
      <MissingDependency>
        <Required type="2" schemaName="cid_registrationasof" displayName="Registration As Of" parentSchemaName="account" parentDisplayName="Account" solution="Active" />
        <Dependent type="60" displayName="CID Portal - Annual Compliance Update Form" parentDisplayName="Account" id="{1f755fc4-dc1d-466c-8faf-7f2ed3c73b6c}" />
      </MissingDependency>
      <MissingDependency>
        <Required type="2" schemaName="ovs_address1_province" displayName="Province / Territory" parentSchemaName="account" parentDisplayName="Account" solution="Active" />
        <Dependent type="60" displayName="CID Portal - Company Registration Wizard" parentDisplayName="Account" id="{159567aa-2711-4302-a007-da552af243f8}" />
      </MissingDependency>
      <MissingDependency>
        <Required type="2" schemaName="ovs_invitation_only" displayName="Invitation Only" parentSchemaName="account" parentDisplayName="Account" solution="Active" />
        <Dependent type="60" displayName="CID Portal - Company Registration Wizard" parentDisplayName="Account" id="{159567aa-2711-4302-a007-da552af243f8}" />
      </MissingDependency>
      <MissingDependency>
        <Required type="2" schemaName="ovs_legalname" displayName="Legal Name" parentSchemaName="account" parentDisplayName="Account" solution="Active" />
        <Dependent type="60" displayName="CID Portal - Company Registration Wizard" parentDisplayName="Account" id="{159567aa-2711-4302-a007-da552af243f8}" />
      </MissingDependency>
      <MissingDependency>
        <Required type="2" schemaName="ovs_legalname" displayName="Legal Name" parentSchemaName="account" parentDisplayName="Account" solution="Active" />
        <Dependent type="60" displayName="CID Portal - Annual Compliance Update Form" parentDisplayName="Account" id="{1f755fc4-dc1d-466c-8faf-7f2ed3c73b6c}" />
      </MissingDependency>
      <MissingDependency>
        <Required type="2" schemaName="ovs_name_fr" displayName="Operating Name (French)" parentSchemaName="account" parentDisplayName="Account" solution="Active" />
        <Dependent type="60" displayName="CID Portal - Company Registration Wizard" parentDisplayName="Account" id="{159567aa-2711-4302-a007-da552af243f8}" />
      </MissingDependency>
      <MissingDependency>
        <Required type="26" schemaName="CID Portal - ERAPs" displayName="CID Portal - ERAPs" parentSchemaName="cid_companyerap" parentDisplayName="Company ERAP" solution="Active" id="{07e9d230-d87b-ec11-8d20-000d3aff1221}" />
        <Dependent type="60" displayName="CID Portal - Company Registration Wizard" parentDisplayName="Account" id="{159567aa-2711-4302-a007-da552af243f8}" />
      </MissingDependency>
      <MissingDependency>
        <Required type="26" schemaName="Active Company ERAPS" displayName="Active Company ERAPS" parentSchemaName="cid_companyerap" parentDisplayName="Company ERAP" solution="Active" id="{0b1fac9a-90c7-4940-a4eb-1adb97736af1}" />
        <Dependent type="60" displayName="CID Portal - Company Registration Wizard" parentDisplayName="Account" id="{159567aa-2711-4302-a007-da552af243f8}" />
      </MissingDependency>
      <MissingDependency>
        <Required type="26" schemaName="CID Portal - Company Annual Compliance Update Items" displayName="CID Portal - Company Annual Compliance Update Items" parentSchemaName="task" parentDisplayName="Task" solution="Active" id="{17886b15-fe24-ed11-9db2-000d3a844ef3}" />
        <Dependent type="60" displayName="CID Portal - Annual Compliance Update Form" parentDisplayName="Account" id="{1f755fc4-dc1d-466c-8faf-7f2ed3c73b6c}" />
      </MissingDependency>
      <MissingDependency>
        <Required type="26" schemaName="X_CID Portal - Company Annual Compliance Update Item1" displayName="X_CID Portal - Company Annual Compliance Update Item1" parentSchemaName="task" parentDisplayName="Task" solution="Active" id="{3ff635ff-c02e-ed11-9db0-0022483cb62f}" />
        <Dependent type="60" displayName="CID Portal - Annual Compliance Update Form" parentDisplayName="Account" id="{1f755fc4-dc1d-466c-8faf-7f2ed3c73b6c}" />
      </MissingDependency>
      <MissingDependency>
        <Required type="26" schemaName="CID Portal - NAICS Codes" displayName="CID Portal - NAICS Codes" parentSchemaName="cid_companynaicscode" parentDisplayName="Organization NAICS Code" solution="Active" id="{51a1c9ee-db7b-ec11-8d20-000d3aff1221}" />
        <Dependent type="60" displayName="CID Portal - Company Registration Wizard" parentDisplayName="Account" id="{159567aa-2711-4302-a007-da552af243f8}" />
      </MissingDependency>
      <MissingDependency>
        <Required type="26" schemaName="CID - Annual Compliance Update History Logs" displayName="CID - Annual Compliance Update History Logs" parentSchemaName="cid_audithistorylog" parentDisplayName="Audit History Log - OLD" solution="Active" id="{558dd294-6470-ed11-81ac-0022483d0343}" />
        <Dependent type="60" displayName="CID Portal - Annual Compliance Update Form" parentDisplayName="Account" id="{1f755fc4-dc1d-466c-8faf-7f2ed3c73b6c}" />
      </MissingDependency>
      <MissingDependency>
        <Required type="26" schemaName="X_CID Portal - Site Annual Compliance Update Item1" displayName="X_CID Portal - Site Annual Compliance Update Item1" parentSchemaName="task" parentDisplayName="Task" solution="Active" id="{7c6be9d5-c02e-ed11-9db0-0022483cb62f}" />
        <Dependent type="60" displayName="CID Portal - Annual Compliance Update Form" parentDisplayName="Account" id="{1f755fc4-dc1d-466c-8faf-7f2ed3c73b6c}" />
      </MissingDependency>
      <MissingDependency>
        <Required type="26" schemaName="CID Portal - Site Annual Compliance Update Items" displayName="CID Portal - Site Annual Compliance Update Items" parentSchemaName="task" parentDisplayName="Task" solution="Active" id="{9d839aac-4a25-ed11-9db2-000d3a844ef3}" />
        <Dependent type="60" displayName="CID Portal - Annual Compliance Update Form" parentDisplayName="Account" id="{1f755fc4-dc1d-466c-8faf-7f2ed3c73b6c}" />
      </MissingDependency>
      <MissingDependency>
        <Required type="26" schemaName="CID Portal - Contacts" displayName="CID Portal - Contacts" parentSchemaName="contact" parentDisplayName="Contact" solution="Active" id="{9f4e737c-b54b-ec11-8f8e-000d3ae9a753}" />
        <Dependent type="60" displayName="CID Portal - Company Registration Wizard" parentDisplayName="Account" id="{159567aa-2711-4302-a007-da552af243f8}" />
      </MissingDependency>
      <MissingDependency>
        <Required type="26" schemaName="CID Portal - Portal Created Contacts" displayName="CID Portal - Portal Created Contacts" parentSchemaName="contact" parentDisplayName="Contact" solution="Active" id="{b06483c1-463f-ed11-bba2-0022483d0343}" />
        <Dependent type="60" displayName="CID Portal - Company Registration Wizard" parentDisplayName="Account" id="{159567aa-2711-4302-a007-da552af243f8}" />
      </MissingDependency>
      <MissingDependency>
        <Required type="26" schemaName="Active Audit History Logs" displayName="Active Audit History Logs" parentSchemaName="cid_audithistorylog" parentDisplayName="Audit History Log - OLD" solution="Active" id="{b7f1b00e-7ee0-41ff-b007-2fefddbd6280}" />
        <Dependent type="60" displayName="CID Portal - Annual Compliance Update Form" parentDisplayName="Account" id="{1f755fc4-dc1d-466c-8faf-7f2ed3c73b6c}" />
      </MissingDependency>
      <MissingDependency>
        <Required type="26" schemaName="CID Portal - Sites" displayName="CID Portal - Sites" parentSchemaName="account" parentDisplayName="Account" solution="Active" id="{c8db5060-4a4d-ec11-8f8e-000d3ae9a753}" />
        <Dependent type="60" displayName="CID Portal - Company Registration Wizard" parentDisplayName="Account" id="{159567aa-2711-4302-a007-da552af243f8}" />
      </MissingDependency>
      <MissingDependency>
        <Required type="26" schemaName="Active Organization NAICS Code" displayName="Active Organization NAICS Code" parentSchemaName="cid_companynaicscode" parentDisplayName="Organization NAICS Code" solution="Active" id="{d7d195c7-bf49-45a0-8cfe-53c64d587adf}" />
        <Dependent type="60" displayName="CID Portal - Company Registration Wizard" parentDisplayName="Account" id="{159567aa-2711-4302-a007-da552af243f8}" />
      </MissingDependency>
      <MissingDependency>
        <Required type="59" schemaName="Tasks by Month Due" displayName="Tasks by Month Due" parentSchemaName="task" parentDisplayName="Task" solution="msdynce_AppCommon (9.0.4.0066)" id="{9e6a8b06-6d14-46e6-bbf5-95c388c6eb7a}">
          <package>msdynce_AppCommonAnchor (9.0.23051.10001)</package>
        </Required>
        <Dependent type="60" displayName="CID Portal - Annual Compliance Update Form" parentDisplayName="Account" id="{1f755fc4-dc1d-466c-8faf-7f2ed3c73b6c}" />
      </MissingDependency>
      <MissingDependency>
        <Required type="61" schemaName="AppCommon/Account/Account_main_system_library.js" displayName="AppCommon/Account/Account_main_system_library.js" solution="msdynce_AppCommon (9.0.4.0066)">
          <package>msdynce_AppCommonAnchor (9.0.23051.10001)</package>
        </Required>
        <Dependent type="60" displayName="CID Portal - Company Registration Wizard" parentDisplayName="Account" id="{159567aa-2711-4302-a007-da552af243f8}" />
      </MissingDependency>
      <MissingDependency>
        <Required type="61" schemaName="cid_AddressComplete.htm" displayName="cid_AddressComplete.htm" solution="Active" />
        <Dependent type="60" displayName="CID Portal - Company Registration Wizard" parentDisplayName="Account" id="{159567aa-2711-4302-a007-da552af243f8}" />
      </MissingDependency>
      <MissingDependency>
        <Required type="61" schemaName="msdyn_/Account/Account.Library.js" displayName="msdyn_/Account/Account.Library.js" solution="FieldService (8.8.0.88)">
          <package>FieldService_Anchor (8.8.91.36)</package>
        </Required>
        <Dependent type="60" displayName="CID Portal - Company Registration Wizard" parentDisplayName="Account" id="{159567aa-2711-4302-a007-da552af243f8}" />
      </MissingDependency>
      <MissingDependency>
        <Required type="61" schemaName="msdyn_/Account/Account.Library.js" displayName="msdyn_/Account/Account.Library.js" solution="FieldService (8.8.0.88)">
          <package>FieldService_Anchor (8.8.91.36)</package>
        </Required>
        <Dependent type="60" displayName="CID Portal - Annual Compliance Update Form" parentDisplayName="Account" id="{1f755fc4-dc1d-466c-8faf-7f2ed3c73b6c}" />
      </MissingDependency>
      <MissingDependency>
        <Required type="61" schemaName="msdyn_/Account/AssetCommon.Account.Library.js" displayName="msdyn_/Account/AssetCommon.Account.Library.js" solution="msdyn_AssetCommon (1.0.37.1)">
          <package>FieldService_Anchor (8.8.91.36)</package>
          <package>msdynce_ServiceAnchor (9.0.23051.1008)</package>
        </Required>
        <Dependent type="60" displayName="CID Portal - Company Registration Wizard" parentDisplayName="Account" id="{159567aa-2711-4302-a007-da552af243f8}" />
      </MissingDependency>
      <MissingDependency>
        <Required type="61" schemaName="msdyn_/Account/AssetCommon.Account.Library.js" displayName="msdyn_/Account/AssetCommon.Account.Library.js" solution="msdyn_AssetCommon (1.0.37.1)">
          <package>FieldService_Anchor (8.8.91.36)</package>
          <package>msdynce_ServiceAnchor (9.0.23051.1008)</package>
        </Required>
        <Dependent type="60" displayName="CID Portal - Annual Compliance Update Form" parentDisplayName="Account" id="{1f755fc4-dc1d-466c-8faf-7f2ed3c73b6c}" />
      </MissingDependency>
      <MissingDependency>
        <Required type="61" schemaName="msdyn_/Utils/FieldServiceTrial.js" displayName="msdyn_/Utils/FieldServiceTrial.js" solution="FieldService (8.8.0.88)">
          <package>FieldService_Anchor (8.8.91.36)</package>
        </Required>
        <Dependent type="60" displayName="CID Portal - Company Registration Wizard" parentDisplayName="Account" id="{159567aa-2711-4302-a007-da552af243f8}" />
      </MissingDependency>
      <MissingDependency>
        <Required type="61" schemaName="msdyn_/Utils/FieldServiceTrial.js" displayName="msdyn_/Utils/FieldServiceTrial.js" solution="FieldService (8.8.0.88)">
          <package>FieldService_Anchor (8.8.91.36)</package>
        </Required>
        <Dependent type="60" displayName="CID Portal - Annual Compliance Update Form" parentDisplayName="Account" id="{1f755fc4-dc1d-466c-8faf-7f2ed3c73b6c}" />
      </MissingDependency>
      <MissingDependency>
        <Required type="61" schemaName="Sales/ClientCommon/Sales_ClientCommon.js" displayName="Sales/ClientCommon/Sales_ClientCommon.js" solution="msdynce_Sales (9.0.4.0076)">
          <package>msdynce_SalesAnchor (9.0.23051.10043)</package>
        </Required>
        <Dependent type="60" displayName="CID Portal - Company Registration Wizard" parentDisplayName="Account" id="{159567aa-2711-4302-a007-da552af243f8}" />
      </MissingDependency>
    </MissingDependencies>
  </SolutionManifest>
</ImportExportXml>