<ImportExportXml xmlns:xsi="http://www.w3.org/2001/XMLSchema-instance">
  <Entities>
    <Entity>
      <Name LocalizedName="Registered Mark" OriginalName="Registered Mark">fdr_RegisteredMark</Name>
      <EntityInfo>
        <entity Name="fdr_RegisteredMark">
          <attributes />
        </entity>
      </EntityInfo>
      <SavedQueries>
        <savedqueries>
          <savedquery>
            <IsCustomizable>1</IsCustomizable>
            <CanBeDeleted>0</CanBeDeleted>
            <isquickfindquery>0</isquickfindquery>
            <isprivate>0</isprivate>
            <isdefault>1</isdefault>
            <savedqueryid>{40475b8a-3345-413b-8fd6-e80ed986c2de}</savedqueryid>
            <layoutxml>
              <grid name="resultset" jump="fdr_name" select="1" icon="1" preview="1">
                <row name="result" id="fdr_registeredmarkid">
                  <cell name="fdr_servicerequest" width="150" imageproviderfunctionname="" imageproviderwebresource="$webresource:" />
                  <cell name="fdr_marktype" width="100" />
                  <cell name="fdr_marktext" width="150" imageproviderfunctionname="" imageproviderwebresource="$webresource:" />
                  <cell name="statecode" width="100" />
                  <cell name="createdon" width="125" />
                  <cell name="modifiedon" width="100" />
                </row>
              </grid>
            </layoutxml>
            <querytype>0</querytype>
            <fetchxml>
              <fetch version="1.0" mapping="logical">
                <entity name="fdr_registeredmark">
                  <attribute name="createdon" />
                  <order attribute="fdr_servicerequest" descending="false" />
                  <attribute name="statecode" />
                  <attribute name="modifiedon" />
                  <attribute name="fdr_marktype" />
                  <attribute name="fdr_marktext" />
                  <attribute name="fdr_servicerequest" />
                  <attribute name="fdr_registeredmarkid" />
                </entity>
              </fetch>
            </fetchxml>
            <IntroducedVersion>1.0</IntroducedVersion>
            <LocalizedNames>
              <LocalizedName description="Registered Marks" languagecode="1033" />
              <LocalizedName description="Marques enregistrées" languagecode="1036" />
            </LocalizedNames>
          </savedquery>
        </savedqueries>
      </SavedQueries>
      <RibbonDiffXml>
        <CustomActions>
          <HideCustomAction HideActionId="fdr.Mscrm.HomepageGrid.fdr_registeredmark.NewRecord.Hide" Location="Mscrm.HomepageGrid.fdr_registeredmark.NewRecord" />
        </CustomActions>
        <Templates>
          <RibbonTemplates Id="Mscrm.Templates"></RibbonTemplates>
        </Templates>
        <CommandDefinitions />
        <RuleDefinitions>
          <TabDisplayRules />
          <DisplayRules />
          <EnableRules />
        </RuleDefinitions>
        <LocLabels />
      </RibbonDiffXml>
    </Entity>
    <Entity>
      <Name LocalizedName="Service Request" OriginalName="Service Request">fdr_ServiceRequest</Name>
      <FormXml>
        <forms type="main">
          <systemform>
            <formid>{337e6783-6be4-4278-82d0-ee57257802dc}</formid>
            <IntroducedVersion>1.0.0.0</IntroducedVersion>
            <FormPresentation>1</FormPresentation>
            <FormActivationState>1</FormActivationState>
            <form headerdensity="HighWithControls" shownavigationbar="true" showImage="false" maxWidth="1920">
              <tabs>
                <tab verticallayout="true" id="{ff127529-3ddd-471a-b98e-ea0e68fb1e34}" IsUserDefined="1" name="General">
                  <labels>
                    <label description="General" languagecode="1033" />
                    <label description="Général" languagecode="1036" />
                  </labels>
                  <columns>
                    <column width="30%">
                      <sections>
                        <section name="_section_382" id="4fc7e859-c765-4fcc-9a10-7bf64df07dbc" IsUserDefined="0" locklevel="0" showlabel="true" showbar="false" layout="varwidth" celllabelalignment="Left" celllabelposition="Left" columns="11" labelwidth="115">
                          <labels>
                            <label description="SERVICE REQUEST" languagecode="1033" />
                            <label description="Demande de service" languagecode="1036" />
                          </labels>
                          <rows>
                            <row>
                              <cell id="{fdad5b5e-00ee-4421-9cb2-fab2ae0ceb0b}" locklevel="0" colspan="1" rowspan="1">
                                <labels>
                                  <label description="CRSD Status" languagecode="1033" />
                                  <label description="Statut de PSRC" languagecode="1036" />
                                </labels>
                                <control id="fdr_crsd_status" classid="{3EF39988-22BB-4F0B-BBBE-64B5A3748AEE}" datafieldname="fdr_crsd_status" disabled="true" />
                              </cell>
                              <cell id="{1e6e0b2b-8b3b-4693-b196-eae29b25189e}" locklevel="0" colspan="1" rowspan="1">
                                <labels>
                                  <label description="General Service Duration" languagecode="1033" />
                                  <label description="Durée de la demande de service" languagecode="1036" />
                                </labels>
                                <control id="fdr_tgs_duration" classid="{AA987274-CE4E-4271-A803-66164311A958}" datafieldname="fdr_tgs_duration" disabled="true" />
                              </cell>
                            </row>
                            <row>
                              <cell id="{0de81b2b-2ef9-4b50-84d3-dcf5bb9e9fde}" locklevel="0" colspan="1" rowspan="1">
                                <labels>
                                  <label description="Days Remaining" languagecode="1033" />
                                  <label description="Nombre de jours restant" languagecode="1036" />
                                </labels>
                                <control id="fdr_daysremaining" classid="{C6D124CA-7EDA-4A60-AEA9-7FB8D318B68F}" datafieldname="fdr_daysremaining" disabled="true" />
                              </cell>
                              <cell id="{6c5d94e1-4a5d-4935-8f0b-6d022fdacb2b}" locklevel="0" colspan="1" rowspan="1">
                                <labels>
                                  <label description="Service Standard Duration" languagecode="1033" />
                                  <label description="Durée de la norme de service" languagecode="1036" />
                                </labels>
                                <control id="fdr_tss_duration" classid="{AA987274-CE4E-4271-A803-66164311A958}" datafieldname="fdr_tss_duration" disabled="true" />
                              </cell>
                            </row>
                          </rows>
                        </section>
                        <section showlabel="false" showbar="false" IsUserDefined="0" id="{8f1d4962-fb41-44f5-a82e-52e22d8a5889}" name="General" columns="1" locklevel="1" labelwidth="130" celllabelalignment="Left" celllabelposition="Left">
                          <labels>
                            <label description="General" languagecode="1033" />
                            <label description="Général" languagecode="1036" />
                          </labels>
                          <rows>
                            <row>
                              <cell id="{571260de-84d6-6e03-3434-5509ac122d65}" showlabel="true" locklevel="0">
                                <labels>
                                  <label description="Service Request Type" languagecode="1033" />
                                  <label description="Type de demande de service" languagecode="1036" />
                                </labels>
                                <control id="fdr_srtype" classid="{3EF39988-22BB-4f0b-BBBE-64B5A3748AEE}" datafieldname="fdr_srtype" disabled="false" uniqueid="{a26e9d00-8a31-0042-b619-2ced884dbdab}" />
                              </cell>
                            </row>
                            <row>
                              <cell locklevel="0" id="{ff481cdb-0069-4a8c-b621-c1f7556f6275}" colspan="1" rowspan="1">
                                <labels>
                                  <label description="New QV control 1650506799661" languagecode="1033" />
                                  <label description="Type d'inscription" languagecode="1036" />
                                </labels>
                                <control id="QuickviewControl1650506799661" classid="{5C5600E0-1D6E-4205-A272-BE80DA87FD42}" datafieldname="fdr_containertype" disabled="false">
                                  <parameters>
                                    <DisplayAsCustomer360Tile>false</DisplayAsCustomer360Tile>
                                    <QuickForms>&lt;QuickFormIds&gt;&lt;QuickFormId entityname="fdr_containertype"&gt;366bdbda-af80-4f4b-8ef7-2378d8239b70&lt;/QuickFormId&gt;&lt;/QuickFormIds&gt;</QuickForms>
                                  </parameters>
                                </control>
                              </cell>
                            </row>
                            <row>
                              <cell id="{16577e36-9094-41c1-a8bc-205877982c56}" locklevel="0" colspan="1" rowspan="1">
                                <labels>
                                  <label description="Site" languagecode="1033" />
                                  <label description="Site" languagecode="1036" />
                                </labels>
                                <control id="header_fdr_site" classid="{270BD3DB-D9AF-4782-9025-509E298DEC0A}" datafieldname="fdr_site" disabled="false">
                                  <parameters>
                                    <DisableMru>true</DisableMru>
                                    <DefaultViewId>{7B62C6EE-865B-EB11-A812-000D3A84DB40}</DefaultViewId>
                                    <AvailableViewIds>{A9AF0AB8-861D-4CFA-92A5-C6281FED7FAB},{61273827-328E-E011-95AE-00155D9CFA03},{61273827-328E-E011-95AE-00155D9CFA02},{15C63745-0A6E-4322-8416-A62C84D90279},{CFBCD7AF-AEE5-4E45-8ECC-C040D4020581},{49FB9771-09E1-4E70-B193-198752493577},{00000000-0000-0000-00AA-000010001002},{82CC4863-AA98-EB11-B1AC-000D3AE93A4F},{65FFAF9A-E8C5-432D-860B-32F841B00D87},{A0BE1CB3-8525-EC11-B6E6-0022483CB5CD},{6E812D65-8725-EC11-B6E6-0022483CB5CD},{40662D0E-D694-EC11-B3FE-000D3A0C829E},{84F03662-9E28-EC11-B6E6-0022483CB5CD},{C8DB5060-4A4D-EC11-8F8E-000D3AE9A753},{D540E97A-C892-EC11-B3FE-000D3A0C187C},{048F4D4F-C892-EC11-B3FE-000D3A0C187C},{3FFFABCB-74C0-EC11-983E-0022483DB9D8},{7DE498C2-508F-49A4-B2E8-D550D5B1B9EE},{00000000-0000-0000-00AA-000010001031},{00000000-0000-0000-00AA-000010001001},{D234426E-1F37-4944-9255-50E19B541C4C},{AA2BA086-5AD4-EB11-BACC-000D3AF3999C},{2253BE98-5AD4-EB11-BACC-000D3AF38CD4},{FDBC939A-2403-EB11-A813-000D3AF3AC0D},{8965DC8D-460A-EB11-A813-000D3AF3A7A7},{D15E48F6-E8FE-E811-8165-000D3AF92C6E},{0F928982-20D3-E811-815B-000D3AFD1036},{7B62C6EE-865B-EB11-A812-000D3A84DB40},{FF211CB9-117A-EC11-8D20-000D3AFF1221},{7C363E5F-5BD4-EB11-BACC-000D3AF3999C},{E7BA8BD8-440A-EB11-A813-000D3AF3A7A7},{906591F6-654C-EC11-8F8E-000D3AE8E96E},{57962920-5929-EB11-A813-000D3AF3A7A7}</AvailableViewIds>
                                    <DisableViewPicker>true</DisableViewPicker>
                                  </parameters>
                                </control>
                              </cell>
                            </row>
                            <row>
                              <cell id="{6418db52-20ae-4939-a5d2-342f2423a3ae}" locklevel="0" colspan="1" rowspan="1">
                                <labels>
                                  <label description="Operation" languagecode="1033" />
                                  <label description="Opération" languagecode="1036" />
                                </labels>
                                <control id="fdr_operation" classid="{270BD3DB-D9AF-4782-9025-509E298DEC0A}" datafieldname="fdr_operation" disabled="false">
                                  <parameters>
                                    <DependentAttributeName>fdr_servicerequest.fdr_site</DependentAttributeName>
                                    <DependentAttributeType>account</DependentAttributeType>
                                    <FilterRelationshipName>ovs_MOCRegistration_Site</FilterRelationshipName>
                                    <DefaultViewId>{287F0E17-478E-ED11-AAD1-0022483D0343}</DefaultViewId>
                                    <AvailableViewIds>{287F0E17-478E-ED11-AAD1-0022483D0343},{98C7FEE1-1D9F-4226-89BB-26E6BE7057F8},{B0788597-9F4C-EC11-8F8E-000D3AE8E96E},{6551506E-B87E-EC11-8D20-0022483E1408},{2A19C226-6817-ED11-B83F-000D3A84CFDD},{8E1F1C91-5017-ED11-B83F-000D3A84CFDD},{6EFB73D4-5617-ED11-B83E-000D3A0C8551},{D9019D8C-BF7E-EC11-8D20-0022483E1408},{BCA7A8A3-E2D0-EC11-A7B5-0022483E7AD0},{264F8095-3CFD-EC11-82E6-000D3A848097},{B0DCB9F2-1C7A-EC11-8D20-000D3AFF1221},{93F38437-2A9B-EC11-B3FE-0022483DA640},{00D793A4-1F0D-ED11-B83D-000D3A84CFDD},{873176C8-B2AE-EC11-983E-000D3A8476C5},{BB20C95B-1918-ED11-B83F-000D3A84CFDD},{17B7E3B3-67B0-EC11-983E-000D3A84ADBC},{0B7E7B0D-331F-ED11-B83D-000D3A0C8551},{382AE718-7ADC-40A1-AF1B-BF4ACAA09635},{E40B9EB1-9F4C-EC11-8F8E-000D3AE8E96E},{8D7B5DE0-0734-EC11-8C64-0022483DB1E9},{DA8C6B4D-1E30-4208-AC97-8B931A9F5954},{20DD646C-D283-4811-8284-CE954C81A186},{7E35F6A5-AF6D-40F3-B3AA-3369350F8C35},{FD6C3CF0-FF1E-ED11-B83E-000D3A84CFDD},{A129070F-1709-ED11-82E5-000D3A84CFDD},{A6FBFBAA-153C-EC11-8C62-0022483D71B4}</AvailableViewIds>
                                    <DisableViewPicker>true</DisableViewPicker>
                                  </parameters>
                                </control>
                              </cell>
                            </row>
                            <row>
                              <cell id="{c1993fcb-f2a2-4c53-9d5f-643fe6c4515a}" locklevel="0" colspan="1" rowspan="1">
                                <labels>
                                  <label description="Registration Type" languagecode="1033" />
                                  <label description="Type d'inscription" languagecode="1036" />
                                </labels>
                                <control id="fdr_containertype" classid="{270BD3DB-D9AF-4782-9025-509E298DEC0A}" datafieldname="fdr_containertype" disabled="false">
                                  <parameters />
                                </control>
                              </cell>
                            </row>
                            <row>
                              <cell id="{80d24621-2eab-a6e3-13d7-451e1c08739e}" showlabel="false" colspan="1" auto="false">
                                <labels>
                                  <label description="ServiceRequestOperation" languagecode="1033" />
                                  <label description="Opération de la demande de service" languagecode="1036" />
                                </labels>
                                <control id="ServiceRequestOperation" classid="{5C5600E0-1D6E-4205-A272-BE80DA87FD42}" datafieldname="fdr_operation" disabled="false">
                                  <parameters>
                                    <QuickForms>&lt;QuickFormIds&gt;&lt;QuickFormId entityname="ovs_mocregistration"&gt;c13589bf-4560-ed11-9562-0022483d0c87&lt;/QuickFormId&gt;&lt;/QuickFormIds&gt;</QuickForms>
                                    <ControlMode>Edit</ControlMode>
                                    <DisplayAsCustomer360Tile>false</DisplayAsCustomer360Tile>
                                  </parameters>
                                </control>
                              </cell>
                            </row>
                            <row>
                              <cell id="{9f1624f0-f6b1-43cf-b285-552b9dee3e40}" locklevel="0" colspan="1" rowspan="1">
                                <labels>
                                  <label description="Service Request Submission Date" languagecode="1033" />
                                  <label description="Date de soumission de la demande de service" languagecode="1036" />
                                </labels>
                                <control id="fdr_submissiondate" classid="{5B773807-9FB2-42DB-97C3-7A91EFF8ADFF}" datafieldname="fdr_submissiondate" disabled="true" />
                              </cell>
                            </row>
                            <row>
                              <cell id="{8c983367-1192-255a-48e9-3ea8613a7d60}" showlabel="true" locklevel="0" visible="false">
                                <labels>
                                  <label description="Refusal Justification" languagecode="1033" />
                                  <label description="Justification du refus" languagecode="1036" />
                                </labels>
                                <control id="fdr_refusaljustification" classid="{E0DECE4B-6FC8-4a8f-A065-082708572369}" datafieldname="fdr_refusaljustification" disabled="false" uniqueid="{6476bc69-7cb3-00c5-26dc-53253a9455dc}" />
                              </cell>
                            </row>
                            <row>
                              <cell id="{f9d5907f-3980-404f-a3f9-cc23612a3304}" locklevel="0" colspan="1" rowspan="1">
                                <labels>
                                  <label description="Related Work Order" languagecode="1033" />
                                  <label description="Ordre de travail correspondant" languagecode="1036" />
                                </labels>
                                <control id="fdr_relatedworkorder" classid="{270BD3DB-D9AF-4782-9025-509E298DEC0A}" datafieldname="fdr_relatedworkorder" disabled="true" />
                              </cell>
                            </row>
                            <row>
                              <cell id="{bc1bc87e-a3e9-47a1-9f08-66ebfcc7a964}" colspan="1" rowspan="1">
                                <labels>
                                  <label description="Owner" languagecode="1033" />
                                  <label description="Propriétaire" languagecode="1036" />
                                </labels>
                                <control id="header_ownerid" classid="{270BD3DB-D9AF-4782-9025-509E298DEC0A}" datafieldname="ownerid" disabled="true" />
                              </cell>
                            </row>
                            <row>
                              <cell id="{50ef7940-cf18-4c95-81e1-fb4eb5987430}" locklevel="0" colspan="1" rowspan="1" visible="false">
                                <labels>
                                  <label description="Latest Performance Change Date" languagecode="1033" />
                                </labels>
                                <control id="fdr_latestperformancechange" classid="{5B773807-9FB2-42DB-97C3-7A91EFF8ADFF}" datafieldname="fdr_latestperformancechange" disabled="false" />
                              </cell>
                            </row>
                          </rows>
                        </section>
                        <section name="General_section_5" showlabel="true" showbar="false" locklevel="0" id="{0177d059-8488-5abe-b87d-d8e7258d9250}" IsUserDefined="0" layout="varwidth" columns="1" labelwidth="115" celllabelalignment="Left" celllabelposition="Left" visible="false">
                          <labels>
                            <label description="CONDITIONS" languagecode="1033" />
                            <label description="Conditions" languagecode="1036" />
                          </labels>
                          <rows>
                            <row>
                              <cell id="{a8c8d9b9-a596-4f00-96de-d7fb16cb9ef4}" showlabel="false">
                                <labels>
                                  <label description="" languagecode="1033" />
                                </labels>
                              </cell>
                            </row>
                          </rows>
                        </section>
                        <section name="Section_Audit" id="b891a867-1b08-43c5-8f38-65778f4d350d" IsUserDefined="0" locklevel="0" showlabel="false" showbar="false" layout="varwidth" celllabelalignment="Left" celllabelposition="Left" columns="1" labelwidth="115">
                          <labels>
                            <label description="Audit" languagecode="1033" />
                          </labels>
                          <rows>
                            <row>
                              <cell id="{49911e18-29ff-45c1-b608-28b6c372cb6e}">
                                <labels>
                                  <label description="" languagecode="1033" />
                                </labels>
                              </cell>
                            </row>
                          </rows>
                        </section>
                      </sections>
                    </column>
                    <column width="70%">
                      <sections>
                        <section name="General_section_8" id="c5e6ccda-c84e-4cc5-98cf-506a98c4ccda" IsUserDefined="0" locklevel="0" showlabel="true" showbar="false" layout="varwidth" celllabelalignment="Left" celllabelposition="Left" columns="1" labelwidth="115">
                          <labels>
                            <label description="FUNCTIONS" languagecode="1033" />
                            <label description="Fonctions" languagecode="1036" />
                          </labels>
                          <rows>
                            <row>
                              <cell locklevel="0" id="{997b9cd2-b719-40ea-9fd3-63f7abd5fad1}" rowspan="1" colspan="1" auto="false" showlabel="false">
                                <labels>
                                  <label description="New SG control 1650384953656" languagecode="1033" />
                                  <label description="Fonctions" languagecode="1036" />
                                </labels>
                                <control id="Subgrid_1" classid="{E7A81278-8635-4D9E-8D4D-59480B391C5B}" indicationOfSubgrid="true">
                                  <parameters>
                                    <RecordsPerPage>10</RecordsPerPage>
                                    <AutoExpand>Fixed</AutoExpand>
                                    <EnableQuickFind>false</EnableQuickFind>
                                    <TargetEntityType>fdr_servicerequestfunction</TargetEntityType>
                                    <ViewId>{241E9D45-8266-ED11-9562-0022483D0343}</ViewId>
                                    <ViewIds>{F402F873-F5EE-434B-84EB-296D66A04C39},{241E9D45-8266-ED11-9562-0022483D0343}</ViewIds>
                                    <EnableViewPicker>false</EnableViewPicker>
                                    <RelationshipName>fdr_ServiceRequestFunction_ServiceRequest</RelationshipName>
                                  </parameters>
                                </control>
                              </cell>
                            </row>
                          </rows>
                        </section>
                        <section name="null_section_5" id="f4e5dc87-c297-4fda-b61c-481adf73dc97" IsUserDefined="0" locklevel="0" showlabel="true" showbar="false" layout="varwidth" celllabelalignment="Left" celllabelposition="Left" columns="1" labelwidth="115">
                          <labels>
                            <label description="REGISTERED MARKS" languagecode="1033" />
                            <label description="Marques enregistrées" languagecode="1036" />
                          </labels>
                          <rows>
                            <row>
                              <cell locklevel="0" id="{380b835c-94f2-46e3-926e-057755be2e2b}" rowspan="6" colspan="1" auto="false" showlabel="false">
                                <labels>
                                  <label description="New SG control 1652808101492" languagecode="1033" />
                                  <label description="Fonctions" languagecode="1036" />
                                </labels>
                                <control id="Subgrid_3" classid="{E7A81278-8635-4d9e-8D4D-59480B391C5B}" indicationOfSubgrid="true" uniqueid="{777c3417-41e9-5d60-5c8c-e9c855434122}">
                                  <parameters>
                                    <RecordsPerPage>4</RecordsPerPage>
                                    <AutoExpand>Fixed</AutoExpand>
                                    <EnableQuickFind>false</EnableQuickFind>
                                    <EnableViewPicker>false</EnableViewPicker>
                                    <EnableChartPicker>true</EnableChartPicker>
                                    <ChartGridMode>All</ChartGridMode>
                                    <TargetEntityType>fdr_registeredmark</TargetEntityType>
                                    <ViewId>{40475B8A-3345-413B-8FD6-E80ED986C2DE}</ViewId>
                                    <ViewIds>{40475B8A-3345-413B-8FD6-E80ED986C2DE}</ViewIds>
                                    <RelationshipName>fdr_ServiceRequest_fdr_ServiceRequest_fdr</RelationshipName>
                                    <HeaderColorCode>#F3F3F3</HeaderColorCode>
                                    <IsUserView>false</IsUserView>
                                    <EnableJumpBar>false</EnableJumpBar>
                                    <IsUserChart>false</IsUserChart>
                                  </parameters>
                                </control>
                              </cell>
                            </row>
                            <row />
                            <row />
                            <row />
                            <row />
                            <row />
                          </rows>
                        </section>
                        <section name="General_section_9" showlabel="true" showbar="false" locklevel="0" id="{a21753b3-b5da-d56a-75bd-04688b9107e2}" IsUserDefined="0" layout="varwidth" columns="1" labelwidth="115" celllabelalignment="Left" celllabelposition="Left">
                          <labels>
                            <label description="REGULATORY REQUIREMENTS" languagecode="1033" />
                            <label description="Exigences réglementaires" languagecode="1036" />
                          </labels>
                          <rows>
                            <row>
                              <cell id="{a74135ab-2769-aed4-c06a-e10478a68462}" showlabel="false" colspan="1" auto="false" rowspan="6">
                                <labels>
                                  <label description="Regulatory Requirements" languagecode="1033" />
                                  <label description="Fonctions" languagecode="1036" />
                                </labels>
                                <control id="grdRegulatoryRequirements" classid="{E7A81278-8635-4d9e-8D4D-59480B391C5B}" indicationOfSubgrid="true">
                                  <parameters>
                                    <ViewId>{59CDFD10-E97B-43C1-8D29-991AF31B7BDC}</ViewId>
                                    <IsUserView>false</IsUserView>
                                    <RelationshipName>fdr_regulatoryrequirement_servicerequest</RelationshipName>
                                    <TargetEntityType>fdr_regulatoryrequirement</TargetEntityType>
                                    <AutoExpand>Fixed</AutoExpand>
                                    <EnableQuickFind>false</EnableQuickFind>
                                    <EnableViewPicker>false</EnableViewPicker>
                                    <ViewIds>{59CDFD10-E97B-43C1-8D29-991AF31B7BDC}</ViewIds>
                                    <EnableJumpBar>false</EnableJumpBar>
                                    <ChartGridMode>All</ChartGridMode>
                                    <VisualizationId />
                                    <IsUserChart>false</IsUserChart>
                                    <EnableChartPicker>true</EnableChartPicker>
                                    <RecordsPerPage>4</RecordsPerPage>
                                    <HeaderColorCode>#F3F3F3</HeaderColorCode>
                                    <RelationshipRoleOrdinal>2</RelationshipRoleOrdinal>
                                  </parameters>
                                </control>
                              </cell>
                            </row>
                            <row />
                            <row />
                            <row />
                            <row />
                            <row />
                          </rows>
                        </section>
                        <section name="Section_Equipments" id="a83fcb9d-3c03-4cef-ac56-5759f641f141" IsUserDefined="0" locklevel="0" showlabel="true" showbar="false" layout="varwidth" celllabelalignment="Left" celllabelposition="Left" columns="1" labelwidth="115">
                          <labels>
                            <label description="Equipments" languagecode="1033" />
                            <label description="Équipements" languagecode="1036" />
                          </labels>
                          <rows>
                            <row>
                              <cell locklevel="0" id="{5b69be96-24fd-4ef3-9f34-756c1675e8b4}" rowspan="4" colspan="1" auto="false" showlabel="false">
                                <labels>
                                  <label description="Equipments" languagecode="1033" />
                                  <label description="Fonctions" languagecode="1036" />
                                </labels>
                                <control indicationOfSubgrid="true" id="Subgrid_Equipments" classid="{E7A81278-8635-4D9E-8D4D-59480B391C5B}">
                                  <parameters>
                                    <RecordsPerPage>4</RecordsPerPage>
                                    <AutoExpand>Fixed</AutoExpand>
                                    <EnableQuickFind>false</EnableQuickFind>
                                    <EnableViewPicker>false</EnableViewPicker>
                                    <EnableChartPicker>true</EnableChartPicker>
                                    <ChartGridMode>All</ChartGridMode>
                                    <TargetEntityType>fdr_equipment</TargetEntityType>
                                    <ViewId>{3A5D0C3A-0BA0-45D5-A7A3-2B72880B5747}</ViewId>
                                    <ViewIds>{3A5D0C3A-0BA0-45D5-A7A3-2B72880B5747}</ViewIds>
                                    <RelationshipName>fdr_Equipment_ServiceRequest</RelationshipName>
                                  </parameters>
                                </control>
                              </cell>
                            </row>
                            <row />
                            <row />
                            <row />
                          </rows>
                        </section>
                        <section name="General_section_7" id="4faa6a32-45a1-429f-9c58-b8feabfd88b9" IsUserDefined="0" locklevel="0" showlabel="false" showbar="false" layout="varwidth" celllabelalignment="Left" celllabelposition="Left" columns="1" labelwidth="115">
                          <labels>
                            <label description="New Section" languagecode="1033" />
                            <label description="Nouvelle section" languagecode="1036" />
                          </labels>
                          <rows>
                            <row>
                              <cell locklevel="0" id="{166c4dab-5d36-4cb1-aef1-42b71d0cf148}" rowspan="15" colspan="1">
                                <labels>
                                  <label description="Note Text" languagecode="1033" />
                                  <label description="Texte de note" languagecode="1036" />
                                </labels>
                                <control id="notescontrol" classid="{06375649-C143-495E-A496-C962E5B4488E}" disabled="false">
                                  <parameters>
                                    <UClientRecordPerPage>3</UClientRecordPerPage>
                                    <UClientActivities>appointment,email,phonecall,recurringappointmentmaster,socialactivity,task,fax,letter</UClientActivities>
                                    <UClientDisplayActivityUsing>defaultfields</UClientDisplayActivityUsing>
                                    <UClientActivityCardMap>appointment:4201:,campaignactivity:4402:,campaignresponse:4401:,email:4202:,fax:4204:,incidentresolution:4206:,letter:4207:,opportunityclose:4208:,orderclose:4209:,phonecall:4210:,quoteclose:4211:,recurringappointmentmaster:4251:,serviceappointment:4214:,socialactivity:4216:,task:4212:,adx_alertsubscription:10662:,adx_inviteredemption:10665:,adx_portalcomment:10714:,cid_activityreviewlog:10747:,msdyn_bookingalert:10378:,msdyn_ocliveworkitem:10955:,msdyn_ocsession:10972:,msfp_alert:10261:,msfp_surveyinvite:10271:,msfp_surveyresponse:10273:,ovs_cancellationrequest:10555:,ovs_confirmationofcompliance:10558:,ovs_cyaction:10559:,ovs_followuprequest:10563:,ovs_revisedquarterrequest:10576:,</UClientActivityCardMap>
                                    <UClientActivitiesConfigurationJSON>{"opportunityclose":{"showStatus":false,"canCreate":false,"createUsing":"default","openUsing":"default"},"orderclose":{"showStatus":false,"canCreate":false,"createUsing":"default","openUsing":"default"},"campaignactivity":{"showStatus":true,"canCreate":false,"createUsing":"default","openUsing":"default"},"fax":{"showStatus":true,"canCreate":false,"createUsing":"default","openUsing":"default"},"incidentresolution":{"showStatus":false,"canCreate":false,"createUsing":"default","openUsing":"default"},"letter":{"showStatus":true,"canCreate":false,"createUsing":"default","openUsing":"default"},"quoteclose":{"showStatus":false,"canCreate":false,"createUsing":"default","openUsing":"default"},"adx_alertsubscription":{"showStatus":true,"canCreate":true,"createUsing":"default","openUsing":"default"},"adx_inviteredemption":{"showStatus":true,"canCreate":true,"createUsing":"default","openUsing":"default"},"adx_portalcomment":{"showStatus":true,"canCreate":true,"createUsing":"default","openUsing":"default"},"cid_activityreviewlog":{"showStatus":true,"canCreate":true,"createUsing":"default","openUsing":"default"},"msdyn_bookingalert":{"showStatus":true,"canCreate":true,"createUsing":"default","openUsing":"default"},"msdyn_ocliveworkitem":{"showStatus":true,"canCreate":false,"createUsing":"default","openUsing":"default"},"msdyn_ocsession":{"showStatus":true,"canCreate":true,"createUsing":"default","openUsing":"default"},"msfp_alert":{"showStatus":true,"canCreate":true,"createUsing":"default","openUsing":"default"},"msfp_surveyinvite":{"showStatus":true,"canCreate":false,"createUsing":"default","openUsing":"default"},"msfp_surveyresponse":{"showStatus":true,"canCreate":false,"createUsing":"default","openUsing":"default"},"ovs_cancellationrequest":{"showStatus":true,"canCreate":true,"createUsing":"default","openUsing":"default"},"ovs_confirmationofcompliance":{"showStatus":true,"canCreate":true,"createUsing":"default","openUsing":"default"},"ovs_cyaction":{"showStatus":true,"canCreate":true,"createUsing":"default","openUsing":"default"},"ovs_followuprequest":{"showStatus":true,"canCreate":false,"createUsing":"default","openUsing":"default"},"ovs_revisedquarterrequest":{"showStatus":true,"canCreate":true,"createUsing":"default","openUsing":"default"}}</UClientActivitiesConfigurationJSON>
                                  </parameters>
                                </control>
                              </cell>
                            </row>
                            <row />
                            <row />
                            <row />
                            <row />
                            <row />
                            <row />
                            <row />
                            <row />
                            <row />
                            <row />
                            <row />
                            <row />
                            <row />
                            <row />
                          </rows>
                        </section>
                      </sections>
                    </column>
                  </columns>
                </tab>
                <tab name="tab_6" id="38933dbd-1809-4a50-ac01-9ef2352c8bcd" IsUserDefined="0" locklevel="0" showlabel="true" visible="false">
                  <labels>
                    <label description="Integration" languagecode="1033" />
                    <label description="Intégration" languagecode="1036" />
                  </labels>
                  <columns>
                    <column width="100%">
                      <sections>
                        <section name="Integration_Section" id="648fd0eb-a185-4224-ae51-2d2f0f6bf990" IsUserDefined="0" locklevel="0" showlabel="false" showbar="false" layout="varwidth" celllabelalignment="Left" celllabelposition="Left" columns="1" labelwidth="115">
                          <labels>
                            <label description="IntegrationSection" languagecode="1033" />
                            <label description="Section d'intégration" languagecode="1036" />
                          </labels>
                          <rows>
                            <row>
                              <cell id="{4d93806d-d267-4885-b5a8-686da36edd3c}" locklevel="0" colspan="1" rowspan="1">
                                <labels>
                                  <label description="MTOA SR ID" languagecode="1033" />
                                  <label description="MTOA SR ID" languagecode="1036" />
                                </labels>
                                <control id="fdr_mtoa_sr_id" classid="{C6D124CA-7EDA-4A60-AEA9-7FB8D318B68F}" datafieldname="fdr_mtoa_sr_id" disabled="true" />
                              </cell>
                            </row>
                            <row>
                              <cell id="{23de3e88-0d08-4421-96a9-7caa9de7f6f3}" locklevel="0" colspan="1" rowspan="1">
                                <labels>
                                  <label description="CRSD Status" languagecode="1033" />
                                  <label description="CRSD Status" languagecode="1036" />
                                </labels>
                                <control id="fdr_crsd_status" classid="{3EF39988-22BB-4F0B-BBBE-64B5A3748AEE}" datafieldname="fdr_crsd_status" disabled="true" />
                              </cell>
                            </row>
                            <row>
                              <cell id="{6a04dbec-827b-47a4-84e5-76917357150e}" locklevel="0" colspan="1" rowspan="1">
                                <labels>
                                  <label description="Portal Contact" languagecode="1033" />
                                  <label description="Contact du portail" languagecode="1036" />
                                </labels>
                                <control id="fdr_portalcontact" classid="{270BD3DB-D9AF-4782-9025-509E298DEC0A}" datafieldname="fdr_portalcontact" disabled="false" />
                              </cell>
                            </row>
                            <row>
                              <cell locklevel="0" id="{9d510c58-5f8e-4af5-bf14-5fcd1ec619fe}" colspan="1" rowspan="1">
                                <labels>
                                  <label description="New QV control 1656517516992" languagecode="1033" />
                                  <label description="Contact du portail" languagecode="1036" />
                                </labels>
                                <control id="QuickviewControl1656517516992" classid="{5C5600E0-1D6E-4205-A272-BE80DA87FD42}" datafieldname="fdr_portalcontact">
                                  <parameters>
                                    <DisplayAsCustomer360Tile>false</DisplayAsCustomer360Tile>
                                    <QuickForms>&lt;QuickFormIds&gt;&lt;QuickFormId entityname="contact"&gt;26994126-c2f7-ec11-82e4-000d3a8483f6&lt;/QuickFormId&gt;&lt;/QuickFormIds&gt;</QuickForms>
                                  </parameters>
                                </control>
                              </cell>
                            </row>
                            <row>
                              <cell id="{bf34abe7-581d-4266-aeca-372722890a5d}" locklevel="0" colspan="1" rowspan="1">
                                <labels>
                                  <label description="Cost Recovery Attribute" languagecode="1033" />
                                  <label description="Cost Recovery Attribute" languagecode="1036" />
                                </labels>
                                <control id="fdr_costrecoveryattribute" classid="{270BD3DB-D9AF-4782-9025-509E298DEC0A}" datafieldname="fdr_costrecoveryattribute" disabled="false" />
                              </cell>
                            </row>
                            <row>
                              <cell locklevel="0" id="{563bcf10-f6c7-4590-8a1e-bf8964f030a9}" colspan="1" rowspan="1">
                                <labels>
                                  <label description="New QV control 1656517110516" languagecode="1033" />
                                  <label description="Attribut de recouvrement des coûts" languagecode="1036" />
                                </labels>
                                <control id="QuickviewControl1656517110516" classid="{5C5600E0-1D6E-4205-A272-BE80DA87FD42}" datafieldname="fdr_costrecoveryattribute" disabled="false">
                                  <parameters>
                                    <DisplayAsCustomer360Tile>false</DisplayAsCustomer360Tile>
                                    <QuickForms>&lt;QuickFormIds&gt;&lt;QuickFormId entityname="fdr_costrecoveryattribute"&gt;0db7a267-3e98-40b9-b047-14b4092b93f8&lt;/QuickFormId&gt;&lt;/QuickFormIds&gt;</QuickForms>
                                  </parameters>
                                </control>
                              </cell>
                            </row>
                          </rows>
                        </section>
                      </sections>
                    </column>
                  </columns>
                </tab>
                <tab name="tab_4" id="1e830012-4c84-459e-94f3-9ffd97c53bdb" IsUserDefined="0" locklevel="0" showlabel="true">
                  <labels>
                    <label description="Documents" languagecode="1033" />
                    <label description="Documents" languagecode="1036" />
                  </labels>
                  <columns>
                    <column width="100%">
                      <sections>
                        <section name="tab_4_section_1" id="5c873813-13d9-4f1d-b4b6-d42d109f108f" IsUserDefined="0" locklevel="0" showlabel="false" showbar="false" layout="varwidth" celllabelalignment="Left" celllabelposition="Left" columns="1" labelwidth="115" height="auto">
                          <labels>
                            <label description="New Section" languagecode="1033" />
                            <label description="Nouvelle section" languagecode="1036" />
                          </labels>
                          <rows>
                            <row>
                              <cell id="{89186abe-2cc3-0e55-5d65-1eb743e48613}" showlabel="false" colspan="1" auto="true" rowspan="13">
                                <labels>
                                  <label description="Attach2Dynamics" languagecode="1033" />
                                </labels>
                                <control id="WebResource_Attach2Dynamics" classid="{9FDF5F91-88B1-47f4-AD53-C11EFC01A01D}">
                                  <parameters>
                                    <Url>ikl_/Attach2Dynamics/Library/index.html</Url>
                                    <PassParameters>true</PassParameters>
                                    <ShowOnMobileClient>true</ShowOnMobileClient>
                                    <Security>false</Security>
                                    <Scrolling>auto</Scrolling>
                                    <Border>true</Border>
                                    <WebResourceId>{AF16C0DE-3904-E911-80D1-00155D060713}</WebResourceId>
                                  </parameters>
                                </control>
                                <events>
                                  <event name="onload" application="false">
                                    <dependencies />
                                  </event>
                                </events>
                              </cell>
                            </row>
                            <row />
                            <row />
                            <row />
                            <row />
                            <row />
                            <row />
                            <row />
                            <row />
                            <row />
                            <row />
                            <row />
                            <row height="auto" />
                          </rows>
                        </section>
                      </sections>
                    </column>
                  </columns>
                </tab>
                <tab name="tab_TimeTracking" id="efab1a7e-e076-4d6f-bd97-48263e400a96" IsUserDefined="0" locklevel="0" showlabel="true">
                  <labels>
                    <label description="Time Tracking" languagecode="1033" />
                    <label description="Suivi de temps" languagecode="1036" />
                  </labels>
                  <columns>
                    <column width="100%">
                      <sections>
                        <section name="tab_6_section_1" id="8716442d-c849-42fe-b176-b1850a70aba7" IsUserDefined="0" locklevel="0" showlabel="true" showbar="false" layout="varwidth" celllabelalignment="Left" celllabelposition="Left" columns="1" labelwidth="115">
                          <labels>
                            <label description="TIME TRACKING" languagecode="1033" />
                            <label description="Suivi de temps" languagecode="1036" />
                          </labels>
                          <rows>
                            <row>
                              <cell locklevel="0" id="{e8316eaf-fe3b-4446-bad7-ad32e8540218}" rowspan="6" colspan="1" auto="false" showlabel="false">
                                <labels>
                                  <label description="Service Request Service Tasks" languagecode="1033" />
                                  <label description="Suivi de temps" languagecode="1036" />
                                </labels>
                                <control indicationOfSubgrid="true" id="Subgrid_new_4" classid="{F9A8A302-114E-466A-B582-6771B2AE0D92}" uniqueid="{3dbd13e0-7172-89cd-b79e-3073933140e5}">
                                  <parameters>
                                    <RecordsPerPage>16</RecordsPerPage>
                                    <AutoExpand>Fixed</AutoExpand>
                                    <EnableQuickFind>false</EnableQuickFind>
                                    <EnableViewPicker>false</EnableViewPicker>
                                    <EnableChartPicker>true</EnableChartPicker>
                                    <ChartGridMode>All</ChartGridMode>
                                    <TargetEntityType>fdr_servicerequestservicetask</TargetEntityType>
                                    <ViewId>{F1130ECD-3C0E-42E4-AB04-FE5417F21D6E}</ViewId>
                                    <ViewIds>{F1130ECD-3C0E-42E4-AB04-FE5417F21D6E},{4E670025-E10D-ED11-B83D-000D3A0C8551}</ViewIds>
                                    <RelationshipName>fdr_fdr_servicerequestservicetask_servicerequ</RelationshipName>
                                    <HeaderColorCode>#F3F3F3</HeaderColorCode>
                                    <IsUserView>false</IsUserView>
                                    <EnableJumpBar>false</EnableJumpBar>
                                    <VisualizationId />
                                    <IsUserChart>false</IsUserChart>
                                  </parameters>
                                </control>
                              </cell>
                            </row>
                            <row />
                            <row />
                            <row />
                            <row />
                            <row />
                          </rows>
                        </section>
                      </sections>
                    </column>
                  </columns>
                </tab>
                <tab name="tab_Performance" id="c5d91934-89ee-44cc-827d-9e917148fe0c" IsUserDefined="0" locklevel="0" showlabel="true" visible="false">
                  <labels>
                    <label description="Performance" languagecode="1033" />
                    <label description="Rendement" languagecode="1036" />
                  </labels>
                  <columns>
                    <column width="100%">
                      <sections>
                        <section name="tab_7_section_1" id="43652565-8a35-4864-978a-de85a5690d7c" IsUserDefined="0" locklevel="0" showlabel="false" showbar="false" layout="varwidth" celllabelalignment="Left" celllabelposition="Left" columns="1" labelwidth="115">
                          <labels>
                            <label description="New Section" languagecode="1033" />
                            <label description="Nouvelle section" languagecode="1036" />
                          </labels>
                          <rows>
                            <row>
                              <cell id="{c449535c-6ce1-4f19-bfde-e2115cd9635c}" locklevel="0" colspan="1" rowspan="1">
                                <labels>
                                  <label description="Service Request Performance" languagecode="1033" />
                                  <label description="Rendement du demande de service" languagecode="1036" />
                                </labels>
                                <control id="fdr_servicerequestperformance" classid="{270BD3DB-D9AF-4782-9025-509E298DEC0A}" datafieldname="fdr_servicerequestperformance" disabled="true" />
                              </cell>
                            </row>
                            <row>
                              <cell locklevel="0" id="{f54fc92d-94ef-4de0-b462-23be9db08626}" colspan="1" rowspan="1">
                                <labels>
                                  <label description="New QV control 1663269781398" languagecode="1033" />
                                  <label description="Numéro de la norme de service" languagecode="1036" />
                                </labels>
                                <control id="QuickviewControl1663269781398" classid="{5C5600E0-1D6E-4205-A272-BE80DA87FD42}" datafieldname="fdr_servicerequestperformance">
                                  <parameters>
                                    <DisplayAsCustomer360Tile>false</DisplayAsCustomer360Tile>
                                    <QuickForms>&lt;QuickFormIds&gt;&lt;QuickFormId entityname="fdr_servicerequestperformance"&gt;5f193077-2b35-ed11-9db1-0022483d0343&lt;/QuickFormId&gt;&lt;/QuickFormIds&gt;</QuickForms>
                                  </parameters>
                                </control>
                              </cell>
                            </row>
                          </rows>
                        </section>
                      </sections>
                    </column>
                  </columns>
                </tab>
                <tab name="tab_2" id="7c42c1da-0d4f-4b38-bff6-9e1b41294c38" IsUserDefined="0" locklevel="0" showlabel="true" visible="false">
                  <labels>
                    <label description="Record Log" languagecode="1033" />
                    <label description="Journal d'enregistrement" languagecode="1036" />
                  </labels>
                  <columns>
                    <column width="100%">
                      <sections>
                        <section name="tab_2_section_1" id="92949eb7-c80e-4bee-9da3-6f7da8d116b1" IsUserDefined="0" locklevel="0" showlabel="false" showbar="false" layout="varwidth" celllabelalignment="Left" celllabelposition="Left" columns="11" labelwidth="115">
                          <labels>
                            <label description="New Section" languagecode="1033" />
                            <label description="Nouvelle section" languagecode="1036" />
                          </labels>
                          <rows>
                            <row>
                              <cell id="{f54e1f3c-541c-4ee6-b867-200389525331}" locklevel="0" colspan="1" rowspan="1">
                                <labels>
                                  <label description="Created By" languagecode="1033" />
                                  <label description="Créé par" languagecode="1036" />
                                </labels>
                                <control id="createdby" classid="{270BD3DB-D9AF-4782-9025-509E298DEC0A}" datafieldname="createdby" disabled="false" />
                              </cell>
                              <cell id="{b3e5e731-ac4f-4ff1-b59d-d4d9b1fd682c}" locklevel="0" colspan="1" rowspan="1">
                                <labels>
                                  <label description="Created On" languagecode="1033" />
                                  <label description="Créé le" languagecode="1036" />
                                </labels>
                                <control id="createdon" classid="{5B773807-9FB2-42DB-97C3-7A91EFF8ADFF}" datafieldname="createdon" disabled="false" />
                              </cell>
                            </row>
                            <row>
                              <cell id="{1422fe5a-33ce-4c64-b910-7afcca4d3eab}" locklevel="0" colspan="1" rowspan="1">
                                <labels>
                                  <label description="Modified By" languagecode="1033" />
                                  <label description="Modifié par" languagecode="1036" />
                                </labels>
                                <control id="modifiedby" classid="{270BD3DB-D9AF-4782-9025-509E298DEC0A}" datafieldname="modifiedby" disabled="false" />
                              </cell>
                              <cell id="{6205a9c5-ef20-4dbf-b011-b2cdfa6151b1}" locklevel="0" colspan="1" rowspan="1">
                                <labels>
                                  <label description="Modified On" languagecode="1033" />
                                  <label description="Modifié le" languagecode="1036" />
                                </labels>
                                <control id="modifiedon" classid="{5B773807-9FB2-42DB-97C3-7A91EFF8ADFF}" datafieldname="modifiedon" disabled="false" />
                              </cell>
                            </row>
                          </rows>
                        </section>
                      </sections>
                    </column>
                  </columns>
                </tab>
              </tabs>
              <header id="{ddf7e997-54fc-484e-a772-78a3b90019bd}" celllabelposition="Top" columns="111" labelwidth="115" celllabelalignment="Left">
                <rows>
                  <row>
                    <cell id="{aa5aa4d7-b4ea-425a-bb83-d89b47ca9d72}" showlabel="false">
                      <labels>
                        <label description="" languagecode="1033" />
                      </labels>
                    </cell>
                    <cell id="{2231d506-49ca-4ac8-b50a-dd3c41a74154}" showlabel="false">
                      <labels>
                        <label description="" languagecode="1033" />
                      </labels>
                    </cell>
                    <cell id="{b8cb5876-427c-05ad-abcb-7378d1eaea31}" showlabel="false">
                      <labels>
                        <label description="" languagecode="1033" />
                      </labels>
                    </cell>
                    <cell locklevel="0" id="{59081760-7884-46c7-9e99-8cd79057d683}" showlabel="false">
                      <labels>
                        <label description="" languagecode="1033" />
                      </labels>
                    </cell>
                    <cell locklevel="0" id="{14dd16f2-187c-495a-bffb-d69bca6f4df1}" showlabel="false">
                      <labels>
                        <label description="" languagecode="1033" />
                      </labels>
                    </cell>
                    <cell locklevel="0" id="{93b823ac-bb89-49fe-968d-51a0dbc888ff}" showlabel="false">
                      <labels>
                        <label description="" languagecode="1033" />
                      </labels>
                    </cell>
                    <cell locklevel="0" id="{f986cd00-c111-4c0e-aa7a-90ea212046ec}" showlabel="false">
                      <labels>
                        <label description="" languagecode="1033" />
                      </labels>
                    </cell>
                    <cell id="{68bbdd43-5794-44eb-582d-83b1285b2946}" showlabel="false">
                      <labels>
                        <label description="" languagecode="1033" />
                      </labels>
                    </cell>
                    <cell id="{1ccc1b04-95e7-02d2-2ac0-dc371c467588}" showlabel="false">
                      <labels>
                        <label description="" languagecode="1033" />
                      </labels>
                    </cell>
                    <cell id="{a1bfbb70-f34d-4870-90a2-dc52fc01596d}" locklevel="0" colspan="1" rowspan="1" showlabel="true">
                      <labels>
                        <label description="Current Operation Status" languagecode="1033" />
                        <label description="Statut actuelle de l'opération" languagecode="1036" />
                      </labels>
                      <control id="header_fdr_operationstatus" classid="{3EF39988-22BB-4F0B-BBBE-64B5A3748AEE}" datafieldname="fdr_operationstatus" disabled="true" uniqueid="{422d0d64-e279-4740-4eec-b987431a946b}" />
                    </cell>
                    <cell id="{8833338b-987e-dec7-a542-bedec67e6b98}" showlabel="false">
                      <labels>
                        <label description="" languagecode="1033" />
                      </labels>
                    </cell>
                    <cell id="{7e0b3029-ed87-49a8-91e8-e857f71e6e35}" locklevel="1" colspan="1" rowspan="1">
                      <labels>
                        <label description="Status Reason" languagecode="1033" />
                        <label description="Raison du statut" languagecode="1036" />
                      </labels>
                      <control id="header_statuscode" classid="{3EF39988-22BB-4F0B-BBBE-64B5A3748AEE}" datafieldname="statuscode" disabled="false" />
                    </cell>
                    <cell id="{0b124cde-d29b-4383-be37-66b8af181fda}" locklevel="0" colspan="1" rowspan="1" visible="false">
                      <labels>
                        <label description="" languagecode="1033" />
                      </labels>
                      <control id="header_fdr_inforeceivedon" classid="{5B773807-9FB2-42DB-97C3-7A91EFF8ADFF}" datafieldname="fdr_inforeceivedon" disabled="false" />
                    </cell>
                    <cell locklevel="0" id="{d5e6d782-0d71-4fc2-91bc-a79daf18bcfe}" showlabel="false">
                      <labels>
                        <label description="" languagecode="1033" />
                      </labels>
                    </cell>
                    <cell locklevel="0" id="{0e4514fb-dbf1-4fb1-8da5-fed0eeea98aa}" showlabel="false">
                      <labels>
                        <label description="" languagecode="1033" />
                      </labels>
                    </cell>
                    <cell id="{cd9a8c4d-2e8d-4ee8-9b15-540728a50978}" locklevel="0" colspan="1" rowspan="1">
                      <labels>
                        <label description="Status" languagecode="1033" />
                        <label description="Statut" languagecode="1036" />
                      </labels>
                      <control id="header_statecode" classid="{3EF39988-22BB-4F0B-BBBE-64B5A3748AEE}" datafieldname="statecode" disabled="false" />
                    </cell>
                    <cell id="{c9770b7b-1b21-696d-b05d-b51e65892957}" showlabel="true" locklevel="0" colspan="1" rowspan="1">
                      <labels>
                        <label description="Service Request ID" languagecode="1033" />
                        <label description="Numéro de demande de service" languagecode="1036" />
                      </labels>
                      <control id="header_fdr_name" classid="{4273EDBD-AC1D-40d3-9FB2-095C621B552D}" datafieldname="fdr_name" disabled="true" uniqueid="{e4423e30-d6a3-ae44-c4cb-0e9495252b70}" />
                    </cell>
                  </row>
                </rows>
              </header>
              <footer id="{0aaa7f88-d50c-45ae-a8d7-e50efe710eff}" celllabelposition="Top" columns="111" labelwidth="115" celllabelalignment="Left">
                <rows>
                  <row>
                    <cell id="{2a7ae789-dd42-4131-a095-ae1257684ccc}" showlabel="false">
                      <labels>
                        <label description="" languagecode="1033" />
                      </labels>
                    </cell>
                    <cell id="{9ceabab0-20de-4ce1-95b9-d3a4b39e4489}" showlabel="false">
                      <labels>
                        <label description="" languagecode="1033" />
                      </labels>
                    </cell>
                    <cell id="{348583d5-da8e-4805-bc37-53d1fbc0a080}" showlabel="false">
                      <labels>
                        <label description="" languagecode="1033" />
                      </labels>
                    </cell>
                  </row>
                </rows>
              </footer>
              <Navigation>
                <NavBar />
                <NavBarAreas>
                  <NavBarArea Id="Info">
                    <Titles>
                      <Title LCID="1033" Text="Common" />
                    </Titles>
                  </NavBarArea>
                  <NavBarArea Id="Sales">
                    <Titles>
                      <Title LCID="1033" Text="Sales" />
                    </Titles>
                  </NavBarArea>
                  <NavBarArea Id="Service">
                    <Titles>
                      <Title LCID="1033" Text="Service" />
                    </Titles>
                  </NavBarArea>
                  <NavBarArea Id="Marketing">
                    <Titles>
                      <Title LCID="1033" Text="Marketing" />
                    </Titles>
                  </NavBarArea>
                  <NavBarArea Id="ProcessCenter">
                    <Titles>
                      <Title LCID="1033" Text="Process Sessions" />
                    </Titles>
                  </NavBarArea>
                </NavBarAreas>
              </Navigation>
              <controlDescriptions>
                <controlDescription forControl="{3dbd13e0-7172-89cd-b79e-3073933140e5}">
                  <customControl id="{E7A81278-8635-4D9E-8D4D-59480B391C5B}" formFactor="0">
                    <parameters />
                  </customControl>
                  <customControl formFactor="1" name="MscrmControls.Grid.GridControl">
                    <parameters>
                      <data-set name="Grid">
                        <ViewId>{F1130ECD-3C0E-42E4-AB04-FE5417F21D6E}</ViewId>
                        <columnsDefaultView />
                        <IsUserView>false</IsUserView>
                        <RelationshipName>fdr_fdr_servicerequestservicetask_servicerequ</RelationshipName>
                        <TargetEntityType>fdr_servicerequestservicetask</TargetEntityType>
                        <EnableViewPicker>false</EnableViewPicker>
                        <FilteredViewIds>{F1130ECD-3C0E-42E4-AB04-FE5417F21D6E},{4E670025-E10D-ED11-B83D-000D3A0C8551}</FilteredViewIds>
                      </data-set>
                      <EnableGroupBy static="true" type="Enum">yes</EnableGroupBy>
                      <EnableEditing static="true" type="Enum">yes</EnableEditing>
                      <ReflowBehavior static="true" type="Enum">GridOnly</ReflowBehavior>
                      <ListLayoutDirection static="true" type="Enum">Vertical</ListLayoutDirection>
                      <EnableSubGridAutoCollapse static="true" type="Enum">false</EnableSubGridAutoCollapse>
                      <EnableFiltering static="true" type="Enum">yes</EnableFiltering>
                      <HideNestedGridColumnHeader static="true" type="Enum">no</HideNestedGridColumnHeader>
                      <EnableJumpBar static="true" type="Enum">yes</EnableJumpBar>
                    </parameters>
                  </customControl>
                  <customControl formFactor="2" name="MscrmControls.Grid.GridControl">
                    <parameters>
                      <data-set name="Grid">
                        <ViewId>{F1130ECD-3C0E-42E4-AB04-FE5417F21D6E}</ViewId>
                        <columnsDefaultView />
                        <IsUserView>false</IsUserView>
                        <RelationshipName>fdr_fdr_servicerequestservicetask_servicerequ</RelationshipName>
                        <TargetEntityType>fdr_servicerequestservicetask</TargetEntityType>
                        <EnableViewPicker>false</EnableViewPicker>
                        <FilteredViewIds>{F1130ECD-3C0E-42E4-AB04-FE5417F21D6E},{4E670025-E10D-ED11-B83D-000D3A0C8551}</FilteredViewIds>
                      </data-set>
                      <EnableGroupBy static="true" type="Enum">yes</EnableGroupBy>
                      <EnableEditing static="true" type="Enum">yes</EnableEditing>
                      <ReflowBehavior static="true" type="Enum">GridOnly</ReflowBehavior>
                      <ListLayoutDirection static="true" type="Enum">Vertical</ListLayoutDirection>
                      <EnableSubGridAutoCollapse static="true" type="Enum">false</EnableSubGridAutoCollapse>
                      <EnableFiltering static="true" type="Enum">yes</EnableFiltering>
                      <HideNestedGridColumnHeader static="true" type="Enum">no</HideNestedGridColumnHeader>
                      <EnableJumpBar static="true" type="Enum">yes</EnableJumpBar>
                    </parameters>
                  </customControl>
                </controlDescription>
              </controlDescriptions>
              <formLibraries>
                <Library name="qm_globalHelper.js" libraryUniqueId="{98524737-ebc2-8612-bc84-7b6c344c3817}" />
                <Library name="fdr_SR_Main.js" libraryUniqueId="{1f688366-b202-426e-8e64-c8b576eb54e3}" />
              </formLibraries>
              <events>
                <event name="onload" application="false" active="false">
                  <Handlers>
                    <Handler functionName="SR_main.OnLoad" libraryName="fdr_SR_Main.js" handlerUniqueId="{5e1a0b3f-7f5d-4f43-9d3f-5abb2e11caf3}" enabled="true" parameters="" passExecutionContext="true" />
                  </Handlers>
                  <dependencies>
                    <dependency id="statecode" />
                    <dependency id="statuscode" />
                  </dependencies>
                </event>
              </events>
              <DisplayConditions Order="0" FallbackForm="true">
                <Everyone />
              </DisplayConditions>
            </form>
            <IsCustomizable>1</IsCustomizable>
            <CanBeDeleted>1</CanBeDeleted>
            <LocalizedNames>
              <LocalizedName description="Information" languagecode="1033" />
              <LocalizedName description="Information" languagecode="1036" />
            </LocalizedNames>
            <Descriptions>
              <Description description="A form for this entity." languagecode="1033" />
            </Descriptions>
          </systemform>
        </forms>
      </FormXml>
      <RibbonDiffXml>
        <CustomActions>
          <HideCustomAction HideActionId="fdr.Mscrm.Form.fdr_servicerequest.Activate.Hide" Location="Mscrm.Form.fdr_servicerequest.Activate" />
          <HideCustomAction HideActionId="fdr.Mscrm.Form.fdr_servicerequest.Deactivate.Hide" Location="Mscrm.Form.fdr_servicerequest.Deactivate" />
          <HideCustomAction HideActionId="fdr.Mscrm.HomepageGrid.fdr_servicerequest.Activate.Hide" Location="Mscrm.HomepageGrid.fdr_servicerequest.Activate" />
          <HideCustomAction HideActionId="fdr.Mscrm.HomepageGrid.fdr_servicerequest.Deactivate.Hide" Location="Mscrm.HomepageGrid.fdr_servicerequest.Deactivate" />
          <HideCustomAction HideActionId="fdr.Mscrm.SubGrid.fdr_servicerequest.Activate.Hide" Location="Mscrm.SubGrid.fdr_servicerequest.Activate" />
          <HideCustomAction HideActionId="fdr.Mscrm.SubGrid.fdr_servicerequest.Deactivate.Hide" Location="Mscrm.SubGrid.fdr_servicerequest.Deactivate" />
          <CustomAction Id="ovs.fdr.fdr_servicerequest.HomeGridButton.AdjustPerformance.CustomAction" Location="Mscrm.HomepageGrid.fdr_servicerequest.MainTab.Collaborate.Controls._children" Sequence="25">
            <CommandUIDefinition>
              <Button Alt="$LocLabels:fdr.fdr_servicerequest.HomeGridButton.AdjustPerformance.Alt" Command="fdr.fdr_servicerequest.AdjustPerformanceHomeGridButton.Command" Id="fdr.fdr_servicerequest.HomeGridButton.AdjustPerformance" LabelText="$LocLabels:fdr.fdr_servicerequest.HomeGridButton.AdjustPerformance.LabelText" Sequence="25" TemplateAlias="o1" ToolTipTitle="$LocLabels:fdr.fdr_servicerequest.HomeGridButton.AdjustPerformance.ToolTipTitle" ToolTipDescription="$LocLabels:fdr.fdr_servicerequest.HomeGridButton.AdjustPerformance.ToolTipDescription" />
            </CommandUIDefinition>
          </CustomAction>
          <CustomAction Id="ovs.fdr.fdr_servicerequest.HomeGridButton.ApprovePerformance.CustomAction" Location="Mscrm.HomepageGrid.fdr_servicerequest.MainTab.Collaborate.Controls._children" Sequence="33">
            <CommandUIDefinition>
              <Button Alt="$LocLabels:fdr.fdr_servicerequest.HomeGridButton.ApprovePerformance.Alt" Command="fdr.fdr_servicerequest.ApprovePerformanceHomeGridButton.Command" Id="fdr.fdr_servicerequest.HomeGridButton.ApprovePerformance" LabelText="$LocLabels:fdr.fdr_servicerequest.HomeGridButton.ApprovePerformance.LabelText" Sequence="33" TemplateAlias="o1" ToolTipTitle="$LocLabels:fdr.fdr_servicerequest.HomeGridButton.ApprovePerformance.ToolTipTitle" ToolTipDescription="$LocLabels:fdr.fdr_servicerequest.HomeGridButton.ApprovePerformance.ToolTipDescription" />
            </CommandUIDefinition>
          </CustomAction>
          <CustomAction Id="ovs.fdr_servicerequest.Button.GenerateFunctions.CustomAction" Location="Mscrm.Form.fdr_servicerequest.MainTab.Save.Controls._children" Sequence="40">
            <CommandUIDefinition>
              <Button Alt="$LocLabels:fdr_servicerequest.Button.GenerateFunctions.Alt" Command="fdr_servicerequest.Commands.GenerateFunctions" Id="fdr_servicerequest.Button.GenerateFunctions" Image32by32="/_imgs/ribbon/CustomizeEntity_32.png" Image16by16="/_imgs/ribbon/CustomEntity_16.png" LabelText="$LocLabels:fdr_servicerequest.Button.GenerateFunctions.LabelText" Sequence="40" TemplateAlias="o1" ToolTipTitle="$LocLabels:fdr_servicerequest.Button.GenerateFunctions.ToolTipTitle" ToolTipDescription="$LocLabels:fdr_servicerequest.Button.GenerateFunctions.ToolTipDescription" ModernImage="" />
            </CommandUIDefinition>
          </CustomAction>
        </CustomActions>
        <Templates>
          <RibbonTemplates Id="Mscrm.Templates"></RibbonTemplates>
        </Templates>
        <CommandDefinitions>
          <CommandDefinition Id="fdr.fdr_servicerequest.AdjustPerformanceHomeGridButton.Command">
            <EnableRules>
              <EnableRule Id="fdr.fdr_servicerequest.SelectCountGreaterThan1.EnableRule" />
              <EnableRule Id="fdr.fdr_servicerequest.EnableForPerformanceView.EnableRule" />
            </EnableRules>
            <DisplayRules />
            <Actions>
              <JavaScriptFunction FunctionName="ServiceRequestPerformance_Ribbon.adjustPerformance" Library="$webresource:fdr_ServiceRequestPerformance_Ribbon.js">
                <CrmParameter Value="SelectedControlSelectedItemIds" />
                <CrmParameter Value="SelectedControl" />
                <BoolParameter Value="true" />
                <CrmParameter Value="PrimaryEntityTypeName" />
              </JavaScriptFunction>
            </Actions>
          </CommandDefinition>
          <CommandDefinition Id="fdr.fdr_servicerequest.ApprovePerformanceHomeGridButton.Command">
            <EnableRules>
              <EnableRule Id="fdr.fdr_servicerequest.SelectCountGreaterThan1.EnableRule" />
              <EnableRule Id="fdr.fdr_servicerequest.EnableForPerformanceView.EnableRule" />
            </EnableRules>
            <DisplayRules />
            <Actions>
              <JavaScriptFunction FunctionName="ServiceRequestPerformance_Ribbon.approvePerformance" Library="$webresource:fdr_ServiceRequestPerformance_Ribbon.js">
                <CrmParameter Value="SelectedControlSelectedItemIds" />
                <CrmParameter Value="SelectedControl" />
                <BoolParameter Value="true" />
                <CrmParameter Value="PrimaryEntityTypeName" />
              </JavaScriptFunction>
            </Actions>
          </CommandDefinition>
          <CommandDefinition Id="fdr_servicerequest.Command.CloneServiceRequest">
            <EnableRules />
            <DisplayRules />
            <Actions>
              <JavaScriptFunction FunctionName="cloneServiceRequest" Library="$webresource:fdr_servicerequest_ribbon">
                <CrmParameter Value="SelectedControlAllItemIds" />
                <CrmParameter Value="SelectedControl" />
              </JavaScriptFunction>
            </Actions>
          </CommandDefinition>
          <CommandDefinition Id="fdr_servicerequest.Commands.GenerateFunctions">
            <EnableRules>
              <EnableRule Id="Mscrm.EntityFormIsEnabled" />
              <EnableRule Id="fdr.fdr_specification.EnableRule.ShowAddExisting_4_ServiceRequestFunction" />
            </EnableRules>
            <DisplayRules>
              <DisplayRule Id="fdr.fdr_specification.ShowAddExisting_4_ServiceRequestFunction" />
            </DisplayRules>
            <Actions>
              <JavaScriptFunction FunctionName="ServiceRequestRibbon.openFunctionPanel" Library="$webresource:fdr_SR_AutoGenerateFunctions">
                <CrmParameter Value="FirstPrimaryItemId" />
                <CrmParameter Value="UserLcid" />
                <CrmParameter Value="SelectedControl" />
                <CrmParameter Value="PrimaryControl" />
              </JavaScriptFunction>
            </Actions>
          </CommandDefinition>
          <CommandDefinition Id="Mscrm.Form.Deactivate">
            <EnableRules>
              <EnableRule Id="Mscrm.CanWritePrimary" />
            </EnableRules>
            <DisplayRules>
              <DisplayRule Id="Mscrm.CanWritePrimary" />
              <DisplayRule Id="Mscrm.PrimaryIsActive" />
              <DisplayRule Id="Mscrm.PrimaryEntityHasStatecode" />
              <DisplayRule Id="Mscrm.PrimaryIsNotActivity" />
              <DisplayRule Id="fdr.fdr_servicerequest.Form.Deactivate.DisplayRule." />
            </DisplayRules>
            <Actions>
              <JavaScriptFunction FunctionName="XrmCore.Commands.Deactivate.deactivatePrimaryRecord" Library="$webresource:Main_system_library.js">
                <CrmParameter Value="FirstPrimaryItemId" />
                <CrmParameter Value="PrimaryEntityTypeName" />
              </JavaScriptFunction>
            </Actions>
          </CommandDefinition>
        </CommandDefinitions>
        <RuleDefinitions>
          <TabDisplayRules />
          <DisplayRules>
            <DisplayRule Id="fdr.fdr_servicerequest.Form.Deactivate.DisplayRule.">
              <OrRule>
                <Or>
                  <ValueRule Field="statuscode" Value="1" />
                </Or>
                <Or>
                  <ValueRule Field="statuscode" Value="794600000" />
                </Or>
                <Or>
                  <ValueRule Field="statuscode" Value="794600001" />
                </Or>
                <Or>
                  <ValueRule Field="statuscode" Value="794600002" />
                </Or>
                <Or>
                  <ValueRule Field="statuscode" Value="794600003" />
                </Or>
                <Or>
                  <ValueRule Field="statuscode" Value="794600004" />
                </Or>
                <Or>
                  <ValueRule Field="statuscode" Value="794600006" />
                </Or>
                <Or>
                  <ValueRule Field="statuscode" Value="794600009" />
                </Or>
                <Or>
                  <ValueRule Field="statuscode" Value="794600010" />
                </Or>
                <Or>
                  <ValueRule Field="statuscode" Value="794600011" />
                </Or>
              </OrRule>
            </DisplayRule>
          </DisplayRules>
          <EnableRules>
            <EnableRule Id="fdr.fdr_servicerequest.EnableForPerformanceView.EnableRule">
              <CustomRule FunctionName="ServiceRequestPerformance_Ribbon.displayForPerformanceView" Library="$webresource:fdr_ServiceRequestPerformance_Ribbon.js">
                <CrmParameter Value="SelectedControl" />
              </CustomRule>
            </EnableRule>
            <EnableRule Id="fdr.fdr_servicerequest.SelectCountGreaterThan1.EnableRule">
              <SelectionCountRule Minimum="1" />
            </EnableRule>
            <EnableRule Id="fdr.fdr_specification.EnableRule.ShowAddExisting_4_ServiceRequestFunction">
              <EntityRule EntityName="fdr_servicerequest" AppliesTo="PrimaryEntity" Default="false" InvertResult="false" />
            </EnableRule>
          </EnableRules>
        </RuleDefinitions>
        <LocLabels>
          <LocLabel Id="fdr.fdr_servicerequest.HomeGridButton.AdjustPerformance.Alt">
            <Titles>
              <Title description="Adjust Performance" languagecode="1033" />
              <Title description="Ajustement de la norme de service" languagecode="1036" />
            </Titles>
          </LocLabel>
          <LocLabel Id="fdr.fdr_servicerequest.HomeGridButton.AdjustPerformance.LabelText">
            <Titles>
              <Title description="Adjust Performance" languagecode="1033" />
              <Title description="Ajustement de la norme de service" languagecode="1036" />
            </Titles>
          </LocLabel>
          <LocLabel Id="fdr.fdr_servicerequest.HomeGridButton.AdjustPerformance.ToolTipDescription">
            <Titles>
              <Title description="Adjust Performance" languagecode="1033" />
              <Title description="Ajustement de la norme de service" languagecode="1036" />
            </Titles>
          </LocLabel>
          <LocLabel Id="fdr.fdr_servicerequest.HomeGridButton.AdjustPerformance.ToolTipTitle">
            <Titles>
              <Title description="Adjust Performance" languagecode="1033" />
              <Title description="Ajustement de la norme de service" languagecode="1036" />
            </Titles>
          </LocLabel>
          <LocLabel Id="fdr.fdr_servicerequest.HomeGridButton.ApprovePerformance.Alt">
            <Titles>
              <Title description="Approve Performance" languagecode="1033" />
              <Title description="Approbation de la norme de service" languagecode="1036" />
            </Titles>
          </LocLabel>
          <LocLabel Id="fdr.fdr_servicerequest.HomeGridButton.ApprovePerformance.LabelText">
            <Titles>
              <Title description="Approve Performance" languagecode="1033" />
              <Title description="Approbation de la norme de service" languagecode="1036" />
            </Titles>
          </LocLabel>
          <LocLabel Id="fdr.fdr_servicerequest.HomeGridButton.ApprovePerformance.ToolTipDescription">
            <Titles>
              <Title description="Approve Performance" languagecode="1033" />
              <Title description="Approbation de la norme de service" languagecode="1036" />
            </Titles>
          </LocLabel>
          <LocLabel Id="fdr.fdr_servicerequest.HomeGridButton.ApprovePerformance.ToolTipTitle">
            <Titles>
              <Title description="Approve Performance" languagecode="1033" />
              <Title description="Approbation de la norme de service" languagecode="1036" />
            </Titles>
          </LocLabel>
          <LocLabel Id="fdr_servicerequest.Button.GenerateFunctions.Alt">
            <Titles>
              <Title description="Generate Functions" languagecode="1033" />
            </Titles>
          </LocLabel>
          <LocLabel Id="fdr_servicerequest.Button.GenerateFunctions.LabelText">
            <Titles>
              <Title description="Generate Functions" languagecode="1033" />
              <Title description="Générer des fonctions" languagecode="1036" />
            </Titles>
          </LocLabel>
          <LocLabel Id="fdr_servicerequest.Button.GenerateFunctions.ToolTipDescription">
            <Titles>
              <Title description="Auto Generate Container Functions Based On Registration Type" languagecode="1033" />
              <Title description="Générer automatiquement des fonctions de conteneur en fonction du type d'enregistrement" languagecode="1036" />
            </Titles>
          </LocLabel>
          <LocLabel Id="fdr_servicerequest.Button.GenerateFunctions.ToolTipTitle">
            <Titles>
              <Title description="Generate Functions" languagecode="1033" />
              <Title description="Générer des fonctions" languagecode="1036" />
            </Titles>
          </LocLabel>
        </LocLabels>
      </RibbonDiffXml>
    </Entity>
  </Entities>
  <Roles></Roles>
  <Workflows></Workflows>
  <FieldSecurityProfiles></FieldSecurityProfiles>
  <Templates />
  <EntityImageConfigs>
    <EntityImageConfig>
      <parententitylogicalname>fdr_registeredmark</parententitylogicalname>
      <primaryimageattribute>fdr_marklogo</primaryimageattribute>
    </EntityImageConfig>
  </EntityImageConfigs>
  <EntityMaps />
  <EntityRelationships />
  <OrganizationSettings />
  <optionsets />
  <CustomControls />
  <EntityDataProviders />
  <Languages>
    <Language>1033</Language>
    <Language>1036</Language>
  </Languages>
</ImportExportXml>