<ImportExportXml xmlns:xsi="http://www.w3.org/2001/XMLSchema-instance">
  <Entities>
    <Entity>
      <Name LocalizedName="Design" OriginalName="Design">fdr_Design</Name>
      <EntityInfo>
        <entity Name="fdr_Design">
          <attributes>
            <attribute PhysicalName="fdr_DesignType">
              <Type>picklist</Type>
              <Name>fdr_designtype</Name>
              <LogicalName>fdr_designtype</LogicalName>
              <RequiredLevel>required</RequiredLevel>
              <DisplayMask>ValidForAdvancedFind|ValidForForm|ValidForGrid</DisplayMask>
              <ImeMode>auto</ImeMode>
              <ValidForUpdateApi>1</ValidForUpdateApi>
              <ValidForReadApi>1</ValidForReadApi>
              <ValidForCreateApi>1</ValidForCreateApi>
              <IsCustomField>1</IsCustomField>
              <IsAuditEnabled>1</IsAuditEnabled>
              <IsSecured>0</IsSecured>
              <IntroducedVersion>1.0.0.0</IntroducedVersion>
              <IsCustomizable>1</IsCustomizable>
              <IsRenameable>1</IsRenameable>
              <CanModifySearchSettings>1</CanModifySearchSettings>
              <CanModifyRequirementLevelSettings>1</CanModifyRequirementLevelSettings>
              <CanModifyAdditionalSettings>1</CanModifyAdditionalSettings>
              <SourceType>0</SourceType>
              <IsGlobalFilterEnabled>0</IsGlobalFilterEnabled>
              <IsSortableEnabled>0</IsSortableEnabled>
              <CanModifyGlobalFilterSettings>1</CanModifyGlobalFilterSettings>
              <CanModifyIsSortableSettings>1</CanModifyIsSortableSettings>
              <IsDataSourceSecret>0</IsDataSourceSecret>
              <AutoNumberFormat></AutoNumberFormat>
              <IsSearchable>0</IsSearchable>
              <IsFilterable>0</IsFilterable>
              <IsRetrievable>0</IsRetrievable>
              <IsLocalizable>0</IsLocalizable>
              <AppDefaultValue>-1</AppDefaultValue>
              <optionset Name="fdr_design_fdr_designtype">
                <OptionSetType>picklist</OptionSetType>
                <IntroducedVersion>1.0.0.0</IntroducedVersion>
                <IsCustomizable>1</IsCustomizable>
                <ExternalTypeName></ExternalTypeName>
                <displaynames>
                  <displayname description="Design Type" languagecode="1033" />
                </displaynames>
                <Descriptions>
                  <Description description="" languagecode="1033" />
                </Descriptions>
                <options>
                  <option value="794600000" ExternalValue="">
                    <labels>
                      <label description="Parent" languagecode="1033" />
                    </labels>
                    <Descriptions>
                      <Description description="" languagecode="1033" />
                    </Descriptions>
                  </option>
                  <option value="794600001" ExternalValue="">
                    <labels>
                      <label description="Child" languagecode="1033" />
                    </labels>
                    <Descriptions>
                      <Description description="" languagecode="1033" />
                    </Descriptions>
                  </option>
                </options>
              </optionset>
              <displaynames>
                <displayname description="Design Type" languagecode="1033" />
                <displayname description="Type de conception" languagecode="1036" />
              </displaynames>
              <Descriptions>
                <Description description="" languagecode="1033" />
                <Description description="" languagecode="1036" />
              </Descriptions>
            </attribute>
          </attributes>
        </entity>
      </EntityInfo>
      <FormXml>
        <forms type="main">
          <systemform>
            <formid>{f90a6783-527f-4c28-97bc-28afe3feed37}</formid>
            <IntroducedVersion>1.0</IntroducedVersion>
            <FormPresentation>1</FormPresentation>
            <FormActivationState>1</FormActivationState>
            <form headerdensity="HighWithControls">
              <tabs>
                <tab verticallayout="true" id="{f07cee3b-5491-472c-bcb2-51dad2da384d}" IsUserDefined="1" name="General">
                  <labels>
                    <label description="General" languagecode="1033" />
                    <label description="Général" languagecode="1036" />
                  </labels>
                  <columns>
                    <column width="100%">
                      <sections>
                        <section showlabel="false" showbar="false" IsUserDefined="0" id="{3f6f85a8-fa88-4dee-a6b3-e977ceaea7ab}" columns="11" name="general" celllabelposition="Top">
                          <labels>
                            <label description="General" languagecode="1033" />
                            <label description="Général" languagecode="1036" />
                          </labels>
                          <rows>
                            <row>
                              <cell id="{e8e498a1-434a-4ac7-81fc-9d59c65cf9d5}" locklevel="0" colspan="1" rowspan="1">
                                <labels>
                                  <label description="Design Type" languagecode="1033" />
                                  <label description="Type de conception" languagecode="1036" />
                                </labels>
                                <control id="fdr_designtype" classid="{3EF39988-22BB-4F0B-BBBE-64B5A3748AEE}" datafieldname="fdr_designtype" disabled="false" />
                              </cell>
                              <cell id="{dc1cecfd-3d12-4ba0-a72f-7cbcd1b5781e}" locklevel="0" colspan="1" rowspan="8" auto="false">
                                <labels>
                                  <label description="Description" languagecode="1033" />
                                  <label description="Description" languagecode="1036" />
                                </labels>
                                <control id="fdr_description" classid="{E0DECE4B-6FC8-4A8F-A065-082708572369}" datafieldname="fdr_description" disabled="false" />
                              </cell>
                            </row>
                            <row>
                              <cell id="{1f6ee8ef-10e1-47a7-9425-35b554deb5f5}" locklevel="0" colspan="1" rowspan="1">
                                <labels>
                                  <label description="Design Marking Requirement" languagecode="1033" />
                                  <label description="Exigence de marquage de conception" languagecode="1036" />
                                </labels>
                                <control id="fdr_designmarkingrequirement" classid="{270BD3DB-D9AF-4782-9025-509E298DEC0A}" datafieldname="fdr_designmarkingrequirement" disabled="false">
                                  <parameters>
                                    <DisableMru>true</DisableMru>
                                    <DisableViewPicker>true</DisableViewPicker>
                                    <DefaultViewId>{858176D4-DB44-4AA4-954E-FFB06D9B0CEC}</DefaultViewId>
                                    <AvailableViewIds>{788260A0-FA7F-46E5-A64B-5D22389B66AB},{858176D4-DB44-4AA4-954E-FFB06D9B0CEC},{93417372-B5C9-4014-8B84-03BD05D28E1E}</AvailableViewIds>
                                  </parameters>
                                </control>
                              </cell>
                            </row>
                            <row>
                              <cell id="{8880a239-0634-4831-b8a4-2e65e40cc496}">
                                <labels>
                                  <label description="Name" languagecode="1033" />
                                  <label description="Nom" languagecode="1036" />
                                </labels>
                                <control id="fdr_name" classid="{4273EDBD-AC1D-40d3-9FB2-095C621B552D}" datafieldname="fdr_name" />
                              </cell>
                            </row>
                            <row />
                            <row />
                            <row>
                              <cell id="{a133e615-f412-4efc-a91b-2086073a91e8}" locklevel="0" colspan="1" rowspan="1">
                                <labels>
                                  <label description="Design Registration Number" languagecode="1033" />
                                  <label description="Numéro de conception" languagecode="1036" />
                                </labels>
                                <control id="fdr_designregistrationnumber" classid="{4273EDBD-AC1D-40D3-9FB2-095C621B552D}" datafieldname="fdr_designregistrationnumber" disabled="true" />
                              </cell>
                            </row>
                            <row>
                              <cell id="{b2370464-35d9-4ffc-bc97-4500b5df166e}" locklevel="0" colspan="1" rowspan="1" visible="false">
                                <labels>
                                  <label description="Initial Reg Type Id" languagecode="1033" />
                                  <label description="Initial Reg Type Id" languagecode="1036" />
                                </labels>
                                <control id="fdr_initialregtypeid" classid="{4273EDBD-AC1D-40D3-9FB2-095C621B552D}" datafieldname="fdr_initialregtypeid" disabled="false" />
                              </cell>
                            </row>
                            <row>
                              <cell id="{05f1f94b-69a4-442b-a4ed-d186d34c5e8e}" locklevel="0" colspan="1" rowspan="1" visible="false">
                                <labels>
                                  <label description="Initial SRFunction ID" languagecode="1033" />
                                  <label description="Initial SRFunction ID" languagecode="1036" />
                                </labels>
                                <control id="fdr_initialsrfunctionid" classid="{4273EDBD-AC1D-40D3-9FB2-095C621B552D}" datafieldname="fdr_initialsrfunctionid" disabled="false" />
                              </cell>
                            </row>
                            <row>
                              <cell id="{9ed68b0c-bb42-4935-885a-66697a6ace75}" locklevel="0" colspan="1" rowspan="1" visible="false">
                                <labels>
                                  <label description="Operation" languagecode="1033" />
                                  <label description="Operation" languagecode="1036" />
                                </labels>
                                <control id="fdr_ovs_mocregistration" classid="{270BD3DB-D9AF-4782-9025-509E298DEC0A}" datafieldname="fdr_ovs_mocregistration" disabled="false" />
                              </cell>
                              <cell id="{380d2433-c4fb-45d2-9e6e-e5ad4d8f49eb}" locklevel="0" colspan="1" rowspan="1">
                                <labels>
                                  <label description="EC Number" languagecode="1033" />
                                  <label description="Numéro de CÉ" languagecode="1036" />
                                </labels>
                                <control id="fdr_certificatenumber" classid="{4273EDBD-AC1D-40D3-9FB2-095C621B552D}" datafieldname="fdr_certificatenumber" disabled="false" />
                              </cell>
                            </row>
                            <row>
                              <cell locklevel="0" id="{13acbba0-137a-45eb-bb36-b76d5bf6f84e}" showlabel="false">
                                <labels>
                                  <label description="" languagecode="1036" />
                                </labels>
                              </cell>
                              <cell id="{03bc263d-6330-4af1-8aae-548f339e0bd1}" locklevel="0" colspan="1" rowspan="1">
                                <labels>
                                  <label description="EC Expiry Date" languagecode="1033" />
                                  <label description="Date d’expiration CÉ" languagecode="1036" />
                                </labels>
                                <control id="fdr_certificateexpirydate" classid="{5B773807-9FB2-42DB-97C3-7A91EFF8ADFF}" datafieldname="fdr_certificateexpirydate" disabled="false" />
                              </cell>
                            </row>
                          </rows>
                        </section>
                        <section name="General_section_5" id="efec7294-cf61-4fa5-8bea-4aa23f256ab4" IsUserDefined="0" locklevel="0" showlabel="false" showbar="false" layout="varwidth" celllabelalignment="Left" celllabelposition="Left" columns="11" labelwidth="115">
                          <labels>
                            <label description="New Section" languagecode="1033" />
                          </labels>
                          <rows>
                            <row>
                              <cell id="{31272e57-b2f7-4b8c-9877-011d7a22434e}" locklevel="0" colspan="1" rowspan="1">
                                <labels>
                                  <label description="Parent Design" languagecode="1033" />
                                  <label description="Modele Type" languagecode="1036" />
                                </labels>
                                <control id="header_fdr_parentdesign" classid="{270BD3DB-D9AF-4782-9025-509E298DEC0A}" datafieldname="fdr_parentdesign" disabled="false" />
                              </cell>
                              <cell locklevel="0" id="{a1f823ab-7153-4d7f-841f-c6d52e31a4c8}" colspan="1" rowspan="1">
                                <labels>
                                  <label description="Parent Design Registration Number" languagecode="1033" />
                                  <label description="Modele Type" languagecode="1036" />
                                </labels>
                                <control id="parent_reqNumber_view" classid="{5C5600E0-1D6E-4205-A272-BE80DA87FD42}" datafieldname="fdr_parentdesign">
                                  <parameters>
                                    <DisplayAsCustomer360Tile>false</DisplayAsCustomer360Tile>
                                    <QuickForms>&lt;QuickFormIds&gt;&lt;QuickFormId entityname="fdr_design"&gt;58394379-fa9e-4036-8287-d35f445acd10&lt;/QuickFormId&gt;&lt;/QuickFormIds&gt;</QuickForms>
                                  </parameters>
                                </control>
                              </cell>
                            </row>
                          </rows>
                        </section>
                        <section name="section_designRequirement" id="c639a251-4bd1-46e4-9fcf-f528b06df7e5" IsUserDefined="0" locklevel="0" showlabel="true" showbar="false" layout="varwidth" celllabelalignment="Left" celllabelposition="Left" columns="11" labelwidth="115">
                          <labels>
                            <label description="Design Requirements" languagecode="1033" />
                            <label description="Exigences de conception" languagecode="1036" />
                          </labels>
                          <rows>
                            <row>
                              <cell id="{79f207b3-2598-48c0-90bc-3a374d3cab61}" userspacer="true" showlabel="false" colspan="1" rowspan="1">
                                <labels>
                                  <label description="" languagecode="1036" />
                                </labels>
                              </cell>
                              <cell locklevel="0" id="{4f6f6781-3b0c-4cc3-8083-e361d94e154d}" colspan="1" rowspan="1">
                                <labels>
                                  <label description="New QV control 1656006688639" languagecode="1033" />
                                  <label description="Exigence de marquage de conception" languagecode="1036" />
                                </labels>
                                <control id="QVC_DMR" classid="{5C5600E0-1D6E-4205-A272-BE80DA87FD42}" datafieldname="fdr_designmarkingrequirement">
                                  <parameters>
                                    <DisplayAsCustomer360Tile>false</DisplayAsCustomer360Tile>
                                    <QuickForms>&lt;QuickFormIds&gt;&lt;QuickFormId entityname="fdr_designmarkingrequirement"&gt;763a1be5-6911-4ae6-b47c-e62f31b2135d&lt;/QuickFormId&gt;&lt;/QuickFormIds&gt;</QuickForms>
                                  </parameters>
                                </control>
                              </cell>
                            </row>
                            <row>
                              <cell id="{5bed79ff-23d2-48a9-91d2-ec2d276c8403}" locklevel="0" colspan="1" rowspan="1">
                                <labels>
                                  <label description="Option" languagecode="1033" />
                                  <label description="Option" languagecode="1036" />
                                </labels>
                                <control id="fdr_option" classid="{4AA28AB7-9C13-4F57-A73D-AD894D048B5F}" datafieldname="fdr_option" disabled="false" />
                              </cell>
                              <cell locklevel="0" id="{4c99555a-286e-4a24-a68a-ea8e0d364d44}" showlabel="false">
                                <labels>
                                  <label description="" languagecode="1036" />
                                </labels>
                              </cell>
                            </row>
                            <row>
                              <cell id="{7fab560b-4ceb-4475-8b0f-8ee9e7cc9a56}" locklevel="0" colspan="1" rowspan="1">
                                <labels>
                                  <label description="Packing Group Marking" languagecode="1033" />
                                  <label description="Marquage du groupe d'emballage" languagecode="1036" />
                                </labels>
                                <control id="fdr_packinggroupmarking" classid="{3EF39988-22BB-4F0B-BBBE-64B5A3748AEE}" datafieldname="fdr_packinggroupmarking" disabled="false" />
                              </cell>
                              <cell locklevel="0" id="{0e66df82-0c8f-463f-a74e-894f9872a9aa}" showlabel="false">
                                <labels>
                                  <label description="" languagecode="1036" />
                                </labels>
                              </cell>
                            </row>
                            <row>
                              <cell id="{7dca3af0-de1a-4cef-acbc-9b90da95687e}" locklevel="0" colspan="1" rowspan="1">
                                <labels>
                                  <label description="Gross Mass" languagecode="1033" />
                                  <label description="Masse brute" languagecode="1036" />
                                </labels>
                                <control id="fdr_grossmass" classid="{C3EFE0C3-0EC6-42BE-8349-CBD9079DFD8E}" datafieldname="fdr_grossmass" disabled="false" />
                              </cell>
                              <cell locklevel="0" id="{e4043791-8d36-4877-86c6-842198cadd5d}" showlabel="false">
                                <labels>
                                  <label description="" languagecode="1036" />
                                </labels>
                              </cell>
                            </row>
                            <row>
                              <cell id="{00c618d1-886e-41cb-b0cc-99584ad1fda4}" locklevel="0" colspan="1" rowspan="1">
                                <labels>
                                  <label description="Relative Density" languagecode="1033" />
                                  <label description="Densité relative" languagecode="1036" />
                                </labels>
                                <control id="fdr_relativedensity" classid="{C3EFE0C3-0EC6-42BE-8349-CBD9079DFD8E}" datafieldname="fdr_relativedensity" disabled="false" />
                              </cell>
                              <cell locklevel="0" id="{cd51957b-59be-43db-9e24-0860addecb5b}" showlabel="false">
                                <labels>
                                  <label description="" languagecode="1036" />
                                </labels>
                              </cell>
                            </row>
                            <row>
                              <cell id="{f94db703-2cb4-4d09-b39d-a0dfe0a33de3}" locklevel="0" colspan="1" rowspan="1">
                                <labels>
                                  <label description="Packaging Material" languagecode="1033" />
                                  <label description="Matériau d'emballage" languagecode="1036" />
                                </labels>
                                <control id="fdr_packagingmaterial" classid="{3EF39988-22BB-4F0B-BBBE-64B5A3748AEE}" datafieldname="fdr_packagingmaterial" disabled="false" />
                              </cell>
                              <cell locklevel="0" id="{555d3871-66b3-4008-85ad-8e98ee98d4b8}" showlabel="false">
                                <labels>
                                  <label description="" languagecode="1036" />
                                </labels>
                              </cell>
                            </row>
                            <row>
                              <cell id="{38702300-73f4-40de-b738-d6d72f045fd4}" locklevel="0" colspan="1" rowspan="1">
                                <labels>
                                  <label description="Internal Test Pressure" languagecode="1033" />
                                  <label description="Pression d'essai interne" languagecode="1036" />
                                </labels>
                                <control id="fdr_internaltestpressure" classid="{C3EFE0C3-0EC6-42BE-8349-CBD9079DFD8E}" datafieldname="fdr_internaltestpressure" disabled="false" />
                              </cell>
                              <cell locklevel="0" id="{d10def3c-9769-42d0-a007-dc8027c6db0f}" showlabel="false">
                                <labels>
                                  <label description="" languagecode="1036" />
                                </labels>
                              </cell>
                            </row>
                            <row>
                              <cell id="{b60f4976-7ecf-428a-a98a-783d95331818}" locklevel="0" colspan="1" rowspan="1">
                                <labels>
                                  <label description="Registered Mark" languagecode="1033" />
                                  <label description="Marque enregistrée" languagecode="1036" />
                                </labels>
                                <control id="fdr_registeredmark" classid="{4273EDBD-AC1D-40D3-9FB2-095C621B552D}" datafieldname="fdr_registeredmark" disabled="false" />
                              </cell>
                              <cell locklevel="0" id="{f82ac058-b98d-4038-99e5-ab01e4587448}" showlabel="false">
                                <labels>
                                  <label description="" languagecode="1036" />
                                </labels>
                              </cell>
                            </row>
                            <row>
                              <cell id="{4bd2ab89-8fae-43ea-a6a2-281f64ea3f47}" locklevel="0" colspan="1" rowspan="1">
                                <labels>
                                  <label description="NRCAN Authorization" languagecode="1033" />
                                  <label description="Autorisation de RNCan" languagecode="1036" />
                                </labels>
                                <control id="fdr_nrcanauthorization" classid="{4273EDBD-AC1D-40D3-9FB2-095C621B552D}" datafieldname="fdr_nrcanauthorization" disabled="false" />
                              </cell>
                              <cell locklevel="0" id="{ed5990c8-2f7e-45f2-a27b-7a895f6108be}" showlabel="false">
                                <labels>
                                  <label description="" languagecode="1036" />
                                </labels>
                              </cell>
                            </row>
                            <row>
                              <cell id="{e135c7a6-41f6-4bd7-b878-b056c66e3db6}" locklevel="0" colspan="1" rowspan="1">
                                <labels>
                                  <label description="Maximum Permitted Stacking Load" languagecode="1033" />
                                  <label description="Charge de gerbage maximale admissible" languagecode="1036" />
                                </labels>
                                <control id="fdr_maximumpermittedstackingload" classid="{C3EFE0C3-0EC6-42BE-8349-CBD9079DFD8E}" datafieldname="fdr_maximumpermittedstackingload" disabled="false" />
                              </cell>
                              <cell locklevel="0" id="{f5fe80e7-8663-47ce-8f61-2633db190ffd}" showlabel="false">
                                <labels>
                                  <label description="" languagecode="1036" />
                                </labels>
                              </cell>
                            </row>
                            <row>
                              <cell id="{cca83073-7218-4f26-86c1-782d9e2fd9dd}" locklevel="0" colspan="1" rowspan="1">
                                <labels>
                                  <label description="Maximum Permissible Gross Mass / Load" languagecode="1033" />
                                  <label description="Masse/charge brute maximale admissible" languagecode="1036" />
                                </labels>
                                <control id="fdr_maximumpermissiblegrossmassload" classid="{C3EFE0C3-0EC6-42BE-8349-CBD9079DFD8E}" datafieldname="fdr_maximumpermissiblegrossmassload" disabled="false" />
                              </cell>
                              <cell locklevel="0" id="{851d5284-b0d3-489a-b252-b90b97e1f18a}" showlabel="false">
                                <labels>
                                  <label description="" languagecode="1036" />
                                </labels>
                              </cell>
                            </row>
                            <row>
                              <cell id="{675a525e-af03-4b60-af1e-01620989028d}" locklevel="0" colspan="1" rowspan="1">
                                <labels>
                                  <label description="Maximum Capacity" languagecode="1033" />
                                  <label description="Contenance maximale" languagecode="1036" />
                                </labels>
                                <control id="fdr_maximumcapacity" classid="{C3EFE0C3-0EC6-42BE-8349-CBD9079DFD8E}" datafieldname="fdr_maximumcapacity" disabled="false" />
                              </cell>
                              <cell locklevel="0" id="{1394801d-f444-44ae-9f38-97e48b6367fd}" showlabel="false">
                                <labels>
                                  <label description="" languagecode="1036" />
                                </labels>
                              </cell>
                            </row>
                            <row>
                              <cell id="{fa9edf90-68d0-4ab6-8146-7a77623179ae}" locklevel="0" colspan="1" rowspan="1">
                                <labels>
                                  <label description="Tare Mass" languagecode="1033" />
                                  <label description="Masse de la tare" languagecode="1036" />
                                </labels>
                                <control id="fdr_taremass" classid="{C3EFE0C3-0EC6-42BE-8349-CBD9079DFD8E}" datafieldname="fdr_taremass" disabled="false" />
                              </cell>
                              <cell locklevel="0" id="{b30ce384-e973-4f03-8029-33f701f62d0a}" showlabel="false">
                                <labels>
                                  <label description="" languagecode="1036" />
                                </labels>
                              </cell>
                            </row>
                            <row>
                              <cell id="{4abcf5f9-c66f-4350-98c9-f0c30c8156cb}" locklevel="0" colspan="1" rowspan="1">
                                <labels>
                                  <label description="Test Pressure" languagecode="1033" />
                                  <label description="Pression d'épreuve" languagecode="1036" />
                                </labels>
                                <control id="fdr_testpressure" classid="{C3EFE0C3-0EC6-42BE-8349-CBD9079DFD8E}" datafieldname="fdr_testpressure" disabled="false" />
                              </cell>
                              <cell locklevel="0" id="{ce5d3582-f179-4fc8-8235-840536a49b56}" showlabel="false">
                                <labels>
                                  <label description="" languagecode="1036" />
                                </labels>
                              </cell>
                            </row>
                            <row>
                              <cell id="{f017d841-1ba2-44ea-967f-ee8faba3f2e2}" locklevel="0" colspan="1" rowspan="1">
                                <labels>
                                  <label description="Maximum Loading / Discharge Pressure" languagecode="1033" />
                                  <label description="Pression de remplissage/vidage maximale" languagecode="1036" />
                                </labels>
                                <control id="fdr_maximumloadingdischargepressure" classid="{C3EFE0C3-0EC6-42BE-8349-CBD9079DFD8E}" datafieldname="fdr_maximumloadingdischargepressure" disabled="false" />
                              </cell>
                              <cell locklevel="0" id="{b47c1625-c256-4cfc-a99d-98aabc5a38e2}" showlabel="false">
                                <labels>
                                  <label description="" languagecode="1036" />
                                </labels>
                              </cell>
                            </row>
                            <row>
                              <cell id="{48a130ce-2f60-45d7-a3cb-9d0c6d28987d}" locklevel="0" colspan="1" rowspan="1">
                                <labels>
                                  <label description="Body Material" languagecode="1033" />
                                  <label description="Matériau de corps" languagecode="1036" />
                                </labels>
                                <control id="fdr_bodymaterial" classid="{4273EDBD-AC1D-40D3-9FB2-095C621B552D}" datafieldname="fdr_bodymaterial" disabled="false" />
                              </cell>
                              <cell locklevel="0" id="{e33b3754-04d1-4201-a940-092d4690041e}" showlabel="false">
                                <labels>
                                  <label description="" languagecode="1036" />
                                </labels>
                              </cell>
                            </row>
                            <row>
                              <cell id="{6172c822-04ec-40de-b3b0-88a4598feb5e}" locklevel="0" colspan="1" rowspan="1">
                                <labels>
                                  <label description="Minimum Thickness" languagecode="1033" />
                                  <label description="Épaisseur minimale" languagecode="1036" />
                                </labels>
                                <control id="fdr_minimumthickness" classid="{C3EFE0C3-0EC6-42BE-8349-CBD9079DFD8E}" datafieldname="fdr_minimumthickness" disabled="false" />
                              </cell>
                              <cell locklevel="0" id="{d32d77ba-f987-41ba-b34a-b2dce507e235}" showlabel="false">
                                <labels>
                                  <label description="" languagecode="1036" />
                                </labels>
                              </cell>
                            </row>
                            <row>
                              <cell id="{141d3fe0-2109-4b31-9795-c3377081c213}" locklevel="0" colspan="1" rowspan="1">
                                <labels>
                                  <label description="Maximum Allowable Working Pressure" languagecode="1033" />
                                  <label description="Pression maximale de service admissible" languagecode="1036" />
                                </labels>
                                <control id="fdr_maximumallowableworkingpressure" classid="{C3EFE0C3-0EC6-42BE-8349-CBD9079DFD8E}" datafieldname="fdr_maximumallowableworkingpressure" disabled="false" />
                              </cell>
                              <cell locklevel="0" id="{bd1d5659-e9bf-4e84-afd9-435bb094adf4}" showlabel="false">
                                <labels>
                                  <label description="" languagecode="1036" />
                                </labels>
                              </cell>
                            </row>
                            <row>
                              <cell id="{f68290b9-3b77-4ac5-847a-f60509f309bf}" locklevel="0" colspan="1" rowspan="1">
                                <labels>
                                  <label description="Main Container Drawing" languagecode="1033" />
                                  <label description="dessin du contenant principal" languagecode="1036" />
                                </labels>
                                <control id="fdr_maincontainerdrawing" classid="{4273EDBD-AC1D-40D3-9FB2-095C621B552D}" datafieldname="fdr_maincontainerdrawing" disabled="false" />
                              </cell>
                              <cell locklevel="0" id="{28ba9eca-731a-456c-b5e4-646dd7898e1f}" showlabel="false">
                                <labels>
                                  <label description="" languagecode="1036" />
                                </labels>
                              </cell>
                            </row>
                            <row>
                              <cell id="{47127ecf-dc46-4374-9762-a7ddc7ac99f6}" locklevel="0" colspan="1" rowspan="1">
                                <labels>
                                  <label description="Main Container Drawing Revision" languagecode="1033" />
                                  <label description="Révision du dessin du contenant principal" languagecode="1036" />
                                </labels>
                                <control id="fdr_maincontainerdrawingrevision" classid="{C6D124CA-7EDA-4A60-AEA9-7FB8D318B68F}" datafieldname="fdr_maincontainerdrawingrevision" disabled="false" />
                              </cell>
                              <cell locklevel="0" id="{130beb0f-5378-4309-8600-8a768c87b1c8}" showlabel="false">
                                <labels>
                                  <label description="" languagecode="1036" />
                                </labels>
                              </cell>
                            </row>
                            <row>
                              <cell id="{99c784f2-ce1b-41ee-b997-fad35443dec9}" locklevel="0" colspan="1" rowspan="1">
                                <labels>
                                  <label description="Main Container Drawing Date" languagecode="1033" />
                                  <label description="Date du dessin du contenant principal" languagecode="1036" />
                                </labels>
                                <control id="fdr_maincontainerdrawingdate" classid="{5B773807-9FB2-42DB-97C3-7A91EFF8ADFF}" datafieldname="fdr_maincontainerdrawingdate" disabled="false" />
                              </cell>
                              <cell locklevel="0" id="{3da3c551-ee30-4778-a999-3b9d40d2e4d0}" showlabel="false">
                                <labels>
                                  <label description="" languagecode="1036" />
                                </labels>
                              </cell>
                            </row>
                            <row>
                              <cell id="{37c179c8-dac6-4b09-b77c-c2655ed49c12}" locklevel="0" colspan="1" rowspan="1">
                                <labels>
                                  <label description="Tank Assembly Drawing" languagecode="1033" />
                                  <label description="dessin de l'assemblage" languagecode="1036" />
                                </labels>
                                <control id="fdr_tankassemblydrawing" classid="{4273EDBD-AC1D-40D3-9FB2-095C621B552D}" datafieldname="fdr_tankassemblydrawing" disabled="false" />
                              </cell>
                              <cell locklevel="0" id="{330f6572-2bda-4c5a-9030-7c566620f63c}" showlabel="false">
                                <labels>
                                  <label description="" languagecode="1036" />
                                </labels>
                              </cell>
                            </row>
                            <row>
                              <cell id="{0f9298be-74ab-45bf-ae34-a1982145486f}" locklevel="0" colspan="1" rowspan="1">
                                <labels>
                                  <label description="Tank Assembly Drawing Revision" languagecode="1033" />
                                  <label description="Révision du dessin de l'assemblage" languagecode="1036" />
                                </labels>
                                <control id="fdr_tankassemblydrawingrevision" classid="{C6D124CA-7EDA-4A60-AEA9-7FB8D318B68F}" datafieldname="fdr_tankassemblydrawingrevision" disabled="false" />
                              </cell>
                              <cell locklevel="0" id="{c3297f6b-2a5c-42d8-95f1-837927e409bb}" showlabel="false">
                                <labels>
                                  <label description="" languagecode="1036" />
                                </labels>
                              </cell>
                            </row>
                            <row>
                              <cell id="{06df5416-f966-4820-81d6-94df562baff0}" locklevel="0" colspan="1" rowspan="1">
                                <labels>
                                  <label description="Tank Assembly Drawing Date" languagecode="1033" />
                                  <label description="date du dessin de l'assemblage" languagecode="1036" />
                                </labels>
                                <control id="fdr_tankassemblydrawingdate" classid="{5B773807-9FB2-42DB-97C3-7A91EFF8ADFF}" datafieldname="fdr_tankassemblydrawingdate" disabled="false" />
                              </cell>
                              <cell locklevel="0" id="{f493638d-be0e-4509-8c56-bd57578a7013}" showlabel="false">
                                <labels>
                                  <label description="" languagecode="1036" />
                                </labels>
                              </cell>
                            </row>
                            <row>
                              <cell id="{bb9377c7-76c5-45c8-ad6a-7bd264e4b1c7}" locklevel="0" colspan="1" rowspan="1">
                                <labels>
                                  <label description="Piping Arrangement Drawing" languagecode="1033" />
                                  <label description="dessin de disposition de la tuyauterie" languagecode="1036" />
                                </labels>
                                <control id="fdr_pipingarrangementdrawing" classid="{4273EDBD-AC1D-40D3-9FB2-095C621B552D}" datafieldname="fdr_pipingarrangementdrawing" disabled="false" />
                              </cell>
                              <cell locklevel="0" id="{b8c5c769-23b5-4d41-a813-b04d3ebfdc8b}" showlabel="false">
                                <labels>
                                  <label description="" languagecode="1036" />
                                </labels>
                              </cell>
                            </row>
                            <row>
                              <cell id="{965e9797-99e7-4ab3-b9b0-f75f7e06b8d9}" locklevel="0" colspan="1" rowspan="1">
                                <labels>
                                  <label description="Piping Arrangement Drawing Revision" languagecode="1033" />
                                  <label description="Révision du dessin de disposition de la tuyauterie" languagecode="1036" />
                                </labels>
                                <control id="fdr_pipingarrangementdrawingrevision" classid="{C6D124CA-7EDA-4A60-AEA9-7FB8D318B68F}" datafieldname="fdr_pipingarrangementdrawingrevision" disabled="false" />
                              </cell>
                              <cell locklevel="0" id="{8f1a3291-808d-4e2a-a235-74f73cec05ad}" showlabel="false">
                                <labels>
                                  <label description="" languagecode="1036" />
                                </labels>
                              </cell>
                            </row>
                            <row>
                              <cell id="{a1443eb4-8b9d-40fc-ae25-3f4ac91e9202}" locklevel="0" colspan="1" rowspan="1">
                                <labels>
                                  <label description="Piping Arrangement Drawing Date" languagecode="1033" />
                                  <label description="date du dessin de disposition de la tuyauterie" languagecode="1036" />
                                </labels>
                                <control id="fdr_pipingarrangementdrawingdate" classid="{5B773807-9FB2-42DB-97C3-7A91EFF8ADFF}" datafieldname="fdr_pipingarrangementdrawingdate" disabled="false" />
                              </cell>
                              <cell locklevel="0" id="{a718ad65-22ca-4e31-bb23-68a1aafe5586}" showlabel="false">
                                <labels>
                                  <label description="" languagecode="1036" />
                                </labels>
                              </cell>
                            </row>
                            <row>
                              <cell id="{14b6a367-65ac-45d9-9f9b-f19ee07cacd5}" locklevel="0" colspan="1" rowspan="1">
                                <labels>
                                  <label description="Design Review Agency Report Number" languagecode="1033" />
                                  <label description="Numéro du rapport de l'organisme de revue de conception" languagecode="1036" />
                                </labels>
                                <control id="fdr_designreviewagencyreportnumber" classid="{4273EDBD-AC1D-40D3-9FB2-095C621B552D}" datafieldname="fdr_designreviewagencyreportnumber" disabled="false" />
                              </cell>
                              <cell locklevel="0" id="{f1b57f38-0cf8-4ef1-a69c-8d47d8d784b3}" showlabel="false">
                                <labels>
                                  <label description="" languagecode="1036" />
                                </labels>
                              </cell>
                            </row>
                            <row>
                              <cell id="{b621e793-f045-42e3-b450-a76976625071}" locklevel="0" colspan="1" rowspan="1">
                                <labels>
                                  <label description="Design Review Agency Report Date" languagecode="1033" />
                                  <label description="Date du rapport de l'organisme de revue de conception" languagecode="1036" />
                                </labels>
                                <control id="fdr_designreviewagencyreportdate" classid="{5B773807-9FB2-42DB-97C3-7A91EFF8ADFF}" datafieldname="fdr_designreviewagencyreportdate" disabled="false" />
                              </cell>
                              <cell locklevel="0" id="{85bd22ba-73ff-48fa-949a-f9bfea522d20}" showlabel="false">
                                <labels>
                                  <label description="" languagecode="1036" />
                                </labels>
                              </cell>
                            </row>
                          </rows>
                        </section>
                        <section name="section_TCRN" id="aac7ca5b-f0d5-4c89-b1f8-e8f9138d972b" IsUserDefined="0" locklevel="0" showlabel="true" showbar="false" layout="varwidth" celllabelalignment="Left" celllabelposition="Left" columns="11" labelwidth="115">
                          <labels>
                            <label description="TCRN" languagecode="1033" />
                            <label description="NETC" languagecode="1036" />
                          </labels>
                          <rows>
                            <row>
                              <cell id="{9d66bd75-b147-4c3c-ba03-b5d8ce09c68d}" locklevel="0" colspan="1" rowspan="1">
                                <labels>
                                  <label description="Design Review Agency" languagecode="1033" />
                                  <label description="Organisme de revue de conception" languagecode="1036" />
                                </labels>
                                <control id="fdr_designreviewagency" classid="{270BD3DB-D9AF-4782-9025-509E298DEC0A}" datafieldname="fdr_designreviewagency" disabled="false" />
                              </cell>
                              <cell id="{cac1afaa-05fd-449c-a803-c906ffd40e5c}" locklevel="0" colspan="1" rowspan="1">
                                <labels>
                                  <label description="TCRN" languagecode="1033" />
                                  <label description="NETC" languagecode="1036" />
                                </labels>
                                <control id="fdr_tcrn" classid="{4273EDBD-AC1D-40D3-9FB2-095C621B552D}" datafieldname="fdr_tcrn" disabled="true" />
                              </cell>
                            </row>
                          </rows>
                        </section>
                      </sections>
                    </column>
                  </columns>
                </tab>
                <tab name="tab_RecordLog" id="16dff7d9-1a2b-40c7-8167-cc4e734c0319" IsUserDefined="0" locklevel="0" showlabel="true">
                  <labels>
                    <label description="Record Log" languagecode="1033" />
                    <label description="Journal d'enregistrement" languagecode="1036" />
                  </labels>
                  <columns>
                    <column width="100%">
                      <sections>
                        <section name="tab_RecordLog_section" id="d74fc65a-3107-4ce0-b340-7b9c21ef2260" IsUserDefined="0" locklevel="0" showlabel="false" showbar="false" layout="varwidth" celllabelalignment="Left" celllabelposition="Left" columns="11" labelwidth="115">
                          <labels>
                            <label description="New Section" languagecode="1033" />
                            <label description="Nouvelle section" languagecode="1036" />
                          </labels>
                          <rows>
                            <row>
                              <cell id="{761496d9-d293-4aa8-ac26-c3d79b321b14}" locklevel="0" colspan="1" rowspan="1">
                                <labels>
                                  <label description="Created By" languagecode="1033" />
                                  <label description="Créé par" languagecode="1036" />
                                </labels>
                                <control id="createdby" classid="{270BD3DB-D9AF-4782-9025-509E298DEC0A}" datafieldname="createdby" disabled="false" />
                              </cell>
                              <cell id="{b48931e3-8c41-416b-9d15-626c59010cb2}" locklevel="0" colspan="1" rowspan="1">
                                <labels>
                                  <label description="Created On" languagecode="1033" />
                                  <label description="Créé le" languagecode="1036" />
                                </labels>
                                <control id="createdon" classid="{5B773807-9FB2-42DB-97C3-7A91EFF8ADFF}" datafieldname="createdon" disabled="false" />
                              </cell>
                            </row>
                            <row>
                              <cell id="{b793c23e-6dff-425d-9483-7450a0d46338}" locklevel="0" colspan="1" rowspan="1">
                                <labels>
                                  <label description="Modified By" languagecode="1033" />
                                  <label description="Modifié par" languagecode="1036" />
                                </labels>
                                <control id="modifiedby" classid="{270BD3DB-D9AF-4782-9025-509E298DEC0A}" datafieldname="modifiedby" disabled="false" />
                              </cell>
                              <cell id="{d58ba4f5-2a43-4308-91c9-b1b495bbd49a}" locklevel="0" colspan="1" rowspan="1">
                                <labels>
                                  <label description="Modified On" languagecode="1033" />
                                  <label description="Modifié le" languagecode="1036" />
                                </labels>
                                <control id="modifiedon" classid="{5B773807-9FB2-42DB-97C3-7A91EFF8ADFF}" datafieldname="modifiedon" disabled="false" />
                              </cell>
                            </row>
                          </rows>
                        </section>
                      </sections>
                    </column>
                  </columns>
                </tab>
              </tabs>
              <header id="{b8f9f126-e734-40f1-8cce-673b2c95a351}" celllabelposition="Top" columns="111" labelwidth="115" celllabelalignment="Left">
                <rows>
                  <row>
                    <cell id="{fc93bddc-3b51-4a08-ae7e-b42cfa93426b}" showlabel="false">
                      <labels>
                        <label description="" languagecode="1036" />
                      </labels>
                    </cell>
                    <cell id="{fa33a326-210a-4861-b4aa-be5d3d1d724f}" showlabel="false">
                      <labels>
                        <label description="" languagecode="1036" />
                      </labels>
                    </cell>
                    <cell id="{8a8e26d6-3b4f-4c71-9ecd-c08f6704eb19}" showlabel="false">
                      <labels>
                        <label description="" languagecode="1036" />
                      </labels>
                    </cell>
                    <cell locklevel="0" id="{cfb4ca1e-bb91-4316-9df9-6cb3e09bb2ba}" showlabel="false">
                      <labels>
                        <label description="" languagecode="1036" />
                      </labels>
                    </cell>
                    <cell id="{abaa6b35-7b58-8461-a6ad-174ceb6062cd}" showlabel="false">
                      <labels>
                        <label description="" languagecode="1036" />
                      </labels>
                    </cell>
                    <cell id="{797eaa45-ab79-4c9c-8c08-e1074cd8307b}" locklevel="0" colspan="1" rowspan="1">
                      <labels>
                        <label description="Status" languagecode="1033" />
                        <label description="Statut" languagecode="1036" />
                      </labels>
                      <control id="header_statecode" classid="{3EF39988-22BB-4F0B-BBBE-64B5A3748AEE}" datafieldname="statecode" disabled="true" />
                    </cell>
                    <cell id="{c6c2b081-7835-4ef2-8b35-f248017ea3b8}" locklevel="0" colspan="1" rowspan="1">
                      <labels>
                        <label description="Status Reason" languagecode="1033" />
                        <label description="Raison du statut" languagecode="1036" />
                      </labels>
                      <control id="header_statuscode" classid="{3EF39988-22BB-4F0B-BBBE-64B5A3748AEE}" datafieldname="statuscode" disabled="true" />
                    </cell>
                    <cell id="{bd8bbea4-7357-47dc-8311-8fa1ac35fbf8}" locklevel="0" colspan="1" rowspan="1">
                      <labels>
                        <label description="Owner" languagecode="1033" />
                        <label description="Propriétaire" languagecode="1036" />
                      </labels>
                      <control id="header_ownerid" classid="{270BD3DB-D9AF-4782-9025-509E298DEC0A}" datafieldname="ownerid" disabled="false" />
                    </cell>
                  </row>
                </rows>
              </header>
              <footer id="{f2d49ebe-1ea4-48fd-9dab-f8f2c3db903c}" celllabelposition="Top" columns="111" labelwidth="115" celllabelalignment="Left">
                <rows>
                  <row>
                    <cell id="{3bc8acf0-1381-44d0-a64b-20e5d57f65a4}" showlabel="false">
                      <labels>
                        <label description="" languagecode="1036" />
                      </labels>
                    </cell>
                    <cell id="{c4e136f0-5115-4641-8769-7647deb7ac30}" showlabel="false">
                      <labels>
                        <label description="" languagecode="1036" />
                      </labels>
                    </cell>
                    <cell id="{121bcbad-19f6-4c23-b041-6e69ce12edbd}" showlabel="false">
                      <labels>
                        <label description="" languagecode="1036" />
                      </labels>
                    </cell>
                  </row>
                </rows>
              </footer>
              <formLibraries>
                <Library name="qm_globalHelper.js" libraryUniqueId="{503fc3ea-91d8-4eed-8fb5-9208f9ff0c9c}" />
                <Library name="fdr_design_main.js" libraryUniqueId="{4a5204e7-8646-4bd4-90ad-4433269a0ce2}" />
              </formLibraries>
              <events>
                <event name="onload" application="false" active="false">
                  <Handlers>
                    <Handler functionName="Design_main.OnLoad" libraryName="fdr_design_main.js" handlerUniqueId="{66073843-2dd8-44a4-abf4-716496068aa5}" enabled="true" parameters="" passExecutionContext="true" />
                  </Handlers>
                </event>
              </events>
              <Navigation>
                <NavBar />
                <NavBarAreas>
                  <NavBarArea Id="Info">
                    <Titles>
                      <Title LCID="1033" Text="Common" />
                    </Titles>
                  </NavBarArea>
                  <NavBarArea Id="Sales">
                    <Titles>
                      <Title LCID="1033" Text="Sales" />
                    </Titles>
                  </NavBarArea>
                  <NavBarArea Id="Service">
                    <Titles>
                      <Title LCID="1033" Text="Service" />
                    </Titles>
                  </NavBarArea>
                  <NavBarArea Id="Marketing">
                    <Titles>
                      <Title LCID="1033" Text="Marketing" />
                    </Titles>
                  </NavBarArea>
                  <NavBarArea Id="ProcessCenter">
                    <Titles>
                      <Title LCID="1033" Text="Process Sessions" />
                    </Titles>
                  </NavBarArea>
                </NavBarAreas>
              </Navigation>
              <DisplayConditions Order="0" FallbackForm="true">
                <Everyone />
              </DisplayConditions>
            </form>
            <IsCustomizable>1</IsCustomizable>
            <CanBeDeleted>1</CanBeDeleted>
            <LocalizedNames>
              <LocalizedName description="Information" languagecode="1033" />
              <LocalizedName description="Information" languagecode="1036" />
            </LocalizedNames>
            <Descriptions>
              <Description description="A form for this entity." languagecode="1033" />
            </Descriptions>
          </systemform>
        </forms>
      </FormXml>
      <RibbonDiffXml>
        <CustomActions>
          <CustomAction Id="fdr.fdr_design.Button.AddExistingAssoc.CustomAction" Location="Mscrm.SubGrid.fdr_design.MainTab.Management.Controls._children" Sequence="45">
            <CommandUIDefinition>
              <Button Alt="$Resources(EntityDisplayName):Ribbon.SubGrid.AddExisting" Command="fdr.fdr_design.Custom_AddExistingRecordFromSubGridAssociated" Id="fdr.fdr_design.Button.AddExistingAssoc" Image32by32="/_imgs/ribbon/AddExistingStandard_32.png" Image16by16="/_imgs/ribbon/AddExistingStandard_16.png" LabelText="$Resources(EntityDisplayName):Ribbon.SubGrid.AddExisting" Sequence="45" TemplateAlias="o1" ToolTipTitle="$Resources(EntityDisplayName):Mscrm_SubGrid_EntityLogicalName_MainTab_Management_AddExistingAssoc_ToolTipTitle" ToolTipDescription="$Resources(EntityDisplayName):Mscrm_SubGrid_EntityLogicalName_MainTab_Management_AddExistingAssoc_ToolTipDescription" ModernImage="AddExisting" />
            </CommandUIDefinition>
          </CustomAction>
          <CustomAction Id="fdr.fdr_design.Custom.Button.SubGrid_N_N.NewRecord.CustomAction" Location="Mscrm.SubGrid.fdr_design.MainTab.Management.Controls._children" Sequence="13">
            <CommandUIDefinition>
              <Button Alt="$LocLabels:fdr.fdr_design.Custom.Button.SubGrid_N_N.NewRecord.Alt" Command="fdr.fdr_design.CustomCommand.New" Id="fdr.fdr_design.Custom.Button.SubGrid_N_N.NewRecord" Image32by32="/_imgs/ribbon/newrecord32.png" Image16by16="/_imgs/ribbon/New_16.png" LabelText="$Resources(EntityDisplayName):Ribbon.SubGrid.MainTab.New" Sequence="13" TemplateAlias="o1" ToolTipTitle="$Resources(EntityDisplayName):Ribbon.SubGrid.MainTab.New" ToolTipDescription="$Resources(EntityDisplayName):Ribbon.Tooltip.New" ModernImage="New" />
            </CommandUIDefinition>
          </CustomAction>
          <HideCustomAction HideActionId="fdr.Mscrm.Form.fdr_design.NewRecord.Hide" Location="Mscrm.Form.fdr_design.NewRecord" />
          <HideCustomAction HideActionId="fdr.Mscrm.Form.fdr_design.NewRecordForBPFEntity.Hide" Location="Mscrm.Form.fdr_design.NewRecordForBPFEntity" />
          <HideCustomAction HideActionId="fdr.Mscrm.Form.fdr_design.SaveAndNew.Hide" Location="Mscrm.Form.fdr_design.SaveAndNew" />
          <HideCustomAction HideActionId="fdr.Mscrm.HomepageGrid.fdr_design.NewRecord.Hide" Location="Mscrm.HomepageGrid.fdr_design.NewRecord" />
          <HideCustomAction HideActionId="fdr.Mscrm.HomepageGrid.fdr_design.NewRecordForBPFEntity.Hide" Location="Mscrm.HomepageGrid.fdr_design.NewRecordForBPFEntity" />
        </CustomActions>
        <Templates>
          <RibbonTemplates Id="Mscrm.Templates"></RibbonTemplates>
        </Templates>
        <CommandDefinitions>
          <CommandDefinition Id="fdr.fdr_design.Custom_AddExistingRecordFromSubGridAssociated">
            <EnableRules>
              <EnableRule Id="Mscrm.AppendToPrimary" />
              <EnableRule Id="Mscrm.EntityFormIsEnabled" />
              <EnableRule Id="fdr.fdr_design.EnableRule.Show_4_ServiceRequestFunction" />
            </EnableRules>
            <DisplayRules>
              <DisplayRule Id="Mscrm.AddExisting" />
              <DisplayRule Id="Mscrm.ShowForManyToManyGrids" />
              <DisplayRule Id="Mscrm.AppendToPrimary" />
              <DisplayRule Id="Mscrm.AppendPrimary" />
              <DisplayRule Id="Mscrm.AppendSelected" />
              <DisplayRule Id="Mscrm.AppendToSelected" />
            </DisplayRules>
            <Actions>
              <JavaScriptFunction FunctionName="Design_Ribbon.design_SRF_M_M_associate" Library="$webresource:fdr_design_ribbon.js">
                <CrmParameter Value="FirstPrimaryItemId" />
                <CrmParameter Value="UserLcid" />
                <CrmParameter Value="SelectedControl" />
                <CrmParameter Value="PrimaryControl" />
              </JavaScriptFunction>
            </Actions>
          </CommandDefinition>
          <CommandDefinition Id="fdr.fdr_design.CustomCommand.New">
            <EnableRules>
              <EnableRule Id="fdr.fdr_design.EnableRule.Show_4_ServiceRequestFunction" />
            </EnableRules>
            <DisplayRules>
              <DisplayRule Id="Mscrm.CreateSelectedEntityPermission" />
              <DisplayRule Id="Mscrm.ShowForManyToManyGrids" />
            </DisplayRules>
            <Actions>
              <JavaScriptFunction FunctionName="Design_Ribbon.design_SRF_M_M_create" Library="$webresource:fdr_design_ribbon.js">
                <CrmParameter Value="FirstPrimaryItemId" />
                <CrmParameter Value="UserLcid" />
                <CrmParameter Value="SelectedControl" />
                <CrmParameter Value="PrimaryControl" />
              </JavaScriptFunction>
            </Actions>
          </CommandDefinition>
          <CommandDefinition Id="Mscrm.AddExistingRecordFromSubGridAssociated">
            <EnableRules>
              <EnableRule Id="Mscrm.AppendToPrimary" />
              <EnableRule Id="Mscrm.EntityFormIsEnabled" />
              <EnableRule Id="fdr.fdr_design.EnableRule.Hide_4_ServiceRequestFunction" />
            </EnableRules>
            <DisplayRules>
              <DisplayRule Id="Mscrm.AddExisting" />
              <DisplayRule Id="Mscrm.ShowForManyToManyGrids" />
              <DisplayRule Id="Mscrm.AppendToPrimary" />
              <DisplayRule Id="Mscrm.AppendPrimary" />
              <DisplayRule Id="Mscrm.AppendSelected" />
              <DisplayRule Id="Mscrm.AppendToSelected" />
            </DisplayRules>
            <Actions>
              <JavaScriptFunction FunctionName="XrmCore.Commands.AddFromSubGrid.addExistingFromSubGridAssociated" Library="$webresource:Main_system_library.js">
                <CrmParameter Value="SelectedEntityTypeName" />
                <CrmParameter Value="SelectedControl" />
              </JavaScriptFunction>
            </Actions>
          </CommandDefinition>
          <CommandDefinition Id="Mscrm.NewRecordFromGrid">
            <EnableRules>
              <EnableRule Id="Mscrm.IsValidForHierarchyView" />
              <EnableRule Id="Mscrm.IsValidForHierarchyPageInUC" />
              <EnableRule Id="Mscrm.IsEntityAvailableForUserInMocaOffline" />
              <EnableRule Id="Mscrm.PrimaryIsNotActivityHomePageGrid" />
            </EnableRules>
            <DisplayRules>
              <DisplayRule Id="Mscrm.CreateSelectedEntityPermission" />
              <DisplayRule Id="Mscrm.ShowForNonRelationshipBoundGrids" />
              <DisplayRule Id="Mscrm.HideNewForChildEntities" />
              <DisplayRule Id="Mscrm.HideAddressEntities" />
              <DisplayRule Id="Mscrm.SelectedEntityIsNotBPFEntity" />
              <DisplayRule Id="Mscrm.IsNotActivityPointer" />
            </DisplayRules>
            <Actions>
              <JavaScriptFunction FunctionName="XrmCore.Commands.Open.openNewRecord" Library="$webresource:Main_system_library.js">
                <CrmParameter Value="SelectedEntityTypeName" />
                <CrmParameter Value="SelectedControl" />
              </JavaScriptFunction>
            </Actions>
          </CommandDefinition>
        </CommandDefinitions>
        <RuleDefinitions>
          <TabDisplayRules />
          <DisplayRules>
            <DisplayRule Id="Mscrm.AddExisting">
              <ReferencingAttributeRequiredRule Default="false" InvertResult="true" />
            </DisplayRule>
            <DisplayRule Id="Mscrm.AppendPrimary">
              <EntityPrivilegeRule PrivilegeType="Append" PrivilegeDepth="Basic" AppliesTo="PrimaryEntity" />
            </DisplayRule>
            <DisplayRule Id="Mscrm.AppendSelected">
              <EntityPrivilegeRule PrivilegeType="Append" PrivilegeDepth="Basic" AppliesTo="SelectedEntity" />
            </DisplayRule>
            <DisplayRule Id="Mscrm.AppendToPrimary">
              <EntityPrivilegeRule PrivilegeType="AppendTo" PrivilegeDepth="Basic" AppliesTo="PrimaryEntity" />
            </DisplayRule>
            <DisplayRule Id="Mscrm.AppendToSelected">
              <EntityPrivilegeRule PrivilegeType="AppendTo" PrivilegeDepth="Basic" AppliesTo="SelectedEntity" />
            </DisplayRule>
            <DisplayRule Id="Mscrm.CreateSelectedEntityPermission">
              <EntityPrivilegeRule PrivilegeType="Create" PrivilegeDepth="Basic" AppliesTo="SelectedEntity" />
            </DisplayRule>
            <DisplayRule Id="Mscrm.HideAddressEntities">
              <EntityRule EntityName="customeraddress" AppliesTo="SelectedEntity" Default="false" InvertResult="true" />
            </DisplayRule>
            <DisplayRule Id="Mscrm.HideNewForChildEntities">
              <EntityPropertyRule AppliesTo="SelectedEntity" PropertyName="IsChildEntity" PropertyValue="false" />
            </DisplayRule>
            <DisplayRule Id="Mscrm.IsNotActivityPointer">
              <EntityRule EntityName="activitypointer" AppliesTo="SelectedEntity" InvertResult="true" />
            </DisplayRule>
            <DisplayRule Id="Mscrm.SelectedEntityIsNotBPFEntity">
              <EntityPropertyRule AppliesTo="SelectedEntity" PropertyName="IsBPFEntity" PropertyValue="false" />
            </DisplayRule>
            <DisplayRule Id="Mscrm.ShowForManyToManyGrids">
              <RelationshipTypeRule AppliesTo="SelectedEntity" RelationshipType="ManyToMany" />
            </DisplayRule>
            <DisplayRule Id="Mscrm.ShowForNonRelationshipBoundGrids">
              <RelationshipTypeRule AppliesTo="SelectedEntity" RelationshipType="NoRelationship" />
            </DisplayRule>
          </DisplayRules>
          <EnableRules>
            <EnableRule Id="fdr.fdr_design.EnableRule.Hide_4_ServiceRequestFunction">
              <EntityRule EntityName="fdr_servicerequestfunction" AppliesTo="PrimaryEntity" Default="false" InvertResult="true" />
            </EnableRule>
            <EnableRule Id="fdr.fdr_design.EnableRule.Show_4_ServiceRequestFunction">
              <EntityRule EntityName="fdr_servicerequestfunction" AppliesTo="PrimaryEntity" Default="false" InvertResult="false" />
            </EnableRule>
            <EnableRule Id="Mscrm.AppendToPrimary">
              <RecordPrivilegeRule PrivilegeType="AppendTo" AppliesTo="PrimaryEntity" />
            </EnableRule>
            <EnableRule Id="Mscrm.EntityFormIsEnabled">
              <FormStateRule State="Disabled" InvertResult="true" />
            </EnableRule>
            <EnableRule Id="Mscrm.IsEntityAvailableForUserInMocaOffline">
              <CustomRule FunctionName="XrmCore.Rules.Online.IsEntityAvailableForUserInMocaOffline" Library="$webresource:Main_system_library.js">
                <CrmParameter Value="SelectedEntityTypeName" />
              </CustomRule>
            </EnableRule>
            <EnableRule Id="Mscrm.IsValidForHierarchyPageInUC">
              <CustomRule FunctionName="XrmCore.Rules.HierarchyView.isValidForHierarchyPageInUC" Library="$webresource:Main_system_library.js" />
            </EnableRule>
            <EnableRule Id="Mscrm.IsValidForHierarchyView">
              <CustomRule FunctionName="XrmCore.Rules.HierarchyView.isValidForHierarchyView" Library="$webresource:Main_system_library.js" />
            </EnableRule>
            <EnableRule Id="Mscrm.PrimaryIsNotActivityHomePageGrid">
              <CustomRule FunctionName="XrmCore.Rules.Enabled.PrimaryIsNotActivityHomePageGrid" Library="$webresource:Main_system_library.js">
                <CrmParameter Value="SelectedEntityTypeName" />
                <CrmParameter Value="SelectedControl" />
              </CustomRule>
            </EnableRule>
          </EnableRules>
        </RuleDefinitions>
        <LocLabels>
          <LocLabel Id="fdr.fdr_design.Custom.Button.SubGrid_N_N.NewRecord.Alt">
            <Titles>
              <Title description="New {0}" languagecode="1033" />
            </Titles>
          </LocLabel>
        </LocLabels>
      </RibbonDiffXml>
    </Entity>
  </Entities>
  <Roles></Roles>
  <Workflows></Workflows>
  <FieldSecurityProfiles></FieldSecurityProfiles>
  <Templates />
  <EntityMaps />
  <EntityRelationships />
  <OrganizationSettings />
  <optionsets />
  <WebResources>
    <WebResource>
      <WebResourceId>{b7dd7319-54fd-ec11-82e6-000d3a8483f6}</WebResourceId>
      <Name>fdr_design_main.js</Name>
      <DisplayName>FDR Design main</DisplayName>
      <LanguageCode>0</LanguageCode>
      <WebResourceType>3</WebResourceType>
      <IntroducedVersion>1.0.0.0</IntroducedVersion>
      <IsEnabledForMobileClient>0</IsEnabledForMobileClient>
      <IsAvailableForMobileOffline>0</IsAvailableForMobileOffline>
      <IsCustomizable>1</IsCustomizable>
      <CanBeDeleted>1</CanBeDeleted>
      <IsHidden>0</IsHidden>
      <FileName>/WebResources/fdr_design_mainjsB7DD7319-54FD-EC11-82E6-000D3A8483F6</FileName>
    </WebResource>
  </WebResources>
  <CustomControls />
  <EntityDataProviders />
  <Languages>
    <Language>1033</Language>
    <Language>1036</Language>
  </Languages>
</ImportExportXml>