<ImportExportXml version="9.2.23012.156" SolutionPackageVersion="9.2" languagecode="1033" generatedBy="CrmLive" xmlns:xsi="http://www.w3.org/2001/XMLSchema-instance">
  <SolutionManifest>
    <UniqueName>TC_GlobalCore_Patch_91628749</UniqueName>
    <LocalizedNames>
      <LocalizedName description="TDG Core Schema" languagecode="1033" />
      <LocalizedName description="TDG Core Schema" languagecode="1036" />
    </LocalizedNames>
    <Descriptions>
      <Description description="Patch for TDG Core Schema" languagecode="1033" />
      <Description description="Patch for TDG Core Schema" languagecode="1036" />
    </Descriptions>
    <ParentUniqueName>TC_GlobalCore</ParentUniqueName>
    <Version>1.145.9.0</Version>
    <Managed>1</Managed>
    <Publisher>
      <UniqueName>oversightpublisher</UniqueName>
      <LocalizedNames>
        <LocalizedName description="Oversight" languagecode="1033" />
      </LocalizedNames>
      <Descriptions>
        <Description description="This is the common solution for AvSec Inspection and TDG Inspection." languagecode="1033" />
      </Descriptions>
      <EMailAddress xsi:nil="true"></EMailAddress>
      <SupportingWebsiteUrl xsi:nil="true"></SupportingWebsiteUrl>
      <CustomizationPrefix>ovs</CustomizationPrefix>
      <CustomizationOptionValuePrefix>91864</CustomizationOptionValuePrefix>
      <Addresses>
        <Address>
          <AddressNumber>1</AddressNumber>
          <AddressTypeCode>1</AddressTypeCode>
          <City xsi:nil="true"></City>
          <County xsi:nil="true"></County>
          <Country xsi:nil="true"></Country>
          <Fax xsi:nil="true"></Fax>
          <FreightTermsCode xsi:nil="true"></FreightTermsCode>
          <ImportSequenceNumber xsi:nil="true"></ImportSequenceNumber>
          <Latitude xsi:nil="true"></Latitude>
          <Line1 xsi:nil="true"></Line1>
          <Line2 xsi:nil="true"></Line2>
          <Line3 xsi:nil="true"></Line3>
          <Longitude xsi:nil="true"></Longitude>
          <Name xsi:nil="true"></Name>
          <PostalCode xsi:nil="true"></PostalCode>
          <PostOfficeBox xsi:nil="true"></PostOfficeBox>
          <PrimaryContactName xsi:nil="true"></PrimaryContactName>
          <ShippingMethodCode>1</ShippingMethodCode>
          <StateOrProvince xsi:nil="true"></StateOrProvince>
          <Telephone1 xsi:nil="true"></Telephone1>
          <Telephone2 xsi:nil="true"></Telephone2>
          <Telephone3 xsi:nil="true"></Telephone3>
          <TimeZoneRuleVersionNumber xsi:nil="true"></TimeZoneRuleVersionNumber>
          <UPSZone xsi:nil="true"></UPSZone>
          <UTCOffset xsi:nil="true"></UTCOffset>
          <UTCConversionTimeZoneCode xsi:nil="true"></UTCConversionTimeZoneCode>
        </Address>
        <Address>
          <AddressNumber>2</AddressNumber>
          <AddressTypeCode>1</AddressTypeCode>
          <City xsi:nil="true"></City>
          <County xsi:nil="true"></County>
          <Country xsi:nil="true"></Country>
          <Fax xsi:nil="true"></Fax>
          <FreightTermsCode xsi:nil="true"></FreightTermsCode>
          <ImportSequenceNumber xsi:nil="true"></ImportSequenceNumber>
          <Latitude xsi:nil="true"></Latitude>
          <Line1 xsi:nil="true"></Line1>
          <Line2 xsi:nil="true"></Line2>
          <Line3 xsi:nil="true"></Line3>
          <Longitude xsi:nil="true"></Longitude>
          <Name xsi:nil="true"></Name>
          <PostalCode xsi:nil="true"></PostalCode>
          <PostOfficeBox xsi:nil="true"></PostOfficeBox>
          <PrimaryContactName xsi:nil="true"></PrimaryContactName>
          <ShippingMethodCode>1</ShippingMethodCode>
          <StateOrProvince xsi:nil="true"></StateOrProvince>
          <Telephone1 xsi:nil="true"></Telephone1>
          <Telephone2 xsi:nil="true"></Telephone2>
          <Telephone3 xsi:nil="true"></Telephone3>
          <TimeZoneRuleVersionNumber xsi:nil="true"></TimeZoneRuleVersionNumber>
          <UPSZone xsi:nil="true"></UPSZone>
          <UTCOffset xsi:nil="true"></UTCOffset>
          <UTCConversionTimeZoneCode xsi:nil="true"></UTCConversionTimeZoneCode>
        </Address>
      </Addresses>
    </Publisher>
    <RootComponents>
      <RootComponent type="1" schemaName="fdr_design" behavior="2" />
      <RootComponent type="61" schemaName="fdr_design_main.js" behavior="0" />
    </RootComponents>
    <MissingDependencies>
      <MissingDependency>
        <Required type="1" schemaName="fdr_design" displayName="Design" solution="Active" />
        <Dependent type="1" schemaName="fdr_design" displayName="Design" />
      </MissingDependency>
      <MissingDependency>
        <Required type="10" schemaName="fdr_Design_ParentDesign" displayName="fdr_Design_ParentDesign" parentSchemaName="fdr_design" parentDisplayName="Design" solution="Active" />
        <Dependent type="60" displayName="Information" parentDisplayName="Design" id="{f90a6783-527f-4c28-97bc-28afe3feed37}" />
      </MissingDependency>
      <MissingDependency>
        <Required type="10" schemaName="fdr_DesignMarkingRequirement_Design" displayName="fdr_DesignMarkingRequirement_Design" parentSchemaName="fdr_designmarkingrequirement" parentDisplayName="Design Marking Requirement" solution="Active" />
        <Dependent type="60" displayName="Information" parentDisplayName="Design" id="{f90a6783-527f-4c28-97bc-28afe3feed37}" />
      </MissingDependency>
      <MissingDependency>
        <Required type="10" schemaName="fdr_fdr_design_DesignReviewAgency_ovs_mocregi" displayName="fdr_fdr_design_DesignReviewAgency_ovs_mocregi" parentSchemaName="ovs_mocregistration" parentDisplayName="Operation" solution="Active" />
        <Dependent type="60" displayName="Information" parentDisplayName="Design" id="{f90a6783-527f-4c28-97bc-28afe3feed37}" />
      </MissingDependency>
      <MissingDependency>
        <Required type="10" schemaName="fdr_mainOperation_Design" displayName="fdr_mainOperation_Design" parentSchemaName="ovs_mocregistration" parentDisplayName="Operation" solution="Active" />
        <Dependent type="60" displayName="Information" parentDisplayName="Design" id="{f90a6783-527f-4c28-97bc-28afe3feed37}" />
      </MissingDependency>
      <MissingDependency>
        <Required type="2" schemaName="createdby" displayName="Created By" parentSchemaName="fdr_design" parentDisplayName="Design" solution="Active" />
        <Dependent type="60" displayName="Information" parentDisplayName="Design" id="{f90a6783-527f-4c28-97bc-28afe3feed37}" />
      </MissingDependency>
      <MissingDependency>
        <Required type="2" schemaName="createdon" displayName="Created On" parentSchemaName="fdr_design" parentDisplayName="Design" solution="Active" />
        <Dependent type="60" displayName="Information" parentDisplayName="Design" id="{f90a6783-527f-4c28-97bc-28afe3feed37}" />
      </MissingDependency>
      <MissingDependency>
        <Required type="2" schemaName="fdr_bodymaterial" displayName="Body Material" parentSchemaName="fdr_design" parentDisplayName="Design" solution="Active" />
        <Dependent type="60" displayName="Information" parentDisplayName="Design" id="{f90a6783-527f-4c28-97bc-28afe3feed37}" />
      </MissingDependency>
      <MissingDependency>
        <Required type="2" schemaName="fdr_certificateexpirydate" displayName="EC Expiry Date" parentSchemaName="fdr_design" parentDisplayName="Design" solution="Active" />
        <Dependent type="60" displayName="Information" parentDisplayName="Design" id="{f90a6783-527f-4c28-97bc-28afe3feed37}" />
      </MissingDependency>
      <MissingDependency>
        <Required type="2" schemaName="fdr_certificatenumber" displayName="EC Number" parentSchemaName="fdr_design" parentDisplayName="Design" solution="Active" />
        <Dependent type="60" displayName="Information" parentDisplayName="Design" id="{f90a6783-527f-4c28-97bc-28afe3feed37}" />
      </MissingDependency>
      <MissingDependency>
        <Required type="2" schemaName="fdr_description" displayName="Description" parentSchemaName="fdr_design" parentDisplayName="Design" solution="Active" />
        <Dependent type="60" displayName="Information" parentDisplayName="Design" id="{f90a6783-527f-4c28-97bc-28afe3feed37}" />
      </MissingDependency>
      <MissingDependency>
        <Required type="2" schemaName="fdr_designmarkingrequirement" displayName="Design Marking Requirement" parentSchemaName="fdr_design" parentDisplayName="Design" solution="Active" />
        <Dependent type="60" displayName="Information" parentDisplayName="Design" id="{f90a6783-527f-4c28-97bc-28afe3feed37}" />
      </MissingDependency>
      <MissingDependency>
        <Required type="2" schemaName="fdr_designregistrationnumber" displayName="Design Registration Number" parentSchemaName="fdr_design" parentDisplayName="Design" solution="Active" />
        <Dependent type="60" displayName="Information" parentDisplayName="Design" id="{f90a6783-527f-4c28-97bc-28afe3feed37}" />
      </MissingDependency>
      <MissingDependency>
        <Required type="2" schemaName="fdr_designreviewagency" displayName="Design Review Agency" parentSchemaName="fdr_design" parentDisplayName="Design" solution="Active" />
        <Dependent type="60" displayName="Information" parentDisplayName="Design" id="{f90a6783-527f-4c28-97bc-28afe3feed37}" />
      </MissingDependency>
      <MissingDependency>
        <Required type="2" schemaName="fdr_designreviewagencyreportdate" displayName="Design Review Agency Report Date" parentSchemaName="fdr_design" parentDisplayName="Design" solution="Active" />
        <Dependent type="60" displayName="Information" parentDisplayName="Design" id="{f90a6783-527f-4c28-97bc-28afe3feed37}" />
      </MissingDependency>
      <MissingDependency>
        <Required type="2" schemaName="fdr_designreviewagencyreportnumber" displayName="Design Review Agency Report Number" parentSchemaName="fdr_design" parentDisplayName="Design" solution="Active" />
        <Dependent type="60" displayName="Information" parentDisplayName="Design" id="{f90a6783-527f-4c28-97bc-28afe3feed37}" />
      </MissingDependency>
      <MissingDependency>
        <Required type="2" schemaName="fdr_grossmass" displayName="Gross Mass" parentSchemaName="fdr_design" parentDisplayName="Design" solution="Active" />
        <Dependent type="60" displayName="Information" parentDisplayName="Design" id="{f90a6783-527f-4c28-97bc-28afe3feed37}" />
      </MissingDependency>
      <MissingDependency>
        <Required type="2" schemaName="fdr_initialregtypeid" displayName="Initial Reg Type Id" parentSchemaName="fdr_design" parentDisplayName="Design" solution="Active" />
        <Dependent type="60" displayName="Information" parentDisplayName="Design" id="{f90a6783-527f-4c28-97bc-28afe3feed37}" />
      </MissingDependency>
      <MissingDependency>
        <Required type="2" schemaName="fdr_initialsrfunctionid" displayName="Initial SRFunction ID" parentSchemaName="fdr_design" parentDisplayName="Design" solution="Active" />
        <Dependent type="60" displayName="Information" parentDisplayName="Design" id="{f90a6783-527f-4c28-97bc-28afe3feed37}" />
      </MissingDependency>
      <MissingDependency>
        <Required type="2" schemaName="fdr_internaltestpressure" displayName="Internal Test Pressure" parentSchemaName="fdr_design" parentDisplayName="Design" solution="Active" />
        <Dependent type="60" displayName="Information" parentDisplayName="Design" id="{f90a6783-527f-4c28-97bc-28afe3feed37}" />
      </MissingDependency>
      <MissingDependency>
        <Required type="2" schemaName="fdr_maincontainerdrawing" displayName="Main Container Drawing" parentSchemaName="fdr_design" parentDisplayName="Design" solution="Active" />
        <Dependent type="60" displayName="Information" parentDisplayName="Design" id="{f90a6783-527f-4c28-97bc-28afe3feed37}" />
      </MissingDependency>
      <MissingDependency>
        <Required type="2" schemaName="fdr_maincontainerdrawingdate" displayName="Main Container Drawing Date" parentSchemaName="fdr_design" parentDisplayName="Design" solution="Active" />
        <Dependent type="60" displayName="Information" parentDisplayName="Design" id="{f90a6783-527f-4c28-97bc-28afe3feed37}" />
      </MissingDependency>
      <MissingDependency>
        <Required type="2" schemaName="fdr_maincontainerdrawingrevision" displayName="Main Container Drawing Revision" parentSchemaName="fdr_design" parentDisplayName="Design" solution="Active" />
        <Dependent type="60" displayName="Information" parentDisplayName="Design" id="{f90a6783-527f-4c28-97bc-28afe3feed37}" />
      </MissingDependency>
      <MissingDependency>
        <Required type="2" schemaName="fdr_maximumallowableworkingpressure" displayName="Maximum Allowable Working Pressure" parentSchemaName="fdr_design" parentDisplayName="Design" solution="Active" />
        <Dependent type="60" displayName="Information" parentDisplayName="Design" id="{f90a6783-527f-4c28-97bc-28afe3feed37}" />
      </MissingDependency>
      <MissingDependency>
        <Required type="2" schemaName="fdr_maximumcapacity" displayName="Maximum Capacity" parentSchemaName="fdr_design" parentDisplayName="Design" solution="Active" />
        <Dependent type="60" displayName="Information" parentDisplayName="Design" id="{f90a6783-527f-4c28-97bc-28afe3feed37}" />
      </MissingDependency>
      <MissingDependency>
        <Required type="2" schemaName="fdr_maximumloadingdischargepressure" displayName="Maximum Loading / Discharge Pressure" parentSchemaName="fdr_design" parentDisplayName="Design" solution="Active" />
        <Dependent type="60" displayName="Information" parentDisplayName="Design" id="{f90a6783-527f-4c28-97bc-28afe3feed37}" />
      </MissingDependency>
      <MissingDependency>
        <Required type="2" schemaName="fdr_maximumpermissiblegrossmassload" displayName="Maximum Permissible Gross Mass / Load" parentSchemaName="fdr_design" parentDisplayName="Design" solution="Active" />
        <Dependent type="60" displayName="Information" parentDisplayName="Design" id="{f90a6783-527f-4c28-97bc-28afe3feed37}" />
      </MissingDependency>
      <MissingDependency>
        <Required type="2" schemaName="fdr_maximumpermittedstackingload" displayName="Maximum Permitted Stacking Load" parentSchemaName="fdr_design" parentDisplayName="Design" solution="Active" />
        <Dependent type="60" displayName="Information" parentDisplayName="Design" id="{f90a6783-527f-4c28-97bc-28afe3feed37}" />
      </MissingDependency>
      <MissingDependency>
        <Required type="2" schemaName="fdr_minimumthickness" displayName="Minimum Thickness" parentSchemaName="fdr_design" parentDisplayName="Design" solution="Active" />
        <Dependent type="60" displayName="Information" parentDisplayName="Design" id="{f90a6783-527f-4c28-97bc-28afe3feed37}" />
      </MissingDependency>
      <MissingDependency>
        <Required type="2" schemaName="fdr_name" displayName="Name" parentSchemaName="fdr_design" parentDisplayName="Design" solution="Active" />
        <Dependent type="60" displayName="Information" parentDisplayName="Design" id="{f90a6783-527f-4c28-97bc-28afe3feed37}" />
      </MissingDependency>
      <MissingDependency>
        <Required type="2" schemaName="fdr_nrcanauthorization" displayName="NRCAN Authorization" parentSchemaName="fdr_design" parentDisplayName="Design" solution="Active" />
        <Dependent type="60" displayName="Information" parentDisplayName="Design" id="{f90a6783-527f-4c28-97bc-28afe3feed37}" />
      </MissingDependency>
      <MissingDependency>
        <Required type="2" schemaName="fdr_option" displayName="Option" parentSchemaName="fdr_design" parentDisplayName="Design" solution="Active" />
        <Dependent type="60" displayName="Information" parentDisplayName="Design" id="{f90a6783-527f-4c28-97bc-28afe3feed37}" />
      </MissingDependency>
      <MissingDependency>
        <Required type="2" schemaName="fdr_ovs_mocregistration" displayName="Operation" parentSchemaName="fdr_design" parentDisplayName="Design" solution="Active" />
        <Dependent type="60" displayName="Information" parentDisplayName="Design" id="{f90a6783-527f-4c28-97bc-28afe3feed37}" />
      </MissingDependency>
      <MissingDependency>
        <Required type="2" schemaName="fdr_packagingmaterial" displayName="Packaging Material" parentSchemaName="fdr_design" parentDisplayName="Design" solution="Active" />
        <Dependent type="60" displayName="Information" parentDisplayName="Design" id="{f90a6783-527f-4c28-97bc-28afe3feed37}" />
      </MissingDependency>
      <MissingDependency>
        <Required type="2" schemaName="fdr_packinggroupmarking" displayName="Packing Group Marking" parentSchemaName="fdr_design" parentDisplayName="Design" solution="Active" />
        <Dependent type="60" displayName="Information" parentDisplayName="Design" id="{f90a6783-527f-4c28-97bc-28afe3feed37}" />
      </MissingDependency>
      <MissingDependency>
        <Required type="2" schemaName="fdr_parentdesign" displayName="Parent Design" parentSchemaName="fdr_design" parentDisplayName="Design" solution="Active" />
        <Dependent type="60" displayName="Information" parentDisplayName="Design" id="{f90a6783-527f-4c28-97bc-28afe3feed37}" />
      </MissingDependency>
      <MissingDependency>
        <Required type="2" schemaName="fdr_pipingarrangementdrawing" displayName="Piping Arrangement Drawing" parentSchemaName="fdr_design" parentDisplayName="Design" solution="Active" />
        <Dependent type="60" displayName="Information" parentDisplayName="Design" id="{f90a6783-527f-4c28-97bc-28afe3feed37}" />
      </MissingDependency>
      <MissingDependency>
        <Required type="2" schemaName="fdr_pipingarrangementdrawingdate" displayName="Piping Arrangement Drawing Date" parentSchemaName="fdr_design" parentDisplayName="Design" solution="Active" />
        <Dependent type="60" displayName="Information" parentDisplayName="Design" id="{f90a6783-527f-4c28-97bc-28afe3feed37}" />
      </MissingDependency>
      <MissingDependency>
        <Required type="2" schemaName="fdr_pipingarrangementdrawingrevision" displayName="Piping Arrangement Drawing Revision" parentSchemaName="fdr_design" parentDisplayName="Design" solution="Active" />
        <Dependent type="60" displayName="Information" parentDisplayName="Design" id="{f90a6783-527f-4c28-97bc-28afe3feed37}" />
      </MissingDependency>
      <MissingDependency>
        <Required type="2" schemaName="fdr_registeredmark" displayName="Registered Mark" parentSchemaName="fdr_design" parentDisplayName="Design" solution="Active" />
        <Dependent type="60" displayName="Information" parentDisplayName="Design" id="{f90a6783-527f-4c28-97bc-28afe3feed37}" />
      </MissingDependency>
      <MissingDependency>
        <Required type="2" schemaName="fdr_relativedensity" displayName="Relative Density" parentSchemaName="fdr_design" parentDisplayName="Design" solution="Active" />
        <Dependent type="60" displayName="Information" parentDisplayName="Design" id="{f90a6783-527f-4c28-97bc-28afe3feed37}" />
      </MissingDependency>
      <MissingDependency>
        <Required type="2" schemaName="fdr_tankassemblydrawing" displayName="Tank Assembly Drawing" parentSchemaName="fdr_design" parentDisplayName="Design" solution="Active" />
        <Dependent type="60" displayName="Information" parentDisplayName="Design" id="{f90a6783-527f-4c28-97bc-28afe3feed37}" />
      </MissingDependency>
      <MissingDependency>
        <Required type="2" schemaName="fdr_tankassemblydrawingdate" displayName="Tank Assembly Drawing Date" parentSchemaName="fdr_design" parentDisplayName="Design" solution="Active" />
        <Dependent type="60" displayName="Information" parentDisplayName="Design" id="{f90a6783-527f-4c28-97bc-28afe3feed37}" />
      </MissingDependency>
      <MissingDependency>
        <Required type="2" schemaName="fdr_tankassemblydrawingrevision" displayName="Tank Assembly Drawing Revision" parentSchemaName="fdr_design" parentDisplayName="Design" solution="Active" />
        <Dependent type="60" displayName="Information" parentDisplayName="Design" id="{f90a6783-527f-4c28-97bc-28afe3feed37}" />
      </MissingDependency>
      <MissingDependency>
        <Required type="2" schemaName="fdr_taremass" displayName="Tare Mass" parentSchemaName="fdr_design" parentDisplayName="Design" solution="Active" />
        <Dependent type="60" displayName="Information" parentDisplayName="Design" id="{f90a6783-527f-4c28-97bc-28afe3feed37}" />
      </MissingDependency>
      <MissingDependency>
        <Required type="2" schemaName="fdr_tcrn" displayName="TCRN" parentSchemaName="fdr_design" parentDisplayName="Design" solution="Active" />
        <Dependent type="60" displayName="Information" parentDisplayName="Design" id="{f90a6783-527f-4c28-97bc-28afe3feed37}" />
      </MissingDependency>
      <MissingDependency>
        <Required type="2" schemaName="fdr_testpressure" displayName="Test Pressure" parentSchemaName="fdr_design" parentDisplayName="Design" solution="Active" />
        <Dependent type="60" displayName="Information" parentDisplayName="Design" id="{f90a6783-527f-4c28-97bc-28afe3feed37}" />
      </MissingDependency>
      <MissingDependency>
        <Required type="2" schemaName="modifiedby" displayName="Modified By" parentSchemaName="fdr_design" parentDisplayName="Design" solution="Active" />
        <Dependent type="60" displayName="Information" parentDisplayName="Design" id="{f90a6783-527f-4c28-97bc-28afe3feed37}" />
      </MissingDependency>
      <MissingDependency>
        <Required type="2" schemaName="modifiedon" displayName="Modified On" parentSchemaName="fdr_design" parentDisplayName="Design" solution="Active" />
        <Dependent type="60" displayName="Information" parentDisplayName="Design" id="{f90a6783-527f-4c28-97bc-28afe3feed37}" />
      </MissingDependency>
      <MissingDependency>
        <Required type="2" schemaName="ownerid" displayName="Owner" parentSchemaName="fdr_design" parentDisplayName="Design" solution="Active" />
        <Dependent type="60" displayName="Information" parentDisplayName="Design" id="{f90a6783-527f-4c28-97bc-28afe3feed37}" />
      </MissingDependency>
      <MissingDependency>
        <Required type="2" schemaName="statecode" displayName="Status" parentSchemaName="fdr_design" parentDisplayName="Design" solution="Active" />
        <Dependent type="60" displayName="Information" parentDisplayName="Design" id="{f90a6783-527f-4c28-97bc-28afe3feed37}" />
      </MissingDependency>
      <MissingDependency>
        <Required type="2" schemaName="statuscode" displayName="Status Reason" parentSchemaName="fdr_design" parentDisplayName="Design" solution="Active" />
        <Dependent type="60" displayName="Information" parentDisplayName="Design" id="{f90a6783-527f-4c28-97bc-28afe3feed37}" />
      </MissingDependency>
      <MissingDependency>
        <Required type="26" schemaName="Exigences de marquage de conception actif" displayName="Exigences de marquage de conception actif" parentSchemaName="fdr_designmarkingrequirement" parentDisplayName="Design Marking Requirement" solution="Active" id="{788260a0-fa7f-46e5-a64b-5d22389b66ab}" />
        <Dependent type="60" displayName="Information" parentDisplayName="Design" id="{f90a6783-527f-4c28-97bc-28afe3feed37}" />
      </MissingDependency>
      <MissingDependency>
        <Required type="26" schemaName="Design Marking Requirement Lookup View" displayName="Design Marking Requirement Lookup View" parentSchemaName="fdr_designmarkingrequirement" parentDisplayName="Design Marking Requirement" solution="Active" id="{858176d4-db44-4aa4-954e-ffb06d9b0cec}" />
        <Dependent type="60" displayName="Information" parentDisplayName="Design" id="{f90a6783-527f-4c28-97bc-28afe3feed37}" />
      </MissingDependency>
      <MissingDependency>
        <Required type="26" schemaName="Exigences de marquage de conception inactif" displayName="Exigences de marquage de conception inactif" parentSchemaName="fdr_designmarkingrequirement" parentDisplayName="Design Marking Requirement" solution="Active" id="{93417372-b5c9-4014-8b84-03bd05d28e1e}" />
        <Dependent type="60" displayName="Information" parentDisplayName="Design" id="{f90a6783-527f-4c28-97bc-28afe3feed37}" />
      </MissingDependency>
      <MissingDependency>
        <Required type="60" displayName="Information" parentDisplayName="Design" solution="Active" id="{58394379-fa9e-4036-8287-d35f445acd10}" />
        <Dependent type="60" displayName="Information" parentDisplayName="Design" id="{f90a6783-527f-4c28-97bc-28afe3feed37}" />
      </MissingDependency>
      <MissingDependency>
        <Required type="60" displayName="Information" parentDisplayName="Design Marking Requirement" solution="Active" id="{763a1be5-6911-4ae6-b47c-e62f31b2135d}" />
        <Dependent type="60" displayName="Information" parentDisplayName="Design" id="{f90a6783-527f-4c28-97bc-28afe3feed37}" />
      </MissingDependency>
      <MissingDependency>
        <Required type="61" schemaName="qm_globalHelper.js" displayName="qm_globalHelper.js" solution="Active" />
        <Dependent type="60" displayName="Information" parentDisplayName="Design" id="{f90a6783-527f-4c28-97bc-28afe3feed37}" />
      </MissingDependency>
    </MissingDependencies>
  </SolutionManifest>
</ImportExportXml>