<ImportExportXml version="9.2.24061.176" SolutionPackageVersion="9.2" languagecode="1033" generatedBy="CrmLive" xmlns:xsi="http://www.w3.org/2001/XMLSchema-instance">
  <SolutionManifest>
    <UniqueName>TC_GlobalCore_Patch_d8c60e8a</UniqueName>
    <LocalizedNames>
      <LocalizedName description="TDG Core Schema" languagecode="1033" />
    </LocalizedNames>
    <Descriptions>
      <Description description="Patch for TDG Core Schema" languagecode="1033" />
    </Descriptions>
    <ParentUniqueName>TC_GlobalCore</ParentUniqueName>
    <Version>1.165.4.0</Version>
    <Managed>1</Managed>
    <Publisher>
      <UniqueName>oversightpublisher</UniqueName>
      <LocalizedNames>
        <LocalizedName description="Oversight" languagecode="1033" />
      </LocalizedNames>
      <Descriptions>
        <Description description="This is the common solution for AvSec Inspection and TDG Inspection." languagecode="1033" />
      </Descriptions>
      <EMailAddress xsi:nil="true"></EMailAddress>
      <SupportingWebsiteUrl xsi:nil="true"></SupportingWebsiteUrl>
      <CustomizationPrefix>ovs</CustomizationPrefix>
      <CustomizationOptionValuePrefix>91864</CustomizationOptionValuePrefix>
      <Addresses>
        <Address>
          <AddressNumber>1</AddressNumber>
          <AddressTypeCode>1</AddressTypeCode>
          <City xsi:nil="true"></City>
          <County xsi:nil="true"></County>
          <Country xsi:nil="true"></Country>
          <Fax xsi:nil="true"></Fax>
          <FreightTermsCode xsi:nil="true"></FreightTermsCode>
          <ImportSequenceNumber xsi:nil="true"></ImportSequenceNumber>
          <Latitude xsi:nil="true"></Latitude>
          <Line1 xsi:nil="true"></Line1>
          <Line2 xsi:nil="true"></Line2>
          <Line3 xsi:nil="true"></Line3>
          <Longitude xsi:nil="true"></Longitude>
          <Name xsi:nil="true"></Name>
          <PostalCode xsi:nil="true"></PostalCode>
          <PostOfficeBox xsi:nil="true"></PostOfficeBox>
          <PrimaryContactName xsi:nil="true"></PrimaryContactName>
          <ShippingMethodCode>1</ShippingMethodCode>
          <StateOrProvince xsi:nil="true"></StateOrProvince>
          <Telephone1 xsi:nil="true"></Telephone1>
          <Telephone2 xsi:nil="true"></Telephone2>
          <Telephone3 xsi:nil="true"></Telephone3>
          <TimeZoneRuleVersionNumber xsi:nil="true"></TimeZoneRuleVersionNumber>
          <UPSZone xsi:nil="true"></UPSZone>
          <UTCOffset xsi:nil="true"></UTCOffset>
          <UTCConversionTimeZoneCode xsi:nil="true"></UTCConversionTimeZoneCode>
        </Address>
        <Address>
          <AddressNumber>2</AddressNumber>
          <AddressTypeCode>1</AddressTypeCode>
          <City xsi:nil="true"></City>
          <County xsi:nil="true"></County>
          <Country xsi:nil="true"></Country>
          <Fax xsi:nil="true"></Fax>
          <FreightTermsCode xsi:nil="true"></FreightTermsCode>
          <ImportSequenceNumber xsi:nil="true"></ImportSequenceNumber>
          <Latitude xsi:nil="true"></Latitude>
          <Line1 xsi:nil="true"></Line1>
          <Line2 xsi:nil="true"></Line2>
          <Line3 xsi:nil="true"></Line3>
          <Longitude xsi:nil="true"></Longitude>
          <Name xsi:nil="true"></Name>
          <PostalCode xsi:nil="true"></PostalCode>
          <PostOfficeBox xsi:nil="true"></PostOfficeBox>
          <PrimaryContactName xsi:nil="true"></PrimaryContactName>
          <ShippingMethodCode>1</ShippingMethodCode>
          <StateOrProvince xsi:nil="true"></StateOrProvince>
          <Telephone1 xsi:nil="true"></Telephone1>
          <Telephone2 xsi:nil="true"></Telephone2>
          <Telephone3 xsi:nil="true"></Telephone3>
          <TimeZoneRuleVersionNumber xsi:nil="true"></TimeZoneRuleVersionNumber>
          <UPSZone xsi:nil="true"></UPSZone>
          <UTCOffset xsi:nil="true"></UTCOffset>
          <UTCConversionTimeZoneCode xsi:nil="true"></UTCConversionTimeZoneCode>
        </Address>
      </Addresses>
    </Publisher>
    <RootComponents>
      <RootComponent type="1" schemaName="ovs_incident" behavior="1" />
      <RootComponent type="1" schemaName="ovs_incident_injury" behavior="2" />
      <RootComponent type="1" schemaName="ovs_moc" behavior="0" />
      <RootComponent type="9" schemaName="ovs_damagelocation" behavior="0" />
      <RootComponent type="9" schemaName="ovs_damagetype" behavior="0" />
      <RootComponent type="9" schemaName="ovs_incidentsource" behavior="0" />
      <RootComponent type="9" schemaName="ovs_physicalimpact" behavior="0" />
      <RootComponent type="29" id="{071e46f3-9bbf-ee11-9078-0022483cceb8}" behavior="0" />
      <RootComponent type="29" id="{09bfeb11-6359-ee11-be6f-0022483d0343}" behavior="0" />
      <RootComponent type="29" id="{39f0926e-97bf-ee11-9078-0022483cceb8}" behavior="0" />
      <RootComponent type="29" id="{8c59cdb2-1ee3-ee11-904c-002248adb34a}" behavior="0" />
      <RootComponent type="29" id="{bb03198b-f928-ef11-840b-6045bd614ecd}" behavior="0" />
      <RootComponent type="29" id="{ca4b6339-7aeb-ee11-a203-002248adb34a}" behavior="0" />
      <RootComponent type="61" schemaName="ovs_DGAIS_MOC_MainForm.js" behavior="0" />
      <RootComponent type="63" id="{2b4e0ff2-848b-ed11-81ad-0022483d0343}" behavior="0" />
      <RootComponent type="63" id="{51925999-848b-ed11-81ad-0022483d0343}" behavior="0" />
      <RootComponent type="63" id="{cf121971-848b-ed11-81ad-0022483d0343}" behavior="0" />
      <RootComponent type="63" id="{fcfbfac2-848b-ed11-81ad-0022483d0343}" behavior="0" />
    </RootComponents>
    <MissingDependencies>
      <MissingDependency>
        <Required type="1" schemaName="ovs_incident" displayName="Incident" solution="Active" />
        <Dependent type="1" schemaName="ovs_incident" displayName="Incident" />
      </MissingDependency>
      <MissingDependency>
        <Required type="1" schemaName="ovs_incident_injury" displayName="Incident Injury" solution="Active" />
        <Dependent type="1" schemaName="ovs_incident_injury" displayName="Incident Injury" />
      </MissingDependency>
      <MissingDependency>
        <Required type="1" schemaName="ovs_incident_organization" displayName="Incident Organization" solution="Active" />
        <Dependent type="60" displayName="Information" parentDisplayName="Incident" id="{a58c2822-51b7-4919-b85c-d94204f76f09}" />
      </MissingDependency>
      <MissingDependency>
        <Required type="1" schemaName="ovs_registration_contact" displayName="Emergency Contact" solution="Active" />
        <Dependent type="29" displayName="CRS - Emergency Contact to true" id="{ca4b6339-7aeb-ee11-a203-002248adb34a}" />
      </MissingDependency>
      <MissingDependency>
        <Required type="1" schemaName="ovs_submission" displayName="Submission" solution="Active" />
        <Dependent type="29" displayName="Show Additional Info field When status set to Additional Info Required" id="{8c59cdb2-1ee3-ee11-904c-002248adb34a}" />
      </MissingDependency>
      <MissingDependency>
        <Required type="10" schemaName="ovs_incident_injury" displayName="ovs_incident_injury" parentSchemaName="ovs_incident" parentDisplayName="Incident" solution="Active" />
        <Dependent type="60" displayName="Information" parentDisplayName="Incident" id="{a58c2822-51b7-4919-b85c-d94204f76f09}" />
      </MissingDependency>
      <MissingDependency>
        <Required type="2" schemaName="cid_crabusinessnumber" displayName="CRA Business Number" parentSchemaName="account" parentDisplayName="Account" solution="Active" />
        <Dependent type="29" displayName="Set CRA Business Number Flag" id="{09bfeb11-6359-ee11-be6f-0022483d0343}" />
      </MissingDependency>
      <MissingDependency>
        <Required type="2" schemaName="cid_crabusinessnumber" displayName="CRA Business Number" parentSchemaName="account" parentDisplayName="Account" solution="Active" />
        <Dependent type="29" displayName="FDR Org form - CRA BN management" id="{39f0926e-97bf-ee11-9078-0022483cceb8}" />
      </MissingDependency>
      <MissingDependency>
        <Required type="2" schemaName="cid_has_cra_bn" displayName="Organization has a Canada Revenue Agency (CRA) Bus" parentSchemaName="account" parentDisplayName="Account" solution="Active" />
        <Dependent type="29" displayName="Set CRA Business Number Flag" id="{09bfeb11-6359-ee11-be6f-0022483d0343}" />
      </MissingDependency>
      <MissingDependency>
        <Required type="2" schemaName="cid_reasonfornobnnumber" displayName="Reason for no CRA Business Number" parentSchemaName="account" parentDisplayName="Account" solution="Active" />
        <Dependent type="29" displayName="FDR - no CRA BN other" id="{071e46f3-9bbf-ee11-9078-0022483cceb8}" />
      </MissingDependency>
      <MissingDependency>
        <Required type="2" schemaName="cid_reasonfornobnnumber" displayName="Reason for no CRA Business Number" parentSchemaName="account" parentDisplayName="Account" solution="Active" />
        <Dependent type="29" displayName="FDR Org form - CRA BN management" id="{39f0926e-97bf-ee11-9078-0022483cceb8}" />
      </MissingDependency>
      <MissingDependency>
        <Required type="2" schemaName="cid_reasonfornobnnumber_other" displayName="Other Reason" parentSchemaName="account" parentDisplayName="Account" solution="Active" />
        <Dependent type="29" displayName="FDR - no CRA BN other" id="{071e46f3-9bbf-ee11-9078-0022483cceb8}" />
      </MissingDependency>
      <MissingDependency>
        <Required type="2" schemaName="cid_reasonfornobnnumber_other" displayName="Other Reason" parentSchemaName="account" parentDisplayName="Account" solution="Active" />
        <Dependent type="29" displayName="FDR Org form - CRA BN management" id="{39f0926e-97bf-ee11-9078-0022483cceb8}" />
      </MissingDependency>
      <MissingDependency>
        <Required type="2" schemaName="ovs_closure_cd" displayName="Closure" parentSchemaName="ovs_incident" parentDisplayName="Incident" solution="Active" />
        <Dependent type="60" displayName="Information" parentDisplayName="Incident" id="{a58c2822-51b7-4919-b85c-d94204f76f09}" />
      </MissingDependency>
      <MissingDependency>
        <Required type="2" schemaName="ovs_closure_type_cd" displayName="Closure Type" parentSchemaName="ovs_incident" parentDisplayName="Incident" solution="Active" />
        <Dependent type="60" displayName="Information" parentDisplayName="Incident" id="{a58c2822-51b7-4919-b85c-d94204f76f09}" />
      </MissingDependency>
      <MissingDependency>
        <Required type="2" schemaName="ovs_closure_type_other_txt" displayName="Other Closure Type" parentSchemaName="ovs_incident" parentDisplayName="Incident" solution="Active" />
        <Dependent type="60" displayName="Information" parentDisplayName="Incident" id="{a58c2822-51b7-4919-b85c-d94204f76f09}" />
      </MissingDependency>
      <MissingDependency>
        <Required type="2" schemaName="ovs_date_30day_requested_dte" displayName="30-Day Requested" parentSchemaName="ovs_incident" parentDisplayName="Incident" solution="Active" />
        <Dependent type="60" displayName="Information" parentDisplayName="Incident" id="{a58c2822-51b7-4919-b85c-d94204f76f09}" />
      </MissingDependency>
      <MissingDependency>
        <Required type="2" schemaName="ovs_date_canutec_dte" displayName="Canutec" parentSchemaName="ovs_incident" parentDisplayName="Incident" solution="Active" />
        <Dependent type="60" displayName="Information" parentDisplayName="Incident" id="{a58c2822-51b7-4919-b85c-d94204f76f09}" />
      </MissingDependency>
      <MissingDependency>
        <Required type="2" schemaName="ovs_date_declared_completion_dte" displayName="Declared Completion (Legacy)" parentSchemaName="ovs_incident" parentDisplayName="Incident" solution="Active" />
        <Dependent type="60" displayName="Information" parentDisplayName="Incident" id="{a58c2822-51b7-4919-b85c-d94204f76f09}" />
      </MissingDependency>
      <MissingDependency>
        <Required type="2" schemaName="ovs_date_occurrence_dte" displayName="Occurrence" parentSchemaName="ovs_incident" parentDisplayName="Incident" solution="Active" />
        <Dependent type="60" displayName="Information" parentDisplayName="Incident" id="{a58c2822-51b7-4919-b85c-d94204f76f09}" />
      </MissingDependency>
      <MissingDependency>
        <Required type="2" schemaName="ovs_date_received_dte" displayName="Received" parentSchemaName="ovs_incident" parentDisplayName="Incident" solution="Active" />
        <Dependent type="60" displayName="Information" parentDisplayName="Incident" id="{a58c2822-51b7-4919-b85c-d94204f76f09}" />
      </MissingDependency>
      <MissingDependency>
        <Required type="2" schemaName="ovs_days_2report_num" displayName="Days to Report" parentSchemaName="ovs_incident" parentDisplayName="Incident" solution="Active" />
        <Dependent type="60" displayName="Information" parentDisplayName="Incident" id="{a58c2822-51b7-4919-b85c-d94204f76f09}" />
      </MissingDependency>
      <MissingDependency>
        <Required type="2" schemaName="ovs_duration_num" displayName="Duration" parentSchemaName="ovs_incident" parentDisplayName="Incident" solution="Active" />
        <Dependent type="60" displayName="Information" parentDisplayName="Incident" id="{a58c2822-51b7-4919-b85c-d94204f76f09}" />
      </MissingDependency>
      <MissingDependency>
        <Required type="2" schemaName="ovs_estimated_temperature_num" displayName="Estimated Temperature(Celcius)" parentSchemaName="ovs_incident" parentDisplayName="Incident" solution="Active" />
        <Dependent type="60" displayName="Information" parentDisplayName="Incident" id="{a58c2822-51b7-4919-b85c-d94204f76f09}" />
      </MissingDependency>
      <MissingDependency>
        <Required type="2" schemaName="ovs_evacuation_due_incident_ind" displayName=" Evacuation Due Incident" parentSchemaName="ovs_incident" parentDisplayName="Incident" solution="Active" />
        <Dependent type="60" displayName="Information" parentDisplayName="Incident" id="{a58c2822-51b7-4919-b85c-d94204f76f09}" />
      </MissingDependency>
      <MissingDependency>
        <Required type="2" schemaName="ovs_evacuation_profile_cds" displayName="Evacuation Profile" parentSchemaName="ovs_incident" parentDisplayName="Incident" solution="Active" />
        <Dependent type="60" displayName="Information" parentDisplayName="Incident" id="{a58c2822-51b7-4919-b85c-d94204f76f09}" />
      </MissingDependency>
      <MissingDependency>
        <Required type="2" schemaName="ovs_incident_severity_cd" displayName="Incident Severity" parentSchemaName="ovs_incident" parentDisplayName="Incident" solution="Active" />
        <Dependent type="60" displayName="Information" parentDisplayName="Incident" id="{a58c2822-51b7-4919-b85c-d94204f76f09}" />
      </MissingDependency>
      <MissingDependency>
        <Required type="2" schemaName="ovs_incident_time_dte" displayName="Incident Time" parentSchemaName="ovs_incident" parentDisplayName="Incident" solution="Active" />
        <Dependent type="60" displayName="Information" parentDisplayName="Incident" id="{a58c2822-51b7-4919-b85c-d94204f76f09}" />
      </MissingDependency>
      <MissingDependency>
        <Required type="2" schemaName="ovs_main_impact_cds" displayName="Main Impact" parentSchemaName="ovs_incident" parentDisplayName="Incident" solution="Active" />
        <Dependent type="60" displayName="Information" parentDisplayName="Incident" id="{a58c2822-51b7-4919-b85c-d94204f76f09}" />
      </MissingDependency>
      <MissingDependency>
        <Required type="2" schemaName="ovs_moc_capacity_cd" displayName="MOC Capacity" parentSchemaName="ovs_incident" parentDisplayName="Incident" solution="Active" />
        <Dependent type="60" displayName="Information" parentDisplayName="Incident" id="{a58c2822-51b7-4919-b85c-d94204f76f09}" />
      </MissingDependency>
      <MissingDependency>
        <Required type="2" schemaName="ovs_name" displayName="Name" parentSchemaName="ovs_incident" parentDisplayName="Incident" solution="Active" />
        <Dependent type="60" displayName="Information" parentDisplayName="Incident" id="{a58c2822-51b7-4919-b85c-d94204f76f09}" />
      </MissingDependency>
      <MissingDependency>
        <Required type="2" schemaName="ovs_other_physical_impact_txt" displayName="Other Physical Impact" parentSchemaName="ovs_incident" parentDisplayName="Incident" solution="Active" />
        <Dependent type="60" displayName="Information" parentDisplayName="Incident" id="{a58c2822-51b7-4919-b85c-d94204f76f09}" />
      </MissingDependency>
      <MissingDependency>
        <Required type="2" schemaName="ovs_other_source_txt" displayName="Other Source" parentSchemaName="ovs_incident" parentDisplayName="Incident" solution="Active" />
        <Dependent type="60" displayName="Information" parentDisplayName="Incident" id="{a58c2822-51b7-4919-b85c-d94204f76f09}" />
      </MissingDependency>
      <MissingDependency>
        <Required type="2" schemaName="ovs_physical_impact_flag_ind" displayName="Physical Impact Flag" parentSchemaName="ovs_incident" parentDisplayName="Incident" solution="Active" />
        <Dependent type="60" displayName="Information" parentDisplayName="Incident" id="{a58c2822-51b7-4919-b85c-d94204f76f09}" />
      </MissingDependency>
      <MissingDependency>
        <Required type="2" schemaName="ovs_release_type_cd" displayName="Release Type" parentSchemaName="ovs_incident" parentDisplayName="Incident" solution="Active" />
        <Dependent type="60" displayName="Information" parentDisplayName="Incident" id="{a58c2822-51b7-4919-b85c-d94204f76f09}" />
      </MissingDependency>
      <MissingDependency>
        <Required type="2" schemaName="ovs_release_type_other_txt" displayName="Release Type Other" parentSchemaName="ovs_incident" parentDisplayName="Incident" solution="Active" />
        <Dependent type="60" displayName="Information" parentDisplayName="Incident" id="{a58c2822-51b7-4919-b85c-d94204f76f09}" />
      </MissingDependency>
      <MissingDependency>
        <Required type="2" schemaName="ovs_scope_cd" displayName="Scope" parentSchemaName="ovs_incident" parentDisplayName="Incident" solution="Active" />
        <Dependent type="60" displayName="Information" parentDisplayName="Incident" id="{a58c2822-51b7-4919-b85c-d94204f76f09}" />
      </MissingDependency>
      <MissingDependency>
        <Required type="2" schemaName="ovs_source_cds" displayName="Source" parentSchemaName="ovs_incident" parentDisplayName="Incident" solution="Active" />
        <Dependent type="60" displayName="Information" parentDisplayName="Incident" id="{a58c2822-51b7-4919-b85c-d94204f76f09}" />
      </MissingDependency>
      <MissingDependency>
        <Required type="2" schemaName="ovs_weather_cd" displayName="Weather" parentSchemaName="ovs_incident" parentDisplayName="Incident" solution="Active" />
        <Dependent type="60" displayName="Information" parentDisplayName="Incident" id="{a58c2822-51b7-4919-b85c-d94204f76f09}" />
      </MissingDependency>
      <MissingDependency>
        <Required type="2" schemaName="ownerid" displayName="Owner" parentSchemaName="ovs_incident" parentDisplayName="Incident" solution="Active" />
        <Dependent type="60" displayName="Information" parentDisplayName="Incident" id="{a58c2822-51b7-4919-b85c-d94204f76f09}" />
      </MissingDependency>
      <MissingDependency>
        <Required type="2" schemaName="ovs_cause_cd" displayName="Cause" parentSchemaName="ovs_incident_injury" parentDisplayName="Incident Injury" solution="Active" />
        <Dependent type="26" schemaName="Incident Injuries grids" displayName="Incident Injuries grids" parentSchemaName="ovs_incident_injury" parentDisplayName="Incident Injury" id="{6d78bc9f-c028-ef11-840b-6045bd614ecd}" />
      </MissingDependency>
      <MissingDependency>
        <Required type="2" schemaName="ovs_incident_injuryid" displayName="Incident Injury" parentSchemaName="ovs_incident_injury" parentDisplayName="Incident Injury" solution="Active" />
        <Dependent type="26" schemaName="Incident Injuries grids" displayName="Incident Injuries grids" parentSchemaName="ovs_incident_injury" parentDisplayName="Incident Injury" id="{6d78bc9f-c028-ef11-840b-6045bd614ecd}" />
      </MissingDependency>
      <MissingDependency>
        <Required type="2" schemaName="ovs_incident_injuryid" displayName="Incident Injury" parentSchemaName="ovs_incident_injury" parentDisplayName="Incident Injury" solution="Active" />
        <Dependent type="29" displayName="Name is immutable" id="{bb03198b-f928-ef11-840b-6045bd614ecd}" />
      </MissingDependency>
      <MissingDependency>
        <Required type="2" schemaName="ovs_name" displayName="Who" parentSchemaName="ovs_incident_injury" parentDisplayName="Incident Injury" solution="Active" />
        <Dependent type="26" schemaName="Incident Injuries grids" displayName="Incident Injuries grids" parentSchemaName="ovs_incident_injury" parentDisplayName="Incident Injury" id="{6d78bc9f-c028-ef11-840b-6045bd614ecd}" />
      </MissingDependency>
      <MissingDependency>
        <Required type="2" schemaName="ovs_name" displayName="Who" parentSchemaName="ovs_incident_injury" parentDisplayName="Incident Injury" solution="Active" />
        <Dependent type="29" displayName="Name is immutable" id="{bb03198b-f928-ef11-840b-6045bd614ecd}" />
      </MissingDependency>
      <MissingDependency>
        <Required type="2" schemaName="statecode" displayName="Status" parentSchemaName="ovs_incident_injury" parentDisplayName="Incident Injury" solution="Active" />
        <Dependent type="26" schemaName="Incident Injuries grids" displayName="Incident Injuries grids" parentSchemaName="ovs_incident_injury" parentDisplayName="Incident Injury" id="{6d78bc9f-c028-ef11-840b-6045bd614ecd}" />
      </MissingDependency>
      <MissingDependency>
        <Required type="2" schemaName="ovs_contact_id" displayName="Contact" parentSchemaName="ovs_registration_contact" parentDisplayName="Emergency Contact" solution="Active" />
        <Dependent type="29" displayName="CRS - Emergency Contact to true" id="{ca4b6339-7aeb-ee11-a203-002248adb34a}" />
      </MissingDependency>
      <MissingDependency>
        <Required type="2" schemaName="ovs_name" displayName="Name" parentSchemaName="ovs_registration_contact" parentDisplayName="Emergency Contact" solution="Active" />
        <Dependent type="29" displayName="CRS - Emergency Contact to true" id="{ca4b6339-7aeb-ee11-a203-002248adb34a}" />
      </MissingDependency>
      <MissingDependency>
        <Required type="2" schemaName="ovs_registration_contactid" displayName="Registration Contact" parentSchemaName="ovs_registration_contact" parentDisplayName="Emergency Contact" solution="Active" />
        <Dependent type="29" displayName="CRS - Emergency Contact to true" id="{ca4b6339-7aeb-ee11-a203-002248adb34a}" />
      </MissingDependency>
      <MissingDependency>
        <Required type="2" schemaName="ovs_additionalinfo" displayName="Additional Info" parentSchemaName="ovs_submission" parentDisplayName="Submission" solution="Active" />
        <Dependent type="29" displayName="Show Additional Info field When status set to Additional Info Required" id="{8c59cdb2-1ee3-ee11-904c-002248adb34a}" />
      </MissingDependency>
      <MissingDependency>
        <Required type="2" schemaName="ovs_name" displayName="Submission Number" parentSchemaName="ovs_submission" parentDisplayName="Submission" solution="Active" />
        <Dependent type="29" displayName="Show Additional Info field When status set to Additional Info Required" id="{8c59cdb2-1ee3-ee11-904c-002248adb34a}" />
      </MissingDependency>
      <MissingDependency>
        <Required type="2" schemaName="ovs_submissionid" displayName="Submission" parentSchemaName="ovs_submission" parentDisplayName="Submission" solution="Active" />
        <Dependent type="29" displayName="Show Additional Info field When status set to Additional Info Required" id="{8c59cdb2-1ee3-ee11-904c-002248adb34a}" />
      </MissingDependency>
      <MissingDependency>
        <Required type="2" schemaName="statuscode" displayName="Status Reason" parentSchemaName="ovs_submission" parentDisplayName="Submission" solution="Active" />
        <Dependent type="29" displayName="Show Additional Info field When status set to Additional Info Required" id="{8c59cdb2-1ee3-ee11-904c-002248adb34a}" />
      </MissingDependency>
      <MissingDependency>
        <Required type="20" displayName="Incident Analyst" solution="Active" id="{dcd94023-b82c-ef11-8e50-000d3a0c4626}" />
        <Dependent type="60" displayName="Information" parentDisplayName="Incident" id="{a58c2822-51b7-4919-b85c-d94204f76f09}" />
      </MissingDependency>
      <MissingDependency>
        <Required type="26" schemaName="Active Incident Injuries" displayName="Active Incident Injuries" parentSchemaName="ovs_incident_injury" parentDisplayName="Incident Injury" solution="Active" id="{134f9c6f-fd2b-4871-b117-352cb1d697de}" />
        <Dependent type="60" displayName="Information" parentDisplayName="Incident" id="{a58c2822-51b7-4919-b85c-d94204f76f09}" />
      </MissingDependency>
      <MissingDependency>
        <Required type="26" schemaName="Incident Organization Roles" displayName="Incident Organization Roles" parentSchemaName="ovs_incident_organization" parentDisplayName="Incident Organization" solution="Active" id="{d103a530-2828-ef11-840b-6045bd61f005}" />
        <Dependent type="60" displayName="Information" parentDisplayName="Incident" id="{a58c2822-51b7-4919-b85c-d94204f76f09}" />
      </MissingDependency>
      <MissingDependency>
        <Required type="60" displayName="CRS Registration Contact" parentDisplayName="Emergency Contact" solution="Active" id="{01878e57-47cf-ee11-904d-002248b0ab18}" />
        <Dependent type="29" displayName="CRS - Emergency Contact to true" id="{ca4b6339-7aeb-ee11-a203-002248adb34a}" />
      </MissingDependency>
      <MissingDependency>
        <Required type="60" displayName="FDR Organization" parentDisplayName="Account" solution="Active" id="{c7e17dd5-6104-ed11-82e6-000d3a8483f6}" />
        <Dependent type="29" displayName="FDR - no CRA BN other" id="{071e46f3-9bbf-ee11-9078-0022483cceb8}" />
      </MissingDependency>
      <MissingDependency>
        <Required type="60" displayName="FDR Organization" parentDisplayName="Account" solution="Active" id="{c7e17dd5-6104-ed11-82e6-000d3a8483f6}" />
        <Dependent type="29" displayName="FDR Org form - CRA BN management" id="{39f0926e-97bf-ee11-9078-0022483cceb8}" />
      </MissingDependency>
      <MissingDependency>
        <Required type="61" schemaName="ovs_Incident_MainForm.js" displayName="ovs_Incident_MainForm.js" solution="Active" />
        <Dependent type="60" displayName="Information" parentDisplayName="Incident" id="{a58c2822-51b7-4919-b85c-d94204f76f09}" />
      </MissingDependency>
      <MissingDependency>
        <Required type="61" schemaName="qm_globalHelper.js" displayName="qm_globalHelper.js" solution="Active" />
        <Dependent type="60" displayName="Information" parentDisplayName="Incident" id="{a58c2822-51b7-4919-b85c-d94204f76f09}" />
      </MissingDependency>
      <MissingDependency>
        <Required type="61" schemaName="qm_globalHelper.js" displayName="qm_globalHelper.js" solution="Active" />
        <Dependent type="60" displayName="Information" parentDisplayName="MOC" id="{ab7a68cf-1d72-4c50-a098-b985866dadf1}" />
      </MissingDependency>
      <MissingDependency>
        <Required type="66" schemaName="MicrosoftDynamicsFPS.TimeControl" displayName="MicrosoftDynamicsFPS.TimeControl" solution="MicrosoftDynamicsScheduling (3.12.0.448)">
          <package>FieldService_Anchor (8.8.118.19)</package>
          <package>msdynce_CoreServiceSchedulingAnchor (9.0.21104.1006)</package>
        </Required>
        <Dependent type="60" displayName="Information" parentDisplayName="Incident" id="{a58c2822-51b7-4919-b85c-d94204f76f09}" />
      </MissingDependency>
      <MissingDependency>
        <Required type="66" schemaName="MscrmControls.FieldControls.ToggleControl" displayName="MscrmControls.FieldControls.ToggleControl" solution="BaseCustomControlsCore (9.0.2406.1010)" />
        <Dependent type="60" displayName="Information" parentDisplayName="Incident" id="{a58c2822-51b7-4919-b85c-d94204f76f09}" />
      </MissingDependency>
      <MissingDependency>
        <Required type="66" schemaName="MscrmControls.FieldControls.ToggleControl" displayName="MscrmControls.FieldControls.ToggleControl" solution="BaseCustomControlsCore (9.0.2406.1010)" />
        <Dependent type="60" displayName="Information" parentDisplayName="MOC" id="{ab7a68cf-1d72-4c50-a098-b985866dadf1}" />
      </MissingDependency>
      <MissingDependency>
        <Required type="66" schemaName="MscrmControls.Grid.GridControl" displayName="MscrmControls.Grid.GridControl" solution="BaseCustomControlsCore (9.0.2406.1010)" />
        <Dependent type="60" displayName="Information" parentDisplayName="Incident" id="{a58c2822-51b7-4919-b85c-d94204f76f09}" />
      </MissingDependency>
      <MissingDependency>
        <Required type="9" schemaName="cid_unitofmeasurement" displayName="Unit of measurement" solution="Active" />
        <Dependent type="2" schemaName="ovs_units" displayName="Units" parentSchemaName="ovs_moc" parentDisplayName="MOC" />
      </MissingDependency>
      <MissingDependency>
        <Required type="9" schemaName="ovs_meansofcontainmentform" displayName="Means of Containment form" solution="Active" />
        <Dependent type="2" schemaName="ovs_means_of_containment_form_cd" displayName="Means of Containment form" parentSchemaName="ovs_moc" parentDisplayName="MOC" />
      </MissingDependency>
      <MissingDependency>
        <Required type="9" schemaName="ovs_releaselocation" displayName="Release Location" solution="Active" />
        <Dependent type="2" schemaName="ovs_release_location_mcd" displayName="Release Location" parentSchemaName="ovs_moc" parentDisplayName="MOC" />
      </MissingDependency>
    </MissingDependencies>
  </SolutionManifest>
</ImportExportXml>