<ImportExportXml xmlns:xsi="http://www.w3.org/2001/XMLSchema-instance">
  <Entities></Entities>
  <Roles></Roles>
  <Workflows></Workflows>
  <FieldSecurityProfiles></FieldSecurityProfiles>
  <Templates />
  <EntityMaps />
  <EntityRelationships />
  <OrganizationSettings />
  <optionsets />
  <CustomControls />
  <SolutionPluginAssemblies>
    <PluginAssembly FullName="TC.PowerApps.RD.Plugins, Version=1.0.0.1, Culture=neutral, PublicKeyToken=736f5e6af1bbf14d" PluginAssemblyId="13a145ac-7880-4f9f-a649-b67d1c3b929d" CustomizationLevel="1">
      <IsolationMode>2</IsolationMode>
      <SourceType>0</SourceType>
      <IntroducedVersion>1.0</IntroducedVersion>
      <FileName>/PluginAssemblies/TCPowerAppsRDPlugins-13A145AC-7880-4F9F-A649-B67D1C3B929D/TCPowerAppsRDPlugins.dll</FileName>
      <PluginTypes>
        <PluginType AssemblyQualifiedName="TC.PowerApps.RD.Plugins.Entities.Account.Account_CompleteAnnualCompliance, TC.PowerApps.RD.Plugins, Version=1.0.0.1, Culture=neutral, PublicKeyToken=736f5e6af1bbf14d" PluginTypeId="147c685d-5efb-4084-b9bf-1bbcc9d138df" Name="TC.PowerApps.RD.Plugins.Entities.Account.Account_CompleteAnnualCompliance">
          <FriendlyName>2f6dcf3c-9f0e-475a-b830-c59680465da3</FriendlyName>
        </PluginType>
        <PluginType AssemblyQualifiedName="TC.PowerApps.RD.Plugins.Entities.Account.Account_CreateHOTIOperation, TC.PowerApps.RD.Plugins, Version=1.0.0.1, Culture=neutral, PublicKeyToken=736f5e6af1bbf14d" PluginTypeId="1e990ad8-535b-49f8-82f9-7eaae89c6efa" Name="TC.PowerApps.RD.Plugins.Entities.Account.Account_CreateHOTIOperation">
          <FriendlyName>5957733c-e030-4a5d-b9d9-ed0fe5f385dc</FriendlyName>
        </PluginType>
        <PluginType AssemblyQualifiedName="TC.PowerApps.RD.Plugins.Entities.Account.Account_Site_LLD_Validation, TC.PowerApps.RD.Plugins, Version=1.0.0.1, Culture=neutral, PublicKeyToken=736f5e6af1bbf14d" PluginTypeId="9c60064b-f434-4f7a-a3fd-4bd635bb1cc7" Name="TC.PowerApps.RD.Plugins.Entities.Account.Account_Site_LLD_Validation">
          <FriendlyName>58b12391-14d1-4ab3-b4b4-d0e0692f6ff2</FriendlyName>
        </PluginType>
        <PluginType AssemblyQualifiedName="TC.PowerApps.RD.Plugins.Entities.Account.Account_UpdateCIDInvitationOnUpdate, TC.PowerApps.RD.Plugins, Version=1.0.0.1, Culture=neutral, PublicKeyToken=736f5e6af1bbf14d" PluginTypeId="6483efd3-6a01-4a2e-bb47-9b6248198fba" Name="TC.PowerApps.RD.Plugins.Entities.Account.Account_UpdateCIDInvitationOnUpdate">
          <FriendlyName>1f3056b3-bf51-47ea-9c43-4493d00f6869</FriendlyName>
        </PluginType>
        <PluginType AssemblyQualifiedName="TC.PowerApps.RD.Plugins.Entities.CIDInvitation.CreateCIDInvitationRecord_OnPostCreate, TC.PowerApps.RD.Plugins, Version=1.0.0.1, Culture=neutral, PublicKeyToken=736f5e6af1bbf14d" PluginTypeId="b56d3448-d9a1-480a-9c6d-7e9a449a66f0" Name="TC.PowerApps.RD.Plugins.Entities.CIDInvitation.CreateCIDInvitationRecord_OnPostCreate">
          <FriendlyName>789a31cb-db15-4c82-bbd4-3eaf42f4fd16</FriendlyName>
        </PluginType>
        <PluginType AssemblyQualifiedName="TC.PowerApps.RD.Plugins.Entities.Common.ConcatenateCreateAndModifyFields, TC.PowerApps.RD.Plugins, Version=1.0.0.1, Culture=neutral, PublicKeyToken=736f5e6af1bbf14d" PluginTypeId="d8e7edd6-2b0f-4423-b908-8493427f267d" Name="TC.PowerApps.RD.Plugins.Entities.Common.ConcatenateCreateAndModifyFields">
          <FriendlyName>8f6439f3-cc5e-4501-98f0-a4c07d3e1b03</FriendlyName>
        </PluginType>
        <PluginType AssemblyQualifiedName="TC.PowerApps.RD.Plugins.Entities.Common.HistoryLog_CreateLog, TC.PowerApps.RD.Plugins, Version=1.0.0.1, Culture=neutral, PublicKeyToken=736f5e6af1bbf14d" PluginTypeId="e9db343c-a9ae-467e-aa41-9e4928a8e98a" Name="TC.PowerApps.RD.Plugins.Entities.Common.HistoryLog_CreateLog">
          <FriendlyName>c933a660-5b93-4b26-b3d6-15c4ebf845b9</FriendlyName>
        </PluginType>
        <PluginType AssemblyQualifiedName="TC.PowerApps.RD.Plugins.Entities.CompanyNAICS.CompanyNAICS_PreCreate, TC.PowerApps.RD.Plugins, Version=1.0.0.1, Culture=neutral, PublicKeyToken=736f5e6af1bbf14d" PluginTypeId="68b7993c-efe1-49b3-9fed-67bfd0042022" Name="TC.PowerApps.RD.Plugins.Entities.CompanyNAICS.CompanyNAICS_PreCreate">
          <FriendlyName>eff79e9b-2345-414b-8bbb-082a81801f7c</FriendlyName>
        </PluginType>
        <PluginType AssemblyQualifiedName="TC.PowerApps.RD.Plugins.Entities.CompanyNAICS.CompanyNAICS_PreUpdate, TC.PowerApps.RD.Plugins, Version=1.0.0.1, Culture=neutral, PublicKeyToken=736f5e6af1bbf14d" PluginTypeId="be2bb31f-ed95-4971-a904-22c62a2294a9" Name="TC.PowerApps.RD.Plugins.Entities.CompanyNAICS.CompanyNAICS_PreUpdate">
          <FriendlyName>44ea2696-4007-482c-bbb4-7daa482e3f9b</FriendlyName>
        </PluginType>
        <PluginType AssemblyQualifiedName="TC.PowerApps.RD.Plugins.Entities.Contact.Contact_PreCreate, TC.PowerApps.RD.Plugins, Version=1.0.0.1, Culture=neutral, PublicKeyToken=736f5e6af1bbf14d" PluginTypeId="973ceb58-4dfd-402d-9757-7f508b815dd4" Name="TC.PowerApps.RD.Plugins.Entities.Contact.Contact_PreCreate">
          <FriendlyName>11857a7d-95c1-43ea-9e4f-7eec289fb074</FriendlyName>
        </PluginType>
        <PluginType AssemblyQualifiedName="TC.PowerApps.RD.Plugins.Entities.Contact.Contact_PreCreate_BlockManualCreationInvitationIfCompanyRegistered, TC.PowerApps.RD.Plugins, Version=1.0.0.1, Culture=neutral, PublicKeyToken=736f5e6af1bbf14d" PluginTypeId="0a1294fa-828f-4584-a6ea-5b22aa232bf7" Name="TC.PowerApps.RD.Plugins.Entities.Contact.Contact_PreCreate_BlockManualCreationInvitationIfCompanyRegistered">
          <FriendlyName>d4da4a9e-8dd1-4576-aa90-2df9b81a12f4</FriendlyName>
        </PluginType>
        <PluginType AssemblyQualifiedName="TC.PowerApps.RD.Plugins.Entities.Contact.Contact_PreUpdate, TC.PowerApps.RD.Plugins, Version=1.0.0.1, Culture=neutral, PublicKeyToken=736f5e6af1bbf14d" PluginTypeId="87774624-c85f-4b53-95f7-c2ccfce88b17" Name="TC.PowerApps.RD.Plugins.Entities.Contact.Contact_PreUpdate">
          <FriendlyName>84fe03a4-4304-47fb-b13c-155fbe05acb6</FriendlyName>
        </PluginType>
        <PluginType AssemblyQualifiedName="TC.PowerApps.RD.Plugins.Entities.HistoryLog.HistoryLog_PostCreate_PopulateMemo, TC.PowerApps.RD.Plugins, Version=1.0.0.1, Culture=neutral, PublicKeyToken=736f5e6af1bbf14d" PluginTypeId="e19ffecb-451c-45b5-bd7e-601bb9825dcd" Name="TC.PowerApps.RD.Plugins.Entities.HistoryLog.HistoryLog_PostCreate_PopulateMemo">
          <FriendlyName>51249d30-689b-4e6c-bd33-9f5861c1166b</FriendlyName>
        </PluginType>
        <PluginType AssemblyQualifiedName="TC.PowerApps.RD.Plugins.Entities.Invitation.Adx_Invitation_preCreate_BlockManualCreationInvitationIfRegistered, TC.PowerApps.RD.Plugins, Version=1.0.0.1, Culture=neutral, PublicKeyToken=736f5e6af1bbf14d" PluginTypeId="d5efa7dc-472e-4a0a-a221-25c9b32a7e2c" Name="TC.PowerApps.RD.Plugins.Entities.Invitation.Adx_Invitation_preCreate_BlockManualCreationInvitationIfRegistered">
          <FriendlyName>7ae36111-737b-484c-9158-806548efaa5e</FriendlyName>
        </PluginType>
        <PluginType AssemblyQualifiedName="TC.PowerApps.RD.Plugins.Entities.Operation.Operation_ResetSiteAttestation, TC.PowerApps.RD.Plugins, Version=1.0.0.1, Culture=neutral, PublicKeyToken=736f5e6af1bbf14d" PluginTypeId="c09ed256-b54c-490e-bded-e132e31df43f" Name="TC.PowerApps.RD.Plugins.Entities.Operation.Operation_ResetSiteAttestation">
          <FriendlyName>f9f6e4eb-4e3b-48b4-a7a2-9f3dd2723701</FriendlyName>
        </PluginType>
        <PluginType AssemblyQualifiedName="TC.PowerApps.RD.Plugins.Entities.Site.Account_CompanySite_DuplicateCheck, TC.PowerApps.RD.Plugins, Version=1.0.0.1, Culture=neutral, PublicKeyToken=736f5e6af1bbf14d" PluginTypeId="663bb639-d96d-4e21-85ec-3eb74bc72019" Name="TC.PowerApps.RD.Plugins.Entities.Site.Account_CompanySite_DuplicateCheck">
          <FriendlyName>f8ff9cd1-3494-40fa-8098-9c09ec7f1ddd</FriendlyName>
        </PluginType>
        <PluginType AssemblyQualifiedName="TC.PowerApps.RD.Plugins.Entities.SiteClass.SiteClass_PreCreate, TC.PowerApps.RD.Plugins, Version=1.0.0.1, Culture=neutral, PublicKeyToken=736f5e6af1bbf14d" PluginTypeId="a5a663ac-d8af-4cbe-92b2-fdcc17c63a39" Name="TC.PowerApps.RD.Plugins.Entities.SiteClass.SiteClass_PreCreate">
          <FriendlyName>76b2c586-4587-4b24-a3c5-8f0a7250fee7</FriendlyName>
        </PluginType>
        <PluginType AssemblyQualifiedName="TC.PowerApps.RD.Plugins.Entities.SiteClass.SiteClass_PreUpdate, TC.PowerApps.RD.Plugins, Version=1.0.0.1, Culture=neutral, PublicKeyToken=736f5e6af1bbf14d" PluginTypeId="57f4b0f8-c7d9-4feb-aa52-e8e1d755a38c" Name="TC.PowerApps.RD.Plugins.Entities.SiteClass.SiteClass_PreUpdate">
          <FriendlyName>5f8e869a-d1ba-4c10-8d35-3312010c7182</FriendlyName>
        </PluginType>
        <PluginType AssemblyQualifiedName="TC.PowerApps.RD.Plugins.Entities.SiteClass.SiteClass_ResetSiteAttestation, TC.PowerApps.RD.Plugins, Version=1.0.0.1, Culture=neutral, PublicKeyToken=736f5e6af1bbf14d" PluginTypeId="e259bc1d-88ab-456d-b8e3-f5f3dd11e08c" Name="TC.PowerApps.RD.Plugins.Entities.SiteClass.SiteClass_ResetSiteAttestation">
          <FriendlyName>bd6074ed-dabf-4da8-bcb8-8e461ee9380f</FriendlyName>
        </PluginType>
      </PluginTypes>
    </PluginAssembly>
  </SolutionPluginAssemblies>
  <SdkMessageProcessingSteps>
    <SdkMessageProcessingStep Name="TC.PowerApps.Localization.Create: Create of ovs_support_request_outcome" SdkMessageProcessingStepId="{57f17560-c70e-ee11-8f6e-0022483e130e}">
      <SdkMessageId>9ebdbb1b-ea3e-db11-86a7-000a3a5473e8</SdkMessageId>
      <PluginTypeName>TC.PowerApps.Localization.Create, TC.PowerApps.Localization, Version=1.0.0.0, Culture=neutral, PublicKeyToken=46cc66017b727c59</PluginTypeName>
      <PluginTypeId>dd0b78a8-6d3c-439e-9d36-ecd295ae1fd0</PluginTypeId>
      <PrimaryEntity>ovs_support_request_outcome</PrimaryEntity>
      <AsyncAutoDelete>0</AsyncAutoDelete>
      <Configuration>&lt;Settings&gt; 
    &lt;Items&gt; 
        &lt;Item&gt; 
            &lt;Field&gt;ovs_name&lt;/Field&gt; 
            &lt;FieldEn&gt;ovs_name_en&lt;/FieldEn&gt; 
            &lt;FieldFr&gt;ovs_name_fr&lt;/FieldFr&gt; 
        &lt;/Item&gt;
    &lt;/Items&gt; 
&lt;/Settings&gt; </Configuration>
      <Description>TC.PowerApps.Localization.Create: Create of ovs_support_request_outcome</Description>
      <FilteringAttributes></FilteringAttributes>
      <InvocationSource>0</InvocationSource>
      <Mode>0</Mode>
      <Rank>1</Rank>
      <EventHandlerTypeCode>4602</EventHandlerTypeCode>
      <Stage>10</Stage>
      <IsCustomizable>1</IsCustomizable>
      <IsHidden>0</IsHidden>
      <SupportedDeployment>0</SupportedDeployment>
      <IntroducedVersion>1.0</IntroducedVersion>
      <SdkMessageProcessingStepImages />
    </SdkMessageProcessingStep>
    <SdkMessageProcessingStep Name="TC.PowerApps.Localization.Retrieve: Retrieve of ovs_support_request_outcome" SdkMessageProcessingStepId="{e51a2b8f-c80e-ee11-8f6e-0022483d0343}">
      <SdkMessageId>f2bdbb1b-ea3e-db11-86a7-000a3a5473e8</SdkMessageId>
      <PluginTypeName>TC.PowerApps.Localization.Retrieve, TC.PowerApps.Localization, Version=1.0.0.0, Culture=neutral, PublicKeyToken=46cc66017b727c59</PluginTypeName>
      <PluginTypeId>917f33a1-fc11-4fff-ad37-c2676669c797</PluginTypeId>
      <PrimaryEntity>ovs_support_request_outcome</PrimaryEntity>
      <AsyncAutoDelete>0</AsyncAutoDelete>
      <Configuration>&lt;Settings&gt;
    &lt;Items&gt;
        &lt;Item&gt;
            &lt;Field&gt;ovs_name&lt;/Field&gt;
        &lt;/Item&gt;
    &lt;/Items&gt;
&lt;/Settings&gt;</Configuration>
      <Description>TC.PowerApps.Localization.Retrieve: Retrieve of ovs_support_request_outcome</Description>
      <FilteringAttributes></FilteringAttributes>
      <InvocationSource>0</InvocationSource>
      <Mode>0</Mode>
      <Rank>1</Rank>
      <EventHandlerTypeCode>4602</EventHandlerTypeCode>
      <Stage>40</Stage>
      <IsCustomizable>1</IsCustomizable>
      <IsHidden>0</IsHidden>
      <SupportedDeployment>0</SupportedDeployment>
      <IntroducedVersion>1.0</IntroducedVersion>
      <SdkMessageProcessingStepImages />
    </SdkMessageProcessingStep>
    <SdkMessageProcessingStep Name="TC.PowerApps.Localization.Retrieve: Retrieve of ovs_supportrequest" SdkMessageProcessingStepId="{556a3682-bf15-ee11-9cbe-0022483d0343}">
      <SdkMessageId>f2bdbb1b-ea3e-db11-86a7-000a3a5473e8</SdkMessageId>
      <PluginTypeName>TC.PowerApps.Localization.Retrieve, TC.PowerApps.Localization, Version=1.0.0.0, Culture=neutral, PublicKeyToken=46cc66017b727c59</PluginTypeName>
      <PluginTypeId>917f33a1-fc11-4fff-ad37-c2676669c797</PluginTypeId>
      <PrimaryEntity>ovs_supportrequest</PrimaryEntity>
      <AsyncAutoDelete>0</AsyncAutoDelete>
      <Configuration>&lt;Settings&gt;
    &lt;Items&gt;
        &lt;Item&gt;
            &lt;Field&gt;ovs_requestdetails&lt;/Field&gt;
        &lt;/Item&gt;
    &lt;/Items&gt;
&lt;/Settings&gt;</Configuration>
      <Description>TC.PowerApps.Localization.Retrieve: Retrieve of ovs_supportrequest</Description>
      <FilteringAttributes></FilteringAttributes>
      <InvocationSource>0</InvocationSource>
      <Mode>0</Mode>
      <Rank>1</Rank>
      <EventHandlerTypeCode>4602</EventHandlerTypeCode>
      <Stage>40</Stage>
      <IsCustomizable>1</IsCustomizable>
      <IsHidden>0</IsHidden>
      <SupportedDeployment>0</SupportedDeployment>
      <IntroducedVersion>1.0</IntroducedVersion>
      <SdkMessageProcessingStepImages />
    </SdkMessageProcessingStep>
    <SdkMessageProcessingStep Name="TC.PowerApps.Localization.RetrieveMultiple: RetrieveMultiple of ovs_support_request_outcome" SdkMessageProcessingStepId="{4e8ce66d-c80e-ee11-8f6e-0022483e130e}">
      <SdkMessageId>03bebb1b-ea3e-db11-86a7-000a3a5473e8</SdkMessageId>
      <PluginTypeName>TC.PowerApps.Localization.RetrieveMultiple, TC.PowerApps.Localization, Version=1.0.0.0, Culture=neutral, PublicKeyToken=46cc66017b727c59</PluginTypeName>
      <PluginTypeId>55aff4fe-abc8-4a82-8e27-ff6dbf970604</PluginTypeId>
      <PrimaryEntity>ovs_support_request_outcome</PrimaryEntity>
      <AsyncAutoDelete>0</AsyncAutoDelete>
      <Configuration>&lt;Settings&gt;
    &lt;Items&gt;
        &lt;Item&gt;
            &lt;Field&gt;ovs_name&lt;/Field&gt;
        &lt;/Item&gt;
    &lt;/Items&gt;
&lt;/Settings&gt;</Configuration>
      <Description>TC.PowerApps.Localization.RetrieveMultiple: RetrieveMultiple of ovs_support_request_outcome</Description>
      <FilteringAttributes></FilteringAttributes>
      <InvocationSource>0</InvocationSource>
      <Mode>0</Mode>
      <Rank>1</Rank>
      <EventHandlerTypeCode>4602</EventHandlerTypeCode>
      <Stage>40</Stage>
      <IsCustomizable>1</IsCustomizable>
      <IsHidden>0</IsHidden>
      <SupportedDeployment>0</SupportedDeployment>
      <IntroducedVersion>1.0</IntroducedVersion>
      <SdkMessageProcessingStepImages />
    </SdkMessageProcessingStep>
    <SdkMessageProcessingStep Name="TC.PowerApps.Localization.Update: Update of ovs_support_request_outcome" SdkMessageProcessingStepId="{b2840686-c70e-ee11-8f6e-000d3af35f84}">
      <SdkMessageId>20bebb1b-ea3e-db11-86a7-000a3a5473e8</SdkMessageId>
      <PluginTypeName>TC.PowerApps.Localization.Update, TC.PowerApps.Localization, Version=1.0.0.0, Culture=neutral, PublicKeyToken=46cc66017b727c59</PluginTypeName>
      <PluginTypeId>3e5ff06c-1fd0-439e-947b-dc69c4e4ba89</PluginTypeId>
      <PrimaryEntity>ovs_support_request_outcome</PrimaryEntity>
      <AsyncAutoDelete>0</AsyncAutoDelete>
      <Configuration>&lt;Settings&gt; 
    &lt;Items&gt; 
        &lt;Item&gt; 
            &lt;Field&gt;ovs_name&lt;/Field&gt; 
            &lt;FieldEn&gt;ovs_name_en&lt;/FieldEn&gt; 
            &lt;FieldFr&gt;ovs_name_fr&lt;/FieldFr&gt; 
        &lt;/Item&gt;
    &lt;/Items&gt; 
&lt;/Settings&gt; </Configuration>
      <Description>TC.PowerApps.Localization.Update: Update of ovs_support_request_outcome</Description>
      <FilteringAttributes></FilteringAttributes>
      <InvocationSource>0</InvocationSource>
      <Mode>0</Mode>
      <Rank>1</Rank>
      <EventHandlerTypeCode>4602</EventHandlerTypeCode>
      <Stage>10</Stage>
      <IsCustomizable>1</IsCustomizable>
      <IsHidden>0</IsHidden>
      <SupportedDeployment>0</SupportedDeployment>
      <IntroducedVersion>1.0</IntroducedVersion>
      <SdkMessageProcessingStepImages />
    </SdkMessageProcessingStep>
    <SdkMessageProcessingStep Name="TC.PowerApps.RD.Plugins.Entities.Account.Account_CompleteAnnualCompliance: Update of account" SdkMessageProcessingStepId="{46027023-1f7b-ed11-81ac-0022483e130e}">
      <SdkMessageId>20bebb1b-ea3e-db11-86a7-000a3a5473e8</SdkMessageId>
      <PluginTypeName>TC.PowerApps.RD.Plugins.Entities.Account.Account_CompleteAnnualCompliance, TC.PowerApps.RD.Plugins, Version=1.0.0.1, Culture=neutral, PublicKeyToken=736f5e6af1bbf14d</PluginTypeName>
      <PluginTypeId>147c685d-5efb-4084-b9bf-1bbcc9d138df</PluginTypeId>
      <PrimaryEntity>account</PrimaryEntity>
      <AsyncAutoDelete>0</AsyncAutoDelete>
      <Description>TC.PowerApps.RD.Plugins.Entities.Account.Account_CompleteAnnualCompliance: Update of account</Description>
      <FilteringAttributes>cid_annualcompliancecompletiondate</FilteringAttributes>
      <InvocationSource>1</InvocationSource>
      <Mode>0</Mode>
      <Rank>1</Rank>
      <EventHandlerTypeCode>4602</EventHandlerTypeCode>
      <Stage>40</Stage>
      <IsCustomizable>1</IsCustomizable>
      <IsHidden>0</IsHidden>
      <SupportedDeployment>0</SupportedDeployment>
      <IntroducedVersion>1.0</IntroducedVersion>
      <SdkMessageProcessingStepImages />
    </SdkMessageProcessingStep>
    <SdkMessageProcessingStep Name="TC.PowerApps.RD.Plugins.Entities.Account.Account_CreateHOTIOperation: Create of account" SdkMessageProcessingStepId="{04ba7410-117b-ed11-81ac-0022483e130e}">
      <SdkMessageId>9ebdbb1b-ea3e-db11-86a7-000a3a5473e8</SdkMessageId>
      <PluginTypeName>TC.PowerApps.RD.Plugins.Entities.Account.Account_CreateHOTIOperation, TC.PowerApps.RD.Plugins, Version=1.0.0.1, Culture=neutral, PublicKeyToken=736f5e6af1bbf14d</PluginTypeName>
      <PluginTypeId>1e990ad8-535b-49f8-82f9-7eaae89c6efa</PluginTypeId>
      <PrimaryEntity>account</PrimaryEntity>
      <AsyncAutoDelete>0</AsyncAutoDelete>
      <Description>TC.PowerApps.RD.Plugins.Entities.Account.Account_CreateHOTIOperation: Create of account</Description>
      <FilteringAttributes></FilteringAttributes>
      <InvocationSource>1</InvocationSource>
      <Mode>0</Mode>
      <Rank>1</Rank>
      <EventHandlerTypeCode>4602</EventHandlerTypeCode>
      <Stage>40</Stage>
      <IsCustomizable>1</IsCustomizable>
      <IsHidden>0</IsHidden>
      <SupportedDeployment>0</SupportedDeployment>
      <IntroducedVersion>1.0</IntroducedVersion>
      <SdkMessageProcessingStepImages />
    </SdkMessageProcessingStep>
    <SdkMessageProcessingStep Name="TC.PowerApps.RD.Plugins.Entities.Account.Account_Site_LLD_Validation: Create of account" SdkMessageProcessingStepId="{1bc012bd-31c4-ed11-b597-0022483e130e}">
      <SdkMessageId>9ebdbb1b-ea3e-db11-86a7-000a3a5473e8</SdkMessageId>
      <PluginTypeName>TC.PowerApps.RD.Plugins.Entities.Account.Account_Site_LLD_Validation, TC.PowerApps.RD.Plugins, Version=1.0.0.1, Culture=neutral, PublicKeyToken=736f5e6af1bbf14d</PluginTypeName>
      <PluginTypeId>9c60064b-f434-4f7a-a3fd-4bd635bb1cc7</PluginTypeId>
      <PrimaryEntity>account</PrimaryEntity>
      <AsyncAutoDelete>0</AsyncAutoDelete>
      <Description>TC.PowerApps.RD.Plugins.Entities.Account.Account_Site_LLD_Validation: Create of account</Description>
      <FilteringAttributes></FilteringAttributes>
      <InvocationSource>1</InvocationSource>
      <Mode>0</Mode>
      <Rank>1</Rank>
      <EventHandlerTypeCode>4602</EventHandlerTypeCode>
      <Stage>20</Stage>
      <IsCustomizable>1</IsCustomizable>
      <IsHidden>0</IsHidden>
      <SupportedDeployment>0</SupportedDeployment>
      <IntroducedVersion>1.0</IntroducedVersion>
      <SdkMessageProcessingStepImages />
    </SdkMessageProcessingStep>
    <SdkMessageProcessingStep Name="TC.PowerApps.RD.Plugins.Entities.Account.Account_Site_LLD_Validation: Update of account" SdkMessageProcessingStepId="{2f8719cc-4cc4-ed11-b597-0022483d0343}">
      <SdkMessageId>20bebb1b-ea3e-db11-86a7-000a3a5473e8</SdkMessageId>
      <PluginTypeName>TC.PowerApps.RD.Plugins.Entities.Account.Account_Site_LLD_Validation, TC.PowerApps.RD.Plugins, Version=1.0.0.1, Culture=neutral, PublicKeyToken=736f5e6af1bbf14d</PluginTypeName>
      <PluginTypeId>9c60064b-f434-4f7a-a3fd-4bd635bb1cc7</PluginTypeId>
      <PrimaryEntity>account</PrimaryEntity>
      <AsyncAutoDelete>0</AsyncAutoDelete>
      <Description>TC.PowerApps.RD.Plugins.Entities.Account.Account_Site_LLD_Validation: Update of account</Description>
      <FilteringAttributes>ovs_address_type,ovs_lld_meridian,ovs_lld_quarter,ovs_lld_range,customertypecode,ovs_lld_section,ovs_lld_township</FilteringAttributes>
      <InvocationSource>1</InvocationSource>
      <Mode>0</Mode>
      <Rank>1</Rank>
      <EventHandlerTypeCode>4602</EventHandlerTypeCode>
      <Stage>40</Stage>
      <IsCustomizable>1</IsCustomizable>
      <IsHidden>0</IsHidden>
      <SupportedDeployment>0</SupportedDeployment>
      <IntroducedVersion>1.0</IntroducedVersion>
      <SdkMessageProcessingStepImages>
        <SdkMessageProcessingStepImage Name="PostImage">
          <SdkMessageProcessingStepImageId>{9aa3237d-f9c4-ed11-b597-0022483d0343}</SdkMessageProcessingStepImageId>
          <Attributes>ovs_address_type,ovs_lld_meridian,ovs_lld_quarter,ovs_lld_range,customertypecode,ovs_lld_section,ovs_lld_township</Attributes>
          <EntityAlias>PostImage</EntityAlias>
          <ImageType>1</ImageType>
          <MessagePropertyName>Target</MessagePropertyName>
          <IsCustomizable>1</IsCustomizable>
        </SdkMessageProcessingStepImage>
        <SdkMessageProcessingStepImage Name="PreImage">
          <SdkMessageProcessingStepImageId>{f94ac2ea-4dc4-ed11-b597-0022483d0343}</SdkMessageProcessingStepImageId>
          <Attributes>ovs_address_type,ovs_lld_meridian,ovs_lld_quarter,ovs_lld_range,customertypecode,ovs_lld_section,ovs_lld_township</Attributes>
          <EntityAlias>PreImage</EntityAlias>
          <ImageType>0</ImageType>
          <MessagePropertyName>Target</MessagePropertyName>
          <IsCustomizable>1</IsCustomizable>
        </SdkMessageProcessingStepImage>
      </SdkMessageProcessingStepImages>
    </SdkMessageProcessingStep>
    <SdkMessageProcessingStep Name="TC.PowerApps.RD.Plugins.Entities.Account.Account_UpdateCIDInvitationOnUpdate: Associate of any Entity" SdkMessageProcessingStepId="{e80c4105-9ca5-ed11-aad0-0022483d0343}">
      <SdkMessageId>16e7c888-3b24-448b-b7da-ebfe9b681762</SdkMessageId>
      <PluginTypeName>TC.PowerApps.RD.Plugins.Entities.Account.Account_UpdateCIDInvitationOnUpdate, TC.PowerApps.RD.Plugins, Version=1.0.0.1, Culture=neutral, PublicKeyToken=736f5e6af1bbf14d</PluginTypeName>
      <PluginTypeId>6483efd3-6a01-4a2e-bb47-9b6248198fba</PluginTypeId>
      <AsyncAutoDelete>0</AsyncAutoDelete>
      <Description>TC.PowerApps.RD.Plugins.Entities.Account.Account_UpdateCIDInvitationOnUpdate: Associate of any Entity</Description>
      <FilteringAttributes></FilteringAttributes>
      <ImpersonatingUserIdName>TDG CID</ImpersonatingUserIdName>
      <InvocationSource>0</InvocationSource>
      <Mode>0</Mode>
      <Rank>1</Rank>
      <EventHandlerTypeCode>4602</EventHandlerTypeCode>
      <Stage>20</Stage>
      <IsCustomizable>1</IsCustomizable>
      <IsHidden>0</IsHidden>
      <SupportedDeployment>0</SupportedDeployment>
      <IntroducedVersion>1.0</IntroducedVersion>
      <SdkMessageProcessingStepImages />
    </SdkMessageProcessingStep>
    <SdkMessageProcessingStep Name="TC.PowerApps.RD.Plugins.Entities.Account.Account_UpdateCIDInvitationOnUpdate: Update of account" SdkMessageProcessingStepId="{22204e33-707b-ed11-81ad-0022483d0343}">
      <SdkMessageId>20bebb1b-ea3e-db11-86a7-000a3a5473e8</SdkMessageId>
      <PluginTypeName>TC.PowerApps.RD.Plugins.Entities.Account.Account_UpdateCIDInvitationOnUpdate, TC.PowerApps.RD.Plugins, Version=1.0.0.1, Culture=neutral, PublicKeyToken=736f5e6af1bbf14d</PluginTypeName>
      <PluginTypeId>6483efd3-6a01-4a2e-bb47-9b6248198fba</PluginTypeId>
      <PrimaryEntity>account</PrimaryEntity>
      <AsyncAutoDelete>0</AsyncAutoDelete>
      <Description>TC.PowerApps.RD.Plugins.Entities.Account.Account_UpdateCIDInvitationOnUpdate: Update of account</Description>
      <FilteringAttributes>address1_composite,ovs_address_display,cid_cidcompanystatus,ovs_address1_province</FilteringAttributes>
      <ImpersonatingUserIdName>TDG CID</ImpersonatingUserIdName>
      <InvocationSource>1</InvocationSource>
      <Mode>0</Mode>
      <Rank>1</Rank>
      <EventHandlerTypeCode>4602</EventHandlerTypeCode>
      <Stage>40</Stage>
      <IsCustomizable>1</IsCustomizable>
      <IsHidden>0</IsHidden>
      <SupportedDeployment>0</SupportedDeployment>
      <IntroducedVersion>1.0</IntroducedVersion>
      <SdkMessageProcessingStepImages />
    </SdkMessageProcessingStep>
    <SdkMessageProcessingStep Name="TC.PowerApps.RD.Plugins.Entities.CIDInvitation.CreateCIDInvitationRecord_OnPostCreate: Create of adx_invitation" SdkMessageProcessingStepId="{9160924e-127b-ed11-81ac-0022483e130e}">
      <SdkMessageId>9ebdbb1b-ea3e-db11-86a7-000a3a5473e8</SdkMessageId>
      <PluginTypeName>TC.PowerApps.RD.Plugins.Entities.CIDInvitation.CreateCIDInvitationRecord_OnPostCreate, TC.PowerApps.RD.Plugins, Version=1.0.0.1, Culture=neutral, PublicKeyToken=736f5e6af1bbf14d</PluginTypeName>
      <PluginTypeId>b56d3448-d9a1-480a-9c6d-7e9a449a66f0</PluginTypeId>
      <PrimaryEntity>adx_invitation</PrimaryEntity>
      <AsyncAutoDelete>1</AsyncAutoDelete>
      <Description>TC.PowerApps.RD.Plugins.Entities.CIDInvitation.CreateCIDInvitationRecord_OnPostCreate: Create of adx_invitation</Description>
      <FilteringAttributes></FilteringAttributes>
      <InvocationSource>1</InvocationSource>
      <Mode>1</Mode>
      <Rank>1</Rank>
      <EventHandlerTypeCode>4602</EventHandlerTypeCode>
      <Stage>40</Stage>
      <IsCustomizable>1</IsCustomizable>
      <IsHidden>0</IsHidden>
      <SupportedDeployment>0</SupportedDeployment>
      <IntroducedVersion>1.0</IntroducedVersion>
      <SdkMessageProcessingStepImages />
    </SdkMessageProcessingStep>
    <SdkMessageProcessingStep Name="TC.PowerApps.RD.Plugins.Entities.CIDInvitation.CreateCIDInvitationRecord_OnPostCreate: Update of adx_invitation" SdkMessageProcessingStepId="{3b05c636-1f7b-ed11-81ad-0022483d0343}">
      <SdkMessageId>20bebb1b-ea3e-db11-86a7-000a3a5473e8</SdkMessageId>
      <PluginTypeName>TC.PowerApps.RD.Plugins.Entities.CIDInvitation.CreateCIDInvitationRecord_OnPostCreate, TC.PowerApps.RD.Plugins, Version=1.0.0.1, Culture=neutral, PublicKeyToken=736f5e6af1bbf14d</PluginTypeName>
      <PluginTypeId>b56d3448-d9a1-480a-9c6d-7e9a449a66f0</PluginTypeId>
      <PrimaryEntity>adx_invitation</PrimaryEntity>
      <AsyncAutoDelete>0</AsyncAutoDelete>
      <Description>TC.PowerApps.RD.Plugins.Entities.CIDInvitation.CreateCIDInvitationRecord_OnPostCreate: Update of adx_invitation</Description>
      <FilteringAttributes>adx_assigntoaccount,adx_expirydate,adx_invitationid,adx_invitationcode,adx_invitecontact,adx_invitercontact,adx_name,statecode,statuscode,adx_type</FilteringAttributes>
      <InvocationSource>1</InvocationSource>
      <Mode>0</Mode>
      <Rank>1</Rank>
      <EventHandlerTypeCode>4602</EventHandlerTypeCode>
      <Stage>40</Stage>
      <IsCustomizable>1</IsCustomizable>
      <IsHidden>0</IsHidden>
      <SupportedDeployment>0</SupportedDeployment>
      <IntroducedVersion>1.0</IntroducedVersion>
      <SdkMessageProcessingStepImages>
        <SdkMessageProcessingStepImage Name="PreImage">
          <SdkMessageProcessingStepImageId>{7a6c275a-1f7b-ed11-81ac-0022483e130e}</SdkMessageProcessingStepImageId>
          <Attributes>adx_assigntoaccount,adx_expirydate,adx_invitationid,adx_invitationcode,adx_invitecontact,adx_invitercontact,statecode,statuscode,adx_type</Attributes>
          <EntityAlias>PreImage</EntityAlias>
          <ImageType>0</ImageType>
          <MessagePropertyName>Target</MessagePropertyName>
          <IsCustomizable>1</IsCustomizable>
        </SdkMessageProcessingStepImage>
      </SdkMessageProcessingStepImages>
    </SdkMessageProcessingStep>
    <SdkMessageProcessingStep Name="TC.PowerApps.RD.Plugins.Entities.Common.ConcatenateCreateAndModifyFields: Create of account" SdkMessageProcessingStepId="{ccdb14b6-127b-ed11-81ad-0022483d0343}">
      <SdkMessageId>9ebdbb1b-ea3e-db11-86a7-000a3a5473e8</SdkMessageId>
      <PluginTypeName>TC.PowerApps.RD.Plugins.Entities.Common.ConcatenateCreateAndModifyFields, TC.PowerApps.RD.Plugins, Version=1.0.0.1, Culture=neutral, PublicKeyToken=736f5e6af1bbf14d</PluginTypeName>
      <PluginTypeId>d8e7edd6-2b0f-4423-b908-8493427f267d</PluginTypeId>
      <PrimaryEntity>account</PrimaryEntity>
      <AsyncAutoDelete>0</AsyncAutoDelete>
      <Description>TC.PowerApps.RD.Plugins.Entities.Common.ConcatenateCreateAndModifyFields: Create of account</Description>
      <FilteringAttributes></FilteringAttributes>
      <InvocationSource>1</InvocationSource>
      <Mode>0</Mode>
      <Rank>1</Rank>
      <EventHandlerTypeCode>4602</EventHandlerTypeCode>
      <Stage>20</Stage>
      <IsCustomizable>1</IsCustomizable>
      <IsHidden>0</IsHidden>
      <SupportedDeployment>0</SupportedDeployment>
      <IntroducedVersion>1.0</IntroducedVersion>
      <SdkMessageProcessingStepImages />
    </SdkMessageProcessingStep>
    <SdkMessageProcessingStep Name="TC.PowerApps.RD.Plugins.Entities.Common.ConcatenateCreateAndModifyFields: Create of cid_companyerap" SdkMessageProcessingStepId="{da1f07e4-127b-ed11-81ac-0022483e130e}">
      <SdkMessageId>9ebdbb1b-ea3e-db11-86a7-000a3a5473e8</SdkMessageId>
      <PluginTypeName>TC.PowerApps.RD.Plugins.Entities.Common.ConcatenateCreateAndModifyFields, TC.PowerApps.RD.Plugins, Version=1.0.0.1, Culture=neutral, PublicKeyToken=736f5e6af1bbf14d</PluginTypeName>
      <PluginTypeId>d8e7edd6-2b0f-4423-b908-8493427f267d</PluginTypeId>
      <PrimaryEntity>cid_companyerap</PrimaryEntity>
      <AsyncAutoDelete>0</AsyncAutoDelete>
      <Description>TC.PowerApps.RD.Plugins.Entities.Common.ConcatenateCreateAndModifyFields: Create of cid_companyerap</Description>
      <FilteringAttributes></FilteringAttributes>
      <InvocationSource>1</InvocationSource>
      <Mode>0</Mode>
      <Rank>1</Rank>
      <EventHandlerTypeCode>4602</EventHandlerTypeCode>
      <Stage>20</Stage>
      <IsCustomizable>1</IsCustomizable>
      <IsHidden>0</IsHidden>
      <SupportedDeployment>0</SupportedDeployment>
      <IntroducedVersion>1.0</IntroducedVersion>
      <SdkMessageProcessingStepImages />
    </SdkMessageProcessingStep>
    <SdkMessageProcessingStep Name="TC.PowerApps.RD.Plugins.Entities.Common.ConcatenateCreateAndModifyFields: Create of cid_companynaicscode" SdkMessageProcessingStepId="{5428d3f8-127b-ed11-81ac-0022483e130e}">
      <SdkMessageId>9ebdbb1b-ea3e-db11-86a7-000a3a5473e8</SdkMessageId>
      <PluginTypeName>TC.PowerApps.RD.Plugins.Entities.Common.ConcatenateCreateAndModifyFields, TC.PowerApps.RD.Plugins, Version=1.0.0.1, Culture=neutral, PublicKeyToken=736f5e6af1bbf14d</PluginTypeName>
      <PluginTypeId>d8e7edd6-2b0f-4423-b908-8493427f267d</PluginTypeId>
      <PrimaryEntity>cid_companynaicscode</PrimaryEntity>
      <AsyncAutoDelete>0</AsyncAutoDelete>
      <Description>TC.PowerApps.RD.Plugins.Entities.Common.ConcatenateCreateAndModifyFields: Create of cid_companynaicscode</Description>
      <FilteringAttributes></FilteringAttributes>
      <InvocationSource>1</InvocationSource>
      <Mode>0</Mode>
      <Rank>1</Rank>
      <EventHandlerTypeCode>4602</EventHandlerTypeCode>
      <Stage>20</Stage>
      <IsCustomizable>1</IsCustomizable>
      <IsHidden>0</IsHidden>
      <SupportedDeployment>0</SupportedDeployment>
      <IntroducedVersion>1.0</IntroducedVersion>
      <SdkMessageProcessingStepImages />
    </SdkMessageProcessingStep>
    <SdkMessageProcessingStep Name="TC.PowerApps.RD.Plugins.Entities.Common.ConcatenateCreateAndModifyFields: Create of contact" SdkMessageProcessingStepId="{95238c1f-137b-ed11-81ad-0022483d0343}">
      <SdkMessageId>9ebdbb1b-ea3e-db11-86a7-000a3a5473e8</SdkMessageId>
      <PluginTypeName>TC.PowerApps.RD.Plugins.Entities.Common.ConcatenateCreateAndModifyFields, TC.PowerApps.RD.Plugins, Version=1.0.0.1, Culture=neutral, PublicKeyToken=736f5e6af1bbf14d</PluginTypeName>
      <PluginTypeId>d8e7edd6-2b0f-4423-b908-8493427f267d</PluginTypeId>
      <PrimaryEntity>contact</PrimaryEntity>
      <AsyncAutoDelete>0</AsyncAutoDelete>
      <Description>TC.PowerApps.RD.Plugins.Entities.Common.ConcatenateCreateAndModifyFields: Create of contact</Description>
      <FilteringAttributes></FilteringAttributes>
      <InvocationSource>1</InvocationSource>
      <Mode>0</Mode>
      <Rank>1</Rank>
      <EventHandlerTypeCode>4602</EventHandlerTypeCode>
      <Stage>20</Stage>
      <IsCustomizable>1</IsCustomizable>
      <IsHidden>0</IsHidden>
      <SupportedDeployment>0</SupportedDeployment>
      <IntroducedVersion>1.0</IntroducedVersion>
      <SdkMessageProcessingStepImages />
    </SdkMessageProcessingStep>
    <SdkMessageProcessingStep Name="TC.PowerApps.RD.Plugins.Entities.Common.ConcatenateCreateAndModifyFields: Create of ovs_operationclass" SdkMessageProcessingStepId="{e4d8ab44-137b-ed11-81ad-0022483d0343}">
      <SdkMessageId>9ebdbb1b-ea3e-db11-86a7-000a3a5473e8</SdkMessageId>
      <PluginTypeName>TC.PowerApps.RD.Plugins.Entities.Common.ConcatenateCreateAndModifyFields, TC.PowerApps.RD.Plugins, Version=1.0.0.1, Culture=neutral, PublicKeyToken=736f5e6af1bbf14d</PluginTypeName>
      <PluginTypeId>d8e7edd6-2b0f-4423-b908-8493427f267d</PluginTypeId>
      <PrimaryEntity>ovs_operationclass</PrimaryEntity>
      <AsyncAutoDelete>0</AsyncAutoDelete>
      <Description>TC.PowerApps.RD.Plugins.Entities.Common.ConcatenateCreateAndModifyFields: Create of ovs_operationclass</Description>
      <FilteringAttributes></FilteringAttributes>
      <InvocationSource>1</InvocationSource>
      <Mode>0</Mode>
      <Rank>1</Rank>
      <EventHandlerTypeCode>4602</EventHandlerTypeCode>
      <Stage>20</Stage>
      <IsCustomizable>1</IsCustomizable>
      <IsHidden>0</IsHidden>
      <SupportedDeployment>0</SupportedDeployment>
      <IntroducedVersion>1.0</IntroducedVersion>
      <SdkMessageProcessingStepImages />
    </SdkMessageProcessingStep>
    <SdkMessageProcessingStep Name="TC.PowerApps.RD.Plugins.Entities.Common.ConcatenateCreateAndModifyFields: Create of ovs_operationunnumber" SdkMessageProcessingStepId="{989c635f-137b-ed11-81ac-0022483e130e}">
      <SdkMessageId>9ebdbb1b-ea3e-db11-86a7-000a3a5473e8</SdkMessageId>
      <PluginTypeName>TC.PowerApps.RD.Plugins.Entities.Common.ConcatenateCreateAndModifyFields, TC.PowerApps.RD.Plugins, Version=1.0.0.1, Culture=neutral, PublicKeyToken=736f5e6af1bbf14d</PluginTypeName>
      <PluginTypeId>d8e7edd6-2b0f-4423-b908-8493427f267d</PluginTypeId>
      <PrimaryEntity>ovs_operationunnumber</PrimaryEntity>
      <AsyncAutoDelete>0</AsyncAutoDelete>
      <Description>TC.PowerApps.RD.Plugins.Entities.Common.ConcatenateCreateAndModifyFields: Create of ovs_operationunnumber</Description>
      <FilteringAttributes></FilteringAttributes>
      <InvocationSource>1</InvocationSource>
      <Mode>0</Mode>
      <Rank>1</Rank>
      <EventHandlerTypeCode>4602</EventHandlerTypeCode>
      <Stage>20</Stage>
      <IsCustomizable>1</IsCustomizable>
      <IsHidden>0</IsHidden>
      <SupportedDeployment>0</SupportedDeployment>
      <IntroducedVersion>1.0</IntroducedVersion>
      <SdkMessageProcessingStepImages />
    </SdkMessageProcessingStep>
    <SdkMessageProcessingStep Name="TC.PowerApps.RD.Plugins.Entities.Common.ConcatenateCreateAndModifyFields: Update of account" SdkMessageProcessingStepId="{b87657d6-137b-ed11-81ac-0022483e130e}">
      <SdkMessageId>20bebb1b-ea3e-db11-86a7-000a3a5473e8</SdkMessageId>
      <PluginTypeName>TC.PowerApps.RD.Plugins.Entities.Common.ConcatenateCreateAndModifyFields, TC.PowerApps.RD.Plugins, Version=1.0.0.1, Culture=neutral, PublicKeyToken=736f5e6af1bbf14d</PluginTypeName>
      <PluginTypeId>d8e7edd6-2b0f-4423-b908-8493427f267d</PluginTypeId>
      <PrimaryEntity>account</PrimaryEntity>
      <AsyncAutoDelete>0</AsyncAutoDelete>
      <Description>TC.PowerApps.RD.Plugins.Entities.Common.ConcatenateCreateAndModifyFields: Update of account</Description>
      <FilteringAttributes>cid_modifiedbyregistrant</FilteringAttributes>
      <InvocationSource>1</InvocationSource>
      <Mode>0</Mode>
      <Rank>1</Rank>
      <EventHandlerTypeCode>4602</EventHandlerTypeCode>
      <Stage>40</Stage>
      <IsCustomizable>1</IsCustomizable>
      <IsHidden>0</IsHidden>
      <SupportedDeployment>0</SupportedDeployment>
      <IntroducedVersion>1.0</IntroducedVersion>
      <SdkMessageProcessingStepImages />
    </SdkMessageProcessingStep>
    <SdkMessageProcessingStep Name="TC.PowerApps.RD.Plugins.Entities.Common.ConcatenateCreateAndModifyFields: Update of cid_companyerap" SdkMessageProcessingStepId="{3fa019fa-137b-ed11-81ad-0022483d0343}">
      <SdkMessageId>20bebb1b-ea3e-db11-86a7-000a3a5473e8</SdkMessageId>
      <PluginTypeName>TC.PowerApps.RD.Plugins.Entities.Common.ConcatenateCreateAndModifyFields, TC.PowerApps.RD.Plugins, Version=1.0.0.1, Culture=neutral, PublicKeyToken=736f5e6af1bbf14d</PluginTypeName>
      <PluginTypeId>d8e7edd6-2b0f-4423-b908-8493427f267d</PluginTypeId>
      <PrimaryEntity>cid_companyerap</PrimaryEntity>
      <AsyncAutoDelete>0</AsyncAutoDelete>
      <Description>TC.PowerApps.RD.Plugins.Entities.Common.ConcatenateCreateAndModifyFields: Update of cid_companyerap</Description>
      <FilteringAttributes>cid_modifiedbyregistrant</FilteringAttributes>
      <InvocationSource>1</InvocationSource>
      <Mode>0</Mode>
      <Rank>1</Rank>
      <EventHandlerTypeCode>4602</EventHandlerTypeCode>
      <Stage>40</Stage>
      <IsCustomizable>1</IsCustomizable>
      <IsHidden>0</IsHidden>
      <SupportedDeployment>0</SupportedDeployment>
      <IntroducedVersion>1.0</IntroducedVersion>
      <SdkMessageProcessingStepImages />
    </SdkMessageProcessingStep>
    <SdkMessageProcessingStep Name="TC.PowerApps.RD.Plugins.Entities.Common.ConcatenateCreateAndModifyFields: Update of cid_companynaicscode" SdkMessageProcessingStepId="{3ba74b81-147b-ed11-81ac-0022483e130e}">
      <SdkMessageId>20bebb1b-ea3e-db11-86a7-000a3a5473e8</SdkMessageId>
      <PluginTypeName>TC.PowerApps.RD.Plugins.Entities.Common.ConcatenateCreateAndModifyFields, TC.PowerApps.RD.Plugins, Version=1.0.0.1, Culture=neutral, PublicKeyToken=736f5e6af1bbf14d</PluginTypeName>
      <PluginTypeId>d8e7edd6-2b0f-4423-b908-8493427f267d</PluginTypeId>
      <PrimaryEntity>cid_companynaicscode</PrimaryEntity>
      <AsyncAutoDelete>0</AsyncAutoDelete>
      <Description>TC.PowerApps.RD.Plugins.Entities.Common.ConcatenateCreateAndModifyFields: Update of cid_companynaicscode</Description>
      <FilteringAttributes>cid_modifiedbyregistrant</FilteringAttributes>
      <InvocationSource>1</InvocationSource>
      <Mode>0</Mode>
      <Rank>1</Rank>
      <EventHandlerTypeCode>4602</EventHandlerTypeCode>
      <Stage>40</Stage>
      <IsCustomizable>1</IsCustomizable>
      <IsHidden>0</IsHidden>
      <SupportedDeployment>0</SupportedDeployment>
      <IntroducedVersion>1.0</IntroducedVersion>
      <SdkMessageProcessingStepImages />
    </SdkMessageProcessingStep>
    <SdkMessageProcessingStep Name="TC.PowerApps.RD.Plugins.Entities.Common.ConcatenateCreateAndModifyFields: Update of contact" SdkMessageProcessingStepId="{890234bc-147b-ed11-81ac-0022483e130e}">
      <SdkMessageId>20bebb1b-ea3e-db11-86a7-000a3a5473e8</SdkMessageId>
      <PluginTypeName>TC.PowerApps.RD.Plugins.Entities.Common.ConcatenateCreateAndModifyFields, TC.PowerApps.RD.Plugins, Version=1.0.0.1, Culture=neutral, PublicKeyToken=736f5e6af1bbf14d</PluginTypeName>
      <PluginTypeId>d8e7edd6-2b0f-4423-b908-8493427f267d</PluginTypeId>
      <PrimaryEntity>contact</PrimaryEntity>
      <AsyncAutoDelete>0</AsyncAutoDelete>
      <Description>TC.PowerApps.RD.Plugins.Entities.Common.ConcatenateCreateAndModifyFields: Update of contact</Description>
      <FilteringAttributes>cid_modifiedbyregistrant</FilteringAttributes>
      <InvocationSource>1</InvocationSource>
      <Mode>0</Mode>
      <Rank>1</Rank>
      <EventHandlerTypeCode>4602</EventHandlerTypeCode>
      <Stage>40</Stage>
      <IsCustomizable>1</IsCustomizable>
      <IsHidden>0</IsHidden>
      <SupportedDeployment>0</SupportedDeployment>
      <IntroducedVersion>1.0</IntroducedVersion>
      <SdkMessageProcessingStepImages />
    </SdkMessageProcessingStep>
    <SdkMessageProcessingStep Name="TC.PowerApps.RD.Plugins.Entities.Common.ConcatenateCreateAndModifyFields: Update of ovs_operationclass" SdkMessageProcessingStepId="{8b2b5df5-147b-ed11-81ad-0022483d0343}">
      <SdkMessageId>20bebb1b-ea3e-db11-86a7-000a3a5473e8</SdkMessageId>
      <PluginTypeName>TC.PowerApps.RD.Plugins.Entities.Common.ConcatenateCreateAndModifyFields, TC.PowerApps.RD.Plugins, Version=1.0.0.1, Culture=neutral, PublicKeyToken=736f5e6af1bbf14d</PluginTypeName>
      <PluginTypeId>d8e7edd6-2b0f-4423-b908-8493427f267d</PluginTypeId>
      <PrimaryEntity>ovs_operationclass</PrimaryEntity>
      <AsyncAutoDelete>0</AsyncAutoDelete>
      <Description>TC.PowerApps.RD.Plugins.Entities.Common.ConcatenateCreateAndModifyFields: Update of ovs_operationclass</Description>
      <FilteringAttributes>cid_modifiedbyregistrant</FilteringAttributes>
      <InvocationSource>1</InvocationSource>
      <Mode>0</Mode>
      <Rank>1</Rank>
      <EventHandlerTypeCode>4602</EventHandlerTypeCode>
      <Stage>40</Stage>
      <IsCustomizable>1</IsCustomizable>
      <IsHidden>0</IsHidden>
      <SupportedDeployment>0</SupportedDeployment>
      <IntroducedVersion>1.0</IntroducedVersion>
      <SdkMessageProcessingStepImages />
    </SdkMessageProcessingStep>
    <SdkMessageProcessingStep Name="TC.PowerApps.RD.Plugins.Entities.Common.ConcatenateCreateAndModifyFields: Update of ovs_operationunnumber" SdkMessageProcessingStepId="{f877112c-157b-ed11-81ac-0022483e130e}">
      <SdkMessageId>20bebb1b-ea3e-db11-86a7-000a3a5473e8</SdkMessageId>
      <PluginTypeName>TC.PowerApps.RD.Plugins.Entities.Common.ConcatenateCreateAndModifyFields, TC.PowerApps.RD.Plugins, Version=1.0.0.1, Culture=neutral, PublicKeyToken=736f5e6af1bbf14d</PluginTypeName>
      <PluginTypeId>d8e7edd6-2b0f-4423-b908-8493427f267d</PluginTypeId>
      <PrimaryEntity>ovs_operationunnumber</PrimaryEntity>
      <AsyncAutoDelete>0</AsyncAutoDelete>
      <Description>TC.PowerApps.RD.Plugins.Entities.Common.ConcatenateCreateAndModifyFields: Update of ovs_operationunnumber</Description>
      <FilteringAttributes>cid_modifiedbyregistrant</FilteringAttributes>
      <InvocationSource>1</InvocationSource>
      <Mode>0</Mode>
      <Rank>1</Rank>
      <EventHandlerTypeCode>4602</EventHandlerTypeCode>
      <Stage>40</Stage>
      <IsCustomizable>1</IsCustomizable>
      <IsHidden>0</IsHidden>
      <SupportedDeployment>0</SupportedDeployment>
      <IntroducedVersion>1.0</IntroducedVersion>
      <SdkMessageProcessingStepImages />
    </SdkMessageProcessingStep>
    <SdkMessageProcessingStep Name="TC.PowerApps.RD.Plugins.Entities.Common.HistoryLog_CreateLog: Create of account" SdkMessageProcessingStepId="{de0e2770-ac0f-ee11-8f6e-0022483d0c87}">
      <SdkMessageId>9ebdbb1b-ea3e-db11-86a7-000a3a5473e8</SdkMessageId>
      <PluginTypeName>TC.PowerApps.RD.Plugins.Entities.Common.HistoryLog_CreateLog, TC.PowerApps.RD.Plugins, Version=1.0.0.1, Culture=neutral, PublicKeyToken=736f5e6af1bbf14d</PluginTypeName>
      <PluginTypeId>e9db343c-a9ae-467e-aa41-9e4928a8e98a</PluginTypeId>
      <PrimaryEntity>account</PrimaryEntity>
      <AsyncAutoDelete>0</AsyncAutoDelete>
      <Description>TC.PowerApps.RD.Plugins.Entities.Common.HistoryLog_CreateLog: Create of account</Description>
      <FilteringAttributes></FilteringAttributes>
      <InvocationSource>1</InvocationSource>
      <Mode>0</Mode>
      <Rank>1</Rank>
      <EventHandlerTypeCode>4602</EventHandlerTypeCode>
      <Stage>40</Stage>
      <IsCustomizable>1</IsCustomizable>
      <IsHidden>0</IsHidden>
      <SupportedDeployment>0</SupportedDeployment>
      <IntroducedVersion>1.0</IntroducedVersion>
      <SdkMessageProcessingStepImages />
    </SdkMessageProcessingStep>
    <SdkMessageProcessingStep Name="TC.PowerApps.RD.Plugins.Entities.Common.HistoryLog_CreateLog: Create of contact" SdkMessageProcessingStepId="{38e8b75c-0111-ee11-8f6e-0022483d0343}">
      <SdkMessageId>9ebdbb1b-ea3e-db11-86a7-000a3a5473e8</SdkMessageId>
      <PluginTypeName>TC.PowerApps.RD.Plugins.Entities.Common.HistoryLog_CreateLog, TC.PowerApps.RD.Plugins, Version=1.0.0.1, Culture=neutral, PublicKeyToken=736f5e6af1bbf14d</PluginTypeName>
      <PluginTypeId>e9db343c-a9ae-467e-aa41-9e4928a8e98a</PluginTypeId>
      <PrimaryEntity>contact</PrimaryEntity>
      <AsyncAutoDelete>0</AsyncAutoDelete>
      <Description>TC.PowerApps.RD.Plugins.Entities.Common.HistoryLog_CreateLog: Create of contact</Description>
      <FilteringAttributes></FilteringAttributes>
      <InvocationSource>1</InvocationSource>
      <Mode>0</Mode>
      <Rank>1</Rank>
      <EventHandlerTypeCode>4602</EventHandlerTypeCode>
      <Stage>40</Stage>
      <IsCustomizable>1</IsCustomizable>
      <IsHidden>0</IsHidden>
      <SupportedDeployment>0</SupportedDeployment>
      <IntroducedVersion>1.0</IntroducedVersion>
      <SdkMessageProcessingStepImages />
    </SdkMessageProcessingStep>
    <SdkMessageProcessingStep Name="TC.PowerApps.RD.Plugins.Entities.Common.HistoryLog_CreateLog: Create of ovs_operationclass" SdkMessageProcessingStepId="{e66a84c5-e321-ee11-9966-0022483e130e}">
      <SdkMessageId>9ebdbb1b-ea3e-db11-86a7-000a3a5473e8</SdkMessageId>
      <PluginTypeName>TC.PowerApps.RD.Plugins.Entities.Common.HistoryLog_CreateLog, TC.PowerApps.RD.Plugins, Version=1.0.0.1, Culture=neutral, PublicKeyToken=736f5e6af1bbf14d</PluginTypeName>
      <PluginTypeId>e9db343c-a9ae-467e-aa41-9e4928a8e98a</PluginTypeId>
      <PrimaryEntity>ovs_operationclass</PrimaryEntity>
      <AsyncAutoDelete>0</AsyncAutoDelete>
      <Description>TC.PowerApps.RD.Plugins.Entities.Common.HistoryLog_CreateLog: Create of ovs_operationclass</Description>
      <FilteringAttributes></FilteringAttributes>
      <InvocationSource>1</InvocationSource>
      <Mode>0</Mode>
      <Rank>1</Rank>
      <EventHandlerTypeCode>4602</EventHandlerTypeCode>
      <Stage>40</Stage>
      <IsCustomizable>1</IsCustomizable>
      <IsHidden>0</IsHidden>
      <SupportedDeployment>0</SupportedDeployment>
      <IntroducedVersion>1.0</IntroducedVersion>
      <SdkMessageProcessingStepImages />
    </SdkMessageProcessingStep>
    <SdkMessageProcessingStep Name="TC.PowerApps.RD.Plugins.Entities.Common.HistoryLog_CreateLog: Update of account" SdkMessageProcessingStepId="{2f2fa2e8-7810-ee11-8f6e-0022483d0c87}">
      <SdkMessageId>20bebb1b-ea3e-db11-86a7-000a3a5473e8</SdkMessageId>
      <PluginTypeName>TC.PowerApps.RD.Plugins.Entities.Common.HistoryLog_CreateLog, TC.PowerApps.RD.Plugins, Version=1.0.0.1, Culture=neutral, PublicKeyToken=736f5e6af1bbf14d</PluginTypeName>
      <PluginTypeId>e9db343c-a9ae-467e-aa41-9e4928a8e98a</PluginTypeId>
      <PrimaryEntity>account</PrimaryEntity>
      <AsyncAutoDelete>0</AsyncAutoDelete>
      <Description>TC.PowerApps.RD.Plugins.Entities.Common.HistoryLog_CreateLog: Update of account</Description>
      <FilteringAttributes>address1_city,address1_country,fax,cid_handlingsitetype,cid_importingsitetype,ovs_legalname,telephone1,cid_modifiedbyregistrant,adx_modifiedbyusername,cid_offeringfortransportsitetype,name,cid_sitename,address1_stateorprovince,address1_line1,address1_line2,address1_line3,cid_transportingsitetype,websiteurl,address1_postalcode</FilteringAttributes>
      <InvocationSource>1</InvocationSource>
      <Mode>0</Mode>
      <Rank>1</Rank>
      <EventHandlerTypeCode>4602</EventHandlerTypeCode>
      <Stage>40</Stage>
      <IsCustomizable>1</IsCustomizable>
      <IsHidden>0</IsHidden>
      <SupportedDeployment>0</SupportedDeployment>
      <IntroducedVersion>1.0</IntroducedVersion>
      <SdkMessageProcessingStepImages>
        <SdkMessageProcessingStepImage Name="PostImage">
          <SdkMessageProcessingStepImageId>{66182292-7c10-ee11-8f6e-0022483e130e}</SdkMessageProcessingStepImageId>
          <Attributes>traversedpath,accountid,ovs_accountnameenglish,ovs_accountnamefrench,accountnumber,ovs_address_display,cid_attestationdate,address1_city,address1_country,address1_county,cid_crabusinessnumber,cid_createdbyregistrant,createdby,adx_createdbyipaddress,adx_createdbyusername,createdon,cid_portalrecordcreationdetails,ovs_legalnamefr,ovs_namefr,cid_handlingsitetype,cid_importingsitetype,cid_iscompanyattested,cid_issiteattested,cid_portalrecordmodificationdetails,address1_latitude,ovs_legalname,address1_longitude,ovs_lld_meridian,ovs_mocid,cid_modifiedbyregistrant,adx_modifiedbyusername,modifiedon,cid_offeringfortransportsitetype,name,ovs_name_fr,parentaccountid,cid_companyclaim,cid_companydeactivationeffectivedate,cid_companystate,cid_cidcompanystatus,originatingleadid,address1_postofficebox,primarycontactid,ovs_address1_province,ovs_lld_province,ovs_lld_quarter,ovs_lld_range,cid_reasonfornobnnumber,overriddencreatedon,cid_registrationasof,cid_officiallyregistrationcompletationdate,customertypecode,cid_romcompany_status,ovs_romid,cid_romsitestatus,ovs_lld_section,cid_siteid,cid_sitename,cid_siterequirementlevelswitcheffectivedate,cid_cidsitestatus,cid_siteclaim,ovs_sitetype,address1_stateorprovince,statecode,statuscode,address1_line1,address1_line2,address1_line3,territoryid,territorycode,ovs_lld_township,cid_transportingsitetype,websiteurl,address1_postalcode</Attributes>
          <EntityAlias>PostImage</EntityAlias>
          <ImageType>1</ImageType>
          <MessagePropertyName>Target</MessagePropertyName>
          <IsCustomizable>1</IsCustomizable>
        </SdkMessageProcessingStepImage>
      </SdkMessageProcessingStepImages>
    </SdkMessageProcessingStep>
    <SdkMessageProcessingStep Name="TC.PowerApps.RD.Plugins.Entities.Common.HistoryLog_CreateLog: Update of account reg Complete" SdkMessageProcessingStepId="{f7e14281-331c-ee11-8f6d-0022483d0343}">
      <SdkMessageId>20bebb1b-ea3e-db11-86a7-000a3a5473e8</SdkMessageId>
      <PluginTypeName>TC.PowerApps.RD.Plugins.Entities.Common.HistoryLog_CreateLog, TC.PowerApps.RD.Plugins, Version=1.0.0.1, Culture=neutral, PublicKeyToken=736f5e6af1bbf14d</PluginTypeName>
      <PluginTypeId>e9db343c-a9ae-467e-aa41-9e4928a8e98a</PluginTypeId>
      <PrimaryEntity>account</PrimaryEntity>
      <AsyncAutoDelete>0</AsyncAutoDelete>
      <Description>TC.PowerApps.RD.Plugins.Entities.Common.HistoryLog_CreateLog: Update of account reg Complete</Description>
      <FilteringAttributes>cid_registrationasof</FilteringAttributes>
      <InvocationSource>1</InvocationSource>
      <Mode>0</Mode>
      <Rank>1</Rank>
      <EventHandlerTypeCode>4602</EventHandlerTypeCode>
      <Stage>40</Stage>
      <IsCustomizable>1</IsCustomizable>
      <IsHidden>0</IsHidden>
      <SupportedDeployment>0</SupportedDeployment>
      <IntroducedVersion>1.0</IntroducedVersion>
      <SdkMessageProcessingStepImages>
        <SdkMessageProcessingStepImage Name="PostImgReg">
          <SdkMessageProcessingStepImageId>{4d1ddc63-341c-ee11-8f6d-0022483d0343}</SdkMessageProcessingStepImageId>
          <Attributes>address1_city,address1_country,fax,cid_iscompanyattested,ovs_legalname,telephone1,name,primarycontactid,cid_registrationasof,customertypecode,address1_stateorprovince,address1_line1,address1_line2,address1_line3,websiteurl,address1_postalcode</Attributes>
          <EntityAlias>PostImgReg</EntityAlias>
          <ImageType>1</ImageType>
          <MessagePropertyName>Target</MessagePropertyName>
          <IsCustomizable>1</IsCustomizable>
        </SdkMessageProcessingStepImage>
      </SdkMessageProcessingStepImages>
    </SdkMessageProcessingStep>
    <SdkMessageProcessingStep Name="TC.PowerApps.RD.Plugins.Entities.Common.HistoryLog_CreateLog: Update of ovs_mocregistration" SdkMessageProcessingStepId="{d8646245-e321-ee11-9966-0022483d0c87}">
      <SdkMessageId>20bebb1b-ea3e-db11-86a7-000a3a5473e8</SdkMessageId>
      <PluginTypeName>TC.PowerApps.RD.Plugins.Entities.Common.HistoryLog_CreateLog, TC.PowerApps.RD.Plugins, Version=1.0.0.1, Culture=neutral, PublicKeyToken=736f5e6af1bbf14d</PluginTypeName>
      <PluginTypeId>e9db343c-a9ae-467e-aa41-9e4928a8e98a</PluginTypeId>
      <PrimaryEntity>ovs_mocregistration</PrimaryEntity>
      <AsyncAutoDelete>0</AsyncAutoDelete>
      <Description>TC.PowerApps.RD.Plugins.Entities.Common.HistoryLog_CreateLog: Update of ovs_mocregistration</Description>
      <FilteringAttributes>cid_modeoftransportationair,cid_modeoftransportationmarine,cid_modeoftransportationrail,cid_modeoftransportationroad</FilteringAttributes>
      <InvocationSource>1</InvocationSource>
      <Mode>0</Mode>
      <Rank>1</Rank>
      <EventHandlerTypeCode>4602</EventHandlerTypeCode>
      <Stage>40</Stage>
      <IsCustomizable>1</IsCustomizable>
      <IsHidden>0</IsHidden>
      <SupportedDeployment>0</SupportedDeployment>
      <IntroducedVersion>1.0</IntroducedVersion>
      <SdkMessageProcessingStepImages>
        <SdkMessageProcessingStepImage Name="PostImage">
          <SdkMessageProcessingStepImageId>{c9305ba2-e321-ee11-9966-0022483e130e}</SdkMessageProcessingStepImageId>
          <Attributes>cid_modeoftransportationair,cid_createdbyregistrant,createdby,createdon,cid_modeoftransportationmarine,cid_modifiedbyregistrant,modifiedby,modifiedon,cid_operationdetailsprovided,ovs_mocregistrationid,ovs_name,ovs_operationtype,cid_modeoftransportationrail,cid_modeoftransportationroad,ovs_siteid</Attributes>
          <EntityAlias>PostImage</EntityAlias>
          <ImageType>1</ImageType>
          <MessagePropertyName>Target</MessagePropertyName>
          <IsCustomizable>1</IsCustomizable>
        </SdkMessageProcessingStepImage>
      </SdkMessageProcessingStepImages>
    </SdkMessageProcessingStep>
    <SdkMessageProcessingStep Name="TC.PowerApps.RD.Plugins.Entities.CompanyNAICS.CompanyNAICS_PreCreate: Create of cid_companynaicscode" SdkMessageProcessingStepId="{4f2424c4-157b-ed11-81ad-0022483d0343}">
      <SdkMessageId>9ebdbb1b-ea3e-db11-86a7-000a3a5473e8</SdkMessageId>
      <PluginTypeName>TC.PowerApps.RD.Plugins.Entities.CompanyNAICS.CompanyNAICS_PreCreate, TC.PowerApps.RD.Plugins, Version=1.0.0.1, Culture=neutral, PublicKeyToken=736f5e6af1bbf14d</PluginTypeName>
      <PluginTypeId>68b7993c-efe1-49b3-9fed-67bfd0042022</PluginTypeId>
      <PrimaryEntity>cid_companynaicscode</PrimaryEntity>
      <AsyncAutoDelete>0</AsyncAutoDelete>
      <Description>TC.PowerApps.RD.Plugins.Entities.CompanyNAICS.CompanyNAICS_PreCreate: Create of cid_companynaicscode</Description>
      <FilteringAttributes></FilteringAttributes>
      <InvocationSource>1</InvocationSource>
      <Mode>0</Mode>
      <Rank>1</Rank>
      <EventHandlerTypeCode>4602</EventHandlerTypeCode>
      <Stage>20</Stage>
      <IsCustomizable>1</IsCustomizable>
      <IsHidden>0</IsHidden>
      <SupportedDeployment>0</SupportedDeployment>
      <IntroducedVersion>1.0</IntroducedVersion>
      <SdkMessageProcessingStepImages />
    </SdkMessageProcessingStep>
    <SdkMessageProcessingStep Name="TC.PowerApps.RD.Plugins.Entities.CompanyNAICS.CompanyNAICS_PreUpdate: Update of cid_companynaicscode" SdkMessageProcessingStepId="{c2857cbe-167b-ed11-81ad-0022483d0343}">
      <SdkMessageId>20bebb1b-ea3e-db11-86a7-000a3a5473e8</SdkMessageId>
      <PluginTypeName>TC.PowerApps.RD.Plugins.Entities.CompanyNAICS.CompanyNAICS_PreUpdate, TC.PowerApps.RD.Plugins, Version=1.0.0.1, Culture=neutral, PublicKeyToken=736f5e6af1bbf14d</PluginTypeName>
      <PluginTypeId>be2bb31f-ed95-4971-a904-22c62a2294a9</PluginTypeId>
      <PrimaryEntity>cid_companynaicscode</PrimaryEntity>
      <AsyncAutoDelete>0</AsyncAutoDelete>
      <Description>TC.PowerApps.RD.Plugins.Entities.CompanyNAICS.CompanyNAICS_PreUpdate: Update of cid_companynaicscode</Description>
      <FilteringAttributes>cid_company,cid_naicscode,statuscode</FilteringAttributes>
      <InvocationSource>1</InvocationSource>
      <Mode>0</Mode>
      <Rank>1</Rank>
      <EventHandlerTypeCode>4602</EventHandlerTypeCode>
      <Stage>20</Stage>
      <IsCustomizable>1</IsCustomizable>
      <IsHidden>0</IsHidden>
      <SupportedDeployment>0</SupportedDeployment>
      <IntroducedVersion>1.0</IntroducedVersion>
      <SdkMessageProcessingStepImages>
        <SdkMessageProcessingStepImage Name="PreImage">
          <SdkMessageProcessingStepImageId>{e8fc72dd-167b-ed11-81ac-0022483e130e}</SdkMessageProcessingStepImageId>
          <Attributes>cid_company,cid_naicscode,statuscode</Attributes>
          <EntityAlias>PreImage</EntityAlias>
          <ImageType>0</ImageType>
          <MessagePropertyName>Target</MessagePropertyName>
          <IsCustomizable>1</IsCustomizable>
        </SdkMessageProcessingStepImage>
      </SdkMessageProcessingStepImages>
    </SdkMessageProcessingStep>
    <SdkMessageProcessingStep Name="TC.PowerApps.RD.Plugins.Entities.Contact.Contact_PreCreate: Create of contact" SdkMessageProcessingStepId="{57559e1b-177b-ed11-81ad-0022483d0343}">
      <SdkMessageId>9ebdbb1b-ea3e-db11-86a7-000a3a5473e8</SdkMessageId>
      <PluginTypeName>TC.PowerApps.RD.Plugins.Entities.Contact.Contact_PreCreate, TC.PowerApps.RD.Plugins, Version=1.0.0.1, Culture=neutral, PublicKeyToken=736f5e6af1bbf14d</PluginTypeName>
      <PluginTypeId>973ceb58-4dfd-402d-9757-7f508b815dd4</PluginTypeId>
      <PrimaryEntity>contact</PrimaryEntity>
      <AsyncAutoDelete>0</AsyncAutoDelete>
      <Description>TC.PowerApps.RD.Plugins.Entities.Contact.Contact_PreCreate: Create of contact</Description>
      <FilteringAttributes></FilteringAttributes>
      <InvocationSource>1</InvocationSource>
      <Mode>0</Mode>
      <Rank>1</Rank>
      <EventHandlerTypeCode>4602</EventHandlerTypeCode>
      <Stage>20</Stage>
      <IsCustomizable>1</IsCustomizable>
      <IsHidden>0</IsHidden>
      <SupportedDeployment>0</SupportedDeployment>
      <IntroducedVersion>1.0</IntroducedVersion>
      <SdkMessageProcessingStepImages />
    </SdkMessageProcessingStep>
    <SdkMessageProcessingStep Name="TC.PowerApps.RD.Plugins.Entities.Contact.Contact_PreCreate_BlockManualCreationInvitationIfCompanyRegistered: Create of contact" SdkMessageProcessingStepId="{37db9629-b882-ed11-81ac-0022483e130e}">
      <SdkMessageId>9ebdbb1b-ea3e-db11-86a7-000a3a5473e8</SdkMessageId>
      <PluginTypeName>TC.PowerApps.RD.Plugins.Entities.Contact.Contact_PreCreate_BlockManualCreationInvitationIfCompanyRegistered, TC.PowerApps.RD.Plugins, Version=1.0.0.1, Culture=neutral, PublicKeyToken=736f5e6af1bbf14d</PluginTypeName>
      <PluginTypeId>0a1294fa-828f-4584-a6ea-5b22aa232bf7</PluginTypeId>
      <PrimaryEntity>contact</PrimaryEntity>
      <AsyncAutoDelete>0</AsyncAutoDelete>
      <Description>TC.PowerApps.RD.Plugins.Entities.Contact.Contact_PreCreate_BlockManualCreationInvitationIfCompanyRegistered: Create of contact</Description>
      <FilteringAttributes></FilteringAttributes>
      <InvocationSource>1</InvocationSource>
      <Mode>0</Mode>
      <Rank>1</Rank>
      <EventHandlerTypeCode>4602</EventHandlerTypeCode>
      <Stage>20</Stage>
      <IsCustomizable>1</IsCustomizable>
      <IsHidden>0</IsHidden>
      <SupportedDeployment>0</SupportedDeployment>
      <IntroducedVersion>1.0</IntroducedVersion>
      <SdkMessageProcessingStepImages />
    </SdkMessageProcessingStep>
    <SdkMessageProcessingStep Name="TC.PowerApps.RD.Plugins.Entities.Contact.Contact_PreUpdate: Update of contact" SdkMessageProcessingStepId="{e368766a-177b-ed11-81ac-0022483e130e}">
      <SdkMessageId>20bebb1b-ea3e-db11-86a7-000a3a5473e8</SdkMessageId>
      <PluginTypeName>TC.PowerApps.RD.Plugins.Entities.Contact.Contact_PreUpdate, TC.PowerApps.RD.Plugins, Version=1.0.0.1, Culture=neutral, PublicKeyToken=736f5e6af1bbf14d</PluginTypeName>
      <PluginTypeId>87774624-c85f-4b53-95f7-c2ccfce88b17</PluginTypeId>
      <PrimaryEntity>contact</PrimaryEntity>
      <AsyncAutoDelete>0</AsyncAutoDelete>
      <Description>TC.PowerApps.RD.Plugins.Entities.Contact.Contact_PreUpdate: Update of contact</Description>
      <FilteringAttributes>parentcustomerid,cid_contacttype,emailaddress1,statuscode</FilteringAttributes>
      <InvocationSource>1</InvocationSource>
      <Mode>0</Mode>
      <Rank>1</Rank>
      <EventHandlerTypeCode>4602</EventHandlerTypeCode>
      <Stage>20</Stage>
      <IsCustomizable>1</IsCustomizable>
      <IsHidden>0</IsHidden>
      <SupportedDeployment>0</SupportedDeployment>
      <IntroducedVersion>1.0</IntroducedVersion>
      <SdkMessageProcessingStepImages>
        <SdkMessageProcessingStepImage Name="PreImage">
          <SdkMessageProcessingStepImageId>{8db3c59f-177b-ed11-81ac-0022483e130e}</SdkMessageProcessingStepImageId>
          <Attributes>parentcustomerid,cid_contacttype,emailaddress1,statuscode</Attributes>
          <EntityAlias>PreImage</EntityAlias>
          <ImageType>0</ImageType>
          <MessagePropertyName>Target</MessagePropertyName>
          <IsCustomizable>1</IsCustomizable>
        </SdkMessageProcessingStepImage>
      </SdkMessageProcessingStepImages>
    </SdkMessageProcessingStep>
    <SdkMessageProcessingStep Name="TC.PowerApps.RD.Plugins.Entities.HistoryLog.HistoryLog_PostCreate_PopulateMemo: Create of cid_historylog" SdkMessageProcessingStepId="{4d779eae-4aa7-ed11-aad0-0022483d0343}">
      <SdkMessageId>9ebdbb1b-ea3e-db11-86a7-000a3a5473e8</SdkMessageId>
      <PluginTypeName>TC.PowerApps.RD.Plugins.Entities.HistoryLog.HistoryLog_PostCreate_PopulateMemo, TC.PowerApps.RD.Plugins, Version=1.0.0.1, Culture=neutral, PublicKeyToken=736f5e6af1bbf14d</PluginTypeName>
      <PluginTypeId>e19ffecb-451c-45b5-bd7e-601bb9825dcd</PluginTypeId>
      <PrimaryEntity>cid_historylog</PrimaryEntity>
      <AsyncAutoDelete>1</AsyncAutoDelete>
      <Description>TC.PowerApps.RD.Plugins.Entities.HistoryLog.HistoryLog_PostCreate_PopulateMemo: Create of cid_historylog</Description>
      <FilteringAttributes></FilteringAttributes>
      <ImpersonatingUserIdName># TDG-CID</ImpersonatingUserIdName>
      <InvocationSource>1</InvocationSource>
      <Mode>1</Mode>
      <Rank>1</Rank>
      <EventHandlerTypeCode>4602</EventHandlerTypeCode>
      <Stage>40</Stage>
      <IsCustomizable>1</IsCustomizable>
      <IsHidden>0</IsHidden>
      <SupportedDeployment>0</SupportedDeployment>
      <IntroducedVersion>1.0</IntroducedVersion>
      <SdkMessageProcessingStepImages />
    </SdkMessageProcessingStep>
    <SdkMessageProcessingStep Name="TC.PowerApps.RD.Plugins.Entities.HistoryLog.HistoryLog_PostCreate_PopulateMemo: Update of cid_historylog" SdkMessageProcessingStepId="{f1852367-24a7-ed11-aad0-0022483d0343}">
      <SdkMessageId>20bebb1b-ea3e-db11-86a7-000a3a5473e8</SdkMessageId>
      <PluginTypeName>TC.PowerApps.RD.Plugins.Entities.HistoryLog.HistoryLog_PostCreate_PopulateMemo, TC.PowerApps.RD.Plugins, Version=1.0.0.1, Culture=neutral, PublicKeyToken=736f5e6af1bbf14d</PluginTypeName>
      <PluginTypeId>e19ffecb-451c-45b5-bd7e-601bb9825dcd</PluginTypeId>
      <PrimaryEntity>cid_historylog</PrimaryEntity>
      <AsyncAutoDelete>1</AsyncAutoDelete>
      <Description>TC.PowerApps.RD.Plugins.Entities.HistoryLog.HistoryLog_PostCreate_PopulateMemo: Update of cid_historylog</Description>
      <FilteringAttributes>cid_reprocesslog</FilteringAttributes>
      <ImpersonatingUserIdName># TDG-CID</ImpersonatingUserIdName>
      <InvocationSource>1</InvocationSource>
      <Mode>1</Mode>
      <Rank>1</Rank>
      <EventHandlerTypeCode>4602</EventHandlerTypeCode>
      <Stage>40</Stage>
      <IsCustomizable>1</IsCustomizable>
      <IsHidden>0</IsHidden>
      <SupportedDeployment>0</SupportedDeployment>
      <IntroducedVersion>1.0</IntroducedVersion>
      <SdkMessageProcessingStepImages />
    </SdkMessageProcessingStep>
    <SdkMessageProcessingStep Name="TC.PowerApps.RD.Plugins.Entities.Operation.Operation_ResetSiteAttestation: Update of ovs_mocregistration" SdkMessageProcessingStepId="{3a8eff2a-187b-ed11-81ac-0022483e130e}">
      <SdkMessageId>20bebb1b-ea3e-db11-86a7-000a3a5473e8</SdkMessageId>
      <PluginTypeName>TC.PowerApps.RD.Plugins.Entities.Operation.Operation_ResetSiteAttestation, TC.PowerApps.RD.Plugins, Version=1.0.0.1, Culture=neutral, PublicKeyToken=736f5e6af1bbf14d</PluginTypeName>
      <PluginTypeId>c09ed256-b54c-490e-bded-e132e31df43f</PluginTypeId>
      <PrimaryEntity>ovs_mocregistration</PrimaryEntity>
      <AsyncAutoDelete>0</AsyncAutoDelete>
      <Description>TC.PowerApps.RD.Plugins.Entities.Operation.Operation_ResetSiteAttestation: Update of ovs_mocregistration</Description>
      <FilteringAttributes>cid_modeoftransportationair,cid_modeoftransportationmarine,cid_modifiedbyregistrant,cid_modeoftransportationrail,cid_modeoftransportationroad,statecode,statuscode</FilteringAttributes>
      <InvocationSource>1</InvocationSource>
      <Mode>0</Mode>
      <Rank>1</Rank>
      <EventHandlerTypeCode>4602</EventHandlerTypeCode>
      <Stage>40</Stage>
      <IsCustomizable>1</IsCustomizable>
      <IsHidden>0</IsHidden>
      <SupportedDeployment>0</SupportedDeployment>
      <IntroducedVersion>1.0</IntroducedVersion>
      <SdkMessageProcessingStepImages />
    </SdkMessageProcessingStep>
    <SdkMessageProcessingStep Name="TC.PowerApps.RD.Plugins.Entities.Site.Account_CompanySite_DuplicateCheck: Create of account" SdkMessageProcessingStepId="{2e640ba3-378b-ed11-81ac-0022483e130e}">
      <SdkMessageId>9ebdbb1b-ea3e-db11-86a7-000a3a5473e8</SdkMessageId>
      <PluginTypeName>TC.PowerApps.RD.Plugins.Entities.Site.Account_CompanySite_DuplicateCheck, TC.PowerApps.RD.Plugins, Version=1.0.0.1, Culture=neutral, PublicKeyToken=736f5e6af1bbf14d</PluginTypeName>
      <PluginTypeId>663bb639-d96d-4e21-85ec-3eb74bc72019</PluginTypeId>
      <PrimaryEntity>account</PrimaryEntity>
      <AsyncAutoDelete>0</AsyncAutoDelete>
      <Description>TC.PowerApps.RD.Plugins.Entities.Site.Account_CompanySite_DuplicateCheck: Create of account</Description>
      <FilteringAttributes></FilteringAttributes>
      <InvocationSource>0</InvocationSource>
      <Mode>0</Mode>
      <Rank>1</Rank>
      <EventHandlerTypeCode>4602</EventHandlerTypeCode>
      <Stage>10</Stage>
      <IsCustomizable>1</IsCustomizable>
      <IsHidden>0</IsHidden>
      <SupportedDeployment>0</SupportedDeployment>
      <IntroducedVersion>1.0</IntroducedVersion>
      <SdkMessageProcessingStepImages />
    </SdkMessageProcessingStep>
    <SdkMessageProcessingStep Name="TC.PowerApps.RD.Plugins.Entities.Site.Account_CompanySite_DuplicateCheck: Update of account" SdkMessageProcessingStepId="{8f95c5ff-3ec0-ed11-83ff-0022483d0343}">
      <SdkMessageId>20bebb1b-ea3e-db11-86a7-000a3a5473e8</SdkMessageId>
      <PluginTypeName>TC.PowerApps.RD.Plugins.Entities.Site.Account_CompanySite_DuplicateCheck, TC.PowerApps.RD.Plugins, Version=1.0.0.1, Culture=neutral, PublicKeyToken=736f5e6af1bbf14d</PluginTypeName>
      <PluginTypeId>663bb639-d96d-4e21-85ec-3eb74bc72019</PluginTypeId>
      <PrimaryEntity>account</PrimaryEntity>
      <AsyncAutoDelete>0</AsyncAutoDelete>
      <Description>TC.PowerApps.RD.Plugins.Entities.Site.Account_CompanySite_DuplicateCheck: Update of account</Description>
      <FilteringAttributes>address1_addresstypecode,address1_latitude,address1_longitude,ovs_lld_meridian,parentaccountid,ovs_lld_province,ovs_lld_quarter,ovs_lld_range,customertypecode,ovs_lld_section,cid_sitename,address1_line1,address1_line2,ovs_lld_township,address1_postalcode</FilteringAttributes>
      <InvocationSource>0</InvocationSource>
      <Mode>0</Mode>
      <Rank>1</Rank>
      <EventHandlerTypeCode>4602</EventHandlerTypeCode>
      <Stage>10</Stage>
      <IsCustomizable>1</IsCustomizable>
      <IsHidden>0</IsHidden>
      <SupportedDeployment>0</SupportedDeployment>
      <IntroducedVersion>1.0</IntroducedVersion>
      <SdkMessageProcessingStepImages>
        <SdkMessageProcessingStepImage Name="PreImage">
          <SdkMessageProcessingStepImageId>{4f02e548-87c0-ed11-83ff-0022483d0343}</SdkMessageProcessingStepImageId>
          <Attributes>ovs_address_type,address1_latitude,address1_longitude,ovs_lld_meridian,parentaccountid,ovs_lld_province,ovs_lld_quarter,ovs_lld_range,customertypecode,ovs_lld_section,cid_sitename,cid_cidsitestatus,address1_stateorprovince,address1_line1,address1_line2,ovs_lld_township,address1_postalcode</Attributes>
          <EntityAlias>PreImage</EntityAlias>
          <ImageType>0</ImageType>
          <MessagePropertyName>Target</MessagePropertyName>
          <IsCustomizable>1</IsCustomizable>
        </SdkMessageProcessingStepImage>
      </SdkMessageProcessingStepImages>
    </SdkMessageProcessingStep>
    <SdkMessageProcessingStep Name="TC.PowerApps.RD.Plugins.Entities.SiteClass.SiteClass_PreCreate: Create of ovs_operationclass" SdkMessageProcessingStepId="{7ffb7676-187b-ed11-81ac-0022483e130e}">
      <SdkMessageId>9ebdbb1b-ea3e-db11-86a7-000a3a5473e8</SdkMessageId>
      <PluginTypeName>TC.PowerApps.RD.Plugins.Entities.SiteClass.SiteClass_PreCreate, TC.PowerApps.RD.Plugins, Version=1.0.0.1, Culture=neutral, PublicKeyToken=736f5e6af1bbf14d</PluginTypeName>
      <PluginTypeId>a5a663ac-d8af-4cbe-92b2-fdcc17c63a39</PluginTypeId>
      <PrimaryEntity>ovs_operationclass</PrimaryEntity>
      <AsyncAutoDelete>0</AsyncAutoDelete>
      <Description>TC.PowerApps.RD.Plugins.Entities.SiteClass.SiteClass_PreCreate: Create of ovs_operationclass</Description>
      <FilteringAttributes></FilteringAttributes>
      <InvocationSource>1</InvocationSource>
      <Mode>0</Mode>
      <Rank>1</Rank>
      <EventHandlerTypeCode>4602</EventHandlerTypeCode>
      <Stage>20</Stage>
      <IsCustomizable>1</IsCustomizable>
      <IsHidden>0</IsHidden>
      <SupportedDeployment>0</SupportedDeployment>
      <IntroducedVersion>1.0</IntroducedVersion>
      <SdkMessageProcessingStepImages />
    </SdkMessageProcessingStep>
    <SdkMessageProcessingStep Name="TC.PowerApps.RD.Plugins.Entities.SiteClass.SiteClass_PreUpdate: Update of ovs_operationclass" SdkMessageProcessingStepId="{342998c3-187b-ed11-81ad-0022483d0343}">
      <SdkMessageId>20bebb1b-ea3e-db11-86a7-000a3a5473e8</SdkMessageId>
      <PluginTypeName>TC.PowerApps.RD.Plugins.Entities.SiteClass.SiteClass_PreUpdate, TC.PowerApps.RD.Plugins, Version=1.0.0.1, Culture=neutral, PublicKeyToken=736f5e6af1bbf14d</PluginTypeName>
      <PluginTypeId>57f4b0f8-c7d9-4feb-aa52-e8e1d755a38c</PluginTypeId>
      <PrimaryEntity>ovs_operationclass</PrimaryEntity>
      <AsyncAutoDelete>0</AsyncAutoDelete>
      <Description>TC.PowerApps.RD.Plugins.Entities.SiteClass.SiteClass_PreUpdate: Update of ovs_operationclass</Description>
      <FilteringAttributes>ovs_class_division,ovs_compatibility_group,ovs_operationclass,statuscode</FilteringAttributes>
      <InvocationSource>1</InvocationSource>
      <Mode>0</Mode>
      <Rank>1</Rank>
      <EventHandlerTypeCode>4602</EventHandlerTypeCode>
      <Stage>20</Stage>
      <IsCustomizable>1</IsCustomizable>
      <IsHidden>0</IsHidden>
      <SupportedDeployment>0</SupportedDeployment>
      <IntroducedVersion>1.0</IntroducedVersion>
      <SdkMessageProcessingStepImages>
        <SdkMessageProcessingStepImage Name="PreImage">
          <SdkMessageProcessingStepImageId>{449c6e1b-197b-ed11-81ad-0022483d0343}</SdkMessageProcessingStepImageId>
          <Attributes>ovs_class_division,ovs_compatibility_group,ovs_operationclass,statuscode</Attributes>
          <EntityAlias>PreImage</EntityAlias>
          <ImageType>0</ImageType>
          <MessagePropertyName>Target</MessagePropertyName>
          <IsCustomizable>1</IsCustomizable>
        </SdkMessageProcessingStepImage>
      </SdkMessageProcessingStepImages>
    </SdkMessageProcessingStep>
    <SdkMessageProcessingStep Name="TC.PowerApps.RD.Plugins.Entities.SiteClass.SiteClass_ResetSiteAttestation: Create of ovs_operationclass" SdkMessageProcessingStepId="{be2e398b-197b-ed11-81ac-0022483e130e}">
      <SdkMessageId>9ebdbb1b-ea3e-db11-86a7-000a3a5473e8</SdkMessageId>
      <PluginTypeName>TC.PowerApps.RD.Plugins.Entities.SiteClass.SiteClass_ResetSiteAttestation, TC.PowerApps.RD.Plugins, Version=1.0.0.1, Culture=neutral, PublicKeyToken=736f5e6af1bbf14d</PluginTypeName>
      <PluginTypeId>e259bc1d-88ab-456d-b8e3-f5f3dd11e08c</PluginTypeId>
      <PrimaryEntity>ovs_operationclass</PrimaryEntity>
      <AsyncAutoDelete>0</AsyncAutoDelete>
      <Description>TC.PowerApps.RD.Plugins.Entities.SiteClass.SiteClass_ResetSiteAttestation: Create of ovs_operationclass</Description>
      <FilteringAttributes></FilteringAttributes>
      <InvocationSource>1</InvocationSource>
      <Mode>0</Mode>
      <Rank>1</Rank>
      <EventHandlerTypeCode>4602</EventHandlerTypeCode>
      <Stage>40</Stage>
      <IsCustomizable>1</IsCustomizable>
      <IsHidden>0</IsHidden>
      <SupportedDeployment>0</SupportedDeployment>
      <IntroducedVersion>1.0</IntroducedVersion>
      <SdkMessageProcessingStepImages />
    </SdkMessageProcessingStep>
    <SdkMessageProcessingStep Name="TC.PowerApps.RD.Plugins.Entities.SiteClass.SiteClass_ResetSiteAttestation: Update of ovs_operationclass" SdkMessageProcessingStepId="{4ce41cd9-197b-ed11-81ac-0022483e130e}">
      <SdkMessageId>20bebb1b-ea3e-db11-86a7-000a3a5473e8</SdkMessageId>
      <PluginTypeName>TC.PowerApps.RD.Plugins.Entities.SiteClass.SiteClass_ResetSiteAttestation, TC.PowerApps.RD.Plugins, Version=1.0.0.1, Culture=neutral, PublicKeyToken=736f5e6af1bbf14d</PluginTypeName>
      <PluginTypeId>e259bc1d-88ab-456d-b8e3-f5f3dd11e08c</PluginTypeId>
      <PrimaryEntity>ovs_operationclass</PrimaryEntity>
      <AsyncAutoDelete>0</AsyncAutoDelete>
      <Description>TC.PowerApps.RD.Plugins.Entities.SiteClass.SiteClass_ResetSiteAttestation: Update of ovs_operationclass</Description>
      <FilteringAttributes>cid_createdbyregistrant,cid_modifiedbyregistrant,statecode,statuscode</FilteringAttributes>
      <InvocationSource>1</InvocationSource>
      <Mode>0</Mode>
      <Rank>1</Rank>
      <EventHandlerTypeCode>4602</EventHandlerTypeCode>
      <Stage>40</Stage>
      <IsCustomizable>1</IsCustomizable>
      <IsHidden>0</IsHidden>
      <SupportedDeployment>0</SupportedDeployment>
      <IntroducedVersion>1.0</IntroducedVersion>
      <SdkMessageProcessingStepImages />
    </SdkMessageProcessingStep>
  </SdkMessageProcessingSteps>
  <EntityDataProviders />
  <Languages>
    <Language>1033</Language>
    <Language>1036</Language>
  </Languages>
</ImportExportXml>