<ImportExportXml version="9.2.22055.172" SolutionPackageVersion="9.2" languagecode="1033" generatedBy="CrmLive" xmlns:xsi="http://www.w3.org/2001/XMLSchema-instance">
  <SolutionManifest>
    <UniqueName>RD_CID_Plugins</UniqueName>
    <LocalizedNames>
      <LocalizedName description="RD.CID.Plugins" languagecode="1033" />
    </LocalizedNames>
    <Descriptions />
    <Version>1.2.0.20</Version>
    <Managed>1</Managed>
    <Publisher>
      <UniqueName>transportationofdangerousgoods</UniqueName>
      <LocalizedNames>
        <LocalizedName description="Transportation of Dangerous Goods" languagecode="1033" />
      </LocalizedNames>
      <Descriptions />
      <EMailAddress xsi:nil="true"></EMailAddress>
      <SupportingWebsiteUrl xsi:nil="true"></SupportingWebsiteUrl>
      <CustomizationPrefix>tdg</CustomizationPrefix>
      <CustomizationOptionValuePrefix>75077</CustomizationOptionValuePrefix>
      <Addresses>
        <Address>
          <AddressNumber>1</AddressNumber>
          <AddressTypeCode>1</AddressTypeCode>
          <City xsi:nil="true"></City>
          <County xsi:nil="true"></County>
          <Country xsi:nil="true"></Country>
          <Fax xsi:nil="true"></Fax>
          <FreightTermsCode xsi:nil="true"></FreightTermsCode>
          <ImportSequenceNumber xsi:nil="true"></ImportSequenceNumber>
          <Latitude xsi:nil="true"></Latitude>
          <Line1 xsi:nil="true"></Line1>
          <Line2 xsi:nil="true"></Line2>
          <Line3 xsi:nil="true"></Line3>
          <Longitude xsi:nil="true"></Longitude>
          <Name xsi:nil="true"></Name>
          <PostalCode xsi:nil="true"></PostalCode>
          <PostOfficeBox xsi:nil="true"></PostOfficeBox>
          <PrimaryContactName xsi:nil="true"></PrimaryContactName>
          <ShippingMethodCode>1</ShippingMethodCode>
          <StateOrProvince xsi:nil="true"></StateOrProvince>
          <Telephone1 xsi:nil="true"></Telephone1>
          <Telephone2 xsi:nil="true"></Telephone2>
          <Telephone3 xsi:nil="true"></Telephone3>
          <TimeZoneRuleVersionNumber xsi:nil="true"></TimeZoneRuleVersionNumber>
          <UPSZone xsi:nil="true"></UPSZone>
          <UTCOffset xsi:nil="true"></UTCOffset>
          <UTCConversionTimeZoneCode xsi:nil="true"></UTCConversionTimeZoneCode>
        </Address>
        <Address>
          <AddressNumber>2</AddressNumber>
          <AddressTypeCode>1</AddressTypeCode>
          <City xsi:nil="true"></City>
          <County xsi:nil="true"></County>
          <Country xsi:nil="true"></Country>
          <Fax xsi:nil="true"></Fax>
          <FreightTermsCode xsi:nil="true"></FreightTermsCode>
          <ImportSequenceNumber xsi:nil="true"></ImportSequenceNumber>
          <Latitude xsi:nil="true"></Latitude>
          <Line1 xsi:nil="true"></Line1>
          <Line2 xsi:nil="true"></Line2>
          <Line3 xsi:nil="true"></Line3>
          <Longitude xsi:nil="true"></Longitude>
          <Name xsi:nil="true"></Name>
          <PostalCode xsi:nil="true"></PostalCode>
          <PostOfficeBox xsi:nil="true"></PostOfficeBox>
          <PrimaryContactName xsi:nil="true"></PrimaryContactName>
          <ShippingMethodCode>1</ShippingMethodCode>
          <StateOrProvince xsi:nil="true"></StateOrProvince>
          <Telephone1 xsi:nil="true"></Telephone1>
          <Telephone2 xsi:nil="true"></Telephone2>
          <Telephone3 xsi:nil="true"></Telephone3>
          <TimeZoneRuleVersionNumber xsi:nil="true"></TimeZoneRuleVersionNumber>
          <UPSZone xsi:nil="true"></UPSZone>
          <UTCOffset xsi:nil="true"></UTCOffset>
          <UTCConversionTimeZoneCode xsi:nil="true"></UTCConversionTimeZoneCode>
        </Address>
      </Addresses>
    </Publisher>
    <RootComponents>
      <RootComponent type="91" id="{13a145ac-7880-4f9f-a649-b67d1c3b929d}" schemaName="TC.PowerApps.RD.Plugins, Version=1.0.0.0, Culture=neutral, PublicKeyToken=736f5e6af1bbf14d" behavior="0" />
      <RootComponent type="92" id="{61af8789-cfb3-ec11-983e-002248add3fe}" behavior="0" />
      <RootComponent type="92" id="{6d6bcc74-cfb3-ec11-983e-002248add3fe}" behavior="0" />
      <RootComponent type="92" id="{aac44156-efb1-ec11-983e-000d3a84adbc}" behavior="0" />
      <RootComponent type="92" id="{b7134a4a-efb1-ec11-983e-000d3a84adbc}" behavior="0" />
      <RootComponent type="92" id="{dfd464ab-dcb3-ec11-983e-002248add3fe}" behavior="0" />
      <RootComponent type="92" id="{fa1a5213-b0b1-ec11-983e-000d3a84adbc}" behavior="0" />
      <RootComponent type="92" id="{fac5cb3f-dcb3-ec11-983e-002248add3fe}" behavior="0" />
    </RootComponents>
    <MissingDependencies>
      <MissingDependency>
        <Required type="1" schemaName="cid_companyerap" displayName="Company ERAP" solution="Active" />
        <Dependent type="92" displayName="TC.PowerApps.RD.Plugins.Entities.CompanyERAP.CompanyERAP_PreUpdate: Update of cid_companyerap" id="{61af8789-cfb3-ec11-983e-002248add3fe}" />
      </MissingDependency>
      <MissingDependency>
        <Required type="1" schemaName="cid_companyerap" displayName="Company ERAP" solution="Active" />
        <Dependent type="92" displayName="TC.PowerApps.RD.Plugins.Entities.CompanyERAP.CompanyERAP_PreCreate: Create of cid_companyerap" id="{6d6bcc74-cfb3-ec11-983e-002248add3fe}" />
      </MissingDependency>
      <MissingDependency>
        <Required type="1" schemaName="cid_companyerap" displayName="Company ERAP" solution="Active" />
        <Dependent type="93" id="{74ab18b4-cfb3-ec11-983e-002248add3fe}" />
      </MissingDependency>
      <MissingDependency>
        <Required type="1" schemaName="cid_companynaicscode" displayName="Company NAICS Code" solution="Active" />
        <Dependent type="92" displayName="TC.PowerApps.RD.Plugins.Entities.CompanyNAICS.CompanyNAICS_PreUpdate: Update of cid_companynaicscode" id="{aac44156-efb1-ec11-983e-000d3a84adbc}" />
      </MissingDependency>
      <MissingDependency>
        <Required type="1" schemaName="cid_companynaicscode" displayName="Company NAICS Code" solution="Active" />
        <Dependent type="92" displayName="TC.PowerApps.RD.Plugins.Entities.CompanyNAICS.CompanyNAICS_PreCreate: Create of cid_companynaicscode" id="{b7134a4a-efb1-ec11-983e-000d3a84adbc}" />
      </MissingDependency>
      <MissingDependency>
        <Required type="1" schemaName="cid_companynaicscode" displayName="Company NAICS Code" solution="Active" />
        <Dependent type="93" id="{54e33198-efb1-ec11-983e-000d3a84adbc}" />
      </MissingDependency>
      <MissingDependency>
        <Required type="2" schemaName="cid_company" displayName="Company" parentSchemaName="cid_companyerap" parentDisplayName="Company ERAP" solution="Active" />
        <Dependent type="92" displayName="TC.PowerApps.RD.Plugins.Entities.CompanyERAP.CompanyERAP_PreUpdate: Update of cid_companyerap" id="{61af8789-cfb3-ec11-983e-002248add3fe}" />
      </MissingDependency>
      <MissingDependency>
        <Required type="2" schemaName="cid_company" displayName="Company" parentSchemaName="cid_companyerap" parentDisplayName="Company ERAP" solution="Active" />
        <Dependent type="93" id="{74ab18b4-cfb3-ec11-983e-002248add3fe}" />
      </MissingDependency>
      <MissingDependency>
        <Required type="2" schemaName="cid_erapid" displayName="ERAP ID" parentSchemaName="cid_companyerap" parentDisplayName="Company ERAP" solution="Active" />
        <Dependent type="92" displayName="TC.PowerApps.RD.Plugins.Entities.CompanyERAP.CompanyERAP_PreUpdate: Update of cid_companyerap" id="{61af8789-cfb3-ec11-983e-002248add3fe}" />
      </MissingDependency>
      <MissingDependency>
        <Required type="2" schemaName="cid_erapid" displayName="ERAP ID" parentSchemaName="cid_companyerap" parentDisplayName="Company ERAP" solution="Active" />
        <Dependent type="93" id="{74ab18b4-cfb3-ec11-983e-002248add3fe}" />
      </MissingDependency>
      <MissingDependency>
        <Required type="2" schemaName="statuscode" displayName="Status Reason" parentSchemaName="cid_companyerap" parentDisplayName="Company ERAP" solution="Active" />
        <Dependent type="92" displayName="TC.PowerApps.RD.Plugins.Entities.CompanyERAP.CompanyERAP_PreUpdate: Update of cid_companyerap" id="{61af8789-cfb3-ec11-983e-002248add3fe}" />
      </MissingDependency>
      <MissingDependency>
        <Required type="2" schemaName="statuscode" displayName="Status Reason" parentSchemaName="cid_companyerap" parentDisplayName="Company ERAP" solution="Active" />
        <Dependent type="93" id="{74ab18b4-cfb3-ec11-983e-002248add3fe}" />
      </MissingDependency>
      <MissingDependency>
        <Required type="2" schemaName="cid_company" displayName="Company" parentSchemaName="cid_companynaicscode" parentDisplayName="Company NAICS Code" solution="Active" />
        <Dependent type="92" displayName="TC.PowerApps.RD.Plugins.Entities.CompanyNAICS.CompanyNAICS_PreUpdate: Update of cid_companynaicscode" id="{aac44156-efb1-ec11-983e-000d3a84adbc}" />
      </MissingDependency>
      <MissingDependency>
        <Required type="2" schemaName="cid_company" displayName="Company" parentSchemaName="cid_companynaicscode" parentDisplayName="Company NAICS Code" solution="Active" />
        <Dependent type="93" id="{54e33198-efb1-ec11-983e-000d3a84adbc}" />
      </MissingDependency>
      <MissingDependency>
        <Required type="2" schemaName="cid_naicscode" displayName="NAICS Code" parentSchemaName="cid_companynaicscode" parentDisplayName="Company NAICS Code" solution="Active" />
        <Dependent type="92" displayName="TC.PowerApps.RD.Plugins.Entities.CompanyNAICS.CompanyNAICS_PreUpdate: Update of cid_companynaicscode" id="{aac44156-efb1-ec11-983e-000d3a84adbc}" />
      </MissingDependency>
      <MissingDependency>
        <Required type="2" schemaName="cid_naicscode" displayName="NAICS Code" parentSchemaName="cid_companynaicscode" parentDisplayName="Company NAICS Code" solution="Active" />
        <Dependent type="93" id="{54e33198-efb1-ec11-983e-000d3a84adbc}" />
      </MissingDependency>
      <MissingDependency>
        <Required type="2" schemaName="statuscode" displayName="Status Reason" parentSchemaName="cid_companynaicscode" parentDisplayName="Company NAICS Code" solution="Active" />
        <Dependent type="92" displayName="TC.PowerApps.RD.Plugins.Entities.CompanyNAICS.CompanyNAICS_PreUpdate: Update of cid_companynaicscode" id="{aac44156-efb1-ec11-983e-000d3a84adbc}" />
      </MissingDependency>
      <MissingDependency>
        <Required type="2" schemaName="statuscode" displayName="Status Reason" parentSchemaName="cid_companynaicscode" parentDisplayName="Company NAICS Code" solution="Active" />
        <Dependent type="93" id="{54e33198-efb1-ec11-983e-000d3a84adbc}" />
      </MissingDependency>
      <MissingDependency>
        <Required type="2" schemaName="cid_contacttype" displayName="Contact Type" parentSchemaName="contact" parentDisplayName="Contact" solution="Active" />
        <Dependent type="92" displayName="TC.PowerApps.RD.Plugins.Entities.Contact.Contact_PreUpdate: Update of contact" id="{dfd464ab-dcb3-ec11-983e-002248add3fe}" />
      </MissingDependency>
      <MissingDependency>
        <Required type="2" schemaName="cid_contacttype" displayName="Contact Type" parentSchemaName="contact" parentDisplayName="Contact" solution="Active" />
        <Dependent type="93" id="{886f95cb-dcb3-ec11-983e-002248add3fe}" />
      </MissingDependency>
    </MissingDependencies>
  </SolutionManifest>
</ImportExportXml>