<ImportExportXml version="9.2.22103.172" SolutionPackageVersion="9.2" languagecode="1033" generatedBy="CrmLive" xmlns:xsi="http://www.w3.org/2001/XMLSchema-instance">
  <SolutionManifest>
    <UniqueName>RD_CID_Plugins</UniqueName>
    <LocalizedNames>
      <LocalizedName description="RD.CID.Plugins" languagecode="1033" />
    </LocalizedNames>
    <Descriptions />
    <Version>1.2.0.26</Version>
    <Managed>1</Managed>
    <Publisher>
      <UniqueName>transportationofdangerousgoods</UniqueName>
      <LocalizedNames>
        <LocalizedName description="Transportation of Dangerous Goods" languagecode="1033" />
      </LocalizedNames>
      <Descriptions />
      <EMailAddress xsi:nil="true"></EMailAddress>
      <SupportingWebsiteUrl xsi:nil="true"></SupportingWebsiteUrl>
      <CustomizationPrefix>tdg</CustomizationPrefix>
      <CustomizationOptionValuePrefix>75077</CustomizationOptionValuePrefix>
      <Addresses>
        <Address>
          <AddressNumber>1</AddressNumber>
          <AddressTypeCode>1</AddressTypeCode>
          <City xsi:nil="true"></City>
          <County xsi:nil="true"></County>
          <Country xsi:nil="true"></Country>
          <Fax xsi:nil="true"></Fax>
          <FreightTermsCode xsi:nil="true"></FreightTermsCode>
          <ImportSequenceNumber xsi:nil="true"></ImportSequenceNumber>
          <Latitude xsi:nil="true"></Latitude>
          <Line1 xsi:nil="true"></Line1>
          <Line2 xsi:nil="true"></Line2>
          <Line3 xsi:nil="true"></Line3>
          <Longitude xsi:nil="true"></Longitude>
          <Name xsi:nil="true"></Name>
          <PostalCode xsi:nil="true"></PostalCode>
          <PostOfficeBox xsi:nil="true"></PostOfficeBox>
          <PrimaryContactName xsi:nil="true"></PrimaryContactName>
          <ShippingMethodCode>1</ShippingMethodCode>
          <StateOrProvince xsi:nil="true"></StateOrProvince>
          <Telephone1 xsi:nil="true"></Telephone1>
          <Telephone2 xsi:nil="true"></Telephone2>
          <Telephone3 xsi:nil="true"></Telephone3>
          <TimeZoneRuleVersionNumber xsi:nil="true"></TimeZoneRuleVersionNumber>
          <UPSZone xsi:nil="true"></UPSZone>
          <UTCOffset xsi:nil="true"></UTCOffset>
          <UTCConversionTimeZoneCode xsi:nil="true"></UTCConversionTimeZoneCode>
        </Address>
        <Address>
          <AddressNumber>2</AddressNumber>
          <AddressTypeCode>1</AddressTypeCode>
          <City xsi:nil="true"></City>
          <County xsi:nil="true"></County>
          <Country xsi:nil="true"></Country>
          <Fax xsi:nil="true"></Fax>
          <FreightTermsCode xsi:nil="true"></FreightTermsCode>
          <ImportSequenceNumber xsi:nil="true"></ImportSequenceNumber>
          <Latitude xsi:nil="true"></Latitude>
          <Line1 xsi:nil="true"></Line1>
          <Line2 xsi:nil="true"></Line2>
          <Line3 xsi:nil="true"></Line3>
          <Longitude xsi:nil="true"></Longitude>
          <Name xsi:nil="true"></Name>
          <PostalCode xsi:nil="true"></PostalCode>
          <PostOfficeBox xsi:nil="true"></PostOfficeBox>
          <PrimaryContactName xsi:nil="true"></PrimaryContactName>
          <ShippingMethodCode>1</ShippingMethodCode>
          <StateOrProvince xsi:nil="true"></StateOrProvince>
          <Telephone1 xsi:nil="true"></Telephone1>
          <Telephone2 xsi:nil="true"></Telephone2>
          <Telephone3 xsi:nil="true"></Telephone3>
          <TimeZoneRuleVersionNumber xsi:nil="true"></TimeZoneRuleVersionNumber>
          <UPSZone xsi:nil="true"></UPSZone>
          <UTCOffset xsi:nil="true"></UTCOffset>
          <UTCConversionTimeZoneCode xsi:nil="true"></UTCConversionTimeZoneCode>
        </Address>
      </Addresses>
    </Publisher>
    <RootComponents>
      <RootComponent type="91" id="{13a145ac-7880-4f9f-a649-b67d1c3b929d}" schemaName="TC.PowerApps.RD.Plugins, Version=1.0.0.0, Culture=neutral, PublicKeyToken=736f5e6af1bbf14d" behavior="0" />
      <RootComponent type="92" id="{0741e091-21ed-ec11-bb3c-000d3a8483f6}" behavior="0" />
      <RootComponent type="92" id="{23ee7570-99de-ec11-bb3d-000d3a848097}" behavior="0" />
      <RootComponent type="92" id="{25a64c8a-e8eb-ec11-bb3c-000d3a848097}" behavior="0" />
      <RootComponent type="92" id="{27bac2d1-e8eb-ec11-bb3c-000d3a848097}" behavior="0" />
      <RootComponent type="92" id="{30830531-b0de-ec11-bb3d-000d3a8483f6}" behavior="0" />
      <RootComponent type="92" id="{3716a166-e8eb-ec11-bb3c-000d3a848097}" behavior="0" />
      <RootComponent type="92" id="{3dccfddf-e8eb-ec11-bb3c-000d3a848097}" behavior="0" />
      <RootComponent type="92" id="{4d7bbfa3-21ed-ec11-bb3c-000d3a8483f6}" behavior="0" />
      <RootComponent type="92" id="{4da2554e-99de-ec11-bb3d-000d3a848097}" behavior="0" />
      <RootComponent type="92" id="{5dbba741-94eb-ec11-bb3c-000d3a848097}" behavior="0" />
      <RootComponent type="92" id="{5f3ab1db-99de-ec11-bb3d-000d3a848097}" behavior="0" />
      <RootComponent type="92" id="{61af8789-cfb3-ec11-983e-002248add3fe}" behavior="0" />
      <RootComponent type="92" id="{6d6bcc74-cfb3-ec11-983e-002248add3fe}" behavior="0" />
      <RootComponent type="92" id="{75867c31-94eb-ec11-bb3c-000d3a848097}" behavior="0" />
      <RootComponent type="92" id="{76512ac3-85e8-ec11-bb3c-000d3a8483f6}" behavior="0" />
      <RootComponent type="92" id="{a724446e-e8eb-ec11-bb3c-000d3a848097}" behavior="0" />
      <RootComponent type="92" id="{aac44156-efb1-ec11-983e-000d3a84adbc}" behavior="0" />
      <RootComponent type="92" id="{b7134a4a-efb1-ec11-983e-000d3a84adbc}" behavior="0" />
      <RootComponent type="92" id="{b7c4377b-d3ea-ec11-bb3c-000d3a848097}" behavior="0" />
      <RootComponent type="92" id="{b874bf97-e8eb-ec11-bb3c-000d3a848097}" behavior="0" />
      <RootComponent type="92" id="{de0d4e41-99de-ec11-bb3d-000d3a848097}" behavior="0" />
      <RootComponent type="92" id="{dfd464ab-dcb3-ec11-983e-002248add3fe}" behavior="0" />
      <RootComponent type="92" id="{fa1a5213-b0b1-ec11-983e-000d3a84adbc}" behavior="0" />
      <RootComponent type="92" id="{fac5cb3f-dcb3-ec11-983e-002248add3fe}" behavior="0" />
    </RootComponents>
    <MissingDependencies>
      <MissingDependency>
        <Required type="1" schemaName="cid_companyerap" displayName="Company ERAP" solution="Active" />
        <Dependent type="92" displayName="TC.PowerApps.RD.Plugins.Entities.Common.ConcatenateCreateAndModifyFields: Create of cid_companyerap" id="{25a64c8a-e8eb-ec11-bb3c-000d3a848097}" />
      </MissingDependency>
      <MissingDependency>
        <Required type="1" schemaName="cid_companyerap" displayName="Company ERAP" solution="Active" />
        <Dependent type="92" displayName="TC.PowerApps.RD.Plugins.Entities.CompanyERAP.CompanyERAP_PreUpdate: Update of cid_companyerap" id="{61af8789-cfb3-ec11-983e-002248add3fe}" />
      </MissingDependency>
      <MissingDependency>
        <Required type="1" schemaName="cid_companyerap" displayName="Company ERAP" solution="Active" />
        <Dependent type="92" displayName="TC.PowerApps.RD.Plugins.Entities.CompanyERAP.CompanyERAP_PreCreate: Create of cid_companyerap" id="{6d6bcc74-cfb3-ec11-983e-002248add3fe}" />
      </MissingDependency>
      <MissingDependency>
        <Required type="1" schemaName="cid_companyerap" displayName="Company ERAP" solution="Active" />
        <Dependent type="92" displayName="TC.PowerApps.RD.Plugins.Entities.Common.ConcatenateCreateAndModifyFields: Update of cid_companyerap" id="{b874bf97-e8eb-ec11-bb3c-000d3a848097}" />
      </MissingDependency>
      <MissingDependency>
        <Required type="1" schemaName="cid_companyerap" displayName="Company ERAP" solution="Active" />
        <Dependent type="93" id="{74ab18b4-cfb3-ec11-983e-002248add3fe}" />
      </MissingDependency>
      <MissingDependency>
        <Required type="1" schemaName="cid_companynaicscode" displayName="Company NAICS Code" solution="Active" />
        <Dependent type="92" displayName="TC.PowerApps.RD.Plugins.Entities.Common.ConcatenateCreateAndModifyFields: Create of cid_companynaicscode" id="{3716a166-e8eb-ec11-bb3c-000d3a848097}" />
      </MissingDependency>
      <MissingDependency>
        <Required type="1" schemaName="cid_companynaicscode" displayName="Company NAICS Code" solution="Active" />
        <Dependent type="92" displayName="TC.PowerApps.RD.Plugins.Entities.Common.ConcatenateCreateAndModifyFields: Update of cid_companynaicscode" id="{a724446e-e8eb-ec11-bb3c-000d3a848097}" />
      </MissingDependency>
      <MissingDependency>
        <Required type="1" schemaName="cid_companynaicscode" displayName="Company NAICS Code" solution="Active" />
        <Dependent type="92" displayName="TC.PowerApps.RD.Plugins.Entities.CompanyNAICS.CompanyNAICS_PreUpdate: Update of cid_companynaicscode" id="{aac44156-efb1-ec11-983e-000d3a84adbc}" />
      </MissingDependency>
      <MissingDependency>
        <Required type="1" schemaName="cid_companynaicscode" displayName="Company NAICS Code" solution="Active" />
        <Dependent type="92" displayName="TC.PowerApps.RD.Plugins.Entities.CompanyNAICS.CompanyNAICS_PreCreate: Create of cid_companynaicscode" id="{b7134a4a-efb1-ec11-983e-000d3a84adbc}" />
      </MissingDependency>
      <MissingDependency>
        <Required type="1" schemaName="cid_companynaicscode" displayName="Company NAICS Code" solution="Active" />
        <Dependent type="93" id="{54e33198-efb1-ec11-983e-000d3a84adbc}" />
      </MissingDependency>
      <MissingDependency>
        <Required type="1" schemaName="ovs_operationclass" displayName="Operation Class" solution="Active" />
        <Dependent type="92" displayName="TC.PowerApps.RD.Plugins.Entities.SiteClass.SiteClass_PreUpdate: Update of ovs_operationclass" id="{23ee7570-99de-ec11-bb3d-000d3a848097}" />
      </MissingDependency>
      <MissingDependency>
        <Required type="1" schemaName="ovs_operationclass" displayName="Operation Class" solution="Active" />
        <Dependent type="92" displayName="TC.PowerApps.RD.Plugins.Entities.Common.ConcatenateCreateAndModifyFields: Create of ovs_operationclass" id="{27bac2d1-e8eb-ec11-bb3c-000d3a848097}" />
      </MissingDependency>
      <MissingDependency>
        <Required type="1" schemaName="ovs_operationclass" displayName="Operation Class" solution="Active" />
        <Dependent type="92" displayName="TC.PowerApps.RD.Plugins.Entities.Common.ConcatenateCreateAndModifyFields: Update of ovs_operationclass" id="{3dccfddf-e8eb-ec11-bb3c-000d3a848097}" />
      </MissingDependency>
      <MissingDependency>
        <Required type="1" schemaName="ovs_operationclass" displayName="Operation Class" solution="Active" />
        <Dependent type="92" displayName="TC.PowerApps.RD.Plugins.Entities.SiteClass.SiteClass_PreCreate: Create of ovs_operationclass" id="{de0d4e41-99de-ec11-bb3d-000d3a848097}" />
      </MissingDependency>
      <MissingDependency>
        <Required type="1" schemaName="ovs_operationclass" displayName="Operation Class" solution="Active" />
        <Dependent type="93" id="{0d94b587-99de-ec11-bb3d-000d3a848097}" />
      </MissingDependency>
      <MissingDependency>
        <Required type="1" schemaName="ovs_operationunnumber" displayName="Operation UN Number" solution="Active" />
        <Dependent type="92" displayName="TC.PowerApps.RD.Plugins.Entities.Common.ConcatenateCreateAndModifyFields: Create of ovs_operationunnumber" id="{0741e091-21ed-ec11-bb3c-000d3a8483f6}" />
      </MissingDependency>
      <MissingDependency>
        <Required type="1" schemaName="ovs_operationunnumber" displayName="Operation UN Number" solution="Active" />
        <Dependent type="92" displayName="TC.PowerApps.RD.Plugins.Entities.Common.ConcatenateCreateAndModifyFields: Update of ovs_operationunnumber" id="{4d7bbfa3-21ed-ec11-bb3c-000d3a8483f6}" />
      </MissingDependency>
      <MissingDependency>
        <Required type="1" schemaName="ovs_operationunnumber" displayName="Operation UN Number" solution="Active" />
        <Dependent type="92" displayName="TC.PowerApps.RD.Plugins.Entities.SiteUNNumber.SiteUNNumber_PreCreate: Create of ovs_operationunnumber" id="{4da2554e-99de-ec11-bb3d-000d3a848097}" />
      </MissingDependency>
      <MissingDependency>
        <Required type="1" schemaName="ovs_operationunnumber" displayName="Operation UN Number" solution="Active" />
        <Dependent type="92" displayName="TC.PowerApps.RD.Plugins.Entities.SiteUNNumber.SiteUNNumber_PreUpdate: Update of ovs_operationunnumber" id="{5f3ab1db-99de-ec11-bb3d-000d3a848097}" />
      </MissingDependency>
      <MissingDependency>
        <Required type="1" schemaName="ovs_operationunnumber" displayName="Operation UN Number" solution="Active" />
        <Dependent type="93" id="{bf8144ea-99de-ec11-bb3d-000d3a848097}" />
      </MissingDependency>
      <MissingDependency>
        <Required type="2" schemaName="cid_modifiedbyregistrant" displayName="Modified By" parentSchemaName="account" parentDisplayName="Account" solution="Active" />
        <Dependent type="92" displayName="TC.PowerApps.RD.Plugins.Entities.Common.ConcatenateCreateAndModifyFields: Update of account" id="{76512ac3-85e8-ec11-bb3c-000d3a8483f6}" />
      </MissingDependency>
      <MissingDependency>
        <Required type="2" schemaName="cid_requirementlevel" displayName="Basic / Extended" parentSchemaName="account" parentDisplayName="Account" solution="Active" />
        <Dependent type="92" displayName="TC.PowerApps.RD.Plugins.Entities.Account.Account_SiteType_Update: Update of account" id="{30830531-b0de-ec11-bb3d-000d3a8483f6}" />
      </MissingDependency>
      <MissingDependency>
        <Required type="2" schemaName="cid_company" displayName="Company" parentSchemaName="cid_companyerap" parentDisplayName="Company ERAP" solution="Active" />
        <Dependent type="92" displayName="TC.PowerApps.RD.Plugins.Entities.CompanyERAP.CompanyERAP_PreUpdate: Update of cid_companyerap" id="{61af8789-cfb3-ec11-983e-002248add3fe}" />
      </MissingDependency>
      <MissingDependency>
        <Required type="2" schemaName="cid_company" displayName="Company" parentSchemaName="cid_companyerap" parentDisplayName="Company ERAP" solution="Active" />
        <Dependent type="93" id="{74ab18b4-cfb3-ec11-983e-002248add3fe}" />
      </MissingDependency>
      <MissingDependency>
        <Required type="2" schemaName="cid_erapid" displayName="ERAP ID" parentSchemaName="cid_companyerap" parentDisplayName="Company ERAP" solution="Active" />
        <Dependent type="92" displayName="TC.PowerApps.RD.Plugins.Entities.CompanyERAP.CompanyERAP_PreUpdate: Update of cid_companyerap" id="{61af8789-cfb3-ec11-983e-002248add3fe}" />
      </MissingDependency>
      <MissingDependency>
        <Required type="2" schemaName="cid_erapid" displayName="ERAP ID" parentSchemaName="cid_companyerap" parentDisplayName="Company ERAP" solution="Active" />
        <Dependent type="93" id="{74ab18b4-cfb3-ec11-983e-002248add3fe}" />
      </MissingDependency>
      <MissingDependency>
        <Required type="2" schemaName="cid_modifiedbyregistrant" displayName="Modified By" parentSchemaName="cid_companyerap" parentDisplayName="Company ERAP" solution="Active" />
        <Dependent type="92" displayName="TC.PowerApps.RD.Plugins.Entities.Common.ConcatenateCreateAndModifyFields: Update of cid_companyerap" id="{b874bf97-e8eb-ec11-bb3c-000d3a848097}" />
      </MissingDependency>
      <MissingDependency>
        <Required type="2" schemaName="statuscode" displayName="Status Reason" parentSchemaName="cid_companyerap" parentDisplayName="Company ERAP" solution="Active" />
        <Dependent type="92" displayName="TC.PowerApps.RD.Plugins.Entities.CompanyERAP.CompanyERAP_PreUpdate: Update of cid_companyerap" id="{61af8789-cfb3-ec11-983e-002248add3fe}" />
      </MissingDependency>
      <MissingDependency>
        <Required type="2" schemaName="statuscode" displayName="Status Reason" parentSchemaName="cid_companyerap" parentDisplayName="Company ERAP" solution="Active" />
        <Dependent type="93" id="{74ab18b4-cfb3-ec11-983e-002248add3fe}" />
      </MissingDependency>
      <MissingDependency>
        <Required type="2" schemaName="cid_company" displayName="Company" parentSchemaName="cid_companynaicscode" parentDisplayName="Company NAICS Code" solution="Active" />
        <Dependent type="92" displayName="TC.PowerApps.RD.Plugins.Entities.CompanyNAICS.CompanyNAICS_PreUpdate: Update of cid_companynaicscode" id="{aac44156-efb1-ec11-983e-000d3a84adbc}" />
      </MissingDependency>
      <MissingDependency>
        <Required type="2" schemaName="cid_company" displayName="Company" parentSchemaName="cid_companynaicscode" parentDisplayName="Company NAICS Code" solution="Active" />
        <Dependent type="93" id="{54e33198-efb1-ec11-983e-000d3a84adbc}" />
      </MissingDependency>
      <MissingDependency>
        <Required type="2" schemaName="cid_modifiedbyregistrant" displayName="Modified By" parentSchemaName="cid_companynaicscode" parentDisplayName="Company NAICS Code" solution="Active" />
        <Dependent type="92" displayName="TC.PowerApps.RD.Plugins.Entities.Common.ConcatenateCreateAndModifyFields: Update of cid_companynaicscode" id="{a724446e-e8eb-ec11-bb3c-000d3a848097}" />
      </MissingDependency>
      <MissingDependency>
        <Required type="2" schemaName="cid_naicscode" displayName="NAICS Code" parentSchemaName="cid_companynaicscode" parentDisplayName="Company NAICS Code" solution="Active" />
        <Dependent type="92" displayName="TC.PowerApps.RD.Plugins.Entities.CompanyNAICS.CompanyNAICS_PreUpdate: Update of cid_companynaicscode" id="{aac44156-efb1-ec11-983e-000d3a84adbc}" />
      </MissingDependency>
      <MissingDependency>
        <Required type="2" schemaName="cid_naicscode" displayName="NAICS Code" parentSchemaName="cid_companynaicscode" parentDisplayName="Company NAICS Code" solution="Active" />
        <Dependent type="93" id="{54e33198-efb1-ec11-983e-000d3a84adbc}" />
      </MissingDependency>
      <MissingDependency>
        <Required type="2" schemaName="statuscode" displayName="Status Reason" parentSchemaName="cid_companynaicscode" parentDisplayName="Company NAICS Code" solution="Active" />
        <Dependent type="92" displayName="TC.PowerApps.RD.Plugins.Entities.CompanyNAICS.CompanyNAICS_PreUpdate: Update of cid_companynaicscode" id="{aac44156-efb1-ec11-983e-000d3a84adbc}" />
      </MissingDependency>
      <MissingDependency>
        <Required type="2" schemaName="statuscode" displayName="Status Reason" parentSchemaName="cid_companynaicscode" parentDisplayName="Company NAICS Code" solution="Active" />
        <Dependent type="93" id="{54e33198-efb1-ec11-983e-000d3a84adbc}" />
      </MissingDependency>
      <MissingDependency>
        <Required type="2" schemaName="cid_contacttype" displayName="Contact Type" parentSchemaName="contact" parentDisplayName="Contact" solution="Active" />
        <Dependent type="92" displayName="TC.PowerApps.RD.Plugins.Entities.Contact.Contact_PreUpdate: Update of contact" id="{dfd464ab-dcb3-ec11-983e-002248add3fe}" />
      </MissingDependency>
      <MissingDependency>
        <Required type="2" schemaName="cid_contacttype" displayName="Contact Type" parentSchemaName="contact" parentDisplayName="Contact" solution="Active" />
        <Dependent type="93" id="{886f95cb-dcb3-ec11-983e-002248add3fe}" />
      </MissingDependency>
      <MissingDependency>
        <Required type="2" schemaName="cid_modifiedbyregistrant" displayName="Modified By" parentSchemaName="contact" parentDisplayName="Contact" solution="Active" />
        <Dependent type="92" displayName="TC.PowerApps.RD.Plugins.Entities.Common.ConcatenateCreateAndModifyFields: Update of contact" id="{5dbba741-94eb-ec11-bb3c-000d3a848097}" />
      </MissingDependency>
      <MissingDependency>
        <Required type="2" schemaName="cid_modifiedbyregistrant" displayName="Modified By" parentSchemaName="ovs_operationclass" parentDisplayName="Operation Class" solution="Active" />
        <Dependent type="92" displayName="TC.PowerApps.RD.Plugins.Entities.Common.ConcatenateCreateAndModifyFields: Update of ovs_operationclass" id="{3dccfddf-e8eb-ec11-bb3c-000d3a848097}" />
      </MissingDependency>
      <MissingDependency>
        <Required type="2" schemaName="ovs_class_division" displayName="Class/Division" parentSchemaName="ovs_operationclass" parentDisplayName="Operation Class" solution="Active" />
        <Dependent type="92" displayName="TC.PowerApps.RD.Plugins.Entities.SiteClass.SiteClass_PreUpdate: Update of ovs_operationclass" id="{23ee7570-99de-ec11-bb3d-000d3a848097}" />
      </MissingDependency>
      <MissingDependency>
        <Required type="2" schemaName="ovs_class_division" displayName="Class/Division" parentSchemaName="ovs_operationclass" parentDisplayName="Operation Class" solution="Active" />
        <Dependent type="93" id="{0d94b587-99de-ec11-bb3d-000d3a848097}" />
      </MissingDependency>
      <MissingDependency>
        <Required type="2" schemaName="ovs_compatibility_group" displayName="Compatibility Group" parentSchemaName="ovs_operationclass" parentDisplayName="Operation Class" solution="Active" />
        <Dependent type="92" displayName="TC.PowerApps.RD.Plugins.Entities.SiteClass.SiteClass_PreUpdate: Update of ovs_operationclass" id="{23ee7570-99de-ec11-bb3d-000d3a848097}" />
      </MissingDependency>
      <MissingDependency>
        <Required type="2" schemaName="ovs_compatibility_group" displayName="Compatibility Group" parentSchemaName="ovs_operationclass" parentDisplayName="Operation Class" solution="Active" />
        <Dependent type="93" id="{0d94b587-99de-ec11-bb3d-000d3a848097}" />
      </MissingDependency>
      <MissingDependency>
        <Required type="2" schemaName="ovs_operationclass" displayName="Operation Class" parentSchemaName="ovs_operationclass" parentDisplayName="Operation Class" solution="Active" />
        <Dependent type="92" displayName="TC.PowerApps.RD.Plugins.Entities.SiteClass.SiteClass_PreUpdate: Update of ovs_operationclass" id="{23ee7570-99de-ec11-bb3d-000d3a848097}" />
      </MissingDependency>
      <MissingDependency>
        <Required type="2" schemaName="ovs_operationclass" displayName="Operation Class" parentSchemaName="ovs_operationclass" parentDisplayName="Operation Class" solution="Active" />
        <Dependent type="93" id="{0d94b587-99de-ec11-bb3d-000d3a848097}" />
      </MissingDependency>
      <MissingDependency>
        <Required type="2" schemaName="statuscode" displayName="Status Reason" parentSchemaName="ovs_operationclass" parentDisplayName="Operation Class" solution="Active" />
        <Dependent type="92" displayName="TC.PowerApps.RD.Plugins.Entities.SiteClass.SiteClass_PreUpdate: Update of ovs_operationclass" id="{23ee7570-99de-ec11-bb3d-000d3a848097}" />
      </MissingDependency>
      <MissingDependency>
        <Required type="2" schemaName="statuscode" displayName="Status Reason" parentSchemaName="ovs_operationclass" parentDisplayName="Operation Class" solution="Active" />
        <Dependent type="93" id="{0d94b587-99de-ec11-bb3d-000d3a848097}" />
      </MissingDependency>
      <MissingDependency>
        <Required type="2" schemaName="cid_modifiedbyregistrant" displayName="Modified By" parentSchemaName="ovs_operationunnumber" parentDisplayName="Operation UN Number" solution="Active" />
        <Dependent type="92" displayName="TC.PowerApps.RD.Plugins.Entities.Common.ConcatenateCreateAndModifyFields: Update of ovs_operationunnumber" id="{4d7bbfa3-21ed-ec11-bb3c-000d3a8483f6}" />
      </MissingDependency>
      <MissingDependency>
        <Required type="2" schemaName="ovs_operationunnumber" displayName="Operation UN Number" parentSchemaName="ovs_operationunnumber" parentDisplayName="Operation UN Number" solution="Active" />
        <Dependent type="92" displayName="TC.PowerApps.RD.Plugins.Entities.SiteUNNumber.SiteUNNumber_PreUpdate: Update of ovs_operationunnumber" id="{5f3ab1db-99de-ec11-bb3d-000d3a848097}" />
      </MissingDependency>
      <MissingDependency>
        <Required type="2" schemaName="ovs_operationunnumber" displayName="Operation UN Number" parentSchemaName="ovs_operationunnumber" parentDisplayName="Operation UN Number" solution="Active" />
        <Dependent type="93" id="{bf8144ea-99de-ec11-bb3d-000d3a848097}" />
      </MissingDependency>
      <MissingDependency>
        <Required type="2" schemaName="ovs_unnumber" displayName="UN Number" parentSchemaName="ovs_operationunnumber" parentDisplayName="Operation UN Number" solution="Active" />
        <Dependent type="92" displayName="TC.PowerApps.RD.Plugins.Entities.SiteUNNumber.SiteUNNumber_PreUpdate: Update of ovs_operationunnumber" id="{5f3ab1db-99de-ec11-bb3d-000d3a848097}" />
      </MissingDependency>
      <MissingDependency>
        <Required type="2" schemaName="ovs_unnumber" displayName="UN Number" parentSchemaName="ovs_operationunnumber" parentDisplayName="Operation UN Number" solution="Active" />
        <Dependent type="93" id="{bf8144ea-99de-ec11-bb3d-000d3a848097}" />
      </MissingDependency>
      <MissingDependency>
        <Required type="2" schemaName="statuscode" displayName="Status Reason" parentSchemaName="ovs_operationunnumber" parentDisplayName="Operation UN Number" solution="Active" />
        <Dependent type="92" displayName="TC.PowerApps.RD.Plugins.Entities.SiteUNNumber.SiteUNNumber_PreUpdate: Update of ovs_operationunnumber" id="{5f3ab1db-99de-ec11-bb3d-000d3a848097}" />
      </MissingDependency>
      <MissingDependency>
        <Required type="2" schemaName="statuscode" displayName="Status Reason" parentSchemaName="ovs_operationunnumber" parentDisplayName="Operation UN Number" solution="Active" />
        <Dependent type="93" id="{bf8144ea-99de-ec11-bb3d-000d3a848097}" />
      </MissingDependency>
    </MissingDependencies>
  </SolutionManifest>
</ImportExportXml>