<ImportExportXml xmlns:xsi="http://www.w3.org/2001/XMLSchema-instance">
  <Entities>
    <Entity>
      <Name LocalizedName="Container Function" OriginalName="Container Function">fdr_ContainerFunction</Name>
      <EntityInfo>
        <entity Name="fdr_ContainerFunction">
          <LocalizedNames>
            <LocalizedName description="Container Function" languagecode="1033" />
            <LocalizedName description="Fonction du contenant" languagecode="1036" />
          </LocalizedNames>
          <LocalizedCollectionNames>
            <LocalizedCollectionName description="Container Functions" languagecode="1033" />
            <LocalizedCollectionName description="Fonction du contenants" languagecode="1036" />
          </LocalizedCollectionNames>
          <Descriptions>
            <Description description="" languagecode="1033" />
            <Description description="" languagecode="1036" />
          </Descriptions>
          <attributes />
          <EntitySetName>fdr_containerfunctions</EntitySetName>
          <IsDuplicateCheckSupported>1</IsDuplicateCheckSupported>
          <IsBusinessProcessEnabled>0</IsBusinessProcessEnabled>
          <IsRequiredOffline>0</IsRequiredOffline>
          <IsInteractionCentricEnabled>0</IsInteractionCentricEnabled>
          <IsCollaboration>0</IsCollaboration>
          <AutoRouteToOwnerQueue>0</AutoRouteToOwnerQueue>
          <IsConnectionsEnabled>0</IsConnectionsEnabled>
          <EntityColor></EntityColor>
          <IsDocumentManagementEnabled>0</IsDocumentManagementEnabled>
          <AutoCreateAccessTeams>0</AutoCreateAccessTeams>
          <IsOneNoteIntegrationEnabled>0</IsOneNoteIntegrationEnabled>
          <IsKnowledgeManagementEnabled>0</IsKnowledgeManagementEnabled>
          <IsSLAEnabled>0</IsSLAEnabled>
          <IsDocumentRecommendationsEnabled>0</IsDocumentRecommendationsEnabled>
          <IsBPFEntity>0</IsBPFEntity>
          <OwnershipTypeMask>OrgOwned</OwnershipTypeMask>
          <IsAuditEnabled>1</IsAuditEnabled>
          <IsRetrieveAuditEnabled>0</IsRetrieveAuditEnabled>
          <IsRetrieveMultipleAuditEnabled>0</IsRetrieveMultipleAuditEnabled>
          <IsActivity>0</IsActivity>
          <ActivityTypeMask>CommunicationActivity</ActivityTypeMask>
          <IsActivityParty>0</IsActivityParty>
          <IsReplicated>0</IsReplicated>
          <IsReplicationUserFiltered>0</IsReplicationUserFiltered>
          <IsMailMergeEnabled>1</IsMailMergeEnabled>
          <IsVisibleInMobile>0</IsVisibleInMobile>
          <IsVisibleInMobileClient>0</IsVisibleInMobileClient>
          <IsReadOnlyInMobileClient>0</IsReadOnlyInMobileClient>
          <IsOfflineInMobileClient>0</IsOfflineInMobileClient>
          <DaysSinceRecordLastModified>0</DaysSinceRecordLastModified>
          <MobileOfflineFilters></MobileOfflineFilters>
          <IsMapiGridEnabled>1</IsMapiGridEnabled>
          <IsReadingPaneEnabled>1</IsReadingPaneEnabled>
          <IsQuickCreateEnabled>0</IsQuickCreateEnabled>
          <SyncToExternalSearchIndex>0</SyncToExternalSearchIndex>
          <IntroducedVersion>1.0.0.0</IntroducedVersion>
          <IsCustomizable>1</IsCustomizable>
          <IsRenameable>1</IsRenameable>
          <IsMappable>1</IsMappable>
          <CanModifyAuditSettings>1</CanModifyAuditSettings>
          <CanModifyMobileVisibility>1</CanModifyMobileVisibility>
          <CanModifyMobileClientVisibility>1</CanModifyMobileClientVisibility>
          <CanModifyMobileClientReadOnly>1</CanModifyMobileClientReadOnly>
          <CanModifyMobileClientOffline>1</CanModifyMobileClientOffline>
          <CanModifyConnectionSettings>1</CanModifyConnectionSettings>
          <CanModifyDuplicateDetectionSettings>1</CanModifyDuplicateDetectionSettings>
          <CanModifyMailMergeSettings>1</CanModifyMailMergeSettings>
          <CanModifyQueueSettings>1</CanModifyQueueSettings>
          <CanCreateAttributes>1</CanCreateAttributes>
          <CanCreateForms>1</CanCreateForms>
          <CanCreateCharts>1</CanCreateCharts>
          <CanCreateViews>1</CanCreateViews>
          <CanModifyAdditionalSettings>1</CanModifyAdditionalSettings>
          <CanEnableSyncToExternalSearchIndex>1</CanEnableSyncToExternalSearchIndex>
          <IconVectorName></IconVectorName>
          <EnforceStateTransitions>0</EnforceStateTransitions>
          <CanChangeHierarchicalRelationship>1</CanChangeHierarchicalRelationship>
          <EntityHelpUrlEnabled>0</EntityHelpUrlEnabled>
          <EntityHelpUrl></EntityHelpUrl>
          <ChangeTrackingEnabled>0</ChangeTrackingEnabled>
          <CanChangeTrackingBeEnabled>1</CanChangeTrackingBeEnabled>
          <IsEnabledForExternalChannels>0</IsEnabledForExternalChannels>
          <IsSolutionAware>0</IsSolutionAware>
        </entity>
      </EntityInfo>
      <SavedQueries>
        <savedqueries>
          <savedquery>
            <IsCustomizable>1</IsCustomizable>
            <CanBeDeleted>0</CanBeDeleted>
            <isquickfindquery>0</isquickfindquery>
            <isprivate>0</isprivate>
            <isdefault>1</isdefault>
            <savedqueryid>{c4cd0980-e5d4-4e83-9403-e63d8cab90e1}</savedqueryid>
            <layoutxml>
              <grid name="resultset" jump="fdr_name" select="1" icon="1" preview="1">
                <row name="result" id="fdr_containerfunctionid">
                  <cell name="fdr_name" width="207" />
                  <cell name="fdr_containertype" width="216" />
                  <cell name="fdr_function" width="222" />
                  <cell name="fdr_legislationsource" width="150" />
                  <cell name="fdr_certificateprefix" width="148" />
                  <cell name="createdon" width="125" />
                  <cell name="modifiedon" width="100" />
                  <cell name="statecode" width="100" />
                  <cell name="statuscode" width="100" />
                </row>
              </grid>
            </layoutxml>
            <querytype>0</querytype>
            <fetchxml>
              <fetch version="1.0" output-format="xml-platform" mapping="logical">
                <entity name="fdr_containerfunction">
                  <attribute name="fdr_containerfunctionid" />
                  <attribute name="fdr_name" />
                  <attribute name="createdon" />
                  <attribute name="fdr_containertype" />
                  <attribute name="fdr_function" />
                  <attribute name="fdr_certificateprefix" />
                  <attribute name="statecode" />
                  <attribute name="statuscode" />
                  <attribute name="modifiedon" />
                  <attribute name="fdr_legislationsource" />
                  <order attribute="fdr_name" descending="false" />
                  <filter type="and">
                    <condition attribute="statecode" operator="eq" value="0" />
                  </filter>
                </entity>
              </fetch>
            </fetchxml>
            <IntroducedVersion>1.0.0.0</IntroducedVersion>
            <LocalizedNames>
              <LocalizedName description="Active Container Functions" languagecode="1033" />
              <LocalizedName description="Fonctions du Contenant actifs" languagecode="1036" />
            </LocalizedNames>
          </savedquery>
          <savedquery>
            <IsCustomizable>1</IsCustomizable>
            <CanBeDeleted>0</CanBeDeleted>
            <isquickfindquery>0</isquickfindquery>
            <isprivate>0</isprivate>
            <isdefault>0</isdefault>
            <savedqueryid>{30c98335-59c5-428d-8f7f-baf9cdee4d32}</savedqueryid>
            <layoutxml>
              <grid name="resultset" jump="fdr_name" select="1" icon="1" preview="1">
                <row name="result" id="fdr_containerfunctionid">
                  <cell name="fdr_name" width="210" />
                  <cell name="fdr_containertype" width="286" />
                  <cell name="fdr_function" width="246" />
                  <cell name="fdr_certificateprefix" width="242" />
                  <cell name="createdon" width="125" />
                  <cell name="modifiedon" width="100" />
                  <cell name="statecode" width="100" />
                  <cell name="statuscode" width="100" />
                </row>
              </grid>
            </layoutxml>
            <querytype>0</querytype>
            <fetchxml>
              <fetch version="1.0" mapping="logical">
                <entity name="fdr_containerfunction">
                  <attribute name="fdr_containerfunctionid" />
                  <attribute name="fdr_name" />
                  <attribute name="createdon" />
                  <order attribute="fdr_name" descending="false" />
                  <filter type="and">
                    <condition attribute="statecode" operator="eq" value="1" />
                  </filter>
                  <attribute name="fdr_containertype" />
                  <attribute name="fdr_function" />
                  <attribute name="fdr_certificateprefix" />
                  <attribute name="modifiedon" />
                  <attribute name="statecode" />
                  <attribute name="statuscode" />
                </entity>
              </fetch>
            </fetchxml>
            <IntroducedVersion>1.0.0.0</IntroducedVersion>
            <LocalizedNames>
              <LocalizedName description="Inactive Container Functions" languagecode="1033" />
              <LocalizedName description="Fonctions du Contenant inactifs" languagecode="1036" />
            </LocalizedNames>
          </savedquery>
        </savedqueries>
      </SavedQueries>
      <RibbonDiffXml>
        <CustomActions />
        <Templates>
          <RibbonTemplates Id="Mscrm.Templates"></RibbonTemplates>
        </Templates>
        <CommandDefinitions />
        <RuleDefinitions>
          <TabDisplayRules />
          <DisplayRules />
          <EnableRules />
        </RuleDefinitions>
        <LocLabels />
      </RibbonDiffXml>
    </Entity>
    <Entity>
      <Name LocalizedName="Registration Type" OriginalName="Container Type">fdr_ContainerType</Name>
      <EntityInfo>
        <entity Name="fdr_ContainerType">
          <LocalizedNames>
            <LocalizedName description="Registration Type" languagecode="1033" />
            <LocalizedName description="Types d'inscription" languagecode="1036" />
          </LocalizedNames>
          <LocalizedCollectionNames>
            <LocalizedCollectionName description="Registration Type" languagecode="1033" />
            <LocalizedCollectionName description="Types d'inscription" languagecode="1036" />
          </LocalizedCollectionNames>
          <Descriptions>
            <Description description="" languagecode="1033" />
            <Description description="" languagecode="1036" />
          </Descriptions>
          <attributes />
          <EntitySetName>fdr_containertypes</EntitySetName>
          <IsDuplicateCheckSupported>1</IsDuplicateCheckSupported>
          <IsBusinessProcessEnabled>0</IsBusinessProcessEnabled>
          <IsRequiredOffline>0</IsRequiredOffline>
          <IsInteractionCentricEnabled>0</IsInteractionCentricEnabled>
          <IsCollaboration>0</IsCollaboration>
          <AutoRouteToOwnerQueue>0</AutoRouteToOwnerQueue>
          <IsConnectionsEnabled>0</IsConnectionsEnabled>
          <EntityColor></EntityColor>
          <IsDocumentManagementEnabled>0</IsDocumentManagementEnabled>
          <AutoCreateAccessTeams>0</AutoCreateAccessTeams>
          <IsOneNoteIntegrationEnabled>0</IsOneNoteIntegrationEnabled>
          <IsKnowledgeManagementEnabled>0</IsKnowledgeManagementEnabled>
          <IsSLAEnabled>0</IsSLAEnabled>
          <IsDocumentRecommendationsEnabled>0</IsDocumentRecommendationsEnabled>
          <IsBPFEntity>0</IsBPFEntity>
          <OwnershipTypeMask>UserOwned</OwnershipTypeMask>
          <IsAuditEnabled>1</IsAuditEnabled>
          <IsRetrieveAuditEnabled>0</IsRetrieveAuditEnabled>
          <IsRetrieveMultipleAuditEnabled>0</IsRetrieveMultipleAuditEnabled>
          <IsActivity>0</IsActivity>
          <ActivityTypeMask>CommunicationActivity</ActivityTypeMask>
          <IsActivityParty>0</IsActivityParty>
          <IsReplicated>0</IsReplicated>
          <IsReplicationUserFiltered>0</IsReplicationUserFiltered>
          <IsMailMergeEnabled>1</IsMailMergeEnabled>
          <IsVisibleInMobile>0</IsVisibleInMobile>
          <IsVisibleInMobileClient>0</IsVisibleInMobileClient>
          <IsReadOnlyInMobileClient>0</IsReadOnlyInMobileClient>
          <IsOfflineInMobileClient>0</IsOfflineInMobileClient>
          <DaysSinceRecordLastModified>0</DaysSinceRecordLastModified>
          <MobileOfflineFilters></MobileOfflineFilters>
          <IsMapiGridEnabled>1</IsMapiGridEnabled>
          <IsReadingPaneEnabled>1</IsReadingPaneEnabled>
          <IsQuickCreateEnabled>0</IsQuickCreateEnabled>
          <SyncToExternalSearchIndex>0</SyncToExternalSearchIndex>
          <IntroducedVersion>1.0</IntroducedVersion>
          <IsCustomizable>1</IsCustomizable>
          <IsRenameable>1</IsRenameable>
          <IsMappable>1</IsMappable>
          <CanModifyAuditSettings>1</CanModifyAuditSettings>
          <CanModifyMobileVisibility>1</CanModifyMobileVisibility>
          <CanModifyMobileClientVisibility>1</CanModifyMobileClientVisibility>
          <CanModifyMobileClientReadOnly>1</CanModifyMobileClientReadOnly>
          <CanModifyMobileClientOffline>1</CanModifyMobileClientOffline>
          <CanModifyConnectionSettings>1</CanModifyConnectionSettings>
          <CanModifyDuplicateDetectionSettings>1</CanModifyDuplicateDetectionSettings>
          <CanModifyMailMergeSettings>1</CanModifyMailMergeSettings>
          <CanModifyQueueSettings>1</CanModifyQueueSettings>
          <CanCreateAttributes>1</CanCreateAttributes>
          <CanCreateForms>1</CanCreateForms>
          <CanCreateCharts>1</CanCreateCharts>
          <CanCreateViews>1</CanCreateViews>
          <CanModifyAdditionalSettings>1</CanModifyAdditionalSettings>
          <CanEnableSyncToExternalSearchIndex>1</CanEnableSyncToExternalSearchIndex>
          <IconVectorName></IconVectorName>
          <EnforceStateTransitions>0</EnforceStateTransitions>
          <CanChangeHierarchicalRelationship>1</CanChangeHierarchicalRelationship>
          <EntityHelpUrlEnabled>0</EntityHelpUrlEnabled>
          <EntityHelpUrl></EntityHelpUrl>
          <ChangeTrackingEnabled>0</ChangeTrackingEnabled>
          <CanChangeTrackingBeEnabled>1</CanChangeTrackingBeEnabled>
          <IsEnabledForExternalChannels>0</IsEnabledForExternalChannels>
          <IsSolutionAware>0</IsSolutionAware>
        </entity>
      </EntityInfo>
      <SavedQueries>
        <savedqueries>
          <savedquery>
            <IsCustomizable>1</IsCustomizable>
            <CanBeDeleted>0</CanBeDeleted>
            <isquickfindquery>0</isquickfindquery>
            <isprivate>0</isprivate>
            <isdefault>1</isdefault>
            <savedqueryid>{5c7a3bdf-95b4-44cd-88d1-c4e3298f3dc9}</savedqueryid>
            <layoutxml>
              <grid name="resultset" jump="fdr_name" select="1" icon="1" preview="1">
                <row name="result" id="fdr_containertypeid">
                  <cell name="fdr_englishname" width="150" />
                  <cell name="fdr_englishdescription" width="150" />
                  <cell name="fdr_frenchname" width="150" />
                  <cell name="fdr_frenchdescription" width="150" />
                  <cell name="fdr_program" width="132" />
                  <cell name="fdr_applicanttype" width="162" />
                  <cell name="fdr_standard" width="248" />
                  <cell name="fdr_certificateprefix" width="124" />
                  <cell name="fdr_nextoperationnumber" width="186" />
                  <cell name="fdr_designregistrationsupported" width="223" />
                  <cell name="fdr_designprefix" width="106" />
                  <cell name="fdr_nextdesignnumber" width="153" />
                  <cell name="fdr_operationtype" width="213" />
                  <cell name="createdon" width="125" />
                  <cell name="modifiedon" width="150" />
                  <cell name="statecode" width="150" />
                  <cell name="statuscode" width="150" />
                </row>
              </grid>
            </layoutxml>
            <querytype>0</querytype>
            <fetchxml>
              <fetch version="1.0" output-format="xml-platform" mapping="logical">
                <entity name="fdr_containertype">
                  <attribute name="createdon" />
                  <attribute name="fdr_englishname" />
                  <attribute name="fdr_englishdescription" />
                  <attribute name="fdr_frenchname" />
                  <attribute name="fdr_frenchdescription" />
                  <attribute name="modifiedon" />
                  <attribute name="statecode" />
                  <attribute name="statuscode" />
                  <order attribute="fdr_englishname" descending="false" />
                  <filter type="and">
                    <condition attribute="statecode" operator="eq" value="0" />
                  </filter>
                  <attribute name="fdr_certificateprefix" />
                  <attribute name="fdr_standard" />
                  <attribute name="fdr_nextoperationnumber" />
                  <attribute name="fdr_designprefix" />
                  <attribute name="fdr_operationtype" />
                  <attribute name="fdr_nextdesignnumber" />
                  <attribute name="fdr_designregistrationsupported" />
                  <attribute name="fdr_applicanttype" />
                  <attribute name="fdr_program" />
                  <attribute name="fdr_containertypeid" />
                </entity>
              </fetch>
            </fetchxml>
            <IntroducedVersion>1.0</IntroducedVersion>
            <LocalizedNames>
              <LocalizedName description="Active Registration Types" languagecode="1033" />
              <LocalizedName description="Types d'inscription actifs" languagecode="1036" />
            </LocalizedNames>
          </savedquery>
          <savedquery>
            <IsCustomizable>1</IsCustomizable>
            <CanBeDeleted>0</CanBeDeleted>
            <isquickfindquery>0</isquickfindquery>
            <isprivate>0</isprivate>
            <isdefault>0</isdefault>
            <savedqueryid>{0e52af26-dfa1-4534-8ca5-b6698fc779d8}</savedqueryid>
            <layoutxml>
              <grid name="resultset" jump="fdr_name" select="1" icon="1" preview="1">
                <row name="result" id="fdr_containertypeid">
                  <cell name="fdr_englishname" width="150" />
                  <cell name="fdr_englishdescription" width="150" />
                  <cell name="fdr_frenchname" width="150" />
                  <cell name="fdr_frenchdescription" width="150" />
                  <cell name="fdr_standard" width="100" />
                  <cell name="fdr_certificateprefix" width="100" />
                  <cell name="fdr_nextoperationnumber" width="100" />
                  <cell name="fdr_nextdesignnumber" width="100" />
                  <cell name="createdon" width="125" />
                  <cell name="modifiedon" width="150" />
                  <cell name="statecode" width="150" />
                  <cell name="statuscode" width="150" />
                </row>
              </grid>
            </layoutxml>
            <querytype>0</querytype>
            <fetchxml>
              <fetch version="1.0" output-format="xml-platform" mapping="logical">
                <entity name="fdr_containertype">
                  <attribute name="createdon" />
                  <attribute name="fdr_englishname" />
                  <attribute name="fdr_englishdescription" />
                  <attribute name="fdr_frenchname" />
                  <attribute name="fdr_frenchdescription" />
                  <attribute name="modifiedon" />
                  <attribute name="statecode" />
                  <attribute name="statuscode" />
                  <order attribute="fdr_englishname" descending="false" />
                  <filter type="and">
                    <condition attribute="statecode" operator="eq" value="1" />
                  </filter>
                  <attribute name="fdr_nextoperationnumber" />
                  <attribute name="fdr_standard" />
                  <attribute name="fdr_certificateprefix" />
                  <attribute name="fdr_nextdesignnumber" />
                  <attribute name="fdr_containertypeid" />
                </entity>
              </fetch>
            </fetchxml>
            <IntroducedVersion>1.0</IntroducedVersion>
            <LocalizedNames>
              <LocalizedName description="Inactive Registration Types" languagecode="1033" />
              <LocalizedName description="Types d'inscription inactifs" languagecode="1036" />
            </LocalizedNames>
          </savedquery>
        </savedqueries>
      </SavedQueries>
      <RibbonDiffXml>
        <CustomActions />
        <Templates>
          <RibbonTemplates Id="Mscrm.Templates"></RibbonTemplates>
        </Templates>
        <CommandDefinitions />
        <RuleDefinitions>
          <TabDisplayRules />
          <DisplayRules />
          <EnableRules />
        </RuleDefinitions>
        <LocLabels />
      </RibbonDiffXml>
    </Entity>
    <Entity>
      <Name LocalizedName="Cost Recovery Attribute" OriginalName="Cost Recovery Attribute">fdr_CostRecoveryAttribute</Name>
      <EntityInfo>
        <entity Name="fdr_CostRecoveryAttribute">
          <LocalizedNames>
            <LocalizedName description="Cost Recovery Attribute" languagecode="1033" />
          </LocalizedNames>
          <LocalizedCollectionNames>
            <LocalizedCollectionName description="Cost Recovery Attributes" languagecode="1033" />
          </LocalizedCollectionNames>
          <Descriptions>
            <Description description="" languagecode="1033" />
          </Descriptions>
          <attributes />
          <EntitySetName>fdr_costrecoveryattributes</EntitySetName>
          <IsDuplicateCheckSupported>1</IsDuplicateCheckSupported>
          <IsBusinessProcessEnabled>0</IsBusinessProcessEnabled>
          <IsRequiredOffline>0</IsRequiredOffline>
          <IsInteractionCentricEnabled>0</IsInteractionCentricEnabled>
          <IsCollaboration>0</IsCollaboration>
          <AutoRouteToOwnerQueue>0</AutoRouteToOwnerQueue>
          <IsConnectionsEnabled>0</IsConnectionsEnabled>
          <EntityColor></EntityColor>
          <IsDocumentManagementEnabled>0</IsDocumentManagementEnabled>
          <AutoCreateAccessTeams>0</AutoCreateAccessTeams>
          <IsOneNoteIntegrationEnabled>0</IsOneNoteIntegrationEnabled>
          <IsKnowledgeManagementEnabled>0</IsKnowledgeManagementEnabled>
          <IsSLAEnabled>0</IsSLAEnabled>
          <IsDocumentRecommendationsEnabled>0</IsDocumentRecommendationsEnabled>
          <IsBPFEntity>0</IsBPFEntity>
          <OwnershipTypeMask>OrgOwned</OwnershipTypeMask>
          <IsAuditEnabled>1</IsAuditEnabled>
          <IsRetrieveAuditEnabled>0</IsRetrieveAuditEnabled>
          <IsRetrieveMultipleAuditEnabled>0</IsRetrieveMultipleAuditEnabled>
          <IsActivity>0</IsActivity>
          <ActivityTypeMask></ActivityTypeMask>
          <IsActivityParty>0</IsActivityParty>
          <IsReplicated>0</IsReplicated>
          <IsReplicationUserFiltered>0</IsReplicationUserFiltered>
          <IsMailMergeEnabled>0</IsMailMergeEnabled>
          <IsVisibleInMobile>0</IsVisibleInMobile>
          <IsVisibleInMobileClient>0</IsVisibleInMobileClient>
          <IsReadOnlyInMobileClient>0</IsReadOnlyInMobileClient>
          <IsOfflineInMobileClient>0</IsOfflineInMobileClient>
          <DaysSinceRecordLastModified>0</DaysSinceRecordLastModified>
          <MobileOfflineFilters></MobileOfflineFilters>
          <IsMapiGridEnabled>1</IsMapiGridEnabled>
          <IsReadingPaneEnabled>1</IsReadingPaneEnabled>
          <IsQuickCreateEnabled>0</IsQuickCreateEnabled>
          <SyncToExternalSearchIndex>0</SyncToExternalSearchIndex>
          <IntroducedVersion>1.0.0.0</IntroducedVersion>
          <IsCustomizable>1</IsCustomizable>
          <IsRenameable>1</IsRenameable>
          <IsMappable>1</IsMappable>
          <CanModifyAuditSettings>1</CanModifyAuditSettings>
          <CanModifyMobileVisibility>1</CanModifyMobileVisibility>
          <CanModifyMobileClientVisibility>1</CanModifyMobileClientVisibility>
          <CanModifyMobileClientReadOnly>1</CanModifyMobileClientReadOnly>
          <CanModifyMobileClientOffline>1</CanModifyMobileClientOffline>
          <CanModifyConnectionSettings>1</CanModifyConnectionSettings>
          <CanModifyDuplicateDetectionSettings>1</CanModifyDuplicateDetectionSettings>
          <CanModifyMailMergeSettings>1</CanModifyMailMergeSettings>
          <CanModifyQueueSettings>1</CanModifyQueueSettings>
          <CanCreateAttributes>1</CanCreateAttributes>
          <CanCreateForms>1</CanCreateForms>
          <CanCreateCharts>1</CanCreateCharts>
          <CanCreateViews>1</CanCreateViews>
          <CanModifyAdditionalSettings>1</CanModifyAdditionalSettings>
          <CanEnableSyncToExternalSearchIndex>1</CanEnableSyncToExternalSearchIndex>
          <IconVectorName></IconVectorName>
          <EnforceStateTransitions>0</EnforceStateTransitions>
          <CanChangeHierarchicalRelationship>1</CanChangeHierarchicalRelationship>
          <EntityHelpUrlEnabled>0</EntityHelpUrlEnabled>
          <EntityHelpUrl></EntityHelpUrl>
          <ChangeTrackingEnabled>1</ChangeTrackingEnabled>
          <CanChangeTrackingBeEnabled>1</CanChangeTrackingBeEnabled>
          <IsEnabledForExternalChannels>0</IsEnabledForExternalChannels>
          <IsSolutionAware>0</IsSolutionAware>
        </entity>
      </EntityInfo>
      <SavedQueries>
        <savedqueries>
          <savedquery>
            <IsCustomizable>1</IsCustomizable>
            <CanBeDeleted>0</CanBeDeleted>
            <isquickfindquery>0</isquickfindquery>
            <isprivate>0</isprivate>
            <isdefault>1</isdefault>
            <savedqueryid>{eea8a60e-79a7-4885-bdb0-bf2be5dd2f28}</savedqueryid>
            <layoutxml>
              <grid name="resultset" jump="fdr_name" select="1" icon="1" preview="1">
                <row name="result" id="fdr_costrecoveryattributeid">
                  <cell name="fdr_name" width="159" />
                  <cell name="fdr_servicerequesttype" width="253" />
                  <cell name="fdr_applicanttype" width="267" />
                  <cell name="fdr_serviceattributeid" width="144" />
                  <cell name="fdr_servicefeecode" width="126" />
                  <cell name="fdr_servicestandardid" width="155" />
                  <cell name="statecode" width="100" />
                </row>
              </grid>
            </layoutxml>
            <querytype>0</querytype>
            <fetchxml>
              <fetch version="1.0" mapping="logical">
                <entity name="fdr_costrecoveryattribute">
                  <attribute name="fdr_costrecoveryattributeid" />
                  <attribute name="fdr_name" />
                  <order attribute="fdr_name" descending="false" />
                  <filter type="and">
                    <condition attribute="statecode" operator="eq" value="0" />
                  </filter>
                  <attribute name="fdr_servicerequesttype" />
                  <attribute name="fdr_applicanttype" />
                  <attribute name="fdr_servicefeecode" />
                  <attribute name="fdr_serviceattributeid" />
                  <attribute name="fdr_servicestandardid" />
                  <attribute name="statecode" />
                </entity>
              </fetch>
            </fetchxml>
            <IntroducedVersion>1.0.0.0</IntroducedVersion>
            <LocalizedNames>
              <LocalizedName description="Active Cost Recovery Attributes" languagecode="1033" />
              <LocalizedName description="Attributs de recouvrement des coûts actifs" languagecode="1036" />
            </LocalizedNames>
          </savedquery>
          <savedquery>
            <IsCustomizable>1</IsCustomizable>
            <CanBeDeleted>0</CanBeDeleted>
            <isquickfindquery>0</isquickfindquery>
            <isprivate>0</isprivate>
            <isdefault>0</isdefault>
            <savedqueryid>{f8b64836-d3bc-4164-807e-6614f55b7e0f}</savedqueryid>
            <layoutxml>
              <grid name="resultset" jump="fdr_name" select="1" icon="1" preview="1">
                <row name="result" id="fdr_costrecoveryattributeid">
                  <cell name="fdr_name" width="300" />
                  <cell name="createdon" width="125" />
                </row>
              </grid>
            </layoutxml>
            <querytype>0</querytype>
            <fetchxml>
              <fetch version="1.0" mapping="logical">
                <entity name="fdr_costrecoveryattribute">
                  <attribute name="fdr_costrecoveryattributeid" />
                  <attribute name="fdr_name" />
                  <attribute name="createdon" />
                  <order attribute="fdr_name" descending="false" />
                  <filter type="and">
                    <condition attribute="statecode" operator="eq" value="1" />
                  </filter>
                </entity>
              </fetch>
            </fetchxml>
            <IntroducedVersion>1.0.0.0</IntroducedVersion>
            <LocalizedNames>
              <LocalizedName description="Inactive Cost Recovery Attributes" languagecode="1033" />
              <LocalizedName description="Attributs de recouvrement des coûts inactifs" languagecode="1036" />
            </LocalizedNames>
          </savedquery>
        </savedqueries>
      </SavedQueries>
      <RibbonDiffXml>
        <CustomActions />
        <Templates>
          <RibbonTemplates Id="Mscrm.Templates"></RibbonTemplates>
        </Templates>
        <CommandDefinitions />
        <RuleDefinitions>
          <TabDisplayRules />
          <DisplayRules />
          <EnableRules />
        </RuleDefinitions>
        <LocLabels />
      </RibbonDiffXml>
    </Entity>
    <Entity>
      <Name LocalizedName="Equipment" OriginalName="Equipment">fdr_Equipment</Name>
      <EntityInfo>
        <entity Name="fdr_Equipment">
          <LocalizedNames>
            <LocalizedName description="Equipment" languagecode="1033" />
            <LocalizedName description="Équipement" languagecode="1036" />
          </LocalizedNames>
          <LocalizedCollectionNames>
            <LocalizedCollectionName description="Equipment" languagecode="1033" />
            <LocalizedCollectionName description="Équipement" languagecode="1036" />
          </LocalizedCollectionNames>
          <Descriptions>
            <Description description="" languagecode="1033" />
            <Description description="" languagecode="1036" />
          </Descriptions>
          <attributes />
          <EntitySetName>fdr_equipments</EntitySetName>
          <IsDuplicateCheckSupported>1</IsDuplicateCheckSupported>
          <IsBusinessProcessEnabled>0</IsBusinessProcessEnabled>
          <IsRequiredOffline>0</IsRequiredOffline>
          <IsInteractionCentricEnabled>0</IsInteractionCentricEnabled>
          <IsCollaboration>0</IsCollaboration>
          <AutoRouteToOwnerQueue>0</AutoRouteToOwnerQueue>
          <IsConnectionsEnabled>0</IsConnectionsEnabled>
          <IsDocumentManagementEnabled>0</IsDocumentManagementEnabled>
          <AutoCreateAccessTeams>0</AutoCreateAccessTeams>
          <IsOneNoteIntegrationEnabled>0</IsOneNoteIntegrationEnabled>
          <IsKnowledgeManagementEnabled>0</IsKnowledgeManagementEnabled>
          <IsSLAEnabled>0</IsSLAEnabled>
          <IsDocumentRecommendationsEnabled>0</IsDocumentRecommendationsEnabled>
          <IsBPFEntity>0</IsBPFEntity>
          <OwnershipTypeMask>OrgOwned</OwnershipTypeMask>
          <IsAuditEnabled>1</IsAuditEnabled>
          <IsRetrieveAuditEnabled>0</IsRetrieveAuditEnabled>
          <IsRetrieveMultipleAuditEnabled>0</IsRetrieveMultipleAuditEnabled>
          <IsActivity>0</IsActivity>
          <ActivityTypeMask></ActivityTypeMask>
          <IsActivityParty>0</IsActivityParty>
          <IsReplicated>0</IsReplicated>
          <IsReplicationUserFiltered>0</IsReplicationUserFiltered>
          <IsMailMergeEnabled>1</IsMailMergeEnabled>
          <IsVisibleInMobile>0</IsVisibleInMobile>
          <IsVisibleInMobileClient>0</IsVisibleInMobileClient>
          <IsReadOnlyInMobileClient>0</IsReadOnlyInMobileClient>
          <IsOfflineInMobileClient>0</IsOfflineInMobileClient>
          <DaysSinceRecordLastModified>0</DaysSinceRecordLastModified>
          <MobileOfflineFilters></MobileOfflineFilters>
          <IsMapiGridEnabled>1</IsMapiGridEnabled>
          <IsReadingPaneEnabled>1</IsReadingPaneEnabled>
          <IsQuickCreateEnabled>0</IsQuickCreateEnabled>
          <SyncToExternalSearchIndex>0</SyncToExternalSearchIndex>
          <IntroducedVersion>1.0</IntroducedVersion>
          <IsCustomizable>1</IsCustomizable>
          <IsRenameable>1</IsRenameable>
          <IsMappable>1</IsMappable>
          <CanModifyAuditSettings>1</CanModifyAuditSettings>
          <CanModifyMobileVisibility>1</CanModifyMobileVisibility>
          <CanModifyMobileClientVisibility>1</CanModifyMobileClientVisibility>
          <CanModifyMobileClientReadOnly>1</CanModifyMobileClientReadOnly>
          <CanModifyMobileClientOffline>1</CanModifyMobileClientOffline>
          <CanModifyConnectionSettings>1</CanModifyConnectionSettings>
          <CanModifyDuplicateDetectionSettings>1</CanModifyDuplicateDetectionSettings>
          <CanModifyMailMergeSettings>1</CanModifyMailMergeSettings>
          <CanModifyQueueSettings>1</CanModifyQueueSettings>
          <CanCreateAttributes>1</CanCreateAttributes>
          <CanCreateForms>1</CanCreateForms>
          <CanCreateCharts>1</CanCreateCharts>
          <CanCreateViews>1</CanCreateViews>
          <CanModifyAdditionalSettings>1</CanModifyAdditionalSettings>
          <CanEnableSyncToExternalSearchIndex>1</CanEnableSyncToExternalSearchIndex>
          <EnforceStateTransitions>0</EnforceStateTransitions>
          <CanChangeHierarchicalRelationship>1</CanChangeHierarchicalRelationship>
          <EntityHelpUrlEnabled>0</EntityHelpUrlEnabled>
          <ChangeTrackingEnabled>0</ChangeTrackingEnabled>
          <CanChangeTrackingBeEnabled>1</CanChangeTrackingBeEnabled>
          <IsEnabledForExternalChannels>0</IsEnabledForExternalChannels>
          <IsSolutionAware>0</IsSolutionAware>
        </entity>
      </EntityInfo>
      <SavedQueries>
        <savedqueries>
          <savedquery>
            <IsCustomizable>1</IsCustomizable>
            <CanBeDeleted>0</CanBeDeleted>
            <isquickfindquery>0</isquickfindquery>
            <isprivate>0</isprivate>
            <isdefault>1</isdefault>
            <savedqueryid>{3a5d0c3a-0ba0-45d5-a7a3-2b72880b5747}</savedqueryid>
            <layoutxml>
              <grid name="resultset" jump="fdr_name" select="1" icon="1" preview="1">
                <row name="result" id="fdr_equipmentid">
                  <cell name="fdr_name" width="188" />
                  <cell name="fdr_englishname" width="171" />
                  <cell name="fdr_frenchname" width="143" />
                </row>
              </grid>
            </layoutxml>
            <querytype>0</querytype>
            <fetchxml>
              <fetch version="1.0" mapping="logical">
                <entity name="fdr_equipment">
                  <attribute name="fdr_equipmentid" />
                  <attribute name="fdr_name" />
                  <order attribute="fdr_name" descending="false" />
                  <filter type="and">
                    <condition attribute="statecode" operator="eq" value="0" />
                  </filter>
                  <attribute name="fdr_englishname" />
                  <attribute name="fdr_frenchname" />
                </entity>
              </fetch>
            </fetchxml>
            <IntroducedVersion>1.0</IntroducedVersion>
            <LocalizedNames>
              <LocalizedName description="Active Equipment" languagecode="1033" />
              <LocalizedName description="Équipements actifs" languagecode="1036" />
            </LocalizedNames>
          </savedquery>
          <savedquery>
            <IsCustomizable>1</IsCustomizable>
            <CanBeDeleted>0</CanBeDeleted>
            <isquickfindquery>0</isquickfindquery>
            <isprivate>0</isprivate>
            <isdefault>0</isdefault>
            <savedqueryid>{8dea86db-7db0-46a3-bd50-7335e2193917}</savedqueryid>
            <layoutxml>
              <grid name="resultset" jump="fdr_name" select="1" icon="1" preview="1">
                <row name="result" id="fdr_equipmentid">
                  <cell name="fdr_name" width="300" />
                  <cell name="createdon" width="125" />
                </row>
              </grid>
            </layoutxml>
            <querytype>0</querytype>
            <fetchxml>
              <fetch version="1.0" mapping="logical">
                <entity name="fdr_equipment">
                  <attribute name="fdr_equipmentid" />
                  <attribute name="fdr_name" />
                  <attribute name="createdon" />
                  <order attribute="fdr_name" descending="false" />
                  <filter type="and">
                    <condition attribute="statecode" operator="eq" value="1" />
                  </filter>
                </entity>
              </fetch>
            </fetchxml>
            <IntroducedVersion>1.0</IntroducedVersion>
            <LocalizedNames>
              <LocalizedName description="Inactive Equipment" languagecode="1033" />
              <LocalizedName description="Équipements inactifs" languagecode="1036" />
            </LocalizedNames>
          </savedquery>
        </savedqueries>
      </SavedQueries>
      <RibbonDiffXml>
        <CustomActions>
          <CustomAction Id="fdr.fdr_equipment.Button.AddExistingAssoc.CustomAction" Location="Mscrm.SubGrid.fdr_equipment.MainTab.Management.Controls._children" Sequence="45">
            <CommandUIDefinition>
              <Button Alt="$Resources(EntityDisplayName):Ribbon.SubGrid.AddExisting" Command="fdr.fdr_equipment.Command.AddExistingRecordFromSubGridAssociated" Id="fdr.fdr_equipment.Button.AddExistingAssoc" Image32by32="/_imgs/ribbon/AddExistingStandard_32.png" Image16by16="/_imgs/ribbon/AddExistingStandard_16.png" LabelText="$Resources(EntityDisplayName):Ribbon.SubGrid.AddExisting" Sequence="45" TemplateAlias="o1" ToolTipTitle="$Resources(EntityDisplayName):Mscrm_SubGrid_EntityLogicalName_MainTab_Management_AddExistingAssoc_ToolTipTitle" ToolTipDescription="$Resources(EntityDisplayName):Mscrm_SubGrid_EntityLogicalName_MainTab_Management_AddExistingAssoc_ToolTipDescription" ModernImage="AddExisting" />
            </CommandUIDefinition>
          </CustomAction>
        </CustomActions>
        <Templates>
          <RibbonTemplates Id="Mscrm.Templates"></RibbonTemplates>
        </Templates>
        <CommandDefinitions>
          <CommandDefinition Id="fdr.fdr_equipment.Command.AddExistingRecordFromSubGridAssociated">
            <EnableRules>
              <EnableRule Id="Mscrm.AppendToPrimary" />
              <EnableRule Id="Mscrm.EntityFormIsEnabled" />
              <EnableRule Id="fdr.fdr_equipment.EnableRule.ShowAddExisting_4_ServiceRequest" />
              <EnableRule Id="fdr.fdr_equipment.EnableRule.DisableForInactive" />
            </EnableRules>
            <DisplayRules>
              <DisplayRule Id="Mscrm.AddExisting" />
              <DisplayRule Id="Mscrm.ShowForManyToManyGrids" />
              <DisplayRule Id="Mscrm.AppendToPrimary" />
              <DisplayRule Id="Mscrm.AppendPrimary" />
              <DisplayRule Id="Mscrm.AppendSelected" />
              <DisplayRule Id="Mscrm.AppendToSelected" />
            </DisplayRules>
            <Actions>
              <JavaScriptFunction FunctionName="Equipment_Ribbon.openEquipmentPanel" Library="$webresource:fdr_Equipment_Ribbon.js">
                <CrmParameter Value="FirstPrimaryItemId" />
                <CrmParameter Value="UserLcid" />
                <CrmParameter Value="SelectedControl" />
                <CrmParameter Value="PrimaryControl" />
              </JavaScriptFunction>
            </Actions>
          </CommandDefinition>
          <CommandDefinition Id="Mscrm.AddExistingRecordFromSubGridAssociated">
            <EnableRules>
              <EnableRule Id="Mscrm.AppendToPrimary" />
              <EnableRule Id="Mscrm.EntityFormIsEnabled" />
              <EnableRule Id="fdr.fdr_equipment.EnableRule.HideAddExisting_4_ServiceRequest" />
              <EnableRule Id="fdr.fdr_equipment.EnableRule.NorDisplayToES_Engineer" />
            </EnableRules>
            <DisplayRules>
              <DisplayRule Id="Mscrm.AddExisting" />
              <DisplayRule Id="Mscrm.ShowForManyToManyGrids" />
              <DisplayRule Id="Mscrm.AppendToPrimary" />
              <DisplayRule Id="Mscrm.AppendPrimary" />
              <DisplayRule Id="Mscrm.AppendSelected" />
              <DisplayRule Id="Mscrm.AppendToSelected" />
              <DisplayRule Id="fdr.fdr_equipment.HideAddExisting_4_ServiceRequest" />
            </DisplayRules>
            <Actions>
              <JavaScriptFunction FunctionName="XrmCore.Commands.AddFromSubGrid.addExistingFromSubGridAssociated" Library="$webresource:Main_system_library.js">
                <CrmParameter Value="SelectedEntityTypeName" />
                <CrmParameter Value="SelectedControl" />
              </JavaScriptFunction>
            </Actions>
          </CommandDefinition>
        </CommandDefinitions>
        <RuleDefinitions>
          <TabDisplayRules />
          <DisplayRules>
            <DisplayRule Id="Mscrm.AddExisting">
              <ReferencingAttributeRequiredRule Default="false" InvertResult="true" />
            </DisplayRule>
            <DisplayRule Id="Mscrm.AppendPrimary">
              <EntityPrivilegeRule PrivilegeType="Append" PrivilegeDepth="Basic" AppliesTo="PrimaryEntity" />
            </DisplayRule>
            <DisplayRule Id="Mscrm.AppendSelected">
              <EntityPrivilegeRule PrivilegeType="Append" PrivilegeDepth="Basic" AppliesTo="SelectedEntity" />
            </DisplayRule>
            <DisplayRule Id="Mscrm.AppendToPrimary">
              <EntityPrivilegeRule PrivilegeType="AppendTo" PrivilegeDepth="Basic" AppliesTo="PrimaryEntity" />
            </DisplayRule>
            <DisplayRule Id="Mscrm.AppendToSelected">
              <EntityPrivilegeRule PrivilegeType="AppendTo" PrivilegeDepth="Basic" AppliesTo="SelectedEntity" />
            </DisplayRule>
            <DisplayRule Id="Mscrm.ShowForManyToManyGrids">
              <RelationshipTypeRule AppliesTo="SelectedEntity" RelationshipType="ManyToMany" />
            </DisplayRule>
          </DisplayRules>
          <EnableRules>
            <EnableRule Id="fdr.fdr_equipment.EnableRule.DisableForInactive">
              <FormStateRule State="ReadOnly" InvertResult="true" />
              <FormStateRule State="Disabled" InvertResult="true" />
              <FormStateRule State="BulkEdit" InvertResult="true" />
            </EnableRule>
            <EnableRule Id="fdr.fdr_equipment.EnableRule.HideAddExisting_4_ServiceRequest">
              <EntityRule EntityName="fdr_servicerequest" AppliesTo="PrimaryEntity" Default="false" InvertResult="true" />
            </EnableRule>
            <EnableRule Id="fdr.fdr_equipment.EnableRule.NorDisplayToES_Engineer">
              <RecordPrivilegeRule PrivilegeType="Create" AppliesTo="PrimaryEntity" />
            </EnableRule>
            <EnableRule Id="fdr.fdr_equipment.EnableRule.ShowAddExisting_4_ServiceRequest">
              <EntityRule EntityName="fdr_servicerequest" AppliesTo="PrimaryEntity" Default="false" InvertResult="false" />
            </EnableRule>
            <EnableRule Id="Mscrm.AppendToPrimary">
              <RecordPrivilegeRule PrivilegeType="AppendTo" AppliesTo="PrimaryEntity" />
            </EnableRule>
            <EnableRule Id="Mscrm.EntityFormIsEnabled">
              <FormStateRule State="Disabled" InvertResult="true" />
            </EnableRule>
          </EnableRules>
        </RuleDefinitions>
        <LocLabels />
      </RibbonDiffXml>
    </Entity>
    <Entity>
      <Name LocalizedName="Function" OriginalName="Function">fdr_function</Name>
      <EntityInfo>
        <entity Name="fdr_function">
          <LocalizedNames>
            <LocalizedName description="Function" languagecode="1033" />
            <LocalizedName description="Fonction" languagecode="1036" />
          </LocalizedNames>
          <LocalizedCollectionNames>
            <LocalizedCollectionName description="Functions" languagecode="1033" />
            <LocalizedCollectionName description="Fonctions" languagecode="1036" />
          </LocalizedCollectionNames>
          <Descriptions>
            <Description description="" languagecode="1033" />
            <Description description="" languagecode="1036" />
          </Descriptions>
          <attributes />
          <EntitySetName>fdr_functions</EntitySetName>
          <IsDuplicateCheckSupported>1</IsDuplicateCheckSupported>
          <IsBusinessProcessEnabled>0</IsBusinessProcessEnabled>
          <IsRequiredOffline>0</IsRequiredOffline>
          <IsInteractionCentricEnabled>0</IsInteractionCentricEnabled>
          <IsCollaboration>0</IsCollaboration>
          <AutoRouteToOwnerQueue>0</AutoRouteToOwnerQueue>
          <IsConnectionsEnabled>0</IsConnectionsEnabled>
          <EntityColor></EntityColor>
          <IsDocumentManagementEnabled>0</IsDocumentManagementEnabled>
          <AutoCreateAccessTeams>0</AutoCreateAccessTeams>
          <IsOneNoteIntegrationEnabled>0</IsOneNoteIntegrationEnabled>
          <IsKnowledgeManagementEnabled>0</IsKnowledgeManagementEnabled>
          <IsSLAEnabled>0</IsSLAEnabled>
          <IsDocumentRecommendationsEnabled>0</IsDocumentRecommendationsEnabled>
          <IsBPFEntity>0</IsBPFEntity>
          <OwnershipTypeMask>UserOwned</OwnershipTypeMask>
          <IsAuditEnabled>1</IsAuditEnabled>
          <IsRetrieveAuditEnabled>0</IsRetrieveAuditEnabled>
          <IsRetrieveMultipleAuditEnabled>0</IsRetrieveMultipleAuditEnabled>
          <IsActivity>0</IsActivity>
          <ActivityTypeMask>CommunicationActivity</ActivityTypeMask>
          <IsActivityParty>0</IsActivityParty>
          <IsReplicated>0</IsReplicated>
          <IsReplicationUserFiltered>0</IsReplicationUserFiltered>
          <IsMailMergeEnabled>1</IsMailMergeEnabled>
          <IsVisibleInMobile>0</IsVisibleInMobile>
          <IsVisibleInMobileClient>0</IsVisibleInMobileClient>
          <IsReadOnlyInMobileClient>0</IsReadOnlyInMobileClient>
          <IsOfflineInMobileClient>0</IsOfflineInMobileClient>
          <DaysSinceRecordLastModified>0</DaysSinceRecordLastModified>
          <MobileOfflineFilters></MobileOfflineFilters>
          <IsMapiGridEnabled>1</IsMapiGridEnabled>
          <IsReadingPaneEnabled>1</IsReadingPaneEnabled>
          <IsQuickCreateEnabled>0</IsQuickCreateEnabled>
          <SyncToExternalSearchIndex>0</SyncToExternalSearchIndex>
          <IntroducedVersion>1.0</IntroducedVersion>
          <IsCustomizable>1</IsCustomizable>
          <IsRenameable>1</IsRenameable>
          <IsMappable>1</IsMappable>
          <CanModifyAuditSettings>1</CanModifyAuditSettings>
          <CanModifyMobileVisibility>1</CanModifyMobileVisibility>
          <CanModifyMobileClientVisibility>1</CanModifyMobileClientVisibility>
          <CanModifyMobileClientReadOnly>1</CanModifyMobileClientReadOnly>
          <CanModifyMobileClientOffline>1</CanModifyMobileClientOffline>
          <CanModifyConnectionSettings>1</CanModifyConnectionSettings>
          <CanModifyDuplicateDetectionSettings>1</CanModifyDuplicateDetectionSettings>
          <CanModifyMailMergeSettings>1</CanModifyMailMergeSettings>
          <CanModifyQueueSettings>1</CanModifyQueueSettings>
          <CanCreateAttributes>1</CanCreateAttributes>
          <CanCreateForms>1</CanCreateForms>
          <CanCreateCharts>1</CanCreateCharts>
          <CanCreateViews>1</CanCreateViews>
          <CanModifyAdditionalSettings>1</CanModifyAdditionalSettings>
          <CanEnableSyncToExternalSearchIndex>1</CanEnableSyncToExternalSearchIndex>
          <IconVectorName></IconVectorName>
          <EnforceStateTransitions>0</EnforceStateTransitions>
          <CanChangeHierarchicalRelationship>1</CanChangeHierarchicalRelationship>
          <EntityHelpUrlEnabled>0</EntityHelpUrlEnabled>
          <EntityHelpUrl></EntityHelpUrl>
          <ChangeTrackingEnabled>0</ChangeTrackingEnabled>
          <CanChangeTrackingBeEnabled>1</CanChangeTrackingBeEnabled>
          <IsEnabledForExternalChannels>0</IsEnabledForExternalChannels>
          <IsSolutionAware>0</IsSolutionAware>
        </entity>
      </EntityInfo>
      <SavedQueries>
        <savedqueries>
          <savedquery>
            <IsCustomizable>1</IsCustomizable>
            <CanBeDeleted>0</CanBeDeleted>
            <isquickfindquery>0</isquickfindquery>
            <isprivate>0</isprivate>
            <isdefault>1</isdefault>
            <savedqueryid>{45b45b77-e796-4457-96bd-6b68d47d437d}</savedqueryid>
            <layoutxml>
              <grid name="resultset" jump="fdr_name" select="1" icon="1" preview="1">
                <row name="result" id="fdr_functionid">
                  <cell name="fdr_englishname" width="200" imageproviderfunctionname="" imageproviderwebresource="$webresource:" />
                  <cell name="fdr_englishdescription" width="150" />
                  <cell name="fdr_frenchname" width="200" imageproviderfunctionname="" imageproviderwebresource="$webresource:" />
                  <cell name="fdr_frenchdescription" width="150" />
                  <cell name="createdon" width="125" />
                  <cell name="modifiedon" width="150" />
                  <cell name="statecode" width="150" />
                  <cell name="statuscode" width="150" />
                </row>
              </grid>
            </layoutxml>
            <querytype>0</querytype>
            <fetchxml>
              <fetch version="1.0" output-format="xml-platform" mapping="logical">
                <entity name="fdr_function">
                  <attribute name="createdon" />
                  <attribute name="fdr_englishname" />
                  <attribute name="fdr_englishdescription" />
                  <attribute name="fdr_frenchname" />
                  <attribute name="fdr_frenchdescription" />
                  <attribute name="modifiedon" />
                  <attribute name="statecode" />
                  <attribute name="statuscode" />
                  <order attribute="fdr_englishname" descending="false" />
                  <filter type="and">
                    <condition attribute="statecode" operator="eq" value="0" />
                  </filter>
                  <attribute name="fdr_functionid" />
                </entity>
              </fetch>
            </fetchxml>
            <IntroducedVersion>1.0</IntroducedVersion>
            <LocalizedNames>
              <LocalizedName description="Active Functions" languagecode="1033" />
              <LocalizedName description="Fonctions actifs" languagecode="1036" />
            </LocalizedNames>
          </savedquery>
          <savedquery>
            <IsCustomizable>1</IsCustomizable>
            <CanBeDeleted>0</CanBeDeleted>
            <isquickfindquery>0</isquickfindquery>
            <isprivate>0</isprivate>
            <isdefault>0</isdefault>
            <savedqueryid>{ecabb9f3-e987-4709-84ea-d658dbdf2b91}</savedqueryid>
            <layoutxml>
              <grid name="resultset" jump="fdr_name" select="1" icon="1" preview="1">
                <row name="result" id="fdr_functionid">
                  <cell name="fdr_englishname" width="200" imageproviderfunctionname="" imageproviderwebresource="$webresource:" />
                  <cell name="fdr_frenchname" width="200" imageproviderfunctionname="" imageproviderwebresource="$webresource:" />
                  <cell name="createdon" width="125" />
                </row>
              </grid>
            </layoutxml>
            <querytype>0</querytype>
            <fetchxml>
              <fetch version="1.0" mapping="logical">
                <entity name="fdr_function">
                  <attribute name="createdon" />
                  <order attribute="fdr_englishname" descending="false" />
                  <filter type="and">
                    <condition attribute="statecode" operator="eq" value="1" />
                  </filter>
                  <attribute name="fdr_frenchname" />
                  <attribute name="fdr_englishname" />
                  <attribute name="fdr_functionid" />
                </entity>
              </fetch>
            </fetchxml>
            <IntroducedVersion>1.0</IntroducedVersion>
            <LocalizedNames>
              <LocalizedName description="Inactive Functions" languagecode="1033" />
              <LocalizedName description="Fonctions inactifs" languagecode="1036" />
            </LocalizedNames>
          </savedquery>
        </savedqueries>
      </SavedQueries>
      <RibbonDiffXml>
        <CustomActions />
        <Templates>
          <RibbonTemplates Id="Mscrm.Templates"></RibbonTemplates>
        </Templates>
        <CommandDefinitions />
        <RuleDefinitions>
          <TabDisplayRules />
          <DisplayRules />
          <EnableRules />
        </RuleDefinitions>
        <LocLabels />
      </RibbonDiffXml>
    </Entity>
    <Entity>
      <Name LocalizedName="Function Limitation" OriginalName="Function Limitation">fdr_functionlimitation</Name>
      <EntityInfo>
        <entity Name="fdr_functionlimitation">
          <attributes>
            <attribute PhysicalName="fdr_name">
              <Type>nvarchar</Type>
              <Name>fdr_name</Name>
              <LogicalName>fdr_name</LogicalName>
              <RequiredLevel>required</RequiredLevel>
              <DisplayMask>PrimaryName|ValidForAdvancedFind|ValidForForm|ValidForGrid|RequiredForForm</DisplayMask>
              <ImeMode>auto</ImeMode>
              <ValidForUpdateApi>1</ValidForUpdateApi>
              <ValidForReadApi>1</ValidForReadApi>
              <ValidForCreateApi>1</ValidForCreateApi>
              <IsCustomField>1</IsCustomField>
              <IsAuditEnabled>1</IsAuditEnabled>
              <IsSecured>0</IsSecured>
              <IntroducedVersion>1.0.0.0</IntroducedVersion>
              <IsCustomizable>1</IsCustomizable>
              <IsRenameable>1</IsRenameable>
              <CanModifySearchSettings>1</CanModifySearchSettings>
              <CanModifyRequirementLevelSettings>1</CanModifyRequirementLevelSettings>
              <CanModifyAdditionalSettings>1</CanModifyAdditionalSettings>
              <SourceType>0</SourceType>
              <IsGlobalFilterEnabled>0</IsGlobalFilterEnabled>
              <IsSortableEnabled>0</IsSortableEnabled>
              <CanModifyGlobalFilterSettings>1</CanModifyGlobalFilterSettings>
              <CanModifyIsSortableSettings>1</CanModifyIsSortableSettings>
              <IsDataSourceSecret>0</IsDataSourceSecret>
              <AutoNumberFormat></AutoNumberFormat>
              <IsSearchable>1</IsSearchable>
              <IsFilterable>0</IsFilterable>
              <IsRetrievable>1</IsRetrievable>
              <IsLocalizable>0</IsLocalizable>
              <Format>text</Format>
              <MaxLength>500</MaxLength>
              <Length>1000</Length>
              <displaynames>
                <displayname description="Name" languagecode="1033" />
                <displayname description="Nom" languagecode="1036" />
              </displaynames>
              <Descriptions>
                <Description description="The name of the custom entity." languagecode="1033" />
                <Description description="" languagecode="1036" />
              </Descriptions>
            </attribute>
          </attributes>
        </entity>
      </EntityInfo>
      <RibbonDiffXml>
        <CustomActions>
          <HideCustomAction HideActionId="fdr.Mscrm.HomepageGrid.fdr_functionlimitation.NewRecord.Hide" Location="Mscrm.HomepageGrid.fdr_functionlimitation.NewRecord" />
        </CustomActions>
        <Templates>
          <RibbonTemplates Id="Mscrm.Templates"></RibbonTemplates>
        </Templates>
        <CommandDefinitions />
        <RuleDefinitions>
          <TabDisplayRules />
          <DisplayRules />
          <EnableRules />
        </RuleDefinitions>
        <LocLabels />
      </RibbonDiffXml>
    </Entity>
    <Entity>
      <Name LocalizedName="FDR Program" OriginalName="FDR Program">fdr_Program</Name>
      <EntityInfo>
        <entity Name="fdr_Program">
          <LocalizedNames>
            <LocalizedName description="FDR Program" languagecode="1033" />
            <LocalizedName description="Programme RIC" languagecode="1036" />
          </LocalizedNames>
          <LocalizedCollectionNames>
            <LocalizedCollectionName description="FDR Programs" languagecode="1033" />
            <LocalizedCollectionName description="Programme RIC" languagecode="1036" />
          </LocalizedCollectionNames>
          <Descriptions>
            <Description description="" languagecode="1033" />
          </Descriptions>
          <attributes />
          <EntitySetName>fdr_programs</EntitySetName>
          <IsDuplicateCheckSupported>1</IsDuplicateCheckSupported>
          <IsBusinessProcessEnabled>0</IsBusinessProcessEnabled>
          <IsRequiredOffline>0</IsRequiredOffline>
          <IsInteractionCentricEnabled>0</IsInteractionCentricEnabled>
          <IsCollaboration>0</IsCollaboration>
          <AutoRouteToOwnerQueue>0</AutoRouteToOwnerQueue>
          <IsConnectionsEnabled>0</IsConnectionsEnabled>
          <EntityColor></EntityColor>
          <IsDocumentManagementEnabled>0</IsDocumentManagementEnabled>
          <AutoCreateAccessTeams>0</AutoCreateAccessTeams>
          <IsOneNoteIntegrationEnabled>0</IsOneNoteIntegrationEnabled>
          <IsKnowledgeManagementEnabled>0</IsKnowledgeManagementEnabled>
          <IsSLAEnabled>0</IsSLAEnabled>
          <IsDocumentRecommendationsEnabled>0</IsDocumentRecommendationsEnabled>
          <IsBPFEntity>0</IsBPFEntity>
          <OwnershipTypeMask>OrgOwned</OwnershipTypeMask>
          <IsAuditEnabled>1</IsAuditEnabled>
          <IsRetrieveAuditEnabled>0</IsRetrieveAuditEnabled>
          <IsRetrieveMultipleAuditEnabled>0</IsRetrieveMultipleAuditEnabled>
          <IsActivity>0</IsActivity>
          <ActivityTypeMask>CommunicationActivity</ActivityTypeMask>
          <IsActivityParty>0</IsActivityParty>
          <IsReplicated>0</IsReplicated>
          <IsReplicationUserFiltered>0</IsReplicationUserFiltered>
          <IsMailMergeEnabled>1</IsMailMergeEnabled>
          <IsVisibleInMobile>0</IsVisibleInMobile>
          <IsVisibleInMobileClient>0</IsVisibleInMobileClient>
          <IsReadOnlyInMobileClient>0</IsReadOnlyInMobileClient>
          <IsOfflineInMobileClient>0</IsOfflineInMobileClient>
          <DaysSinceRecordLastModified>0</DaysSinceRecordLastModified>
          <MobileOfflineFilters></MobileOfflineFilters>
          <IsMapiGridEnabled>1</IsMapiGridEnabled>
          <IsReadingPaneEnabled>1</IsReadingPaneEnabled>
          <IsQuickCreateEnabled>0</IsQuickCreateEnabled>
          <SyncToExternalSearchIndex>0</SyncToExternalSearchIndex>
          <IntroducedVersion>1.0.0.0</IntroducedVersion>
          <IsCustomizable>1</IsCustomizable>
          <IsRenameable>1</IsRenameable>
          <IsMappable>1</IsMappable>
          <CanModifyAuditSettings>1</CanModifyAuditSettings>
          <CanModifyMobileVisibility>1</CanModifyMobileVisibility>
          <CanModifyMobileClientVisibility>1</CanModifyMobileClientVisibility>
          <CanModifyMobileClientReadOnly>1</CanModifyMobileClientReadOnly>
          <CanModifyMobileClientOffline>1</CanModifyMobileClientOffline>
          <CanModifyConnectionSettings>1</CanModifyConnectionSettings>
          <CanModifyDuplicateDetectionSettings>1</CanModifyDuplicateDetectionSettings>
          <CanModifyMailMergeSettings>1</CanModifyMailMergeSettings>
          <CanModifyQueueSettings>1</CanModifyQueueSettings>
          <CanCreateAttributes>1</CanCreateAttributes>
          <CanCreateForms>1</CanCreateForms>
          <CanCreateCharts>1</CanCreateCharts>
          <CanCreateViews>1</CanCreateViews>
          <CanModifyAdditionalSettings>1</CanModifyAdditionalSettings>
          <CanEnableSyncToExternalSearchIndex>1</CanEnableSyncToExternalSearchIndex>
          <IconVectorName></IconVectorName>
          <EnforceStateTransitions>0</EnforceStateTransitions>
          <CanChangeHierarchicalRelationship>1</CanChangeHierarchicalRelationship>
          <EntityHelpUrlEnabled>0</EntityHelpUrlEnabled>
          <EntityHelpUrl></EntityHelpUrl>
          <ChangeTrackingEnabled>0</ChangeTrackingEnabled>
          <CanChangeTrackingBeEnabled>1</CanChangeTrackingBeEnabled>
          <IsEnabledForExternalChannels>0</IsEnabledForExternalChannels>
          <IsSolutionAware>0</IsSolutionAware>
        </entity>
      </EntityInfo>
      <SavedQueries>
        <savedqueries>
          <savedquery>
            <IsCustomizable>1</IsCustomizable>
            <CanBeDeleted>0</CanBeDeleted>
            <isquickfindquery>0</isquickfindquery>
            <isprivate>0</isprivate>
            <isdefault>1</isdefault>
            <savedqueryid>{365af7cb-d64b-4cc1-b2be-10408b739f30}</savedqueryid>
            <layoutxml>
              <grid name="resultset" jump="fdr_name" select="1" icon="1" preview="1">
                <row name="result" id="fdr_programid">
                  <cell name="fdr_englishname" width="190" />
                  <cell name="fdr_englishdescription" width="220" />
                  <cell name="fdr_frenchname" width="166" />
                  <cell name="fdr_frenchdescription" width="234" />
                  <cell name="statecode" width="100" />
                  <cell name="createdon" width="211" />
                  <cell name="modifiedon" width="198" />
                </row>
              </grid>
            </layoutxml>
            <querytype>0</querytype>
            <fetchxml>
              <fetch version="1.0" mapping="logical">
                <entity name="fdr_program">
                  <attribute name="createdon" />
                  <order attribute="fdr_englishname" descending="false" />
                  <filter type="and">
                    <condition attribute="statecode" operator="eq" value="0" />
                  </filter>
                  <attribute name="fdr_englishname" />
                  <attribute name="fdr_englishdescription" />
                  <attribute name="fdr_frenchname" />
                  <attribute name="fdr_frenchdescription" />
                  <attribute name="statecode" />
                  <attribute name="modifiedon" />
                  <attribute name="fdr_programid" />
                </entity>
              </fetch>
            </fetchxml>
            <IntroducedVersion>1.0.0.0</IntroducedVersion>
            <LocalizedNames>
              <LocalizedName description="Active FDR Programs" languagecode="1033" />
              <LocalizedName description="Programmes actifs du RIC" languagecode="1036" />
            </LocalizedNames>
          </savedquery>
          <savedquery>
            <IsCustomizable>1</IsCustomizable>
            <CanBeDeleted>0</CanBeDeleted>
            <isquickfindquery>0</isquickfindquery>
            <isprivate>0</isprivate>
            <isdefault>0</isdefault>
            <savedqueryid>{44cc08cd-c594-48f6-8176-b2b4c72a2252}</savedqueryid>
            <layoutxml>
              <grid name="resultset" jump="fdr_name" select="1" icon="1" preview="1">
                <row name="result" id="fdr_programid">
                  <cell name="fdr_englishname" width="191" />
                  <cell name="fdr_englishdescription" width="278" />
                  <cell name="fdr_frenchname" width="144" />
                  <cell name="fdr_frenchdescription" width="260" />
                  <cell name="statecode" width="100" />
                  <cell name="createdon" width="125" />
                  <cell name="modifiedon" width="100" />
                </row>
              </grid>
            </layoutxml>
            <querytype>0</querytype>
            <fetchxml>
              <fetch version="1.0" mapping="logical">
                <entity name="fdr_program">
                  <attribute name="createdon" />
                  <order attribute="fdr_englishname" descending="false" />
                  <filter type="and">
                    <condition attribute="statecode" operator="eq" value="1" />
                  </filter>
                  <attribute name="fdr_englishname" />
                  <attribute name="fdr_englishdescription" />
                  <attribute name="fdr_frenchname" />
                  <attribute name="fdr_frenchdescription" />
                  <attribute name="statecode" />
                  <attribute name="modifiedon" />
                  <attribute name="fdr_programid" />
                </entity>
              </fetch>
            </fetchxml>
            <IntroducedVersion>1.0.0.0</IntroducedVersion>
            <LocalizedNames>
              <LocalizedName description="Inactive FDR Programs" languagecode="1033" />
              <LocalizedName description="Programmes inactifs du RIC" languagecode="1036" />
            </LocalizedNames>
          </savedquery>
        </savedqueries>
      </SavedQueries>
      <RibbonDiffXml>
        <CustomActions />
        <Templates>
          <RibbonTemplates Id="Mscrm.Templates"></RibbonTemplates>
        </Templates>
        <CommandDefinitions />
        <RuleDefinitions>
          <TabDisplayRules />
          <DisplayRules />
          <EnableRules />
        </RuleDefinitions>
        <LocLabels />
      </RibbonDiffXml>
    </Entity>
    <Entity>
      <Name LocalizedName="Regulatory Requirement" OriginalName="Regulatory Requirement">fdr_regulatoryrequirement</Name>
      <EntityInfo>
        <entity Name="fdr_regulatoryrequirement">
          <LocalizedNames>
            <LocalizedName description="Regulatory Requirement" languagecode="1033" />
            <LocalizedName description="Exigence réglementaire" languagecode="1036" />
          </LocalizedNames>
          <LocalizedCollectionNames>
            <LocalizedCollectionName description="Regulatory Requirements" languagecode="1033" />
            <LocalizedCollectionName description="Exigences réglementaires" languagecode="1036" />
          </LocalizedCollectionNames>
          <Descriptions>
            <Description description="" languagecode="1033" />
          </Descriptions>
          <attributes />
          <EntitySetName>fdr_regulatoryrequirements</EntitySetName>
          <IsDuplicateCheckSupported>1</IsDuplicateCheckSupported>
          <IsBusinessProcessEnabled>0</IsBusinessProcessEnabled>
          <IsRequiredOffline>0</IsRequiredOffline>
          <IsInteractionCentricEnabled>0</IsInteractionCentricEnabled>
          <IsCollaboration>0</IsCollaboration>
          <AutoRouteToOwnerQueue>0</AutoRouteToOwnerQueue>
          <IsConnectionsEnabled>0</IsConnectionsEnabled>
          <EntityColor></EntityColor>
          <IsDocumentManagementEnabled>0</IsDocumentManagementEnabled>
          <AutoCreateAccessTeams>0</AutoCreateAccessTeams>
          <IsOneNoteIntegrationEnabled>0</IsOneNoteIntegrationEnabled>
          <IsKnowledgeManagementEnabled>0</IsKnowledgeManagementEnabled>
          <IsSLAEnabled>0</IsSLAEnabled>
          <IsDocumentRecommendationsEnabled>0</IsDocumentRecommendationsEnabled>
          <IsBPFEntity>0</IsBPFEntity>
          <OwnershipTypeMask>UserOwned</OwnershipTypeMask>
          <IsAuditEnabled>0</IsAuditEnabled>
          <IsRetrieveAuditEnabled>0</IsRetrieveAuditEnabled>
          <IsRetrieveMultipleAuditEnabled>0</IsRetrieveMultipleAuditEnabled>
          <IsActivity>0</IsActivity>
          <ActivityTypeMask></ActivityTypeMask>
          <IsActivityParty>0</IsActivityParty>
          <IsReplicated>0</IsReplicated>
          <IsReplicationUserFiltered>0</IsReplicationUserFiltered>
          <IsMailMergeEnabled>0</IsMailMergeEnabled>
          <IsVisibleInMobile>0</IsVisibleInMobile>
          <IsVisibleInMobileClient>0</IsVisibleInMobileClient>
          <IsReadOnlyInMobileClient>0</IsReadOnlyInMobileClient>
          <IsOfflineInMobileClient>0</IsOfflineInMobileClient>
          <DaysSinceRecordLastModified>0</DaysSinceRecordLastModified>
          <MobileOfflineFilters></MobileOfflineFilters>
          <IsMapiGridEnabled>1</IsMapiGridEnabled>
          <IsReadingPaneEnabled>1</IsReadingPaneEnabled>
          <IsQuickCreateEnabled>1</IsQuickCreateEnabled>
          <SyncToExternalSearchIndex>0</SyncToExternalSearchIndex>
          <IntroducedVersion>1.0.0.0</IntroducedVersion>
          <IsCustomizable>1</IsCustomizable>
          <IsRenameable>1</IsRenameable>
          <IsMappable>1</IsMappable>
          <CanModifyAuditSettings>1</CanModifyAuditSettings>
          <CanModifyMobileVisibility>1</CanModifyMobileVisibility>
          <CanModifyMobileClientVisibility>1</CanModifyMobileClientVisibility>
          <CanModifyMobileClientReadOnly>1</CanModifyMobileClientReadOnly>
          <CanModifyMobileClientOffline>1</CanModifyMobileClientOffline>
          <CanModifyConnectionSettings>1</CanModifyConnectionSettings>
          <CanModifyDuplicateDetectionSettings>1</CanModifyDuplicateDetectionSettings>
          <CanModifyMailMergeSettings>1</CanModifyMailMergeSettings>
          <CanModifyQueueSettings>1</CanModifyQueueSettings>
          <CanCreateAttributes>1</CanCreateAttributes>
          <CanCreateForms>1</CanCreateForms>
          <CanCreateCharts>1</CanCreateCharts>
          <CanCreateViews>1</CanCreateViews>
          <CanModifyAdditionalSettings>1</CanModifyAdditionalSettings>
          <CanEnableSyncToExternalSearchIndex>1</CanEnableSyncToExternalSearchIndex>
          <EnforceStateTransitions>0</EnforceStateTransitions>
          <CanChangeHierarchicalRelationship>1</CanChangeHierarchicalRelationship>
          <EntityHelpUrlEnabled>0</EntityHelpUrlEnabled>
          <ChangeTrackingEnabled>0</ChangeTrackingEnabled>
          <CanChangeTrackingBeEnabled>1</CanChangeTrackingBeEnabled>
          <IsEnabledForExternalChannels>0</IsEnabledForExternalChannels>
          <IsSolutionAware>0</IsSolutionAware>
        </entity>
      </EntityInfo>
      <SavedQueries>
        <savedqueries>
          <savedquery>
            <IsCustomizable>1</IsCustomizable>
            <CanBeDeleted>0</CanBeDeleted>
            <isquickfindquery>0</isquickfindquery>
            <isprivate>0</isprivate>
            <isdefault>1</isdefault>
            <savedqueryid>{59cdfd10-e97b-43c1-8d29-991af31b7bdc}</savedqueryid>
            <layoutxml>
              <grid name="resultset" jump="fdr_name" select="1" icon="1" preview="1">
                <row name="result" id="fdr_regulatoryrequirementid">
                  <cell name="fdr_name" width="300" />
                  <cell name="createdon" width="125" />
                </row>
              </grid>
            </layoutxml>
            <querytype>0</querytype>
            <fetchxml>
              <fetch version="1.0" mapping="logical">
                <entity name="fdr_regulatoryrequirement">
                  <attribute name="fdr_regulatoryrequirementid" />
                  <attribute name="fdr_name" />
                  <attribute name="createdon" />
                  <order attribute="fdr_name" descending="false" />
                  <filter type="and">
                    <condition attribute="statecode" operator="eq" value="0" />
                  </filter>
                </entity>
              </fetch>
            </fetchxml>
            <IntroducedVersion>1.0.0.0</IntroducedVersion>
            <LocalizedNames>
              <LocalizedName description="Active Regulatory Requirements" languagecode="1033" />
              <LocalizedName description="Exigences réglementaires actifs" languagecode="1036" />
            </LocalizedNames>
          </savedquery>
          <savedquery>
            <IsCustomizable>1</IsCustomizable>
            <CanBeDeleted>0</CanBeDeleted>
            <isquickfindquery>0</isquickfindquery>
            <isprivate>0</isprivate>
            <isdefault>0</isdefault>
            <savedqueryid>{727db477-719d-4cdd-b9a8-df9b20d2ef93}</savedqueryid>
            <layoutxml>
              <grid name="resultset" jump="fdr_name" select="1" icon="1" preview="1">
                <row name="result" id="fdr_regulatoryrequirementid">
                  <cell name="fdr_name" width="300" />
                  <cell name="createdon" width="125" />
                </row>
              </grid>
            </layoutxml>
            <querytype>0</querytype>
            <fetchxml>
              <fetch version="1.0" mapping="logical">
                <entity name="fdr_regulatoryrequirement">
                  <attribute name="fdr_regulatoryrequirementid" />
                  <attribute name="fdr_name" />
                  <attribute name="createdon" />
                  <order attribute="fdr_name" descending="false" />
                  <filter type="and">
                    <condition attribute="statecode" operator="eq" value="1" />
                  </filter>
                </entity>
              </fetch>
            </fetchxml>
            <IntroducedVersion>1.0.0.0</IntroducedVersion>
            <LocalizedNames>
              <LocalizedName description="Inactive Regulatory Requirements" languagecode="1033" />
              <LocalizedName description="Exigences réglementaires inactifs" languagecode="1036" />
            </LocalizedNames>
          </savedquery>
        </savedqueries>
      </SavedQueries>
      <RibbonDiffXml>
        <CustomActions>
          <CustomAction Id="fdr.fdr_regulatoryrequirement.Button2.Button.AddExistingAssoc.CustomAction" Location="Mscrm.SubGrid.fdr_regulatoryrequirement.MainTab.Management.Controls._children" Sequence="0">
            <CommandUIDefinition>
              <Button Alt="$LocLabels:fdr_regulatoryrequirement.Button2.Button.AddExistingAssoc.Alt" Command="fdr_regulatoryrequirement.Button.AddExistingAssoc" CommandValueId="" Id="fdr_regulatoryrequirement.Button2.Button.AddExistingAssoc" Image32by32="/_imgs/ribbon/AddExistingStandard_32.png" Image16by16="/_imgs/ribbon/AddExistingStandard_16.png" LabelText="$LocLabels:fdr_regulatoryrequirement.Button2.Button.AddExistingAssoc.LabelText" Sequence="0" TemplateAlias="o1" ToolTipTitle="$LocLabels:fdr_regulatoryrequirement.Button2.Button.AddExistingAssoc.ToolTipTitle" ToolTipDescription="$LocLabels:fdr_regulatoryrequirement.Button2.Button.AddExistingAssoc.ToolTipDescription" ModernImage="AddExisting" />
            </CommandUIDefinition>
          </CustomAction>
        </CustomActions>
        <Templates>
          <RibbonTemplates Id="Mscrm.Templates"></RibbonTemplates>
        </Templates>
        <CommandDefinitions>
          <CommandDefinition Id="fdr_regulatoryrequirement.Button.AddExistingAssoc">
            <EnableRules>
              <EnableRule Id="Mscrm.AppendToPrimary" />
              <EnableRule Id="Mscrm.EntityFormIsEnabled" />
              <EnableRule Id="fdr.fdr_specification.EnableRule.ShowAddExisting_4_ServiceRequestFunction" />
            </EnableRules>
            <DisplayRules>
              <DisplayRule Id="Mscrm.AddExisting" />
              <DisplayRule Id="Mscrm.ShowForManyToManyGrids" />
              <DisplayRule Id="Mscrm.AppendToPrimary" />
              <DisplayRule Id="Mscrm.AppendPrimary" />
              <DisplayRule Id="Mscrm.AppendSelected" />
              <DisplayRule Id="Mscrm.AppendToSelected" />
            </DisplayRules>
            <Actions>
              <JavaScriptFunction FunctionName="Regs2SRF_Ribbon.openRegPanel" Library="$webresource:fdr_regulatoryrequirements_ribbon.js">
                <CrmParameter Value="FirstPrimaryItemId" />
                <CrmParameter Value="UserLcid" />
                <CrmParameter Value="SelectedControl" />
                <CrmParameter Value="PrimaryControl" />
              </JavaScriptFunction>
            </Actions>
          </CommandDefinition>
          <CommandDefinition Id="Mscrm.AddExistingRecordFromSubGridAssociated">
            <EnableRules>
              <EnableRule Id="Mscrm.AppendToPrimary" />
              <EnableRule Id="Mscrm.EntityFormIsEnabled" />
              <EnableRule Id="fdr.fdr_specification.EnableRule.HideAddExisting_4_ServiceRequestFunction" />
              <EnableRule Id="fdr.fdr_regulatoryrequirement.EnableRule.NorDisplayToES_Engineer" />
            </EnableRules>
            <DisplayRules>
              <DisplayRule Id="Mscrm.AddExisting" />
              <DisplayRule Id="Mscrm.ShowForManyToManyGrids" />
              <DisplayRule Id="Mscrm.AppendToPrimary" />
              <DisplayRule Id="Mscrm.AppendPrimary" />
              <DisplayRule Id="Mscrm.AppendSelected" />
              <DisplayRule Id="Mscrm.AppendToSelected" />
            </DisplayRules>
            <Actions>
              <JavaScriptFunction FunctionName="XrmCore.Commands.AddFromSubGrid.addExistingFromSubGridAssociated" Library="$webresource:Main_system_library.js">
                <CrmParameter Value="SelectedEntityTypeName" />
                <CrmParameter Value="SelectedControl" />
              </JavaScriptFunction>
            </Actions>
          </CommandDefinition>
        </CommandDefinitions>
        <RuleDefinitions>
          <TabDisplayRules />
          <DisplayRules />
          <EnableRules>
            <EnableRule Id="fdr.fdr_regulatoryrequirement.EnableRule.NorDisplayToES_Engineer">
              <RecordPrivilegeRule PrivilegeType="Create" AppliesTo="PrimaryEntity" />
            </EnableRule>
            <EnableRule Id="fdr.fdr_specification.EnableRule.HideAddExisting_4_ServiceRequestFunction">
              <EntityRule EntityName="fdr_servicerequest" AppliesTo="PrimaryEntity" Default="false" InvertResult="true" />
            </EnableRule>
            <EnableRule Id="fdr.fdr_specification.EnableRule.ShowAddExisting_4_ServiceRequestFunction">
              <EntityRule EntityName="fdr_servicerequest" AppliesTo="PrimaryEntity" Default="false" InvertResult="false" />
            </EnableRule>
          </EnableRules>
        </RuleDefinitions>
        <LocLabels>
          <LocLabel Id="fdr_regulatoryrequirement.Button2.Button.AddExistingAssoc.Alt">
            <Titles>
              <Title description="Add Existing {0}" languagecode="1033" />
              <Title description="Ajout d'exigences {0}" languagecode="1036" />
            </Titles>
          </LocLabel>
          <LocLabel Id="fdr_regulatoryrequirement.Button2.Button.AddExistingAssoc.LabelText">
            <Titles>
              <Title description="Add Existing {0}" languagecode="1033" />
              <Title description="Ajout d'exigences {0}" languagecode="1036" />
            </Titles>
          </LocLabel>
          <LocLabel Id="fdr_regulatoryrequirement.Button2.Button.AddExistingAssoc.ToolTipDescription">
            <Titles>
              <Title description="Add a {0} that already exists to the record you are working with." languagecode="1033" />
            </Titles>
          </LocLabel>
          <LocLabel Id="fdr_regulatoryrequirement.Button2.Button.AddExistingAssoc.ToolTipTitle">
            <Titles>
              <Title description="Add Existing {0}" languagecode="1033" />
              <Title description="Ajout d'exigences {0}" languagecode="1036" />
            </Titles>
          </LocLabel>
        </LocLabels>
      </RibbonDiffXml>
    </Entity>
    <Entity>
      <Name LocalizedName="Service Task Type" OriginalName="Service Task Type">msdyn_servicetasktype</Name>
      <EntityInfo>
        <entity Name="msdyn_servicetasktype">
          <LocalizedNames>
            <LocalizedName description="Service Task Type" languagecode="1033" />
          </LocalizedNames>
          <LocalizedCollectionNames>
            <LocalizedCollectionName description="Service Task Types" languagecode="1033" />
          </LocalizedCollectionNames>
          <Descriptions>
            <Description description="Specify the different service task and labor types that your resources perform as part of their work orders." languagecode="1033" />
          </Descriptions>
          <attributes />
          <EntitySetName>msdyn_servicetasktypes</EntitySetName>
          <IsDuplicateCheckSupported>1</IsDuplicateCheckSupported>
          <IsBusinessProcessEnabled>0</IsBusinessProcessEnabled>
          <IsRequiredOffline>0</IsRequiredOffline>
          <IsInteractionCentricEnabled>0</IsInteractionCentricEnabled>
          <IsCollaboration>0</IsCollaboration>
          <AutoRouteToOwnerQueue>0</AutoRouteToOwnerQueue>
          <IsConnectionsEnabled>0</IsConnectionsEnabled>
          <EntityColor></EntityColor>
          <IsDocumentManagementEnabled>0</IsDocumentManagementEnabled>
          <AutoCreateAccessTeams>0</AutoCreateAccessTeams>
          <IsOneNoteIntegrationEnabled>0</IsOneNoteIntegrationEnabled>
          <IsKnowledgeManagementEnabled>0</IsKnowledgeManagementEnabled>
          <IsSLAEnabled>0</IsSLAEnabled>
          <IsDocumentRecommendationsEnabled>0</IsDocumentRecommendationsEnabled>
          <IsBPFEntity>0</IsBPFEntity>
          <OwnershipTypeMask>UserOwned</OwnershipTypeMask>
          <IsAuditEnabled>1</IsAuditEnabled>
          <IsRetrieveAuditEnabled>0</IsRetrieveAuditEnabled>
          <IsRetrieveMultipleAuditEnabled>0</IsRetrieveMultipleAuditEnabled>
          <IsActivity>0</IsActivity>
          <ActivityTypeMask>CommunicationActivity</ActivityTypeMask>
          <IsActivityParty>0</IsActivityParty>
          <IsReplicated>0</IsReplicated>
          <IsReplicationUserFiltered>0</IsReplicationUserFiltered>
          <IsMailMergeEnabled>0</IsMailMergeEnabled>
          <IsVisibleInMobile>0</IsVisibleInMobile>
          <IsVisibleInMobileClient>1</IsVisibleInMobileClient>
          <IsReadOnlyInMobileClient>0</IsReadOnlyInMobileClient>
          <IsOfflineInMobileClient>1</IsOfflineInMobileClient>
          <DaysSinceRecordLastModified>0</DaysSinceRecordLastModified>
          <MobileOfflineFilters>&lt;fetch version="1.0" output-format="xml-platform" mapping="logical" distinct="false"&gt;&lt;entity name="msdyn_servicetasktype"&gt;&lt;/entity&gt;&lt;/fetch&gt;</MobileOfflineFilters>
          <IsMapiGridEnabled>1</IsMapiGridEnabled>
          <IsReadingPaneEnabled>0</IsReadingPaneEnabled>
          <IsQuickCreateEnabled>0</IsQuickCreateEnabled>
          <SyncToExternalSearchIndex>0</SyncToExternalSearchIndex>
          <IntroducedVersion>3.1.0.3</IntroducedVersion>
          <IconMediumName>msdyn_/Icons/Entity/ServiceActivity_32/_imgs/NavBar/Invisible.gif</IconMediumName>
          <IconSmallName>msdyn_/Icons/Entity/ServiceActivity_16.png</IconSmallName>
          <IconVectorName>msdyn_/Icons/SVG/ServiceTaskType.svg</IconVectorName>
          <EnforceStateTransitions>0</EnforceStateTransitions>
          <EntityHelpUrlEnabled>1</EntityHelpUrlEnabled>
          <EntityHelpUrl>http://go.microsoft.com/fwlink/?LinkId=773453</EntityHelpUrl>
          <ChangeTrackingEnabled>1</ChangeTrackingEnabled>
          <IsEnabledForExternalChannels>0</IsEnabledForExternalChannels>
          <IsSolutionAware>0</IsSolutionAware>
          <HasRelatedNotes>True</HasRelatedNotes>
        </entity>
      </EntityInfo>
      <SavedQueries>
        <savedqueries>
          <savedquery>
            <IsCustomizable>1</IsCustomizable>
            <CanBeDeleted>1</CanBeDeleted>
            <isquickfindquery>0</isquickfindquery>
            <isprivate>0</isprivate>
            <isdefault>0</isdefault>
            <savedqueryid>{95c1e105-6dfc-ec11-82e6-000d3a8483f6}</savedqueryid>
            <layoutxml>
              <grid name="resultset" jump="msdyn_name" select="1" icon="1" preview="1">
                <row name="result" id="msdyn_servicetasktypeid">
                  <cell name="msdyn_name" width="200" />
                  <cell name="ovs_servicetasktypenameenglish" width="252" />
                  <cell name="ovs_servicetasktypenamefrench" width="247" />
                  <cell name="fdr_lookupcode" width="143" />
                </row>
              </grid>
            </layoutxml>
            <querytype>0</querytype>
            <fetchxml>
              <fetch version="1.0" output-format="xml-platform" mapping="logical" distinct="true">
    <entity name="msdyn_servicetasktype">
        <attribute name="msdyn_name" />
        <attribute name="msdyn_servicetasktypeid" />
        <attribute name="fdr_lookupcode" />
        <attribute name="ovs_servicetasktypenameenglish" />
        <attribute name="ovs_servicetasktypenamefrench" />
        <filter type="and">
            <condition attribute="fdr_lookupcode" operator="not-null" />
        </filter>
    </entity>
</fetch>
            </fetchxml>
            <IntroducedVersion>1.0.0.0</IntroducedVersion>
            <LocalizedNames>
              <LocalizedName description="Time Activity Types" languagecode="1033" />
              <LocalizedName description="Types d'activitées de suivi de temps" languagecode="1036" />
            </LocalizedNames>
          </savedquery>
        </savedqueries>
      </SavedQueries>
      <RibbonDiffXml>
        <CustomActions />
        <Templates>
          <RibbonTemplates Id="Mscrm.Templates"></RibbonTemplates>
        </Templates>
        <CommandDefinitions />
        <RuleDefinitions>
          <TabDisplayRules />
          <DisplayRules />
          <EnableRules />
        </RuleDefinitions>
        <LocLabels />
      </RibbonDiffXml>
    </Entity>
  </Entities>
  <Roles></Roles>
  <Workflows></Workflows>
  <FieldSecurityProfiles></FieldSecurityProfiles>
  <Templates />
  <EntityMaps>
    <EntityMap>
      <EntitySource>fdr_containertype</EntitySource>
      <EntityTarget>fdr_containerfunction</EntityTarget>
      <AttributeMaps>
        <AttributeMap>
          <AttributeSource>fdr_designregistrationsupported</AttributeSource>
          <AttributeTarget>fdr_supportsdesignregistration</AttributeTarget>
        </AttributeMap>
      </AttributeMaps>
    </EntityMap>
  </EntityMaps>
  <EntityRelationships />
  <OrganizationSettings />
  <optionsets />
  <CustomControls />
  <AppModuleSiteMaps>
    <AppModuleSiteMap>
      <SiteMapUniqueName>fdr_FDRAdministration</SiteMapUniqueName>
      <EnableCollapsibleGroups>False</EnableCollapsibleGroups>
      <ShowHome>False</ShowHome>
      <ShowPinned>False</ShowPinned>
      <ShowRecents>False</ShowRecents>
      <SiteMap IntroducedVersion="7.0.0.0">
        <Area Id="NewArea_67fd8654" ResourceId="SitemapDesigner.NewTitle" DescriptionResourceId="SitemapDesigner.NewTitle" ShowGroups="true" IntroducedVersion="7.0.0.0">
          <Titles>
            <Title LCID="1033" Title="Main" />
            <Title LCID="1036" Title="Principal" />
          </Titles>
          <Group Id="NewGroup_67ee593c" ResourceId="SitemapDesigner.NewGroup" DescriptionResourceId="SitemapDesigner.NewGroup" IntroducedVersion="7.0.0.0" IsProfile="false" ToolTipResourseId="SitemapDesigner.Unknown">
            <Titles>
              <Title LCID="1033" Title="MOC Registration" />
              <Title LCID="1036" Title="Inscription de contenant" />
            </Titles>
            <SubArea Id="NewSubarea_a31a8f84" Icon="/_imgs/imagestrips/transparent_spacer.gif" Entity="fdr_servicerequest" Client="All,Outlook,OutlookLaptopClient,OutlookWorkstationClient,Web" AvailableOffline="true" PassParams="false" Sku="All,OnPremise,Live,SPLA" />
            <SubArea Id="NewSubarea_1545012d" Icon="/_imgs/imagestrips/transparent_spacer.gif" Entity="fdr_design" Client="All,Outlook,OutlookLaptopClient,OutlookWorkstationClient,Web" AvailableOffline="true" PassParams="false" Sku="All,OnPremise,Live,SPLA" />
          </Group>
          <Group Id="NewGroup_b459f1d6" ResourceId="SitemapDesigner.NewGroup" IsProfile="false" ToolTipResourseId="SitemapDesigner.Unknown">
            <Titles>
              <Title LCID="1033" Title="Oversight" />
              <Title LCID="1036" Title="Surveillance" />
            </Titles>
            <SubArea Id="NewSubArea_977e6fe5" Icon="/_imgs/imagestrips/transparent_spacer.gif" Entity="msdyn_workorder" Client="All,Outlook,OutlookLaptopClient,OutlookWorkstationClient,Web" AvailableOffline="true" PassParams="false" Sku="All,OnPremise,Live,SPLA">
              <Titles>
                <Title LCID="1036" Title="Ordres de Travail" />
              </Titles>
            </SubArea>
            <SubArea Id="NewSubArea_51161c3d" Icon="/_imgs/imagestrips/transparent_spacer.gif" Entity="account" Client="All,Outlook,OutlookLaptopClient,OutlookWorkstationClient,Web" AvailableOffline="true" PassParams="false" Sku="All,OnPremise,Live,SPLA" />
            <SubArea Id="NewSubArea_acf5e9ec" Icon="/_imgs/imagestrips/transparent_spacer.gif" Entity="ovs_mocregistration" Client="All,Outlook,OutlookLaptopClient,OutlookWorkstationClient,Web" AvailableOffline="true" PassParams="false" Sku="All,OnPremise,Live,SPLA" />
            <SubArea Id="NewSubArea_b0d11649" Icon="/_imgs/imagestrips/transparent_spacer.gif" Entity="contact" Client="All,Outlook,OutlookLaptopClient,OutlookWorkstationClient,Web" AvailableOffline="true" PassParams="false" Sku="All,OnPremise,Live,SPLA" />
          </Group>
          <Group Id="NewGroup_08fb6f2d" ResourceId="SitemapDesigner.NewGroup" IsProfile="false" ToolTipResourseId="SitemapDesigner.Unknown">
            <Titles>
              <Title LCID="1033" Title="Reports" />
              <Title LCID="1036" Title="Rapports" />
            </Titles>
            <SubArea Id="NewSubArea_2fa0e64d" ResourceId="Homepage_Dashboards" DescriptionResourceId="Dashboards_Description" Url="/workplace/home_dashboards.aspx" DefaultDashboard="788f109d-7b80-ed11-81ad-0022483d0343" Client="All,Outlook,OutlookLaptopClient,OutlookWorkstationClient,Web" AvailableOffline="true" PassParams="false" Sku="All,OnPremise,Live,SPLA" />
          </Group>
        </Area>
        <Area Id="NewArea_bdef809b" ResourceId="SitemapDesigner.NewArea" ShowGroups="false">
          <Titles>
            <Title LCID="1033" Title="Settings" />
            <Title LCID="1036" Title="Paramètres" />
          </Titles>
          <Group Id="NewGroup_2215c4ca" ResourceId="SitemapDesigner.NewGroup" DescriptionResourceId="SitemapDesigner.NewGroup" IntroducedVersion="7.0.0.0" IsProfile="false" ToolTipResourseId="SitemapDesigner.Unknown">
            <Titles>
              <Title LCID="1033" Title="Lookup Data" />
              <Title LCID="1036" Title="Données de recherche" />
            </Titles>
            <SubArea Id="NewSubarea_3b7364b8" Entity="fdr_program" Client="All,Outlook,OutlookLaptopClient,OutlookWorkstationClient,Web" AvailableOffline="true" PassParams="false" Sku="All,OnPremise,Live,SPLA">
              <Titles>
                <Title LCID="1033" Title="Programs" />
                <Title LCID="1036" Title="Programmes RIC" />
              </Titles>
            </SubArea>
            <SubArea Id="NewSubarea_cbd00139" Entity="fdr_containertype" Client="All,Outlook,OutlookLaptopClient,OutlookWorkstationClient,Web" AvailableOffline="true" PassParams="false" Sku="All,OnPremise,Live,SPLA">
              <Titles>
                <Title LCID="1036" Title="Type d'inscription" />
              </Titles>
            </SubArea>
            <SubArea Id="NewSubarea_f21cd9fc" Entity="fdr_function" Client="All,Outlook,OutlookLaptopClient,OutlookWorkstationClient,Web" AvailableOffline="true" PassParams="false" Sku="All,OnPremise,Live,SPLA" />
            <SubArea Id="NewSubarea_a3a9a7d3" Entity="fdr_specification" Client="All,Outlook,OutlookLaptopClient,OutlookWorkstationClient,Web" AvailableOffline="true" PassParams="false" Sku="All,OnPremise,Live,SPLA" />
            <SubArea Id="NewSubarea_6a003ef5" Entity="fdr_limitation" Client="All,Outlook,OutlookLaptopClient,OutlookWorkstationClient,Web" AvailableOffline="true" PassParams="false" Sku="All,OnPremise,Live,SPLA" />
            <SubArea Id="NewSubArea_e6143531" Entity="fdr_regulatoryrequirement" Client="All,Outlook,OutlookLaptopClient,OutlookWorkstationClient,Web" AvailableOffline="true" PassParams="false" Sku="All,OnPremise,Live,SPLA">
              <Titles>
                <Title LCID="1036" Title="Exigences réglementaires" />
              </Titles>
            </SubArea>
            <SubArea Id="NewSubarea_1869e9fe" Entity="fdr_containerfunction" Client="All,Outlook,OutlookLaptopClient,OutlookWorkstationClient,Web" AvailableOffline="true" PassParams="false" Sku="All,OnPremise,Live,SPLA">
              <Titles>
                <Title LCID="1036" Title="Fonction du Contenant" />
              </Titles>
            </SubArea>
            <SubArea Id="NewSubarea_d6675c0e" Entity="fdr_certification" Client="All,Outlook,OutlookLaptopClient,OutlookWorkstationClient,Web" AvailableOffline="true" PassParams="false" Sku="All,OnPremise,Live,SPLA">
              <Titles>
                <Title LCID="1033" Title="Certifications" />
              </Titles>
            </SubArea>
            <SubArea Id="NewSubArea_9a6c8188" Entity="fdr_designmarkingrequirement" Client="All,Outlook,OutlookLaptopClient,OutlookWorkstationClient,Web" AvailableOffline="true" PassParams="false" Sku="All,OnPremise,Live,SPLA" />
            <SubArea Id="NewSubArea_0882dc53" Entity="fdr_costrecoveryattribute" Client="All,Outlook,OutlookLaptopClient,OutlookWorkstationClient,Web" AvailableOffline="true" PassParams="false" Sku="All,OnPremise,Live,SPLA">
              <Titles>
                <Title LCID="1036" Title="Attributs de recouvrement des coûts" />
              </Titles>
            </SubArea>
            <SubArea Id="NewSubArea_90da7457" Entity="qm_tylegislationsource" Client="All,Outlook,OutlookLaptopClient,OutlookWorkstationClient,Web" AvailableOffline="true" PassParams="false" Sku="All,OnPremise,Live,SPLA">
              <Titles>
                <Title LCID="1033" Title="Legislation Sources" />
                <Title LCID="1036" Title="Sources de la législation" />
              </Titles>
            </SubArea>
            <SubArea Id="subarea_0a82ad0c" Entity="msdyn_servicetasktype" Client="All,Outlook,OutlookLaptopClient,OutlookWorkstationClient,Web" AvailableOffline="true" PassParams="false" Sku="All,OnPremise,Live,SPLA">
              <Titles>
                <Title LCID="1033" Title="Time Activity Types" />
                <Title LCID="1036" Title="Types d'activité de temps" />
              </Titles>
            </SubArea>
            <SubArea Id="NewSubArea_78d7e0b9" Entity="fdr_equipment" Client="All,Outlook,OutlookLaptopClient,OutlookWorkstationClient,Web" AvailableOffline="true" PassParams="false" Sku="All,OnPremise,Live,SPLA">
              <Titles>
                <Title LCID="1033" Title="Equipments" />
                <Title LCID="1036" Title="Équipement" />
              </Titles>
            </SubArea>
          </Group>
        </Area>
      </SiteMap>
      <LocalizedNames>
        <LocalizedName description="ES Administration" languagecode="1033" />
        <LocalizedName description="Administration SI" languagecode="1036" />
      </LocalizedNames>
    </AppModuleSiteMap>
  </AppModuleSiteMaps>
  <EntityDataProviders />
  <Languages>
    <Language>1033</Language>
    <Language>1036</Language>
  </Languages>
</ImportExportXml>