<ImportExportXml version="9.2.21112.125" SolutionPackageVersion="9.2" languagecode="1033" generatedBy="CrmLive" xmlns:xsi="http://www.w3.org/2001/XMLSchema-instance">
  <SolutionManifest>
    <UniqueName>TC_GlobalCore_Patch_09b3509f</UniqueName>
    <LocalizedNames>
      <LocalizedName description="TDG Core Schema" languagecode="1033" />
    </LocalizedNames>
    <Descriptions>
      <Description description="Patch for TDG Core Schema" languagecode="1033" />
    </Descriptions>
    <ParentUniqueName>TC_GlobalCore</ParentUniqueName>
    <Version>1.122.4.0</Version>
    <Managed>0</Managed>
    <Publisher>
      <UniqueName>oversightpublisher</UniqueName>
      <LocalizedNames>
        <LocalizedName description="Oversight" languagecode="1033" />
        <LocalizedName description="Surveillance" languagecode="1036" />
      </LocalizedNames>
      <Descriptions>
        <Description description="This is the common solution for AvSec Inspection and TDG Inspection." languagecode="1033" />
        <Description description="Il s’agit de la solution courante pour l’inspection de la sûreté de l’aviation et l’inspection du TMD." languagecode="1036" />
      </Descriptions>
      <EMailAddress xsi:nil="true"></EMailAddress>
      <SupportingWebsiteUrl xsi:nil="true"></SupportingWebsiteUrl>
      <CustomizationPrefix>ovs</CustomizationPrefix>
      <CustomizationOptionValuePrefix>91864</CustomizationOptionValuePrefix>
      <Addresses>
        <Address>
          <AddressNumber>1</AddressNumber>
          <AddressTypeCode>1</AddressTypeCode>
          <City xsi:nil="true"></City>
          <County xsi:nil="true"></County>
          <Country xsi:nil="true"></Country>
          <Fax xsi:nil="true"></Fax>
          <FreightTermsCode xsi:nil="true"></FreightTermsCode>
          <ImportSequenceNumber xsi:nil="true"></ImportSequenceNumber>
          <Latitude xsi:nil="true"></Latitude>
          <Line1 xsi:nil="true"></Line1>
          <Line2 xsi:nil="true"></Line2>
          <Line3 xsi:nil="true"></Line3>
          <Longitude xsi:nil="true"></Longitude>
          <Name xsi:nil="true"></Name>
          <PostalCode xsi:nil="true"></PostalCode>
          <PostOfficeBox xsi:nil="true"></PostOfficeBox>
          <PrimaryContactName xsi:nil="true"></PrimaryContactName>
          <ShippingMethodCode>1</ShippingMethodCode>
          <StateOrProvince xsi:nil="true"></StateOrProvince>
          <Telephone1 xsi:nil="true"></Telephone1>
          <Telephone2 xsi:nil="true"></Telephone2>
          <Telephone3 xsi:nil="true"></Telephone3>
          <TimeZoneRuleVersionNumber xsi:nil="true"></TimeZoneRuleVersionNumber>
          <UPSZone xsi:nil="true"></UPSZone>
          <UTCOffset xsi:nil="true"></UTCOffset>
          <UTCConversionTimeZoneCode xsi:nil="true"></UTCConversionTimeZoneCode>
        </Address>
        <Address>
          <AddressNumber>2</AddressNumber>
          <AddressTypeCode>1</AddressTypeCode>
          <City xsi:nil="true"></City>
          <County xsi:nil="true"></County>
          <Country xsi:nil="true"></Country>
          <Fax xsi:nil="true"></Fax>
          <FreightTermsCode xsi:nil="true"></FreightTermsCode>
          <ImportSequenceNumber xsi:nil="true"></ImportSequenceNumber>
          <Latitude xsi:nil="true"></Latitude>
          <Line1 xsi:nil="true"></Line1>
          <Line2 xsi:nil="true"></Line2>
          <Line3 xsi:nil="true"></Line3>
          <Longitude xsi:nil="true"></Longitude>
          <Name xsi:nil="true"></Name>
          <PostalCode xsi:nil="true"></PostalCode>
          <PostOfficeBox xsi:nil="true"></PostOfficeBox>
          <PrimaryContactName xsi:nil="true"></PrimaryContactName>
          <ShippingMethodCode>1</ShippingMethodCode>
          <StateOrProvince xsi:nil="true"></StateOrProvince>
          <Telephone1 xsi:nil="true"></Telephone1>
          <Telephone2 xsi:nil="true"></Telephone2>
          <Telephone3 xsi:nil="true"></Telephone3>
          <TimeZoneRuleVersionNumber xsi:nil="true"></TimeZoneRuleVersionNumber>
          <UPSZone xsi:nil="true"></UPSZone>
          <UTCOffset xsi:nil="true"></UTCOffset>
          <UTCConversionTimeZoneCode xsi:nil="true"></UTCConversionTimeZoneCode>
        </Address>
      </Addresses>
    </Publisher>
    <RootComponents>
      <RootComponent type="1" schemaName="account" behavior="1" />
      <RootComponent type="1" schemaName="bookableresourcebooking" behavior="2" />
      <RootComponent type="1" schemaName="msdyn_workorder" behavior="1" />
      <RootComponent type="1" schemaName="ovs_aircrafttype" behavior="1" />
      <RootComponent type="1" schemaName="ovs_airoperatorfunction" behavior="1" />
      <RootComponent type="1" schemaName="ovs_airoperatortype" behavior="1" />
      <RootComponent type="1" schemaName="ovs_cdnop" behavior="0" />
      <RootComponent type="1" schemaName="ovs_cdregionalnop" behavior="0" />
      <RootComponent type="1" schemaName="ovs_lob" behavior="0" />
      <RootComponent type="1" schemaName="ovs_mocfacilitytype" behavior="0" />
      <RootComponent type="1" schemaName="ovs_mocregistration" behavior="1" />
      <RootComponent type="1" schemaName="ovs_moctype" behavior="1" />
      <RootComponent type="1" schemaName="ovs_modes" behavior="1" />
      <RootComponent type="1" schemaName="ovs_nopprocessflow" behavior="0" />
      <RootComponent type="1" schemaName="ovs_regionalnopprocessflow" behavior="0" />
      <RootComponent type="1" schemaName="ovs_workordercandidate" behavior="1" />
      <RootComponent type="1" schemaName="qm_rclegislation" behavior="1" />
      <RootComponent type="1" schemaName="tc_tcfiscalyear" behavior="0" />
      <RootComponent type="1" schemaName="tdg_unnumber" behavior="1" />
      <RootComponent type="1" schemaName="territory" behavior="1" />
      <RootComponent type="9" schemaName="ovs_mocprogram" behavior="0" />
      <RootComponent type="9" schemaName="ovs_operationtype" behavior="0" />
      <RootComponent type="9" schemaName="ovs_riskcategory" behavior="0" />
      <RootComponent type="29" id="{01c6a4aa-a4de-4ff9-8ae4-e55aa4326e1f}" behavior="0" />
      <RootComponent type="29" id="{1f844e99-b9d9-4517-b617-a49148f15ec3}" behavior="0" />
      <RootComponent type="61" schemaName="ovs_Labels.1033.resx" behavior="0" />
      <RootComponent type="61" schemaName="ovs_Labels.1036.resx" behavior="0" />
      <RootComponent type="61" schemaName="ovs_LegislationMainForm" behavior="0" />
      <RootComponent type="61" schemaName="ovs_moc_mainform" behavior="0" />
      <RootComponent type="61" schemaName="ovs_NOPMainForm" behavior="0" />
      <RootComponent type="61" schemaName="ovs_OperationMainForm" behavior="0" />
      <RootComponent type="61" schemaName="ovs_RegionalNOPMainForm" behavior="0" />
      <RootComponent type="61" schemaName="qm_/ViolationHistoryGrid.html" behavior="0" />
    </RootComponents>
    <MissingDependencies>
      <MissingDependency>
        <Required type="1" schemaName="bookableresourcebooking" displayName="Booking" solution="msdynce_Scheduling (9.0.0.0)" />
        <Dependent type="1" schemaName="bookableresourcebooking" displayName="Booking" />
      </MissingDependency>
      <MissingDependency>
        <Required type="1" schemaName="msdyn_workorder" displayName="Work Order" solution="FieldService (8.8.0.88)">
          <package>FieldService_Anchor (8.8.55.10)</package>
        </Required>
        <Dependent type="1" schemaName="msdyn_workorder" displayName="Work Order" />
      </MissingDependency>
      <MissingDependency>
        <Required type="1" schemaName="opportunity" displayName="Opportunity" solution="msdynce_Sales (9.0.4.0076)">
          <package>msdynce_SalesAnchor (9.0.21113.10001)</package>
        </Required>
        <Dependent type="2" schemaName="opendeals" displayName="Open Deals" parentSchemaName="account" parentDisplayName="Account" />
      </MissingDependency>
      <MissingDependency>
        <Required type="1" schemaName="opportunity" displayName="Opportunity" solution="msdynce_Sales (9.0.4.0076)">
          <package>msdynce_SalesAnchor (9.0.21113.10001)</package>
        </Required>
        <Dependent type="2" schemaName="openrevenue" displayName="Open Revenue" parentSchemaName="account" parentDisplayName="Account" />
      </MissingDependency>
      <MissingDependency>
        <Required type="1" schemaName="ovs_accountclass" displayName="Account Class" solution="Active" />
        <Dependent type="60" displayName="TDG Site Profile" parentDisplayName="Account" id="{db5d5927-e1b5-440f-b55b-e0a95e1b053b}" />
      </MissingDependency>
      <MissingDependency>
        <Required type="1" schemaName="ovs_accountun" displayName="Account UN Number" solution="Active" />
        <Dependent type="60" displayName="TDG Site Profile" parentDisplayName="Account" id="{db5d5927-e1b5-440f-b55b-e0a95e1b053b}" />
      </MissingDependency>
      <MissingDependency>
        <Required type="1" schemaName="ovs_aircrafttype" displayName="Aircraft Type" solution="Active" />
        <Dependent type="1" schemaName="ovs_aircrafttype" displayName="Aircraft Type" />
      </MissingDependency>
      <MissingDependency>
        <Required type="1" schemaName="ovs_airoperatorfunction" displayName="Air Operator Function" solution="Active" />
        <Dependent type="1" schemaName="ovs_airoperatorfunction" displayName="Air Operator Function" />
      </MissingDependency>
      <MissingDependency>
        <Required type="1" schemaName="ovs_airoperatortype" displayName="Air Operator Type" solution="Active" />
        <Dependent type="1" schemaName="ovs_airoperatortype" displayName="Air Operator Type" />
      </MissingDependency>
      <MissingDependency>
        <Required type="1" schemaName="ovs_mocregistration" displayName="Operation" solution="Active" />
        <Dependent type="1" schemaName="ovs_mocregistration" displayName="Operation" />
      </MissingDependency>
      <MissingDependency>
        <Required type="1" schemaName="ovs_moctype" displayName="MOC Type" solution="Active" />
        <Dependent type="1" schemaName="ovs_moctype" displayName="MOC Type" />
      </MissingDependency>
      <MissingDependency>
        <Required type="1" schemaName="ovs_modes" displayName="Modes" solution="Active" />
        <Dependent type="1" schemaName="ovs_modes" displayName="Modes" />
      </MissingDependency>
      <MissingDependency>
        <Required type="1" schemaName="ovs_operation" displayName="Operation" solution="Active" />
        <Dependent type="1" schemaName="ovs_lob" displayName="LOB" />
      </MissingDependency>
      <MissingDependency>
        <Required type="1" schemaName="ovs_operationclass" displayName="Operation Class" solution="Active" />
        <Dependent type="60" displayName="Information" parentDisplayName="Operation" id="{a09fc69f-3ace-46b5-85f1-be132f683042}" />
      </MissingDependency>
      <MissingDependency>
        <Required type="1" schemaName="ovs_operationunnumber" displayName="Operation UN Number" solution="Active" />
        <Dependent type="60" displayName="Information" parentDisplayName="Operation" id="{a09fc69f-3ace-46b5-85f1-be132f683042}" />
      </MissingDependency>
      <MissingDependency>
        <Required type="1" schemaName="ovs_tyohsequipmenttype" displayName="OHS Equipment Type" solution="Active" />
        <Dependent type="60" displayName="TDG Site Profile" parentDisplayName="Account" id="{db5d5927-e1b5-440f-b55b-e0a95e1b053b}" />
      </MissingDependency>
      <MissingDependency>
        <Required type="1" schemaName="ovs_tyohsnote" displayName="OHS Note" solution="Active" />
        <Dependent type="60" displayName="TDG Site Profile" parentDisplayName="Account" id="{db5d5927-e1b5-440f-b55b-e0a95e1b053b}" />
      </MissingDependency>
      <MissingDependency>
        <Required type="1" schemaName="ovs_unplannedforecast" displayName="Unplanned Forecast" solution="Active" />
        <Dependent type="1" schemaName="tc_tcfiscalyear" displayName="TCFiscalYear" />
      </MissingDependency>
      <MissingDependency>
        <Required type="1" schemaName="ovs_workordercandidate" displayName="Work Order Candidate" solution="Active" />
        <Dependent type="1" schemaName="ovs_workordercandidate" displayName="Work Order Candidate" />
      </MissingDependency>
      <MissingDependency>
        <Required type="1" schemaName="qm_rclegislation" displayName="Legislation" solution="Active" />
        <Dependent type="1" schemaName="qm_rclegislation" displayName="Legislation" />
      </MissingDependency>
      <MissingDependency>
        <Required type="1" schemaName="qm_tylegislationcharacteristic" displayName="Legislation Characteristic" solution="Active" />
        <Dependent type="60" displayName="Information" parentDisplayName="Legislation" id="{d55caf0a-bae4-4d40-b008-b253ab4ce243}" />
      </MissingDependency>
      <MissingDependency>
        <Required type="1" schemaName="tc_tcfiscalperiod" displayName="TCFiscalPeriod" solution="Active" />
        <Dependent type="1" schemaName="tc_tcfiscalyear" displayName="TCFiscalYear" />
      </MissingDependency>
      <MissingDependency>
        <Required type="1" schemaName="tc_tcfiscalquarter" displayName="TCFiscalQuarter" solution="Active" />
        <Dependent type="1" schemaName="tc_tcfiscalyear" displayName="TCFiscalYear" />
      </MissingDependency>
      <MissingDependency>
        <Required type="1" schemaName="tdg_unnumber" displayName="UN Number" solution="Active" />
        <Dependent type="1" schemaName="tdg_unnumber" displayName="UN Number" />
      </MissingDependency>
      <MissingDependency>
        <Required type="1" schemaName="territory" displayName="Region" solution="msdynce_AppCommon (9.0.4.0066)">
          <package>msdynce_AppCommonAnchor (9.0.21113.10002)</package>
        </Required>
        <Dependent type="1" schemaName="territory" displayName="Region" />
      </MissingDependency>
      <MissingDependency>
        <Required type="10" schemaName="msdyn_account_account_BillingAccount" displayName="msdyn_account_account_BillingAccount" parentSchemaName="account" parentDisplayName="Account" solution="FieldServiceCommon (1.0.0.187)">
          <package>FieldService_Anchor (8.8.55.10)</package>
        </Required>
        <Dependent type="60" displayName="TDG Site Profile" parentDisplayName="Account" id="{db5d5927-e1b5-440f-b55b-e0a95e1b053b}" />
      </MissingDependency>
      <MissingDependency>
        <Required type="10" schemaName="msdyn_account_msdyn_agreement_BillingAccount" displayName="msdyn_account_msdyn_agreement_BillingAccount" parentSchemaName="account" parentDisplayName="Account" solution="FieldService (8.8.0.88)">
          <package>FieldService_Anchor (8.8.55.10)</package>
        </Required>
        <Dependent type="60" displayName="TDG Site Profile" parentDisplayName="Account" id="{db5d5927-e1b5-440f-b55b-e0a95e1b053b}" />
      </MissingDependency>
      <MissingDependency>
        <Required type="10" schemaName="msdyn_account_msdyn_agreement_ServiceAccount" displayName="msdyn_account_msdyn_agreement_ServiceAccount" parentSchemaName="account" parentDisplayName="Account" solution="FieldService (8.8.0.88)">
          <package>FieldService_Anchor (8.8.55.10)</package>
        </Required>
        <Dependent type="60" displayName="TDG Site Profile" parentDisplayName="Account" id="{db5d5927-e1b5-440f-b55b-e0a95e1b053b}" />
      </MissingDependency>
      <MissingDependency>
        <Required type="10" schemaName="msdyn_account_msdyn_payment_Account" displayName="msdyn_account_msdyn_payment_Account" parentSchemaName="account" parentDisplayName="Account" solution="FieldService (8.8.0.88)">
          <package>FieldService_Anchor (8.8.55.10)</package>
        </Required>
        <Dependent type="60" displayName="TDG Site Profile" parentDisplayName="Account" id="{db5d5927-e1b5-440f-b55b-e0a95e1b053b}" />
      </MissingDependency>
      <MissingDependency>
        <Required type="10" schemaName="msdyn_account_msdyn_purchaseorder_Vendor" displayName="msdyn_account_msdyn_purchaseorder_Vendor" parentSchemaName="account" parentDisplayName="Account" solution="FieldServiceCommon (1.0.0.187)">
          <package>FieldService_Anchor (8.8.55.10)</package>
        </Required>
        <Dependent type="60" displayName="TDG Site Profile" parentDisplayName="Account" id="{db5d5927-e1b5-440f-b55b-e0a95e1b053b}" />
      </MissingDependency>
      <MissingDependency>
        <Required type="10" schemaName="msdyn_account_msdyn_rma_BillingAccount" displayName="msdyn_account_msdyn_rma_BillingAccount" parentSchemaName="account" parentDisplayName="Account" solution="FieldService (8.8.0.88)">
          <package>FieldService_Anchor (8.8.55.10)</package>
        </Required>
        <Dependent type="60" displayName="TDG Site Profile" parentDisplayName="Account" id="{db5d5927-e1b5-440f-b55b-e0a95e1b053b}" />
      </MissingDependency>
      <MissingDependency>
        <Required type="10" schemaName="msdyn_account_msdyn_rma_ServiceAccount" displayName="msdyn_account_msdyn_rma_ServiceAccount" parentSchemaName="account" parentDisplayName="Account" solution="FieldService (8.8.0.88)">
          <package>FieldService_Anchor (8.8.55.10)</package>
        </Required>
        <Dependent type="60" displayName="TDG Site Profile" parentDisplayName="Account" id="{db5d5927-e1b5-440f-b55b-e0a95e1b053b}" />
      </MissingDependency>
      <MissingDependency>
        <Required type="10" schemaName="msdyn_account_msdyn_rtv_Vendor" displayName="msdyn_account_msdyn_rtv_Vendor" parentSchemaName="account" parentDisplayName="Account" solution="FieldService (8.8.0.88)">
          <package>FieldService_Anchor (8.8.55.10)</package>
        </Required>
        <Dependent type="60" displayName="TDG Site Profile" parentDisplayName="Account" id="{db5d5927-e1b5-440f-b55b-e0a95e1b053b}" />
      </MissingDependency>
      <MissingDependency>
        <Required type="10" schemaName="msdyn_account_msdyn_workorder_BillingAccount" displayName="msdyn_account_msdyn_workorder_BillingAccount" parentSchemaName="account" parentDisplayName="Account" solution="FieldService (8.8.0.88)">
          <package>FieldService_Anchor (8.8.55.10)</package>
        </Required>
        <Dependent type="60" displayName="TDG Site Profile" parentDisplayName="Account" id="{db5d5927-e1b5-440f-b55b-e0a95e1b053b}" />
      </MissingDependency>
      <MissingDependency>
        <Required type="10" schemaName="msdyn_account_msdyn_workorder_ServiceAccount" displayName="msdyn_account_msdyn_workorder_ServiceAccount" parentSchemaName="account" parentDisplayName="Account" solution="FieldService (8.8.0.88)">
          <package>FieldService_Anchor (8.8.55.10)</package>
        </Required>
        <Dependent type="60" displayName="TDG Site Profile" parentDisplayName="Account" id="{db5d5927-e1b5-440f-b55b-e0a95e1b053b}" />
      </MissingDependency>
      <MissingDependency>
        <Required type="10" schemaName="ovs_Account_AccountClass_ovs_AccountClass" displayName="ovs_Account_AccountClass_ovs_AccountClass" parentSchemaName="account" parentDisplayName="Account" solution="Active" />
        <Dependent type="60" displayName="TDG Site Profile" parentDisplayName="Account" id="{db5d5927-e1b5-440f-b55b-e0a95e1b053b}" />
      </MissingDependency>
      <MissingDependency>
        <Required type="10" schemaName="ovs_Account_AccountUNNumber_ovs_AccountUN" displayName="ovs_Account_AccountUNNumber_ovs_AccountUN" parentSchemaName="account" parentDisplayName="Account" solution="Active" />
        <Dependent type="60" displayName="TDG Site Profile" parentDisplayName="Account" id="{db5d5927-e1b5-440f-b55b-e0a95e1b053b}" />
      </MissingDependency>
      <MissingDependency>
        <Required type="10" schemaName="ovs_account_contact" displayName="ovs_account_contact" parentSchemaName="account" parentDisplayName="Account" solution="Active" />
        <Dependent type="60" displayName="TDG Site Profile" parentDisplayName="Account" id="{db5d5927-e1b5-440f-b55b-e0a95e1b053b}" />
      </MissingDependency>
      <MissingDependency>
        <Required type="10" schemaName="ovs_account_tyequipmenttype" displayName="ovs_account_tyequipmenttype" parentSchemaName="account" parentDisplayName="Account" solution="Active" />
        <Dependent type="60" displayName="TDG Site Profile" parentDisplayName="Account" id="{db5d5927-e1b5-440f-b55b-e0a95e1b053b}" />
      </MissingDependency>
      <MissingDependency>
        <Required type="10" schemaName="ovs_MOCRegistration_Site" displayName="ovs_MOCRegistration_Site" parentSchemaName="account" parentDisplayName="Account" solution="Active" />
        <Dependent type="60" displayName="Information" parentDisplayName="Operation" id="{a09fc69f-3ace-46b5-85f1-be132f683042}" />
      </MissingDependency>
      <MissingDependency>
        <Required type="10" schemaName="ovs_MOCRegistration_Site" displayName="ovs_MOCRegistration_Site" parentSchemaName="account" parentDisplayName="Account" solution="Active" />
        <Dependent type="60" displayName="TDG Site Profile" parentDisplayName="Account" id="{db5d5927-e1b5-440f-b55b-e0a95e1b053b}" />
      </MissingDependency>
      <MissingDependency>
        <Required type="10" schemaName="ovs_tyohsnote_Account_Account" displayName="ovs_tyohsnote_Account_Account" parentSchemaName="account" parentDisplayName="Account" solution="Active" />
        <Dependent type="60" displayName="TDG Site Profile" parentDisplayName="Account" id="{db5d5927-e1b5-440f-b55b-e0a95e1b053b}" />
      </MissingDependency>
      <MissingDependency>
        <Required type="10" schemaName="ovs_Account_InspectorType_BookableResourceCat" displayName="ovs_Account_InspectorType_BookableResourceCat" parentSchemaName="bookableresourcecategory" parentDisplayName="Bookable Resource Category" solution="Active" />
        <Dependent type="60" displayName="TDG Site Profile" parentDisplayName="Account" id="{db5d5927-e1b5-440f-b55b-e0a95e1b053b}" />
      </MissingDependency>
      <MissingDependency>
        <Required type="10" schemaName="msdyn_account_msdyn_customerasset_Account" displayName="msdyn_account_msdyn_customerasset_Account" parentSchemaName="msdyn_customerasset" parentDisplayName="Customer Asset" solution="msdyn_AssetCommon (1.0.25.1)">
          <package>FieldService_Anchor (8.8.55.10)</package>
          <package>msdynce_ServiceAnchor (9.0.21111.1007)</package>
        </Required>
        <Dependent type="60" displayName="TDG Site Profile" parentDisplayName="Account" id="{db5d5927-e1b5-440f-b55b-e0a95e1b053b}" />
      </MissingDependency>
      <MissingDependency>
        <Required type="10" schemaName="msdyn_msdyn_workorder_bookableresourcebooking_WorkOrder" displayName="msdyn_msdyn_workorder_bookableresourcebooking_WorkOrder" parentSchemaName="msdyn_workorder" parentDisplayName="Work Order" solution="FieldService (8.8.0.88)">
          <package>FieldService_Anchor (8.8.55.10)</package>
        </Required>
        <Dependent type="10" schemaName="msdyn_msdyn_workorder_bookableresourcebooking_WorkOrder" displayName="msdyn_msdyn_workorder_bookableresourcebooking_WorkOrder" parentSchemaName="msdyn_workorder" parentDisplayName="Work Order" />
      </MissingDependency>
      <MissingDependency>
        <Required type="10" schemaName="ovs_Account_ovs_aircrafttype" displayName="ovs_Account_ovs_aircrafttype" parentSchemaName="ovs_aircrafttype" parentDisplayName="Aircraft Type" solution="Active" />
        <Dependent type="60" displayName="TDG Site Profile" parentDisplayName="Account" id="{db5d5927-e1b5-440f-b55b-e0a95e1b053b}" />
      </MissingDependency>
      <MissingDependency>
        <Required type="10" schemaName="ovs_MOCRegistration_ovs_aircrafttype" displayName="ovs_MOCRegistration_ovs_aircrafttype" parentSchemaName="ovs_aircrafttype" parentDisplayName="Aircraft Type" solution="Active" />
        <Dependent type="60" displayName="Information" parentDisplayName="Operation" id="{a09fc69f-3ace-46b5-85f1-be132f683042}" />
      </MissingDependency>
      <MissingDependency>
        <Required type="10" schemaName="ovs_Account_ovs_airoperatorfunction" displayName="ovs_Account_ovs_airoperatorfunction" parentSchemaName="ovs_airoperatorfunction" parentDisplayName="Air Operator Function" solution="Active" />
        <Dependent type="60" displayName="TDG Site Profile" parentDisplayName="Account" id="{db5d5927-e1b5-440f-b55b-e0a95e1b053b}" />
      </MissingDependency>
      <MissingDependency>
        <Required type="10" schemaName="ovs_MOCRegistration_ovs_airoperatorfunction" displayName="ovs_MOCRegistration_ovs_airoperatorfunction" parentSchemaName="ovs_airoperatorfunction" parentDisplayName="Air Operator Function" solution="Active" />
        <Dependent type="60" displayName="Information" parentDisplayName="Operation" id="{a09fc69f-3ace-46b5-85f1-be132f683042}" />
      </MissingDependency>
      <MissingDependency>
        <Required type="10" schemaName="ovs_Account_ovs_airOperatortype" displayName="ovs_Account_ovs_airOperatortype" parentSchemaName="ovs_airoperatortype" parentDisplayName="Air Operator Type" solution="Active" />
        <Dependent type="60" displayName="TDG Site Profile" parentDisplayName="Account" id="{db5d5927-e1b5-440f-b55b-e0a95e1b053b}" />
      </MissingDependency>
      <MissingDependency>
        <Required type="10" schemaName="ovs_MOCRegistration_ovs_airOperatortype" displayName="ovs_MOCRegistration_ovs_airOperatortype" parentSchemaName="ovs_airoperatortype" parentDisplayName="Air Operator Type" solution="Active" />
        <Dependent type="60" displayName="Information" parentDisplayName="Operation" id="{a09fc69f-3ace-46b5-85f1-be132f683042}" />
      </MissingDependency>
      <MissingDependency>
        <Required type="10" schemaName="ovs_mocregistration_ovs_moctype" displayName="ovs_mocregistration_ovs_moctype" parentSchemaName="ovs_mocregistration" parentDisplayName="Operation" solution="Active" />
        <Dependent type="60" displayName="Information" parentDisplayName="Operation" id="{a09fc69f-3ace-46b5-85f1-be132f683042}" />
      </MissingDependency>
      <MissingDependency>
        <Required type="10" schemaName="ovs_mocregistration_ovs_modes" displayName="ovs_mocregistration_ovs_modes" parentSchemaName="ovs_mocregistration" parentDisplayName="Operation" solution="Active" />
        <Dependent type="60" displayName="Information" parentDisplayName="Operation" id="{a09fc69f-3ace-46b5-85f1-be132f683042}" />
      </MissingDependency>
      <MissingDependency>
        <Required type="10" schemaName="ovs_OperationUNNumber_OperationUNNumber_o" displayName="ovs_OperationUNNumber_OperationUNNumber_o" parentSchemaName="ovs_mocregistration" parentDisplayName="Operation" solution="Active" />
        <Dependent type="60" displayName="Information" parentDisplayName="Operation" id="{a09fc69f-3ace-46b5-85f1-be132f683042}" />
      </MissingDependency>
      <MissingDependency>
        <Required type="10" schemaName="ovs_ovs_mocregistration_ovs_operationclass_OperationClass" displayName="ovs_ovs_mocregistration_ovs_operationclass_OperationClass" parentSchemaName="ovs_mocregistration" parentDisplayName="Operation" solution="Active" />
        <Dependent type="60" displayName="Information" parentDisplayName="Operation" id="{a09fc69f-3ace-46b5-85f1-be132f683042}" />
      </MissingDependency>
      <MissingDependency>
        <Required type="10" schemaName="ovs_Account_ovs_moctype" displayName="ovs_Account_ovs_moctype" parentSchemaName="ovs_moctype" parentDisplayName="MOC Type" solution="Active" />
        <Dependent type="60" displayName="TDG Site Profile" parentDisplayName="Account" id="{db5d5927-e1b5-440f-b55b-e0a95e1b053b}" />
      </MissingDependency>
      <MissingDependency>
        <Required type="10" schemaName="ovs_Account_ovs_modes" displayName="ovs_Account_ovs_modes" parentSchemaName="ovs_modes" parentDisplayName="Modes" solution="Active" />
        <Dependent type="60" displayName="TDG Site Profile" parentDisplayName="Account" id="{db5d5927-e1b5-440f-b55b-e0a95e1b053b}" />
      </MissingDependency>
      <MissingDependency>
        <Required type="10" schemaName="qm_qm_rclegislation_qm_rclegislation" displayName="qm_qm_rclegislation_qm_rclegislation" parentSchemaName="qm_rclegislation" parentDisplayName="Legislation" solution="Active" />
        <Dependent type="60" displayName="Information" parentDisplayName="Legislation" id="{d55caf0a-bae4-4d40-b008-b253ab4ce243}" />
      </MissingDependency>
      <MissingDependency>
        <Required type="10" schemaName="qm_rclegislation_enablingprovision" displayName="qm_rclegislation_enablingprovision" parentSchemaName="qm_rclegislation" parentDisplayName="Legislation" solution="Active" />
        <Dependent type="60" displayName="Information" parentDisplayName="Legislation" id="{d55caf0a-bae4-4d40-b008-b253ab4ce243}" />
      </MissingDependency>
      <MissingDependency>
        <Required type="10" schemaName="qm_rclegislation_enablingregulation" displayName="qm_rclegislation_enablingregulation" parentSchemaName="qm_rclegislation" parentDisplayName="Legislation" solution="Active" />
        <Dependent type="60" displayName="Information" parentDisplayName="Legislation" id="{d55caf0a-bae4-4d40-b008-b253ab4ce243}" />
      </MissingDependency>
      <MissingDependency>
        <Required type="10" schemaName="qm_rclegislation_tylegislationcharacteristic" displayName="qm_rclegislation_tylegislationcharacteristic" parentSchemaName="qm_rclegislation" parentDisplayName="Legislation" solution="Active" />
        <Dependent type="60" displayName="Information" parentDisplayName="Legislation" id="{d55caf0a-bae4-4d40-b008-b253ab4ce243}" />
      </MissingDependency>
      <MissingDependency>
        <Required type="10" schemaName="qm_tylegislationsource_rclegislation" displayName="qm_tylegislationsource_rclegislation" parentSchemaName="qm_tylegislationsource" parentDisplayName="Legislation Source" solution="Active" />
        <Dependent type="60" displayName="Information" parentDisplayName="Legislation" id="{d55caf0a-bae4-4d40-b008-b253ab4ce243}" />
      </MissingDependency>
      <MissingDependency>
        <Required type="10" schemaName="qm_tylegislationtype_rclegislation" displayName="qm_tylegislationtype_rclegislation" parentSchemaName="qm_tylegislationtype" parentDisplayName="Legislation Section Type" solution="Active" />
        <Dependent type="60" displayName="Information" parentDisplayName="Legislation" id="{d55caf0a-bae4-4d40-b008-b253ab4ce243}" />
      </MissingDependency>
      <MissingDependency>
        <Required type="10" schemaName="msdyn_territory_msdyn_resourceterritory_Territory" displayName="msdyn_territory_msdyn_resourceterritory_Territory" parentSchemaName="territory" parentDisplayName="Region" solution="MicrosoftDynamicsScheduling (3.12.0.448)">
          <package>FieldService_Anchor (8.8.55.10)</package>
          <package>msdynce_CoreServiceSchedulingAnchor (9.0.20082.1006)</package>
        </Required>
        <Dependent type="60" displayName="Information" parentDisplayName="Region" id="{2474525c-aaae-43ce-97e2-7adb3ed7efa5}" />
      </MissingDependency>
      <MissingDependency>
        <Required type="10" schemaName="msdyn_territory_msdyn_resourceterritory_Territory" displayName="msdyn_territory_msdyn_resourceterritory_Territory" parentSchemaName="territory" parentDisplayName="Region" solution="MicrosoftDynamicsScheduling (3.12.0.448)">
          <package>FieldService_Anchor (8.8.55.10)</package>
          <package>msdynce_CoreServiceSchedulingAnchor (9.0.20082.1006)</package>
        </Required>
        <Dependent type="60" displayName="TDG Region" parentDisplayName="Region" id="{5e818a16-ee3b-ec11-8c62-0022483d7564}" />
      </MissingDependency>
      <MissingDependency>
        <Required type="2" schemaName="opendeals" displayName="Open Deals" parentSchemaName="account" parentDisplayName="Account" solution="msdynce_Sales (9.0.4.0076)">
          <package>msdynce_SalesAnchor (9.0.21113.10001)</package>
        </Required>
        <Dependent type="2" schemaName="opendeals" displayName="Open Deals" parentSchemaName="account" parentDisplayName="Account" />
      </MissingDependency>
      <MissingDependency>
        <Required type="2" schemaName="openrevenue" displayName="Open Revenue" parentSchemaName="account" parentDisplayName="Account" solution="msdynce_Sales (9.0.4.0076)">
          <package>msdynce_SalesAnchor (9.0.21113.10001)</package>
        </Required>
        <Dependent type="2" schemaName="openrevenue" displayName="Open Revenue" parentSchemaName="account" parentDisplayName="Account" />
      </MissingDependency>
      <MissingDependency>
        <Required type="2" schemaName="ovs_inspectortype" displayName="Inspector Type" parentSchemaName="account" parentDisplayName="Account" solution="Active" />
        <Dependent type="60" displayName="TDG Site Profile" parentDisplayName="Account" id="{db5d5927-e1b5-440f-b55b-e0a95e1b053b}" />
      </MissingDependency>
      <MissingDependency>
        <Required type="2" schemaName="ovs_legalname" displayName="Legal Name" parentSchemaName="account" parentDisplayName="Account" solution="Active" />
        <Dependent type="60" displayName="TDG Site Profile" parentDisplayName="Account" id="{db5d5927-e1b5-440f-b55b-e0a95e1b053b}" />
      </MissingDependency>
      <MissingDependency>
        <Required type="2" schemaName="ovs_mocexpiry" displayName="MOC Registration Expiry" parentSchemaName="account" parentDisplayName="Account" solution="Active" />
        <Dependent type="60" displayName="TDG Site Profile" parentDisplayName="Account" id="{db5d5927-e1b5-440f-b55b-e0a95e1b053b}" />
      </MissingDependency>
      <MissingDependency>
        <Required type="2" schemaName="ovs_mocid" displayName="MOC Registration" parentSchemaName="account" parentDisplayName="Account" solution="Active" />
        <Dependent type="60" displayName="TDG Site Profile" parentDisplayName="Account" id="{db5d5927-e1b5-440f-b55b-e0a95e1b053b}" />
      </MissingDependency>
      <MissingDependency>
        <Required type="2" schemaName="ovs_naicscode" displayName="NAICS Code" parentSchemaName="account" parentDisplayName="Account" solution="Active" />
        <Dependent type="60" displayName="TDG Site Profile" parentDisplayName="Account" id="{db5d5927-e1b5-440f-b55b-e0a95e1b053b}" />
      </MissingDependency>
      <MissingDependency>
        <Required type="2" schemaName="ovs_romid" displayName="ROM ID" parentSchemaName="account" parentDisplayName="Account" solution="Active" />
        <Dependent type="60" displayName="TDG Site Profile" parentDisplayName="Account" id="{db5d5927-e1b5-440f-b55b-e0a95e1b053b}" />
      </MissingDependency>
      <MissingDependency>
        <Required type="2" schemaName="territoryid" displayName="Territory" parentSchemaName="account" parentDisplayName="Account" solution="msdynce_Sales (9.0.4.0076)">
          <package>msdynce_SalesAnchor (9.0.21113.10001)</package>
        </Required>
        <Dependent type="60" displayName="TDG Site Profile" parentDisplayName="Account" id="{db5d5927-e1b5-440f-b55b-e0a95e1b053b}" />
      </MissingDependency>
      <MissingDependency>
        <Required type="2" schemaName="msdyn_workorder" displayName="Work Order" parentSchemaName="bookableresourcebooking" parentDisplayName="Booking" solution="FieldService (8.8.0.88)">
          <package>FieldService_Anchor (8.8.55.10)</package>
        </Required>
        <Dependent type="2" schemaName="msdyn_workorder" displayName="Work Order" parentSchemaName="bookableresourcebooking" parentDisplayName="Booking" />
      </MissingDependency>
      <MissingDependency>
        <Required type="2" schemaName="estimatedvalue" displayName="Est. Revenue" parentSchemaName="opportunity" parentDisplayName="Opportunity" solution="msdynce_Sales (9.0.4.0076)">
          <package>msdynce_SalesAnchor (9.0.21113.10001)</package>
        </Required>
        <Dependent type="2" schemaName="openrevenue" displayName="Open Revenue" parentSchemaName="account" parentDisplayName="Account" />
      </MissingDependency>
      <MissingDependency>
        <Required type="2" schemaName="opportunityid" displayName="Opportunity" parentSchemaName="opportunity" parentDisplayName="Opportunity" solution="msdynce_Sales (9.0.4.0076)">
          <package>msdynce_SalesAnchor (9.0.21113.10001)</package>
        </Required>
        <Dependent type="2" schemaName="opendeals" displayName="Open Deals" parentSchemaName="account" parentDisplayName="Account" />
      </MissingDependency>
      <MissingDependency>
        <Required type="2" schemaName="opportunityid" displayName="Opportunity" parentSchemaName="opportunity" parentDisplayName="Opportunity" solution="msdynce_Sales (9.0.4.0076)">
          <package>msdynce_SalesAnchor (9.0.21113.10001)</package>
        </Required>
        <Dependent type="2" schemaName="openrevenue" displayName="Open Revenue" parentSchemaName="account" parentDisplayName="Account" />
      </MissingDependency>
      <MissingDependency>
        <Required type="2" schemaName="statecode" displayName="Status" parentSchemaName="opportunity" parentDisplayName="Opportunity" solution="msdynce_Sales (9.0.4.0076)">
          <package>msdynce_SalesAnchor (9.0.21113.10001)</package>
        </Required>
        <Dependent type="2" schemaName="opendeals" displayName="Open Deals" parentSchemaName="account" parentDisplayName="Account" />
      </MissingDependency>
      <MissingDependency>
        <Required type="2" schemaName="statecode" displayName="Status" parentSchemaName="opportunity" parentDisplayName="Opportunity" solution="msdynce_Sales (9.0.4.0076)">
          <package>msdynce_SalesAnchor (9.0.21113.10001)</package>
        </Required>
        <Dependent type="2" schemaName="openrevenue" displayName="Open Revenue" parentSchemaName="account" parentDisplayName="Account" />
      </MissingDependency>
      <MissingDependency>
        <Required type="2" schemaName="createdon" displayName="Created On" parentSchemaName="ovs_mocregistration" parentDisplayName="Operation" solution="Active" />
        <Dependent type="26" schemaName="Operation Associated View" displayName="Operation Associated View" parentSchemaName="ovs_mocregistration" parentDisplayName="Operation" id="{1d80549b-06d8-4a35-aed4-d5c77eceb700}" />
      </MissingDependency>
      <MissingDependency>
        <Required type="2" schemaName="createdon" displayName="Created On" parentSchemaName="ovs_mocregistration" parentDisplayName="Operation" solution="Active" />
        <Dependent type="26" schemaName="Quick Find Active MOC Registrations" displayName="Quick Find Active MOC Registrations" parentSchemaName="ovs_mocregistration" parentDisplayName="Operation" id="{279a5b59-f01b-4732-b7ec-f31955d0cb46}" />
      </MissingDependency>
      <MissingDependency>
        <Required type="2" schemaName="createdon" displayName="Created On" parentSchemaName="ovs_mocregistration" parentDisplayName="Operation" solution="Active" />
        <Dependent type="26" schemaName="MOC Registration Advanced Find View" displayName="MOC Registration Advanced Find View" parentSchemaName="ovs_mocregistration" parentDisplayName="Operation" id="{2ff0ad0b-e7bf-4df2-afb9-b06403787546}" />
      </MissingDependency>
      <MissingDependency>
        <Required type="2" schemaName="createdon" displayName="Created On" parentSchemaName="ovs_mocregistration" parentDisplayName="Operation" solution="Active" />
        <Dependent type="26" schemaName="MOC Registration Lookup View" displayName="MOC Registration Lookup View" parentSchemaName="ovs_mocregistration" parentDisplayName="Operation" id="{7e35f6a5-af6d-40f3-b3aa-3369350f8c35}" />
      </MissingDependency>
      <MissingDependency>
        <Required type="2" schemaName="ovs_registrationexpiry" displayName="MOC Registration Expiry" parentSchemaName="ovs_mocregistration" parentDisplayName="Operation" solution="Active" />
        <Dependent type="26" schemaName="Quick Find Active MOC Registrations" displayName="Quick Find Active MOC Registrations" parentSchemaName="ovs_mocregistration" parentDisplayName="Operation" id="{279a5b59-f01b-4732-b7ec-f31955d0cb46}" />
      </MissingDependency>
      <MissingDependency>
        <Required type="2" schemaName="ovs_registrationexpiry" displayName="MOC Registration Expiry" parentSchemaName="ovs_mocregistration" parentDisplayName="Operation" solution="Active" />
        <Dependent type="26" schemaName="MOC Registration Advanced Find View" displayName="MOC Registration Advanced Find View" parentSchemaName="ovs_mocregistration" parentDisplayName="Operation" id="{2ff0ad0b-e7bf-4df2-afb9-b06403787546}" />
      </MissingDependency>
      <MissingDependency>
        <Required type="2" schemaName="ovs_registrationexpiry" displayName="MOC Registration Expiry" parentSchemaName="ovs_mocregistration" parentDisplayName="Operation" solution="Active" />
        <Dependent type="26" schemaName="MOC Registration Lookup View" displayName="MOC Registration Lookup View" parentSchemaName="ovs_mocregistration" parentDisplayName="Operation" id="{7e35f6a5-af6d-40f3-b3aa-3369350f8c35}" />
      </MissingDependency>
      <MissingDependency>
        <Required type="2" schemaName="ovs_registrationexpiry" displayName="MOC Registration Expiry" parentSchemaName="ovs_mocregistration" parentDisplayName="Operation" solution="Active" />
        <Dependent type="26" schemaName="Active Operations" displayName="Active Operations" parentSchemaName="ovs_mocregistration" parentDisplayName="Operation" id="{98c7fee1-1d9f-4226-89bb-26e6be7057f8}" />
      </MissingDependency>
      <MissingDependency>
        <Required type="2" schemaName="ovs_registrationexpiry" displayName="MOC Registration Expiry" parentSchemaName="ovs_mocregistration" parentDisplayName="Operation" solution="Active" />
        <Dependent type="60" displayName="MOC Registration quick create form" parentDisplayName="Operation" id="{799e79c9-87f4-eb11-94ef-000d3a84a4e1}" />
      </MissingDependency>
      <MissingDependency>
        <Required type="2" schemaName="ovs_registrationexpiry" displayName="MOC Registration Expiry" parentSchemaName="ovs_mocregistration" parentDisplayName="Operation" solution="Active" />
        <Dependent type="60" displayName="Information" parentDisplayName="Operation" id="{a09fc69f-3ace-46b5-85f1-be132f683042}" />
      </MissingDependency>
      <MissingDependency>
        <Required type="2" schemaName="ovs_siteid" displayName="Site" parentSchemaName="ovs_mocregistration" parentDisplayName="Operation" solution="Active" />
        <Dependent type="26" schemaName="Operation Site Profile View" displayName="Operation Site Profile View" parentSchemaName="ovs_mocregistration" parentDisplayName="Operation" id="{8d7b5de0-0734-ec11-8c64-0022483db1e9}" />
      </MissingDependency>
      <MissingDependency>
        <Required type="2" schemaName="ovs_siteid" displayName="Site" parentSchemaName="ovs_mocregistration" parentDisplayName="Operation" solution="Active" />
        <Dependent type="60" displayName="Information" parentDisplayName="Operation" id="{a09fc69f-3ace-46b5-85f1-be132f683042}" />
      </MissingDependency>
      <MissingDependency>
        <Required type="2" schemaName="ownerid" displayName="Owner" parentSchemaName="ovs_mocregistration" parentDisplayName="Operation" solution="Active" />
        <Dependent type="60" displayName="Information" parentDisplayName="Operation" id="{a09fc69f-3ace-46b5-85f1-be132f683042}" />
      </MissingDependency>
      <MissingDependency>
        <Required type="2" schemaName="statecode" displayName="Status" parentSchemaName="ovs_mocregistration" parentDisplayName="Operation" solution="Active" />
        <Dependent type="26" schemaName="Operation Associated View" displayName="Operation Associated View" parentSchemaName="ovs_mocregistration" parentDisplayName="Operation" id="{1d80549b-06d8-4a35-aed4-d5c77eceb700}" />
      </MissingDependency>
      <MissingDependency>
        <Required type="2" schemaName="statecode" displayName="Status" parentSchemaName="ovs_mocregistration" parentDisplayName="Operation" solution="Active" />
        <Dependent type="26" schemaName="Quick Find Active MOC Registrations" displayName="Quick Find Active MOC Registrations" parentSchemaName="ovs_mocregistration" parentDisplayName="Operation" id="{279a5b59-f01b-4732-b7ec-f31955d0cb46}" />
      </MissingDependency>
      <MissingDependency>
        <Required type="2" schemaName="statecode" displayName="Status" parentSchemaName="ovs_mocregistration" parentDisplayName="Operation" solution="Active" />
        <Dependent type="26" schemaName="Inactive Operations" displayName="Inactive Operations" parentSchemaName="ovs_mocregistration" parentDisplayName="Operation" id="{382ae718-7adc-40a1-af1b-bf4acaa09635}" />
      </MissingDependency>
      <MissingDependency>
        <Required type="2" schemaName="statecode" displayName="Status" parentSchemaName="ovs_mocregistration" parentDisplayName="Operation" solution="Active" />
        <Dependent type="26" schemaName="MOC Registration Lookup View" displayName="MOC Registration Lookup View" parentSchemaName="ovs_mocregistration" parentDisplayName="Operation" id="{7e35f6a5-af6d-40f3-b3aa-3369350f8c35}" />
      </MissingDependency>
      <MissingDependency>
        <Required type="2" schemaName="statecode" displayName="Status" parentSchemaName="ovs_mocregistration" parentDisplayName="Operation" solution="Active" />
        <Dependent type="26" schemaName="Operation Site Profile View" displayName="Operation Site Profile View" parentSchemaName="ovs_mocregistration" parentDisplayName="Operation" id="{8d7b5de0-0734-ec11-8c64-0022483db1e9}" />
      </MissingDependency>
      <MissingDependency>
        <Required type="2" schemaName="statecode" displayName="Status" parentSchemaName="ovs_mocregistration" parentDisplayName="Operation" solution="Active" />
        <Dependent type="26" schemaName="Active Operations" displayName="Active Operations" parentSchemaName="ovs_mocregistration" parentDisplayName="Operation" id="{98c7fee1-1d9f-4226-89bb-26e6be7057f8}" />
      </MissingDependency>
      <MissingDependency>
        <Required type="2" schemaName="createdby" displayName="Created By" parentSchemaName="qm_rclegislation" parentDisplayName="Legislation" solution="Active" />
        <Dependent type="60" displayName="Information" parentDisplayName="Legislation" id="{d55caf0a-bae4-4d40-b008-b253ab4ce243}" />
      </MissingDependency>
      <MissingDependency>
        <Required type="2" schemaName="createdon" displayName="Created On" parentSchemaName="qm_rclegislation" parentDisplayName="Legislation" solution="Active" />
        <Dependent type="60" displayName="Information" parentDisplayName="Legislation" id="{d55caf0a-bae4-4d40-b008-b253ab4ce243}" />
      </MissingDependency>
      <MissingDependency>
        <Required type="2" schemaName="modifiedby" displayName="Modified By" parentSchemaName="qm_rclegislation" parentDisplayName="Legislation" solution="Active" />
        <Dependent type="60" displayName="Information" parentDisplayName="Legislation" id="{d55caf0a-bae4-4d40-b008-b253ab4ce243}" />
      </MissingDependency>
      <MissingDependency>
        <Required type="2" schemaName="modifiedon" displayName="Modified On" parentSchemaName="qm_rclegislation" parentDisplayName="Legislation" solution="Active" />
        <Dependent type="60" displayName="Information" parentDisplayName="Legislation" id="{d55caf0a-bae4-4d40-b008-b253ab4ce243}" />
      </MissingDependency>
      <MissingDependency>
        <Required type="2" schemaName="qm_additionalmetadataetxt" displayName="qm_AdditionalMetadataEtxt" parentSchemaName="qm_rclegislation" parentDisplayName="Legislation" solution="Active" />
        <Dependent type="60" displayName="Information" parentDisplayName="Legislation" id="{d55caf0a-bae4-4d40-b008-b253ab4ce243}" />
      </MissingDependency>
      <MissingDependency>
        <Required type="2" schemaName="qm_additionalmetadataftxt" displayName="qm_AdditionalMetadataFtxt" parentSchemaName="qm_rclegislation" parentDisplayName="Legislation" solution="Active" />
        <Dependent type="60" displayName="Information" parentDisplayName="Legislation" id="{d55caf0a-bae4-4d40-b008-b253ab4ce243}" />
      </MissingDependency>
      <MissingDependency>
        <Required type="2" schemaName="qm_enablingprovision" displayName="Enabling Act" parentSchemaName="qm_rclegislation" parentDisplayName="Legislation" solution="Active" />
        <Dependent type="60" displayName="Information" parentDisplayName="Legislation" id="{d55caf0a-bae4-4d40-b008-b253ab4ce243}" />
      </MissingDependency>
      <MissingDependency>
        <Required type="2" schemaName="qm_enablingregulation" displayName="Enabling Regulation" parentSchemaName="qm_rclegislation" parentDisplayName="Legislation" solution="Active" />
        <Dependent type="60" displayName="Information" parentDisplayName="Legislation" id="{d55caf0a-bae4-4d40-b008-b253ab4ce243}" />
      </MissingDependency>
      <MissingDependency>
        <Required type="2" schemaName="qm_englishname" displayName="English Name" parentSchemaName="qm_rclegislation" parentDisplayName="Legislation" solution="Active" />
        <Dependent type="60" displayName="Information" parentDisplayName="Legislation" id="{d55caf0a-bae4-4d40-b008-b253ab4ce243}" />
      </MissingDependency>
      <MissingDependency>
        <Required type="2" schemaName="qm_frenchname" displayName="French Name" parentSchemaName="qm_rclegislation" parentDisplayName="Legislation" solution="Active" />
        <Dependent type="60" displayName="Information" parentDisplayName="Legislation" id="{d55caf0a-bae4-4d40-b008-b253ab4ce243}" />
      </MissingDependency>
      <MissingDependency>
        <Required type="2" schemaName="qm_historicalnoteetxt" displayName="Historical Note (English)" parentSchemaName="qm_rclegislation" parentDisplayName="Legislation" solution="Active" />
        <Dependent type="60" displayName="Information" parentDisplayName="Legislation" id="{d55caf0a-bae4-4d40-b008-b253ab4ce243}" />
      </MissingDependency>
      <MissingDependency>
        <Required type="2" schemaName="qm_historicalnoteftxt" displayName="Historical Note (Legacy)" parentSchemaName="qm_rclegislation" parentDisplayName="Legislation" solution="Active" />
        <Dependent type="60" displayName="Information" parentDisplayName="Legislation" id="{d55caf0a-bae4-4d40-b008-b253ab4ce243}" />
      </MissingDependency>
      <MissingDependency>
        <Required type="2" schemaName="qm_inforcedte" displayName="qm_InforceDte" parentSchemaName="qm_rclegislation" parentDisplayName="Legislation" solution="Active" />
        <Dependent type="60" displayName="Information" parentDisplayName="Legislation" id="{d55caf0a-bae4-4d40-b008-b253ab4ce243}" />
      </MissingDependency>
      <MissingDependency>
        <Required type="2" schemaName="qm_justicefid" displayName="qm_JusticeFId" parentSchemaName="qm_rclegislation" parentDisplayName="Legislation" solution="Active" />
        <Dependent type="60" displayName="Information" parentDisplayName="Legislation" id="{d55caf0a-bae4-4d40-b008-b253ab4ce243}" />
      </MissingDependency>
      <MissingDependency>
        <Required type="2" schemaName="qm_justiceid" displayName="qm_JusticeId" parentSchemaName="qm_rclegislation" parentDisplayName="Legislation" solution="Active" />
        <Dependent type="60" displayName="Information" parentDisplayName="Legislation" id="{d55caf0a-bae4-4d40-b008-b253ab4ce243}" />
      </MissingDependency>
      <MissingDependency>
        <Required type="2" schemaName="qm_lastamendeddte" displayName="Last Amended Dte" parentSchemaName="qm_rclegislation" parentDisplayName="Legislation" solution="Active" />
        <Dependent type="60" displayName="Information" parentDisplayName="Legislation" id="{d55caf0a-bae4-4d40-b008-b253ab4ce243}" />
      </MissingDependency>
      <MissingDependency>
        <Required type="2" schemaName="qm_legislationetxt" displayName="English Text" parentSchemaName="qm_rclegislation" parentDisplayName="Legislation" solution="Active" />
        <Dependent type="60" displayName="Information" parentDisplayName="Legislation" id="{d55caf0a-bae4-4d40-b008-b253ab4ce243}" />
      </MissingDependency>
      <MissingDependency>
        <Required type="2" schemaName="qm_legislationftxt" displayName="French Text" parentSchemaName="qm_rclegislation" parentDisplayName="Legislation" solution="Active" />
        <Dependent type="60" displayName="Information" parentDisplayName="Legislation" id="{d55caf0a-bae4-4d40-b008-b253ab4ce243}" />
      </MissingDependency>
      <MissingDependency>
        <Required type="2" schemaName="qm_name" displayName="Name" parentSchemaName="qm_rclegislation" parentDisplayName="Legislation" solution="Active" />
        <Dependent type="60" displayName="Information" parentDisplayName="Legislation" id="{d55caf0a-bae4-4d40-b008-b253ab4ce243}" />
      </MissingDependency>
      <MissingDependency>
        <Required type="2" schemaName="qm_ordernbr" displayName="Order" parentSchemaName="qm_rclegislation" parentDisplayName="Legislation" solution="Active" />
        <Dependent type="60" displayName="Information" parentDisplayName="Legislation" id="{d55caf0a-bae4-4d40-b008-b253ab4ce243}" />
      </MissingDependency>
      <MissingDependency>
        <Required type="2" schemaName="qm_rcparentlegislationid" displayName="Parent Legislation" parentSchemaName="qm_rclegislation" parentDisplayName="Legislation" solution="Active" />
        <Dependent type="60" displayName="Information" parentDisplayName="Legislation" id="{d55caf0a-bae4-4d40-b008-b253ab4ce243}" />
      </MissingDependency>
      <MissingDependency>
        <Required type="2" schemaName="qm_tylegislationsourceid" displayName="Legislation Source" parentSchemaName="qm_rclegislation" parentDisplayName="Legislation" solution="Active" />
        <Dependent type="60" displayName="Information" parentDisplayName="Legislation" id="{d55caf0a-bae4-4d40-b008-b253ab4ce243}" />
      </MissingDependency>
      <MissingDependency>
        <Required type="2" schemaName="qm_tylegislationtypeid" displayName="Legislation Type" parentSchemaName="qm_rclegislation" parentDisplayName="Legislation" solution="Active" />
        <Dependent type="60" displayName="Information" parentDisplayName="Legislation" id="{d55caf0a-bae4-4d40-b008-b253ab4ce243}" />
      </MissingDependency>
      <MissingDependency>
        <Required type="2" schemaName="qm_violationdisplaytext" displayName="Violation Display Text" parentSchemaName="qm_rclegislation" parentDisplayName="Legislation" solution="Active" />
        <Dependent type="60" displayName="Information" parentDisplayName="Legislation" id="{d55caf0a-bae4-4d40-b008-b253ab4ce243}" />
      </MissingDependency>
      <MissingDependency>
        <Required type="2" schemaName="qm_violationdisplaytexten" displayName="Violation Display Text EN" parentSchemaName="qm_rclegislation" parentDisplayName="Legislation" solution="Active" />
        <Dependent type="60" displayName="Information" parentDisplayName="Legislation" id="{d55caf0a-bae4-4d40-b008-b253ab4ce243}" />
      </MissingDependency>
      <MissingDependency>
        <Required type="2" schemaName="qm_violationdisplaytextfr" displayName="Violation Display Text FR" parentSchemaName="qm_rclegislation" parentDisplayName="Legislation" solution="Active" />
        <Dependent type="60" displayName="Information" parentDisplayName="Legislation" id="{d55caf0a-bae4-4d40-b008-b253ab4ce243}" />
      </MissingDependency>
      <MissingDependency>
        <Required type="2" schemaName="qm_violationtext" displayName="Violation Text" parentSchemaName="qm_rclegislation" parentDisplayName="Legislation" solution="Active" />
        <Dependent type="60" displayName="Information" parentDisplayName="Legislation" id="{d55caf0a-bae4-4d40-b008-b253ab4ce243}" />
      </MissingDependency>
      <MissingDependency>
        <Required type="2" schemaName="statecode" displayName="Status" parentSchemaName="qm_rclegislation" parentDisplayName="Legislation" solution="Active" />
        <Dependent type="60" displayName="Information" parentDisplayName="Legislation" id="{d55caf0a-bae4-4d40-b008-b253ab4ce243}" />
      </MissingDependency>
      <MissingDependency>
        <Required type="2" schemaName="statuscode" displayName="Status Reason" parentSchemaName="qm_rclegislation" parentDisplayName="Legislation" solution="Active" />
        <Dependent type="60" displayName="Information" parentDisplayName="Legislation" id="{d55caf0a-bae4-4d40-b008-b253ab4ce243}" />
      </MissingDependency>
      <MissingDependency>
        <Required type="2" schemaName="description" displayName="Description" parentSchemaName="territory" parentDisplayName="Region" solution="msdynce_AppCommon (9.0.4.0066)">
          <package>msdynce_AppCommonAnchor (9.0.21113.10002)</package>
        </Required>
        <Dependent type="60" displayName="Information" parentDisplayName="Region" id="{2474525c-aaae-43ce-97e2-7adb3ed7efa5}" />
      </MissingDependency>
      <MissingDependency>
        <Required type="2" schemaName="description" displayName="Description" parentSchemaName="territory" parentDisplayName="Region" solution="msdynce_AppCommon (9.0.4.0066)">
          <package>msdynce_AppCommonAnchor (9.0.21113.10002)</package>
        </Required>
        <Dependent type="60" displayName="TDG Region" parentDisplayName="Region" id="{5e818a16-ee3b-ec11-8c62-0022483d7564}" />
      </MissingDependency>
      <MissingDependency>
        <Required type="2" schemaName="name" displayName="Territory Name" parentSchemaName="territory" parentDisplayName="Region" solution="msdynce_AppCommon (9.0.4.0066)">
          <package>msdynce_AppCommonAnchor (9.0.21113.10002)</package>
        </Required>
        <Dependent type="10" schemaName="ovs_territory_ovs_cdregionalnop_CDProvinceId" displayName="ovs_territory_ovs_cdregionalnop_CDProvinceId" parentSchemaName="territory" parentDisplayName="Region" />
      </MissingDependency>
      <MissingDependency>
        <Required type="2" schemaName="name" displayName="Territory Name" parentSchemaName="territory" parentDisplayName="Region" solution="msdynce_AppCommon (9.0.4.0066)">
          <package>msdynce_AppCommonAnchor (9.0.21113.10002)</package>
        </Required>
        <Dependent type="60" displayName="Information" parentDisplayName="Region" id="{2474525c-aaae-43ce-97e2-7adb3ed7efa5}" />
      </MissingDependency>
      <MissingDependency>
        <Required type="2" schemaName="name" displayName="Territory Name" parentSchemaName="territory" parentDisplayName="Region" solution="msdynce_AppCommon (9.0.4.0066)">
          <package>msdynce_AppCommonAnchor (9.0.21113.10002)</package>
        </Required>
        <Dependent type="60" displayName="TDG Region" parentDisplayName="Region" id="{5e818a16-ee3b-ec11-8c62-0022483d7564}" />
      </MissingDependency>
      <MissingDependency>
        <Required type="2" schemaName="ovs_territorynameenglish" displayName="Territory Name (English)" parentSchemaName="territory" parentDisplayName="Region" solution="Active" />
        <Dependent type="60" displayName="Information" parentDisplayName="Region" id="{2474525c-aaae-43ce-97e2-7adb3ed7efa5}" />
      </MissingDependency>
      <MissingDependency>
        <Required type="2" schemaName="ovs_territorynameenglish" displayName="Territory Name (English)" parentSchemaName="territory" parentDisplayName="Region" solution="Active" />
        <Dependent type="60" displayName="TDG Region" parentDisplayName="Region" id="{5e818a16-ee3b-ec11-8c62-0022483d7564}" />
      </MissingDependency>
      <MissingDependency>
        <Required type="2" schemaName="ovs_territorynamefrench" displayName="Territory Name (French)" parentSchemaName="territory" parentDisplayName="Region" solution="Active" />
        <Dependent type="60" displayName="Information" parentDisplayName="Region" id="{2474525c-aaae-43ce-97e2-7adb3ed7efa5}" />
      </MissingDependency>
      <MissingDependency>
        <Required type="2" schemaName="ovs_territorynamefrench" displayName="Territory Name (French)" parentSchemaName="territory" parentDisplayName="Region" solution="Active" />
        <Dependent type="60" displayName="TDG Region" parentDisplayName="Region" id="{5e818a16-ee3b-ec11-8c62-0022483d7564}" />
      </MissingDependency>
      <MissingDependency>
        <Required type="2" schemaName="parentterritoryid" displayName="Parent" parentSchemaName="territory" parentDisplayName="Region" solution="msdynce_AppCommonPatch201904 (9.0.21113.10002)">
          <package>msdynce_AppCommonAnchor (9.0.21113.10002)</package>
        </Required>
        <Dependent type="60" displayName="Information" parentDisplayName="Region" id="{2474525c-aaae-43ce-97e2-7adb3ed7efa5}" />
      </MissingDependency>
      <MissingDependency>
        <Required type="2" schemaName="parentterritoryid" displayName="Parent" parentSchemaName="territory" parentDisplayName="Region" solution="msdynce_AppCommonPatch201904 (9.0.21113.10002)">
          <package>msdynce_AppCommonAnchor (9.0.21113.10002)</package>
        </Required>
        <Dependent type="60" displayName="TDG Region" parentDisplayName="Region" id="{5e818a16-ee3b-ec11-8c62-0022483d7564}" />
      </MissingDependency>
      <MissingDependency>
        <Required type="2" schemaName="territoryid" displayName="Territory" parentSchemaName="territory" parentDisplayName="Region" solution="msdynce_AppCommon (9.0.4.0066)">
          <package>msdynce_AppCommonAnchor (9.0.21113.10002)</package>
        </Required>
        <Dependent type="10" schemaName="ovs_territory_ovs_cdregionalnop_CDProvinceId" displayName="ovs_territory_ovs_cdregionalnop_CDProvinceId" parentSchemaName="territory" parentDisplayName="Region" />
      </MissingDependency>
      <MissingDependency>
        <Required type="20" displayName="TDG QA" solution="Active" id="{1b6b3c98-4f33-ec11-b6e6-0022483cc1c9}" />
        <Dependent type="60" displayName="TDG Region" parentDisplayName="Region" id="{5e818a16-ee3b-ec11-8c62-0022483d7564}" />
      </MissingDependency>
      <MissingDependency>
        <Required type="20" displayName="Questionnaire Administrator" solution="Active" id="{4b00cd47-0217-eb11-a813-000d3af3ac0d}" />
        <Dependent type="60" displayName="Information" parentDisplayName="Legislation" id="{d55caf0a-bae4-4d40-b008-b253ab4ce243}" />
      </MissingDependency>
      <MissingDependency>
        <Required type="20" displayName="TDG Manager" solution="Active" id="{545418f6-d089-eb11-b1ac-000d3ae92dbf}" />
        <Dependent type="60" displayName="TDG Region" parentDisplayName="Region" id="{5e818a16-ee3b-ec11-8c62-0022483d7564}" />
      </MissingDependency>
      <MissingDependency>
        <Required type="20" displayName="TDG Manager" solution="Active" id="{545418f6-d089-eb11-b1ac-000d3ae92dbf}" />
        <Dependent type="60" displayName="TDG Site Profile" parentDisplayName="Account" id="{db5d5927-e1b5-440f-b55b-e0a95e1b053b}" />
      </MissingDependency>
      <MissingDependency>
        <Required type="20" displayName="TDG Manager" solution="Active" id="{545418f6-d089-eb11-b1ac-000d3ae92dbf}" />
        <Dependent type="60" displayName="Information" parentDisplayName="Operation Type" id="{f4acfb37-f5a0-49ca-a3bb-4c8cca2806ee}" />
      </MissingDependency>
      <MissingDependency>
        <Required type="20" displayName="TDG Analyst" solution="Active" id="{6ba72790-cf89-eb11-b1ac-000d3ae92dbf}" />
        <Dependent type="60" displayName="TDG Region" parentDisplayName="Region" id="{5e818a16-ee3b-ec11-8c62-0022483d7564}" />
      </MissingDependency>
      <MissingDependency>
        <Required type="20" displayName="TDG Analyst" solution="Active" id="{6ba72790-cf89-eb11-b1ac-000d3ae92dbf}" />
        <Dependent type="60" displayName="TDG Site Profile" parentDisplayName="Account" id="{db5d5927-e1b5-440f-b55b-e0a95e1b053b}" />
      </MissingDependency>
      <MissingDependency>
        <Required type="20" displayName="TDG Analyst" solution="Active" id="{6ba72790-cf89-eb11-b1ac-000d3ae92dbf}" />
        <Dependent type="60" displayName="Information" parentDisplayName="Operation Type" id="{f4acfb37-f5a0-49ca-a3bb-4c8cca2806ee}" />
      </MissingDependency>
      <MissingDependency>
        <Required type="20" displayName="TDG Base" solution="Active" id="{6ee20a40-2264-eb11-a812-000d3aff0dda}" />
        <Dependent type="60" displayName="Information" parentDisplayName="Operation Type" id="{f4acfb37-f5a0-49ca-a3bb-4c8cca2806ee}" />
      </MissingDependency>
      <MissingDependency>
        <Required type="20" displayName="TDG Planner" solution="Active" id="{a8d3ef08-d189-eb11-b1ac-000d3ae92dbf}" />
        <Dependent type="60" displayName="TDG Region" parentDisplayName="Region" id="{5e818a16-ee3b-ec11-8c62-0022483d7564}" />
      </MissingDependency>
      <MissingDependency>
        <Required type="20" displayName="TDG Planner" solution="Active" id="{a8d3ef08-d189-eb11-b1ac-000d3ae92dbf}" />
        <Dependent type="60" displayName="TDG Site Profile" parentDisplayName="Account" id="{db5d5927-e1b5-440f-b55b-e0a95e1b053b}" />
      </MissingDependency>
      <MissingDependency>
        <Required type="20" displayName="TDG Planner" solution="Active" id="{a8d3ef08-d189-eb11-b1ac-000d3ae92dbf}" />
        <Dependent type="60" displayName="Information" parentDisplayName="Operation Type" id="{f4acfb37-f5a0-49ca-a3bb-4c8cca2806ee}" />
      </MissingDependency>
      <MissingDependency>
        <Required type="20" displayName="TDG Inspector Mobile" solution="Active" id="{c986520a-bc01-ec11-94f0-0022483c1f45}" />
        <Dependent type="60" displayName="TDG Region" parentDisplayName="Region" id="{5e818a16-ee3b-ec11-8c62-0022483d7564}" />
      </MissingDependency>
      <MissingDependency>
        <Required type="20" displayName="TDG Inspector" solution="Active" id="{de8e34ea-d189-eb11-b1ac-000d3ae92dbf}" />
        <Dependent type="60" displayName="TDG Region" parentDisplayName="Region" id="{5e818a16-ee3b-ec11-8c62-0022483d7564}" />
      </MissingDependency>
      <MissingDependency>
        <Required type="20" displayName="TDG Inspector" solution="Active" id="{de8e34ea-d189-eb11-b1ac-000d3ae92dbf}" />
        <Dependent type="60" displayName="TDG Site Profile" parentDisplayName="Account" id="{db5d5927-e1b5-440f-b55b-e0a95e1b053b}" />
      </MissingDependency>
      <MissingDependency>
        <Required type="20" displayName="TDG Inspector" solution="Active" id="{de8e34ea-d189-eb11-b1ac-000d3ae92dbf}" />
        <Dependent type="60" displayName="Information" parentDisplayName="Operation Type" id="{f4acfb37-f5a0-49ca-a3bb-4c8cca2806ee}" />
      </MissingDependency>
      <MissingDependency>
        <Required type="26" schemaName="All Regions" displayName="All Regions" parentSchemaName="territory" parentDisplayName="Region" solution="msdynce_AppCommon (9.0.4.0066)" id="{00000000-0000-0000-00aa-000010001050}">
          <package>msdynce_AppCommonAnchor (9.0.21113.10002)</package>
        </Required>
        <Dependent type="60" displayName="Information" parentDisplayName="Region" id="{2474525c-aaae-43ce-97e2-7adb3ed7efa5}" />
      </MissingDependency>
      <MissingDependency>
        <Required type="26" schemaName="Active OHS Notes" displayName="Active OHS Notes" parentSchemaName="ovs_tyohsnote" parentDisplayName="OHS Note" solution="Active" id="{228abdfa-9513-479c-82ac-c14abfb5b341}" />
        <Dependent type="60" displayName="TDG Site Profile" parentDisplayName="Account" id="{db5d5927-e1b5-440f-b55b-e0a95e1b053b}" />
      </MissingDependency>
      <MissingDependency>
        <Required type="26" schemaName="Operation UN Numbers (Active)" displayName="Operation UN Numbers (Active)" parentSchemaName="ovs_operationunnumber" parentDisplayName="Operation UN Number" solution="Active" id="{2e7c7b15-98b4-4cc3-a0da-0f193b0759d2}" />
        <Dependent type="60" displayName="Information" parentDisplayName="Operation" id="{a09fc69f-3ace-46b5-85f1-be132f683042}" />
      </MissingDependency>
      <MissingDependency>
        <Required type="26" schemaName="Legislation Lookup View" displayName="Legislation Lookup View" parentSchemaName="qm_rclegislation" parentDisplayName="Legislation" solution="Active" id="{3544ca89-0b3b-4456-8918-494df3b1cd1c}" />
        <Dependent type="60" displayName="Information" parentDisplayName="Legislation" id="{d55caf0a-bae4-4d40-b008-b253ab4ce243}" />
      </MissingDependency>
      <MissingDependency>
        <Required type="26" schemaName="Active Legislations" displayName="Active Legislations" parentSchemaName="qm_rclegislation" parentDisplayName="Legislation" solution="Active" id="{4797655a-2612-4c5d-81be-a514900a38ea}" />
        <Dependent type="60" displayName="Information" parentDisplayName="Legislation" id="{d55caf0a-bae4-4d40-b008-b253ab4ce243}" />
      </MissingDependency>
      <MissingDependency>
        <Required type="26" schemaName="Active Air Operator Functions" displayName="Active Air Operator Functions" parentSchemaName="ovs_airoperatorfunction" parentDisplayName="Air Operator Function" solution="Active" id="{570df2bd-257b-4369-a5c6-f02fa59ba2f1}" />
        <Dependent type="60" displayName="Information" parentDisplayName="Operation" id="{a09fc69f-3ace-46b5-85f1-be132f683042}" />
      </MissingDependency>
      <MissingDependency>
        <Required type="26" schemaName="Active Air Operator Functions" displayName="Active Air Operator Functions" parentSchemaName="ovs_airoperatorfunction" parentDisplayName="Air Operator Function" solution="Active" id="{570df2bd-257b-4369-a5c6-f02fa59ba2f1}" />
        <Dependent type="60" displayName="TDG Site Profile" parentDisplayName="Account" id="{db5d5927-e1b5-440f-b55b-e0a95e1b053b}" />
      </MissingDependency>
      <MissingDependency>
        <Required type="26" schemaName="CLASS (Active)" displayName="CLASS (Active)" parentSchemaName="ovs_accountclass" parentDisplayName="Account Class" solution="Active" id="{7dc38ac5-f0e1-4890-b4b6-ddf611d0a784}" />
        <Dependent type="60" displayName="TDG Site Profile" parentDisplayName="Account" id="{db5d5927-e1b5-440f-b55b-e0a95e1b053b}" />
      </MissingDependency>
      <MissingDependency>
        <Required type="26" schemaName="Active Aircraft Types" displayName="Active Aircraft Types" parentSchemaName="ovs_aircrafttype" parentDisplayName="Aircraft Type" solution="Active" id="{88caeabd-3ad9-475b-91cd-75ce996edf16}" />
        <Dependent type="60" displayName="Information" parentDisplayName="Operation" id="{a09fc69f-3ace-46b5-85f1-be132f683042}" />
      </MissingDependency>
      <MissingDependency>
        <Required type="26" schemaName="Active Aircraft Types" displayName="Active Aircraft Types" parentSchemaName="ovs_aircrafttype" parentDisplayName="Aircraft Type" solution="Active" id="{88caeabd-3ad9-475b-91cd-75ce996edf16}" />
        <Dependent type="60" displayName="TDG Site Profile" parentDisplayName="Account" id="{db5d5927-e1b5-440f-b55b-e0a95e1b053b}" />
      </MissingDependency>
      <MissingDependency>
        <Required type="26" schemaName="Active OHS Equipment Types" displayName="Active OHS Equipment Types" parentSchemaName="ovs_tyohsequipmenttype" parentDisplayName="OHS Equipment Type" solution="Active" id="{8ce18d7f-d3e4-47e6-a481-93982bb8060a}" />
        <Dependent type="60" displayName="TDG Site Profile" parentDisplayName="Account" id="{db5d5927-e1b5-440f-b55b-e0a95e1b053b}" />
      </MissingDependency>
      <MissingDependency>
        <Required type="26" schemaName="Active Modes" displayName="Active Modes" parentSchemaName="ovs_modes" parentDisplayName="Modes" solution="Active" id="{93a77384-be4d-4e0d-9056-163854d6282c}" />
        <Dependent type="60" displayName="Information" parentDisplayName="Operation" id="{a09fc69f-3ace-46b5-85f1-be132f683042}" />
      </MissingDependency>
      <MissingDependency>
        <Required type="26" schemaName="Active Modes" displayName="Active Modes" parentSchemaName="ovs_modes" parentDisplayName="Modes" solution="Active" id="{93a77384-be4d-4e0d-9056-163854d6282c}" />
        <Dependent type="60" displayName="TDG Site Profile" parentDisplayName="Account" id="{db5d5927-e1b5-440f-b55b-e0a95e1b053b}" />
      </MissingDependency>
      <MissingDependency>
        <Required type="26" schemaName="Site Associated Operations" displayName="Site Associated Operations" parentSchemaName="ovs_mocregistration" parentDisplayName="Operation" solution="Active" id="{a6fbfbaa-153c-ec11-8c62-0022483d71b4}" />
        <Dependent type="60" displayName="TDG Site Profile" parentDisplayName="Account" id="{db5d5927-e1b5-440f-b55b-e0a95e1b053b}" />
      </MissingDependency>
      <MissingDependency>
        <Required type="26" schemaName="Active MOC Types" displayName="Active MOC Types" parentSchemaName="ovs_moctype" parentDisplayName="MOC Type" solution="Active" id="{a759bf0f-872d-491d-b04a-ae7737c6f78e}" />
        <Dependent type="60" displayName="Information" parentDisplayName="Operation" id="{a09fc69f-3ace-46b5-85f1-be132f683042}" />
      </MissingDependency>
      <MissingDependency>
        <Required type="26" schemaName="Active MOC Types" displayName="Active MOC Types" parentSchemaName="ovs_moctype" parentDisplayName="MOC Type" solution="Active" id="{a759bf0f-872d-491d-b04a-ae7737c6f78e}" />
        <Dependent type="60" displayName="TDG Site Profile" parentDisplayName="Account" id="{db5d5927-e1b5-440f-b55b-e0a95e1b053b}" />
      </MissingDependency>
      <MissingDependency>
        <Required type="26" schemaName="Territories Lookup View" displayName="Territories Lookup View" parentSchemaName="territory" parentDisplayName="Region" solution="msdynce_AppCommon (9.0.4.0066)" id="{ad81b2ca-9789-4465-8c56-94c10830a6ed}">
          <package>msdynce_AppCommonAnchor (9.0.21113.10002)</package>
        </Required>
        <Dependent type="60" displayName="Information" parentDisplayName="Regional NOP" id="{72439443-0dce-4ea0-8afe-d2cb17c679bc}" />
      </MissingDependency>
      <MissingDependency>
        <Required type="26" schemaName="Territories Lookup View" displayName="Territories Lookup View" parentSchemaName="territory" parentDisplayName="Region" solution="msdynce_AppCommon (9.0.4.0066)" id="{ad81b2ca-9789-4465-8c56-94c10830a6ed}">
          <package>msdynce_AppCommonAnchor (9.0.21113.10002)</package>
        </Required>
        <Dependent type="60" displayName="TDG Site Profile" parentDisplayName="Account" id="{db5d5927-e1b5-440f-b55b-e0a95e1b053b}" />
      </MissingDependency>
      <MissingDependency>
        <Required type="26" schemaName="UN NUMBER (Active)" displayName="UN NUMBER (Active)" parentSchemaName="ovs_accountun" parentDisplayName="Account UN Number" solution="Active" id="{afa44b37-6f2a-44a9-b2ac-6ef073699084}" />
        <Dependent type="60" displayName="TDG Site Profile" parentDisplayName="Account" id="{db5d5927-e1b5-440f-b55b-e0a95e1b053b}" />
      </MissingDependency>
      <MissingDependency>
        <Required type="26" schemaName="CLASS (Active)" displayName="CLASS (Active)" parentSchemaName="ovs_operationclass" parentDisplayName="Operation Class" solution="Active" id="{affe1090-e5c2-4951-854a-1ac530d0dfa0}" />
        <Dependent type="60" displayName="Information" parentDisplayName="Operation" id="{a09fc69f-3ace-46b5-85f1-be132f683042}" />
      </MissingDependency>
      <MissingDependency>
        <Required type="26" schemaName="Active Air Operator Types" displayName="Active Air Operator Types" parentSchemaName="ovs_airoperatortype" parentDisplayName="Air Operator Type" solution="Active" id="{b07fee2e-98d2-423b-bb64-381ce482cc19}" />
        <Dependent type="60" displayName="Information" parentDisplayName="Operation" id="{a09fc69f-3ace-46b5-85f1-be132f683042}" />
      </MissingDependency>
      <MissingDependency>
        <Required type="26" schemaName="Active Air Operator Types" displayName="Active Air Operator Types" parentSchemaName="ovs_airoperatortype" parentDisplayName="Air Operator Type" solution="Active" id="{b07fee2e-98d2-423b-bb64-381ce482cc19}" />
        <Dependent type="60" displayName="TDG Site Profile" parentDisplayName="Account" id="{db5d5927-e1b5-440f-b55b-e0a95e1b053b}" />
      </MissingDependency>
      <MissingDependency>
        <Required type="26" schemaName="Legislation Characteristics" displayName="Legislation Characteristics" parentSchemaName="qm_tylegislationcharacteristic" parentDisplayName="Legislation Characteristic" solution="Active" id="{b1230891-1aa0-4d0c-9d11-b9c66319a0f5}" />
        <Dependent type="60" displayName="Information" parentDisplayName="Legislation" id="{d55caf0a-bae4-4d40-b008-b253ab4ce243}" />
      </MissingDependency>
      <MissingDependency>
        <Required type="26" schemaName="All Work Orders" displayName="All Work Orders" parentSchemaName="msdyn_workorder" parentDisplayName="Work Order" solution="Active" id="{c1ecc4f8-c0bf-eb11-bacc-0022483bbb9e}" />
        <Dependent type="60" displayName="TDG Site Profile" parentDisplayName="Account" id="{db5d5927-e1b5-440f-b55b-e0a95e1b053b}" />
      </MissingDependency>
      <MissingDependency>
        <Required type="26" schemaName="Inactive Work Orders" displayName="Inactive Work Orders" parentSchemaName="msdyn_workorder" parentDisplayName="Work Order" solution="FieldService (8.8.0.88)" id="{d928c332-8c65-43fc-95b2-5df41d2fa558}">
          <package>FieldService_Anchor (8.8.55.10)</package>
        </Required>
        <Dependent type="60" displayName="TDG Site Profile" parentDisplayName="Account" id="{db5d5927-e1b5-440f-b55b-e0a95e1b053b}" />
      </MissingDependency>
      <MissingDependency>
        <Required type="26" schemaName="Active Work Orders" displayName="Active Work Orders" parentSchemaName="msdyn_workorder" parentDisplayName="Work Order" solution="FieldService (8.8.0.88)" id="{fce37246-eba1-4e92-bb9d-f8cb3ec38e3f}">
          <package>FieldService_Anchor (8.8.55.10)</package>
        </Required>
        <Dependent type="60" displayName="TDG Site Profile" parentDisplayName="Account" id="{db5d5927-e1b5-440f-b55b-e0a95e1b053b}" />
      </MissingDependency>
      <MissingDependency>
        <Required type="60" displayName="Information" parentDisplayName="Region" solution="msdynce_AppCommon (9.0.4.0066)" id="{2474525c-aaae-43ce-97e2-7adb3ed7efa5}">
          <package>msdynce_AppCommonAnchor (9.0.21113.10002)</package>
        </Required>
        <Dependent type="60" displayName="Information" parentDisplayName="Region" id="{2474525c-aaae-43ce-97e2-7adb3ed7efa5}" />
      </MissingDependency>
      <MissingDependency>
        <Required type="60" displayName="account contact card" parentDisplayName="Contact" solution="msdynce_AppCommon (9.0.4.0066)" id="{29de27bc-a257-4f29-99cf-bab4a84e688f}">
          <package>msdynce_AppCommonAnchor (9.0.21113.10002)</package>
        </Required>
        <Dependent type="60" displayName="TDG Site Profile" parentDisplayName="Account" id="{db5d5927-e1b5-440f-b55b-e0a95e1b053b}" />
      </MissingDependency>
      <MissingDependency>
        <Required type="61" schemaName="AppCommon/Territory/Territory_main_system_library.js" displayName="AppCommon/Territory/Territory_main_system_library.js" solution="msdynce_AppCommon (9.0.4.0066)">
          <package>msdynce_AppCommonAnchor (9.0.21113.10002)</package>
        </Required>
        <Dependent type="60" displayName="TDG Region" parentDisplayName="Region" id="{5e818a16-ee3b-ec11-8c62-0022483d7564}" />
      </MissingDependency>
      <MissingDependency>
        <Required type="61" schemaName="msdyn_/Account/Account.Library.js" displayName="msdyn_/Account/Account.Library.js" solution="FieldService (8.8.0.88)">
          <package>FieldService_Anchor (8.8.55.10)</package>
        </Required>
        <Dependent type="60" displayName="TDG Site Profile" parentDisplayName="Account" id="{db5d5927-e1b5-440f-b55b-e0a95e1b053b}" />
      </MissingDependency>
      <MissingDependency>
        <Required type="61" schemaName="msdyn_/Icons/Entity/WorkOrder_16.png" displayName="msdyn_/Icons/Entity/WorkOrder_16.png" solution="FieldService (8.8.0.88)">
          <package>FieldService_Anchor (8.8.55.10)</package>
        </Required>
        <Dependent type="1" schemaName="msdyn_workorder" displayName="Work Order" />
      </MissingDependency>
      <MissingDependency>
        <Required type="61" schemaName="msdyn_/Icons/Entity/WorkOrder_32/_imgs/NavBar/Invisible.gif" displayName="msdyn_/Icons/Entity/WorkOrder_32/_imgs/NavBar/Invisible.gif" solution="FieldService (8.8.0.88)">
          <package>FieldService_Anchor (8.8.55.10)</package>
        </Required>
        <Dependent type="1" schemaName="msdyn_workorder" displayName="Work Order" />
      </MissingDependency>
      <MissingDependency>
        <Required type="61" schemaName="msdyn_/Icons/SVG/WorkOrders.svg" displayName="msdyn_/Icons/SVG/WorkOrders.svg" solution="FieldService (8.8.0.88)">
          <package>FieldService_Anchor (8.8.55.10)</package>
        </Required>
        <Dependent type="1" schemaName="msdyn_workorder" displayName="Work Order" />
      </MissingDependency>
      <MissingDependency>
        <Required type="61" schemaName="msdyn_/Utils/FieldServiceTrial.js" displayName="msdyn_/Utils/FieldServiceTrial.js" solution="FieldService (8.8.0.88)">
          <package>FieldService_Anchor (8.8.55.10)</package>
        </Required>
        <Dependent type="60" displayName="TDG Site Profile" parentDisplayName="Account" id="{db5d5927-e1b5-440f-b55b-e0a95e1b053b}" />
      </MissingDependency>
      <MissingDependency>
        <Required type="61" schemaName="ovs_AccountTDG_Ribbons.js" displayName="ovs_AccountTDG_Ribbons.js" solution="Active" />
        <Dependent type="60" displayName="TDG Site Profile" parentDisplayName="Account" id="{db5d5927-e1b5-440f-b55b-e0a95e1b053b}" />
      </MissingDependency>
      <MissingDependency>
        <Required type="61" schemaName="qm_/SiteHOTImessage.html" displayName="qm_/SiteHOTImessage.html" solution="Active" />
        <Dependent type="60" displayName="Information" parentDisplayName="Operation" id="{a09fc69f-3ace-46b5-85f1-be132f683042}" />
      </MissingDependency>
      <MissingDependency>
        <Required type="61" schemaName="qm_/SiteHOTImessage.html" displayName="qm_/SiteHOTImessage.html" solution="Active" />
        <Dependent type="60" displayName="TDG Site Profile" parentDisplayName="Account" id="{db5d5927-e1b5-440f-b55b-e0a95e1b053b}" />
      </MissingDependency>
      <MissingDependency>
        <Required type="61" schemaName="qm_AccountTDG_main.js" displayName="qm_AccountTDG_main.js" solution="Active" />
        <Dependent type="60" displayName="TDG Site Profile" parentDisplayName="Account" id="{db5d5927-e1b5-440f-b55b-e0a95e1b053b}" />
      </MissingDependency>
      <MissingDependency>
        <Required type="61" schemaName="qm_globalHelper.js" displayName="qm_globalHelper.js" solution="Active" />
        <Dependent type="60" displayName="Information" parentDisplayName="Operation" id="{a09fc69f-3ace-46b5-85f1-be132f683042}" />
      </MissingDependency>
      <MissingDependency>
        <Required type="61" schemaName="qm_globalHelper.js" displayName="qm_globalHelper.js" solution="Active" />
        <Dependent type="60" displayName="Information" parentDisplayName="NOP" id="{c92e3ed8-1c9e-4646-bf05-04f9818fe34c}" />
      </MissingDependency>
      <MissingDependency>
        <Required type="61" schemaName="qm_globalHelper.js" displayName="qm_globalHelper.js" solution="Active" />
        <Dependent type="60" displayName="Information" parentDisplayName="Legislation" id="{d55caf0a-bae4-4d40-b008-b253ab4ce243}" />
      </MissingDependency>
      <MissingDependency>
        <Required type="61" schemaName="qm_globalHelper.js" displayName="qm_globalHelper.js" solution="Active" />
        <Dependent type="60" displayName="TDG Site Profile" parentDisplayName="Account" id="{db5d5927-e1b5-440f-b55b-e0a95e1b053b}" />
      </MissingDependency>
      <MissingDependency>
        <Required type="66" schemaName="msdyn_MscrmControls.TreeView.TreeViewControl" displayName="msdyn_MscrmControls.TreeView.TreeViewControl" solution="msdyn_AssetCommon (1.0.25.1)">
          <package>FieldService_Anchor (8.8.55.10)</package>
          <package>msdynce_ServiceAnchor (9.0.21111.1007)</package>
        </Required>
        <Dependent type="60" displayName="TDG Site Profile" parentDisplayName="Account" id="{db5d5927-e1b5-440f-b55b-e0a95e1b053b}" />
      </MissingDependency>
      <MissingDependency>
        <Required type="9" schemaName="ovs_planningstatus" displayName="Planning Status" solution="Active" />
        <Dependent type="2" schemaName="ovs_planningstatus" displayName="Planning Status" parentSchemaName="ovs_workordercandidate" parentDisplayName="Work Order Candidate" />
      </MissingDependency>
    </MissingDependencies>
  </SolutionManifest>
</ImportExportXml>