<ImportExportXml version="9.2.22015.127" SolutionPackageVersion="9.2" languagecode="1033" generatedBy="CrmLive" xmlns:xsi="http://www.w3.org/2001/XMLSchema-instance">
  <SolutionManifest>
    <UniqueName>TC_GlobalCore_Patch_59427836</UniqueName>
    <LocalizedNames>
      <LocalizedName description="TDG Core Schema" languagecode="1033" />
    </LocalizedNames>
    <Descriptions>
      <Description description="Patch for TDG Core Schema" languagecode="1033" />
    </Descriptions>
    <ParentUniqueName>TC_GlobalCore</ParentUniqueName>
    <Version>1.126.11.1</Version>
    <Managed>0</Managed>
    <Publisher>
      <UniqueName>oversightpublisher</UniqueName>
      <LocalizedNames>
        <LocalizedName description="Oversight" languagecode="1033" />
      </LocalizedNames>
      <Descriptions>
        <Description description="This is the common solution for AvSec Inspection and TDG Inspection." languagecode="1033" />
      </Descriptions>
      <EMailAddress xsi:nil="true"></EMailAddress>
      <SupportingWebsiteUrl xsi:nil="true"></SupportingWebsiteUrl>
      <CustomizationPrefix>ovs</CustomizationPrefix>
      <CustomizationOptionValuePrefix>91864</CustomizationOptionValuePrefix>
      <Addresses>
        <Address>
          <AddressNumber>1</AddressNumber>
          <AddressTypeCode>1</AddressTypeCode>
          <City xsi:nil="true"></City>
          <County xsi:nil="true"></County>
          <Country xsi:nil="true"></Country>
          <Fax xsi:nil="true"></Fax>
          <FreightTermsCode xsi:nil="true"></FreightTermsCode>
          <ImportSequenceNumber xsi:nil="true"></ImportSequenceNumber>
          <Latitude xsi:nil="true"></Latitude>
          <Line1 xsi:nil="true"></Line1>
          <Line2 xsi:nil="true"></Line2>
          <Line3 xsi:nil="true"></Line3>
          <Longitude xsi:nil="true"></Longitude>
          <Name xsi:nil="true"></Name>
          <PostalCode xsi:nil="true"></PostalCode>
          <PostOfficeBox xsi:nil="true"></PostOfficeBox>
          <PrimaryContactName xsi:nil="true"></PrimaryContactName>
          <ShippingMethodCode>1</ShippingMethodCode>
          <StateOrProvince xsi:nil="true"></StateOrProvince>
          <Telephone1 xsi:nil="true"></Telephone1>
          <Telephone2 xsi:nil="true"></Telephone2>
          <Telephone3 xsi:nil="true"></Telephone3>
          <TimeZoneRuleVersionNumber xsi:nil="true"></TimeZoneRuleVersionNumber>
          <UPSZone xsi:nil="true"></UPSZone>
          <UTCOffset xsi:nil="true"></UTCOffset>
          <UTCConversionTimeZoneCode xsi:nil="true"></UTCConversionTimeZoneCode>
        </Address>
        <Address>
          <AddressNumber>2</AddressNumber>
          <AddressTypeCode>1</AddressTypeCode>
          <City xsi:nil="true"></City>
          <County xsi:nil="true"></County>
          <Country xsi:nil="true"></Country>
          <Fax xsi:nil="true"></Fax>
          <FreightTermsCode xsi:nil="true"></FreightTermsCode>
          <ImportSequenceNumber xsi:nil="true"></ImportSequenceNumber>
          <Latitude xsi:nil="true"></Latitude>
          <Line1 xsi:nil="true"></Line1>
          <Line2 xsi:nil="true"></Line2>
          <Line3 xsi:nil="true"></Line3>
          <Longitude xsi:nil="true"></Longitude>
          <Name xsi:nil="true"></Name>
          <PostalCode xsi:nil="true"></PostalCode>
          <PostOfficeBox xsi:nil="true"></PostOfficeBox>
          <PrimaryContactName xsi:nil="true"></PrimaryContactName>
          <ShippingMethodCode>1</ShippingMethodCode>
          <StateOrProvince xsi:nil="true"></StateOrProvince>
          <Telephone1 xsi:nil="true"></Telephone1>
          <Telephone2 xsi:nil="true"></Telephone2>
          <Telephone3 xsi:nil="true"></Telephone3>
          <TimeZoneRuleVersionNumber xsi:nil="true"></TimeZoneRuleVersionNumber>
          <UPSZone xsi:nil="true"></UPSZone>
          <UTCOffset xsi:nil="true"></UTCOffset>
          <UTCConversionTimeZoneCode xsi:nil="true"></UTCConversionTimeZoneCode>
        </Address>
      </Addresses>
    </Publisher>
    <RootComponents>
      <RootComponent type="1" schemaName="account" behavior="1" />
      <RootComponent type="1" schemaName="ovs_cdnop" behavior="1" />
      <RootComponent type="1" schemaName="ovs_cdregionalnop" behavior="1" />
      <RootComponent type="1" schemaName="ovs_mocregistration" behavior="1" />
      <RootComponent type="1" schemaName="ovs_workordercandidate" behavior="1" />
      <RootComponent type="1" schemaName="qm_cepdata" behavior="1" />
      <RootComponent type="1" schemaName="tc_tcfiscalyear" behavior="1" />
      <RootComponent type="61" schemaName="ovs_moc_mainform" behavior="0" />
      <RootComponent type="61" schemaName="ovs_NOPMainForm" behavior="0" />
      <RootComponent type="61" schemaName="ovs_WorkOrderCandidate_MainForm" behavior="0" />
    </RootComponents>
    <MissingDependencies>
      <MissingDependency>
        <Required type="1" schemaName="ovs_aircrafttype" displayName="Aircraft Type" solution="Active" />
        <Dependent type="60" displayName="Information" parentDisplayName="Operation" id="{a09fc69f-3ace-46b5-85f1-be132f683042}" />
      </MissingDependency>
      <MissingDependency>
        <Required type="1" schemaName="ovs_airoperatorfunction" displayName="Air Operator Function" solution="Active" />
        <Dependent type="60" displayName="Information" parentDisplayName="Operation" id="{a09fc69f-3ace-46b5-85f1-be132f683042}" />
      </MissingDependency>
      <MissingDependency>
        <Required type="1" schemaName="ovs_airoperatortype" displayName="Air Operator Type" solution="Active" />
        <Dependent type="60" displayName="Information" parentDisplayName="Operation" id="{a09fc69f-3ace-46b5-85f1-be132f683042}" />
      </MissingDependency>
      <MissingDependency>
        <Required type="1" schemaName="ovs_cdnop" displayName="NOP" solution="Active" />
        <Dependent type="1" schemaName="ovs_cdnop" displayName="NOP" />
      </MissingDependency>
      <MissingDependency>
        <Required type="1" schemaName="ovs_cdregionalnop" displayName="Regional NOP" solution="Active" />
        <Dependent type="1" schemaName="ovs_cdregionalnop" displayName="Regional NOP" />
      </MissingDependency>
      <MissingDependency>
        <Required type="1" schemaName="ovs_mocregistration" displayName="Operation" solution="Active" />
        <Dependent type="1" schemaName="ovs_mocregistration" displayName="Operation" />
      </MissingDependency>
      <MissingDependency>
        <Required type="1" schemaName="ovs_moctype" displayName="MOC Type" solution="Active" />
        <Dependent type="60" displayName="Information" parentDisplayName="Operation" id="{a09fc69f-3ace-46b5-85f1-be132f683042}" />
      </MissingDependency>
      <MissingDependency>
        <Required type="1" schemaName="ovs_modes" displayName="Modes" solution="Active" />
        <Dependent type="60" displayName="Information" parentDisplayName="Operation" id="{a09fc69f-3ace-46b5-85f1-be132f683042}" />
      </MissingDependency>
      <MissingDependency>
        <Required type="1" schemaName="ovs_operationclass" displayName="Operation Class" solution="Active" />
        <Dependent type="60" displayName="Information" parentDisplayName="Operation" id="{a09fc69f-3ace-46b5-85f1-be132f683042}" />
      </MissingDependency>
      <MissingDependency>
        <Required type="1" schemaName="ovs_operationunnumber" displayName="Operation UN Number" solution="Active" />
        <Dependent type="60" displayName="Information" parentDisplayName="Operation" id="{a09fc69f-3ace-46b5-85f1-be132f683042}" />
      </MissingDependency>
      <MissingDependency>
        <Required type="1" schemaName="ovs_oversighttype" displayName="Oversight Type" solution="Active" />
        <Dependent type="60" displayName="Information" parentDisplayName="NOP" id="{c92e3ed8-1c9e-4646-bf05-04f9818fe34c}" />
      </MissingDependency>
      <MissingDependency>
        <Required type="1" schemaName="ovs_workordercandidate" displayName="Work Order Candidate" solution="Active" />
        <Dependent type="1" schemaName="ovs_workordercandidate" displayName="Work Order Candidate" />
      </MissingDependency>
      <MissingDependency>
        <Required type="1" schemaName="qm_cepdata" displayName="CEP Data" solution="Active" />
        <Dependent type="1" schemaName="qm_cepdata" displayName="CEP Data" />
      </MissingDependency>
      <MissingDependency>
        <Required type="1" schemaName="qm_rclegislation" displayName="Legislation" solution="Active" />
        <Dependent type="60" displayName="Information" parentDisplayName="NOP" id="{c92e3ed8-1c9e-4646-bf05-04f9818fe34c}" />
      </MissingDependency>
      <MissingDependency>
        <Required type="1" schemaName="tc_tcfiscalyear" displayName="TCFiscalYear" solution="Active" />
        <Dependent type="1" schemaName="tc_tcfiscalyear" displayName="TCFiscalYear" />
      </MissingDependency>
      <MissingDependency>
        <Required type="10" schemaName="ovs_MOCRegistration_Site" displayName="ovs_MOCRegistration_Site" parentSchemaName="account" parentDisplayName="Account" solution="Active" />
        <Dependent type="60" displayName="Information" parentDisplayName="Operation" id="{a09fc69f-3ace-46b5-85f1-be132f683042}" />
      </MissingDependency>
      <MissingDependency>
        <Required type="10" schemaName="ovs_MOCRegistration_Site" displayName="ovs_MOCRegistration_Site" parentSchemaName="account" parentDisplayName="Account" solution="Active" />
        <Dependent type="60" displayName="Information" parentDisplayName="Work Order Candidate" id="{f7cfa7da-bd84-406d-add8-ba3537122663}" />
      </MissingDependency>
      <MissingDependency>
        <Required type="10" schemaName="ovs_workordercandidate_site_Account" displayName="ovs_workordercandidate_site_Account" parentSchemaName="account" parentDisplayName="Account" solution="Active" />
        <Dependent type="60" displayName="Information" parentDisplayName="Work Order Candidate" id="{f7cfa7da-bd84-406d-add8-ba3537122663}" />
      </MissingDependency>
      <MissingDependency>
        <Required type="10" schemaName="ovs_workordercandidate_primaryinspector" displayName="ovs_workordercandidate_primaryinspector" parentSchemaName="bookableresource" parentDisplayName="Bookable Resource" solution="Active" />
        <Dependent type="60" displayName="Information" parentDisplayName="Work Order Candidate" id="{f7cfa7da-bd84-406d-add8-ba3537122663}" />
      </MissingDependency>
      <MissingDependency>
        <Required type="10" schemaName="ovs_MOCRegistration_ovs_aircrafttype" displayName="ovs_MOCRegistration_ovs_aircrafttype" parentSchemaName="ovs_aircrafttype" parentDisplayName="Aircraft Type" solution="Active" />
        <Dependent type="60" displayName="Information" parentDisplayName="Operation" id="{a09fc69f-3ace-46b5-85f1-be132f683042}" />
      </MissingDependency>
      <MissingDependency>
        <Required type="10" schemaName="ovs_MOCRegistration_ovs_airoperatorfunction" displayName="ovs_MOCRegistration_ovs_airoperatorfunction" parentSchemaName="ovs_airoperatorfunction" parentDisplayName="Air Operator Function" solution="Active" />
        <Dependent type="60" displayName="Information" parentDisplayName="Operation" id="{a09fc69f-3ace-46b5-85f1-be132f683042}" />
      </MissingDependency>
      <MissingDependency>
        <Required type="10" schemaName="ovs_MOCRegistration_ovs_airOperatortype" displayName="ovs_MOCRegistration_ovs_airOperatortype" parentSchemaName="ovs_airoperatortype" parentDisplayName="Air Operator Type" solution="Active" />
        <Dependent type="60" displayName="Information" parentDisplayName="Operation" id="{a09fc69f-3ace-46b5-85f1-be132f683042}" />
      </MissingDependency>
      <MissingDependency>
        <Required type="10" schemaName="ovs_ovs_cdnop_ovs_cdregionalnop_CDNOPId" displayName="ovs_ovs_cdnop_ovs_cdregionalnop_CDNOPId" parentSchemaName="ovs_cdnop" parentDisplayName="NOP" solution="Active" />
        <Dependent type="60" displayName="Information" parentDisplayName="Regional NOP" id="{72439443-0dce-4ea0-8afe-d2cb17c679bc}" />
      </MissingDependency>
      <MissingDependency>
        <Required type="10" schemaName="ovs_ovs_cdnop_ovs_cdregionalnop_CDNOPId" displayName="ovs_ovs_cdnop_ovs_cdregionalnop_CDNOPId" parentSchemaName="ovs_cdnop" parentDisplayName="NOP" solution="Active" />
        <Dependent type="60" displayName="Information" parentDisplayName="NOP" id="{c92e3ed8-1c9e-4646-bf05-04f9818fe34c}" />
      </MissingDependency>
      <MissingDependency>
        <Required type="10" schemaName="ovs_CDRegionalNOP_WorkOrderCandidate" displayName="ovs_CDRegionalNOP_WorkOrderCandidate" parentSchemaName="ovs_cdregionalnop" parentDisplayName="Regional NOP" solution="Active" />
        <Dependent type="2" schemaName="ovs_cdwoccount" displayName="Work Order Candidate Count" parentSchemaName="ovs_cdregionalnop" parentDisplayName="Regional NOP" />
      </MissingDependency>
      <MissingDependency>
        <Required type="10" schemaName="ovs_CDRegionalNOP_WorkOrderCandidate" displayName="ovs_CDRegionalNOP_WorkOrderCandidate" parentSchemaName="ovs_cdregionalnop" parentDisplayName="Regional NOP" solution="Active" />
        <Dependent type="60" displayName="Information" parentDisplayName="Regional NOP" id="{72439443-0dce-4ea0-8afe-d2cb17c679bc}" />
      </MissingDependency>
      <MissingDependency>
        <Required type="10" schemaName="ovs_CDRegionalNOP_WorkOrderCandidate" displayName="ovs_CDRegionalNOP_WorkOrderCandidate" parentSchemaName="ovs_cdregionalnop" parentDisplayName="Regional NOP" solution="Active" />
        <Dependent type="60" displayName="Information" parentDisplayName="Work Order Candidate" id="{f7cfa7da-bd84-406d-add8-ba3537122663}" />
      </MissingDependency>
      <MissingDependency>
        <Required type="10" schemaName="ovs_ovs_lob_ovs_mocregistration_lineofbusiness" displayName="ovs_ovs_lob_ovs_mocregistration_lineofbusiness" parentSchemaName="ovs_lob" parentDisplayName="LOB" solution="Active" />
        <Dependent type="60" displayName="Information" parentDisplayName="Operation" id="{a09fc69f-3ace-46b5-85f1-be132f683042}" />
      </MissingDependency>
      <MissingDependency>
        <Required type="10" schemaName="ovs_mocregistration_ovs_moctype" displayName="ovs_mocregistration_ovs_moctype" parentSchemaName="ovs_mocregistration" parentDisplayName="Operation" solution="Active" />
        <Dependent type="60" displayName="Information" parentDisplayName="Operation" id="{a09fc69f-3ace-46b5-85f1-be132f683042}" />
      </MissingDependency>
      <MissingDependency>
        <Required type="10" schemaName="ovs_mocregistration_ovs_modes" displayName="ovs_mocregistration_ovs_modes" parentSchemaName="ovs_mocregistration" parentDisplayName="Operation" solution="Active" />
        <Dependent type="60" displayName="Information" parentDisplayName="Operation" id="{a09fc69f-3ace-46b5-85f1-be132f683042}" />
      </MissingDependency>
      <MissingDependency>
        <Required type="10" schemaName="ovs_OperationUNNumber_OperationUNNumber_o" displayName="ovs_OperationUNNumber_OperationUNNumber_o" parentSchemaName="ovs_mocregistration" parentDisplayName="Operation" solution="Active" />
        <Dependent type="60" displayName="Information" parentDisplayName="Operation" id="{a09fc69f-3ace-46b5-85f1-be132f683042}" />
      </MissingDependency>
      <MissingDependency>
        <Required type="10" schemaName="ovs_ovs_mocregistration_ovs_operationclass_OperationClass" displayName="ovs_ovs_mocregistration_ovs_operationclass_OperationClass" parentSchemaName="ovs_mocregistration" parentDisplayName="Operation" solution="Active" />
        <Dependent type="60" displayName="Information" parentDisplayName="Operation" id="{a09fc69f-3ace-46b5-85f1-be132f683042}" />
      </MissingDependency>
      <MissingDependency>
        <Required type="10" schemaName="ovs_ovs_mocregistration_ovs_workordercandidate_operationid" displayName="ovs_ovs_mocregistration_ovs_workordercandidate_operationid" parentSchemaName="ovs_mocregistration" parentDisplayName="Operation" solution="Active" />
        <Dependent type="60" displayName="Information" parentDisplayName="Work Order Candidate" id="{f7cfa7da-bd84-406d-add8-ba3537122663}" />
      </MissingDependency>
      <MissingDependency>
        <Required type="10" schemaName="ovs_cepsampling_cdnop_ovs_oversighttype" displayName="ovs_cepsampling_cdnop_ovs_oversighttype" parentSchemaName="ovs_oversighttype" parentDisplayName="Oversight Type" solution="Active" />
        <Dependent type="60" displayName="Information" parentDisplayName="NOP" id="{c92e3ed8-1c9e-4646-bf05-04f9818fe34c}" />
      </MissingDependency>
      <MissingDependency>
        <Required type="10" schemaName="ovs_workordercandidate_oversighttype" displayName="ovs_workordercandidate_oversighttype" parentSchemaName="ovs_oversighttype" parentDisplayName="Oversight Type" solution="Active" />
        <Dependent type="60" displayName="Information" parentDisplayName="Work Order Candidate" id="{f7cfa7da-bd84-406d-add8-ba3537122663}" />
      </MissingDependency>
      <MissingDependency>
        <Required type="10" schemaName="ovs_cepsampling_cdnop_qm_rclegislation" displayName="ovs_cepsampling_cdnop_qm_rclegislation" parentSchemaName="qm_rclegislation" parentDisplayName="Legislation" solution="Active" />
        <Dependent type="60" displayName="Information" parentDisplayName="NOP" id="{c92e3ed8-1c9e-4646-bf05-04f9818fe34c}" />
      </MissingDependency>
      <MissingDependency>
        <Required type="10" schemaName="ovs_workordercandidate_plannedquarter" displayName="ovs_workordercandidate_plannedquarter" parentSchemaName="tc_tcfiscalquarter" parentDisplayName="TCFiscalQuarter" solution="Active" />
        <Dependent type="60" displayName="Information" parentDisplayName="Work Order Candidate" id="{f7cfa7da-bd84-406d-add8-ba3537122663}" />
      </MissingDependency>
      <MissingDependency>
        <Required type="10" schemaName="ovs_tc_tcfiscalyear_ovs_cdnop_CDFiscalYearId" displayName="ovs_tc_tcfiscalyear_ovs_cdnop_CDFiscalYearId" parentSchemaName="tc_tcfiscalyear" parentDisplayName="TCFiscalYear" solution="Active" />
        <Dependent type="60" displayName="Information" parentDisplayName="NOP" id="{c92e3ed8-1c9e-4646-bf05-04f9818fe34c}" />
      </MissingDependency>
      <MissingDependency>
        <Required type="10" schemaName="ovs_tc_tcfiscalyear_ovs_cdregionalnop_CDFiscalYearId" displayName="ovs_tc_tcfiscalyear_ovs_cdregionalnop_CDFiscalYearId" parentSchemaName="tc_tcfiscalyear" parentDisplayName="TCFiscalYear" solution="Active" />
        <Dependent type="60" displayName="Information" parentDisplayName="Regional NOP" id="{72439443-0dce-4ea0-8afe-d2cb17c679bc}" />
      </MissingDependency>
      <MissingDependency>
        <Required type="10" schemaName="ovs_territory_ovs_cdregionalnop_CDProvinceId" displayName="ovs_territory_ovs_cdregionalnop_CDProvinceId" parentSchemaName="territory" parentDisplayName="Region" solution="Active" />
        <Dependent type="60" displayName="Information" parentDisplayName="Regional NOP" id="{72439443-0dce-4ea0-8afe-d2cb17c679bc}" />
      </MissingDependency>
      <MissingDependency>
        <Required type="2" schemaName="ovs_cdfiscalyearid" displayName="Fiscal Year" parentSchemaName="ovs_cdnop" parentDisplayName="NOP" solution="Active" />
        <Dependent type="60" displayName="Information" parentDisplayName="NOP" id="{c92e3ed8-1c9e-4646-bf05-04f9818fe34c}" />
      </MissingDependency>
      <MissingDependency>
        <Required type="2" schemaName="ovs_cepsampling_excludebadpostalcode" displayName="Exclude Incorrect Postal Code" parentSchemaName="ovs_cdnop" parentDisplayName="NOP" solution="Active" />
        <Dependent type="60" displayName="Information" parentDisplayName="NOP" id="{c92e3ed8-1c9e-4646-bf05-04f9818fe34c}" />
      </MissingDependency>
      <MissingDependency>
        <Required type="2" schemaName="ovs_cepsampling_excludehub" displayName="Exclude Hub" parentSchemaName="ovs_cdnop" parentDisplayName="NOP" solution="Active" />
        <Dependent type="60" displayName="Information" parentDisplayName="NOP" id="{c92e3ed8-1c9e-4646-bf05-04f9818fe34c}" />
      </MissingDependency>
      <MissingDependency>
        <Required type="2" schemaName="ovs_cepsampling_excluderiskcategory" displayName="Exclude Risk Category" parentSchemaName="ovs_cdnop" parentDisplayName="NOP" solution="Active" />
        <Dependent type="60" displayName="Information" parentDisplayName="NOP" id="{c92e3ed8-1c9e-4646-bf05-04f9818fe34c}" />
      </MissingDependency>
      <MissingDependency>
        <Required type="2" schemaName="ovs_cepsampling_onlyactivesites" displayName="Only Active Sites" parentSchemaName="ovs_cdnop" parentDisplayName="NOP" solution="Active" />
        <Dependent type="60" displayName="Information" parentDisplayName="NOP" id="{c92e3ed8-1c9e-4646-bf05-04f9818fe34c}" />
      </MissingDependency>
      <MissingDependency>
        <Required type="2" schemaName="ovs_cepsampling_operationtype" displayName="Operation Type" parentSchemaName="ovs_cdnop" parentDisplayName="NOP" solution="Active" />
        <Dependent type="60" displayName="Information" parentDisplayName="NOP" id="{c92e3ed8-1c9e-4646-bf05-04f9818fe34c}" />
      </MissingDependency>
      <MissingDependency>
        <Required type="2" schemaName="ovs_cepsampling_recidivismsamplesize" displayName="Recidivism Sample Size" parentSchemaName="ovs_cdnop" parentDisplayName="NOP" solution="Active" />
        <Dependent type="60" displayName="Information" parentDisplayName="NOP" id="{c92e3ed8-1c9e-4646-bf05-04f9818fe34c}" />
      </MissingDependency>
      <MissingDependency>
        <Required type="2" schemaName="ovs_cepsampling_recidivismviolationcount" displayName="Recidivism When Violation Count Equals" parentSchemaName="ovs_cdnop" parentDisplayName="NOP" solution="Active" />
        <Dependent type="60" displayName="Information" parentDisplayName="NOP" id="{c92e3ed8-1c9e-4646-bf05-04f9818fe34c}" />
      </MissingDependency>
      <MissingDependency>
        <Required type="2" schemaName="ovs_cepsampling_runcepreplacement" displayName="Run CEP Replacement" parentSchemaName="ovs_cdnop" parentDisplayName="NOP" solution="Active" />
        <Dependent type="60" displayName="Information" parentDisplayName="NOP" id="{c92e3ed8-1c9e-4646-bf05-04f9818fe34c}" />
      </MissingDependency>
      <MissingDependency>
        <Required type="2" schemaName="ovs_cepsampling_runcepselection" displayName="Run CEP Selection" parentSchemaName="ovs_cdnop" parentDisplayName="NOP" solution="Active" />
        <Dependent type="60" displayName="Information" parentDisplayName="NOP" id="{c92e3ed8-1c9e-4646-bf05-04f9818fe34c}" />
      </MissingDependency>
      <MissingDependency>
        <Required type="2" schemaName="ovs_cepsampling_samplesize" displayName="CEP Sample Size" parentSchemaName="ovs_cdnop" parentDisplayName="NOP" solution="Active" />
        <Dependent type="60" displayName="Information" parentDisplayName="NOP" id="{c92e3ed8-1c9e-4646-bf05-04f9818fe34c}" />
      </MissingDependency>
      <MissingDependency>
        <Required type="2" schemaName="ovs_cepsampling_violationfoundbeforedate" displayName="Violation Found Prior to Date" parentSchemaName="ovs_cdnop" parentDisplayName="NOP" solution="Active" />
        <Dependent type="60" displayName="Information" parentDisplayName="NOP" id="{c92e3ed8-1c9e-4646-bf05-04f9818fe34c}" />
      </MissingDependency>
      <MissingDependency>
        <Required type="2" schemaName="ovs_cepsampling_violationfoundlastnyears" displayName="Violation found during the last N Years" parentSchemaName="ovs_cdnop" parentDisplayName="NOP" solution="Active" />
        <Dependent type="60" displayName="Information" parentDisplayName="NOP" id="{c92e3ed8-1c9e-4646-bf05-04f9818fe34c}" />
      </MissingDependency>
      <MissingDependency>
        <Required type="2" schemaName="ovs_name" displayName="Name" parentSchemaName="ovs_cdnop" parentDisplayName="NOP" solution="Active" />
        <Dependent type="60" displayName="Information" parentDisplayName="NOP" id="{c92e3ed8-1c9e-4646-bf05-04f9818fe34c}" />
      </MissingDependency>
      <MissingDependency>
        <Required type="2" schemaName="ownerid" displayName="Owner" parentSchemaName="ovs_cdnop" parentDisplayName="NOP" solution="Active" />
        <Dependent type="60" displayName="Information" parentDisplayName="NOP" id="{c92e3ed8-1c9e-4646-bf05-04f9818fe34c}" />
      </MissingDependency>
      <MissingDependency>
        <Required type="2" schemaName="statecode" displayName="Status" parentSchemaName="ovs_cdnop" parentDisplayName="NOP" solution="Active" />
        <Dependent type="60" displayName="Information" parentDisplayName="NOP" id="{c92e3ed8-1c9e-4646-bf05-04f9818fe34c}" />
      </MissingDependency>
      <MissingDependency>
        <Required type="2" schemaName="statuscode" displayName="Status Reason" parentSchemaName="ovs_cdnop" parentDisplayName="NOP" solution="Active" />
        <Dependent type="60" displayName="Information" parentDisplayName="NOP" id="{c92e3ed8-1c9e-4646-bf05-04f9818fe34c}" />
      </MissingDependency>
      <MissingDependency>
        <Required type="2" schemaName="ovs_capacity" displayName="Capacity" parentSchemaName="ovs_cdregionalnop" parentDisplayName="Regional NOP" solution="Active" />
        <Dependent type="60" displayName="Information" parentDisplayName="Regional NOP" id="{72439443-0dce-4ea0-8afe-d2cb17c679bc}" />
      </MissingDependency>
      <MissingDependency>
        <Required type="2" schemaName="ovs_cdfiscalyearid" displayName="Fiscal Year" parentSchemaName="ovs_cdregionalnop" parentDisplayName="Regional NOP" solution="Active" />
        <Dependent type="60" displayName="Information" parentDisplayName="Regional NOP" id="{72439443-0dce-4ea0-8afe-d2cb17c679bc}" />
      </MissingDependency>
      <MissingDependency>
        <Required type="2" schemaName="ovs_cdnopid" displayName="NOP" parentSchemaName="ovs_cdregionalnop" parentDisplayName="Regional NOP" solution="Active" />
        <Dependent type="60" displayName="Information" parentDisplayName="Regional NOP" id="{72439443-0dce-4ea0-8afe-d2cb17c679bc}" />
      </MissingDependency>
      <MissingDependency>
        <Required type="2" schemaName="ovs_cdregionid" displayName="Region" parentSchemaName="ovs_cdregionalnop" parentDisplayName="Regional NOP" solution="Active" />
        <Dependent type="60" displayName="Information" parentDisplayName="Regional NOP" id="{72439443-0dce-4ea0-8afe-d2cb17c679bc}" />
      </MissingDependency>
      <MissingDependency>
        <Required type="2" schemaName="ovs_cdwocvariance" displayName="Work Order Candidate Variance" parentSchemaName="ovs_cdregionalnop" parentDisplayName="Regional NOP" solution="Active" />
        <Dependent type="60" displayName="Information" parentDisplayName="Regional NOP" id="{72439443-0dce-4ea0-8afe-d2cb17c679bc}" />
      </MissingDependency>
      <MissingDependency>
        <Required type="2" schemaName="ovs_name" displayName="Name" parentSchemaName="ovs_cdregionalnop" parentDisplayName="Regional NOP" solution="Active" />
        <Dependent type="60" displayName="Information" parentDisplayName="Regional NOP" id="{72439443-0dce-4ea0-8afe-d2cb17c679bc}" />
      </MissingDependency>
      <MissingDependency>
        <Required type="2" schemaName="ownerid" displayName="Owner" parentSchemaName="ovs_cdregionalnop" parentDisplayName="Regional NOP" solution="Active" />
        <Dependent type="60" displayName="Information" parentDisplayName="Regional NOP" id="{72439443-0dce-4ea0-8afe-d2cb17c679bc}" />
      </MissingDependency>
      <MissingDependency>
        <Required type="2" schemaName="statecode" displayName="Status" parentSchemaName="ovs_cdregionalnop" parentDisplayName="Regional NOP" solution="Active" />
        <Dependent type="60" displayName="Information" parentDisplayName="Regional NOP" id="{72439443-0dce-4ea0-8afe-d2cb17c679bc}" />
      </MissingDependency>
      <MissingDependency>
        <Required type="2" schemaName="statuscode" displayName="Status Reason" parentSchemaName="ovs_cdregionalnop" parentDisplayName="Regional NOP" solution="Active" />
        <Dependent type="60" displayName="Information" parentDisplayName="Regional NOP" id="{72439443-0dce-4ea0-8afe-d2cb17c679bc}" />
      </MissingDependency>
      <MissingDependency>
        <Required type="2" schemaName="ovs_accidentind" displayName="Accident" parentSchemaName="ovs_mocregistration" parentDisplayName="Operation" solution="Active" />
        <Dependent type="60" displayName="Information" parentDisplayName="Operation" id="{a09fc69f-3ace-46b5-85f1-be132f683042}" />
      </MissingDependency>
      <MissingDependency>
        <Required type="2" schemaName="ovs_cdpriorityscore" displayName="Priority Score" parentSchemaName="ovs_mocregistration" parentDisplayName="Operation" solution="Active" />
        <Dependent type="60" displayName="Information" parentDisplayName="Operation" id="{a09fc69f-3ace-46b5-85f1-be132f683042}" />
      </MissingDependency>
      <MissingDependency>
        <Required type="2" schemaName="ovs_cdriskcategory" displayName="Risk Category" parentSchemaName="ovs_mocregistration" parentDisplayName="Operation" solution="Active" />
        <Dependent type="60" displayName="Information" parentDisplayName="Operation" id="{a09fc69f-3ace-46b5-85f1-be132f683042}" />
      </MissingDependency>
      <MissingDependency>
        <Required type="2" schemaName="ovs_cdriskscore" displayName="Risk Score" parentSchemaName="ovs_mocregistration" parentDisplayName="Operation" solution="Active" />
        <Dependent type="60" displayName="Information" parentDisplayName="Operation" id="{a09fc69f-3ace-46b5-85f1-be132f683042}" />
      </MissingDependency>
      <MissingDependency>
        <Required type="2" schemaName="ovs_cepind" displayName="CEP" parentSchemaName="ovs_mocregistration" parentDisplayName="Operation" solution="Active" />
        <Dependent type="60" displayName="Information" parentDisplayName="Operation" id="{a09fc69f-3ace-46b5-85f1-be132f683042}" />
      </MissingDependency>
      <MissingDependency>
        <Required type="2" schemaName="ovs_followupind" displayName="Follow-UP" parentSchemaName="ovs_mocregistration" parentDisplayName="Operation" solution="Active" />
        <Dependent type="60" displayName="Information" parentDisplayName="Operation" id="{a09fc69f-3ace-46b5-85f1-be132f683042}" />
      </MissingDependency>
      <MissingDependency>
        <Required type="2" schemaName="ovs_lineofbusiness" displayName="Line Of Business" parentSchemaName="ovs_mocregistration" parentDisplayName="Operation" solution="Active" />
        <Dependent type="60" displayName="Information" parentDisplayName="Operation" id="{a09fc69f-3ace-46b5-85f1-be132f683042}" />
      </MissingDependency>
      <MissingDependency>
        <Required type="2" schemaName="ovs_mocinitialregistrationdate" displayName="MOC Initial Registration Date" parentSchemaName="ovs_mocregistration" parentDisplayName="Operation" solution="Active" />
        <Dependent type="60" displayName="Information" parentDisplayName="Operation" id="{a09fc69f-3ace-46b5-85f1-be132f683042}" />
      </MissingDependency>
      <MissingDependency>
        <Required type="2" schemaName="ovs_mocprogram" displayName="MOC Program" parentSchemaName="ovs_mocregistration" parentDisplayName="Operation" solution="Active" />
        <Dependent type="60" displayName="Information" parentDisplayName="Operation" id="{a09fc69f-3ace-46b5-85f1-be132f683042}" />
      </MissingDependency>
      <MissingDependency>
        <Required type="2" schemaName="ovs_mocregistrationname" displayName="MOC Registration ID" parentSchemaName="ovs_mocregistration" parentDisplayName="Operation" solution="Active" />
        <Dependent type="60" displayName="Information" parentDisplayName="Operation" id="{a09fc69f-3ace-46b5-85f1-be132f683042}" />
      </MissingDependency>
      <MissingDependency>
        <Required type="2" schemaName="ovs_name" displayName="Operation ID" parentSchemaName="ovs_mocregistration" parentDisplayName="Operation" solution="Active" />
        <Dependent type="60" displayName="Information" parentDisplayName="Operation" id="{a09fc69f-3ace-46b5-85f1-be132f683042}" />
      </MissingDependency>
      <MissingDependency>
        <Required type="2" schemaName="ovs_operationtype" displayName="Operation Type" parentSchemaName="ovs_mocregistration" parentDisplayName="Operation" solution="Active" />
        <Dependent type="60" displayName="Information" parentDisplayName="Operation" id="{a09fc69f-3ace-46b5-85f1-be132f683042}" />
      </MissingDependency>
      <MissingDependency>
        <Required type="2" schemaName="ovs_registrationexpiry" displayName="MOC Registration Expiry" parentSchemaName="ovs_mocregistration" parentDisplayName="Operation" solution="Active" />
        <Dependent type="60" displayName="Information" parentDisplayName="Operation" id="{a09fc69f-3ace-46b5-85f1-be132f683042}" />
      </MissingDependency>
      <MissingDependency>
        <Required type="2" schemaName="ovs_siteid" displayName="Site" parentSchemaName="ovs_mocregistration" parentDisplayName="Operation" solution="Active" />
        <Dependent type="60" displayName="Information" parentDisplayName="Operation" id="{a09fc69f-3ace-46b5-85f1-be132f683042}" />
      </MissingDependency>
      <MissingDependency>
        <Required type="2" schemaName="ownerid" displayName="Owner" parentSchemaName="ovs_mocregistration" parentDisplayName="Operation" solution="Active" />
        <Dependent type="60" displayName="Information" parentDisplayName="Operation" id="{a09fc69f-3ace-46b5-85f1-be132f683042}" />
      </MissingDependency>
      <MissingDependency>
        <Required type="2" schemaName="ovs_cdpriorityscore" displayName="Priority Score" parentSchemaName="ovs_workordercandidate" parentDisplayName="Work Order Candidate" solution="Active" />
        <Dependent type="60" displayName="Information" parentDisplayName="Work Order Candidate" id="{f7cfa7da-bd84-406d-add8-ba3537122663}" />
      </MissingDependency>
      <MissingDependency>
        <Required type="2" schemaName="ovs_cdriskcategory" displayName="Risk Category" parentSchemaName="ovs_workordercandidate" parentDisplayName="Work Order Candidate" solution="Active" />
        <Dependent type="60" displayName="Information" parentDisplayName="Work Order Candidate" id="{f7cfa7da-bd84-406d-add8-ba3537122663}" />
      </MissingDependency>
      <MissingDependency>
        <Required type="2" schemaName="ovs_cdriskscore" displayName="Risk Score" parentSchemaName="ovs_workordercandidate" parentDisplayName="Work Order Candidate" solution="Active" />
        <Dependent type="60" displayName="Information" parentDisplayName="Work Order Candidate" id="{f7cfa7da-bd84-406d-add8-ba3537122663}" />
      </MissingDependency>
      <MissingDependency>
        <Required type="2" schemaName="ovs_hqflag" displayName="HQ Flag" parentSchemaName="ovs_workordercandidate" parentDisplayName="Work Order Candidate" solution="Active" />
        <Dependent type="60" displayName="Information" parentDisplayName="Work Order Candidate" id="{f7cfa7da-bd84-406d-add8-ba3537122663}" />
      </MissingDependency>
      <MissingDependency>
        <Required type="2" schemaName="ovs_justification" displayName="Justification" parentSchemaName="ovs_workordercandidate" parentDisplayName="Work Order Candidate" solution="Active" />
        <Dependent type="60" displayName="Information" parentDisplayName="Work Order Candidate" id="{f7cfa7da-bd84-406d-add8-ba3537122663}" />
      </MissingDependency>
      <MissingDependency>
        <Required type="2" schemaName="ovs_operationid" displayName="Operation" parentSchemaName="ovs_workordercandidate" parentDisplayName="Work Order Candidate" solution="Active" />
        <Dependent type="60" displayName="Information" parentDisplayName="Work Order Candidate" id="{f7cfa7da-bd84-406d-add8-ba3537122663}" />
      </MissingDependency>
      <MissingDependency>
        <Required type="2" schemaName="ovs_oversighttype" displayName="Oversight Type" parentSchemaName="ovs_workordercandidate" parentDisplayName="Work Order Candidate" solution="Active" />
        <Dependent type="60" displayName="Information" parentDisplayName="Work Order Candidate" id="{f7cfa7da-bd84-406d-add8-ba3537122663}" />
      </MissingDependency>
      <MissingDependency>
        <Required type="2" schemaName="ovs_plannedquarter" displayName="Planned Quarter" parentSchemaName="ovs_workordercandidate" parentDisplayName="Work Order Candidate" solution="Active" />
        <Dependent type="60" displayName="Information" parentDisplayName="Work Order Candidate" id="{f7cfa7da-bd84-406d-add8-ba3537122663}" />
      </MissingDependency>
      <MissingDependency>
        <Required type="2" schemaName="ovs_primaryinspector" displayName="Primary Inspector" parentSchemaName="ovs_workordercandidate" parentDisplayName="Work Order Candidate" solution="Active" />
        <Dependent type="60" displayName="Information" parentDisplayName="Work Order Candidate" id="{f7cfa7da-bd84-406d-add8-ba3537122663}" />
      </MissingDependency>
      <MissingDependency>
        <Required type="2" schemaName="ovs_regionalnop" displayName="Regional NOP" parentSchemaName="ovs_workordercandidate" parentDisplayName="Work Order Candidate" solution="Active" />
        <Dependent type="60" displayName="Information" parentDisplayName="Work Order Candidate" id="{f7cfa7da-bd84-406d-add8-ba3537122663}" />
      </MissingDependency>
      <MissingDependency>
        <Required type="2" schemaName="ovs_regionflag" displayName="Region Flag" parentSchemaName="ovs_workordercandidate" parentDisplayName="Work Order Candidate" solution="Active" />
        <Dependent type="2" schemaName="ovs_cdwoccount" displayName="Work Order Candidate Count" parentSchemaName="ovs_cdregionalnop" parentDisplayName="Regional NOP" />
      </MissingDependency>
      <MissingDependency>
        <Required type="2" schemaName="ovs_regionflag" displayName="Region Flag" parentSchemaName="ovs_workordercandidate" parentDisplayName="Work Order Candidate" solution="Active" />
        <Dependent type="60" displayName="Information" parentDisplayName="Work Order Candidate" id="{f7cfa7da-bd84-406d-add8-ba3537122663}" />
      </MissingDependency>
      <MissingDependency>
        <Required type="2" schemaName="ovs_remote" displayName="Remote" parentSchemaName="ovs_workordercandidate" parentDisplayName="Work Order Candidate" solution="Active" />
        <Dependent type="60" displayName="Information" parentDisplayName="Work Order Candidate" id="{f7cfa7da-bd84-406d-add8-ba3537122663}" />
      </MissingDependency>
      <MissingDependency>
        <Required type="2" schemaName="ovs_site" displayName="Site" parentSchemaName="ovs_workordercandidate" parentDisplayName="Work Order Candidate" solution="Active" />
        <Dependent type="60" displayName="Information" parentDisplayName="Work Order Candidate" id="{f7cfa7da-bd84-406d-add8-ba3537122663}" />
      </MissingDependency>
      <MissingDependency>
        <Required type="2" schemaName="ovs_workordercandidateid" displayName="Work Order Candidate" parentSchemaName="ovs_workordercandidate" parentDisplayName="Work Order Candidate" solution="Active" />
        <Dependent type="2" schemaName="ovs_cdwoccount" displayName="Work Order Candidate Count" parentSchemaName="ovs_cdregionalnop" parentDisplayName="Regional NOP" />
      </MissingDependency>
      <MissingDependency>
        <Required type="2" schemaName="ownerid" displayName="Owner" parentSchemaName="ovs_workordercandidate" parentDisplayName="Work Order Candidate" solution="Active" />
        <Dependent type="60" displayName="Information" parentDisplayName="Work Order Candidate" id="{f7cfa7da-bd84-406d-add8-ba3537122663}" />
      </MissingDependency>
      <MissingDependency>
        <Required type="2" schemaName="statecode" displayName="Status" parentSchemaName="ovs_workordercandidate" parentDisplayName="Work Order Candidate" solution="Active" />
        <Dependent type="2" schemaName="ovs_cdwoccount" displayName="Work Order Candidate Count" parentSchemaName="ovs_cdregionalnop" parentDisplayName="Regional NOP" />
      </MissingDependency>
      <MissingDependency>
        <Required type="2" schemaName="statecode" displayName="Status" parentSchemaName="ovs_workordercandidate" parentDisplayName="Work Order Candidate" solution="Active" />
        <Dependent type="60" displayName="Information" parentDisplayName="Work Order Candidate" id="{f7cfa7da-bd84-406d-add8-ba3537122663}" />
      </MissingDependency>
      <MissingDependency>
        <Required type="2" schemaName="statuscode" displayName="Status Reason" parentSchemaName="ovs_workordercandidate" parentDisplayName="Work Order Candidate" solution="Active" />
        <Dependent type="60" displayName="Information" parentDisplayName="Work Order Candidate" id="{f7cfa7da-bd84-406d-add8-ba3537122663}" />
      </MissingDependency>
      <MissingDependency>
        <Required type="20" displayName="TDG Manager" solution="Active" id="{545418f6-d089-eb11-b1ac-000d3ae92dbf}" />
        <Dependent type="60" displayName="Information" parentDisplayName="Operation" id="{a09fc69f-3ace-46b5-85f1-be132f683042}" />
      </MissingDependency>
      <MissingDependency>
        <Required type="20" displayName="TDG Analyst" solution="Active" id="{6ba72790-cf89-eb11-b1ac-000d3ae92dbf}" />
        <Dependent type="60" displayName="Information" parentDisplayName="Operation" id="{a09fc69f-3ace-46b5-85f1-be132f683042}" />
      </MissingDependency>
      <MissingDependency>
        <Required type="20" displayName="TDG Base" solution="Active" id="{6ee20a40-2264-eb11-a812-000d3aff0dda}" />
        <Dependent type="60" displayName="Information" parentDisplayName="Operation" id="{a09fc69f-3ace-46b5-85f1-be132f683042}" />
      </MissingDependency>
      <MissingDependency>
        <Required type="20" displayName="TDG Inspector Mobile" solution="Active" id="{c986520a-bc01-ec11-94f0-0022483c1f45}" />
        <Dependent type="60" displayName="Information" parentDisplayName="Operation" id="{a09fc69f-3ace-46b5-85f1-be132f683042}" />
      </MissingDependency>
      <MissingDependency>
        <Required type="20" displayName="TDG Inspector" solution="Active" id="{de8e34ea-d189-eb11-b1ac-000d3ae92dbf}" />
        <Dependent type="60" displayName="Information" parentDisplayName="Operation" id="{a09fc69f-3ace-46b5-85f1-be132f683042}" />
      </MissingDependency>
      <MissingDependency>
        <Required type="26" schemaName="Associated Regional NOPs" displayName="Associated Regional NOPs" parentSchemaName="ovs_cdregionalnop" parentDisplayName="Regional NOP" solution="Active" id="{269c2c61-1317-ec11-b6e7-000d3ae8ef7b}" />
        <Dependent type="60" displayName="Information" parentDisplayName="NOP" id="{c92e3ed8-1c9e-4646-bf05-04f9818fe34c}" />
      </MissingDependency>
      <MissingDependency>
        <Required type="26" schemaName="Operation UN Numbers (Active)" displayName="Operation UN Numbers (Active)" parentSchemaName="ovs_operationunnumber" parentDisplayName="Operation UN Number" solution="Active" id="{2e7c7b15-98b4-4cc3-a0da-0f193b0759d2}" />
        <Dependent type="60" displayName="Information" parentDisplayName="Operation" id="{a09fc69f-3ace-46b5-85f1-be132f683042}" />
      </MissingDependency>
      <MissingDependency>
        <Required type="26" schemaName="Active Legislations" displayName="Active Legislations" parentSchemaName="qm_rclegislation" parentDisplayName="Legislation" solution="Active" id="{4797655a-2612-4c5d-81be-a514900a38ea}" />
        <Dependent type="60" displayName="Information" parentDisplayName="NOP" id="{c92e3ed8-1c9e-4646-bf05-04f9818fe34c}" />
      </MissingDependency>
      <MissingDependency>
        <Required type="26" schemaName="Active Air Operator Functions" displayName="Active Air Operator Functions" parentSchemaName="ovs_airoperatorfunction" parentDisplayName="Air Operator Function" solution="Active" id="{570df2bd-257b-4369-a5c6-f02fa59ba2f1}" />
        <Dependent type="60" displayName="Information" parentDisplayName="Operation" id="{a09fc69f-3ace-46b5-85f1-be132f683042}" />
      </MissingDependency>
      <MissingDependency>
        <Required type="26" schemaName="Operations Lookup View" displayName="Operations Lookup View" parentSchemaName="ovs_mocregistration" parentDisplayName="Operation" solution="Active" id="{7e35f6a5-af6d-40f3-b3aa-3369350f8c35}" />
        <Dependent type="60" displayName="Information" parentDisplayName="Work Order Candidate" id="{f7cfa7da-bd84-406d-add8-ba3537122663}" />
      </MissingDependency>
      <MissingDependency>
        <Required type="26" schemaName="Active Aircraft Types" displayName="Active Aircraft Types" parentSchemaName="ovs_aircrafttype" parentDisplayName="Aircraft Type" solution="Active" id="{88caeabd-3ad9-475b-91cd-75ce996edf16}" />
        <Dependent type="60" displayName="Information" parentDisplayName="Operation" id="{a09fc69f-3ace-46b5-85f1-be132f683042}" />
      </MissingDependency>
      <MissingDependency>
        <Required type="26" schemaName="Next Fiscal Year" displayName="Next Fiscal Year" parentSchemaName="tc_tcfiscalyear" parentDisplayName="TCFiscalYear" solution="Active" id="{8960ab4d-600d-eb11-a813-000d3af3ac0d}" />
        <Dependent type="60" displayName="Information" parentDisplayName="NOP" id="{c92e3ed8-1c9e-4646-bf05-04f9818fe34c}" />
      </MissingDependency>
      <MissingDependency>
        <Required type="26" schemaName="Active Modes" displayName="Active Modes" parentSchemaName="ovs_modes" parentDisplayName="Modes" solution="Active" id="{93a77384-be4d-4e0d-9056-163854d6282c}" />
        <Dependent type="60" displayName="Information" parentDisplayName="Operation" id="{a09fc69f-3ace-46b5-85f1-be132f683042}" />
      </MissingDependency>
      <MissingDependency>
        <Required type="26" schemaName="Active MOC Types" displayName="Active MOC Types" parentSchemaName="ovs_moctype" parentDisplayName="MOC Type" solution="Active" id="{a759bf0f-872d-491d-b04a-ae7737c6f78e}" />
        <Dependent type="60" displayName="Information" parentDisplayName="Operation" id="{a09fc69f-3ace-46b5-85f1-be132f683042}" />
      </MissingDependency>
      <MissingDependency>
        <Required type="26" schemaName="Territories Lookup View" displayName="Territories Lookup View" parentSchemaName="territory" parentDisplayName="Region" solution="msdynce_AppCommon (9.0.4.0066)" id="{ad81b2ca-9789-4465-8c56-94c10830a6ed}">
          <package>msdynce_AppCommonAnchor (9.0.22015.10001)</package>
        </Required>
        <Dependent type="60" displayName="Information" parentDisplayName="Regional NOP" id="{72439443-0dce-4ea0-8afe-d2cb17c679bc}" />
      </MissingDependency>
      <MissingDependency>
        <Required type="26" schemaName="CLASS (Active)" displayName="CLASS (Active)" parentSchemaName="ovs_operationclass" parentDisplayName="Operation Class" solution="Active" id="{affe1090-e5c2-4951-854a-1ac530d0dfa0}" />
        <Dependent type="60" displayName="Information" parentDisplayName="Operation" id="{a09fc69f-3ace-46b5-85f1-be132f683042}" />
      </MissingDependency>
      <MissingDependency>
        <Required type="26" schemaName="Active Air Operator Types" displayName="Active Air Operator Types" parentSchemaName="ovs_airoperatortype" parentDisplayName="Air Operator Type" solution="Active" id="{b07fee2e-98d2-423b-bb64-381ce482cc19}" />
        <Dependent type="60" displayName="Information" parentDisplayName="Operation" id="{a09fc69f-3ace-46b5-85f1-be132f683042}" />
      </MissingDependency>
      <MissingDependency>
        <Required type="26" schemaName="Import Work Order Candidates" displayName="Import Work Order Candidates" parentSchemaName="ovs_workordercandidate" parentDisplayName="Work Order Candidate" solution="Active" id="{ba8a6646-0c52-ec11-8f8e-000d3ae8eddc}" />
        <Dependent type="60" displayName="Information" parentDisplayName="Regional NOP" id="{72439443-0dce-4ea0-8afe-d2cb17c679bc}" />
      </MissingDependency>
      <MissingDependency>
        <Required type="26" schemaName="TCFiscalYear Lookup View" displayName="TCFiscalYear Lookup View" parentSchemaName="tc_tcfiscalyear" parentDisplayName="TCFiscalYear" solution="Active" id="{c2b848e9-8d49-4972-8e80-06a8b98802a1}" />
        <Dependent type="60" displayName="Information" parentDisplayName="Regional NOP" id="{72439443-0dce-4ea0-8afe-d2cb17c679bc}" />
      </MissingDependency>
      <MissingDependency>
        <Required type="26" schemaName="NOP Lookup View" displayName="NOP Lookup View" parentSchemaName="ovs_cdnop" parentDisplayName="NOP" solution="Active" id="{dc4e3577-07b5-4ee7-8c7f-2d6ac3df3d00}" />
        <Dependent type="60" displayName="Information" parentDisplayName="Regional NOP" id="{72439443-0dce-4ea0-8afe-d2cb17c679bc}" />
      </MissingDependency>
      <MissingDependency>
        <Required type="26" schemaName="Active Oversight Types" displayName="Active Oversight Types" parentSchemaName="ovs_oversighttype" parentDisplayName="Oversight Type" solution="Active" id="{f766480c-ecae-45e6-9cc1-a6c20afc045b}" />
        <Dependent type="60" displayName="Information" parentDisplayName="NOP" id="{c92e3ed8-1c9e-4646-bf05-04f9818fe34c}" />
      </MissingDependency>
      <MissingDependency>
        <Required type="60" displayName="Operation Scores Display" parentDisplayName="Operation" solution="Active" id="{026925a2-097a-ec11-8d20-000d3a84a45c}" />
        <Dependent type="60" displayName="Information" parentDisplayName="Work Order Candidate" id="{f7cfa7da-bd84-406d-add8-ba3537122663}" />
      </MissingDependency>
      <MissingDependency>
        <Required type="60" displayName="Site Address" parentDisplayName="Account" solution="Active" id="{7bfb73c4-a231-48c3-bbbd-563338ff9799}" />
        <Dependent type="60" displayName="Information" parentDisplayName="Work Order Candidate" id="{f7cfa7da-bd84-406d-add8-ba3537122663}" />
      </MissingDependency>
      <MissingDependency>
        <Required type="61" schemaName="qm_/SiteHOTImessage.html" displayName="qm_/SiteHOTImessage.html" solution="Active" />
        <Dependent type="60" displayName="Information" parentDisplayName="Operation" id="{a09fc69f-3ace-46b5-85f1-be132f683042}" />
      </MissingDependency>
      <MissingDependency>
        <Required type="61" schemaName="qm_globalHelper.js" displayName="qm_globalHelper.js" solution="Active" />
        <Dependent type="60" displayName="Information" parentDisplayName="Operation" id="{a09fc69f-3ace-46b5-85f1-be132f683042}" />
      </MissingDependency>
      <MissingDependency>
        <Required type="61" schemaName="qm_globalHelper.js" displayName="qm_globalHelper.js" solution="Active" />
        <Dependent type="60" displayName="Information" parentDisplayName="NOP" id="{c92e3ed8-1c9e-4646-bf05-04f9818fe34c}" />
      </MissingDependency>
      <MissingDependency>
        <Required type="61" schemaName="qm_globalHelper.js" displayName="qm_globalHelper.js" solution="Active" />
        <Dependent type="60" displayName="Information" parentDisplayName="Work Order Candidate" id="{f7cfa7da-bd84-406d-add8-ba3537122663}" />
      </MissingDependency>
      <MissingDependency>
        <Required type="66" schemaName="MscrmControls.FieldControls.ToggleControl" displayName="MscrmControls.FieldControls.ToggleControl" solution="BaseCustomControlsCore (9.0.2201.5007)" />
        <Dependent type="60" displayName="Information" parentDisplayName="NOP" id="{c92e3ed8-1c9e-4646-bf05-04f9818fe34c}" />
      </MissingDependency>
    </MissingDependencies>
  </SolutionManifest>
</ImportExportXml>