<ImportExportXml version="9.2.22122.142" SolutionPackageVersion="9.2" languagecode="1033" generatedBy="CrmLive" xmlns:xsi="http://www.w3.org/2001/XMLSchema-instance">
  <SolutionManifest>
    <UniqueName>TC_GlobalCore_Patch_16fc009f</UniqueName>
    <LocalizedNames>
      <LocalizedName description="TDG Core Schema" languagecode="1033" />
    </LocalizedNames>
    <Descriptions>
      <Description description="Patch for TDG Core Schema" languagecode="1033" />
    </Descriptions>
    <ParentUniqueName>TC_GlobalCore</ParentUniqueName>
    <Version>1.144.19.0</Version>
    <Managed>1</Managed>
    <Publisher>
      <UniqueName>oversightpublisher</UniqueName>
      <LocalizedNames>
        <LocalizedName description="Oversight" languagecode="1033" />
      </LocalizedNames>
      <Descriptions>
        <Description description="This is the common solution for AvSec Inspection and TDG Inspection." languagecode="1033" />
      </Descriptions>
      <EMailAddress xsi:nil="true"></EMailAddress>
      <SupportingWebsiteUrl xsi:nil="true"></SupportingWebsiteUrl>
      <CustomizationPrefix>ovs</CustomizationPrefix>
      <CustomizationOptionValuePrefix>91864</CustomizationOptionValuePrefix>
      <Addresses>
        <Address>
          <AddressNumber>1</AddressNumber>
          <AddressTypeCode>1</AddressTypeCode>
          <City xsi:nil="true"></City>
          <County xsi:nil="true"></County>
          <Country xsi:nil="true"></Country>
          <Fax xsi:nil="true"></Fax>
          <FreightTermsCode xsi:nil="true"></FreightTermsCode>
          <ImportSequenceNumber xsi:nil="true"></ImportSequenceNumber>
          <Latitude xsi:nil="true"></Latitude>
          <Line1 xsi:nil="true"></Line1>
          <Line2 xsi:nil="true"></Line2>
          <Line3 xsi:nil="true"></Line3>
          <Longitude xsi:nil="true"></Longitude>
          <Name xsi:nil="true"></Name>
          <PostalCode xsi:nil="true"></PostalCode>
          <PostOfficeBox xsi:nil="true"></PostOfficeBox>
          <PrimaryContactName xsi:nil="true"></PrimaryContactName>
          <ShippingMethodCode>1</ShippingMethodCode>
          <StateOrProvince xsi:nil="true"></StateOrProvince>
          <Telephone1 xsi:nil="true"></Telephone1>
          <Telephone2 xsi:nil="true"></Telephone2>
          <Telephone3 xsi:nil="true"></Telephone3>
          <TimeZoneRuleVersionNumber xsi:nil="true"></TimeZoneRuleVersionNumber>
          <UPSZone xsi:nil="true"></UPSZone>
          <UTCOffset xsi:nil="true"></UTCOffset>
          <UTCConversionTimeZoneCode xsi:nil="true"></UTCConversionTimeZoneCode>
        </Address>
        <Address>
          <AddressNumber>2</AddressNumber>
          <AddressTypeCode>1</AddressTypeCode>
          <City xsi:nil="true"></City>
          <County xsi:nil="true"></County>
          <Country xsi:nil="true"></Country>
          <Fax xsi:nil="true"></Fax>
          <FreightTermsCode xsi:nil="true"></FreightTermsCode>
          <ImportSequenceNumber xsi:nil="true"></ImportSequenceNumber>
          <Latitude xsi:nil="true"></Latitude>
          <Line1 xsi:nil="true"></Line1>
          <Line2 xsi:nil="true"></Line2>
          <Line3 xsi:nil="true"></Line3>
          <Longitude xsi:nil="true"></Longitude>
          <Name xsi:nil="true"></Name>
          <PostalCode xsi:nil="true"></PostalCode>
          <PostOfficeBox xsi:nil="true"></PostOfficeBox>
          <PrimaryContactName xsi:nil="true"></PrimaryContactName>
          <ShippingMethodCode>1</ShippingMethodCode>
          <StateOrProvince xsi:nil="true"></StateOrProvince>
          <Telephone1 xsi:nil="true"></Telephone1>
          <Telephone2 xsi:nil="true"></Telephone2>
          <Telephone3 xsi:nil="true"></Telephone3>
          <TimeZoneRuleVersionNumber xsi:nil="true"></TimeZoneRuleVersionNumber>
          <UPSZone xsi:nil="true"></UPSZone>
          <UTCOffset xsi:nil="true"></UTCOffset>
          <UTCConversionTimeZoneCode xsi:nil="true"></UTCConversionTimeZoneCode>
        </Address>
      </Addresses>
    </Publisher>
    <RootComponents>
      <RootComponent type="1" schemaName="account" behavior="2" />
      <RootComponent type="1" schemaName="fdr_certification" behavior="1" />
      <RootComponent type="1" schemaName="fdr_condition" behavior="1" />
      <RootComponent type="1" schemaName="fdr_containerfunction" behavior="1" />
      <RootComponent type="1" schemaName="fdr_containertype" behavior="1" />
      <RootComponent type="1" schemaName="fdr_costrecoveryattribute" behavior="1" />
      <RootComponent type="1" schemaName="fdr_design" behavior="1" />
      <RootComponent type="1" schemaName="fdr_designmarkingrequirement" behavior="1" />
      <RootComponent type="1" schemaName="fdr_equipment" behavior="1" />
      <RootComponent type="1" schemaName="fdr_function" behavior="1" />
      <RootComponent type="1" schemaName="fdr_functionlimitation" behavior="1" />
      <RootComponent type="1" schemaName="fdr_limitation" behavior="1" />
      <RootComponent type="1" schemaName="fdr_program" behavior="1" />
      <RootComponent type="1" schemaName="fdr_registeredmark" behavior="1" />
      <RootComponent type="1" schemaName="fdr_regulatoryrequirement" behavior="1" />
      <RootComponent type="1" schemaName="fdr_requestequivalencycertificate" behavior="1" />
      <RootComponent type="1" schemaName="fdr_requiredregistration" behavior="1" />
      <RootComponent type="1" schemaName="fdr_servicerequest" behavior="1" />
      <RootComponent type="1" schemaName="fdr_servicerequestfunction" behavior="1" />
      <RootComponent type="1" schemaName="fdr_servicerequestperformance" behavior="1" />
      <RootComponent type="1" schemaName="fdr_servicerequestservicetask" behavior="1" />
      <RootComponent type="1" schemaName="fdr_servicerequesttype" behavior="1" />
      <RootComponent type="1" schemaName="fdr_specification" behavior="1" />
      <RootComponent type="1" schemaName="ovs_mocregistration" behavior="1" />
      <RootComponent type="9" schemaName="ovs_operationtype" behavior="0" />
      <RootComponent type="20" id="{278a7197-d1c0-ec11-983e-0022483db1c0}" behavior="0" />
      <RootComponent type="20" id="{51cb2f5b-c7ae-ec11-983e-000d3a84adbc}" behavior="0" />
      <RootComponent type="29" id="{34ff54a2-4334-ed11-9db1-0022483d0343}" behavior="0" />
      <RootComponent type="29" id="{b7849b79-1f39-ed11-9db0-0022483cb62f}" behavior="0" />
      <RootComponent type="61" schemaName="fdr_SR_Main.js" behavior="0" />
      <RootComponent type="62" schemaName="fdr_engineer" behavior="0" />
      <RootComponent type="62" schemaName="fdr_FDRAdministration" behavior="0" />
    </RootComponents>
    <MissingDependencies>
      <MissingDependency>
        <Required type="1" schemaName="cid_activityreviewlog" displayName="Activity Review Log" solution="Active" />
        <Dependent type="60" displayName="CID - Company" parentDisplayName="Account" id="{7033408f-b604-42b6-baf5-ab99050229fd}" />
      </MissingDependency>
      <MissingDependency>
        <Required type="1" schemaName="cid_audithistorylog" displayName="History Log" solution="Active" />
        <Dependent type="60" displayName="CID - Company" parentDisplayName="Account" id="{7033408f-b604-42b6-baf5-ab99050229fd}" />
      </MissingDependency>
      <MissingDependency>
        <Required type="1" schemaName="cid_companyerap" displayName="Company ERAP" solution="Active" />
        <Dependent type="60" displayName="CID - Company" parentDisplayName="Account" id="{7033408f-b604-42b6-baf5-ab99050229fd}" />
      </MissingDependency>
      <MissingDependency>
        <Required type="1" schemaName="cid_companynaicscode" displayName="Company NAICS Code" solution="Active" />
        <Dependent type="60" displayName="CID Portal - Company Form" parentDisplayName="Account" id="{5e57be58-5702-432c-8aaa-fe91edeb212f}" />
      </MissingDependency>
      <MissingDependency>
        <Required type="1" schemaName="cid_companynaicscode" displayName="Company NAICS Code" solution="Active" />
        <Dependent type="60" displayName="CID - Company" parentDisplayName="Account" id="{7033408f-b604-42b6-baf5-ab99050229fd}" />
      </MissingDependency>
      <MissingDependency>
        <Required type="1" schemaName="fdr_certification" displayName="FDR Certification" solution="Active" />
        <Dependent type="1" schemaName="fdr_certification" displayName="FDR Certification" />
      </MissingDependency>
      <MissingDependency>
        <Required type="1" schemaName="fdr_condition" displayName="Condition" solution="Active" />
        <Dependent type="1" schemaName="fdr_condition" displayName="Condition" />
      </MissingDependency>
      <MissingDependency>
        <Required type="1" schemaName="fdr_containerfunction" displayName="Container Function" solution="Active" />
        <Dependent type="1" schemaName="fdr_containerfunction" displayName="Container Function" />
      </MissingDependency>
      <MissingDependency>
        <Required type="1" schemaName="fdr_containertype" displayName="Registration Type" solution="Active" />
        <Dependent type="1" schemaName="fdr_containertype" displayName="Registration Type" />
      </MissingDependency>
      <MissingDependency>
        <Required type="1" schemaName="fdr_costrecoveryattribute" displayName="Cost Recovery Attribute" solution="Active" />
        <Dependent type="1" schemaName="fdr_costrecoveryattribute" displayName="Cost Recovery Attribute" />
      </MissingDependency>
      <MissingDependency>
        <Required type="1" schemaName="fdr_design" displayName="Design" solution="Active" />
        <Dependent type="1" schemaName="fdr_design" displayName="Design" />
      </MissingDependency>
      <MissingDependency>
        <Required type="1" schemaName="fdr_designmarkingrequirement" displayName="Design Marking Requirement" solution="Active" />
        <Dependent type="1" schemaName="fdr_designmarkingrequirement" displayName="Design Marking Requirement" />
      </MissingDependency>
      <MissingDependency>
        <Required type="1" schemaName="fdr_equipment" displayName="Equipment" solution="Active" />
        <Dependent type="1" schemaName="fdr_equipment" displayName="Equipment" />
      </MissingDependency>
      <MissingDependency>
        <Required type="1" schemaName="fdr_function" displayName="Function" solution="Active" />
        <Dependent type="1" schemaName="fdr_function" displayName="Function" />
      </MissingDependency>
      <MissingDependency>
        <Required type="1" schemaName="fdr_functionlimitation" displayName="Function Limitation" solution="Active" />
        <Dependent type="1" schemaName="fdr_functionlimitation" displayName="Function Limitation" />
      </MissingDependency>
      <MissingDependency>
        <Required type="1" schemaName="fdr_limitation" displayName="Limitation" solution="Active" />
        <Dependent type="1" schemaName="fdr_limitation" displayName="Limitation" />
      </MissingDependency>
      <MissingDependency>
        <Required type="1" schemaName="fdr_program" displayName="FDR Program" solution="Active" />
        <Dependent type="1" schemaName="fdr_program" displayName="FDR Program" />
      </MissingDependency>
      <MissingDependency>
        <Required type="1" schemaName="fdr_registeredmark" displayName="Registered Mark" solution="Active" />
        <Dependent type="1" schemaName="fdr_registeredmark" displayName="Registered Mark" />
      </MissingDependency>
      <MissingDependency>
        <Required type="1" schemaName="fdr_regulatoryrequirement" displayName="Regulatory Requirement" solution="Active" />
        <Dependent type="1" schemaName="fdr_regulatoryrequirement" displayName="Regulatory Requirement" />
      </MissingDependency>
      <MissingDependency>
        <Required type="1" schemaName="fdr_requestequivalencycertificate" displayName="Request Equivalency Certificate" solution="Active" />
        <Dependent type="1" schemaName="fdr_requestequivalencycertificate" displayName="Request Equivalency Certificate" />
      </MissingDependency>
      <MissingDependency>
        <Required type="1" schemaName="fdr_requiredregistration" displayName="Required Registration" solution="Active" />
        <Dependent type="1" schemaName="fdr_requiredregistration" displayName="Required Registration" />
      </MissingDependency>
      <MissingDependency>
        <Required type="1" schemaName="fdr_servicerequest" displayName="Service Request" solution="Active" />
        <Dependent type="1" schemaName="fdr_servicerequest" displayName="Service Request" />
      </MissingDependency>
      <MissingDependency>
        <Required type="1" schemaName="fdr_servicerequestfunction" displayName="Function" solution="Active" />
        <Dependent type="1" schemaName="fdr_servicerequestfunction" displayName="Function" />
      </MissingDependency>
      <MissingDependency>
        <Required type="1" schemaName="fdr_servicerequestperformance" displayName="Service Request Performance" solution="Active" />
        <Dependent type="1" schemaName="fdr_servicerequestperformance" displayName="Service Request Performance" />
      </MissingDependency>
      <MissingDependency>
        <Required type="1" schemaName="fdr_servicerequestservicetask" displayName="Service Request Service Task" solution="Active" />
        <Dependent type="1" schemaName="fdr_servicerequestservicetask" displayName="Service Request Service Task" />
      </MissingDependency>
      <MissingDependency>
        <Required type="1" schemaName="fdr_servicerequesttype" displayName="Service Request Type" solution="Active" />
        <Dependent type="1" schemaName="fdr_servicerequesttype" displayName="Service Request Type" />
      </MissingDependency>
      <MissingDependency>
        <Required type="1" schemaName="fdr_specification" displayName="Specification" solution="Active" />
        <Dependent type="1" schemaName="fdr_specification" displayName="Specification" />
      </MissingDependency>
      <MissingDependency>
        <Required type="1" schemaName="msdyn_servicetasktype" displayName="Service Task Type" solution="FieldService (8.8.0.88)">
          <package>FieldService_Anchor (8.8.80.48)</package>
        </Required>
        <Dependent type="62" schemaName="fdr_FDRAdministration" />
      </MissingDependency>
      <MissingDependency>
        <Required type="1" schemaName="msdyn_workorder" displayName="Work Order" solution="FieldService (8.8.0.88)">
          <package>FieldService_Anchor (8.8.80.48)</package>
        </Required>
        <Dependent type="62" schemaName="fdr_engineer" />
      </MissingDependency>
      <MissingDependency>
        <Required type="1" schemaName="msdyn_workorder" displayName="Work Order" solution="FieldService (8.8.0.88)">
          <package>FieldService_Anchor (8.8.80.48)</package>
        </Required>
        <Dependent type="62" schemaName="fdr_FDRAdministration" />
      </MissingDependency>
      <MissingDependency>
        <Required type="1" schemaName="ovs_mocregistration" displayName="Operation" solution="Active" />
        <Dependent type="1" schemaName="ovs_mocregistration" displayName="Operation" />
      </MissingDependency>
      <MissingDependency>
        <Required type="1" schemaName="qm_tylegislationsource" displayName="Legislation Source" solution="Active" />
        <Dependent type="62" schemaName="fdr_FDRAdministration" />
      </MissingDependency>
      <MissingDependency>
        <Required type="10" schemaName="cid_account_cid_activityreviewlog_Company" displayName="cid_account_cid_activityreviewlog_Company" parentSchemaName="account" parentDisplayName="Account" solution="Active" />
        <Dependent type="60" displayName="CID - Company" parentDisplayName="Account" id="{7033408f-b604-42b6-baf5-ab99050229fd}" />
      </MissingDependency>
      <MissingDependency>
        <Required type="10" schemaName="cid_account_cid_audithistorylog_Company" displayName="cid_account_cid_audithistorylog_Company" parentSchemaName="account" parentDisplayName="Account" solution="Active" />
        <Dependent type="60" displayName="CID - Company" parentDisplayName="Account" id="{7033408f-b604-42b6-baf5-ab99050229fd}" />
      </MissingDependency>
      <MissingDependency>
        <Required type="10" schemaName="cid_account_companynaicscode" displayName="cid_account_companynaicscode" parentSchemaName="account" parentDisplayName="Account" solution="Active" />
        <Dependent type="60" displayName="CID Portal - Company Form" parentDisplayName="Account" id="{5e57be58-5702-432c-8aaa-fe91edeb212f}" />
      </MissingDependency>
      <MissingDependency>
        <Required type="10" schemaName="cid_account_companynaicscode" displayName="cid_account_companynaicscode" parentSchemaName="account" parentDisplayName="Account" solution="Active" />
        <Dependent type="60" displayName="CID - Company" parentDisplayName="Account" id="{7033408f-b604-42b6-baf5-ab99050229fd}" />
      </MissingDependency>
      <MissingDependency>
        <Required type="10" schemaName="cid_CompanyERAP_Company_Account" displayName="cid_CompanyERAP_Company_Account" parentSchemaName="account" parentDisplayName="Account" solution="Active" />
        <Dependent type="60" displayName="CID - Company" parentDisplayName="Account" id="{7033408f-b604-42b6-baf5-ab99050229fd}" />
      </MissingDependency>
      <MissingDependency>
        <Required type="10" schemaName="msdyn_account_account_BillingAccount" displayName="msdyn_account_account_BillingAccount" parentSchemaName="account" parentDisplayName="Account" solution="FieldServiceCommon (1.0.0.217)">
          <package>FieldService_Anchor (8.8.80.48)</package>
        </Required>
        <Dependent type="60" displayName="CID Portal - Company Form" parentDisplayName="Account" id="{5e57be58-5702-432c-8aaa-fe91edeb212f}" />
      </MissingDependency>
      <MissingDependency>
        <Required type="10" schemaName="msdyn_account_account_BillingAccount" displayName="msdyn_account_account_BillingAccount" parentSchemaName="account" parentDisplayName="Account" solution="FieldServiceCommon (1.0.0.217)">
          <package>FieldService_Anchor (8.8.80.48)</package>
        </Required>
        <Dependent type="60" displayName="CID - Company" parentDisplayName="Account" id="{7033408f-b604-42b6-baf5-ab99050229fd}" />
      </MissingDependency>
      <MissingDependency>
        <Required type="10" schemaName="msdyn_account_msdyn_agreement_BillingAccount" displayName="msdyn_account_msdyn_agreement_BillingAccount" parentSchemaName="account" parentDisplayName="Account" solution="FieldService (8.8.0.88)">
          <package>FieldService_Anchor (8.8.80.48)</package>
        </Required>
        <Dependent type="60" displayName="CID Portal - Company Form" parentDisplayName="Account" id="{5e57be58-5702-432c-8aaa-fe91edeb212f}" />
      </MissingDependency>
      <MissingDependency>
        <Required type="10" schemaName="msdyn_account_msdyn_agreement_BillingAccount" displayName="msdyn_account_msdyn_agreement_BillingAccount" parentSchemaName="account" parentDisplayName="Account" solution="FieldService (8.8.0.88)">
          <package>FieldService_Anchor (8.8.80.48)</package>
        </Required>
        <Dependent type="60" displayName="CID - Company" parentDisplayName="Account" id="{7033408f-b604-42b6-baf5-ab99050229fd}" />
      </MissingDependency>
      <MissingDependency>
        <Required type="10" schemaName="msdyn_account_msdyn_agreement_ServiceAccount" displayName="msdyn_account_msdyn_agreement_ServiceAccount" parentSchemaName="account" parentDisplayName="Account" solution="FieldService (8.8.0.88)">
          <package>FieldService_Anchor (8.8.80.48)</package>
        </Required>
        <Dependent type="60" displayName="CID Portal - Company Form" parentDisplayName="Account" id="{5e57be58-5702-432c-8aaa-fe91edeb212f}" />
      </MissingDependency>
      <MissingDependency>
        <Required type="10" schemaName="msdyn_account_msdyn_agreement_ServiceAccount" displayName="msdyn_account_msdyn_agreement_ServiceAccount" parentSchemaName="account" parentDisplayName="Account" solution="FieldService (8.8.0.88)">
          <package>FieldService_Anchor (8.8.80.48)</package>
        </Required>
        <Dependent type="60" displayName="CID - Company" parentDisplayName="Account" id="{7033408f-b604-42b6-baf5-ab99050229fd}" />
      </MissingDependency>
      <MissingDependency>
        <Required type="10" schemaName="msdyn_account_msdyn_payment_Account" displayName="msdyn_account_msdyn_payment_Account" parentSchemaName="account" parentDisplayName="Account" solution="FieldService (8.8.0.88)">
          <package>FieldService_Anchor (8.8.80.48)</package>
        </Required>
        <Dependent type="60" displayName="CID Portal - Company Form" parentDisplayName="Account" id="{5e57be58-5702-432c-8aaa-fe91edeb212f}" />
      </MissingDependency>
      <MissingDependency>
        <Required type="10" schemaName="msdyn_account_msdyn_payment_Account" displayName="msdyn_account_msdyn_payment_Account" parentSchemaName="account" parentDisplayName="Account" solution="FieldService (8.8.0.88)">
          <package>FieldService_Anchor (8.8.80.48)</package>
        </Required>
        <Dependent type="60" displayName="CID - Company" parentDisplayName="Account" id="{7033408f-b604-42b6-baf5-ab99050229fd}" />
      </MissingDependency>
      <MissingDependency>
        <Required type="10" schemaName="msdyn_account_msdyn_purchaseorder_Vendor" displayName="msdyn_account_msdyn_purchaseorder_Vendor" parentSchemaName="account" parentDisplayName="Account" solution="FieldServiceCommon (1.0.0.217)">
          <package>FieldService_Anchor (8.8.80.48)</package>
        </Required>
        <Dependent type="60" displayName="CID Portal - Company Form" parentDisplayName="Account" id="{5e57be58-5702-432c-8aaa-fe91edeb212f}" />
      </MissingDependency>
      <MissingDependency>
        <Required type="10" schemaName="msdyn_account_msdyn_purchaseorder_Vendor" displayName="msdyn_account_msdyn_purchaseorder_Vendor" parentSchemaName="account" parentDisplayName="Account" solution="FieldServiceCommon (1.0.0.217)">
          <package>FieldService_Anchor (8.8.80.48)</package>
        </Required>
        <Dependent type="60" displayName="CID - Company" parentDisplayName="Account" id="{7033408f-b604-42b6-baf5-ab99050229fd}" />
      </MissingDependency>
      <MissingDependency>
        <Required type="10" schemaName="msdyn_account_msdyn_rma_BillingAccount" displayName="msdyn_account_msdyn_rma_BillingAccount" parentSchemaName="account" parentDisplayName="Account" solution="FieldService (8.8.0.88)">
          <package>FieldService_Anchor (8.8.80.48)</package>
        </Required>
        <Dependent type="60" displayName="CID Portal - Company Form" parentDisplayName="Account" id="{5e57be58-5702-432c-8aaa-fe91edeb212f}" />
      </MissingDependency>
      <MissingDependency>
        <Required type="10" schemaName="msdyn_account_msdyn_rma_BillingAccount" displayName="msdyn_account_msdyn_rma_BillingAccount" parentSchemaName="account" parentDisplayName="Account" solution="FieldService (8.8.0.88)">
          <package>FieldService_Anchor (8.8.80.48)</package>
        </Required>
        <Dependent type="60" displayName="CID - Company" parentDisplayName="Account" id="{7033408f-b604-42b6-baf5-ab99050229fd}" />
      </MissingDependency>
      <MissingDependency>
        <Required type="10" schemaName="msdyn_account_msdyn_rma_ServiceAccount" displayName="msdyn_account_msdyn_rma_ServiceAccount" parentSchemaName="account" parentDisplayName="Account" solution="FieldService (8.8.0.88)">
          <package>FieldService_Anchor (8.8.80.48)</package>
        </Required>
        <Dependent type="60" displayName="CID Portal - Company Form" parentDisplayName="Account" id="{5e57be58-5702-432c-8aaa-fe91edeb212f}" />
      </MissingDependency>
      <MissingDependency>
        <Required type="10" schemaName="msdyn_account_msdyn_rma_ServiceAccount" displayName="msdyn_account_msdyn_rma_ServiceAccount" parentSchemaName="account" parentDisplayName="Account" solution="FieldService (8.8.0.88)">
          <package>FieldService_Anchor (8.8.80.48)</package>
        </Required>
        <Dependent type="60" displayName="CID - Company" parentDisplayName="Account" id="{7033408f-b604-42b6-baf5-ab99050229fd}" />
      </MissingDependency>
      <MissingDependency>
        <Required type="10" schemaName="msdyn_account_msdyn_rtv_Vendor" displayName="msdyn_account_msdyn_rtv_Vendor" parentSchemaName="account" parentDisplayName="Account" solution="FieldService (8.8.0.88)">
          <package>FieldService_Anchor (8.8.80.48)</package>
        </Required>
        <Dependent type="60" displayName="CID Portal - Company Form" parentDisplayName="Account" id="{5e57be58-5702-432c-8aaa-fe91edeb212f}" />
      </MissingDependency>
      <MissingDependency>
        <Required type="10" schemaName="msdyn_account_msdyn_rtv_Vendor" displayName="msdyn_account_msdyn_rtv_Vendor" parentSchemaName="account" parentDisplayName="Account" solution="FieldService (8.8.0.88)">
          <package>FieldService_Anchor (8.8.80.48)</package>
        </Required>
        <Dependent type="60" displayName="CID - Company" parentDisplayName="Account" id="{7033408f-b604-42b6-baf5-ab99050229fd}" />
      </MissingDependency>
      <MissingDependency>
        <Required type="10" schemaName="msdyn_account_msdyn_workorder_BillingAccount" displayName="msdyn_account_msdyn_workorder_BillingAccount" parentSchemaName="account" parentDisplayName="Account" solution="FieldService (8.8.0.88)">
          <package>FieldService_Anchor (8.8.80.48)</package>
        </Required>
        <Dependent type="60" displayName="CID Portal - Company Form" parentDisplayName="Account" id="{5e57be58-5702-432c-8aaa-fe91edeb212f}" />
      </MissingDependency>
      <MissingDependency>
        <Required type="10" schemaName="msdyn_account_msdyn_workorder_BillingAccount" displayName="msdyn_account_msdyn_workorder_BillingAccount" parentSchemaName="account" parentDisplayName="Account" solution="FieldService (8.8.0.88)">
          <package>FieldService_Anchor (8.8.80.48)</package>
        </Required>
        <Dependent type="60" displayName="CID - Company" parentDisplayName="Account" id="{7033408f-b604-42b6-baf5-ab99050229fd}" />
      </MissingDependency>
      <MissingDependency>
        <Required type="10" schemaName="msdyn_account_msdyn_workorder_ServiceAccount" displayName="msdyn_account_msdyn_workorder_ServiceAccount" parentSchemaName="account" parentDisplayName="Account" solution="FieldService (8.8.0.88)">
          <package>FieldService_Anchor (8.8.80.48)</package>
        </Required>
        <Dependent type="60" displayName="CID Portal - Company Form" parentDisplayName="Account" id="{5e57be58-5702-432c-8aaa-fe91edeb212f}" />
      </MissingDependency>
      <MissingDependency>
        <Required type="10" schemaName="msdyn_account_msdyn_workorder_ServiceAccount" displayName="msdyn_account_msdyn_workorder_ServiceAccount" parentSchemaName="account" parentDisplayName="Account" solution="FieldService (8.8.0.88)">
          <package>FieldService_Anchor (8.8.80.48)</package>
        </Required>
        <Dependent type="60" displayName="CID - Company" parentDisplayName="Account" id="{7033408f-b604-42b6-baf5-ab99050229fd}" />
      </MissingDependency>
      <MissingDependency>
        <Required type="10" schemaName="fdr_Equipment_ContainerType" displayName="fdr_Equipment_ContainerType" parentSchemaName="fdr_containertype" parentDisplayName="Registration Type" solution="Active" />
        <Dependent type="60" displayName="Information" parentDisplayName="Registration Type" id="{b2746b56-d9fa-4ac8-a332-efe1699f648c}" />
      </MissingDependency>
      <MissingDependency>
        <Required type="10" schemaName="fdr_ContainerType_Program" displayName="fdr_ContainerType_Program" parentSchemaName="fdr_program" parentDisplayName="FDR Program" solution="Active" />
        <Dependent type="60" displayName="Information" parentDisplayName="Registration Type" id="{b2746b56-d9fa-4ac8-a332-efe1699f648c}" />
      </MissingDependency>
      <MissingDependency>
        <Required type="10" schemaName="fdr_regulatoryrequirement_containertype" displayName="fdr_regulatoryrequirement_containertype" parentSchemaName="fdr_regulatoryrequirement" parentDisplayName="Regulatory Requirement" solution="Active" />
        <Dependent type="60" displayName="Information" parentDisplayName="Registration Type" id="{b2746b56-d9fa-4ac8-a332-efe1699f648c}" />
      </MissingDependency>
      <MissingDependency>
        <Required type="10" schemaName="msdyn_account_msdyn_customerasset_Account" displayName="msdyn_account_msdyn_customerasset_Account" parentSchemaName="msdyn_customerasset" parentDisplayName="Customer Asset" solution="msdyn_AssetCommon (1.0.28.3)">
          <package>FieldService_Anchor (8.8.80.48)</package>
          <package>msdynce_ServiceAnchor (9.0.22121.1011)</package>
        </Required>
        <Dependent type="60" displayName="CID Portal - Company Form" parentDisplayName="Account" id="{5e57be58-5702-432c-8aaa-fe91edeb212f}" />
      </MissingDependency>
      <MissingDependency>
        <Required type="10" schemaName="msdyn_account_msdyn_customerasset_Account" displayName="msdyn_account_msdyn_customerasset_Account" parentSchemaName="msdyn_customerasset" parentDisplayName="Customer Asset" solution="msdyn_AssetCommon (1.0.28.3)">
          <package>FieldService_Anchor (8.8.80.48)</package>
          <package>msdynce_ServiceAnchor (9.0.22121.1011)</package>
        </Required>
        <Dependent type="60" displayName="CID - Company" parentDisplayName="Account" id="{7033408f-b604-42b6-baf5-ab99050229fd}" />
      </MissingDependency>
      <MissingDependency>
        <Required type="10" schemaName="fdr_ContainerType_Standard" displayName="fdr_ContainerType_Standard" parentSchemaName="qm_tylegislationsource" parentDisplayName="Legislation Source" solution="Active" />
        <Dependent type="60" displayName="Information" parentDisplayName="Registration Type" id="{b2746b56-d9fa-4ac8-a332-efe1699f648c}" />
      </MissingDependency>
      <MissingDependency>
        <Required type="10" schemaName="fdr_fdr_specification_legislationsource" displayName="fdr_fdr_specification_legislationsource" parentSchemaName="qm_tylegislationsource" parentDisplayName="Legislation Source" solution="Active" />
        <Dependent type="60" displayName="Information" parentDisplayName="Specification" id="{2e946be7-7e63-4b4f-9755-37dedfb4f576}" />
      </MissingDependency>
      <MissingDependency>
        <Required type="2" schemaName="cid_addressoverwritten" displayName="Manually Entered?" parentSchemaName="account" parentDisplayName="Account" solution="Active" />
        <Dependent type="60" displayName="CID Portal - Company Form" parentDisplayName="Account" id="{5e57be58-5702-432c-8aaa-fe91edeb212f}" />
      </MissingDependency>
      <MissingDependency>
        <Required type="2" schemaName="cid_annualcompliancecompletiondate" displayName="Annual Compliance Completion Date" parentSchemaName="account" parentDisplayName="Account" solution="Active" />
        <Dependent type="60" displayName="CID Portal - Company Form" parentDisplayName="Account" id="{5e57be58-5702-432c-8aaa-fe91edeb212f}" />
      </MissingDependency>
      <MissingDependency>
        <Required type="2" schemaName="cid_annualcomplianceupdatelate" displayName="Annual Compliance Update Late" parentSchemaName="account" parentDisplayName="Account" solution="Active" />
        <Dependent type="60" displayName="CID Portal - Company Form" parentDisplayName="Account" id="{5e57be58-5702-432c-8aaa-fe91edeb212f}" />
      </MissingDependency>
      <MissingDependency>
        <Required type="2" schemaName="cid_attestationdate" displayName="Attestation Date" parentSchemaName="account" parentDisplayName="Account" solution="Active" />
        <Dependent type="60" displayName="CID Portal - Company Form" parentDisplayName="Account" id="{5e57be58-5702-432c-8aaa-fe91edeb212f}" />
      </MissingDependency>
      <MissingDependency>
        <Required type="2" schemaName="cid_cidcompanystatus" displayName="CID Company Status" parentSchemaName="account" parentDisplayName="Account" solution="Active" />
        <Dependent type="60" displayName="CID Portal - Company Form" parentDisplayName="Account" id="{5e57be58-5702-432c-8aaa-fe91edeb212f}" />
      </MissingDependency>
      <MissingDependency>
        <Required type="2" schemaName="cid_cidcompanystatus" displayName="CID Company Status" parentSchemaName="account" parentDisplayName="Account" solution="Active" />
        <Dependent type="60" displayName="CID - Company" parentDisplayName="Account" id="{7033408f-b604-42b6-baf5-ab99050229fd}" />
      </MissingDependency>
      <MissingDependency>
        <Required type="2" schemaName="cid_companyanniversarydate" displayName="Company Anniversary Date" parentSchemaName="account" parentDisplayName="Account" solution="Active" />
        <Dependent type="60" displayName="CID Portal - Company Form" parentDisplayName="Account" id="{5e57be58-5702-432c-8aaa-fe91edeb212f}" />
      </MissingDependency>
      <MissingDependency>
        <Required type="2" schemaName="cid_companyclaim" displayName="Company Claim" parentSchemaName="account" parentDisplayName="Account" solution="Active" />
        <Dependent type="60" displayName="CID - Company" parentDisplayName="Account" id="{7033408f-b604-42b6-baf5-ab99050229fd}" />
      </MissingDependency>
      <MissingDependency>
        <Required type="2" schemaName="cid_companystate" displayName="Company State" parentSchemaName="account" parentDisplayName="Account" solution="Active" />
        <Dependent type="60" displayName="CID Portal - Company Form" parentDisplayName="Account" id="{5e57be58-5702-432c-8aaa-fe91edeb212f}" />
      </MissingDependency>
      <MissingDependency>
        <Required type="2" schemaName="cid_crabusinessnumber" displayName="CRA Business Number" parentSchemaName="account" parentDisplayName="Account" solution="Active" />
        <Dependent type="60" displayName="CID Portal - Company Form" parentDisplayName="Account" id="{5e57be58-5702-432c-8aaa-fe91edeb212f}" />
      </MissingDependency>
      <MissingDependency>
        <Required type="2" schemaName="cid_crabusinessnumber" displayName="CRA Business Number" parentSchemaName="account" parentDisplayName="Account" solution="Active" />
        <Dependent type="60" displayName="CID - Company" parentDisplayName="Account" id="{7033408f-b604-42b6-baf5-ab99050229fd}" />
      </MissingDependency>
      <MissingDependency>
        <Required type="2" schemaName="cid_has_cra_bn" displayName="Do you have a CRA Business Number?" parentSchemaName="account" parentDisplayName="Account" solution="Active" />
        <Dependent type="60" displayName="CID Portal - Company Form" parentDisplayName="Account" id="{5e57be58-5702-432c-8aaa-fe91edeb212f}" />
      </MissingDependency>
      <MissingDependency>
        <Required type="2" schemaName="cid_has_cra_bn" displayName="Do you have a CRA Business Number?" parentSchemaName="account" parentDisplayName="Account" solution="Active" />
        <Dependent type="60" displayName="CID - Company" parentDisplayName="Account" id="{7033408f-b604-42b6-baf5-ab99050229fd}" />
      </MissingDependency>
      <MissingDependency>
        <Required type="2" schemaName="cid_iscompanyattested" displayName="Is Company Attested?" parentSchemaName="account" parentDisplayName="Account" solution="Active" />
        <Dependent type="60" displayName="CID Portal - Company Form" parentDisplayName="Account" id="{5e57be58-5702-432c-8aaa-fe91edeb212f}" />
      </MissingDependency>
      <MissingDependency>
        <Required type="2" schemaName="cid_iscompanyattested" displayName="Is Company Attested?" parentSchemaName="account" parentDisplayName="Account" solution="Active" />
        <Dependent type="60" displayName="CID - Company" parentDisplayName="Account" id="{7033408f-b604-42b6-baf5-ab99050229fd}" />
      </MissingDependency>
      <MissingDependency>
        <Required type="2" schemaName="cid_memoforcompanydeactivation" displayName="Memo for company deactivation" parentSchemaName="account" parentDisplayName="Account" solution="Active" />
        <Dependent type="60" displayName="CID - Company" parentDisplayName="Account" id="{7033408f-b604-42b6-baf5-ab99050229fd}" />
      </MissingDependency>
      <MissingDependency>
        <Required type="2" schemaName="cid_nextannualcomplianceupdate" displayName="Next Annual Compliance Update Required On" parentSchemaName="account" parentDisplayName="Account" solution="Active" />
        <Dependent type="60" displayName="CID Portal - Company Form" parentDisplayName="Account" id="{5e57be58-5702-432c-8aaa-fe91edeb212f}" />
      </MissingDependency>
      <MissingDependency>
        <Required type="2" schemaName="cid_nextannualcomplianceupdate" displayName="Next Annual Compliance Update Required On" parentSchemaName="account" parentDisplayName="Account" solution="Active" />
        <Dependent type="60" displayName="CID - Company" parentDisplayName="Account" id="{7033408f-b604-42b6-baf5-ab99050229fd}" />
      </MissingDependency>
      <MissingDependency>
        <Required type="2" schemaName="cid_officiallyregistrationcompletationdate" displayName="Registration Completion Date" parentSchemaName="account" parentDisplayName="Account" solution="Active" />
        <Dependent type="60" displayName="CID Portal - Company Form" parentDisplayName="Account" id="{5e57be58-5702-432c-8aaa-fe91edeb212f}" />
      </MissingDependency>
      <MissingDependency>
        <Required type="2" schemaName="cid_officiallyregistrationcompletationdate" displayName="Registration Completion Date" parentSchemaName="account" parentDisplayName="Account" solution="Active" />
        <Dependent type="60" displayName="CID - Company" parentDisplayName="Account" id="{7033408f-b604-42b6-baf5-ab99050229fd}" />
      </MissingDependency>
      <MissingDependency>
        <Required type="2" schemaName="cid_reasonforcompanydeactivation" displayName="Reason for company deactivation" parentSchemaName="account" parentDisplayName="Account" solution="Active" />
        <Dependent type="60" displayName="CID - Company" parentDisplayName="Account" id="{7033408f-b604-42b6-baf5-ab99050229fd}" />
      </MissingDependency>
      <MissingDependency>
        <Required type="2" schemaName="cid_reasonfornobnnumber" displayName="Reason for no CRA Business Number" parentSchemaName="account" parentDisplayName="Account" solution="Active" />
        <Dependent type="60" displayName="CID Portal - Company Form" parentDisplayName="Account" id="{5e57be58-5702-432c-8aaa-fe91edeb212f}" />
      </MissingDependency>
      <MissingDependency>
        <Required type="2" schemaName="cid_reasonfornobnnumber" displayName="Reason for no CRA Business Number" parentSchemaName="account" parentDisplayName="Account" solution="Active" />
        <Dependent type="60" displayName="CID - Company" parentDisplayName="Account" id="{7033408f-b604-42b6-baf5-ab99050229fd}" />
      </MissingDependency>
      <MissingDependency>
        <Required type="2" schemaName="cid_reasonfornobnnumber_other" displayName="Other Reason" parentSchemaName="account" parentDisplayName="Account" solution="Active" />
        <Dependent type="60" displayName="CID Portal - Company Form" parentDisplayName="Account" id="{5e57be58-5702-432c-8aaa-fe91edeb212f}" />
      </MissingDependency>
      <MissingDependency>
        <Required type="2" schemaName="cid_reasonfornobnnumber_other" displayName="Other Reason" parentSchemaName="account" parentDisplayName="Account" solution="Active" />
        <Dependent type="60" displayName="CID - Company" parentDisplayName="Account" id="{7033408f-b604-42b6-baf5-ab99050229fd}" />
      </MissingDependency>
      <MissingDependency>
        <Required type="2" schemaName="cid_registrationasof" displayName="Registration As Of" parentSchemaName="account" parentDisplayName="Account" solution="Active" />
        <Dependent type="60" displayName="CID Portal - Company Form" parentDisplayName="Account" id="{5e57be58-5702-432c-8aaa-fe91edeb212f}" />
      </MissingDependency>
      <MissingDependency>
        <Required type="2" schemaName="cid_registrationasof" displayName="Registration As Of" parentSchemaName="account" parentDisplayName="Account" solution="Active" />
        <Dependent type="60" displayName="CID - Company" parentDisplayName="Account" id="{7033408f-b604-42b6-baf5-ab99050229fd}" />
      </MissingDependency>
      <MissingDependency>
        <Required type="2" schemaName="ovs_address1_province" displayName="Province / Territory" parentSchemaName="account" parentDisplayName="Account" solution="Active" />
        <Dependent type="60" displayName="CID Portal - Company Form" parentDisplayName="Account" id="{5e57be58-5702-432c-8aaa-fe91edeb212f}" />
      </MissingDependency>
      <MissingDependency>
        <Required type="2" schemaName="ovs_address1_province" displayName="Province / Territory" parentSchemaName="account" parentDisplayName="Account" solution="Active" />
        <Dependent type="60" displayName="CID - Company" parentDisplayName="Account" id="{7033408f-b604-42b6-baf5-ab99050229fd}" />
      </MissingDependency>
      <MissingDependency>
        <Required type="2" schemaName="ovs_invitation_only" displayName="Invitation Only" parentSchemaName="account" parentDisplayName="Account" solution="Active" />
        <Dependent type="60" displayName="CID - Company" parentDisplayName="Account" id="{7033408f-b604-42b6-baf5-ab99050229fd}" />
      </MissingDependency>
      <MissingDependency>
        <Required type="2" schemaName="ovs_legalname" displayName="Legal Name" parentSchemaName="account" parentDisplayName="Account" solution="Active" />
        <Dependent type="60" displayName="CID Portal - Company Form" parentDisplayName="Account" id="{5e57be58-5702-432c-8aaa-fe91edeb212f}" />
      </MissingDependency>
      <MissingDependency>
        <Required type="2" schemaName="ovs_legalname" displayName="Legal Name" parentSchemaName="account" parentDisplayName="Account" solution="Active" />
        <Dependent type="60" displayName="CID - Company" parentDisplayName="Account" id="{7033408f-b604-42b6-baf5-ab99050229fd}" />
      </MissingDependency>
      <MissingDependency>
        <Required type="2" schemaName="ovs_name_fr" displayName="Operating Name (French)" parentSchemaName="account" parentDisplayName="Account" solution="Active" />
        <Dependent type="60" displayName="CID Portal - Company Form" parentDisplayName="Account" id="{5e57be58-5702-432c-8aaa-fe91edeb212f}" />
      </MissingDependency>
      <MissingDependency>
        <Required type="2" schemaName="ovs_name_fr" displayName="Operating Name (French)" parentSchemaName="account" parentDisplayName="Account" solution="Active" />
        <Dependent type="60" displayName="CID - Company" parentDisplayName="Account" id="{7033408f-b604-42b6-baf5-ab99050229fd}" />
      </MissingDependency>
      <MissingDependency>
        <Required type="2" schemaName="createdby" displayName="Created By" parentSchemaName="fdr_containertype" parentDisplayName="Registration Type" solution="Active" />
        <Dependent type="60" displayName="Information" parentDisplayName="Registration Type" id="{b2746b56-d9fa-4ac8-a332-efe1699f648c}" />
      </MissingDependency>
      <MissingDependency>
        <Required type="2" schemaName="createdon" displayName="Created On" parentSchemaName="fdr_containertype" parentDisplayName="Registration Type" solution="Active" />
        <Dependent type="60" displayName="Information" parentDisplayName="Registration Type" id="{b2746b56-d9fa-4ac8-a332-efe1699f648c}" />
      </MissingDependency>
      <MissingDependency>
        <Required type="2" schemaName="fdr_applicanttype" displayName="Applicant Type" parentSchemaName="fdr_containertype" parentDisplayName="Registration Type" solution="Active" />
        <Dependent type="60" displayName="Information" parentDisplayName="Registration Type" id="{b2746b56-d9fa-4ac8-a332-efe1699f648c}" />
      </MissingDependency>
      <MissingDependency>
        <Required type="2" schemaName="fdr_certificateprefix" displayName="Certificate Prefix" parentSchemaName="fdr_containertype" parentDisplayName="Registration Type" solution="Active" />
        <Dependent type="60" displayName="Information" parentDisplayName="Registration Type" id="{b2746b56-d9fa-4ac8-a332-efe1699f648c}" />
      </MissingDependency>
      <MissingDependency>
        <Required type="2" schemaName="fdr_designprefix" displayName="Design Prefix" parentSchemaName="fdr_containertype" parentDisplayName="Registration Type" solution="Active" />
        <Dependent type="60" displayName="Information" parentDisplayName="Registration Type" id="{b2746b56-d9fa-4ac8-a332-efe1699f648c}" />
      </MissingDependency>
      <MissingDependency>
        <Required type="2" schemaName="fdr_designregistrationsupported" displayName="Design Registration Supported?" parentSchemaName="fdr_containertype" parentDisplayName="Registration Type" solution="Active" />
        <Dependent type="60" displayName="Information" parentDisplayName="Registration Type" id="{b2746b56-d9fa-4ac8-a332-efe1699f648c}" />
      </MissingDependency>
      <MissingDependency>
        <Required type="2" schemaName="fdr_displaynameenglish" displayName="Display Name English" parentSchemaName="fdr_containertype" parentDisplayName="Registration Type" solution="Active" />
        <Dependent type="60" displayName="Information" parentDisplayName="Registration Type" id="{b2746b56-d9fa-4ac8-a332-efe1699f648c}" />
      </MissingDependency>
      <MissingDependency>
        <Required type="2" schemaName="fdr_displaynamefrench" displayName="Display Name French" parentSchemaName="fdr_containertype" parentDisplayName="Registration Type" solution="Active" />
        <Dependent type="60" displayName="Information" parentDisplayName="Registration Type" id="{b2746b56-d9fa-4ac8-a332-efe1699f648c}" />
      </MissingDependency>
      <MissingDependency>
        <Required type="2" schemaName="fdr_englishdescription" displayName="English Description" parentSchemaName="fdr_containertype" parentDisplayName="Registration Type" solution="Active" />
        <Dependent type="60" displayName="Information" parentDisplayName="Registration Type" id="{b2746b56-d9fa-4ac8-a332-efe1699f648c}" />
      </MissingDependency>
      <MissingDependency>
        <Required type="2" schemaName="fdr_englishname" displayName="English Name" parentSchemaName="fdr_containertype" parentDisplayName="Registration Type" solution="Active" />
        <Dependent type="60" displayName="Information" parentDisplayName="Registration Type" id="{b2746b56-d9fa-4ac8-a332-efe1699f648c}" />
      </MissingDependency>
      <MissingDependency>
        <Required type="2" schemaName="fdr_frenchdescription" displayName="French Description" parentSchemaName="fdr_containertype" parentDisplayName="Registration Type" solution="Active" />
        <Dependent type="60" displayName="Information" parentDisplayName="Registration Type" id="{b2746b56-d9fa-4ac8-a332-efe1699f648c}" />
      </MissingDependency>
      <MissingDependency>
        <Required type="2" schemaName="fdr_frenchname" displayName="French Name" parentSchemaName="fdr_containertype" parentDisplayName="Registration Type" solution="Active" />
        <Dependent type="60" displayName="Information" parentDisplayName="Registration Type" id="{b2746b56-d9fa-4ac8-a332-efe1699f648c}" />
      </MissingDependency>
      <MissingDependency>
        <Required type="2" schemaName="fdr_name" displayName="Name" parentSchemaName="fdr_containertype" parentDisplayName="Registration Type" solution="Active" />
        <Dependent type="60" displayName="Information" parentDisplayName="Registration Type" id="{b2746b56-d9fa-4ac8-a332-efe1699f648c}" />
      </MissingDependency>
      <MissingDependency>
        <Required type="2" schemaName="fdr_nextdesignnumber" displayName="Next Design Number" parentSchemaName="fdr_containertype" parentDisplayName="Registration Type" solution="Active" />
        <Dependent type="60" displayName="Information" parentDisplayName="Registration Type" id="{b2746b56-d9fa-4ac8-a332-efe1699f648c}" />
      </MissingDependency>
      <MissingDependency>
        <Required type="2" schemaName="fdr_nextoperationnumber" displayName="Next Operation Number" parentSchemaName="fdr_containertype" parentDisplayName="Registration Type" solution="Active" />
        <Dependent type="60" displayName="Information" parentDisplayName="Registration Type" id="{b2746b56-d9fa-4ac8-a332-efe1699f648c}" />
      </MissingDependency>
      <MissingDependency>
        <Required type="2" schemaName="fdr_operationtype" displayName="Operation Type" parentSchemaName="fdr_containertype" parentDisplayName="Registration Type" solution="Active" />
        <Dependent type="60" displayName="Information" parentDisplayName="Registration Type" id="{b2746b56-d9fa-4ac8-a332-efe1699f648c}" />
      </MissingDependency>
      <MissingDependency>
        <Required type="2" schemaName="fdr_program" displayName="Program" parentSchemaName="fdr_containertype" parentDisplayName="Registration Type" solution="Active" />
        <Dependent type="60" displayName="Information" parentDisplayName="Registration Type" id="{b2746b56-d9fa-4ac8-a332-efe1699f648c}" />
      </MissingDependency>
      <MissingDependency>
        <Required type="2" schemaName="fdr_standard" displayName="Standard" parentSchemaName="fdr_containertype" parentDisplayName="Registration Type" solution="Active" />
        <Dependent type="60" displayName="Information" parentDisplayName="Registration Type" id="{b2746b56-d9fa-4ac8-a332-efe1699f648c}" />
      </MissingDependency>
      <MissingDependency>
        <Required type="2" schemaName="modifiedby" displayName="Modified By" parentSchemaName="fdr_containertype" parentDisplayName="Registration Type" solution="Active" />
        <Dependent type="60" displayName="Information" parentDisplayName="Registration Type" id="{b2746b56-d9fa-4ac8-a332-efe1699f648c}" />
      </MissingDependency>
      <MissingDependency>
        <Required type="2" schemaName="modifiedon" displayName="Modified On" parentSchemaName="fdr_containertype" parentDisplayName="Registration Type" solution="Active" />
        <Dependent type="60" displayName="Information" parentDisplayName="Registration Type" id="{b2746b56-d9fa-4ac8-a332-efe1699f648c}" />
      </MissingDependency>
      <MissingDependency>
        <Required type="2" schemaName="ownerid" displayName="Owner" parentSchemaName="fdr_containertype" parentDisplayName="Registration Type" solution="Active" />
        <Dependent type="60" displayName="Information" parentDisplayName="Registration Type" id="{b2746b56-d9fa-4ac8-a332-efe1699f648c}" />
      </MissingDependency>
      <MissingDependency>
        <Required type="2" schemaName="statecode" displayName="Status" parentSchemaName="fdr_containertype" parentDisplayName="Registration Type" solution="Active" />
        <Dependent type="60" displayName="Information" parentDisplayName="Registration Type" id="{b2746b56-d9fa-4ac8-a332-efe1699f648c}" />
      </MissingDependency>
      <MissingDependency>
        <Required type="2" schemaName="statuscode" displayName="Status Reason" parentSchemaName="fdr_containertype" parentDisplayName="Registration Type" solution="Active" />
        <Dependent type="60" displayName="Information" parentDisplayName="Registration Type" id="{b2746b56-d9fa-4ac8-a332-efe1699f648c}" />
      </MissingDependency>
      <MissingDependency>
        <Required type="2" schemaName="fdr_approvernetworkid" displayName="Approver Network Id" parentSchemaName="fdr_servicerequestperformance" parentDisplayName="Service Request Performance" solution="Active" />
        <Dependent type="29" displayName="Set Status Reason to based on standard met or approver id" id="{b7849b79-1f39-ed11-9db0-0022483cb62f}" />
      </MissingDependency>
      <MissingDependency>
        <Required type="2" schemaName="fdr_name" displayName="Name" parentSchemaName="fdr_servicerequestperformance" parentDisplayName="Service Request Performance" solution="Active" />
        <Dependent type="29" displayName="Set Status Reason to based on standard met or approver id" id="{b7849b79-1f39-ed11-9db0-0022483cb62f}" />
      </MissingDependency>
      <MissingDependency>
        <Required type="2" schemaName="fdr_servicerequestperformanceid" displayName="Service Request Performance" parentSchemaName="fdr_servicerequestperformance" parentDisplayName="Service Request Performance" solution="Active" />
        <Dependent type="29" displayName="Set Status Reason to based on standard met or approver id" id="{b7849b79-1f39-ed11-9db0-0022483cb62f}" />
      </MissingDependency>
      <MissingDependency>
        <Required type="2" schemaName="fdr_standardmetind" displayName="Standard MetInd" parentSchemaName="fdr_servicerequestperformance" parentDisplayName="Service Request Performance" solution="Active" />
        <Dependent type="29" displayName="Set Status Reason to based on standard met or approver id" id="{b7849b79-1f39-ed11-9db0-0022483cb62f}" />
      </MissingDependency>
      <MissingDependency>
        <Required type="2" schemaName="statuscode" displayName="Status Reason" parentSchemaName="fdr_servicerequestperformance" parentDisplayName="Service Request Performance" solution="Active" />
        <Dependent type="29" displayName="Set Status Reason to based on standard met or approver id" id="{b7849b79-1f39-ed11-9db0-0022483cb62f}" />
      </MissingDependency>
      <MissingDependency>
        <Required type="2" schemaName="fdr_approvetime" displayName="Is Time Approved" parentSchemaName="fdr_servicerequestservicetask" parentDisplayName="Service Request Service Task" solution="Active" />
        <Dependent type="29" displayName="Clear Rejection Reason When Time Entry Is Approved" id="{34ff54a2-4334-ed11-9db1-0022483d0343}" />
      </MissingDependency>
      <MissingDependency>
        <Required type="2" schemaName="fdr_name" displayName="Name" parentSchemaName="fdr_servicerequestservicetask" parentDisplayName="Service Request Service Task" solution="Active" />
        <Dependent type="29" displayName="Clear Rejection Reason When Time Entry Is Approved" id="{34ff54a2-4334-ed11-9db1-0022483d0343}" />
      </MissingDependency>
      <MissingDependency>
        <Required type="2" schemaName="fdr_rejectionreason" displayName="Rejection Reason" parentSchemaName="fdr_servicerequestservicetask" parentDisplayName="Service Request Service Task" solution="Active" />
        <Dependent type="29" displayName="Clear Rejection Reason When Time Entry Is Approved" id="{34ff54a2-4334-ed11-9db1-0022483d0343}" />
      </MissingDependency>
      <MissingDependency>
        <Required type="2" schemaName="fdr_servicerequestservicetaskid" displayName="Service Request Service Task" parentSchemaName="fdr_servicerequestservicetask" parentDisplayName="Service Request Service Task" solution="Active" />
        <Dependent type="29" displayName="Clear Rejection Reason When Time Entry Is Approved" id="{34ff54a2-4334-ed11-9db1-0022483d0343}" />
      </MissingDependency>
      <MissingDependency>
        <Required type="2" schemaName="createdon" displayName="Created On" parentSchemaName="fdr_specification" parentDisplayName="Specification" solution="Active" />
        <Dependent type="60" displayName="Information" parentDisplayName="Specification" id="{2e946be7-7e63-4b4f-9755-37dedfb4f576}" />
      </MissingDependency>
      <MissingDependency>
        <Required type="2" schemaName="createdon" displayName="Created On" parentSchemaName="fdr_specification" parentDisplayName="Specification" solution="Active" />
        <Dependent type="60" displayName="Information" parentDisplayName="Specification" id="{5060808a-450d-47b7-ae39-6398567aabb9}" />
      </MissingDependency>
      <MissingDependency>
        <Required type="2" schemaName="fdr_englishdescription" displayName="English Description" parentSchemaName="fdr_specification" parentDisplayName="Specification" solution="Active" />
        <Dependent type="60" displayName="Information" parentDisplayName="Specification" id="{26bc0c48-7da1-4240-88ae-0e34b259dd08}" />
      </MissingDependency>
      <MissingDependency>
        <Required type="2" schemaName="fdr_englishdescription" displayName="English Description" parentSchemaName="fdr_specification" parentDisplayName="Specification" solution="Active" />
        <Dependent type="60" displayName="Information" parentDisplayName="Specification" id="{2e946be7-7e63-4b4f-9755-37dedfb4f576}" />
      </MissingDependency>
      <MissingDependency>
        <Required type="2" schemaName="fdr_englishname" displayName="English Name" parentSchemaName="fdr_specification" parentDisplayName="Specification" solution="Active" />
        <Dependent type="60" displayName="Information" parentDisplayName="Specification" id="{26bc0c48-7da1-4240-88ae-0e34b259dd08}" />
      </MissingDependency>
      <MissingDependency>
        <Required type="2" schemaName="fdr_englishname" displayName="English Name" parentSchemaName="fdr_specification" parentDisplayName="Specification" solution="Active" />
        <Dependent type="60" displayName="Information" parentDisplayName="Specification" id="{2e946be7-7e63-4b4f-9755-37dedfb4f576}" />
      </MissingDependency>
      <MissingDependency>
        <Required type="2" schemaName="fdr_frenchdescription" displayName="French Description" parentSchemaName="fdr_specification" parentDisplayName="Specification" solution="Active" />
        <Dependent type="60" displayName="Information" parentDisplayName="Specification" id="{26bc0c48-7da1-4240-88ae-0e34b259dd08}" />
      </MissingDependency>
      <MissingDependency>
        <Required type="2" schemaName="fdr_frenchdescription" displayName="French Description" parentSchemaName="fdr_specification" parentDisplayName="Specification" solution="Active" />
        <Dependent type="60" displayName="Information" parentDisplayName="Specification" id="{2e946be7-7e63-4b4f-9755-37dedfb4f576}" />
      </MissingDependency>
      <MissingDependency>
        <Required type="2" schemaName="fdr_frenchname" displayName="French Name" parentSchemaName="fdr_specification" parentDisplayName="Specification" solution="Active" />
        <Dependent type="60" displayName="Information" parentDisplayName="Specification" id="{26bc0c48-7da1-4240-88ae-0e34b259dd08}" />
      </MissingDependency>
      <MissingDependency>
        <Required type="2" schemaName="fdr_frenchname" displayName="French Name" parentSchemaName="fdr_specification" parentDisplayName="Specification" solution="Active" />
        <Dependent type="60" displayName="Information" parentDisplayName="Specification" id="{2e946be7-7e63-4b4f-9755-37dedfb4f576}" />
      </MissingDependency>
      <MissingDependency>
        <Required type="2" schemaName="fdr_legislationsource" displayName="Legislation Source" parentSchemaName="fdr_specification" parentDisplayName="Specification" solution="Active" />
        <Dependent type="60" displayName="Information" parentDisplayName="Specification" id="{2e946be7-7e63-4b4f-9755-37dedfb4f576}" />
      </MissingDependency>
      <MissingDependency>
        <Required type="2" schemaName="fdr_name" displayName="Name" parentSchemaName="fdr_specification" parentDisplayName="Specification" solution="Active" />
        <Dependent type="60" displayName="Information" parentDisplayName="Specification" id="{26bc0c48-7da1-4240-88ae-0e34b259dd08}" />
      </MissingDependency>
      <MissingDependency>
        <Required type="2" schemaName="fdr_name" displayName="Name" parentSchemaName="fdr_specification" parentDisplayName="Specification" solution="Active" />
        <Dependent type="60" displayName="Information" parentDisplayName="Specification" id="{2e946be7-7e63-4b4f-9755-37dedfb4f576}" />
      </MissingDependency>
      <MissingDependency>
        <Required type="2" schemaName="fdr_name" displayName="Name" parentSchemaName="fdr_specification" parentDisplayName="Specification" solution="Active" />
        <Dependent type="60" displayName="Information" parentDisplayName="Specification" id="{5060808a-450d-47b7-ae39-6398567aabb9}" />
      </MissingDependency>
      <MissingDependency>
        <Required type="2" schemaName="modifiedon" displayName="Modified On" parentSchemaName="fdr_specification" parentDisplayName="Specification" solution="Active" />
        <Dependent type="60" displayName="Information" parentDisplayName="Specification" id="{2e946be7-7e63-4b4f-9755-37dedfb4f576}" />
      </MissingDependency>
      <MissingDependency>
        <Required type="2" schemaName="statecode" displayName="Status" parentSchemaName="fdr_specification" parentDisplayName="Specification" solution="Active" />
        <Dependent type="60" displayName="Information" parentDisplayName="Specification" id="{26bc0c48-7da1-4240-88ae-0e34b259dd08}" />
      </MissingDependency>
      <MissingDependency>
        <Required type="2" schemaName="statecode" displayName="Status" parentSchemaName="fdr_specification" parentDisplayName="Specification" solution="Active" />
        <Dependent type="60" displayName="Information" parentDisplayName="Specification" id="{2e946be7-7e63-4b4f-9755-37dedfb4f576}" />
      </MissingDependency>
      <MissingDependency>
        <Required type="2" schemaName="statuscode" displayName="Status Reason" parentSchemaName="fdr_specification" parentDisplayName="Specification" solution="Active" />
        <Dependent type="60" displayName="Information" parentDisplayName="Specification" id="{26bc0c48-7da1-4240-88ae-0e34b259dd08}" />
      </MissingDependency>
      <MissingDependency>
        <Required type="2" schemaName="statuscode" displayName="Status Reason" parentSchemaName="fdr_specification" parentDisplayName="Specification" solution="Active" />
        <Dependent type="60" displayName="Information" parentDisplayName="Specification" id="{2e946be7-7e63-4b4f-9755-37dedfb4f576}" />
      </MissingDependency>
      <MissingDependency>
        <Required type="2" schemaName="statuscode" displayName="Status Reason" parentSchemaName="fdr_specification" parentDisplayName="Specification" solution="Active" />
        <Dependent type="60" displayName="Information" parentDisplayName="Specification" id="{5060808a-450d-47b7-ae39-6398567aabb9}" />
      </MissingDependency>
      <MissingDependency>
        <Required type="20" displayName="CID User" solution="Active" id="{6b799c8f-dd4f-ed11-bba3-0022483d0343}" />
        <Dependent type="60" displayName="CID Portal - Company Form" parentDisplayName="Account" id="{5e57be58-5702-432c-8aaa-fe91edeb212f}" />
      </MissingDependency>
      <MissingDependency>
        <Required type="20" displayName="CID User" solution="Active" id="{6b799c8f-dd4f-ed11-bba3-0022483d0343}" />
        <Dependent type="60" displayName="CID - Company" parentDisplayName="Account" id="{7033408f-b604-42b6-baf5-ab99050229fd}" />
      </MissingDependency>
      <MissingDependency>
        <Required type="26" schemaName="X_CID Portal - Site Annual Compliance Update Item4" displayName="X_CID Portal - Site Annual Compliance Update Item4" parentSchemaName="task" parentDisplayName="Task" solution="Active" id="{0314f5eb-c02e-ed11-9db0-0022483cb62f}" />
        <Dependent type="60" displayName="CID - Company" parentDisplayName="Account" id="{7033408f-b604-42b6-baf5-ab99050229fd}" />
      </MissingDependency>
      <MissingDependency>
        <Required type="26" schemaName="CID Portal - ERAPs" displayName="CID Portal - ERAPs" parentSchemaName="cid_companyerap" parentDisplayName="Company ERAP" solution="Active" id="{07e9d230-d87b-ec11-8d20-000d3aff1221}" />
        <Dependent type="60" displayName="CID - Company" parentDisplayName="Account" id="{7033408f-b604-42b6-baf5-ab99050229fd}" />
      </MissingDependency>
      <MissingDependency>
        <Required type="26" schemaName="Active Company ERAPS" displayName="Active Company ERAPS" parentSchemaName="cid_companyerap" parentDisplayName="Company ERAP" solution="Active" id="{0b1fac9a-90c7-4940-a4eb-1adb97736af1}" />
        <Dependent type="60" displayName="CID - Company" parentDisplayName="Account" id="{7033408f-b604-42b6-baf5-ab99050229fd}" />
      </MissingDependency>
      <MissingDependency>
        <Required type="26" schemaName="CID Portal - Activity Review Log" displayName="CID Portal - Activity Review Log" parentSchemaName="cid_activityreviewlog" parentDisplayName="Activity Review Log" solution="Active" id="{0efede85-2de1-ec11-bb3d-000d3a8483f6}" />
        <Dependent type="60" displayName="CID - Company" parentDisplayName="Account" id="{7033408f-b604-42b6-baf5-ab99050229fd}" />
      </MissingDependency>
      <MissingDependency>
        <Required type="26" schemaName="CID Portal - App Users" displayName="CID Portal - App Users" parentSchemaName="contact" parentDisplayName="Contact" solution="Active" id="{1187c00d-a86e-ed11-81ab-0022483e130e}" />
        <Dependent type="60" displayName="CID Portal - Company Form" parentDisplayName="Account" id="{5e57be58-5702-432c-8aaa-fe91edeb212f}" />
      </MissingDependency>
      <MissingDependency>
        <Required type="26" schemaName="CID Portal - In year Company Sites" displayName="CID Portal - In year Company Sites" parentSchemaName="account" parentDisplayName="Account" solution="Active" id="{153aa606-2043-ed11-bba3-0022483d0343}" />
        <Dependent type="60" displayName="CID - Company" parentDisplayName="Account" id="{7033408f-b604-42b6-baf5-ab99050229fd}" />
      </MissingDependency>
      <MissingDependency>
        <Required type="26" schemaName="Active Company NAICS Code - Portal" displayName="Active Company NAICS Code - Portal" parentSchemaName="cid_companynaicscode" parentDisplayName="Company NAICS Code" solution="Active" id="{21614059-fb22-ec11-b6e6-0022483cb5c7}" />
        <Dependent type="60" displayName="CID Portal - Company Form" parentDisplayName="Account" id="{5e57be58-5702-432c-8aaa-fe91edeb212f}" />
      </MissingDependency>
      <MissingDependency>
        <Required type="26" schemaName="Active Company NAICS Code - Portal" displayName="Active Company NAICS Code - Portal" parentSchemaName="cid_companynaicscode" parentDisplayName="Company NAICS Code" solution="Active" id="{21614059-fb22-ec11-b6e6-0022483cb5c7}" />
        <Dependent type="60" displayName="CID - Company" parentDisplayName="Account" id="{7033408f-b604-42b6-baf5-ab99050229fd}" />
      </MissingDependency>
      <MissingDependency>
        <Required type="26" schemaName="Active Equipment" displayName="Active Equipment" parentSchemaName="fdr_equipment" parentDisplayName="Equipment" solution="Active" id="{3a5d0c3a-0ba0-45d5-a7a3-2b72880b5747}" />
        <Dependent type="60" displayName="Information" parentDisplayName="Registration Type" id="{b2746b56-d9fa-4ac8-a332-efe1699f648c}" />
      </MissingDependency>
      <MissingDependency>
        <Required type="26" schemaName="X_CID Portal - Company Annual Compliance Update Item1" displayName="X_CID Portal - Company Annual Compliance Update Item1" parentSchemaName="task" parentDisplayName="Task" solution="Active" id="{3ff635ff-c02e-ed11-9db0-0022483cb62f}" />
        <Dependent type="60" displayName="CID - Company" parentDisplayName="Account" id="{7033408f-b604-42b6-baf5-ab99050229fd}" />
      </MissingDependency>
      <MissingDependency>
        <Required type="26" schemaName="CID Portal - NAICS Codes" displayName="CID Portal - NAICS Codes" parentSchemaName="cid_companynaicscode" parentDisplayName="Company NAICS Code" solution="Active" id="{51a1c9ee-db7b-ec11-8d20-000d3aff1221}" />
        <Dependent type="60" displayName="CID - Company" parentDisplayName="Account" id="{7033408f-b604-42b6-baf5-ab99050229fd}" />
      </MissingDependency>
      <MissingDependency>
        <Required type="26" schemaName="Active Regulatory Requirements" displayName="Active Regulatory Requirements" parentSchemaName="fdr_regulatoryrequirement" parentDisplayName="Regulatory Requirement" solution="Active" id="{59cdfd10-e97b-43c1-8d29-991af31b7bdc}" />
        <Dependent type="60" displayName="Information" parentDisplayName="Registration Type" id="{b2746b56-d9fa-4ac8-a332-efe1699f648c}" />
      </MissingDependency>
      <MissingDependency>
        <Required type="26" schemaName="CID Not Claim Sites" displayName="CID Not Claim Sites" parentSchemaName="account" parentDisplayName="Account" solution="Active" id="{6e812d65-8725-ec11-b6e6-0022483cb5cd}" />
        <Dependent type="60" displayName="CID Portal - Company Form" parentDisplayName="Account" id="{5e57be58-5702-432c-8aaa-fe91edeb212f}" />
      </MissingDependency>
      <MissingDependency>
        <Required type="26" schemaName="CID - History Logs" displayName="CID - History Logs" parentSchemaName="cid_audithistorylog" parentDisplayName="History Log" solution="Active" id="{701ad00d-7b54-ed11-9561-0022483cb62f}" />
        <Dependent type="60" displayName="CID - Company" parentDisplayName="Account" id="{7033408f-b604-42b6-baf5-ab99050229fd}" />
      </MissingDependency>
      <MissingDependency>
        <Required type="26" schemaName="CID - Company History Logs" displayName="CID - Company History Logs" parentSchemaName="cid_audithistorylog" parentDisplayName="History Log" solution="Active" id="{76b5ae84-6ab9-ec11-983f-0022483d68e2}" />
        <Dependent type="60" displayName="CID - Company" parentDisplayName="Account" id="{7033408f-b604-42b6-baf5-ab99050229fd}" />
      </MissingDependency>
      <MissingDependency>
        <Required type="26" schemaName="X_CID Portal - Site Annual Compliance Update Item2" displayName="X_CID Portal - Site Annual Compliance Update Item2" parentSchemaName="task" parentDisplayName="Task" solution="Active" id="{77bff8dc-c02e-ed11-9db0-0022483cb62f}" />
        <Dependent type="60" displayName="CID - Company" parentDisplayName="Account" id="{7033408f-b604-42b6-baf5-ab99050229fd}" />
      </MissingDependency>
      <MissingDependency>
        <Required type="26" schemaName="CID - Activity Review Logs" displayName="CID - Activity Review Logs" parentSchemaName="cid_activityreviewlog" parentDisplayName="Activity Review Log" solution="Active" id="{7af678a7-144b-ed11-bba2-0022483d0343}" />
        <Dependent type="60" displayName="CID - Company" parentDisplayName="Account" id="{7033408f-b604-42b6-baf5-ab99050229fd}" />
      </MissingDependency>
      <MissingDependency>
        <Required type="26" schemaName="X_CID Portal - Site Annual Compliance Update Item1" displayName="X_CID Portal - Site Annual Compliance Update Item1" parentSchemaName="task" parentDisplayName="Task" solution="Active" id="{7c6be9d5-c02e-ed11-9db0-0022483cb62f}" />
        <Dependent type="60" displayName="CID - Company" parentDisplayName="Account" id="{7033408f-b604-42b6-baf5-ab99050229fd}" />
      </MissingDependency>
      <MissingDependency>
        <Required type="26" schemaName="X_CID Portal - Site Annual Compliance Update Item3" displayName="X_CID Portal - Site Annual Compliance Update Item3" parentSchemaName="task" parentDisplayName="Task" solution="Active" id="{7f454ce5-c02e-ed11-9db0-0022483cb62f}" />
        <Dependent type="60" displayName="CID - Company" parentDisplayName="Account" id="{7033408f-b604-42b6-baf5-ab99050229fd}" />
      </MissingDependency>
      <MissingDependency>
        <Required type="26" schemaName="CID Portal - Company Activities" displayName="CID Portal - Company Activities" parentSchemaName="activitypointer" parentDisplayName="Activity" solution="Active" id="{8e7de964-2ee1-ec11-bb3d-000d3a8483f6}" />
        <Dependent type="60" displayName="CID - Company" parentDisplayName="Account" id="{7033408f-b604-42b6-baf5-ab99050229fd}" />
      </MissingDependency>
      <MissingDependency>
        <Required type="26" schemaName="CID Portal - Site Annual Compliance Update Items" displayName="CID Portal - Site Annual Compliance Update Items" parentSchemaName="task" parentDisplayName="Task" solution="Active" id="{9d839aac-4a25-ed11-9db2-000d3a844ef3}" />
        <Dependent type="60" displayName="CID - Company" parentDisplayName="Account" id="{7033408f-b604-42b6-baf5-ab99050229fd}" />
      </MissingDependency>
      <MissingDependency>
        <Required type="26" schemaName="CID Portal - Contacts" displayName="CID Portal - Contacts" parentSchemaName="contact" parentDisplayName="Contact" solution="Active" id="{9f4e737c-b54b-ec11-8f8e-000d3ae9a753}" />
        <Dependent type="60" displayName="CID Portal - Company Form" parentDisplayName="Account" id="{5e57be58-5702-432c-8aaa-fe91edeb212f}" />
      </MissingDependency>
      <MissingDependency>
        <Required type="26" schemaName="CID Portal - Contacts" displayName="CID Portal - Contacts" parentSchemaName="contact" parentDisplayName="Contact" solution="Active" id="{9f4e737c-b54b-ec11-8f8e-000d3ae9a753}" />
        <Dependent type="60" displayName="CID - Company" parentDisplayName="Account" id="{7033408f-b604-42b6-baf5-ab99050229fd}" />
      </MissingDependency>
      <MissingDependency>
        <Required type="26" schemaName="CID Portal - Portal Created Contacts" displayName="CID Portal - Portal Created Contacts" parentSchemaName="contact" parentDisplayName="Contact" solution="Active" id="{b06483c1-463f-ed11-bba2-0022483d0343}" />
        <Dependent type="60" displayName="CID Portal - Company Form" parentDisplayName="Account" id="{5e57be58-5702-432c-8aaa-fe91edeb212f}" />
      </MissingDependency>
      <MissingDependency>
        <Required type="26" schemaName="CID Portal - Portal Created Contacts" displayName="CID Portal - Portal Created Contacts" parentSchemaName="contact" parentDisplayName="Contact" solution="Active" id="{b06483c1-463f-ed11-bba2-0022483d0343}" />
        <Dependent type="60" displayName="CID - Company" parentDisplayName="Account" id="{7033408f-b604-42b6-baf5-ab99050229fd}" />
      </MissingDependency>
      <MissingDependency>
        <Required type="26" schemaName="CID Portal - Company Activity Review Logs" displayName="CID Portal - Company Activity Review Logs" parentSchemaName="cid_activityreviewlog" parentDisplayName="Activity Review Log" solution="Active" id="{b782bc03-4ade-ec11-bb3c-000d3a848097}" />
        <Dependent type="60" displayName="CID - Company" parentDisplayName="Account" id="{7033408f-b604-42b6-baf5-ab99050229fd}" />
      </MissingDependency>
      <MissingDependency>
        <Required type="26" schemaName="Active Audit History Logs" displayName="Active Audit History Logs" parentSchemaName="cid_audithistorylog" parentDisplayName="History Log" solution="Active" id="{b7f1b00e-7ee0-41ff-b007-2fefddbd6280}" />
        <Dependent type="60" displayName="CID - Company" parentDisplayName="Account" id="{7033408f-b604-42b6-baf5-ab99050229fd}" />
      </MissingDependency>
      <MissingDependency>
        <Required type="26" schemaName="X_CID Portal - Site Annual Compliance Update Item5" displayName="X_CID Portal - Site Annual Compliance Update Item5" parentSchemaName="task" parentDisplayName="Task" solution="Active" id="{b8b90ef2-c02e-ed11-9db0-0022483cb62f}" />
        <Dependent type="60" displayName="CID - Company" parentDisplayName="Account" id="{7033408f-b604-42b6-baf5-ab99050229fd}" />
      </MissingDependency>
      <MissingDependency>
        <Required type="26" schemaName="CID Portal - Sites" displayName="CID Portal - Sites" parentSchemaName="account" parentDisplayName="Account" solution="Active" id="{c8db5060-4a4d-ec11-8f8e-000d3ae9a753}" />
        <Dependent type="60" displayName="CID Portal - Company Form" parentDisplayName="Account" id="{5e57be58-5702-432c-8aaa-fe91edeb212f}" />
      </MissingDependency>
      <MissingDependency>
        <Required type="26" schemaName="My Open Activity Review Logs" displayName="My Open Activity Review Logs" parentSchemaName="cid_activityreviewlog" parentDisplayName="Activity Review Log" solution="Active" id="{cb9a3729-169a-4e7f-af7e-eb510b0ebebd}" />
        <Dependent type="60" displayName="CID - Company" parentDisplayName="Account" id="{7033408f-b604-42b6-baf5-ab99050229fd}" />
      </MissingDependency>
      <MissingDependency>
        <Required type="26" schemaName="CID Portal - History Logs" displayName="CID Portal - History Logs" parentSchemaName="cid_audithistorylog" parentDisplayName="History Log" solution="Active" id="{cdd83e49-9dd5-ec11-a7b5-0022483c547f}" />
        <Dependent type="60" displayName="CID - Company" parentDisplayName="Account" id="{7033408f-b604-42b6-baf5-ab99050229fd}" />
      </MissingDependency>
      <MissingDependency>
        <Required type="26" schemaName="Active Company NAICS Code" displayName="Active Company NAICS Code" parentSchemaName="cid_companynaicscode" parentDisplayName="Company NAICS Code" solution="Active" id="{d7d195c7-bf49-45a0-8cfe-53c64d587adf}" />
        <Dependent type="60" displayName="CID Portal - Company Form" parentDisplayName="Account" id="{5e57be58-5702-432c-8aaa-fe91edeb212f}" />
      </MissingDependency>
      <MissingDependency>
        <Required type="26" schemaName="Active Company NAICS Code" displayName="Active Company NAICS Code" parentSchemaName="cid_companynaicscode" parentDisplayName="Company NAICS Code" solution="Active" id="{d7d195c7-bf49-45a0-8cfe-53c64d587adf}" />
        <Dependent type="60" displayName="CID - Company" parentDisplayName="Account" id="{7033408f-b604-42b6-baf5-ab99050229fd}" />
      </MissingDependency>
      <MissingDependency>
        <Required type="26" schemaName="CID - Activity Review Logs xx" displayName="CID - Activity Review Logs xx" parentSchemaName="cid_activityreviewlog" parentDisplayName="Activity Review Log" solution="Active" id="{d850dcb0-4c51-ed11-bba3-0022483cb62f}" />
        <Dependent type="60" displayName="CID - Company" parentDisplayName="Account" id="{7033408f-b604-42b6-baf5-ab99050229fd}" />
      </MissingDependency>
      <MissingDependency>
        <Required type="26" schemaName="CID Portal - Portal Created Sites" displayName="CID Portal - Portal Created Sites" parentSchemaName="account" parentDisplayName="Account" solution="Active" id="{efe63e51-3040-ed11-bba2-0022483d0343}" />
        <Dependent type="60" displayName="CID Portal - Company Form" parentDisplayName="Account" id="{5e57be58-5702-432c-8aaa-fe91edeb212f}" />
      </MissingDependency>
      <MissingDependency>
        <Required type="59" schemaName="Courriers électroniques par mois échu" displayName="Courriers électroniques par mois échu" parentSchemaName="email" parentDisplayName="Email" solution="msdynce_AppCommon (9.0.4.0066)" id="{1ec1872a-23de-4294-9d7f-1b76272a5fd5}">
          <package>msdynce_AppCommonAnchor (9.0.22121.10001)</package>
        </Required>
        <Dependent type="60" displayName="CID - Company" parentDisplayName="Account" id="{7033408f-b604-42b6-baf5-ab99050229fd}" />
      </MissingDependency>
      <MissingDependency>
        <Required type="59" schemaName="Tâches par mois échu" displayName="Tâches par mois échu" parentSchemaName="task" parentDisplayName="Task" solution="msdynce_AppCommon (9.0.4.0066)" id="{9e6a8b06-6d14-46e6-bbf5-95c388c6eb7a}">
          <package>msdynce_AppCommonAnchor (9.0.22121.10001)</package>
        </Required>
        <Dependent type="60" displayName="CID - Company" parentDisplayName="Account" id="{7033408f-b604-42b6-baf5-ab99050229fd}" />
      </MissingDependency>
      <MissingDependency>
        <Required type="61" schemaName="AppCommon/Account/Account_main_system_library.js" displayName="AppCommon/Account/Account_main_system_library.js" solution="msdynce_AppCommon (9.0.4.0066)">
          <package>msdynce_AppCommonAnchor (9.0.22121.10001)</package>
        </Required>
        <Dependent type="60" displayName="CID Portal - Company Form" parentDisplayName="Account" id="{5e57be58-5702-432c-8aaa-fe91edeb212f}" />
      </MissingDependency>
      <MissingDependency>
        <Required type="61" schemaName="cid_account.js" displayName="cid_account.js" solution="Active" />
        <Dependent type="60" displayName="CID Portal - Company Form" parentDisplayName="Account" id="{5e57be58-5702-432c-8aaa-fe91edeb212f}" />
      </MissingDependency>
      <MissingDependency>
        <Required type="61" schemaName="cid_account.js" displayName="cid_account.js" solution="Active" />
        <Dependent type="60" displayName="CID - Company" parentDisplayName="Account" id="{7033408f-b604-42b6-baf5-ab99050229fd}" />
      </MissingDependency>
      <MissingDependency>
        <Required type="61" schemaName="cid_AddressComplete.htm" displayName="cid_AddressComplete.htm" solution="Active" />
        <Dependent type="60" displayName="CID Portal - Company Form" parentDisplayName="Account" id="{5e57be58-5702-432c-8aaa-fe91edeb212f}" />
      </MissingDependency>
      <MissingDependency>
        <Required type="61" schemaName="cid_jquery-3.6.3.js" displayName="cid_jquery-3.6.3.js" solution="Active" />
        <Dependent type="60" displayName="CID - Company" parentDisplayName="Account" id="{7033408f-b604-42b6-baf5-ab99050229fd}" />
      </MissingDependency>
      <MissingDependency>
        <Required type="61" schemaName="msdyn_/Account/Account.Library.js" displayName="msdyn_/Account/Account.Library.js" solution="FieldService (8.8.0.88)">
          <package>FieldService_Anchor (8.8.80.48)</package>
        </Required>
        <Dependent type="60" displayName="CID Portal - Company Form" parentDisplayName="Account" id="{5e57be58-5702-432c-8aaa-fe91edeb212f}" />
      </MissingDependency>
      <MissingDependency>
        <Required type="61" schemaName="msdyn_/Utils/FieldServiceTrial.js" displayName="msdyn_/Utils/FieldServiceTrial.js" solution="FieldService (8.8.0.88)">
          <package>FieldService_Anchor (8.8.80.48)</package>
        </Required>
        <Dependent type="60" displayName="CID Portal - Company Form" parentDisplayName="Account" id="{5e57be58-5702-432c-8aaa-fe91edeb212f}" />
      </MissingDependency>
      <MissingDependency>
        <Required type="61" schemaName="qm_AccountTDG_main.js" displayName="qm_AccountTDG_main.js" solution="Active" />
        <Dependent type="60" displayName="CID Portal - Company Form" parentDisplayName="Account" id="{5e57be58-5702-432c-8aaa-fe91edeb212f}" />
      </MissingDependency>
      <MissingDependency>
        <Required type="61" schemaName="qm_globalHelper.js" displayName="qm_globalHelper.js" solution="Active" />
        <Dependent type="60" displayName="CID Portal - Company Form" parentDisplayName="Account" id="{5e57be58-5702-432c-8aaa-fe91edeb212f}" />
      </MissingDependency>
      <MissingDependency>
        <Required type="61" schemaName="Sales/ClientCommon/Sales_ClientCommon.js" displayName="Sales/ClientCommon/Sales_ClientCommon.js" solution="msdynce_Sales (9.0.4.0076)">
          <package>msdynce_SalesAnchor (9.0.22121.10009)</package>
        </Required>
        <Dependent type="60" displayName="CID Portal - Company Form" parentDisplayName="Account" id="{5e57be58-5702-432c-8aaa-fe91edeb212f}" />
      </MissingDependency>
    </MissingDependencies>
  </SolutionManifest>
</ImportExportXml>