{"properties":{"connectionReferences":{"shared_commondataserviceforapps":{"runtimeSource":"embedded","connection":{"connectionReferenceLogicalName":"tdg_ConnectionReferenceDataverseServicePrinciple"},"api":{"name":"shared_commondataserviceforapps"}}},"definition":{"$schema":"https://schema.management.azure.com/providers/Microsoft.Logic/schemas/2016-06-01/workflowdefinition.json#","contentVersion":"1.0.0.0","parameters":{"$connections":{"defaultValue":{},"type":"Object"},"$authentication":{"defaultValue":{},"type":"SecureObject"}},"triggers":{"When_a_row_is_added,_modified_or_deleted":{"metadata":{"operationMetadataId":"4d2088cc-780b-472b-87ef-ffd89df806a7"},"type":"OpenApiConnectionWebhook","inputs":{"host":{"connectionName":"shared_commondataserviceforapps","operationId":"SubscribeWebhookTrigger","apiId":"/providers/Microsoft.PowerApps/apis/shared_commondataserviceforapps"},"parameters":{"subscriptionRequest/message":1,"subscriptionRequest/entityname":"ovs_cdregionalnop","subscriptionRequest/scope":4},"authentication":"@parameters('$authentication')"}}},"actions":{"Apply_to_each":{"foreach":"@outputs('Get_All_Active_Operations_By_Region')?['body/value']","actions":{"Get_Current_WOCs_For_Operation":{"runAfter":{},"metadata":{"operationMetadataId":"a86c06ae-3473-4e5a-867d-26e466619ee8"},"type":"OpenApiConnection","inputs":{"host":{"connectionName":"shared_commondataserviceforapps","operationId":"ListRecords","apiId":"/providers/Microsoft.PowerApps/apis/shared_commondataserviceforapps"},"parameters":{"entityName":"ovs_workordercandidates","$filter":"(_ovs_operationid_value eq '@{items('Apply_to_each')['ovs_mocregistrationid']}'  and _ovs_plannedfiscalyear_value eq '@{triggerOutputs()?['body/_ovs_cdfiscalyearid_value']}')"},"authentication":"@parameters('$authentication')"}},"Condition":{"actions":{"Apply_to_each_2":{"foreach":"@outputs('Get_Current_WOCs_For_Operation')?['body/value']","actions":{"Update_a_row":{"runAfter":{},"metadata":{"operationMetadataId":"e76b849a-b6f7-4f60-8ebe-5609225113f6"},"type":"OpenApiConnection","inputs":{"host":{"connectionName":"shared_commondataserviceforapps","operationId":"UpdateRecord","apiId":"/providers/Microsoft.PowerApps/apis/shared_commondataserviceforapps"},"parameters":{"entityName":"ovs_workordercandidates","recordId":"@items('Apply_to_each_2')?['ovs_workordercandidateid']","item/ovs_regionalnop@odata.bind":"/ovs_cdregionalnops/@{triggerOutputs()?['body/ovs_cdregionalnopid']}"},"authentication":"@parameters('$authentication')"}}},"runAfter":{},"metadata":{"operationMetadataId":"cd250bfb-fe2a-4daa-a46f-20624729a2fd"},"type":"Foreach"}},"runAfter":{"Get_Current_WOCs_For_Operation":["Succeeded"]},"else":{"actions":{"Add_a_new_row":{"runAfter":{},"metadata":{"operationMetadataId":"0b54c7b5-6639-4362-b9d1-bd47f9dbd9a0"},"type":"OpenApiConnection","inputs":{"host":{"connectionName":"shared_commondataserviceforapps","operationId":"CreateRecord","apiId":"/providers/Microsoft.PowerApps/apis/shared_commondataserviceforapps"},"parameters":{"entityName":"ovs_workordercandidates","item/ovs_name":"WOC - @{items('Apply_to_each')?['ovs_name']}","item/ovs_plannedfiscalyear@odata.bind":"/tc_tcfiscalyears/@{triggerOutputs()?['body/_ovs_cdfiscalyearid_value']}","item/ovs_site@odata.bind":"/accounts/@{items('Apply_to_each')?['_ovs_siteid_value']}","item/statuscode":1,"item/ovs_operationid@odata.bind":"/ovs_mocregistrations/@{items('Apply_to_each')?['ovs_mocregistrationid']}","item/ovs_oversighttype@odata.bind":"/ovs_oversighttypes/@{outputs('Get_a_row_by_ID')?['body/ovs_oversighttypeid']}","item/ovs_cdpriorityscore":"@items('Apply_to_each')?['ovs_cdpriorityscore']","item/ovs_regionalnop@odata.bind":"/ovs_cdregionalnops/@{triggerOutputs()?['body/ovs_cdregionalnopid']}","item/ovs_cdriskcategory":"@items('Apply_to_each')?['ovs_cdriskcategory']","item/ovs_cdriskscore":"@items('Apply_to_each')?['ovs_cdriskscore']"},"authentication":"@parameters('$authentication')"}}}},"expression":{"greater":["@length(body('Get_Current_WOCs_For_Operation')?['value'])",0]},"metadata":{"operationMetadataId":"a08f5106-b107-4d7d-a2b8-9e72f3bf39b2"},"type":"If"}},"runAfter":{"Get_a_row_by_ID":["Succeeded"]},"metadata":{"operationMetadataId":"ecb78762-a632-4892-9f7c-175e0d3f648c"},"type":"Foreach"},"Get_a_row_by_ID":{"runAfter":{"Get_All_Active_Operations_By_Region":["Succeeded"]},"metadata":{"operationMetadataId":"6ba361ca-ccda-455e-8d3f-7163af8c0eb7"},"type":"OpenApiConnection","inputs":{"host":{"connectionName":"shared_commondataserviceforapps","operationId":"GetItem","apiId":"/providers/Microsoft.PowerApps/apis/shared_commondataserviceforapps"},"parameters":{"entityName":"ovs_oversighttypes","recordId":"50d0bdf1-269e-eb11-b1ac-000d3ae924d1"},"authentication":"@parameters('$authentication')"}},"Get_All_Active_Operations_By_Region":{"runAfter":{},"metadata":{"operationMetadataId":"c8918218-8097-4942-8c5c-58f099f3bf4a"},"type":"OpenApiConnection","inputs":{"host":{"connectionName":"shared_commondataserviceforapps","operationId":"ListRecords","apiId":"/providers/Microsoft.PowerApps/apis/shared_commondataserviceforapps"},"parameters":{"entityName":"ovs_mocregistrations","$select":"ovs_name,_ovs_siteid_value,ovs_mocregistrationid,ovs_cdriskscore,ovs_cdpriorityscore,ovs_cdriskcategory","$filter":"(statecode eq 0) and (ovs_SiteId/_territoryid_value eq @{triggerOutputs()?['body/_ovs_cdregionid_value']})"},"authentication":"@parameters('$authentication')"}}}}},"schemaVersion":"1.0.0.0"}