<ImportExportXml version="9.2.23023.158" SolutionPackageVersion="9.2" languagecode="1033" generatedBy="CrmLive" xmlns:xsi="http://www.w3.org/2001/XMLSchema-instance">
  <SolutionManifest>
    <UniqueName>TC_GlobalCore_Patch_4ca5ff3c</UniqueName>
    <LocalizedNames>
      <LocalizedName description="TDG Core Schema" languagecode="1033" />
      <LocalizedName description="TDG Core Schema" languagecode="1036" />
    </LocalizedNames>
    <Descriptions>
      <Description description="Patch for TDG Core Schema" languagecode="1033" />
      <Description description="Patch for TDG Core Schema" languagecode="1036" />
    </Descriptions>
    <ParentUniqueName>TC_GlobalCore</ParentUniqueName>
    <Version>1.146.12.0</Version>
    <Managed>0</Managed>
    <Publisher>
      <UniqueName>oversightpublisher</UniqueName>
      <LocalizedNames>
        <LocalizedName description="Oversight" languagecode="1033" />
      </LocalizedNames>
      <Descriptions>
        <Description description="This is the common solution for AvSec Inspection and TDG Inspection." languagecode="1033" />
      </Descriptions>
      <EMailAddress xsi:nil="true"></EMailAddress>
      <SupportingWebsiteUrl xsi:nil="true"></SupportingWebsiteUrl>
      <CustomizationPrefix>ovs</CustomizationPrefix>
      <CustomizationOptionValuePrefix>91864</CustomizationOptionValuePrefix>
      <Addresses>
        <Address>
          <AddressNumber>1</AddressNumber>
          <AddressTypeCode>1</AddressTypeCode>
          <City xsi:nil="true"></City>
          <County xsi:nil="true"></County>
          <Country xsi:nil="true"></Country>
          <Fax xsi:nil="true"></Fax>
          <FreightTermsCode xsi:nil="true"></FreightTermsCode>
          <ImportSequenceNumber xsi:nil="true"></ImportSequenceNumber>
          <Latitude xsi:nil="true"></Latitude>
          <Line1 xsi:nil="true"></Line1>
          <Line2 xsi:nil="true"></Line2>
          <Line3 xsi:nil="true"></Line3>
          <Longitude xsi:nil="true"></Longitude>
          <Name xsi:nil="true"></Name>
          <PostalCode xsi:nil="true"></PostalCode>
          <PostOfficeBox xsi:nil="true"></PostOfficeBox>
          <PrimaryContactName xsi:nil="true"></PrimaryContactName>
          <ShippingMethodCode>1</ShippingMethodCode>
          <StateOrProvince xsi:nil="true"></StateOrProvince>
          <Telephone1 xsi:nil="true"></Telephone1>
          <Telephone2 xsi:nil="true"></Telephone2>
          <Telephone3 xsi:nil="true"></Telephone3>
          <TimeZoneRuleVersionNumber xsi:nil="true"></TimeZoneRuleVersionNumber>
          <UPSZone xsi:nil="true"></UPSZone>
          <UTCOffset xsi:nil="true"></UTCOffset>
          <UTCConversionTimeZoneCode xsi:nil="true"></UTCConversionTimeZoneCode>
        </Address>
        <Address>
          <AddressNumber>2</AddressNumber>
          <AddressTypeCode>1</AddressTypeCode>
          <City xsi:nil="true"></City>
          <County xsi:nil="true"></County>
          <Country xsi:nil="true"></Country>
          <Fax xsi:nil="true"></Fax>
          <FreightTermsCode xsi:nil="true"></FreightTermsCode>
          <ImportSequenceNumber xsi:nil="true"></ImportSequenceNumber>
          <Latitude xsi:nil="true"></Latitude>
          <Line1 xsi:nil="true"></Line1>
          <Line2 xsi:nil="true"></Line2>
          <Line3 xsi:nil="true"></Line3>
          <Longitude xsi:nil="true"></Longitude>
          <Name xsi:nil="true"></Name>
          <PostalCode xsi:nil="true"></PostalCode>
          <PostOfficeBox xsi:nil="true"></PostOfficeBox>
          <PrimaryContactName xsi:nil="true"></PrimaryContactName>
          <ShippingMethodCode>1</ShippingMethodCode>
          <StateOrProvince xsi:nil="true"></StateOrProvince>
          <Telephone1 xsi:nil="true"></Telephone1>
          <Telephone2 xsi:nil="true"></Telephone2>
          <Telephone3 xsi:nil="true"></Telephone3>
          <TimeZoneRuleVersionNumber xsi:nil="true"></TimeZoneRuleVersionNumber>
          <UPSZone xsi:nil="true"></UPSZone>
          <UTCOffset xsi:nil="true"></UTCOffset>
          <UTCConversionTimeZoneCode xsi:nil="true"></UTCConversionTimeZoneCode>
        </Address>
      </Addresses>
    </Publisher>
    <RootComponents>
      <RootComponent type="1" schemaName="account" behavior="1" />
      <RootComponent type="1" schemaName="cid_naicscode" behavior="1" />
      <RootComponent type="61" schemaName="cid_test" behavior="0" />
      <RootComponent type="61" schemaName="fdr_SR_Main.js" behavior="0" />
    </RootComponents>
    <MissingDependencies>
      <MissingDependency>
        <Required type="1" schemaName="cid_activityreviewlog" displayName="Activity Review Log" solution="Active" />
        <Dependent type="60" displayName="CID Portal - In-Year Site Form2" parentDisplayName="Account" id="{dc8d35bc-9bb9-4dd5-b8bb-8da816f06052}" />
      </MissingDependency>
      <MissingDependency>
        <Required type="1" schemaName="cid_audithistorylog" displayName="Audit History Log - OLD" solution="Active" />
        <Dependent type="60" displayName="CID Portal - Annual Compliance Update Form" parentDisplayName="Account" id="{1f755fc4-dc1d-466c-8faf-7f2ed3c73b6c}" />
      </MissingDependency>
      <MissingDependency>
        <Required type="1" schemaName="cid_audithistorylog" displayName="Audit History Log - OLD" solution="Active" />
        <Dependent type="60" displayName="CID Portal - In-Year Site Form2" parentDisplayName="Account" id="{dc8d35bc-9bb9-4dd5-b8bb-8da816f06052}" />
      </MissingDependency>
      <MissingDependency>
        <Required type="1" schemaName="cid_naicscode" displayName="NAICS Codes Master List" solution="Active" />
        <Dependent type="1" schemaName="cid_naicscode" displayName="NAICS Codes Master List" />
      </MissingDependency>
      <MissingDependency>
        <Required type="1" schemaName="ovs_operationclass" displayName="Operation Class" solution="Active" />
        <Dependent type="60" displayName="CID Portal - In-Year Site Form2" parentDisplayName="Account" id="{dc8d35bc-9bb9-4dd5-b8bb-8da816f06052}" />
      </MissingDependency>
      <MissingDependency>
        <Required type="1" schemaName="ovs_operationunnumber" displayName="Operation UN Number" solution="Active" />
        <Dependent type="60" displayName="CID Portal - In-Year Site Form2" parentDisplayName="Account" id="{dc8d35bc-9bb9-4dd5-b8bb-8da816f06052}" />
      </MissingDependency>
      <MissingDependency>
        <Required type="10" schemaName="cid_account_cid_audithistorylog_Company" displayName="cid_account_cid_audithistorylog_Company" parentSchemaName="account" parentDisplayName="Account" solution="Active" />
        <Dependent type="60" displayName="CID Portal - Annual Compliance Update Form" parentDisplayName="Account" id="{1f755fc4-dc1d-466c-8faf-7f2ed3c73b6c}" />
      </MissingDependency>
      <MissingDependency>
        <Required type="10" schemaName="cid_account_cid_audithistorylog_Site" displayName="cid_account_cid_audithistorylog_Site" parentSchemaName="account" parentDisplayName="Account" solution="Active" />
        <Dependent type="60" displayName="CID Portal - In-Year Site Form2" parentDisplayName="Account" id="{dc8d35bc-9bb9-4dd5-b8bb-8da816f06052}" />
      </MissingDependency>
      <MissingDependency>
        <Required type="10" schemaName="cid_account_ovs_operationclass_Site" displayName="cid_account_ovs_operationclass_Site" parentSchemaName="account" parentDisplayName="Account" solution="Active" />
        <Dependent type="60" displayName="CID Portal - In-Year Site Form2" parentDisplayName="Account" id="{dc8d35bc-9bb9-4dd5-b8bb-8da816f06052}" />
      </MissingDependency>
      <MissingDependency>
        <Required type="10" schemaName="cid_account_ovs_operationunnumber_Site" displayName="cid_account_ovs_operationunnumber_Site" parentSchemaName="account" parentDisplayName="Account" solution="Active" />
        <Dependent type="60" displayName="CID Portal - In-Year Site Form2" parentDisplayName="Account" id="{dc8d35bc-9bb9-4dd5-b8bb-8da816f06052}" />
      </MissingDependency>
      <MissingDependency>
        <Required type="10" schemaName="msdyn_account_account_BillingAccount" displayName="msdyn_account_account_BillingAccount" parentSchemaName="account" parentDisplayName="Account" solution="FieldServiceCommon (1.0.0.217)">
          <package>FieldService_Anchor (8.8.83.19)</package>
        </Required>
        <Dependent type="60" displayName="CID Portal - Annual Compliance Update Form" parentDisplayName="Account" id="{1f755fc4-dc1d-466c-8faf-7f2ed3c73b6c}" />
      </MissingDependency>
      <MissingDependency>
        <Required type="10" schemaName="msdyn_account_account_BillingAccount" displayName="msdyn_account_account_BillingAccount" parentSchemaName="account" parentDisplayName="Account" solution="FieldServiceCommon (1.0.0.217)">
          <package>FieldService_Anchor (8.8.83.19)</package>
        </Required>
        <Dependent type="60" displayName="CID Portal - In-Year Site Form2" parentDisplayName="Account" id="{dc8d35bc-9bb9-4dd5-b8bb-8da816f06052}" />
      </MissingDependency>
      <MissingDependency>
        <Required type="10" schemaName="msdyn_account_msdyn_agreement_BillingAccount" displayName="msdyn_account_msdyn_agreement_BillingAccount" parentSchemaName="account" parentDisplayName="Account" solution="FieldService (8.8.0.88)">
          <package>FieldService_Anchor (8.8.83.19)</package>
        </Required>
        <Dependent type="60" displayName="CID Portal - Annual Compliance Update Form" parentDisplayName="Account" id="{1f755fc4-dc1d-466c-8faf-7f2ed3c73b6c}" />
      </MissingDependency>
      <MissingDependency>
        <Required type="10" schemaName="msdyn_account_msdyn_agreement_BillingAccount" displayName="msdyn_account_msdyn_agreement_BillingAccount" parentSchemaName="account" parentDisplayName="Account" solution="FieldService (8.8.0.88)">
          <package>FieldService_Anchor (8.8.83.19)</package>
        </Required>
        <Dependent type="60" displayName="CID Portal - In-Year Site Form2" parentDisplayName="Account" id="{dc8d35bc-9bb9-4dd5-b8bb-8da816f06052}" />
      </MissingDependency>
      <MissingDependency>
        <Required type="10" schemaName="msdyn_account_msdyn_agreement_ServiceAccount" displayName="msdyn_account_msdyn_agreement_ServiceAccount" parentSchemaName="account" parentDisplayName="Account" solution="FieldService (8.8.0.88)">
          <package>FieldService_Anchor (8.8.83.19)</package>
        </Required>
        <Dependent type="60" displayName="CID Portal - Annual Compliance Update Form" parentDisplayName="Account" id="{1f755fc4-dc1d-466c-8faf-7f2ed3c73b6c}" />
      </MissingDependency>
      <MissingDependency>
        <Required type="10" schemaName="msdyn_account_msdyn_agreement_ServiceAccount" displayName="msdyn_account_msdyn_agreement_ServiceAccount" parentSchemaName="account" parentDisplayName="Account" solution="FieldService (8.8.0.88)">
          <package>FieldService_Anchor (8.8.83.19)</package>
        </Required>
        <Dependent type="60" displayName="CID Portal - In-Year Site Form2" parentDisplayName="Account" id="{dc8d35bc-9bb9-4dd5-b8bb-8da816f06052}" />
      </MissingDependency>
      <MissingDependency>
        <Required type="10" schemaName="msdyn_account_msdyn_payment_Account" displayName="msdyn_account_msdyn_payment_Account" parentSchemaName="account" parentDisplayName="Account" solution="FieldService (8.8.0.88)">
          <package>FieldService_Anchor (8.8.83.19)</package>
        </Required>
        <Dependent type="60" displayName="CID Portal - Annual Compliance Update Form" parentDisplayName="Account" id="{1f755fc4-dc1d-466c-8faf-7f2ed3c73b6c}" />
      </MissingDependency>
      <MissingDependency>
        <Required type="10" schemaName="msdyn_account_msdyn_payment_Account" displayName="msdyn_account_msdyn_payment_Account" parentSchemaName="account" parentDisplayName="Account" solution="FieldService (8.8.0.88)">
          <package>FieldService_Anchor (8.8.83.19)</package>
        </Required>
        <Dependent type="60" displayName="CID Portal - In-Year Site Form2" parentDisplayName="Account" id="{dc8d35bc-9bb9-4dd5-b8bb-8da816f06052}" />
      </MissingDependency>
      <MissingDependency>
        <Required type="10" schemaName="msdyn_account_msdyn_purchaseorder_Vendor" displayName="msdyn_account_msdyn_purchaseorder_Vendor" parentSchemaName="account" parentDisplayName="Account" solution="FieldServiceCommon (1.0.0.217)">
          <package>FieldService_Anchor (8.8.83.19)</package>
        </Required>
        <Dependent type="60" displayName="CID Portal - Annual Compliance Update Form" parentDisplayName="Account" id="{1f755fc4-dc1d-466c-8faf-7f2ed3c73b6c}" />
      </MissingDependency>
      <MissingDependency>
        <Required type="10" schemaName="msdyn_account_msdyn_purchaseorder_Vendor" displayName="msdyn_account_msdyn_purchaseorder_Vendor" parentSchemaName="account" parentDisplayName="Account" solution="FieldServiceCommon (1.0.0.217)">
          <package>FieldService_Anchor (8.8.83.19)</package>
        </Required>
        <Dependent type="60" displayName="CID Portal - In-Year Site Form2" parentDisplayName="Account" id="{dc8d35bc-9bb9-4dd5-b8bb-8da816f06052}" />
      </MissingDependency>
      <MissingDependency>
        <Required type="10" schemaName="msdyn_account_msdyn_rma_BillingAccount" displayName="msdyn_account_msdyn_rma_BillingAccount" parentSchemaName="account" parentDisplayName="Account" solution="FieldService (8.8.0.88)">
          <package>FieldService_Anchor (8.8.83.19)</package>
        </Required>
        <Dependent type="60" displayName="CID Portal - Annual Compliance Update Form" parentDisplayName="Account" id="{1f755fc4-dc1d-466c-8faf-7f2ed3c73b6c}" />
      </MissingDependency>
      <MissingDependency>
        <Required type="10" schemaName="msdyn_account_msdyn_rma_BillingAccount" displayName="msdyn_account_msdyn_rma_BillingAccount" parentSchemaName="account" parentDisplayName="Account" solution="FieldService (8.8.0.88)">
          <package>FieldService_Anchor (8.8.83.19)</package>
        </Required>
        <Dependent type="60" displayName="CID Portal - In-Year Site Form2" parentDisplayName="Account" id="{dc8d35bc-9bb9-4dd5-b8bb-8da816f06052}" />
      </MissingDependency>
      <MissingDependency>
        <Required type="10" schemaName="msdyn_account_msdyn_rma_ServiceAccount" displayName="msdyn_account_msdyn_rma_ServiceAccount" parentSchemaName="account" parentDisplayName="Account" solution="FieldService (8.8.0.88)">
          <package>FieldService_Anchor (8.8.83.19)</package>
        </Required>
        <Dependent type="60" displayName="CID Portal - Annual Compliance Update Form" parentDisplayName="Account" id="{1f755fc4-dc1d-466c-8faf-7f2ed3c73b6c}" />
      </MissingDependency>
      <MissingDependency>
        <Required type="10" schemaName="msdyn_account_msdyn_rma_ServiceAccount" displayName="msdyn_account_msdyn_rma_ServiceAccount" parentSchemaName="account" parentDisplayName="Account" solution="FieldService (8.8.0.88)">
          <package>FieldService_Anchor (8.8.83.19)</package>
        </Required>
        <Dependent type="60" displayName="CID Portal - In-Year Site Form2" parentDisplayName="Account" id="{dc8d35bc-9bb9-4dd5-b8bb-8da816f06052}" />
      </MissingDependency>
      <MissingDependency>
        <Required type="10" schemaName="msdyn_account_msdyn_rtv_Vendor" displayName="msdyn_account_msdyn_rtv_Vendor" parentSchemaName="account" parentDisplayName="Account" solution="FieldService (8.8.0.88)">
          <package>FieldService_Anchor (8.8.83.19)</package>
        </Required>
        <Dependent type="60" displayName="CID Portal - Annual Compliance Update Form" parentDisplayName="Account" id="{1f755fc4-dc1d-466c-8faf-7f2ed3c73b6c}" />
      </MissingDependency>
      <MissingDependency>
        <Required type="10" schemaName="msdyn_account_msdyn_rtv_Vendor" displayName="msdyn_account_msdyn_rtv_Vendor" parentSchemaName="account" parentDisplayName="Account" solution="FieldService (8.8.0.88)">
          <package>FieldService_Anchor (8.8.83.19)</package>
        </Required>
        <Dependent type="60" displayName="CID Portal - In-Year Site Form2" parentDisplayName="Account" id="{dc8d35bc-9bb9-4dd5-b8bb-8da816f06052}" />
      </MissingDependency>
      <MissingDependency>
        <Required type="10" schemaName="msdyn_account_msdyn_workorder_BillingAccount" displayName="msdyn_account_msdyn_workorder_BillingAccount" parentSchemaName="account" parentDisplayName="Account" solution="FieldService (8.8.0.88)">
          <package>FieldService_Anchor (8.8.83.19)</package>
        </Required>
        <Dependent type="60" displayName="CID Portal - Annual Compliance Update Form" parentDisplayName="Account" id="{1f755fc4-dc1d-466c-8faf-7f2ed3c73b6c}" />
      </MissingDependency>
      <MissingDependency>
        <Required type="10" schemaName="msdyn_account_msdyn_workorder_BillingAccount" displayName="msdyn_account_msdyn_workorder_BillingAccount" parentSchemaName="account" parentDisplayName="Account" solution="FieldService (8.8.0.88)">
          <package>FieldService_Anchor (8.8.83.19)</package>
        </Required>
        <Dependent type="60" displayName="CID Portal - In-Year Site Form2" parentDisplayName="Account" id="{dc8d35bc-9bb9-4dd5-b8bb-8da816f06052}" />
      </MissingDependency>
      <MissingDependency>
        <Required type="10" schemaName="msdyn_account_msdyn_workorder_ServiceAccount" displayName="msdyn_account_msdyn_workorder_ServiceAccount" parentSchemaName="account" parentDisplayName="Account" solution="FieldService (8.8.0.88)">
          <package>FieldService_Anchor (8.8.83.19)</package>
        </Required>
        <Dependent type="60" displayName="CID Portal - Annual Compliance Update Form" parentDisplayName="Account" id="{1f755fc4-dc1d-466c-8faf-7f2ed3c73b6c}" />
      </MissingDependency>
      <MissingDependency>
        <Required type="10" schemaName="msdyn_account_msdyn_workorder_ServiceAccount" displayName="msdyn_account_msdyn_workorder_ServiceAccount" parentSchemaName="account" parentDisplayName="Account" solution="FieldService (8.8.0.88)">
          <package>FieldService_Anchor (8.8.83.19)</package>
        </Required>
        <Dependent type="60" displayName="CID Portal - In-Year Site Form2" parentDisplayName="Account" id="{dc8d35bc-9bb9-4dd5-b8bb-8da816f06052}" />
      </MissingDependency>
      <MissingDependency>
        <Required type="10" schemaName="msdyn_account_msdyn_customerasset_Account" displayName="msdyn_account_msdyn_customerasset_Account" parentSchemaName="msdyn_customerasset" parentDisplayName="Customer Asset" solution="msdyn_AssetCommon (1.0.30.47)">
          <package>FieldService_Anchor (8.8.83.19)</package>
          <package>msdynce_ServiceAnchor (9.0.23023.1012)</package>
        </Required>
        <Dependent type="60" displayName="CID Portal - Annual Compliance Update Form" parentDisplayName="Account" id="{1f755fc4-dc1d-466c-8faf-7f2ed3c73b6c}" />
      </MissingDependency>
      <MissingDependency>
        <Required type="10" schemaName="msdyn_account_msdyn_customerasset_Account" displayName="msdyn_account_msdyn_customerasset_Account" parentSchemaName="msdyn_customerasset" parentDisplayName="Customer Asset" solution="msdyn_AssetCommon (1.0.30.47)">
          <package>FieldService_Anchor (8.8.83.19)</package>
          <package>msdynce_ServiceAnchor (9.0.23023.1012)</package>
        </Required>
        <Dependent type="60" displayName="CID Portal - In-Year Site Form2" parentDisplayName="Account" id="{dc8d35bc-9bb9-4dd5-b8bb-8da816f06052}" />
      </MissingDependency>
      <MissingDependency>
        <Required type="2" schemaName="cid_cidcompanystatus" displayName="CID Company Status" parentSchemaName="account" parentDisplayName="Account" solution="Active" />
        <Dependent type="60" displayName="CID Portal - Annual Compliance Update Form" parentDisplayName="Account" id="{1f755fc4-dc1d-466c-8faf-7f2ed3c73b6c}" />
      </MissingDependency>
      <MissingDependency>
        <Required type="2" schemaName="cid_cidsitestatus" displayName="Site Status" parentSchemaName="account" parentDisplayName="Account" solution="Active" />
        <Dependent type="26" schemaName="CID Portal - In year Company Sites" displayName="CID Portal - In year Company Sites" parentSchemaName="account" parentDisplayName="Account" id="{153aa606-2043-ed11-bba3-0022483d0343}" />
      </MissingDependency>
      <MissingDependency>
        <Required type="2" schemaName="cid_cidsitestatus" displayName="Site Status" parentSchemaName="account" parentDisplayName="Account" solution="Active" />
        <Dependent type="60" displayName="CID Portal - In-Year Site Form2" parentDisplayName="Account" id="{dc8d35bc-9bb9-4dd5-b8bb-8da816f06052}" />
      </MissingDependency>
      <MissingDependency>
        <Required type="2" schemaName="cid_handlingsitetype" displayName="Handle" parentSchemaName="account" parentDisplayName="Account" solution="Active" />
        <Dependent type="60" displayName="CID Portal - In-Year Site Form2" parentDisplayName="Account" id="{dc8d35bc-9bb9-4dd5-b8bb-8da816f06052}" />
      </MissingDependency>
      <MissingDependency>
        <Required type="2" schemaName="cid_importingsitetype" displayName="Import" parentSchemaName="account" parentDisplayName="Account" solution="Active" />
        <Dependent type="60" displayName="CID Portal - In-Year Site Form2" parentDisplayName="Account" id="{dc8d35bc-9bb9-4dd5-b8bb-8da816f06052}" />
      </MissingDependency>
      <MissingDependency>
        <Required type="2" schemaName="cid_iscompanyattested" displayName="Is Company Attested?" parentSchemaName="account" parentDisplayName="Account" solution="Active" />
        <Dependent type="60" displayName="CID Portal - Annual Compliance Update Form" parentDisplayName="Account" id="{1f755fc4-dc1d-466c-8faf-7f2ed3c73b6c}" />
      </MissingDependency>
      <MissingDependency>
        <Required type="2" schemaName="cid_issiteattested" displayName="Is Site Attested?" parentSchemaName="account" parentDisplayName="Account" solution="Active" />
        <Dependent type="26" schemaName="CID Portal - In year Company Sites" displayName="CID Portal - In year Company Sites" parentSchemaName="account" parentDisplayName="Account" id="{153aa606-2043-ed11-bba3-0022483d0343}" />
      </MissingDependency>
      <MissingDependency>
        <Required type="2" schemaName="cid_issiteattested" displayName="Is Site Attested?" parentSchemaName="account" parentDisplayName="Account" solution="Active" />
        <Dependent type="26" schemaName="CID Portal - Sites" displayName="CID Portal - Sites" parentSchemaName="account" parentDisplayName="Account" id="{c8db5060-4a4d-ec11-8f8e-000d3ae9a753}" />
      </MissingDependency>
      <MissingDependency>
        <Required type="2" schemaName="cid_issiteattested" displayName="Is Site Attested?" parentSchemaName="account" parentDisplayName="Account" solution="Active" />
        <Dependent type="60" displayName="CID Portal - In-Year Site Form2" parentDisplayName="Account" id="{dc8d35bc-9bb9-4dd5-b8bb-8da816f06052}" />
      </MissingDependency>
      <MissingDependency>
        <Required type="2" schemaName="cid_memositedeactivation" displayName="Memo for site deactivation" parentSchemaName="account" parentDisplayName="Account" solution="Active" />
        <Dependent type="60" displayName="CID Portal - In-Year Site Form2" parentDisplayName="Account" id="{dc8d35bc-9bb9-4dd5-b8bb-8da816f06052}" />
      </MissingDependency>
      <MissingDependency>
        <Required type="2" schemaName="cid_offeringfortransportsitetype" displayName="Offer for Transport" parentSchemaName="account" parentDisplayName="Account" solution="Active" />
        <Dependent type="60" displayName="CID Portal - In-Year Site Form2" parentDisplayName="Account" id="{dc8d35bc-9bb9-4dd5-b8bb-8da816f06052}" />
      </MissingDependency>
      <MissingDependency>
        <Required type="2" schemaName="cid_portalrecordcreationdetails" displayName="Created On, By" parentSchemaName="account" parentDisplayName="Account" solution="Active" />
        <Dependent type="26" schemaName="CID Portal - In year Company Sites" displayName="CID Portal - In year Company Sites" parentSchemaName="account" parentDisplayName="Account" id="{153aa606-2043-ed11-bba3-0022483d0343}" />
      </MissingDependency>
      <MissingDependency>
        <Required type="2" schemaName="cid_portalrecordmodificationdetails" displayName="Last Updated On, By" parentSchemaName="account" parentDisplayName="Account" solution="Active" />
        <Dependent type="26" schemaName="CID Portal - In year Company Sites" displayName="CID Portal - In year Company Sites" parentSchemaName="account" parentDisplayName="Account" id="{153aa606-2043-ed11-bba3-0022483d0343}" />
      </MissingDependency>
      <MissingDependency>
        <Required type="2" schemaName="cid_portalrecordmodificationdetails" displayName="Last Updated On, By" parentSchemaName="account" parentDisplayName="Account" solution="Active" />
        <Dependent type="26" schemaName="CID Portal - Sites" displayName="CID Portal - Sites" parentSchemaName="account" parentDisplayName="Account" id="{c8db5060-4a4d-ec11-8f8e-000d3ae9a753}" />
      </MissingDependency>
      <MissingDependency>
        <Required type="2" schemaName="cid_reasonforsitedeactivation" displayName="Reason for site deactivation" parentSchemaName="account" parentDisplayName="Account" solution="Active" />
        <Dependent type="60" displayName="CID Portal - In-Year Site Form2" parentDisplayName="Account" id="{dc8d35bc-9bb9-4dd5-b8bb-8da816f06052}" />
      </MissingDependency>
      <MissingDependency>
        <Required type="2" schemaName="cid_registrationasof" displayName="Registration As Of" parentSchemaName="account" parentDisplayName="Account" solution="Active" />
        <Dependent type="60" displayName="CID Portal - Annual Compliance Update Form" parentDisplayName="Account" id="{1f755fc4-dc1d-466c-8faf-7f2ed3c73b6c}" />
      </MissingDependency>
      <MissingDependency>
        <Required type="2" schemaName="cid_requirementlevel" displayName="Basic / Extended" parentSchemaName="account" parentDisplayName="Account" solution="Active" />
        <Dependent type="60" displayName="CID Portal - In-Year Site Form2" parentDisplayName="Account" id="{dc8d35bc-9bb9-4dd5-b8bb-8da816f06052}" />
      </MissingDependency>
      <MissingDependency>
        <Required type="2" schemaName="cid_same_as_company" displayName="Same as the company address?" parentSchemaName="account" parentDisplayName="Account" solution="Active" />
        <Dependent type="60" displayName="CID Portal - In-Year Site Form2" parentDisplayName="Account" id="{dc8d35bc-9bb9-4dd5-b8bb-8da816f06052}" />
      </MissingDependency>
      <MissingDependency>
        <Required type="2" schemaName="cid_siteactivationeffectivedate" displayName="Site Activation Effective Date" parentSchemaName="account" parentDisplayName="Account" solution="Active" />
        <Dependent type="60" displayName="CID Portal - In-Year Site Form2" parentDisplayName="Account" id="{dc8d35bc-9bb9-4dd5-b8bb-8da816f06052}" />
      </MissingDependency>
      <MissingDependency>
        <Required type="2" schemaName="cid_siteactivationmemo" displayName="Site Activation Memo" parentSchemaName="account" parentDisplayName="Account" solution="Active" />
        <Dependent type="60" displayName="CID Portal - In-Year Site Form2" parentDisplayName="Account" id="{dc8d35bc-9bb9-4dd5-b8bb-8da816f06052}" />
      </MissingDependency>
      <MissingDependency>
        <Required type="2" schemaName="cid_siteclaim" displayName="Site Status" parentSchemaName="account" parentDisplayName="Account" solution="Active" />
        <Dependent type="26" schemaName="CID Portal - In year Company Sites" displayName="CID Portal - In year Company Sites" parentSchemaName="account" parentDisplayName="Account" id="{153aa606-2043-ed11-bba3-0022483d0343}" />
      </MissingDependency>
      <MissingDependency>
        <Required type="2" schemaName="cid_siteclaim" displayName="Site Status" parentSchemaName="account" parentDisplayName="Account" solution="Active" />
        <Dependent type="26" schemaName="CID Portal - Sites" displayName="CID Portal - Sites" parentSchemaName="account" parentDisplayName="Account" id="{c8db5060-4a4d-ec11-8f8e-000d3ae9a753}" />
      </MissingDependency>
      <MissingDependency>
        <Required type="2" schemaName="cid_sitedeactivationeffectivedate" displayName="Site Deactivation Effective Date" parentSchemaName="account" parentDisplayName="Account" solution="Active" />
        <Dependent type="60" displayName="CID Portal - In-Year Site Form2" parentDisplayName="Account" id="{dc8d35bc-9bb9-4dd5-b8bb-8da816f06052}" />
      </MissingDependency>
      <MissingDependency>
        <Required type="2" schemaName="cid_siteid" displayName="Site ID" parentSchemaName="account" parentDisplayName="Account" solution="Active" />
        <Dependent type="26" schemaName="CID Portal - In year Company Sites" displayName="CID Portal - In year Company Sites" parentSchemaName="account" parentDisplayName="Account" id="{153aa606-2043-ed11-bba3-0022483d0343}" />
      </MissingDependency>
      <MissingDependency>
        <Required type="2" schemaName="cid_siteid" displayName="Site ID" parentSchemaName="account" parentDisplayName="Account" solution="Active" />
        <Dependent type="26" schemaName="CID Portal - Sites" displayName="CID Portal - Sites" parentSchemaName="account" parentDisplayName="Account" id="{c8db5060-4a4d-ec11-8f8e-000d3ae9a753}" />
      </MissingDependency>
      <MissingDependency>
        <Required type="2" schemaName="cid_siteid" displayName="Site ID" parentSchemaName="account" parentDisplayName="Account" solution="Active" />
        <Dependent type="60" displayName="CID Portal - In-Year Site Form2" parentDisplayName="Account" id="{dc8d35bc-9bb9-4dd5-b8bb-8da816f06052}" />
      </MissingDependency>
      <MissingDependency>
        <Required type="2" schemaName="cid_sitename" displayName="Site Name" parentSchemaName="account" parentDisplayName="Account" solution="Active" />
        <Dependent type="26" schemaName="CID Portal - In year Company Sites" displayName="CID Portal - In year Company Sites" parentSchemaName="account" parentDisplayName="Account" id="{153aa606-2043-ed11-bba3-0022483d0343}" />
      </MissingDependency>
      <MissingDependency>
        <Required type="2" schemaName="cid_sitename" displayName="Site Name" parentSchemaName="account" parentDisplayName="Account" solution="Active" />
        <Dependent type="26" schemaName="CID Portal - Sites" displayName="CID Portal - Sites" parentSchemaName="account" parentDisplayName="Account" id="{c8db5060-4a4d-ec11-8f8e-000d3ae9a753}" />
      </MissingDependency>
      <MissingDependency>
        <Required type="2" schemaName="cid_sitename" displayName="Site Name" parentSchemaName="account" parentDisplayName="Account" solution="Active" />
        <Dependent type="60" displayName="CID Portal - In-Year Site Form2" parentDisplayName="Account" id="{dc8d35bc-9bb9-4dd5-b8bb-8da816f06052}" />
      </MissingDependency>
      <MissingDependency>
        <Required type="2" schemaName="cid_siterequirementlevelswitcheffectivedate" displayName="Site Requirement Level Switch Effective Date" parentSchemaName="account" parentDisplayName="Account" solution="Active" />
        <Dependent type="60" displayName="CID Portal - In-Year Site Form2" parentDisplayName="Account" id="{dc8d35bc-9bb9-4dd5-b8bb-8da816f06052}" />
      </MissingDependency>
      <MissingDependency>
        <Required type="2" schemaName="cid_siterequirementlevelswitchmemo" displayName="Site Requirement Level Switch Memo" parentSchemaName="account" parentDisplayName="Account" solution="Active" />
        <Dependent type="60" displayName="CID Portal - In-Year Site Form2" parentDisplayName="Account" id="{dc8d35bc-9bb9-4dd5-b8bb-8da816f06052}" />
      </MissingDependency>
      <MissingDependency>
        <Required type="2" schemaName="cid_transportingsitetype" displayName="Transport" parentSchemaName="account" parentDisplayName="Account" solution="Active" />
        <Dependent type="60" displayName="CID Portal - In-Year Site Form2" parentDisplayName="Account" id="{dc8d35bc-9bb9-4dd5-b8bb-8da816f06052}" />
      </MissingDependency>
      <MissingDependency>
        <Required type="2" schemaName="ovs_address_display" displayName="Address Display" parentSchemaName="account" parentDisplayName="Account" solution="Active" />
        <Dependent type="26" schemaName="CID Portal - In year Company Sites" displayName="CID Portal - In year Company Sites" parentSchemaName="account" parentDisplayName="Account" id="{153aa606-2043-ed11-bba3-0022483d0343}" />
      </MissingDependency>
      <MissingDependency>
        <Required type="2" schemaName="ovs_address_display" displayName="Address Display" parentSchemaName="account" parentDisplayName="Account" solution="Active" />
        <Dependent type="26" schemaName="CID Portal - Sites" displayName="CID Portal - Sites" parentSchemaName="account" parentDisplayName="Account" id="{c8db5060-4a4d-ec11-8f8e-000d3ae9a753}" />
      </MissingDependency>
      <MissingDependency>
        <Required type="2" schemaName="ovs_address_type" displayName="Input Address Type" parentSchemaName="account" parentDisplayName="Account" solution="Active" />
        <Dependent type="60" displayName="CID Portal - In-Year Site Form2" parentDisplayName="Account" id="{dc8d35bc-9bb9-4dd5-b8bb-8da816f06052}" />
      </MissingDependency>
      <MissingDependency>
        <Required type="2" schemaName="ovs_address1_province" displayName="Province / Territory" parentSchemaName="account" parentDisplayName="Account" solution="Active" />
        <Dependent type="26" schemaName="CID Portal - In year Company Sites" displayName="CID Portal - In year Company Sites" parentSchemaName="account" parentDisplayName="Account" id="{153aa606-2043-ed11-bba3-0022483d0343}" />
      </MissingDependency>
      <MissingDependency>
        <Required type="2" schemaName="ovs_address1_province" displayName="Province / Territory" parentSchemaName="account" parentDisplayName="Account" solution="Active" />
        <Dependent type="26" schemaName="CID Portal - Sites" displayName="CID Portal - Sites" parentSchemaName="account" parentDisplayName="Account" id="{c8db5060-4a4d-ec11-8f8e-000d3ae9a753}" />
      </MissingDependency>
      <MissingDependency>
        <Required type="2" schemaName="ovs_address1_province" displayName="Province / Territory" parentSchemaName="account" parentDisplayName="Account" solution="Active" />
        <Dependent type="60" displayName="CID Portal - In-Year Site Form2" parentDisplayName="Account" id="{dc8d35bc-9bb9-4dd5-b8bb-8da816f06052}" />
      </MissingDependency>
      <MissingDependency>
        <Required type="2" schemaName="ovs_legalname" displayName="Legal Name" parentSchemaName="account" parentDisplayName="Account" solution="Active" />
        <Dependent type="60" displayName="CID Portal - Annual Compliance Update Form" parentDisplayName="Account" id="{1f755fc4-dc1d-466c-8faf-7f2ed3c73b6c}" />
      </MissingDependency>
      <MissingDependency>
        <Required type="2" schemaName="ovs_legalname" displayName="Legal Name" parentSchemaName="account" parentDisplayName="Account" solution="Active" />
        <Dependent type="60" displayName="CID Portal - In-Year Site Form2" parentDisplayName="Account" id="{dc8d35bc-9bb9-4dd5-b8bb-8da816f06052}" />
      </MissingDependency>
      <MissingDependency>
        <Required type="2" schemaName="ovs_lld_meridian" displayName="Meridian" parentSchemaName="account" parentDisplayName="Account" solution="Active" />
        <Dependent type="60" displayName="CID Portal - In-Year Site Form2" parentDisplayName="Account" id="{dc8d35bc-9bb9-4dd5-b8bb-8da816f06052}" />
      </MissingDependency>
      <MissingDependency>
        <Required type="2" schemaName="ovs_lld_quarter" displayName="Quarter / LSD" parentSchemaName="account" parentDisplayName="Account" solution="Active" />
        <Dependent type="60" displayName="CID Portal - In-Year Site Form2" parentDisplayName="Account" id="{dc8d35bc-9bb9-4dd5-b8bb-8da816f06052}" />
      </MissingDependency>
      <MissingDependency>
        <Required type="2" schemaName="ovs_lld_range" displayName="Range" parentSchemaName="account" parentDisplayName="Account" solution="Active" />
        <Dependent type="60" displayName="CID Portal - In-Year Site Form2" parentDisplayName="Account" id="{dc8d35bc-9bb9-4dd5-b8bb-8da816f06052}" />
      </MissingDependency>
      <MissingDependency>
        <Required type="2" schemaName="ovs_lld_section" displayName="Section" parentSchemaName="account" parentDisplayName="Account" solution="Active" />
        <Dependent type="60" displayName="CID Portal - In-Year Site Form2" parentDisplayName="Account" id="{dc8d35bc-9bb9-4dd5-b8bb-8da816f06052}" />
      </MissingDependency>
      <MissingDependency>
        <Required type="2" schemaName="ovs_lld_township" displayName="Township" parentSchemaName="account" parentDisplayName="Account" solution="Active" />
        <Dependent type="60" displayName="CID Portal - In-Year Site Form2" parentDisplayName="Account" id="{dc8d35bc-9bb9-4dd5-b8bb-8da816f06052}" />
      </MissingDependency>
      <MissingDependency>
        <Required type="2" schemaName="cid_lastnode" displayName="Last Node" parentSchemaName="cid_naicscode" parentDisplayName="NAICS Codes Master List" solution="Active" />
        <Dependent type="60" displayName="Information" parentDisplayName="NAICS Codes Master List" id="{b80c0f17-7c71-4b4b-83c2-6bfbb6580fec}" />
      </MissingDependency>
      <MissingDependency>
        <Required type="2" schemaName="cid_naicsclassdefinition" displayName="NAICS Class Definition" parentSchemaName="cid_naicscode" parentDisplayName="NAICS Codes Master List" solution="Active" />
        <Dependent type="60" displayName="Information" parentDisplayName="NAICS Codes Master List" id="{b80c0f17-7c71-4b4b-83c2-6bfbb6580fec}" />
      </MissingDependency>
      <MissingDependency>
        <Required type="2" schemaName="cid_naicsclassdefinitionen" displayName="NAICS Class Definition - EN" parentSchemaName="cid_naicscode" parentDisplayName="NAICS Codes Master List" solution="Active" />
        <Dependent type="60" displayName="Information" parentDisplayName="NAICS Codes Master List" id="{b80c0f17-7c71-4b4b-83c2-6bfbb6580fec}" />
      </MissingDependency>
      <MissingDependency>
        <Required type="2" schemaName="cid_naicsclassdefinitionfr" displayName="NAICS Class Definition - FR" parentSchemaName="cid_naicscode" parentDisplayName="NAICS Codes Master List" solution="Active" />
        <Dependent type="60" displayName="Information" parentDisplayName="NAICS Codes Master List" id="{b80c0f17-7c71-4b4b-83c2-6bfbb6580fec}" />
      </MissingDependency>
      <MissingDependency>
        <Required type="2" schemaName="cid_naicsclasstitle" displayName="NAICS Class" parentSchemaName="cid_naicscode" parentDisplayName="NAICS Codes Master List" solution="Active" />
        <Dependent type="60" displayName="Information" parentDisplayName="NAICS Codes Master List" id="{b80c0f17-7c71-4b4b-83c2-6bfbb6580fec}" />
      </MissingDependency>
      <MissingDependency>
        <Required type="2" schemaName="cid_naicsclasstitleen" displayName="NAICS Class - EN" parentSchemaName="cid_naicscode" parentDisplayName="NAICS Codes Master List" solution="Active" />
        <Dependent type="60" displayName="Information" parentDisplayName="NAICS Codes Master List" id="{b80c0f17-7c71-4b4b-83c2-6bfbb6580fec}" />
      </MissingDependency>
      <MissingDependency>
        <Required type="2" schemaName="cid_naicsclasstitlefr" displayName="NAICS Class - FR" parentSchemaName="cid_naicscode" parentDisplayName="NAICS Codes Master List" solution="Active" />
        <Dependent type="60" displayName="Information" parentDisplayName="NAICS Codes Master List" id="{b80c0f17-7c71-4b4b-83c2-6bfbb6580fec}" />
      </MissingDependency>
      <MissingDependency>
        <Required type="2" schemaName="cid_naicshierarchicalstructure" displayName="NAICS Hierarchical Structure" parentSchemaName="cid_naicscode" parentDisplayName="NAICS Codes Master List" solution="Active" />
        <Dependent type="60" displayName="Information" parentDisplayName="NAICS Codes Master List" id="{b80c0f17-7c71-4b4b-83c2-6bfbb6580fec}" />
      </MissingDependency>
      <MissingDependency>
        <Required type="2" schemaName="cid_naicslevel" displayName="NAICS Level" parentSchemaName="cid_naicscode" parentDisplayName="NAICS Codes Master List" solution="Active" />
        <Dependent type="60" displayName="Information" parentDisplayName="NAICS Codes Master List" id="{b80c0f17-7c71-4b4b-83c2-6bfbb6580fec}" />
      </MissingDependency>
      <MissingDependency>
        <Required type="2" schemaName="cid_naicssuperscript" displayName="NAICS Superscript" parentSchemaName="cid_naicscode" parentDisplayName="NAICS Codes Master List" solution="Active" />
        <Dependent type="60" displayName="Information" parentDisplayName="NAICS Codes Master List" id="{b80c0f17-7c71-4b4b-83c2-6bfbb6580fec}" />
      </MissingDependency>
      <MissingDependency>
        <Required type="2" schemaName="cid_name" displayName="NAICS Code" parentSchemaName="cid_naicscode" parentDisplayName="NAICS Codes Master List" solution="Active" />
        <Dependent type="60" displayName="Information" parentDisplayName="NAICS Codes Master List" id="{b80c0f17-7c71-4b4b-83c2-6bfbb6580fec}" />
      </MissingDependency>
      <MissingDependency>
        <Required type="2" schemaName="ownerid" displayName="Owner" parentSchemaName="cid_naicscode" parentDisplayName="NAICS Codes Master List" solution="Active" />
        <Dependent type="60" displayName="Information" parentDisplayName="NAICS Codes Master List" id="{b80c0f17-7c71-4b4b-83c2-6bfbb6580fec}" />
      </MissingDependency>
      <MissingDependency>
        <Required type="26" schemaName="CID Portal - Activity Review Log" displayName="CID Portal - Activity Review Log" parentSchemaName="cid_activityreviewlog" parentDisplayName="Activity Review Log" solution="Active" id="{0efede85-2de1-ec11-bb3d-000d3a8483f6}" />
        <Dependent type="60" displayName="CID Portal - In-Year Site Form2" parentDisplayName="Account" id="{dc8d35bc-9bb9-4dd5-b8bb-8da816f06052}" />
      </MissingDependency>
      <MissingDependency>
        <Required type="26" schemaName="CID Portal - UN Numbers" displayName="CID Portal - UN Numbers" parentSchemaName="ovs_operationunnumber" parentDisplayName="Operation UN Number" solution="Active" id="{121715d2-c97b-ec11-8d20-000d3aff1221}" />
        <Dependent type="60" displayName="CID Portal - In-Year Site Form2" parentDisplayName="Account" id="{dc8d35bc-9bb9-4dd5-b8bb-8da816f06052}" />
      </MissingDependency>
      <MissingDependency>
        <Required type="26" schemaName="CID Portal - Company Annual Compliance Update Items" displayName="CID Portal - Company Annual Compliance Update Items" parentSchemaName="task" parentDisplayName="Task" solution="Active" id="{17886b15-fe24-ed11-9db2-000d3a844ef3}" />
        <Dependent type="60" displayName="CID Portal - Annual Compliance Update Form" parentDisplayName="Account" id="{1f755fc4-dc1d-466c-8faf-7f2ed3c73b6c}" />
      </MissingDependency>
      <MissingDependency>
        <Required type="26" schemaName="Numéro UN actif" displayName="Numéro UN actif" parentSchemaName="ovs_operationunnumber" parentDisplayName="Operation UN Number" solution="Active" id="{2e7c7b15-98b4-4cc3-a0da-0f193b0759d2}" />
        <Dependent type="60" displayName="CID Portal - In-Year Site Form2" parentDisplayName="Account" id="{dc8d35bc-9bb9-4dd5-b8bb-8da816f06052}" />
      </MissingDependency>
      <MissingDependency>
        <Required type="26" schemaName="All Activity Review Logs" displayName="All Activity Review Logs" parentSchemaName="cid_activityreviewlog" parentDisplayName="Activity Review Log" solution="Active" id="{3f12a7aa-7069-4677-a95b-251ffe14433a}" />
        <Dependent type="60" displayName="CID Portal - In-Year Site Form2" parentDisplayName="Account" id="{dc8d35bc-9bb9-4dd5-b8bb-8da816f06052}" />
      </MissingDependency>
      <MissingDependency>
        <Required type="26" schemaName="X_CID Portal - Company Annual Compliance Update Item1" displayName="X_CID Portal - Company Annual Compliance Update Item1" parentSchemaName="task" parentDisplayName="Task" solution="Active" id="{3ff635ff-c02e-ed11-9db0-0022483cb62f}" />
        <Dependent type="60" displayName="CID Portal - Annual Compliance Update Form" parentDisplayName="Account" id="{1f755fc4-dc1d-466c-8faf-7f2ed3c73b6c}" />
      </MissingDependency>
      <MissingDependency>
        <Required type="26" schemaName="CID Portal - Site Activity Review Logs" displayName="CID Portal - Site Activity Review Logs" parentSchemaName="cid_activityreviewlog" parentDisplayName="Activity Review Log" solution="Active" id="{51939b14-5fb9-ec11-983f-0022483d68e2}" />
        <Dependent type="60" displayName="CID Portal - In-Year Site Form2" parentDisplayName="Account" id="{dc8d35bc-9bb9-4dd5-b8bb-8da816f06052}" />
      </MissingDependency>
      <MissingDependency>
        <Required type="26" schemaName="CID - Annual Compliance Update History Logs" displayName="CID - Annual Compliance Update History Logs" parentSchemaName="cid_audithistorylog" parentDisplayName="Audit History Log - OLD" solution="Active" id="{558dd294-6470-ed11-81ac-0022483d0343}" />
        <Dependent type="60" displayName="CID Portal - Annual Compliance Update Form" parentDisplayName="Account" id="{1f755fc4-dc1d-466c-8faf-7f2ed3c73b6c}" />
      </MissingDependency>
      <MissingDependency>
        <Required type="26" schemaName="CID Portal - Site History Logs" displayName="CID Portal - Site History Logs" parentSchemaName="cid_audithistorylog" parentDisplayName="Audit History Log - OLD" solution="Active" id="{6eac3ccc-01b7-ec11-983e-002248add3fe}" />
        <Dependent type="60" displayName="CID Portal - In-Year Site Form2" parentDisplayName="Account" id="{dc8d35bc-9bb9-4dd5-b8bb-8da816f06052}" />
      </MissingDependency>
      <MissingDependency>
        <Required type="26" schemaName="X_CID Portal - Site Annual Compliance Update Item1" displayName="X_CID Portal - Site Annual Compliance Update Item1" parentSchemaName="task" parentDisplayName="Task" solution="Active" id="{7c6be9d5-c02e-ed11-9db0-0022483cb62f}" />
        <Dependent type="60" displayName="CID Portal - Annual Compliance Update Form" parentDisplayName="Account" id="{1f755fc4-dc1d-466c-8faf-7f2ed3c73b6c}" />
      </MissingDependency>
      <MissingDependency>
        <Required type="26" schemaName="CID Portal - Class" displayName="CID Portal - Class" parentSchemaName="ovs_operationclass" parentDisplayName="Operation Class" solution="Active" id="{96b22408-c97b-ec11-8d20-000d3aff1221}" />
        <Dependent type="60" displayName="CID Portal - In-Year Site Form2" parentDisplayName="Account" id="{dc8d35bc-9bb9-4dd5-b8bb-8da816f06052}" />
      </MissingDependency>
      <MissingDependency>
        <Required type="26" schemaName="CID Portal - Site Annual Compliance Update Items" displayName="CID Portal - Site Annual Compliance Update Items" parentSchemaName="task" parentDisplayName="Task" solution="Active" id="{9d839aac-4a25-ed11-9db2-000d3a844ef3}" />
        <Dependent type="60" displayName="CID Portal - Annual Compliance Update Form" parentDisplayName="Account" id="{1f755fc4-dc1d-466c-8faf-7f2ed3c73b6c}" />
      </MissingDependency>
      <MissingDependency>
        <Required type="26" schemaName="Classe (active)" displayName="Classe (active)" parentSchemaName="ovs_operationclass" parentDisplayName="Operation Class" solution="Active" id="{affe1090-e5c2-4951-854a-1ac530d0dfa0}" />
        <Dependent type="60" displayName="CID Portal - In-Year Site Form2" parentDisplayName="Account" id="{dc8d35bc-9bb9-4dd5-b8bb-8da816f06052}" />
      </MissingDependency>
      <MissingDependency>
        <Required type="26" schemaName="Active Audit History Logs" displayName="Active Audit History Logs" parentSchemaName="cid_audithistorylog" parentDisplayName="Audit History Log - OLD" solution="Active" id="{b7f1b00e-7ee0-41ff-b007-2fefddbd6280}" />
        <Dependent type="60" displayName="CID Portal - Annual Compliance Update Form" parentDisplayName="Account" id="{1f755fc4-dc1d-466c-8faf-7f2ed3c73b6c}" />
      </MissingDependency>
      <MissingDependency>
        <Required type="26" schemaName="Active Audit History Logs" displayName="Active Audit History Logs" parentSchemaName="cid_audithistorylog" parentDisplayName="Audit History Log - OLD" solution="Active" id="{b7f1b00e-7ee0-41ff-b007-2fefddbd6280}" />
        <Dependent type="60" displayName="CID Portal - In-Year Site Form2" parentDisplayName="Account" id="{dc8d35bc-9bb9-4dd5-b8bb-8da816f06052}" />
      </MissingDependency>
      <MissingDependency>
        <Required type="26" schemaName="My Open Activity Review Logs" displayName="My Open Activity Review Logs" parentSchemaName="cid_activityreviewlog" parentDisplayName="Activity Review Log" solution="Active" id="{cb9a3729-169a-4e7f-af7e-eb510b0ebebd}" />
        <Dependent type="60" displayName="CID Portal - In-Year Site Form2" parentDisplayName="Account" id="{dc8d35bc-9bb9-4dd5-b8bb-8da816f06052}" />
      </MissingDependency>
      <MissingDependency>
        <Required type="26" schemaName="CID Portal - History Logs" displayName="CID Portal - History Logs" parentSchemaName="cid_audithistorylog" parentDisplayName="Audit History Log - OLD" solution="Active" id="{cdd83e49-9dd5-ec11-a7b5-0022483c547f}" />
        <Dependent type="60" displayName="CID Portal - In-Year Site Form2" parentDisplayName="Account" id="{dc8d35bc-9bb9-4dd5-b8bb-8da816f06052}" />
      </MissingDependency>
      <MissingDependency>
        <Required type="59" schemaName="Tâches par mois échu" displayName="Tâches par mois échu" parentSchemaName="task" parentDisplayName="Task" solution="msdynce_AppCommon (9.0.4.0066)" id="{9e6a8b06-6d14-46e6-bbf5-95c388c6eb7a}">
          <package>msdynce_AppCommonAnchor (9.0.23023.10002)</package>
        </Required>
        <Dependent type="60" displayName="CID Portal - Annual Compliance Update Form" parentDisplayName="Account" id="{1f755fc4-dc1d-466c-8faf-7f2ed3c73b6c}" />
      </MissingDependency>
      <MissingDependency>
        <Required type="61" schemaName="AppCommon/Account/Account_main_system_library.js" displayName="AppCommon/Account/Account_main_system_library.js" solution="msdynce_AppCommon (9.0.4.0066)">
          <package>msdynce_AppCommonAnchor (9.0.23023.10002)</package>
        </Required>
        <Dependent type="60" displayName="CID Portal - In-Year Site Form2" parentDisplayName="Account" id="{dc8d35bc-9bb9-4dd5-b8bb-8da816f06052}" />
      </MissingDependency>
      <MissingDependency>
        <Required type="61" schemaName="cid_AddressComplete.htm" displayName="cid_AddressComplete.htm" solution="Active" />
        <Dependent type="60" displayName="CID Portal - In-Year Site Form2" parentDisplayName="Account" id="{dc8d35bc-9bb9-4dd5-b8bb-8da816f06052}" />
      </MissingDependency>
      <MissingDependency>
        <Required type="61" schemaName="msdyn_/Account/Account.Library.js" displayName="msdyn_/Account/Account.Library.js" solution="FieldService (8.8.0.88)">
          <package>FieldService_Anchor (8.8.83.19)</package>
        </Required>
        <Dependent type="60" displayName="CID Portal - Annual Compliance Update Form" parentDisplayName="Account" id="{1f755fc4-dc1d-466c-8faf-7f2ed3c73b6c}" />
      </MissingDependency>
      <MissingDependency>
        <Required type="61" schemaName="msdyn_/Account/Account.Library.js" displayName="msdyn_/Account/Account.Library.js" solution="FieldService (8.8.0.88)">
          <package>FieldService_Anchor (8.8.83.19)</package>
        </Required>
        <Dependent type="60" displayName="CID Portal - In-Year Site Form2" parentDisplayName="Account" id="{dc8d35bc-9bb9-4dd5-b8bb-8da816f06052}" />
      </MissingDependency>
      <MissingDependency>
        <Required type="61" schemaName="msdyn_/Account/AssetCommon.Account.Library.js" displayName="msdyn_/Account/AssetCommon.Account.Library.js" solution="msdyn_AssetCommon (1.0.30.47)">
          <package>FieldService_Anchor (8.8.83.19)</package>
          <package>msdynce_ServiceAnchor (9.0.23023.1012)</package>
        </Required>
        <Dependent type="60" displayName="CID Portal - Annual Compliance Update Form" parentDisplayName="Account" id="{1f755fc4-dc1d-466c-8faf-7f2ed3c73b6c}" />
      </MissingDependency>
      <MissingDependency>
        <Required type="61" schemaName="msdyn_/Account/AssetCommon.Account.Library.js" displayName="msdyn_/Account/AssetCommon.Account.Library.js" solution="msdyn_AssetCommon (1.0.30.47)">
          <package>FieldService_Anchor (8.8.83.19)</package>
          <package>msdynce_ServiceAnchor (9.0.23023.1012)</package>
        </Required>
        <Dependent type="60" displayName="CID Portal - In-Year Site Form2" parentDisplayName="Account" id="{dc8d35bc-9bb9-4dd5-b8bb-8da816f06052}" />
      </MissingDependency>
      <MissingDependency>
        <Required type="61" schemaName="msdyn_/Utils/FieldServiceTrial.js" displayName="msdyn_/Utils/FieldServiceTrial.js" solution="FieldService (8.8.0.88)">
          <package>FieldService_Anchor (8.8.83.19)</package>
        </Required>
        <Dependent type="60" displayName="CID Portal - Annual Compliance Update Form" parentDisplayName="Account" id="{1f755fc4-dc1d-466c-8faf-7f2ed3c73b6c}" />
      </MissingDependency>
      <MissingDependency>
        <Required type="61" schemaName="msdyn_/Utils/FieldServiceTrial.js" displayName="msdyn_/Utils/FieldServiceTrial.js" solution="FieldService (8.8.0.88)">
          <package>FieldService_Anchor (8.8.83.19)</package>
        </Required>
        <Dependent type="60" displayName="CID Portal - In-Year Site Form2" parentDisplayName="Account" id="{dc8d35bc-9bb9-4dd5-b8bb-8da816f06052}" />
      </MissingDependency>
      <MissingDependency>
        <Required type="61" schemaName="Sales/ClientCommon/Sales_ClientCommon.js" displayName="Sales/ClientCommon/Sales_ClientCommon.js" solution="msdynce_Sales (9.0.4.0076)">
          <package>msdynce_SalesAnchor (9.0.23023.10001)</package>
        </Required>
        <Dependent type="60" displayName="CID Portal - In-Year Site Form2" parentDisplayName="Account" id="{dc8d35bc-9bb9-4dd5-b8bb-8da816f06052}" />
      </MissingDependency>
    </MissingDependencies>
  </SolutionManifest>
</ImportExportXml>