{
  "properties": {
    "connectionReferences": {
      "shared_commondataserviceforapps": {
        "runtimeSource": "embedded",
        "connection": {
          "connectionReferenceLogicalName": "tdg_ConnectionReferenceDataverseServicePrinciple"
        },
        "api": {
          "name": "shared_commondataserviceforapps"
        }
      },
      "shared_commondataserviceforapps_1": {
        "runtimeSource": "embedded",
        "connection": {
          "connectionReferenceLogicalName": "tdg_ConnectionReferenceDataverseServicePrinciple"
        },
        "api": {
          "name": "shared_commondataserviceforapps"
        }
      },
      "shared_teams_1": {
        "runtimeSource": "embedded",
        "connection": {
          "connectionReferenceLogicalName": "tdg_ConnectionReferenceMSTeamsTDGCoreUser"
        },
        "api": {
          "name": "shared_teams"
        }
      }
    },
    "definition": {
      "$schema": "https://schema.management.azure.com/providers/Microsoft.Logic/schemas/2016-06-01/workflowdefinition.json#",
      "contentVersion": "1.0.0.0",
      "parameters": {
        "$connections": {
          "defaultValue": {},
          "type": "Object"
        },
        "$authentication": {
          "defaultValue": {},
          "type": "SecureObject"
        }
      },
      "triggers": {
        "Recurrence": {
          "recurrence": {
            "frequency": "Week",
            "interval": 1,
            "timeZone": "Central Standard Time",
            "startTime": "2022-07-28T05:00:00Z",
            "schedule": {
              "weekDays": [
                "Sunday",
                "Thursday"
              ],
              "hours": [
                "1"
              ]
            }
          },
          "metadata": {
            "operationMetadataId": "03fec618-a67b-4ea6-b2a3-e50208d09b70"
          },
          "type": "Recurrence"
        }
      },
      "actions": {
        "Add_a_new_row:_IPT_Run": {
          "runAfter": {
            "Scope:_Get_Default_Values_from_Settings": [
              "Succeeded"
            ]
          },
          "metadata": {
            "operationMetadataId": "fe5fef56-af88-45ae-9571-c4d37bb34098"
          },
          "type": "OpenApiConnection",
          "inputs": {
            "host": {
              "connectionName": "shared_commondataserviceforapps",
              "operationId": "CreateRecord",
              "apiId": "/providers/Microsoft.PowerApps/apis/shared_commondataserviceforapps"
            },
            "parameters": {
              "entityName": "ovs_iptruns",
              "item/ovs_fromdate": "@utcNow()",
              "item/ovs_cidflag": "@variables('CID_Flag_Value_String')",
              "item/ovs_forgettingfactor": 1,
              "item/ovs_populationdensitylb": 100,
              "item/ovs_modebaseconstant": 1.15,
              "item/ovs_startyear": 2,
              "item/ovs_yearscyclemax": 9,
              "item/ovs_yearscyclemin": 2,
              "item/ovs_neverinspectedaddon": "@variables('IPT_Never_Inspected_Add_on_Value')"
            },
            "authentication": "@parameters('$authentication')"
          }
        },
        "Condition:_validateNoOtherRun": {
          "actions": {
            "Perform_an_unbound_action:_ovs_IPTRun_": {
              "runAfter": {},
              "metadata": {
                "operationMetadataId": "608b479f-6299-44b2-a2ee-63998fba4b26"
              },
              "type": "OpenApiConnection",
              "inputs": {
                "host": {
                  "connectionName": "shared_commondataserviceforapps",
                  "operationId": "PerformUnboundAction",
                  "apiId": "/providers/Microsoft.PowerApps/apis/shared_commondataserviceforapps"
                },
                "parameters": {
                  "actionName": "ovs_IPTRun",
                  "item/runid": "@outputs('Add_a_new_row:_IPT_Run')?['body/ovs_iptrunid']"
                },
                "authentication": "@parameters('$authentication')"
              }
            },
            "Set_variable": {
              "runAfter": {
                "Perform_an_unbound_action:_ovs_IPTRun_": [
                  "Succeeded"
                ]
              },
              "metadata": {
                "operationMetadataId": "2a8d3d3d-264c-45b3-85ed-398d9ea45b8e"
              },
              "type": "SetVariable",
              "inputs": {
                "name": "Message",
                "value": "The IPT calculation process has started. You will be notified of progress and results via emails and MS Teams messaging."
              }
            }
          },
          "runAfter": {
            "List_rows:_All_IPT_Run_records_with_Status_=_'InProcess'": [
              "Succeeded"
            ]
          },
          "else": {
            "actions": {
              "Update_a_row": {
                "runAfter": {},
                "metadata": {
                  "operationMetadataId": "6447a5e7-df61-4e65-bef4-1160dd498c41"
                },
                "type": "OpenApiConnection",
                "inputs": {
                  "host": {
                    "connectionName": "shared_commondataserviceforapps",
                    "operationId": "UpdateRecord",
                    "apiId": "/providers/Microsoft.PowerApps/apis/shared_commondataserviceforapps"
                  },
                  "parameters": {
                    "entityName": "ovs_iptruns",
                    "recordId": "@outputs('Add_a_new_row:_IPT_Run')?['body/ovs_iptrunid']",
                    "item/ovs_testvalues": "The process cannot be started because another IPT run is in process."
                  },
                  "authentication": "@parameters('$authentication')"
                }
              },
              "Set_variable_2": {
                "runAfter": {
                  "Update_a_row": [
                    "Succeeded"
                  ]
                },
                "metadata": {
                  "operationMetadataId": "b37488bb-79fd-4720-b12e-68e0fe62f2f4"
                },
                "type": "SetVariable",
                "inputs": {
                  "name": "Message",
                  "value": "The process cannot be started because another IPT run is in process."
                }
              }
            }
          },
          "expression": {
            "and": [
              {
                "equals": [
                  "@empty(outputs('List_rows:_All_IPT_Run_records_with_Status_=_''InProcess''')?['body/value'])",
                  "@true"
                ]
              },
              {
                "equals": [
                  "@length(outputs('List_rows:_All_IPT_Run_records_with_Status_=_''InProcess''')?['body/value'])",
                  0
                ]
              }
            ]
          },
          "metadata": {
            "operationMetadataId": "02885ad8-6417-4bb1-964e-1d13de2e7b5c"
          },
          "type": "If"
        },
        "List_rows:_All_IPT_Run_records_with_Status_=_'InProcess'": {
          "runAfter": {
            "Message": [
              "Succeeded"
            ]
          },
          "metadata": {
            "operationMetadataId": "5477d9e4-0910-49e7-a1ec-3d46e1347423"
          },
          "type": "OpenApiConnection",
          "inputs": {
            "host": {
              "connectionName": "shared_commondataserviceforapps",
              "operationId": "ListRecords",
              "apiId": "/providers/Microsoft.PowerApps/apis/shared_commondataserviceforapps"
            },
            "parameters": {
              "entityName": "ovs_iptruns",
              "$filter": "statuscode eq 918640000"
            },
            "authentication": "@parameters('$authentication')"
          }
        },
        "Message": {
          "runAfter": {
            "Add_a_new_row:_IPT_Run": [
              "Succeeded"
            ]
          },
          "metadata": {
            "operationMetadataId": "9f41f6ec-951a-4d08-9a1b-5fc81fb37a52"
          },
          "type": "InitializeVariable",
          "inputs": {
            "variables": [
              {
                "name": "Message",
                "type": "string"
              }
            ]
          }
        },
        "Get_Customer_Support_team": {
          "runAfter": {
            "Condition:_validateNoOtherRun": [
              "Succeeded"
            ]
          },
          "metadata": {
            "operationMetadataId": "b1640843-3d94-485e-ae24-a3f5a9f39521"
          },
          "type": "OpenApiConnection",
          "inputs": {
            "host": {
              "connectionName": "shared_commondataserviceforapps_1",
              "operationId": "ListRecords",
              "apiId": "/providers/Microsoft.PowerApps/apis/shared_commondataserviceforapps"
            },
            "parameters": {
              "entityName": "qm_environmentsettingses",
              "$filter": "(qm_name eq 'IPT_Notification_list')",
              "$top": 1
            },
            "authentication": "@parameters('$authentication')"
          }
        },
        "SupportTeam": {
          "runAfter": {
            "Get_Customer_Support_team": [
              "Succeeded"
            ]
          },
          "metadata": {
            "operationMetadataId": "38b12fb8-26a7-4f00-99ec-a16fcbfcc76a"
          },
          "type": "InitializeVariable",
          "inputs": {
            "variables": [
              {
                "name": " SupportTeam",
                "type": "string",
                "value": "@{first(body('Get_Customer_Support_team')?['value'])?['qm_value']}"
              }
            ]
          }
        },
        "_Support_Team_As_Array": {
          "runAfter": {
            "SupportTeam": [
              "Succeeded"
            ]
          },
          "metadata": {
            "operationMetadataId": "6367cddc-4b00-4660-8776-5762c4de3fb5"
          },
          "type": "InitializeVariable",
          "inputs": {
            "variables": [
              {
                "name": "SupportTeamAsArray",
                "type": "array",
                "value": "@split(variables(' SupportTeam'), ';')"
              }
            ]
          }
        },
        "Support_Team_Filtered_unique_values": {
          "runAfter": {
            "_Support_Team_As_Array": [
              "Succeeded"
            ]
          },
          "metadata": {
            "operationMetadataId": "6e7ad749-db2f-4462-8236-6aaeb8826941"
          },
          "type": "InitializeVariable",
          "inputs": {
            "variables": [
              {
                "name": "SupportTeamFiltered",
                "type": "array",
                "value": "@union(variables('SupportTeamAsArray'), variables('SupportTeamAsArray'))"
              }
            ]
          }
        },
        "Send_to_each": {
          "foreach": "@variables('SupportTeamFiltered')",
          "actions": {
            "Post_a_message_as_the_Flow_bot_to_a_user": {
              "runAfter": {},
              "metadata": {
                "operationMetadataId": "a5d978d5-79cb-4fd1-afdf-c58634b08e55"
              },
              "type": "OpenApiConnection",
              "inputs": {
                "host": {
                  "connectionName": "shared_teams_1",
                  "operationId": "PostUserNotification",
                  "apiId": "/providers/Microsoft.PowerApps/apis/shared_teams"
                },
                "parameters": {
                  "PostNotificationRequest/recipient/to": "@{items('Send_to_each')};",
                  "PostNotificationRequest/messageBody": "Hello/Bonjour,\n@{variables('Message')}",
                  "PostNotificationRequest/messageTitle": "IPT Auto Run status update/La mise à jour de l'état de l'exécution de l'OPRI",
                  "PostNotificationRequest/recipient/isAlert": true
                },
                "authentication": "@parameters('$authentication')"
              }
            }
          },
          "runAfter": {
            "Support_Team_Filtered_unique_values": [
              "Succeeded"
            ]
          },
          "metadata": {
            "operationMetadataId": "82a02db9-a529-4942-9927-43eae1efb7d8"
          },
          "type": "Foreach"
        },
        "Initialize_variable:_CID_Flag_Value_String": {
          "runAfter": {
            "Initialize_variable:_IPT_Never_Inspected_Add_on_Name": [
              "Succeeded"
            ]
          },
          "metadata": {
            "operationMetadataId": "7fd2cdae-4aa2-4891-9971-08687390b7ed"
          },
          "type": "InitializeVariable",
          "inputs": {
            "variables": [
              {
                "name": "CID_Flag_Value_String",
                "type": "string",
                "value": "100000000,100000001\n"
              }
            ]
          }
        },
        "Initialize_variable:_IPT_Never_Inspected_Add_on_Value": {
          "runAfter": {
            "Initialize_variable:_CID_Flag_Value_Array": [
              "Succeeded"
            ]
          },
          "metadata": {
            "operationMetadataId": "4ffdb340-c193-4d5a-978f-565142902f5e"
          },
          "type": "InitializeVariable",
          "inputs": {
            "variables": [
              {
                "name": "IPT_Never_Inspected_Add_on_Value",
                "type": "integer",
                "value": 0
              }
            ]
          }
        },
        "Scope:_Get_Default_Values_from_Settings": {
          "actions": {
            "List_rows:_Environment_Settings_": {
              "runAfter": {},
              "metadata": {
                "operationMetadataId": "ed5cd63a-90f2-42db-8a7e-0b4ee4b98f3f"
              },
              "type": "OpenApiConnection",
              "inputs": {
                "host": {
                  "connectionName": "shared_commondataserviceforapps",
                  "operationId": "ListRecords",
                  "apiId": "/providers/Microsoft.PowerApps/apis/shared_commondataserviceforapps"
                },
                "parameters": {
                  "entityName": "qm_environmentsettingses",
                  "$select": "qm_name,qm_value",
                  "$filter": "qm_name eq '@{variables('CID_Flag_Name')}' or  qm_name eq '@{variables('IPT_Never_Inspected_Add_on_Name')}'"
                },
                "authentication": "@parameters('$authentication')"
              }
            },
            "Condition:_Check_if_IPT_Settings_Exists": {
              "actions": {
                "Apply_to_each": {
                  "foreach": "@outputs('List_rows:_Environment_Settings_')?['body/value']",
                  "actions": {
                    "Condition:_Check_if_Name_is_IPT_Flag": {
                      "actions": {
                        "Set_variable:_CID_Flag_String": {
                          "runAfter": {},
                          "metadata": {
                            "operationMetadataId": "8dffa83b-42b4-4263-935b-ae8b4bbba37e"
                          },
                          "type": "SetVariable",
                          "inputs": {
                            "name": "CID_Flag_Value_String",
                            "value": "@items('Apply_to_each')?['qm_value']"
                          }
                        },
                        "Condition:_UNKNOWN": {
                          "actions": {
                            "Append_to_string_variable_UNKNOWN": {
                              "runAfter": {},
                              "metadata": {
                                "operationMetadataId": "12380209-5a09-475e-a695-6c1ed1e4a27e"
                              },
                              "type": "AppendToStringVariable",
                              "inputs": {
                                "name": "CID_Flag_Value_Array",
                                "value": 100000000
                              }
                            }
                          },
                          "runAfter": {
                            "Set_variable:_CID_Flag_String": [
                              "Succeeded"
                            ]
                          },
                          "expression": {
                            "contains": [
                              "@toUpper(variables('CID_Flag_Value_String'))",
                              "UNKNOWN"
                            ]
                          },
                          "metadata": {
                            "operationMetadataId": "f2c2cf9b-53fc-49f7-83ca-59d844720c4f"
                          },
                          "type": "If"
                        },
                        "Condition:_SCOPE": {
                          "actions": {
                            "Append_to_string_variable_SCOPE": {
                              "runAfter": {},
                              "metadata": {
                                "operationMetadataId": "b7f38197-751e-4648-9097-3da1d6c8dcfc"
                              },
                              "type": "AppendToStringVariable",
                              "inputs": {
                                "name": "CID_Flag_Value_Array",
                                "value": ",100000001"
                              }
                            }
                          },
                          "runAfter": {
                            "Condition:_UNKNOWN": [
                              "Succeeded"
                            ]
                          },
                          "expression": {
                            "contains": [
                              "@toUpper(variables('CID_Flag_Value_String'))",
                              "SCOPE"
                            ]
                          },
                          "metadata": {
                            "operationMetadataId": "af48a6f6-2837-40e4-8685-89c352c2dd8c"
                          },
                          "type": "If"
                        },
                        "Condition:_EXEMPT": {
                          "actions": {
                            "Append_to_string_variable_EXEMPT": {
                              "runAfter": {},
                              "metadata": {
                                "operationMetadataId": "78a4fad1-b8cb-40c5-9c1c-4ea8166f335a"
                              },
                              "type": "AppendToStringVariable",
                              "inputs": {
                                "name": "CID_Flag_Value_Array",
                                "value": ",100000002"
                              }
                            }
                          },
                          "runAfter": {
                            "Condition:_SCOPE": [
                              "Succeeded"
                            ]
                          },
                          "expression": {
                            "contains": [
                              "@toUpper(variables('CID_Flag_Value_String'))",
                              "EXEMPT"
                            ]
                          },
                          "metadata": {
                            "operationMetadataId": "58c15240-3583-418c-b1e8-664ff4584406"
                          },
                          "type": "If"
                        },
                        "Condition": {
                          "actions": {
                            "Condition_2": {
                              "actions": {
                                "Compose_2": {
                                  "runAfter": {},
                                  "metadata": {
                                    "operationMetadataId": "6074d6a1-5a35-45e3-b27e-8cfd9c7f43e1"
                                  },
                                  "type": "Compose",
                                  "inputs": "@substring(variables('CID_Flag_Value_Array'),1,sub(length(variables('CID_Flag_Value_Array')),1))"
                                },
                                "Set_variable_3": {
                                  "runAfter": {
                                    "Compose_2": [
                                      "Succeeded"
                                    ]
                                  },
                                  "metadata": {
                                    "operationMetadataId": "84904c3b-f659-4cf5-bb10-a0bb06149b95"
                                  },
                                  "type": "SetVariable",
                                  "inputs": {
                                    "name": "CID_Flag_Value_String",
                                    "value": "@{outputs('Compose_2')}"
                                  }
                                }
                              },
                              "runAfter": {},
                              "else": {
                                "actions": {
                                  "Set_variable_5": {
                                    "runAfter": {},
                                    "metadata": {
                                      "operationMetadataId": "fa34db45-fcb5-4e8e-8251-9fe56271c44f"
                                    },
                                    "type": "SetVariable",
                                    "inputs": {
                                      "name": "CID_Flag_Value_String",
                                      "value": "@variables('CID_Flag_Value_Array')"
                                    }
                                  }
                                }
                              },
                              "expression": {
                                "startsWith": [
                                  "@variables('CID_Flag_Value_Array')",
                                  ","
                                ]
                              },
                              "metadata": {
                                "operationMetadataId": "3e9f73c5-ba91-4ea7-8e9e-5d0e8279021a"
                              },
                              "type": "If"
                            }
                          },
                          "runAfter": {
                            "Condition:_EXEMPT": [
                              "Succeeded"
                            ]
                          },
                          "expression": {
                            "and": [
                              {
                                "not": {
                                  "equals": [
                                    "@variables('CID_Flag_Value_Array')",
                                    "@null"
                                  ]
                                }
                              },
                              {
                                "equals": [
                                  "@empty(variables('CID_Flag_Value_Array'))",
                                  "@false"
                                ]
                              }
                            ]
                          },
                          "metadata": {
                            "operationMetadataId": "68048742-95fb-47eb-a339-afad2dc5c35e"
                          },
                          "type": "If"
                        }
                      },
                      "runAfter": {},
                      "else": {
                        "actions": {
                          "Condition:_Get_IPT_Never_Inspected_Add_on": {
                            "actions": {
                              "Set_variable:_Set_IPT_Never_Inspected_Add_on": {
                                "runAfter": {},
                                "metadata": {
                                  "operationMetadataId": "92181b6c-446d-4709-9bbe-bc22f950c762"
                                },
                                "type": "SetVariable",
                                "inputs": {
                                  "name": "IPT_Never_Inspected_Add_on_Value",
                                  "value": "@Int(items('Apply_to_each')?['qm_value'])"
                                }
                              }
                            },
                            "runAfter": {},
                            "expression": {
                              "and": [
                                {
                                  "equals": [
                                    "@items('Apply_to_each')?['qm_name']",
                                    "@variables('IPT_Never_Inspected_Add_on_Name')"
                                  ]
                                },
                                {
                                  "not": {
                                    "equals": [
                                      "@items('Apply_to_each')?['qm_value']",
                                      "@null"
                                    ]
                                  }
                                },
                                {
                                  "equals": [
                                    "@isInt(items('Apply_to_each')?['qm_value'])",
                                    "@true"
                                  ]
                                }
                              ]
                            },
                            "metadata": {
                              "operationMetadataId": "19571c23-94f2-4790-b56e-3210c1218a08"
                            },
                            "type": "If"
                          }
                        }
                      },
                      "expression": {
                        "and": [
                          {
                            "equals": [
                              "@items('Apply_to_each')?['qm_name']",
                              "@variables('CID_Flag_Name')"
                            ]
                          },
                          {
                            "not": {
                              "equals": [
                                "@items('Apply_to_each')?['qm_value']",
                                "@null"
                              ]
                            }
                          }
                        ]
                      },
                      "metadata": {
                        "operationMetadataId": "0e248d62-96d0-43ca-b723-157cbcee02d0"
                      },
                      "type": "If"
                    }
                  },
                  "runAfter": {},
                  "metadata": {
                    "operationMetadataId": "e59853f7-a682-4aa1-be8f-24dec2bffb37"
                  },
                  "type": "Foreach"
                }
              },
              "runAfter": {
                "List_rows:_Environment_Settings_": [
                  "Succeeded"
                ]
              },
              "expression": {
                "and": [
                  {
                    "equals": [
                      "@empty(outputs('List_rows:_Environment_Settings_')?['body'])",
                      "@false"
                    ]
                  },
                  {
                    "not": {
                      "equals": [
                        "@outputs('List_rows:_Environment_Settings_')?['body/value']",
                        "@null"
                      ]
                    }
                  }
                ]
              },
              "metadata": {
                "operationMetadataId": "7e374973-57d3-4991-8f80-8d1b7ced7976"
              },
              "type": "If"
            }
          },
          "runAfter": {
            "Initialize_variable:_IPT_Never_Inspected_Add_on_Value": [
              "Succeeded"
            ]
          },
          "metadata": {
            "operationMetadataId": "fc2e1612-e485-4356-9ed5-45866fc95bdc"
          },
          "type": "Scope"
        },
        "Initialize_variable:_CID_Flag_Name": {
          "runAfter": {},
          "metadata": {
            "operationMetadataId": "3b79f236-c88c-4935-a4aa-47b8f901c484"
          },
          "type": "InitializeVariable",
          "inputs": {
            "variables": [
              {
                "name": "CID_Flag_Name",
                "type": "string",
                "value": "IPT_CID_Flag:UNKNOWN,IN SCOPE,EXEMPT"
              }
            ]
          }
        },
        "Initialize_variable:_IPT_Never_Inspected_Add_on_Name": {
          "runAfter": {
            "Initialize_variable:_CID_Flag_Name": [
              "Succeeded"
            ]
          },
          "metadata": {
            "operationMetadataId": "26db93cc-ee63-458c-bca0-3efeda0e00aa"
          },
          "type": "InitializeVariable",
          "inputs": {
            "variables": [
              {
                "name": "IPT_Never_Inspected_Add_on_Name",
                "type": "string",
                "value": "IPT_Never_Inspected_Add_on"
              }
            ]
          }
        },
        "Initialize_variable:_CID_Flag_Value_Array": {
          "runAfter": {
            "Initialize_variable:_CID_Flag_Value_String": [
              "Succeeded"
            ]
          },
          "metadata": {
            "operationMetadataId": "a149df79-9162-4ffc-9f45-aacc459b141f"
          },
          "type": "InitializeVariable",
          "inputs": {
            "variables": [
              {
                "name": "CID_Flag_Value_Array",
                "type": "string"
              }
            ]
          }
        }
      }
    },
    "templateName": ""
  },
  "schemaVersion": "1.0.0.0"
}