{
  "properties": {
    "connectionReferences": {
      "shared_commondataserviceforapps": {
        "runtimeSource": "embedded",
        "connection": {
          "connectionReferenceLogicalName": "tdg_ConnectionReferenceDataverseServicePrinciple"
        },
        "api": {
          "name": "shared_commondataserviceforapps"
        }
      },
      "shared_sharepointonline": {
        "runtimeSource": "embedded",
        "connection": {
          "connectionReferenceLogicalName": "tdg_ConnectionReferenceSharepointTDGCoreUser"
        },
        "api": {
          "name": "shared_sharepointonline"
        }
      },
      "shared_wordonlinebusiness": {
        "runtimeSource": "embedded",
        "connection": {
          "connectionReferenceLogicalName": "tdg_ConnectionReferenceWordOnlineTDGCoreUser"
        },
        "api": {
          "name": "shared_wordonlinebusiness"
        }
      },
      "shared_azureblob": {
        "runtimeSource": "embedded",
        "connection": {
          "connectionReferenceLogicalName": "tdg_ConnectionReferenceBlobSASKey"
        },
        "api": {
          "name": "shared_azureblob"
        }
      }
    },
    "definition": {
      "$schema": "https://schema.management.azure.com/providers/Microsoft.Logic/schemas/2016-06-01/workflowdefinition.json#",
      "contentVersion": "1.0.0.0",
      "parameters": {
        "$connections": {
          "defaultValue": {},
          "type": "Object"
        },
        "$authentication": {
          "defaultValue": {},
          "type": "SecureObject"
        },
        "Notice of Direction Not to Import EN (ovs_NoticeofDirectionNot2ImportEN)": {
          "defaultValue": "-NDNI-AOPI-",
          "type": "String",
          "metadata": {
            "schemaName": "ovs_NoticeofDirectionNot2ImportEN",
            "description": "Report middle name"
          }
        }
      },
      "triggers": {
        "When_a_row_is_added,_modified_or_deleted": {
          "metadata": {
            "operationMetadataId": "68b4ae4a-54ae-43b3-8491-c6655308b4f5"
          },
          "type": "OpenApiConnectionWebhook",
          "inputs": {
            "host": {
              "connectionName": "shared_commondataserviceforapps",
              "operationId": "SubscribeWebhookTrigger",
              "apiId": "/providers/Microsoft.PowerApps/apis/shared_commondataserviceforapps"
            },
            "parameters": {
              "subscriptionRequest/message": 4,
              "subscriptionRequest/entityname": "ovs_cyaction",
              "subscriptionRequest/scope": 4
            },
            "authentication": "@parameters('$authentication')"
          },
          "conditions": [
            {
              "expression": "@and(equals(triggerBody()?['ovs_actiontype'],918640002),or(equals(triggerBody()?['statuscode'],4),equals(triggerBody()?['statuscode'],918640000),equals(triggerBody()?['statuscode'],918640013),equals(triggerBody()?['statuscode'],918640001)))"
            }
          ],
          "runtimeConfiguration": {
            "concurrency": {
              "runs": 1
            }
          }
        }
      },
      "actions": {
        "Regarding_Type": {
          "runAfter": {
            "Clean_WO_guid": [
              "Succeeded"
            ]
          },
          "metadata": {
            "operationMetadataId": "ddd4665a-b2c5-4236-97cb-3cdd8e746c72"
          },
          "type": "InitializeVariable",
          "inputs": {
            "variables": [
              {
                "name": "RegardingType",
                "type": "string",
                "value": "@{triggerOutputs()?['body/_regardingobjectid_type']}"
              }
            ]
          }
        },
        "SP_Folder_Path": {
          "runAfter": {
            "Regarding_Type": [
              "Succeeded"
            ]
          },
          "metadata": {
            "operationMetadataId": "0840cd25-d529-4a7c-a487-acfda06dae15"
          },
          "type": "InitializeVariable",
          "inputs": {
            "variables": [
              {
                "name": "SPfolderPath",
                "type": "string",
                "value": "/@{variables('RegardingId')}"
              }
            ]
          }
        },
        "File_Name_SharePoint": {
          "runAfter": {
            "SP_Folder_Path": [
              "Succeeded"
            ]
          },
          "metadata": {
            "operationMetadataId": "0b1b4db0-a1da-42d4-984a-a73eb19c7f5c"
          },
          "type": "InitializeVariable",
          "inputs": {
            "variables": [
              {
                "name": "fileNameSP",
                "type": "string",
                "value": "@{triggerOutputs()?['body/ovs_actionnumber']}-Notice of Direction not to import.docx"
              }
            ]
          }
        },
        "Booking_StartTime": {
          "runAfter": {
            "File_Path_Blob": [
              "Succeeded"
            ]
          },
          "metadata": {
            "operationMetadataId": "823dc03d-0e18-4c9b-939b-185a60466acd"
          },
          "type": "InitializeVariable",
          "inputs": {
            "variables": [
              {
                "name": "bookingStartTime",
                "type": "string"
              }
            ]
          }
        },
        "Violations": {
          "runAfter": {
            "Booking_StartTime": [
              "Succeeded"
            ]
          },
          "metadata": {
            "operationMetadataId": "255a599e-0347-4acf-9cfc-5b904ca403a4"
          },
          "type": "InitializeVariable",
          "inputs": {
            "variables": [
              {
                "name": "violations",
                "type": "array"
              }
            ]
          }
        },
        "Is_work_order": {
          "actions": {
            "Get_a_WO._All_fields": {
              "runAfter": {
                "Create_new_folder_in_SP": [
                  "Succeeded"
                ]
              },
              "metadata": {
                "operationMetadataId": "a5f450e8-8f71-47d7-bf8c-cb7f8aeaf8c2"
              },
              "type": "OpenApiConnection",
              "inputs": {
                "host": {
                  "connectionName": "shared_commondataserviceforapps",
                  "operationId": "GetItem",
                  "apiId": "/providers/Microsoft.PowerApps/apis/shared_commondataserviceforapps"
                },
                "parameters": {
                  "entityName": "msdyn_workorders",
                  "recordId": "@triggerOutputs()?['body/_regardingobjectid_value']"
                },
                "authentication": "@parameters('$authentication')"
              }
            },
            "Get_Site_and_Primary_Contact": {
              "runAfter": {
                "Set_Blob_Path": [
                  "Succeeded"
                ]
              },
              "metadata": {
                "operationMetadataId": "531128b5-1f7f-4767-a7a6-4cdbab9d3396"
              },
              "type": "OpenApiConnection",
              "inputs": {
                "host": {
                  "connectionName": "shared_commondataserviceforapps",
                  "operationId": "GetItem",
                  "apiId": "/providers/Microsoft.PowerApps/apis/shared_commondataserviceforapps"
                },
                "parameters": {
                  "entityName": "accounts",
                  "recordId": "@outputs('Get_a_WO._All_fields')?['body/_msdyn_serviceaccount_value']",
                  "$select": "name,emailaddress1,accountid,address1_composite,address1_city,address1_stateorprovince,address1_line1,address1_postalcode,ovs_legalname",
                  "$expand": "primarycontactid($select=jobtitle,fullname,emailaddress1,telephone1,fax),parentaccountid($select=ovs_legalname)"
                },
                "authentication": "@parameters('$authentication')"
              }
            },
            "Get_The_Single_Booking": {
              "runAfter": {
                "Get_Primary_Inspector": [
                  "Succeeded"
                ]
              },
              "metadata": {
                "operationMetadataId": "4713b09f-9d2f-4e56-b9df-32ec956b1eef"
              },
              "type": "OpenApiConnection",
              "inputs": {
                "host": {
                  "connectionName": "shared_commondataserviceforapps",
                  "operationId": "ListRecords",
                  "apiId": "/providers/Microsoft.PowerApps/apis/shared_commondataserviceforapps"
                },
                "parameters": {
                  "entityName": "bookableresourcebookings",
                  "$select": "starttime",
                  "$filter": "(_msdyn_workorder_value eq @{outputs('Get_a_WO._All_fields')?['body/msdyn_workorderid']})",
                  "$orderby": "starttime desc",
                  "$top": 1
                },
                "authentication": "@parameters('$authentication')"
              }
            },
            "Apply_StartTime_if_any": {
              "foreach": "@outputs('Get_The_Single_Booking')?['body/value']",
              "actions": {
                "Set_StartTime": {
                  "runAfter": {},
                  "metadata": {
                    "operationMetadataId": "cb5f21a2-dfc7-498d-83d9-abb623803671"
                  },
                  "type": "SetVariable",
                  "inputs": {
                    "name": "bookingStartTime",
                    "value": "@{first(split(items('Apply_StartTime_if_any')?['starttime@OData.Community.Display.V1.FormattedValue'],' '))}"
                  }
                }
              },
              "runAfter": {
                "Get_The_Single_Booking": [
                  "Succeeded"
                ]
              },
              "metadata": {
                "operationMetadataId": "b1f13788-6187-4acd-80a5-fc3c02384962"
              },
              "type": "Foreach"
            },
            "Check_status_reason": {
              "actions": {
                "Create_file": {
                  "runAfter": {
                    "Populate_a_Microsoft_Word_template": [
                      "Succeeded"
                    ]
                  },
                  "metadata": {
                    "operationMetadataId": "1785d8fc-2252-4ebd-8c55-6b76cb7e525c"
                  },
                  "type": "OpenApiConnection",
                  "inputs": {
                    "host": {
                      "connectionName": "shared_sharepointonline",
                      "operationId": "CreateFile",
                      "apiId": "/providers/Microsoft.PowerApps/apis/shared_sharepointonline"
                    },
                    "parameters": {
                      "dataset": "https://034gc.sharepoint.com/sites/SamuraiTeam",
                      "folderPath": "@outputs('Create_new_folder_in_SP')?['body/{FullPath}']",
                      "name": "@variables('fileNameSP')",
                      "body": "@outputs('Populate_a_Microsoft_Word_template')?['body']"
                    },
                    "authentication": "@parameters('$authentication')"
                  },
                  "runtimeConfiguration": {
                    "contentTransfer": {
                      "transferMode": "Chunked"
                    }
                  }
                },
                "Populate_a_Microsoft_Word_template": {
                  "runAfter": {},
                  "metadata": {
                    "01QZYBJ7DF7YVBF6G3VFAZ3ZXSQP4XQ4JV": "/Inspection Report Templates/NOTICE_OF_DIRECTION_NOT_TO_IMPORT_OR_TO_RETURN_TO_PLACE_OF_ORIGIN_v1.docx",
                    "01QZYBJ7FSEOI3CQZN6VBYDD6MWGBIA6ID": "/Inspection Report Templates/NOTICE_OF_DIRECTION_NOT_TO_IMPORT_OR_TO_RETURN_TO_PLACE_OF_ORIGIN_v1.docx",
                    "01QZYBJ7FLPKMNNCCD7BDYYHS4MM43EUAI": "/Inspection Report Templates/NoticeOfDiraction_Not2import_revised.docx",
                    "operationMetadataId": "c34ac13f-2b4e-4156-a035-5e57f14ff061"
                  },
                  "type": "OpenApiConnection",
                  "inputs": {
                    "host": {
                      "connectionName": "shared_wordonlinebusiness",
                      "operationId": "CreateFileItem",
                      "apiId": "/providers/Microsoft.PowerApps/apis/shared_wordonlinebusiness"
                    },
                    "parameters": {
                      "source": "sites/034gc.sharepoint.com,140da73b-4423-4443-a812-e623d6d857c4,f2a2589e-2eec-4642-9280-443640f88211",
                      "drive": "b!O6cNFCNEQ0SoEuYj1thXxJ5YovLsLkJGkoBENkD4ghHOwr7dpePzS7BlI7DR0NOV",
                      "file": "01QZYBJ7FLPKMNNCCD7BDYYHS4MM43EUAI",
                      "dynamicFileSchema/225729291": "@triggerOutputs()?['body/ovs_noncompliancedetailstxt']",
                      "dynamicFileSchema/445518840": "@outputs('Get_Site_and_Primary_Contact')?['body/primarycontactid/emailaddress1']",
                      "dynamicFileSchema/485665884": "@outputs('Get_Site_and_Primary_Contact')?['body/primarycontactid/fax']",
                      "dynamicFileSchema/1080641209": "@{outputs('Get_a_WO._All_fields')?['body/msdyn_city']}, @{outputs('Get_a_WO._All_fields')?['body/msdyn_stateorprovince']}",
                      "dynamicFileSchema/1311362262": "@{outputs('Get_Site_and_Primary_Contact')?['body/address1_line1']}, @{outputs('Get_Site_and_Primary_Contact')?['body/address1_city']}, @{outputs('Get_Site_and_Primary_Contact')?['body/address1_stateorprovince']}, @{outputs('Get_Site_and_Primary_Contact')?['body/address1_postalcode']}",
                      "dynamicFileSchema/1963690155": "@outputs('Get_Primary_Inspector')?['body/userid/address1_fax']",
                      "dynamicFileSchema/2052186973": "@triggerOutputs()?['body/ovs_mocdescription']",
                      "dynamicFileSchema/2127340467": "@outputs('Get_Site_and_Primary_Contact')?['body/primarycontactid/telephone1']",
                      "dynamicFileSchema/-200784987": "@triggerOutputs()?['body/ovs_actionnumber']",
                      "dynamicFileSchema/-1969803082": "@outputs('Get_a_WO._All_fields')?['body/msdyn_name']",
                      "dynamicFileSchema/-2136938967": "@outputs('Get_Site_and_Primary_Contact')?['body/parentaccountid/ovs_legalname']",
                      "dynamicFileSchema/-918322226": "@{outputs('Get_Site_and_Primary_Contact')?['body/primarycontactid/fullname']} - @{outputs('Get_Site_and_Primary_Contact')?['body/primarycontactid/jobtitle']}",
                      "dynamicFileSchema/-630020445": "@outputs('Get_Primary_Inspector')?['body/userid/fullname']",
                      "dynamicFileSchema/-446852119": "@outputs('Get_Primary_Inspector')?['body/userid/title']",
                      "dynamicFileSchema/-414327226": "@{outputs('Get_Primary_Inspector')?['body/userid/address1_line1']}, @{outputs('Get_Primary_Inspector')?['body/userid/address1_city']}, @{outputs('Get_Primary_Inspector')?['body/userid/address1_stateorprovince']}, @{outputs('Get_Primary_Inspector')?['body/userid/address1_postalcode']}",
                      "dynamicFileSchema/-1819880478": "@outputs('Get_Primary_Inspector')?['body/userid/domainname']",
                      "dynamicFileSchema/-1374385098": "@outputs('Get_Primary_Inspector')?['body/userid/address1_telephone1']",
                      "dynamicFileSchema/-685444794": "@triggerOutputs()?['body/ovs_actiondate']",
                      "dynamicFileSchema/-1284492035": "@outputs('Get_Primary_Inspector')?['body/ovs_registeredinspectornumberrin']",
                      "dynamicFileSchema/-1558931548": "@outputs('Get_Primary_Inspector')?['body/ovs_badgenumber']",
                      "dynamicFileSchema/-1092318325": "@triggerOutputs()?['body/ovs_dgdescription']"
                    },
                    "authentication": "@parameters('$authentication')"
                  }
                }
              },
              "runAfter": {
                "Apply_StartTime_if_any": [
                  "Succeeded"
                ]
              },
              "else": {
                "actions": {
                  "Populate_a_Microsoft_Word_template_with_second_section": {
                    "runAfter": {},
                    "metadata": {
                      "01QZYBJ7DF7YVBF6G3VFAZ3ZXSQP4XQ4JV": "/Inspection Report Templates/NOTICE_OF_DIRECTION_NOT_TO_IMPORT_OR_TO_RETURN_TO_PLACE_OF_ORIGIN_v1.docx",
                      "01QZYBJ7FSEOI3CQZN6VBYDD6MWGBIA6ID": "/Inspection Report Templates/NOTICE_OF_DIRECTION_NOT_TO_IMPORT_OR_TO_RETURN_TO_PLACE_OF_ORIGIN_v1.docx",
                      "01QZYBJ7FLPKMNNCCD7BDYYHS4MM43EUAI": "/Inspection Report Templates/NoticeOfDiraction_Not2import_revised.docx",
                      "operationMetadataId": "c34ac13f-2b4e-4156-a035-5e57f14ff061"
                    },
                    "type": "OpenApiConnection",
                    "inputs": {
                      "host": {
                        "connectionName": "shared_wordonlinebusiness",
                        "operationId": "CreateFileItem",
                        "apiId": "/providers/Microsoft.PowerApps/apis/shared_wordonlinebusiness"
                      },
                      "parameters": {
                        "source": "sites/034gc.sharepoint.com,140da73b-4423-4443-a812-e623d6d857c4,f2a2589e-2eec-4642-9280-443640f88211",
                        "drive": "b!O6cNFCNEQ0SoEuYj1thXxJ5YovLsLkJGkoBENkD4ghHOwr7dpePzS7BlI7DR0NOV",
                        "file": "01QZYBJ7FLPKMNNCCD7BDYYHS4MM43EUAI",
                        "dynamicFileSchema/144640128": "@outputs('Get_Primary_Inspector')?['body/ovs_badgenumber']",
                        "dynamicFileSchema/225729291": "@triggerOutputs()?['body/ovs_noncompliancedetailstxt']",
                        "dynamicFileSchema/445518840": "@outputs('Get_Site_and_Primary_Contact')?['body/primarycontactid/emailaddress1']",
                        "dynamicFileSchema/485665884": "@outputs('Get_Site_and_Primary_Contact')?['body/primarycontactid/fax']",
                        "dynamicFileSchema/624425209": "@outputs('Get_Primary_Inspector')?['body/userid/fullname']",
                        "dynamicFileSchema/988830145": "@outputs('Get_Primary_Inspector')?['body/ovs_registeredinspectornumberrin']",
                        "dynamicFileSchema/1080641209": "@{outputs('Get_a_WO._All_fields')?['body/msdyn_city']}, @{outputs('Get_a_WO._All_fields')?['body/msdyn_stateorprovince']}",
                        "dynamicFileSchema/1311362262": "@{outputs('Get_Site_and_Primary_Contact')?['body/address1_line1']}, @{outputs('Get_Site_and_Primary_Contact')?['body/address1_city']}, @{outputs('Get_Site_and_Primary_Contact')?['body/address1_stateorprovince']}, @{outputs('Get_Site_and_Primary_Contact')?['body/address1_postalcode']}",
                        "dynamicFileSchema/1410193656": "@triggerOutputs()?['body/ovs_releasedate']",
                        "dynamicFileSchema/1963690155": "@outputs('Get_Primary_Inspector')?['body/userid/address1_fax']",
                        "dynamicFileSchema/2052186973": "@triggerOutputs()?['body/ovs_mocdescription']",
                        "dynamicFileSchema/2106923732": "@outputs('Get_Primary_Inspector')?['body/userid/title']",
                        "dynamicFileSchema/2127340467": "@outputs('Get_Site_and_Primary_Contact')?['body/primarycontactid/telephone1']",
                        "dynamicFileSchema/-200784987": "@triggerOutputs()?['body/ovs_actionnumber']",
                        "dynamicFileSchema/-1969803082": "@outputs('Get_a_WO._All_fields')?['body/msdyn_name']",
                        "dynamicFileSchema/-2136938967": "@outputs('Get_Site_and_Primary_Contact')?['body/parentaccountid/ovs_legalname']",
                        "dynamicFileSchema/-918322226": "@{outputs('Get_Site_and_Primary_Contact')?['body/primarycontactid/fullname']} - @{outputs('Get_Site_and_Primary_Contact')?['body/primarycontactid/jobtitle']}",
                        "dynamicFileSchema/-630020445": "@outputs('Get_Primary_Inspector')?['body/userid/fullname']",
                        "dynamicFileSchema/-446852119": "@outputs('Get_Primary_Inspector')?['body/userid/title']",
                        "dynamicFileSchema/-414327226": "@{outputs('Get_Primary_Inspector')?['body/userid/address1_line1']}, @{outputs('Get_Primary_Inspector')?['body/userid/address1_city']}, @{outputs('Get_Primary_Inspector')?['body/userid/address1_stateorprovince']}, @{outputs('Get_Primary_Inspector')?['body/userid/address1_postalcode']}",
                        "dynamicFileSchema/-1819880478": "@outputs('Get_Primary_Inspector')?['body/userid/domainname']",
                        "dynamicFileSchema/-1374385098": "@outputs('Get_Primary_Inspector')?['body/userid/address1_telephone1']",
                        "dynamicFileSchema/-685444794": "@triggerOutputs()?['body/ovs_actiondate']",
                        "dynamicFileSchema/-1284492035": "@outputs('Get_Primary_Inspector')?['body/ovs_registeredinspectornumberrin']",
                        "dynamicFileSchema/-1558931548": "@outputs('Get_Primary_Inspector')?['body/ovs_badgenumber']",
                        "dynamicFileSchema/-1092318325": "@triggerOutputs()?['body/ovs_dgdescription']",
                        "dynamicFileSchema/-857280458": "@triggerOutputs()?['body/ovs_revocationjustificationtxt']",
                        "dynamicFileSchema/-101180507": "@variables('LocalTime')"
                      },
                      "authentication": "@parameters('$authentication')"
                    }
                  },
                  "Create_file_with_second_section": {
                    "runAfter": {
                      "Populate_a_Microsoft_Word_template_with_second_section": [
                        "Succeeded"
                      ]
                    },
                    "metadata": {
                      "operationMetadataId": "3fe70a0d-587b-4ac4-ac22-e19a9d68da7a"
                    },
                    "type": "OpenApiConnection",
                    "inputs": {
                      "host": {
                        "connectionName": "shared_sharepointonline",
                        "operationId": "CreateFile",
                        "apiId": "/providers/Microsoft.PowerApps/apis/shared_sharepointonline"
                      },
                      "parameters": {
                        "dataset": "https://034gc.sharepoint.com/sites/SamuraiTeam",
                        "folderPath": "@outputs('Create_new_folder_in_SP')?['body/{FullPath}']",
                        "name": "@variables('fileNameSP')",
                        "body": "@outputs('Populate_a_Microsoft_Word_template_with_second_section')?['body']"
                      },
                      "authentication": "@parameters('$authentication')"
                    },
                    "runtimeConfiguration": {
                      "contentTransfer": {
                        "transferMode": "Chunked"
                      }
                    }
                  }
                }
              },
              "expression": {
                "equals": [
                  "@triggerOutputs()?['body/statuscode']",
                  4
                ]
              },
              "metadata": {
                "operationMetadataId": "6c0c2096-a07c-420a-b3e5-53f9f96c64b0"
              },
              "type": "If"
            },
            "Convert_Word_Document_to_PDF": {
              "runAfter": {
                "Check_status_reason": [
                  "Succeeded"
                ]
              },
              "metadata": {
                "operationMetadataId": "54c0cb16-697b-4836-b7d3-17ac4de2086d"
              },
              "type": "OpenApiConnection",
              "inputs": {
                "host": {
                  "connectionName": "shared_wordonlinebusiness",
                  "operationId": "GetFilePDF",
                  "apiId": "/providers/Microsoft.PowerApps/apis/shared_wordonlinebusiness"
                },
                "parameters": {
                  "source": "sites/034gc.sharepoint.com,140da73b-4423-4443-a812-e623d6d857c4,f2a2589e-2eec-4642-9280-443640f88211",
                  "drive": "b!O6cNFCNEQ0SoEuYj1thXxJ5YovLsLkJGkoBENkD4ghHOwr7dpePzS7BlI7DR0NOV",
                  "file": "/Reports@{variables('SPfolderPath')}/@{variables('fileNameSP')}"
                },
                "authentication": "@parameters('$authentication')"
              }
            },
            "Get_Primary_Inspector": {
              "runAfter": {
                "Get_Site_and_Primary_Contact": [
                  "Succeeded"
                ]
              },
              "metadata": {
                "operationMetadataId": "a66c944e-8dc4-4ad8-ad8b-592ca50118e9"
              },
              "type": "OpenApiConnection",
              "inputs": {
                "host": {
                  "connectionName": "shared_commondataserviceforapps",
                  "operationId": "GetItem",
                  "apiId": "/providers/Microsoft.PowerApps/apis/shared_commondataserviceforapps"
                },
                "parameters": {
                  "entityName": "bookableresources",
                  "recordId": "@outputs('Get_a_WO._All_fields')?['body/_ovs_primaryinspector_value']",
                  "$select": "name,msdyn_primaryemail,bookableresourceid,ovs_badgenumber,ovs_registeredinspectornumberrin",
                  "$expand": "UserId($select=lastname,firstname,systemuserid,fullname,address1_telephone1,domainname,title,address1_fax,address1_city,address1_stateorprovince,address1_line1,address1_postalcode)"
                },
                "authentication": "@parameters('$authentication')"
              }
            },
            "Create_new_folder_in_SP": {
              "runAfter": {},
              "metadata": {
                "operationMetadataId": "2845f513-48b5-4657-8efe-65f08de3cbad"
              },
              "type": "OpenApiConnection",
              "inputs": {
                "host": {
                  "connectionName": "shared_sharepointonline",
                  "operationId": "CreateNewFolder",
                  "apiId": "/providers/Microsoft.PowerApps/apis/shared_sharepointonline"
                },
                "parameters": {
                  "dataset": "https://034gc.sharepoint.com/sites/SamuraiTeam",
                  "table": "ddbec2ce-e3a5-4bf3-b065-23b0d1d0d395",
                  "parameters/path": "/Reports@{variables('SPfolderPath')}"
                },
                "authentication": "@parameters('$authentication')"
              }
            },
            "Delete_folder": {
              "runAfter": {
                "Create_PDF_file_blob": [
                  "Failed",
                  "TimedOut",
                  "Skipped",
                  "Succeeded"
                ]
              },
              "metadata": {
                "operationMetadataId": "84f8a638-0393-48ec-a306-126311366887"
              },
              "type": "OpenApiConnection",
              "inputs": {
                "host": {
                  "connectionName": "shared_sharepointonline",
                  "operationId": "DeleteItem",
                  "apiId": "/providers/Microsoft.PowerApps/apis/shared_sharepointonline"
                },
                "parameters": {
                  "dataset": "https://034gc.sharepoint.com/sites/SamuraiTeam",
                  "table": "Documents",
                  "id": "@outputs('Create_new_folder_in_SP')?['body/ID']"
                },
                "authentication": "@parameters('$authentication')"
              }
            },
            "Set_Blob_Path": {
              "runAfter": {
                "Get_a_WO._All_fields": [
                  "Succeeded"
                ]
              },
              "metadata": {
                "operationMetadataId": "a5645826-5b6f-4c8c-b547-7138420f9b45"
              },
              "type": "SetVariable",
              "inputs": {
                "name": "filePathBlob",
                "value": "@{outputs('Get_a_WO._All_fields')?['body/msdyn_name']}_@{variables('RegardingId')}/@{triggerOutputs()?['body/ovs_actionnumber']}@{parameters('Notice of Direction Not to Import EN (ovs_NoticeofDirectionNot2ImportEN)')}@{variables('filePostfix')}.pdf"
              }
            },
            "Create_PDF_file_blob": {
              "runAfter": {
                "Add_Annotation_file": [
                  "Failed",
                  "TimedOut"
                ]
              },
              "metadata": {
                "operationMetadataId": "a7a4efb3-7c21-4ee9-8d16-4affeb5f7b8c"
              },
              "type": "OpenApiConnection",
              "inputs": {
                "host": {
                  "connectionName": "shared_azureblob",
                  "operationId": "CreateFile",
                  "apiId": "/providers/Microsoft.PowerApps/apis/shared_azureblob"
                },
                "parameters": {
                  "folderPath": "/msdynworkorder",
                  "name": "@variables('filePathBlob')",
                  "body": "@outputs('Convert_Word_Document_to_PDF')?['body']",
                  "Content-Type": "application/pdf"
                },
                "authentication": "@parameters('$authentication')"
              },
              "runtimeConfiguration": {
                "contentTransfer": {
                  "transferMode": "Chunked"
                }
              }
            },
            "Add_Annotation_file": {
              "runAfter": {
                "Convert_Word_Document_to_PDF": [
                  "Succeeded"
                ]
              },
              "metadata": {
                "operationMetadataId": "fca2e627-0b62-45cd-abb4-dd439f3c7d7c"
              },
              "type": "OpenApiConnection",
              "inputs": {
                "host": {
                  "connectionName": "shared_commondataserviceforapps",
                  "operationId": "CreateRecord",
                  "apiId": "/providers/Microsoft.PowerApps/apis/shared_commondataserviceforapps"
                },
                "parameters": {
                  "entityName": "annotations",
                  "item/subject": "Ordre de travail - Work Order : @{outputs('Get_a_WO._All_fields')?['body/msdyn_name']}",
                  "item/notetext": "Nom du dossier -",
                  "item/isdocument": true,
                  "item/documentbody": "@base64(outputs('Convert_Word_Document_to_PDF')?['body'])",
                  "item/filename": "@{triggerOutputs()?['body/ovs_actionnumber']}@{parameters('Notice of Direction Not to Import EN (ovs_NoticeofDirectionNot2ImportEN)')}@{variables('filePostfix')}.pdf",
                  "item/objectid_msdyn_workorder@odata.bind": "/msdyn_workorders/@{outputs('Get_a_WO._All_fields')?['body/msdyn_workorderid']}"
                },
                "authentication": "@parameters('$authentication')"
              }
            }
          },
          "runAfter": {
            "File_Name_Postfix": [
              "Succeeded"
            ]
          },
          "expression": {
            "equals": [
              "@variables('RegardingType')",
              "msdyn_workorders"
            ]
          },
          "metadata": {
            "operationMetadataId": "22e3bc4a-2879-47c7-bd2d-07c0ad99619e"
          },
          "type": "If"
        },
        "File_Path_Blob": {
          "runAfter": {
            "File_Name_SharePoint": [
              "Succeeded"
            ]
          },
          "metadata": {
            "operationMetadataId": "0b43781b-60dc-4ccb-8661-30b6cfc605b3"
          },
          "type": "InitializeVariable",
          "inputs": {
            "variables": [
              {
                "name": "filePathBlob",
                "type": "string"
              }
            ]
          }
        },
        "Clean_WO_guid": {
          "runAfter": {},
          "metadata": {
            "operationMetadataId": "005a395e-fac3-4e6d-a56a-04c8540232c0"
          },
          "type": "InitializeVariable",
          "inputs": {
            "variables": [
              {
                "name": "RegardingId",
                "type": "string",
                "value": "@toUpper(replace(triggerOutputs()?['body/_regardingobjectid_value'], '-', ''))"
              }
            ]
          }
        },
        "Init_-_LocalTime": {
          "runAfter": {
            "Violations": [
              "Succeeded"
            ]
          },
          "metadata": {
            "operationMetadataId": "d147ecd4-f1a7-47d3-a6f3-ad38e1d4b9d0"
          },
          "type": "InitializeVariable",
          "inputs": {
            "variables": [
              {
                "name": "LocalTime",
                "type": "string"
              }
            ]
          }
        },
        "Set_LocalTime": {
          "runAfter": {
            "Init_-_LegalName": [
              "Succeeded"
            ]
          },
          "metadata": {
            "operationMetadataId": "68980a1c-e78e-436a-b6b0-81064730d285"
          },
          "type": "SetVariable",
          "inputs": {
            "name": "LocalTime",
            "value": "@{formatDateTime(triggerOutputs()?['body/ovs_localtime'],'HH:mm:ss')}"
          }
        },
        "File_Name_Postfix": {
          "runAfter": {
            "Set_LocalTime": [
              "Succeeded"
            ]
          },
          "metadata": {
            "operationMetadataId": "93211d2a-05e1-4979-9d71-30253fe79a01"
          },
          "type": "InitializeVariable",
          "inputs": {
            "variables": [
              {
                "name": "filePostfix",
                "type": "string",
                "value": "@formatDateTime(utcNow(),'ddMMyyyyhhmmfff')"
              }
            ]
          }
        },
        "Init_-_LegalName": {
          "runAfter": {
            "Init_-_LocalTime": [
              "Succeeded"
            ]
          },
          "metadata": {
            "operationMetadataId": "bb485521-1fc3-4e0c-8f06-a02e7c1d536a"
          },
          "type": "InitializeVariable",
          "inputs": {
            "variables": [
              {
                "name": "legalName",
                "type": "string"
              }
            ]
          }
        }
      },
      "outputs": {}
    },
    "templateName": ""
  },
  "schemaVersion": "1.0.0.0"
}