{"properties":{"connectionReferences":{"shared_commondataserviceforapps":{"runtimeSource":"embedded","connection":{"connectionReferenceLogicalName":"tdg_ConnectionReferenceDataverseServicePrinciple"},"api":{"name":"shared_commondataserviceforapps"}},"shared_approvals_1":{"runtimeSource":"embedded","connection":{"connectionReferenceLogicalName":"tdg_ConnectionReferenceApprovalsTDGCoreUser"},"api":{"name":"shared_approvals"}}},"definition":{"$schema":"https://schema.management.azure.com/providers/Microsoft.Logic/schemas/2016-06-01/workflowdefinition.json#","contentVersion":"1.0.0.0","parameters":{"$connections":{"defaultValue":{},"type":"Object"},"$authentication":{"defaultValue":{},"type":"SecureObject"}},"triggers":{"When_a_followup_request_is_created":{"type":"OpenApiConnectionWebhook","inputs":{"host":{"connectionName":"shared_commondataserviceforapps","operationId":"SubscribeWebhookTrigger","apiId":"/providers/Microsoft.PowerApps/apis/shared_commondataserviceforapps"},"parameters":{"subscriptionRequest/message":1,"subscriptionRequest/entityname":"ovs_followuprequest","subscriptionRequest/scope":4},"authentication":"@parameters('$authentication')"}}},"actions":{"Initialize_Base_Work_Order_URL":{"runAfter":{},"type":"InitializeVariable","inputs":{"variables":[{"name":"Base Work Order URL","type":"string","value":"https://rom-qa-tcd365.crm3.dynamics.com/main.aspx?appid=cf9bc2df-8db3-eb11-8236-000d3af3e978&pagetype=entity&etn=msdyn_workorder&id="}]}},"Initialize_Revised_Quarter_Requested_Substatus_GUID":{"runAfter":{"Initialize_Base_Work_Order_URL":["Succeeded"]},"type":"InitializeVariable","inputs":{"variables":[{"name":"Revised Quarter Requested GUID","type":"string","value":"45b50d4e-4836-eb11-a813-000d3af3a7a7"}]}},"Initialize_Approval_Result":{"runAfter":{"Initialize_Revised_Quarter_Requested_Substatus_GUID":["Succeeded"]},"type":"InitializeVariable","inputs":{"variables":[{"name":"Approval Result","type":"string","value":"Rejected"}]}},"Get_Related_Work_Order":{"runAfter":{"Initialize_NoteToFile_DateStamp_variable":["Succeeded"]},"type":"OpenApiConnection","inputs":{"host":{"connectionName":"shared_commondataserviceforapps","operationId":"GetItem","apiId":"/providers/Microsoft.PowerApps/apis/shared_commondataserviceforapps"},"parameters":{"entityName":"msdyn_workorders","recordId":"@triggerOutputs()?['body/_regardingobjectid_value']"},"authentication":"@parameters('$authentication')"}},"Get_Owner_of_Follow-up_Request":{"runAfter":{"Get_Related_Work_Order":["Succeeded"]},"type":"OpenApiConnection","inputs":{"host":{"connectionName":"shared_commondataserviceforapps","operationId":"GetItem","apiId":"/providers/Microsoft.PowerApps/apis/shared_commondataserviceforapps"},"parameters":{"entityName":"systemusers","recordId":"@triggerOutputs()?['body/_ownerid_value']"},"authentication":"@parameters('$authentication')"}},"Get_Work_Order_Owner":{"runAfter":{"Get_Owner_of_Follow-up_Request":["Succeeded"]},"type":"OpenApiConnection","inputs":{"host":{"connectionName":"shared_commondataserviceforapps","operationId":"GetItem","apiId":"/providers/Microsoft.PowerApps/apis/shared_commondataserviceforapps"},"parameters":{"entityName":"systemusers","recordId":"@outputs('Get_Related_Work_Order')?['body/_ownerid_value']"},"authentication":"@parameters('$authentication')"}},"Start_and_wait_for_an_approval":{"runAfter":{"Get_Owner's_Manager":["Succeeded"]},"type":"OpenApiConnectionWebhook","inputs":{"host":{"connectionName":"shared_approvals_1","operationId":"StartAndWaitForAnApproval","apiId":"/providers/Microsoft.PowerApps/apis/shared_approvals"},"parameters":{"approvalType":"Basic","WebhookApprovalCreationInput/title":"Work Order @{outputs('Get_Related_Work_Order')?['body/msdyn_name']} - Follow-up Inspection Request","WebhookApprovalCreationInput/assignedTo":"@{outputs('Get_Owner''s_Manager')?['body/internalemailaddress']};","WebhookApprovalCreationInput/details":"Justification: @{triggerOutputs()?['body/_ovs_justification_label']}\nInspector's Comments: @{triggerOutputs()?['body/ovs_followupcommentstxt']}","WebhookApprovalCreationInput/itemLink":"@{variables('Base Work Order URL')}@{triggerOutputs()?['body/_regardingobjectid_value']}","WebhookApprovalCreationInput/itemLinkDescription":"Click here to view Work Order","WebhookApprovalCreationInput/enableNotifications":true,"WebhookApprovalCreationInput/enableReassignment":true},"authentication":"@parameters('$authentication')"}},"Apply_to_each_Approval_Response":{"foreach":"@outputs('Start_and_wait_for_an_approval')?['body/responses']","actions":{"Condition":{"actions":{"Set_Approval_Result_-_Approved":{"runAfter":{},"type":"SetVariable","inputs":{"name":"Approval Result","value":"Approved"}}},"runAfter":{},"expression":{"equals":["@outputs('Start_and_wait_for_an_approval')?['body/outcome']","Approve"]},"type":"If"},"Set_Manager_Comments_variable":{"runAfter":{"Condition":["Succeeded"]},"type":"SetVariable","inputs":{"name":"ManagerComment","value":"@items('Apply_to_each_Approval_Response')?['comments']"}},"Set_NoteToFile_DateStamp_variable":{"runAfter":{"Set_Manager_Comments_variable":["Succeeded"]},"type":"SetVariable","inputs":{"name":"NoteToFileDateStamp","value":"@{items('Apply_to_each_Approval_Response')?['responder/displayName']} @{outputs('Start_and_wait_for_an_approval')?['body/outcome']} on @{items('Apply_to_each_Approval_Response')?['responseDate']}"}}},"runAfter":{"Start_and_wait_for_an_approval":["Succeeded"]},"type":"Foreach"},"Check_if_Approval_Response_is_equal_to_Approved":{"actions":{"Perform_an_unbound_action":{"runAfter":{},"type":"OpenApiConnection","inputs":{"host":{"connectionName":"shared_commondataserviceforapps","operationId":"PerformUnboundAction","apiId":"/providers/Microsoft.PowerApps/apis/shared_commondataserviceforapps"},"parameters":{"actionName":"ovs_CreateFollowUpInspection","item/WorkOrderId":"@outputs('Get_Related_Work_Order')?['body/msdyn_workorderid']"},"authentication":"@parameters('$authentication')"}}},"runAfter":{"Apply_to_each_Approval_Response":["Succeeded"]},"else":{"actions":{"Apply_to_each_2":{"foreach":"@outputs('Start_and_wait_for_an_approval')?['body/responses']","actions":{"Update_a_Follow-up_request":{"runAfter":{},"type":"OpenApiConnection","inputs":{"host":{"connectionName":"shared_commondataserviceforapps","operationId":"UpdateRecord","apiId":"/providers/Microsoft.PowerApps/apis/shared_commondataserviceforapps"},"parameters":{"entityName":"ovs_followuprequests","recordId":"@triggerOutputs()?['body/_regardingobjectid_value']","item/ovs_managercommenttxt":"@triggerOutputs()?['body/ovs_managercommenttxt']"},"authentication":"@parameters('$authentication')"}}},"runAfter":{},"type":"Foreach"}}},"expression":{"equals":["@variables('Approval Result')","Approved"]},"type":"If"},"Get_Owner's_Manager":{"runAfter":{"Get_Work_Order_Owner":["Succeeded"]},"type":"OpenApiConnection","inputs":{"host":{"connectionName":"shared_commondataserviceforapps","operationId":"GetItem","apiId":"/providers/Microsoft.PowerApps/apis/shared_commondataserviceforapps"},"parameters":{"entityName":"systemusers","recordId":"@outputs('Get_Work_Order_Owner')?['body/_parentsystemuserid_value']"},"authentication":"@parameters('$authentication')"}},"Initialize_Manager_Comments__variable":{"runAfter":{"Initialize_Approval_Result":["Succeeded"]},"type":"InitializeVariable","inputs":{"variables":[{"name":"ManagerComment","type":"string"}]}},"Initialize_NoteToFile_DateStamp_variable":{"runAfter":{"Initialize_Manager_Comments__variable":["Succeeded"]},"type":"InitializeVariable","inputs":{"variables":[{"name":"NoteToFileDateStamp","type":"string"}]}},"Apply_to_each":{"foreach":"@outputs('Start_and_wait_for_an_approval')?['body/responses']","actions":{"Change_Activity_Status_to_closed":{"runAfter":{},"type":"OpenApiConnection","inputs":{"host":{"connectionName":"shared_commondataserviceforapps","operationId":"UpdateRecord","apiId":"/providers/Microsoft.PowerApps/apis/shared_commondataserviceforapps"},"parameters":{"entityName":"ovs_followuprequests","recordId":"@triggerOutputs()?['body/activityid']","item/ovs_managercommenttxt":"@variables('ManagerComment')","item/statecode":1,"item/actualend":"@items('Apply_to_each')?['responseDate']","item/statuscode":2},"authentication":"@parameters('$authentication')"}},"Add_a_Note_to_Follow_up_request":{"runAfter":{"Change_Activity_Status_to_closed":["Succeeded"]},"type":"OpenApiConnection","inputs":{"host":{"connectionName":"shared_commondataserviceforapps","operationId":"CreateRecord","apiId":"/providers/Microsoft.PowerApps/apis/shared_commondataserviceforapps"},"parameters":{"entityName":"annotations","item/subject":"@outputs('Start_and_wait_for_an_approval')?['body/outcome']","item/notetext":"@variables('NoteToFileDateStamp')","item/objectid_ovs_followuprequest@odata.bind":"@outputs('Change_Activity_Status_to_closed')?['body/@odata.id']"},"authentication":"@parameters('$authentication')"}}},"runAfter":{"Check_if_Approval_Response_is_equal_to_Approved":["Succeeded"]},"type":"Foreach"}},"outputs":{}}},"schemaVersion":"1.0.0.0"}