{"properties":{"connectionReferences":{"shared_commondataserviceforapps_3":{"runtimeSource":"embedded","connection":{},"api":{"name":"shared_commondataserviceforapps"}},"shared_office365":{"runtimeSource":"embedded","connection":{},"api":{"name":"shared_office365"}},"shared_approvals":{"runtimeSource":"embedded","connection":{},"api":{"name":"shared_approvals"}}},"definition":{"$schema":"https://schema.management.azure.com/providers/Microsoft.Logic/schemas/2016-06-01/workflowdefinition.json#","contentVersion":"1.0.0.0","parameters":{"$connections":{"defaultValue":{},"type":"Object"},"$authentication":{"defaultValue":{},"type":"SecureObject"}},"triggers":{"When_a_Cancellation_Request_is_created":{"metadata":{"operationMetadataId":"95bd51f4-231d-42b3-9f58-184b21fb8770"},"type":"OpenApiConnectionWebhook","inputs":{"host":{"connectionName":"shared_commondataserviceforapps_3","operationId":"SubscribeWebhookTrigger","apiId":"/providers/Microsoft.PowerApps/apis/shared_commondataserviceforapps"},"parameters":{"subscriptionRequest/message":1,"subscriptionRequest/entityname":"ovs_cancellationrequest","subscriptionRequest/scope":4},"authentication":"@parameters('$authentication')"}}},"actions":{"Initialize_Base_Work_Order_URL":{"runAfter":{"Get_Related_Work_Order":["Succeeded"]},"metadata":{"operationMetadataId":"1bd5bdd4-39ff-4dc4-9ccf-eb5656cc8e84"},"type":"InitializeVariable","inputs":{"variables":[{"name":"Base Work Order URL","type":"string","value":"https://@{uriHost(body('Get_Related_Work_Order')?['@odata.id'])}/main.aspx?forceUCI=1&pagetype=entityrecord&etn=msdyn_workorder&id="}]}},"Initialize_Cancellation_Requested_GUID":{"runAfter":{"Initialize_Base_Work_Order_URL":["Succeeded"]},"metadata":{"operationMetadataId":"825684af-fa94-4fde-a4e5-b7bb3b4e1dee"},"type":"InitializeVariable","inputs":{"variables":[{"name":"Cancellation Requested Substatus GUID","type":"string","value":"6bd7472c-1025-eb11-a813-000d3af3e51b"}]}},"Initialize_variable":{"runAfter":{"Initialize_Cancellation_Requested_GUID":["Succeeded"]},"metadata":{"operationMetadataId":"5fd7fe03-c688-4858-aadf-8f9a12a9eb9c"},"type":"InitializeVariable","inputs":{"variables":[{"name":"Approval Result","type":"string","value":"Rejected"}]}},"Get_User_Requesting_Cancellation":{"runAfter":{"IsLanguageFrench":["Succeeded"]},"metadata":{"operationMetadataId":"dd755471-347e-48ec-a250-bbfa2322e5c6"},"type":"OpenApiConnection","inputs":{"host":{"connectionName":"shared_commondataserviceforapps_3","operationId":"GetItem","apiId":"/providers/Microsoft.PowerApps/apis/shared_commondataserviceforapps"},"parameters":{"entityName":"systemusers","recordId":"@triggerOutputs()?['body/_ownerid_value']"},"authentication":"@parameters('$authentication')"}},"Get_Work_Owner_Owner":{"runAfter":{"Get_User_Requesting_Cancellation":["Succeeded"]},"metadata":{"operationMetadataId":"e6667c8c-003c-441e-b9cc-0b1940245da4"},"type":"OpenApiConnection","inputs":{"host":{"connectionName":"shared_commondataserviceforapps_3","operationId":"GetItem","apiId":"/providers/Microsoft.PowerApps/apis/shared_commondataserviceforapps"},"parameters":{"entityName":"systemusers","recordId":"@outputs('Get_Related_Work_Order')?['body/_ownerid_value']"},"authentication":"@parameters('$authentication')"}},"Update_Substatus_of_Work_Order":{"runAfter":{"Get_Owner's_Manager":["Succeeded"]},"metadata":{"operationMetadataId":"70371717-263b-4d14-b223-f1f0f415b808"},"type":"OpenApiConnection","inputs":{"host":{"connectionName":"shared_commondataserviceforapps_3","operationId":"UpdateRecord","apiId":"/providers/Microsoft.PowerApps/apis/shared_commondataserviceforapps"},"parameters":{"entityName":"msdyn_workorders","recordId":"@outputs('Get_Related_Work_Order')?['body/msdyn_workorderid']","item/msdyn_substatus@odata.bind":"msdyn_workordersubstatuses(@{variables('Cancellation Requested Substatus GUID')})"},"authentication":"@parameters('$authentication')"}},"Apply_to_each_approval_response":{"foreach":"@if(variables('IsLanguageFrench'), outputs('Start_and_wait_for_an_approval_-_FR')?['body/responses'], outputs('Start_and_wait_for_an_approval_-_EN')?['body/responses'])","actions":{"Create_Cancellation_Request_Response_as_Note":{"runAfter":{},"metadata":{"operationMetadataId":"fde87fed-75b8-43c2-ad2e-6969e1947c27"},"type":"OpenApiConnection","inputs":{"host":{"connectionName":"shared_commondataserviceforapps_3","operationId":"CreateRecord","apiId":"/providers/Microsoft.PowerApps/apis/shared_commondataserviceforapps"},"parameters":{"entityName":"annotations","item/subject":"@{if(variables('IsLanguageFrench'), 'Demande d''annulation', 'Cancellation Request')} - @{triggerOutputs()?['body/ovs_selectedreasontext']} - @{if(variables('IsLanguageFrench'), if(equals(outputs('Start_and_wait_for_an_approval_-_FR')?['body/outcome'], 'Approve'), 'Approuvé', 'Rejetée'), if(equals(outputs('Start_and_wait_for_an_approval_-_EN')?['body/outcome'], 'Approve'), 'Approved', 'Rejected'))} ","item/notetext":"@{if(variables('IsLanguageFrench'), 'À', 'To')}: @{outputs('Get_User_Requesting_Cancellation')?['body/firstname']} @{outputs('Get_User_Requesting_Cancellation')?['body/lastname']} \n@{if(variables('IsLanguageFrench'), 'De', 'From')}: @{outputs('Get_Work_Owner_Owner')?['body/firstname']} @{outputs('Get_Work_Owner_Owner')?['body/lastname']} \n@{if(variables('IsLanguageFrench'), 'Commentaires', 'Comments')}: @{items('Apply_to_each_approval_response')?['comments']}","item/objectid_msdyn_workorder@odata.bind":"msdyn_workorders(@{outputs('Get_Related_Work_Order')?['body/msdyn_workorderid']})"},"authentication":"@parameters('$authentication')"}},"Check_if_Approver_Response_is_Approve":{"actions":{"Set_Approval_Result_-_Approved":{"runAfter":{},"metadata":{"operationMetadataId":"d18cc785-3e16-427c-800f-9000d757af42"},"type":"SetVariable","inputs":{"name":"Approval Result","value":"Approved"}}},"runAfter":{"Create_Cancellation_Request_Response_as_Note":["Succeeded"]},"else":{"actions":{"Set_Approval_Result_-_Rejected":{"runAfter":{},"metadata":{"operationMetadataId":"b7c3e872-0258-4698-9b3a-3a19c617d572"},"type":"SetVariable","inputs":{"name":"Approval Result","value":"Rejected"}}}},"expression":{"equals":["@if(variables('IsLanguageFrench'), outputs('Start_and_wait_for_an_approval_-_FR')?['body/outcome'], outputs('Start_and_wait_for_an_approval_-_EN')?['body/outcome'])","Approve"]},"metadata":{"operationMetadataId":"7867fc30-37cf-40e9-9d34-344359dda9eb"},"type":"If"}},"runAfter":{"Condition_Check_Language_1":["Succeeded"]},"metadata":{"operationMetadataId":"369c0db7-0521-4833-a4d2-71464ce89d38"},"type":"Foreach"},"Check_Approval_Response_is_equal_to_Approved":{"actions":{"Update_Work_Order_to_reflect_Approved_Cancellation":{"runAfter":{},"metadata":{"operationMetadataId":"9675a62b-0038-43b6-8cf1-31a59879f3b8"},"type":"OpenApiConnection","inputs":{"host":{"connectionName":"shared_commondataserviceforapps_3","operationId":"UpdateRecord","apiId":"/providers/Microsoft.PowerApps/apis/shared_commondataserviceforapps"},"parameters":{"entityName":"msdyn_workorders","recordId":"@outputs('Get_Related_Work_Order')?['body/msdyn_workorderid']","item/msdyn_systemstatus":690970005,"item/statecode":1,"item/statuscode":918640000},"authentication":"@parameters('$authentication')"}},"Send_an_email_(V2)_2":{"runAfter":{"Update_Work_Order_to_reflect_Approved_Cancellation":["Succeeded"]},"metadata":{"operationMetadataId":"1ab5e764-3524-493e-bc5c-d441c5d0cd53"},"type":"OpenApiConnection","inputs":{"host":{"connectionName":"shared_office365","operationId":"SendEmailV2","apiId":"/providers/Microsoft.PowerApps/apis/shared_office365"},"parameters":{"emailMessage/To":"TDGNationalOversightPlan-PlanNationaldeSurveillanceTMD@tc.gc.ca","emailMessage/Subject":"Work Order @{outputs('Update_Substatus_of_Work_Order')?['body/msdyn_name']} - Cancellation Notification","emailMessage/Body":"<p>This email is to notify you of an approval for cancellation that occurred for the Work Order @{outputs('Update_Substatus_of_Work_Order')?['body/msdyn_name']}<br>\n<br>\nWork Order: @{outputs('Update_Work_Order_to_reflect_Approved_Cancellation')?['body/msdyn_name']}<br>\nReason: &nbsp;&nbsp;&nbsp;&nbsp;&nbsp;&nbsp;@{triggerOutputs()?['body/_ovs_cancellationrequestreason_label']}<br>\nComments: @{triggerOutputs()?['body/ovs_cancellationrequuestcomments']}</p>"},"authentication":"@parameters('$authentication')"}}},"runAfter":{"Apply_to_each_approval_response":["Succeeded"]},"expression":{"equals":["@variables('Approval Result')","Approved"]},"metadata":{"operationMetadataId":"28881033-36dd-4e63-b582-e5322c2374dd"},"type":"If"},"Unrelate_Cancellation_Requested_Substatus_from_Work_Order":{"runAfter":{"Check_Approval_Response_is_equal_to_Approved":["Succeeded"]},"metadata":{"operationMetadataId":"e8a564c4-60f2-4ff9-a0dd-1e29129e6e56"},"type":"OpenApiConnection","inputs":{"host":{"connectionName":"shared_commondataserviceforapps_3","operationId":"DisassociateEntities","apiId":"/providers/Microsoft.PowerApps/apis/shared_commondataserviceforapps"},"parameters":{"entityName":"msdyn_workordersubstatuses","recordId":"@variables('Cancellation Requested Substatus GUID')","associationEntityRelationship":"msdyn_msdyn_workordersubstatus_msdyn_workorder_Status","$id":"@outputs('Get_Related_Work_Order')?['body/msdyn_workorderid']"},"authentication":"@parameters('$authentication')"}},"Get_Owner's_Manager":{"runAfter":{"Get_Work_Owner_Owner":["Succeeded"]},"metadata":{"operationMetadataId":"5c4c0df1-e794-4343-9c83-4e94ca838b21"},"type":"OpenApiConnection","inputs":{"host":{"connectionName":"shared_commondataserviceforapps_3","operationId":"GetItem","apiId":"/providers/Microsoft.PowerApps/apis/shared_commondataserviceforapps"},"parameters":{"entityName":"systemusers","recordId":"@outputs('Get_Work_Owner_Owner')?['body/_parentsystemuserid_value']"},"authentication":"@parameters('$authentication')"}},"Get_Related_Work_Order":{"runAfter":{},"metadata":{"operationMetadataId":"73bd58d6-76bc-4cfa-925a-254780798719"},"type":"OpenApiConnection","inputs":{"host":{"connectionName":"shared_commondataserviceforapps_3","operationId":"GetItem","apiId":"/providers/Microsoft.PowerApps/apis/shared_commondataserviceforapps"},"parameters":{"entityName":"msdyn_workorders","recordId":"@triggerOutputs()?['body/_regardingobjectid_value']"},"authentication":"@parameters('$authentication')"}},"IsLanguageFrench":{"runAfter":{"Initialize_variable":["Succeeded"]},"metadata":{"operationMetadataId":"c8a8906a-a2fa-4c67-a207-921f3ca9b1ad"},"type":"InitializeVariable","inputs":{"variables":[{"name":"IsLanguageFrench","type":"boolean","value":"@not(equals(triggerOutputs()?['body/ovs_uidescription'], 'en'))"}]}},"Condition_Check_Language_1":{"actions":{"Start_and_wait_for_an_approval_-_FR":{"runAfter":{},"metadata":{"operationMetadataId":"87ce156e-9e72-47bf-8387-daebec973431"},"type":"OpenApiConnectionWebhook","inputs":{"host":{"connectionName":"shared_approvals","operationId":"StartAndWaitForAnApproval","apiId":"/providers/Microsoft.PowerApps/apis/shared_approvals"},"parameters":{"approvalType":"Basic","WebhookApprovalCreationInput/title":"Ordre de travail @{outputs('Update_Substatus_of_Work_Order')?['body/msdyn_name']} - demande d'annulation","WebhookApprovalCreationInput/assignedTo":"@{outputs('Get_Owner''s_Manager')?['body/internalemailaddress']};","WebhookApprovalCreationInput/details":"*Justification*: @{triggerOutputs()?['body/ovs_selectedreasontext']}\n*Commentaires*: @{triggerOutputs()?['body/ovs_cancellationrequuestcomments']}","WebhookApprovalCreationInput/itemLink":"@{variables('Base Work Order URL')}@{outputs('Get_Related_Work_Order')?['body/msdyn_workorderid']}","WebhookApprovalCreationInput/itemLinkDescription":"Cliquez ici pour voir l'ordre de travail","WebhookApprovalCreationInput/enableNotifications":true,"WebhookApprovalCreationInput/enableReassignment":true},"authentication":"@parameters('$authentication')"}}},"runAfter":{"Update_Substatus_of_Work_Order":["Succeeded"]},"else":{"actions":{"Start_and_wait_for_an_approval_-_EN":{"runAfter":{},"metadata":{"operationMetadataId":"0c75b028-a40c-4f28-ad60-c295ced9cdba"},"type":"OpenApiConnectionWebhook","inputs":{"host":{"connectionName":"shared_approvals","operationId":"StartAndWaitForAnApproval","apiId":"/providers/Microsoft.PowerApps/apis/shared_approvals"},"parameters":{"approvalType":"Basic","WebhookApprovalCreationInput/title":"Work Order @{outputs('Update_Substatus_of_Work_Order')?['body/msdyn_name']} - Request for Cancellation","WebhookApprovalCreationInput/assignedTo":"@{outputs('Get_Owner''s_Manager')?['body/internalemailaddress']};","WebhookApprovalCreationInput/details":"*Rational*: @{triggerOutputs()?['body/ovs_selectedreasontext']}\n*Comments*: @{triggerOutputs()?['body/ovs_cancellationrequuestcomments']}","WebhookApprovalCreationInput/itemLink":"@{variables('Base Work Order URL')}@{outputs('Get_Related_Work_Order')?['body/msdyn_workorderid']}","WebhookApprovalCreationInput/itemLinkDescription":"Click here to view Work Order","WebhookApprovalCreationInput/enableNotifications":true,"WebhookApprovalCreationInput/enableReassignment":true},"authentication":"@parameters('$authentication')"}}}},"expression":{"equals":["@variables('IsLanguageFrench')",true]},"metadata":{"operationMetadataId":"cd48c9e4-e710-4900-b9e4-580440118bd2"},"type":"If"},"Condition_Check_Language_2":{"actions":{"Apply_to_each_2":{"foreach":"@outputs('Start_and_wait_for_an_approval_-_FR')?['body/responses']","actions":{"Send_an_email_(V2)_3":{"runAfter":{},"metadata":{"operationMetadataId":"ab868f9e-0d34-4f07-9904-c6d45594cbe5"},"type":"OpenApiConnection","inputs":{"host":{"connectionName":"shared_office365","operationId":"SendEmailV2","apiId":"/providers/Microsoft.PowerApps/apis/shared_office365"},"parameters":{"emailMessage/To":"@outputs('Get_User_Requesting_Cancellation')?['body/internalemailaddress']","emailMessage/Subject":"Demande d'annulation @{variables('Approval Result')}","emailMessage/Body":"<p>Ordre de travail @{outputs('Get_Related_Work_Order')?['body/msdyn_name']} a été &nbsp;@{variables('Approval Result')} pour l'annulation.<br>\n<br>\nCommentaires: @{items('Apply_to_each_2')?['comments']}<br>\n<br>\n@{variables('Base Work Order URL')}@{outputs('Get_Related_Work_Order')?['body/msdyn_workorderid']}</p>"},"authentication":"@parameters('$authentication')"}}},"runAfter":{},"metadata":{"operationMetadataId":"8de7d4ec-89cf-45bb-a883-24b68d0dd63c"},"type":"Foreach"}},"runAfter":{"Unrelate_Cancellation_Requested_Substatus_from_Work_Order":["Succeeded"]},"else":{"actions":{"Apply_to_each":{"foreach":"@outputs('Start_and_wait_for_an_approval_-_EN')?['body/responses']","actions":{"Send_an_email_(V2)":{"runAfter":{},"metadata":{"operationMetadataId":"1df1da7d-a54a-462c-a960-c31acd33f321"},"type":"OpenApiConnection","inputs":{"host":{"connectionName":"shared_office365","operationId":"SendEmailV2","apiId":"/providers/Microsoft.PowerApps/apis/shared_office365"},"parameters":{"emailMessage/To":"@outputs('Get_User_Requesting_Cancellation')?['body/internalemailaddress']","emailMessage/Subject":"Request for Cancellation @{variables('Approval Result')}","emailMessage/Body":"<p>Work Order @{outputs('Get_Related_Work_Order')?['body/msdyn_name']} has been @{variables('Approval Result')} for Cancellation.<br>\n<br>\nComments: @{items('Apply_to_each')?['comments']}<br>\n<br>\n@{variables('Base Work Order URL')}@{outputs('Get_Related_Work_Order')?['body/msdyn_workorderid']}</p>"},"authentication":"@parameters('$authentication')"}}},"runAfter":{},"metadata":{"operationMetadataId":"eff18b1a-fc91-4ce8-ac14-5b3c3b96a73b"},"type":"Foreach"}}},"expression":{"equals":["@variables('IsLanguageFrench')",true]},"metadata":{"operationMetadataId":"071159b8-7117-47d3-aad7-3152dfd222a0"},"type":"If"}},"outputs":{}}},"schemaVersion":"1.0.0.0"}