{
  "properties": {
    "connectionReferences": {
      "shared_commondataserviceforapps": {
        "runtimeSource": "embedded",
        "connection": {
          "connectionReferenceLogicalName": "tdg_ConnectionReferenceDataverseServicePrinciple"
        },
        "api": {
          "name": "shared_commondataserviceforapps"
        }
      }
    },
    "definition": {
      "$schema": "https://schema.management.azure.com/providers/Microsoft.Logic/schemas/2016-06-01/workflowdefinition.json#",
      "contentVersion": "1.0.0.0",
      "parameters": {
        "$connections": {
          "defaultValue": {},
          "type": "Object"
        },
        "$authentication": {
          "defaultValue": {},
          "type": "SecureObject"
        }
      },
      "triggers": {
        "When_a_row_is_added,_modified_or_deleted": {
          "metadata": {
            "operationMetadataId": "81924306-1e34-46f5-a09d-9a683ed47792"
          },
          "type": "OpenApiConnectionWebhook",
          "inputs": {
            "host": {
              "connectionName": "shared_commondataserviceforapps",
              "operationId": "SubscribeWebhookTrigger",
              "apiId": "/providers/Microsoft.PowerApps/apis/shared_commondataserviceforapps"
            },
            "parameters": {
              "subscriptionRequest/message": 3,
              "subscriptionRequest/entityname": "ovs_iptrun",
              "subscriptionRequest/scope": 4,
              "subscriptionRequest/filteringattributes": "statuscode",
              "subscriptionRequest/filterexpression": "statuscode eq 918640000"
            },
            "authentication": "@parameters('$authentication')"
          },
          "conditions": []
        }
      },
      "actions": {
        "Delay_7_hours": {
          "runAfter": {},
          "metadata": {
            "operationMetadataId": "07b59107-a423-48bf-bcf7-03b183c6636f"
          },
          "type": "Wait",
          "inputs": {
            "interval": {
              "count": 4,
              "unit": "Minute"
            }
          }
        },
        "check_if_the_status_reason_is_InProgress": {
          "actions": {
            "Update_IPT_Runs_status_to_Failed_": {
              "runAfter": {},
              "metadata": {
                "operationMetadataId": "4b2661ae-5958-4905-92a5-0164fa4ef2d2"
              },
              "type": "OpenApiConnection",
              "inputs": {
                "host": {
                  "connectionName": "shared_commondataserviceforapps",
                  "operationId": "UpdateRecord",
                  "apiId": "/providers/Microsoft.PowerApps/apis/shared_commondataserviceforapps"
                },
                "parameters": {
                  "entityName": "ovs_iptruns",
                  "recordId": "@triggerOutputs()?['body/ovs_iptrunid']",
                  "item/statuscode": 918640002
                },
                "authentication": "@parameters('$authentication')"
              }
            }
          },
          "runAfter": {
            "Delay_7_hours": [
              "Succeeded"
            ]
          },
          "expression": {
            "equals": [
              "@triggerOutputs()?['body/statuscode']",
              918640000
            ]
          },
          "metadata": {
            "operationMetadataId": "08ed0bf3-5ae1-474f-bf6a-ec5d883e76aa"
          },
          "type": "If"
        }
      }
    }
  },
  "schemaVersion": "1.0.0.0"
}