<ImportExportXml version="9.2.22023.133" SolutionPackageVersion="9.2" languagecode="1033" generatedBy="CrmLive" xmlns:xsi="http://www.w3.org/2001/XMLSchema-instance">
  <SolutionManifest>
    <UniqueName>TC_GlobalCore_Patch_5756bb22</UniqueName>
    <LocalizedNames>
      <LocalizedName description="TDG Core Schema" languagecode="1033" />
    </LocalizedNames>
    <Descriptions>
      <Description description="Patch for TDG Core Schema" languagecode="1033" />
    </Descriptions>
    <ParentUniqueName>TC_GlobalCore</ParentUniqueName>
    <Version>1.129.11.0</Version>
    <Managed>0</Managed>
    <Publisher>
      <UniqueName>oversightpublisher</UniqueName>
      <LocalizedNames>
        <LocalizedName description="Oversight" languagecode="1033" />
      </LocalizedNames>
      <Descriptions>
        <Description description="This is the common solution for AvSec Inspection and TDG Inspection." languagecode="1033" />
      </Descriptions>
      <EMailAddress xsi:nil="true"></EMailAddress>
      <SupportingWebsiteUrl xsi:nil="true"></SupportingWebsiteUrl>
      <CustomizationPrefix>ovs</CustomizationPrefix>
      <CustomizationOptionValuePrefix>91864</CustomizationOptionValuePrefix>
      <Addresses>
        <Address>
          <AddressNumber>1</AddressNumber>
          <AddressTypeCode>1</AddressTypeCode>
          <City xsi:nil="true"></City>
          <County xsi:nil="true"></County>
          <Country xsi:nil="true"></Country>
          <Fax xsi:nil="true"></Fax>
          <FreightTermsCode xsi:nil="true"></FreightTermsCode>
          <ImportSequenceNumber xsi:nil="true"></ImportSequenceNumber>
          <Latitude xsi:nil="true"></Latitude>
          <Line1 xsi:nil="true"></Line1>
          <Line2 xsi:nil="true"></Line2>
          <Line3 xsi:nil="true"></Line3>
          <Longitude xsi:nil="true"></Longitude>
          <Name xsi:nil="true"></Name>
          <PostalCode xsi:nil="true"></PostalCode>
          <PostOfficeBox xsi:nil="true"></PostOfficeBox>
          <PrimaryContactName xsi:nil="true"></PrimaryContactName>
          <ShippingMethodCode>1</ShippingMethodCode>
          <StateOrProvince xsi:nil="true"></StateOrProvince>
          <Telephone1 xsi:nil="true"></Telephone1>
          <Telephone2 xsi:nil="true"></Telephone2>
          <Telephone3 xsi:nil="true"></Telephone3>
          <TimeZoneRuleVersionNumber xsi:nil="true"></TimeZoneRuleVersionNumber>
          <UPSZone xsi:nil="true"></UPSZone>
          <UTCOffset xsi:nil="true"></UTCOffset>
          <UTCConversionTimeZoneCode xsi:nil="true"></UTCConversionTimeZoneCode>
        </Address>
        <Address>
          <AddressNumber>2</AddressNumber>
          <AddressTypeCode>1</AddressTypeCode>
          <City xsi:nil="true"></City>
          <County xsi:nil="true"></County>
          <Country xsi:nil="true"></Country>
          <Fax xsi:nil="true"></Fax>
          <FreightTermsCode xsi:nil="true"></FreightTermsCode>
          <ImportSequenceNumber xsi:nil="true"></ImportSequenceNumber>
          <Latitude xsi:nil="true"></Latitude>
          <Line1 xsi:nil="true"></Line1>
          <Line2 xsi:nil="true"></Line2>
          <Line3 xsi:nil="true"></Line3>
          <Longitude xsi:nil="true"></Longitude>
          <Name xsi:nil="true"></Name>
          <PostalCode xsi:nil="true"></PostalCode>
          <PostOfficeBox xsi:nil="true"></PostOfficeBox>
          <PrimaryContactName xsi:nil="true"></PrimaryContactName>
          <ShippingMethodCode>1</ShippingMethodCode>
          <StateOrProvince xsi:nil="true"></StateOrProvince>
          <Telephone1 xsi:nil="true"></Telephone1>
          <Telephone2 xsi:nil="true"></Telephone2>
          <Telephone3 xsi:nil="true"></Telephone3>
          <TimeZoneRuleVersionNumber xsi:nil="true"></TimeZoneRuleVersionNumber>
          <UPSZone xsi:nil="true"></UPSZone>
          <UTCOffset xsi:nil="true"></UTCOffset>
          <UTCConversionTimeZoneCode xsi:nil="true"></UTCConversionTimeZoneCode>
        </Address>
      </Addresses>
    </Publisher>
    <RootComponents>
      <RootComponent type="1" schemaName="ovs_cdregionalnop" behavior="1" />
      <RootComponent type="1" schemaName="ovs_confirmationofcompliance" behavior="1" />
      <RootComponent type="1" schemaName="ovs_operationunnumber" behavior="1" />
      <RootComponent type="20" id="{a8d3ef08-d189-eb11-b1ac-000d3ae92dbf}" behavior="0" />
      <RootComponent type="20" id="{de8e34ea-d189-eb11-b1ac-000d3ae92dbf}" behavior="0" />
      <RootComponent type="61" schemaName="ovs_RegionalNOPMainForm" behavior="0" />
      <RootComponent type="61" schemaName="ovs_RegionalNOP_Ribbon" behavior="0" />
      <RootComponent type="61" schemaName="ovs_RNOP_ValidationFunctions.js" behavior="0" />
    </RootComponents>
    <MissingDependencies>
      <MissingDependency>
        <Required type="1" schemaName="ovs_cdregionalnop" displayName="Regional NOP" solution="Active" />
        <Dependent type="1" schemaName="ovs_cdregionalnop" displayName="Regional NOP" />
      </MissingDependency>
      <MissingDependency>
        <Required type="1" schemaName="ovs_confirmationofcompliance" displayName="Confirmation of Compliance" solution="Active" />
        <Dependent type="1" schemaName="ovs_confirmationofcompliance" displayName="Confirmation of Compliance" />
      </MissingDependency>
      <MissingDependency>
        <Required type="1" schemaName="ovs_operationunnumber" displayName="Operation UN Number" solution="Active" />
        <Dependent type="1" schemaName="ovs_operationunnumber" displayName="Operation UN Number" />
      </MissingDependency>
      <MissingDependency>
        <Required type="1" schemaName="ovs_workordercandidate" displayName="Work Order Candidate" solution="Active" />
        <Dependent type="60" displayName="Information" parentDisplayName="Regional NOP" id="{72439443-0dce-4ea0-8afe-d2cb17c679bc}" />
      </MissingDependency>
      <MissingDependency>
        <Required type="1" schemaName="tdg_unnumber" displayName="UN Number" solution="Active" />
        <Dependent type="26" schemaName="Operation UN Numbers (Active)" displayName="Operation UN Numbers (Active)" parentSchemaName="ovs_operationunnumber" parentDisplayName="Operation UN Number" id="{2e7c7b15-98b4-4cc3-a0da-0f193b0759d2}" />
      </MissingDependency>
      <MissingDependency>
        <Required type="1" schemaName="tdg_unnumber" displayName="UN Number" solution="Active" />
        <Dependent type="26" schemaName="Operation UN Number Associated View" displayName="Operation UN Number Associated View" parentSchemaName="ovs_operationunnumber" parentDisplayName="Operation UN Number" id="{44a13666-9d8b-40cb-afbc-e1ff010b8911}" />
      </MissingDependency>
      <MissingDependency>
        <Required type="10" schemaName="ovs_ovs_cdnop_ovs_cdregionalnop_CDNOPId" displayName="ovs_ovs_cdnop_ovs_cdregionalnop_CDNOPId" parentSchemaName="ovs_cdnop" parentDisplayName="NOP" solution="Active" />
        <Dependent type="60" displayName="Information" parentDisplayName="Regional NOP" id="{72439443-0dce-4ea0-8afe-d2cb17c679bc}" />
      </MissingDependency>
      <MissingDependency>
        <Required type="10" schemaName="ovs_CDRegionalNOP_WorkOrderCandidate" displayName="ovs_CDRegionalNOP_WorkOrderCandidate" parentSchemaName="ovs_cdregionalnop" parentDisplayName="Regional NOP" solution="Active" />
        <Dependent type="60" displayName="Information" parentDisplayName="Regional NOP" id="{72439443-0dce-4ea0-8afe-d2cb17c679bc}" />
      </MissingDependency>
      <MissingDependency>
        <Required type="10" schemaName="ovs_confirmationofcompliance_Violation" displayName="ovs_confirmationofcompliance_Violation" parentSchemaName="qm_syresult" parentDisplayName="Violation" solution="Active" />
        <Dependent type="60" displayName="Information" parentDisplayName="Confirmation of Compliance" id="{6d118a87-79bb-48a8-975d-7399412af16a}" />
      </MissingDependency>
      <MissingDependency>
        <Required type="10" schemaName="ovs_tc_tcfiscalyear_ovs_cdregionalnop_CDFiscalYearId" displayName="ovs_tc_tcfiscalyear_ovs_cdregionalnop_CDFiscalYearId" parentSchemaName="tc_tcfiscalyear" parentDisplayName="TCFiscalYear" solution="Active" />
        <Dependent type="60" displayName="Information" parentDisplayName="Regional NOP" id="{72439443-0dce-4ea0-8afe-d2cb17c679bc}" />
      </MissingDependency>
      <MissingDependency>
        <Required type="10" schemaName="ovs_territory_ovs_cdregionalnop_CDProvinceId" displayName="ovs_territory_ovs_cdregionalnop_CDProvinceId" parentSchemaName="territory" parentDisplayName="Region" solution="Active" />
        <Dependent type="60" displayName="Information" parentDisplayName="Regional NOP" id="{72439443-0dce-4ea0-8afe-d2cb17c679bc}" />
      </MissingDependency>
      <MissingDependency>
        <Required type="2" schemaName="ovs_capacity" displayName="Total Capacity" parentSchemaName="ovs_cdregionalnop" parentDisplayName="Regional NOP" solution="Active" />
        <Dependent type="60" displayName="Information" parentDisplayName="Regional NOP" id="{72439443-0dce-4ea0-8afe-d2cb17c679bc}" />
      </MissingDependency>
      <MissingDependency>
        <Required type="2" schemaName="ovs_cdfiscalyearid" displayName="Fiscal Year" parentSchemaName="ovs_cdregionalnop" parentDisplayName="Regional NOP" solution="Active" />
        <Dependent type="60" displayName="Information" parentDisplayName="Regional NOP" id="{72439443-0dce-4ea0-8afe-d2cb17c679bc}" />
      </MissingDependency>
      <MissingDependency>
        <Required type="2" schemaName="ovs_cdnopid" displayName="NOP" parentSchemaName="ovs_cdregionalnop" parentDisplayName="Regional NOP" solution="Active" />
        <Dependent type="60" displayName="Information" parentDisplayName="Regional NOP" id="{72439443-0dce-4ea0-8afe-d2cb17c679bc}" />
      </MissingDependency>
      <MissingDependency>
        <Required type="2" schemaName="ovs_cdregionid" displayName="Region" parentSchemaName="ovs_cdregionalnop" parentDisplayName="Regional NOP" solution="Active" />
        <Dependent type="60" displayName="Information" parentDisplayName="Regional NOP" id="{72439443-0dce-4ea0-8afe-d2cb17c679bc}" />
      </MissingDependency>
      <MissingDependency>
        <Required type="2" schemaName="ovs_cdregionvariance" displayName="Region Variance" parentSchemaName="ovs_cdregionalnop" parentDisplayName="Regional NOP" solution="Active" />
        <Dependent type="60" displayName="Information" parentDisplayName="Regional NOP" id="{72439443-0dce-4ea0-8afe-d2cb17c679bc}" />
      </MissingDependency>
      <MissingDependency>
        <Required type="2" schemaName="ovs_cdwocvariance" displayName="HQ Variance" parentSchemaName="ovs_cdregionalnop" parentDisplayName="Regional NOP" solution="Active" />
        <Dependent type="60" displayName="Information" parentDisplayName="Regional NOP" id="{72439443-0dce-4ea0-8afe-d2cb17c679bc}" />
      </MissingDependency>
      <MissingDependency>
        <Required type="2" schemaName="ovs_name" displayName="Name" parentSchemaName="ovs_cdregionalnop" parentDisplayName="Regional NOP" solution="Active" />
        <Dependent type="60" displayName="Information" parentDisplayName="Regional NOP" id="{72439443-0dce-4ea0-8afe-d2cb17c679bc}" />
      </MissingDependency>
      <MissingDependency>
        <Required type="2" schemaName="ovs_plannedwoccount" displayName="Planned Capacity" parentSchemaName="ovs_cdregionalnop" parentDisplayName="Regional NOP" solution="Active" />
        <Dependent type="60" displayName="Information" parentDisplayName="Regional NOP" id="{72439443-0dce-4ea0-8afe-d2cb17c679bc}" />
      </MissingDependency>
      <MissingDependency>
        <Required type="2" schemaName="ovs_unplannedforecast" displayName="Unplanned Forecast" parentSchemaName="ovs_cdregionalnop" parentDisplayName="Regional NOP" solution="Active" />
        <Dependent type="60" displayName="Information" parentDisplayName="Regional NOP" id="{72439443-0dce-4ea0-8afe-d2cb17c679bc}" />
      </MissingDependency>
      <MissingDependency>
        <Required type="2" schemaName="ownerid" displayName="Owner" parentSchemaName="ovs_cdregionalnop" parentDisplayName="Regional NOP" solution="Active" />
        <Dependent type="60" displayName="Information" parentDisplayName="Regional NOP" id="{72439443-0dce-4ea0-8afe-d2cb17c679bc}" />
      </MissingDependency>
      <MissingDependency>
        <Required type="2" schemaName="createdby" displayName="Created By" parentSchemaName="ovs_confirmationofcompliance" parentDisplayName="Confirmation of Compliance" solution="Active" />
        <Dependent type="60" displayName="Information" parentDisplayName="Confirmation of Compliance" id="{6d118a87-79bb-48a8-975d-7399412af16a}" />
      </MissingDependency>
      <MissingDependency>
        <Required type="2" schemaName="createdon" displayName="Date Created" parentSchemaName="ovs_confirmationofcompliance" parentDisplayName="Confirmation of Compliance" solution="Active" />
        <Dependent type="60" displayName="Information" parentDisplayName="Confirmation of Compliance" id="{6d118a87-79bb-48a8-975d-7399412af16a}" />
      </MissingDependency>
      <MissingDependency>
        <Required type="2" schemaName="createdon" displayName="Date Created" parentSchemaName="ovs_confirmationofcompliance" parentDisplayName="Confirmation of Compliance" solution="Active" />
        <Dependent type="60" displayName="Information" parentDisplayName="Confirmation of Compliance" id="{edbbaaae-576b-4d73-8a32-342a8dcb5bea}" />
      </MissingDependency>
      <MissingDependency>
        <Required type="2" schemaName="description" displayName="Description" parentSchemaName="ovs_confirmationofcompliance" parentDisplayName="Confirmation of Compliance" solution="Active" />
        <Dependent type="60" displayName="Information" parentDisplayName="Confirmation of Compliance" id="{6d118a87-79bb-48a8-975d-7399412af16a}" />
      </MissingDependency>
      <MissingDependency>
        <Required type="2" schemaName="modifiedby" displayName="Modified By" parentSchemaName="ovs_confirmationofcompliance" parentDisplayName="Confirmation of Compliance" solution="Active" />
        <Dependent type="60" displayName="Information" parentDisplayName="Confirmation of Compliance" id="{6d118a87-79bb-48a8-975d-7399412af16a}" />
      </MissingDependency>
      <MissingDependency>
        <Required type="2" schemaName="modifiedon" displayName="Last Updated" parentSchemaName="ovs_confirmationofcompliance" parentDisplayName="Confirmation of Compliance" solution="Active" />
        <Dependent type="60" displayName="Information" parentDisplayName="Confirmation of Compliance" id="{6d118a87-79bb-48a8-975d-7399412af16a}" />
      </MissingDependency>
      <MissingDependency>
        <Required type="2" schemaName="ovs_daterequested" displayName="Date Requested" parentSchemaName="ovs_confirmationofcompliance" parentDisplayName="Confirmation of Compliance" solution="Active" />
        <Dependent type="60" displayName="Information" parentDisplayName="Confirmation of Compliance" id="{6d118a87-79bb-48a8-975d-7399412af16a}" />
      </MissingDependency>
      <MissingDependency>
        <Required type="2" schemaName="ovs_justificationtxt" displayName="Justification" parentSchemaName="ovs_confirmationofcompliance" parentDisplayName="Confirmation of Compliance" solution="Active" />
        <Dependent type="60" displayName="Information" parentDisplayName="Confirmation of Compliance" id="{6d118a87-79bb-48a8-975d-7399412af16a}" />
      </MissingDependency>
      <MissingDependency>
        <Required type="2" schemaName="ovs_violation" displayName="Violation" parentSchemaName="ovs_confirmationofcompliance" parentDisplayName="Confirmation of Compliance" solution="Active" />
        <Dependent type="60" displayName="Information" parentDisplayName="Confirmation of Compliance" id="{6d118a87-79bb-48a8-975d-7399412af16a}" />
      </MissingDependency>
      <MissingDependency>
        <Required type="2" schemaName="ownerid" displayName="Owner" parentSchemaName="ovs_confirmationofcompliance" parentDisplayName="Confirmation of Compliance" solution="Active" />
        <Dependent type="60" displayName="Information" parentDisplayName="Confirmation of Compliance" id="{6d118a87-79bb-48a8-975d-7399412af16a}" />
      </MissingDependency>
      <MissingDependency>
        <Required type="2" schemaName="ownerid" displayName="Owner" parentSchemaName="ovs_confirmationofcompliance" parentDisplayName="Confirmation of Compliance" solution="Active" />
        <Dependent type="60" displayName="Information" parentDisplayName="Confirmation of Compliance" id="{edbbaaae-576b-4d73-8a32-342a8dcb5bea}" />
      </MissingDependency>
      <MissingDependency>
        <Required type="2" schemaName="ownerid" displayName="Owner" parentSchemaName="ovs_confirmationofcompliance" parentDisplayName="Confirmation of Compliance" solution="Active" />
        <Dependent type="60" displayName="Information" parentDisplayName="Confirmation of Compliance" id="{f27f5f84-1653-4db6-87ca-8919aaaa9117}" />
      </MissingDependency>
      <MissingDependency>
        <Required type="2" schemaName="prioritycode" displayName="Priority" parentSchemaName="ovs_confirmationofcompliance" parentDisplayName="Confirmation of Compliance" solution="Active" />
        <Dependent type="60" displayName="Information" parentDisplayName="Confirmation of Compliance" id="{edbbaaae-576b-4d73-8a32-342a8dcb5bea}" />
      </MissingDependency>
      <MissingDependency>
        <Required type="2" schemaName="prioritycode" displayName="Priority" parentSchemaName="ovs_confirmationofcompliance" parentDisplayName="Confirmation of Compliance" solution="Active" />
        <Dependent type="60" displayName="Information" parentDisplayName="Confirmation of Compliance" id="{f27f5f84-1653-4db6-87ca-8919aaaa9117}" />
      </MissingDependency>
      <MissingDependency>
        <Required type="2" schemaName="regardingobjectid" displayName="Regarding" parentSchemaName="ovs_confirmationofcompliance" parentDisplayName="Confirmation of Compliance" solution="Active" />
        <Dependent type="60" displayName="Information" parentDisplayName="Confirmation of Compliance" id="{6d118a87-79bb-48a8-975d-7399412af16a}" />
      </MissingDependency>
      <MissingDependency>
        <Required type="2" schemaName="regardingobjectid" displayName="Regarding" parentSchemaName="ovs_confirmationofcompliance" parentDisplayName="Confirmation of Compliance" solution="Active" />
        <Dependent type="60" displayName="Information" parentDisplayName="Confirmation of Compliance" id="{edbbaaae-576b-4d73-8a32-342a8dcb5bea}" />
      </MissingDependency>
      <MissingDependency>
        <Required type="2" schemaName="regardingobjectid" displayName="Regarding" parentSchemaName="ovs_confirmationofcompliance" parentDisplayName="Confirmation of Compliance" solution="Active" />
        <Dependent type="60" displayName="Information" parentDisplayName="Confirmation of Compliance" id="{f27f5f84-1653-4db6-87ca-8919aaaa9117}" />
      </MissingDependency>
      <MissingDependency>
        <Required type="2" schemaName="scheduledend" displayName="Due Date" parentSchemaName="ovs_confirmationofcompliance" parentDisplayName="Confirmation of Compliance" solution="Active" />
        <Dependent type="60" displayName="Information" parentDisplayName="Confirmation of Compliance" id="{6d118a87-79bb-48a8-975d-7399412af16a}" />
      </MissingDependency>
      <MissingDependency>
        <Required type="2" schemaName="scheduledend" displayName="Due Date" parentSchemaName="ovs_confirmationofcompliance" parentDisplayName="Confirmation of Compliance" solution="Active" />
        <Dependent type="60" displayName="Information" parentDisplayName="Confirmation of Compliance" id="{edbbaaae-576b-4d73-8a32-342a8dcb5bea}" />
      </MissingDependency>
      <MissingDependency>
        <Required type="2" schemaName="scheduledend" displayName="Due Date" parentSchemaName="ovs_confirmationofcompliance" parentDisplayName="Confirmation of Compliance" solution="Active" />
        <Dependent type="60" displayName="Information" parentDisplayName="Confirmation of Compliance" id="{f27f5f84-1653-4db6-87ca-8919aaaa9117}" />
      </MissingDependency>
      <MissingDependency>
        <Required type="2" schemaName="statecode" displayName="Activity Status" parentSchemaName="ovs_confirmationofcompliance" parentDisplayName="Confirmation of Compliance" solution="Active" />
        <Dependent type="60" displayName="Information" parentDisplayName="Confirmation of Compliance" id="{6d118a87-79bb-48a8-975d-7399412af16a}" />
      </MissingDependency>
      <MissingDependency>
        <Required type="2" schemaName="statecode" displayName="Activity Status" parentSchemaName="ovs_confirmationofcompliance" parentDisplayName="Confirmation of Compliance" solution="Active" />
        <Dependent type="60" displayName="Information" parentDisplayName="Confirmation of Compliance" id="{f27f5f84-1653-4db6-87ca-8919aaaa9117}" />
      </MissingDependency>
      <MissingDependency>
        <Required type="2" schemaName="statuscode" displayName="Status Reason" parentSchemaName="ovs_confirmationofcompliance" parentDisplayName="Confirmation of Compliance" solution="Active" />
        <Dependent type="60" displayName="Information" parentDisplayName="Confirmation of Compliance" id="{6d118a87-79bb-48a8-975d-7399412af16a}" />
      </MissingDependency>
      <MissingDependency>
        <Required type="2" schemaName="statuscode" displayName="Status Reason" parentSchemaName="ovs_confirmationofcompliance" parentDisplayName="Confirmation of Compliance" solution="Active" />
        <Dependent type="60" displayName="Information" parentDisplayName="Confirmation of Compliance" id="{edbbaaae-576b-4d73-8a32-342a8dcb5bea}" />
      </MissingDependency>
      <MissingDependency>
        <Required type="2" schemaName="subject" displayName="Subject" parentSchemaName="ovs_confirmationofcompliance" parentDisplayName="Confirmation of Compliance" solution="Active" />
        <Dependent type="60" displayName="Information" parentDisplayName="Confirmation of Compliance" id="{6d118a87-79bb-48a8-975d-7399412af16a}" />
      </MissingDependency>
      <MissingDependency>
        <Required type="2" schemaName="subject" displayName="Subject" parentSchemaName="ovs_confirmationofcompliance" parentDisplayName="Confirmation of Compliance" solution="Active" />
        <Dependent type="60" displayName="Information" parentDisplayName="Confirmation of Compliance" id="{edbbaaae-576b-4d73-8a32-342a8dcb5bea}" />
      </MissingDependency>
      <MissingDependency>
        <Required type="2" schemaName="subject" displayName="Subject" parentSchemaName="ovs_confirmationofcompliance" parentDisplayName="Confirmation of Compliance" solution="Active" />
        <Dependent type="60" displayName="Information" parentDisplayName="Confirmation of Compliance" id="{f27f5f84-1653-4db6-87ca-8919aaaa9117}" />
      </MissingDependency>
      <MissingDependency>
        <Required type="2" schemaName="ovs_operationunnumberid" displayName="Operation UN Number" parentSchemaName="ovs_operationunnumber" parentDisplayName="Operation UN Number" solution="Active" />
        <Dependent type="26" schemaName="Operation UN Numbers (Active)" displayName="Operation UN Numbers (Active)" parentSchemaName="ovs_operationunnumber" parentDisplayName="Operation UN Number" id="{2e7c7b15-98b4-4cc3-a0da-0f193b0759d2}" />
      </MissingDependency>
      <MissingDependency>
        <Required type="2" schemaName="ovs_operationunnumberid" displayName="Operation UN Number" parentSchemaName="ovs_operationunnumber" parentDisplayName="Operation UN Number" solution="Active" />
        <Dependent type="26" schemaName="Operation UN Number Associated View" displayName="Operation UN Number Associated View" parentSchemaName="ovs_operationunnumber" parentDisplayName="Operation UN Number" id="{44a13666-9d8b-40cb-afbc-e1ff010b8911}" />
      </MissingDependency>
      <MissingDependency>
        <Required type="2" schemaName="ovs_supplychaindirection" displayName="Supply Chain Direction" parentSchemaName="ovs_operationunnumber" parentDisplayName="Operation UN Number" solution="Active" />
        <Dependent type="26" schemaName="Operation UN Numbers (Active)" displayName="Operation UN Numbers (Active)" parentSchemaName="ovs_operationunnumber" parentDisplayName="Operation UN Number" id="{2e7c7b15-98b4-4cc3-a0da-0f193b0759d2}" />
      </MissingDependency>
      <MissingDependency>
        <Required type="2" schemaName="ovs_supplychaindirection" displayName="Supply Chain Direction" parentSchemaName="ovs_operationunnumber" parentDisplayName="Operation UN Number" solution="Active" />
        <Dependent type="26" schemaName="Operation UN Number Associated View" displayName="Operation UN Number Associated View" parentSchemaName="ovs_operationunnumber" parentDisplayName="Operation UN Number" id="{44a13666-9d8b-40cb-afbc-e1ff010b8911}" />
      </MissingDependency>
      <MissingDependency>
        <Required type="2" schemaName="ovs_unnumber" displayName="UN Number" parentSchemaName="ovs_operationunnumber" parentDisplayName="Operation UN Number" solution="Active" />
        <Dependent type="26" schemaName="Operation UN Numbers (Active)" displayName="Operation UN Numbers (Active)" parentSchemaName="ovs_operationunnumber" parentDisplayName="Operation UN Number" id="{2e7c7b15-98b4-4cc3-a0da-0f193b0759d2}" />
      </MissingDependency>
      <MissingDependency>
        <Required type="2" schemaName="ovs_unnumber" displayName="UN Number" parentSchemaName="ovs_operationunnumber" parentDisplayName="Operation UN Number" solution="Active" />
        <Dependent type="26" schemaName="Operation UN Number Associated View" displayName="Operation UN Number Associated View" parentSchemaName="ovs_operationunnumber" parentDisplayName="Operation UN Number" id="{44a13666-9d8b-40cb-afbc-e1ff010b8911}" />
      </MissingDependency>
      <MissingDependency>
        <Required type="2" schemaName="statecode" displayName="Status" parentSchemaName="ovs_operationunnumber" parentDisplayName="Operation UN Number" solution="Active" />
        <Dependent type="26" schemaName="Operation UN Numbers (Active)" displayName="Operation UN Numbers (Active)" parentSchemaName="ovs_operationunnumber" parentDisplayName="Operation UN Number" id="{2e7c7b15-98b4-4cc3-a0da-0f193b0759d2}" />
      </MissingDependency>
      <MissingDependency>
        <Required type="2" schemaName="statecode" displayName="Status" parentSchemaName="ovs_operationunnumber" parentDisplayName="Operation UN Number" solution="Active" />
        <Dependent type="26" schemaName="Operation UN Number Associated View" displayName="Operation UN Number Associated View" parentSchemaName="ovs_operationunnumber" parentDisplayName="Operation UN Number" id="{44a13666-9d8b-40cb-afbc-e1ff010b8911}" />
      </MissingDependency>
      <MissingDependency>
        <Required type="2" schemaName="statecode" displayName="Status" parentSchemaName="tdg_unnumber" parentDisplayName="UN Number" solution="Active" />
        <Dependent type="26" schemaName="Operation UN Number Associated View" displayName="Operation UN Number Associated View" parentSchemaName="ovs_operationunnumber" parentDisplayName="Operation UN Number" id="{44a13666-9d8b-40cb-afbc-e1ff010b8911}" />
      </MissingDependency>
      <MissingDependency>
        <Required type="2" schemaName="tdg_primaryclasscd" displayName="Primary Class" parentSchemaName="tdg_unnumber" parentDisplayName="UN Number" solution="Active" />
        <Dependent type="26" schemaName="Operation UN Numbers (Active)" displayName="Operation UN Numbers (Active)" parentSchemaName="ovs_operationunnumber" parentDisplayName="Operation UN Number" id="{2e7c7b15-98b4-4cc3-a0da-0f193b0759d2}" />
      </MissingDependency>
      <MissingDependency>
        <Required type="2" schemaName="tdg_primaryclasscd" displayName="Primary Class" parentSchemaName="tdg_unnumber" parentDisplayName="UN Number" solution="Active" />
        <Dependent type="26" schemaName="Operation UN Number Associated View" displayName="Operation UN Number Associated View" parentSchemaName="ovs_operationunnumber" parentDisplayName="Operation UN Number" id="{44a13666-9d8b-40cb-afbc-e1ff010b8911}" />
      </MissingDependency>
      <MissingDependency>
        <Required type="2" schemaName="tdg_secondaryclasscd" displayName="Subsidiary Class" parentSchemaName="tdg_unnumber" parentDisplayName="UN Number" solution="Active" />
        <Dependent type="26" schemaName="Operation UN Numbers (Active)" displayName="Operation UN Numbers (Active)" parentSchemaName="ovs_operationunnumber" parentDisplayName="Operation UN Number" id="{2e7c7b15-98b4-4cc3-a0da-0f193b0759d2}" />
      </MissingDependency>
      <MissingDependency>
        <Required type="2" schemaName="tdg_secondaryclasscd" displayName="Subsidiary Class" parentSchemaName="tdg_unnumber" parentDisplayName="UN Number" solution="Active" />
        <Dependent type="26" schemaName="Operation UN Number Associated View" displayName="Operation UN Number Associated View" parentSchemaName="ovs_operationunnumber" parentDisplayName="Operation UN Number" id="{44a13666-9d8b-40cb-afbc-e1ff010b8911}" />
      </MissingDependency>
      <MissingDependency>
        <Required type="2" schemaName="tdg_shippingnamedescriptiontxt" displayName="Shipping Name and Description" parentSchemaName="tdg_unnumber" parentDisplayName="UN Number" solution="Active" />
        <Dependent type="26" schemaName="Operation UN Numbers (Active)" displayName="Operation UN Numbers (Active)" parentSchemaName="ovs_operationunnumber" parentDisplayName="Operation UN Number" id="{2e7c7b15-98b4-4cc3-a0da-0f193b0759d2}" />
      </MissingDependency>
      <MissingDependency>
        <Required type="2" schemaName="tdg_shippingnamedescriptiontxt" displayName="Shipping Name and Description" parentSchemaName="tdg_unnumber" parentDisplayName="UN Number" solution="Active" />
        <Dependent type="26" schemaName="Operation UN Number Associated View" displayName="Operation UN Number Associated View" parentSchemaName="ovs_operationunnumber" parentDisplayName="Operation UN Number" id="{44a13666-9d8b-40cb-afbc-e1ff010b8911}" />
      </MissingDependency>
      <MissingDependency>
        <Required type="2" schemaName="tdg_undisplayname" displayName="UN Display Name" parentSchemaName="tdg_unnumber" parentDisplayName="UN Number" solution="Active" />
        <Dependent type="26" schemaName="Operation UN Numbers (Active)" displayName="Operation UN Numbers (Active)" parentSchemaName="ovs_operationunnumber" parentDisplayName="Operation UN Number" id="{2e7c7b15-98b4-4cc3-a0da-0f193b0759d2}" />
      </MissingDependency>
      <MissingDependency>
        <Required type="2" schemaName="tdg_undisplayname" displayName="UN Display Name" parentSchemaName="tdg_unnumber" parentDisplayName="UN Number" solution="Active" />
        <Dependent type="26" schemaName="Operation UN Number Associated View" displayName="Operation UN Number Associated View" parentSchemaName="ovs_operationunnumber" parentDisplayName="Operation UN Number" id="{44a13666-9d8b-40cb-afbc-e1ff010b8911}" />
      </MissingDependency>
      <MissingDependency>
        <Required type="2" schemaName="tdg_unnumberid" displayName="UN Number" parentSchemaName="tdg_unnumber" parentDisplayName="UN Number" solution="Active" />
        <Dependent type="26" schemaName="Operation UN Numbers (Active)" displayName="Operation UN Numbers (Active)" parentSchemaName="ovs_operationunnumber" parentDisplayName="Operation UN Number" id="{2e7c7b15-98b4-4cc3-a0da-0f193b0759d2}" />
      </MissingDependency>
      <MissingDependency>
        <Required type="2" schemaName="tdg_unnumberid" displayName="UN Number" parentSchemaName="tdg_unnumber" parentDisplayName="UN Number" solution="Active" />
        <Dependent type="26" schemaName="Operation UN Number Associated View" displayName="Operation UN Number Associated View" parentSchemaName="ovs_operationunnumber" parentDisplayName="Operation UN Number" id="{44a13666-9d8b-40cb-afbc-e1ff010b8911}" />
      </MissingDependency>
      <MissingDependency>
        <Required type="26" schemaName="Questionnaire Result Lookup View" displayName="Questionnaire Result Lookup View" parentSchemaName="qm_syresult" parentDisplayName="Violation" solution="Active" id="{5c6ae1b8-ca16-41c7-8967-4a8073fb3b1b}" />
        <Dependent type="60" displayName="Information" parentDisplayName="Confirmation of Compliance" id="{6d118a87-79bb-48a8-975d-7399412af16a}" />
      </MissingDependency>
      <MissingDependency>
        <Required type="26" schemaName="Territories Lookup View" displayName="Territories Lookup View" parentSchemaName="territory" parentDisplayName="Region" solution="msdynce_AppCommon (9.0.4.0066)" id="{ad81b2ca-9789-4465-8c56-94c10830a6ed}">
          <package>msdynce_AppCommonAnchor (9.0.22022.10001)</package>
        </Required>
        <Dependent type="60" displayName="Information" parentDisplayName="Regional NOP" id="{72439443-0dce-4ea0-8afe-d2cb17c679bc}" />
      </MissingDependency>
      <MissingDependency>
        <Required type="26" schemaName="Import Work Order Candidates" displayName="Import Work Order Candidates" parentSchemaName="ovs_workordercandidate" parentDisplayName="Work Order Candidate" solution="Active" id="{ba8a6646-0c52-ec11-8f8e-000d3ae8eddc}" />
        <Dependent type="60" displayName="Information" parentDisplayName="Regional NOP" id="{72439443-0dce-4ea0-8afe-d2cb17c679bc}" />
      </MissingDependency>
      <MissingDependency>
        <Required type="26" schemaName="TCFiscalYear Lookup View" displayName="TCFiscalYear Lookup View" parentSchemaName="tc_tcfiscalyear" parentDisplayName="TCFiscalYear" solution="Active" id="{c2b848e9-8d49-4972-8e80-06a8b98802a1}" />
        <Dependent type="60" displayName="Information" parentDisplayName="Regional NOP" id="{72439443-0dce-4ea0-8afe-d2cb17c679bc}" />
      </MissingDependency>
      <MissingDependency>
        <Required type="26" schemaName="NOP Lookup View" displayName="NOP Lookup View" parentSchemaName="ovs_cdnop" parentDisplayName="NOP" solution="Active" id="{dc4e3577-07b5-4ee7-8c7f-2d6ac3df3d00}" />
        <Dependent type="60" displayName="Information" parentDisplayName="Regional NOP" id="{72439443-0dce-4ea0-8afe-d2cb17c679bc}" />
      </MissingDependency>
      <MissingDependency>
        <Required type="61" schemaName="ovs_confirmationofcompliance" displayName="ovs_confirmationofcompliance" solution="Active" />
        <Dependent type="60" displayName="Information" parentDisplayName="Confirmation of Compliance" id="{6d118a87-79bb-48a8-975d-7399412af16a}" />
      </MissingDependency>
      <MissingDependency>
        <Required type="61" schemaName="qm_globalHelper.js" displayName="qm_globalHelper.js" solution="Active" />
        <Dependent type="60" displayName="Information" parentDisplayName="Confirmation of Compliance" id="{6d118a87-79bb-48a8-975d-7399412af16a}" />
      </MissingDependency>
      <MissingDependency>
        <Required type="61" schemaName="qm_globalHelper.js" displayName="qm_globalHelper.js" solution="Active" />
        <Dependent type="60" displayName="Information" parentDisplayName="Regional NOP" id="{72439443-0dce-4ea0-8afe-d2cb17c679bc}" />
      </MissingDependency>
    </MissingDependencies>
  </SolutionManifest>
</ImportExportXml>