<ImportExportXml xmlns:xsi="http://www.w3.org/2001/XMLSchema-instance">
  <Entities></Entities>
  <Roles></Roles>
  <Workflows>
    <Workflow WorkflowId="{8b0e666c-eef7-ec11-82e4-000d3a848097}" Name="Specifications4SRF">
      <XamlFileName>/Workflows/Specifications4SRF-8B0E666C-EEF7-EC11-82E4-000D3A848097.xaml</XamlFileName>
      <Type>1</Type>
      <Subprocess>0</Subprocess>
      <Category>3</Category>
      <Mode>0</Mode>
      <Scope>4</Scope>
      <OnDemand>0</OnDemand>
      <TriggerOnCreate>0</TriggerOnCreate>
      <TriggerOnDelete>0</TriggerOnDelete>
      <AsyncAutodelete>0</AsyncAutodelete>
      <SyncWorkflowLogOnFailure>1</SyncWorkflowLogOnFailure>
      <StateCode>1</StateCode>
      <StatusCode>2</StatusCode>
      <CreateStage>40</CreateStage>
      <RunAs>1</RunAs>
      <SdkMessageId>{8d0e666c-eef7-ec11-82e4-000d3a848097}</SdkMessageId>
      <UniqueName>Specifications4SRF</UniqueName>
      <IsTransacted>1</IsTransacted>
      <IntroducedVersion>1.0.0.0</IntroducedVersion>
      <IsCustomizable>1</IsCustomizable>
      <BusinessProcessType>0</BusinessProcessType>
      <FormId>{00000000-0000-0000-0000-000000000000}</FormId>
      <IsCustomProcessingStepAllowedForOtherPublishers>1</IsCustomProcessingStepAllowedForOtherPublishers>
      <PrimaryEntity>none</PrimaryEntity>
      <LocalizedNames>
        <LocalizedName languagecode="1033" description="Specifications4SRF" />
      </LocalizedNames>
    </Workflow>
    <Workflow WorkflowId="{620d6659-a8fb-ec11-82e6-000d3a8483f6}" Name="AddSpecs2SRF">
      <XamlFileName>/Workflows/AddSpecs2SRF-620D6659-A8FB-EC11-82E6-000D3A8483F6.xaml</XamlFileName>
      <Type>1</Type>
      <Subprocess>0</Subprocess>
      <Category>3</Category>
      <Mode>0</Mode>
      <Scope>4</Scope>
      <OnDemand>0</OnDemand>
      <TriggerOnCreate>0</TriggerOnCreate>
      <TriggerOnDelete>0</TriggerOnDelete>
      <AsyncAutodelete>0</AsyncAutodelete>
      <SyncWorkflowLogOnFailure>1</SyncWorkflowLogOnFailure>
      <StateCode>1</StateCode>
      <StatusCode>2</StatusCode>
      <CreateStage>40</CreateStage>
      <RunAs>1</RunAs>
      <SdkMessageId>{640d6659-a8fb-ec11-82e6-000d3a8483f6}</SdkMessageId>
      <UniqueName>AddSpecs2SRF</UniqueName>
      <IsTransacted>1</IsTransacted>
      <IntroducedVersion>1.0.0.0</IntroducedVersion>
      <IsCustomizable>1</IsCustomizable>
      <BusinessProcessType>0</BusinessProcessType>
      <FormId>{00000000-0000-0000-0000-000000000000}</FormId>
      <IsCustomProcessingStepAllowedForOtherPublishers>1</IsCustomProcessingStepAllowedForOtherPublishers>
      <PrimaryEntity>none</PrimaryEntity>
      <LocalizedNames>
        <LocalizedName languagecode="1033" description="AddSpecs2SRF" />
      </LocalizedNames>
    </Workflow>
    <Workflow WorkflowId="{37b591d4-dc26-43e6-bbd0-821e930b34ec}" Name="WorkOrderCompleteEvent">
      <XamlFileName>/Workflows/WorkOrderCompleteEvent-37B591D4-DC26-43E6-BBD0-821E930B34EC.xaml</XamlFileName>
      <Type>1</Type>
      <Subprocess>0</Subprocess>
      <Category>3</Category>
      <Mode>0</Mode>
      <Scope>1</Scope>
      <OnDemand>0</OnDemand>
      <TriggerOnCreate>1</TriggerOnCreate>
      <TriggerOnDelete>0</TriggerOnDelete>
      <AsyncAutodelete>0</AsyncAutodelete>
      <SyncWorkflowLogOnFailure>1</SyncWorkflowLogOnFailure>
      <StateCode>1</StateCode>
      <StatusCode>2</StatusCode>
      <CreateStage>40</CreateStage>
      <RunAs>1</RunAs>
      <SdkMessageId>{a26c6a4f-420f-ed11-b83d-000d3a84cfdd}</SdkMessageId>
      <UniqueName>WorkOrderCompleteEvent</UniqueName>
      <IsTransacted>1</IsTransacted>
      <IntroducedVersion>1.0.0.3</IntroducedVersion>
      <IsCustomizable>1</IsCustomizable>
      <FormId>{00000000-0000-0000-0000-000000000000}</FormId>
      <IsCustomProcessingStepAllowedForOtherPublishers>1</IsCustomProcessingStepAllowedForOtherPublishers>
      <PrimaryEntity>msdyn_workorder</PrimaryEntity>
      <LocalizedNames>
        <LocalizedName languagecode="1033" description="WorkOrderCompleteEvent" />
      </LocalizedNames>
    </Workflow>
    <Workflow WorkflowId="{30dec97e-e71d-4fbc-8684-f556edccb294}" Name="Operations4SRF">
      <XamlFileName>/Workflows/Operations4SRF-30DEC97E-E71D-4FBC-8684-F556EDCCB294.xaml</XamlFileName>
      <Type>1</Type>
      <Subprocess>0</Subprocess>
      <Category>3</Category>
      <Mode>0</Mode>
      <Scope>4</Scope>
      <OnDemand>0</OnDemand>
      <TriggerOnCreate>0</TriggerOnCreate>
      <TriggerOnDelete>0</TriggerOnDelete>
      <AsyncAutodelete>0</AsyncAutodelete>
      <SyncWorkflowLogOnFailure>1</SyncWorkflowLogOnFailure>
      <StateCode>1</StateCode>
      <StatusCode>2</StatusCode>
      <CreateStage>40</CreateStage>
      <RunAs>1</RunAs>
      <SdkMessageId>{5c8bb2e1-8c3e-ed11-bba2-0022483d0343}</SdkMessageId>
      <UniqueName>Operations4SRF</UniqueName>
      <IsTransacted>1</IsTransacted>
      <IntroducedVersion>1.0.0.6</IntroducedVersion>
      <IsCustomizable>1</IsCustomizable>
      <FormId>{00000000-0000-0000-0000-000000000000}</FormId>
      <IsCustomProcessingStepAllowedForOtherPublishers>1</IsCustomProcessingStepAllowedForOtherPublishers>
      <PrimaryEntity>none</PrimaryEntity>
      <LocalizedNames>
        <LocalizedName languagecode="1033" description="Operations4SRF" />
      </LocalizedNames>
    </Workflow>
    <Workflow WorkflowId="{e3c67137-cb2e-4e47-967d-2bd9d0972e49}" Name="AddOperations2SRF">
      <XamlFileName>/Workflows/AddOperations2SRF-E3C67137-CB2E-4E47-967D-2BD9D0972E49.xaml</XamlFileName>
      <Type>1</Type>
      <Subprocess>0</Subprocess>
      <Category>3</Category>
      <Mode>0</Mode>
      <Scope>4</Scope>
      <OnDemand>0</OnDemand>
      <TriggerOnCreate>0</TriggerOnCreate>
      <TriggerOnDelete>0</TriggerOnDelete>
      <AsyncAutodelete>0</AsyncAutodelete>
      <SyncWorkflowLogOnFailure>1</SyncWorkflowLogOnFailure>
      <StateCode>1</StateCode>
      <StatusCode>2</StatusCode>
      <CreateStage>40</CreateStage>
      <RunAs>1</RunAs>
      <SdkMessageId>{c862ecb3-8e3e-ed11-bba2-0022483d0343}</SdkMessageId>
      <UniqueName>AddOperations2SRF</UniqueName>
      <IsTransacted>1</IsTransacted>
      <IntroducedVersion>1.0.0.6</IntroducedVersion>
      <IsCustomizable>1</IsCustomizable>
      <FormId>{00000000-0000-0000-0000-000000000000}</FormId>
      <IsCustomProcessingStepAllowedForOtherPublishers>1</IsCustomProcessingStepAllowedForOtherPublishers>
      <PrimaryEntity>none</PrimaryEntity>
      <LocalizedNames>
        <LocalizedName languagecode="1033" description="AddOperations2SRF" />
      </LocalizedNames>
    </Workflow>
    <Workflow WorkflowId="{ab643042-646f-4670-9b62-fd5e2f9dcd98}" Name="AddDesigns2SRF">
      <XamlFileName>/Workflows/AddDesigns2SRF-AB643042-646F-4670-9B62-FD5E2F9DCD98.xaml</XamlFileName>
      <Type>1</Type>
      <Subprocess>0</Subprocess>
      <Category>3</Category>
      <Mode>0</Mode>
      <Scope>4</Scope>
      <OnDemand>0</OnDemand>
      <TriggerOnCreate>0</TriggerOnCreate>
      <TriggerOnDelete>0</TriggerOnDelete>
      <AsyncAutodelete>0</AsyncAutodelete>
      <SyncWorkflowLogOnFailure>1</SyncWorkflowLogOnFailure>
      <StateCode>1</StateCode>
      <StatusCode>2</StatusCode>
      <CreateStage>40</CreateStage>
      <RunAs>1</RunAs>
      <SdkMessageId>{7e30f8dc-db7f-ed11-81ad-0022483d0343}</SdkMessageId>
      <UniqueName>AddDesigns2SRF</UniqueName>
      <IsTransacted>1</IsTransacted>
      <IntroducedVersion>1.0.0.0</IntroducedVersion>
      <IsCustomizable>1</IsCustomizable>
      <FormId>{00000000-0000-0000-0000-000000000000}</FormId>
      <IsCustomProcessingStepAllowedForOtherPublishers>1</IsCustomProcessingStepAllowedForOtherPublishers>
      <PrimaryEntity>none</PrimaryEntity>
      <LocalizedNames>
        <LocalizedName languagecode="1033" description="AddDesigns2SRF" />
      </LocalizedNames>
    </Workflow>
    <Workflow WorkflowId="{d4cff13d-f069-4c80-82a9-1b9933dff37f}" Name="Designs4SRF">
      <XamlFileName>/Workflows/Designs4SRF-D4CFF13D-F069-4C80-82A9-1B9933DFF37F.xaml</XamlFileName>
      <Type>1</Type>
      <Subprocess>0</Subprocess>
      <Category>3</Category>
      <Mode>0</Mode>
      <Scope>4</Scope>
      <OnDemand>0</OnDemand>
      <TriggerOnCreate>0</TriggerOnCreate>
      <TriggerOnDelete>0</TriggerOnDelete>
      <AsyncAutodelete>0</AsyncAutodelete>
      <SyncWorkflowLogOnFailure>1</SyncWorkflowLogOnFailure>
      <StateCode>1</StateCode>
      <StatusCode>2</StatusCode>
      <CreateStage>40</CreateStage>
      <RunAs>1</RunAs>
      <SdkMessageId>{de4222e5-dd7f-ed11-81ad-0022483d0343}</SdkMessageId>
      <UniqueName>Designs4SRF</UniqueName>
      <IsTransacted>1</IsTransacted>
      <IntroducedVersion>1.0.0.0</IntroducedVersion>
      <IsCustomizable>1</IsCustomizable>
      <FormId>{00000000-0000-0000-0000-000000000000}</FormId>
      <IsCustomProcessingStepAllowedForOtherPublishers>1</IsCustomProcessingStepAllowedForOtherPublishers>
      <PrimaryEntity>none</PrimaryEntity>
      <LocalizedNames>
        <LocalizedName languagecode="1033" description="Designs4SRF" />
      </LocalizedNames>
    </Workflow>
    <Workflow WorkflowId="{96173b6f-5d8c-ed11-81ad-0022483d0343}" Name="AddEquipment2SR">
      <XamlFileName>/Workflows/AddEquipment2SR-96173B6F-5D8C-ED11-81AD-0022483D0343.xaml</XamlFileName>
      <Type>1</Type>
      <Subprocess>0</Subprocess>
      <Category>3</Category>
      <Mode>0</Mode>
      <Scope>4</Scope>
      <OnDemand>0</OnDemand>
      <TriggerOnCreate>0</TriggerOnCreate>
      <TriggerOnDelete>0</TriggerOnDelete>
      <AsyncAutodelete>0</AsyncAutodelete>
      <SyncWorkflowLogOnFailure>1</SyncWorkflowLogOnFailure>
      <StateCode>1</StateCode>
      <StatusCode>2</StatusCode>
      <CreateStage>40</CreateStage>
      <RunAs>1</RunAs>
      <SdkMessageId>{97173b6f-5d8c-ed11-81ad-0022483d0343}</SdkMessageId>
      <UniqueName>AddEquipment2SR</UniqueName>
      <IsTransacted>1</IsTransacted>
      <IntroducedVersion>1.0.0.8</IntroducedVersion>
      <IsCustomizable>1</IsCustomizable>
      <BusinessProcessType>0</BusinessProcessType>
      <FormId>{00000000-0000-0000-0000-000000000000}</FormId>
      <IsCustomProcessingStepAllowedForOtherPublishers>1</IsCustomProcessingStepAllowedForOtherPublishers>
      <PrimaryEntity>none</PrimaryEntity>
      <LocalizedNames>
        <LocalizedName languagecode="1033" description="AddEquipment2SR" />
      </LocalizedNames>
    </Workflow>
    <Workflow WorkflowId="{8fc7069f-5e8c-ed11-81ad-0022483d0343}" Name="Equipments4SR">
      <XamlFileName>/Workflows/Equipments4SR-8FC7069F-5E8C-ED11-81AD-0022483D0343.xaml</XamlFileName>
      <Type>1</Type>
      <Subprocess>0</Subprocess>
      <Category>3</Category>
      <Mode>0</Mode>
      <Scope>4</Scope>
      <OnDemand>0</OnDemand>
      <TriggerOnCreate>0</TriggerOnCreate>
      <TriggerOnDelete>0</TriggerOnDelete>
      <AsyncAutodelete>0</AsyncAutodelete>
      <SyncWorkflowLogOnFailure>1</SyncWorkflowLogOnFailure>
      <StateCode>1</StateCode>
      <StatusCode>2</StatusCode>
      <CreateStage>40</CreateStage>
      <RunAs>1</RunAs>
      <SdkMessageId>{90c7069f-5e8c-ed11-81ad-0022483d0343}</SdkMessageId>
      <UniqueName>Equipments4SR</UniqueName>
      <IsTransacted>1</IsTransacted>
      <IntroducedVersion>1.0.0.8</IntroducedVersion>
      <IsCustomizable>1</IsCustomizable>
      <BusinessProcessType>0</BusinessProcessType>
      <FormId>{00000000-0000-0000-0000-000000000000}</FormId>
      <IsCustomProcessingStepAllowedForOtherPublishers>1</IsCustomProcessingStepAllowedForOtherPublishers>
      <PrimaryEntity>none</PrimaryEntity>
      <LocalizedNames>
        <LocalizedName languagecode="1033" description="Equipments4SR" />
      </LocalizedNames>
    </Workflow>
    <Workflow WorkflowId="{8282f295-7cbf-4232-9744-3a6fb9afa12b}" Name="AddRegulationsToSR">
      <XamlFileName>/Workflows/AddRegulationsToSR-8282F295-7CBF-4232-9744-3A6FB9AFA12B.xaml</XamlFileName>
      <Type>1</Type>
      <Subprocess>0</Subprocess>
      <Category>3</Category>
      <Mode>0</Mode>
      <Scope>4</Scope>
      <OnDemand>0</OnDemand>
      <TriggerOnCreate>0</TriggerOnCreate>
      <TriggerOnDelete>0</TriggerOnDelete>
      <AsyncAutodelete>0</AsyncAutodelete>
      <SyncWorkflowLogOnFailure>1</SyncWorkflowLogOnFailure>
      <StateCode>1</StateCode>
      <StatusCode>2</StatusCode>
      <CreateStage>40</CreateStage>
      <RunAs>1</RunAs>
      <SdkMessageId>{a202f938-888c-ed11-81ac-0022483e130e}</SdkMessageId>
      <UniqueName>AddRegulationsToSR</UniqueName>
      <IsTransacted>1</IsTransacted>
      <IntroducedVersion>1.0.0.8</IntroducedVersion>
      <IsCustomizable>1</IsCustomizable>
      <FormId>{00000000-0000-0000-0000-000000000000}</FormId>
      <IsCustomProcessingStepAllowedForOtherPublishers>1</IsCustomProcessingStepAllowedForOtherPublishers>
      <PrimaryEntity>none</PrimaryEntity>
      <LocalizedNames>
        <LocalizedName languagecode="1033" description="AddRegulationsToSR" />
      </LocalizedNames>
    </Workflow>
    <Workflow WorkflowId="{e9d5fcf9-11a3-4f05-9cde-8695390592ee}" Name="Regulations4SRF">
      <XamlFileName>/Workflows/Regulations4SRF-E9D5FCF9-11A3-4F05-9CDE-8695390592EE.xaml</XamlFileName>
      <Type>1</Type>
      <Subprocess>0</Subprocess>
      <Category>3</Category>
      <Mode>0</Mode>
      <Scope>4</Scope>
      <OnDemand>0</OnDemand>
      <TriggerOnCreate>0</TriggerOnCreate>
      <TriggerOnDelete>0</TriggerOnDelete>
      <AsyncAutodelete>0</AsyncAutodelete>
      <SyncWorkflowLogOnFailure>1</SyncWorkflowLogOnFailure>
      <StateCode>1</StateCode>
      <StatusCode>2</StatusCode>
      <CreateStage>40</CreateStage>
      <RunAs>1</RunAs>
      <SdkMessageId>{7d33e353-8a8c-ed11-81ac-0022483e130e}</SdkMessageId>
      <UniqueName>Regulations4SRF</UniqueName>
      <IsTransacted>1</IsTransacted>
      <IntroducedVersion>1.0.0.8</IntroducedVersion>
      <IsCustomizable>1</IsCustomizable>
      <FormId>{00000000-0000-0000-0000-000000000000}</FormId>
      <IsCustomProcessingStepAllowedForOtherPublishers>1</IsCustomProcessingStepAllowedForOtherPublishers>
      <PrimaryEntity>none</PrimaryEntity>
      <LocalizedNames>
        <LocalizedName languagecode="1033" description="Regulations4SRF" />
      </LocalizedNames>
    </Workflow>
    <Workflow WorkflowId="{26b7aafa-7c65-4e0f-9394-6c88c186558a}" Name="ListContainerFunctions">
      <XamlFileName>/Workflows/ListContainerFunctions-26B7AAFA-7C65-4E0F-9394-6C88C186558A.xaml</XamlFileName>
      <Type>1</Type>
      <Subprocess>0</Subprocess>
      <Category>3</Category>
      <Mode>0</Mode>
      <Scope>4</Scope>
      <OnDemand>0</OnDemand>
      <TriggerOnCreate>0</TriggerOnCreate>
      <TriggerOnDelete>0</TriggerOnDelete>
      <AsyncAutodelete>0</AsyncAutodelete>
      <SyncWorkflowLogOnFailure>1</SyncWorkflowLogOnFailure>
      <StateCode>1</StateCode>
      <StatusCode>2</StatusCode>
      <CreateStage>40</CreateStage>
      <RunAs>1</RunAs>
      <SdkMessageId>{b570a6c2-fe91-ed11-aad1-0022483d0343}</SdkMessageId>
      <UniqueName>ListContainerFunctions</UniqueName>
      <IsTransacted>1</IsTransacted>
      <IntroducedVersion>1.0.0.10</IntroducedVersion>
      <IsCustomizable>1</IsCustomizable>
      <FormId>{00000000-0000-0000-0000-000000000000}</FormId>
      <IsCustomProcessingStepAllowedForOtherPublishers>1</IsCustomProcessingStepAllowedForOtherPublishers>
      <PrimaryEntity>none</PrimaryEntity>
      <LocalizedNames>
        <LocalizedName languagecode="1033" description="ListContainerFunctions" />
      </LocalizedNames>
    </Workflow>
    <Workflow WorkflowId="{9c1588ea-2ec5-4f94-9fe4-4b7945846af4}" Name="AutoGenerateFunctions">
      <XamlFileName>/Workflows/AutoGenerateFunctions-9C1588EA-2EC5-4F94-9FE4-4B7945846AF4.xaml</XamlFileName>
      <Type>1</Type>
      <Subprocess>0</Subprocess>
      <Category>3</Category>
      <Mode>0</Mode>
      <Scope>4</Scope>
      <OnDemand>0</OnDemand>
      <TriggerOnCreate>0</TriggerOnCreate>
      <TriggerOnDelete>0</TriggerOnDelete>
      <AsyncAutodelete>0</AsyncAutodelete>
      <SyncWorkflowLogOnFailure>1</SyncWorkflowLogOnFailure>
      <StateCode>1</StateCode>
      <StatusCode>2</StatusCode>
      <CreateStage>40</CreateStage>
      <RunAs>1</RunAs>
      <SdkMessageId>{a23d9d17-1092-ed11-aad1-0022483d0343}</SdkMessageId>
      <UniqueName>AutoGenerateFunctions</UniqueName>
      <IsTransacted>1</IsTransacted>
      <IntroducedVersion>1.0.0.10</IntroducedVersion>
      <IsCustomizable>1</IsCustomizable>
      <FormId>{00000000-0000-0000-0000-000000000000}</FormId>
      <IsCustomProcessingStepAllowedForOtherPublishers>1</IsCustomProcessingStepAllowedForOtherPublishers>
      <PrimaryEntity>none</PrimaryEntity>
      <LocalizedNames>
        <LocalizedName languagecode="1033" description="AutoGenerateFunctions" />
      </LocalizedNames>
    </Workflow>
  </Workflows>
  <FieldSecurityProfiles></FieldSecurityProfiles>
  <Templates />
  <EntityMaps />
  <EntityRelationships />
  <OrganizationSettings />
  <optionsets />
  <CustomControls />
  <SolutionPluginAssemblies>
    <PluginAssembly FullName="TC.PowerApps.FDR.CustomActions, Version=1.0.0.0, Culture=neutral, PublicKeyToken=d339dc25e504ddc1" PluginAssemblyId="54fee580-f0fd-47b7-847a-016f0ed1aa35" CustomizationLevel="1">
      <IsolationMode>2</IsolationMode>
      <SourceType>0</SourceType>
      <IntroducedVersion>1.0</IntroducedVersion>
      <FileName>/PluginAssemblies/TCPowerAppsFDRCustomActions-54FEE580-F0FD-47B7-847A-016F0ED1AA35/TCPowerAppsFDRCustomActions.dll</FileName>
      <PluginTypes>
        <PluginType AssemblyQualifiedName="TC.PowerApps.FDR.CustomActions.Design.AddDesign2SRF, TC.PowerApps.FDR.CustomActions, Version=1.0.0.0, Culture=neutral, PublicKeyToken=d339dc25e504ddc1" PluginTypeId="4cfa153f-083f-44f8-ad59-ab851b9df201" Name="TC.PowerApps.FDR.CustomActions.Design.AddDesign2SRF">
          <FriendlyName>996a36bd-41d4-48cc-921e-282ce256cac6</FriendlyName>
        </PluginType>
        <PluginType AssemblyQualifiedName="TC.PowerApps.FDR.CustomActions.Design.ListOfDesignsPost, TC.PowerApps.FDR.CustomActions, Version=1.0.0.0, Culture=neutral, PublicKeyToken=d339dc25e504ddc1" PluginTypeId="18d605ee-6990-49ea-969e-2733060bd3b0" Name="TC.PowerApps.FDR.CustomActions.Design.ListOfDesignsPost">
          <FriendlyName>a771895f-1205-4b66-91be-1c5d484c8ff2</FriendlyName>
        </PluginType>
        <PluginType AssemblyQualifiedName="TC.PowerApps.FDR.CustomActions.Equipments.AddEquipments2SR, TC.PowerApps.FDR.CustomActions, Version=1.0.0.0, Culture=neutral, PublicKeyToken=d339dc25e504ddc1" PluginTypeId="6819cd2a-404b-4e4b-9519-cf10e279e909" Name="TC.PowerApps.FDR.CustomActions.Equipments.AddEquipments2SR">
          <FriendlyName>35bb349b-62b3-4234-81b8-94503140006e</FriendlyName>
        </PluginType>
        <PluginType AssemblyQualifiedName="TC.PowerApps.FDR.CustomActions.Equipments.ListOfEquipments, TC.PowerApps.FDR.CustomActions, Version=1.0.0.0, Culture=neutral, PublicKeyToken=d339dc25e504ddc1" PluginTypeId="44c65514-6d97-4d87-8d6a-e61687707b9f" Name="TC.PowerApps.FDR.CustomActions.Equipments.ListOfEquipments">
          <FriendlyName>61ca8752-2b70-4572-8ab2-0062fbd9f8f4</FriendlyName>
        </PluginType>
        <PluginType AssemblyQualifiedName="TC.PowerApps.FDR.CustomActions.Operations.AddOperations2SRF, TC.PowerApps.FDR.CustomActions, Version=1.0.0.0, Culture=neutral, PublicKeyToken=d339dc25e504ddc1" PluginTypeId="9ec24704-0ea0-4cc2-81d8-f72d64b6f5e6" Name="TC.PowerApps.FDR.CustomActions.Operations.AddOperations2SRF">
          <FriendlyName>7dadbbff-a475-4d94-8138-aca5a977ad19</FriendlyName>
        </PluginType>
        <PluginType AssemblyQualifiedName="TC.PowerApps.FDR.CustomActions.Operations.ListOfOperationsPost, TC.PowerApps.FDR.CustomActions, Version=1.0.0.0, Culture=neutral, PublicKeyToken=d339dc25e504ddc1" PluginTypeId="e5cc95d6-fe55-4bc8-a36d-23f4b15e2bb9" Name="TC.PowerApps.FDR.CustomActions.Operations.ListOfOperationsPost">
          <FriendlyName>3240efd1-773c-48e2-96af-a34f5d890dee</FriendlyName>
        </PluginType>
        <PluginType AssemblyQualifiedName="TC.PowerApps.FDR.CustomActions.RegulatoryRequirements.AddRegs2SR, TC.PowerApps.FDR.CustomActions, Version=1.0.0.0, Culture=neutral, PublicKeyToken=d339dc25e504ddc1" PluginTypeId="9cc8ab49-fa93-48fc-b46f-77a2e4d6467b" Name="TC.PowerApps.FDR.CustomActions.RegulatoryRequirements.AddRegs2SR">
          <FriendlyName>e38de31d-1e3c-4fe8-9cee-fc1c3a7c9d5c</FriendlyName>
        </PluginType>
        <PluginType AssemblyQualifiedName="TC.PowerApps.FDR.CustomActions.RegulatoryRequirements.ListOfRegsPost, TC.PowerApps.FDR.CustomActions, Version=1.0.0.0, Culture=neutral, PublicKeyToken=d339dc25e504ddc1" PluginTypeId="08cacd23-2b77-40f5-9a19-494c45fcc253" Name="TC.PowerApps.FDR.CustomActions.RegulatoryRequirements.ListOfRegsPost">
          <FriendlyName>462caecc-26eb-4940-be31-319c01afdfb7</FriendlyName>
        </PluginType>
        <PluginType AssemblyQualifiedName="TC.PowerApps.FDR.CustomActions.ServiceRequest.AutoGenerateFunctions, TC.PowerApps.FDR.CustomActions, Version=1.0.0.0, Culture=neutral, PublicKeyToken=d339dc25e504ddc1" PluginTypeId="07b4da23-70bd-4183-903c-b9382e0fb843" Name="TC.PowerApps.FDR.CustomActions.ServiceRequest.AutoGenerateFunctions">
          <FriendlyName>720ca0d9-2ee5-498a-8959-4b883ecc85cb</FriendlyName>
        </PluginType>
        <PluginType AssemblyQualifiedName="TC.PowerApps.FDR.CustomActions.ServiceRequest.ListOfContainerFunctions, TC.PowerApps.FDR.CustomActions, Version=1.0.0.0, Culture=neutral, PublicKeyToken=d339dc25e504ddc1" PluginTypeId="9480a743-6a40-4c53-8136-22f3c9953a99" Name="TC.PowerApps.FDR.CustomActions.ServiceRequest.ListOfContainerFunctions">
          <FriendlyName>074ebc72-1a5b-4418-9554-fcf1f7daced7</FriendlyName>
        </PluginType>
        <PluginType AssemblyQualifiedName="TC.PowerApps.FDR.CustomActions.Specifications.AddSpecs2SRF, TC.PowerApps.FDR.CustomActions, Version=1.0.0.0, Culture=neutral, PublicKeyToken=d339dc25e504ddc1" PluginTypeId="19d8527b-b4cb-451b-9296-08bec5b4bf0a" Name="TC.PowerApps.FDR.CustomActions.Specifications.AddSpecs2SRF">
          <FriendlyName>de9e6793-99b2-47ce-a7fe-23940a49a064</FriendlyName>
        </PluginType>
        <PluginType AssemblyQualifiedName="TC.PowerApps.FDR.CustomActions.Specifications.ListOfSpecsPost, TC.PowerApps.FDR.CustomActions, Version=1.0.0.0, Culture=neutral, PublicKeyToken=d339dc25e504ddc1" PluginTypeId="e49ed0e5-2b6e-4698-9715-c56a4c0f1c7d" Name="TC.PowerApps.FDR.CustomActions.Specifications.ListOfSpecsPost">
          <FriendlyName>f507e0af-7dbb-44a0-9f21-67e9948abdd0</FriendlyName>
        </PluginType>
      </PluginTypes>
    </PluginAssembly>
  </SolutionPluginAssemblies>
  <SdkMessageProcessingSteps>
    <SdkMessageProcessingStep Name="TC.PowerApps.FDR.CustomActions.Design.AddDesign2SRF: fdr_AddDesigns2SRF of any Entity" SdkMessageProcessingStepId="{829396bb-e27f-ed11-81ac-0022483e130e}">
      <SdkMessageId>7e30f8dc-db7f-ed11-81ad-0022483d0343</SdkMessageId>
      <PluginTypeName>TC.PowerApps.FDR.CustomActions.Design.AddDesign2SRF, TC.PowerApps.FDR.CustomActions, Version=1.0.0.0, Culture=neutral, PublicKeyToken=d339dc25e504ddc1</PluginTypeName>
      <PluginTypeId>4cfa153f-083f-44f8-ad59-ab851b9df201</PluginTypeId>
      <AsyncAutoDelete>0</AsyncAutoDelete>
      <Description>TC.PowerApps.FDR.CustomActions.Design.AddDesign2SRF: fdr_AddDesigns2SRF of any Entity</Description>
      <FilteringAttributes></FilteringAttributes>
      <InvocationSource>0</InvocationSource>
      <Mode>0</Mode>
      <Rank>1</Rank>
      <EventHandlerTypeCode>4602</EventHandlerTypeCode>
      <Stage>40</Stage>
      <IsCustomizable>1</IsCustomizable>
      <IsHidden>0</IsHidden>
      <SupportedDeployment>0</SupportedDeployment>
      <IntroducedVersion>1.0</IntroducedVersion>
      <SdkMessageProcessingStepImages />
    </SdkMessageProcessingStep>
    <SdkMessageProcessingStep Name="TC.PowerApps.FDR.CustomActions.Design.ListOfDesignsPost: fdr_Designs4SRF of any Entity" SdkMessageProcessingStepId="{43e11fd7-e27f-ed11-81ad-0022483d0343}">
      <SdkMessageId>de4222e5-dd7f-ed11-81ad-0022483d0343</SdkMessageId>
      <PluginTypeName>TC.PowerApps.FDR.CustomActions.Design.ListOfDesignsPost, TC.PowerApps.FDR.CustomActions, Version=1.0.0.0, Culture=neutral, PublicKeyToken=d339dc25e504ddc1</PluginTypeName>
      <PluginTypeId>18d605ee-6990-49ea-969e-2733060bd3b0</PluginTypeId>
      <AsyncAutoDelete>0</AsyncAutoDelete>
      <Description>TC.PowerApps.FDR.CustomActions.Design.ListOfDesignsPost: fdr_Designs4SRF of any Entity</Description>
      <FilteringAttributes></FilteringAttributes>
      <InvocationSource>0</InvocationSource>
      <Mode>0</Mode>
      <Rank>1</Rank>
      <EventHandlerTypeCode>4602</EventHandlerTypeCode>
      <Stage>40</Stage>
      <IsCustomizable>1</IsCustomizable>
      <IsHidden>0</IsHidden>
      <SupportedDeployment>0</SupportedDeployment>
      <IntroducedVersion>1.0</IntroducedVersion>
      <SdkMessageProcessingStepImages />
    </SdkMessageProcessingStep>
    <SdkMessageProcessingStep Name="TC.PowerApps.FDR.CustomActions.Equipments.AddEquipments2SR: fdr_AddEquipment2SR of any Entity" SdkMessageProcessingStepId="{10316905-608c-ed11-81ac-0022483e130e}">
      <SdkMessageId>97173b6f-5d8c-ed11-81ad-0022483d0343</SdkMessageId>
      <PluginTypeName>TC.PowerApps.FDR.CustomActions.Equipments.AddEquipments2SR, TC.PowerApps.FDR.CustomActions, Version=1.0.0.0, Culture=neutral, PublicKeyToken=d339dc25e504ddc1</PluginTypeName>
      <PluginTypeId>6819cd2a-404b-4e4b-9519-cf10e279e909</PluginTypeId>
      <AsyncAutoDelete>0</AsyncAutoDelete>
      <Description>TC.PowerApps.FDR.CustomActions.Equipments.AddEquipments2SR: fdr_AddEquipment2SR of any Entity</Description>
      <FilteringAttributes></FilteringAttributes>
      <InvocationSource>0</InvocationSource>
      <Mode>0</Mode>
      <Rank>1</Rank>
      <EventHandlerTypeCode>4602</EventHandlerTypeCode>
      <Stage>40</Stage>
      <IsCustomizable>1</IsCustomizable>
      <IsHidden>0</IsHidden>
      <SupportedDeployment>0</SupportedDeployment>
      <IntroducedVersion>1.0</IntroducedVersion>
      <SdkMessageProcessingStepImages />
    </SdkMessageProcessingStep>
    <SdkMessageProcessingStep Name="TC.PowerApps.FDR.CustomActions.Equipments.ListOfEquipments: fdr_Equipments4SR of any Entity" SdkMessageProcessingStepId="{c6de5937-608c-ed11-81ad-0022483d0343}">
      <SdkMessageId>90c7069f-5e8c-ed11-81ad-0022483d0343</SdkMessageId>
      <PluginTypeName>TC.PowerApps.FDR.CustomActions.Equipments.ListOfEquipments, TC.PowerApps.FDR.CustomActions, Version=1.0.0.0, Culture=neutral, PublicKeyToken=d339dc25e504ddc1</PluginTypeName>
      <PluginTypeId>44c65514-6d97-4d87-8d6a-e61687707b9f</PluginTypeId>
      <AsyncAutoDelete>0</AsyncAutoDelete>
      <Description>TC.PowerApps.FDR.CustomActions.Equipments.ListOfEquipments: fdr_Equipments4SR of any Entity</Description>
      <FilteringAttributes></FilteringAttributes>
      <InvocationSource>0</InvocationSource>
      <Mode>0</Mode>
      <Rank>1</Rank>
      <EventHandlerTypeCode>4602</EventHandlerTypeCode>
      <Stage>40</Stage>
      <IsCustomizable>1</IsCustomizable>
      <IsHidden>0</IsHidden>
      <SupportedDeployment>0</SupportedDeployment>
      <IntroducedVersion>1.0</IntroducedVersion>
      <SdkMessageProcessingStepImages />
    </SdkMessageProcessingStep>
    <SdkMessageProcessingStep Name="TC.PowerApps.FDR.CustomActions.Operations.AddOperations2SRF: fdr_AddOperations2SRF of any Entity" SdkMessageProcessingStepId="{b7faf9eb-913e-ed11-bba2-0022483d0343}">
      <SdkMessageId>c862ecb3-8e3e-ed11-bba2-0022483d0343</SdkMessageId>
      <PluginTypeName>TC.PowerApps.FDR.CustomActions.Operations.AddOperations2SRF, TC.PowerApps.FDR.CustomActions, Version=1.0.0.0, Culture=neutral, PublicKeyToken=d339dc25e504ddc1</PluginTypeName>
      <PluginTypeId>9ec24704-0ea0-4cc2-81d8-f72d64b6f5e6</PluginTypeId>
      <AsyncAutoDelete>0</AsyncAutoDelete>
      <Description>TC.PowerApps.FDR.CustomActions.Operations.AddOperations2SRF: fdr_AddOperations2SRF of any Entity</Description>
      <FilteringAttributes></FilteringAttributes>
      <InvocationSource>0</InvocationSource>
      <Mode>0</Mode>
      <Rank>1</Rank>
      <EventHandlerTypeCode>4602</EventHandlerTypeCode>
      <Stage>40</Stage>
      <IsCustomizable>1</IsCustomizable>
      <IsHidden>0</IsHidden>
      <SupportedDeployment>0</SupportedDeployment>
      <IntroducedVersion>1.0</IntroducedVersion>
      <SdkMessageProcessingStepImages />
    </SdkMessageProcessingStep>
    <SdkMessageProcessingStep Name="TC.PowerApps.FDR.CustomActions.Operations.ListOfOperationsPost: fdr_Operations4SRF of any Entity" SdkMessageProcessingStepId="{3725822c-923e-ed11-bba2-0022483d0343}">
      <SdkMessageId>5c8bb2e1-8c3e-ed11-bba2-0022483d0343</SdkMessageId>
      <PluginTypeName>TC.PowerApps.FDR.CustomActions.Operations.ListOfOperationsPost, TC.PowerApps.FDR.CustomActions, Version=1.0.0.0, Culture=neutral, PublicKeyToken=d339dc25e504ddc1</PluginTypeName>
      <PluginTypeId>e5cc95d6-fe55-4bc8-a36d-23f4b15e2bb9</PluginTypeId>
      <AsyncAutoDelete>0</AsyncAutoDelete>
      <Description>TC.PowerApps.FDR.CustomActions.Operations.ListOfOperationsPost: fdr_Operations4SRF of any Entity</Description>
      <FilteringAttributes></FilteringAttributes>
      <InvocationSource>0</InvocationSource>
      <Mode>0</Mode>
      <Rank>1</Rank>
      <EventHandlerTypeCode>4602</EventHandlerTypeCode>
      <Stage>40</Stage>
      <IsCustomizable>1</IsCustomizable>
      <IsHidden>0</IsHidden>
      <SupportedDeployment>0</SupportedDeployment>
      <IntroducedVersion>1.0</IntroducedVersion>
      <SdkMessageProcessingStepImages />
    </SdkMessageProcessingStep>
    <SdkMessageProcessingStep Name="TC.PowerApps.FDR.CustomActions.RegulatoryRequirements.AddRegs2SR: fdr_AddRegulationsToSR of any Entity" SdkMessageProcessingStepId="{87819795-1d8d-ed11-81ad-0022483d0343}">
      <SdkMessageId>a202f938-888c-ed11-81ac-0022483e130e</SdkMessageId>
      <PluginTypeName>TC.PowerApps.FDR.CustomActions.RegulatoryRequirements.AddRegs2SR, TC.PowerApps.FDR.CustomActions, Version=1.0.0.0, Culture=neutral, PublicKeyToken=d339dc25e504ddc1</PluginTypeName>
      <PluginTypeId>9cc8ab49-fa93-48fc-b46f-77a2e4d6467b</PluginTypeId>
      <AsyncAutoDelete>0</AsyncAutoDelete>
      <Description>TC.PowerApps.FDR.CustomActions.RegulatoryRequirements.AddRegs2SR: fdr_AddRegulationsToSR of any Entity</Description>
      <FilteringAttributes></FilteringAttributes>
      <InvocationSource>0</InvocationSource>
      <Mode>0</Mode>
      <Rank>1</Rank>
      <EventHandlerTypeCode>4602</EventHandlerTypeCode>
      <Stage>40</Stage>
      <IsCustomizable>1</IsCustomizable>
      <IsHidden>0</IsHidden>
      <SupportedDeployment>0</SupportedDeployment>
      <IntroducedVersion>1.0</IntroducedVersion>
      <SdkMessageProcessingStepImages />
    </SdkMessageProcessingStep>
    <SdkMessageProcessingStep Name="TC.PowerApps.FDR.CustomActions.RegulatoryRequirements.ListOfRegsPost: fdr_Regulations4SRF of any Entity" SdkMessageProcessingStepId="{99f5c936-0e8d-ed11-81ac-0022483e130e}">
      <SdkMessageId>7d33e353-8a8c-ed11-81ac-0022483e130e</SdkMessageId>
      <PluginTypeName>TC.PowerApps.FDR.CustomActions.RegulatoryRequirements.ListOfRegsPost, TC.PowerApps.FDR.CustomActions, Version=1.0.0.0, Culture=neutral, PublicKeyToken=d339dc25e504ddc1</PluginTypeName>
      <PluginTypeId>08cacd23-2b77-40f5-9a19-494c45fcc253</PluginTypeId>
      <AsyncAutoDelete>0</AsyncAutoDelete>
      <Description>TC.PowerApps.FDR.CustomActions.RegulatoryRequirements.ListOfRegsPost: fdr_Regulations4SRF of any Entity</Description>
      <FilteringAttributes></FilteringAttributes>
      <InvocationSource>0</InvocationSource>
      <Mode>0</Mode>
      <Rank>1</Rank>
      <EventHandlerTypeCode>4602</EventHandlerTypeCode>
      <Stage>40</Stage>
      <IsCustomizable>1</IsCustomizable>
      <IsHidden>0</IsHidden>
      <SupportedDeployment>0</SupportedDeployment>
      <IntroducedVersion>1.0</IntroducedVersion>
      <SdkMessageProcessingStepImages />
    </SdkMessageProcessingStep>
    <SdkMessageProcessingStep Name="TC.PowerApps.FDR.CustomActions.ServiceRequest.AutoGenerateFunctions: fdr_AutoGenerateFunctions of any Entity" SdkMessageProcessingStepId="{e0db9392-1092-ed11-aad0-0022483e130e}">
      <SdkMessageId>a23d9d17-1092-ed11-aad1-0022483d0343</SdkMessageId>
      <PluginTypeName>TC.PowerApps.FDR.CustomActions.ServiceRequest.AutoGenerateFunctions, TC.PowerApps.FDR.CustomActions, Version=1.0.0.0, Culture=neutral, PublicKeyToken=d339dc25e504ddc1</PluginTypeName>
      <PluginTypeId>07b4da23-70bd-4183-903c-b9382e0fb843</PluginTypeId>
      <AsyncAutoDelete>0</AsyncAutoDelete>
      <Description>TC.PowerApps.FDR.CustomActions.ServiceRequest.AutoGenerateFunctions: fdr_AutoGenerateFunctions of any Entity</Description>
      <FilteringAttributes></FilteringAttributes>
      <InvocationSource>0</InvocationSource>
      <Mode>0</Mode>
      <Rank>1</Rank>
      <EventHandlerTypeCode>4602</EventHandlerTypeCode>
      <Stage>40</Stage>
      <IsCustomizable>1</IsCustomizable>
      <IsHidden>0</IsHidden>
      <SupportedDeployment>0</SupportedDeployment>
      <IntroducedVersion>1.0</IntroducedVersion>
      <SdkMessageProcessingStepImages />
    </SdkMessageProcessingStep>
    <SdkMessageProcessingStep Name="TC.PowerApps.FDR.CustomActions.ServiceRequest.ListOfContainerFunctions: fdr_ListContainerFunctions of any Entity" SdkMessageProcessingStepId="{0ad922f5-0392-ed11-aad0-0022483e130e}">
      <SdkMessageId>b570a6c2-fe91-ed11-aad1-0022483d0343</SdkMessageId>
      <PluginTypeName>TC.PowerApps.FDR.CustomActions.ServiceRequest.ListOfContainerFunctions, TC.PowerApps.FDR.CustomActions, Version=1.0.0.0, Culture=neutral, PublicKeyToken=d339dc25e504ddc1</PluginTypeName>
      <PluginTypeId>9480a743-6a40-4c53-8136-22f3c9953a99</PluginTypeId>
      <AsyncAutoDelete>0</AsyncAutoDelete>
      <Description>TC.PowerApps.FDR.CustomActions.ServiceRequest.ListOfContainerFunctions: fdr_ListContainerFunctions of any Entity</Description>
      <FilteringAttributes></FilteringAttributes>
      <InvocationSource>0</InvocationSource>
      <Mode>0</Mode>
      <Rank>1</Rank>
      <EventHandlerTypeCode>4602</EventHandlerTypeCode>
      <Stage>40</Stage>
      <IsCustomizable>1</IsCustomizable>
      <IsHidden>0</IsHidden>
      <SupportedDeployment>0</SupportedDeployment>
      <IntroducedVersion>1.0</IntroducedVersion>
      <SdkMessageProcessingStepImages />
    </SdkMessageProcessingStep>
    <SdkMessageProcessingStep Name="TC.PowerApps.FDR.CustomActions.Specifications.AddSpecs2SRF: fdr_AddSpecs2SRF of any Entity" SdkMessageProcessingStepId="{811aba5d-a9fb-ec11-82e6-000d3a8483f6}">
      <SdkMessageId>640d6659-a8fb-ec11-82e6-000d3a8483f6</SdkMessageId>
      <PluginTypeName>TC.PowerApps.FDR.CustomActions.Specifications.AddSpecs2SRF, TC.PowerApps.FDR.CustomActions, Version=1.0.0.0, Culture=neutral, PublicKeyToken=d339dc25e504ddc1</PluginTypeName>
      <PluginTypeId>19d8527b-b4cb-451b-9296-08bec5b4bf0a</PluginTypeId>
      <AsyncAutoDelete>0</AsyncAutoDelete>
      <Description>TC.PowerApps.FDR.CustomActions.Specifications.AddSpecs2SRF: fdr_AddSpecs2SRF of any Entity</Description>
      <FilteringAttributes></FilteringAttributes>
      <InvocationSource>0</InvocationSource>
      <Mode>0</Mode>
      <Rank>1</Rank>
      <EventHandlerTypeCode>4602</EventHandlerTypeCode>
      <Stage>40</Stage>
      <IsCustomizable>1</IsCustomizable>
      <IsHidden>0</IsHidden>
      <SupportedDeployment>0</SupportedDeployment>
      <IntroducedVersion>1.0</IntroducedVersion>
      <SdkMessageProcessingStepImages />
    </SdkMessageProcessingStep>
    <SdkMessageProcessingStep Name="TC.PowerApps.FDR.CustomActions.Specifications.ListOfSpecsPost: fdr_Specifications4SRF of any Entity" SdkMessageProcessingStepId="{d6bd316b-eff7-ec11-82e4-000d3a8483f6}">
      <SdkMessageId>8d0e666c-eef7-ec11-82e4-000d3a848097</SdkMessageId>
      <PluginTypeName>TC.PowerApps.FDR.CustomActions.Specifications.ListOfSpecsPost, TC.PowerApps.FDR.CustomActions, Version=1.0.0.0, Culture=neutral, PublicKeyToken=d339dc25e504ddc1</PluginTypeName>
      <PluginTypeId>e49ed0e5-2b6e-4698-9715-c56a4c0f1c7d</PluginTypeId>
      <AsyncAutoDelete>0</AsyncAutoDelete>
      <Description>TC.PowerApps.FDR.CustomActions.Specifications.ListOfSpecsPost: fdr_Specifications4SRF of any Entity</Description>
      <FilteringAttributes></FilteringAttributes>
      <InvocationSource>0</InvocationSource>
      <Mode>0</Mode>
      <Rank>1</Rank>
      <EventHandlerTypeCode>4602</EventHandlerTypeCode>
      <Stage>40</Stage>
      <IsCustomizable>1</IsCustomizable>
      <IsHidden>0</IsHidden>
      <SupportedDeployment>0</SupportedDeployment>
      <IntroducedVersion>1.0</IntroducedVersion>
      <SdkMessageProcessingStepImages />
    </SdkMessageProcessingStep>
  </SdkMessageProcessingSteps>
  <EntityDataProviders />
  <Languages>
    <Language>1033</Language>
    <Language>1036</Language>
  </Languages>
</ImportExportXml>