<ImportExportXml version="9.2.23013.172" SolutionPackageVersion="9.2" languagecode="1033" generatedBy="CrmLive" xmlns:xsi="http://www.w3.org/2001/XMLSchema-instance">
  <SolutionManifest>
    <UniqueName>FDRCustomActions</UniqueName>
    <LocalizedNames>
      <LocalizedName description="FDR.CustomActions" languagecode="1033" />
    </LocalizedNames>
    <Descriptions />
    <Version>1.0.0.12</Version>
    <Managed>1</Managed>
    <Publisher>
      <UniqueName>FDR</UniqueName>
      <LocalizedNames>
        <LocalizedName description="Facility and Design Registration" languagecode="1033" />
        <LocalizedName description="Registre des installations et conceptions" languagecode="1036" />
      </LocalizedNames>
      <Descriptions>
        <Description description="TDG Core Facility and Design Registration" languagecode="1033" />
        <Description description="Registre des installations et conceptions du Noyau TMD" languagecode="1036" />
      </Descriptions>
      <EMailAddress xsi:nil="true"></EMailAddress>
      <SupportingWebsiteUrl xsi:nil="true"></SupportingWebsiteUrl>
      <CustomizationPrefix>fdr</CustomizationPrefix>
      <CustomizationOptionValuePrefix>79460</CustomizationOptionValuePrefix>
      <Addresses>
        <Address>
          <AddressNumber>1</AddressNumber>
          <AddressTypeCode>1</AddressTypeCode>
          <City xsi:nil="true"></City>
          <County xsi:nil="true"></County>
          <Country xsi:nil="true"></Country>
          <Fax xsi:nil="true"></Fax>
          <FreightTermsCode xsi:nil="true"></FreightTermsCode>
          <ImportSequenceNumber xsi:nil="true"></ImportSequenceNumber>
          <Latitude xsi:nil="true"></Latitude>
          <Line1 xsi:nil="true"></Line1>
          <Line2 xsi:nil="true"></Line2>
          <Line3 xsi:nil="true"></Line3>
          <Longitude xsi:nil="true"></Longitude>
          <Name xsi:nil="true"></Name>
          <PostalCode xsi:nil="true"></PostalCode>
          <PostOfficeBox xsi:nil="true"></PostOfficeBox>
          <PrimaryContactName xsi:nil="true"></PrimaryContactName>
          <ShippingMethodCode>1</ShippingMethodCode>
          <StateOrProvince xsi:nil="true"></StateOrProvince>
          <Telephone1 xsi:nil="true"></Telephone1>
          <Telephone2 xsi:nil="true"></Telephone2>
          <Telephone3 xsi:nil="true"></Telephone3>
          <TimeZoneRuleVersionNumber xsi:nil="true"></TimeZoneRuleVersionNumber>
          <UPSZone xsi:nil="true"></UPSZone>
          <UTCOffset xsi:nil="true"></UTCOffset>
          <UTCConversionTimeZoneCode xsi:nil="true"></UTCConversionTimeZoneCode>
        </Address>
        <Address>
          <AddressNumber>2</AddressNumber>
          <AddressTypeCode>1</AddressTypeCode>
          <City xsi:nil="true"></City>
          <County xsi:nil="true"></County>
          <Country xsi:nil="true"></Country>
          <Fax xsi:nil="true"></Fax>
          <FreightTermsCode xsi:nil="true"></FreightTermsCode>
          <ImportSequenceNumber xsi:nil="true"></ImportSequenceNumber>
          <Latitude xsi:nil="true"></Latitude>
          <Line1 xsi:nil="true"></Line1>
          <Line2 xsi:nil="true"></Line2>
          <Line3 xsi:nil="true"></Line3>
          <Longitude xsi:nil="true"></Longitude>
          <Name xsi:nil="true"></Name>
          <PostalCode xsi:nil="true"></PostalCode>
          <PostOfficeBox xsi:nil="true"></PostOfficeBox>
          <PrimaryContactName xsi:nil="true"></PrimaryContactName>
          <ShippingMethodCode>1</ShippingMethodCode>
          <StateOrProvince xsi:nil="true"></StateOrProvince>
          <Telephone1 xsi:nil="true"></Telephone1>
          <Telephone2 xsi:nil="true"></Telephone2>
          <Telephone3 xsi:nil="true"></Telephone3>
          <TimeZoneRuleVersionNumber xsi:nil="true"></TimeZoneRuleVersionNumber>
          <UPSZone xsi:nil="true"></UPSZone>
          <UTCOffset xsi:nil="true"></UTCOffset>
          <UTCConversionTimeZoneCode xsi:nil="true"></UTCConversionTimeZoneCode>
        </Address>
      </Addresses>
    </Publisher>
    <RootComponents>
      <RootComponent type="29" id="{26b7aafa-7c65-4e0f-9394-6c88c186558a}" behavior="0" />
      <RootComponent type="29" id="{30dec97e-e71d-4fbc-8684-f556edccb294}" behavior="0" />
      <RootComponent type="29" id="{37b591d4-dc26-43e6-bbd0-821e930b34ec}" behavior="0" />
      <RootComponent type="29" id="{620d6659-a8fb-ec11-82e6-000d3a8483f6}" behavior="0" />
      <RootComponent type="29" id="{8282f295-7cbf-4232-9744-3a6fb9afa12b}" behavior="0" />
      <RootComponent type="29" id="{8b0e666c-eef7-ec11-82e4-000d3a848097}" behavior="0" />
      <RootComponent type="29" id="{8fc7069f-5e8c-ed11-81ad-0022483d0343}" behavior="0" />
      <RootComponent type="29" id="{96173b6f-5d8c-ed11-81ad-0022483d0343}" behavior="0" />
      <RootComponent type="29" id="{9c1588ea-2ec5-4f94-9fe4-4b7945846af4}" behavior="0" />
      <RootComponent type="29" id="{ab643042-646f-4670-9b62-fd5e2f9dcd98}" behavior="0" />
      <RootComponent type="29" id="{d4cff13d-f069-4c80-82a9-1b9933dff37f}" behavior="0" />
      <RootComponent type="29" id="{e3c67137-cb2e-4e47-967d-2bd9d0972e49}" behavior="0" />
      <RootComponent type="29" id="{e9d5fcf9-11a3-4f05-9cde-8695390592ee}" behavior="0" />
      <RootComponent type="91" id="{54fee580-f0fd-47b7-847a-016f0ed1aa35}" schemaName="TC.PowerApps.FDR.CustomActions, Version=1.0.0.0, Culture=neutral, PublicKeyToken=d339dc25e504ddc1" behavior="0" />
      <RootComponent type="92" id="{0ad922f5-0392-ed11-aad0-0022483e130e}" behavior="0" />
      <RootComponent type="92" id="{10316905-608c-ed11-81ac-0022483e130e}" behavior="0" />
      <RootComponent type="92" id="{3725822c-923e-ed11-bba2-0022483d0343}" behavior="0" />
      <RootComponent type="92" id="{43e11fd7-e27f-ed11-81ad-0022483d0343}" behavior="0" />
      <RootComponent type="92" id="{811aba5d-a9fb-ec11-82e6-000d3a8483f6}" behavior="0" />
      <RootComponent type="92" id="{829396bb-e27f-ed11-81ac-0022483e130e}" behavior="0" />
      <RootComponent type="92" id="{87819795-1d8d-ed11-81ad-0022483d0343}" behavior="0" />
      <RootComponent type="92" id="{99f5c936-0e8d-ed11-81ac-0022483e130e}" behavior="0" />
      <RootComponent type="92" id="{b7faf9eb-913e-ed11-bba2-0022483d0343}" behavior="0" />
      <RootComponent type="92" id="{c6de5937-608c-ed11-81ad-0022483d0343}" behavior="0" />
      <RootComponent type="92" id="{d6bd316b-eff7-ec11-82e4-000d3a8483f6}" behavior="0" />
      <RootComponent type="92" id="{e0db9392-1092-ed11-aad0-0022483e130e}" behavior="0" />
    </RootComponents>
    <MissingDependencies>
      <MissingDependency>
        <Required type="1" schemaName="msdyn_workorder" displayName="Work Order" solution="FieldService (8.8.0.88)">
          <package>FieldService_Anchor (8.8.82.35)</package>
        </Required>
        <Dependent type="29" displayName="WorkOrderCompleteEvent" id="{37b591d4-dc26-43e6-bbd0-821e930b34ec}" />
      </MissingDependency>
      <MissingDependency>
        <Required type="2" schemaName="msdyn_name" displayName="Work Order Number" parentSchemaName="msdyn_workorder" parentDisplayName="Work Order" solution="FieldService (8.8.0.88)">
          <package>FieldService_Anchor (8.8.82.35)</package>
        </Required>
        <Dependent type="29" displayName="WorkOrderCompleteEvent" id="{37b591d4-dc26-43e6-bbd0-821e930b34ec}" />
      </MissingDependency>
      <MissingDependency>
        <Required type="2" schemaName="msdyn_workorderid" displayName="WO Number" parentSchemaName="msdyn_workorder" parentDisplayName="Work Order" solution="FieldService (8.8.0.88)">
          <package>FieldService_Anchor (8.8.82.35)</package>
        </Required>
        <Dependent type="29" displayName="WorkOrderCompleteEvent" id="{37b591d4-dc26-43e6-bbd0-821e930b34ec}" />
      </MissingDependency>
    </MissingDependencies>
  </SolutionManifest>
</ImportExportXml>