<ImportExportXml xmlns:xsi="http://www.w3.org/2001/XMLSchema-instance">
  <Entities></Entities>
  <Roles>
    <Role id="{6b799c8f-dd4f-ed11-bba3-0022483d0343}" name="CID User" isinherited="1">
      <IsCustomizable>1</IsCustomizable>
      <RolePrivileges>
        <RolePrivilege name="prvActivateSynchronousWorkflow" level="Basic" />
        <RolePrivilege name="prvAddressBook" level="Global" />
        <RolePrivilege name="prvAppendAccount" level="Basic" />
        <RolePrivilege name="prvAppendActionCard" level="Basic" />
        <RolePrivilege name="prvAppendActivity" level="Basic" />
        <RolePrivilege name="prvAppendArticle" level="Global" />
        <RolePrivilege name="prvAppendCalendar" level="Local" />
        <RolePrivilege name="prvAppendCategory" level="Global" />
        <RolePrivilege name="prvAppendChannelPropertyGroup" level="Global" />
        <RolePrivilege name="prvAppendcid_BulkActivityLogsDetails" level="Global" />
        <RolePrivilege name="prvAppendcid_BulkActivitylogSummary" level="Global" />
        <RolePrivilege name="prvAppendcid_invitation" level="Deep" />
        <RolePrivilege name="prvAppendConnection" level="Global" />
        <RolePrivilege name="prvAppendContact" level="Basic" />
        <RolePrivilege name="prvAppendConvertRule" level="Global" />
        <RolePrivilege name="prvAppendCustomerRelationship" level="Basic" />
        <RolePrivilege name="prvAppendEmailTemplate" level="Local" />
        <RolePrivilege name="prvAppendExpiredProcess" level="Global" />
        <RolePrivilege name="prvAppendFeedback" level="Basic" />
        <RolePrivilege name="prvAppendImport" level="Basic" />
        <RolePrivilege name="prvAppendImportFile" level="Basic" />
        <RolePrivilege name="prvAppendImportMap" level="Local" />
        <RolePrivilege name="prvAppendKnowledgeArticle" level="Global" />
        <RolePrivilege name="prvAppendKnowledgeArticleViews" level="Global" />
        <RolePrivilege name="prvAppendKnowledgeBaseRecord" level="Global" />
        <RolePrivilege name="prvAppendLanguageLocale" level="Global" />
        <RolePrivilege name="prvAppendMailbox" level="Basic" />
        <RolePrivilege name="prvAppendMailboxTrackingFolder" level="Basic" />
        <RolePrivilege name="prvAppendMailMergeTemplate" level="Basic" />
        <RolePrivilege name="prvAppendmsdyn_actioncardregarding" level="Basic" />
        <RolePrivilege name="prvAppendmsdyn_actioncardrolesetting" level="Basic" />
        <RolePrivilege name="prvAppendmsdyn_AIBFeedbackLoop" level="Basic" />
        <RolePrivilege name="prvAppendmsdyn_entityrankingrule" level="Basic" />
        <RolePrivilege name="prvAppendmsdyn_flowcardtype" level="Basic" />
        <RolePrivilege name="prvAppendmsdyn_kbattachment" level="Global" />
        <RolePrivilege name="prvAppendmsdyn_salesinsightssettings" level="Basic" />
        <RolePrivilege name="prvAppendNewProcess" level="Global" />
        <RolePrivilege name="prvAppendNote" level="Basic" />
        <RolePrivilege name="prvAppendPersonalDocumentTemplate" level="Basic" />
        <RolePrivilege name="prvAppendPost" level="Global" />
        <RolePrivilege name="prvAppendPostFollow" level="Basic" />
        <RolePrivilege name="prvAppendReport" level="Basic" />
        <RolePrivilege name="prvAppendRoutingRule" level="Global" />
        <RolePrivilege name="prvAppendsharedobject" level="Global" />
        <RolePrivilege name="prvAppendsharedworkspace" level="Global" />
        <RolePrivilege name="prvAppendSharePointData" level="Global" />
        <RolePrivilege name="prvAppendSharePointDocument" level="Global" />
        <RolePrivilege name="prvAppendSharePointDocumentLocation" level="Global" />
        <RolePrivilege name="prvAppendSLA" level="Basic" />
        <RolePrivilege name="prvAppendSLAKPIInstance" level="Basic" />
        <RolePrivilege name="prvAppendSocialProfile" level="Basic" />
        <RolePrivilege name="prvAppendSyncError" level="Basic" />
        <RolePrivilege name="prvAppendToAccount" level="Basic" />
        <RolePrivilege name="prvAppendToActionCard" level="Global" />
        <RolePrivilege name="prvAppendToActivity" level="Basic" />
        <RolePrivilege name="prvAppendToadx_invitation" level="Global" />
        <RolePrivilege name="prvAppendToArticleTemplate" level="Global" />
        <RolePrivilege name="prvAppendToAsyncOperation" level="Basic" />
        <RolePrivilege name="prvAppendToCalendar" level="Global" />
        <RolePrivilege name="prvAppendtoCategory" level="Global" />
        <RolePrivilege name="prvAppendToChannelPropertyGroup" level="Global" />
        <RolePrivilege name="prvAppendTocid_BulkActivityLogsDetails" level="Global" />
        <RolePrivilege name="prvAppendTocid_BulkActivitylogSummary" level="Global" />
        <RolePrivilege name="prvAppendTocid_invitation" level="Deep" />
        <RolePrivilege name="prvAppendToConnection" level="Global" />
        <RolePrivilege name="prvAppendToContact" level="Basic" />
        <RolePrivilege name="prvAppendToConvertRule" level="Global" />
        <RolePrivilege name="prvAppendToCustomerRelationship" level="Basic" />
        <RolePrivilege name="prvAppendToEmailServerProfile" level="Global" />
        <RolePrivilege name="prvAppendToExpanderEvent" level="Global" />
        <RolePrivilege name="prvAppendToExpiredProcess" level="Global" />
        <RolePrivilege name="prvAppendToFeedback" level="Basic" />
        <RolePrivilege name="prvAppendToImport" level="Basic" />
        <RolePrivilege name="prvAppendToImportFile" level="Basic" />
        <RolePrivilege name="prvAppendToImportMap" level="Local" />
        <RolePrivilege name="prvAppendToKnowledgeArticle" level="Global" />
        <RolePrivilege name="prvAppendToKnowledgeArticleViews" level="Global" />
        <RolePrivilege name="prvAppendToKnowledgeBaseRecord" level="Global" />
        <RolePrivilege name="prvAppendToLanguageLocale" level="Global" />
        <RolePrivilege name="prvAppendToMailMergeTemplate" level="Basic" />
        <RolePrivilege name="prvAppendTomsdyn_actioncardregarding" level="Global" />
        <RolePrivilege name="prvAppendTomsdyn_actioncardrolesetting" level="Global" />
        <RolePrivilege name="prvAppendTomsdyn_AIModel" level="Basic" />
        <RolePrivilege name="prvAppendTomsdyn_entityrankingrule" level="Global" />
        <RolePrivilege name="prvAppendTomsdyn_flowcardtype" level="Global" />
        <RolePrivilege name="prvAppendTomsdyn_kbattachment" level="Global" />
        <RolePrivilege name="prvAppendTomsdyn_salesinsightssettings" level="Global" />
        <RolePrivilege name="prvAppendToNewProcess" level="Global" />
        <RolePrivilege name="prvAppendToNote" level="Basic" />
        <RolePrivilege name="prvAppendToPersonalDocumentTemplate" level="Basic" />
        <RolePrivilege name="prvAppendToPost" level="Global" />
        <RolePrivilege name="prvAppendToQueue" level="Basic" />
        <RolePrivilege name="prvAppendToReport" level="Basic" />
        <RolePrivilege name="prvAppendToRoutingRule" level="Global" />
        <RolePrivilege name="prvAppendTosharedobject" level="Global" />
        <RolePrivilege name="prvAppendTosharedworkspace" level="Global" />
        <RolePrivilege name="prvAppendToSharePointData" level="Global" />
        <RolePrivilege name="prvAppendToSharePointDocument" level="Global" />
        <RolePrivilege name="prvAppendToSharePointDocumentLocation" level="Global" />
        <RolePrivilege name="prvAppendToSharePointSite" level="Global" />
        <RolePrivilege name="prvAppendToSLA" level="Basic" />
        <RolePrivilege name="prvAppendToSLAKPIInstance" level="Basic" />
        <RolePrivilege name="prvAppendToSocialProfile" level="Basic" />
        <RolePrivilege name="prvAppendToSyncError" level="Basic" />
        <RolePrivilege name="prvAppendToTraceLog" level="Global" />
        <RolePrivilege name="prvAppendToTransactionCurrency" level="Global" />
        <RolePrivilege name="prvAppendToTranslationProcess" level="Global" />
        <RolePrivilege name="prvAppendToUser" level="Local" />
        <RolePrivilege name="prvAppendToUserSettings" level="Local" />
        <RolePrivilege name="prvAppendToWorkflow" level="Global" />
        <RolePrivilege name="prvAppendToWorkflowSession" level="Basic" />
        <RolePrivilege name="prvAppendTraceLog" level="Global" />
        <RolePrivilege name="prvAppendTransactionCurrency" level="Global" />
        <RolePrivilege name="prvAppendTranslationProcess" level="Global" />
        <RolePrivilege name="prvAppendUser" level="Local" />
        <RolePrivilege name="prvAppendWorkflow" level="Basic" />
        <RolePrivilege name="prvAppendWorkflowSession" level="Basic" />
        <RolePrivilege name="prvAssignAccount" level="Basic" />
        <RolePrivilege name="prvAssignActivity" level="Basic" />
        <RolePrivilege name="prvAssignAsyncOperation" level="Basic" />
        <RolePrivilege name="prvAssignCallbackRegistration" level="Basic" />
        <RolePrivilege name="prvAssigncid_BulkActivityLogsDetails" level="Global" />
        <RolePrivilege name="prvAssigncid_BulkActivitylogSummary" level="Global" />
        <RolePrivilege name="prvAssignConnection" level="Basic" />
        <RolePrivilege name="prvAssignContact" level="Basic" />
        <RolePrivilege name="prvAssignConvertRule" level="Basic" />
        <RolePrivilege name="prvAssignCustomerRelationship" level="Basic" />
        <RolePrivilege name="prvAssignEmailSignature" level="Local" />
        <RolePrivilege name="prvAssignEmailTemplate" level="Local" />
        <RolePrivilege name="prvAssignImport" level="Basic" />
        <RolePrivilege name="prvAssignImportFile" level="Basic" />
        <RolePrivilege name="prvAssignImportMap" level="Local" />
        <RolePrivilege name="prvAssignKnowledgeArticle" level="Global" />
        <RolePrivilege name="prvAssignKnowledgeArticleViews" level="Global" />
        <RolePrivilege name="prvAssignMailMergeTemplate" level="Basic" />
        <RolePrivilege name="prvAssignmsdyn_kbattachment" level="Global" />
        <RolePrivilege name="prvAssignNote" level="Basic" />
        <RolePrivilege name="prvAssignPersonalDocumentTemplate" level="Basic" />
        <RolePrivilege name="prvAssignReport" level="Basic" />
        <RolePrivilege name="prvAssignRoutingRule" level="Basic" />
        <RolePrivilege name="prvAssignSharePointDocument" level="Global" />
        <RolePrivilege name="prvAssignSharePointDocumentLocation" level="Global" />
        <RolePrivilege name="prvAssignSharePointSite" level="Global" />
        <RolePrivilege name="prvAssignSLA" level="Basic" />
        <RolePrivilege name="prvAssignSLAKPIInstance" level="Basic" />
        <RolePrivilege name="prvAssignSocialProfile" level="Basic" />
        <RolePrivilege name="prvAssignSyncError" level="Basic" />
        <RolePrivilege name="prvAssignUserEntityInstanceData" level="Basic" />
        <RolePrivilege name="prvAssignUserForm" level="Basic" />
        <RolePrivilege name="prvAssignUserQuery" level="Basic" />
        <RolePrivilege name="prvAssignUserQueryVisualizations" level="Basic" />
        <RolePrivilege name="prvAssignWorkflow" level="Basic" />
        <RolePrivilege name="prvAssignWorkflowSession" level="Basic" />
        <RolePrivilege name="prvBulkEdit" level="Global" />
        <RolePrivilege name="prvCreateAccount" level="Basic" />
        <RolePrivilege name="prvCreateActionCard" level="Basic" />
        <RolePrivilege name="prvCreateActionCardUserSettings" level="Basic" />
        <RolePrivilege name="prvCreateActivity" level="Basic" />
        <RolePrivilege name="prvCreateCallbackRegistration" level="Basic" />
        <RolePrivilege name="prvCreatecid_BulkActivityLogsDetails" level="Basic" />
        <RolePrivilege name="prvCreatecid_BulkActivitylogSummary" level="Basic" />
        <RolePrivilege name="prvCreatecid_CompanyERAP" level="Basic" />
        <RolePrivilege name="prvCreatecid_CompanyNAICSCode" level="Basic" />
        <RolePrivilege name="prvCreateConnection" level="Basic" />
        <RolePrivilege name="prvCreateContact" level="Basic" />
        <RolePrivilege name="prvCreateCustomerRelationship" level="Basic" />
        <RolePrivilege name="prvCreateEmailSignature" level="Basic" />
        <RolePrivilege name="prvCreateEmailTemplate" level="Basic" />
        <RolePrivilege name="prvCreateExchangeSyncIdMapping" level="Basic" />
        <RolePrivilege name="prvCreateExpiredProcess" level="Global" />
        <RolePrivilege name="prvCreateImport" level="Basic" />
        <RolePrivilege name="prvCreateImportFile" level="Basic" />
        <RolePrivilege name="prvCreateImportMap" level="Local" />
        <RolePrivilege name="prvCreateKnowledgeArticleViews" level="Global" />
        <RolePrivilege name="prvCreateMailboxTrackingFolder" level="Basic" />
        <RolePrivilege name="prvCreateMailMergeTemplate" level="Basic" />
        <RolePrivilege name="prvCreatemsdyn_actioncardregarding" level="Basic" />
        <RolePrivilege name="prvCreatemsdyn_actioncardrolesetting" level="Basic" />
        <RolePrivilege name="prvCreatemsdyn_AIBFeedbackLoop" level="Basic" />
        <RolePrivilege name="prvCreatemsdyn_entityrankingrule" level="Basic" />
        <RolePrivilege name="prvCreatemsdyn_flowcardtype" level="Basic" />
        <RolePrivilege name="prvCreatemsdyn_salesinsightssettings" level="Basic" />
        <RolePrivilege name="prvCreateNewProcess" level="Global" />
        <RolePrivilege name="prvCreateNote" level="Basic" />
        <RolePrivilege name="prvCreateovs_class_compatibility_group" level="Basic" />
        <RolePrivilege name="prvCreateovs_MOCRegistration" level="Basic" />
        <RolePrivilege name="prvCreateovs_operationclass" level="Basic" />
        <RolePrivilege name="prvCreateovs_OperationUNNumber" level="Basic" />
        <RolePrivilege name="prvCreatePersonalDocumentTemplate" level="Basic" />
        <RolePrivilege name="prvCreatePost" level="Global" />
        <RolePrivilege name="prvCreatePostFollow" level="Basic" />
        <RolePrivilege name="prvCreateReport" level="Basic" />
        <RolePrivilege name="prvCreatesharedobject" level="Global" />
        <RolePrivilege name="prvCreatesharedworkspace" level="Global" />
        <RolePrivilege name="prvCreateSharePointData" level="Global" />
        <RolePrivilege name="prvCreateSharePointDocument" level="Global" />
        <RolePrivilege name="prvCreateSharePointDocumentLocation" level="Global" />
        <RolePrivilege name="prvCreateSocialProfile" level="Basic" />
        <RolePrivilege name="prvCreateSyncError" level="Basic" />
        <RolePrivilege name="prvCreateTraceLog" level="Global" />
        <RolePrivilege name="prvCreateTranslationProcess" level="Global" />
        <RolePrivilege name="prvCreateUserApplicationMetadata" level="Basic" />
        <RolePrivilege name="prvCreateUserEntityInstanceData" level="Basic" />
        <RolePrivilege name="prvCreateUserEntityUISettings" level="Basic" />
        <RolePrivilege name="prvCreateUserForm" level="Basic" />
        <RolePrivilege name="prvCreateUserQuery" level="Basic" />
        <RolePrivilege name="prvCreateUserQueryVisualizations" level="Basic" />
        <RolePrivilege name="prvCreateUserSettings" level="Local" />
        <RolePrivilege name="prvCreateWorkflow" level="Basic" />
        <RolePrivilege name="prvCreateWorkflowSession" level="Basic" />
        <RolePrivilege name="prvDeleteAccount" level="Basic" />
        <RolePrivilege name="prvDeleteActionCardUserSettings" level="Basic" />
        <RolePrivilege name="prvDeleteActivity" level="Basic" />
        <RolePrivilege name="prvDeleteCallbackRegistration" level="Basic" />
        <RolePrivilege name="prvDeleteConnection" level="Basic" />
        <RolePrivilege name="prvDeleteContact" level="Basic" />
        <RolePrivilege name="prvDeleteCustomerRelationship" level="Basic" />
        <RolePrivilege name="prvDeleteEmailSignature" level="Basic" />
        <RolePrivilege name="prvDeleteEmailTemplate" level="Basic" />
        <RolePrivilege name="prvDeleteExchangeSyncIdMapping" level="Basic" />
        <RolePrivilege name="prvDeleteExpiredProcess" level="Global" />
        <RolePrivilege name="prvDeleteImport" level="Basic" />
        <RolePrivilege name="prvDeleteImportFile" level="Basic" />
        <RolePrivilege name="prvDeleteImportMap" level="Local" />
        <RolePrivilege name="prvDeleteMailboxTrackingFolder" level="Basic" />
        <RolePrivilege name="prvDeleteMailMergeTemplate" level="Basic" />
        <RolePrivilege name="prvDeleteNewProcess" level="Global" />
        <RolePrivilege name="prvDeleteNote" level="Basic" />
        <RolePrivilege name="prvDeletePersonalDocumentTemplate" level="Basic" />
        <RolePrivilege name="prvDeletePostFollow" level="Basic" />
        <RolePrivilege name="prvDeleteReport" level="Basic" />
        <RolePrivilege name="prvDeletesharedobject" level="Global" />
        <RolePrivilege name="prvDeletesharedworkspace" level="Global" />
        <RolePrivilege name="prvDeleteSocialProfile" level="Basic" />
        <RolePrivilege name="prvDeleteSyncError" level="Basic" />
        <RolePrivilege name="prvDeleteTranslationProcess" level="Global" />
        <RolePrivilege name="prvDeleteUserApplicationMetadata" level="Basic" />
        <RolePrivilege name="prvDeleteUserEntityInstanceData" level="Basic" />
        <RolePrivilege name="prvDeleteUserEntityUISettings" level="Basic" />
        <RolePrivilege name="prvDeleteUserForm" level="Basic" />
        <RolePrivilege name="prvDeleteUserQuery" level="Basic" />
        <RolePrivilege name="prvDeleteUserQueryVisualizations" level="Basic" />
        <RolePrivilege name="prvDeleteUserSettings" level="Local" />
        <RolePrivilege name="prvDeleteWorkflow" level="Basic" />
        <RolePrivilege name="prvDeleteWorkflowSession" level="Basic" />
        <RolePrivilege name="prvDocumentGeneration" level="Global" />
        <RolePrivilege name="prvExportToExcel" level="Global" />
        <RolePrivilege name="prvFlow" level="Global" />
        <RolePrivilege name="prvGoOffline" level="Global" />
        <RolePrivilege name="prvMailMerge" level="Global" />
        <RolePrivilege name="prvMerge" level="Global" />
        <RolePrivilege name="prvOneDrive" level="Global" />
        <RolePrivilege name="prvPrint" level="Global" />
        <RolePrivilege name="prvReadAccount" level="Local" />
        <RolePrivilege name="prvReadACIViewMapper" level="Global" />
        <RolePrivilege name="prvReadActionCard" level="Basic" />
        <RolePrivilege name="prvReadActionCardUserSettings" level="Basic" />
        <RolePrivilege name="prvReadActivity" level="Basic" />
        <RolePrivilege name="prvReadadx_invitation" level="Global" />
        <RolePrivilege name="prvReadAppConfigMaster" level="Global" />
        <RolePrivilege name="prvReadApplicationFile" level="Global" />
        <RolePrivilege name="prvReadAppModule" level="Global" />
        <RolePrivilege name="prvReadArticle" level="Global" />
        <RolePrivilege name="prvReadArticleTemplate" level="Global" />
        <RolePrivilege name="prvReadAsyncOperation" level="Basic" />
        <RolePrivilege name="prvReadAttribute" level="Global" />
        <RolePrivilege name="prvReadAttributeMap" level="Global" />
        <RolePrivilege name="prvReadAuthorizationServer" level="Global" />
        <RolePrivilege name="prvReadAzureServiceConnection" level="Global" />
        <RolePrivilege name="prvReadBusinessUnit" level="Global" />
        <RolePrivilege name="prvReadCallbackRegistration" level="Basic" />
        <RolePrivilege name="prvReadCanvasAppExtendedMetadata" level="Global" />
        <RolePrivilege name="prvReadCategory" level="Global" />
        <RolePrivilege name="prvReadChannelAccessProfile" level="Local" />
        <RolePrivilege name="prvReadChannelPropertyGroup" level="Global" />
        <RolePrivilege name="prvReadcid_BulkActivityLogsDetails" level="Global" />
        <RolePrivilege name="prvReadcid_BulkActivitylogSummary" level="Global" />
        <RolePrivilege name="prvReadcid_CompanyERAP" level="Local" />
        <RolePrivilege name="prvReadcid_CompanyNAICSCode" level="Basic" />
        <RolePrivilege name="prvReadcid_invitation" level="Global" />
        <RolePrivilege name="prvReadComplexControl" level="Global" />
        <RolePrivilege name="prvReadConnection" level="Global" />
        <RolePrivilege name="prvReadConnectionRole" level="Global" />
        <RolePrivilege name="prvReadconnector" level="Global" />
        <RolePrivilege name="prvReadContact" level="Local" />
        <RolePrivilege name="prvReadConvertRule" level="Global" />
        <RolePrivilege name="prvReadCustomerRelationship" level="Basic" />
        <RolePrivilege name="prvReadCustomization" level="Global" />
        <RolePrivilege name="prvReadDelveActionHub" level="Global" />
        <RolePrivilege name="prvReaddesktopflowbinary" level="Basic" />
        <RolePrivilege name="prvReadDocumentTemplate" level="Global" />
        <RolePrivilege name="prvReadDuplicateRule" level="Global" />
        <RolePrivilege name="prvReadEmailServerProfile" level="Global" />
        <RolePrivilege name="prvReadEmailSignature" level="Global" />
        <RolePrivilege name="prvReadEmailTemplate" level="Global" />
        <RolePrivilege name="prvReadEntity" level="Global" />
        <RolePrivilege name="prvReadEntityDataProvider" level="Global" />
        <RolePrivilege name="prvReadEntityKey" level="Global" />
        <RolePrivilege name="prvReadEntityMap" level="Global" />
        <RolePrivilege name="prvReadEnvironmentVariableDefinition" level="Global" />
        <RolePrivilege name="prvReadEnvironmentVariableValue" level="Global" />
        <RolePrivilege name="prvReadExchangeSyncIdMapping" level="Basic" />
        <RolePrivilege name="prvReadExpanderEvent" level="Global" />
        <RolePrivilege name="prvReadExpiredProcess" level="Global" />
        <RolePrivilege name="prvReadExternalParty" level="Global" />
        <RolePrivilege name="prvReadFeedback" level="Basic" />
        <RolePrivilege name="prvReadflowsession" level="Basic" />
        <RolePrivilege name="prvReadGoal" level="Basic" />
        <RolePrivilege name="prvReadGoalRollupQuery" level="Basic" />
        <RolePrivilege name="prvReadHierarchyRule" level="Global" />
        <RolePrivilege name="prvReadImport" level="Basic" />
        <RolePrivilege name="prvReadImportFile" level="Basic" />
        <RolePrivilege name="prvReadImportMap" level="Global" />
        <RolePrivilege name="prvReadInteractionForEmail" level="Global" />
        <RolePrivilege name="prvReadKnowledgeArticle" level="Global" />
        <RolePrivilege name="prvReadKnowledgeArticleViews" level="Global" />
        <RolePrivilege name="prvReadKnowledgeBaseRecord" level="Global" />
        <RolePrivilege name="prvReadLanguageLocale" level="Global" />
        <RolePrivilege name="prvReadLicense" level="Global" />
        <RolePrivilege name="prvReadMailbox" level="Basic" />
        <RolePrivilege name="prvReadMailboxTrackingFolder" level="Basic" />
        <RolePrivilege name="prvReadMailMergeTemplate" level="Basic" />
        <RolePrivilege name="prvReadMetric" level="Global" />
        <RolePrivilege name="prvReadMobileOfflineProfile" level="Global" />
        <RolePrivilege name="prvReadmsdyn_actioncardregarding" level="Basic" />
        <RolePrivilege name="prvReadmsdyn_actioncardrolesetting" level="Basic" />
        <RolePrivilege name="prvReadmsdyn_AIBFeedbackLoop" level="Basic" />
        <RolePrivilege name="prvReadmsdyn_AIModel" level="Basic" />
        <RolePrivilege name="prvReadmsdyn_AIOdLabel" level="Global" />
        <RolePrivilege name="prvReadmsdyn_AITemplate" level="Global" />
        <RolePrivilege name="prvReadmsdyn_entityrankingrule" level="Basic" />
        <RolePrivilege name="prvReadmsdyn_flowcardtype" level="Global" />
        <RolePrivilege name="prvReadmsdyn_kbattachment" level="Global" />
        <RolePrivilege name="prvReadmsdyn_salesinsightssettings" level="Basic" />
        <RolePrivilege name="prvReadNewProcess" level="Global" />
        <RolePrivilege name="prvReadNewsArticle" level="Global" />
        <RolePrivilege name="prvReadNote" level="Basic" />
        <RolePrivilege name="prvReadOfficeGraphDocument" level="Global" />
        <RolePrivilege name="prvReadOptionSet" level="Global" />
        <RolePrivilege name="prvReadOrganization" level="Global" />
        <RolePrivilege name="prvReadOrganizationSetting" level="Global" />
        <RolePrivilege name="prvReadovs_class_compatibility_group" level="Local" />
        <RolePrivilege name="prvReadovs_MOCRegistration" level="Local" />
        <RolePrivilege name="prvReadovs_operationclass" level="Local" />
        <RolePrivilege name="prvReadovs_OperationUNNumber" level="Local" />
        <RolePrivilege name="prvReadPartnerApplication" level="Global" />
        <RolePrivilege name="prvReadPersonalDocumentTemplate" level="Basic" />
        <RolePrivilege name="prvReadPluginAssembly" level="Global" />
        <RolePrivilege name="prvReadPluginType" level="Global" />
        <RolePrivilege name="prvReadPosition" level="Global" />
        <RolePrivilege name="prvReadPost" level="Global" />
        <RolePrivilege name="prvReadPostFollow" level="Global" />
        <RolePrivilege name="prvReadProfileRule" level="Local" />
        <RolePrivilege name="prvReadQuery" level="Global" />
        <RolePrivilege name="prvReadQueue" level="Basic" />
        <RolePrivilege name="prvReadRecommendedDocument" level="Global" />
        <RolePrivilege name="prvReadRelationship" level="Global" />
        <RolePrivilege name="prvReadRelationshipRole" level="Global" />
        <RolePrivilege name="prvReadReport" level="Basic" />
        <RolePrivilege name="prvReadRole" level="Local" />
        <RolePrivilege name="prvReadRoutingRule" level="Global" />
        <RolePrivilege name="prvReadSavedQueryVisualizations" level="Global" />
        <RolePrivilege name="prvReadSdkMessage" level="Global" />
        <RolePrivilege name="prvReadSdkMessageProcessingStep" level="Global" />
        <RolePrivilege name="prvReadSdkMessageProcessingStepImage" level="Global" />
        <RolePrivilege name="prvReadSettingDefinition" level="Global" />
        <RolePrivilege name="prvReadsharedobject" level="Global" />
        <RolePrivilege name="prvReadsharedworkspace" level="Global" />
        <RolePrivilege name="prvReadSharePointData" level="Global" />
        <RolePrivilege name="prvReadSharePointDocument" level="Global" />
        <RolePrivilege name="prvReadSharePointDocumentLocation" level="Global" />
        <RolePrivilege name="prvReadSharePointSite" level="Global" />
        <RolePrivilege name="prvReadSLA" level="Basic" />
        <RolePrivilege name="prvReadSLAKPIInstance" level="Basic" />
        <RolePrivilege name="prvReadSocialProfile" level="Basic" />
        <RolePrivilege name="prvReadSuggestionCardTemplate" level="Global" />
        <RolePrivilege name="prvReadSyncError" level="Basic" />
        <RolePrivilege name="prvReadSystemApplicationMetadata" level="Global" />
        <RolePrivilege name="prvReadSystemForm" level="Global" />
        <RolePrivilege name="prvReadTeam" level="Global" />
        <RolePrivilege name="prvReadTraceLog" level="Global" />
        <RolePrivilege name="prvReadTransactionCurrency" level="Global" />
        <RolePrivilege name="prvReadTranslationProcess" level="Global" />
        <RolePrivilege name="prvReadUser" level="Global" />
        <RolePrivilege name="prvReadUserApplicationMetadata" level="Basic" />
        <RolePrivilege name="prvReadUserEntityInstanceData" level="Basic" />
        <RolePrivilege name="prvReadUserEntityUISettings" level="Basic" />
        <RolePrivilege name="prvReadUserForm" level="Basic" />
        <RolePrivilege name="prvReadUserQuery" level="Basic" />
        <RolePrivilege name="prvReadUserQueryVisualizations" level="Basic" />
        <RolePrivilege name="prvReadUserSettings" level="Global" />
        <RolePrivilege name="prvReadWebResource" level="Global" />
        <RolePrivilege name="prvReadWebWizard" level="Global" />
        <RolePrivilege name="prvReadWizardAccessPrivilege" level="Global" />
        <RolePrivilege name="prvReadWizardPage" level="Global" />
        <RolePrivilege name="prvReadWorkflow" level="Basic" />
        <RolePrivilege name="prvReadworkflowbinary" level="Basic" />
        <RolePrivilege name="prvReadWorkflowSession" level="Global" />
        <RolePrivilege name="prvSearchAvailability" level="Global" />
        <RolePrivilege name="prvShareAccount" level="Global" />
        <RolePrivilege name="prvShareActionCardUserSettings" level="Basic" />
        <RolePrivilege name="prvShareActivity" level="Global" />
        <RolePrivilege name="prvShareCallbackRegistration" level="Basic" />
        <RolePrivilege name="prvSharecid_BulkActivityLogsDetails" level="Global" />
        <RolePrivilege name="prvSharecid_BulkActivitylogSummary" level="Global" />
        <RolePrivilege name="prvShareConnection" level="Global" />
        <RolePrivilege name="prvShareContact" level="Global" />
        <RolePrivilege name="prvShareConvertRule" level="Basic" />
        <RolePrivilege name="prvShareCustomerRelationship" level="Global" />
        <RolePrivilege name="prvShareEmailTemplate" level="Local" />
        <RolePrivilege name="prvShareImport" level="Deep" />
        <RolePrivilege name="prvShareImportFile" level="Deep" />
        <RolePrivilege name="prvShareImportMap" level="Global" />
        <RolePrivilege name="prvShareKnowledgeArticle" level="Global" />
        <RolePrivilege name="prvShareKnowledgeArticleViews" level="Global" />
        <RolePrivilege name="prvShareMailMergeTemplate" level="Global" />
        <RolePrivilege name="prvSharemsdyn_kbattachment" level="Global" />
        <RolePrivilege name="prvShareNote" level="Global" />
        <RolePrivilege name="prvSharePersonalDocumentTemplate" level="Global" />
        <RolePrivilege name="prvShareReport" level="Global" />
        <RolePrivilege name="prvShareRoutingRule" level="Basic" />
        <RolePrivilege name="prvShareSharePointDocumentLocation" level="Global" />
        <RolePrivilege name="prvShareSharePointSite" level="Global" />
        <RolePrivilege name="prvShareSLA" level="Basic" />
        <RolePrivilege name="prvShareSLAKPIInstance" level="Basic" />
        <RolePrivilege name="prvShareSocialProfile" level="Global" />
        <RolePrivilege name="prvShareSyncError" level="Basic" />
        <RolePrivilege name="prvShareUserEntityInstanceData" level="Basic" />
        <RolePrivilege name="prvShareUserEntityUISettings" level="Basic" />
        <RolePrivilege name="prvShareUserForm" level="Basic" />
        <RolePrivilege name="prvShareUserQuery" level="Basic" />
        <RolePrivilege name="prvShareUserQueryVisualizations" level="Basic" />
        <RolePrivilege name="prvShareWorkflow" level="Basic" />
        <RolePrivilege name="prvShareWorkflowSession" level="Basic" />
        <RolePrivilege name="prvSyncToOutlook" level="Global" />
        <RolePrivilege name="prvUseOfficeApps" level="Global" />
        <RolePrivilege name="prvUseTabletApp" level="Global" />
        <RolePrivilege name="prvWebMailMerge" level="Global" />
        <RolePrivilege name="prvWorkflowExecution" level="Global" />
        <RolePrivilege name="prvWriteAccount" level="Local" />
        <RolePrivilege name="prvWriteActionCard" level="Basic" />
        <RolePrivilege name="prvWriteActionCardUserSettings" level="Basic" />
        <RolePrivilege name="prvWriteActivity" level="Basic" />
        <RolePrivilege name="prvWriteadx_invitation" level="Local" />
        <RolePrivilege name="prvWriteArticle" level="Global" />
        <RolePrivilege name="prvWriteAsyncOperation" level="Basic" />
        <RolePrivilege name="prvWriteCallbackRegistration" level="Basic" />
        <RolePrivilege name="prvWritecid_BulkActivityLogsDetails" level="Global" />
        <RolePrivilege name="prvWritecid_BulkActivitylogSummary" level="Global" />
        <RolePrivilege name="prvWritecid_invitation" level="Deep" />
        <RolePrivilege name="prvWriteConnection" level="Global" />
        <RolePrivilege name="prvWriteContact" level="Local" />
        <RolePrivilege name="prvWriteCustomerRelationship" level="Basic" />
        <RolePrivilege name="prvWriteEmailSignature" level="Basic" />
        <RolePrivilege name="prvWriteEmailTemplate" level="Basic" />
        <RolePrivilege name="prvWriteExchangeSyncIdMapping" level="Basic" />
        <RolePrivilege name="prvWriteExpanderEvent" level="Global" />
        <RolePrivilege name="prvWriteExpiredProcess" level="Global" />
        <RolePrivilege name="prvWriteImport" level="Basic" />
        <RolePrivilege name="prvWriteImportFile" level="Basic" />
        <RolePrivilege name="prvWriteImportMap" level="Local" />
        <RolePrivilege name="prvWriteKnowledgeArticle" level="Global" />
        <RolePrivilege name="prvWriteKnowledgeArticleViews" level="Global" />
        <RolePrivilege name="prvWriteMailbox" level="Basic" />
        <RolePrivilege name="prvWriteMailboxTrackingFolder" level="Basic" />
        <RolePrivilege name="prvWriteMailMergeTemplate" level="Basic" />
        <RolePrivilege name="prvWritemsdyn_actioncardregarding" level="Basic" />
        <RolePrivilege name="prvWritemsdyn_actioncardrolesetting" level="Basic" />
        <RolePrivilege name="prvWritemsdyn_entityrankingrule" level="Basic" />
        <RolePrivilege name="prvWritemsdyn_flowcardtype" level="Basic" />
        <RolePrivilege name="prvWritemsdyn_kbattachment" level="Global" />
        <RolePrivilege name="prvWritemsdyn_salesinsightssettings" level="Basic" />
        <RolePrivilege name="prvWriteNewProcess" level="Global" />
        <RolePrivilege name="prvWriteNote" level="Basic" />
        <RolePrivilege name="prvWriteovs_MOCRegistration" level="Local" />
        <RolePrivilege name="prvWriteovs_operationclass" level="Local" />
        <RolePrivilege name="prvWriteovs_OperationUNNumber" level="Local" />
        <RolePrivilege name="prvWritePersonalDocumentTemplate" level="Basic" />
        <RolePrivilege name="prvWriteReport" level="Basic" />
        <RolePrivilege name="prvWritesharedobject" level="Global" />
        <RolePrivilege name="prvWritesharedworkspace" level="Global" />
        <RolePrivilege name="prvWriteSharePointData" level="Global" />
        <RolePrivilege name="prvWriteSharePointDocument" level="Global" />
        <RolePrivilege name="prvWriteSharePointDocumentLocation" level="Global" />
        <RolePrivilege name="prvWriteSocialProfile" level="Basic" />
        <RolePrivilege name="prvWriteSyncError" level="Basic" />
        <RolePrivilege name="prvWriteTranslationProcess" level="Global" />
        <RolePrivilege name="prvWriteUserApplicationMetadata" level="Basic" />
        <RolePrivilege name="prvWriteUserEntityInstanceData" level="Basic" />
        <RolePrivilege name="prvWriteUserEntityUISettings" level="Basic" />
        <RolePrivilege name="prvWriteUserForm" level="Basic" />
        <RolePrivilege name="prvWriteUserQuery" level="Basic" />
        <RolePrivilege name="prvWriteUserQueryVisualizations" level="Basic" />
        <RolePrivilege name="prvWriteUserSettings" level="Local" />
        <RolePrivilege name="prvWriteWorkflow" level="Basic" />
        <RolePrivilege name="prvWriteWorkflowSession" level="Basic" />
      </RolePrivileges>
    </Role>
  </Roles>
  <Workflows></Workflows>
  <FieldSecurityProfiles></FieldSecurityProfiles>
  <Templates />
  <EntityMaps />
  <EntityRelationships />
  <OrganizationSettings />
  <optionsets />
  <WebResources>
    <WebResource>
      <WebResourceId>{c8a39694-3091-ed11-aad1-0022483d0343}</WebResourceId>
      <Name>fdr_/AutoGenerateFunctions</Name>
      <DisplayName>Auto Generate Functions</DisplayName>
      <WebResourceType>1</WebResourceType>
      <IntroducedVersion>1.0.0.0</IntroducedVersion>
      <IsEnabledForMobileClient>0</IsEnabledForMobileClient>
      <IsAvailableForMobileOffline>0</IsAvailableForMobileOffline>
      <DependencyXml>&lt;Dependencies&gt;&lt;Dependency componentType="WebResource"/&gt;&lt;/Dependencies&gt;</DependencyXml>
      <IsCustomizable>1</IsCustomizable>
      <CanBeDeleted>1</CanBeDeleted>
      <IsHidden>0</IsHidden>
      <FileName>/WebResources/fdr_AutoGenerateFunctionsC8A39694-3091-ED11-AAD1-0022483D0343</FileName>
    </WebResource>
    <WebResource>
      <WebResourceId>{8e94c526-3191-ed11-aad1-0022483d0343}</WebResourceId>
      <Name>fdr_SR_AutoGenerateFunctions</Name>
      <DisplayName>Auto Generate Functions</DisplayName>
      <WebResourceType>3</WebResourceType>
      <IntroducedVersion>1.0.0.0</IntroducedVersion>
      <IsEnabledForMobileClient>0</IsEnabledForMobileClient>
      <IsAvailableForMobileOffline>0</IsAvailableForMobileOffline>
      <DependencyXml>&lt;Dependencies&gt;&lt;Dependency componentType="WebResource"/&gt;&lt;/Dependencies&gt;</DependencyXml>
      <IsCustomizable>1</IsCustomizable>
      <CanBeDeleted>1</CanBeDeleted>
      <IsHidden>0</IsHidden>
      <FileName>/WebResources/fdr_SR_AutoGenerateFunctions8E94C526-3191-ED11-AAD1-0022483D0343</FileName>
    </WebResource>
    <WebResource>
      <WebResourceId>{06fdb2b8-464e-ed11-bba3-0022483d0343}</WebResourceId>
      <Name>fdr_servicerequest_ribbon</Name>
      <DisplayName>FDR Service Request Ribbon</DisplayName>
      <WebResourceType>3</WebResourceType>
      <IntroducedVersion>1.0.0.0</IntroducedVersion>
      <IsEnabledForMobileClient>0</IsEnabledForMobileClient>
      <IsAvailableForMobileOffline>0</IsAvailableForMobileOffline>
      <DependencyXml>&lt;Dependencies&gt;&lt;Dependency componentType="WebResource"/&gt;&lt;/Dependencies&gt;</DependencyXml>
      <IsCustomizable>1</IsCustomizable>
      <CanBeDeleted>1</CanBeDeleted>
      <IsHidden>0</IsHidden>
      <FileName>/WebResources/fdr_servicerequest_ribbon06FDB2B8-464E-ED11-BBA3-0022483D0343</FileName>
    </WebResource>
  </WebResources>
  <CustomControls />
  <EntityDataProviders />
  <Languages>
    <Language>1033</Language>
    <Language>1036</Language>
  </Languages>
</ImportExportXml>