<environmentvariabledefinition schemaname="fdr_FDRDashboardVariable">
  <defaultvalue>{"group":{"id":"fde342f8-b626-4abd-ad49-dd94eb6a5aa5","name":"SS - TDG National Oversight-Surveillance nationale de la TMD DEV"},"component":{"id":"91341a80-268d-46b9-a18f-24a645e2639b","name":"FDR Report","type":"Report","embedUrl":"https://app.powerbi.com/reportEmbed"}}</defaultvalue>
  <displayname default="FDR Dashboard Variable">
    <label description="FDR Dashboard Variable" languagecode="1033" />
  </displayname>
  <introducedversion>1.0.0.0</introducedversion>
  <iscustomizable>1</iscustomizable>
  <isrequired>0</isrequired>
  <secretstore>0</secretstore>
  <type>100000003</type>
</environmentvariabledefinition>