<ImportExportXml version="9.2.24012.190" SolutionPackageVersion="9.2" languagecode="1033" generatedBy="CrmLive" xmlns:xsi="http://www.w3.org/2001/XMLSchema-instance">
  <SolutionManifest>
    <UniqueName>TC_GlobalCore_Patch_8ae8187b</UniqueName>
    <LocalizedNames>
      <LocalizedName description="TDG Core Schema" languagecode="1033" />
    </LocalizedNames>
    <Descriptions>
      <Description description="Patch for TDG Core Schema" languagecode="1033" />
    </Descriptions>
    <ParentUniqueName>TC_GlobalCore</ParentUniqueName>
    <Version>1.159.14.0</Version>
    <Managed>0</Managed>
    <Publisher>
      <UniqueName>oversightpublisher</UniqueName>
      <LocalizedNames>
        <LocalizedName description="Oversight" languagecode="1033" />
      </LocalizedNames>
      <Descriptions>
        <Description description="This is the common solution for AvSec Inspection and TDG Inspection." languagecode="1033" />
      </Descriptions>
      <EMailAddress xsi:nil="true"></EMailAddress>
      <SupportingWebsiteUrl xsi:nil="true"></SupportingWebsiteUrl>
      <CustomizationPrefix>ovs</CustomizationPrefix>
      <CustomizationOptionValuePrefix>91864</CustomizationOptionValuePrefix>
      <Addresses>
        <Address>
          <AddressNumber>1</AddressNumber>
          <AddressTypeCode>1</AddressTypeCode>
          <City xsi:nil="true"></City>
          <County xsi:nil="true"></County>
          <Country xsi:nil="true"></Country>
          <Fax xsi:nil="true"></Fax>
          <FreightTermsCode xsi:nil="true"></FreightTermsCode>
          <ImportSequenceNumber xsi:nil="true"></ImportSequenceNumber>
          <Latitude xsi:nil="true"></Latitude>
          <Line1 xsi:nil="true"></Line1>
          <Line2 xsi:nil="true"></Line2>
          <Line3 xsi:nil="true"></Line3>
          <Longitude xsi:nil="true"></Longitude>
          <Name xsi:nil="true"></Name>
          <PostalCode xsi:nil="true"></PostalCode>
          <PostOfficeBox xsi:nil="true"></PostOfficeBox>
          <PrimaryContactName xsi:nil="true"></PrimaryContactName>
          <ShippingMethodCode>1</ShippingMethodCode>
          <StateOrProvince xsi:nil="true"></StateOrProvince>
          <Telephone1 xsi:nil="true"></Telephone1>
          <Telephone2 xsi:nil="true"></Telephone2>
          <Telephone3 xsi:nil="true"></Telephone3>
          <TimeZoneRuleVersionNumber xsi:nil="true"></TimeZoneRuleVersionNumber>
          <UPSZone xsi:nil="true"></UPSZone>
          <UTCOffset xsi:nil="true"></UTCOffset>
          <UTCConversionTimeZoneCode xsi:nil="true"></UTCConversionTimeZoneCode>
        </Address>
        <Address>
          <AddressNumber>2</AddressNumber>
          <AddressTypeCode>1</AddressTypeCode>
          <City xsi:nil="true"></City>
          <County xsi:nil="true"></County>
          <Country xsi:nil="true"></Country>
          <Fax xsi:nil="true"></Fax>
          <FreightTermsCode xsi:nil="true"></FreightTermsCode>
          <ImportSequenceNumber xsi:nil="true"></ImportSequenceNumber>
          <Latitude xsi:nil="true"></Latitude>
          <Line1 xsi:nil="true"></Line1>
          <Line2 xsi:nil="true"></Line2>
          <Line3 xsi:nil="true"></Line3>
          <Longitude xsi:nil="true"></Longitude>
          <Name xsi:nil="true"></Name>
          <PostalCode xsi:nil="true"></PostalCode>
          <PostOfficeBox xsi:nil="true"></PostOfficeBox>
          <PrimaryContactName xsi:nil="true"></PrimaryContactName>
          <ShippingMethodCode>1</ShippingMethodCode>
          <StateOrProvince xsi:nil="true"></StateOrProvince>
          <Telephone1 xsi:nil="true"></Telephone1>
          <Telephone2 xsi:nil="true"></Telephone2>
          <Telephone3 xsi:nil="true"></Telephone3>
          <TimeZoneRuleVersionNumber xsi:nil="true"></TimeZoneRuleVersionNumber>
          <UPSZone xsi:nil="true"></UPSZone>
          <UTCOffset xsi:nil="true"></UTCOffset>
          <UTCConversionTimeZoneCode xsi:nil="true"></UTCConversionTimeZoneCode>
        </Address>
      </Addresses>
    </Publisher>
    <RootComponents>
      <RootComponent type="1" schemaName="account" behavior="1" />
      <RootComponent type="1" schemaName="contact" behavior="1" />
    </RootComponents>
    <MissingDependencies>
      <MissingDependency>
        <Required type="1" schemaName="cid_activityreviewlog" displayName="Activity Review Log" solution="Active" />
        <Dependent type="60" displayName="CID Portal - In-Year Company Form" parentDisplayName="Account" id="{eaca3f3f-efdd-4637-8bc5-66198a927333}" />
      </MissingDependency>
      <MissingDependency>
        <Required type="1" schemaName="cid_companyerap" displayName="Company ERAP" solution="Active" />
        <Dependent type="60" displayName="CID Portal - Company Registration Wizard" parentDisplayName="Account" id="{159567aa-2711-4302-a007-da552af243f8}" />
      </MissingDependency>
      <MissingDependency>
        <Required type="1" schemaName="cid_companyerap" displayName="Company ERAP" solution="Active" />
        <Dependent type="60" displayName="CID Portal - In-Year Company Form" parentDisplayName="Account" id="{eaca3f3f-efdd-4637-8bc5-66198a927333}" />
      </MissingDependency>
      <MissingDependency>
        <Required type="1" schemaName="cid_companynaicscode" displayName="Organization NAICS Code" solution="Active" />
        <Dependent type="60" displayName="CID Portal - Company Registration Wizard" parentDisplayName="Account" id="{159567aa-2711-4302-a007-da552af243f8}" />
      </MissingDependency>
      <MissingDependency>
        <Required type="1" schemaName="cid_companynaicscode" displayName="Organization NAICS Code" solution="Active" />
        <Dependent type="60" displayName="CID Portal - In-Year Company Details Form" parentDisplayName="Account" id="{410d15bc-e48c-4838-81df-11aa2f8c3936}" />
      </MissingDependency>
      <MissingDependency>
        <Required type="1" schemaName="cid_companynaicscode" displayName="Organization NAICS Code" solution="Active" />
        <Dependent type="60" displayName="CID Portal - In-Year Company Form" parentDisplayName="Account" id="{eaca3f3f-efdd-4637-8bc5-66198a927333}" />
      </MissingDependency>
      <MissingDependency>
        <Required type="1" schemaName="cid_historylog" displayName="History Log" solution="Active" />
        <Dependent type="60" displayName="CID Portal - In-Year Company Form" parentDisplayName="Account" id="{eaca3f3f-efdd-4637-8bc5-66198a927333}" />
      </MissingDependency>
      <MissingDependency>
        <Required type="10" schemaName="cid_account_cid_historylog_Company" displayName="cid_account_cid_historylog_Company" parentSchemaName="account" parentDisplayName="Account" solution="Active" />
        <Dependent type="60" displayName="CID Portal - In-Year Company Form" parentDisplayName="Account" id="{eaca3f3f-efdd-4637-8bc5-66198a927333}" />
      </MissingDependency>
      <MissingDependency>
        <Required type="10" schemaName="cid_account_companynaicscode" displayName="cid_account_companynaicscode" parentSchemaName="account" parentDisplayName="Account" solution="Active" />
        <Dependent type="60" displayName="CID Portal - Company Registration Wizard" parentDisplayName="Account" id="{159567aa-2711-4302-a007-da552af243f8}" />
      </MissingDependency>
      <MissingDependency>
        <Required type="10" schemaName="cid_account_companynaicscode" displayName="cid_account_companynaicscode" parentSchemaName="account" parentDisplayName="Account" solution="Active" />
        <Dependent type="60" displayName="CID Portal - In-Year Company Details Form" parentDisplayName="Account" id="{410d15bc-e48c-4838-81df-11aa2f8c3936}" />
      </MissingDependency>
      <MissingDependency>
        <Required type="10" schemaName="cid_account_companynaicscode" displayName="cid_account_companynaicscode" parentSchemaName="account" parentDisplayName="Account" solution="Active" />
        <Dependent type="60" displayName="CID Portal - In-Year Company Form" parentDisplayName="Account" id="{eaca3f3f-efdd-4637-8bc5-66198a927333}" />
      </MissingDependency>
      <MissingDependency>
        <Required type="10" schemaName="cid_CompanyERAP_Company_Account" displayName="cid_CompanyERAP_Company_Account" parentSchemaName="account" parentDisplayName="Account" solution="Active" />
        <Dependent type="60" displayName="CID Portal - Company Registration Wizard" parentDisplayName="Account" id="{159567aa-2711-4302-a007-da552af243f8}" />
      </MissingDependency>
      <MissingDependency>
        <Required type="10" schemaName="cid_CompanyERAP_Company_Account" displayName="cid_CompanyERAP_Company_Account" parentSchemaName="account" parentDisplayName="Account" solution="Active" />
        <Dependent type="60" displayName="CID Portal - In-Year Company Form" parentDisplayName="Account" id="{eaca3f3f-efdd-4637-8bc5-66198a927333}" />
      </MissingDependency>
      <MissingDependency>
        <Required type="10" schemaName="msdyn_account_account_BillingAccount" displayName="msdyn_account_account_BillingAccount" parentSchemaName="account" parentDisplayName="Account" solution="FieldServiceCommon (1.0.0.217)">
          <package>FieldService_Anchor (8.8.106.22)</package>
        </Required>
        <Dependent type="60" displayName="CID Portal - Company Registration Wizard" parentDisplayName="Account" id="{159567aa-2711-4302-a007-da552af243f8}" />
      </MissingDependency>
      <MissingDependency>
        <Required type="10" schemaName="msdyn_account_account_BillingAccount" displayName="msdyn_account_account_BillingAccount" parentSchemaName="account" parentDisplayName="Account" solution="FieldServiceCommon (1.0.0.217)">
          <package>FieldService_Anchor (8.8.106.22)</package>
        </Required>
        <Dependent type="60" displayName="CID Portal - In-Year Company Details Form" parentDisplayName="Account" id="{410d15bc-e48c-4838-81df-11aa2f8c3936}" />
      </MissingDependency>
      <MissingDependency>
        <Required type="10" schemaName="msdyn_account_account_BillingAccount" displayName="msdyn_account_account_BillingAccount" parentSchemaName="account" parentDisplayName="Account" solution="FieldServiceCommon (1.0.0.217)">
          <package>FieldService_Anchor (8.8.106.22)</package>
        </Required>
        <Dependent type="60" displayName="CID Portal - In-Year Company Form" parentDisplayName="Account" id="{eaca3f3f-efdd-4637-8bc5-66198a927333}" />
      </MissingDependency>
      <MissingDependency>
        <Required type="10" schemaName="msdyn_account_msdyn_agreement_BillingAccount" displayName="msdyn_account_msdyn_agreement_BillingAccount" parentSchemaName="account" parentDisplayName="Account" solution="FieldService (8.8.0.88)">
          <package>FieldService_Anchor (8.8.106.22)</package>
        </Required>
        <Dependent type="60" displayName="CID Portal - Company Registration Wizard" parentDisplayName="Account" id="{159567aa-2711-4302-a007-da552af243f8}" />
      </MissingDependency>
      <MissingDependency>
        <Required type="10" schemaName="msdyn_account_msdyn_agreement_BillingAccount" displayName="msdyn_account_msdyn_agreement_BillingAccount" parentSchemaName="account" parentDisplayName="Account" solution="FieldService (8.8.0.88)">
          <package>FieldService_Anchor (8.8.106.22)</package>
        </Required>
        <Dependent type="60" displayName="CID Portal - In-Year Company Details Form" parentDisplayName="Account" id="{410d15bc-e48c-4838-81df-11aa2f8c3936}" />
      </MissingDependency>
      <MissingDependency>
        <Required type="10" schemaName="msdyn_account_msdyn_agreement_BillingAccount" displayName="msdyn_account_msdyn_agreement_BillingAccount" parentSchemaName="account" parentDisplayName="Account" solution="FieldService (8.8.0.88)">
          <package>FieldService_Anchor (8.8.106.22)</package>
        </Required>
        <Dependent type="60" displayName="CID Portal - In-Year Company Form" parentDisplayName="Account" id="{eaca3f3f-efdd-4637-8bc5-66198a927333}" />
      </MissingDependency>
      <MissingDependency>
        <Required type="10" schemaName="msdyn_account_msdyn_agreement_ServiceAccount" displayName="msdyn_account_msdyn_agreement_ServiceAccount" parentSchemaName="account" parentDisplayName="Account" solution="FieldService (8.8.0.88)">
          <package>FieldService_Anchor (8.8.106.22)</package>
        </Required>
        <Dependent type="60" displayName="CID Portal - Company Registration Wizard" parentDisplayName="Account" id="{159567aa-2711-4302-a007-da552af243f8}" />
      </MissingDependency>
      <MissingDependency>
        <Required type="10" schemaName="msdyn_account_msdyn_agreement_ServiceAccount" displayName="msdyn_account_msdyn_agreement_ServiceAccount" parentSchemaName="account" parentDisplayName="Account" solution="FieldService (8.8.0.88)">
          <package>FieldService_Anchor (8.8.106.22)</package>
        </Required>
        <Dependent type="60" displayName="CID Portal - In-Year Company Details Form" parentDisplayName="Account" id="{410d15bc-e48c-4838-81df-11aa2f8c3936}" />
      </MissingDependency>
      <MissingDependency>
        <Required type="10" schemaName="msdyn_account_msdyn_agreement_ServiceAccount" displayName="msdyn_account_msdyn_agreement_ServiceAccount" parentSchemaName="account" parentDisplayName="Account" solution="FieldService (8.8.0.88)">
          <package>FieldService_Anchor (8.8.106.22)</package>
        </Required>
        <Dependent type="60" displayName="CID Portal - In-Year Company Form" parentDisplayName="Account" id="{eaca3f3f-efdd-4637-8bc5-66198a927333}" />
      </MissingDependency>
      <MissingDependency>
        <Required type="10" schemaName="msdyn_account_msdyn_payment_Account" displayName="msdyn_account_msdyn_payment_Account" parentSchemaName="account" parentDisplayName="Account" solution="FieldService (8.8.0.88)">
          <package>FieldService_Anchor (8.8.106.22)</package>
        </Required>
        <Dependent type="60" displayName="CID Portal - Company Registration Wizard" parentDisplayName="Account" id="{159567aa-2711-4302-a007-da552af243f8}" />
      </MissingDependency>
      <MissingDependency>
        <Required type="10" schemaName="msdyn_account_msdyn_payment_Account" displayName="msdyn_account_msdyn_payment_Account" parentSchemaName="account" parentDisplayName="Account" solution="FieldService (8.8.0.88)">
          <package>FieldService_Anchor (8.8.106.22)</package>
        </Required>
        <Dependent type="60" displayName="CID Portal - In-Year Company Details Form" parentDisplayName="Account" id="{410d15bc-e48c-4838-81df-11aa2f8c3936}" />
      </MissingDependency>
      <MissingDependency>
        <Required type="10" schemaName="msdyn_account_msdyn_payment_Account" displayName="msdyn_account_msdyn_payment_Account" parentSchemaName="account" parentDisplayName="Account" solution="FieldService (8.8.0.88)">
          <package>FieldService_Anchor (8.8.106.22)</package>
        </Required>
        <Dependent type="60" displayName="CID Portal - In-Year Company Form" parentDisplayName="Account" id="{eaca3f3f-efdd-4637-8bc5-66198a927333}" />
      </MissingDependency>
      <MissingDependency>
        <Required type="10" schemaName="msdyn_account_msdyn_purchaseorder_Vendor" displayName="msdyn_account_msdyn_purchaseorder_Vendor" parentSchemaName="account" parentDisplayName="Account" solution="FieldServiceCommon (1.0.0.217)">
          <package>FieldService_Anchor (8.8.106.22)</package>
        </Required>
        <Dependent type="60" displayName="CID Portal - Company Registration Wizard" parentDisplayName="Account" id="{159567aa-2711-4302-a007-da552af243f8}" />
      </MissingDependency>
      <MissingDependency>
        <Required type="10" schemaName="msdyn_account_msdyn_purchaseorder_Vendor" displayName="msdyn_account_msdyn_purchaseorder_Vendor" parentSchemaName="account" parentDisplayName="Account" solution="FieldServiceCommon (1.0.0.217)">
          <package>FieldService_Anchor (8.8.106.22)</package>
        </Required>
        <Dependent type="60" displayName="CID Portal - In-Year Company Details Form" parentDisplayName="Account" id="{410d15bc-e48c-4838-81df-11aa2f8c3936}" />
      </MissingDependency>
      <MissingDependency>
        <Required type="10" schemaName="msdyn_account_msdyn_purchaseorder_Vendor" displayName="msdyn_account_msdyn_purchaseorder_Vendor" parentSchemaName="account" parentDisplayName="Account" solution="FieldServiceCommon (1.0.0.217)">
          <package>FieldService_Anchor (8.8.106.22)</package>
        </Required>
        <Dependent type="60" displayName="CID Portal - In-Year Company Form" parentDisplayName="Account" id="{eaca3f3f-efdd-4637-8bc5-66198a927333}" />
      </MissingDependency>
      <MissingDependency>
        <Required type="10" schemaName="msdyn_account_msdyn_rma_BillingAccount" displayName="msdyn_account_msdyn_rma_BillingAccount" parentSchemaName="account" parentDisplayName="Account" solution="FieldService (8.8.0.88)">
          <package>FieldService_Anchor (8.8.106.22)</package>
        </Required>
        <Dependent type="60" displayName="CID Portal - Company Registration Wizard" parentDisplayName="Account" id="{159567aa-2711-4302-a007-da552af243f8}" />
      </MissingDependency>
      <MissingDependency>
        <Required type="10" schemaName="msdyn_account_msdyn_rma_BillingAccount" displayName="msdyn_account_msdyn_rma_BillingAccount" parentSchemaName="account" parentDisplayName="Account" solution="FieldService (8.8.0.88)">
          <package>FieldService_Anchor (8.8.106.22)</package>
        </Required>
        <Dependent type="60" displayName="CID Portal - In-Year Company Details Form" parentDisplayName="Account" id="{410d15bc-e48c-4838-81df-11aa2f8c3936}" />
      </MissingDependency>
      <MissingDependency>
        <Required type="10" schemaName="msdyn_account_msdyn_rma_BillingAccount" displayName="msdyn_account_msdyn_rma_BillingAccount" parentSchemaName="account" parentDisplayName="Account" solution="FieldService (8.8.0.88)">
          <package>FieldService_Anchor (8.8.106.22)</package>
        </Required>
        <Dependent type="60" displayName="CID Portal - In-Year Company Form" parentDisplayName="Account" id="{eaca3f3f-efdd-4637-8bc5-66198a927333}" />
      </MissingDependency>
      <MissingDependency>
        <Required type="10" schemaName="msdyn_account_msdyn_rma_ServiceAccount" displayName="msdyn_account_msdyn_rma_ServiceAccount" parentSchemaName="account" parentDisplayName="Account" solution="FieldService (8.8.0.88)">
          <package>FieldService_Anchor (8.8.106.22)</package>
        </Required>
        <Dependent type="60" displayName="CID Portal - Company Registration Wizard" parentDisplayName="Account" id="{159567aa-2711-4302-a007-da552af243f8}" />
      </MissingDependency>
      <MissingDependency>
        <Required type="10" schemaName="msdyn_account_msdyn_rma_ServiceAccount" displayName="msdyn_account_msdyn_rma_ServiceAccount" parentSchemaName="account" parentDisplayName="Account" solution="FieldService (8.8.0.88)">
          <package>FieldService_Anchor (8.8.106.22)</package>
        </Required>
        <Dependent type="60" displayName="CID Portal - In-Year Company Details Form" parentDisplayName="Account" id="{410d15bc-e48c-4838-81df-11aa2f8c3936}" />
      </MissingDependency>
      <MissingDependency>
        <Required type="10" schemaName="msdyn_account_msdyn_rma_ServiceAccount" displayName="msdyn_account_msdyn_rma_ServiceAccount" parentSchemaName="account" parentDisplayName="Account" solution="FieldService (8.8.0.88)">
          <package>FieldService_Anchor (8.8.106.22)</package>
        </Required>
        <Dependent type="60" displayName="CID Portal - In-Year Company Form" parentDisplayName="Account" id="{eaca3f3f-efdd-4637-8bc5-66198a927333}" />
      </MissingDependency>
      <MissingDependency>
        <Required type="10" schemaName="msdyn_account_msdyn_rtv_Vendor" displayName="msdyn_account_msdyn_rtv_Vendor" parentSchemaName="account" parentDisplayName="Account" solution="FieldService (8.8.0.88)">
          <package>FieldService_Anchor (8.8.106.22)</package>
        </Required>
        <Dependent type="60" displayName="CID Portal - Company Registration Wizard" parentDisplayName="Account" id="{159567aa-2711-4302-a007-da552af243f8}" />
      </MissingDependency>
      <MissingDependency>
        <Required type="10" schemaName="msdyn_account_msdyn_rtv_Vendor" displayName="msdyn_account_msdyn_rtv_Vendor" parentSchemaName="account" parentDisplayName="Account" solution="FieldService (8.8.0.88)">
          <package>FieldService_Anchor (8.8.106.22)</package>
        </Required>
        <Dependent type="60" displayName="CID Portal - In-Year Company Details Form" parentDisplayName="Account" id="{410d15bc-e48c-4838-81df-11aa2f8c3936}" />
      </MissingDependency>
      <MissingDependency>
        <Required type="10" schemaName="msdyn_account_msdyn_rtv_Vendor" displayName="msdyn_account_msdyn_rtv_Vendor" parentSchemaName="account" parentDisplayName="Account" solution="FieldService (8.8.0.88)">
          <package>FieldService_Anchor (8.8.106.22)</package>
        </Required>
        <Dependent type="60" displayName="CID Portal - In-Year Company Form" parentDisplayName="Account" id="{eaca3f3f-efdd-4637-8bc5-66198a927333}" />
      </MissingDependency>
      <MissingDependency>
        <Required type="10" schemaName="msdyn_account_msdyn_workorder_BillingAccount" displayName="msdyn_account_msdyn_workorder_BillingAccount" parentSchemaName="account" parentDisplayName="Account" solution="FieldService (8.8.0.88)">
          <package>FieldService_Anchor (8.8.106.22)</package>
        </Required>
        <Dependent type="60" displayName="CID Portal - Company Registration Wizard" parentDisplayName="Account" id="{159567aa-2711-4302-a007-da552af243f8}" />
      </MissingDependency>
      <MissingDependency>
        <Required type="10" schemaName="msdyn_account_msdyn_workorder_BillingAccount" displayName="msdyn_account_msdyn_workorder_BillingAccount" parentSchemaName="account" parentDisplayName="Account" solution="FieldService (8.8.0.88)">
          <package>FieldService_Anchor (8.8.106.22)</package>
        </Required>
        <Dependent type="60" displayName="CID Portal - In-Year Company Details Form" parentDisplayName="Account" id="{410d15bc-e48c-4838-81df-11aa2f8c3936}" />
      </MissingDependency>
      <MissingDependency>
        <Required type="10" schemaName="msdyn_account_msdyn_workorder_BillingAccount" displayName="msdyn_account_msdyn_workorder_BillingAccount" parentSchemaName="account" parentDisplayName="Account" solution="FieldService (8.8.0.88)">
          <package>FieldService_Anchor (8.8.106.22)</package>
        </Required>
        <Dependent type="60" displayName="CID Portal - In-Year Company Form" parentDisplayName="Account" id="{eaca3f3f-efdd-4637-8bc5-66198a927333}" />
      </MissingDependency>
      <MissingDependency>
        <Required type="10" schemaName="msdyn_account_msdyn_workorder_ServiceAccount" displayName="msdyn_account_msdyn_workorder_ServiceAccount" parentSchemaName="account" parentDisplayName="Account" solution="FieldService (8.8.0.88)">
          <package>FieldService_Anchor (8.8.106.22)</package>
        </Required>
        <Dependent type="60" displayName="CID Portal - Company Registration Wizard" parentDisplayName="Account" id="{159567aa-2711-4302-a007-da552af243f8}" />
      </MissingDependency>
      <MissingDependency>
        <Required type="10" schemaName="msdyn_account_msdyn_workorder_ServiceAccount" displayName="msdyn_account_msdyn_workorder_ServiceAccount" parentSchemaName="account" parentDisplayName="Account" solution="FieldService (8.8.0.88)">
          <package>FieldService_Anchor (8.8.106.22)</package>
        </Required>
        <Dependent type="60" displayName="CID Portal - In-Year Company Details Form" parentDisplayName="Account" id="{410d15bc-e48c-4838-81df-11aa2f8c3936}" />
      </MissingDependency>
      <MissingDependency>
        <Required type="10" schemaName="msdyn_account_msdyn_workorder_ServiceAccount" displayName="msdyn_account_msdyn_workorder_ServiceAccount" parentSchemaName="account" parentDisplayName="Account" solution="FieldService (8.8.0.88)">
          <package>FieldService_Anchor (8.8.106.22)</package>
        </Required>
        <Dependent type="60" displayName="CID Portal - In-Year Company Form" parentDisplayName="Account" id="{eaca3f3f-efdd-4637-8bc5-66198a927333}" />
      </MissingDependency>
      <MissingDependency>
        <Required type="10" schemaName="cid_contact_account_CreatedByRegistrant" displayName="cid_contact_account_CreatedByRegistrant" parentSchemaName="contact" parentDisplayName="Contact" solution="Active" />
        <Dependent type="60" displayName="CID Portal - Company Registration Wizard" parentDisplayName="Account" id="{159567aa-2711-4302-a007-da552af243f8}" />
      </MissingDependency>
      <MissingDependency>
        <Required type="10" schemaName="msdyn_account_msdyn_customerasset_Account" displayName="msdyn_account_msdyn_customerasset_Account" parentSchemaName="msdyn_customerasset" parentDisplayName="Customer Asset" solution="msdyn_AssetCommon (1.0.46.7)">
          <package>FieldService_Anchor (8.8.106.22)</package>
          <package>msdynce_ServiceAnchor (9.0.24012.1003)</package>
        </Required>
        <Dependent type="60" displayName="CID Portal - Company Registration Wizard" parentDisplayName="Account" id="{159567aa-2711-4302-a007-da552af243f8}" />
      </MissingDependency>
      <MissingDependency>
        <Required type="10" schemaName="msdyn_account_msdyn_customerasset_Account" displayName="msdyn_account_msdyn_customerasset_Account" parentSchemaName="msdyn_customerasset" parentDisplayName="Customer Asset" solution="msdyn_AssetCommon (1.0.46.7)">
          <package>FieldService_Anchor (8.8.106.22)</package>
          <package>msdynce_ServiceAnchor (9.0.24012.1003)</package>
        </Required>
        <Dependent type="60" displayName="CID Portal - In-Year Company Details Form" parentDisplayName="Account" id="{410d15bc-e48c-4838-81df-11aa2f8c3936}" />
      </MissingDependency>
      <MissingDependency>
        <Required type="10" schemaName="msdyn_account_msdyn_customerasset_Account" displayName="msdyn_account_msdyn_customerasset_Account" parentSchemaName="msdyn_customerasset" parentDisplayName="Customer Asset" solution="msdyn_AssetCommon (1.0.46.7)">
          <package>FieldService_Anchor (8.8.106.22)</package>
          <package>msdynce_ServiceAnchor (9.0.24012.1003)</package>
        </Required>
        <Dependent type="60" displayName="CID Portal - In-Year Company Form" parentDisplayName="Account" id="{eaca3f3f-efdd-4637-8bc5-66198a927333}" />
      </MissingDependency>
      <MissingDependency>
        <Required type="2" schemaName="adx_modifiedbyusername" displayName="Modified By (User Name)" parentSchemaName="account" parentDisplayName="Account" solution="PowerPages_RuntimeCoreDependencies (1.0.2305.1)">
          <package>PowerPages_Core (1.0.2311.74)</package>
        </Required>
        <Dependent type="60" displayName="CID Portal - Company Registration Wizard" parentDisplayName="Account" id="{159567aa-2711-4302-a007-da552af243f8}" />
      </MissingDependency>
      <MissingDependency>
        <Required type="2" schemaName="cid_addressoverwritten" displayName="Manually Entered?" parentSchemaName="account" parentDisplayName="Account" solution="Active" />
        <Dependent type="60" displayName="CID Portal - Company Registration Wizard" parentDisplayName="Account" id="{159567aa-2711-4302-a007-da552af243f8}" />
      </MissingDependency>
      <MissingDependency>
        <Required type="2" schemaName="cid_addressoverwritten" displayName="Manually Entered?" parentSchemaName="account" parentDisplayName="Account" solution="Active" />
        <Dependent type="60" displayName="CID Portal - In-Year Company Details Form" parentDisplayName="Account" id="{410d15bc-e48c-4838-81df-11aa2f8c3936}" />
      </MissingDependency>
      <MissingDependency>
        <Required type="2" schemaName="cid_cidcompanystatus" displayName="Organization Status" parentSchemaName="account" parentDisplayName="Account" solution="Active" />
        <Dependent type="60" displayName="CID Portal - In-Year Company Details Form" parentDisplayName="Account" id="{410d15bc-e48c-4838-81df-11aa2f8c3936}" />
      </MissingDependency>
      <MissingDependency>
        <Required type="2" schemaName="cid_cidcompanystatus" displayName="Organization Status" parentSchemaName="account" parentDisplayName="Account" solution="Active" />
        <Dependent type="60" displayName="CID Portal - In-Year Company Form" parentDisplayName="Account" id="{eaca3f3f-efdd-4637-8bc5-66198a927333}" />
      </MissingDependency>
      <MissingDependency>
        <Required type="2" schemaName="cid_companyanniversarydate" displayName="Anniversary Date" parentSchemaName="account" parentDisplayName="Account" solution="Active" />
        <Dependent type="60" displayName="CID Portal - In-Year Company Details Form" parentDisplayName="Account" id="{410d15bc-e48c-4838-81df-11aa2f8c3936}" />
      </MissingDependency>
      <MissingDependency>
        <Required type="2" schemaName="cid_companyanniversarydate" displayName="Anniversary Date" parentSchemaName="account" parentDisplayName="Account" solution="Active" />
        <Dependent type="60" displayName="CID Portal - In-Year Company Form" parentDisplayName="Account" id="{eaca3f3f-efdd-4637-8bc5-66198a927333}" />
      </MissingDependency>
      <MissingDependency>
        <Required type="2" schemaName="cid_companyclaim" displayName="Organization Claim" parentSchemaName="account" parentDisplayName="Account" solution="Active" />
        <Dependent type="60" displayName="CID Portal - Company Registration Wizard" parentDisplayName="Account" id="{159567aa-2711-4302-a007-da552af243f8}" />
      </MissingDependency>
      <MissingDependency>
        <Required type="2" schemaName="cid_companydeactivationeffectivedate" displayName="Organization Deactivation Effective Date" parentSchemaName="account" parentDisplayName="Account" solution="Active" />
        <Dependent type="60" displayName="CID Portal - In-Year Company Form" parentDisplayName="Account" id="{eaca3f3f-efdd-4637-8bc5-66198a927333}" />
      </MissingDependency>
      <MissingDependency>
        <Required type="2" schemaName="cid_crabusinessnumber" displayName="CRA Business Number" parentSchemaName="account" parentDisplayName="Account" solution="Active" />
        <Dependent type="60" displayName="CID Portal - Company Registration Wizard" parentDisplayName="Account" id="{159567aa-2711-4302-a007-da552af243f8}" />
      </MissingDependency>
      <MissingDependency>
        <Required type="2" schemaName="cid_crabusinessnumber" displayName="CRA Business Number" parentSchemaName="account" parentDisplayName="Account" solution="Active" />
        <Dependent type="60" displayName="CID Portal - In-Year Company Details Form" parentDisplayName="Account" id="{410d15bc-e48c-4838-81df-11aa2f8c3936}" />
      </MissingDependency>
      <MissingDependency>
        <Required type="2" schemaName="cid_crabusinessnumber" displayName="CRA Business Number" parentSchemaName="account" parentDisplayName="Account" solution="Active" />
        <Dependent type="60" displayName="CID Portal - In-Year Company Form" parentDisplayName="Account" id="{eaca3f3f-efdd-4637-8bc5-66198a927333}" />
      </MissingDependency>
      <MissingDependency>
        <Required type="2" schemaName="cid_createdbyregistrant" displayName="Created By" parentSchemaName="account" parentDisplayName="Account" solution="Active" />
        <Dependent type="60" displayName="CID Portal - Company Registration Wizard" parentDisplayName="Account" id="{159567aa-2711-4302-a007-da552af243f8}" />
      </MissingDependency>
      <MissingDependency>
        <Required type="2" schemaName="cid_has_cra_bn" displayName="Organization has a Canada Revenue Agency (CRA) Bus" parentSchemaName="account" parentDisplayName="Account" solution="Active" />
        <Dependent type="60" displayName="CID Portal - Company Registration Wizard" parentDisplayName="Account" id="{159567aa-2711-4302-a007-da552af243f8}" />
      </MissingDependency>
      <MissingDependency>
        <Required type="2" schemaName="cid_has_cra_bn" displayName="Organization has a Canada Revenue Agency (CRA) Bus" parentSchemaName="account" parentDisplayName="Account" solution="Active" />
        <Dependent type="60" displayName="CID Portal - In-Year Company Form" parentDisplayName="Account" id="{eaca3f3f-efdd-4637-8bc5-66198a927333}" />
      </MissingDependency>
      <MissingDependency>
        <Required type="2" schemaName="cid_iscompanyattested" displayName="Is Organization Attested?" parentSchemaName="account" parentDisplayName="Account" solution="Active" />
        <Dependent type="60" displayName="CID Portal - In-Year Company Details Form" parentDisplayName="Account" id="{410d15bc-e48c-4838-81df-11aa2f8c3936}" />
      </MissingDependency>
      <MissingDependency>
        <Required type="2" schemaName="cid_iscompanyattested" displayName="Is Organization Attested?" parentSchemaName="account" parentDisplayName="Account" solution="Active" />
        <Dependent type="60" displayName="CID Portal - In-Year Company Form" parentDisplayName="Account" id="{eaca3f3f-efdd-4637-8bc5-66198a927333}" />
      </MissingDependency>
      <MissingDependency>
        <Required type="2" schemaName="cid_lastannualcomplianceupdate" displayName="Last Annual Compliance Update" parentSchemaName="account" parentDisplayName="Account" solution="Active" />
        <Dependent type="60" displayName="CID Portal - In-Year Company Details Form" parentDisplayName="Account" id="{410d15bc-e48c-4838-81df-11aa2f8c3936}" />
      </MissingDependency>
      <MissingDependency>
        <Required type="2" schemaName="cid_lastannualcomplianceupdate" displayName="Last Annual Compliance Update" parentSchemaName="account" parentDisplayName="Account" solution="Active" />
        <Dependent type="60" displayName="CID Portal - In-Year Company Form" parentDisplayName="Account" id="{eaca3f3f-efdd-4637-8bc5-66198a927333}" />
      </MissingDependency>
      <MissingDependency>
        <Required type="2" schemaName="cid_memoforcompanydeactivation" displayName="Memo for Organization deactivation" parentSchemaName="account" parentDisplayName="Account" solution="Active" />
        <Dependent type="60" displayName="CID Portal - In-Year Company Form" parentDisplayName="Account" id="{eaca3f3f-efdd-4637-8bc5-66198a927333}" />
      </MissingDependency>
      <MissingDependency>
        <Required type="2" schemaName="cid_nextannualcomplianceupdate" displayName="Next Annual Compliance Update Required On" parentSchemaName="account" parentDisplayName="Account" solution="Active" />
        <Dependent type="60" displayName="CID Portal - In-Year Company Details Form" parentDisplayName="Account" id="{410d15bc-e48c-4838-81df-11aa2f8c3936}" />
      </MissingDependency>
      <MissingDependency>
        <Required type="2" schemaName="cid_nextannualcomplianceupdate" displayName="Next Annual Compliance Update Required On" parentSchemaName="account" parentDisplayName="Account" solution="Active" />
        <Dependent type="60" displayName="CID Portal - In-Year Company Form" parentDisplayName="Account" id="{eaca3f3f-efdd-4637-8bc5-66198a927333}" />
      </MissingDependency>
      <MissingDependency>
        <Required type="2" schemaName="cid_officiallyregistrationcompletationdate" displayName="Registration Completion Date" parentSchemaName="account" parentDisplayName="Account" solution="Active" />
        <Dependent type="60" displayName="CID Portal - In-Year Company Details Form" parentDisplayName="Account" id="{410d15bc-e48c-4838-81df-11aa2f8c3936}" />
      </MissingDependency>
      <MissingDependency>
        <Required type="2" schemaName="cid_officiallyregistrationcompletationdate" displayName="Registration Completion Date" parentSchemaName="account" parentDisplayName="Account" solution="Active" />
        <Dependent type="60" displayName="CID Portal - In-Year Company Form" parentDisplayName="Account" id="{eaca3f3f-efdd-4637-8bc5-66198a927333}" />
      </MissingDependency>
      <MissingDependency>
        <Required type="2" schemaName="cid_portalrecordcreationdetails" displayName="Created On, By" parentSchemaName="account" parentDisplayName="Account" solution="Active" />
        <Dependent type="60" displayName="CID Portal - Company Registration Wizard" parentDisplayName="Account" id="{159567aa-2711-4302-a007-da552af243f8}" />
      </MissingDependency>
      <MissingDependency>
        <Required type="2" schemaName="cid_reasonforcompanydeactivation" displayName="Reason for Organization deactivation" parentSchemaName="account" parentDisplayName="Account" solution="Active" />
        <Dependent type="60" displayName="CID Portal - In-Year Company Form" parentDisplayName="Account" id="{eaca3f3f-efdd-4637-8bc5-66198a927333}" />
      </MissingDependency>
      <MissingDependency>
        <Required type="2" schemaName="cid_reasonfornobnnumber" displayName="Reason for no CRA Business Number" parentSchemaName="account" parentDisplayName="Account" solution="Active" />
        <Dependent type="60" displayName="CID Portal - Company Registration Wizard" parentDisplayName="Account" id="{159567aa-2711-4302-a007-da552af243f8}" />
      </MissingDependency>
      <MissingDependency>
        <Required type="2" schemaName="cid_reasonfornobnnumber" displayName="Reason for no CRA Business Number" parentSchemaName="account" parentDisplayName="Account" solution="Active" />
        <Dependent type="60" displayName="CID Portal - In-Year Company Details Form" parentDisplayName="Account" id="{410d15bc-e48c-4838-81df-11aa2f8c3936}" />
      </MissingDependency>
      <MissingDependency>
        <Required type="2" schemaName="cid_reasonfornobnnumber" displayName="Reason for no CRA Business Number" parentSchemaName="account" parentDisplayName="Account" solution="Active" />
        <Dependent type="60" displayName="CID Portal - In-Year Company Form" parentDisplayName="Account" id="{eaca3f3f-efdd-4637-8bc5-66198a927333}" />
      </MissingDependency>
      <MissingDependency>
        <Required type="2" schemaName="cid_reasonfornobnnumber_other" displayName="Other Reason" parentSchemaName="account" parentDisplayName="Account" solution="Active" />
        <Dependent type="60" displayName="CID Portal - Company Registration Wizard" parentDisplayName="Account" id="{159567aa-2711-4302-a007-da552af243f8}" />
      </MissingDependency>
      <MissingDependency>
        <Required type="2" schemaName="cid_reasonfornobnnumber_other" displayName="Other Reason" parentSchemaName="account" parentDisplayName="Account" solution="Active" />
        <Dependent type="60" displayName="CID Portal - In-Year Company Details Form" parentDisplayName="Account" id="{410d15bc-e48c-4838-81df-11aa2f8c3936}" />
      </MissingDependency>
      <MissingDependency>
        <Required type="2" schemaName="cid_reasonfornobnnumber_other" displayName="Other Reason" parentSchemaName="account" parentDisplayName="Account" solution="Active" />
        <Dependent type="60" displayName="CID Portal - In-Year Company Form" parentDisplayName="Account" id="{eaca3f3f-efdd-4637-8bc5-66198a927333}" />
      </MissingDependency>
      <MissingDependency>
        <Required type="2" schemaName="cid_registrationasof" displayName="Registration As Of" parentSchemaName="account" parentDisplayName="Account" solution="Active" />
        <Dependent type="60" displayName="CID Portal - Company Registration Wizard" parentDisplayName="Account" id="{159567aa-2711-4302-a007-da552af243f8}" />
      </MissingDependency>
      <MissingDependency>
        <Required type="2" schemaName="cid_registrationasof" displayName="Registration As Of" parentSchemaName="account" parentDisplayName="Account" solution="Active" />
        <Dependent type="60" displayName="CID Portal - In-Year Company Form" parentDisplayName="Account" id="{eaca3f3f-efdd-4637-8bc5-66198a927333}" />
      </MissingDependency>
      <MissingDependency>
        <Required type="2" schemaName="ovs_address_display" displayName="Address Display" parentSchemaName="account" parentDisplayName="Account" solution="Active" />
        <Dependent type="60" displayName="CID Portal - In-Year Company Details Form" parentDisplayName="Account" id="{410d15bc-e48c-4838-81df-11aa2f8c3936}" />
      </MissingDependency>
      <MissingDependency>
        <Required type="2" schemaName="ovs_address1_province" displayName="Province / Territory" parentSchemaName="account" parentDisplayName="Account" solution="Active" />
        <Dependent type="60" displayName="CID Portal - Company Registration Wizard" parentDisplayName="Account" id="{159567aa-2711-4302-a007-da552af243f8}" />
      </MissingDependency>
      <MissingDependency>
        <Required type="2" schemaName="ovs_address1_province" displayName="Province / Territory" parentSchemaName="account" parentDisplayName="Account" solution="Active" />
        <Dependent type="60" displayName="CID Portal - In-Year Company Details Form" parentDisplayName="Account" id="{410d15bc-e48c-4838-81df-11aa2f8c3936}" />
      </MissingDependency>
      <MissingDependency>
        <Required type="2" schemaName="ovs_address1_province" displayName="Province / Territory" parentSchemaName="account" parentDisplayName="Account" solution="Active" />
        <Dependent type="60" displayName="CID Portal - In-Year Company Form" parentDisplayName="Account" id="{eaca3f3f-efdd-4637-8bc5-66198a927333}" />
      </MissingDependency>
      <MissingDependency>
        <Required type="2" schemaName="ovs_invitation_only" displayName="Invitation Only" parentSchemaName="account" parentDisplayName="Account" solution="Active" />
        <Dependent type="60" displayName="CID Portal - Company Registration Wizard" parentDisplayName="Account" id="{159567aa-2711-4302-a007-da552af243f8}" />
      </MissingDependency>
      <MissingDependency>
        <Required type="2" schemaName="ovs_legalnamefr" displayName="Legal Name (French)" parentSchemaName="account" parentDisplayName="Account" solution="Active" />
        <Dependent type="60" displayName="CID Portal - Company Registration Wizard" parentDisplayName="Account" id="{159567aa-2711-4302-a007-da552af243f8}" />
      </MissingDependency>
      <MissingDependency>
        <Required type="2" schemaName="ovs_legalnamefr" displayName="Legal Name (French)" parentSchemaName="account" parentDisplayName="Account" solution="Active" />
        <Dependent type="60" displayName="CID Portal - In-Year Company Details Form" parentDisplayName="Account" id="{410d15bc-e48c-4838-81df-11aa2f8c3936}" />
      </MissingDependency>
      <MissingDependency>
        <Required type="2" schemaName="ovs_legalnamefr" displayName="Legal Name (French)" parentSchemaName="account" parentDisplayName="Account" solution="Active" />
        <Dependent type="60" displayName="CID Portal - In-Year Company Form" parentDisplayName="Account" id="{eaca3f3f-efdd-4637-8bc5-66198a927333}" />
      </MissingDependency>
      <MissingDependency>
        <Required type="2" schemaName="ovs_namefr" displayName="Operating Name (French)" parentSchemaName="account" parentDisplayName="Account" solution="Active" />
        <Dependent type="60" displayName="CID Portal - Company Registration Wizard" parentDisplayName="Account" id="{159567aa-2711-4302-a007-da552af243f8}" />
      </MissingDependency>
      <MissingDependency>
        <Required type="2" schemaName="ovs_namefr" displayName="Operating Name (French)" parentSchemaName="account" parentDisplayName="Account" solution="Active" />
        <Dependent type="60" displayName="CID Portal - In-Year Company Details Form" parentDisplayName="Account" id="{410d15bc-e48c-4838-81df-11aa2f8c3936}" />
      </MissingDependency>
      <MissingDependency>
        <Required type="2" schemaName="ovs_namefr" displayName="Operating Name (French)" parentSchemaName="account" parentDisplayName="Account" solution="Active" />
        <Dependent type="60" displayName="CID Portal - In-Year Company Form" parentDisplayName="Account" id="{eaca3f3f-efdd-4637-8bc5-66198a927333}" />
      </MissingDependency>
      <MissingDependency>
        <Required type="2" schemaName="cid_contacttype" displayName="Contact Type" parentSchemaName="contact" parentDisplayName="Contact" solution="Active" />
        <Dependent type="60" displayName="CID Portal - Pre Company Registration" parentDisplayName="Contact" id="{175d73bb-e455-41a0-a9fd-f9b25cf8055c}" />
      </MissingDependency>
      <MissingDependency>
        <Required type="2" schemaName="cid_crabusinessnumber" displayName="CRA Business Number" parentSchemaName="contact" parentDisplayName="Contact" solution="Active" />
        <Dependent type="60" displayName="CID Portal - Pre Company Registration" parentDisplayName="Contact" id="{175d73bb-e455-41a0-a9fd-f9b25cf8055c}" />
      </MissingDependency>
      <MissingDependency>
        <Required type="2" schemaName="cid_has_cra_bn" displayName="Do you have a CRA Business Number?" parentSchemaName="contact" parentDisplayName="Contact" solution="Active" />
        <Dependent type="60" displayName="CID Portal - Pre Company Registration" parentDisplayName="Contact" id="{175d73bb-e455-41a0-a9fd-f9b25cf8055c}" />
      </MissingDependency>
      <MissingDependency>
        <Required type="2" schemaName="cid_reasonfornobnnumber" displayName="Reason for No Business Number" parentSchemaName="contact" parentDisplayName="Contact" solution="Active" />
        <Dependent type="60" displayName="CID Portal - Pre Company Registration" parentDisplayName="Contact" id="{175d73bb-e455-41a0-a9fd-f9b25cf8055c}" />
      </MissingDependency>
      <MissingDependency>
        <Required type="2" schemaName="cid_reasonfornobnnumber_other" displayName="Further Details Regarding No CRA Business Number" parentSchemaName="contact" parentDisplayName="Contact" solution="Active" />
        <Dependent type="60" displayName="CID Portal - Pre Company Registration" parentDisplayName="Contact" id="{175d73bb-e455-41a0-a9fd-f9b25cf8055c}" />
      </MissingDependency>
      <MissingDependency>
        <Required type="2" schemaName="ovs_legalnamefr" displayName="Legal Name (French)" parentSchemaName="contact" parentDisplayName="Contact" solution="Active" />
        <Dependent type="60" displayName="CID Portal - Pre Company Registration" parentDisplayName="Contact" id="{175d73bb-e455-41a0-a9fd-f9b25cf8055c}" />
      </MissingDependency>
      <MissingDependency>
        <Required type="20" displayName="CID User" solution="Active" id="{6b799c8f-dd4f-ed11-bba3-0022483d0343}" />
        <Dependent type="60" displayName="CID Portal - In-Year Company Form" parentDisplayName="Account" id="{eaca3f3f-efdd-4637-8bc5-66198a927333}" />
      </MissingDependency>
      <MissingDependency>
        <Required type="26" schemaName="CID Portal - In Year NAICS Codes" displayName="CID Portal - In Year NAICS Codes" parentSchemaName="cid_companynaicscode" parentDisplayName="Organization NAICS Code" solution="Active" id="{0494e5e7-f48b-ed11-81ac-0022483e130e}" />
        <Dependent type="60" displayName="CID Portal - In-Year Company Details Form" parentDisplayName="Account" id="{410d15bc-e48c-4838-81df-11aa2f8c3936}" />
      </MissingDependency>
      <MissingDependency>
        <Required type="26" schemaName="CID Portal - ERAPs" displayName="CID Portal - ERAPs" parentSchemaName="cid_companyerap" parentDisplayName="Company ERAP" solution="Active" id="{07e9d230-d87b-ec11-8d20-000d3aff1221}" />
        <Dependent type="60" displayName="CID Portal - Company Registration Wizard" parentDisplayName="Account" id="{159567aa-2711-4302-a007-da552af243f8}" />
      </MissingDependency>
      <MissingDependency>
        <Required type="26" schemaName="CID Portal - ERAPs" displayName="CID Portal - ERAPs" parentSchemaName="cid_companyerap" parentDisplayName="Company ERAP" solution="Active" id="{07e9d230-d87b-ec11-8d20-000d3aff1221}" />
        <Dependent type="60" displayName="CID Portal - In-Year Company Form" parentDisplayName="Account" id="{eaca3f3f-efdd-4637-8bc5-66198a927333}" />
      </MissingDependency>
      <MissingDependency>
        <Required type="26" schemaName="Active Company ERAPS" displayName="Active Company ERAPS" parentSchemaName="cid_companyerap" parentDisplayName="Company ERAP" solution="Active" id="{0b1fac9a-90c7-4940-a4eb-1adb97736af1}" />
        <Dependent type="60" displayName="CID Portal - Company Registration Wizard" parentDisplayName="Account" id="{159567aa-2711-4302-a007-da552af243f8}" />
      </MissingDependency>
      <MissingDependency>
        <Required type="26" schemaName="Active Company ERAPS" displayName="Active Company ERAPS" parentSchemaName="cid_companyerap" parentDisplayName="Company ERAP" solution="Active" id="{0b1fac9a-90c7-4940-a4eb-1adb97736af1}" />
        <Dependent type="60" displayName="CID Portal - In-Year Company Form" parentDisplayName="Account" id="{eaca3f3f-efdd-4637-8bc5-66198a927333}" />
      </MissingDependency>
      <MissingDependency>
        <Required type="26" schemaName="CID Portal - Activity Review Log" displayName="CID Portal - Activity Review Log" parentSchemaName="cid_activityreviewlog" parentDisplayName="Activity Review Log" solution="Active" id="{0efede85-2de1-ec11-bb3d-000d3a8483f6}" />
        <Dependent type="60" displayName="CID Portal - In-Year Company Form" parentDisplayName="Account" id="{eaca3f3f-efdd-4637-8bc5-66198a927333}" />
      </MissingDependency>
      <MissingDependency>
        <Required type="26" schemaName="CID Portal - In year Company Sites" displayName="CID Portal - In year Company Sites" parentSchemaName="account" parentDisplayName="Account" solution="Active" id="{153aa606-2043-ed11-bba3-0022483d0343}" />
        <Dependent type="60" displayName="CID Portal - In-Year Company Form" parentDisplayName="Account" id="{eaca3f3f-efdd-4637-8bc5-66198a927333}" />
      </MissingDependency>
      <MissingDependency>
        <Required type="26" schemaName="Active Organization NAICS Code - Portal" displayName="Active Organization NAICS Code - Portal" parentSchemaName="cid_companynaicscode" parentDisplayName="Organization NAICS Code" solution="Active" id="{21614059-fb22-ec11-b6e6-0022483cb5c7}" />
        <Dependent type="60" displayName="CID Portal - In-Year Company Details Form" parentDisplayName="Account" id="{410d15bc-e48c-4838-81df-11aa2f8c3936}" />
      </MissingDependency>
      <MissingDependency>
        <Required type="26" schemaName="Active Organization NAICS Code - Portal" displayName="Active Organization NAICS Code - Portal" parentSchemaName="cid_companynaicscode" parentDisplayName="Organization NAICS Code" solution="Active" id="{21614059-fb22-ec11-b6e6-0022483cb5c7}" />
        <Dependent type="60" displayName="CID Portal - In-Year Company Form" parentDisplayName="Account" id="{eaca3f3f-efdd-4637-8bc5-66198a927333}" />
      </MissingDependency>
      <MissingDependency>
        <Required type="26" schemaName="All Activity Review Logs" displayName="All Activity Review Logs" parentSchemaName="cid_activityreviewlog" parentDisplayName="Activity Review Log" solution="Active" id="{3f12a7aa-7069-4677-a95b-251ffe14433a}" />
        <Dependent type="60" displayName="CID Portal - In-Year Company Form" parentDisplayName="Account" id="{eaca3f3f-efdd-4637-8bc5-66198a927333}" />
      </MissingDependency>
      <MissingDependency>
        <Required type="26" schemaName="CID Portal - NAICS Codes" displayName="CID Portal - NAICS Codes" parentSchemaName="cid_companynaicscode" parentDisplayName="Organization NAICS Code" solution="Active" id="{51a1c9ee-db7b-ec11-8d20-000d3aff1221}" />
        <Dependent type="60" displayName="CID Portal - Company Registration Wizard" parentDisplayName="Account" id="{159567aa-2711-4302-a007-da552af243f8}" />
      </MissingDependency>
      <MissingDependency>
        <Required type="26" schemaName="CID Portal - NAICS Codes" displayName="CID Portal - NAICS Codes" parentSchemaName="cid_companynaicscode" parentDisplayName="Organization NAICS Code" solution="Active" id="{51a1c9ee-db7b-ec11-8d20-000d3aff1221}" />
        <Dependent type="60" displayName="CID Portal - In-Year Company Details Form" parentDisplayName="Account" id="{410d15bc-e48c-4838-81df-11aa2f8c3936}" />
      </MissingDependency>
      <MissingDependency>
        <Required type="26" schemaName="CID Portal - NAICS Codes" displayName="CID Portal - NAICS Codes" parentSchemaName="cid_companynaicscode" parentDisplayName="Organization NAICS Code" solution="Active" id="{51a1c9ee-db7b-ec11-8d20-000d3aff1221}" />
        <Dependent type="60" displayName="CID Portal - In-Year Company Form" parentDisplayName="Account" id="{eaca3f3f-efdd-4637-8bc5-66198a927333}" />
      </MissingDependency>
      <MissingDependency>
        <Required type="26" schemaName="CID Portal - Organization History Logs" displayName="CID Portal - Organization History Logs" parentSchemaName="cid_historylog" parentDisplayName="History Log" solution="Active" id="{9698eba4-c5a2-ed11-aad1-0022483d0343}" />
        <Dependent type="60" displayName="CID Portal - In-Year Company Form" parentDisplayName="Account" id="{eaca3f3f-efdd-4637-8bc5-66198a927333}" />
      </MissingDependency>
      <MissingDependency>
        <Required type="26" schemaName="CID Portal - Contacts" displayName="CID Portal - Contacts" parentSchemaName="contact" parentDisplayName="Contact" solution="Active" id="{9f4e737c-b54b-ec11-8f8e-000d3ae9a753}" />
        <Dependent type="60" displayName="CID Portal - Company Registration Wizard" parentDisplayName="Account" id="{159567aa-2711-4302-a007-da552af243f8}" />
      </MissingDependency>
      <MissingDependency>
        <Required type="26" schemaName="CID Portal - Portal Created Contacts" displayName="CID Portal - Portal Created Contacts" parentSchemaName="contact" parentDisplayName="Contact" solution="Active" id="{b06483c1-463f-ed11-bba2-0022483d0343}" />
        <Dependent type="60" displayName="CID Portal - Company Registration Wizard" parentDisplayName="Account" id="{159567aa-2711-4302-a007-da552af243f8}" />
      </MissingDependency>
      <MissingDependency>
        <Required type="26" schemaName="CID Portal - Portal Created Contacts" displayName="CID Portal - Portal Created Contacts" parentSchemaName="contact" parentDisplayName="Contact" solution="Active" id="{b06483c1-463f-ed11-bba2-0022483d0343}" />
        <Dependent type="60" displayName="CID Portal - In-Year Company Form" parentDisplayName="Account" id="{eaca3f3f-efdd-4637-8bc5-66198a927333}" />
      </MissingDependency>
      <MissingDependency>
        <Required type="26" schemaName="My Open History Logs" displayName="My Open History Logs" parentSchemaName="cid_historylog" parentDisplayName="History Log" solution="Active" id="{be3c4ba9-64eb-4d08-9375-dbdb8cef8d28}" />
        <Dependent type="60" displayName="CID Portal - In-Year Company Form" parentDisplayName="Account" id="{eaca3f3f-efdd-4637-8bc5-66198a927333}" />
      </MissingDependency>
      <MissingDependency>
        <Required type="26" schemaName="CID Portal - Sites" displayName="CID Portal - Sites" parentSchemaName="account" parentDisplayName="Account" solution="Active" id="{c8db5060-4a4d-ec11-8f8e-000d3ae9a753}" />
        <Dependent type="60" displayName="CID Portal - Company Registration Wizard" parentDisplayName="Account" id="{159567aa-2711-4302-a007-da552af243f8}" />
      </MissingDependency>
      <MissingDependency>
        <Required type="26" schemaName="CID Portal - Sites" displayName="CID Portal - Sites" parentSchemaName="account" parentDisplayName="Account" solution="Active" id="{c8db5060-4a4d-ec11-8f8e-000d3ae9a753}" />
        <Dependent type="60" displayName="CID Portal - In-Year Company Form" parentDisplayName="Account" id="{eaca3f3f-efdd-4637-8bc5-66198a927333}" />
      </MissingDependency>
      <MissingDependency>
        <Required type="26" schemaName="My Open Activity Review Logs" displayName="My Open Activity Review Logs" parentSchemaName="cid_activityreviewlog" parentDisplayName="Activity Review Log" solution="Active" id="{cb9a3729-169a-4e7f-af7e-eb510b0ebebd}" />
        <Dependent type="60" displayName="CID Portal - In-Year Company Form" parentDisplayName="Account" id="{eaca3f3f-efdd-4637-8bc5-66198a927333}" />
      </MissingDependency>
      <MissingDependency>
        <Required type="26" schemaName="Active Organization NAICS Code" displayName="Active Organization NAICS Code" parentSchemaName="cid_companynaicscode" parentDisplayName="Organization NAICS Code" solution="Active" id="{d7d195c7-bf49-45a0-8cfe-53c64d587adf}" />
        <Dependent type="60" displayName="CID Portal - Company Registration Wizard" parentDisplayName="Account" id="{159567aa-2711-4302-a007-da552af243f8}" />
      </MissingDependency>
      <MissingDependency>
        <Required type="26" schemaName="Active Organization NAICS Code" displayName="Active Organization NAICS Code" parentSchemaName="cid_companynaicscode" parentDisplayName="Organization NAICS Code" solution="Active" id="{d7d195c7-bf49-45a0-8cfe-53c64d587adf}" />
        <Dependent type="60" displayName="CID Portal - In-Year Company Details Form" parentDisplayName="Account" id="{410d15bc-e48c-4838-81df-11aa2f8c3936}" />
      </MissingDependency>
      <MissingDependency>
        <Required type="26" schemaName="Active Organization NAICS Code" displayName="Active Organization NAICS Code" parentSchemaName="cid_companynaicscode" parentDisplayName="Organization NAICS Code" solution="Active" id="{d7d195c7-bf49-45a0-8cfe-53c64d587adf}" />
        <Dependent type="60" displayName="CID Portal - In-Year Company Form" parentDisplayName="Account" id="{eaca3f3f-efdd-4637-8bc5-66198a927333}" />
      </MissingDependency>
      <MissingDependency>
        <Required type="26" schemaName="CID Portal - Portal Created Sites" displayName="CID Portal - Portal Created Sites" parentSchemaName="account" parentDisplayName="Account" solution="Active" id="{efe63e51-3040-ed11-bba2-0022483d0343}" />
        <Dependent type="60" displayName="CID Portal - In-Year Company Form" parentDisplayName="Account" id="{eaca3f3f-efdd-4637-8bc5-66198a927333}" />
      </MissingDependency>
      <MissingDependency>
        <Required type="59" schemaName="Emails by Month Due" displayName="Emails by Month Due" parentSchemaName="email" parentDisplayName="Email" solution="msdynce_AppCommon (9.0.4.0066)" id="{1ec1872a-23de-4294-9d7f-1b76272a5fd5}">
          <package>msdynce_AppCommonAnchor (9.0.24012.10002)</package>
        </Required>
        <Dependent type="60" displayName="CID Portal - In-Year Company Form" parentDisplayName="Account" id="{eaca3f3f-efdd-4637-8bc5-66198a927333}" />
      </MissingDependency>
      <MissingDependency>
        <Required type="59" schemaName="Tasks by Month Due" displayName="Tasks by Month Due" parentSchemaName="task" parentDisplayName="Task" solution="msdynce_AppCommon (9.0.4.0066)" id="{9e6a8b06-6d14-46e6-bbf5-95c388c6eb7a}">
          <package>msdynce_AppCommonAnchor (9.0.24012.10002)</package>
        </Required>
        <Dependent type="60" displayName="CID Portal - In-Year Company Form" parentDisplayName="Account" id="{eaca3f3f-efdd-4637-8bc5-66198a927333}" />
      </MissingDependency>
      <MissingDependency>
        <Required type="61" schemaName="AppCommon/Account/Account_main_system_library.js" displayName="AppCommon/Account/Account_main_system_library.js" solution="msdynce_AppCommon (9.0.4.0066)">
          <package>msdynce_AppCommonAnchor (9.0.24012.10002)</package>
        </Required>
        <Dependent type="60" displayName="CID Portal - Company Registration Wizard" parentDisplayName="Account" id="{159567aa-2711-4302-a007-da552af243f8}" />
      </MissingDependency>
      <MissingDependency>
        <Required type="61" schemaName="AppCommon/Account/Account_main_system_library.js" displayName="AppCommon/Account/Account_main_system_library.js" solution="msdynce_AppCommon (9.0.4.0066)">
          <package>msdynce_AppCommonAnchor (9.0.24012.10002)</package>
        </Required>
        <Dependent type="60" displayName="CID Portal - In-Year Company Details Form" parentDisplayName="Account" id="{410d15bc-e48c-4838-81df-11aa2f8c3936}" />
      </MissingDependency>
      <MissingDependency>
        <Required type="61" schemaName="cid_AddressComplete.htm" displayName="cid_AddressComplete.htm" solution="Active" />
        <Dependent type="60" displayName="CID Portal - Company Registration Wizard" parentDisplayName="Account" id="{159567aa-2711-4302-a007-da552af243f8}" />
      </MissingDependency>
      <MissingDependency>
        <Required type="61" schemaName="cid_AddressComplete.htm" displayName="cid_AddressComplete.htm" solution="Active" />
        <Dependent type="60" displayName="CID Portal - In-Year Company Details Form" parentDisplayName="Account" id="{410d15bc-e48c-4838-81df-11aa2f8c3936}" />
      </MissingDependency>
      <MissingDependency>
        <Required type="61" schemaName="cid_AddressComplete.htm" displayName="cid_AddressComplete.htm" solution="Active" />
        <Dependent type="60" displayName="CID Portal - In-Year Company Form" parentDisplayName="Account" id="{eaca3f3f-efdd-4637-8bc5-66198a927333}" />
      </MissingDependency>
      <MissingDependency>
        <Required type="61" schemaName="msdyn_/Account/Account.Library.js" displayName="msdyn_/Account/Account.Library.js" solution="FieldService (8.8.0.88)">
          <package>FieldService_Anchor (8.8.106.22)</package>
        </Required>
        <Dependent type="60" displayName="CID Portal - Company Registration Wizard" parentDisplayName="Account" id="{159567aa-2711-4302-a007-da552af243f8}" />
      </MissingDependency>
      <MissingDependency>
        <Required type="61" schemaName="msdyn_/Account/Account.Library.js" displayName="msdyn_/Account/Account.Library.js" solution="FieldService (8.8.0.88)">
          <package>FieldService_Anchor (8.8.106.22)</package>
        </Required>
        <Dependent type="60" displayName="CID Portal - In-Year Company Details Form" parentDisplayName="Account" id="{410d15bc-e48c-4838-81df-11aa2f8c3936}" />
      </MissingDependency>
      <MissingDependency>
        <Required type="61" schemaName="msdyn_/Account/Account.Library.js" displayName="msdyn_/Account/Account.Library.js" solution="FieldService (8.8.0.88)">
          <package>FieldService_Anchor (8.8.106.22)</package>
        </Required>
        <Dependent type="60" displayName="CID Portal - In-Year Company Form" parentDisplayName="Account" id="{eaca3f3f-efdd-4637-8bc5-66198a927333}" />
      </MissingDependency>
      <MissingDependency>
        <Required type="61" schemaName="msdyn_/Account/AssetCommon.Account.Library.js" displayName="msdyn_/Account/AssetCommon.Account.Library.js" solution="msdyn_AssetCommon (1.0.46.7)">
          <package>FieldService_Anchor (8.8.106.22)</package>
          <package>msdynce_ServiceAnchor (9.0.24012.1003)</package>
        </Required>
        <Dependent type="60" displayName="CID Portal - Company Registration Wizard" parentDisplayName="Account" id="{159567aa-2711-4302-a007-da552af243f8}" />
      </MissingDependency>
      <MissingDependency>
        <Required type="61" schemaName="msdyn_/Account/AssetCommon.Account.Library.js" displayName="msdyn_/Account/AssetCommon.Account.Library.js" solution="msdyn_AssetCommon (1.0.46.7)">
          <package>FieldService_Anchor (8.8.106.22)</package>
          <package>msdynce_ServiceAnchor (9.0.24012.1003)</package>
        </Required>
        <Dependent type="60" displayName="CID Portal - In-Year Company Details Form" parentDisplayName="Account" id="{410d15bc-e48c-4838-81df-11aa2f8c3936}" />
      </MissingDependency>
      <MissingDependency>
        <Required type="61" schemaName="msdyn_/Account/AssetCommon.Account.Library.js" displayName="msdyn_/Account/AssetCommon.Account.Library.js" solution="msdyn_AssetCommon (1.0.46.7)">
          <package>FieldService_Anchor (8.8.106.22)</package>
          <package>msdynce_ServiceAnchor (9.0.24012.1003)</package>
        </Required>
        <Dependent type="60" displayName="CID Portal - In-Year Company Form" parentDisplayName="Account" id="{eaca3f3f-efdd-4637-8bc5-66198a927333}" />
      </MissingDependency>
      <MissingDependency>
        <Required type="61" schemaName="msdyn_/Contact/Contact.Library.js" displayName="msdyn_/Contact/Contact.Library.js" solution="FieldService (8.8.0.88)">
          <package>FieldService_Anchor (8.8.106.22)</package>
        </Required>
        <Dependent type="60" displayName="CID Portal - Pre Company Registration" parentDisplayName="Contact" id="{175d73bb-e455-41a0-a9fd-f9b25cf8055c}" />
      </MissingDependency>
      <MissingDependency>
        <Required type="61" schemaName="msdyn_/Utils/FieldServiceTrial.js" displayName="msdyn_/Utils/FieldServiceTrial.js" solution="FieldService (8.8.0.88)">
          <package>FieldService_Anchor (8.8.106.22)</package>
        </Required>
        <Dependent type="60" displayName="CID Portal - Company Registration Wizard" parentDisplayName="Account" id="{159567aa-2711-4302-a007-da552af243f8}" />
      </MissingDependency>
      <MissingDependency>
        <Required type="61" schemaName="msdyn_/Utils/FieldServiceTrial.js" displayName="msdyn_/Utils/FieldServiceTrial.js" solution="FieldService (8.8.0.88)">
          <package>FieldService_Anchor (8.8.106.22)</package>
        </Required>
        <Dependent type="60" displayName="CID Portal - In-Year Company Details Form" parentDisplayName="Account" id="{410d15bc-e48c-4838-81df-11aa2f8c3936}" />
      </MissingDependency>
      <MissingDependency>
        <Required type="61" schemaName="msdyn_/Utils/FieldServiceTrial.js" displayName="msdyn_/Utils/FieldServiceTrial.js" solution="FieldService (8.8.0.88)">
          <package>FieldService_Anchor (8.8.106.22)</package>
        </Required>
        <Dependent type="60" displayName="CID Portal - In-Year Company Form" parentDisplayName="Account" id="{eaca3f3f-efdd-4637-8bc5-66198a927333}" />
      </MissingDependency>
      <MissingDependency>
        <Required type="61" schemaName="msdyn_talkingpointsloader.js" displayName="msdyn_talkingpointsloader.js" solution="msdynce_Talkingpoints (9.1.0.59)">
          <package>msdynce_SalesInsightsAnchor (9.0.23123.10009)</package>
        </Required>
        <Dependent type="60" displayName="CID Portal - Pre Company Registration" parentDisplayName="Contact" id="{175d73bb-e455-41a0-a9fd-f9b25cf8055c}" />
      </MissingDependency>
      <MissingDependency>
        <Required type="61" schemaName="ovs_ContactMainForm" displayName="ovs_ContactMainForm" solution="Active" />
        <Dependent type="60" displayName="CID Portal - Pre Company Registration" parentDisplayName="Contact" id="{175d73bb-e455-41a0-a9fd-f9b25cf8055c}" />
      </MissingDependency>
      <MissingDependency>
        <Required type="61" schemaName="qm_globalHelper.js" displayName="qm_globalHelper.js" solution="Active" />
        <Dependent type="60" displayName="CID Portal - Pre Company Registration" parentDisplayName="Contact" id="{175d73bb-e455-41a0-a9fd-f9b25cf8055c}" />
      </MissingDependency>
      <MissingDependency>
        <Required type="61" schemaName="Sales/ClientCommon/Sales_ClientCommon.js" displayName="Sales/ClientCommon/Sales_ClientCommon.js" solution="msdynce_Sales (9.0.4.0076)">
          <package>msdynce_SalesAnchor (9.0.23123.10003)</package>
        </Required>
        <Dependent type="60" displayName="CID Portal - Company Registration Wizard" parentDisplayName="Account" id="{159567aa-2711-4302-a007-da552af243f8}" />
      </MissingDependency>
      <MissingDependency>
        <Required type="61" schemaName="Sales/ClientCommon/Sales_ClientCommon.js" displayName="Sales/ClientCommon/Sales_ClientCommon.js" solution="msdynce_Sales (9.0.4.0076)">
          <package>msdynce_SalesAnchor (9.0.23123.10003)</package>
        </Required>
        <Dependent type="60" displayName="CID Portal - Pre Company Registration" parentDisplayName="Contact" id="{175d73bb-e455-41a0-a9fd-f9b25cf8055c}" />
      </MissingDependency>
      <MissingDependency>
        <Required type="61" schemaName="Sales/ClientCommon/Sales_ClientCommon.js" displayName="Sales/ClientCommon/Sales_ClientCommon.js" solution="msdynce_Sales (9.0.4.0076)">
          <package>msdynce_SalesAnchor (9.0.23123.10003)</package>
        </Required>
        <Dependent type="60" displayName="CID Portal - In-Year Company Details Form" parentDisplayName="Account" id="{410d15bc-e48c-4838-81df-11aa2f8c3936}" />
      </MissingDependency>
    </MissingDependencies>
  </SolutionManifest>
</ImportExportXml>