<ImportExportXml xmlns:xsi="http://www.w3.org/2001/XMLSchema-instance">
  <Entities></Entities>
  <Roles></Roles>
  <Workflows></Workflows>
  <FieldSecurityProfiles></FieldSecurityProfiles>
  <Templates />
  <EntityMaps />
  <EntityRelationships />
  <OrganizationSettings />
  <optionsets />
  <CustomControls />
  <SolutionPluginAssemblies>
    <PluginAssembly FullName="TC.PowerApps.FDR.Plugins, Version=1.0.0.0, Culture=neutral, PublicKeyToken=9bc8cc6fc66199f2" PluginAssemblyId="b5bb4209-a9fa-4e99-a8c9-f7c329515b38" CustomizationLevel="1">
      <IsolationMode>2</IsolationMode>
      <SourceType>0</SourceType>
      <IntroducedVersion>1.0</IntroducedVersion>
      <FileName>/PluginAssemblies/TCPowerAppsFDRPlugins-B5BB4209-A9FA-4E99-A8C9-F7C329515B38/TCPowerAppsFDRPlugins.dll</FileName>
      <PluginTypes>
        <PluginType AssemblyQualifiedName="TC.PowerApps.FDR.Plugins.Entities.Design.Design_PreUpdate_SetDesignNumber, TC.PowerApps.FDR.Plugins, Version=1.0.0.0, Culture=neutral, PublicKeyToken=9bc8cc6fc66199f2" PluginTypeId="f1b5b371-b39e-462f-8fc1-b035c988c3b5" Name="TC.PowerApps.FDR.Plugins.Entities.Design.Design_PreUpdate_SetDesignNumber">
          <FriendlyName>849f5baa-c478-45d9-a624-dc812a78046f</FriendlyName>
        </PluginType>
        <PluginType AssemblyQualifiedName="TC.PowerApps.FDR.Plugins.Entities.Operation.Operation_PreCreate_FDR, TC.PowerApps.FDR.Plugins, Version=1.0.0.0, Culture=neutral, PublicKeyToken=9bc8cc6fc66199f2" PluginTypeId="34db3b9a-59de-406e-91ef-645d6d2813f6" Name="TC.PowerApps.FDR.Plugins.Entities.Operation.Operation_PreCreate_FDR">
          <FriendlyName>8b3d85ff-c6e6-4030-b647-5ad6d520a7d5</FriendlyName>
        </PluginType>
        <PluginType AssemblyQualifiedName="TC.PowerApps.FDR.Plugins.Entities.Operation.Operation_PreUpdate_FDR, TC.PowerApps.FDR.Plugins, Version=1.0.0.0, Culture=neutral, PublicKeyToken=9bc8cc6fc66199f2" PluginTypeId="c79ccad9-33b9-4deb-bfed-0d33763c2b74" Name="TC.PowerApps.FDR.Plugins.Entities.Operation.Operation_PreUpdate_FDR">
          <FriendlyName>3f3c6dcc-f2ad-48d3-99a0-33b5d2a3b324</FriendlyName>
        </PluginType>
        <PluginType AssemblyQualifiedName="TC.PowerApps.FDR.Plugins.Entities.ServiceRequest.PreCreate_PopulateCostRecovery, TC.PowerApps.FDR.Plugins, Version=1.0.0.0, Culture=neutral, PublicKeyToken=9bc8cc6fc66199f2" PluginTypeId="cc30f3e3-895e-486e-ad94-a767fdaad965" Name="TC.PowerApps.FDR.Plugins.Entities.ServiceRequest.PreCreate_PopulateCostRecovery">
          <FriendlyName>8eda78fa-948b-4103-b520-3fe77d2a5ceb</FriendlyName>
        </PluginType>
        <PluginType AssemblyQualifiedName="TC.PowerApps.FDR.Plugins.Entities.ServiceRequest.SR_PeUpdate_RequestOutcome, TC.PowerApps.FDR.Plugins, Version=1.0.0.0, Culture=neutral, PublicKeyToken=9bc8cc6fc66199f2" PluginTypeId="ce9d6457-fef5-4121-83e3-9974dd2e343e" Name="TC.PowerApps.FDR.Plugins.Entities.ServiceRequest.SR_PeUpdate_RequestOutcome">
          <FriendlyName>d4e95997-2ac3-409f-9261-c7df7df8a149</FriendlyName>
        </PluginType>
        <PluginType AssemblyQualifiedName="TC.PowerApps.FDR.Plugins.Entities.ServiceRequest.SR_PopulateSite_PreCreate, TC.PowerApps.FDR.Plugins, Version=1.0.0.0, Culture=neutral, PublicKeyToken=9bc8cc6fc66199f2" PluginTypeId="c424e529-1424-43e9-8479-70b507a28c61" Name="TC.PowerApps.FDR.Plugins.Entities.ServiceRequest.SR_PopulateSite_PreCreate">
          <FriendlyName>e4e7cd8b-6184-4767-8f8f-b690aff1c15c</FriendlyName>
        </PluginType>
        <PluginType AssemblyQualifiedName="TC.PowerApps.FDR.Plugins.Entities.ServiceRequest.SR_PostAssign_AddTimeEntry, TC.PowerApps.FDR.Plugins, Version=1.0.0.0, Culture=neutral, PublicKeyToken=9bc8cc6fc66199f2" PluginTypeId="932f0299-a801-4dcc-8d97-8149552552f6" Name="TC.PowerApps.FDR.Plugins.Entities.ServiceRequest.SR_PostAssign_AddTimeEntry">
          <FriendlyName>a9158294-f3ec-4ffe-b356-e84f0a49d652</FriendlyName>
        </PluginType>
        <PluginType AssemblyQualifiedName="TC.PowerApps.FDR.Plugins.Entities.ServiceRequest.SR_PostCreate_AddTimeEntry, TC.PowerApps.FDR.Plugins, Version=1.0.0.0, Culture=neutral, PublicKeyToken=9bc8cc6fc66199f2" PluginTypeId="166c157f-5785-41a5-8005-f39e2ad97b37" Name="TC.PowerApps.FDR.Plugins.Entities.ServiceRequest.SR_PostCreate_AddTimeEntry">
          <FriendlyName>b2197452-2c73-4eae-a052-5c76b999b273</FriendlyName>
        </PluginType>
        <PluginType AssemblyQualifiedName="TC.PowerApps.FDR.Plugins.Entities.ServiceRequest.SR_PostUpdate_AddTimeEntry, TC.PowerApps.FDR.Plugins, Version=1.0.0.0, Culture=neutral, PublicKeyToken=9bc8cc6fc66199f2" PluginTypeId="e03bd0c6-f7dc-4f38-a2db-4a88f8ef2383" Name="TC.PowerApps.FDR.Plugins.Entities.ServiceRequest.SR_PostUpdate_AddTimeEntry">
          <FriendlyName>1f15d140-1a44-4066-83f3-1fcb1eba48a1</FriendlyName>
        </PluginType>
        <PluginType AssemblyQualifiedName="TC.PowerApps.FDR.Plugins.Entities.ServiceRequest.SR_PostWorkOrderCompleteEvent, TC.PowerApps.FDR.Plugins, Version=1.0.0.0, Culture=neutral, PublicKeyToken=9bc8cc6fc66199f2" PluginTypeId="3b0a3bc6-2a79-48f8-9736-9e8b49691507" Name="TC.PowerApps.FDR.Plugins.Entities.ServiceRequest.SR_PostWorkOrderCompleteEvent">
          <FriendlyName>70482ca0-05d4-4ed1-b1b9-7a7312c3619d</FriendlyName>
        </PluginType>
        <PluginType AssemblyQualifiedName="TC.PowerApps.FDR.Plugins.Entities.ServiceRequest.SR_PreCreate_SubmissionDate, TC.PowerApps.FDR.Plugins, Version=1.0.0.0, Culture=neutral, PublicKeyToken=9bc8cc6fc66199f2" PluginTypeId="98b9742a-069f-4a87-8b03-f155636191d5" Name="TC.PowerApps.FDR.Plugins.Entities.ServiceRequest.SR_PreCreate_SubmissionDate">
          <FriendlyName>080d5500-19ae-48af-9b30-92b7ef64fd88</FriendlyName>
        </PluginType>
        <PluginType AssemblyQualifiedName="TC.PowerApps.FDR.Plugins.Entities.ServiceRequest.SR_PreUpdate_CreateOperation, TC.PowerApps.FDR.Plugins, Version=1.0.0.0, Culture=neutral, PublicKeyToken=9bc8cc6fc66199f2" PluginTypeId="1b0c1638-3c01-497c-8b91-0f91d3c65645" Name="TC.PowerApps.FDR.Plugins.Entities.ServiceRequest.SR_PreUpdate_CreateOperation">
          <FriendlyName>414d8880-0169-4a4e-8ad5-952b905d077a</FriendlyName>
        </PluginType>
        <PluginType AssemblyQualifiedName="TC.PowerApps.FDR.Plugins.Entities.ServiceRequest.SR_PreUpdate_CreateWorkOrder, TC.PowerApps.FDR.Plugins, Version=1.0.0.0, Culture=neutral, PublicKeyToken=9bc8cc6fc66199f2" PluginTypeId="a69ddc16-a848-47cf-88f7-ec9cd0056972" Name="TC.PowerApps.FDR.Plugins.Entities.ServiceRequest.SR_PreUpdate_CreateWorkOrder">
          <FriendlyName>8aba0043-6475-4b36-8f85-d5acd5d275c1</FriendlyName>
        </PluginType>
        <PluginType AssemblyQualifiedName="TC.PowerApps.FDR.Plugins.Entities.ServiceRequest.SR_PreUpdate_OperationRegDates, TC.PowerApps.FDR.Plugins, Version=1.0.0.0, Culture=neutral, PublicKeyToken=9bc8cc6fc66199f2" PluginTypeId="f150d58f-0343-4cf4-ac64-628418c6549e" Name="TC.PowerApps.FDR.Plugins.Entities.ServiceRequest.SR_PreUpdate_OperationRegDates">
          <FriendlyName>49e8698f-41ba-4649-b960-1909af88f8b4</FriendlyName>
        </PluginType>
        <PluginType AssemblyQualifiedName="TC.PowerApps.FDR.Plugins.Entities.ServiceRequest.SR_PreUpdate_SubmissionDate, TC.PowerApps.FDR.Plugins, Version=1.0.0.0, Culture=neutral, PublicKeyToken=9bc8cc6fc66199f2" PluginTypeId="5e8a2538-e810-4fbc-84a2-5889dd989d3f" Name="TC.PowerApps.FDR.Plugins.Entities.ServiceRequest.SR_PreUpdate_SubmissionDate">
          <FriendlyName>64891429-08d5-4156-9ec2-5f967e321f3d</FriendlyName>
        </PluginType>
        <PluginType AssemblyQualifiedName="TC.PowerApps.FDR.Plugins.Entities.ServiceRequest.SR_PreUpdate_TGS_performance, TC.PowerApps.FDR.Plugins, Version=1.0.0.0, Culture=neutral, PublicKeyToken=9bc8cc6fc66199f2" PluginTypeId="99eca0e2-fbdb-4a6a-b936-8b90db123dc8" Name="TC.PowerApps.FDR.Plugins.Entities.ServiceRequest.SR_PreUpdate_TGS_performance">
          <FriendlyName>05df06f1-01c7-42f0-9f35-76b3de27b837</FriendlyName>
        </PluginType>
        <PluginType AssemblyQualifiedName="TC.PowerApps.FDR.Plugins.Entities.ServiceRequest.SR_PreUpdate_TimeEntryValidation, TC.PowerApps.FDR.Plugins, Version=1.0.0.0, Culture=neutral, PublicKeyToken=9bc8cc6fc66199f2" PluginTypeId="c21a2208-433b-48b7-a240-326051ded002" Name="TC.PowerApps.FDR.Plugins.Entities.ServiceRequest.SR_PreUpdate_TimeEntryValidation">
          <FriendlyName>e15ac3d9-6cd9-45be-acdc-5e3a61889f14</FriendlyName>
        </PluginType>
        <PluginType AssemblyQualifiedName="TC.PowerApps.FDR.Plugins.Entities.ServiceRequest.SR_PreUpdate_TSS_performance, TC.PowerApps.FDR.Plugins, Version=1.0.0.0, Culture=neutral, PublicKeyToken=9bc8cc6fc66199f2" PluginTypeId="e1bb0c75-74a9-40c1-a50c-03227122a76a" Name="TC.PowerApps.FDR.Plugins.Entities.ServiceRequest.SR_PreUpdate_TSS_performance">
          <FriendlyName>a2894b1a-d3e5-41a4-b32e-b82ce550e5e0</FriendlyName>
        </PluginType>
      </PluginTypes>
    </PluginAssembly>
  </SolutionPluginAssemblies>
  <SdkMessageProcessingSteps>
    <SdkMessageProcessingStep Name="TC.PowerApps.FDR.Plugins.Entities.Design.Design_PreUpdate_SetDesignNumber: Update of fdr_design" SdkMessageProcessingStepId="{74ca1650-90db-ec11-bb3c-000d3a8483f6}">
      <SdkMessageId>20bebb1b-ea3e-db11-86a7-000a3a5473e8</SdkMessageId>
      <PluginTypeName>TC.PowerApps.FDR.Plugins.Entities.Design.Design_PreUpdate_SetDesignNumber, TC.PowerApps.FDR.Plugins, Version=1.0.0.0, Culture=neutral, PublicKeyToken=9bc8cc6fc66199f2</PluginTypeName>
      <PluginTypeId>f1b5b371-b39e-462f-8fc1-b035c988c3b5</PluginTypeId>
      <PrimaryEntity>fdr_design</PrimaryEntity>
      <AsyncAutoDelete>0</AsyncAutoDelete>
      <Description>TC.PowerApps.FDR.Plugins.Entities.Design.Design_PreUpdate_SetDesignNumber: Update of fdr_design</Description>
      <FilteringAttributes>statuscode</FilteringAttributes>
      <InvocationSource>1</InvocationSource>
      <Mode>0</Mode>
      <Rank>5</Rank>
      <EventHandlerTypeCode>4602</EventHandlerTypeCode>
      <Stage>20</Stage>
      <IsCustomizable>1</IsCustomizable>
      <IsHidden>0</IsHidden>
      <SupportedDeployment>0</SupportedDeployment>
      <IntroducedVersion>1.0</IntroducedVersion>
      <SdkMessageProcessingStepImages />
    </SdkMessageProcessingStep>
    <SdkMessageProcessingStep Name="TC.PowerApps.FDR.Plugins.Entities.Operation.Operation_PreCreate_FDR: Create of ovs_mocregistration" SdkMessageProcessingStepId="{7fc06b3a-f314-ed11-b83e-000d3a0c8551}">
      <SdkMessageId>9ebdbb1b-ea3e-db11-86a7-000a3a5473e8</SdkMessageId>
      <PluginTypeName>TC.PowerApps.FDR.Plugins.Entities.Operation.Operation_PreCreate_FDR, TC.PowerApps.FDR.Plugins, Version=1.0.0.0, Culture=neutral, PublicKeyToken=9bc8cc6fc66199f2</PluginTypeName>
      <PluginTypeId>34db3b9a-59de-406e-91ef-645d6d2813f6</PluginTypeId>
      <PrimaryEntity>ovs_mocregistration</PrimaryEntity>
      <AsyncAutoDelete>0</AsyncAutoDelete>
      <Description>TC.PowerApps.FDR.Plugins.Entities.Operation.Operation_PreCreate_FDR: Create of ovs_mocregistration</Description>
      <FilteringAttributes></FilteringAttributes>
      <InvocationSource>1</InvocationSource>
      <Mode>0</Mode>
      <Rank>1</Rank>
      <EventHandlerTypeCode>4602</EventHandlerTypeCode>
      <Stage>20</Stage>
      <IsCustomizable>1</IsCustomizable>
      <IsHidden>0</IsHidden>
      <SupportedDeployment>0</SupportedDeployment>
      <IntroducedVersion>1.0</IntroducedVersion>
      <SdkMessageProcessingStepImages />
    </SdkMessageProcessingStep>
    <SdkMessageProcessingStep Name="TC.PowerApps.FDR.Plugins.Entities.Operation.Operation_PreUpdate_FDR: Update of ovs_mocregistration" SdkMessageProcessingStepId="{ea8cc241-f314-ed11-b83e-000d3a0c8551}">
      <SdkMessageId>20bebb1b-ea3e-db11-86a7-000a3a5473e8</SdkMessageId>
      <PluginTypeName>TC.PowerApps.FDR.Plugins.Entities.Operation.Operation_PreUpdate_FDR, TC.PowerApps.FDR.Plugins, Version=1.0.0.0, Culture=neutral, PublicKeyToken=9bc8cc6fc66199f2</PluginTypeName>
      <PluginTypeId>c79ccad9-33b9-4deb-bfed-0d33763c2b74</PluginTypeId>
      <PrimaryEntity>ovs_mocregistration</PrimaryEntity>
      <AsyncAutoDelete>0</AsyncAutoDelete>
      <Description>TC.PowerApps.FDR.Plugins.Entities.Operation.Operation_PreUpdate_FDR: Update of ovs_mocregistration</Description>
      <FilteringAttributes></FilteringAttributes>
      <InvocationSource>1</InvocationSource>
      <Mode>0</Mode>
      <Rank>1</Rank>
      <EventHandlerTypeCode>4602</EventHandlerTypeCode>
      <Stage>20</Stage>
      <IsCustomizable>1</IsCustomizable>
      <IsHidden>0</IsHidden>
      <SupportedDeployment>0</SupportedDeployment>
      <IntroducedVersion>1.0</IntroducedVersion>
      <SdkMessageProcessingStepImages />
    </SdkMessageProcessingStep>
    <SdkMessageProcessingStep Name="TC.PowerApps.FDR.Plugins.Entities.ServiceRequest.PreCreate_PopulateCostRecovery: Create of fdr_servicerequest" SdkMessageProcessingStepId="{35087c5f-af02-ed11-82e6-000d3a848097}">
      <SdkMessageId>9ebdbb1b-ea3e-db11-86a7-000a3a5473e8</SdkMessageId>
      <PluginTypeName>TC.PowerApps.FDR.Plugins.Entities.ServiceRequest.PreCreate_PopulateCostRecovery, TC.PowerApps.FDR.Plugins, Version=1.0.0.0, Culture=neutral, PublicKeyToken=9bc8cc6fc66199f2</PluginTypeName>
      <PluginTypeId>cc30f3e3-895e-486e-ad94-a767fdaad965</PluginTypeId>
      <PrimaryEntity>fdr_servicerequest</PrimaryEntity>
      <AsyncAutoDelete>0</AsyncAutoDelete>
      <Description>TC.PowerApps.FDR.Plugins.Entities.ServiceRequest.PreCreate_PopulateCostRecovery: Create of fdr_servicerequest</Description>
      <FilteringAttributes></FilteringAttributes>
      <InvocationSource>1</InvocationSource>
      <Mode>0</Mode>
      <Rank>30</Rank>
      <EventHandlerTypeCode>4602</EventHandlerTypeCode>
      <Stage>20</Stage>
      <IsCustomizable>1</IsCustomizable>
      <IsHidden>0</IsHidden>
      <SupportedDeployment>0</SupportedDeployment>
      <IntroducedVersion>1.0</IntroducedVersion>
      <SdkMessageProcessingStepImages />
    </SdkMessageProcessingStep>
    <SdkMessageProcessingStep Name="TC.PowerApps.FDR.Plugins.Entities.ServiceRequest.SR_PeUpdate_RequestOutcome: Update of fdr_servicerequest" SdkMessageProcessingStepId="{b9a1f16e-7919-ed11-b83f-000d3a84cfdd}">
      <SdkMessageId>20bebb1b-ea3e-db11-86a7-000a3a5473e8</SdkMessageId>
      <PluginTypeName>TC.PowerApps.FDR.Plugins.Entities.ServiceRequest.SR_PeUpdate_RequestOutcome, TC.PowerApps.FDR.Plugins, Version=1.0.0.0, Culture=neutral, PublicKeyToken=9bc8cc6fc66199f2</PluginTypeName>
      <PluginTypeId>ce9d6457-fef5-4121-83e3-9974dd2e343e</PluginTypeId>
      <PrimaryEntity>fdr_servicerequest</PrimaryEntity>
      <AsyncAutoDelete>0</AsyncAutoDelete>
      <Description>TC.PowerApps.FDR.Plugins.Entities.ServiceRequest.SR_PeUpdate_RequestOutcome: Update of fdr_servicerequest</Description>
      <FilteringAttributes>fdr_requestoutcome,statecode,statuscode</FilteringAttributes>
      <InvocationSource>1</InvocationSource>
      <Mode>0</Mode>
      <Rank>41</Rank>
      <EventHandlerTypeCode>4602</EventHandlerTypeCode>
      <Stage>20</Stage>
      <IsCustomizable>1</IsCustomizable>
      <IsHidden>0</IsHidden>
      <SupportedDeployment>0</SupportedDeployment>
      <IntroducedVersion>1.0</IntroducedVersion>
      <SdkMessageProcessingStepImages>
        <SdkMessageProcessingStepImage Name="PreImage">
          <SdkMessageProcessingStepImageId>{3ec750b9-7919-ed11-b83f-000d3a84cfdd}</SdkMessageProcessingStepImageId>
          <Attributes>fdr_requestoutcome,statecode,statuscode</Attributes>
          <EntityAlias>PreImage</EntityAlias>
          <ImageType>0</ImageType>
          <MessagePropertyName>Target</MessagePropertyName>
          <IsCustomizable>1</IsCustomizable>
        </SdkMessageProcessingStepImage>
      </SdkMessageProcessingStepImages>
    </SdkMessageProcessingStep>
    <SdkMessageProcessingStep Name="TC.PowerApps.FDR.Plugins.Entities.ServiceRequest.SR_PopulateSite_PreCreate: Create of fdr_servicerequest" SdkMessageProcessingStepId="{7a33bb73-7fe6-ec11-bb3c-000d3a8483f6}">
      <SdkMessageId>9ebdbb1b-ea3e-db11-86a7-000a3a5473e8</SdkMessageId>
      <PluginTypeName>TC.PowerApps.FDR.Plugins.Entities.ServiceRequest.SR_PopulateSite_PreCreate, TC.PowerApps.FDR.Plugins, Version=1.0.0.0, Culture=neutral, PublicKeyToken=9bc8cc6fc66199f2</PluginTypeName>
      <PluginTypeId>c424e529-1424-43e9-8479-70b507a28c61</PluginTypeId>
      <PrimaryEntity>fdr_servicerequest</PrimaryEntity>
      <AsyncAutoDelete>0</AsyncAutoDelete>
      <Description>TC.PowerApps.FDR.Plugins.Entities.ServiceRequest.SR_PopulateSite_PreCreate: Create of fdr_servicerequest</Description>
      <FilteringAttributes></FilteringAttributes>
      <InvocationSource>0</InvocationSource>
      <Mode>0</Mode>
      <Rank>1</Rank>
      <EventHandlerTypeCode>4602</EventHandlerTypeCode>
      <Stage>10</Stage>
      <IsCustomizable>1</IsCustomizable>
      <IsHidden>0</IsHidden>
      <SupportedDeployment>0</SupportedDeployment>
      <IntroducedVersion>1.0</IntroducedVersion>
      <SdkMessageProcessingStepImages />
    </SdkMessageProcessingStep>
    <SdkMessageProcessingStep Name="TC.PowerApps.FDR.Plugins.Entities.ServiceRequest.SR_PostAssign_AddTimeEntry: Assign of fdr_servicerequest" SdkMessageProcessingStepId="{bc99160c-2a09-ed11-82e5-000d3a0c8551}">
      <SdkMessageId>8cbdbb1b-ea3e-db11-86a7-000a3a5473e8</SdkMessageId>
      <PluginTypeName>TC.PowerApps.FDR.Plugins.Entities.ServiceRequest.SR_PostAssign_AddTimeEntry, TC.PowerApps.FDR.Plugins, Version=1.0.0.0, Culture=neutral, PublicKeyToken=9bc8cc6fc66199f2</PluginTypeName>
      <PluginTypeId>932f0299-a801-4dcc-8d97-8149552552f6</PluginTypeId>
      <PrimaryEntity>fdr_servicerequest</PrimaryEntity>
      <AsyncAutoDelete>0</AsyncAutoDelete>
      <Description>TC.PowerApps.FDR.Plugins.Entities.ServiceRequest.SR_PostAssign_AddTimeEntry: Assign of fdr_servicerequest</Description>
      <FilteringAttributes></FilteringAttributes>
      <InvocationSource>0</InvocationSource>
      <Mode>0</Mode>
      <Rank>5</Rank>
      <EventHandlerTypeCode>4602</EventHandlerTypeCode>
      <Stage>40</Stage>
      <IsCustomizable>1</IsCustomizable>
      <IsHidden>0</IsHidden>
      <SupportedDeployment>0</SupportedDeployment>
      <IntroducedVersion>1.0</IntroducedVersion>
      <SdkMessageProcessingStepImages />
    </SdkMessageProcessingStep>
    <SdkMessageProcessingStep Name="TC.PowerApps.FDR.Plugins.Entities.ServiceRequest.SR_PostCreate_AddTimeEntry: Create of fdr_servicerequest" SdkMessageProcessingStepId="{3b0a030a-1914-ed11-b83e-000d3a84cfdd}">
      <SdkMessageId>9ebdbb1b-ea3e-db11-86a7-000a3a5473e8</SdkMessageId>
      <PluginTypeName>TC.PowerApps.FDR.Plugins.Entities.ServiceRequest.SR_PostCreate_AddTimeEntry, TC.PowerApps.FDR.Plugins, Version=1.0.0.0, Culture=neutral, PublicKeyToken=9bc8cc6fc66199f2</PluginTypeName>
      <PluginTypeId>166c157f-5785-41a5-8005-f39e2ad97b37</PluginTypeId>
      <PrimaryEntity>fdr_servicerequest</PrimaryEntity>
      <AsyncAutoDelete>0</AsyncAutoDelete>
      <Description>TC.PowerApps.FDR.Plugins.Entities.ServiceRequest.SR_PostCreate_AddTimeEntry: Create of fdr_servicerequest</Description>
      <FilteringAttributes></FilteringAttributes>
      <InvocationSource>1</InvocationSource>
      <Mode>0</Mode>
      <Rank>1</Rank>
      <EventHandlerTypeCode>4602</EventHandlerTypeCode>
      <Stage>40</Stage>
      <IsCustomizable>1</IsCustomizable>
      <IsHidden>0</IsHidden>
      <SupportedDeployment>0</SupportedDeployment>
      <IntroducedVersion>1.0</IntroducedVersion>
      <SdkMessageProcessingStepImages />
    </SdkMessageProcessingStep>
    <SdkMessageProcessingStep Name="TC.PowerApps.FDR.Plugins.Entities.ServiceRequest.SR_PostUpdate_AddTimeEntry: Update of fdr_servicerequest" SdkMessageProcessingStepId="{756319d4-2b09-ed11-82e5-000d3a84cfdd}">
      <SdkMessageId>20bebb1b-ea3e-db11-86a7-000a3a5473e8</SdkMessageId>
      <PluginTypeName>TC.PowerApps.FDR.Plugins.Entities.ServiceRequest.SR_PostUpdate_AddTimeEntry, TC.PowerApps.FDR.Plugins, Version=1.0.0.0, Culture=neutral, PublicKeyToken=9bc8cc6fc66199f2</PluginTypeName>
      <PluginTypeId>e03bd0c6-f7dc-4f38-a2db-4a88f8ef2383</PluginTypeId>
      <PrimaryEntity>fdr_servicerequest</PrimaryEntity>
      <AsyncAutoDelete>0</AsyncAutoDelete>
      <Description>TC.PowerApps.FDR.Plugins.Entities.ServiceRequest.SR_PostUpdate_AddTimeEntry: Update of fdr_servicerequest</Description>
      <FilteringAttributes>statuscode</FilteringAttributes>
      <InvocationSource>1</InvocationSource>
      <Mode>0</Mode>
      <Rank>5</Rank>
      <EventHandlerTypeCode>4602</EventHandlerTypeCode>
      <Stage>40</Stage>
      <IsCustomizable>1</IsCustomizable>
      <IsHidden>0</IsHidden>
      <SupportedDeployment>0</SupportedDeployment>
      <IntroducedVersion>1.0</IntroducedVersion>
      <SdkMessageProcessingStepImages>
        <SdkMessageProcessingStepImage Name="PostImage">
          <SdkMessageProcessingStepImageId>{50e6ce0c-2c09-ed11-82e5-000d3a84cfdd}</SdkMessageProcessingStepImageId>
          <Attributes>ownerid</Attributes>
          <EntityAlias>PostImage</EntityAlias>
          <ImageType>1</ImageType>
          <MessagePropertyName>Target</MessagePropertyName>
          <IsCustomizable>1</IsCustomizable>
        </SdkMessageProcessingStepImage>
      </SdkMessageProcessingStepImages>
    </SdkMessageProcessingStep>
    <SdkMessageProcessingStep Name="TC.PowerApps.FDR.Plugins.Entities.ServiceRequest.SR_PostWorkOrderCompleteEvent: fdr_WorkOrderCompleteEvent of msdyn_workorder" SdkMessageProcessingStepId="{473d0dde-430f-ed11-b83d-000d3a0c8551}">
      <SdkMessageId>a26c6a4f-420f-ed11-b83d-000d3a84cfdd</SdkMessageId>
      <PluginTypeName>TC.PowerApps.FDR.Plugins.Entities.ServiceRequest.SR_PostWorkOrderCompleteEvent, TC.PowerApps.FDR.Plugins, Version=1.0.0.0, Culture=neutral, PublicKeyToken=9bc8cc6fc66199f2</PluginTypeName>
      <PluginTypeId>3b0a3bc6-2a79-48f8-9736-9e8b49691507</PluginTypeId>
      <PrimaryEntity>msdyn_workorder</PrimaryEntity>
      <AsyncAutoDelete>0</AsyncAutoDelete>
      <Description>TC.PowerApps.FDR.Plugins.Entities.ServiceRequest.SR_PostWorkOrderCompleteEvent: fdr_WorkOrderCompleteEvent of msdyn_workorder</Description>
      <FilteringAttributes></FilteringAttributes>
      <InvocationSource>0</InvocationSource>
      <Mode>0</Mode>
      <Rank>1</Rank>
      <EventHandlerTypeCode>4602</EventHandlerTypeCode>
      <Stage>40</Stage>
      <IsCustomizable>1</IsCustomizable>
      <IsHidden>0</IsHidden>
      <SupportedDeployment>0</SupportedDeployment>
      <IntroducedVersion>1.0</IntroducedVersion>
      <SdkMessageProcessingStepImages />
    </SdkMessageProcessingStep>
    <SdkMessageProcessingStep Name="TC.PowerApps.FDR.Plugins.Entities.ServiceRequest.SR_PreCreate_SubmissionDate: Create of fdr_servicerequest" SdkMessageProcessingStepId="{afc69748-f2d5-ec11-a7b5-0022483c5609}">
      <SdkMessageId>9ebdbb1b-ea3e-db11-86a7-000a3a5473e8</SdkMessageId>
      <PluginTypeName>TC.PowerApps.FDR.Plugins.Entities.ServiceRequest.SR_PreCreate_SubmissionDate, TC.PowerApps.FDR.Plugins, Version=1.0.0.0, Culture=neutral, PublicKeyToken=9bc8cc6fc66199f2</PluginTypeName>
      <PluginTypeId>98b9742a-069f-4a87-8b03-f155636191d5</PluginTypeId>
      <PrimaryEntity>fdr_servicerequest</PrimaryEntity>
      <AsyncAutoDelete>0</AsyncAutoDelete>
      <Description>TC.PowerApps.FDR.Plugins.Entities.ServiceRequest.SR_PreCreate_SubmissionDate: Create of fdr_servicerequest</Description>
      <FilteringAttributes></FilteringAttributes>
      <InvocationSource>1</InvocationSource>
      <Mode>0</Mode>
      <Rank>20</Rank>
      <EventHandlerTypeCode>4602</EventHandlerTypeCode>
      <Stage>20</Stage>
      <IsCustomizable>1</IsCustomizable>
      <IsHidden>0</IsHidden>
      <SupportedDeployment>0</SupportedDeployment>
      <IntroducedVersion>1.0</IntroducedVersion>
      <SdkMessageProcessingStepImages />
    </SdkMessageProcessingStep>
    <SdkMessageProcessingStep Name="TC.PowerApps.FDR.Plugins.Entities.ServiceRequest.SR_PreUpdate_CreateOperation: Update of fdr_servicerequest" SdkMessageProcessingStepId="{b9235644-f0d5-ec11-a7b5-0022483c5609}">
      <SdkMessageId>20bebb1b-ea3e-db11-86a7-000a3a5473e8</SdkMessageId>
      <PluginTypeName>TC.PowerApps.FDR.Plugins.Entities.ServiceRequest.SR_PreUpdate_CreateOperation, TC.PowerApps.FDR.Plugins, Version=1.0.0.0, Culture=neutral, PublicKeyToken=9bc8cc6fc66199f2</PluginTypeName>
      <PluginTypeId>1b0c1638-3c01-497c-8b91-0f91d3c65645</PluginTypeId>
      <PrimaryEntity>fdr_servicerequest</PrimaryEntity>
      <AsyncAutoDelete>0</AsyncAutoDelete>
      <Description>TC.PowerApps.FDR.Plugins.Entities.ServiceRequest.SR_PreUpdate_CreateOperation: Update of fdr_servicerequest</Description>
      <FilteringAttributes>statuscode</FilteringAttributes>
      <InvocationSource>1</InvocationSource>
      <Mode>0</Mode>
      <Rank>20</Rank>
      <EventHandlerTypeCode>4602</EventHandlerTypeCode>
      <Stage>20</Stage>
      <IsCustomizable>1</IsCustomizable>
      <IsHidden>0</IsHidden>
      <SupportedDeployment>0</SupportedDeployment>
      <IntroducedVersion>1.0</IntroducedVersion>
      <SdkMessageProcessingStepImages />
    </SdkMessageProcessingStep>
    <SdkMessageProcessingStep Name="TC.PowerApps.FDR.Plugins.Entities.ServiceRequest.SR_PreUpdate_CreateWorkOrder: Update of fdr_servicerequest" SdkMessageProcessingStepId="{5e2e7013-3ff3-ec11-bb3c-000d3a848097}">
      <SdkMessageId>20bebb1b-ea3e-db11-86a7-000a3a5473e8</SdkMessageId>
      <PluginTypeName>TC.PowerApps.FDR.Plugins.Entities.ServiceRequest.SR_PreUpdate_CreateWorkOrder, TC.PowerApps.FDR.Plugins, Version=1.0.0.0, Culture=neutral, PublicKeyToken=9bc8cc6fc66199f2</PluginTypeName>
      <PluginTypeId>a69ddc16-a848-47cf-88f7-ec9cd0056972</PluginTypeId>
      <PrimaryEntity>fdr_servicerequest</PrimaryEntity>
      <AsyncAutoDelete>0</AsyncAutoDelete>
      <Description>TC.PowerApps.FDR.Plugins.Entities.ServiceRequest.SR_PreUpdate_CreateWorkOrder: Update of fdr_servicerequest</Description>
      <FilteringAttributes>statuscode</FilteringAttributes>
      <InvocationSource>1</InvocationSource>
      <Mode>0</Mode>
      <Rank>25</Rank>
      <EventHandlerTypeCode>4602</EventHandlerTypeCode>
      <Stage>20</Stage>
      <IsCustomizable>1</IsCustomizable>
      <IsHidden>0</IsHidden>
      <SupportedDeployment>0</SupportedDeployment>
      <IntroducedVersion>1.0</IntroducedVersion>
      <SdkMessageProcessingStepImages>
        <SdkMessageProcessingStepImage Name="PreImage">
          <SdkMessageProcessingStepImageId>{89c7f25c-3ff3-ec11-bb3c-000d3a848097}</SdkMessageProcessingStepImageId>
          <Attributes>fdr_site,fdr_operation,fdr_relatedworkorder</Attributes>
          <EntityAlias>PreImage</EntityAlias>
          <ImageType>0</ImageType>
          <MessagePropertyName>Target</MessagePropertyName>
          <IsCustomizable>1</IsCustomizable>
        </SdkMessageProcessingStepImage>
      </SdkMessageProcessingStepImages>
    </SdkMessageProcessingStep>
    <SdkMessageProcessingStep Name="TC.PowerApps.FDR.Plugins.Entities.ServiceRequest.SR_PreUpdate_OperationRegDates: Update of fdr_servicerequest" SdkMessageProcessingStepId="{973442ed-f0d5-ec11-a7b5-0022483c5609}">
      <SdkMessageId>20bebb1b-ea3e-db11-86a7-000a3a5473e8</SdkMessageId>
      <PluginTypeName>TC.PowerApps.FDR.Plugins.Entities.ServiceRequest.SR_PreUpdate_OperationRegDates, TC.PowerApps.FDR.Plugins, Version=1.0.0.0, Culture=neutral, PublicKeyToken=9bc8cc6fc66199f2</PluginTypeName>
      <PluginTypeId>f150d58f-0343-4cf4-ac64-628418c6549e</PluginTypeId>
      <PrimaryEntity>fdr_servicerequest</PrimaryEntity>
      <AsyncAutoDelete>0</AsyncAutoDelete>
      <Description>TC.PowerApps.FDR.Plugins.Entities.ServiceRequest.SR_PreUpdate_OperationRegDates: Update of fdr_servicerequest</Description>
      <FilteringAttributes>fdr_srtype,statuscode</FilteringAttributes>
      <InvocationSource>1</InvocationSource>
      <Mode>0</Mode>
      <Rank>30</Rank>
      <EventHandlerTypeCode>4602</EventHandlerTypeCode>
      <Stage>20</Stage>
      <IsCustomizable>1</IsCustomizable>
      <IsHidden>0</IsHidden>
      <SupportedDeployment>0</SupportedDeployment>
      <IntroducedVersion>1.0</IntroducedVersion>
      <SdkMessageProcessingStepImages>
        <SdkMessageProcessingStepImage Name="PreImage">
          <SdkMessageProcessingStepImageId>{53e7e9f7-f0d5-ec11-a7b5-0022483c5609}</SdkMessageProcessingStepImageId>
          <Attributes>fdr_operation,fdr_srtype,statuscode</Attributes>
          <EntityAlias>PreImage</EntityAlias>
          <ImageType>0</ImageType>
          <MessagePropertyName>Target</MessagePropertyName>
          <IsCustomizable>1</IsCustomizable>
        </SdkMessageProcessingStepImage>
      </SdkMessageProcessingStepImages>
    </SdkMessageProcessingStep>
    <SdkMessageProcessingStep Name="TC.PowerApps.FDR.Plugins.Entities.ServiceRequest.SR_PreUpdate_SubmissionDate: Update of fdr_servicerequest" SdkMessageProcessingStepId="{4cde54ad-f2d5-ec11-a7b5-0022483c5609}">
      <SdkMessageId>20bebb1b-ea3e-db11-86a7-000a3a5473e8</SdkMessageId>
      <PluginTypeName>TC.PowerApps.FDR.Plugins.Entities.ServiceRequest.SR_PreUpdate_SubmissionDate, TC.PowerApps.FDR.Plugins, Version=1.0.0.0, Culture=neutral, PublicKeyToken=9bc8cc6fc66199f2</PluginTypeName>
      <PluginTypeId>5e8a2538-e810-4fbc-84a2-5889dd989d3f</PluginTypeId>
      <PrimaryEntity>fdr_servicerequest</PrimaryEntity>
      <AsyncAutoDelete>0</AsyncAutoDelete>
      <Description>TC.PowerApps.FDR.Plugins.Entities.ServiceRequest.SR_PreUpdate_SubmissionDate: Update of fdr_servicerequest</Description>
      <FilteringAttributes>fdr_crsd_status,fdr_submissiondate</FilteringAttributes>
      <InvocationSource>1</InvocationSource>
      <Mode>0</Mode>
      <Rank>35</Rank>
      <EventHandlerTypeCode>4602</EventHandlerTypeCode>
      <Stage>20</Stage>
      <IsCustomizable>1</IsCustomizable>
      <IsHidden>0</IsHidden>
      <SupportedDeployment>0</SupportedDeployment>
      <IntroducedVersion>1.0</IntroducedVersion>
      <SdkMessageProcessingStepImages>
        <SdkMessageProcessingStepImage Name="PreImage">
          <SdkMessageProcessingStepImageId>{8ce2c1c1-f2d5-ec11-a7b5-0022483c5609}</SdkMessageProcessingStepImageId>
          <Attributes>fdr_crsd_status,fdr_submissiondate</Attributes>
          <EntityAlias>PreImage</EntityAlias>
          <ImageType>0</ImageType>
          <MessagePropertyName>Target</MessagePropertyName>
          <IsCustomizable>1</IsCustomizable>
        </SdkMessageProcessingStepImage>
      </SdkMessageProcessingStepImages>
    </SdkMessageProcessingStep>
    <SdkMessageProcessingStep Name="TC.PowerApps.FDR.Plugins.Entities.ServiceRequest.SR_PreUpdate_TGS_performance: Update of fdr_servicerequest" SdkMessageProcessingStepId="{4be5164b-f1d5-ec11-a7b5-0022483c5609}">
      <SdkMessageId>20bebb1b-ea3e-db11-86a7-000a3a5473e8</SdkMessageId>
      <PluginTypeName>TC.PowerApps.FDR.Plugins.Entities.ServiceRequest.SR_PreUpdate_TGS_performance, TC.PowerApps.FDR.Plugins, Version=1.0.0.0, Culture=neutral, PublicKeyToken=9bc8cc6fc66199f2</PluginTypeName>
      <PluginTypeId>99eca0e2-fbdb-4a6a-b936-8b90db123dc8</PluginTypeId>
      <PrimaryEntity>fdr_servicerequest</PrimaryEntity>
      <AsyncAutoDelete>0</AsyncAutoDelete>
      <Description>TC.PowerApps.FDR.Plugins.Entities.ServiceRequest.SR_PreUpdate_TGS_performance: Update of fdr_servicerequest</Description>
      <FilteringAttributes>statecode,statuscode</FilteringAttributes>
      <InvocationSource>1</InvocationSource>
      <Mode>0</Mode>
      <Rank>5</Rank>
      <EventHandlerTypeCode>4602</EventHandlerTypeCode>
      <Stage>20</Stage>
      <IsCustomizable>1</IsCustomizable>
      <IsHidden>0</IsHidden>
      <SupportedDeployment>0</SupportedDeployment>
      <IntroducedVersion>1.0</IntroducedVersion>
      <SdkMessageProcessingStepImages>
        <SdkMessageProcessingStepImage Name="PreImage">
          <SdkMessageProcessingStepImageId>{6eab085b-f1d5-ec11-a7b5-0022483c5609}</SdkMessageProcessingStepImageId>
          <Attributes>fdr_crsd_status,statecode,statuscode,fdr_tgs_duration,fdr_tgs_start</Attributes>
          <EntityAlias>PreImage</EntityAlias>
          <ImageType>0</ImageType>
          <MessagePropertyName>Target</MessagePropertyName>
          <IsCustomizable>1</IsCustomizable>
        </SdkMessageProcessingStepImage>
      </SdkMessageProcessingStepImages>
    </SdkMessageProcessingStep>
    <SdkMessageProcessingStep Name="TC.PowerApps.FDR.Plugins.Entities.ServiceRequest.SR_PreUpdate_TSS_performance: Update of fdr_servicerequest" SdkMessageProcessingStepId="{156e5f7a-f1d5-ec11-a7b5-0022483c5609}">
      <SdkMessageId>20bebb1b-ea3e-db11-86a7-000a3a5473e8</SdkMessageId>
      <PluginTypeName>TC.PowerApps.FDR.Plugins.Entities.ServiceRequest.SR_PreUpdate_TSS_performance, TC.PowerApps.FDR.Plugins, Version=1.0.0.0, Culture=neutral, PublicKeyToken=9bc8cc6fc66199f2</PluginTypeName>
      <PluginTypeId>e1bb0c75-74a9-40c1-a50c-03227122a76a</PluginTypeId>
      <PrimaryEntity>fdr_servicerequest</PrimaryEntity>
      <AsyncAutoDelete>0</AsyncAutoDelete>
      <Description>TC.PowerApps.FDR.Plugins.Entities.ServiceRequest.SR_PreUpdate_TSS_performance: Update of fdr_servicerequest</Description>
      <FilteringAttributes>statecode,statuscode</FilteringAttributes>
      <InvocationSource>1</InvocationSource>
      <Mode>0</Mode>
      <Rank>10</Rank>
      <EventHandlerTypeCode>4602</EventHandlerTypeCode>
      <Stage>20</Stage>
      <IsCustomizable>1</IsCustomizable>
      <IsHidden>0</IsHidden>
      <SupportedDeployment>0</SupportedDeployment>
      <IntroducedVersion>1.0</IntroducedVersion>
      <SdkMessageProcessingStepImages>
        <SdkMessageProcessingStepImage Name="PreImage">
          <SdkMessageProcessingStepImageId>{89023188-f1d5-ec11-a7b5-0022483c5609}</SdkMessageProcessingStepImageId>
          <Attributes>fdr_crsd_status,statecode,statuscode,fdr_tss_duration,fdr_tss_start</Attributes>
          <EntityAlias>PreImage</EntityAlias>
          <ImageType>0</ImageType>
          <MessagePropertyName>Target</MessagePropertyName>
          <IsCustomizable>1</IsCustomizable>
        </SdkMessageProcessingStepImage>
      </SdkMessageProcessingStepImages>
    </SdkMessageProcessingStep>
    <SdkMessageProcessingStep Name="TC.PowerApps.FDR.Plugins.Entities.ServiceRequest.SR_PreUpdate_TimeEntryValidation: Update of fdr_servicerequest" SdkMessageProcessingStepId="{bb550471-e3ec-ec11-bb3c-000d3a8483f6}">
      <SdkMessageId>20bebb1b-ea3e-db11-86a7-000a3a5473e8</SdkMessageId>
      <PluginTypeName>TC.PowerApps.FDR.Plugins.Entities.ServiceRequest.SR_PreUpdate_TimeEntryValidation, TC.PowerApps.FDR.Plugins, Version=1.0.0.0, Culture=neutral, PublicKeyToken=9bc8cc6fc66199f2</PluginTypeName>
      <PluginTypeId>c21a2208-433b-48b7-a240-326051ded002</PluginTypeId>
      <PrimaryEntity>fdr_servicerequest</PrimaryEntity>
      <AsyncAutoDelete>0</AsyncAutoDelete>
      <Description>TC.PowerApps.FDR.Plugins.Entities.ServiceRequest.SR_PreUpdate_TimeEntryValidation: Update of fdr_servicerequest</Description>
      <FilteringAttributes>ownerid,statuscode</FilteringAttributes>
      <InvocationSource>1</InvocationSource>
      <Mode>0</Mode>
      <Rank>15</Rank>
      <EventHandlerTypeCode>4602</EventHandlerTypeCode>
      <Stage>20</Stage>
      <IsCustomizable>1</IsCustomizable>
      <IsHidden>0</IsHidden>
      <SupportedDeployment>0</SupportedDeployment>
      <IntroducedVersion>1.0</IntroducedVersion>
      <SdkMessageProcessingStepImages>
        <SdkMessageProcessingStepImage Name="PreImage">
          <SdkMessageProcessingStepImageId>{d5c0e584-e3ec-ec11-bb3c-000d3a8483f6}</SdkMessageProcessingStepImageId>
          <Attributes>statuscode</Attributes>
          <EntityAlias>PreImage</EntityAlias>
          <ImageType>0</ImageType>
          <MessagePropertyName>Target</MessagePropertyName>
          <IsCustomizable>1</IsCustomizable>
        </SdkMessageProcessingStepImage>
      </SdkMessageProcessingStepImages>
    </SdkMessageProcessingStep>
  </SdkMessageProcessingSteps>
  <EntityDataProviders />
  <Languages>
    <Language>1033</Language>
    <Language>1036</Language>
  </Languages>
</ImportExportXml>