<ImportExportXml version="9.2.24072.168" SolutionPackageVersion="9.2" languagecode="1033" generatedBy="CrmLive" xmlns:xsi="http://www.w3.org/2001/XMLSchema-instance">
  <SolutionManifest>
    <UniqueName>TC_GlobalCore_Patch_c9c2ff1d</UniqueName>
    <LocalizedNames>
      <LocalizedName description="TDG Core Schema" languagecode="1033" />
    </LocalizedNames>
    <Descriptions>
      <Description description="Patch for TDG Core Schema" languagecode="1033" />
    </Descriptions>
    <ParentUniqueName>TC_GlobalCore</ParentUniqueName>
    <Version>1.165.10.0</Version>
    <Managed>0</Managed>
    <Publisher>
      <UniqueName>oversightpublisher</UniqueName>
      <LocalizedNames>
        <LocalizedName description="Oversight" languagecode="1033" />
      </LocalizedNames>
      <Descriptions>
        <Description description="This is the common solution for AvSec Inspection and TDG Inspection." languagecode="1033" />
      </Descriptions>
      <EMailAddress xsi:nil="true"></EMailAddress>
      <SupportingWebsiteUrl xsi:nil="true"></SupportingWebsiteUrl>
      <CustomizationPrefix>ovs</CustomizationPrefix>
      <CustomizationOptionValuePrefix>91864</CustomizationOptionValuePrefix>
      <Addresses>
        <Address>
          <AddressNumber>1</AddressNumber>
          <AddressTypeCode>1</AddressTypeCode>
          <City xsi:nil="true"></City>
          <County xsi:nil="true"></County>
          <Country xsi:nil="true"></Country>
          <Fax xsi:nil="true"></Fax>
          <FreightTermsCode xsi:nil="true"></FreightTermsCode>
          <ImportSequenceNumber xsi:nil="true"></ImportSequenceNumber>
          <Latitude xsi:nil="true"></Latitude>
          <Line1 xsi:nil="true"></Line1>
          <Line2 xsi:nil="true"></Line2>
          <Line3 xsi:nil="true"></Line3>
          <Longitude xsi:nil="true"></Longitude>
          <Name xsi:nil="true"></Name>
          <PostalCode xsi:nil="true"></PostalCode>
          <PostOfficeBox xsi:nil="true"></PostOfficeBox>
          <PrimaryContactName xsi:nil="true"></PrimaryContactName>
          <ShippingMethodCode>1</ShippingMethodCode>
          <StateOrProvince xsi:nil="true"></StateOrProvince>
          <Telephone1 xsi:nil="true"></Telephone1>
          <Telephone2 xsi:nil="true"></Telephone2>
          <Telephone3 xsi:nil="true"></Telephone3>
          <TimeZoneRuleVersionNumber xsi:nil="true"></TimeZoneRuleVersionNumber>
          <UPSZone xsi:nil="true"></UPSZone>
          <UTCOffset xsi:nil="true"></UTCOffset>
          <UTCConversionTimeZoneCode xsi:nil="true"></UTCConversionTimeZoneCode>
        </Address>
        <Address>
          <AddressNumber>2</AddressNumber>
          <AddressTypeCode>1</AddressTypeCode>
          <City xsi:nil="true"></City>
          <County xsi:nil="true"></County>
          <Country xsi:nil="true"></Country>
          <Fax xsi:nil="true"></Fax>
          <FreightTermsCode xsi:nil="true"></FreightTermsCode>
          <ImportSequenceNumber xsi:nil="true"></ImportSequenceNumber>
          <Latitude xsi:nil="true"></Latitude>
          <Line1 xsi:nil="true"></Line1>
          <Line2 xsi:nil="true"></Line2>
          <Line3 xsi:nil="true"></Line3>
          <Longitude xsi:nil="true"></Longitude>
          <Name xsi:nil="true"></Name>
          <PostalCode xsi:nil="true"></PostalCode>
          <PostOfficeBox xsi:nil="true"></PostOfficeBox>
          <PrimaryContactName xsi:nil="true"></PrimaryContactName>
          <ShippingMethodCode>1</ShippingMethodCode>
          <StateOrProvince xsi:nil="true"></StateOrProvince>
          <Telephone1 xsi:nil="true"></Telephone1>
          <Telephone2 xsi:nil="true"></Telephone2>
          <Telephone3 xsi:nil="true"></Telephone3>
          <TimeZoneRuleVersionNumber xsi:nil="true"></TimeZoneRuleVersionNumber>
          <UPSZone xsi:nil="true"></UPSZone>
          <UTCOffset xsi:nil="true"></UTCOffset>
          <UTCConversionTimeZoneCode xsi:nil="true"></UTCConversionTimeZoneCode>
        </Address>
      </Addresses>
    </Publisher>
    <RootComponents>
      <RootComponent type="1" schemaName="ovs_incident" behavior="1" />
      <RootComponent type="1" schemaName="ovs_incident_injury" behavior="1" />
      <RootComponent type="1" schemaName="ovs_incident_organization" behavior="1" />
      <RootComponent type="1" schemaName="ovs_invitation" behavior="1" />
      <RootComponent type="1" schemaName="ovs_moc" behavior="1" />
      <RootComponent type="9" schemaName="ovs_incidentparticipantrole" behavior="0" />
      <RootComponent type="9" schemaName="ovs_injurycause" behavior="0" />
      <RootComponent type="9" schemaName="ovs_physicalimpact" behavior="0" />
      <RootComponent type="20" id="{dcd94023-b82c-ef11-8e50-000d3a0c4626}" behavior="0" />
      <RootComponent type="29" id="{9d8fb678-d042-ef11-a316-0022483bb3a9}" behavior="0" />
      <RootComponent type="29" id="{a155a9fb-5d35-ef11-8e4e-002248ae8e88}" behavior="0" />
      <RootComponent type="62" schemaName="ovs_TDGIncidentsIncidentsTMD" behavior="0" />
      <RootComponent type="63" id="{2b4e0ff2-848b-ed11-81ad-0022483d0343}" behavior="0" />
      <RootComponent type="63" id="{51925999-848b-ed11-81ad-0022483d0343}" behavior="0" />
      <RootComponent type="63" id="{cf121971-848b-ed11-81ad-0022483d0343}" behavior="0" />
      <RootComponent type="63" id="{fcfbfac2-848b-ed11-81ad-0022483d0343}" behavior="0" />
      <RootComponent type="80" schemaName="ovs_TDGIncidentsIncidentsTMD" behavior="0" />
    </RootComponents>
    <MissingDependencies>
      <MissingDependency>
        <Required type="1" schemaName="adx_invitation" displayName="Invitation" solution="PowerPages_RuntimeCore (1.0.2402.1)">
          <package>PowerPages_Core (1.0.2407.104)</package>
        </Required>
        <Dependent type="80" schemaName="ovs_TDGIncidentsIncidentsTMD" displayName="TDG Incidents / Incidents TMD" />
      </MissingDependency>
      <MissingDependency>
        <Required type="1" schemaName="ovs_incident" displayName="Incident" solution="Active" />
        <Dependent type="1" schemaName="ovs_incident" displayName="Incident" />
      </MissingDependency>
      <MissingDependency>
        <Required type="1" schemaName="ovs_incident_injury" displayName="Incident Injury" solution="Active" />
        <Dependent type="1" schemaName="ovs_incident_injury" displayName="Incident Injury" />
      </MissingDependency>
      <MissingDependency>
        <Required type="1" schemaName="ovs_incident_organization" displayName="Incident Organization" solution="Active" />
        <Dependent type="1" schemaName="ovs_incident_organization" displayName="Incident Organization" />
      </MissingDependency>
      <MissingDependency>
        <Required type="1" schemaName="ovs_invitation" displayName="Invitation" solution="Active" />
        <Dependent type="1" schemaName="ovs_invitation" displayName="Invitation" />
      </MissingDependency>
      <MissingDependency>
        <Required type="1" schemaName="ovs_moc" displayName="MOC" solution="Active" />
        <Dependent type="1" schemaName="ovs_moc" displayName="MOC" />
      </MissingDependency>
      <MissingDependency>
        <Required type="1" schemaName="ovs_organization_contact" displayName="Organization Contact" solution="Active" />
        <Dependent type="62" schemaName="ovs_TDGIncidentsIncidentsTMD" />
      </MissingDependency>
      <MissingDependency>
        <Required type="1" schemaName="ovs_organization_contact" displayName="Organization Contact" solution="Active" />
        <Dependent type="80" schemaName="ovs_TDGIncidentsIncidentsTMD" displayName="TDG Incidents / Incidents TMD" />
      </MissingDependency>
      <MissingDependency>
        <Required type="1" schemaName="ovs_supportrequest" displayName="Support Request" solution="Active" />
        <Dependent type="62" schemaName="ovs_TDGIncidentsIncidentsTMD" />
      </MissingDependency>
      <MissingDependency>
        <Required type="1" schemaName="ovs_supportrequest" displayName="Support Request" solution="Active" />
        <Dependent type="80" schemaName="ovs_TDGIncidentsIncidentsTMD" displayName="TDG Incidents / Incidents TMD" />
      </MissingDependency>
      <MissingDependency>
        <Required type="10" schemaName="ovs_ovs_invitation_account" displayName="ovs_ovs_invitation_account" parentSchemaName="account" parentDisplayName="Account" solution="Active" />
        <Dependent type="60" displayName="DGAIS Invitation form" parentDisplayName="Invitation" id="{c18e41da-404f-ef11-accd-000d3a843b46}" />
      </MissingDependency>
      <MissingDependency>
        <Required type="10" schemaName="ovs_invitation_contact" displayName="ovs_invitation_contact" parentSchemaName="contact" parentDisplayName="Contact" solution="Active" />
        <Dependent type="60" displayName="DGAIS Invitation form" parentDisplayName="Invitation" id="{c18e41da-404f-ef11-accd-000d3a843b46}" />
      </MissingDependency>
      <MissingDependency>
        <Required type="10" schemaName="ovs_moc_specification_fdr_specification" displayName="ovs_moc_specification_fdr_specification" parentSchemaName="fdr_specification" parentDisplayName="Specification" solution="Active" />
        <Dependent type="60" displayName="Information" parentDisplayName="MOC" id="{ab7a68cf-1d72-4c50-a098-b985866dadf1}" />
      </MissingDependency>
      <MissingDependency>
        <Required type="10" schemaName="ovs_moc_incident" displayName="ovs_moc_incident" parentSchemaName="ovs_incident" parentDisplayName="Incident" solution="Active" />
        <Dependent type="60" displayName="Information" parentDisplayName="MOC" id="{ab7a68cf-1d72-4c50-a098-b985866dadf1}" />
      </MissingDependency>
      <MissingDependency>
        <Required type="10" schemaName="ovs_moc_un_number_tdg_unnumber" displayName="ovs_moc_un_number_tdg_unnumber" parentSchemaName="tdg_unnumber" parentDisplayName="UN Number" solution="Active" />
        <Dependent type="60" displayName="Information" parentDisplayName="MOC" id="{ab7a68cf-1d72-4c50-a098-b985866dadf1}" />
      </MissingDependency>
      <MissingDependency>
        <Required type="2" schemaName="createdon" displayName="Created On" parentSchemaName="ovs_incident" parentDisplayName="Incident" solution="Active" />
        <Dependent type="29" displayName="Initiate costs values to zerro" id="{9d8fb678-d042-ef11-a316-0022483bb3a9}" />
      </MissingDependency>
      <MissingDependency>
        <Required type="2" schemaName="ovs_cost_of_damages_num" displayName="Cost of Damages" parentSchemaName="ovs_incident" parentDisplayName="Incident" solution="Active" />
        <Dependent type="2" schemaName="ovs_total_cost_num" displayName="Total Cost" parentSchemaName="ovs_incident" parentDisplayName="Incident" />
      </MissingDependency>
      <MissingDependency>
        <Required type="2" schemaName="ovs_cost_of_dangerous_goods_num" displayName="Cost of Dangerous Goods" parentSchemaName="ovs_incident" parentDisplayName="Incident" solution="Active" />
        <Dependent type="2" schemaName="ovs_total_cost_num" displayName="Total Cost" parentSchemaName="ovs_incident" parentDisplayName="Incident" />
      </MissingDependency>
      <MissingDependency>
        <Required type="2" schemaName="ovs_cost_of_remediation_num" displayName="Cost of Remediation" parentSchemaName="ovs_incident" parentDisplayName="Incident" solution="Active" />
        <Dependent type="2" schemaName="ovs_total_cost_num" displayName="Total Cost" parentSchemaName="ovs_incident" parentDisplayName="Incident" />
      </MissingDependency>
      <MissingDependency>
        <Required type="2" schemaName="ovs_dangerous_goods_cleanup_cost_num" displayName="Dangerous Goods Cleanup Cost" parentSchemaName="ovs_incident" parentDisplayName="Incident" solution="Active" />
        <Dependent type="2" schemaName="ovs_total_cost_num" displayName="Total Cost" parentSchemaName="ovs_incident" parentDisplayName="Incident" />
      </MissingDependency>
      <MissingDependency>
        <Required type="2" schemaName="ovs_event_cleanup_costs_num" displayName="Event Cleanup Costs" parentSchemaName="ovs_incident" parentDisplayName="Incident" solution="Active" />
        <Dependent type="2" schemaName="ovs_total_cost_num" displayName="Total Cost" parentSchemaName="ovs_incident" parentDisplayName="Incident" />
      </MissingDependency>
      <MissingDependency>
        <Required type="2" schemaName="ovs_incidentid" displayName="Incident" parentSchemaName="ovs_incident" parentDisplayName="Incident" solution="Active" />
        <Dependent type="2" schemaName="ovs_total_cost_num" displayName="Total Cost" parentSchemaName="ovs_incident" parentDisplayName="Incident" />
      </MissingDependency>
      <MissingDependency>
        <Required type="2" schemaName="ovs_incidentid" displayName="Incident" parentSchemaName="ovs_incident" parentDisplayName="Incident" solution="Active" />
        <Dependent type="29" displayName="Initiate costs values to zerro" id="{9d8fb678-d042-ef11-a316-0022483bb3a9}" />
      </MissingDependency>
      <MissingDependency>
        <Required type="2" schemaName="ovs_name" displayName="Name" parentSchemaName="ovs_incident" parentDisplayName="Incident" solution="Active" />
        <Dependent type="29" displayName="Initiate costs values to zerro" id="{9d8fb678-d042-ef11-a316-0022483bb3a9}" />
      </MissingDependency>
      <MissingDependency>
        <Required type="2" schemaName="ovs_other_costs_num" displayName="Other Costs" parentSchemaName="ovs_incident" parentDisplayName="Incident" solution="Active" />
        <Dependent type="2" schemaName="ovs_total_cost_num" displayName="Total Cost" parentSchemaName="ovs_incident" parentDisplayName="Incident" />
      </MissingDependency>
      <MissingDependency>
        <Required type="2" schemaName="createdby" displayName="Created By" parentSchemaName="ovs_invitation" parentDisplayName="Invitation" solution="Active" />
        <Dependent type="60" displayName="DGAIS Invitation form" parentDisplayName="Invitation" id="{c18e41da-404f-ef11-accd-000d3a843b46}" />
      </MissingDependency>
      <MissingDependency>
        <Required type="2" schemaName="createdon" displayName="Created On" parentSchemaName="ovs_invitation" parentDisplayName="Invitation" solution="Active" />
        <Dependent type="26" schemaName="DGAIS Active Invitations" displayName="DGAIS Active Invitations" parentSchemaName="ovs_invitation" parentDisplayName="Invitation" id="{400d5f47-3e4f-ef11-accd-0022483bb3a9}" />
      </MissingDependency>
      <MissingDependency>
        <Required type="2" schemaName="createdon" displayName="Created On" parentSchemaName="ovs_invitation" parentDisplayName="Invitation" solution="Active" />
        <Dependent type="60" displayName="DGAIS Invitation form" parentDisplayName="Invitation" id="{c18e41da-404f-ef11-accd-000d3a843b46}" />
      </MissingDependency>
      <MissingDependency>
        <Required type="2" schemaName="modifiedby" displayName="Modified By" parentSchemaName="ovs_invitation" parentDisplayName="Invitation" solution="Active" />
        <Dependent type="60" displayName="DGAIS Invitation form" parentDisplayName="Invitation" id="{c18e41da-404f-ef11-accd-000d3a843b46}" />
      </MissingDependency>
      <MissingDependency>
        <Required type="2" schemaName="modifiedon" displayName="Modified On" parentSchemaName="ovs_invitation" parentDisplayName="Invitation" solution="Active" />
        <Dependent type="60" displayName="DGAIS Invitation form" parentDisplayName="Invitation" id="{c18e41da-404f-ef11-accd-000d3a843b46}" />
      </MissingDependency>
      <MissingDependency>
        <Required type="2" schemaName="ovs_account_id" displayName="Account Id" parentSchemaName="ovs_invitation" parentDisplayName="Invitation" solution="Active" />
        <Dependent type="26" schemaName="DGAIS Active Invitations" displayName="DGAIS Active Invitations" parentSchemaName="ovs_invitation" parentDisplayName="Invitation" id="{400d5f47-3e4f-ef11-accd-0022483bb3a9}" />
      </MissingDependency>
      <MissingDependency>
        <Required type="2" schemaName="ovs_account_id" displayName="Account Id" parentSchemaName="ovs_invitation" parentDisplayName="Invitation" solution="Active" />
        <Dependent type="60" displayName="DGAIS Invitation form" parentDisplayName="Invitation" id="{c18e41da-404f-ef11-accd-000d3a843b46}" />
      </MissingDependency>
      <MissingDependency>
        <Required type="2" schemaName="ovs_business_phone_num" displayName="Business Phone Number" parentSchemaName="ovs_invitation" parentDisplayName="Invitation" solution="Active" />
        <Dependent type="60" displayName="DGAIS Invitation form" parentDisplayName="Invitation" id="{c18e41da-404f-ef11-accd-000d3a843b46}" />
      </MissingDependency>
      <MissingDependency>
        <Required type="2" schemaName="ovs_contact_id" displayName="Contact Id" parentSchemaName="ovs_invitation" parentDisplayName="Invitation" solution="Active" />
        <Dependent type="60" displayName="DGAIS Invitation form" parentDisplayName="Invitation" id="{c18e41da-404f-ef11-accd-000d3a843b46}" />
      </MissingDependency>
      <MissingDependency>
        <Required type="2" schemaName="ovs_date_closed_dte" displayName="Closed On" parentSchemaName="ovs_invitation" parentDisplayName="Invitation" solution="Active" />
        <Dependent type="60" displayName="DGAIS Invitation form" parentDisplayName="Invitation" id="{c18e41da-404f-ef11-accd-000d3a843b46}" />
      </MissingDependency>
      <MissingDependency>
        <Required type="2" schemaName="ovs_email_address_txt" displayName="Email" parentSchemaName="ovs_invitation" parentDisplayName="Invitation" solution="Active" />
        <Dependent type="26" schemaName="DGAIS Active Invitations" displayName="DGAIS Active Invitations" parentSchemaName="ovs_invitation" parentDisplayName="Invitation" id="{400d5f47-3e4f-ef11-accd-0022483bb3a9}" />
      </MissingDependency>
      <MissingDependency>
        <Required type="2" schemaName="ovs_email_address_txt" displayName="Email" parentSchemaName="ovs_invitation" parentDisplayName="Invitation" solution="Active" />
        <Dependent type="60" displayName="DGAIS Invitation form" parentDisplayName="Invitation" id="{c18e41da-404f-ef11-accd-000d3a843b46}" />
      </MissingDependency>
      <MissingDependency>
        <Required type="2" schemaName="ovs_invitationid" displayName="Invitation" parentSchemaName="ovs_invitation" parentDisplayName="Invitation" solution="Active" />
        <Dependent type="26" schemaName="DGAIS Active Invitations" displayName="DGAIS Active Invitations" parentSchemaName="ovs_invitation" parentDisplayName="Invitation" id="{400d5f47-3e4f-ef11-accd-0022483bb3a9}" />
      </MissingDependency>
      <MissingDependency>
        <Required type="2" schemaName="ovs_invite_status_cd" displayName="Invitation Status" parentSchemaName="ovs_invitation" parentDisplayName="Invitation" solution="Active" />
        <Dependent type="26" schemaName="DGAIS Active Invitations" displayName="DGAIS Active Invitations" parentSchemaName="ovs_invitation" parentDisplayName="Invitation" id="{400d5f47-3e4f-ef11-accd-0022483bb3a9}" />
      </MissingDependency>
      <MissingDependency>
        <Required type="2" schemaName="ovs_invite_status_cd" displayName="Invitation Status" parentSchemaName="ovs_invitation" parentDisplayName="Invitation" solution="Active" />
        <Dependent type="60" displayName="DGAIS Invitation form" parentDisplayName="Invitation" id="{c18e41da-404f-ef11-accd-000d3a843b46}" />
      </MissingDependency>
      <MissingDependency>
        <Required type="2" schemaName="ovs_invite_type_cd" displayName="Invite Type" parentSchemaName="ovs_invitation" parentDisplayName="Invitation" solution="Active" />
        <Dependent type="26" schemaName="DGAIS Active Invitations" displayName="DGAIS Active Invitations" parentSchemaName="ovs_invitation" parentDisplayName="Invitation" id="{400d5f47-3e4f-ef11-accd-0022483bb3a9}" />
      </MissingDependency>
      <MissingDependency>
        <Required type="2" schemaName="ovs_invite_type_cd" displayName="Invite Type" parentSchemaName="ovs_invitation" parentDisplayName="Invitation" solution="Active" />
        <Dependent type="60" displayName="DGAIS Invitation form" parentDisplayName="Invitation" id="{c18e41da-404f-ef11-accd-000d3a843b46}" />
      </MissingDependency>
      <MissingDependency>
        <Required type="2" schemaName="ovs_name" displayName="Name" parentSchemaName="ovs_invitation" parentDisplayName="Invitation" solution="Active" />
        <Dependent type="26" schemaName="DGAIS Active Invitations" displayName="DGAIS Active Invitations" parentSchemaName="ovs_invitation" parentDisplayName="Invitation" id="{400d5f47-3e4f-ef11-accd-0022483bb3a9}" />
      </MissingDependency>
      <MissingDependency>
        <Required type="2" schemaName="ovs_name" displayName="Name" parentSchemaName="ovs_invitation" parentDisplayName="Invitation" solution="Active" />
        <Dependent type="60" displayName="DGAIS Invitation form" parentDisplayName="Invitation" id="{c18e41da-404f-ef11-accd-000d3a843b46}" />
      </MissingDependency>
      <MissingDependency>
        <Required type="2" schemaName="ovs_name_first_nm" displayName="First Name" parentSchemaName="ovs_invitation" parentDisplayName="Invitation" solution="Active" />
        <Dependent type="26" schemaName="DGAIS Active Invitations" displayName="DGAIS Active Invitations" parentSchemaName="ovs_invitation" parentDisplayName="Invitation" id="{400d5f47-3e4f-ef11-accd-0022483bb3a9}" />
      </MissingDependency>
      <MissingDependency>
        <Required type="2" schemaName="ovs_name_first_nm" displayName="First Name" parentSchemaName="ovs_invitation" parentDisplayName="Invitation" solution="Active" />
        <Dependent type="60" displayName="DGAIS Invitation form" parentDisplayName="Invitation" id="{c18e41da-404f-ef11-accd-000d3a843b46}" />
      </MissingDependency>
      <MissingDependency>
        <Required type="2" schemaName="ovs_name_last_nm" displayName="Last Name" parentSchemaName="ovs_invitation" parentDisplayName="Invitation" solution="Active" />
        <Dependent type="26" schemaName="DGAIS Active Invitations" displayName="DGAIS Active Invitations" parentSchemaName="ovs_invitation" parentDisplayName="Invitation" id="{400d5f47-3e4f-ef11-accd-0022483bb3a9}" />
      </MissingDependency>
      <MissingDependency>
        <Required type="2" schemaName="ovs_name_last_nm" displayName="Last Name" parentSchemaName="ovs_invitation" parentDisplayName="Invitation" solution="Active" />
        <Dependent type="60" displayName="DGAIS Invitation form" parentDisplayName="Invitation" id="{c18e41da-404f-ef11-accd-000d3a843b46}" />
      </MissingDependency>
      <MissingDependency>
        <Required type="2" schemaName="ovs_reason_txt" displayName="Reason" parentSchemaName="ovs_invitation" parentDisplayName="Invitation" solution="Active" />
        <Dependent type="60" displayName="DGAIS Invitation form" parentDisplayName="Invitation" id="{c18e41da-404f-ef11-accd-000d3a843b46}" />
      </MissingDependency>
      <MissingDependency>
        <Required type="2" schemaName="ovs_role_cd" displayName="Role" parentSchemaName="ovs_invitation" parentDisplayName="Invitation" solution="Active" />
        <Dependent type="26" schemaName="DGAIS Active Invitations" displayName="DGAIS Active Invitations" parentSchemaName="ovs_invitation" parentDisplayName="Invitation" id="{400d5f47-3e4f-ef11-accd-0022483bb3a9}" />
      </MissingDependency>
      <MissingDependency>
        <Required type="2" schemaName="ovs_role_cd" displayName="Role" parentSchemaName="ovs_invitation" parentDisplayName="Invitation" solution="Active" />
        <Dependent type="60" displayName="DGAIS Invitation form" parentDisplayName="Invitation" id="{c18e41da-404f-ef11-accd-000d3a843b46}" />
      </MissingDependency>
      <MissingDependency>
        <Required type="2" schemaName="ownerid" displayName="Owner" parentSchemaName="ovs_invitation" parentDisplayName="Invitation" solution="Active" />
        <Dependent type="60" displayName="DGAIS Invitation form" parentDisplayName="Invitation" id="{c18e41da-404f-ef11-accd-000d3a843b46}" />
      </MissingDependency>
      <MissingDependency>
        <Required type="2" schemaName="statecode" displayName="Status" parentSchemaName="ovs_invitation" parentDisplayName="Invitation" solution="Active" />
        <Dependent type="26" schemaName="DGAIS Active Invitations" displayName="DGAIS Active Invitations" parentSchemaName="ovs_invitation" parentDisplayName="Invitation" id="{400d5f47-3e4f-ef11-accd-0022483bb3a9}" />
      </MissingDependency>
      <MissingDependency>
        <Required type="2" schemaName="ovs_aar_certificateof_construction_number_txt" displayName="AAR Certificate of Construction Number" parentSchemaName="ovs_moc" parentDisplayName="MOC" solution="Active" />
        <Dependent type="60" displayName="Information" parentDisplayName="MOC" id="{ab7a68cf-1d72-4c50-a098-b985866dadf1}" />
      </MissingDependency>
      <MissingDependency>
        <Required type="2" schemaName="ovs_capacity_txt" displayName="Capacity" parentSchemaName="ovs_moc" parentDisplayName="MOC" solution="Active" />
        <Dependent type="60" displayName="Information" parentDisplayName="MOC" id="{ab7a68cf-1d72-4c50-a098-b985866dadf1}" />
      </MissingDependency>
      <MissingDependency>
        <Required type="2" schemaName="ovs_city_txt" displayName="City" parentSchemaName="ovs_moc" parentDisplayName="MOC" solution="Active" />
        <Dependent type="60" displayName="Information" parentDisplayName="MOC" id="{ab7a68cf-1d72-4c50-a098-b985866dadf1}" />
      </MissingDependency>
      <MissingDependency>
        <Required type="2" schemaName="ovs_country_cd" displayName="Country" parentSchemaName="ovs_moc" parentDisplayName="MOC" solution="Active" />
        <Dependent type="60" displayName="Information" parentDisplayName="MOC" id="{ab7a68cf-1d72-4c50-a098-b985866dadf1}" />
      </MissingDependency>
      <MissingDependency>
        <Required type="2" schemaName="ovs_damage_ind" displayName="Damage" parentSchemaName="ovs_moc" parentDisplayName="MOC" solution="Active" />
        <Dependent type="60" displayName="Information" parentDisplayName="MOC" id="{ab7a68cf-1d72-4c50-a098-b985866dadf1}" />
      </MissingDependency>
      <MissingDependency>
        <Required type="2" schemaName="ovs_damage_location_cds" displayName="Damage Location" parentSchemaName="ovs_moc" parentDisplayName="MOC" solution="Active" />
        <Dependent type="60" displayName="Information" parentDisplayName="MOC" id="{ab7a68cf-1d72-4c50-a098-b985866dadf1}" />
      </MissingDependency>
      <MissingDependency>
        <Required type="2" schemaName="ovs_damage_type_cds" displayName="Damage Type" parentSchemaName="ovs_moc" parentDisplayName="MOC" solution="Active" />
        <Dependent type="60" displayName="Information" parentDisplayName="MOC" id="{ab7a68cf-1d72-4c50-a098-b985866dadf1}" />
      </MissingDependency>
      <MissingDependency>
        <Required type="2" schemaName="ovs_dot_exemption_number_num" displayName="DOT Exemption Number (DOT-E)" parentSchemaName="ovs_moc" parentDisplayName="MOC" solution="Active" />
        <Dependent type="60" displayName="Information" parentDisplayName="MOC" id="{ab7a68cf-1d72-4c50-a098-b985866dadf1}" />
      </MissingDependency>
      <MissingDependency>
        <Required type="2" schemaName="ovs_dot_special_permit_number_num" displayName="DOT Special Permit Number(DOT SP)" parentSchemaName="ovs_moc" parentDisplayName="MOC" solution="Active" />
        <Dependent type="60" displayName="Information" parentDisplayName="MOC" id="{ab7a68cf-1d72-4c50-a098-b985866dadf1}" />
      </MissingDependency>
      <MissingDependency>
        <Required type="2" schemaName="ovs_erap_number_txt" displayName="ERAP Number" parentSchemaName="ovs_moc" parentDisplayName="MOC" solution="Active" />
        <Dependent type="60" displayName="Information" parentDisplayName="MOC" id="{ab7a68cf-1d72-4c50-a098-b985866dadf1}" />
      </MissingDependency>
      <MissingDependency>
        <Required type="2" schemaName="ovs_incident_id" displayName="Incident" parentSchemaName="ovs_moc" parentDisplayName="MOC" solution="Active" />
        <Dependent type="60" displayName="Information" parentDisplayName="MOC" id="{ab7a68cf-1d72-4c50-a098-b985866dadf1}" />
      </MissingDependency>
      <MissingDependency>
        <Required type="2" schemaName="ovs_load_limit_txt" displayName="Load Limit" parentSchemaName="ovs_moc" parentDisplayName="MOC" solution="Active" />
        <Dependent type="60" displayName="Information" parentDisplayName="MOC" id="{ab7a68cf-1d72-4c50-a098-b985866dadf1}" />
      </MissingDependency>
      <MissingDependency>
        <Required type="2" schemaName="ovs_manufacturer_txt" displayName="Manufacturer" parentSchemaName="ovs_moc" parentDisplayName="MOC" solution="Active" />
        <Dependent type="60" displayName="Information" parentDisplayName="MOC" id="{ab7a68cf-1d72-4c50-a098-b985866dadf1}" />
      </MissingDependency>
      <MissingDependency>
        <Required type="2" schemaName="ovs_manufacturing_facility_location_txt" displayName="Manufacturing Facility Location" parentSchemaName="ovs_moc" parentDisplayName="MOC" solution="Active" />
        <Dependent type="60" displayName="Information" parentDisplayName="MOC" id="{ab7a68cf-1d72-4c50-a098-b985866dadf1}" />
      </MissingDependency>
      <MissingDependency>
        <Required type="2" schemaName="ovs_maximum_allowable_working_pressure_txt" displayName="Maximum Allowable Working Pressure(MAWTP) or Design Pressure" parentSchemaName="ovs_moc" parentDisplayName="MOC" solution="Active" />
        <Dependent type="60" displayName="Information" parentDisplayName="MOC" id="{ab7a68cf-1d72-4c50-a098-b985866dadf1}" />
      </MissingDependency>
      <MissingDependency>
        <Required type="2" schemaName="ovs_means_of_containment_form_cd" displayName="Means of Containment form" parentSchemaName="ovs_moc" parentDisplayName="MOC" solution="Active" />
        <Dependent type="60" displayName="Information" parentDisplayName="MOC" id="{ab7a68cf-1d72-4c50-a098-b985866dadf1}" />
      </MissingDependency>
      <MissingDependency>
        <Required type="2" schemaName="ovs_moc_built_in_canada_ind" displayName="MOC Built in Canada?" parentSchemaName="ovs_moc" parentDisplayName="MOC" solution="Active" />
        <Dependent type="60" displayName="Information" parentDisplayName="MOC" id="{ab7a68cf-1d72-4c50-a098-b985866dadf1}" />
      </MissingDependency>
      <MissingDependency>
        <Required type="2" schemaName="ovs_moc_form_cd" displayName="MOC Form" parentSchemaName="ovs_moc" parentDisplayName="MOC" solution="Active" />
        <Dependent type="60" displayName="Information" parentDisplayName="MOC" id="{ab7a68cf-1d72-4c50-a098-b985866dadf1}" />
      </MissingDependency>
      <MissingDependency>
        <Required type="2" schemaName="ovs_mocid" displayName="MOC" parentSchemaName="ovs_moc" parentDisplayName="MOC" solution="Active" />
        <Dependent type="29" displayName="No of Units behavior" id="{a155a9fb-5d35-ef11-8e4e-002248ae8e88}" />
      </MissingDependency>
      <MissingDependency>
        <Required type="2" schemaName="ovs_n_of_units_num" displayName="No. of Units" parentSchemaName="ovs_moc" parentDisplayName="MOC" solution="Active" />
        <Dependent type="29" displayName="No of Units behavior" id="{a155a9fb-5d35-ef11-8e4e-002248ae8e88}" />
      </MissingDependency>
      <MissingDependency>
        <Required type="2" schemaName="ovs_n_of_units_num" displayName="No. of Units" parentSchemaName="ovs_moc" parentDisplayName="MOC" solution="Active" />
        <Dependent type="60" displayName="Information" parentDisplayName="MOC" id="{ab7a68cf-1d72-4c50-a098-b985866dadf1}" />
      </MissingDependency>
      <MissingDependency>
        <Required type="2" schemaName="ovs_name" displayName="Name" parentSchemaName="ovs_moc" parentDisplayName="MOC" solution="Active" />
        <Dependent type="29" displayName="No of Units behavior" id="{a155a9fb-5d35-ef11-8e4e-002248ae8e88}" />
      </MissingDependency>
      <MissingDependency>
        <Required type="2" schemaName="ovs_name" displayName="Name" parentSchemaName="ovs_moc" parentDisplayName="MOC" solution="Active" />
        <Dependent type="60" displayName="Information" parentDisplayName="MOC" id="{ab7a68cf-1d72-4c50-a098-b985866dadf1}" />
      </MissingDependency>
      <MissingDependency>
        <Required type="2" schemaName="ovs_other_code_txt" displayName="Other Code" parentSchemaName="ovs_moc" parentDisplayName="MOC" solution="Active" />
        <Dependent type="60" displayName="Information" parentDisplayName="MOC" id="{ab7a68cf-1d72-4c50-a098-b985866dadf1}" />
      </MissingDependency>
      <MissingDependency>
        <Required type="2" schemaName="ovs_other_damage_location_txt" displayName="Other Damage Location" parentSchemaName="ovs_moc" parentDisplayName="MOC" solution="Active" />
        <Dependent type="60" displayName="Information" parentDisplayName="MOC" id="{ab7a68cf-1d72-4c50-a098-b985866dadf1}" />
      </MissingDependency>
      <MissingDependency>
        <Required type="2" schemaName="ovs_other_damage_txt" displayName="Other Damage Type" parentSchemaName="ovs_moc" parentDisplayName="MOC" solution="Active" />
        <Dependent type="60" displayName="Information" parentDisplayName="MOC" id="{ab7a68cf-1d72-4c50-a098-b985866dadf1}" />
      </MissingDependency>
      <MissingDependency>
        <Required type="2" schemaName="ovs_postalcode_zipcode_txt" displayName="Postal Code/Zip Code" parentSchemaName="ovs_moc" parentDisplayName="MOC" solution="Active" />
        <Dependent type="60" displayName="Information" parentDisplayName="MOC" id="{ab7a68cf-1d72-4c50-a098-b985866dadf1}" />
      </MissingDependency>
      <MissingDependency>
        <Required type="2" schemaName="ovs_pressure_relief_device_typeandsetting_txt" displayName="Pressure Relief Device Type and Setting" parentSchemaName="ovs_moc" parentDisplayName="MOC" solution="Active" />
        <Dependent type="60" displayName="Information" parentDisplayName="MOC" id="{ab7a68cf-1d72-4c50-a098-b985866dadf1}" />
      </MissingDependency>
      <MissingDependency>
        <Required type="2" schemaName="ovs_province_territory_cd" displayName="Province / Territory" parentSchemaName="ovs_moc" parentDisplayName="MOC" solution="Active" />
        <Dependent type="60" displayName="Information" parentDisplayName="MOC" id="{ab7a68cf-1d72-4c50-a098-b985866dadf1}" />
      </MissingDependency>
      <MissingDependency>
        <Required type="2" schemaName="ovs_release_ind" displayName="Release" parentSchemaName="ovs_moc" parentDisplayName="MOC" solution="Active" />
        <Dependent type="60" displayName="Information" parentDisplayName="MOC" id="{ab7a68cf-1d72-4c50-a098-b985866dadf1}" />
      </MissingDependency>
      <MissingDependency>
        <Required type="2" schemaName="ovs_release_location_mcd" displayName="Release Location" parentSchemaName="ovs_moc" parentDisplayName="MOC" solution="Active" />
        <Dependent type="60" displayName="Information" parentDisplayName="MOC" id="{ab7a68cf-1d72-4c50-a098-b985866dadf1}" />
      </MissingDependency>
      <MissingDependency>
        <Required type="2" schemaName="ovs_release_location_other_txt" displayName="Other Release Location" parentSchemaName="ovs_moc" parentDisplayName="MOC" solution="Active" />
        <Dependent type="60" displayName="Information" parentDisplayName="MOC" id="{ab7a68cf-1d72-4c50-a098-b985866dadf1}" />
      </MissingDependency>
      <MissingDependency>
        <Required type="2" schemaName="ovs_released_quantity_num" displayName="Released Quantity" parentSchemaName="ovs_moc" parentDisplayName="MOC" solution="Active" />
        <Dependent type="60" displayName="Information" parentDisplayName="MOC" id="{ab7a68cf-1d72-4c50-a098-b985866dadf1}" />
      </MissingDependency>
      <MissingDependency>
        <Required type="2" schemaName="ovs_reportable_moc_ind" displayName="Reportable MoC" parentSchemaName="ovs_moc" parentDisplayName="MOC" solution="Active" />
        <Dependent type="60" displayName="Information" parentDisplayName="MOC" id="{ab7a68cf-1d72-4c50-a098-b985866dadf1}" />
      </MissingDependency>
      <MissingDependency>
        <Required type="2" schemaName="ovs_specification_id" displayName="Specification" parentSchemaName="ovs_moc" parentDisplayName="MOC" solution="Active" />
        <Dependent type="60" displayName="Information" parentDisplayName="MOC" id="{ab7a68cf-1d72-4c50-a098-b985866dadf1}" />
      </MissingDependency>
      <MissingDependency>
        <Required type="2" schemaName="ovs_state_cd" displayName="State" parentSchemaName="ovs_moc" parentDisplayName="MOC" solution="Active" />
        <Dependent type="60" displayName="Information" parentDisplayName="MOC" id="{ab7a68cf-1d72-4c50-a098-b985866dadf1}" />
      </MissingDependency>
      <MissingDependency>
        <Required type="2" schemaName="ovs_tank_assembler_txt" displayName="Tank Assembler" parentSchemaName="ovs_moc" parentDisplayName="MOC" solution="Active" />
        <Dependent type="60" displayName="Information" parentDisplayName="MOC" id="{ab7a68cf-1d72-4c50-a098-b985866dadf1}" />
      </MissingDependency>
      <MissingDependency>
        <Required type="2" schemaName="ovs_tank_capacity_of_each_compartment_txt" displayName="Tank Capacity of Each Compartment" parentSchemaName="ovs_moc" parentDisplayName="MOC" solution="Active" />
        <Dependent type="60" displayName="Information" parentDisplayName="MOC" id="{ab7a68cf-1d72-4c50-a098-b985866dadf1}" />
      </MissingDependency>
      <MissingDependency>
        <Required type="2" schemaName="ovs_tank_car_manufacturer_txt" displayName="Tank Car Manufacturer" parentSchemaName="ovs_moc" parentDisplayName="MOC" solution="Active" />
        <Dependent type="60" displayName="Information" parentDisplayName="MOC" id="{ab7a68cf-1d72-4c50-a098-b985866dadf1}" />
      </MissingDependency>
      <MissingDependency>
        <Required type="2" schemaName="ovs_tank_manufacturer_txt" displayName="Tank Manufacturer" parentSchemaName="ovs_moc" parentDisplayName="MOC" solution="Active" />
        <Dependent type="60" displayName="Information" parentDisplayName="MOC" id="{ab7a68cf-1d72-4c50-a098-b985866dadf1}" />
      </MissingDependency>
      <MissingDependency>
        <Required type="2" schemaName="ovs_tank_modifier_txt" displayName="Tank Modifier" parentSchemaName="ovs_moc" parentDisplayName="MOC" solution="Active" />
        <Dependent type="60" displayName="Information" parentDisplayName="MOC" id="{ab7a68cf-1d72-4c50-a098-b985866dadf1}" />
      </MissingDependency>
      <MissingDependency>
        <Required type="2" schemaName="ovs_tank_serial_number_txt" displayName="Tank Serial Number" parentSchemaName="ovs_moc" parentDisplayName="MOC" solution="Active" />
        <Dependent type="60" displayName="Information" parentDisplayName="MOC" id="{ab7a68cf-1d72-4c50-a098-b985866dadf1}" />
      </MissingDependency>
      <MissingDependency>
        <Required type="2" schemaName="ovs_tank_vehicle_configuration_txt" displayName="Tank Vehicle Configuration" parentSchemaName="ovs_moc" parentDisplayName="MOC" solution="Active" />
        <Dependent type="60" displayName="Information" parentDisplayName="MOC" id="{ab7a68cf-1d72-4c50-a098-b985866dadf1}" />
      </MissingDependency>
      <MissingDependency>
        <Required type="2" schemaName="ovs_tare_weight_txt" displayName="Tare Weight" parentSchemaName="ovs_moc" parentDisplayName="MOC" solution="Active" />
        <Dependent type="60" displayName="Information" parentDisplayName="MOC" id="{ab7a68cf-1d72-4c50-a098-b985866dadf1}" />
      </MissingDependency>
      <MissingDependency>
        <Required type="2" schemaName="ovs_tc_equivalency_certificate_number_txt" displayName="TC Equivalency Certificate Number" parentSchemaName="ovs_moc" parentDisplayName="MOC" solution="Active" />
        <Dependent type="60" displayName="Information" parentDisplayName="MOC" id="{ab7a68cf-1d72-4c50-a098-b985866dadf1}" />
      </MissingDependency>
      <MissingDependency>
        <Required type="2" schemaName="ovs_tcequivalence_certificatepermitnumber_txt" displayName="TC Equivalence Certificate(Permit) Number" parentSchemaName="ovs_moc" parentDisplayName="MOC" solution="Active" />
        <Dependent type="60" displayName="Information" parentDisplayName="MOC" id="{ab7a68cf-1d72-4c50-a098-b985866dadf1}" />
      </MissingDependency>
      <MissingDependency>
        <Required type="2" schemaName="ovs_test_inspection_markings_txt" displayName="Test/Inspection Markings" parentSchemaName="ovs_moc" parentDisplayName="MOC" solution="Active" />
        <Dependent type="60" displayName="Information" parentDisplayName="MOC" id="{ab7a68cf-1d72-4c50-a098-b985866dadf1}" />
      </MissingDependency>
      <MissingDependency>
        <Required type="2" schemaName="ovs_transport_canada_registration_number_txt" displayName="Transport Canada Registration Number(TCRN); or Manufacturer Design Identification Number(MIDIN)" parentSchemaName="ovs_moc" parentDisplayName="MOC" solution="Active" />
        <Dependent type="60" displayName="Information" parentDisplayName="MOC" id="{ab7a68cf-1d72-4c50-a098-b985866dadf1}" />
      </MissingDependency>
      <MissingDependency>
        <Required type="2" schemaName="ovs_transported_quantity_num" displayName="Transported Quantity" parentSchemaName="ovs_moc" parentDisplayName="MOC" solution="Active" />
        <Dependent type="60" displayName="Information" parentDisplayName="MOC" id="{ab7a68cf-1d72-4c50-a098-b985866dadf1}" />
      </MissingDependency>
      <MissingDependency>
        <Required type="2" schemaName="ovs_un_number_id" displayName="UN Number" parentSchemaName="ovs_moc" parentDisplayName="MOC" solution="Active" />
        <Dependent type="60" displayName="Information" parentDisplayName="MOC" id="{ab7a68cf-1d72-4c50-a098-b985866dadf1}" />
      </MissingDependency>
      <MissingDependency>
        <Required type="2" schemaName="ovs_underframe_stub_sill_type_txt" displayName="Underframe/Stub Sill Type" parentSchemaName="ovs_moc" parentDisplayName="MOC" solution="Active" />
        <Dependent type="60" displayName="Information" parentDisplayName="MOC" id="{ab7a68cf-1d72-4c50-a098-b985866dadf1}" />
      </MissingDependency>
      <MissingDependency>
        <Required type="2" schemaName="ovs_units" displayName="Units" parentSchemaName="ovs_moc" parentDisplayName="MOC" solution="Active" />
        <Dependent type="60" displayName="Information" parentDisplayName="MOC" id="{ab7a68cf-1d72-4c50-a098-b985866dadf1}" />
      </MissingDependency>
      <MissingDependency>
        <Required type="2" schemaName="ovs_vehicle_configuration_cd" displayName="Vehicle Configuration" parentSchemaName="ovs_moc" parentDisplayName="MOC" solution="Active" />
        <Dependent type="29" displayName="No of Units behavior" id="{a155a9fb-5d35-ef11-8e4e-002248ae8e88}" />
      </MissingDependency>
      <MissingDependency>
        <Required type="2" schemaName="ovs_vehicle_configuration_cd" displayName="Vehicle Configuration" parentSchemaName="ovs_moc" parentDisplayName="MOC" solution="Active" />
        <Dependent type="60" displayName="Information" parentDisplayName="MOC" id="{ab7a68cf-1d72-4c50-a098-b985866dadf1}" />
      </MissingDependency>
      <MissingDependency>
        <Required type="2" schemaName="ovs_vehicle_type_cd" displayName="Vehicle Type" parentSchemaName="ovs_moc" parentDisplayName="MOC" solution="Active" />
        <Dependent type="29" displayName="No of Units behavior" id="{a155a9fb-5d35-ef11-8e4e-002248ae8e88}" />
      </MissingDependency>
      <MissingDependency>
        <Required type="2" schemaName="ovs_vehicle_type_cd" displayName="Vehicle Type" parentSchemaName="ovs_moc" parentDisplayName="MOC" solution="Active" />
        <Dependent type="60" displayName="Information" parentDisplayName="MOC" id="{ab7a68cf-1d72-4c50-a098-b985866dadf1}" />
      </MissingDependency>
      <MissingDependency>
        <Required type="2" schemaName="ownerid" displayName="Owner" parentSchemaName="ovs_moc" parentDisplayName="MOC" solution="Active" />
        <Dependent type="60" displayName="Information" parentDisplayName="MOC" id="{ab7a68cf-1d72-4c50-a098-b985866dadf1}" />
      </MissingDependency>
      <MissingDependency>
        <Required type="26" schemaName="All Contacts" displayName="All Contacts" parentSchemaName="contact" parentDisplayName="Contact" solution="msdynce_AppCommon (9.0.4.0066)" id="{0d5d377b-5e7c-47b5-bab1-a5cb8b4ac105}">
          <package>msdynce_AppCommonAnchor (9.0.24071.10002)</package>
        </Required>
        <Dependent type="80" schemaName="ovs_TDGIncidentsIncidentsTMD" displayName="TDG Incidents / Incidents TMD" />
      </MissingDependency>
      <MissingDependency>
        <Required type="26" schemaName="Inactive Invitations" displayName="Inactive Invitations" parentSchemaName="ovs_invitation" parentDisplayName="Invitation" solution="Active" id="{301e7af2-7676-4e90-90dd-100be894a4b7}" />
        <Dependent type="80" schemaName="ovs_TDGIncidentsIncidentsTMD" displayName="TDG Incidents / Incidents TMD" />
      </MissingDependency>
      <MissingDependency>
        <Required type="26" schemaName="Invitation Associated View" displayName="Invitation Associated View" parentSchemaName="ovs_invitation" parentDisplayName="Invitation" solution="Active" id="{4cd8a034-b1e4-4225-9637-808f143a1bb7}" />
        <Dependent type="80" schemaName="ovs_TDGIncidentsIncidentsTMD" displayName="TDG Incidents / Incidents TMD" />
      </MissingDependency>
      <MissingDependency>
        <Required type="26" schemaName="All Sites" displayName="All Sites" parentSchemaName="account" parentDisplayName="Account" solution="Active" id="{631f1f30-1bff-ed11-8f6d-0022483d0343}" />
        <Dependent type="80" schemaName="ovs_TDGIncidentsIncidentsTMD" displayName="TDG Incidents / Incidents TMD" />
      </MissingDependency>
      <MissingDependency>
        <Required type="26" schemaName="All Organizations" displayName="All Organizations" parentSchemaName="account" parentDisplayName="Account" solution="Active" id="{74bbeebe-f9fe-ed11-8f6d-0022483e130e}" />
        <Dependent type="80" schemaName="ovs_TDGIncidentsIncidentsTMD" displayName="TDG Incidents / Incidents TMD" />
      </MissingDependency>
      <MissingDependency>
        <Required type="26" schemaName="Invitation Lookup View" displayName="Invitation Lookup View" parentSchemaName="ovs_invitation" parentDisplayName="Invitation" solution="Active" id="{8a2044ca-88c7-47b0-9c0c-cae30c745d54}" />
        <Dependent type="80" schemaName="ovs_TDGIncidentsIncidentsTMD" displayName="TDG Incidents / Incidents TMD" />
      </MissingDependency>
      <MissingDependency>
        <Required type="26" schemaName="Quick Find Active Invitations" displayName="Quick Find Active Invitations" parentSchemaName="ovs_invitation" parentDisplayName="Invitation" solution="Active" id="{a13681d9-1251-432e-b952-51e8ea725865}" />
        <Dependent type="80" schemaName="ovs_TDGIncidentsIncidentsTMD" displayName="TDG Incidents / Incidents TMD" />
      </MissingDependency>
      <MissingDependency>
        <Required type="26" schemaName="My Region's Contacts" displayName="My Region's Contacts" parentSchemaName="contact" parentDisplayName="Contact" solution="Active" id="{a8d4d8d3-71db-eb11-bacb-0022483c561b}" />
        <Dependent type="80" schemaName="ovs_TDGIncidentsIncidentsTMD" displayName="TDG Incidents / Incidents TMD" />
      </MissingDependency>
      <MissingDependency>
        <Required type="26" schemaName="Sites" displayName="Sites" parentSchemaName="account" parentDisplayName="Account" solution="Active" id="{e7ba8bd8-440a-eb11-a813-000d3af3a7a7}" />
        <Dependent type="80" schemaName="ovs_TDGIncidentsIncidentsTMD" displayName="TDG Incidents / Incidents TMD" />
      </MissingDependency>
      <MissingDependency>
        <Required type="26" schemaName="Organizations" displayName="Organizations" parentSchemaName="account" parentDisplayName="Account" solution="Active" id="{fdbc939a-2403-eb11-a813-000d3af3ac0d}" />
        <Dependent type="80" schemaName="ovs_TDGIncidentsIncidentsTMD" displayName="TDG Incidents / Incidents TMD" />
      </MissingDependency>
      <MissingDependency>
        <Required type="26" schemaName="Invitation Advanced Find View" displayName="Invitation Advanced Find View" parentSchemaName="ovs_invitation" parentDisplayName="Invitation" solution="Active" id="{fefc25ee-b554-40a7-a044-0815caae218a}" />
        <Dependent type="80" schemaName="ovs_TDGIncidentsIncidentsTMD" displayName="TDG Incidents / Incidents TMD" />
      </MissingDependency>
      <MissingDependency>
        <Required type="59" schemaName="Accounts By Territories" displayName="Accounts By Territories" parentSchemaName="account" parentDisplayName="Account" solution="msdynce_Sales (9.0.4.0076)" id="{88de94cc-8b5e-df11-ae90-00155d2e3002}">
          <package>msdynce_SalesAnchor (9.0.24071.10006)</package>
        </Required>
        <Dependent type="80" schemaName="ovs_TDGIncidentsIncidentsTMD" displayName="TDG Incidents / Incidents TMD" />
      </MissingDependency>
      <MissingDependency>
        <Required type="60" displayName="Information" parentDisplayName="Invitation" solution="Active" id="{12174bac-940a-4b85-b96e-5ec0ccc2aa9b}" />
        <Dependent type="80" schemaName="ovs_TDGIncidentsIncidentsTMD" displayName="TDG Incidents / Incidents TMD" />
      </MissingDependency>
      <MissingDependency>
        <Required type="60" displayName="Information" parentDisplayName="UN Number" solution="Active" id="{2b92905f-837b-4ad7-9cd3-bf193b73e18e}" />
        <Dependent type="60" displayName="Information" parentDisplayName="MOC" id="{ab7a68cf-1d72-4c50-a098-b985866dadf1}" />
      </MissingDependency>
      <MissingDependency>
        <Required type="60" displayName="CRS Account Quick View" parentDisplayName="Account" solution="Active" id="{69a0a899-36ae-ee11-a568-6045bd5e3464}" />
        <Dependent type="60" displayName="DGAIS Invitation form" parentDisplayName="Invitation" id="{c18e41da-404f-ef11-accd-000d3a843b46}" />
      </MissingDependency>
      <MissingDependency>
        <Required type="60" displayName="Information" parentDisplayName="Support Request" solution="Active" id="{6c911b68-d5ab-48b1-ade7-3ef39e39dd97}" />
        <Dependent type="80" schemaName="ovs_TDGIncidentsIncidentsTMD" displayName="TDG Incidents / Incidents TMD" />
      </MissingDependency>
      <MissingDependency>
        <Required type="60" displayName="DGAIS Organization" parentDisplayName="Account" solution="Active" id="{6cfff89f-351c-ef11-840a-6045bd614ecd}" />
        <Dependent type="80" schemaName="ovs_TDGIncidentsIncidentsTMD" displayName="TDG Incidents / Incidents TMD" />
      </MissingDependency>
      <MissingDependency>
        <Required type="60" displayName="DGAIS Site Profile" parentDisplayName="Account" solution="Active" id="{8e8ef593-361c-ef11-840a-000d3a0c4626}" />
        <Dependent type="80" schemaName="ovs_TDGIncidentsIncidentsTMD" displayName="TDG Incidents / Incidents TMD" />
      </MissingDependency>
      <MissingDependency>
        <Required type="60" displayName="TDG Incident Contact" parentDisplayName="Contact" solution="Active" id="{9f0eda25-2c1d-ef11-840a-6045bd614ecd}" />
        <Dependent type="80" schemaName="ovs_TDGIncidentsIncidentsTMD" displayName="TDG Incidents / Incidents TMD" />
      </MissingDependency>
      <MissingDependency>
        <Required type="60" displayName="Information" parentDisplayName="Invitation" solution="Active" id="{c29522e7-6f88-4e01-94fc-52afb598ffb6}" />
        <Dependent type="80" schemaName="ovs_TDGIncidentsIncidentsTMD" displayName="TDG Incidents / Incidents TMD" />
      </MissingDependency>
      <MissingDependency>
        <Required type="60" displayName="Incident Organization Contact" parentDisplayName="Organization Contact" solution="Active" id="{e038b892-2d1d-ef11-840a-000d3a0c4626}" />
        <Dependent type="80" schemaName="ovs_TDGIncidentsIncidentsTMD" displayName="TDG Incidents / Incidents TMD" />
      </MissingDependency>
      <MissingDependency>
        <Required type="60" displayName="Information" parentDisplayName="Support Request" solution="Active" id="{e4b64000-4fac-4dbd-8a42-5e4945ef7400}" />
        <Dependent type="80" schemaName="ovs_TDGIncidentsIncidentsTMD" displayName="TDG Incidents / Incidents TMD" />
      </MissingDependency>
      <MissingDependency>
        <Required type="60" displayName="Information" parentDisplayName="Support Request" solution="Active" id="{f9813d7a-892a-476d-b4d9-30abdf8de48e}" />
        <Dependent type="80" schemaName="ovs_TDGIncidentsIncidentsTMD" displayName="TDG Incidents / Incidents TMD" />
      </MissingDependency>
      <MissingDependency>
        <Required type="61" schemaName="msdyn_/Images/AppModule_Default_Icon.png" displayName="msdyn_/Images/AppModule_Default_Icon.png" solution="AppModuleWebResources (2.5)" />
        <Dependent type="80" schemaName="ovs_TDGIncidentsIncidentsTMD" displayName="TDG Incidents / Incidents TMD" />
      </MissingDependency>
      <MissingDependency>
        <Required type="61" schemaName="ovs_DGAIS_MOC_MainForm.js" displayName="ovs_DGAIS_MOC_MainForm.js" solution="Active" />
        <Dependent type="60" displayName="Information" parentDisplayName="MOC" id="{ab7a68cf-1d72-4c50-a098-b985866dadf1}" />
      </MissingDependency>
      <MissingDependency>
        <Required type="61" schemaName="ovs_invitations_icon" displayName="ovs_invitations_icon" solution="Active" />
        <Dependent type="1" schemaName="ovs_invitation" displayName="Invitation" />
      </MissingDependency>
      <MissingDependency>
        <Required type="61" schemaName="qm_globalHelper.js" displayName="qm_globalHelper.js" solution="Active" />
        <Dependent type="60" displayName="Information" parentDisplayName="MOC" id="{ab7a68cf-1d72-4c50-a098-b985866dadf1}" />
      </MissingDependency>
      <MissingDependency>
        <Required type="66" schemaName="MscrmControls.FieldControls.ToggleControl" displayName="MscrmControls.FieldControls.ToggleControl" solution="BaseCustomControlsCore (9.0.2407.2019)" />
        <Dependent type="60" displayName="Information" parentDisplayName="MOC" id="{ab7a68cf-1d72-4c50-a098-b985866dadf1}" />
      </MissingDependency>
      <MissingDependency>
        <Required type="SettingDefinition" displayName="AppChannel" solution="msdyn_AppFrameworkInfraExtensions (1.0.0.11)" id.uniquename="AppChannel" />
        <Dependent type="AppSetting" displayName="parentappmoduleid.uniquename=ovs_TDGIncidentsIncidentsTMD,settingdefinitionid.uniquename=AppChannel" id.parentappmoduleid.uniquename="ovs_TDGIncidentsIncidentsTMD" id.settingdefinitionid.uniquename="AppChannel" />
      </MissingDependency>
    </MissingDependencies>
  </SolutionManifest>
</ImportExportXml>