<ImportExportXml version="9.2.24031.170" SolutionPackageVersion="9.2" languagecode="1033" generatedBy="CrmLive" xmlns:xsi="http://www.w3.org/2001/XMLSchema-instance">
  <SolutionManifest>
    <UniqueName>TC_CustomActions</UniqueName>
    <LocalizedNames>
      <LocalizedName description="TDG.CustomActions" languagecode="1033" />
    </LocalizedNames>
    <Descriptions>
      <Description description="Custom Actions and APIs" languagecode="1033" />
    </Descriptions>
    <Version>1.2.0.30</Version>
    <Managed>1</Managed>
    <Publisher>
      <UniqueName>oversightpublisher</UniqueName>
      <LocalizedNames>
        <LocalizedName description="Oversight" languagecode="1033" />
      </LocalizedNames>
      <Descriptions>
        <Description description="This is the common solution for AvSec Inspection and TDG Inspection." languagecode="1033" />
      </Descriptions>
      <EMailAddress xsi:nil="true"></EMailAddress>
      <SupportingWebsiteUrl xsi:nil="true"></SupportingWebsiteUrl>
      <CustomizationPrefix>ovs</CustomizationPrefix>
      <CustomizationOptionValuePrefix>91864</CustomizationOptionValuePrefix>
      <Addresses>
        <Address>
          <AddressNumber>1</AddressNumber>
          <AddressTypeCode>1</AddressTypeCode>
          <City xsi:nil="true"></City>
          <County xsi:nil="true"></County>
          <Country xsi:nil="true"></Country>
          <Fax xsi:nil="true"></Fax>
          <FreightTermsCode xsi:nil="true"></FreightTermsCode>
          <ImportSequenceNumber xsi:nil="true"></ImportSequenceNumber>
          <Latitude xsi:nil="true"></Latitude>
          <Line1 xsi:nil="true"></Line1>
          <Line2 xsi:nil="true"></Line2>
          <Line3 xsi:nil="true"></Line3>
          <Longitude xsi:nil="true"></Longitude>
          <Name xsi:nil="true"></Name>
          <PostalCode xsi:nil="true"></PostalCode>
          <PostOfficeBox xsi:nil="true"></PostOfficeBox>
          <PrimaryContactName xsi:nil="true"></PrimaryContactName>
          <ShippingMethodCode>1</ShippingMethodCode>
          <StateOrProvince xsi:nil="true"></StateOrProvince>
          <Telephone1 xsi:nil="true"></Telephone1>
          <Telephone2 xsi:nil="true"></Telephone2>
          <Telephone3 xsi:nil="true"></Telephone3>
          <TimeZoneRuleVersionNumber xsi:nil="true"></TimeZoneRuleVersionNumber>
          <UPSZone xsi:nil="true"></UPSZone>
          <UTCOffset xsi:nil="true"></UTCOffset>
          <UTCConversionTimeZoneCode xsi:nil="true"></UTCConversionTimeZoneCode>
        </Address>
        <Address>
          <AddressNumber>2</AddressNumber>
          <AddressTypeCode>1</AddressTypeCode>
          <City xsi:nil="true"></City>
          <County xsi:nil="true"></County>
          <Country xsi:nil="true"></Country>
          <Fax xsi:nil="true"></Fax>
          <FreightTermsCode xsi:nil="true"></FreightTermsCode>
          <ImportSequenceNumber xsi:nil="true"></ImportSequenceNumber>
          <Latitude xsi:nil="true"></Latitude>
          <Line1 xsi:nil="true"></Line1>
          <Line2 xsi:nil="true"></Line2>
          <Line3 xsi:nil="true"></Line3>
          <Longitude xsi:nil="true"></Longitude>
          <Name xsi:nil="true"></Name>
          <PostalCode xsi:nil="true"></PostalCode>
          <PostOfficeBox xsi:nil="true"></PostOfficeBox>
          <PrimaryContactName xsi:nil="true"></PrimaryContactName>
          <ShippingMethodCode>1</ShippingMethodCode>
          <StateOrProvince xsi:nil="true"></StateOrProvince>
          <Telephone1 xsi:nil="true"></Telephone1>
          <Telephone2 xsi:nil="true"></Telephone2>
          <Telephone3 xsi:nil="true"></Telephone3>
          <TimeZoneRuleVersionNumber xsi:nil="true"></TimeZoneRuleVersionNumber>
          <UPSZone xsi:nil="true"></UPSZone>
          <UTCOffset xsi:nil="true"></UTCOffset>
          <UTCConversionTimeZoneCode xsi:nil="true"></UTCConversionTimeZoneCode>
        </Address>
      </Addresses>
    </Publisher>
    <RootComponents>
      <RootComponent type="29" id="{235f485f-27f4-4272-a273-b972f3c7f559}" behavior="0" />
      <RootComponent type="29" id="{4d1256ca-a0e7-472a-8c25-d6c3c48d01c6}" behavior="0" />
      <RootComponent type="29" id="{7dc7177a-ea79-4204-b169-a5769a91564b}" behavior="0" />
      <RootComponent type="29" id="{93ffcd38-b85e-43af-9a15-97335d939b91}" behavior="0" />
      <RootComponent type="29" id="{a62fbba1-c39a-ee11-be37-000d3af35f84}" behavior="0" />
      <RootComponent type="29" id="{af892d60-3ad8-4eb8-9f86-b4aba1dac460}" behavior="0" />
      <RootComponent type="29" id="{b10a159d-b6ea-ee11-a203-002248adb34a}" behavior="0" />
      <RootComponent type="29" id="{bc9de0f7-d6f8-4657-a671-b472f8ff017d}" behavior="0" />
      <RootComponent type="29" id="{e0ca6226-828e-ec11-8d20-0022483bb0e4}" behavior="0" />
      <RootComponent type="91" id="{9a847216-3b96-475d-a229-43dc08c156b3}" schemaName="TC.PowerApps.CustomActions, Version=1.0.0.1, Culture=neutral, PublicKeyToken=6aecae9f68df76db" behavior="0" />
      <RootComponent type="92" id="{0ab6f06c-ecf6-ec11-82e5-000d3a848097}" behavior="0" />
      <RootComponent type="92" id="{1df45bca-129f-ec11-b3fe-000d3a842be7}" behavior="0" />
      <RootComponent type="92" id="{304f5ee7-06a2-eb11-b1ac-000d3ae8b93a}" behavior="0" />
      <RootComponent type="92" id="{617f55ee-dba2-eb11-b1ac-000d3ae8b93a}" behavior="0" />
      <RootComponent type="92" id="{8746b7b1-bbea-ee11-a203-000d3ae9455d}" behavior="0" />
      <RootComponent type="92" id="{a1d9f04d-d5b5-eb11-8236-0022483bc30f}" behavior="0" />
      <RootComponent type="92" id="{e7463380-8ebc-ee11-9078-002248b0ab18}" behavior="0" />
      <RootComponent type="92" id="{f28ec69b-fc4b-ec11-8f8e-000d3ae8eddc}" behavior="0" />
      <RootComponent type="92" id="{f6c0dbe8-828e-ec11-8d20-0022483bb0e4}" behavior="0" />
    </RootComponents>
    <MissingDependencies>
      <MissingDependency>
        <Required type="1" schemaName="ovs_cdregionalnop" displayName="Regional NOP" solution="Active" />
        <Dependent type="29" displayName="Fill Regional Capacity" id="{235f485f-27f4-4272-a273-b972f3c7f559}" />
      </MissingDependency>
      <MissingDependency>
        <Required type="1" schemaName="ovs_cdregionalnop" displayName="Regional NOP" solution="Active" />
        <Dependent type="92" displayName="TC.PowerApps.CustomActions.RegionalNOP.FillRegionalCapacity: ovs_FillRegionalCapacity of ovs_cdregionalnop" id="{1df45bca-129f-ec11-b3fe-000d3a842be7}" />
      </MissingDependency>
      <MissingDependency>
        <Required type="2" schemaName="ovs_cdregionalnopid" displayName="Regional NOP" parentSchemaName="ovs_cdregionalnop" parentDisplayName="Regional NOP" solution="Active" />
        <Dependent type="29" displayName="Fill Regional Capacity" id="{235f485f-27f4-4272-a273-b972f3c7f559}" />
      </MissingDependency>
      <MissingDependency>
        <Required type="2" schemaName="ovs_name" displayName="Name" parentSchemaName="ovs_cdregionalnop" parentDisplayName="Regional NOP" solution="Active" />
        <Dependent type="29" displayName="Fill Regional Capacity" id="{235f485f-27f4-4272-a273-b972f3c7f559}" />
      </MissingDependency>
    </MissingDependencies>
  </SolutionManifest>
</ImportExportXml>