<environmentvariabledefinition schemaname="ovs_ErapCategory2PrimaryClass_Lookup">
  <defaultvalue>[{"Primary_Classes":"1","ERAP_CATEGORY":"918640001"},{"Primary_Classes":"1.1","ERAP_CATEGORY":"918640001"},{"Primary_Classes":"1.2","ERAP_CATEGORY":"918640001"},{"Primary_Classes":"1.3","ERAP_CATEGORY":"918640001"},{"Primary_Classes":"1.4","ERAP_CATEGORY":"918640004"},{"Primary_Classes":"1.5","ERAP_CATEGORY":"918640002"},{"Primary_Classes":"1.6","ERAP_CATEGORY":"918640004"},{"Primary_Classes":"2","ERAP_CATEGORY":"918640001"},{"Primary_Classes":"2.1","ERAP_CATEGORY":"918640001"},{"Primary_Classes":"2.2","ERAP_CATEGORY":"918640001"},{"Primary_Classes":"2.3","ERAP_CATEGORY":"918640001"},{"Primary_Classes":"3","ERAP_CATEGORY":"918640002"},{"Primary_Classes":"4","ERAP_CATEGORY":"918640001"},{"Primary_Classes":"4.1","ERAP_CATEGORY":"918640001"},{"Primary_Classes":"4.2","ERAP_CATEGORY":"918640002"},{"Primary_Classes":"4.3","ERAP_CATEGORY":"918640002"},{"Primary_Classes":"5","ERAP_CATEGORY":"918640001"},{"Primary_Classes":"5.1","ERAP_CATEGORY":"918640001"},{"Primary_Classes":"5.2","ERAP_CATEGORY":"918640001"},{"Primary_Classes":"6","ERAP_CATEGORY":"918640002"},{"Primary_Classes":"6.1","ERAP_CATEGORY":"918640002"},{"Primary_Classes":"6.2","ERAP_CATEGORY":"918640004"},{"Primary_Classes":"7","ERAP_CATEGORY":"918640000"},{"Primary_Classes":"8","ERAP_CATEGORY":"918640002"},{"Primary_Classes":"9","ERAP_CATEGORY":"918640004"},{"Primary_Classes":"Forbidden","ERAP_CATEGORY":"918640000"}]</defaultvalue>
  <description default="Represents Primary Class Lookup and Erap Category correlation">
    <label description="Represents Primary Class Lookup and Erap Category correlation" languagecode="1033" />
  </description>
  <displayname default="ErapCategory2PrimaryClass_Lookup">
    <label description="ErapCategory2PrimaryClass_Lookup" languagecode="1033" />
  </displayname>
  <introducedversion>1.0.0.7</introducedversion>
  <iscustomizable>1</iscustomizable>
  <isrequired>0</isrequired>
  <secretstore>0</secretstore>
  <type>100000003</type>
</environmentvariabledefinition>