<ImportExportXml version="9.2.24072.168" SolutionPackageVersion="9.2" languagecode="1033" generatedBy="CrmLive" xmlns:xsi="http://www.w3.org/2001/XMLSchema-instance">
  <SolutionManifest>
    <UniqueName>TC_GlobalCore_Patch_2ca85759</UniqueName>
    <LocalizedNames>
      <LocalizedName description="TDG Core Schema" languagecode="1033" />
    </LocalizedNames>
    <Descriptions>
      <Description description="Patch for TDG Core Schema" languagecode="1033" />
    </Descriptions>
    <ParentUniqueName>TC_GlobalCore</ParentUniqueName>
    <Version>1.165.8.0</Version>
    <Managed>0</Managed>
    <Publisher>
      <UniqueName>oversightpublisher</UniqueName>
      <LocalizedNames>
        <LocalizedName description="Oversight" languagecode="1033" />
      </LocalizedNames>
      <Descriptions>
        <Description description="This is the common solution for AvSec Inspection and TDG Inspection." languagecode="1033" />
      </Descriptions>
      <EMailAddress xsi:nil="true"></EMailAddress>
      <SupportingWebsiteUrl xsi:nil="true"></SupportingWebsiteUrl>
      <CustomizationPrefix>ovs</CustomizationPrefix>
      <CustomizationOptionValuePrefix>91864</CustomizationOptionValuePrefix>
      <Addresses>
        <Address>
          <AddressNumber>1</AddressNumber>
          <AddressTypeCode>1</AddressTypeCode>
          <City xsi:nil="true"></City>
          <County xsi:nil="true"></County>
          <Country xsi:nil="true"></Country>
          <Fax xsi:nil="true"></Fax>
          <FreightTermsCode xsi:nil="true"></FreightTermsCode>
          <ImportSequenceNumber xsi:nil="true"></ImportSequenceNumber>
          <Latitude xsi:nil="true"></Latitude>
          <Line1 xsi:nil="true"></Line1>
          <Line2 xsi:nil="true"></Line2>
          <Line3 xsi:nil="true"></Line3>
          <Longitude xsi:nil="true"></Longitude>
          <Name xsi:nil="true"></Name>
          <PostalCode xsi:nil="true"></PostalCode>
          <PostOfficeBox xsi:nil="true"></PostOfficeBox>
          <PrimaryContactName xsi:nil="true"></PrimaryContactName>
          <ShippingMethodCode>1</ShippingMethodCode>
          <StateOrProvince xsi:nil="true"></StateOrProvince>
          <Telephone1 xsi:nil="true"></Telephone1>
          <Telephone2 xsi:nil="true"></Telephone2>
          <Telephone3 xsi:nil="true"></Telephone3>
          <TimeZoneRuleVersionNumber xsi:nil="true"></TimeZoneRuleVersionNumber>
          <UPSZone xsi:nil="true"></UPSZone>
          <UTCOffset xsi:nil="true"></UTCOffset>
          <UTCConversionTimeZoneCode xsi:nil="true"></UTCConversionTimeZoneCode>
        </Address>
        <Address>
          <AddressNumber>2</AddressNumber>
          <AddressTypeCode>1</AddressTypeCode>
          <City xsi:nil="true"></City>
          <County xsi:nil="true"></County>
          <Country xsi:nil="true"></Country>
          <Fax xsi:nil="true"></Fax>
          <FreightTermsCode xsi:nil="true"></FreightTermsCode>
          <ImportSequenceNumber xsi:nil="true"></ImportSequenceNumber>
          <Latitude xsi:nil="true"></Latitude>
          <Line1 xsi:nil="true"></Line1>
          <Line2 xsi:nil="true"></Line2>
          <Line3 xsi:nil="true"></Line3>
          <Longitude xsi:nil="true"></Longitude>
          <Name xsi:nil="true"></Name>
          <PostalCode xsi:nil="true"></PostalCode>
          <PostOfficeBox xsi:nil="true"></PostOfficeBox>
          <PrimaryContactName xsi:nil="true"></PrimaryContactName>
          <ShippingMethodCode>1</ShippingMethodCode>
          <StateOrProvince xsi:nil="true"></StateOrProvince>
          <Telephone1 xsi:nil="true"></Telephone1>
          <Telephone2 xsi:nil="true"></Telephone2>
          <Telephone3 xsi:nil="true"></Telephone3>
          <TimeZoneRuleVersionNumber xsi:nil="true"></TimeZoneRuleVersionNumber>
          <UPSZone xsi:nil="true"></UPSZone>
          <UTCOffset xsi:nil="true"></UTCOffset>
          <UTCConversionTimeZoneCode xsi:nil="true"></UTCConversionTimeZoneCode>
        </Address>
      </Addresses>
    </Publisher>
    <RootComponents>
      <RootComponent type="1" schemaName="ovs_incident" behavior="2" />
      <RootComponent type="61" schemaName="ovs_Incident_MainForm.js" behavior="0" />
    </RootComponents>
    <MissingDependencies>
      <MissingDependency>
        <Required type="1" schemaName="ovs_incident" displayName="Incident" solution="Active" />
        <Dependent type="1" schemaName="ovs_incident" displayName="Incident" />
      </MissingDependency>
      <MissingDependency>
        <Required type="1" schemaName="ovs_incident_injury" displayName="Incident Injury" solution="Active" />
        <Dependent type="60" displayName="Information" parentDisplayName="Incident" id="{a58c2822-51b7-4919-b85c-d94204f76f09}" />
      </MissingDependency>
      <MissingDependency>
        <Required type="1" schemaName="ovs_incident_organization" displayName="Incident Organization" solution="Active" />
        <Dependent type="60" displayName="Information" parentDisplayName="Incident" id="{a58c2822-51b7-4919-b85c-d94204f76f09}" />
      </MissingDependency>
      <MissingDependency>
        <Required type="1" schemaName="ovs_moc" displayName="MOC" solution="Active" />
        <Dependent type="60" displayName="Information" parentDisplayName="Incident" id="{a58c2822-51b7-4919-b85c-d94204f76f09}" />
      </MissingDependency>
      <MissingDependency>
        <Required type="10" schemaName="ovs_incident_site_account" displayName="ovs_incident_site_account" parentSchemaName="account" parentDisplayName="Account" solution="Active" />
        <Dependent type="60" displayName="Information" parentDisplayName="Incident" id="{a58c2822-51b7-4919-b85c-d94204f76f09}" />
      </MissingDependency>
      <MissingDependency>
        <Required type="10" schemaName="ovs_incident_injury" displayName="ovs_incident_injury" parentSchemaName="ovs_incident" parentDisplayName="Incident" solution="Active" />
        <Dependent type="60" displayName="Information" parentDisplayName="Incident" id="{a58c2822-51b7-4919-b85c-d94204f76f09}" />
      </MissingDependency>
      <MissingDependency>
        <Required type="10" schemaName="ovs_moc_incident" displayName="ovs_moc_incident" parentSchemaName="ovs_incident" parentDisplayName="Incident" solution="Active" />
        <Dependent type="60" displayName="Information" parentDisplayName="Incident" id="{a58c2822-51b7-4919-b85c-d94204f76f09}" />
      </MissingDependency>
      <MissingDependency>
        <Required type="10" schemaName="ovs_incident_region_territory" displayName="ovs_incident_region_territory" parentSchemaName="territory" parentDisplayName="Region" solution="Active" />
        <Dependent type="60" displayName="Information" parentDisplayName="Incident" id="{a58c2822-51b7-4919-b85c-d94204f76f09}" />
      </MissingDependency>
      <MissingDependency>
        <Required type="2" schemaName="createdon" displayName="Created On" parentSchemaName="ovs_incident" parentDisplayName="Incident" solution="Active" />
        <Dependent type="60" displayName="Information" parentDisplayName="Incident" id="{a58c2822-51b7-4919-b85c-d94204f76f09}" />
      </MissingDependency>
      <MissingDependency>
        <Required type="2" schemaName="ovs_address_type_cd" displayName="Input Address Type" parentSchemaName="ovs_incident" parentDisplayName="Incident" solution="Active" />
        <Dependent type="60" displayName="Information" parentDisplayName="Incident" id="{a58c2822-51b7-4919-b85c-d94204f76f09}" />
      </MissingDependency>
      <MissingDependency>
        <Required type="2" schemaName="ovs_canutec_reference_number_txt" displayName="Canutec Reference Number" parentSchemaName="ovs_incident" parentDisplayName="Incident" solution="Active" />
        <Dependent type="60" displayName="Information" parentDisplayName="Incident" id="{a58c2822-51b7-4919-b85c-d94204f76f09}" />
      </MissingDependency>
      <MissingDependency>
        <Required type="2" schemaName="ovs_causes_cds" displayName="Causes" parentSchemaName="ovs_incident" parentDisplayName="Incident" solution="Active" />
        <Dependent type="60" displayName="Information" parentDisplayName="Incident" id="{a58c2822-51b7-4919-b85c-d94204f76f09}" />
      </MissingDependency>
      <MissingDependency>
        <Required type="2" schemaName="ovs_city_txt" displayName="City" parentSchemaName="ovs_incident" parentDisplayName="Incident" solution="Active" />
        <Dependent type="60" displayName="Information" parentDisplayName="Incident" id="{a58c2822-51b7-4919-b85c-d94204f76f09}" />
      </MissingDependency>
      <MissingDependency>
        <Required type="2" schemaName="ovs_closure_cd" displayName="Closure" parentSchemaName="ovs_incident" parentDisplayName="Incident" solution="Active" />
        <Dependent type="60" displayName="Information" parentDisplayName="Incident" id="{a58c2822-51b7-4919-b85c-d94204f76f09}" />
      </MissingDependency>
      <MissingDependency>
        <Required type="2" schemaName="ovs_closure_type_cd" displayName="Closure Type" parentSchemaName="ovs_incident" parentDisplayName="Incident" solution="Active" />
        <Dependent type="60" displayName="Information" parentDisplayName="Incident" id="{a58c2822-51b7-4919-b85c-d94204f76f09}" />
      </MissingDependency>
      <MissingDependency>
        <Required type="2" schemaName="ovs_closure_type_other_txt" displayName="Other Closure Type" parentSchemaName="ovs_incident" parentDisplayName="Incident" solution="Active" />
        <Dependent type="60" displayName="Information" parentDisplayName="Incident" id="{a58c2822-51b7-4919-b85c-d94204f76f09}" />
      </MissingDependency>
      <MissingDependency>
        <Required type="2" schemaName="ovs_contributing_factor_other_txt" displayName="Other Contributing Factor" parentSchemaName="ovs_incident" parentDisplayName="Incident" solution="Active" />
        <Dependent type="60" displayName="Information" parentDisplayName="Incident" id="{a58c2822-51b7-4919-b85c-d94204f76f09}" />
      </MissingDependency>
      <MissingDependency>
        <Required type="2" schemaName="ovs_contributing_factors_cds" displayName="Contributing Factors" parentSchemaName="ovs_incident" parentDisplayName="Incident" solution="Active" />
        <Dependent type="60" displayName="Information" parentDisplayName="Incident" id="{a58c2822-51b7-4919-b85c-d94204f76f09}" />
      </MissingDependency>
      <MissingDependency>
        <Required type="2" schemaName="ovs_cost_of_damages_num" displayName="Cost of Damages" parentSchemaName="ovs_incident" parentDisplayName="Incident" solution="Active" />
        <Dependent type="60" displayName="Information" parentDisplayName="Incident" id="{a58c2822-51b7-4919-b85c-d94204f76f09}" />
      </MissingDependency>
      <MissingDependency>
        <Required type="2" schemaName="ovs_cost_of_dangerous_goods_num" displayName="Cost of Dangerous Goods" parentSchemaName="ovs_incident" parentDisplayName="Incident" solution="Active" />
        <Dependent type="60" displayName="Information" parentDisplayName="Incident" id="{a58c2822-51b7-4919-b85c-d94204f76f09}" />
      </MissingDependency>
      <MissingDependency>
        <Required type="2" schemaName="ovs_cost_of_remediation_num" displayName="Cost of Remediation" parentSchemaName="ovs_incident" parentDisplayName="Incident" solution="Active" />
        <Dependent type="60" displayName="Information" parentDisplayName="Incident" id="{a58c2822-51b7-4919-b85c-d94204f76f09}" />
      </MissingDependency>
      <MissingDependency>
        <Required type="2" schemaName="ovs_country_txt" displayName="Country" parentSchemaName="ovs_incident" parentDisplayName="Incident" solution="Active" />
        <Dependent type="60" displayName="Information" parentDisplayName="Incident" id="{a58c2822-51b7-4919-b85c-d94204f76f09}" />
      </MissingDependency>
      <MissingDependency>
        <Required type="2" schemaName="ovs_dangerous_goods_cleanup_cost_num" displayName="Dangerous Goods Cleanup Cost" parentSchemaName="ovs_incident" parentDisplayName="Incident" solution="Active" />
        <Dependent type="60" displayName="Information" parentDisplayName="Incident" id="{a58c2822-51b7-4919-b85c-d94204f76f09}" />
      </MissingDependency>
      <MissingDependency>
        <Required type="2" schemaName="ovs_date_30day_requested_dte" displayName="30-Day Requested" parentSchemaName="ovs_incident" parentDisplayName="Incident" solution="Active" />
        <Dependent type="60" displayName="Information" parentDisplayName="Incident" id="{a58c2822-51b7-4919-b85c-d94204f76f09}" />
      </MissingDependency>
      <MissingDependency>
        <Required type="2" schemaName="ovs_date_canutec_dte" displayName="Canutec" parentSchemaName="ovs_incident" parentDisplayName="Incident" solution="Active" />
        <Dependent type="60" displayName="Information" parentDisplayName="Incident" id="{a58c2822-51b7-4919-b85c-d94204f76f09}" />
      </MissingDependency>
      <MissingDependency>
        <Required type="2" schemaName="ovs_date_declared_completion_dte" displayName="Declared Completion (Legacy)" parentSchemaName="ovs_incident" parentDisplayName="Incident" solution="Active" />
        <Dependent type="60" displayName="Information" parentDisplayName="Incident" id="{a58c2822-51b7-4919-b85c-d94204f76f09}" />
      </MissingDependency>
      <MissingDependency>
        <Required type="2" schemaName="ovs_date_received_dte" displayName="Received" parentSchemaName="ovs_incident" parentDisplayName="Incident" solution="Active" />
        <Dependent type="60" displayName="Information" parentDisplayName="Incident" id="{a58c2822-51b7-4919-b85c-d94204f76f09}" />
      </MissingDependency>
      <MissingDependency>
        <Required type="2" schemaName="ovs_days_2report_num" displayName="Days to Report" parentSchemaName="ovs_incident" parentDisplayName="Incident" solution="Active" />
        <Dependent type="60" displayName="Information" parentDisplayName="Incident" id="{a58c2822-51b7-4919-b85c-d94204f76f09}" />
      </MissingDependency>
      <MissingDependency>
        <Required type="2" schemaName="ovs_destination_txt" displayName="Destination" parentSchemaName="ovs_incident" parentDisplayName="Incident" solution="Active" />
        <Dependent type="60" displayName="Information" parentDisplayName="Incident" id="{a58c2822-51b7-4919-b85c-d94204f76f09}" />
      </MissingDependency>
      <MissingDependency>
        <Required type="2" schemaName="ovs_duration_num" displayName="Duration" parentSchemaName="ovs_incident" parentDisplayName="Incident" solution="Active" />
        <Dependent type="60" displayName="Information" parentDisplayName="Incident" id="{a58c2822-51b7-4919-b85c-d94204f76f09}" />
      </MissingDependency>
      <MissingDependency>
        <Required type="2" schemaName="ovs_emergency_response_personnel_cds" displayName="Emergency Response Personnel" parentSchemaName="ovs_incident" parentDisplayName="Incident" solution="Active" />
        <Dependent type="60" displayName="Information" parentDisplayName="Incident" id="{a58c2822-51b7-4919-b85c-d94204f76f09}" />
      </MissingDependency>
      <MissingDependency>
        <Required type="2" schemaName="ovs_estimated_temperature_num" displayName="Estimated Temperature(Celcius)" parentSchemaName="ovs_incident" parentDisplayName="Incident" solution="Active" />
        <Dependent type="60" displayName="Information" parentDisplayName="Incident" id="{a58c2822-51b7-4919-b85c-d94204f76f09}" />
      </MissingDependency>
      <MissingDependency>
        <Required type="2" schemaName="ovs_evacuation_count_num" displayName="Evacuation Count" parentSchemaName="ovs_incident" parentDisplayName="Incident" solution="Active" />
        <Dependent type="60" displayName="Information" parentDisplayName="Incident" id="{a58c2822-51b7-4919-b85c-d94204f76f09}" />
      </MissingDependency>
      <MissingDependency>
        <Required type="2" schemaName="ovs_evacuation_profile_cds" displayName="Evacuation Profile" parentSchemaName="ovs_incident" parentDisplayName="Incident" solution="Active" />
        <Dependent type="60" displayName="Information" parentDisplayName="Incident" id="{a58c2822-51b7-4919-b85c-d94204f76f09}" />
      </MissingDependency>
      <MissingDependency>
        <Required type="2" schemaName="ovs_event_cleanup_costs_num" displayName="Event Cleanup Costs" parentSchemaName="ovs_incident" parentDisplayName="Incident" solution="Active" />
        <Dependent type="60" displayName="Information" parentDisplayName="Incident" id="{a58c2822-51b7-4919-b85c-d94204f76f09}" />
      </MissingDependency>
      <MissingDependency>
        <Required type="2" schemaName="ovs_facility_type_cd" displayName="Facility Type" parentSchemaName="ovs_incident" parentDisplayName="Incident" solution="Active" />
        <Dependent type="60" displayName="Information" parentDisplayName="Incident" id="{a58c2822-51b7-4919-b85c-d94204f76f09}" />
      </MissingDependency>
      <MissingDependency>
        <Required type="2" schemaName="ovs_geographic_area_cd" displayName="Geographic Area" parentSchemaName="ovs_incident" parentDisplayName="Incident" solution="Active" />
        <Dependent type="60" displayName="Information" parentDisplayName="Incident" id="{a58c2822-51b7-4919-b85c-d94204f76f09}" />
      </MissingDependency>
      <MissingDependency>
        <Required type="2" schemaName="ovs_in_transit_ind" displayName="In Transit" parentSchemaName="ovs_incident" parentDisplayName="Incident" solution="Active" />
        <Dependent type="60" displayName="Information" parentDisplayName="Incident" id="{a58c2822-51b7-4919-b85c-d94204f76f09}" />
      </MissingDependency>
      <MissingDependency>
        <Required type="2" schemaName="ovs_incident_severity_cd" displayName="Incident Severity" parentSchemaName="ovs_incident" parentDisplayName="Incident" solution="Active" />
        <Dependent type="60" displayName="Information" parentDisplayName="Incident" id="{a58c2822-51b7-4919-b85c-d94204f76f09}" />
      </MissingDependency>
      <MissingDependency>
        <Required type="2" schemaName="ovs_latitude_num" displayName="Latitude" parentSchemaName="ovs_incident" parentDisplayName="Incident" solution="Active" />
        <Dependent type="60" displayName="Information" parentDisplayName="Incident" id="{a58c2822-51b7-4919-b85c-d94204f76f09}" />
      </MissingDependency>
      <MissingDependency>
        <Required type="2" schemaName="ovs_longitude_num" displayName="Longitude" parentSchemaName="ovs_incident" parentDisplayName="Incident" solution="Active" />
        <Dependent type="60" displayName="Information" parentDisplayName="Incident" id="{a58c2822-51b7-4919-b85c-d94204f76f09}" />
      </MissingDependency>
      <MissingDependency>
        <Required type="2" schemaName="ovs_main_impact_cds" displayName="Main Impact" parentSchemaName="ovs_incident" parentDisplayName="Incident" solution="Active" />
        <Dependent type="60" displayName="Information" parentDisplayName="Incident" id="{a58c2822-51b7-4919-b85c-d94204f76f09}" />
      </MissingDependency>
      <MissingDependency>
        <Required type="2" schemaName="ovs_mileage_txt" displayName="Mileage" parentSchemaName="ovs_incident" parentDisplayName="Incident" solution="Active" />
        <Dependent type="60" displayName="Information" parentDisplayName="Incident" id="{a58c2822-51b7-4919-b85c-d94204f76f09}" />
      </MissingDependency>
      <MissingDependency>
        <Required type="2" schemaName="ovs_moc_capacity_cd" displayName="MOC Capacity" parentSchemaName="ovs_incident" parentDisplayName="Incident" solution="Active" />
        <Dependent type="60" displayName="Information" parentDisplayName="Incident" id="{a58c2822-51b7-4919-b85c-d94204f76f09}" />
      </MissingDependency>
      <MissingDependency>
        <Required type="2" schemaName="ovs_mode_cd" displayName="Mode" parentSchemaName="ovs_incident" parentDisplayName="Incident" solution="Active" />
        <Dependent type="60" displayName="Information" parentDisplayName="Incident" id="{a58c2822-51b7-4919-b85c-d94204f76f09}" />
      </MissingDependency>
      <MissingDependency>
        <Required type="2" schemaName="ovs_name" displayName="Name" parentSchemaName="ovs_incident" parentDisplayName="Incident" solution="Active" />
        <Dependent type="60" displayName="Information" parentDisplayName="Incident" id="{a58c2822-51b7-4919-b85c-d94204f76f09}" />
      </MissingDependency>
      <MissingDependency>
        <Required type="2" schemaName="ovs_origin_txt" displayName="Origin" parentSchemaName="ovs_incident" parentDisplayName="Incident" solution="Active" />
        <Dependent type="60" displayName="Information" parentDisplayName="Incident" id="{a58c2822-51b7-4919-b85c-d94204f76f09}" />
      </MissingDependency>
      <MissingDependency>
        <Required type="2" schemaName="ovs_other_costs_num" displayName="Other Costs" parentSchemaName="ovs_incident" parentDisplayName="Incident" solution="Active" />
        <Dependent type="60" displayName="Information" parentDisplayName="Incident" id="{a58c2822-51b7-4919-b85c-d94204f76f09}" />
      </MissingDependency>
      <MissingDependency>
        <Required type="2" schemaName="ovs_other_emergency_response_personnel_txt" displayName="Other Emergency Response Personnel" parentSchemaName="ovs_incident" parentDisplayName="Incident" solution="Active" />
        <Dependent type="60" displayName="Information" parentDisplayName="Incident" id="{a58c2822-51b7-4919-b85c-d94204f76f09}" />
      </MissingDependency>
      <MissingDependency>
        <Required type="2" schemaName="ovs_other_physical_impact_txt" displayName="Other Physical Impact" parentSchemaName="ovs_incident" parentDisplayName="Incident" solution="Active" />
        <Dependent type="60" displayName="Information" parentDisplayName="Incident" id="{a58c2822-51b7-4919-b85c-d94204f76f09}" />
      </MissingDependency>
      <MissingDependency>
        <Required type="2" schemaName="ovs_other_source_txt" displayName="Other Source" parentSchemaName="ovs_incident" parentDisplayName="Incident" solution="Active" />
        <Dependent type="60" displayName="Information" parentDisplayName="Incident" id="{a58c2822-51b7-4919-b85c-d94204f76f09}" />
      </MissingDependency>
      <MissingDependency>
        <Required type="2" schemaName="ovs_phase_cd" displayName="Phase" parentSchemaName="ovs_incident" parentDisplayName="Incident" solution="Active" />
        <Dependent type="60" displayName="Information" parentDisplayName="Incident" id="{a58c2822-51b7-4919-b85c-d94204f76f09}" />
      </MissingDependency>
      <MissingDependency>
        <Required type="2" schemaName="ovs_physical_impact_cds" displayName="Physical Impact" parentSchemaName="ovs_incident" parentDisplayName="Incident" solution="Active" />
        <Dependent type="60" displayName="Information" parentDisplayName="Incident" id="{a58c2822-51b7-4919-b85c-d94204f76f09}" />
      </MissingDependency>
      <MissingDependency>
        <Required type="2" schemaName="ovs_physical_impact_flag_ind" displayName="Physical Impact Flag" parentSchemaName="ovs_incident" parentDisplayName="Incident" solution="Active" />
        <Dependent type="60" displayName="Information" parentDisplayName="Incident" id="{a58c2822-51b7-4919-b85c-d94204f76f09}" />
      </MissingDependency>
      <MissingDependency>
        <Required type="2" schemaName="ovs_quarter_lsd_cd" displayName="Quarter / LSD" parentSchemaName="ovs_incident" parentDisplayName="Incident" solution="Active" />
        <Dependent type="60" displayName="Information" parentDisplayName="Incident" id="{a58c2822-51b7-4919-b85c-d94204f76f09}" />
      </MissingDependency>
      <MissingDependency>
        <Required type="2" schemaName="ovs_range_cd" displayName="Range" parentSchemaName="ovs_incident" parentDisplayName="Incident" solution="Active" />
        <Dependent type="60" displayName="Information" parentDisplayName="Incident" id="{a58c2822-51b7-4919-b85c-d94204f76f09}" />
      </MissingDependency>
      <MissingDependency>
        <Required type="2" schemaName="ovs_region_id" displayName="Region" parentSchemaName="ovs_incident" parentDisplayName="Incident" solution="Active" />
        <Dependent type="60" displayName="Information" parentDisplayName="Incident" id="{a58c2822-51b7-4919-b85c-d94204f76f09}" />
      </MissingDependency>
      <MissingDependency>
        <Required type="2" schemaName="ovs_release_type_cd" displayName="Release Type" parentSchemaName="ovs_incident" parentDisplayName="Incident" solution="Active" />
        <Dependent type="60" displayName="Information" parentDisplayName="Incident" id="{a58c2822-51b7-4919-b85c-d94204f76f09}" />
      </MissingDependency>
      <MissingDependency>
        <Required type="2" schemaName="ovs_release_type_other_txt" displayName="Release Type Other" parentSchemaName="ovs_incident" parentDisplayName="Incident" solution="Active" />
        <Dependent type="60" displayName="Information" parentDisplayName="Incident" id="{a58c2822-51b7-4919-b85c-d94204f76f09}" />
      </MissingDependency>
      <MissingDependency>
        <Required type="2" schemaName="ovs_reportable_ind" displayName="Reportable" parentSchemaName="ovs_incident" parentDisplayName="Incident" solution="Active" />
        <Dependent type="60" displayName="Information" parentDisplayName="Incident" id="{a58c2822-51b7-4919-b85c-d94204f76f09}" />
      </MissingDependency>
      <MissingDependency>
        <Required type="2" schemaName="ovs_scope_cd" displayName="Scope" parentSchemaName="ovs_incident" parentDisplayName="Incident" solution="Active" />
        <Dependent type="60" displayName="Information" parentDisplayName="Incident" id="{a58c2822-51b7-4919-b85c-d94204f76f09}" />
      </MissingDependency>
      <MissingDependency>
        <Required type="2" schemaName="ovs_section_cd" displayName="Section" parentSchemaName="ovs_incident" parentDisplayName="Incident" solution="Active" />
        <Dependent type="60" displayName="Information" parentDisplayName="Incident" id="{a58c2822-51b7-4919-b85c-d94204f76f09}" />
      </MissingDependency>
      <MissingDependency>
        <Required type="2" schemaName="ovs_site_id" displayName="Site" parentSchemaName="ovs_incident" parentDisplayName="Incident" solution="Active" />
        <Dependent type="60" displayName="Information" parentDisplayName="Incident" id="{a58c2822-51b7-4919-b85c-d94204f76f09}" />
      </MissingDependency>
      <MissingDependency>
        <Required type="2" schemaName="ovs_source_cds" displayName="Source" parentSchemaName="ovs_incident" parentDisplayName="Incident" solution="Active" />
        <Dependent type="60" displayName="Information" parentDisplayName="Incident" id="{a58c2822-51b7-4919-b85c-d94204f76f09}" />
      </MissingDependency>
      <MissingDependency>
        <Required type="2" schemaName="ovs_state_province_txt" displayName="State/Province​/Territory" parentSchemaName="ovs_incident" parentDisplayName="Incident" solution="Active" />
        <Dependent type="60" displayName="Information" parentDisplayName="Incident" id="{a58c2822-51b7-4919-b85c-d94204f76f09}" />
      </MissingDependency>
      <MissingDependency>
        <Required type="2" schemaName="ovs_street1_txt" displayName="Street 1" parentSchemaName="ovs_incident" parentDisplayName="Incident" solution="Active" />
        <Dependent type="60" displayName="Information" parentDisplayName="Incident" id="{a58c2822-51b7-4919-b85c-d94204f76f09}" />
      </MissingDependency>
      <MissingDependency>
        <Required type="2" schemaName="ovs_street2_txt" displayName="Street 2" parentSchemaName="ovs_incident" parentDisplayName="Incident" solution="Active" />
        <Dependent type="60" displayName="Information" parentDisplayName="Incident" id="{a58c2822-51b7-4919-b85c-d94204f76f09}" />
      </MissingDependency>
      <MissingDependency>
        <Required type="2" schemaName="ovs_street3_txt" displayName="Street 3" parentSchemaName="ovs_incident" parentDisplayName="Incident" solution="Active" />
        <Dependent type="60" displayName="Information" parentDisplayName="Incident" id="{a58c2822-51b7-4919-b85c-d94204f76f09}" />
      </MissingDependency>
      <MissingDependency>
        <Required type="2" schemaName="ovs_subdivision_txt" displayName="Subdivision" parentSchemaName="ovs_incident" parentDisplayName="Incident" solution="Active" />
        <Dependent type="60" displayName="Information" parentDisplayName="Incident" id="{a58c2822-51b7-4919-b85c-d94204f76f09}" />
      </MissingDependency>
      <MissingDependency>
        <Required type="2" schemaName="ovs_summary_txt" displayName="Incident Summary" parentSchemaName="ovs_incident" parentDisplayName="Incident" solution="Active" />
        <Dependent type="60" displayName="Information" parentDisplayName="Incident" id="{a58c2822-51b7-4919-b85c-d94204f76f09}" />
      </MissingDependency>
      <MissingDependency>
        <Required type="2" schemaName="ovs_total_cost_num" displayName="Total Cost" parentSchemaName="ovs_incident" parentDisplayName="Incident" solution="Active" />
        <Dependent type="60" displayName="Information" parentDisplayName="Incident" id="{a58c2822-51b7-4919-b85c-d94204f76f09}" />
      </MissingDependency>
      <MissingDependency>
        <Required type="2" schemaName="ovs_township_cd" displayName="Township" parentSchemaName="ovs_incident" parentDisplayName="Incident" solution="Active" />
        <Dependent type="60" displayName="Information" parentDisplayName="Incident" id="{a58c2822-51b7-4919-b85c-d94204f76f09}" />
      </MissingDependency>
      <MissingDependency>
        <Required type="2" schemaName="ovs_weather_cd" displayName="Weather" parentSchemaName="ovs_incident" parentDisplayName="Incident" solution="Active" />
        <Dependent type="60" displayName="Information" parentDisplayName="Incident" id="{a58c2822-51b7-4919-b85c-d94204f76f09}" />
      </MissingDependency>
      <MissingDependency>
        <Required type="2" schemaName="ovs_zip_postalcode_txt" displayName="ZIP/Postal Code" parentSchemaName="ovs_incident" parentDisplayName="Incident" solution="Active" />
        <Dependent type="60" displayName="Information" parentDisplayName="Incident" id="{a58c2822-51b7-4919-b85c-d94204f76f09}" />
      </MissingDependency>
      <MissingDependency>
        <Required type="2" schemaName="ownerid" displayName="Owner" parentSchemaName="ovs_incident" parentDisplayName="Incident" solution="Active" />
        <Dependent type="60" displayName="Information" parentDisplayName="Incident" id="{a58c2822-51b7-4919-b85c-d94204f76f09}" />
      </MissingDependency>
      <MissingDependency>
        <Required type="20" displayName="Incident Analyst" solution="Active" id="{dcd94023-b82c-ef11-8e50-000d3a0c4626}" />
        <Dependent type="60" displayName="Information" parentDisplayName="Incident" id="{a58c2822-51b7-4919-b85c-d94204f76f09}" />
      </MissingDependency>
      <MissingDependency>
        <Required type="26" schemaName="CID Portal - Validation - Sites" displayName="CID Portal - Validation - Sites" parentSchemaName="account" parentDisplayName="Account" solution="Active" id="{048f4d4f-c892-ec11-b3fe-000d3a0c187c}" />
        <Dependent type="60" displayName="Information" parentDisplayName="Incident" id="{a58c2822-51b7-4919-b85c-d94204f76f09}" />
      </MissingDependency>
      <MissingDependency>
        <Required type="26" schemaName="Incident Active MOCS" displayName="Incident Active MOCS" parentSchemaName="ovs_moc" parentDisplayName="MOC" solution="Active" id="{075f5160-a434-ef11-8e4e-000d3af34b22}" />
        <Dependent type="60" displayName="Information" parentDisplayName="Incident" id="{a58c2822-51b7-4919-b85c-d94204f76f09}" />
      </MissingDependency>
      <MissingDependency>
        <Required type="26" schemaName="Service Account" displayName="Service Account" parentSchemaName="account" parentDisplayName="Account" solution="FieldService (8.8.0.88)" id="{0f928982-20d3-e811-815b-000d3afd1036}">
          <package>FieldService_Anchor (8.8.121.18)</package>
        </Required>
        <Dependent type="60" displayName="Information" parentDisplayName="Incident" id="{a58c2822-51b7-4919-b85c-d94204f76f09}" />
      </MissingDependency>
      <MissingDependency>
        <Required type="26" schemaName="Active Incident Injuries" displayName="Active Incident Injuries" parentSchemaName="ovs_incident_injury" parentDisplayName="Incident Injury" solution="Active" id="{134f9c6f-fd2b-4871-b117-352cb1d697de}" />
        <Dependent type="60" displayName="Information" parentDisplayName="Incident" id="{a58c2822-51b7-4919-b85c-d94204f76f09}" />
      </MissingDependency>
      <MissingDependency>
        <Required type="26" schemaName="CID Portal - In year Company Sites" displayName="CID Portal - In year Company Sites" parentSchemaName="account" parentDisplayName="Account" solution="Active" id="{153aa606-2043-ed11-bba3-0022483d0343}" />
        <Dependent type="60" displayName="Information" parentDisplayName="Incident" id="{a58c2822-51b7-4919-b85c-d94204f76f09}" />
      </MissingDependency>
      <MissingDependency>
        <Required type="26" schemaName="Active MOCS" displayName="Active MOCS" parentSchemaName="ovs_moc" parentDisplayName="MOC" solution="Active" id="{16c7fdca-c2ea-4bf8-af28-49824c5a829d}" />
        <Dependent type="60" displayName="Information" parentDisplayName="Incident" id="{a58c2822-51b7-4919-b85c-d94204f76f09}" />
      </MissingDependency>
      <MissingDependency>
        <Required type="26" schemaName="All Associated Sites" displayName="All Associated Sites" parentSchemaName="account" parentDisplayName="Account" solution="Active" id="{2225cdfb-321f-ee11-9966-0022483d0343}" />
        <Dependent type="60" displayName="Information" parentDisplayName="Incident" id="{a58c2822-51b7-4919-b85c-d94204f76f09}" />
      </MissingDependency>
      <MissingDependency>
        <Required type="26" schemaName="My Region's Inactive Sites" displayName="My Region's Inactive Sites" parentSchemaName="account" parentDisplayName="Account" solution="Active" id="{2253be98-5ad4-eb11-bacc-000d3af38cd4}" />
        <Dependent type="60" displayName="Information" parentDisplayName="Incident" id="{a58c2822-51b7-4919-b85c-d94204f76f09}" />
      </MissingDependency>
      <MissingDependency>
        <Required type="26" schemaName="CID - Parent Organizations (ROM &amp; CID)" displayName="CID - Parent Organizations (ROM &amp; CID)" parentSchemaName="account" parentDisplayName="Account" solution="Active" id="{27025ebd-1817-ed11-b83f-000d3a84cfdd}" />
        <Dependent type="60" displayName="Information" parentDisplayName="Incident" id="{a58c2822-51b7-4919-b85c-d94204f76f09}" />
      </MissingDependency>
      <MissingDependency>
        <Required type="26" schemaName="CID Account Associated View" displayName="CID Account Associated View" parentSchemaName="account" parentDisplayName="Account" solution="Active" id="{28d5ab71-642a-ee11-bdf4-0022483d0c87}" />
        <Dependent type="60" displayName="Information" parentDisplayName="Incident" id="{a58c2822-51b7-4919-b85c-d94204f76f09}" />
      </MissingDependency>
      <MissingDependency>
        <Required type="26" schemaName="CRS Active Accounts" displayName="CRS Active Accounts" parentSchemaName="account" parentDisplayName="Account" solution="Active" id="{37150390-5002-ef11-9f89-002248b0d3d6}" />
        <Dependent type="60" displayName="Information" parentDisplayName="Incident" id="{a58c2822-51b7-4919-b85c-d94204f76f09}" />
      </MissingDependency>
      <MissingDependency>
        <Required type="26" schemaName="CID Portal - Validation - Unclaimed Sites" displayName="CID Portal - Validation - Unclaimed Sites" parentSchemaName="account" parentDisplayName="Account" solution="Active" id="{3fffabcb-74c0-ec11-983e-0022483db9d8}" />
        <Dependent type="60" displayName="Information" parentDisplayName="Incident" id="{a58c2822-51b7-4919-b85c-d94204f76f09}" />
      </MissingDependency>
      <MissingDependency>
        <Required type="26" schemaName="CID Portal - OData - Parent Companies" displayName="CID Portal - OData - Parent Companies" parentSchemaName="account" parentDisplayName="Account" solution="Active" id="{40662d0e-d694-ec11-b3fe-000d3a0c829e}" />
        <Dependent type="60" displayName="Information" parentDisplayName="Incident" id="{a58c2822-51b7-4919-b85c-d94204f76f09}" />
      </MissingDependency>
      <MissingDependency>
        <Required type="26" schemaName="My Active Accounts by Relationship" displayName="My Active Accounts by Relationship" parentSchemaName="account" parentDisplayName="Account" solution="RelationshipAnalytics (9.0.24054.10001)" id="{4bfea08c-9a4d-e611-80fc-0024e84720c6}">
          <package>msdynce_SalesInsightsAnchor (9.0.24054.10009)</package>
        </Required>
        <Dependent type="60" displayName="Information" parentDisplayName="Incident" id="{a58c2822-51b7-4919-b85c-d94204f76f09}" />
      </MissingDependency>
      <MissingDependency>
        <Required type="26" schemaName="Transportation of Dangerous Goods" displayName="Transportation of Dangerous Goods" parentSchemaName="account" parentDisplayName="Account" solution="Active" id="{57962920-5929-eb11-a813-000d3af3a7a7}" />
        <Dependent type="60" displayName="Information" parentDisplayName="Incident" id="{a58c2822-51b7-4919-b85c-d94204f76f09}" />
      </MissingDependency>
      <MissingDependency>
        <Required type="26" schemaName="Accounts I Follow" displayName="Accounts I Follow" parentSchemaName="account" parentDisplayName="Account" solution="Active" id="{61273827-328e-e011-95ae-00155d9cfa02}" />
        <Dependent type="60" displayName="Information" parentDisplayName="Incident" id="{a58c2822-51b7-4919-b85c-d94204f76f09}" />
      </MissingDependency>
      <MissingDependency>
        <Required type="26" schemaName="Accounts Being Followed" displayName="Accounts Being Followed" parentSchemaName="account" parentDisplayName="Account" solution="Active" id="{61273827-328e-e011-95ae-00155d9cfa03}" />
        <Dependent type="60" displayName="Information" parentDisplayName="Incident" id="{a58c2822-51b7-4919-b85c-d94204f76f09}" />
      </MissingDependency>
      <MissingDependency>
        <Required type="26" schemaName="All Sites" displayName="All Sites" parentSchemaName="account" parentDisplayName="Account" solution="Active" id="{631f1f30-1bff-ed11-8f6d-0022483d0343}" />
        <Dependent type="60" displayName="Information" parentDisplayName="Incident" id="{a58c2822-51b7-4919-b85c-d94204f76f09}" />
      </MissingDependency>
      <MissingDependency>
        <Required type="26" schemaName="All Accounts" displayName="All Accounts" parentSchemaName="account" parentDisplayName="Account" solution="msdynce_AppCommon (9.0.4.0066)" id="{65ffaf9a-e8c5-432d-860b-32f841b00d87}">
          <package>msdynce_AppCommonAnchor (9.0.24071.10002)</package>
        </Required>
        <Dependent type="60" displayName="Information" parentDisplayName="Incident" id="{a58c2822-51b7-4919-b85c-d94204f76f09}" />
      </MissingDependency>
      <MissingDependency>
        <Required type="26" schemaName="Incident Injuries grids" displayName="Incident Injuries grids" parentSchemaName="ovs_incident_injury" parentDisplayName="Incident Injury" solution="Active" id="{6d78bc9f-c028-ef11-840b-6045bd614ecd}" />
        <Dependent type="60" displayName="Information" parentDisplayName="Incident" id="{a58c2822-51b7-4919-b85c-d94204f76f09}" />
      </MissingDependency>
      <MissingDependency>
        <Required type="26" schemaName="CID - Not Claim Sites" displayName="CID - Not Claim Sites" parentSchemaName="account" parentDisplayName="Account" solution="Active" id="{6e812d65-8725-ec11-b6e6-0022483cb5cd}" />
        <Dependent type="60" displayName="Information" parentDisplayName="Incident" id="{a58c2822-51b7-4919-b85c-d94204f76f09}" />
      </MissingDependency>
      <MissingDependency>
        <Required type="26" schemaName="Account Lookup View - Organizations" displayName="Account Lookup View - Organizations" parentSchemaName="account" parentDisplayName="Account" solution="Active" id="{71537ab2-06cd-ee11-9079-0022483cceb8}" />
        <Dependent type="60" displayName="Information" parentDisplayName="Incident" id="{a58c2822-51b7-4919-b85c-d94204f76f09}" />
      </MissingDependency>
      <MissingDependency>
        <Required type="26" schemaName="All Organizations" displayName="All Organizations" parentSchemaName="account" parentDisplayName="Account" solution="Active" id="{74bbeebe-f9fe-ed11-8f6d-0022483e130e}" />
        <Dependent type="60" displayName="Information" parentDisplayName="Incident" id="{a58c2822-51b7-4919-b85c-d94204f76f09}" />
      </MissingDependency>
      <MissingDependency>
        <Required type="26" schemaName="Site Lookup View" displayName="Site Lookup View" parentSchemaName="account" parentDisplayName="Account" solution="Active" id="{7b62c6ee-865b-eb11-a812-000d3a84db40}" />
        <Dependent type="60" displayName="Information" parentDisplayName="Incident" id="{a58c2822-51b7-4919-b85c-d94204f76f09}" />
      </MissingDependency>
      <MissingDependency>
        <Required type="26" schemaName="Sites" displayName="Sites" parentSchemaName="account" parentDisplayName="Account" solution="Active" id="{7c363e5f-5bd4-eb11-bacc-000d3af3999c}" />
        <Dependent type="60" displayName="Information" parentDisplayName="Incident" id="{a58c2822-51b7-4919-b85c-d94204f76f09}" />
      </MissingDependency>
      <MissingDependency>
        <Required type="26" schemaName="Excluded Accounts Campaigns" displayName="Excluded Accounts Campaigns" parentSchemaName="account" parentDisplayName="Account" solution="msdynce_MarketingPatch (9.0.1904.1019)" id="{7de498c2-508f-49a4-b2e8-d550d5b1b9ee}">
          <package>msdynce_MarketingAnchor (9.0.24071.10001)</package>
        </Required>
        <Dependent type="60" displayName="Information" parentDisplayName="Incident" id="{a58c2822-51b7-4919-b85c-d94204f76f09}" />
      </MissingDependency>
      <MissingDependency>
        <Required type="26" schemaName="TDG Core Sites" displayName="TDG Core Sites" parentSchemaName="account" parentDisplayName="Account" solution="Active" id="{7fa4b59f-485d-ee11-8df0-0022483d0c87}" />
        <Dependent type="60" displayName="Information" parentDisplayName="Incident" id="{a58c2822-51b7-4919-b85c-d94204f76f09}" />
      </MissingDependency>
      <MissingDependency>
        <Required type="26" schemaName="Parent Lookup View" displayName="Parent Lookup View" parentSchemaName="account" parentDisplayName="Account" solution="Active" id="{80d24aa0-2b6c-ed11-81ac-0022483d0343}" />
        <Dependent type="60" displayName="Information" parentDisplayName="Incident" id="{a58c2822-51b7-4919-b85c-d94204f76f09}" />
      </MissingDependency>
      <MissingDependency>
        <Required type="26" schemaName="Active Child Accounts" displayName="Active Child Accounts" parentSchemaName="account" parentDisplayName="Account" solution="Active" id="{82cc4863-aa98-eb11-b1ac-000d3ae93a4f}" />
        <Dependent type="60" displayName="Information" parentDisplayName="Incident" id="{a58c2822-51b7-4919-b85c-d94204f76f09}" />
      </MissingDependency>
      <MissingDependency>
        <Required type="26" schemaName="CID Portal - Parent Companies" displayName="CID Portal - Parent Companies" parentSchemaName="account" parentDisplayName="Account" solution="Active" id="{84f03662-9e28-ec11-b6e6-0022483cb5cd}" />
        <Dependent type="60" displayName="Information" parentDisplayName="Incident" id="{a58c2822-51b7-4919-b85c-d94204f76f09}" />
      </MissingDependency>
      <MissingDependency>
        <Required type="26" schemaName="Companies" displayName="Companies" parentSchemaName="account" parentDisplayName="Account" solution="Active" id="{8965dc8d-460a-eb11-a813-000d3af3a7a7}" />
        <Dependent type="60" displayName="Information" parentDisplayName="Incident" id="{a58c2822-51b7-4919-b85c-d94204f76f09}" />
      </MissingDependency>
      <MissingDependency>
        <Required type="26" schemaName="Sites With No Operations" displayName="Sites With No Operations" parentSchemaName="account" parentDisplayName="Account" solution="Active" id="{906591f6-654c-ec11-8f8e-000d3ae8e96e}" />
        <Dependent type="60" displayName="Information" parentDisplayName="Incident" id="{a58c2822-51b7-4919-b85c-d94204f76f09}" />
      </MissingDependency>
      <MissingDependency>
        <Required type="26" schemaName="Legal Name" displayName="Legal Name" parentSchemaName="account" parentDisplayName="Account" solution="Active" id="{92f36027-a3e0-ee11-904c-000d3ae9455d}" />
        <Dependent type="60" displayName="Information" parentDisplayName="Incident" id="{a58c2822-51b7-4919-b85c-d94204f76f09}" />
      </MissingDependency>
      <MissingDependency>
        <Required type="26" schemaName="Account Duplicated per Customer request" displayName="Account Duplicated per Customer request" parentSchemaName="account" parentDisplayName="Account" solution="Active" id="{9b760bd0-0437-ee11-bdf4-0022483d0343}" />
        <Dependent type="60" displayName="Information" parentDisplayName="Incident" id="{a58c2822-51b7-4919-b85c-d94204f76f09}" />
      </MissingDependency>
      <MissingDependency>
        <Required type="26" schemaName="CID - Claim Sites" displayName="CID - Claim Sites" parentSchemaName="account" parentDisplayName="Account" solution="Active" id="{a0be1cb3-8525-ec11-b6e6-0022483cb5cd}" />
        <Dependent type="60" displayName="Information" parentDisplayName="Incident" id="{a58c2822-51b7-4919-b85c-d94204f76f09}" />
      </MissingDependency>
      <MissingDependency>
        <Required type="26" schemaName="TDG Core Organizations" displayName="TDG Core Organizations" parentSchemaName="account" parentDisplayName="Account" solution="Active" id="{a5a9b46c-475d-ee11-8df0-0022483e130e}" />
        <Dependent type="60" displayName="Information" parentDisplayName="Incident" id="{a58c2822-51b7-4919-b85c-d94204f76f09}" />
      </MissingDependency>
      <MissingDependency>
        <Required type="26" schemaName="My Region's Active Sites" displayName="My Region's Active Sites" parentSchemaName="account" parentDisplayName="Account" solution="Active" id="{aa2ba086-5ad4-eb11-bacc-000d3af3999c}" />
        <Dependent type="60" displayName="Information" parentDisplayName="Incident" id="{a58c2822-51b7-4919-b85c-d94204f76f09}" />
      </MissingDependency>
      <MissingDependency>
        <Required type="26" schemaName="HOTI / HOTI GOA Sites" displayName="HOTI / HOTI GOA Sites" parentSchemaName="account" parentDisplayName="Account" solution="Active" id="{aba6669f-1cff-ed11-8f6d-0022483d0343}" />
        <Dependent type="60" displayName="Information" parentDisplayName="Incident" id="{a58c2822-51b7-4919-b85c-d94204f76f09}" />
      </MissingDependency>
      <MissingDependency>
        <Required type="26" schemaName="CID Portal - Sites" displayName="CID Portal - Sites" parentSchemaName="account" parentDisplayName="Account" solution="Active" id="{c8db5060-4a4d-ec11-8f8e-000d3ae9a753}" />
        <Dependent type="60" displayName="Information" parentDisplayName="Incident" id="{a58c2822-51b7-4919-b85c-d94204f76f09}" />
      </MissingDependency>
      <MissingDependency>
        <Required type="26" schemaName="Incident Organization Roles" displayName="Incident Organization Roles" parentSchemaName="ovs_incident_organization" parentDisplayName="Incident Organization" solution="Active" id="{d103a530-2828-ef11-840b-6045bd61f005}" />
        <Dependent type="60" displayName="Information" parentDisplayName="Incident" id="{a58c2822-51b7-4919-b85c-d94204f76f09}" />
      </MissingDependency>
      <MissingDependency>
        <Required type="26" schemaName="Selected Accounts Campaigns" displayName="Selected Accounts Campaigns" parentSchemaName="account" parentDisplayName="Account" solution="msdynce_MarketingPatch (9.0.1904.1019)" id="{d15e48f6-e8fe-e811-8165-000d3af92c6e}">
          <package>msdynce_MarketingAnchor (9.0.24071.10001)</package>
        </Required>
        <Dependent type="60" displayName="Information" parentDisplayName="Incident" id="{a58c2822-51b7-4919-b85c-d94204f76f09}" />
      </MissingDependency>
      <MissingDependency>
        <Required type="26" schemaName="CID Portal - Validation - Attested Sites" displayName="CID Portal - Validation - Attested Sites" parentSchemaName="account" parentDisplayName="Account" solution="Active" id="{d540e97a-c892-ec11-b3fe-000d3a0c187c}" />
        <Dependent type="60" displayName="Information" parentDisplayName="Incident" id="{a58c2822-51b7-4919-b85c-d94204f76f09}" />
      </MissingDependency>
      <MissingDependency>
        <Required type="26" schemaName="CID Sites with Unknown CID Flag" displayName="CID Sites with Unknown CID Flag" parentSchemaName="account" parentDisplayName="Account" solution="Active" id="{e2298c2d-12c1-ee11-9078-0022483cceb8}" />
        <Dependent type="60" displayName="Information" parentDisplayName="Incident" id="{a58c2822-51b7-4919-b85c-d94204f76f09}" />
      </MissingDependency>
      <MissingDependency>
        <Required type="26" schemaName="HOTI / HOTI GOA Organizations" displayName="HOTI / HOTI GOA Organizations" parentSchemaName="account" parentDisplayName="Account" solution="Active" id="{e3847669-10ff-ed11-8f6d-0022483d0343}" />
        <Dependent type="60" displayName="Information" parentDisplayName="Incident" id="{a58c2822-51b7-4919-b85c-d94204f76f09}" />
      </MissingDependency>
      <MissingDependency>
        <Required type="26" schemaName="All Child Accounts" displayName="All Child Accounts" parentSchemaName="account" parentDisplayName="Account" solution="Active" id="{e7292e30-4fd2-ee11-904d-0022483cc3b7}" />
        <Dependent type="60" displayName="Information" parentDisplayName="Incident" id="{a58c2822-51b7-4919-b85c-d94204f76f09}" />
      </MissingDependency>
      <MissingDependency>
        <Required type="26" schemaName="Sites" displayName="Sites" parentSchemaName="account" parentDisplayName="Account" solution="Active" id="{e7ba8bd8-440a-eb11-a813-000d3af3a7a7}" />
        <Dependent type="60" displayName="Information" parentDisplayName="Incident" id="{a58c2822-51b7-4919-b85c-d94204f76f09}" />
      </MissingDependency>
      <MissingDependency>
        <Required type="26" schemaName="CID Portal - Portal Created Sites" displayName="CID Portal - Portal Created Sites" parentSchemaName="account" parentDisplayName="Account" solution="Active" id="{efe63e51-3040-ed11-bba2-0022483d0343}" />
        <Dependent type="60" displayName="Information" parentDisplayName="Incident" id="{a58c2822-51b7-4919-b85c-d94204f76f09}" />
      </MissingDependency>
      <MissingDependency>
        <Required type="26" schemaName="Organizations" displayName="Organizations" parentSchemaName="account" parentDisplayName="Account" solution="Active" id="{fdbc939a-2403-eb11-a813-000d3af3ac0d}" />
        <Dependent type="60" displayName="Information" parentDisplayName="Incident" id="{a58c2822-51b7-4919-b85c-d94204f76f09}" />
      </MissingDependency>
      <MissingDependency>
        <Required type="26" schemaName="Site Population Density" displayName="Site Population Density" parentSchemaName="account" parentDisplayName="Account" solution="Active" id="{ff211cb9-117a-ec11-8d20-000d3aff1221}" />
        <Dependent type="60" displayName="Information" parentDisplayName="Incident" id="{a58c2822-51b7-4919-b85c-d94204f76f09}" />
      </MissingDependency>
      <MissingDependency>
        <Required type="60" displayName="Site Address DGAIS" parentDisplayName="Account" solution="Active" id="{0ccb75e7-363d-ef11-a316-002248adc0af}" />
        <Dependent type="60" displayName="Information" parentDisplayName="Incident" id="{a58c2822-51b7-4919-b85c-d94204f76f09}" />
      </MissingDependency>
      <MissingDependency>
        <Required type="61" schemaName="ovs_/CopyAddressButton.html" displayName="ovs_/CopyAddressButton.html" solution="Active" />
        <Dependent type="60" displayName="Information" parentDisplayName="Incident" id="{a58c2822-51b7-4919-b85c-d94204f76f09}" />
      </MissingDependency>
      <MissingDependency>
        <Required type="61" schemaName="qm_globalHelper.js" displayName="qm_globalHelper.js" solution="Active" />
        <Dependent type="60" displayName="Information" parentDisplayName="Incident" id="{a58c2822-51b7-4919-b85c-d94204f76f09}" />
      </MissingDependency>
      <MissingDependency>
        <Required type="66" schemaName="fdn_Canadapost.addressComplete" displayName="fdn_Canadapost.addressComplete" solution="CanadaPostAddressComplete (6.0)" />
        <Dependent type="60" displayName="Information" parentDisplayName="Incident" id="{a58c2822-51b7-4919-b85c-d94204f76f09}" />
      </MissingDependency>
      <MissingDependency>
        <Required type="66" schemaName="MscrmControls.FieldControls.ToggleControl" displayName="MscrmControls.FieldControls.ToggleControl" solution="BaseCustomControlsCore (9.0.2407.2019)" />
        <Dependent type="60" displayName="Information" parentDisplayName="Incident" id="{a58c2822-51b7-4919-b85c-d94204f76f09}" />
      </MissingDependency>
      <MissingDependency>
        <Required type="66" schemaName="MscrmControls.Grid.GridControl" displayName="MscrmControls.Grid.GridControl" solution="BaseCustomControlsCore (9.0.2407.2019)" />
        <Dependent type="60" displayName="Information" parentDisplayName="Incident" id="{a58c2822-51b7-4919-b85c-d94204f76f09}" />
      </MissingDependency>
    </MissingDependencies>
  </SolutionManifest>
</ImportExportXml>