<ImportExportXml version="9.2.24015.154" SolutionPackageVersion="9.2" languagecode="1033" generatedBy="CrmLive" xmlns:xsi="http://www.w3.org/2001/XMLSchema-instance">
  <SolutionManifest>
    <UniqueName>TC_GlobalCore_Patch_27441e6c</UniqueName>
    <LocalizedNames>
      <LocalizedName description="TDG Core Schema" languagecode="1033" />
    </LocalizedNames>
    <Descriptions>
      <Description description="Patch for TDG Core Schema" languagecode="1033" />
    </Descriptions>
    <ParentUniqueName>TC_GlobalCore</ParentUniqueName>
    <Version>1.160.5.0</Version>
    <Managed>0</Managed>
    <Publisher>
      <UniqueName>oversightpublisher</UniqueName>
      <LocalizedNames>
        <LocalizedName description="Oversight" languagecode="1033" />
      </LocalizedNames>
      <Descriptions>
        <Description description="This is the common solution for AvSec Inspection and TDG Inspection." languagecode="1033" />
      </Descriptions>
      <EMailAddress xsi:nil="true"></EMailAddress>
      <SupportingWebsiteUrl xsi:nil="true"></SupportingWebsiteUrl>
      <CustomizationPrefix>ovs</CustomizationPrefix>
      <CustomizationOptionValuePrefix>91864</CustomizationOptionValuePrefix>
      <Addresses>
        <Address>
          <AddressNumber>1</AddressNumber>
          <AddressTypeCode>1</AddressTypeCode>
          <City xsi:nil="true"></City>
          <County xsi:nil="true"></County>
          <Country xsi:nil="true"></Country>
          <Fax xsi:nil="true"></Fax>
          <FreightTermsCode xsi:nil="true"></FreightTermsCode>
          <ImportSequenceNumber xsi:nil="true"></ImportSequenceNumber>
          <Latitude xsi:nil="true"></Latitude>
          <Line1 xsi:nil="true"></Line1>
          <Line2 xsi:nil="true"></Line2>
          <Line3 xsi:nil="true"></Line3>
          <Longitude xsi:nil="true"></Longitude>
          <Name xsi:nil="true"></Name>
          <PostalCode xsi:nil="true"></PostalCode>
          <PostOfficeBox xsi:nil="true"></PostOfficeBox>
          <PrimaryContactName xsi:nil="true"></PrimaryContactName>
          <ShippingMethodCode>1</ShippingMethodCode>
          <StateOrProvince xsi:nil="true"></StateOrProvince>
          <Telephone1 xsi:nil="true"></Telephone1>
          <Telephone2 xsi:nil="true"></Telephone2>
          <Telephone3 xsi:nil="true"></Telephone3>
          <TimeZoneRuleVersionNumber xsi:nil="true"></TimeZoneRuleVersionNumber>
          <UPSZone xsi:nil="true"></UPSZone>
          <UTCOffset xsi:nil="true"></UTCOffset>
          <UTCConversionTimeZoneCode xsi:nil="true"></UTCConversionTimeZoneCode>
        </Address>
        <Address>
          <AddressNumber>2</AddressNumber>
          <AddressTypeCode>1</AddressTypeCode>
          <City xsi:nil="true"></City>
          <County xsi:nil="true"></County>
          <Country xsi:nil="true"></Country>
          <Fax xsi:nil="true"></Fax>
          <FreightTermsCode xsi:nil="true"></FreightTermsCode>
          <ImportSequenceNumber xsi:nil="true"></ImportSequenceNumber>
          <Latitude xsi:nil="true"></Latitude>
          <Line1 xsi:nil="true"></Line1>
          <Line2 xsi:nil="true"></Line2>
          <Line3 xsi:nil="true"></Line3>
          <Longitude xsi:nil="true"></Longitude>
          <Name xsi:nil="true"></Name>
          <PostalCode xsi:nil="true"></PostalCode>
          <PostOfficeBox xsi:nil="true"></PostOfficeBox>
          <PrimaryContactName xsi:nil="true"></PrimaryContactName>
          <ShippingMethodCode>1</ShippingMethodCode>
          <StateOrProvince xsi:nil="true"></StateOrProvince>
          <Telephone1 xsi:nil="true"></Telephone1>
          <Telephone2 xsi:nil="true"></Telephone2>
          <Telephone3 xsi:nil="true"></Telephone3>
          <TimeZoneRuleVersionNumber xsi:nil="true"></TimeZoneRuleVersionNumber>
          <UPSZone xsi:nil="true"></UPSZone>
          <UTCOffset xsi:nil="true"></UTCOffset>
          <UTCConversionTimeZoneCode xsi:nil="true"></UTCConversionTimeZoneCode>
        </Address>
      </Addresses>
    </Publisher>
    <RootComponents>
      <RootComponent type="1" schemaName="account" behavior="1" />
      <RootComponent type="9" schemaName="ovs_projectsource" behavior="0" />
      <RootComponent type="29" id="{071e46f3-9bbf-ee11-9078-0022483cceb8}" behavior="0" />
      <RootComponent type="29" id="{357c1f09-9ebf-ee11-9078-0022483cceb8}" behavior="0" />
      <RootComponent type="29" id="{39f0926e-97bf-ee11-9078-0022483cceb8}" behavior="0" />
      <RootComponent type="29" id="{d2d3eda4-9cbf-ee11-9078-0022483cceb8}" behavior="0" />
    </RootComponents>
    <MissingDependencies>
      <MissingDependency>
        <Required type="10" schemaName="msdyn_account_account_BillingAccount" displayName="msdyn_account_account_BillingAccount" parentSchemaName="account" parentDisplayName="Account" solution="FieldServiceCommon (1.0.0.217)">
          <package>FieldService_Anchor (8.8.106.22)</package>
        </Required>
        <Dependent type="60" displayName="Company" parentDisplayName="Account" id="{444fd031-7381-4a73-a520-2b2fd7ebe013}" />
      </MissingDependency>
      <MissingDependency>
        <Required type="10" schemaName="msdyn_account_account_BillingAccount" displayName="msdyn_account_account_BillingAccount" parentSchemaName="account" parentDisplayName="Account" solution="FieldServiceCommon (1.0.0.217)">
          <package>FieldService_Anchor (8.8.106.22)</package>
        </Required>
        <Dependent type="60" displayName="FDR Organization" parentDisplayName="Account" id="{c7e17dd5-6104-ed11-82e6-000d3a8483f6}" />
      </MissingDependency>
      <MissingDependency>
        <Required type="10" schemaName="msdyn_account_msdyn_agreement_BillingAccount" displayName="msdyn_account_msdyn_agreement_BillingAccount" parentSchemaName="account" parentDisplayName="Account" solution="FieldService (8.8.0.88)">
          <package>FieldService_Anchor (8.8.106.22)</package>
        </Required>
        <Dependent type="60" displayName="Company" parentDisplayName="Account" id="{444fd031-7381-4a73-a520-2b2fd7ebe013}" />
      </MissingDependency>
      <MissingDependency>
        <Required type="10" schemaName="msdyn_account_msdyn_agreement_BillingAccount" displayName="msdyn_account_msdyn_agreement_BillingAccount" parentSchemaName="account" parentDisplayName="Account" solution="FieldService (8.8.0.88)">
          <package>FieldService_Anchor (8.8.106.22)</package>
        </Required>
        <Dependent type="60" displayName="FDR Organization" parentDisplayName="Account" id="{c7e17dd5-6104-ed11-82e6-000d3a8483f6}" />
      </MissingDependency>
      <MissingDependency>
        <Required type="10" schemaName="msdyn_account_msdyn_agreement_ServiceAccount" displayName="msdyn_account_msdyn_agreement_ServiceAccount" parentSchemaName="account" parentDisplayName="Account" solution="FieldService (8.8.0.88)">
          <package>FieldService_Anchor (8.8.106.22)</package>
        </Required>
        <Dependent type="60" displayName="Company" parentDisplayName="Account" id="{444fd031-7381-4a73-a520-2b2fd7ebe013}" />
      </MissingDependency>
      <MissingDependency>
        <Required type="10" schemaName="msdyn_account_msdyn_agreement_ServiceAccount" displayName="msdyn_account_msdyn_agreement_ServiceAccount" parentSchemaName="account" parentDisplayName="Account" solution="FieldService (8.8.0.88)">
          <package>FieldService_Anchor (8.8.106.22)</package>
        </Required>
        <Dependent type="60" displayName="FDR Organization" parentDisplayName="Account" id="{c7e17dd5-6104-ed11-82e6-000d3a8483f6}" />
      </MissingDependency>
      <MissingDependency>
        <Required type="10" schemaName="msdyn_account_msdyn_payment_Account" displayName="msdyn_account_msdyn_payment_Account" parentSchemaName="account" parentDisplayName="Account" solution="FieldService (8.8.0.88)">
          <package>FieldService_Anchor (8.8.106.22)</package>
        </Required>
        <Dependent type="60" displayName="Company" parentDisplayName="Account" id="{444fd031-7381-4a73-a520-2b2fd7ebe013}" />
      </MissingDependency>
      <MissingDependency>
        <Required type="10" schemaName="msdyn_account_msdyn_payment_Account" displayName="msdyn_account_msdyn_payment_Account" parentSchemaName="account" parentDisplayName="Account" solution="FieldService (8.8.0.88)">
          <package>FieldService_Anchor (8.8.106.22)</package>
        </Required>
        <Dependent type="60" displayName="FDR Organization" parentDisplayName="Account" id="{c7e17dd5-6104-ed11-82e6-000d3a8483f6}" />
      </MissingDependency>
      <MissingDependency>
        <Required type="10" schemaName="msdyn_account_msdyn_purchaseorder_Vendor" displayName="msdyn_account_msdyn_purchaseorder_Vendor" parentSchemaName="account" parentDisplayName="Account" solution="FieldServiceCommon (1.0.0.217)">
          <package>FieldService_Anchor (8.8.106.22)</package>
        </Required>
        <Dependent type="60" displayName="Company" parentDisplayName="Account" id="{444fd031-7381-4a73-a520-2b2fd7ebe013}" />
      </MissingDependency>
      <MissingDependency>
        <Required type="10" schemaName="msdyn_account_msdyn_purchaseorder_Vendor" displayName="msdyn_account_msdyn_purchaseorder_Vendor" parentSchemaName="account" parentDisplayName="Account" solution="FieldServiceCommon (1.0.0.217)">
          <package>FieldService_Anchor (8.8.106.22)</package>
        </Required>
        <Dependent type="60" displayName="FDR Organization" parentDisplayName="Account" id="{c7e17dd5-6104-ed11-82e6-000d3a8483f6}" />
      </MissingDependency>
      <MissingDependency>
        <Required type="10" schemaName="msdyn_account_msdyn_rma_BillingAccount" displayName="msdyn_account_msdyn_rma_BillingAccount" parentSchemaName="account" parentDisplayName="Account" solution="FieldService (8.8.0.88)">
          <package>FieldService_Anchor (8.8.106.22)</package>
        </Required>
        <Dependent type="60" displayName="Company" parentDisplayName="Account" id="{444fd031-7381-4a73-a520-2b2fd7ebe013}" />
      </MissingDependency>
      <MissingDependency>
        <Required type="10" schemaName="msdyn_account_msdyn_rma_BillingAccount" displayName="msdyn_account_msdyn_rma_BillingAccount" parentSchemaName="account" parentDisplayName="Account" solution="FieldService (8.8.0.88)">
          <package>FieldService_Anchor (8.8.106.22)</package>
        </Required>
        <Dependent type="60" displayName="FDR Organization" parentDisplayName="Account" id="{c7e17dd5-6104-ed11-82e6-000d3a8483f6}" />
      </MissingDependency>
      <MissingDependency>
        <Required type="10" schemaName="msdyn_account_msdyn_rma_ServiceAccount" displayName="msdyn_account_msdyn_rma_ServiceAccount" parentSchemaName="account" parentDisplayName="Account" solution="FieldService (8.8.0.88)">
          <package>FieldService_Anchor (8.8.106.22)</package>
        </Required>
        <Dependent type="60" displayName="Company" parentDisplayName="Account" id="{444fd031-7381-4a73-a520-2b2fd7ebe013}" />
      </MissingDependency>
      <MissingDependency>
        <Required type="10" schemaName="msdyn_account_msdyn_rma_ServiceAccount" displayName="msdyn_account_msdyn_rma_ServiceAccount" parentSchemaName="account" parentDisplayName="Account" solution="FieldService (8.8.0.88)">
          <package>FieldService_Anchor (8.8.106.22)</package>
        </Required>
        <Dependent type="60" displayName="FDR Organization" parentDisplayName="Account" id="{c7e17dd5-6104-ed11-82e6-000d3a8483f6}" />
      </MissingDependency>
      <MissingDependency>
        <Required type="10" schemaName="msdyn_account_msdyn_rtv_Vendor" displayName="msdyn_account_msdyn_rtv_Vendor" parentSchemaName="account" parentDisplayName="Account" solution="FieldService (8.8.0.88)">
          <package>FieldService_Anchor (8.8.106.22)</package>
        </Required>
        <Dependent type="60" displayName="Company" parentDisplayName="Account" id="{444fd031-7381-4a73-a520-2b2fd7ebe013}" />
      </MissingDependency>
      <MissingDependency>
        <Required type="10" schemaName="msdyn_account_msdyn_rtv_Vendor" displayName="msdyn_account_msdyn_rtv_Vendor" parentSchemaName="account" parentDisplayName="Account" solution="FieldService (8.8.0.88)">
          <package>FieldService_Anchor (8.8.106.22)</package>
        </Required>
        <Dependent type="60" displayName="FDR Organization" parentDisplayName="Account" id="{c7e17dd5-6104-ed11-82e6-000d3a8483f6}" />
      </MissingDependency>
      <MissingDependency>
        <Required type="10" schemaName="msdyn_account_msdyn_workorder_BillingAccount" displayName="msdyn_account_msdyn_workorder_BillingAccount" parentSchemaName="account" parentDisplayName="Account" solution="FieldService (8.8.0.88)">
          <package>FieldService_Anchor (8.8.106.22)</package>
        </Required>
        <Dependent type="60" displayName="Company" parentDisplayName="Account" id="{444fd031-7381-4a73-a520-2b2fd7ebe013}" />
      </MissingDependency>
      <MissingDependency>
        <Required type="10" schemaName="msdyn_account_msdyn_workorder_BillingAccount" displayName="msdyn_account_msdyn_workorder_BillingAccount" parentSchemaName="account" parentDisplayName="Account" solution="FieldService (8.8.0.88)">
          <package>FieldService_Anchor (8.8.106.22)</package>
        </Required>
        <Dependent type="60" displayName="FDR Organization" parentDisplayName="Account" id="{c7e17dd5-6104-ed11-82e6-000d3a8483f6}" />
      </MissingDependency>
      <MissingDependency>
        <Required type="10" schemaName="msdyn_account_msdyn_workorder_ServiceAccount" displayName="msdyn_account_msdyn_workorder_ServiceAccount" parentSchemaName="account" parentDisplayName="Account" solution="FieldService (8.8.0.88)">
          <package>FieldService_Anchor (8.8.106.22)</package>
        </Required>
        <Dependent type="60" displayName="Company" parentDisplayName="Account" id="{444fd031-7381-4a73-a520-2b2fd7ebe013}" />
      </MissingDependency>
      <MissingDependency>
        <Required type="10" schemaName="msdyn_account_msdyn_workorder_ServiceAccount" displayName="msdyn_account_msdyn_workorder_ServiceAccount" parentSchemaName="account" parentDisplayName="Account" solution="FieldService (8.8.0.88)">
          <package>FieldService_Anchor (8.8.106.22)</package>
        </Required>
        <Dependent type="60" displayName="FDR Organization" parentDisplayName="Account" id="{c7e17dd5-6104-ed11-82e6-000d3a8483f6}" />
      </MissingDependency>
      <MissingDependency>
        <Required type="10" schemaName="ovs_account_contact" displayName="ovs_account_contact" parentSchemaName="account" parentDisplayName="Account" solution="Active" />
        <Dependent type="60" displayName="Company" parentDisplayName="Account" id="{444fd031-7381-4a73-a520-2b2fd7ebe013}" />
      </MissingDependency>
      <MissingDependency>
        <Required type="10" schemaName="msdyn_account_msdyn_customerasset_Account" displayName="msdyn_account_msdyn_customerasset_Account" parentSchemaName="msdyn_customerasset" parentDisplayName="Customer Asset" solution="msdyn_AssetCommon (1.0.46.7)">
          <package>FieldService_Anchor (8.8.106.22)</package>
          <package>msdynce_ServiceAnchor (9.0.24014.1004)</package>
        </Required>
        <Dependent type="60" displayName="Company" parentDisplayName="Account" id="{444fd031-7381-4a73-a520-2b2fd7ebe013}" />
      </MissingDependency>
      <MissingDependency>
        <Required type="10" schemaName="msdyn_account_msdyn_customerasset_Account" displayName="msdyn_account_msdyn_customerasset_Account" parentSchemaName="msdyn_customerasset" parentDisplayName="Customer Asset" solution="msdyn_AssetCommon (1.0.46.7)">
          <package>FieldService_Anchor (8.8.106.22)</package>
          <package>msdynce_ServiceAnchor (9.0.24014.1004)</package>
        </Required>
        <Dependent type="60" displayName="FDR Organization" parentDisplayName="Account" id="{c7e17dd5-6104-ed11-82e6-000d3a8483f6}" />
      </MissingDependency>
      <MissingDependency>
        <Required type="2" schemaName="cid_cidcompanystatus" displayName="Organization Status" parentSchemaName="account" parentDisplayName="Account" solution="Active" />
        <Dependent type="60" displayName="Company" parentDisplayName="Account" id="{444fd031-7381-4a73-a520-2b2fd7ebe013}" />
      </MissingDependency>
      <MissingDependency>
        <Required type="2" schemaName="cid_crabusinessnumber" displayName="CRA Business Number" parentSchemaName="account" parentDisplayName="Account" solution="Active" />
        <Dependent type="29" displayName="ROM Org form - CRA BN management" id="{357c1f09-9ebf-ee11-9078-0022483cceb8}" />
      </MissingDependency>
      <MissingDependency>
        <Required type="2" schemaName="cid_crabusinessnumber" displayName="CRA Business Number" parentSchemaName="account" parentDisplayName="Account" solution="Active" />
        <Dependent type="29" displayName="FDR Org form - CRA BN management" id="{39f0926e-97bf-ee11-9078-0022483cceb8}" />
      </MissingDependency>
      <MissingDependency>
        <Required type="2" schemaName="cid_crabusinessnumber" displayName="CRA Business Number" parentSchemaName="account" parentDisplayName="Account" solution="Active" />
        <Dependent type="60" displayName="Company" parentDisplayName="Account" id="{444fd031-7381-4a73-a520-2b2fd7ebe013}" />
      </MissingDependency>
      <MissingDependency>
        <Required type="2" schemaName="cid_crabusinessnumber" displayName="CRA Business Number" parentSchemaName="account" parentDisplayName="Account" solution="Active" />
        <Dependent type="60" displayName="FDR Organization" parentDisplayName="Account" id="{c7e17dd5-6104-ed11-82e6-000d3a8483f6}" />
      </MissingDependency>
      <MissingDependency>
        <Required type="2" schemaName="ovs_legalname" displayName="Legal Name" parentSchemaName="account" parentDisplayName="Account" solution="Active" />
        <Dependent type="60" displayName="Company" parentDisplayName="Account" id="{444fd031-7381-4a73-a520-2b2fd7ebe013}" />
      </MissingDependency>
      <MissingDependency>
        <Required type="2" schemaName="ovs_legalname" displayName="Legal Name" parentSchemaName="account" parentDisplayName="Account" solution="Active" />
        <Dependent type="60" displayName="FDR Organization" parentDisplayName="Account" id="{c7e17dd5-6104-ed11-82e6-000d3a8483f6}" />
      </MissingDependency>
      <MissingDependency>
        <Required type="2" schemaName="ovs_legalnamefr" displayName="Legal Name (French)" parentSchemaName="account" parentDisplayName="Account" solution="Active" />
        <Dependent type="60" displayName="Company" parentDisplayName="Account" id="{444fd031-7381-4a73-a520-2b2fd7ebe013}" />
      </MissingDependency>
      <MissingDependency>
        <Required type="2" schemaName="ovs_legalnamefr" displayName="Legal Name (French)" parentSchemaName="account" parentDisplayName="Account" solution="Active" />
        <Dependent type="60" displayName="FDR Organization" parentDisplayName="Account" id="{c7e17dd5-6104-ed11-82e6-000d3a8483f6}" />
      </MissingDependency>
      <MissingDependency>
        <Required type="2" schemaName="ovs_naicscode" displayName="NAICS Code" parentSchemaName="account" parentDisplayName="Account" solution="Active" />
        <Dependent type="60" displayName="Company" parentDisplayName="Account" id="{444fd031-7381-4a73-a520-2b2fd7ebe013}" />
      </MissingDependency>
      <MissingDependency>
        <Required type="2" schemaName="ovs_naicscode" displayName="NAICS Code" parentSchemaName="account" parentDisplayName="Account" solution="Active" />
        <Dependent type="60" displayName="FDR Organization" parentDisplayName="Account" id="{c7e17dd5-6104-ed11-82e6-000d3a8483f6}" />
      </MissingDependency>
      <MissingDependency>
        <Required type="2" schemaName="ovs_name_fr" displayName="Do not Use - Operating Name (French)" parentSchemaName="account" parentDisplayName="Account" solution="Active" />
        <Dependent type="60" displayName="FDR Organization" parentDisplayName="Account" id="{c7e17dd5-6104-ed11-82e6-000d3a8483f6}" />
      </MissingDependency>
      <MissingDependency>
        <Required type="2" schemaName="ovs_namefr" displayName="Operating Name (French)" parentSchemaName="account" parentDisplayName="Account" solution="Active" />
        <Dependent type="60" displayName="Company" parentDisplayName="Account" id="{444fd031-7381-4a73-a520-2b2fd7ebe013}" />
      </MissingDependency>
      <MissingDependency>
        <Required type="2" schemaName="ovs_namefr" displayName="Operating Name (French)" parentSchemaName="account" parentDisplayName="Account" solution="Active" />
        <Dependent type="60" displayName="FDR Organization" parentDisplayName="Account" id="{c7e17dd5-6104-ed11-82e6-000d3a8483f6}" />
      </MissingDependency>
      <MissingDependency>
        <Required type="2" schemaName="ovs_no_bn_reason" displayName="Business Number Not Applicable Reason" parentSchemaName="account" parentDisplayName="Account" solution="Active" />
        <Dependent type="29" displayName="FDR - no CRA BN other" id="{071e46f3-9bbf-ee11-9078-0022483cceb8}" />
      </MissingDependency>
      <MissingDependency>
        <Required type="2" schemaName="ovs_no_bn_reason" displayName="Business Number Not Applicable Reason" parentSchemaName="account" parentDisplayName="Account" solution="Active" />
        <Dependent type="29" displayName="ROM Org form - CRA BN management" id="{357c1f09-9ebf-ee11-9078-0022483cceb8}" />
      </MissingDependency>
      <MissingDependency>
        <Required type="2" schemaName="ovs_no_bn_reason" displayName="Business Number Not Applicable Reason" parentSchemaName="account" parentDisplayName="Account" solution="Active" />
        <Dependent type="29" displayName="FDR Org form - CRA BN management" id="{39f0926e-97bf-ee11-9078-0022483cceb8}" />
      </MissingDependency>
      <MissingDependency>
        <Required type="2" schemaName="ovs_no_bn_reason" displayName="Business Number Not Applicable Reason" parentSchemaName="account" parentDisplayName="Account" solution="Active" />
        <Dependent type="29" displayName="ROM - no CRA BN other" id="{d2d3eda4-9cbf-ee11-9078-0022483cceb8}" />
      </MissingDependency>
      <MissingDependency>
        <Required type="2" schemaName="ovs_no_bn_reason_othertxt" displayName="No Business Number Reason Other" parentSchemaName="account" parentDisplayName="Account" solution="Active" />
        <Dependent type="29" displayName="FDR - no CRA BN other" id="{071e46f3-9bbf-ee11-9078-0022483cceb8}" />
      </MissingDependency>
      <MissingDependency>
        <Required type="2" schemaName="ovs_no_bn_reason_othertxt" displayName="No Business Number Reason Other" parentSchemaName="account" parentDisplayName="Account" solution="Active" />
        <Dependent type="29" displayName="ROM Org form - CRA BN management" id="{357c1f09-9ebf-ee11-9078-0022483cceb8}" />
      </MissingDependency>
      <MissingDependency>
        <Required type="2" schemaName="ovs_no_bn_reason_othertxt" displayName="No Business Number Reason Other" parentSchemaName="account" parentDisplayName="Account" solution="Active" />
        <Dependent type="29" displayName="FDR Org form - CRA BN management" id="{39f0926e-97bf-ee11-9078-0022483cceb8}" />
      </MissingDependency>
      <MissingDependency>
        <Required type="2" schemaName="ovs_no_bn_reason_othertxt" displayName="No Business Number Reason Other" parentSchemaName="account" parentDisplayName="Account" solution="Active" />
        <Dependent type="29" displayName="ROM - no CRA BN other" id="{d2d3eda4-9cbf-ee11-9078-0022483cceb8}" />
      </MissingDependency>
      <MissingDependency>
        <Required type="2" schemaName="territoryid" displayName="Territory" parentSchemaName="account" parentDisplayName="Account" solution="msdynce_Sales (9.0.4.0076)">
          <package>msdynce_SalesAnchor (9.0.24014.10012)</package>
        </Required>
        <Dependent type="60" displayName="Company" parentDisplayName="Account" id="{444fd031-7381-4a73-a520-2b2fd7ebe013}" />
      </MissingDependency>
      <MissingDependency>
        <Required type="2" schemaName="territoryid" displayName="Territory" parentSchemaName="account" parentDisplayName="Account" solution="msdynce_Sales (9.0.4.0076)">
          <package>msdynce_SalesAnchor (9.0.24014.10012)</package>
        </Required>
        <Dependent type="60" displayName="FDR Organization" parentDisplayName="Account" id="{c7e17dd5-6104-ed11-82e6-000d3a8483f6}" />
      </MissingDependency>
      <MissingDependency>
        <Required type="20" displayName="ES Manager" solution="Active" id="{278a7197-d1c0-ec11-983e-0022483db1c0}" />
        <Dependent type="60" displayName="FDR Organization" parentDisplayName="Account" id="{c7e17dd5-6104-ed11-82e6-000d3a8483f6}" />
      </MissingDependency>
      <MissingDependency>
        <Required type="20" displayName="ES User" solution="Active" id="{51cb2f5b-c7ae-ec11-983e-000d3a84adbc}" />
        <Dependent type="60" displayName="FDR Organization" parentDisplayName="Account" id="{c7e17dd5-6104-ed11-82e6-000d3a8483f6}" />
      </MissingDependency>
      <MissingDependency>
        <Required type="20" displayName="TDG Manager" solution="Active" id="{545418f6-d089-eb11-b1ac-000d3ae92dbf}" />
        <Dependent type="60" displayName="Company" parentDisplayName="Account" id="{444fd031-7381-4a73-a520-2b2fd7ebe013}" />
      </MissingDependency>
      <MissingDependency>
        <Required type="20" displayName="TDG Analyst" solution="Active" id="{6ba72790-cf89-eb11-b1ac-000d3ae92dbf}" />
        <Dependent type="60" displayName="Company" parentDisplayName="Account" id="{444fd031-7381-4a73-a520-2b2fd7ebe013}" />
      </MissingDependency>
      <MissingDependency>
        <Required type="20" displayName="TDG Planner" solution="Active" id="{a8d3ef08-d189-eb11-b1ac-000d3ae92dbf}" />
        <Dependent type="60" displayName="Company" parentDisplayName="Account" id="{444fd031-7381-4a73-a520-2b2fd7ebe013}" />
      </MissingDependency>
      <MissingDependency>
        <Required type="20" displayName="TDG Inspector" solution="Active" id="{de8e34ea-d189-eb11-b1ac-000d3ae92dbf}" />
        <Dependent type="60" displayName="Company" parentDisplayName="Account" id="{444fd031-7381-4a73-a520-2b2fd7ebe013}" />
      </MissingDependency>
      <MissingDependency>
        <Required type="26" schemaName="Active Child Accounts" displayName="Active Child Accounts" parentSchemaName="account" parentDisplayName="Account" solution="Active" id="{82cc4863-aa98-eb11-b1ac-000d3ae93a4f}" />
        <Dependent type="60" displayName="Company" parentDisplayName="Account" id="{444fd031-7381-4a73-a520-2b2fd7ebe013}" />
      </MissingDependency>
      <MissingDependency>
        <Required type="26" schemaName="Active Child Accounts" displayName="Active Child Accounts" parentSchemaName="account" parentDisplayName="Account" solution="Active" id="{82cc4863-aa98-eb11-b1ac-000d3ae93a4f}" />
        <Dependent type="60" displayName="FDR Organization" parentDisplayName="Account" id="{c7e17dd5-6104-ed11-82e6-000d3a8483f6}" />
      </MissingDependency>
      <MissingDependency>
        <Required type="26" schemaName="Territories Lookup View" displayName="Territories Lookup View" parentSchemaName="territory" parentDisplayName="Region" solution="msdynce_AppCommon (9.0.4.0066)" id="{ad81b2ca-9789-4465-8c56-94c10830a6ed}">
          <package>msdynce_AppCommonAnchor (9.0.24014.10002)</package>
        </Required>
        <Dependent type="60" displayName="Company" parentDisplayName="Account" id="{444fd031-7381-4a73-a520-2b2fd7ebe013}" />
      </MissingDependency>
      <MissingDependency>
        <Required type="26" schemaName="Territories Lookup View" displayName="Territories Lookup View" parentSchemaName="territory" parentDisplayName="Region" solution="msdynce_AppCommon (9.0.4.0066)" id="{ad81b2ca-9789-4465-8c56-94c10830a6ed}">
          <package>msdynce_AppCommonAnchor (9.0.24014.10002)</package>
        </Required>
        <Dependent type="60" displayName="FDR Organization" parentDisplayName="Account" id="{c7e17dd5-6104-ed11-82e6-000d3a8483f6}" />
      </MissingDependency>
      <MissingDependency>
        <Required type="26" schemaName="FDR To" displayName="FDR To" parentSchemaName="connection" parentDisplayName="Connection" solution="Active" id="{bf1edd07-888b-ed11-81ac-0022483e130e}" />
        <Dependent type="60" displayName="FDR Organization" parentDisplayName="Account" id="{c7e17dd5-6104-ed11-82e6-000d3a8483f6}" />
      </MissingDependency>
      <MissingDependency>
        <Required type="26" schemaName="Account N:N Contacts" displayName="Account N:N Contacts" parentSchemaName="contact" parentDisplayName="Contact" solution="Active" id="{dc799dc5-4334-ed11-9db1-0022483d0343}" />
        <Dependent type="60" displayName="Company" parentDisplayName="Account" id="{444fd031-7381-4a73-a520-2b2fd7ebe013}" />
      </MissingDependency>
      <MissingDependency>
        <Required type="60" displayName="account contact card" parentDisplayName="Contact" solution="msdynce_AppCommon (9.0.4.0066)" id="{29de27bc-a257-4f29-99cf-bab4a84e688f}">
          <package>msdynce_AppCommonAnchor (9.0.24014.10002)</package>
        </Required>
        <Dependent type="60" displayName="Company" parentDisplayName="Account" id="{444fd031-7381-4a73-a520-2b2fd7ebe013}" />
      </MissingDependency>
      <MissingDependency>
        <Required type="60" displayName="account contact card" parentDisplayName="Contact" solution="msdynce_AppCommon (9.0.4.0066)" id="{29de27bc-a257-4f29-99cf-bab4a84e688f}">
          <package>msdynce_AppCommonAnchor (9.0.24014.10002)</package>
        </Required>
        <Dependent type="60" displayName="FDR Organization" parentDisplayName="Account" id="{c7e17dd5-6104-ed11-82e6-000d3a8483f6}" />
      </MissingDependency>
      <MissingDependency>
        <Required type="61" schemaName="AppCommon/Account/Account_main_system_library.js" displayName="AppCommon/Account/Account_main_system_library.js" solution="msdynce_AppCommon (9.0.4.0066)">
          <package>msdynce_AppCommonAnchor (9.0.24014.10002)</package>
        </Required>
        <Dependent type="60" displayName="FDR Organization" parentDisplayName="Account" id="{c7e17dd5-6104-ed11-82e6-000d3a8483f6}" />
      </MissingDependency>
      <MissingDependency>
        <Required type="61" schemaName="fdr_AccountFDR_main.js" displayName="fdr_AccountFDR_main.js" solution="Active" />
        <Dependent type="60" displayName="FDR Organization" parentDisplayName="Account" id="{c7e17dd5-6104-ed11-82e6-000d3a8483f6}" />
      </MissingDependency>
      <MissingDependency>
        <Required type="61" schemaName="msdyn_/Account/Account.Library.js" displayName="msdyn_/Account/Account.Library.js" solution="FieldService (8.8.0.88)">
          <package>FieldService_Anchor (8.8.106.22)</package>
        </Required>
        <Dependent type="60" displayName="Company" parentDisplayName="Account" id="{444fd031-7381-4a73-a520-2b2fd7ebe013}" />
      </MissingDependency>
      <MissingDependency>
        <Required type="61" schemaName="msdyn_/Account/Account.Library.js" displayName="msdyn_/Account/Account.Library.js" solution="FieldService (8.8.0.88)">
          <package>FieldService_Anchor (8.8.106.22)</package>
        </Required>
        <Dependent type="60" displayName="FDR Organization" parentDisplayName="Account" id="{c7e17dd5-6104-ed11-82e6-000d3a8483f6}" />
      </MissingDependency>
      <MissingDependency>
        <Required type="61" schemaName="msdyn_/Utils/FieldServiceTrial.js" displayName="msdyn_/Utils/FieldServiceTrial.js" solution="FieldService (8.8.0.88)">
          <package>FieldService_Anchor (8.8.106.22)</package>
        </Required>
        <Dependent type="60" displayName="Company" parentDisplayName="Account" id="{444fd031-7381-4a73-a520-2b2fd7ebe013}" />
      </MissingDependency>
      <MissingDependency>
        <Required type="61" schemaName="msdyn_/Utils/FieldServiceTrial.js" displayName="msdyn_/Utils/FieldServiceTrial.js" solution="FieldService (8.8.0.88)">
          <package>FieldService_Anchor (8.8.106.22)</package>
        </Required>
        <Dependent type="60" displayName="FDR Organization" parentDisplayName="Account" id="{c7e17dd5-6104-ed11-82e6-000d3a8483f6}" />
      </MissingDependency>
      <MissingDependency>
        <Required type="61" schemaName="qm_AccountTDG_main.js" displayName="qm_AccountTDG_main.js" solution="Active" />
        <Dependent type="60" displayName="Company" parentDisplayName="Account" id="{444fd031-7381-4a73-a520-2b2fd7ebe013}" />
      </MissingDependency>
      <MissingDependency>
        <Required type="61" schemaName="qm_globalHelper.js" displayName="qm_globalHelper.js" solution="Active" />
        <Dependent type="60" displayName="Company" parentDisplayName="Account" id="{444fd031-7381-4a73-a520-2b2fd7ebe013}" />
      </MissingDependency>
      <MissingDependency>
        <Required type="61" schemaName="qm_globalHelper.js" displayName="qm_globalHelper.js" solution="Active" />
        <Dependent type="60" displayName="FDR Organization" parentDisplayName="Account" id="{c7e17dd5-6104-ed11-82e6-000d3a8483f6}" />
      </MissingDependency>
      <MissingDependency>
        <Required type="61" schemaName="Sales/ClientCommon/Sales_ClientCommon.js" displayName="Sales/ClientCommon/Sales_ClientCommon.js" solution="msdynce_Sales (9.0.4.0076)">
          <package>msdynce_SalesAnchor (9.0.24014.10012)</package>
        </Required>
        <Dependent type="60" displayName="FDR Organization" parentDisplayName="Account" id="{c7e17dd5-6104-ed11-82e6-000d3a8483f6}" />
      </MissingDependency>
      <MissingDependency>
        <Required type="66" schemaName="fdn_Canadapost.addressComplete" displayName="fdn_Canadapost.addressComplete" solution="CanadaPostAddressComplete (6.0)" />
        <Dependent type="60" displayName="FDR Organization" parentDisplayName="Account" id="{c7e17dd5-6104-ed11-82e6-000d3a8483f6}" />
      </MissingDependency>
      <MissingDependency>
        <Required type="66" schemaName="MscrmControls.CardFeedContainer.CardFeedContainer" displayName="MscrmControls.CardFeedContainer.CardFeedContainer" solution="BaseCustomControlsCore (9.0.2401.5016)" />
        <Dependent type="60" displayName="Company" parentDisplayName="Account" id="{444fd031-7381-4a73-a520-2b2fd7ebe013}" />
      </MissingDependency>
      <MissingDependency>
        <Required type="66" schemaName="MscrmControls.CardFeedContainer.CardFeedContainer" displayName="MscrmControls.CardFeedContainer.CardFeedContainer" solution="BaseCustomControlsCore (9.0.2401.5016)" />
        <Dependent type="60" displayName="FDR Organization" parentDisplayName="Account" id="{c7e17dd5-6104-ed11-82e6-000d3a8483f6}" />
      </MissingDependency>
    </MissingDependencies>
  </SolutionManifest>
</ImportExportXml>