<ImportExportXml version="9.2.22101.140" SolutionPackageVersion="9.2" languagecode="1033" generatedBy="CrmLive" xmlns:xsi="http://www.w3.org/2001/XMLSchema-instance">
  <SolutionManifest>
    <UniqueName>TC_GlobalCore_Patch_f30e0596</UniqueName>
    <LocalizedNames>
      <LocalizedName description="TDG Core Schema" languagecode="1033" />
    </LocalizedNames>
    <Descriptions>
      <Description description="Patch for TDG Core Schema" languagecode="1033" />
    </Descriptions>
    <ParentUniqueName>TC_GlobalCore</ParentUniqueName>
    <Version>1.140.3.0</Version>
    <Managed>1</Managed>
    <Publisher>
      <UniqueName>oversightpublisher</UniqueName>
      <LocalizedNames>
        <LocalizedName description="Oversight" languagecode="1033" />
      </LocalizedNames>
      <Descriptions>
        <Description description="This is the common solution for AvSec Inspection and TDG Inspection." languagecode="1033" />
      </Descriptions>
      <EMailAddress xsi:nil="true"></EMailAddress>
      <SupportingWebsiteUrl xsi:nil="true"></SupportingWebsiteUrl>
      <CustomizationPrefix>ovs</CustomizationPrefix>
      <CustomizationOptionValuePrefix>91864</CustomizationOptionValuePrefix>
      <Addresses>
        <Address>
          <AddressNumber>1</AddressNumber>
          <AddressTypeCode>1</AddressTypeCode>
          <City xsi:nil="true"></City>
          <County xsi:nil="true"></County>
          <Country xsi:nil="true"></Country>
          <Fax xsi:nil="true"></Fax>
          <FreightTermsCode xsi:nil="true"></FreightTermsCode>
          <ImportSequenceNumber xsi:nil="true"></ImportSequenceNumber>
          <Latitude xsi:nil="true"></Latitude>
          <Line1 xsi:nil="true"></Line1>
          <Line2 xsi:nil="true"></Line2>
          <Line3 xsi:nil="true"></Line3>
          <Longitude xsi:nil="true"></Longitude>
          <Name xsi:nil="true"></Name>
          <PostalCode xsi:nil="true"></PostalCode>
          <PostOfficeBox xsi:nil="true"></PostOfficeBox>
          <PrimaryContactName xsi:nil="true"></PrimaryContactName>
          <ShippingMethodCode>1</ShippingMethodCode>
          <StateOrProvince xsi:nil="true"></StateOrProvince>
          <Telephone1 xsi:nil="true"></Telephone1>
          <Telephone2 xsi:nil="true"></Telephone2>
          <Telephone3 xsi:nil="true"></Telephone3>
          <TimeZoneRuleVersionNumber xsi:nil="true"></TimeZoneRuleVersionNumber>
          <UPSZone xsi:nil="true"></UPSZone>
          <UTCOffset xsi:nil="true"></UTCOffset>
          <UTCConversionTimeZoneCode xsi:nil="true"></UTCConversionTimeZoneCode>
        </Address>
        <Address>
          <AddressNumber>2</AddressNumber>
          <AddressTypeCode>1</AddressTypeCode>
          <City xsi:nil="true"></City>
          <County xsi:nil="true"></County>
          <Country xsi:nil="true"></Country>
          <Fax xsi:nil="true"></Fax>
          <FreightTermsCode xsi:nil="true"></FreightTermsCode>
          <ImportSequenceNumber xsi:nil="true"></ImportSequenceNumber>
          <Latitude xsi:nil="true"></Latitude>
          <Line1 xsi:nil="true"></Line1>
          <Line2 xsi:nil="true"></Line2>
          <Line3 xsi:nil="true"></Line3>
          <Longitude xsi:nil="true"></Longitude>
          <Name xsi:nil="true"></Name>
          <PostalCode xsi:nil="true"></PostalCode>
          <PostOfficeBox xsi:nil="true"></PostOfficeBox>
          <PrimaryContactName xsi:nil="true"></PrimaryContactName>
          <ShippingMethodCode>1</ShippingMethodCode>
          <StateOrProvince xsi:nil="true"></StateOrProvince>
          <Telephone1 xsi:nil="true"></Telephone1>
          <Telephone2 xsi:nil="true"></Telephone2>
          <Telephone3 xsi:nil="true"></Telephone3>
          <TimeZoneRuleVersionNumber xsi:nil="true"></TimeZoneRuleVersionNumber>
          <UPSZone xsi:nil="true"></UPSZone>
          <UTCOffset xsi:nil="true"></UTCOffset>
          <UTCConversionTimeZoneCode xsi:nil="true"></UTCConversionTimeZoneCode>
        </Address>
      </Addresses>
    </Publisher>
    <RootComponents>
      <RootComponent type="1" schemaName="account" behavior="1" />
      <RootComponent type="1" schemaName="cid_annualcomplianceitem" behavior="1" />
      <RootComponent type="1" schemaName="cid_audithistorylog" behavior="1" />
      <RootComponent type="1" schemaName="task" behavior="1" />
      <RootComponent type="36" id="{1a5efdf6-7e49-ed11-bba2-0022483d0343}" behavior="0" />
    </RootComponents>
    <MissingDependencies>
      <MissingDependency>
        <Required type="1" schemaName="cid_activityreviewlog" displayName="Activity Review Log" solution="Active" />
        <Dependent type="60" displayName="CID Portal - In-Year Site Form" parentDisplayName="Account" id="{4200f627-637b-4d98-8549-cd61d7cb704d}" />
      </MissingDependency>
      <MissingDependency>
        <Required type="1" schemaName="cid_annualcomplianceitem" displayName="Annual Compliance Item" solution="Active" />
        <Dependent type="1" schemaName="cid_annualcomplianceitem" displayName="Annual Compliance Item" />
      </MissingDependency>
      <MissingDependency>
        <Required type="1" schemaName="cid_audithistorylog" displayName="History Log" solution="Active" />
        <Dependent type="1" schemaName="cid_audithistorylog" displayName="History Log" />
      </MissingDependency>
      <MissingDependency>
        <Required type="1" schemaName="cid_companynaicscode" displayName="Company NAICS Code" solution="Active" />
        <Dependent type="60" displayName="CID Portal - Company Form" parentDisplayName="Account" id="{5e57be58-5702-432c-8aaa-fe91edeb212f}" />
      </MissingDependency>
      <MissingDependency>
        <Required type="1" schemaName="ovs_operationclass" displayName="Operation Class" solution="Active" />
        <Dependent type="60" displayName="CID Portal - In-Year Site Form" parentDisplayName="Account" id="{4200f627-637b-4d98-8549-cd61d7cb704d}" />
      </MissingDependency>
      <MissingDependency>
        <Required type="1" schemaName="ovs_operationunnumber" displayName="Operation UN Number" solution="Active" />
        <Dependent type="60" displayName="CID Portal - In-Year Site Form" parentDisplayName="Account" id="{4200f627-637b-4d98-8549-cd61d7cb704d}" />
      </MissingDependency>
      <MissingDependency>
        <Required type="10" schemaName="cid_account_cid_audithistorylog_Company" displayName="cid_account_cid_audithistorylog_Company" parentSchemaName="account" parentDisplayName="Account" solution="Active" />
        <Dependent type="60" displayName="CID Portal - Create History Log Form" parentDisplayName="History Log" id="{034d2122-c6ff-475c-bce6-06ff2b08c71c}" />
      </MissingDependency>
      <MissingDependency>
        <Required type="10" schemaName="cid_account_cid_audithistorylog_Site" displayName="cid_account_cid_audithistorylog_Site" parentSchemaName="account" parentDisplayName="Account" solution="Active" />
        <Dependent type="60" displayName="CID Portal - Create History Log Form" parentDisplayName="History Log" id="{034d2122-c6ff-475c-bce6-06ff2b08c71c}" />
      </MissingDependency>
      <MissingDependency>
        <Required type="10" schemaName="cid_account_cid_audithistorylog_Site" displayName="cid_account_cid_audithistorylog_Site" parentSchemaName="account" parentDisplayName="Account" solution="Active" />
        <Dependent type="60" displayName="CID Portal - In-Year Site Form" parentDisplayName="Account" id="{4200f627-637b-4d98-8549-cd61d7cb704d}" />
      </MissingDependency>
      <MissingDependency>
        <Required type="10" schemaName="cid_account_companynaicscode" displayName="cid_account_companynaicscode" parentSchemaName="account" parentDisplayName="Account" solution="Active" />
        <Dependent type="60" displayName="CID Portal - Company Form" parentDisplayName="Account" id="{5e57be58-5702-432c-8aaa-fe91edeb212f}" />
      </MissingDependency>
      <MissingDependency>
        <Required type="10" schemaName="cid_account_ovs_operationclass_Site" displayName="cid_account_ovs_operationclass_Site" parentSchemaName="account" parentDisplayName="Account" solution="Active" />
        <Dependent type="60" displayName="CID Portal - In-Year Site Form" parentDisplayName="Account" id="{4200f627-637b-4d98-8549-cd61d7cb704d}" />
      </MissingDependency>
      <MissingDependency>
        <Required type="10" schemaName="cid_account_ovs_operationunnumber_Site" displayName="cid_account_ovs_operationunnumber_Site" parentSchemaName="account" parentDisplayName="Account" solution="Active" />
        <Dependent type="60" displayName="CID Portal - In-Year Site Form" parentDisplayName="Account" id="{4200f627-637b-4d98-8549-cd61d7cb704d}" />
      </MissingDependency>
      <MissingDependency>
        <Required type="10" schemaName="msdyn_account_account_BillingAccount" displayName="msdyn_account_account_BillingAccount" parentSchemaName="account" parentDisplayName="Account" solution="FieldServiceCommon (1.0.0.217)">
          <package>FieldService_Anchor (8.8.76.55)</package>
        </Required>
        <Dependent type="60" displayName="CID Portal - In-Year Site Form" parentDisplayName="Account" id="{4200f627-637b-4d98-8549-cd61d7cb704d}" />
      </MissingDependency>
      <MissingDependency>
        <Required type="10" schemaName="msdyn_account_account_BillingAccount" displayName="msdyn_account_account_BillingAccount" parentSchemaName="account" parentDisplayName="Account" solution="FieldServiceCommon (1.0.0.217)">
          <package>FieldService_Anchor (8.8.76.55)</package>
        </Required>
        <Dependent type="60" displayName="CID Portal - Company Form" parentDisplayName="Account" id="{5e57be58-5702-432c-8aaa-fe91edeb212f}" />
      </MissingDependency>
      <MissingDependency>
        <Required type="10" schemaName="msdyn_account_account_BillingAccount" displayName="msdyn_account_account_BillingAccount" parentSchemaName="account" parentDisplayName="Account" solution="FieldServiceCommon (1.0.0.217)">
          <package>FieldService_Anchor (8.8.76.55)</package>
        </Required>
        <Dependent type="60" displayName="CID Portal - In-Year Site Details Form" parentDisplayName="Account" id="{9372c393-c6c4-4c3d-ad72-f92405395e09}" />
      </MissingDependency>
      <MissingDependency>
        <Required type="10" schemaName="msdyn_account_msdyn_agreement_BillingAccount" displayName="msdyn_account_msdyn_agreement_BillingAccount" parentSchemaName="account" parentDisplayName="Account" solution="FieldService (8.8.0.88)">
          <package>FieldService_Anchor (8.8.76.55)</package>
        </Required>
        <Dependent type="60" displayName="CID Portal - In-Year Site Form" parentDisplayName="Account" id="{4200f627-637b-4d98-8549-cd61d7cb704d}" />
      </MissingDependency>
      <MissingDependency>
        <Required type="10" schemaName="msdyn_account_msdyn_agreement_BillingAccount" displayName="msdyn_account_msdyn_agreement_BillingAccount" parentSchemaName="account" parentDisplayName="Account" solution="FieldService (8.8.0.88)">
          <package>FieldService_Anchor (8.8.76.55)</package>
        </Required>
        <Dependent type="60" displayName="CID Portal - Company Form" parentDisplayName="Account" id="{5e57be58-5702-432c-8aaa-fe91edeb212f}" />
      </MissingDependency>
      <MissingDependency>
        <Required type="10" schemaName="msdyn_account_msdyn_agreement_BillingAccount" displayName="msdyn_account_msdyn_agreement_BillingAccount" parentSchemaName="account" parentDisplayName="Account" solution="FieldService (8.8.0.88)">
          <package>FieldService_Anchor (8.8.76.55)</package>
        </Required>
        <Dependent type="60" displayName="CID Portal - In-Year Site Details Form" parentDisplayName="Account" id="{9372c393-c6c4-4c3d-ad72-f92405395e09}" />
      </MissingDependency>
      <MissingDependency>
        <Required type="10" schemaName="msdyn_account_msdyn_agreement_ServiceAccount" displayName="msdyn_account_msdyn_agreement_ServiceAccount" parentSchemaName="account" parentDisplayName="Account" solution="FieldService (8.8.0.88)">
          <package>FieldService_Anchor (8.8.76.55)</package>
        </Required>
        <Dependent type="60" displayName="CID Portal - In-Year Site Form" parentDisplayName="Account" id="{4200f627-637b-4d98-8549-cd61d7cb704d}" />
      </MissingDependency>
      <MissingDependency>
        <Required type="10" schemaName="msdyn_account_msdyn_agreement_ServiceAccount" displayName="msdyn_account_msdyn_agreement_ServiceAccount" parentSchemaName="account" parentDisplayName="Account" solution="FieldService (8.8.0.88)">
          <package>FieldService_Anchor (8.8.76.55)</package>
        </Required>
        <Dependent type="60" displayName="CID Portal - Company Form" parentDisplayName="Account" id="{5e57be58-5702-432c-8aaa-fe91edeb212f}" />
      </MissingDependency>
      <MissingDependency>
        <Required type="10" schemaName="msdyn_account_msdyn_agreement_ServiceAccount" displayName="msdyn_account_msdyn_agreement_ServiceAccount" parentSchemaName="account" parentDisplayName="Account" solution="FieldService (8.8.0.88)">
          <package>FieldService_Anchor (8.8.76.55)</package>
        </Required>
        <Dependent type="60" displayName="CID Portal - In-Year Site Details Form" parentDisplayName="Account" id="{9372c393-c6c4-4c3d-ad72-f92405395e09}" />
      </MissingDependency>
      <MissingDependency>
        <Required type="10" schemaName="msdyn_account_msdyn_payment_Account" displayName="msdyn_account_msdyn_payment_Account" parentSchemaName="account" parentDisplayName="Account" solution="FieldService (8.8.0.88)">
          <package>FieldService_Anchor (8.8.76.55)</package>
        </Required>
        <Dependent type="60" displayName="CID Portal - In-Year Site Form" parentDisplayName="Account" id="{4200f627-637b-4d98-8549-cd61d7cb704d}" />
      </MissingDependency>
      <MissingDependency>
        <Required type="10" schemaName="msdyn_account_msdyn_payment_Account" displayName="msdyn_account_msdyn_payment_Account" parentSchemaName="account" parentDisplayName="Account" solution="FieldService (8.8.0.88)">
          <package>FieldService_Anchor (8.8.76.55)</package>
        </Required>
        <Dependent type="60" displayName="CID Portal - Company Form" parentDisplayName="Account" id="{5e57be58-5702-432c-8aaa-fe91edeb212f}" />
      </MissingDependency>
      <MissingDependency>
        <Required type="10" schemaName="msdyn_account_msdyn_payment_Account" displayName="msdyn_account_msdyn_payment_Account" parentSchemaName="account" parentDisplayName="Account" solution="FieldService (8.8.0.88)">
          <package>FieldService_Anchor (8.8.76.55)</package>
        </Required>
        <Dependent type="60" displayName="CID Portal - In-Year Site Details Form" parentDisplayName="Account" id="{9372c393-c6c4-4c3d-ad72-f92405395e09}" />
      </MissingDependency>
      <MissingDependency>
        <Required type="10" schemaName="msdyn_account_msdyn_purchaseorder_Vendor" displayName="msdyn_account_msdyn_purchaseorder_Vendor" parentSchemaName="account" parentDisplayName="Account" solution="FieldServiceCommon (1.0.0.217)">
          <package>FieldService_Anchor (8.8.76.55)</package>
        </Required>
        <Dependent type="60" displayName="CID Portal - In-Year Site Form" parentDisplayName="Account" id="{4200f627-637b-4d98-8549-cd61d7cb704d}" />
      </MissingDependency>
      <MissingDependency>
        <Required type="10" schemaName="msdyn_account_msdyn_purchaseorder_Vendor" displayName="msdyn_account_msdyn_purchaseorder_Vendor" parentSchemaName="account" parentDisplayName="Account" solution="FieldServiceCommon (1.0.0.217)">
          <package>FieldService_Anchor (8.8.76.55)</package>
        </Required>
        <Dependent type="60" displayName="CID Portal - Company Form" parentDisplayName="Account" id="{5e57be58-5702-432c-8aaa-fe91edeb212f}" />
      </MissingDependency>
      <MissingDependency>
        <Required type="10" schemaName="msdyn_account_msdyn_purchaseorder_Vendor" displayName="msdyn_account_msdyn_purchaseorder_Vendor" parentSchemaName="account" parentDisplayName="Account" solution="FieldServiceCommon (1.0.0.217)">
          <package>FieldService_Anchor (8.8.76.55)</package>
        </Required>
        <Dependent type="60" displayName="CID Portal - In-Year Site Details Form" parentDisplayName="Account" id="{9372c393-c6c4-4c3d-ad72-f92405395e09}" />
      </MissingDependency>
      <MissingDependency>
        <Required type="10" schemaName="msdyn_account_msdyn_rma_BillingAccount" displayName="msdyn_account_msdyn_rma_BillingAccount" parentSchemaName="account" parentDisplayName="Account" solution="FieldService (8.8.0.88)">
          <package>FieldService_Anchor (8.8.76.55)</package>
        </Required>
        <Dependent type="60" displayName="CID Portal - In-Year Site Form" parentDisplayName="Account" id="{4200f627-637b-4d98-8549-cd61d7cb704d}" />
      </MissingDependency>
      <MissingDependency>
        <Required type="10" schemaName="msdyn_account_msdyn_rma_BillingAccount" displayName="msdyn_account_msdyn_rma_BillingAccount" parentSchemaName="account" parentDisplayName="Account" solution="FieldService (8.8.0.88)">
          <package>FieldService_Anchor (8.8.76.55)</package>
        </Required>
        <Dependent type="60" displayName="CID Portal - Company Form" parentDisplayName="Account" id="{5e57be58-5702-432c-8aaa-fe91edeb212f}" />
      </MissingDependency>
      <MissingDependency>
        <Required type="10" schemaName="msdyn_account_msdyn_rma_BillingAccount" displayName="msdyn_account_msdyn_rma_BillingAccount" parentSchemaName="account" parentDisplayName="Account" solution="FieldService (8.8.0.88)">
          <package>FieldService_Anchor (8.8.76.55)</package>
        </Required>
        <Dependent type="60" displayName="CID Portal - In-Year Site Details Form" parentDisplayName="Account" id="{9372c393-c6c4-4c3d-ad72-f92405395e09}" />
      </MissingDependency>
      <MissingDependency>
        <Required type="10" schemaName="msdyn_account_msdyn_rma_ServiceAccount" displayName="msdyn_account_msdyn_rma_ServiceAccount" parentSchemaName="account" parentDisplayName="Account" solution="FieldService (8.8.0.88)">
          <package>FieldService_Anchor (8.8.76.55)</package>
        </Required>
        <Dependent type="60" displayName="CID Portal - In-Year Site Form" parentDisplayName="Account" id="{4200f627-637b-4d98-8549-cd61d7cb704d}" />
      </MissingDependency>
      <MissingDependency>
        <Required type="10" schemaName="msdyn_account_msdyn_rma_ServiceAccount" displayName="msdyn_account_msdyn_rma_ServiceAccount" parentSchemaName="account" parentDisplayName="Account" solution="FieldService (8.8.0.88)">
          <package>FieldService_Anchor (8.8.76.55)</package>
        </Required>
        <Dependent type="60" displayName="CID Portal - Company Form" parentDisplayName="Account" id="{5e57be58-5702-432c-8aaa-fe91edeb212f}" />
      </MissingDependency>
      <MissingDependency>
        <Required type="10" schemaName="msdyn_account_msdyn_rma_ServiceAccount" displayName="msdyn_account_msdyn_rma_ServiceAccount" parentSchemaName="account" parentDisplayName="Account" solution="FieldService (8.8.0.88)">
          <package>FieldService_Anchor (8.8.76.55)</package>
        </Required>
        <Dependent type="60" displayName="CID Portal - In-Year Site Details Form" parentDisplayName="Account" id="{9372c393-c6c4-4c3d-ad72-f92405395e09}" />
      </MissingDependency>
      <MissingDependency>
        <Required type="10" schemaName="msdyn_account_msdyn_rtv_Vendor" displayName="msdyn_account_msdyn_rtv_Vendor" parentSchemaName="account" parentDisplayName="Account" solution="FieldService (8.8.0.88)">
          <package>FieldService_Anchor (8.8.76.55)</package>
        </Required>
        <Dependent type="60" displayName="CID Portal - In-Year Site Form" parentDisplayName="Account" id="{4200f627-637b-4d98-8549-cd61d7cb704d}" />
      </MissingDependency>
      <MissingDependency>
        <Required type="10" schemaName="msdyn_account_msdyn_rtv_Vendor" displayName="msdyn_account_msdyn_rtv_Vendor" parentSchemaName="account" parentDisplayName="Account" solution="FieldService (8.8.0.88)">
          <package>FieldService_Anchor (8.8.76.55)</package>
        </Required>
        <Dependent type="60" displayName="CID Portal - Company Form" parentDisplayName="Account" id="{5e57be58-5702-432c-8aaa-fe91edeb212f}" />
      </MissingDependency>
      <MissingDependency>
        <Required type="10" schemaName="msdyn_account_msdyn_rtv_Vendor" displayName="msdyn_account_msdyn_rtv_Vendor" parentSchemaName="account" parentDisplayName="Account" solution="FieldService (8.8.0.88)">
          <package>FieldService_Anchor (8.8.76.55)</package>
        </Required>
        <Dependent type="60" displayName="CID Portal - In-Year Site Details Form" parentDisplayName="Account" id="{9372c393-c6c4-4c3d-ad72-f92405395e09}" />
      </MissingDependency>
      <MissingDependency>
        <Required type="10" schemaName="msdyn_account_msdyn_workorder_BillingAccount" displayName="msdyn_account_msdyn_workorder_BillingAccount" parentSchemaName="account" parentDisplayName="Account" solution="FieldService (8.8.0.88)">
          <package>FieldService_Anchor (8.8.76.55)</package>
        </Required>
        <Dependent type="60" displayName="CID Portal - In-Year Site Form" parentDisplayName="Account" id="{4200f627-637b-4d98-8549-cd61d7cb704d}" />
      </MissingDependency>
      <MissingDependency>
        <Required type="10" schemaName="msdyn_account_msdyn_workorder_BillingAccount" displayName="msdyn_account_msdyn_workorder_BillingAccount" parentSchemaName="account" parentDisplayName="Account" solution="FieldService (8.8.0.88)">
          <package>FieldService_Anchor (8.8.76.55)</package>
        </Required>
        <Dependent type="60" displayName="CID Portal - Company Form" parentDisplayName="Account" id="{5e57be58-5702-432c-8aaa-fe91edeb212f}" />
      </MissingDependency>
      <MissingDependency>
        <Required type="10" schemaName="msdyn_account_msdyn_workorder_BillingAccount" displayName="msdyn_account_msdyn_workorder_BillingAccount" parentSchemaName="account" parentDisplayName="Account" solution="FieldService (8.8.0.88)">
          <package>FieldService_Anchor (8.8.76.55)</package>
        </Required>
        <Dependent type="60" displayName="CID Portal - In-Year Site Details Form" parentDisplayName="Account" id="{9372c393-c6c4-4c3d-ad72-f92405395e09}" />
      </MissingDependency>
      <MissingDependency>
        <Required type="10" schemaName="msdyn_account_msdyn_workorder_ServiceAccount" displayName="msdyn_account_msdyn_workorder_ServiceAccount" parentSchemaName="account" parentDisplayName="Account" solution="FieldService (8.8.0.88)">
          <package>FieldService_Anchor (8.8.76.55)</package>
        </Required>
        <Dependent type="60" displayName="CID Portal - In-Year Site Form" parentDisplayName="Account" id="{4200f627-637b-4d98-8549-cd61d7cb704d}" />
      </MissingDependency>
      <MissingDependency>
        <Required type="10" schemaName="msdyn_account_msdyn_workorder_ServiceAccount" displayName="msdyn_account_msdyn_workorder_ServiceAccount" parentSchemaName="account" parentDisplayName="Account" solution="FieldService (8.8.0.88)">
          <package>FieldService_Anchor (8.8.76.55)</package>
        </Required>
        <Dependent type="60" displayName="CID Portal - Company Form" parentDisplayName="Account" id="{5e57be58-5702-432c-8aaa-fe91edeb212f}" />
      </MissingDependency>
      <MissingDependency>
        <Required type="10" schemaName="msdyn_account_msdyn_workorder_ServiceAccount" displayName="msdyn_account_msdyn_workorder_ServiceAccount" parentSchemaName="account" parentDisplayName="Account" solution="FieldService (8.8.0.88)">
          <package>FieldService_Anchor (8.8.76.55)</package>
        </Required>
        <Dependent type="60" displayName="CID Portal - In-Year Site Details Form" parentDisplayName="Account" id="{9372c393-c6c4-4c3d-ad72-f92405395e09}" />
      </MissingDependency>
      <MissingDependency>
        <Required type="10" schemaName="cid_audithistorylog_AuditCode_cid_audithi" displayName="cid_audithistorylog_AuditCode_cid_audithi" parentSchemaName="cid_audithistorycode" parentDisplayName="Audit History Code" solution="Active" />
        <Dependent type="60" displayName="CID Portal - Create History Log Form" parentDisplayName="History Log" id="{034d2122-c6ff-475c-bce6-06ff2b08c71c}" />
      </MissingDependency>
      <MissingDependency>
        <Required type="10" schemaName="msdyn_account_msdyn_customerasset_Account" displayName="msdyn_account_msdyn_customerasset_Account" parentSchemaName="msdyn_customerasset" parentDisplayName="Customer Asset" solution="msdyn_AssetCommon (1.0.28.3)">
          <package>FieldService_Anchor (8.8.76.55)</package>
          <package>msdynce_ServiceAnchor (9.0.22101.1009)</package>
        </Required>
        <Dependent type="60" displayName="CID Portal - In-Year Site Form" parentDisplayName="Account" id="{4200f627-637b-4d98-8549-cd61d7cb704d}" />
      </MissingDependency>
      <MissingDependency>
        <Required type="10" schemaName="msdyn_account_msdyn_customerasset_Account" displayName="msdyn_account_msdyn_customerasset_Account" parentSchemaName="msdyn_customerasset" parentDisplayName="Customer Asset" solution="msdyn_AssetCommon (1.0.28.3)">
          <package>FieldService_Anchor (8.8.76.55)</package>
          <package>msdynce_ServiceAnchor (9.0.22101.1009)</package>
        </Required>
        <Dependent type="60" displayName="CID Portal - Company Form" parentDisplayName="Account" id="{5e57be58-5702-432c-8aaa-fe91edeb212f}" />
      </MissingDependency>
      <MissingDependency>
        <Required type="10" schemaName="msdyn_account_msdyn_customerasset_Account" displayName="msdyn_account_msdyn_customerasset_Account" parentSchemaName="msdyn_customerasset" parentDisplayName="Customer Asset" solution="msdyn_AssetCommon (1.0.28.3)">
          <package>FieldService_Anchor (8.8.76.55)</package>
          <package>msdynce_ServiceAnchor (9.0.22101.1009)</package>
        </Required>
        <Dependent type="60" displayName="CID Portal - In-Year Site Details Form" parentDisplayName="Account" id="{9372c393-c6c4-4c3d-ad72-f92405395e09}" />
      </MissingDependency>
      <MissingDependency>
        <Required type="2" schemaName="cid_addressoverwritten" displayName="Manually Entered?" parentSchemaName="account" parentDisplayName="Account" solution="Active" />
        <Dependent type="60" displayName="CID Portal - Company Form" parentDisplayName="Account" id="{5e57be58-5702-432c-8aaa-fe91edeb212f}" />
      </MissingDependency>
      <MissingDependency>
        <Required type="2" schemaName="cid_annualcompliancecompletiondate" displayName="Annual Compliance Completion Date" parentSchemaName="account" parentDisplayName="Account" solution="Active" />
        <Dependent type="60" displayName="CID Portal - Company Form" parentDisplayName="Account" id="{5e57be58-5702-432c-8aaa-fe91edeb212f}" />
      </MissingDependency>
      <MissingDependency>
        <Required type="2" schemaName="cid_annualcomplianceupdatelate" displayName="Annual Compliance Update Late" parentSchemaName="account" parentDisplayName="Account" solution="Active" />
        <Dependent type="60" displayName="CID Portal - Company Form" parentDisplayName="Account" id="{5e57be58-5702-432c-8aaa-fe91edeb212f}" />
      </MissingDependency>
      <MissingDependency>
        <Required type="2" schemaName="cid_attestationdate" displayName="Attestation Date" parentSchemaName="account" parentDisplayName="Account" solution="Active" />
        <Dependent type="60" displayName="CID Portal - Company Form" parentDisplayName="Account" id="{5e57be58-5702-432c-8aaa-fe91edeb212f}" />
      </MissingDependency>
      <MissingDependency>
        <Required type="2" schemaName="cid_cidcompanystatus" displayName="CID Company Status" parentSchemaName="account" parentDisplayName="Account" solution="Active" />
        <Dependent type="60" displayName="CID Portal - Company Form" parentDisplayName="Account" id="{5e57be58-5702-432c-8aaa-fe91edeb212f}" />
      </MissingDependency>
      <MissingDependency>
        <Required type="2" schemaName="cid_cidsitestatus" displayName="Site Status" parentSchemaName="account" parentDisplayName="Account" solution="Active" />
        <Dependent type="60" displayName="CID Portal - In-Year Site Form" parentDisplayName="Account" id="{4200f627-637b-4d98-8549-cd61d7cb704d}" />
      </MissingDependency>
      <MissingDependency>
        <Required type="2" schemaName="cid_cidsitestatus" displayName="Site Status" parentSchemaName="account" parentDisplayName="Account" solution="Active" />
        <Dependent type="60" displayName="CID Portal - In-Year Site Details Form" parentDisplayName="Account" id="{9372c393-c6c4-4c3d-ad72-f92405395e09}" />
      </MissingDependency>
      <MissingDependency>
        <Required type="2" schemaName="cid_companyanniversarydate" displayName="Company Anniversary Date" parentSchemaName="account" parentDisplayName="Account" solution="Active" />
        <Dependent type="60" displayName="CID Portal - Company Form" parentDisplayName="Account" id="{5e57be58-5702-432c-8aaa-fe91edeb212f}" />
      </MissingDependency>
      <MissingDependency>
        <Required type="2" schemaName="cid_companystate" displayName="Company State" parentSchemaName="account" parentDisplayName="Account" solution="Active" />
        <Dependent type="60" displayName="CID Portal - Company Form" parentDisplayName="Account" id="{5e57be58-5702-432c-8aaa-fe91edeb212f}" />
      </MissingDependency>
      <MissingDependency>
        <Required type="2" schemaName="cid_crabusinessnumber" displayName="CRA Business Number" parentSchemaName="account" parentDisplayName="Account" solution="Active" />
        <Dependent type="60" displayName="CID Portal - Company Form" parentDisplayName="Account" id="{5e57be58-5702-432c-8aaa-fe91edeb212f}" />
      </MissingDependency>
      <MissingDependency>
        <Required type="2" schemaName="cid_handlingsitetype" displayName="Handle" parentSchemaName="account" parentDisplayName="Account" solution="Active" />
        <Dependent type="60" displayName="CID Portal - In-Year Site Form" parentDisplayName="Account" id="{4200f627-637b-4d98-8549-cd61d7cb704d}" />
      </MissingDependency>
      <MissingDependency>
        <Required type="2" schemaName="cid_has_cra_bn" displayName="Do you have a CRA Business Number?" parentSchemaName="account" parentDisplayName="Account" solution="Active" />
        <Dependent type="60" displayName="CID Portal - Company Form" parentDisplayName="Account" id="{5e57be58-5702-432c-8aaa-fe91edeb212f}" />
      </MissingDependency>
      <MissingDependency>
        <Required type="2" schemaName="cid_importingsitetype" displayName="Import" parentSchemaName="account" parentDisplayName="Account" solution="Active" />
        <Dependent type="60" displayName="CID Portal - In-Year Site Form" parentDisplayName="Account" id="{4200f627-637b-4d98-8549-cd61d7cb704d}" />
      </MissingDependency>
      <MissingDependency>
        <Required type="2" schemaName="cid_iscompanyattested" displayName="Is Company Attested?" parentSchemaName="account" parentDisplayName="Account" solution="Active" />
        <Dependent type="60" displayName="CID Portal - Company Form" parentDisplayName="Account" id="{5e57be58-5702-432c-8aaa-fe91edeb212f}" />
      </MissingDependency>
      <MissingDependency>
        <Required type="2" schemaName="cid_issiteattested" displayName="Is Site Attested?" parentSchemaName="account" parentDisplayName="Account" solution="Active" />
        <Dependent type="60" displayName="CID Portal - In-Year Site Form" parentDisplayName="Account" id="{4200f627-637b-4d98-8549-cd61d7cb704d}" />
      </MissingDependency>
      <MissingDependency>
        <Required type="2" schemaName="cid_issiteattested" displayName="Is Site Attested?" parentSchemaName="account" parentDisplayName="Account" solution="Active" />
        <Dependent type="60" displayName="CID Portal - In-Year Site Details Form" parentDisplayName="Account" id="{9372c393-c6c4-4c3d-ad72-f92405395e09}" />
      </MissingDependency>
      <MissingDependency>
        <Required type="2" schemaName="cid_memositedeactivation" displayName="Memo for site deactivation" parentSchemaName="account" parentDisplayName="Account" solution="Active" />
        <Dependent type="60" displayName="CID Portal - In-Year Site Form" parentDisplayName="Account" id="{4200f627-637b-4d98-8549-cd61d7cb704d}" />
      </MissingDependency>
      <MissingDependency>
        <Required type="2" schemaName="cid_nextannualcomplianceupdate" displayName="Next Annual Compliance Update Required On" parentSchemaName="account" parentDisplayName="Account" solution="Active" />
        <Dependent type="60" displayName="CID Portal - Company Form" parentDisplayName="Account" id="{5e57be58-5702-432c-8aaa-fe91edeb212f}" />
      </MissingDependency>
      <MissingDependency>
        <Required type="2" schemaName="cid_offeringfortransportsitetype" displayName="Offer for Transport" parentSchemaName="account" parentDisplayName="Account" solution="Active" />
        <Dependent type="60" displayName="CID Portal - In-Year Site Form" parentDisplayName="Account" id="{4200f627-637b-4d98-8549-cd61d7cb704d}" />
      </MissingDependency>
      <MissingDependency>
        <Required type="2" schemaName="cid_officiallyregistrationcompletationdate" displayName="Registration Completion Date" parentSchemaName="account" parentDisplayName="Account" solution="Active" />
        <Dependent type="60" displayName="CID Portal - Company Form" parentDisplayName="Account" id="{5e57be58-5702-432c-8aaa-fe91edeb212f}" />
      </MissingDependency>
      <MissingDependency>
        <Required type="2" schemaName="cid_reasonfornobnnumber" displayName="Reason for no CRA Business Number" parentSchemaName="account" parentDisplayName="Account" solution="Active" />
        <Dependent type="60" displayName="CID Portal - Company Form" parentDisplayName="Account" id="{5e57be58-5702-432c-8aaa-fe91edeb212f}" />
      </MissingDependency>
      <MissingDependency>
        <Required type="2" schemaName="cid_reasonfornobnnumber_other" displayName="Other Reason" parentSchemaName="account" parentDisplayName="Account" solution="Active" />
        <Dependent type="60" displayName="CID Portal - Company Form" parentDisplayName="Account" id="{5e57be58-5702-432c-8aaa-fe91edeb212f}" />
      </MissingDependency>
      <MissingDependency>
        <Required type="2" schemaName="cid_reasonforsitedeactivation" displayName="Reason for site deactivation" parentSchemaName="account" parentDisplayName="Account" solution="Active" />
        <Dependent type="60" displayName="CID Portal - In-Year Site Form" parentDisplayName="Account" id="{4200f627-637b-4d98-8549-cd61d7cb704d}" />
      </MissingDependency>
      <MissingDependency>
        <Required type="2" schemaName="cid_registrationasof" displayName="Registration As Of" parentSchemaName="account" parentDisplayName="Account" solution="Active" />
        <Dependent type="60" displayName="CID Portal - Company Form" parentDisplayName="Account" id="{5e57be58-5702-432c-8aaa-fe91edeb212f}" />
      </MissingDependency>
      <MissingDependency>
        <Required type="2" schemaName="cid_requirementlevel" displayName="Basic / Extended" parentSchemaName="account" parentDisplayName="Account" solution="Active" />
        <Dependent type="60" displayName="CID Portal - In-Year Site Form" parentDisplayName="Account" id="{4200f627-637b-4d98-8549-cd61d7cb704d}" />
      </MissingDependency>
      <MissingDependency>
        <Required type="2" schemaName="cid_same_as_company" displayName="Same as the company address?" parentSchemaName="account" parentDisplayName="Account" solution="Active" />
        <Dependent type="60" displayName="CID Portal - In-Year Site Details Form" parentDisplayName="Account" id="{9372c393-c6c4-4c3d-ad72-f92405395e09}" />
      </MissingDependency>
      <MissingDependency>
        <Required type="2" schemaName="cid_siteclaim" displayName="Site Status" parentSchemaName="account" parentDisplayName="Account" solution="Active" />
        <Dependent type="60" displayName="CID Portal - In-Year Site Details Form" parentDisplayName="Account" id="{9372c393-c6c4-4c3d-ad72-f92405395e09}" />
      </MissingDependency>
      <MissingDependency>
        <Required type="2" schemaName="cid_siteid" displayName="Site ID" parentSchemaName="account" parentDisplayName="Account" solution="Active" />
        <Dependent type="60" displayName="CID Portal - In-Year Site Details Form" parentDisplayName="Account" id="{9372c393-c6c4-4c3d-ad72-f92405395e09}" />
      </MissingDependency>
      <MissingDependency>
        <Required type="2" schemaName="cid_sitename" displayName="Site Name" parentSchemaName="account" parentDisplayName="Account" solution="Active" />
        <Dependent type="60" displayName="CID Portal - In-Year Site Form" parentDisplayName="Account" id="{4200f627-637b-4d98-8549-cd61d7cb704d}" />
      </MissingDependency>
      <MissingDependency>
        <Required type="2" schemaName="cid_sitename" displayName="Site Name" parentSchemaName="account" parentDisplayName="Account" solution="Active" />
        <Dependent type="60" displayName="CID Portal - In-Year Site Details Form" parentDisplayName="Account" id="{9372c393-c6c4-4c3d-ad72-f92405395e09}" />
      </MissingDependency>
      <MissingDependency>
        <Required type="2" schemaName="cid_transportingsitetype" displayName="Transport" parentSchemaName="account" parentDisplayName="Account" solution="Active" />
        <Dependent type="60" displayName="CID Portal - In-Year Site Form" parentDisplayName="Account" id="{4200f627-637b-4d98-8549-cd61d7cb704d}" />
      </MissingDependency>
      <MissingDependency>
        <Required type="2" schemaName="ovs_address_type" displayName="Input Address Type" parentSchemaName="account" parentDisplayName="Account" solution="Active" />
        <Dependent type="60" displayName="CID Portal - In-Year Site Details Form" parentDisplayName="Account" id="{9372c393-c6c4-4c3d-ad72-f92405395e09}" />
      </MissingDependency>
      <MissingDependency>
        <Required type="2" schemaName="ovs_address1_province" displayName="Province / Territory" parentSchemaName="account" parentDisplayName="Account" solution="Active" />
        <Dependent type="60" displayName="CID Portal - In-Year Site Form" parentDisplayName="Account" id="{4200f627-637b-4d98-8549-cd61d7cb704d}" />
      </MissingDependency>
      <MissingDependency>
        <Required type="2" schemaName="ovs_address1_province" displayName="Province / Territory" parentSchemaName="account" parentDisplayName="Account" solution="Active" />
        <Dependent type="60" displayName="CID Portal - Company Form" parentDisplayName="Account" id="{5e57be58-5702-432c-8aaa-fe91edeb212f}" />
      </MissingDependency>
      <MissingDependency>
        <Required type="2" schemaName="ovs_address1_province" displayName="Province / Territory" parentSchemaName="account" parentDisplayName="Account" solution="Active" />
        <Dependent type="60" displayName="CID Portal - In-Year Site Details Form" parentDisplayName="Account" id="{9372c393-c6c4-4c3d-ad72-f92405395e09}" />
      </MissingDependency>
      <MissingDependency>
        <Required type="2" schemaName="ovs_legalname" displayName="Legal Name" parentSchemaName="account" parentDisplayName="Account" solution="Active" />
        <Dependent type="60" displayName="CID Portal - In-Year Site Form" parentDisplayName="Account" id="{4200f627-637b-4d98-8549-cd61d7cb704d}" />
      </MissingDependency>
      <MissingDependency>
        <Required type="2" schemaName="ovs_legalname" displayName="Legal Name" parentSchemaName="account" parentDisplayName="Account" solution="Active" />
        <Dependent type="60" displayName="CID Portal - Company Form" parentDisplayName="Account" id="{5e57be58-5702-432c-8aaa-fe91edeb212f}" />
      </MissingDependency>
      <MissingDependency>
        <Required type="2" schemaName="ovs_legalname" displayName="Legal Name" parentSchemaName="account" parentDisplayName="Account" solution="Active" />
        <Dependent type="60" displayName="CID Portal - In-Year Site Details Form" parentDisplayName="Account" id="{9372c393-c6c4-4c3d-ad72-f92405395e09}" />
      </MissingDependency>
      <MissingDependency>
        <Required type="2" schemaName="ovs_lld_meridian" displayName="Meridian" parentSchemaName="account" parentDisplayName="Account" solution="Active" />
        <Dependent type="60" displayName="CID Portal - In-Year Site Details Form" parentDisplayName="Account" id="{9372c393-c6c4-4c3d-ad72-f92405395e09}" />
      </MissingDependency>
      <MissingDependency>
        <Required type="2" schemaName="ovs_lld_quarter" displayName="Quarter / LSD" parentSchemaName="account" parentDisplayName="Account" solution="Active" />
        <Dependent type="60" displayName="CID Portal - In-Year Site Details Form" parentDisplayName="Account" id="{9372c393-c6c4-4c3d-ad72-f92405395e09}" />
      </MissingDependency>
      <MissingDependency>
        <Required type="2" schemaName="ovs_lld_range" displayName="Range" parentSchemaName="account" parentDisplayName="Account" solution="Active" />
        <Dependent type="60" displayName="CID Portal - In-Year Site Details Form" parentDisplayName="Account" id="{9372c393-c6c4-4c3d-ad72-f92405395e09}" />
      </MissingDependency>
      <MissingDependency>
        <Required type="2" schemaName="ovs_lld_section" displayName="Section" parentSchemaName="account" parentDisplayName="Account" solution="Active" />
        <Dependent type="60" displayName="CID Portal - In-Year Site Details Form" parentDisplayName="Account" id="{9372c393-c6c4-4c3d-ad72-f92405395e09}" />
      </MissingDependency>
      <MissingDependency>
        <Required type="2" schemaName="ovs_lld_township" displayName="Township" parentSchemaName="account" parentDisplayName="Account" solution="Active" />
        <Dependent type="60" displayName="CID Portal - In-Year Site Details Form" parentDisplayName="Account" id="{9372c393-c6c4-4c3d-ad72-f92405395e09}" />
      </MissingDependency>
      <MissingDependency>
        <Required type="2" schemaName="ovs_name_fr" displayName="Operating Name (French)" parentSchemaName="account" parentDisplayName="Account" solution="Active" />
        <Dependent type="60" displayName="CID Portal - Company Form" parentDisplayName="Account" id="{5e57be58-5702-432c-8aaa-fe91edeb212f}" />
      </MissingDependency>
      <MissingDependency>
        <Required type="2" schemaName="cid_description" displayName="Description" parentSchemaName="cid_annualcomplianceitem" parentDisplayName="Annual Compliance Item" solution="Active" />
        <Dependent type="60" displayName="Information" parentDisplayName="Annual Compliance Item" id="{06f6ade2-a97c-42bc-a667-83b6faa70b90}" />
      </MissingDependency>
      <MissingDependency>
        <Required type="2" schemaName="cid_name" displayName="ID" parentSchemaName="cid_annualcomplianceitem" parentDisplayName="Annual Compliance Item" solution="Active" />
        <Dependent type="60" displayName="Information" parentDisplayName="Annual Compliance Item" id="{06f6ade2-a97c-42bc-a667-83b6faa70b90}" />
      </MissingDependency>
      <MissingDependency>
        <Required type="2" schemaName="ownerid" displayName="Owner" parentSchemaName="cid_annualcomplianceitem" parentDisplayName="Annual Compliance Item" solution="Active" />
        <Dependent type="60" displayName="Information" parentDisplayName="Annual Compliance Item" id="{06f6ade2-a97c-42bc-a667-83b6faa70b90}" />
      </MissingDependency>
      <MissingDependency>
        <Required type="2" schemaName="cid_auditcode" displayName="Audit Code" parentSchemaName="cid_audithistorylog" parentDisplayName="History Log" solution="Active" />
        <Dependent type="60" displayName="CID Portal - Create History Log Form" parentDisplayName="History Log" id="{034d2122-c6ff-475c-bce6-06ff2b08c71c}" />
      </MissingDependency>
      <MissingDependency>
        <Required type="2" schemaName="cid_company" displayName="Company" parentSchemaName="cid_audithistorylog" parentDisplayName="History Log" solution="Active" />
        <Dependent type="60" displayName="CID Portal - Create History Log Form" parentDisplayName="History Log" id="{034d2122-c6ff-475c-bce6-06ff2b08c71c}" />
      </MissingDependency>
      <MissingDependency>
        <Required type="2" schemaName="cid_effectivedate" displayName="Effective Date" parentSchemaName="cid_audithistorylog" parentDisplayName="History Log" solution="Active" />
        <Dependent type="60" displayName="CID Portal - Create History Log Form" parentDisplayName="History Log" id="{034d2122-c6ff-475c-bce6-06ff2b08c71c}" />
      </MissingDependency>
      <MissingDependency>
        <Required type="2" schemaName="cid_memoen" displayName="Memo EN" parentSchemaName="cid_audithistorylog" parentDisplayName="History Log" solution="Active" />
        <Dependent type="60" displayName="CID Portal - Create History Log Form" parentDisplayName="History Log" id="{034d2122-c6ff-475c-bce6-06ff2b08c71c}" />
      </MissingDependency>
      <MissingDependency>
        <Required type="2" schemaName="cid_memofr" displayName="Memo FR" parentSchemaName="cid_audithistorylog" parentDisplayName="History Log" solution="Active" />
        <Dependent type="60" displayName="CID Portal - Create History Log Form" parentDisplayName="History Log" id="{034d2122-c6ff-475c-bce6-06ff2b08c71c}" />
      </MissingDependency>
      <MissingDependency>
        <Required type="2" schemaName="cid_name" displayName="TO BE DELETED - Name" parentSchemaName="cid_audithistorylog" parentDisplayName="History Log" solution="Active" />
        <Dependent type="60" displayName="CID Portal - Create History Log Form" parentDisplayName="History Log" id="{034d2122-c6ff-475c-bce6-06ff2b08c71c}" />
      </MissingDependency>
      <MissingDependency>
        <Required type="2" schemaName="cid_site" displayName="Site" parentSchemaName="cid_audithistorylog" parentDisplayName="History Log" solution="Active" />
        <Dependent type="60" displayName="CID Portal - Create History Log Form" parentDisplayName="History Log" id="{034d2122-c6ff-475c-bce6-06ff2b08c71c}" />
      </MissingDependency>
      <MissingDependency>
        <Required type="2" schemaName="ownerid" displayName="Owner" parentSchemaName="cid_audithistorylog" parentDisplayName="History Log" solution="Active" />
        <Dependent type="60" displayName="CID Portal - Create History Log Form" parentDisplayName="History Log" id="{034d2122-c6ff-475c-bce6-06ff2b08c71c}" />
      </MissingDependency>
      <MissingDependency>
        <Required type="26" schemaName="CID Portal - Activity Review Log" displayName="CID Portal - Activity Review Log" parentSchemaName="cid_activityreviewlog" parentDisplayName="Activity Review Log" solution="Active" id="{0efede85-2de1-ec11-bb3d-000d3a8483f6}" />
        <Dependent type="60" displayName="CID Portal - In-Year Site Form" parentDisplayName="Account" id="{4200f627-637b-4d98-8549-cd61d7cb704d}" />
      </MissingDependency>
      <MissingDependency>
        <Required type="26" schemaName="CID Portal - UN Numbers" displayName="CID Portal - UN Numbers" parentSchemaName="ovs_operationunnumber" parentDisplayName="Operation UN Number" solution="Active" id="{121715d2-c97b-ec11-8d20-000d3aff1221}" />
        <Dependent type="60" displayName="CID Portal - In-Year Site Form" parentDisplayName="Account" id="{4200f627-637b-4d98-8549-cd61d7cb704d}" />
      </MissingDependency>
      <MissingDependency>
        <Required type="26" schemaName="Active Company NAICS Code - Portal" displayName="Active Company NAICS Code - Portal" parentSchemaName="cid_companynaicscode" parentDisplayName="Company NAICS Code" solution="Active" id="{21614059-fb22-ec11-b6e6-0022483cb5c7}" />
        <Dependent type="60" displayName="CID Portal - Company Form" parentDisplayName="Account" id="{5e57be58-5702-432c-8aaa-fe91edeb212f}" />
      </MissingDependency>
      <MissingDependency>
        <Required type="26" schemaName="Operation UN Numbers (Active)" displayName="Operation UN Numbers (Active)" parentSchemaName="ovs_operationunnumber" parentDisplayName="Operation UN Number" solution="Active" id="{2e7c7b15-98b4-4cc3-a0da-0f193b0759d2}" />
        <Dependent type="60" displayName="CID Portal - In-Year Site Form" parentDisplayName="Account" id="{4200f627-637b-4d98-8549-cd61d7cb704d}" />
      </MissingDependency>
      <MissingDependency>
        <Required type="26" schemaName="All Activity Review Logs" displayName="All Activity Review Logs" parentSchemaName="cid_activityreviewlog" parentDisplayName="Activity Review Log" solution="Active" id="{3f12a7aa-7069-4677-a95b-251ffe14433a}" />
        <Dependent type="60" displayName="CID Portal - In-Year Site Form" parentDisplayName="Account" id="{4200f627-637b-4d98-8549-cd61d7cb704d}" />
      </MissingDependency>
      <MissingDependency>
        <Required type="26" schemaName="CID Portal - Site Activity Review Logs" displayName="CID Portal - Site Activity Review Logs" parentSchemaName="cid_activityreviewlog" parentDisplayName="Activity Review Log" solution="Active" id="{51939b14-5fb9-ec11-983f-0022483d68e2}" />
        <Dependent type="60" displayName="CID Portal - In-Year Site Form" parentDisplayName="Account" id="{4200f627-637b-4d98-8549-cd61d7cb704d}" />
      </MissingDependency>
      <MissingDependency>
        <Required type="26" schemaName="CID Not Claim Sites" displayName="CID Not Claim Sites" parentSchemaName="account" parentDisplayName="Account" solution="Active" id="{6e812d65-8725-ec11-b6e6-0022483cb5cd}" />
        <Dependent type="60" displayName="CID Portal - Company Form" parentDisplayName="Account" id="{5e57be58-5702-432c-8aaa-fe91edeb212f}" />
      </MissingDependency>
      <MissingDependency>
        <Required type="26" schemaName="CID Portal - Site History Logs" displayName="CID Portal - Site History Logs" parentSchemaName="cid_audithistorylog" parentDisplayName="History Log" solution="Active" id="{6eac3ccc-01b7-ec11-983e-002248add3fe}" />
        <Dependent type="60" displayName="CID Portal - In-Year Site Form" parentDisplayName="Account" id="{4200f627-637b-4d98-8549-cd61d7cb704d}" />
      </MissingDependency>
      <MissingDependency>
        <Required type="26" schemaName="CID Portal - Class" displayName="CID Portal - Class" parentSchemaName="ovs_operationclass" parentDisplayName="Operation Class" solution="Active" id="{96b22408-c97b-ec11-8d20-000d3aff1221}" />
        <Dependent type="60" displayName="CID Portal - In-Year Site Form" parentDisplayName="Account" id="{4200f627-637b-4d98-8549-cd61d7cb704d}" />
      </MissingDependency>
      <MissingDependency>
        <Required type="26" schemaName="CID Portal - Contacts" displayName="CID Portal - Contacts" parentSchemaName="contact" parentDisplayName="Contact" solution="Active" id="{9f4e737c-b54b-ec11-8f8e-000d3ae9a753}" />
        <Dependent type="60" displayName="CID Portal - Company Form" parentDisplayName="Account" id="{5e57be58-5702-432c-8aaa-fe91edeb212f}" />
      </MissingDependency>
      <MissingDependency>
        <Required type="26" schemaName="CLASS (Active)" displayName="CLASS (Active)" parentSchemaName="ovs_operationclass" parentDisplayName="Operation Class" solution="Active" id="{affe1090-e5c2-4951-854a-1ac530d0dfa0}" />
        <Dependent type="60" displayName="CID Portal - In-Year Site Form" parentDisplayName="Account" id="{4200f627-637b-4d98-8549-cd61d7cb704d}" />
      </MissingDependency>
      <MissingDependency>
        <Required type="26" schemaName="CID Portal - Portal Created Contacts" displayName="CID Portal - Portal Created Contacts" parentSchemaName="contact" parentDisplayName="Contact" solution="Active" id="{b06483c1-463f-ed11-bba2-0022483d0343}" />
        <Dependent type="60" displayName="CID Portal - Company Form" parentDisplayName="Account" id="{5e57be58-5702-432c-8aaa-fe91edeb212f}" />
      </MissingDependency>
      <MissingDependency>
        <Required type="26" schemaName="Active Audit History Logs" displayName="Active Audit History Logs" parentSchemaName="cid_audithistorylog" parentDisplayName="History Log" solution="Active" id="{b7f1b00e-7ee0-41ff-b007-2fefddbd6280}" />
        <Dependent type="60" displayName="CID Portal - In-Year Site Form" parentDisplayName="Account" id="{4200f627-637b-4d98-8549-cd61d7cb704d}" />
      </MissingDependency>
      <MissingDependency>
        <Required type="26" schemaName="CID Portal - Sites" displayName="CID Portal - Sites" parentSchemaName="account" parentDisplayName="Account" solution="Active" id="{c8db5060-4a4d-ec11-8f8e-000d3ae9a753}" />
        <Dependent type="60" displayName="CID Portal - Company Form" parentDisplayName="Account" id="{5e57be58-5702-432c-8aaa-fe91edeb212f}" />
      </MissingDependency>
      <MissingDependency>
        <Required type="26" schemaName="My Open Activity Review Logs" displayName="My Open Activity Review Logs" parentSchemaName="cid_activityreviewlog" parentDisplayName="Activity Review Log" solution="Active" id="{cb9a3729-169a-4e7f-af7e-eb510b0ebebd}" />
        <Dependent type="60" displayName="CID Portal - In-Year Site Form" parentDisplayName="Account" id="{4200f627-637b-4d98-8549-cd61d7cb704d}" />
      </MissingDependency>
      <MissingDependency>
        <Required type="26" schemaName="CID Portal - History Logs" displayName="CID Portal - History Logs" parentSchemaName="cid_audithistorylog" parentDisplayName="History Log" solution="Active" id="{cdd83e49-9dd5-ec11-a7b5-0022483c547f}" />
        <Dependent type="60" displayName="CID Portal - In-Year Site Form" parentDisplayName="Account" id="{4200f627-637b-4d98-8549-cd61d7cb704d}" />
      </MissingDependency>
      <MissingDependency>
        <Required type="26" schemaName="Active Company NAICS Code" displayName="Active Company NAICS Code" parentSchemaName="cid_companynaicscode" parentDisplayName="Company NAICS Code" solution="Active" id="{d7d195c7-bf49-45a0-8cfe-53c64d587adf}" />
        <Dependent type="60" displayName="CID Portal - Company Form" parentDisplayName="Account" id="{5e57be58-5702-432c-8aaa-fe91edeb212f}" />
      </MissingDependency>
      <MissingDependency>
        <Required type="26" schemaName="CID Portal - Portal Created Sites" displayName="CID Portal - Portal Created Sites" parentSchemaName="account" parentDisplayName="Account" solution="Active" id="{efe63e51-3040-ed11-bba2-0022483d0343}" />
        <Dependent type="60" displayName="CID Portal - Company Form" parentDisplayName="Account" id="{5e57be58-5702-432c-8aaa-fe91edeb212f}" />
      </MissingDependency>
      <MissingDependency>
        <Required type="61" schemaName="AppCommon/Account/Account_main_system_library.js" displayName="AppCommon/Account/Account_main_system_library.js" solution="msdynce_AppCommon (9.0.4.0066)">
          <package>msdynce_AppCommonAnchor (9.0.22101.10001)</package>
        </Required>
        <Dependent type="60" displayName="CID Portal - In-Year Site Form" parentDisplayName="Account" id="{4200f627-637b-4d98-8549-cd61d7cb704d}" />
      </MissingDependency>
      <MissingDependency>
        <Required type="61" schemaName="AppCommon/Account/Account_main_system_library.js" displayName="AppCommon/Account/Account_main_system_library.js" solution="msdynce_AppCommon (9.0.4.0066)">
          <package>msdynce_AppCommonAnchor (9.0.22101.10001)</package>
        </Required>
        <Dependent type="60" displayName="CID Portal - In-Year Site Details Form" parentDisplayName="Account" id="{9372c393-c6c4-4c3d-ad72-f92405395e09}" />
      </MissingDependency>
      <MissingDependency>
        <Required type="61" schemaName="cid_account.js" displayName="cid_account.js" solution="Active" />
        <Dependent type="60" displayName="CID Portal - Company Form" parentDisplayName="Account" id="{5e57be58-5702-432c-8aaa-fe91edeb212f}" />
      </MissingDependency>
      <MissingDependency>
        <Required type="61" schemaName="cid_account.js" displayName="cid_account.js" solution="Active" />
        <Dependent type="60" displayName="CID Portal - In-Year Site Details Form" parentDisplayName="Account" id="{9372c393-c6c4-4c3d-ad72-f92405395e09}" />
      </MissingDependency>
      <MissingDependency>
        <Required type="61" schemaName="cid_AddressComplete.htm" displayName="cid_AddressComplete.htm" solution="Active" />
        <Dependent type="60" displayName="CID Portal - Company Form" parentDisplayName="Account" id="{5e57be58-5702-432c-8aaa-fe91edeb212f}" />
      </MissingDependency>
      <MissingDependency>
        <Required type="61" schemaName="cid_AddressComplete.htm" displayName="cid_AddressComplete.htm" solution="Active" />
        <Dependent type="60" displayName="CID Portal - In-Year Site Details Form" parentDisplayName="Account" id="{9372c393-c6c4-4c3d-ad72-f92405395e09}" />
      </MissingDependency>
      <MissingDependency>
        <Required type="61" schemaName="msdyn_/Account/Account.Library.js" displayName="msdyn_/Account/Account.Library.js" solution="FieldService (8.8.0.88)">
          <package>FieldService_Anchor (8.8.76.55)</package>
        </Required>
        <Dependent type="60" displayName="CID Portal - In-Year Site Form" parentDisplayName="Account" id="{4200f627-637b-4d98-8549-cd61d7cb704d}" />
      </MissingDependency>
      <MissingDependency>
        <Required type="61" schemaName="msdyn_/Account/Account.Library.js" displayName="msdyn_/Account/Account.Library.js" solution="FieldService (8.8.0.88)">
          <package>FieldService_Anchor (8.8.76.55)</package>
        </Required>
        <Dependent type="60" displayName="CID Portal - Company Form" parentDisplayName="Account" id="{5e57be58-5702-432c-8aaa-fe91edeb212f}" />
      </MissingDependency>
      <MissingDependency>
        <Required type="61" schemaName="msdyn_/Account/Account.Library.js" displayName="msdyn_/Account/Account.Library.js" solution="FieldService (8.8.0.88)">
          <package>FieldService_Anchor (8.8.76.55)</package>
        </Required>
        <Dependent type="60" displayName="CID Portal - In-Year Site Details Form" parentDisplayName="Account" id="{9372c393-c6c4-4c3d-ad72-f92405395e09}" />
      </MissingDependency>
      <MissingDependency>
        <Required type="61" schemaName="msdyn_/Account/AssetCommon.Account.Library.js" displayName="msdyn_/Account/AssetCommon.Account.Library.js" solution="msdyn_AssetCommon (1.0.28.3)">
          <package>FieldService_Anchor (8.8.76.55)</package>
          <package>msdynce_ServiceAnchor (9.0.22101.1009)</package>
        </Required>
        <Dependent type="60" displayName="CID Portal - In-Year Site Form" parentDisplayName="Account" id="{4200f627-637b-4d98-8549-cd61d7cb704d}" />
      </MissingDependency>
      <MissingDependency>
        <Required type="61" schemaName="msdyn_/Account/AssetCommon.Account.Library.js" displayName="msdyn_/Account/AssetCommon.Account.Library.js" solution="msdyn_AssetCommon (1.0.28.3)">
          <package>FieldService_Anchor (8.8.76.55)</package>
          <package>msdynce_ServiceAnchor (9.0.22101.1009)</package>
        </Required>
        <Dependent type="60" displayName="CID Portal - In-Year Site Details Form" parentDisplayName="Account" id="{9372c393-c6c4-4c3d-ad72-f92405395e09}" />
      </MissingDependency>
      <MissingDependency>
        <Required type="61" schemaName="msdyn_/Utils/FieldServiceTrial.js" displayName="msdyn_/Utils/FieldServiceTrial.js" solution="FieldService (8.8.0.88)">
          <package>FieldService_Anchor (8.8.76.55)</package>
        </Required>
        <Dependent type="60" displayName="CID Portal - In-Year Site Form" parentDisplayName="Account" id="{4200f627-637b-4d98-8549-cd61d7cb704d}" />
      </MissingDependency>
      <MissingDependency>
        <Required type="61" schemaName="msdyn_/Utils/FieldServiceTrial.js" displayName="msdyn_/Utils/FieldServiceTrial.js" solution="FieldService (8.8.0.88)">
          <package>FieldService_Anchor (8.8.76.55)</package>
        </Required>
        <Dependent type="60" displayName="CID Portal - Company Form" parentDisplayName="Account" id="{5e57be58-5702-432c-8aaa-fe91edeb212f}" />
      </MissingDependency>
      <MissingDependency>
        <Required type="61" schemaName="msdyn_/Utils/FieldServiceTrial.js" displayName="msdyn_/Utils/FieldServiceTrial.js" solution="FieldService (8.8.0.88)">
          <package>FieldService_Anchor (8.8.76.55)</package>
        </Required>
        <Dependent type="60" displayName="CID Portal - In-Year Site Details Form" parentDisplayName="Account" id="{9372c393-c6c4-4c3d-ad72-f92405395e09}" />
      </MissingDependency>
      <MissingDependency>
        <Required type="61" schemaName="qm_AccountTDG_main.js" displayName="qm_AccountTDG_main.js" solution="Active" />
        <Dependent type="60" displayName="CID Portal - Company Form" parentDisplayName="Account" id="{5e57be58-5702-432c-8aaa-fe91edeb212f}" />
      </MissingDependency>
      <MissingDependency>
        <Required type="61" schemaName="qm_globalHelper.js" displayName="qm_globalHelper.js" solution="Active" />
        <Dependent type="60" displayName="CID Portal - Company Form" parentDisplayName="Account" id="{5e57be58-5702-432c-8aaa-fe91edeb212f}" />
      </MissingDependency>
      <MissingDependency>
        <Required type="61" schemaName="Sales/ClientCommon/Sales_ClientCommon.js" displayName="Sales/ClientCommon/Sales_ClientCommon.js" solution="msdynce_Sales (9.0.4.0076)">
          <package>msdynce_SalesAnchor (9.0.22101.10001)</package>
        </Required>
        <Dependent type="60" displayName="CID Portal - In-Year Site Form" parentDisplayName="Account" id="{4200f627-637b-4d98-8549-cd61d7cb704d}" />
      </MissingDependency>
      <MissingDependency>
        <Required type="61" schemaName="Sales/ClientCommon/Sales_ClientCommon.js" displayName="Sales/ClientCommon/Sales_ClientCommon.js" solution="msdynce_Sales (9.0.4.0076)">
          <package>msdynce_SalesAnchor (9.0.22101.10001)</package>
        </Required>
        <Dependent type="60" displayName="CID Portal - In-Year Site Details Form" parentDisplayName="Account" id="{9372c393-c6c4-4c3d-ad72-f92405395e09}" />
      </MissingDependency>
      <MissingDependency>
        <Required type="66" schemaName="msdyn_MscrmControls.TreeView.TreeViewControl" displayName="msdyn_MscrmControls.TreeView.TreeViewControl" solution="msdyn_AssetCommon (1.0.28.3)">
          <package>FieldService_Anchor (8.8.76.55)</package>
          <package>msdynce_ServiceAnchor (9.0.22101.1009)</package>
        </Required>
        <Dependent type="60" displayName="CID Portal - Company Form" parentDisplayName="Account" id="{5e57be58-5702-432c-8aaa-fe91edeb212f}" />
      </MissingDependency>
    </MissingDependencies>
  </SolutionManifest>
</ImportExportXml>