{"properties":{"connectionReferences":{"shared_commondataserviceforapps_1":{"impersonation":{"source":"invoker"},"runtimeSource":"embedded","connection":{},"api":{"name":"shared_commondataserviceforapps"}}},"definition":{"$schema":"https://schema.management.azure.com/providers/Microsoft.Logic/schemas/2016-06-01/workflowdefinition.json#","contentVersion":"1.0.0.0","parameters":{"$connections":{"defaultValue":{},"type":"Object"},"$authentication":{"defaultValue":{},"type":"SecureObject"}},"triggers":{"When_a_Work_Order_Closes":{"type":"OpenApiConnectionWebhook","inputs":{"host":{"connectionName":"shared_commondataserviceforapps_1","operationId":"SubscribeWebhookTrigger","apiId":"/providers/Microsoft.PowerApps/apis/shared_commondataserviceforapps"},"parameters":{"subscriptionRequest/message":4,"subscriptionRequest/entityname":"msdyn_workorder","subscriptionRequest/scope":2,"subscriptionRequest/filteringattributes":"msdyn_systemstatus","subscriptionRequest/filterexpression":"msdyn_systemstatus eq 690970004 or msdyn_systemstatus eq 690970005","subscriptionRequest/runas":2},"authentication":"@parameters('$authentication')"}}},"actions":{"Set_Status_to_Inactive_and_Reason_to_Closed":{"runAfter":{},"type":"OpenApiConnection","inputs":{"host":{"connectionName":"shared_commondataserviceforapps_1","operationId":"UpdateRecord","apiId":"/providers/Microsoft.PowerApps/apis/shared_commondataserviceforapps"},"parameters":{"entityName":"msdyn_workorders","recordId":"@triggerOutputs()?['body/msdyn_workorderid']","item/statecode":1,"item/statuscode":918640000},"authentication":"@parameters('$authentication')"}}},"outputs":{}}},"schemaVersion":"1.0.0.0"}