<ImportExportXml xmlns:xsi="http://www.w3.org/2001/XMLSchema-instance">
  <Entities></Entities>
  <Roles></Roles>
  <Workflows></Workflows>
  <FieldSecurityProfiles></FieldSecurityProfiles>
  <Templates />
  <EntityMaps />
  <EntityRelationships />
  <OrganizationSettings />
  <optionsets />
  <CustomControls />
  <SolutionPluginAssemblies>
    <PluginAssembly FullName="TC.PowerApps.RD.Plugins, Version=1.0.0.1, Culture=neutral, PublicKeyToken=736f5e6af1bbf14d" PluginAssemblyId="13a145ac-7880-4f9f-a649-b67d1c3b929d" CustomizationLevel="1">
      <IsolationMode>2</IsolationMode>
      <SourceType>0</SourceType>
      <IntroducedVersion>1.0</IntroducedVersion>
      <FileName>/PluginAssemblies/TCPowerAppsRDPlugins-13A145AC-7880-4F9F-A649-B67D1C3B929D/TCPowerAppsRDPlugins.dll</FileName>
      <PluginTypes>
        <PluginType AssemblyQualifiedName="TC.PowerApps.RD.Plugins.Entities.Account.Account_CompleteAnnualCompliance, TC.PowerApps.RD.Plugins, Version=1.0.0.1, Culture=neutral, PublicKeyToken=736f5e6af1bbf14d" PluginTypeId="147c685d-5efb-4084-b9bf-1bbcc9d138df" Name="TC.PowerApps.RD.Plugins.Entities.Account.Account_CompleteAnnualCompliance">
          <FriendlyName>2f6dcf3c-9f0e-475a-b830-c59680465da3</FriendlyName>
        </PluginType>
        <PluginType AssemblyQualifiedName="TC.PowerApps.RD.Plugins.Entities.Account.Account_CreateHOTIOperation, TC.PowerApps.RD.Plugins, Version=1.0.0.1, Culture=neutral, PublicKeyToken=736f5e6af1bbf14d" PluginTypeId="1e990ad8-535b-49f8-82f9-7eaae89c6efa" Name="TC.PowerApps.RD.Plugins.Entities.Account.Account_CreateHOTIOperation">
          <FriendlyName>5957733c-e030-4a5d-b9d9-ed0fe5f385dc</FriendlyName>
        </PluginType>
        <PluginType AssemblyQualifiedName="TC.PowerApps.RD.Plugins.Entities.Account.Account_DuplicateCheck, TC.PowerApps.RD.Plugins, Version=1.0.0.1, Culture=neutral, PublicKeyToken=736f5e6af1bbf14d" PluginTypeId="ad462d09-1c3e-470f-9a0e-79401670e2ff" Name="TC.PowerApps.RD.Plugins.Entities.Account.Account_DuplicateCheck">
          <FriendlyName>8d577bc1-e7db-4a37-b82d-4c03686d65b6</FriendlyName>
        </PluginType>
        <PluginType AssemblyQualifiedName="TC.PowerApps.RD.Plugins.Entities.Account.Account_DuplicateCheck_PreUpdate, TC.PowerApps.RD.Plugins, Version=1.0.0.1, Culture=neutral, PublicKeyToken=736f5e6af1bbf14d" PluginTypeId="2d6c056c-bb92-4921-aad4-6f4f43a64271" Name="TC.PowerApps.RD.Plugins.Entities.Account.Account_DuplicateCheck_PreUpdate">
          <FriendlyName>0572c0a6-c105-483b-9f94-2cae116ffdd0</FriendlyName>
        </PluginType>
        <PluginType AssemblyQualifiedName="TC.PowerApps.RD.Plugins.Entities.Account.Account_SiteType_Update, TC.PowerApps.RD.Plugins, Version=1.0.0.1, Culture=neutral, PublicKeyToken=736f5e6af1bbf14d" PluginTypeId="32e1b64a-00c3-426e-9b68-2a1785673d39" Name="TC.PowerApps.RD.Plugins.Entities.Account.Account_SiteType_Update">
          <FriendlyName>2cfb681d-0628-46f6-ab2a-0d74c1013913</FriendlyName>
        </PluginType>
        <PluginType AssemblyQualifiedName="TC.PowerApps.RD.Plugins.Entities.Account.Account_UpdateCIDInvitationOnUpdate, TC.PowerApps.RD.Plugins, Version=1.0.0.1, Culture=neutral, PublicKeyToken=736f5e6af1bbf14d" PluginTypeId="6483efd3-6a01-4a2e-bb47-9b6248198fba" Name="TC.PowerApps.RD.Plugins.Entities.Account.Account_UpdateCIDInvitationOnUpdate">
          <FriendlyName>1f3056b3-bf51-47ea-9c43-4493d00f6869</FriendlyName>
        </PluginType>
        <PluginType AssemblyQualifiedName="TC.PowerApps.RD.Plugins.Entities.CIDInvitation.CreateCIDInvitationRecord_OnPostCreate, TC.PowerApps.RD.Plugins, Version=1.0.0.1, Culture=neutral, PublicKeyToken=736f5e6af1bbf14d" PluginTypeId="b56d3448-d9a1-480a-9c6d-7e9a449a66f0" Name="TC.PowerApps.RD.Plugins.Entities.CIDInvitation.CreateCIDInvitationRecord_OnPostCreate">
          <FriendlyName>789a31cb-db15-4c82-bbd4-3eaf42f4fd16</FriendlyName>
        </PluginType>
        <PluginType AssemblyQualifiedName="TC.PowerApps.RD.Plugins.Entities.Common.ConcatenateCreateAndModifyFields, TC.PowerApps.RD.Plugins, Version=1.0.0.1, Culture=neutral, PublicKeyToken=736f5e6af1bbf14d" PluginTypeId="d8e7edd6-2b0f-4423-b908-8493427f267d" Name="TC.PowerApps.RD.Plugins.Entities.Common.ConcatenateCreateAndModifyFields">
          <FriendlyName>8f6439f3-cc5e-4501-98f0-a4c07d3e1b03</FriendlyName>
        </PluginType>
        <PluginType AssemblyQualifiedName="TC.PowerApps.RD.Plugins.Entities.CompanyERAP.CompanyERAP_PreCreate, TC.PowerApps.RD.Plugins, Version=1.0.0.1, Culture=neutral, PublicKeyToken=736f5e6af1bbf14d" PluginTypeId="254d0e3a-5245-497f-932b-6dcc36679509" Name="TC.PowerApps.RD.Plugins.Entities.CompanyERAP.CompanyERAP_PreCreate">
          <FriendlyName>2b8ad6d6-2720-4a16-b676-6671c372833d</FriendlyName>
        </PluginType>
        <PluginType AssemblyQualifiedName="TC.PowerApps.RD.Plugins.Entities.CompanyERAP.CompanyERAP_PreUpdate, TC.PowerApps.RD.Plugins, Version=1.0.0.1, Culture=neutral, PublicKeyToken=736f5e6af1bbf14d" PluginTypeId="abdeb9a3-16a3-4a98-85d9-443aec6ab24b" Name="TC.PowerApps.RD.Plugins.Entities.CompanyERAP.CompanyERAP_PreUpdate">
          <FriendlyName>6f9cffb0-55ce-4a6a-b749-6d27458c8cd9</FriendlyName>
        </PluginType>
        <PluginType AssemblyQualifiedName="TC.PowerApps.RD.Plugins.Entities.CompanyNAICS.CompanyNAICS_PreCreate, TC.PowerApps.RD.Plugins, Version=1.0.0.1, Culture=neutral, PublicKeyToken=736f5e6af1bbf14d" PluginTypeId="68b7993c-efe1-49b3-9fed-67bfd0042022" Name="TC.PowerApps.RD.Plugins.Entities.CompanyNAICS.CompanyNAICS_PreCreate">
          <FriendlyName>eff79e9b-2345-414b-8bbb-082a81801f7c</FriendlyName>
        </PluginType>
        <PluginType AssemblyQualifiedName="TC.PowerApps.RD.Plugins.Entities.CompanyNAICS.CompanyNAICS_PreUpdate, TC.PowerApps.RD.Plugins, Version=1.0.0.1, Culture=neutral, PublicKeyToken=736f5e6af1bbf14d" PluginTypeId="be2bb31f-ed95-4971-a904-22c62a2294a9" Name="TC.PowerApps.RD.Plugins.Entities.CompanyNAICS.CompanyNAICS_PreUpdate">
          <FriendlyName>44ea2696-4007-482c-bbb4-7daa482e3f9b</FriendlyName>
        </PluginType>
        <PluginType AssemblyQualifiedName="TC.PowerApps.RD.Plugins.Entities.Contact.Contact_PreCreate, TC.PowerApps.RD.Plugins, Version=1.0.0.1, Culture=neutral, PublicKeyToken=736f5e6af1bbf14d" PluginTypeId="973ceb58-4dfd-402d-9757-7f508b815dd4" Name="TC.PowerApps.RD.Plugins.Entities.Contact.Contact_PreCreate">
          <FriendlyName>11857a7d-95c1-43ea-9e4f-7eec289fb074</FriendlyName>
        </PluginType>
        <PluginType AssemblyQualifiedName="TC.PowerApps.RD.Plugins.Entities.Contact.Contact_PreUpdate, TC.PowerApps.RD.Plugins, Version=1.0.0.1, Culture=neutral, PublicKeyToken=736f5e6af1bbf14d" PluginTypeId="87774624-c85f-4b53-95f7-c2ccfce88b17" Name="TC.PowerApps.RD.Plugins.Entities.Contact.Contact_PreUpdate">
          <FriendlyName>84fe03a4-4304-47fb-b13c-155fbe05acb6</FriendlyName>
        </PluginType>
        <PluginType AssemblyQualifiedName="TC.PowerApps.RD.Plugins.Entities.Invitation.Adx_Invitation_preCreate_BlockManualCreationInvitationIfRegistered, TC.PowerApps.RD.Plugins, Version=1.0.0.1, Culture=neutral, PublicKeyToken=736f5e6af1bbf14d" PluginTypeId="d5efa7dc-472e-4a0a-a221-25c9b32a7e2c" Name="TC.PowerApps.RD.Plugins.Entities.Invitation.Adx_Invitation_preCreate_BlockManualCreationInvitationIfRegistered">
          <FriendlyName>7ae36111-737b-484c-9158-806548efaa5e</FriendlyName>
        </PluginType>
        <PluginType AssemblyQualifiedName="TC.PowerApps.RD.Plugins.Entities.Operation.Operation_ResetSiteAttestation, TC.PowerApps.RD.Plugins, Version=1.0.0.1, Culture=neutral, PublicKeyToken=736f5e6af1bbf14d" PluginTypeId="c09ed256-b54c-490e-bded-e132e31df43f" Name="TC.PowerApps.RD.Plugins.Entities.Operation.Operation_ResetSiteAttestation">
          <FriendlyName>f9f6e4eb-4e3b-48b4-a7a2-9f3dd2723701</FriendlyName>
        </PluginType>
        <PluginType AssemblyQualifiedName="TC.PowerApps.RD.Plugins.Entities.SiteClass.SiteClass_PreCreate, TC.PowerApps.RD.Plugins, Version=1.0.0.1, Culture=neutral, PublicKeyToken=736f5e6af1bbf14d" PluginTypeId="a5a663ac-d8af-4cbe-92b2-fdcc17c63a39" Name="TC.PowerApps.RD.Plugins.Entities.SiteClass.SiteClass_PreCreate">
          <FriendlyName>76b2c586-4587-4b24-a3c5-8f0a7250fee7</FriendlyName>
        </PluginType>
        <PluginType AssemblyQualifiedName="TC.PowerApps.RD.Plugins.Entities.SiteClass.SiteClass_PreUpdate, TC.PowerApps.RD.Plugins, Version=1.0.0.1, Culture=neutral, PublicKeyToken=736f5e6af1bbf14d" PluginTypeId="57f4b0f8-c7d9-4feb-aa52-e8e1d755a38c" Name="TC.PowerApps.RD.Plugins.Entities.SiteClass.SiteClass_PreUpdate">
          <FriendlyName>5f8e869a-d1ba-4c10-8d35-3312010c7182</FriendlyName>
        </PluginType>
        <PluginType AssemblyQualifiedName="TC.PowerApps.RD.Plugins.Entities.SiteClass.SiteClass_ResetSiteAttestation, TC.PowerApps.RD.Plugins, Version=1.0.0.1, Culture=neutral, PublicKeyToken=736f5e6af1bbf14d" PluginTypeId="e259bc1d-88ab-456d-b8e3-f5f3dd11e08c" Name="TC.PowerApps.RD.Plugins.Entities.SiteClass.SiteClass_ResetSiteAttestation">
          <FriendlyName>bd6074ed-dabf-4da8-bcb8-8e461ee9380f</FriendlyName>
        </PluginType>
        <PluginType AssemblyQualifiedName="TC.PowerApps.RD.Plugins.Entities.SiteUNNumber.SiteUNNumber_PreCreate, TC.PowerApps.RD.Plugins, Version=1.0.0.1, Culture=neutral, PublicKeyToken=736f5e6af1bbf14d" PluginTypeId="85ae9e6f-b713-45f1-86a9-e2b0d9bf14eb" Name="TC.PowerApps.RD.Plugins.Entities.SiteUNNumber.SiteUNNumber_PreCreate">
          <FriendlyName>95a81412-9a0c-48f7-a868-3d769bc36d31</FriendlyName>
        </PluginType>
        <PluginType AssemblyQualifiedName="TC.PowerApps.RD.Plugins.Entities.SiteUNNumber.SiteUNNumber_PreUpdate, TC.PowerApps.RD.Plugins, Version=1.0.0.1, Culture=neutral, PublicKeyToken=736f5e6af1bbf14d" PluginTypeId="390045b7-5f82-447e-b00d-94ee27b2da4f" Name="TC.PowerApps.RD.Plugins.Entities.SiteUNNumber.SiteUNNumber_PreUpdate">
          <FriendlyName>6c91c2d6-a3a5-450b-bede-b829949485ea</FriendlyName>
        </PluginType>
        <PluginType AssemblyQualifiedName="TC.PowerApps.RD.Plugins.Entities.SiteUNNumber.SiteUNNumber_ResetSiteAttestation, TC.PowerApps.RD.Plugins, Version=1.0.0.1, Culture=neutral, PublicKeyToken=736f5e6af1bbf14d" PluginTypeId="52634643-8f75-45bb-bb49-783fe47ae998" Name="TC.PowerApps.RD.Plugins.Entities.SiteUNNumber.SiteUNNumber_ResetSiteAttestation">
          <FriendlyName>98f27286-374d-4f9d-8980-fa82f966307c</FriendlyName>
        </PluginType>
      </PluginTypes>
    </PluginAssembly>
  </SolutionPluginAssemblies>
  <SdkMessageProcessingSteps>
    <SdkMessageProcessingStep Name="TC.PowerApps.RD.Plugins.Entities.Account.Account_CompleteAnnualCompliance: Update of account" SdkMessageProcessingStepId="{46027023-1f7b-ed11-81ac-0022483e130e}">
      <SdkMessageId>20bebb1b-ea3e-db11-86a7-000a3a5473e8</SdkMessageId>
      <PluginTypeName>TC.PowerApps.RD.Plugins.Entities.Account.Account_CompleteAnnualCompliance, TC.PowerApps.RD.Plugins, Version=1.0.0.1, Culture=neutral, PublicKeyToken=736f5e6af1bbf14d</PluginTypeName>
      <PluginTypeId>147c685d-5efb-4084-b9bf-1bbcc9d138df</PluginTypeId>
      <PrimaryEntity>account</PrimaryEntity>
      <AsyncAutoDelete>0</AsyncAutoDelete>
      <Description>TC.PowerApps.RD.Plugins.Entities.Account.Account_CompleteAnnualCompliance: Update of account</Description>
      <FilteringAttributes>cid_annualcompliancecompletiondate</FilteringAttributes>
      <InvocationSource>0</InvocationSource>
      <Mode>0</Mode>
      <Rank>1</Rank>
      <EventHandlerTypeCode>4602</EventHandlerTypeCode>
      <Stage>10</Stage>
      <IsCustomizable>1</IsCustomizable>
      <IsHidden>0</IsHidden>
      <SupportedDeployment>0</SupportedDeployment>
      <IntroducedVersion>1.0</IntroducedVersion>
      <SdkMessageProcessingStepImages />
    </SdkMessageProcessingStep>
    <SdkMessageProcessingStep Name="TC.PowerApps.RD.Plugins.Entities.Account.Account_CreateHOTIOperation: Create of account" SdkMessageProcessingStepId="{04ba7410-117b-ed11-81ac-0022483e130e}">
      <SdkMessageId>9ebdbb1b-ea3e-db11-86a7-000a3a5473e8</SdkMessageId>
      <PluginTypeName>TC.PowerApps.RD.Plugins.Entities.Account.Account_CreateHOTIOperation, TC.PowerApps.RD.Plugins, Version=1.0.0.1, Culture=neutral, PublicKeyToken=736f5e6af1bbf14d</PluginTypeName>
      <PluginTypeId>1e990ad8-535b-49f8-82f9-7eaae89c6efa</PluginTypeId>
      <PrimaryEntity>account</PrimaryEntity>
      <AsyncAutoDelete>0</AsyncAutoDelete>
      <Description>TC.PowerApps.RD.Plugins.Entities.Account.Account_CreateHOTIOperation: Create of account</Description>
      <FilteringAttributes></FilteringAttributes>
      <InvocationSource>1</InvocationSource>
      <Mode>0</Mode>
      <Rank>1</Rank>
      <EventHandlerTypeCode>4602</EventHandlerTypeCode>
      <Stage>40</Stage>
      <IsCustomizable>1</IsCustomizable>
      <IsHidden>0</IsHidden>
      <SupportedDeployment>0</SupportedDeployment>
      <IntroducedVersion>1.0</IntroducedVersion>
      <SdkMessageProcessingStepImages />
    </SdkMessageProcessingStep>
    <SdkMessageProcessingStep Name="TC.PowerApps.RD.Plugins.Entities.Account.Account_DuplicateCheck: Create of account" SdkMessageProcessingStepId="{78fbe357-267b-ed11-81ad-0022483d0343}">
      <SdkMessageId>9ebdbb1b-ea3e-db11-86a7-000a3a5473e8</SdkMessageId>
      <PluginTypeName>TC.PowerApps.RD.Plugins.Entities.Account.Account_DuplicateCheck, TC.PowerApps.RD.Plugins, Version=1.0.0.1, Culture=neutral, PublicKeyToken=736f5e6af1bbf14d</PluginTypeName>
      <PluginTypeId>ad462d09-1c3e-470f-9a0e-79401670e2ff</PluginTypeId>
      <PrimaryEntity>account</PrimaryEntity>
      <AsyncAutoDelete>0</AsyncAutoDelete>
      <Description>TC.PowerApps.RD.Plugins.Entities.Account.Account_DuplicateCheck: Create of account</Description>
      <FilteringAttributes></FilteringAttributes>
      <InvocationSource>1</InvocationSource>
      <Mode>0</Mode>
      <Rank>1</Rank>
      <EventHandlerTypeCode>4602</EventHandlerTypeCode>
      <Stage>20</Stage>
      <IsCustomizable>1</IsCustomizable>
      <IsHidden>0</IsHidden>
      <SupportedDeployment>0</SupportedDeployment>
      <IntroducedVersion>1.0</IntroducedVersion>
      <SdkMessageProcessingStepImages />
    </SdkMessageProcessingStep>
    <SdkMessageProcessingStep Name="TC.PowerApps.RD.Plugins.Entities.Account.Account_DuplicateCheck_PreUpdate: Update of account" SdkMessageProcessingStepId="{4717db36-cf7b-ed11-81ad-0022483d0343}">
      <SdkMessageId>20bebb1b-ea3e-db11-86a7-000a3a5473e8</SdkMessageId>
      <PluginTypeName>TC.PowerApps.RD.Plugins.Entities.Account.Account_DuplicateCheck_PreUpdate, TC.PowerApps.RD.Plugins, Version=1.0.0.1, Culture=neutral, PublicKeyToken=736f5e6af1bbf14d</PluginTypeName>
      <PluginTypeId>2d6c056c-bb92-4921-aad4-6f4f43a64271</PluginTypeId>
      <PrimaryEntity>account</PrimaryEntity>
      <AsyncAutoDelete>0</AsyncAutoDelete>
      <Description>TC.PowerApps.RD.Plugins.Entities.Account.Account_DuplicateCheck_PreUpdate: Update of account</Description>
      <FilteringAttributes>cid_crabusinessnumber,ovs_legalname,customertypecode</FilteringAttributes>
      <InvocationSource>1</InvocationSource>
      <Mode>0</Mode>
      <Rank>1</Rank>
      <EventHandlerTypeCode>4602</EventHandlerTypeCode>
      <Stage>20</Stage>
      <IsCustomizable>1</IsCustomizable>
      <IsHidden>0</IsHidden>
      <SupportedDeployment>0</SupportedDeployment>
      <IntroducedVersion>1.0</IntroducedVersion>
      <SdkMessageProcessingStepImages>
        <SdkMessageProcessingStepImage Name="PreImage">
          <SdkMessageProcessingStepImageId>{37ee6410-d07b-ed11-81ad-0022483d0343}</SdkMessageProcessingStepImageId>
          <Attributes>cid_crabusinessnumber,ovs_legalname,customertypecode</Attributes>
          <EntityAlias>PreImage</EntityAlias>
          <ImageType>0</ImageType>
          <MessagePropertyName>Target</MessagePropertyName>
          <IsCustomizable>1</IsCustomizable>
        </SdkMessageProcessingStepImage>
      </SdkMessageProcessingStepImages>
    </SdkMessageProcessingStep>
    <SdkMessageProcessingStep Name="TC.PowerApps.RD.Plugins.Entities.Account.Account_SiteType_Update: Update of account" SdkMessageProcessingStepId="{8834e403-127b-ed11-81ac-0022483e130e}">
      <SdkMessageId>20bebb1b-ea3e-db11-86a7-000a3a5473e8</SdkMessageId>
      <PluginTypeName>TC.PowerApps.RD.Plugins.Entities.Account.Account_SiteType_Update, TC.PowerApps.RD.Plugins, Version=1.0.0.1, Culture=neutral, PublicKeyToken=736f5e6af1bbf14d</PluginTypeName>
      <PluginTypeId>32e1b64a-00c3-426e-9b68-2a1785673d39</PluginTypeId>
      <PrimaryEntity>account</PrimaryEntity>
      <AsyncAutoDelete>0</AsyncAutoDelete>
      <Description>TC.PowerApps.RD.Plugins.Entities.Account.Account_SiteType_Update: Update of account</Description>
      <FilteringAttributes>cid_requirementlevel</FilteringAttributes>
      <InvocationSource>1</InvocationSource>
      <Mode>0</Mode>
      <Rank>1</Rank>
      <EventHandlerTypeCode>4602</EventHandlerTypeCode>
      <Stage>20</Stage>
      <IsCustomizable>1</IsCustomizable>
      <IsHidden>0</IsHidden>
      <SupportedDeployment>0</SupportedDeployment>
      <IntroducedVersion>1.0</IntroducedVersion>
      <SdkMessageProcessingStepImages />
    </SdkMessageProcessingStep>
    <SdkMessageProcessingStep Name="TC.PowerApps.RD.Plugins.Entities.Account.Account_UpdateCIDInvitationOnUpdate: Update of account" SdkMessageProcessingStepId="{22204e33-707b-ed11-81ad-0022483d0343}">
      <SdkMessageId>20bebb1b-ea3e-db11-86a7-000a3a5473e8</SdkMessageId>
      <PluginTypeName>TC.PowerApps.RD.Plugins.Entities.Account.Account_UpdateCIDInvitationOnUpdate, TC.PowerApps.RD.Plugins, Version=1.0.0.1, Culture=neutral, PublicKeyToken=736f5e6af1bbf14d</PluginTypeName>
      <PluginTypeId>6483efd3-6a01-4a2e-bb47-9b6248198fba</PluginTypeId>
      <PrimaryEntity>account</PrimaryEntity>
      <AsyncAutoDelete>0</AsyncAutoDelete>
      <Description>TC.PowerApps.RD.Plugins.Entities.Account.Account_UpdateCIDInvitationOnUpdate: Update of account</Description>
      <FilteringAttributes>address1_composite,ovs_address_display,cid_cidcompanystatus,ovs_address1_province</FilteringAttributes>
      <InvocationSource>1</InvocationSource>
      <Mode>0</Mode>
      <Rank>1</Rank>
      <EventHandlerTypeCode>4602</EventHandlerTypeCode>
      <Stage>40</Stage>
      <IsCustomizable>1</IsCustomizable>
      <IsHidden>0</IsHidden>
      <SupportedDeployment>0</SupportedDeployment>
      <IntroducedVersion>1.0</IntroducedVersion>
      <SdkMessageProcessingStepImages />
    </SdkMessageProcessingStep>
    <SdkMessageProcessingStep Name="TC.PowerApps.RD.Plugins.Entities.CIDInvitation.CreateCIDInvitationRecord_OnPostCreate: Create of adx_invitation" SdkMessageProcessingStepId="{9160924e-127b-ed11-81ac-0022483e130e}">
      <SdkMessageId>9ebdbb1b-ea3e-db11-86a7-000a3a5473e8</SdkMessageId>
      <PluginTypeName>TC.PowerApps.RD.Plugins.Entities.CIDInvitation.CreateCIDInvitationRecord_OnPostCreate, TC.PowerApps.RD.Plugins, Version=1.0.0.1, Culture=neutral, PublicKeyToken=736f5e6af1bbf14d</PluginTypeName>
      <PluginTypeId>b56d3448-d9a1-480a-9c6d-7e9a449a66f0</PluginTypeId>
      <PrimaryEntity>adx_invitation</PrimaryEntity>
      <AsyncAutoDelete>0</AsyncAutoDelete>
      <Description>TC.PowerApps.RD.Plugins.Entities.CIDInvitation.CreateCIDInvitationRecord_OnPostCreate: Create of adx_invitation</Description>
      <FilteringAttributes></FilteringAttributes>
      <InvocationSource>1</InvocationSource>
      <Mode>0</Mode>
      <Rank>1</Rank>
      <EventHandlerTypeCode>4602</EventHandlerTypeCode>
      <Stage>40</Stage>
      <IsCustomizable>1</IsCustomizable>
      <IsHidden>0</IsHidden>
      <SupportedDeployment>0</SupportedDeployment>
      <IntroducedVersion>1.0</IntroducedVersion>
      <SdkMessageProcessingStepImages />
    </SdkMessageProcessingStep>
    <SdkMessageProcessingStep Name="TC.PowerApps.RD.Plugins.Entities.CIDInvitation.CreateCIDInvitationRecord_OnPostCreate: Update of adx_invitation" SdkMessageProcessingStepId="{3b05c636-1f7b-ed11-81ad-0022483d0343}">
      <SdkMessageId>20bebb1b-ea3e-db11-86a7-000a3a5473e8</SdkMessageId>
      <PluginTypeName>TC.PowerApps.RD.Plugins.Entities.CIDInvitation.CreateCIDInvitationRecord_OnPostCreate, TC.PowerApps.RD.Plugins, Version=1.0.0.1, Culture=neutral, PublicKeyToken=736f5e6af1bbf14d</PluginTypeName>
      <PluginTypeId>b56d3448-d9a1-480a-9c6d-7e9a449a66f0</PluginTypeId>
      <PrimaryEntity>adx_invitation</PrimaryEntity>
      <AsyncAutoDelete>0</AsyncAutoDelete>
      <Description>TC.PowerApps.RD.Plugins.Entities.CIDInvitation.CreateCIDInvitationRecord_OnPostCreate: Update of adx_invitation</Description>
      <FilteringAttributes>adx_assigntoaccount,adx_expirydate,adx_invitationid,adx_invitationcode,adx_invitecontact,adx_invitercontact,adx_name,statecode,statuscode,adx_type</FilteringAttributes>
      <InvocationSource>1</InvocationSource>
      <Mode>0</Mode>
      <Rank>1</Rank>
      <EventHandlerTypeCode>4602</EventHandlerTypeCode>
      <Stage>40</Stage>
      <IsCustomizable>1</IsCustomizable>
      <IsHidden>0</IsHidden>
      <SupportedDeployment>0</SupportedDeployment>
      <IntroducedVersion>1.0</IntroducedVersion>
      <SdkMessageProcessingStepImages>
        <SdkMessageProcessingStepImage Name="PreImage">
          <SdkMessageProcessingStepImageId>{7a6c275a-1f7b-ed11-81ac-0022483e130e}</SdkMessageProcessingStepImageId>
          <Attributes>adx_assigntoaccount,adx_expirydate,adx_invitationid,adx_invitationcode,adx_invitecontact,adx_invitercontact,statecode,statuscode,adx_type</Attributes>
          <EntityAlias>PreImage</EntityAlias>
          <ImageType>0</ImageType>
          <MessagePropertyName>Target</MessagePropertyName>
          <IsCustomizable>1</IsCustomizable>
        </SdkMessageProcessingStepImage>
      </SdkMessageProcessingStepImages>
    </SdkMessageProcessingStep>
    <SdkMessageProcessingStep Name="TC.PowerApps.RD.Plugins.Entities.Common.ConcatenateCreateAndModifyFields: Create of account" SdkMessageProcessingStepId="{ccdb14b6-127b-ed11-81ad-0022483d0343}">
      <SdkMessageId>9ebdbb1b-ea3e-db11-86a7-000a3a5473e8</SdkMessageId>
      <PluginTypeName>TC.PowerApps.RD.Plugins.Entities.Common.ConcatenateCreateAndModifyFields, TC.PowerApps.RD.Plugins, Version=1.0.0.1, Culture=neutral, PublicKeyToken=736f5e6af1bbf14d</PluginTypeName>
      <PluginTypeId>d8e7edd6-2b0f-4423-b908-8493427f267d</PluginTypeId>
      <PrimaryEntity>account</PrimaryEntity>
      <AsyncAutoDelete>0</AsyncAutoDelete>
      <Description>TC.PowerApps.RD.Plugins.Entities.Common.ConcatenateCreateAndModifyFields: Create of account</Description>
      <FilteringAttributes></FilteringAttributes>
      <InvocationSource>1</InvocationSource>
      <Mode>0</Mode>
      <Rank>1</Rank>
      <EventHandlerTypeCode>4602</EventHandlerTypeCode>
      <Stage>20</Stage>
      <IsCustomizable>1</IsCustomizable>
      <IsHidden>0</IsHidden>
      <SupportedDeployment>0</SupportedDeployment>
      <IntroducedVersion>1.0</IntroducedVersion>
      <SdkMessageProcessingStepImages />
    </SdkMessageProcessingStep>
    <SdkMessageProcessingStep Name="TC.PowerApps.RD.Plugins.Entities.Common.ConcatenateCreateAndModifyFields: Create of cid_companyerap" SdkMessageProcessingStepId="{da1f07e4-127b-ed11-81ac-0022483e130e}">
      <SdkMessageId>9ebdbb1b-ea3e-db11-86a7-000a3a5473e8</SdkMessageId>
      <PluginTypeName>TC.PowerApps.RD.Plugins.Entities.Common.ConcatenateCreateAndModifyFields, TC.PowerApps.RD.Plugins, Version=1.0.0.1, Culture=neutral, PublicKeyToken=736f5e6af1bbf14d</PluginTypeName>
      <PluginTypeId>d8e7edd6-2b0f-4423-b908-8493427f267d</PluginTypeId>
      <PrimaryEntity>cid_companyerap</PrimaryEntity>
      <AsyncAutoDelete>0</AsyncAutoDelete>
      <Description>TC.PowerApps.RD.Plugins.Entities.Common.ConcatenateCreateAndModifyFields: Create of cid_companyerap</Description>
      <FilteringAttributes></FilteringAttributes>
      <InvocationSource>1</InvocationSource>
      <Mode>0</Mode>
      <Rank>1</Rank>
      <EventHandlerTypeCode>4602</EventHandlerTypeCode>
      <Stage>20</Stage>
      <IsCustomizable>1</IsCustomizable>
      <IsHidden>0</IsHidden>
      <SupportedDeployment>0</SupportedDeployment>
      <IntroducedVersion>1.0</IntroducedVersion>
      <SdkMessageProcessingStepImages />
    </SdkMessageProcessingStep>
    <SdkMessageProcessingStep Name="TC.PowerApps.RD.Plugins.Entities.Common.ConcatenateCreateAndModifyFields: Create of cid_companynaicscode" SdkMessageProcessingStepId="{5428d3f8-127b-ed11-81ac-0022483e130e}">
      <SdkMessageId>9ebdbb1b-ea3e-db11-86a7-000a3a5473e8</SdkMessageId>
      <PluginTypeName>TC.PowerApps.RD.Plugins.Entities.Common.ConcatenateCreateAndModifyFields, TC.PowerApps.RD.Plugins, Version=1.0.0.1, Culture=neutral, PublicKeyToken=736f5e6af1bbf14d</PluginTypeName>
      <PluginTypeId>d8e7edd6-2b0f-4423-b908-8493427f267d</PluginTypeId>
      <PrimaryEntity>cid_companynaicscode</PrimaryEntity>
      <AsyncAutoDelete>0</AsyncAutoDelete>
      <Description>TC.PowerApps.RD.Plugins.Entities.Common.ConcatenateCreateAndModifyFields: Create of cid_companynaicscode</Description>
      <FilteringAttributes></FilteringAttributes>
      <InvocationSource>1</InvocationSource>
      <Mode>0</Mode>
      <Rank>1</Rank>
      <EventHandlerTypeCode>4602</EventHandlerTypeCode>
      <Stage>20</Stage>
      <IsCustomizable>1</IsCustomizable>
      <IsHidden>0</IsHidden>
      <SupportedDeployment>0</SupportedDeployment>
      <IntroducedVersion>1.0</IntroducedVersion>
      <SdkMessageProcessingStepImages />
    </SdkMessageProcessingStep>
    <SdkMessageProcessingStep Name="TC.PowerApps.RD.Plugins.Entities.Common.ConcatenateCreateAndModifyFields: Create of contact" SdkMessageProcessingStepId="{95238c1f-137b-ed11-81ad-0022483d0343}">
      <SdkMessageId>9ebdbb1b-ea3e-db11-86a7-000a3a5473e8</SdkMessageId>
      <PluginTypeName>TC.PowerApps.RD.Plugins.Entities.Common.ConcatenateCreateAndModifyFields, TC.PowerApps.RD.Plugins, Version=1.0.0.1, Culture=neutral, PublicKeyToken=736f5e6af1bbf14d</PluginTypeName>
      <PluginTypeId>d8e7edd6-2b0f-4423-b908-8493427f267d</PluginTypeId>
      <PrimaryEntity>contact</PrimaryEntity>
      <AsyncAutoDelete>0</AsyncAutoDelete>
      <Description>TC.PowerApps.RD.Plugins.Entities.Common.ConcatenateCreateAndModifyFields: Create of contact</Description>
      <FilteringAttributes></FilteringAttributes>
      <InvocationSource>1</InvocationSource>
      <Mode>0</Mode>
      <Rank>1</Rank>
      <EventHandlerTypeCode>4602</EventHandlerTypeCode>
      <Stage>20</Stage>
      <IsCustomizable>1</IsCustomizable>
      <IsHidden>0</IsHidden>
      <SupportedDeployment>0</SupportedDeployment>
      <IntroducedVersion>1.0</IntroducedVersion>
      <SdkMessageProcessingStepImages />
    </SdkMessageProcessingStep>
    <SdkMessageProcessingStep Name="TC.PowerApps.RD.Plugins.Entities.Common.ConcatenateCreateAndModifyFields: Create of ovs_operationclass" SdkMessageProcessingStepId="{e4d8ab44-137b-ed11-81ad-0022483d0343}">
      <SdkMessageId>9ebdbb1b-ea3e-db11-86a7-000a3a5473e8</SdkMessageId>
      <PluginTypeName>TC.PowerApps.RD.Plugins.Entities.Common.ConcatenateCreateAndModifyFields, TC.PowerApps.RD.Plugins, Version=1.0.0.1, Culture=neutral, PublicKeyToken=736f5e6af1bbf14d</PluginTypeName>
      <PluginTypeId>d8e7edd6-2b0f-4423-b908-8493427f267d</PluginTypeId>
      <PrimaryEntity>ovs_operationclass</PrimaryEntity>
      <AsyncAutoDelete>0</AsyncAutoDelete>
      <Description>TC.PowerApps.RD.Plugins.Entities.Common.ConcatenateCreateAndModifyFields: Create of ovs_operationclass</Description>
      <FilteringAttributes></FilteringAttributes>
      <InvocationSource>1</InvocationSource>
      <Mode>0</Mode>
      <Rank>1</Rank>
      <EventHandlerTypeCode>4602</EventHandlerTypeCode>
      <Stage>20</Stage>
      <IsCustomizable>1</IsCustomizable>
      <IsHidden>0</IsHidden>
      <SupportedDeployment>0</SupportedDeployment>
      <IntroducedVersion>1.0</IntroducedVersion>
      <SdkMessageProcessingStepImages />
    </SdkMessageProcessingStep>
    <SdkMessageProcessingStep Name="TC.PowerApps.RD.Plugins.Entities.Common.ConcatenateCreateAndModifyFields: Create of ovs_operationunnumber" SdkMessageProcessingStepId="{989c635f-137b-ed11-81ac-0022483e130e}">
      <SdkMessageId>9ebdbb1b-ea3e-db11-86a7-000a3a5473e8</SdkMessageId>
      <PluginTypeName>TC.PowerApps.RD.Plugins.Entities.Common.ConcatenateCreateAndModifyFields, TC.PowerApps.RD.Plugins, Version=1.0.0.1, Culture=neutral, PublicKeyToken=736f5e6af1bbf14d</PluginTypeName>
      <PluginTypeId>d8e7edd6-2b0f-4423-b908-8493427f267d</PluginTypeId>
      <PrimaryEntity>ovs_operationunnumber</PrimaryEntity>
      <AsyncAutoDelete>0</AsyncAutoDelete>
      <Description>TC.PowerApps.RD.Plugins.Entities.Common.ConcatenateCreateAndModifyFields: Create of ovs_operationunnumber</Description>
      <FilteringAttributes></FilteringAttributes>
      <InvocationSource>1</InvocationSource>
      <Mode>0</Mode>
      <Rank>1</Rank>
      <EventHandlerTypeCode>4602</EventHandlerTypeCode>
      <Stage>20</Stage>
      <IsCustomizable>1</IsCustomizable>
      <IsHidden>0</IsHidden>
      <SupportedDeployment>0</SupportedDeployment>
      <IntroducedVersion>1.0</IntroducedVersion>
      <SdkMessageProcessingStepImages />
    </SdkMessageProcessingStep>
    <SdkMessageProcessingStep Name="TC.PowerApps.RD.Plugins.Entities.Common.ConcatenateCreateAndModifyFields: Update of account" SdkMessageProcessingStepId="{b87657d6-137b-ed11-81ac-0022483e130e}">
      <SdkMessageId>20bebb1b-ea3e-db11-86a7-000a3a5473e8</SdkMessageId>
      <PluginTypeName>TC.PowerApps.RD.Plugins.Entities.Common.ConcatenateCreateAndModifyFields, TC.PowerApps.RD.Plugins, Version=1.0.0.1, Culture=neutral, PublicKeyToken=736f5e6af1bbf14d</PluginTypeName>
      <PluginTypeId>d8e7edd6-2b0f-4423-b908-8493427f267d</PluginTypeId>
      <PrimaryEntity>account</PrimaryEntity>
      <AsyncAutoDelete>0</AsyncAutoDelete>
      <Description>TC.PowerApps.RD.Plugins.Entities.Common.ConcatenateCreateAndModifyFields: Update of account</Description>
      <FilteringAttributes>cid_modifiedbyregistrant</FilteringAttributes>
      <InvocationSource>1</InvocationSource>
      <Mode>0</Mode>
      <Rank>1</Rank>
      <EventHandlerTypeCode>4602</EventHandlerTypeCode>
      <Stage>40</Stage>
      <IsCustomizable>1</IsCustomizable>
      <IsHidden>0</IsHidden>
      <SupportedDeployment>0</SupportedDeployment>
      <IntroducedVersion>1.0</IntroducedVersion>
      <SdkMessageProcessingStepImages />
    </SdkMessageProcessingStep>
    <SdkMessageProcessingStep Name="TC.PowerApps.RD.Plugins.Entities.Common.ConcatenateCreateAndModifyFields: Update of cid_companyerap" SdkMessageProcessingStepId="{3fa019fa-137b-ed11-81ad-0022483d0343}">
      <SdkMessageId>20bebb1b-ea3e-db11-86a7-000a3a5473e8</SdkMessageId>
      <PluginTypeName>TC.PowerApps.RD.Plugins.Entities.Common.ConcatenateCreateAndModifyFields, TC.PowerApps.RD.Plugins, Version=1.0.0.1, Culture=neutral, PublicKeyToken=736f5e6af1bbf14d</PluginTypeName>
      <PluginTypeId>d8e7edd6-2b0f-4423-b908-8493427f267d</PluginTypeId>
      <PrimaryEntity>cid_companyerap</PrimaryEntity>
      <AsyncAutoDelete>0</AsyncAutoDelete>
      <Description>TC.PowerApps.RD.Plugins.Entities.Common.ConcatenateCreateAndModifyFields: Update of cid_companyerap</Description>
      <FilteringAttributes>cid_modifiedbyregistrant</FilteringAttributes>
      <InvocationSource>1</InvocationSource>
      <Mode>0</Mode>
      <Rank>1</Rank>
      <EventHandlerTypeCode>4602</EventHandlerTypeCode>
      <Stage>40</Stage>
      <IsCustomizable>1</IsCustomizable>
      <IsHidden>0</IsHidden>
      <SupportedDeployment>0</SupportedDeployment>
      <IntroducedVersion>1.0</IntroducedVersion>
      <SdkMessageProcessingStepImages />
    </SdkMessageProcessingStep>
    <SdkMessageProcessingStep Name="TC.PowerApps.RD.Plugins.Entities.Common.ConcatenateCreateAndModifyFields: Update of cid_companynaicscode" SdkMessageProcessingStepId="{3ba74b81-147b-ed11-81ac-0022483e130e}">
      <SdkMessageId>20bebb1b-ea3e-db11-86a7-000a3a5473e8</SdkMessageId>
      <PluginTypeName>TC.PowerApps.RD.Plugins.Entities.Common.ConcatenateCreateAndModifyFields, TC.PowerApps.RD.Plugins, Version=1.0.0.1, Culture=neutral, PublicKeyToken=736f5e6af1bbf14d</PluginTypeName>
      <PluginTypeId>d8e7edd6-2b0f-4423-b908-8493427f267d</PluginTypeId>
      <PrimaryEntity>cid_companynaicscode</PrimaryEntity>
      <AsyncAutoDelete>0</AsyncAutoDelete>
      <Description>TC.PowerApps.RD.Plugins.Entities.Common.ConcatenateCreateAndModifyFields: Update of cid_companynaicscode</Description>
      <FilteringAttributes>cid_modifiedbyregistrant</FilteringAttributes>
      <InvocationSource>1</InvocationSource>
      <Mode>0</Mode>
      <Rank>1</Rank>
      <EventHandlerTypeCode>4602</EventHandlerTypeCode>
      <Stage>40</Stage>
      <IsCustomizable>1</IsCustomizable>
      <IsHidden>0</IsHidden>
      <SupportedDeployment>0</SupportedDeployment>
      <IntroducedVersion>1.0</IntroducedVersion>
      <SdkMessageProcessingStepImages />
    </SdkMessageProcessingStep>
    <SdkMessageProcessingStep Name="TC.PowerApps.RD.Plugins.Entities.Common.ConcatenateCreateAndModifyFields: Update of contact" SdkMessageProcessingStepId="{890234bc-147b-ed11-81ac-0022483e130e}">
      <SdkMessageId>20bebb1b-ea3e-db11-86a7-000a3a5473e8</SdkMessageId>
      <PluginTypeName>TC.PowerApps.RD.Plugins.Entities.Common.ConcatenateCreateAndModifyFields, TC.PowerApps.RD.Plugins, Version=1.0.0.1, Culture=neutral, PublicKeyToken=736f5e6af1bbf14d</PluginTypeName>
      <PluginTypeId>d8e7edd6-2b0f-4423-b908-8493427f267d</PluginTypeId>
      <PrimaryEntity>contact</PrimaryEntity>
      <AsyncAutoDelete>0</AsyncAutoDelete>
      <Description>TC.PowerApps.RD.Plugins.Entities.Common.ConcatenateCreateAndModifyFields: Update of contact</Description>
      <FilteringAttributes>cid_modifiedbyregistrant</FilteringAttributes>
      <InvocationSource>1</InvocationSource>
      <Mode>0</Mode>
      <Rank>1</Rank>
      <EventHandlerTypeCode>4602</EventHandlerTypeCode>
      <Stage>40</Stage>
      <IsCustomizable>1</IsCustomizable>
      <IsHidden>0</IsHidden>
      <SupportedDeployment>0</SupportedDeployment>
      <IntroducedVersion>1.0</IntroducedVersion>
      <SdkMessageProcessingStepImages />
    </SdkMessageProcessingStep>
    <SdkMessageProcessingStep Name="TC.PowerApps.RD.Plugins.Entities.Common.ConcatenateCreateAndModifyFields: Update of ovs_operationclass" SdkMessageProcessingStepId="{8b2b5df5-147b-ed11-81ad-0022483d0343}">
      <SdkMessageId>20bebb1b-ea3e-db11-86a7-000a3a5473e8</SdkMessageId>
      <PluginTypeName>TC.PowerApps.RD.Plugins.Entities.Common.ConcatenateCreateAndModifyFields, TC.PowerApps.RD.Plugins, Version=1.0.0.1, Culture=neutral, PublicKeyToken=736f5e6af1bbf14d</PluginTypeName>
      <PluginTypeId>d8e7edd6-2b0f-4423-b908-8493427f267d</PluginTypeId>
      <PrimaryEntity>ovs_operationclass</PrimaryEntity>
      <AsyncAutoDelete>0</AsyncAutoDelete>
      <Description>TC.PowerApps.RD.Plugins.Entities.Common.ConcatenateCreateAndModifyFields: Update of ovs_operationclass</Description>
      <FilteringAttributes>cid_modifiedbyregistrant</FilteringAttributes>
      <InvocationSource>1</InvocationSource>
      <Mode>0</Mode>
      <Rank>1</Rank>
      <EventHandlerTypeCode>4602</EventHandlerTypeCode>
      <Stage>40</Stage>
      <IsCustomizable>1</IsCustomizable>
      <IsHidden>0</IsHidden>
      <SupportedDeployment>0</SupportedDeployment>
      <IntroducedVersion>1.0</IntroducedVersion>
      <SdkMessageProcessingStepImages />
    </SdkMessageProcessingStep>
    <SdkMessageProcessingStep Name="TC.PowerApps.RD.Plugins.Entities.Common.ConcatenateCreateAndModifyFields: Update of ovs_operationunnumber" SdkMessageProcessingStepId="{f877112c-157b-ed11-81ac-0022483e130e}">
      <SdkMessageId>20bebb1b-ea3e-db11-86a7-000a3a5473e8</SdkMessageId>
      <PluginTypeName>TC.PowerApps.RD.Plugins.Entities.Common.ConcatenateCreateAndModifyFields, TC.PowerApps.RD.Plugins, Version=1.0.0.1, Culture=neutral, PublicKeyToken=736f5e6af1bbf14d</PluginTypeName>
      <PluginTypeId>d8e7edd6-2b0f-4423-b908-8493427f267d</PluginTypeId>
      <PrimaryEntity>ovs_operationunnumber</PrimaryEntity>
      <AsyncAutoDelete>0</AsyncAutoDelete>
      <Description>TC.PowerApps.RD.Plugins.Entities.Common.ConcatenateCreateAndModifyFields: Update of ovs_operationunnumber</Description>
      <FilteringAttributes>cid_modifiedbyregistrant</FilteringAttributes>
      <InvocationSource>1</InvocationSource>
      <Mode>0</Mode>
      <Rank>1</Rank>
      <EventHandlerTypeCode>4602</EventHandlerTypeCode>
      <Stage>40</Stage>
      <IsCustomizable>1</IsCustomizable>
      <IsHidden>0</IsHidden>
      <SupportedDeployment>0</SupportedDeployment>
      <IntroducedVersion>1.0</IntroducedVersion>
      <SdkMessageProcessingStepImages />
    </SdkMessageProcessingStep>
    <SdkMessageProcessingStep Name="TC.PowerApps.RD.Plugins.Entities.CompanyERAP.CompanyERAP_PreCreate: Create of cid_companyerap" SdkMessageProcessingStepId="{f83e9d56-157b-ed11-81ad-0022483d0343}">
      <SdkMessageId>9ebdbb1b-ea3e-db11-86a7-000a3a5473e8</SdkMessageId>
      <PluginTypeName>TC.PowerApps.RD.Plugins.Entities.CompanyERAP.CompanyERAP_PreCreate, TC.PowerApps.RD.Plugins, Version=1.0.0.1, Culture=neutral, PublicKeyToken=736f5e6af1bbf14d</PluginTypeName>
      <PluginTypeId>254d0e3a-5245-497f-932b-6dcc36679509</PluginTypeId>
      <PrimaryEntity>cid_companyerap</PrimaryEntity>
      <AsyncAutoDelete>0</AsyncAutoDelete>
      <Description>TC.PowerApps.RD.Plugins.Entities.CompanyERAP.CompanyERAP_PreCreate: Create of cid_companyerap</Description>
      <FilteringAttributes></FilteringAttributes>
      <InvocationSource>1</InvocationSource>
      <Mode>0</Mode>
      <Rank>1</Rank>
      <EventHandlerTypeCode>4602</EventHandlerTypeCode>
      <Stage>20</Stage>
      <IsCustomizable>1</IsCustomizable>
      <IsHidden>0</IsHidden>
      <SupportedDeployment>0</SupportedDeployment>
      <IntroducedVersion>1.0</IntroducedVersion>
      <SdkMessageProcessingStepImages />
    </SdkMessageProcessingStep>
    <SdkMessageProcessingStep Name="TC.PowerApps.RD.Plugins.Entities.CompanyERAP.CompanyERAP_PreUpdate: Update of cid_companyerap" SdkMessageProcessingStepId="{71d23795-157b-ed11-81ad-0022483d0343}">
      <SdkMessageId>20bebb1b-ea3e-db11-86a7-000a3a5473e8</SdkMessageId>
      <PluginTypeName>TC.PowerApps.RD.Plugins.Entities.CompanyERAP.CompanyERAP_PreUpdate, TC.PowerApps.RD.Plugins, Version=1.0.0.1, Culture=neutral, PublicKeyToken=736f5e6af1bbf14d</PluginTypeName>
      <PluginTypeId>abdeb9a3-16a3-4a98-85d9-443aec6ab24b</PluginTypeId>
      <PrimaryEntity>cid_companyerap</PrimaryEntity>
      <AsyncAutoDelete>0</AsyncAutoDelete>
      <Description>TC.PowerApps.RD.Plugins.Entities.CompanyERAP.CompanyERAP_PreUpdate: Update of cid_companyerap</Description>
      <FilteringAttributes>cid_company,cid_erapid,statuscode</FilteringAttributes>
      <InvocationSource>1</InvocationSource>
      <Mode>0</Mode>
      <Rank>1</Rank>
      <EventHandlerTypeCode>4602</EventHandlerTypeCode>
      <Stage>20</Stage>
      <IsCustomizable>1</IsCustomizable>
      <IsHidden>0</IsHidden>
      <SupportedDeployment>0</SupportedDeployment>
      <IntroducedVersion>1.0</IntroducedVersion>
      <SdkMessageProcessingStepImages>
        <SdkMessageProcessingStepImage Name="PreImage">
          <SdkMessageProcessingStepImageId>{59ce325f-167b-ed11-81ad-0022483d0343}</SdkMessageProcessingStepImageId>
          <Attributes>cid_company,cid_erapid,statuscode</Attributes>
          <EntityAlias>PreImage</EntityAlias>
          <ImageType>0</ImageType>
          <MessagePropertyName>Target</MessagePropertyName>
          <IsCustomizable>1</IsCustomizable>
        </SdkMessageProcessingStepImage>
      </SdkMessageProcessingStepImages>
    </SdkMessageProcessingStep>
    <SdkMessageProcessingStep Name="TC.PowerApps.RD.Plugins.Entities.CompanyNAICS.CompanyNAICS_PreCreate: Create of cid_companynaicscode" SdkMessageProcessingStepId="{4f2424c4-157b-ed11-81ad-0022483d0343}">
      <SdkMessageId>9ebdbb1b-ea3e-db11-86a7-000a3a5473e8</SdkMessageId>
      <PluginTypeName>TC.PowerApps.RD.Plugins.Entities.CompanyNAICS.CompanyNAICS_PreCreate, TC.PowerApps.RD.Plugins, Version=1.0.0.1, Culture=neutral, PublicKeyToken=736f5e6af1bbf14d</PluginTypeName>
      <PluginTypeId>68b7993c-efe1-49b3-9fed-67bfd0042022</PluginTypeId>
      <PrimaryEntity>cid_companynaicscode</PrimaryEntity>
      <AsyncAutoDelete>0</AsyncAutoDelete>
      <Description>TC.PowerApps.RD.Plugins.Entities.CompanyNAICS.CompanyNAICS_PreCreate: Create of cid_companynaicscode</Description>
      <FilteringAttributes></FilteringAttributes>
      <InvocationSource>1</InvocationSource>
      <Mode>0</Mode>
      <Rank>1</Rank>
      <EventHandlerTypeCode>4602</EventHandlerTypeCode>
      <Stage>20</Stage>
      <IsCustomizable>1</IsCustomizable>
      <IsHidden>0</IsHidden>
      <SupportedDeployment>0</SupportedDeployment>
      <IntroducedVersion>1.0</IntroducedVersion>
      <SdkMessageProcessingStepImages />
    </SdkMessageProcessingStep>
    <SdkMessageProcessingStep Name="TC.PowerApps.RD.Plugins.Entities.CompanyNAICS.CompanyNAICS_PreUpdate: Update of cid_companynaicscode" SdkMessageProcessingStepId="{c2857cbe-167b-ed11-81ad-0022483d0343}">
      <SdkMessageId>20bebb1b-ea3e-db11-86a7-000a3a5473e8</SdkMessageId>
      <PluginTypeName>TC.PowerApps.RD.Plugins.Entities.CompanyNAICS.CompanyNAICS_PreUpdate, TC.PowerApps.RD.Plugins, Version=1.0.0.1, Culture=neutral, PublicKeyToken=736f5e6af1bbf14d</PluginTypeName>
      <PluginTypeId>be2bb31f-ed95-4971-a904-22c62a2294a9</PluginTypeId>
      <PrimaryEntity>cid_companynaicscode</PrimaryEntity>
      <AsyncAutoDelete>0</AsyncAutoDelete>
      <Description>TC.PowerApps.RD.Plugins.Entities.CompanyNAICS.CompanyNAICS_PreUpdate: Update of cid_companynaicscode</Description>
      <FilteringAttributes>cid_company,cid_naicscode,statuscode</FilteringAttributes>
      <InvocationSource>1</InvocationSource>
      <Mode>0</Mode>
      <Rank>1</Rank>
      <EventHandlerTypeCode>4602</EventHandlerTypeCode>
      <Stage>20</Stage>
      <IsCustomizable>1</IsCustomizable>
      <IsHidden>0</IsHidden>
      <SupportedDeployment>0</SupportedDeployment>
      <IntroducedVersion>1.0</IntroducedVersion>
      <SdkMessageProcessingStepImages>
        <SdkMessageProcessingStepImage Name="PreImage">
          <SdkMessageProcessingStepImageId>{e8fc72dd-167b-ed11-81ac-0022483e130e}</SdkMessageProcessingStepImageId>
          <Attributes>cid_company,cid_naicscode,statuscode</Attributes>
          <EntityAlias>PreImage</EntityAlias>
          <ImageType>0</ImageType>
          <MessagePropertyName>Target</MessagePropertyName>
          <IsCustomizable>1</IsCustomizable>
        </SdkMessageProcessingStepImage>
      </SdkMessageProcessingStepImages>
    </SdkMessageProcessingStep>
    <SdkMessageProcessingStep Name="TC.PowerApps.RD.Plugins.Entities.Contact.Contact_PreCreate: Create of contact" SdkMessageProcessingStepId="{57559e1b-177b-ed11-81ad-0022483d0343}">
      <SdkMessageId>9ebdbb1b-ea3e-db11-86a7-000a3a5473e8</SdkMessageId>
      <PluginTypeName>TC.PowerApps.RD.Plugins.Entities.Contact.Contact_PreCreate, TC.PowerApps.RD.Plugins, Version=1.0.0.1, Culture=neutral, PublicKeyToken=736f5e6af1bbf14d</PluginTypeName>
      <PluginTypeId>973ceb58-4dfd-402d-9757-7f508b815dd4</PluginTypeId>
      <PrimaryEntity>contact</PrimaryEntity>
      <AsyncAutoDelete>0</AsyncAutoDelete>
      <Description>TC.PowerApps.RD.Plugins.Entities.Contact.Contact_PreCreate: Create of contact</Description>
      <FilteringAttributes></FilteringAttributes>
      <InvocationSource>1</InvocationSource>
      <Mode>0</Mode>
      <Rank>1</Rank>
      <EventHandlerTypeCode>4602</EventHandlerTypeCode>
      <Stage>20</Stage>
      <IsCustomizable>1</IsCustomizable>
      <IsHidden>0</IsHidden>
      <SupportedDeployment>0</SupportedDeployment>
      <IntroducedVersion>1.0</IntroducedVersion>
      <SdkMessageProcessingStepImages />
    </SdkMessageProcessingStep>
    <SdkMessageProcessingStep Name="TC.PowerApps.RD.Plugins.Entities.Contact.Contact_PreUpdate: Update of contact" SdkMessageProcessingStepId="{e368766a-177b-ed11-81ac-0022483e130e}">
      <SdkMessageId>20bebb1b-ea3e-db11-86a7-000a3a5473e8</SdkMessageId>
      <PluginTypeName>TC.PowerApps.RD.Plugins.Entities.Contact.Contact_PreUpdate, TC.PowerApps.RD.Plugins, Version=1.0.0.1, Culture=neutral, PublicKeyToken=736f5e6af1bbf14d</PluginTypeName>
      <PluginTypeId>87774624-c85f-4b53-95f7-c2ccfce88b17</PluginTypeId>
      <PrimaryEntity>contact</PrimaryEntity>
      <AsyncAutoDelete>0</AsyncAutoDelete>
      <Description>TC.PowerApps.RD.Plugins.Entities.Contact.Contact_PreUpdate: Update of contact</Description>
      <FilteringAttributes>parentcustomerid,cid_contacttype,emailaddress1,statuscode</FilteringAttributes>
      <InvocationSource>1</InvocationSource>
      <Mode>0</Mode>
      <Rank>1</Rank>
      <EventHandlerTypeCode>4602</EventHandlerTypeCode>
      <Stage>20</Stage>
      <IsCustomizable>1</IsCustomizable>
      <IsHidden>0</IsHidden>
      <SupportedDeployment>0</SupportedDeployment>
      <IntroducedVersion>1.0</IntroducedVersion>
      <SdkMessageProcessingStepImages>
        <SdkMessageProcessingStepImage Name="PreImage">
          <SdkMessageProcessingStepImageId>{8db3c59f-177b-ed11-81ac-0022483e130e}</SdkMessageProcessingStepImageId>
          <Attributes>parentcustomerid,cid_contacttype,emailaddress1,statuscode</Attributes>
          <EntityAlias>PreImage</EntityAlias>
          <ImageType>0</ImageType>
          <MessagePropertyName>Target</MessagePropertyName>
          <IsCustomizable>1</IsCustomizable>
        </SdkMessageProcessingStepImage>
      </SdkMessageProcessingStepImages>
    </SdkMessageProcessingStep>
    <SdkMessageProcessingStep Name="TC.PowerApps.RD.Plugins.Entities.Operation.Operation_ResetSiteAttestation: Update of ovs_mocregistration" SdkMessageProcessingStepId="{3a8eff2a-187b-ed11-81ac-0022483e130e}">
      <SdkMessageId>20bebb1b-ea3e-db11-86a7-000a3a5473e8</SdkMessageId>
      <PluginTypeName>TC.PowerApps.RD.Plugins.Entities.Operation.Operation_ResetSiteAttestation, TC.PowerApps.RD.Plugins, Version=1.0.0.1, Culture=neutral, PublicKeyToken=736f5e6af1bbf14d</PluginTypeName>
      <PluginTypeId>c09ed256-b54c-490e-bded-e132e31df43f</PluginTypeId>
      <PrimaryEntity>ovs_mocregistration</PrimaryEntity>
      <AsyncAutoDelete>0</AsyncAutoDelete>
      <Description>TC.PowerApps.RD.Plugins.Entities.Operation.Operation_ResetSiteAttestation: Update of ovs_mocregistration</Description>
      <FilteringAttributes>cid_modeoftransportationair,cid_modeoftransportationmarine,cid_modifiedbyregistrant,cid_modeoftransportationrail,cid_modeoftransportationroad,statecode,statuscode</FilteringAttributes>
      <InvocationSource>1</InvocationSource>
      <Mode>0</Mode>
      <Rank>1</Rank>
      <EventHandlerTypeCode>4602</EventHandlerTypeCode>
      <Stage>40</Stage>
      <IsCustomizable>1</IsCustomizable>
      <IsHidden>0</IsHidden>
      <SupportedDeployment>0</SupportedDeployment>
      <IntroducedVersion>1.0</IntroducedVersion>
      <SdkMessageProcessingStepImages />
    </SdkMessageProcessingStep>
    <SdkMessageProcessingStep Name="TC.PowerApps.RD.Plugins.Entities.SiteClass.SiteClass_PreCreate: Create of ovs_operationclass" SdkMessageProcessingStepId="{7ffb7676-187b-ed11-81ac-0022483e130e}">
      <SdkMessageId>9ebdbb1b-ea3e-db11-86a7-000a3a5473e8</SdkMessageId>
      <PluginTypeName>TC.PowerApps.RD.Plugins.Entities.SiteClass.SiteClass_PreCreate, TC.PowerApps.RD.Plugins, Version=1.0.0.1, Culture=neutral, PublicKeyToken=736f5e6af1bbf14d</PluginTypeName>
      <PluginTypeId>a5a663ac-d8af-4cbe-92b2-fdcc17c63a39</PluginTypeId>
      <PrimaryEntity>ovs_operationclass</PrimaryEntity>
      <AsyncAutoDelete>0</AsyncAutoDelete>
      <Description>TC.PowerApps.RD.Plugins.Entities.SiteClass.SiteClass_PreCreate: Create of ovs_operationclass</Description>
      <FilteringAttributes></FilteringAttributes>
      <InvocationSource>1</InvocationSource>
      <Mode>0</Mode>
      <Rank>1</Rank>
      <EventHandlerTypeCode>4602</EventHandlerTypeCode>
      <Stage>20</Stage>
      <IsCustomizable>1</IsCustomizable>
      <IsHidden>0</IsHidden>
      <SupportedDeployment>0</SupportedDeployment>
      <IntroducedVersion>1.0</IntroducedVersion>
      <SdkMessageProcessingStepImages />
    </SdkMessageProcessingStep>
    <SdkMessageProcessingStep Name="TC.PowerApps.RD.Plugins.Entities.SiteClass.SiteClass_PreUpdate: Update of ovs_operationclass" SdkMessageProcessingStepId="{342998c3-187b-ed11-81ad-0022483d0343}">
      <SdkMessageId>20bebb1b-ea3e-db11-86a7-000a3a5473e8</SdkMessageId>
      <PluginTypeName>TC.PowerApps.RD.Plugins.Entities.SiteClass.SiteClass_PreUpdate, TC.PowerApps.RD.Plugins, Version=1.0.0.1, Culture=neutral, PublicKeyToken=736f5e6af1bbf14d</PluginTypeName>
      <PluginTypeId>57f4b0f8-c7d9-4feb-aa52-e8e1d755a38c</PluginTypeId>
      <PrimaryEntity>ovs_operationclass</PrimaryEntity>
      <AsyncAutoDelete>0</AsyncAutoDelete>
      <Description>TC.PowerApps.RD.Plugins.Entities.SiteClass.SiteClass_PreUpdate: Update of ovs_operationclass</Description>
      <FilteringAttributes>ovs_class_division,ovs_compatibility_group,ovs_operationclass,statuscode</FilteringAttributes>
      <InvocationSource>1</InvocationSource>
      <Mode>0</Mode>
      <Rank>1</Rank>
      <EventHandlerTypeCode>4602</EventHandlerTypeCode>
      <Stage>20</Stage>
      <IsCustomizable>1</IsCustomizable>
      <IsHidden>0</IsHidden>
      <SupportedDeployment>0</SupportedDeployment>
      <IntroducedVersion>1.0</IntroducedVersion>
      <SdkMessageProcessingStepImages>
        <SdkMessageProcessingStepImage Name="PreImage">
          <SdkMessageProcessingStepImageId>{449c6e1b-197b-ed11-81ad-0022483d0343}</SdkMessageProcessingStepImageId>
          <Attributes>ovs_class_division,ovs_compatibility_group,ovs_operationclass,statuscode</Attributes>
          <EntityAlias>PreImage</EntityAlias>
          <ImageType>0</ImageType>
          <MessagePropertyName>Target</MessagePropertyName>
          <IsCustomizable>1</IsCustomizable>
        </SdkMessageProcessingStepImage>
      </SdkMessageProcessingStepImages>
    </SdkMessageProcessingStep>
    <SdkMessageProcessingStep Name="TC.PowerApps.RD.Plugins.Entities.SiteClass.SiteClass_ResetSiteAttestation: Create of ovs_operationclass" SdkMessageProcessingStepId="{be2e398b-197b-ed11-81ac-0022483e130e}">
      <SdkMessageId>9ebdbb1b-ea3e-db11-86a7-000a3a5473e8</SdkMessageId>
      <PluginTypeName>TC.PowerApps.RD.Plugins.Entities.SiteClass.SiteClass_ResetSiteAttestation, TC.PowerApps.RD.Plugins, Version=1.0.0.1, Culture=neutral, PublicKeyToken=736f5e6af1bbf14d</PluginTypeName>
      <PluginTypeId>e259bc1d-88ab-456d-b8e3-f5f3dd11e08c</PluginTypeId>
      <PrimaryEntity>ovs_operationclass</PrimaryEntity>
      <AsyncAutoDelete>0</AsyncAutoDelete>
      <Description>TC.PowerApps.RD.Plugins.Entities.SiteClass.SiteClass_ResetSiteAttestation: Create of ovs_operationclass</Description>
      <FilteringAttributes></FilteringAttributes>
      <InvocationSource>1</InvocationSource>
      <Mode>0</Mode>
      <Rank>1</Rank>
      <EventHandlerTypeCode>4602</EventHandlerTypeCode>
      <Stage>40</Stage>
      <IsCustomizable>1</IsCustomizable>
      <IsHidden>0</IsHidden>
      <SupportedDeployment>0</SupportedDeployment>
      <IntroducedVersion>1.0</IntroducedVersion>
      <SdkMessageProcessingStepImages />
    </SdkMessageProcessingStep>
    <SdkMessageProcessingStep Name="TC.PowerApps.RD.Plugins.Entities.SiteClass.SiteClass_ResetSiteAttestation: Update of ovs_operationclass" SdkMessageProcessingStepId="{4ce41cd9-197b-ed11-81ac-0022483e130e}">
      <SdkMessageId>20bebb1b-ea3e-db11-86a7-000a3a5473e8</SdkMessageId>
      <PluginTypeName>TC.PowerApps.RD.Plugins.Entities.SiteClass.SiteClass_ResetSiteAttestation, TC.PowerApps.RD.Plugins, Version=1.0.0.1, Culture=neutral, PublicKeyToken=736f5e6af1bbf14d</PluginTypeName>
      <PluginTypeId>e259bc1d-88ab-456d-b8e3-f5f3dd11e08c</PluginTypeId>
      <PrimaryEntity>ovs_operationclass</PrimaryEntity>
      <AsyncAutoDelete>0</AsyncAutoDelete>
      <Description>TC.PowerApps.RD.Plugins.Entities.SiteClass.SiteClass_ResetSiteAttestation: Update of ovs_operationclass</Description>
      <FilteringAttributes>cid_createdbyregistrant,cid_modifiedbyregistrant,statecode,statuscode</FilteringAttributes>
      <InvocationSource>1</InvocationSource>
      <Mode>0</Mode>
      <Rank>1</Rank>
      <EventHandlerTypeCode>4602</EventHandlerTypeCode>
      <Stage>40</Stage>
      <IsCustomizable>1</IsCustomizable>
      <IsHidden>0</IsHidden>
      <SupportedDeployment>0</SupportedDeployment>
      <IntroducedVersion>1.0</IntroducedVersion>
      <SdkMessageProcessingStepImages />
    </SdkMessageProcessingStep>
    <SdkMessageProcessingStep Name="TC.PowerApps.RD.Plugins.Entities.SiteUNNumber.SiteUNNumber_PreCreate: Create of ovs_operationunnumber" SdkMessageProcessingStepId="{81bf1314-1a7b-ed11-81ac-0022483e130e}">
      <SdkMessageId>9ebdbb1b-ea3e-db11-86a7-000a3a5473e8</SdkMessageId>
      <PluginTypeName>TC.PowerApps.RD.Plugins.Entities.SiteUNNumber.SiteUNNumber_PreCreate, TC.PowerApps.RD.Plugins, Version=1.0.0.1, Culture=neutral, PublicKeyToken=736f5e6af1bbf14d</PluginTypeName>
      <PluginTypeId>85ae9e6f-b713-45f1-86a9-e2b0d9bf14eb</PluginTypeId>
      <PrimaryEntity>ovs_operationunnumber</PrimaryEntity>
      <AsyncAutoDelete>0</AsyncAutoDelete>
      <Description>TC.PowerApps.RD.Plugins.Entities.SiteUNNumber.SiteUNNumber_PreCreate: Create of ovs_operationunnumber</Description>
      <FilteringAttributes></FilteringAttributes>
      <InvocationSource>1</InvocationSource>
      <Mode>0</Mode>
      <Rank>1</Rank>
      <EventHandlerTypeCode>4602</EventHandlerTypeCode>
      <Stage>20</Stage>
      <IsCustomizable>1</IsCustomizable>
      <IsHidden>0</IsHidden>
      <SupportedDeployment>0</SupportedDeployment>
      <IntroducedVersion>1.0</IntroducedVersion>
      <SdkMessageProcessingStepImages />
    </SdkMessageProcessingStep>
    <SdkMessageProcessingStep Name="TC.PowerApps.RD.Plugins.Entities.SiteUNNumber.SiteUNNumber_PreUpdate: Update of ovs_operationunnumber" SdkMessageProcessingStepId="{eebf6665-1a7b-ed11-81ac-0022483e130e}">
      <SdkMessageId>20bebb1b-ea3e-db11-86a7-000a3a5473e8</SdkMessageId>
      <PluginTypeName>TC.PowerApps.RD.Plugins.Entities.SiteUNNumber.SiteUNNumber_PreUpdate, TC.PowerApps.RD.Plugins, Version=1.0.0.1, Culture=neutral, PublicKeyToken=736f5e6af1bbf14d</PluginTypeName>
      <PluginTypeId>390045b7-5f82-447e-b00d-94ee27b2da4f</PluginTypeId>
      <PrimaryEntity>ovs_operationunnumber</PrimaryEntity>
      <AsyncAutoDelete>0</AsyncAutoDelete>
      <Description>TC.PowerApps.RD.Plugins.Entities.SiteUNNumber.SiteUNNumber_PreUpdate: Update of ovs_operationunnumber</Description>
      <FilteringAttributes>ovs_operationunnumber,statuscode,ovs_unnumber</FilteringAttributes>
      <InvocationSource>1</InvocationSource>
      <Mode>0</Mode>
      <Rank>1</Rank>
      <EventHandlerTypeCode>4602</EventHandlerTypeCode>
      <Stage>20</Stage>
      <IsCustomizable>1</IsCustomizable>
      <IsHidden>0</IsHidden>
      <SupportedDeployment>0</SupportedDeployment>
      <IntroducedVersion>1.0</IntroducedVersion>
      <SdkMessageProcessingStepImages>
        <SdkMessageProcessingStepImage Name="PreImage">
          <SdkMessageProcessingStepImageId>{82e2caab-1a7b-ed11-81ac-0022483e130e}</SdkMessageProcessingStepImageId>
          <Attributes>ovs_operationunnumber,statuscode,ovs_unnumber</Attributes>
          <EntityAlias>PreImage</EntityAlias>
          <ImageType>0</ImageType>
          <MessagePropertyName>Target</MessagePropertyName>
          <IsCustomizable>1</IsCustomizable>
        </SdkMessageProcessingStepImage>
      </SdkMessageProcessingStepImages>
    </SdkMessageProcessingStep>
    <SdkMessageProcessingStep Name="TC.PowerApps.RD.Plugins.Entities.SiteUNNumber.SiteUNNumber_ResetSiteAttestation: Create of ovs_operationunnumber" SdkMessageProcessingStepId="{9265d9e1-1a7b-ed11-81ac-0022483e130e}">
      <SdkMessageId>9ebdbb1b-ea3e-db11-86a7-000a3a5473e8</SdkMessageId>
      <PluginTypeName>TC.PowerApps.RD.Plugins.Entities.SiteUNNumber.SiteUNNumber_ResetSiteAttestation, TC.PowerApps.RD.Plugins, Version=1.0.0.1, Culture=neutral, PublicKeyToken=736f5e6af1bbf14d</PluginTypeName>
      <PluginTypeId>52634643-8f75-45bb-bb49-783fe47ae998</PluginTypeId>
      <PrimaryEntity>ovs_operationunnumber</PrimaryEntity>
      <AsyncAutoDelete>0</AsyncAutoDelete>
      <Description>TC.PowerApps.RD.Plugins.Entities.SiteUNNumber.SiteUNNumber_ResetSiteAttestation: Create of ovs_operationunnumber</Description>
      <FilteringAttributes></FilteringAttributes>
      <InvocationSource>1</InvocationSource>
      <Mode>0</Mode>
      <Rank>1</Rank>
      <EventHandlerTypeCode>4602</EventHandlerTypeCode>
      <Stage>40</Stage>
      <IsCustomizable>1</IsCustomizable>
      <IsHidden>0</IsHidden>
      <SupportedDeployment>0</SupportedDeployment>
      <IntroducedVersion>1.0</IntroducedVersion>
      <SdkMessageProcessingStepImages />
    </SdkMessageProcessingStep>
    <SdkMessageProcessingStep Name="TC.PowerApps.RD.Plugins.Entities.SiteUNNumber.SiteUNNumber_ResetSiteAttestation: Update of ovs_operationunnumber" SdkMessageProcessingStepId="{c7826400-1b7b-ed11-81ad-0022483d0343}">
      <SdkMessageId>20bebb1b-ea3e-db11-86a7-000a3a5473e8</SdkMessageId>
      <PluginTypeName>TC.PowerApps.RD.Plugins.Entities.SiteUNNumber.SiteUNNumber_ResetSiteAttestation, TC.PowerApps.RD.Plugins, Version=1.0.0.1, Culture=neutral, PublicKeyToken=736f5e6af1bbf14d</PluginTypeName>
      <PluginTypeId>52634643-8f75-45bb-bb49-783fe47ae998</PluginTypeId>
      <PrimaryEntity>ovs_operationunnumber</PrimaryEntity>
      <AsyncAutoDelete>0</AsyncAutoDelete>
      <Description>TC.PowerApps.RD.Plugins.Entities.SiteUNNumber.SiteUNNumber_ResetSiteAttestation: Update of ovs_operationunnumber</Description>
      <FilteringAttributes>cid_createdbyregistrant,cid_modifiedbyregistrant,statecode,statuscode</FilteringAttributes>
      <InvocationSource>1</InvocationSource>
      <Mode>0</Mode>
      <Rank>1</Rank>
      <EventHandlerTypeCode>4602</EventHandlerTypeCode>
      <Stage>40</Stage>
      <IsCustomizable>1</IsCustomizable>
      <IsHidden>0</IsHidden>
      <SupportedDeployment>0</SupportedDeployment>
      <IntroducedVersion>1.0</IntroducedVersion>
      <SdkMessageProcessingStepImages />
    </SdkMessageProcessingStep>
  </SdkMessageProcessingSteps>
  <EntityDataProviders />
  <Languages>
    <Language>1033</Language>
    <Language>1036</Language>
  </Languages>
</ImportExportXml>