<ImportExportXml xmlns:xsi="http://www.w3.org/2001/XMLSchema-instance">
  <Entities></Entities>
  <Roles></Roles>
  <Workflows></Workflows>
  <FieldSecurityProfiles></FieldSecurityProfiles>
  <Templates />
  <EntityMaps />
  <EntityRelationships />
  <OrganizationSettings />
  <optionsets />
  <CustomControls />
  <SolutionPluginAssemblies>
    <PluginAssembly FullName="TC.PowerApps.RD.Plugins, Version=1.0.0.0, Culture=neutral, PublicKeyToken=736f5e6af1bbf14d" PluginAssemblyId="13a145ac-7880-4f9f-a649-b67d1c3b929d" CustomizationLevel="1">
      <IsolationMode>2</IsolationMode>
      <SourceType>0</SourceType>
      <IntroducedVersion>1.0</IntroducedVersion>
      <FileName>/PluginAssemblies/TCPowerAppsRDPlugins-13A145AC-7880-4F9F-A649-B67D1C3B929D/TCPowerAppsRDPlugins.dll</FileName>
      <PluginTypes>
        <PluginType AssemblyQualifiedName="TC.PowerApps.RD.Plugins.Entities.Account.Account_CreateHOTIOperation, TC.PowerApps.RD.Plugins, Version=1.0.0.0, Culture=neutral, PublicKeyToken=736f5e6af1bbf14d" PluginTypeId="0f1fd6f6-38b5-4244-ae11-c81d9df400a4" Name="TC.PowerApps.RD.Plugins.Entities.Account.Account_CreateHOTIOperation">
          <FriendlyName>e559fc94-deb3-4092-8bc7-fe978c4aeaf1</FriendlyName>
        </PluginType>
        <PluginType AssemblyQualifiedName="TC.PowerApps.RD.Plugins.Entities.CompanyERAP.CompanyERAP_PreCreate, TC.PowerApps.RD.Plugins, Version=1.0.0.0, Culture=neutral, PublicKeyToken=736f5e6af1bbf14d" PluginTypeId="a4a36fef-1cff-4a54-8252-9f54e9587e76" Name="TC.PowerApps.RD.Plugins.Entities.CompanyERAP.CompanyERAP_PreCreate">
          <FriendlyName>8c3021e0-32ae-4a50-bd52-359efaba2e80</FriendlyName>
        </PluginType>
        <PluginType AssemblyQualifiedName="TC.PowerApps.RD.Plugins.Entities.CompanyERAP.CompanyERAP_PreUpdate, TC.PowerApps.RD.Plugins, Version=1.0.0.0, Culture=neutral, PublicKeyToken=736f5e6af1bbf14d" PluginTypeId="0a1125c2-582f-48ec-abd9-97ef62a15ada" Name="TC.PowerApps.RD.Plugins.Entities.CompanyERAP.CompanyERAP_PreUpdate">
          <FriendlyName>66845faa-3a64-4eca-aa77-3b1e6a1b2895</FriendlyName>
        </PluginType>
        <PluginType AssemblyQualifiedName="TC.PowerApps.RD.Plugins.Entities.CompanyNAICS.CompanyNAICS_PreCreate, TC.PowerApps.RD.Plugins, Version=1.0.0.0, Culture=neutral, PublicKeyToken=736f5e6af1bbf14d" PluginTypeId="d43ec2ca-f0f9-43d5-9ba6-00e449a9b7c2" Name="TC.PowerApps.RD.Plugins.Entities.CompanyNAICS.CompanyNAICS_PreCreate">
          <FriendlyName>41772e5a-a652-4c63-98d6-d3cbadfcad0b</FriendlyName>
        </PluginType>
        <PluginType AssemblyQualifiedName="TC.PowerApps.RD.Plugins.Entities.CompanyNAICS.CompanyNAICS_PreUpdate, TC.PowerApps.RD.Plugins, Version=1.0.0.0, Culture=neutral, PublicKeyToken=736f5e6af1bbf14d" PluginTypeId="936e3353-0e13-4ca5-8fde-7e6d5f9a5adb" Name="TC.PowerApps.RD.Plugins.Entities.CompanyNAICS.CompanyNAICS_PreUpdate">
          <FriendlyName>b4691acc-9227-4ff5-a919-46ce31564d49</FriendlyName>
        </PluginType>
        <PluginType AssemblyQualifiedName="TC.PowerApps.RD.Plugins.Entities.Contact.Contact_PreCreate, TC.PowerApps.RD.Plugins, Version=1.0.0.0, Culture=neutral, PublicKeyToken=736f5e6af1bbf14d" PluginTypeId="e1999b2d-6e52-4b52-851f-ff632993e728" Name="TC.PowerApps.RD.Plugins.Entities.Contact.Contact_PreCreate">
          <FriendlyName>dd452925-7ac3-49f5-aa30-4ce2914f13ce</FriendlyName>
        </PluginType>
        <PluginType AssemblyQualifiedName="TC.PowerApps.RD.Plugins.Entities.Contact.Contact_PreUpdate, TC.PowerApps.RD.Plugins, Version=1.0.0.0, Culture=neutral, PublicKeyToken=736f5e6af1bbf14d" PluginTypeId="3936ffd8-b56b-4cdc-90a9-ced8e3033eb5" Name="TC.PowerApps.RD.Plugins.Entities.Contact.Contact_PreUpdate">
          <FriendlyName>a6c07a3e-e938-45e7-84dc-18717167866b</FriendlyName>
        </PluginType>
      </PluginTypes>
    </PluginAssembly>
  </SolutionPluginAssemblies>
  <SdkMessageProcessingSteps>
    <SdkMessageProcessingStep Name="TC.PowerApps.RD.Plugins.Entities.Account.Account_CreateHOTIOperation: Create of account" SdkMessageProcessingStepId="{fa1a5213-b0b1-ec11-983e-000d3a84adbc}">
      <SdkMessageId>9ebdbb1b-ea3e-db11-86a7-000a3a5473e8</SdkMessageId>
      <PluginTypeName>TC.PowerApps.RD.Plugins.Entities.Account.Account_CreateHOTIOperation, TC.PowerApps.RD.Plugins, Version=1.0.0.0, Culture=neutral, PublicKeyToken=736f5e6af1bbf14d</PluginTypeName>
      <PluginTypeId>0f1fd6f6-38b5-4244-ae11-c81d9df400a4</PluginTypeId>
      <PrimaryEntity>account</PrimaryEntity>
      <AsyncAutoDelete>0</AsyncAutoDelete>
      <Description>TC.PowerApps.RD.Plugins.Entities.Account.Account_CreateHOTIOperation: Create of account</Description>
      <FilteringAttributes></FilteringAttributes>
      <InvocationSource>1</InvocationSource>
      <Mode>0</Mode>
      <Rank>1</Rank>
      <EventHandlerTypeCode>4602</EventHandlerTypeCode>
      <Stage>40</Stage>
      <IsCustomizable>1</IsCustomizable>
      <IsHidden>0</IsHidden>
      <SupportedDeployment>0</SupportedDeployment>
      <IntroducedVersion>1.0</IntroducedVersion>
      <SdkMessageProcessingStepImages />
    </SdkMessageProcessingStep>
    <SdkMessageProcessingStep Name="TC.PowerApps.RD.Plugins.Entities.CompanyERAP.CompanyERAP_PreCreate: Create of cid_companyerap" SdkMessageProcessingStepId="{6d6bcc74-cfb3-ec11-983e-002248add3fe}">
      <SdkMessageId>9ebdbb1b-ea3e-db11-86a7-000a3a5473e8</SdkMessageId>
      <PluginTypeName>TC.PowerApps.RD.Plugins.Entities.CompanyERAP.CompanyERAP_PreCreate, TC.PowerApps.RD.Plugins, Version=1.0.0.0, Culture=neutral, PublicKeyToken=736f5e6af1bbf14d</PluginTypeName>
      <PluginTypeId>a4a36fef-1cff-4a54-8252-9f54e9587e76</PluginTypeId>
      <PrimaryEntity>cid_companyerap</PrimaryEntity>
      <AsyncAutoDelete>0</AsyncAutoDelete>
      <Description>TC.PowerApps.RD.Plugins.Entities.CompanyERAP.CompanyERAP_PreCreate: Create of cid_companyerap</Description>
      <FilteringAttributes></FilteringAttributes>
      <InvocationSource>1</InvocationSource>
      <Mode>0</Mode>
      <Rank>1</Rank>
      <EventHandlerTypeCode>4602</EventHandlerTypeCode>
      <Stage>20</Stage>
      <IsCustomizable>1</IsCustomizable>
      <IsHidden>0</IsHidden>
      <SupportedDeployment>0</SupportedDeployment>
      <IntroducedVersion>1.0</IntroducedVersion>
      <SdkMessageProcessingStepImages />
    </SdkMessageProcessingStep>
    <SdkMessageProcessingStep Name="TC.PowerApps.RD.Plugins.Entities.CompanyERAP.CompanyERAP_PreUpdate: Update of cid_companyerap" SdkMessageProcessingStepId="{61af8789-cfb3-ec11-983e-002248add3fe}">
      <SdkMessageId>20bebb1b-ea3e-db11-86a7-000a3a5473e8</SdkMessageId>
      <PluginTypeName>TC.PowerApps.RD.Plugins.Entities.CompanyERAP.CompanyERAP_PreUpdate, TC.PowerApps.RD.Plugins, Version=1.0.0.0, Culture=neutral, PublicKeyToken=736f5e6af1bbf14d</PluginTypeName>
      <PluginTypeId>0a1125c2-582f-48ec-abd9-97ef62a15ada</PluginTypeId>
      <PrimaryEntity>cid_companyerap</PrimaryEntity>
      <AsyncAutoDelete>0</AsyncAutoDelete>
      <Description>TC.PowerApps.RD.Plugins.Entities.CompanyERAP.CompanyERAP_PreUpdate: Update of cid_companyerap</Description>
      <FilteringAttributes>cid_company,cid_erapid,statuscode</FilteringAttributes>
      <InvocationSource>1</InvocationSource>
      <Mode>0</Mode>
      <Rank>1</Rank>
      <EventHandlerTypeCode>4602</EventHandlerTypeCode>
      <Stage>20</Stage>
      <IsCustomizable>1</IsCustomizable>
      <IsHidden>0</IsHidden>
      <SupportedDeployment>0</SupportedDeployment>
      <IntroducedVersion>1.0</IntroducedVersion>
      <SdkMessageProcessingStepImages>
        <SdkMessageProcessingStepImage Name="PreImage">
          <SdkMessageProcessingStepImageId>{74ab18b4-cfb3-ec11-983e-002248add3fe}</SdkMessageProcessingStepImageId>
          <Attributes>cid_company,cid_erapid,statuscode</Attributes>
          <EntityAlias>PreImage</EntityAlias>
          <ImageType>0</ImageType>
          <MessagePropertyName>Target</MessagePropertyName>
          <IsCustomizable>1</IsCustomizable>
        </SdkMessageProcessingStepImage>
      </SdkMessageProcessingStepImages>
    </SdkMessageProcessingStep>
    <SdkMessageProcessingStep Name="TC.PowerApps.RD.Plugins.Entities.CompanyNAICS.CompanyNAICS_PreCreate: Create of cid_companynaicscode" SdkMessageProcessingStepId="{b7134a4a-efb1-ec11-983e-000d3a84adbc}">
      <SdkMessageId>9ebdbb1b-ea3e-db11-86a7-000a3a5473e8</SdkMessageId>
      <PluginTypeName>TC.PowerApps.RD.Plugins.Entities.CompanyNAICS.CompanyNAICS_PreCreate, TC.PowerApps.RD.Plugins, Version=1.0.0.0, Culture=neutral, PublicKeyToken=736f5e6af1bbf14d</PluginTypeName>
      <PluginTypeId>d43ec2ca-f0f9-43d5-9ba6-00e449a9b7c2</PluginTypeId>
      <PrimaryEntity>cid_companynaicscode</PrimaryEntity>
      <AsyncAutoDelete>0</AsyncAutoDelete>
      <Description>TC.PowerApps.RD.Plugins.Entities.CompanyNAICS.CompanyNAICS_PreCreate: Create of cid_companynaicscode</Description>
      <FilteringAttributes></FilteringAttributes>
      <InvocationSource>1</InvocationSource>
      <Mode>0</Mode>
      <Rank>1</Rank>
      <EventHandlerTypeCode>4602</EventHandlerTypeCode>
      <Stage>20</Stage>
      <IsCustomizable>1</IsCustomizable>
      <IsHidden>0</IsHidden>
      <SupportedDeployment>0</SupportedDeployment>
      <IntroducedVersion>1.0</IntroducedVersion>
      <SdkMessageProcessingStepImages />
    </SdkMessageProcessingStep>
    <SdkMessageProcessingStep Name="TC.PowerApps.RD.Plugins.Entities.CompanyNAICS.CompanyNAICS_PreUpdate: Update of cid_companynaicscode" SdkMessageProcessingStepId="{aac44156-efb1-ec11-983e-000d3a84adbc}">
      <SdkMessageId>20bebb1b-ea3e-db11-86a7-000a3a5473e8</SdkMessageId>
      <PluginTypeName>TC.PowerApps.RD.Plugins.Entities.CompanyNAICS.CompanyNAICS_PreUpdate, TC.PowerApps.RD.Plugins, Version=1.0.0.0, Culture=neutral, PublicKeyToken=736f5e6af1bbf14d</PluginTypeName>
      <PluginTypeId>936e3353-0e13-4ca5-8fde-7e6d5f9a5adb</PluginTypeId>
      <PrimaryEntity>cid_companynaicscode</PrimaryEntity>
      <AsyncAutoDelete>0</AsyncAutoDelete>
      <Description>TC.PowerApps.RD.Plugins.Entities.CompanyNAICS.CompanyNAICS_PreUpdate: Update of cid_companynaicscode</Description>
      <FilteringAttributes>cid_company,cid_naicscode,statuscode</FilteringAttributes>
      <InvocationSource>1</InvocationSource>
      <Mode>0</Mode>
      <Rank>1</Rank>
      <EventHandlerTypeCode>4602</EventHandlerTypeCode>
      <Stage>20</Stage>
      <IsCustomizable>1</IsCustomizable>
      <IsHidden>0</IsHidden>
      <SupportedDeployment>0</SupportedDeployment>
      <IntroducedVersion>1.0</IntroducedVersion>
      <SdkMessageProcessingStepImages>
        <SdkMessageProcessingStepImage Name="PreImage">
          <SdkMessageProcessingStepImageId>{54e33198-efb1-ec11-983e-000d3a84adbc}</SdkMessageProcessingStepImageId>
          <Attributes>cid_company,cid_naicscode,statuscode</Attributes>
          <EntityAlias>PreImage</EntityAlias>
          <ImageType>0</ImageType>
          <MessagePropertyName>Target</MessagePropertyName>
          <IsCustomizable>1</IsCustomizable>
        </SdkMessageProcessingStepImage>
      </SdkMessageProcessingStepImages>
    </SdkMessageProcessingStep>
    <SdkMessageProcessingStep Name="TC.PowerApps.RD.Plugins.Entities.Contact.Contact_PreCreate: Create of contact" SdkMessageProcessingStepId="{fac5cb3f-dcb3-ec11-983e-002248add3fe}">
      <SdkMessageId>9ebdbb1b-ea3e-db11-86a7-000a3a5473e8</SdkMessageId>
      <PluginTypeName>TC.PowerApps.RD.Plugins.Entities.Contact.Contact_PreCreate, TC.PowerApps.RD.Plugins, Version=1.0.0.0, Culture=neutral, PublicKeyToken=736f5e6af1bbf14d</PluginTypeName>
      <PluginTypeId>e1999b2d-6e52-4b52-851f-ff632993e728</PluginTypeId>
      <PrimaryEntity>contact</PrimaryEntity>
      <AsyncAutoDelete>0</AsyncAutoDelete>
      <Description>TC.PowerApps.RD.Plugins.Entities.Contact.Contact_PreCreate: Create of contact</Description>
      <FilteringAttributes></FilteringAttributes>
      <InvocationSource>1</InvocationSource>
      <Mode>0</Mode>
      <Rank>1</Rank>
      <EventHandlerTypeCode>4602</EventHandlerTypeCode>
      <Stage>20</Stage>
      <IsCustomizable>1</IsCustomizable>
      <IsHidden>0</IsHidden>
      <SupportedDeployment>0</SupportedDeployment>
      <IntroducedVersion>1.0</IntroducedVersion>
      <SdkMessageProcessingStepImages />
    </SdkMessageProcessingStep>
    <SdkMessageProcessingStep Name="TC.PowerApps.RD.Plugins.Entities.Contact.Contact_PreUpdate: Update of contact" SdkMessageProcessingStepId="{dfd464ab-dcb3-ec11-983e-002248add3fe}">
      <SdkMessageId>20bebb1b-ea3e-db11-86a7-000a3a5473e8</SdkMessageId>
      <PluginTypeName>TC.PowerApps.RD.Plugins.Entities.Contact.Contact_PreUpdate, TC.PowerApps.RD.Plugins, Version=1.0.0.0, Culture=neutral, PublicKeyToken=736f5e6af1bbf14d</PluginTypeName>
      <PluginTypeId>3936ffd8-b56b-4cdc-90a9-ced8e3033eb5</PluginTypeId>
      <PrimaryEntity>contact</PrimaryEntity>
      <AsyncAutoDelete>0</AsyncAutoDelete>
      <Description>TC.PowerApps.RD.Plugins.Entities.Contact.Contact_PreUpdate: Update of contact</Description>
      <FilteringAttributes>parentcustomerid,cid_contacttype,emailaddress1,statuscode</FilteringAttributes>
      <InvocationSource>1</InvocationSource>
      <Mode>0</Mode>
      <Rank>1</Rank>
      <EventHandlerTypeCode>4602</EventHandlerTypeCode>
      <Stage>20</Stage>
      <IsCustomizable>1</IsCustomizable>
      <IsHidden>0</IsHidden>
      <SupportedDeployment>0</SupportedDeployment>
      <IntroducedVersion>1.0</IntroducedVersion>
      <SdkMessageProcessingStepImages>
        <SdkMessageProcessingStepImage Name="PreImage">
          <SdkMessageProcessingStepImageId>{886f95cb-dcb3-ec11-983e-002248add3fe}</SdkMessageProcessingStepImageId>
          <Attributes>parentcustomerid,cid_contacttype,emailaddress1,statuscode</Attributes>
          <EntityAlias>PreImage</EntityAlias>
          <ImageType>0</ImageType>
          <MessagePropertyName>Target</MessagePropertyName>
          <IsCustomizable>1</IsCustomizable>
        </SdkMessageProcessingStepImage>
      </SdkMessageProcessingStepImages>
    </SdkMessageProcessingStep>
  </SdkMessageProcessingSteps>
  <EntityDataProviders />
  <Languages>
    <Language>1033</Language>
    <Language>1036</Language>
  </Languages>
</ImportExportXml>