<ImportExportXml xmlns:xsi="http://www.w3.org/2001/XMLSchema-instance">
  <Entities></Entities>
  <Roles></Roles>
  <Workflows></Workflows>
  <FieldSecurityProfiles></FieldSecurityProfiles>
  <Templates />
  <EntityMaps />
  <EntityRelationships />
  <OrganizationSettings />
  <optionsets />
  <CustomControls />
  <SolutionPluginAssemblies>
    <PluginAssembly FullName="TC.PowerApps.RD.Plugins, Version=1.0.0.0, Culture=neutral, PublicKeyToken=736f5e6af1bbf14d" PluginAssemblyId="86bd2d50-dd31-4e7e-a75e-9fdbaac85969" CustomizationLevel="1">
      <IsolationMode>2</IsolationMode>
      <SourceType>0</SourceType>
      <IntroducedVersion>1.0</IntroducedVersion>
      <FileName>/PluginAssemblies/TCPowerAppsRDPlugins-86BD2D50-DD31-4E7E-A75E-9FDBAAC85969/TCPowerAppsRDPlugins.dll</FileName>
      <PluginTypes>
        <PluginType AssemblyQualifiedName="TC.PowerApps.RD.Plugins.Entities.Account.Account_CreateSiteHOTIOperation, TC.PowerApps.RD.Plugins, Version=1.0.0.0, Culture=neutral, PublicKeyToken=736f5e6af1bbf14d" PluginTypeId="9514fb6e-960b-44c1-bffa-6dcebb4a8597" Name="TC.PowerApps.RD.Plugins.Entities.Account.Account_CreateSiteHOTIOperation">
          <FriendlyName>f1d38883-b347-4602-8d5b-2316c1f4251d</FriendlyName>
        </PluginType>
        <PluginType AssemblyQualifiedName="TC.PowerApps.RD.Plugins.Entities.CompanyNAICS.CompanyNAICS_PreCreate, TC.PowerApps.RD.Plugins, Version=1.0.0.0, Culture=neutral, PublicKeyToken=736f5e6af1bbf14d" PluginTypeId="bda2a053-08a7-4500-a278-fe6d8e36d162" Name="TC.PowerApps.RD.Plugins.Entities.CompanyNAICS.CompanyNAICS_PreCreate">
          <FriendlyName>ec77678b-879a-455c-9bd3-16648f48e429</FriendlyName>
        </PluginType>
        <PluginType AssemblyQualifiedName="TC.PowerApps.RD.Plugins.Entities.CompanyNAICS.CompanyNAICS_PreUpdate, TC.PowerApps.RD.Plugins, Version=1.0.0.0, Culture=neutral, PublicKeyToken=736f5e6af1bbf14d" PluginTypeId="015f239c-76ca-4604-986f-c653ce8c2dcc" Name="TC.PowerApps.RD.Plugins.Entities.CompanyNAICS.CompanyNAICS_PreUpdate">
          <FriendlyName>fbac7a18-0b79-4bff-9d27-2e41f3ef13a1</FriendlyName>
        </PluginType>
        <PluginType AssemblyQualifiedName="TC.PowerApps.RD.Plugins.Entities.Contact.Contact_PreCreate, TC.PowerApps.RD.Plugins, Version=1.0.0.0, Culture=neutral, PublicKeyToken=736f5e6af1bbf14d" PluginTypeId="c9007af9-0cc1-4c44-8dd5-5036cb7a75f0" Name="TC.PowerApps.RD.Plugins.Entities.Contact.Contact_PreCreate">
          <FriendlyName>2bedf652-bede-4615-aba7-02840464991a</FriendlyName>
        </PluginType>
        <PluginType AssemblyQualifiedName="TC.PowerApps.RD.Plugins.Entities.Contact.Contact_PreUpdate, TC.PowerApps.RD.Plugins, Version=1.0.0.0, Culture=neutral, PublicKeyToken=736f5e6af1bbf14d" PluginTypeId="fabe8d68-34cc-471a-8a45-681c07bae0bb" Name="TC.PowerApps.RD.Plugins.Entities.Contact.Contact_PreUpdate">
          <FriendlyName>2609d569-bcfd-4f51-a801-8d379f644bdf</FriendlyName>
        </PluginType>
      </PluginTypes>
    </PluginAssembly>
  </SolutionPluginAssemblies>
  <SdkMessageProcessingSteps>
    <SdkMessageProcessingStep Name="TC.PowerApps.RD.Plugins.Entities.Account.Account_CreateSiteHOTIOperation: Create of account" SdkMessageProcessingStepId="{346c7eab-d183-ec11-8d20-000d3a84c476}">
      <SdkMessageId>9ebdbb1b-ea3e-db11-86a7-000a3a5473e8</SdkMessageId>
      <PluginTypeName>TC.PowerApps.RD.Plugins.Entities.Account.Account_CreateSiteHOTIOperation, TC.PowerApps.RD.Plugins, Version=1.0.0.0, Culture=neutral, PublicKeyToken=736f5e6af1bbf14d</PluginTypeName>
      <PluginTypeId>9514fb6e-960b-44c1-bffa-6dcebb4a8597</PluginTypeId>
      <PrimaryEntity>account</PrimaryEntity>
      <AsyncAutoDelete>0</AsyncAutoDelete>
      <Description>TC.PowerApps.RD.Plugins.Entities.Account.Account_CreateSiteHOTIOperation: Create of account</Description>
      <FilteringAttributes></FilteringAttributes>
      <InvocationSource>1</InvocationSource>
      <Mode>0</Mode>
      <Rank>1</Rank>
      <EventHandlerTypeCode>4602</EventHandlerTypeCode>
      <Stage>40</Stage>
      <IsCustomizable>1</IsCustomizable>
      <IsHidden>0</IsHidden>
      <SupportedDeployment>0</SupportedDeployment>
      <IntroducedVersion>1.0</IntroducedVersion>
      <SdkMessageProcessingStepImages />
    </SdkMessageProcessingStep>
  </SdkMessageProcessingSteps>
  <EntityDataProviders />
  <Languages>
    <Language>1033</Language>
    <Language>1036</Language>
  </Languages>
</ImportExportXml>