<ImportExportXml version="9.2.22121.146" SolutionPackageVersion="9.2" languagecode="1033" generatedBy="CrmLive" xmlns:xsi="http://www.w3.org/2001/XMLSchema-instance">
  <SolutionManifest>
    <UniqueName>RD_CID_Plugins</UniqueName>
    <LocalizedNames>
      <LocalizedName description="RD.CID.Plugins" languagecode="1033" />
    </LocalizedNames>
    <Descriptions />
    <Version>1.2.0.40</Version>
    <Managed>0</Managed>
    <Publisher>
      <UniqueName>transportationofdangerousgoods</UniqueName>
      <LocalizedNames>
        <LocalizedName description="Transportation of Dangerous Goods" languagecode="1033" />
      </LocalizedNames>
      <Descriptions />
      <EMailAddress xsi:nil="true"></EMailAddress>
      <SupportingWebsiteUrl xsi:nil="true"></SupportingWebsiteUrl>
      <CustomizationPrefix>tdg</CustomizationPrefix>
      <CustomizationOptionValuePrefix>75077</CustomizationOptionValuePrefix>
      <Addresses>
        <Address>
          <AddressNumber>1</AddressNumber>
          <AddressTypeCode>1</AddressTypeCode>
          <City xsi:nil="true"></City>
          <County xsi:nil="true"></County>
          <Country xsi:nil="true"></Country>
          <Fax xsi:nil="true"></Fax>
          <FreightTermsCode xsi:nil="true"></FreightTermsCode>
          <ImportSequenceNumber xsi:nil="true"></ImportSequenceNumber>
          <Latitude xsi:nil="true"></Latitude>
          <Line1 xsi:nil="true"></Line1>
          <Line2 xsi:nil="true"></Line2>
          <Line3 xsi:nil="true"></Line3>
          <Longitude xsi:nil="true"></Longitude>
          <Name xsi:nil="true"></Name>
          <PostalCode xsi:nil="true"></PostalCode>
          <PostOfficeBox xsi:nil="true"></PostOfficeBox>
          <PrimaryContactName xsi:nil="true"></PrimaryContactName>
          <ShippingMethodCode>1</ShippingMethodCode>
          <StateOrProvince xsi:nil="true"></StateOrProvince>
          <Telephone1 xsi:nil="true"></Telephone1>
          <Telephone2 xsi:nil="true"></Telephone2>
          <Telephone3 xsi:nil="true"></Telephone3>
          <TimeZoneRuleVersionNumber xsi:nil="true"></TimeZoneRuleVersionNumber>
          <UPSZone xsi:nil="true"></UPSZone>
          <UTCOffset xsi:nil="true"></UTCOffset>
          <UTCConversionTimeZoneCode xsi:nil="true"></UTCConversionTimeZoneCode>
        </Address>
        <Address>
          <AddressNumber>2</AddressNumber>
          <AddressTypeCode>1</AddressTypeCode>
          <City xsi:nil="true"></City>
          <County xsi:nil="true"></County>
          <Country xsi:nil="true"></Country>
          <Fax xsi:nil="true"></Fax>
          <FreightTermsCode xsi:nil="true"></FreightTermsCode>
          <ImportSequenceNumber xsi:nil="true"></ImportSequenceNumber>
          <Latitude xsi:nil="true"></Latitude>
          <Line1 xsi:nil="true"></Line1>
          <Line2 xsi:nil="true"></Line2>
          <Line3 xsi:nil="true"></Line3>
          <Longitude xsi:nil="true"></Longitude>
          <Name xsi:nil="true"></Name>
          <PostalCode xsi:nil="true"></PostalCode>
          <PostOfficeBox xsi:nil="true"></PostOfficeBox>
          <PrimaryContactName xsi:nil="true"></PrimaryContactName>
          <ShippingMethodCode>1</ShippingMethodCode>
          <StateOrProvince xsi:nil="true"></StateOrProvince>
          <Telephone1 xsi:nil="true"></Telephone1>
          <Telephone2 xsi:nil="true"></Telephone2>
          <Telephone3 xsi:nil="true"></Telephone3>
          <TimeZoneRuleVersionNumber xsi:nil="true"></TimeZoneRuleVersionNumber>
          <UPSZone xsi:nil="true"></UPSZone>
          <UTCOffset xsi:nil="true"></UTCOffset>
          <UTCConversionTimeZoneCode xsi:nil="true"></UTCConversionTimeZoneCode>
        </Address>
      </Addresses>
    </Publisher>
    <RootComponents>
      <RootComponent type="91" id="{13a145ac-7880-4f9f-a649-b67d1c3b929d}" schemaName="TC.PowerApps.RD.Plugins, Version=1.0.0.1, Culture=neutral, PublicKeyToken=736f5e6af1bbf14d" behavior="0" />
      <RootComponent type="92" id="{04ba7410-117b-ed11-81ac-0022483e130e}" behavior="0" />
      <RootComponent type="92" id="{22204e33-707b-ed11-81ad-0022483d0343}" behavior="0" />
      <RootComponent type="92" id="{2e640ba3-378b-ed11-81ac-0022483e130e}" behavior="0" />
      <RootComponent type="92" id="{342998c3-187b-ed11-81ad-0022483d0343}" behavior="0" />
      <RootComponent type="92" id="{37db9629-b882-ed11-81ac-0022483e130e}" behavior="0" />
      <RootComponent type="92" id="{3a8eff2a-187b-ed11-81ac-0022483e130e}" behavior="0" />
      <RootComponent type="92" id="{3b05c636-1f7b-ed11-81ad-0022483d0343}" behavior="0" />
      <RootComponent type="92" id="{3ba74b81-147b-ed11-81ac-0022483e130e}" behavior="0" />
      <RootComponent type="92" id="{3fa019fa-137b-ed11-81ad-0022483d0343}" behavior="0" />
      <RootComponent type="92" id="{46027023-1f7b-ed11-81ac-0022483e130e}" behavior="0" />
      <RootComponent type="92" id="{4717db36-cf7b-ed11-81ad-0022483d0343}" behavior="0" />
      <RootComponent type="92" id="{4ce41cd9-197b-ed11-81ac-0022483e130e}" behavior="0" />
      <RootComponent type="92" id="{4f2424c4-157b-ed11-81ad-0022483d0343}" behavior="0" />
      <RootComponent type="92" id="{5428d3f8-127b-ed11-81ac-0022483e130e}" behavior="0" />
      <RootComponent type="92" id="{57559e1b-177b-ed11-81ad-0022483d0343}" behavior="0" />
      <RootComponent type="92" id="{78fbe357-267b-ed11-81ad-0022483d0343}" behavior="0" />
      <RootComponent type="92" id="{7ffb7676-187b-ed11-81ac-0022483e130e}" behavior="0" />
      <RootComponent type="92" id="{890234bc-147b-ed11-81ac-0022483e130e}" behavior="0" />
      <RootComponent type="92" id="{8b2b5df5-147b-ed11-81ad-0022483d0343}" behavior="0" />
      <RootComponent type="92" id="{9160924e-127b-ed11-81ac-0022483e130e}" behavior="0" />
      <RootComponent type="92" id="{95238c1f-137b-ed11-81ad-0022483d0343}" behavior="0" />
      <RootComponent type="92" id="{989c635f-137b-ed11-81ac-0022483e130e}" behavior="0" />
      <RootComponent type="92" id="{b87657d6-137b-ed11-81ac-0022483e130e}" behavior="0" />
      <RootComponent type="92" id="{be2e398b-197b-ed11-81ac-0022483e130e}" behavior="0" />
      <RootComponent type="92" id="{c2857cbe-167b-ed11-81ad-0022483d0343}" behavior="0" />
      <RootComponent type="92" id="{ccdb14b6-127b-ed11-81ad-0022483d0343}" behavior="0" />
      <RootComponent type="92" id="{da1f07e4-127b-ed11-81ac-0022483e130e}" behavior="0" />
      <RootComponent type="92" id="{e368766a-177b-ed11-81ac-0022483e130e}" behavior="0" />
      <RootComponent type="92" id="{e4d8ab44-137b-ed11-81ad-0022483d0343}" behavior="0" />
      <RootComponent type="92" id="{f877112c-157b-ed11-81ac-0022483e130e}" behavior="0" />
    </RootComponents>
    <MissingDependencies>
      <MissingDependency>
        <Required type="1" schemaName="adx_invitation" displayName="Invitation" solution="MicrosoftPortalBase (9.2.2103.1)">
          <package>CDSBasePortal (9.3.2109.20)</package>
        </Required>
        <Dependent type="92" displayName="TC.PowerApps.RD.Plugins.Entities.CIDInvitation.CreateCIDInvitationRecord_OnPostCreate: Update of adx_invitation" id="{3b05c636-1f7b-ed11-81ad-0022483d0343}" />
      </MissingDependency>
      <MissingDependency>
        <Required type="1" schemaName="adx_invitation" displayName="Invitation" solution="MicrosoftPortalBase (9.2.2103.1)">
          <package>CDSBasePortal (9.3.2109.20)</package>
        </Required>
        <Dependent type="92" displayName="TC.PowerApps.RD.Plugins.Entities.CIDInvitation.CreateCIDInvitationRecord_OnPostCreate: Create of adx_invitation" id="{9160924e-127b-ed11-81ac-0022483e130e}" />
      </MissingDependency>
      <MissingDependency>
        <Required type="1" schemaName="adx_invitation" displayName="Invitation" solution="MicrosoftPortalBase (9.2.2103.1)">
          <package>CDSBasePortal (9.3.2109.20)</package>
        </Required>
        <Dependent type="93" id="{7a6c275a-1f7b-ed11-81ac-0022483e130e}" />
      </MissingDependency>
      <MissingDependency>
        <Required type="1" schemaName="cid_companyerap" displayName="Company ERAP" solution="Active" />
        <Dependent type="92" displayName="TC.PowerApps.RD.Plugins.Entities.Common.ConcatenateCreateAndModifyFields: Update of cid_companyerap" id="{3fa019fa-137b-ed11-81ad-0022483d0343}" />
      </MissingDependency>
      <MissingDependency>
        <Required type="1" schemaName="cid_companyerap" displayName="Company ERAP" solution="Active" />
        <Dependent type="92" displayName="TC.PowerApps.RD.Plugins.Entities.Common.ConcatenateCreateAndModifyFields: Create of cid_companyerap" id="{da1f07e4-127b-ed11-81ac-0022483e130e}" />
      </MissingDependency>
      <MissingDependency>
        <Required type="1" schemaName="cid_companynaicscode" displayName="Company NAICS Code" solution="Active" />
        <Dependent type="92" displayName="TC.PowerApps.RD.Plugins.Entities.Common.ConcatenateCreateAndModifyFields: Update of cid_companynaicscode" id="{3ba74b81-147b-ed11-81ac-0022483e130e}" />
      </MissingDependency>
      <MissingDependency>
        <Required type="1" schemaName="cid_companynaicscode" displayName="Company NAICS Code" solution="Active" />
        <Dependent type="92" displayName="TC.PowerApps.RD.Plugins.Entities.CompanyNAICS.CompanyNAICS_PreCreate: Create of cid_companynaicscode" id="{4f2424c4-157b-ed11-81ad-0022483d0343}" />
      </MissingDependency>
      <MissingDependency>
        <Required type="1" schemaName="cid_companynaicscode" displayName="Company NAICS Code" solution="Active" />
        <Dependent type="92" displayName="TC.PowerApps.RD.Plugins.Entities.Common.ConcatenateCreateAndModifyFields: Create of cid_companynaicscode" id="{5428d3f8-127b-ed11-81ac-0022483e130e}" />
      </MissingDependency>
      <MissingDependency>
        <Required type="1" schemaName="cid_companynaicscode" displayName="Company NAICS Code" solution="Active" />
        <Dependent type="92" displayName="TC.PowerApps.RD.Plugins.Entities.CompanyNAICS.CompanyNAICS_PreUpdate: Update of cid_companynaicscode" id="{c2857cbe-167b-ed11-81ad-0022483d0343}" />
      </MissingDependency>
      <MissingDependency>
        <Required type="1" schemaName="cid_companynaicscode" displayName="Company NAICS Code" solution="Active" />
        <Dependent type="93" id="{e8fc72dd-167b-ed11-81ac-0022483e130e}" />
      </MissingDependency>
      <MissingDependency>
        <Required type="1" schemaName="ovs_mocregistration" displayName="Operation" solution="Active" />
        <Dependent type="92" displayName="TC.PowerApps.RD.Plugins.Entities.Operation.Operation_ResetSiteAttestation: Update of ovs_mocregistration" id="{3a8eff2a-187b-ed11-81ac-0022483e130e}" />
      </MissingDependency>
      <MissingDependency>
        <Required type="1" schemaName="ovs_operationclass" displayName="Operation Class" solution="Active" />
        <Dependent type="92" displayName="TC.PowerApps.RD.Plugins.Entities.SiteClass.SiteClass_PreUpdate: Update of ovs_operationclass" id="{342998c3-187b-ed11-81ad-0022483d0343}" />
      </MissingDependency>
      <MissingDependency>
        <Required type="1" schemaName="ovs_operationclass" displayName="Operation Class" solution="Active" />
        <Dependent type="92" displayName="TC.PowerApps.RD.Plugins.Entities.SiteClass.SiteClass_ResetSiteAttestation: Update of ovs_operationclass" id="{4ce41cd9-197b-ed11-81ac-0022483e130e}" />
      </MissingDependency>
      <MissingDependency>
        <Required type="1" schemaName="ovs_operationclass" displayName="Operation Class" solution="Active" />
        <Dependent type="92" displayName="TC.PowerApps.RD.Plugins.Entities.SiteClass.SiteClass_PreCreate: Create of ovs_operationclass" id="{7ffb7676-187b-ed11-81ac-0022483e130e}" />
      </MissingDependency>
      <MissingDependency>
        <Required type="1" schemaName="ovs_operationclass" displayName="Operation Class" solution="Active" />
        <Dependent type="92" displayName="TC.PowerApps.RD.Plugins.Entities.Common.ConcatenateCreateAndModifyFields: Update of ovs_operationclass" id="{8b2b5df5-147b-ed11-81ad-0022483d0343}" />
      </MissingDependency>
      <MissingDependency>
        <Required type="1" schemaName="ovs_operationclass" displayName="Operation Class" solution="Active" />
        <Dependent type="92" displayName="TC.PowerApps.RD.Plugins.Entities.SiteClass.SiteClass_ResetSiteAttestation: Create of ovs_operationclass" id="{be2e398b-197b-ed11-81ac-0022483e130e}" />
      </MissingDependency>
      <MissingDependency>
        <Required type="1" schemaName="ovs_operationclass" displayName="Operation Class" solution="Active" />
        <Dependent type="92" displayName="TC.PowerApps.RD.Plugins.Entities.Common.ConcatenateCreateAndModifyFields: Create of ovs_operationclass" id="{e4d8ab44-137b-ed11-81ad-0022483d0343}" />
      </MissingDependency>
      <MissingDependency>
        <Required type="1" schemaName="ovs_operationclass" displayName="Operation Class" solution="Active" />
        <Dependent type="93" id="{449c6e1b-197b-ed11-81ad-0022483d0343}" />
      </MissingDependency>
      <MissingDependency>
        <Required type="1" schemaName="ovs_operationunnumber" displayName="Operation UN Number" solution="Active" />
        <Dependent type="92" displayName="TC.PowerApps.RD.Plugins.Entities.Common.ConcatenateCreateAndModifyFields: Create of ovs_operationunnumber" id="{989c635f-137b-ed11-81ac-0022483e130e}" />
      </MissingDependency>
      <MissingDependency>
        <Required type="1" schemaName="ovs_operationunnumber" displayName="Operation UN Number" solution="Active" />
        <Dependent type="92" displayName="TC.PowerApps.RD.Plugins.Entities.Common.ConcatenateCreateAndModifyFields: Update of ovs_operationunnumber" id="{f877112c-157b-ed11-81ac-0022483e130e}" />
      </MissingDependency>
      <MissingDependency>
        <Required type="2" schemaName="cid_annualcompliancecompletiondate" displayName="Annual Compliance Completion Date" parentSchemaName="account" parentDisplayName="Account" solution="Active" />
        <Dependent type="92" displayName="TC.PowerApps.RD.Plugins.Entities.Account.Account_CompleteAnnualCompliance: Update of account" id="{46027023-1f7b-ed11-81ac-0022483e130e}" />
      </MissingDependency>
      <MissingDependency>
        <Required type="2" schemaName="cid_cidcompanystatus" displayName="CID Company Status" parentSchemaName="account" parentDisplayName="Account" solution="Active" />
        <Dependent type="92" displayName="TC.PowerApps.RD.Plugins.Entities.Account.Account_UpdateCIDInvitationOnUpdate: Update of account" id="{22204e33-707b-ed11-81ad-0022483d0343}" />
      </MissingDependency>
      <MissingDependency>
        <Required type="2" schemaName="cid_crabusinessnumber" displayName="CRA Business Number" parentSchemaName="account" parentDisplayName="Account" solution="Active" />
        <Dependent type="92" displayName="TC.PowerApps.RD.Plugins.Entities.Account.Account_DuplicateCheck_PreUpdate: Update of account" id="{4717db36-cf7b-ed11-81ad-0022483d0343}" />
      </MissingDependency>
      <MissingDependency>
        <Required type="2" schemaName="cid_crabusinessnumber" displayName="CRA Business Number" parentSchemaName="account" parentDisplayName="Account" solution="Active" />
        <Dependent type="93" id="{37ee6410-d07b-ed11-81ad-0022483d0343}" />
      </MissingDependency>
      <MissingDependency>
        <Required type="2" schemaName="cid_modifiedbyregistrant" displayName="Modified By" parentSchemaName="account" parentDisplayName="Account" solution="Active" />
        <Dependent type="92" displayName="TC.PowerApps.RD.Plugins.Entities.Common.ConcatenateCreateAndModifyFields: Update of account" id="{b87657d6-137b-ed11-81ac-0022483e130e}" />
      </MissingDependency>
      <MissingDependency>
        <Required type="2" schemaName="ovs_address_display" displayName="Address Display" parentSchemaName="account" parentDisplayName="Account" solution="Active" />
        <Dependent type="92" displayName="TC.PowerApps.RD.Plugins.Entities.Account.Account_UpdateCIDInvitationOnUpdate: Update of account" id="{22204e33-707b-ed11-81ad-0022483d0343}" />
      </MissingDependency>
      <MissingDependency>
        <Required type="2" schemaName="ovs_address1_province" displayName="Province / Territory" parentSchemaName="account" parentDisplayName="Account" solution="Active" />
        <Dependent type="92" displayName="TC.PowerApps.RD.Plugins.Entities.Account.Account_UpdateCIDInvitationOnUpdate: Update of account" id="{22204e33-707b-ed11-81ad-0022483d0343}" />
      </MissingDependency>
      <MissingDependency>
        <Required type="2" schemaName="ovs_legalname" displayName="Legal Name" parentSchemaName="account" parentDisplayName="Account" solution="Active" />
        <Dependent type="92" displayName="TC.PowerApps.RD.Plugins.Entities.Account.Account_DuplicateCheck_PreUpdate: Update of account" id="{4717db36-cf7b-ed11-81ad-0022483d0343}" />
      </MissingDependency>
      <MissingDependency>
        <Required type="2" schemaName="ovs_legalname" displayName="Legal Name" parentSchemaName="account" parentDisplayName="Account" solution="Active" />
        <Dependent type="93" id="{37ee6410-d07b-ed11-81ad-0022483d0343}" />
      </MissingDependency>
      <MissingDependency>
        <Required type="2" schemaName="adx_assigntoaccount" displayName="Assign To Account" parentSchemaName="adx_invitation" parentDisplayName="Invitation" solution="MicrosoftPortalBase (9.2.2103.1)">
          <package>CDSBasePortal (9.3.2109.20)</package>
        </Required>
        <Dependent type="92" displayName="TC.PowerApps.RD.Plugins.Entities.CIDInvitation.CreateCIDInvitationRecord_OnPostCreate: Update of adx_invitation" id="{3b05c636-1f7b-ed11-81ad-0022483d0343}" />
      </MissingDependency>
      <MissingDependency>
        <Required type="2" schemaName="adx_assigntoaccount" displayName="Assign To Account" parentSchemaName="adx_invitation" parentDisplayName="Invitation" solution="MicrosoftPortalBase (9.2.2103.1)">
          <package>CDSBasePortal (9.3.2109.20)</package>
        </Required>
        <Dependent type="93" id="{7a6c275a-1f7b-ed11-81ac-0022483e130e}" />
      </MissingDependency>
      <MissingDependency>
        <Required type="2" schemaName="adx_expirydate" displayName="Expiry Date" parentSchemaName="adx_invitation" parentDisplayName="Invitation" solution="MicrosoftPortalBase (9.2.2103.1)">
          <package>CDSBasePortal (9.3.2109.20)</package>
        </Required>
        <Dependent type="92" displayName="TC.PowerApps.RD.Plugins.Entities.CIDInvitation.CreateCIDInvitationRecord_OnPostCreate: Update of adx_invitation" id="{3b05c636-1f7b-ed11-81ad-0022483d0343}" />
      </MissingDependency>
      <MissingDependency>
        <Required type="2" schemaName="adx_expirydate" displayName="Expiry Date" parentSchemaName="adx_invitation" parentDisplayName="Invitation" solution="MicrosoftPortalBase (9.2.2103.1)">
          <package>CDSBasePortal (9.3.2109.20)</package>
        </Required>
        <Dependent type="93" id="{7a6c275a-1f7b-ed11-81ac-0022483e130e}" />
      </MissingDependency>
      <MissingDependency>
        <Required type="2" schemaName="adx_invitationcode" displayName="Invitation Code" parentSchemaName="adx_invitation" parentDisplayName="Invitation" solution="MicrosoftPortalBase (9.2.2103.1)">
          <package>CDSBasePortal (9.3.2109.20)</package>
        </Required>
        <Dependent type="92" displayName="TC.PowerApps.RD.Plugins.Entities.CIDInvitation.CreateCIDInvitationRecord_OnPostCreate: Update of adx_invitation" id="{3b05c636-1f7b-ed11-81ad-0022483d0343}" />
      </MissingDependency>
      <MissingDependency>
        <Required type="2" schemaName="adx_invitationcode" displayName="Invitation Code" parentSchemaName="adx_invitation" parentDisplayName="Invitation" solution="MicrosoftPortalBase (9.2.2103.1)">
          <package>CDSBasePortal (9.3.2109.20)</package>
        </Required>
        <Dependent type="93" id="{7a6c275a-1f7b-ed11-81ac-0022483e130e}" />
      </MissingDependency>
      <MissingDependency>
        <Required type="2" schemaName="adx_invitationid" displayName="Invitation" parentSchemaName="adx_invitation" parentDisplayName="Invitation" solution="MicrosoftPortalBase (9.2.2103.1)">
          <package>CDSBasePortal (9.3.2109.20)</package>
        </Required>
        <Dependent type="92" displayName="TC.PowerApps.RD.Plugins.Entities.CIDInvitation.CreateCIDInvitationRecord_OnPostCreate: Update of adx_invitation" id="{3b05c636-1f7b-ed11-81ad-0022483d0343}" />
      </MissingDependency>
      <MissingDependency>
        <Required type="2" schemaName="adx_invitationid" displayName="Invitation" parentSchemaName="adx_invitation" parentDisplayName="Invitation" solution="MicrosoftPortalBase (9.2.2103.1)">
          <package>CDSBasePortal (9.3.2109.20)</package>
        </Required>
        <Dependent type="93" id="{7a6c275a-1f7b-ed11-81ac-0022483e130e}" />
      </MissingDependency>
      <MissingDependency>
        <Required type="2" schemaName="adx_invitecontact" displayName="Invite Contact" parentSchemaName="adx_invitation" parentDisplayName="Invitation" solution="MicrosoftPortalBase (9.2.2103.1)">
          <package>CDSBasePortal (9.3.2109.20)</package>
        </Required>
        <Dependent type="92" displayName="TC.PowerApps.RD.Plugins.Entities.CIDInvitation.CreateCIDInvitationRecord_OnPostCreate: Update of adx_invitation" id="{3b05c636-1f7b-ed11-81ad-0022483d0343}" />
      </MissingDependency>
      <MissingDependency>
        <Required type="2" schemaName="adx_invitecontact" displayName="Invite Contact" parentSchemaName="adx_invitation" parentDisplayName="Invitation" solution="MicrosoftPortalBase (9.2.2103.1)">
          <package>CDSBasePortal (9.3.2109.20)</package>
        </Required>
        <Dependent type="93" id="{7a6c275a-1f7b-ed11-81ac-0022483e130e}" />
      </MissingDependency>
      <MissingDependency>
        <Required type="2" schemaName="adx_invitercontact" displayName="Inviter" parentSchemaName="adx_invitation" parentDisplayName="Invitation" solution="MicrosoftPortalBase (9.2.2103.1)">
          <package>CDSBasePortal (9.3.2109.20)</package>
        </Required>
        <Dependent type="92" displayName="TC.PowerApps.RD.Plugins.Entities.CIDInvitation.CreateCIDInvitationRecord_OnPostCreate: Update of adx_invitation" id="{3b05c636-1f7b-ed11-81ad-0022483d0343}" />
      </MissingDependency>
      <MissingDependency>
        <Required type="2" schemaName="adx_invitercontact" displayName="Inviter" parentSchemaName="adx_invitation" parentDisplayName="Invitation" solution="MicrosoftPortalBase (9.2.2103.1)">
          <package>CDSBasePortal (9.3.2109.20)</package>
        </Required>
        <Dependent type="93" id="{7a6c275a-1f7b-ed11-81ac-0022483e130e}" />
      </MissingDependency>
      <MissingDependency>
        <Required type="2" schemaName="adx_name" displayName="Name" parentSchemaName="adx_invitation" parentDisplayName="Invitation" solution="MicrosoftPortalBase (9.2.2103.1)">
          <package>CDSBasePortal (9.3.2109.20)</package>
        </Required>
        <Dependent type="92" displayName="TC.PowerApps.RD.Plugins.Entities.CIDInvitation.CreateCIDInvitationRecord_OnPostCreate: Update of adx_invitation" id="{3b05c636-1f7b-ed11-81ad-0022483d0343}" />
      </MissingDependency>
      <MissingDependency>
        <Required type="2" schemaName="adx_type" displayName="Type" parentSchemaName="adx_invitation" parentDisplayName="Invitation" solution="MicrosoftPortalBase (9.2.2103.1)">
          <package>CDSBasePortal (9.3.2109.20)</package>
        </Required>
        <Dependent type="92" displayName="TC.PowerApps.RD.Plugins.Entities.CIDInvitation.CreateCIDInvitationRecord_OnPostCreate: Update of adx_invitation" id="{3b05c636-1f7b-ed11-81ad-0022483d0343}" />
      </MissingDependency>
      <MissingDependency>
        <Required type="2" schemaName="adx_type" displayName="Type" parentSchemaName="adx_invitation" parentDisplayName="Invitation" solution="MicrosoftPortalBase (9.2.2103.1)">
          <package>CDSBasePortal (9.3.2109.20)</package>
        </Required>
        <Dependent type="93" id="{7a6c275a-1f7b-ed11-81ac-0022483e130e}" />
      </MissingDependency>
      <MissingDependency>
        <Required type="2" schemaName="statecode" displayName="Status" parentSchemaName="adx_invitation" parentDisplayName="Invitation" solution="MicrosoftPortalBase (9.2.2103.1)">
          <package>CDSBasePortal (9.3.2109.20)</package>
        </Required>
        <Dependent type="92" displayName="TC.PowerApps.RD.Plugins.Entities.CIDInvitation.CreateCIDInvitationRecord_OnPostCreate: Update of adx_invitation" id="{3b05c636-1f7b-ed11-81ad-0022483d0343}" />
      </MissingDependency>
      <MissingDependency>
        <Required type="2" schemaName="statecode" displayName="Status" parentSchemaName="adx_invitation" parentDisplayName="Invitation" solution="MicrosoftPortalBase (9.2.2103.1)">
          <package>CDSBasePortal (9.3.2109.20)</package>
        </Required>
        <Dependent type="93" id="{7a6c275a-1f7b-ed11-81ac-0022483e130e}" />
      </MissingDependency>
      <MissingDependency>
        <Required type="2" schemaName="statuscode" displayName="Status Reason" parentSchemaName="adx_invitation" parentDisplayName="Invitation" solution="MicrosoftPortalBase (9.2.2103.1)">
          <package>CDSBasePortal (9.3.2109.20)</package>
        </Required>
        <Dependent type="92" displayName="TC.PowerApps.RD.Plugins.Entities.CIDInvitation.CreateCIDInvitationRecord_OnPostCreate: Update of adx_invitation" id="{3b05c636-1f7b-ed11-81ad-0022483d0343}" />
      </MissingDependency>
      <MissingDependency>
        <Required type="2" schemaName="statuscode" displayName="Status Reason" parentSchemaName="adx_invitation" parentDisplayName="Invitation" solution="MicrosoftPortalBase (9.2.2103.1)">
          <package>CDSBasePortal (9.3.2109.20)</package>
        </Required>
        <Dependent type="93" id="{7a6c275a-1f7b-ed11-81ac-0022483e130e}" />
      </MissingDependency>
      <MissingDependency>
        <Required type="2" schemaName="cid_modifiedbyregistrant" displayName="Modified By" parentSchemaName="cid_companyerap" parentDisplayName="Company ERAP" solution="Active" />
        <Dependent type="92" displayName="TC.PowerApps.RD.Plugins.Entities.Common.ConcatenateCreateAndModifyFields: Update of cid_companyerap" id="{3fa019fa-137b-ed11-81ad-0022483d0343}" />
      </MissingDependency>
      <MissingDependency>
        <Required type="2" schemaName="cid_company" displayName="Company" parentSchemaName="cid_companynaicscode" parentDisplayName="Company NAICS Code" solution="Active" />
        <Dependent type="92" displayName="TC.PowerApps.RD.Plugins.Entities.CompanyNAICS.CompanyNAICS_PreUpdate: Update of cid_companynaicscode" id="{c2857cbe-167b-ed11-81ad-0022483d0343}" />
      </MissingDependency>
      <MissingDependency>
        <Required type="2" schemaName="cid_company" displayName="Company" parentSchemaName="cid_companynaicscode" parentDisplayName="Company NAICS Code" solution="Active" />
        <Dependent type="93" id="{e8fc72dd-167b-ed11-81ac-0022483e130e}" />
      </MissingDependency>
      <MissingDependency>
        <Required type="2" schemaName="cid_modifiedbyregistrant" displayName="Modified By" parentSchemaName="cid_companynaicscode" parentDisplayName="Company NAICS Code" solution="Active" />
        <Dependent type="92" displayName="TC.PowerApps.RD.Plugins.Entities.Common.ConcatenateCreateAndModifyFields: Update of cid_companynaicscode" id="{3ba74b81-147b-ed11-81ac-0022483e130e}" />
      </MissingDependency>
      <MissingDependency>
        <Required type="2" schemaName="cid_naicscode" displayName="NAICS Code" parentSchemaName="cid_companynaicscode" parentDisplayName="Company NAICS Code" solution="Active" />
        <Dependent type="92" displayName="TC.PowerApps.RD.Plugins.Entities.CompanyNAICS.CompanyNAICS_PreUpdate: Update of cid_companynaicscode" id="{c2857cbe-167b-ed11-81ad-0022483d0343}" />
      </MissingDependency>
      <MissingDependency>
        <Required type="2" schemaName="cid_naicscode" displayName="NAICS Code" parentSchemaName="cid_companynaicscode" parentDisplayName="Company NAICS Code" solution="Active" />
        <Dependent type="93" id="{e8fc72dd-167b-ed11-81ac-0022483e130e}" />
      </MissingDependency>
      <MissingDependency>
        <Required type="2" schemaName="statuscode" displayName="Status Reason" parentSchemaName="cid_companynaicscode" parentDisplayName="Company NAICS Code" solution="Active" />
        <Dependent type="92" displayName="TC.PowerApps.RD.Plugins.Entities.CompanyNAICS.CompanyNAICS_PreUpdate: Update of cid_companynaicscode" id="{c2857cbe-167b-ed11-81ad-0022483d0343}" />
      </MissingDependency>
      <MissingDependency>
        <Required type="2" schemaName="statuscode" displayName="Status Reason" parentSchemaName="cid_companynaicscode" parentDisplayName="Company NAICS Code" solution="Active" />
        <Dependent type="93" id="{e8fc72dd-167b-ed11-81ac-0022483e130e}" />
      </MissingDependency>
      <MissingDependency>
        <Required type="2" schemaName="cid_contacttype" displayName="Contact Type" parentSchemaName="contact" parentDisplayName="Contact" solution="Active" />
        <Dependent type="92" displayName="TC.PowerApps.RD.Plugins.Entities.Contact.Contact_PreUpdate: Update of contact" id="{e368766a-177b-ed11-81ac-0022483e130e}" />
      </MissingDependency>
      <MissingDependency>
        <Required type="2" schemaName="cid_contacttype" displayName="Contact Type" parentSchemaName="contact" parentDisplayName="Contact" solution="Active" />
        <Dependent type="93" id="{8db3c59f-177b-ed11-81ac-0022483e130e}" />
      </MissingDependency>
      <MissingDependency>
        <Required type="2" schemaName="cid_modifiedbyregistrant" displayName="Modified By" parentSchemaName="contact" parentDisplayName="Contact" solution="Active" />
        <Dependent type="92" displayName="TC.PowerApps.RD.Plugins.Entities.Common.ConcatenateCreateAndModifyFields: Update of contact" id="{890234bc-147b-ed11-81ac-0022483e130e}" />
      </MissingDependency>
      <MissingDependency>
        <Required type="2" schemaName="cid_modeoftransportationair" displayName="Air" parentSchemaName="ovs_mocregistration" parentDisplayName="Operation" solution="Active" />
        <Dependent type="92" displayName="TC.PowerApps.RD.Plugins.Entities.Operation.Operation_ResetSiteAttestation: Update of ovs_mocregistration" id="{3a8eff2a-187b-ed11-81ac-0022483e130e}" />
      </MissingDependency>
      <MissingDependency>
        <Required type="2" schemaName="cid_modeoftransportationmarine" displayName="Marine" parentSchemaName="ovs_mocregistration" parentDisplayName="Operation" solution="Active" />
        <Dependent type="92" displayName="TC.PowerApps.RD.Plugins.Entities.Operation.Operation_ResetSiteAttestation: Update of ovs_mocregistration" id="{3a8eff2a-187b-ed11-81ac-0022483e130e}" />
      </MissingDependency>
      <MissingDependency>
        <Required type="2" schemaName="cid_modeoftransportationrail" displayName="Rail" parentSchemaName="ovs_mocregistration" parentDisplayName="Operation" solution="Active" />
        <Dependent type="92" displayName="TC.PowerApps.RD.Plugins.Entities.Operation.Operation_ResetSiteAttestation: Update of ovs_mocregistration" id="{3a8eff2a-187b-ed11-81ac-0022483e130e}" />
      </MissingDependency>
      <MissingDependency>
        <Required type="2" schemaName="cid_modeoftransportationroad" displayName="Road" parentSchemaName="ovs_mocregistration" parentDisplayName="Operation" solution="Active" />
        <Dependent type="92" displayName="TC.PowerApps.RD.Plugins.Entities.Operation.Operation_ResetSiteAttestation: Update of ovs_mocregistration" id="{3a8eff2a-187b-ed11-81ac-0022483e130e}" />
      </MissingDependency>
      <MissingDependency>
        <Required type="2" schemaName="cid_modifiedbyregistrant" displayName="Modified By" parentSchemaName="ovs_mocregistration" parentDisplayName="Operation" solution="Active" />
        <Dependent type="92" displayName="TC.PowerApps.RD.Plugins.Entities.Operation.Operation_ResetSiteAttestation: Update of ovs_mocregistration" id="{3a8eff2a-187b-ed11-81ac-0022483e130e}" />
      </MissingDependency>
      <MissingDependency>
        <Required type="2" schemaName="statecode" displayName="Status" parentSchemaName="ovs_mocregistration" parentDisplayName="Operation" solution="Active" />
        <Dependent type="92" displayName="TC.PowerApps.RD.Plugins.Entities.Operation.Operation_ResetSiteAttestation: Update of ovs_mocregistration" id="{3a8eff2a-187b-ed11-81ac-0022483e130e}" />
      </MissingDependency>
      <MissingDependency>
        <Required type="2" schemaName="statuscode" displayName="Status Reason" parentSchemaName="ovs_mocregistration" parentDisplayName="Operation" solution="Active" />
        <Dependent type="92" displayName="TC.PowerApps.RD.Plugins.Entities.Operation.Operation_ResetSiteAttestation: Update of ovs_mocregistration" id="{3a8eff2a-187b-ed11-81ac-0022483e130e}" />
      </MissingDependency>
      <MissingDependency>
        <Required type="2" schemaName="cid_createdbyregistrant" displayName="Created By" parentSchemaName="ovs_operationclass" parentDisplayName="Operation Class" solution="Active" />
        <Dependent type="92" displayName="TC.PowerApps.RD.Plugins.Entities.SiteClass.SiteClass_ResetSiteAttestation: Update of ovs_operationclass" id="{4ce41cd9-197b-ed11-81ac-0022483e130e}" />
      </MissingDependency>
      <MissingDependency>
        <Required type="2" schemaName="cid_modifiedbyregistrant" displayName="Modified By" parentSchemaName="ovs_operationclass" parentDisplayName="Operation Class" solution="Active" />
        <Dependent type="92" displayName="TC.PowerApps.RD.Plugins.Entities.SiteClass.SiteClass_ResetSiteAttestation: Update of ovs_operationclass" id="{4ce41cd9-197b-ed11-81ac-0022483e130e}" />
      </MissingDependency>
      <MissingDependency>
        <Required type="2" schemaName="cid_modifiedbyregistrant" displayName="Modified By" parentSchemaName="ovs_operationclass" parentDisplayName="Operation Class" solution="Active" />
        <Dependent type="92" displayName="TC.PowerApps.RD.Plugins.Entities.Common.ConcatenateCreateAndModifyFields: Update of ovs_operationclass" id="{8b2b5df5-147b-ed11-81ad-0022483d0343}" />
      </MissingDependency>
      <MissingDependency>
        <Required type="2" schemaName="ovs_class_division" displayName="Class/Division" parentSchemaName="ovs_operationclass" parentDisplayName="Operation Class" solution="Active" />
        <Dependent type="92" displayName="TC.PowerApps.RD.Plugins.Entities.SiteClass.SiteClass_PreUpdate: Update of ovs_operationclass" id="{342998c3-187b-ed11-81ad-0022483d0343}" />
      </MissingDependency>
      <MissingDependency>
        <Required type="2" schemaName="ovs_class_division" displayName="Class/Division" parentSchemaName="ovs_operationclass" parentDisplayName="Operation Class" solution="Active" />
        <Dependent type="93" id="{449c6e1b-197b-ed11-81ad-0022483d0343}" />
      </MissingDependency>
      <MissingDependency>
        <Required type="2" schemaName="ovs_compatibility_group" displayName="Compatibility Group" parentSchemaName="ovs_operationclass" parentDisplayName="Operation Class" solution="Active" />
        <Dependent type="92" displayName="TC.PowerApps.RD.Plugins.Entities.SiteClass.SiteClass_PreUpdate: Update of ovs_operationclass" id="{342998c3-187b-ed11-81ad-0022483d0343}" />
      </MissingDependency>
      <MissingDependency>
        <Required type="2" schemaName="ovs_compatibility_group" displayName="Compatibility Group" parentSchemaName="ovs_operationclass" parentDisplayName="Operation Class" solution="Active" />
        <Dependent type="93" id="{449c6e1b-197b-ed11-81ad-0022483d0343}" />
      </MissingDependency>
      <MissingDependency>
        <Required type="2" schemaName="ovs_operationclass" displayName="Operation Class" parentSchemaName="ovs_operationclass" parentDisplayName="Operation Class" solution="Active" />
        <Dependent type="92" displayName="TC.PowerApps.RD.Plugins.Entities.SiteClass.SiteClass_PreUpdate: Update of ovs_operationclass" id="{342998c3-187b-ed11-81ad-0022483d0343}" />
      </MissingDependency>
      <MissingDependency>
        <Required type="2" schemaName="ovs_operationclass" displayName="Operation Class" parentSchemaName="ovs_operationclass" parentDisplayName="Operation Class" solution="Active" />
        <Dependent type="93" id="{449c6e1b-197b-ed11-81ad-0022483d0343}" />
      </MissingDependency>
      <MissingDependency>
        <Required type="2" schemaName="statecode" displayName="Status" parentSchemaName="ovs_operationclass" parentDisplayName="Operation Class" solution="Active" />
        <Dependent type="92" displayName="TC.PowerApps.RD.Plugins.Entities.SiteClass.SiteClass_ResetSiteAttestation: Update of ovs_operationclass" id="{4ce41cd9-197b-ed11-81ac-0022483e130e}" />
      </MissingDependency>
      <MissingDependency>
        <Required type="2" schemaName="statuscode" displayName="Status Reason" parentSchemaName="ovs_operationclass" parentDisplayName="Operation Class" solution="Active" />
        <Dependent type="92" displayName="TC.PowerApps.RD.Plugins.Entities.SiteClass.SiteClass_PreUpdate: Update of ovs_operationclass" id="{342998c3-187b-ed11-81ad-0022483d0343}" />
      </MissingDependency>
      <MissingDependency>
        <Required type="2" schemaName="statuscode" displayName="Status Reason" parentSchemaName="ovs_operationclass" parentDisplayName="Operation Class" solution="Active" />
        <Dependent type="92" displayName="TC.PowerApps.RD.Plugins.Entities.SiteClass.SiteClass_ResetSiteAttestation: Update of ovs_operationclass" id="{4ce41cd9-197b-ed11-81ac-0022483e130e}" />
      </MissingDependency>
      <MissingDependency>
        <Required type="2" schemaName="statuscode" displayName="Status Reason" parentSchemaName="ovs_operationclass" parentDisplayName="Operation Class" solution="Active" />
        <Dependent type="93" id="{449c6e1b-197b-ed11-81ad-0022483d0343}" />
      </MissingDependency>
      <MissingDependency>
        <Required type="2" schemaName="cid_modifiedbyregistrant" displayName="Modified By" parentSchemaName="ovs_operationunnumber" parentDisplayName="Operation UN Number" solution="Active" />
        <Dependent type="92" displayName="TC.PowerApps.RD.Plugins.Entities.Common.ConcatenateCreateAndModifyFields: Update of ovs_operationunnumber" id="{f877112c-157b-ed11-81ac-0022483e130e}" />
      </MissingDependency>
    </MissingDependencies>
  </SolutionManifest>
</ImportExportXml>