<ImportExportXml version="9.2.24082.160" SolutionPackageVersion="9.2" languagecode="1033" generatedBy="CrmLive" xmlns:xsi="http://www.w3.org/2001/XMLSchema-instance">
  <SolutionManifest>
    <UniqueName>RD_CID_Plugins</UniqueName>
    <LocalizedNames>
      <LocalizedName description="RD.CID.Plugins" languagecode="1033" />
    </LocalizedNames>
    <Descriptions />
    <Version>1.2.0.92</Version>
    <Managed>0</Managed>
    <Publisher>
      <UniqueName>transportationofdangerousgoods</UniqueName>
      <LocalizedNames>
        <LocalizedName description="Transportation of Dangerous Goods" languagecode="1033" />
      </LocalizedNames>
      <Descriptions />
      <EMailAddress xsi:nil="true"></EMailAddress>
      <SupportingWebsiteUrl xsi:nil="true"></SupportingWebsiteUrl>
      <CustomizationPrefix>tdg</CustomizationPrefix>
      <CustomizationOptionValuePrefix>75077</CustomizationOptionValuePrefix>
      <Addresses>
        <Address>
          <AddressNumber>1</AddressNumber>
          <AddressTypeCode>1</AddressTypeCode>
          <City xsi:nil="true"></City>
          <County xsi:nil="true"></County>
          <Country xsi:nil="true"></Country>
          <Fax xsi:nil="true"></Fax>
          <FreightTermsCode xsi:nil="true"></FreightTermsCode>
          <ImportSequenceNumber xsi:nil="true"></ImportSequenceNumber>
          <Latitude xsi:nil="true"></Latitude>
          <Line1 xsi:nil="true"></Line1>
          <Line2 xsi:nil="true"></Line2>
          <Line3 xsi:nil="true"></Line3>
          <Longitude xsi:nil="true"></Longitude>
          <Name xsi:nil="true"></Name>
          <PostalCode xsi:nil="true"></PostalCode>
          <PostOfficeBox xsi:nil="true"></PostOfficeBox>
          <PrimaryContactName xsi:nil="true"></PrimaryContactName>
          <ShippingMethodCode>1</ShippingMethodCode>
          <StateOrProvince xsi:nil="true"></StateOrProvince>
          <Telephone1 xsi:nil="true"></Telephone1>
          <Telephone2 xsi:nil="true"></Telephone2>
          <Telephone3 xsi:nil="true"></Telephone3>
          <TimeZoneRuleVersionNumber xsi:nil="true"></TimeZoneRuleVersionNumber>
          <UPSZone xsi:nil="true"></UPSZone>
          <UTCOffset xsi:nil="true"></UTCOffset>
          <UTCConversionTimeZoneCode xsi:nil="true"></UTCConversionTimeZoneCode>
        </Address>
        <Address>
          <AddressNumber>2</AddressNumber>
          <AddressTypeCode>1</AddressTypeCode>
          <City xsi:nil="true"></City>
          <County xsi:nil="true"></County>
          <Country xsi:nil="true"></Country>
          <Fax xsi:nil="true"></Fax>
          <FreightTermsCode xsi:nil="true"></FreightTermsCode>
          <ImportSequenceNumber xsi:nil="true"></ImportSequenceNumber>
          <Latitude xsi:nil="true"></Latitude>
          <Line1 xsi:nil="true"></Line1>
          <Line2 xsi:nil="true"></Line2>
          <Line3 xsi:nil="true"></Line3>
          <Longitude xsi:nil="true"></Longitude>
          <Name xsi:nil="true"></Name>
          <PostalCode xsi:nil="true"></PostalCode>
          <PostOfficeBox xsi:nil="true"></PostOfficeBox>
          <PrimaryContactName xsi:nil="true"></PrimaryContactName>
          <ShippingMethodCode>1</ShippingMethodCode>
          <StateOrProvince xsi:nil="true"></StateOrProvince>
          <Telephone1 xsi:nil="true"></Telephone1>
          <Telephone2 xsi:nil="true"></Telephone2>
          <Telephone3 xsi:nil="true"></Telephone3>
          <TimeZoneRuleVersionNumber xsi:nil="true"></TimeZoneRuleVersionNumber>
          <UPSZone xsi:nil="true"></UPSZone>
          <UTCOffset xsi:nil="true"></UTCOffset>
          <UTCConversionTimeZoneCode xsi:nil="true"></UTCConversionTimeZoneCode>
        </Address>
      </Addresses>
    </Publisher>
    <RootComponents>
      <RootComponent type="91" id="{13a145ac-7880-4f9f-a649-b67d1c3b929d}" schemaName="TC.PowerApps.RD.Plugins, Version=1.0.0.1, Culture=neutral, PublicKeyToken=736f5e6af1bbf14d" behavior="0" />
      <RootComponent type="92" id="{02c8392b-cbe6-ee11-a203-002248adb34a}" behavior="0" />
      <RootComponent type="92" id="{04ba7410-117b-ed11-81ac-0022483e130e}" behavior="0" />
      <RootComponent type="92" id="{18e870b1-cbe6-ee11-a203-000d3a845779}" behavior="0" />
      <RootComponent type="92" id="{1bc012bd-31c4-ed11-b597-0022483e130e}" behavior="0" />
      <RootComponent type="92" id="{22204e33-707b-ed11-81ad-0022483d0343}" behavior="0" />
      <RootComponent type="92" id="{2f2fa2e8-7810-ee11-8f6e-0022483d0c87}" behavior="0" />
      <RootComponent type="92" id="{2f8719cc-4cc4-ed11-b597-0022483d0343}" behavior="0" />
      <RootComponent type="92" id="{37db9629-b882-ed11-81ac-0022483e130e}" behavior="0" />
      <RootComponent type="92" id="{38e8b75c-0111-ee11-8f6e-0022483d0343}" behavior="0" />
      <RootComponent type="92" id="{3a8eff2a-187b-ed11-81ac-0022483e130e}" behavior="0" />
      <RootComponent type="92" id="{3b05c636-1f7b-ed11-81ad-0022483d0343}" behavior="0" />
      <RootComponent type="92" id="{3ba74b81-147b-ed11-81ac-0022483e130e}" behavior="0" />
      <RootComponent type="92" id="{3fa019fa-137b-ed11-81ad-0022483d0343}" behavior="0" />
      <RootComponent type="92" id="{46027023-1f7b-ed11-81ac-0022483e130e}" behavior="0" />
      <RootComponent type="92" id="{4ce41cd9-197b-ed11-81ac-0022483e130e}" behavior="0" />
      <RootComponent type="92" id="{4d779eae-4aa7-ed11-aad0-0022483d0343}" behavior="0" />
      <RootComponent type="92" id="{4e8ce66d-c80e-ee11-8f6e-0022483e130e}" behavior="0" />
      <RootComponent type="92" id="{4f2424c4-157b-ed11-81ad-0022483d0343}" behavior="0" />
      <RootComponent type="92" id="{53fb6e93-afb4-ee11-a568-002248b0ab18}" behavior="0" />
      <RootComponent type="92" id="{5428d3f8-127b-ed11-81ac-0022483e130e}" behavior="0" />
      <RootComponent type="92" id="{54bf380b-cce6-ee11-a203-000d3a845779}" behavior="0" />
      <RootComponent type="92" id="{556a3682-bf15-ee11-9cbe-0022483d0343}" behavior="0" />
      <RootComponent type="92" id="{57f17560-c70e-ee11-8f6e-0022483e130e}" behavior="0" />
      <RootComponent type="92" id="{6c87dda0-b542-ee11-be6e-0022483d0343}" behavior="0" />
      <RootComponent type="92" id="{890234bc-147b-ed11-81ac-0022483e130e}" behavior="0" />
      <RootComponent type="92" id="{8b2b5df5-147b-ed11-81ad-0022483d0343}" behavior="0" />
      <RootComponent type="92" id="{9160924e-127b-ed11-81ac-0022483e130e}" behavior="0" />
      <RootComponent type="92" id="{95238c1f-137b-ed11-81ad-0022483d0343}" behavior="0" />
      <RootComponent type="92" id="{989c635f-137b-ed11-81ac-0022483e130e}" behavior="0" />
      <RootComponent type="92" id="{b2840686-c70e-ee11-8f6e-000d3af35f84}" behavior="0" />
      <RootComponent type="92" id="{b87657d6-137b-ed11-81ac-0022483e130e}" behavior="0" />
      <RootComponent type="92" id="{be2e398b-197b-ed11-81ac-0022483e130e}" behavior="0" />
      <RootComponent type="92" id="{c2857cbe-167b-ed11-81ad-0022483d0343}" behavior="0" />
      <RootComponent type="92" id="{d1fd48b1-6adb-ee11-904c-000d3a845779}" behavior="0" />
      <RootComponent type="92" id="{d304d27f-58b1-ee11-a568-002248b0ab18}" behavior="0" />
      <RootComponent type="92" id="{d8646245-e321-ee11-9966-0022483d0c87}" behavior="0" />
      <RootComponent type="92" id="{da1f07e4-127b-ed11-81ac-0022483e130e}" behavior="0" />
      <RootComponent type="92" id="{de0e2770-ac0f-ee11-8f6e-0022483d0c87}" behavior="0" />
      <RootComponent type="92" id="{e4d8ab44-137b-ed11-81ad-0022483d0343}" behavior="0" />
      <RootComponent type="92" id="{e51a2b8f-c80e-ee11-8f6e-0022483d0343}" behavior="0" />
      <RootComponent type="92" id="{e66a84c5-e321-ee11-9966-0022483e130e}" behavior="0" />
      <RootComponent type="92" id="{e80c4105-9ca5-ed11-aad0-0022483d0343}" behavior="0" />
      <RootComponent type="92" id="{e8a5f9ea-58b1-ee11-a568-002248b0ab18}" behavior="0" />
      <RootComponent type="92" id="{eed04e38-97fe-ee11-9f89-002248b0d3d6}" behavior="0" />
      <RootComponent type="92" id="{f1852367-24a7-ed11-aad0-0022483d0343}" behavior="0" />
      <RootComponent type="92" id="{f7e14281-331c-ee11-8f6d-0022483d0343}" behavior="0" />
      <RootComponent type="92" id="{f877112c-157b-ed11-81ac-0022483e130e}" behavior="0" />
      <RootComponent type="92" id="{f9fb82f6-c6e6-ee11-a203-000d3a845779}" behavior="0" />
    </RootComponents>
    <MissingDependencies>
      <MissingDependency>
        <Required type="1" schemaName="adx_invitation" displayName="Invitation" solution="PowerPages_RuntimeCore (1.0.2402.1)">
          <package>PowerPages_Core (1.0.2407.112)</package>
        </Required>
        <Dependent type="92" displayName="TC.PowerApps.RD.Plugins.Entities.CIDInvitation.CreateCIDInvitationRecord_OnPostCreate: Update of adx_invitation" id="{3b05c636-1f7b-ed11-81ad-0022483d0343}" />
      </MissingDependency>
      <MissingDependency>
        <Required type="1" schemaName="adx_invitation" displayName="Invitation" solution="PowerPages_RuntimeCore (1.0.2402.1)">
          <package>PowerPages_Core (1.0.2407.112)</package>
        </Required>
        <Dependent type="92" displayName="TC.PowerApps.RD.Plugins.Entities.CIDInvitation.CreateCIDInvitationRecord_OnPostCreate: Create of adx_invitation" id="{9160924e-127b-ed11-81ac-0022483e130e}" />
      </MissingDependency>
      <MissingDependency>
        <Required type="1" schemaName="adx_invitation" displayName="Invitation" solution="PowerPages_RuntimeCore (1.0.2402.1)">
          <package>PowerPages_Core (1.0.2407.112)</package>
        </Required>
        <Dependent type="93" id="{7a6c275a-1f7b-ed11-81ac-0022483e130e}" />
      </MissingDependency>
      <MissingDependency>
        <Required type="1" schemaName="cid_companyerap" displayName="Company ERAP" solution="Active" />
        <Dependent type="92" displayName="TC.PowerApps.RD.Plugins.Entities.Common.ConcatenateCreateAndModifyFields: Update of cid_companyerap" id="{3fa019fa-137b-ed11-81ad-0022483d0343}" />
      </MissingDependency>
      <MissingDependency>
        <Required type="1" schemaName="cid_companyerap" displayName="Company ERAP" solution="Active" />
        <Dependent type="92" displayName="TC.PowerApps.RD.Plugins.Entities.Common.ConcatenateCreateAndModifyFields: Create of cid_companyerap" id="{da1f07e4-127b-ed11-81ac-0022483e130e}" />
      </MissingDependency>
      <MissingDependency>
        <Required type="1" schemaName="cid_companynaicscode" displayName="Organization NAICS Code" solution="Active" />
        <Dependent type="92" displayName="TC.PowerApps.RD.Plugins.Entities.Common.ConcatenateCreateAndModifyFields: Update of cid_companynaicscode" id="{3ba74b81-147b-ed11-81ac-0022483e130e}" />
      </MissingDependency>
      <MissingDependency>
        <Required type="1" schemaName="cid_companynaicscode" displayName="Organization NAICS Code" solution="Active" />
        <Dependent type="92" displayName="TC.PowerApps.RD.Plugins.Entities.CompanyNAICS.CompanyNAICS_PreCreate: Create of cid_companynaicscode" id="{4f2424c4-157b-ed11-81ad-0022483d0343}" />
      </MissingDependency>
      <MissingDependency>
        <Required type="1" schemaName="cid_companynaicscode" displayName="Organization NAICS Code" solution="Active" />
        <Dependent type="92" displayName="TC.PowerApps.RD.Plugins.Entities.Common.ConcatenateCreateAndModifyFields: Create of cid_companynaicscode" id="{5428d3f8-127b-ed11-81ac-0022483e130e}" />
      </MissingDependency>
      <MissingDependency>
        <Required type="1" schemaName="cid_companynaicscode" displayName="Organization NAICS Code" solution="Active" />
        <Dependent type="92" displayName="TC.PowerApps.RD.Plugins.Entities.CompanyNAICS.CompanyNAICS_PreUpdate: Update of cid_companynaicscode" id="{c2857cbe-167b-ed11-81ad-0022483d0343}" />
      </MissingDependency>
      <MissingDependency>
        <Required type="1" schemaName="cid_companynaicscode" displayName="Organization NAICS Code" solution="Active" />
        <Dependent type="93" id="{e8fc72dd-167b-ed11-81ac-0022483e130e}" />
      </MissingDependency>
      <MissingDependency>
        <Required type="1" schemaName="cid_historylog" displayName="History Log" solution="Active" />
        <Dependent type="92" displayName="TC.PowerApps.RD.Plugins.Entities.HistoryLog.HistoryLog_PostCreate_PopulateMemo: Create of cid_historylog" id="{4d779eae-4aa7-ed11-aad0-0022483d0343}" />
      </MissingDependency>
      <MissingDependency>
        <Required type="1" schemaName="cid_historylog" displayName="History Log" solution="Active" />
        <Dependent type="92" displayName="TC.PowerApps.RD.Plugins.Entities.HistoryLog.HistoryLog_PostCreate_PopulateMemo: Update of cid_historylog" id="{f1852367-24a7-ed11-aad0-0022483d0343}" />
      </MissingDependency>
      <MissingDependency>
        <Required type="1" schemaName="ovs_mocregistration" displayName="Operation" solution="Active" />
        <Dependent type="92" displayName="TC.PowerApps.RD.Plugins.Entities.Operation.Operation_PostCreate_setHOTI_HOTIGOA: Create of ovs_mocregistration" id="{02c8392b-cbe6-ee11-a203-002248adb34a}" />
      </MissingDependency>
      <MissingDependency>
        <Required type="1" schemaName="ovs_mocregistration" displayName="Operation" solution="Active" />
        <Dependent type="92" displayName="TC.PowerApps.RD.Plugins.Entities.Operation.Operation_ResetSiteAttestation: Update of ovs_mocregistration" id="{3a8eff2a-187b-ed11-81ac-0022483e130e}" />
      </MissingDependency>
      <MissingDependency>
        <Required type="1" schemaName="ovs_mocregistration" displayName="Operation" solution="Active" />
        <Dependent type="92" displayName="TC.PowerApps.RD.Plugins.Entities.Operation.Operation_PostUpdate_ChangeType_BasedonModes: Update of ovs_mocregistration" id="{6c87dda0-b542-ee11-be6e-0022483d0343}" />
      </MissingDependency>
      <MissingDependency>
        <Required type="1" schemaName="ovs_mocregistration" displayName="Operation" solution="Active" />
        <Dependent type="92" displayName="TC.PowerApps.RD.Plugins.Entities.Common.HistoryLog_CreateLog: Update of ovs_mocregistration" id="{d8646245-e321-ee11-9966-0022483d0c87}" />
      </MissingDependency>
      <MissingDependency>
        <Required type="1" schemaName="ovs_mocregistration" displayName="Operation" solution="Active" />
        <Dependent type="93" id="{06a583d8-b542-ee11-be6e-0022483d0343}" />
      </MissingDependency>
      <MissingDependency>
        <Required type="1" schemaName="ovs_mocregistration" displayName="Operation" solution="Active" />
        <Dependent type="93" id="{c9305ba2-e321-ee11-9966-0022483e130e}" />
      </MissingDependency>
      <MissingDependency>
        <Required type="1" schemaName="ovs_operationclass" displayName="Operation Class" solution="Active" />
        <Dependent type="92" displayName="TC.PowerApps.RD.Plugins.Entities.Common.ConcatenateCreateAndModifyFields: Update of ovs_operationclass" id="{8b2b5df5-147b-ed11-81ad-0022483d0343}" />
      </MissingDependency>
      <MissingDependency>
        <Required type="1" schemaName="ovs_operationclass" displayName="Operation Class" solution="Active" />
        <Dependent type="92" displayName="TC.PowerApps.RD.Plugins.Entities.Common.ConcatenateCreateAndModifyFields: Create of ovs_operationclass" id="{e4d8ab44-137b-ed11-81ad-0022483d0343}" />
      </MissingDependency>
      <MissingDependency>
        <Required type="1" schemaName="ovs_operationclass" displayName="Operation Class" solution="Active" />
        <Dependent type="92" displayName="TC.PowerApps.RD.Plugins.Entities.Common.HistoryLog_CreateLog: Create of ovs_operationclass" id="{e66a84c5-e321-ee11-9966-0022483e130e}" />
      </MissingDependency>
      <MissingDependency>
        <Required type="1" schemaName="ovs_operationunnumber" displayName="Site UN Number" solution="Active" />
        <Dependent type="92" displayName="TC.PowerApps.RD.Plugins.Entities.Common.ConcatenateCreateAndModifyFields: Create of ovs_operationunnumber" id="{989c635f-137b-ed11-81ac-0022483e130e}" />
      </MissingDependency>
      <MissingDependency>
        <Required type="1" schemaName="ovs_operationunnumber" displayName="Site UN Number" solution="Active" />
        <Dependent type="92" displayName="TC.PowerApps.RD.Plugins.Entities.Common.ConcatenateCreateAndModifyFields: Update of ovs_operationunnumber" id="{f877112c-157b-ed11-81ac-0022483e130e}" />
      </MissingDependency>
      <MissingDependency>
        <Required type="1" schemaName="ovs_siteclass" displayName="Site Class" solution="Active" />
        <Dependent type="92" displayName="TC.PowerApps.RD.Plugins.Entities.Common.ConcatenateCreateAndModifyFields: Create of ovs_siteclass" id="{18e870b1-cbe6-ee11-a203-000d3a845779}" />
      </MissingDependency>
      <MissingDependency>
        <Required type="1" schemaName="ovs_siteclass" displayName="Site Class" solution="Active" />
        <Dependent type="92" displayName="TC.PowerApps.RD.Plugins.Entities.SiteClass.SiteClass_ResetSiteAttestation: Update of ovs_operationclass" id="{4ce41cd9-197b-ed11-81ac-0022483e130e}" />
      </MissingDependency>
      <MissingDependency>
        <Required type="1" schemaName="ovs_siteclass" displayName="Site Class" solution="Active" />
        <Dependent type="92" displayName="TC.PowerApps.RD.Plugins.Entities.Common.HistoryLog_CreateLog: Create of ovs_siteclass" id="{54bf380b-cce6-ee11-a203-000d3a845779}" />
      </MissingDependency>
      <MissingDependency>
        <Required type="1" schemaName="ovs_siteclass" displayName="Site Class" solution="Active" />
        <Dependent type="92" displayName="TC.PowerApps.RD.Plugins.Entities.SiteClass.SiteClass_ResetSiteAttestation: Create of ovs_operationclass" id="{be2e398b-197b-ed11-81ac-0022483e130e}" />
      </MissingDependency>
      <MissingDependency>
        <Required type="1" schemaName="ovs_siteclass" displayName="Site Class" solution="Active" />
        <Dependent type="92" displayName="TC.PowerApps.RD.Plugins.Entities.SiteClass.SiteClass_PostCreate: Create of ovs_siteclass" id="{d1fd48b1-6adb-ee11-904c-000d3a845779}" />
      </MissingDependency>
      <MissingDependency>
        <Required type="1" schemaName="ovs_support_request_outcome" displayName="Support Request Outcome" solution="Active" />
        <Dependent type="92" displayName="TC.PowerApps.Localization.RetrieveMultiple: RetrieveMultiple of ovs_support_request_outcome" id="{4e8ce66d-c80e-ee11-8f6e-0022483e130e}" />
      </MissingDependency>
      <MissingDependency>
        <Required type="1" schemaName="ovs_support_request_outcome" displayName="Support Request Outcome" solution="Active" />
        <Dependent type="92" displayName="TC.PowerApps.Localization.Create: Create of ovs_support_request_outcome" id="{57f17560-c70e-ee11-8f6e-0022483e130e}" />
      </MissingDependency>
      <MissingDependency>
        <Required type="1" schemaName="ovs_support_request_outcome" displayName="Support Request Outcome" solution="Active" />
        <Dependent type="92" displayName="TC.PowerApps.Localization.Update: Update of ovs_support_request_outcome" id="{b2840686-c70e-ee11-8f6e-000d3af35f84}" />
      </MissingDependency>
      <MissingDependency>
        <Required type="1" schemaName="ovs_support_request_outcome" displayName="Support Request Outcome" solution="Active" />
        <Dependent type="92" displayName="TC.PowerApps.Localization.Retrieve: Retrieve of ovs_support_request_outcome" id="{e51a2b8f-c80e-ee11-8f6e-0022483d0343}" />
      </MissingDependency>
      <MissingDependency>
        <Required type="1" schemaName="ovs_supportrequest" displayName="Support Request" solution="Active" />
        <Dependent type="92" displayName="TC.PowerApps.Localization.Retrieve: Retrieve of ovs_supportrequest" id="{556a3682-bf15-ee11-9cbe-0022483d0343}" />
      </MissingDependency>
      <MissingDependency>
        <Required type="2" schemaName="adx_createdbyipaddress" displayName="Created By (IP Address)" parentSchemaName="account" parentDisplayName="Account" solution="PowerPages_RuntimeCoreDependencies (1.0.2305.1)">
          <package>PowerPages_Core (1.0.2407.112)</package>
        </Required>
        <Dependent type="93" id="{66182292-7c10-ee11-8f6e-0022483e130e}" />
      </MissingDependency>
      <MissingDependency>
        <Required type="2" schemaName="adx_createdbyusername" displayName="Created By (User Name)" parentSchemaName="account" parentDisplayName="Account" solution="PowerPages_RuntimeCoreDependencies (1.0.2305.1)">
          <package>PowerPages_Core (1.0.2407.112)</package>
        </Required>
        <Dependent type="93" id="{66182292-7c10-ee11-8f6e-0022483e130e}" />
      </MissingDependency>
      <MissingDependency>
        <Required type="2" schemaName="adx_modifiedbyusername" displayName="Modified By (User Name)" parentSchemaName="account" parentDisplayName="Account" solution="PowerPages_RuntimeCoreDependencies (1.0.2305.1)">
          <package>PowerPages_Core (1.0.2407.112)</package>
        </Required>
        <Dependent type="92" displayName="TC.PowerApps.RD.Plugins.Entities.Common.HistoryLog_CreateLog: Update of account" id="{2f2fa2e8-7810-ee11-8f6e-0022483d0c87}" />
      </MissingDependency>
      <MissingDependency>
        <Required type="2" schemaName="adx_modifiedbyusername" displayName="Modified By (User Name)" parentSchemaName="account" parentDisplayName="Account" solution="PowerPages_RuntimeCoreDependencies (1.0.2305.1)">
          <package>PowerPages_Core (1.0.2407.112)</package>
        </Required>
        <Dependent type="93" id="{66182292-7c10-ee11-8f6e-0022483e130e}" />
      </MissingDependency>
      <MissingDependency>
        <Required type="2" schemaName="cid_annualcompliancecompletiondate" displayName="Completion Date of the Previous Annual Compliance" parentSchemaName="account" parentDisplayName="Account" solution="Active" />
        <Dependent type="92" displayName="TC.PowerApps.RD.Plugins.Entities.Account.Account_CompleteAnnualCompliance: Update of account" id="{46027023-1f7b-ed11-81ac-0022483e130e}" />
      </MissingDependency>
      <MissingDependency>
        <Required type="2" schemaName="cid_attestationdate" displayName="Attestation Date" parentSchemaName="account" parentDisplayName="Account" solution="Active" />
        <Dependent type="93" id="{66182292-7c10-ee11-8f6e-0022483e130e}" />
      </MissingDependency>
      <MissingDependency>
        <Required type="2" schemaName="cid_cidcompanystatus" displayName="Organization Status" parentSchemaName="account" parentDisplayName="Account" solution="Active" />
        <Dependent type="92" displayName="TC.PowerApps.RD.Plugins.Entities.Account.Account_UpdateCIDInvitationOnUpdate: Update of account" id="{22204e33-707b-ed11-81ad-0022483d0343}" />
      </MissingDependency>
      <MissingDependency>
        <Required type="2" schemaName="cid_cidcompanystatus" displayName="Organization Status" parentSchemaName="account" parentDisplayName="Account" solution="Active" />
        <Dependent type="92" displayName="TC.PowerApps.RD.Plugins.Entities.Account.Account_PostUpdate_CidCompanyStatus_Connections: Update of account" id="{53fb6e93-afb4-ee11-a568-002248b0ab18}" />
      </MissingDependency>
      <MissingDependency>
        <Required type="2" schemaName="cid_cidcompanystatus" displayName="Organization Status" parentSchemaName="account" parentDisplayName="Account" solution="Active" />
        <Dependent type="93" id="{66182292-7c10-ee11-8f6e-0022483e130e}" />
      </MissingDependency>
      <MissingDependency>
        <Required type="2" schemaName="cid_cidsitestatus" displayName="Site Status" parentSchemaName="account" parentDisplayName="Account" solution="Active" />
        <Dependent type="93" id="{66182292-7c10-ee11-8f6e-0022483e130e}" />
      </MissingDependency>
      <MissingDependency>
        <Required type="2" schemaName="cid_cidsitestatus" displayName="Site Status" parentSchemaName="account" parentDisplayName="Account" solution="Active" />
        <Dependent type="93" id="{cc3cf393-97fe-ee11-9f89-002248b0d3d6}" />
      </MissingDependency>
      <MissingDependency>
        <Required type="2" schemaName="cid_companyclaim" displayName="Organization Claim" parentSchemaName="account" parentDisplayName="Account" solution="Active" />
        <Dependent type="93" id="{66182292-7c10-ee11-8f6e-0022483e130e}" />
      </MissingDependency>
      <MissingDependency>
        <Required type="2" schemaName="cid_companydeactivationeffectivedate" displayName="Organization Deactivation Effective Date" parentSchemaName="account" parentDisplayName="Account" solution="Active" />
        <Dependent type="93" id="{66182292-7c10-ee11-8f6e-0022483e130e}" />
      </MissingDependency>
      <MissingDependency>
        <Required type="2" schemaName="cid_companystate" displayName="Organization State" parentSchemaName="account" parentDisplayName="Account" solution="Active" />
        <Dependent type="93" id="{66182292-7c10-ee11-8f6e-0022483e130e}" />
      </MissingDependency>
      <MissingDependency>
        <Required type="2" schemaName="cid_crabusinessnumber" displayName="CRA Business Number" parentSchemaName="account" parentDisplayName="Account" solution="Active" />
        <Dependent type="93" id="{66182292-7c10-ee11-8f6e-0022483e130e}" />
      </MissingDependency>
      <MissingDependency>
        <Required type="2" schemaName="cid_createdbyregistrant" displayName="Created By" parentSchemaName="account" parentDisplayName="Account" solution="Active" />
        <Dependent type="93" id="{66182292-7c10-ee11-8f6e-0022483e130e}" />
      </MissingDependency>
      <MissingDependency>
        <Required type="2" schemaName="cid_createdbyregistrant" displayName="Created By" parentSchemaName="account" parentDisplayName="Account" solution="Active" />
        <Dependent type="93" id="{cc3cf393-97fe-ee11-9f89-002248b0d3d6}" />
      </MissingDependency>
      <MissingDependency>
        <Required type="2" schemaName="cid_handlingsitetype" displayName="Handle" parentSchemaName="account" parentDisplayName="Account" solution="Active" />
        <Dependent type="92" displayName="TC.PowerApps.RD.Plugins.Entities.Common.HistoryLog_CreateLog: Update of account" id="{2f2fa2e8-7810-ee11-8f6e-0022483d0c87}" />
      </MissingDependency>
      <MissingDependency>
        <Required type="2" schemaName="cid_handlingsitetype" displayName="Handle" parentSchemaName="account" parentDisplayName="Account" solution="Active" />
        <Dependent type="93" id="{66182292-7c10-ee11-8f6e-0022483e130e}" />
      </MissingDependency>
      <MissingDependency>
        <Required type="2" schemaName="cid_importingsitetype" displayName="Import" parentSchemaName="account" parentDisplayName="Account" solution="Active" />
        <Dependent type="92" displayName="TC.PowerApps.RD.Plugins.Entities.Common.HistoryLog_CreateLog: Update of account" id="{2f2fa2e8-7810-ee11-8f6e-0022483d0c87}" />
      </MissingDependency>
      <MissingDependency>
        <Required type="2" schemaName="cid_importingsitetype" displayName="Import" parentSchemaName="account" parentDisplayName="Account" solution="Active" />
        <Dependent type="93" id="{66182292-7c10-ee11-8f6e-0022483e130e}" />
      </MissingDependency>
      <MissingDependency>
        <Required type="2" schemaName="cid_iscompanyattested" displayName="Is Organization Attested?" parentSchemaName="account" parentDisplayName="Account" solution="Active" />
        <Dependent type="93" id="{4d1ddc63-341c-ee11-8f6d-0022483d0343}" />
      </MissingDependency>
      <MissingDependency>
        <Required type="2" schemaName="cid_iscompanyattested" displayName="Is Organization Attested?" parentSchemaName="account" parentDisplayName="Account" solution="Active" />
        <Dependent type="93" id="{66182292-7c10-ee11-8f6e-0022483e130e}" />
      </MissingDependency>
      <MissingDependency>
        <Required type="2" schemaName="cid_issiteattested" displayName="Is Site Attested?" parentSchemaName="account" parentDisplayName="Account" solution="Active" />
        <Dependent type="92" displayName="TC.PowerApps.RD.Plugins.Entities.Account.Account_CompanySite_UpdateSiteStatus_BasedOnAttestation: Update of account" id="{eed04e38-97fe-ee11-9f89-002248b0d3d6}" />
      </MissingDependency>
      <MissingDependency>
        <Required type="2" schemaName="cid_issiteattested" displayName="Is Site Attested?" parentSchemaName="account" parentDisplayName="Account" solution="Active" />
        <Dependent type="93" id="{66182292-7c10-ee11-8f6e-0022483e130e}" />
      </MissingDependency>
      <MissingDependency>
        <Required type="2" schemaName="cid_issiteattested" displayName="Is Site Attested?" parentSchemaName="account" parentDisplayName="Account" solution="Active" />
        <Dependent type="93" id="{cc3cf393-97fe-ee11-9f89-002248b0d3d6}" />
      </MissingDependency>
      <MissingDependency>
        <Required type="2" schemaName="cid_modifiedbyregistrant" displayName="Modified By" parentSchemaName="account" parentDisplayName="Account" solution="Active" />
        <Dependent type="92" displayName="TC.PowerApps.RD.Plugins.Entities.Common.HistoryLog_CreateLog: Update of account" id="{2f2fa2e8-7810-ee11-8f6e-0022483d0c87}" />
      </MissingDependency>
      <MissingDependency>
        <Required type="2" schemaName="cid_modifiedbyregistrant" displayName="Modified By" parentSchemaName="account" parentDisplayName="Account" solution="Active" />
        <Dependent type="92" displayName="TC.PowerApps.RD.Plugins.Entities.Common.ConcatenateCreateAndModifyFields: Update of account" id="{b87657d6-137b-ed11-81ac-0022483e130e}" />
      </MissingDependency>
      <MissingDependency>
        <Required type="2" schemaName="cid_modifiedbyregistrant" displayName="Modified By" parentSchemaName="account" parentDisplayName="Account" solution="Active" />
        <Dependent type="93" id="{66182292-7c10-ee11-8f6e-0022483e130e}" />
      </MissingDependency>
      <MissingDependency>
        <Required type="2" schemaName="cid_modifiedbyregistrant" displayName="Modified By" parentSchemaName="account" parentDisplayName="Account" solution="Active" />
        <Dependent type="93" id="{cc3cf393-97fe-ee11-9f89-002248b0d3d6}" />
      </MissingDependency>
      <MissingDependency>
        <Required type="2" schemaName="cid_modifiedbyregistrant" displayName="Modified By" parentSchemaName="account" parentDisplayName="Account" solution="Active" />
        <Dependent type="93" id="{d161d6da-c7e6-ee11-a203-000d3a845779}" />
      </MissingDependency>
      <MissingDependency>
        <Required type="2" schemaName="cid_offeringfortransportsitetype" displayName="Offer for Transport" parentSchemaName="account" parentDisplayName="Account" solution="Active" />
        <Dependent type="92" displayName="TC.PowerApps.RD.Plugins.Entities.Common.HistoryLog_CreateLog: Update of account" id="{2f2fa2e8-7810-ee11-8f6e-0022483d0c87}" />
      </MissingDependency>
      <MissingDependency>
        <Required type="2" schemaName="cid_offeringfortransportsitetype" displayName="Offer for Transport" parentSchemaName="account" parentDisplayName="Account" solution="Active" />
        <Dependent type="93" id="{66182292-7c10-ee11-8f6e-0022483e130e}" />
      </MissingDependency>
      <MissingDependency>
        <Required type="2" schemaName="cid_officiallyregistrationcompletationdate" displayName="Registration Completion Date" parentSchemaName="account" parentDisplayName="Account" solution="Active" />
        <Dependent type="93" id="{66182292-7c10-ee11-8f6e-0022483e130e}" />
      </MissingDependency>
      <MissingDependency>
        <Required type="2" schemaName="cid_portalrecordcreationdetails" displayName="Created On, By" parentSchemaName="account" parentDisplayName="Account" solution="Active" />
        <Dependent type="93" id="{66182292-7c10-ee11-8f6e-0022483e130e}" />
      </MissingDependency>
      <MissingDependency>
        <Required type="2" schemaName="cid_portalrecordcreationdetails" displayName="Created On, By" parentSchemaName="account" parentDisplayName="Account" solution="Active" />
        <Dependent type="93" id="{d161d6da-c7e6-ee11-a203-000d3a845779}" />
      </MissingDependency>
      <MissingDependency>
        <Required type="2" schemaName="cid_portalrecordmodificationdetails" displayName="Last Updated On, By" parentSchemaName="account" parentDisplayName="Account" solution="Active" />
        <Dependent type="93" id="{66182292-7c10-ee11-8f6e-0022483e130e}" />
      </MissingDependency>
      <MissingDependency>
        <Required type="2" schemaName="cid_portalrecordmodificationdetails" displayName="Last Updated On, By" parentSchemaName="account" parentDisplayName="Account" solution="Active" />
        <Dependent type="93" id="{d161d6da-c7e6-ee11-a203-000d3a845779}" />
      </MissingDependency>
      <MissingDependency>
        <Required type="2" schemaName="cid_reasonfornobnnumber" displayName="Reason for no CRA Business Number" parentSchemaName="account" parentDisplayName="Account" solution="Active" />
        <Dependent type="93" id="{66182292-7c10-ee11-8f6e-0022483e130e}" />
      </MissingDependency>
      <MissingDependency>
        <Required type="2" schemaName="cid_registrationasof" displayName="Registration As Of" parentSchemaName="account" parentDisplayName="Account" solution="Active" />
        <Dependent type="92" displayName="TC.PowerApps.RD.Plugins.Entities.Common.HistoryLog_CreateLog: Update of account reg Complete" id="{f7e14281-331c-ee11-8f6d-0022483d0343}" />
      </MissingDependency>
      <MissingDependency>
        <Required type="2" schemaName="cid_registrationasof" displayName="Registration As Of" parentSchemaName="account" parentDisplayName="Account" solution="Active" />
        <Dependent type="93" id="{4d1ddc63-341c-ee11-8f6d-0022483d0343}" />
      </MissingDependency>
      <MissingDependency>
        <Required type="2" schemaName="cid_registrationasof" displayName="Registration As Of" parentSchemaName="account" parentDisplayName="Account" solution="Active" />
        <Dependent type="93" id="{66182292-7c10-ee11-8f6e-0022483e130e}" />
      </MissingDependency>
      <MissingDependency>
        <Required type="2" schemaName="cid_romcompany_status" displayName="ROM Company Status" parentSchemaName="account" parentDisplayName="Account" solution="Active" />
        <Dependent type="93" id="{66182292-7c10-ee11-8f6e-0022483e130e}" />
      </MissingDependency>
      <MissingDependency>
        <Required type="2" schemaName="cid_romsitestatus" displayName="ROM Site Status" parentSchemaName="account" parentDisplayName="Account" solution="Active" />
        <Dependent type="93" id="{66182292-7c10-ee11-8f6e-0022483e130e}" />
      </MissingDependency>
      <MissingDependency>
        <Required type="2" schemaName="cid_siteclaim" displayName="Site Status" parentSchemaName="account" parentDisplayName="Account" solution="Active" />
        <Dependent type="93" id="{66182292-7c10-ee11-8f6e-0022483e130e}" />
      </MissingDependency>
      <MissingDependency>
        <Required type="2" schemaName="cid_siteid" displayName="Site ID" parentSchemaName="account" parentDisplayName="Account" solution="Active" />
        <Dependent type="93" id="{66182292-7c10-ee11-8f6e-0022483e130e}" />
      </MissingDependency>
      <MissingDependency>
        <Required type="2" schemaName="cid_sitename" displayName="Site Name" parentSchemaName="account" parentDisplayName="Account" solution="Active" />
        <Dependent type="92" displayName="TC.PowerApps.RD.Plugins.Entities.Common.HistoryLog_CreateLog: Update of account" id="{2f2fa2e8-7810-ee11-8f6e-0022483d0c87}" />
      </MissingDependency>
      <MissingDependency>
        <Required type="2" schemaName="cid_sitename" displayName="Site Name" parentSchemaName="account" parentDisplayName="Account" solution="Active" />
        <Dependent type="93" id="{66182292-7c10-ee11-8f6e-0022483e130e}" />
      </MissingDependency>
      <MissingDependency>
        <Required type="2" schemaName="cid_siterequirementlevelswitcheffectivedate" displayName="Site Requirement Level Switch Effective Date" parentSchemaName="account" parentDisplayName="Account" solution="Active" />
        <Dependent type="93" id="{66182292-7c10-ee11-8f6e-0022483e130e}" />
      </MissingDependency>
      <MissingDependency>
        <Required type="2" schemaName="cid_transportingsitetype" displayName="Transport" parentSchemaName="account" parentDisplayName="Account" solution="Active" />
        <Dependent type="92" displayName="TC.PowerApps.RD.Plugins.Entities.Common.HistoryLog_CreateLog: Update of account" id="{2f2fa2e8-7810-ee11-8f6e-0022483d0c87}" />
      </MissingDependency>
      <MissingDependency>
        <Required type="2" schemaName="cid_transportingsitetype" displayName="Transport" parentSchemaName="account" parentDisplayName="Account" solution="Active" />
        <Dependent type="93" id="{66182292-7c10-ee11-8f6e-0022483e130e}" />
      </MissingDependency>
      <MissingDependency>
        <Required type="2" schemaName="originatingleadid" displayName="Originating Lead" parentSchemaName="account" parentDisplayName="Account" solution="msdynce_LeadManagement (9.0.4.0066)">
          <package>msdynce_LeadManagementAnchor (9.0.24071.10001)</package>
        </Required>
        <Dependent type="93" id="{66182292-7c10-ee11-8f6e-0022483e130e}" />
      </MissingDependency>
      <MissingDependency>
        <Required type="2" schemaName="ovs_accountnameenglish" displayName="Account Name (English)" parentSchemaName="account" parentDisplayName="Account" solution="Active" />
        <Dependent type="93" id="{66182292-7c10-ee11-8f6e-0022483e130e}" />
      </MissingDependency>
      <MissingDependency>
        <Required type="2" schemaName="ovs_accountnamefrench" displayName="Account Name (French)" parentSchemaName="account" parentDisplayName="Account" solution="Active" />
        <Dependent type="93" id="{66182292-7c10-ee11-8f6e-0022483e130e}" />
      </MissingDependency>
      <MissingDependency>
        <Required type="2" schemaName="ovs_address_display" displayName="Address Display" parentSchemaName="account" parentDisplayName="Account" solution="Active" />
        <Dependent type="92" displayName="TC.PowerApps.RD.Plugins.Entities.Account.Account_UpdateCIDInvitationOnUpdate: Update of account" id="{22204e33-707b-ed11-81ad-0022483d0343}" />
      </MissingDependency>
      <MissingDependency>
        <Required type="2" schemaName="ovs_address_display" displayName="Address Display" parentSchemaName="account" parentDisplayName="Account" solution="Active" />
        <Dependent type="93" id="{66182292-7c10-ee11-8f6e-0022483e130e}" />
      </MissingDependency>
      <MissingDependency>
        <Required type="2" schemaName="ovs_address_type" displayName="Input Address Type" parentSchemaName="account" parentDisplayName="Account" solution="Active" />
        <Dependent type="92" displayName="TC.PowerApps.RD.Plugins.Entities.Account.Account_Site_LLD_Validation: Update of account" id="{2f8719cc-4cc4-ed11-b597-0022483d0343}" />
      </MissingDependency>
      <MissingDependency>
        <Required type="2" schemaName="ovs_address_type" displayName="Input Address Type" parentSchemaName="account" parentDisplayName="Account" solution="Active" />
        <Dependent type="93" id="{9aa3237d-f9c4-ed11-b597-0022483d0343}" />
      </MissingDependency>
      <MissingDependency>
        <Required type="2" schemaName="ovs_address_type" displayName="Input Address Type" parentSchemaName="account" parentDisplayName="Account" solution="Active" />
        <Dependent type="93" id="{f94ac2ea-4dc4-ed11-b597-0022483d0343}" />
      </MissingDependency>
      <MissingDependency>
        <Required type="2" schemaName="ovs_address1_province" displayName="Province / Territory" parentSchemaName="account" parentDisplayName="Account" solution="Active" />
        <Dependent type="92" displayName="TC.PowerApps.RD.Plugins.Entities.Account.Account_UpdateCIDInvitationOnUpdate: Update of account" id="{22204e33-707b-ed11-81ad-0022483d0343}" />
      </MissingDependency>
      <MissingDependency>
        <Required type="2" schemaName="ovs_address1_province" displayName="Province / Territory" parentSchemaName="account" parentDisplayName="Account" solution="Active" />
        <Dependent type="93" id="{66182292-7c10-ee11-8f6e-0022483e130e}" />
      </MissingDependency>
      <MissingDependency>
        <Required type="2" schemaName="ovs_address1_province" displayName="Province / Territory" parentSchemaName="account" parentDisplayName="Account" solution="Active" />
        <Dependent type="93" id="{d161d6da-c7e6-ee11-a203-000d3a845779}" />
      </MissingDependency>
      <MissingDependency>
        <Required type="2" schemaName="ovs_air" displayName="Air" parentSchemaName="account" parentDisplayName="Account" solution="Active" />
        <Dependent type="92" displayName="TC.PowerApps.RD.Plugins.Entities.Common.HistoryLog_CreateLog: Update of account" id="{2f2fa2e8-7810-ee11-8f6e-0022483d0c87}" />
      </MissingDependency>
      <MissingDependency>
        <Required type="2" schemaName="ovs_air" displayName="Air" parentSchemaName="account" parentDisplayName="Account" solution="Active" />
        <Dependent type="92" displayName="TC.PowerApps.RD.Plugins.Entities.Account.Account_CompanySite_ModesPostUpdate: Update of account" id="{f9fb82f6-c6e6-ee11-a203-000d3a845779}" />
      </MissingDependency>
      <MissingDependency>
        <Required type="2" schemaName="ovs_air" displayName="Air" parentSchemaName="account" parentDisplayName="Account" solution="Active" />
        <Dependent type="93" id="{4d1ddc63-341c-ee11-8f6d-0022483d0343}" />
      </MissingDependency>
      <MissingDependency>
        <Required type="2" schemaName="ovs_air" displayName="Air" parentSchemaName="account" parentDisplayName="Account" solution="Active" />
        <Dependent type="93" id="{66182292-7c10-ee11-8f6e-0022483e130e}" />
      </MissingDependency>
      <MissingDependency>
        <Required type="2" schemaName="ovs_air" displayName="Air" parentSchemaName="account" parentDisplayName="Account" solution="Active" />
        <Dependent type="93" id="{d161d6da-c7e6-ee11-a203-000d3a845779}" />
      </MissingDependency>
      <MissingDependency>
        <Required type="2" schemaName="ovs_legalname" displayName="Legal Name" parentSchemaName="account" parentDisplayName="Account" solution="Active" />
        <Dependent type="92" displayName="TC.PowerApps.RD.Plugins.Entities.Common.HistoryLog_CreateLog: Update of account" id="{2f2fa2e8-7810-ee11-8f6e-0022483d0c87}" />
      </MissingDependency>
      <MissingDependency>
        <Required type="2" schemaName="ovs_legalname" displayName="Legal Name" parentSchemaName="account" parentDisplayName="Account" solution="Active" />
        <Dependent type="93" id="{4d1ddc63-341c-ee11-8f6d-0022483d0343}" />
      </MissingDependency>
      <MissingDependency>
        <Required type="2" schemaName="ovs_legalname" displayName="Legal Name" parentSchemaName="account" parentDisplayName="Account" solution="Active" />
        <Dependent type="93" id="{66182292-7c10-ee11-8f6e-0022483e130e}" />
      </MissingDependency>
      <MissingDependency>
        <Required type="2" schemaName="ovs_legalnamefr" displayName="Legal Name (French)" parentSchemaName="account" parentDisplayName="Account" solution="Active" />
        <Dependent type="93" id="{66182292-7c10-ee11-8f6e-0022483e130e}" />
      </MissingDependency>
      <MissingDependency>
        <Required type="2" schemaName="ovs_lld_meridian" displayName="Meridian" parentSchemaName="account" parentDisplayName="Account" solution="Active" />
        <Dependent type="92" displayName="TC.PowerApps.RD.Plugins.Entities.Account.Account_Site_LLD_Validation: Update of account" id="{2f8719cc-4cc4-ed11-b597-0022483d0343}" />
      </MissingDependency>
      <MissingDependency>
        <Required type="2" schemaName="ovs_lld_meridian" displayName="Meridian" parentSchemaName="account" parentDisplayName="Account" solution="Active" />
        <Dependent type="93" id="{66182292-7c10-ee11-8f6e-0022483e130e}" />
      </MissingDependency>
      <MissingDependency>
        <Required type="2" schemaName="ovs_lld_meridian" displayName="Meridian" parentSchemaName="account" parentDisplayName="Account" solution="Active" />
        <Dependent type="93" id="{9aa3237d-f9c4-ed11-b597-0022483d0343}" />
      </MissingDependency>
      <MissingDependency>
        <Required type="2" schemaName="ovs_lld_meridian" displayName="Meridian" parentSchemaName="account" parentDisplayName="Account" solution="Active" />
        <Dependent type="93" id="{f94ac2ea-4dc4-ed11-b597-0022483d0343}" />
      </MissingDependency>
      <MissingDependency>
        <Required type="2" schemaName="ovs_lld_province" displayName="Province / Territory" parentSchemaName="account" parentDisplayName="Account" solution="Active" />
        <Dependent type="93" id="{66182292-7c10-ee11-8f6e-0022483e130e}" />
      </MissingDependency>
      <MissingDependency>
        <Required type="2" schemaName="ovs_lld_quarter" displayName="Quarter / LSD" parentSchemaName="account" parentDisplayName="Account" solution="Active" />
        <Dependent type="92" displayName="TC.PowerApps.RD.Plugins.Entities.Account.Account_Site_LLD_Validation: Update of account" id="{2f8719cc-4cc4-ed11-b597-0022483d0343}" />
      </MissingDependency>
      <MissingDependency>
        <Required type="2" schemaName="ovs_lld_quarter" displayName="Quarter / LSD" parentSchemaName="account" parentDisplayName="Account" solution="Active" />
        <Dependent type="93" id="{66182292-7c10-ee11-8f6e-0022483e130e}" />
      </MissingDependency>
      <MissingDependency>
        <Required type="2" schemaName="ovs_lld_quarter" displayName="Quarter / LSD" parentSchemaName="account" parentDisplayName="Account" solution="Active" />
        <Dependent type="93" id="{9aa3237d-f9c4-ed11-b597-0022483d0343}" />
      </MissingDependency>
      <MissingDependency>
        <Required type="2" schemaName="ovs_lld_quarter" displayName="Quarter / LSD" parentSchemaName="account" parentDisplayName="Account" solution="Active" />
        <Dependent type="93" id="{f94ac2ea-4dc4-ed11-b597-0022483d0343}" />
      </MissingDependency>
      <MissingDependency>
        <Required type="2" schemaName="ovs_lld_range" displayName="Range" parentSchemaName="account" parentDisplayName="Account" solution="Active" />
        <Dependent type="92" displayName="TC.PowerApps.RD.Plugins.Entities.Account.Account_Site_LLD_Validation: Update of account" id="{2f8719cc-4cc4-ed11-b597-0022483d0343}" />
      </MissingDependency>
      <MissingDependency>
        <Required type="2" schemaName="ovs_lld_range" displayName="Range" parentSchemaName="account" parentDisplayName="Account" solution="Active" />
        <Dependent type="93" id="{66182292-7c10-ee11-8f6e-0022483e130e}" />
      </MissingDependency>
      <MissingDependency>
        <Required type="2" schemaName="ovs_lld_range" displayName="Range" parentSchemaName="account" parentDisplayName="Account" solution="Active" />
        <Dependent type="93" id="{9aa3237d-f9c4-ed11-b597-0022483d0343}" />
      </MissingDependency>
      <MissingDependency>
        <Required type="2" schemaName="ovs_lld_range" displayName="Range" parentSchemaName="account" parentDisplayName="Account" solution="Active" />
        <Dependent type="93" id="{f94ac2ea-4dc4-ed11-b597-0022483d0343}" />
      </MissingDependency>
      <MissingDependency>
        <Required type="2" schemaName="ovs_lld_section" displayName="Section" parentSchemaName="account" parentDisplayName="Account" solution="Active" />
        <Dependent type="92" displayName="TC.PowerApps.RD.Plugins.Entities.Account.Account_Site_LLD_Validation: Update of account" id="{2f8719cc-4cc4-ed11-b597-0022483d0343}" />
      </MissingDependency>
      <MissingDependency>
        <Required type="2" schemaName="ovs_lld_section" displayName="Section" parentSchemaName="account" parentDisplayName="Account" solution="Active" />
        <Dependent type="93" id="{66182292-7c10-ee11-8f6e-0022483e130e}" />
      </MissingDependency>
      <MissingDependency>
        <Required type="2" schemaName="ovs_lld_section" displayName="Section" parentSchemaName="account" parentDisplayName="Account" solution="Active" />
        <Dependent type="93" id="{9aa3237d-f9c4-ed11-b597-0022483d0343}" />
      </MissingDependency>
      <MissingDependency>
        <Required type="2" schemaName="ovs_lld_section" displayName="Section" parentSchemaName="account" parentDisplayName="Account" solution="Active" />
        <Dependent type="93" id="{f94ac2ea-4dc4-ed11-b597-0022483d0343}" />
      </MissingDependency>
      <MissingDependency>
        <Required type="2" schemaName="ovs_lld_township" displayName="Township" parentSchemaName="account" parentDisplayName="Account" solution="Active" />
        <Dependent type="92" displayName="TC.PowerApps.RD.Plugins.Entities.Account.Account_Site_LLD_Validation: Update of account" id="{2f8719cc-4cc4-ed11-b597-0022483d0343}" />
      </MissingDependency>
      <MissingDependency>
        <Required type="2" schemaName="ovs_lld_township" displayName="Township" parentSchemaName="account" parentDisplayName="Account" solution="Active" />
        <Dependent type="93" id="{66182292-7c10-ee11-8f6e-0022483e130e}" />
      </MissingDependency>
      <MissingDependency>
        <Required type="2" schemaName="ovs_lld_township" displayName="Township" parentSchemaName="account" parentDisplayName="Account" solution="Active" />
        <Dependent type="93" id="{9aa3237d-f9c4-ed11-b597-0022483d0343}" />
      </MissingDependency>
      <MissingDependency>
        <Required type="2" schemaName="ovs_lld_township" displayName="Township" parentSchemaName="account" parentDisplayName="Account" solution="Active" />
        <Dependent type="93" id="{f94ac2ea-4dc4-ed11-b597-0022483d0343}" />
      </MissingDependency>
      <MissingDependency>
        <Required type="2" schemaName="ovs_marine" displayName="Marine" parentSchemaName="account" parentDisplayName="Account" solution="Active" />
        <Dependent type="92" displayName="TC.PowerApps.RD.Plugins.Entities.Common.HistoryLog_CreateLog: Update of account" id="{2f2fa2e8-7810-ee11-8f6e-0022483d0c87}" />
      </MissingDependency>
      <MissingDependency>
        <Required type="2" schemaName="ovs_marine" displayName="Marine" parentSchemaName="account" parentDisplayName="Account" solution="Active" />
        <Dependent type="92" displayName="TC.PowerApps.RD.Plugins.Entities.Account.Account_CompanySite_ModesPostUpdate: Update of account" id="{f9fb82f6-c6e6-ee11-a203-000d3a845779}" />
      </MissingDependency>
      <MissingDependency>
        <Required type="2" schemaName="ovs_marine" displayName="Marine" parentSchemaName="account" parentDisplayName="Account" solution="Active" />
        <Dependent type="93" id="{4d1ddc63-341c-ee11-8f6d-0022483d0343}" />
      </MissingDependency>
      <MissingDependency>
        <Required type="2" schemaName="ovs_marine" displayName="Marine" parentSchemaName="account" parentDisplayName="Account" solution="Active" />
        <Dependent type="93" id="{66182292-7c10-ee11-8f6e-0022483e130e}" />
      </MissingDependency>
      <MissingDependency>
        <Required type="2" schemaName="ovs_marine" displayName="Marine" parentSchemaName="account" parentDisplayName="Account" solution="Active" />
        <Dependent type="93" id="{d161d6da-c7e6-ee11-a203-000d3a845779}" />
      </MissingDependency>
      <MissingDependency>
        <Required type="2" schemaName="ovs_mocid" displayName="MOC Registration" parentSchemaName="account" parentDisplayName="Account" solution="Active" />
        <Dependent type="93" id="{66182292-7c10-ee11-8f6e-0022483e130e}" />
      </MissingDependency>
      <MissingDependency>
        <Required type="2" schemaName="ovs_namefr" displayName="Operating Name (French)" parentSchemaName="account" parentDisplayName="Account" solution="Active" />
        <Dependent type="93" id="{66182292-7c10-ee11-8f6e-0022483e130e}" />
      </MissingDependency>
      <MissingDependency>
        <Required type="2" schemaName="ovs_rail" displayName="Rail" parentSchemaName="account" parentDisplayName="Account" solution="Active" />
        <Dependent type="92" displayName="TC.PowerApps.RD.Plugins.Entities.Common.HistoryLog_CreateLog: Update of account" id="{2f2fa2e8-7810-ee11-8f6e-0022483d0c87}" />
      </MissingDependency>
      <MissingDependency>
        <Required type="2" schemaName="ovs_rail" displayName="Rail" parentSchemaName="account" parentDisplayName="Account" solution="Active" />
        <Dependent type="92" displayName="TC.PowerApps.RD.Plugins.Entities.Account.Account_CompanySite_ModesPostUpdate: Update of account" id="{f9fb82f6-c6e6-ee11-a203-000d3a845779}" />
      </MissingDependency>
      <MissingDependency>
        <Required type="2" schemaName="ovs_rail" displayName="Rail" parentSchemaName="account" parentDisplayName="Account" solution="Active" />
        <Dependent type="93" id="{4d1ddc63-341c-ee11-8f6d-0022483d0343}" />
      </MissingDependency>
      <MissingDependency>
        <Required type="2" schemaName="ovs_rail" displayName="Rail" parentSchemaName="account" parentDisplayName="Account" solution="Active" />
        <Dependent type="93" id="{66182292-7c10-ee11-8f6e-0022483e130e}" />
      </MissingDependency>
      <MissingDependency>
        <Required type="2" schemaName="ovs_rail" displayName="Rail" parentSchemaName="account" parentDisplayName="Account" solution="Active" />
        <Dependent type="93" id="{d161d6da-c7e6-ee11-a203-000d3a845779}" />
      </MissingDependency>
      <MissingDependency>
        <Required type="2" schemaName="ovs_road" displayName="Road" parentSchemaName="account" parentDisplayName="Account" solution="Active" />
        <Dependent type="92" displayName="TC.PowerApps.RD.Plugins.Entities.Common.HistoryLog_CreateLog: Update of account" id="{2f2fa2e8-7810-ee11-8f6e-0022483d0c87}" />
      </MissingDependency>
      <MissingDependency>
        <Required type="2" schemaName="ovs_road" displayName="Road" parentSchemaName="account" parentDisplayName="Account" solution="Active" />
        <Dependent type="92" displayName="TC.PowerApps.RD.Plugins.Entities.Account.Account_CompanySite_ModesPostUpdate: Update of account" id="{f9fb82f6-c6e6-ee11-a203-000d3a845779}" />
      </MissingDependency>
      <MissingDependency>
        <Required type="2" schemaName="ovs_road" displayName="Road" parentSchemaName="account" parentDisplayName="Account" solution="Active" />
        <Dependent type="93" id="{4d1ddc63-341c-ee11-8f6d-0022483d0343}" />
      </MissingDependency>
      <MissingDependency>
        <Required type="2" schemaName="ovs_road" displayName="Road" parentSchemaName="account" parentDisplayName="Account" solution="Active" />
        <Dependent type="93" id="{66182292-7c10-ee11-8f6e-0022483e130e}" />
      </MissingDependency>
      <MissingDependency>
        <Required type="2" schemaName="ovs_road" displayName="Road" parentSchemaName="account" parentDisplayName="Account" solution="Active" />
        <Dependent type="93" id="{d161d6da-c7e6-ee11-a203-000d3a845779}" />
      </MissingDependency>
      <MissingDependency>
        <Required type="2" schemaName="ovs_romid" displayName="ROM ID" parentSchemaName="account" parentDisplayName="Account" solution="Active" />
        <Dependent type="93" id="{66182292-7c10-ee11-8f6e-0022483e130e}" />
      </MissingDependency>
      <MissingDependency>
        <Required type="2" schemaName="ovs_sitetype" displayName="Site Type" parentSchemaName="account" parentDisplayName="Account" solution="Active" />
        <Dependent type="93" id="{66182292-7c10-ee11-8f6e-0022483e130e}" />
      </MissingDependency>
      <MissingDependency>
        <Required type="2" schemaName="territoryid" displayName="Territory" parentSchemaName="account" parentDisplayName="Account" solution="msdynce_Sales (9.0.4.0076)">
          <package>msdynce_SalesAnchor (9.0.24082.10001)</package>
        </Required>
        <Dependent type="93" id="{66182292-7c10-ee11-8f6e-0022483e130e}" />
      </MissingDependency>
      <MissingDependency>
        <Required type="2" schemaName="adx_assigntoaccount" displayName="Assign To Account" parentSchemaName="adx_invitation" parentDisplayName="Invitation" solution="PowerPages_RuntimeCore (1.0.2402.1)">
          <package>PowerPages_Core (1.0.2407.112)</package>
        </Required>
        <Dependent type="92" displayName="TC.PowerApps.RD.Plugins.Entities.CIDInvitation.CreateCIDInvitationRecord_OnPostCreate: Update of adx_invitation" id="{3b05c636-1f7b-ed11-81ad-0022483d0343}" />
      </MissingDependency>
      <MissingDependency>
        <Required type="2" schemaName="adx_assigntoaccount" displayName="Assign To Account" parentSchemaName="adx_invitation" parentDisplayName="Invitation" solution="PowerPages_RuntimeCore (1.0.2402.1)">
          <package>PowerPages_Core (1.0.2407.112)</package>
        </Required>
        <Dependent type="93" id="{7a6c275a-1f7b-ed11-81ac-0022483e130e}" />
      </MissingDependency>
      <MissingDependency>
        <Required type="2" schemaName="adx_expirydate" displayName="Expiry Date" parentSchemaName="adx_invitation" parentDisplayName="Invitation" solution="PowerPages_RuntimeCore (1.0.2402.1)">
          <package>PowerPages_Core (1.0.2407.112)</package>
        </Required>
        <Dependent type="92" displayName="TC.PowerApps.RD.Plugins.Entities.CIDInvitation.CreateCIDInvitationRecord_OnPostCreate: Update of adx_invitation" id="{3b05c636-1f7b-ed11-81ad-0022483d0343}" />
      </MissingDependency>
      <MissingDependency>
        <Required type="2" schemaName="adx_expirydate" displayName="Expiry Date" parentSchemaName="adx_invitation" parentDisplayName="Invitation" solution="PowerPages_RuntimeCore (1.0.2402.1)">
          <package>PowerPages_Core (1.0.2407.112)</package>
        </Required>
        <Dependent type="93" id="{7a6c275a-1f7b-ed11-81ac-0022483e130e}" />
      </MissingDependency>
      <MissingDependency>
        <Required type="2" schemaName="adx_invitationcode" displayName="Invitation Code" parentSchemaName="adx_invitation" parentDisplayName="Invitation" solution="PowerPages_RuntimeCore (1.0.2402.1)">
          <package>PowerPages_Core (1.0.2407.112)</package>
        </Required>
        <Dependent type="92" displayName="TC.PowerApps.RD.Plugins.Entities.CIDInvitation.CreateCIDInvitationRecord_OnPostCreate: Update of adx_invitation" id="{3b05c636-1f7b-ed11-81ad-0022483d0343}" />
      </MissingDependency>
      <MissingDependency>
        <Required type="2" schemaName="adx_invitationcode" displayName="Invitation Code" parentSchemaName="adx_invitation" parentDisplayName="Invitation" solution="PowerPages_RuntimeCore (1.0.2402.1)">
          <package>PowerPages_Core (1.0.2407.112)</package>
        </Required>
        <Dependent type="93" id="{7a6c275a-1f7b-ed11-81ac-0022483e130e}" />
      </MissingDependency>
      <MissingDependency>
        <Required type="2" schemaName="adx_invitationid" displayName="Invitation" parentSchemaName="adx_invitation" parentDisplayName="Invitation" solution="PowerPages_RuntimeCore (1.0.2402.1)">
          <package>PowerPages_Core (1.0.2407.112)</package>
        </Required>
        <Dependent type="92" displayName="TC.PowerApps.RD.Plugins.Entities.CIDInvitation.CreateCIDInvitationRecord_OnPostCreate: Update of adx_invitation" id="{3b05c636-1f7b-ed11-81ad-0022483d0343}" />
      </MissingDependency>
      <MissingDependency>
        <Required type="2" schemaName="adx_invitationid" displayName="Invitation" parentSchemaName="adx_invitation" parentDisplayName="Invitation" solution="PowerPages_RuntimeCore (1.0.2402.1)">
          <package>PowerPages_Core (1.0.2407.112)</package>
        </Required>
        <Dependent type="93" id="{7a6c275a-1f7b-ed11-81ac-0022483e130e}" />
      </MissingDependency>
      <MissingDependency>
        <Required type="2" schemaName="adx_invitecontact" displayName="Invite Contact" parentSchemaName="adx_invitation" parentDisplayName="Invitation" solution="PowerPages_RuntimeCore (1.0.2402.1)">
          <package>PowerPages_Core (1.0.2407.112)</package>
        </Required>
        <Dependent type="92" displayName="TC.PowerApps.RD.Plugins.Entities.CIDInvitation.CreateCIDInvitationRecord_OnPostCreate: Update of adx_invitation" id="{3b05c636-1f7b-ed11-81ad-0022483d0343}" />
      </MissingDependency>
      <MissingDependency>
        <Required type="2" schemaName="adx_invitecontact" displayName="Invite Contact" parentSchemaName="adx_invitation" parentDisplayName="Invitation" solution="PowerPages_RuntimeCore (1.0.2402.1)">
          <package>PowerPages_Core (1.0.2407.112)</package>
        </Required>
        <Dependent type="93" id="{7a6c275a-1f7b-ed11-81ac-0022483e130e}" />
      </MissingDependency>
      <MissingDependency>
        <Required type="2" schemaName="adx_invitercontact" displayName="Inviter" parentSchemaName="adx_invitation" parentDisplayName="Invitation" solution="PowerPages_RuntimeCore (1.0.2402.1)">
          <package>PowerPages_Core (1.0.2407.112)</package>
        </Required>
        <Dependent type="92" displayName="TC.PowerApps.RD.Plugins.Entities.CIDInvitation.CreateCIDInvitationRecord_OnPostCreate: Update of adx_invitation" id="{3b05c636-1f7b-ed11-81ad-0022483d0343}" />
      </MissingDependency>
      <MissingDependency>
        <Required type="2" schemaName="adx_invitercontact" displayName="Inviter" parentSchemaName="adx_invitation" parentDisplayName="Invitation" solution="PowerPages_RuntimeCore (1.0.2402.1)">
          <package>PowerPages_Core (1.0.2407.112)</package>
        </Required>
        <Dependent type="93" id="{7a6c275a-1f7b-ed11-81ac-0022483e130e}" />
      </MissingDependency>
      <MissingDependency>
        <Required type="2" schemaName="adx_name" displayName="Name" parentSchemaName="adx_invitation" parentDisplayName="Invitation" solution="PowerPages_RuntimeCore (1.0.2402.1)">
          <package>PowerPages_Core (1.0.2407.112)</package>
        </Required>
        <Dependent type="92" displayName="TC.PowerApps.RD.Plugins.Entities.CIDInvitation.CreateCIDInvitationRecord_OnPostCreate: Update of adx_invitation" id="{3b05c636-1f7b-ed11-81ad-0022483d0343}" />
      </MissingDependency>
      <MissingDependency>
        <Required type="2" schemaName="adx_type" displayName="Type" parentSchemaName="adx_invitation" parentDisplayName="Invitation" solution="PowerPages_RuntimeCore (1.0.2402.1)">
          <package>PowerPages_Core (1.0.2407.112)</package>
        </Required>
        <Dependent type="92" displayName="TC.PowerApps.RD.Plugins.Entities.CIDInvitation.CreateCIDInvitationRecord_OnPostCreate: Update of adx_invitation" id="{3b05c636-1f7b-ed11-81ad-0022483d0343}" />
      </MissingDependency>
      <MissingDependency>
        <Required type="2" schemaName="adx_type" displayName="Type" parentSchemaName="adx_invitation" parentDisplayName="Invitation" solution="PowerPages_RuntimeCore (1.0.2402.1)">
          <package>PowerPages_Core (1.0.2407.112)</package>
        </Required>
        <Dependent type="93" id="{7a6c275a-1f7b-ed11-81ac-0022483e130e}" />
      </MissingDependency>
      <MissingDependency>
        <Required type="2" schemaName="statecode" displayName="Status" parentSchemaName="adx_invitation" parentDisplayName="Invitation" solution="PowerPages_RuntimeCore (1.0.2402.1)">
          <package>PowerPages_Core (1.0.2407.112)</package>
        </Required>
        <Dependent type="92" displayName="TC.PowerApps.RD.Plugins.Entities.CIDInvitation.CreateCIDInvitationRecord_OnPostCreate: Update of adx_invitation" id="{3b05c636-1f7b-ed11-81ad-0022483d0343}" />
      </MissingDependency>
      <MissingDependency>
        <Required type="2" schemaName="statecode" displayName="Status" parentSchemaName="adx_invitation" parentDisplayName="Invitation" solution="PowerPages_RuntimeCore (1.0.2402.1)">
          <package>PowerPages_Core (1.0.2407.112)</package>
        </Required>
        <Dependent type="93" id="{7a6c275a-1f7b-ed11-81ac-0022483e130e}" />
      </MissingDependency>
      <MissingDependency>
        <Required type="2" schemaName="statuscode" displayName="Status Reason" parentSchemaName="adx_invitation" parentDisplayName="Invitation" solution="PowerPages_RuntimeCore (1.0.2402.1)">
          <package>PowerPages_Core (1.0.2407.112)</package>
        </Required>
        <Dependent type="92" displayName="TC.PowerApps.RD.Plugins.Entities.CIDInvitation.CreateCIDInvitationRecord_OnPostCreate: Update of adx_invitation" id="{3b05c636-1f7b-ed11-81ad-0022483d0343}" />
      </MissingDependency>
      <MissingDependency>
        <Required type="2" schemaName="statuscode" displayName="Status Reason" parentSchemaName="adx_invitation" parentDisplayName="Invitation" solution="PowerPages_RuntimeCore (1.0.2402.1)">
          <package>PowerPages_Core (1.0.2407.112)</package>
        </Required>
        <Dependent type="93" id="{7a6c275a-1f7b-ed11-81ac-0022483e130e}" />
      </MissingDependency>
      <MissingDependency>
        <Required type="2" schemaName="cid_modifiedbyregistrant" displayName="Modified By" parentSchemaName="cid_companyerap" parentDisplayName="Company ERAP" solution="Active" />
        <Dependent type="92" displayName="TC.PowerApps.RD.Plugins.Entities.Common.ConcatenateCreateAndModifyFields: Update of cid_companyerap" id="{3fa019fa-137b-ed11-81ad-0022483d0343}" />
      </MissingDependency>
      <MissingDependency>
        <Required type="2" schemaName="cid_company" displayName="Organization" parentSchemaName="cid_companynaicscode" parentDisplayName="Organization NAICS Code" solution="Active" />
        <Dependent type="92" displayName="TC.PowerApps.RD.Plugins.Entities.CompanyNAICS.CompanyNAICS_PreUpdate: Update of cid_companynaicscode" id="{c2857cbe-167b-ed11-81ad-0022483d0343}" />
      </MissingDependency>
      <MissingDependency>
        <Required type="2" schemaName="cid_company" displayName="Organization" parentSchemaName="cid_companynaicscode" parentDisplayName="Organization NAICS Code" solution="Active" />
        <Dependent type="93" id="{e8fc72dd-167b-ed11-81ac-0022483e130e}" />
      </MissingDependency>
      <MissingDependency>
        <Required type="2" schemaName="cid_modifiedbyregistrant" displayName="Modified By" parentSchemaName="cid_companynaicscode" parentDisplayName="Organization NAICS Code" solution="Active" />
        <Dependent type="92" displayName="TC.PowerApps.RD.Plugins.Entities.Common.ConcatenateCreateAndModifyFields: Update of cid_companynaicscode" id="{3ba74b81-147b-ed11-81ac-0022483e130e}" />
      </MissingDependency>
      <MissingDependency>
        <Required type="2" schemaName="cid_naicscode" displayName="NAICS Code" parentSchemaName="cid_companynaicscode" parentDisplayName="Organization NAICS Code" solution="Active" />
        <Dependent type="92" displayName="TC.PowerApps.RD.Plugins.Entities.CompanyNAICS.CompanyNAICS_PreUpdate: Update of cid_companynaicscode" id="{c2857cbe-167b-ed11-81ad-0022483d0343}" />
      </MissingDependency>
      <MissingDependency>
        <Required type="2" schemaName="cid_naicscode" displayName="NAICS Code" parentSchemaName="cid_companynaicscode" parentDisplayName="Organization NAICS Code" solution="Active" />
        <Dependent type="93" id="{e8fc72dd-167b-ed11-81ac-0022483e130e}" />
      </MissingDependency>
      <MissingDependency>
        <Required type="2" schemaName="statuscode" displayName="Status Reason" parentSchemaName="cid_companynaicscode" parentDisplayName="Organization NAICS Code" solution="Active" />
        <Dependent type="92" displayName="TC.PowerApps.RD.Plugins.Entities.CompanyNAICS.CompanyNAICS_PreUpdate: Update of cid_companynaicscode" id="{c2857cbe-167b-ed11-81ad-0022483d0343}" />
      </MissingDependency>
      <MissingDependency>
        <Required type="2" schemaName="statuscode" displayName="Status Reason" parentSchemaName="cid_companynaicscode" parentDisplayName="Organization NAICS Code" solution="Active" />
        <Dependent type="93" id="{e8fc72dd-167b-ed11-81ac-0022483e130e}" />
      </MissingDependency>
      <MissingDependency>
        <Required type="2" schemaName="cid_reprocesslog" displayName="Reprocess Log" parentSchemaName="cid_historylog" parentDisplayName="History Log" solution="Active" />
        <Dependent type="92" displayName="TC.PowerApps.RD.Plugins.Entities.HistoryLog.HistoryLog_PostCreate_PopulateMemo: Update of cid_historylog" id="{f1852367-24a7-ed11-aad0-0022483d0343}" />
      </MissingDependency>
      <MissingDependency>
        <Required type="2" schemaName="cid_contacttype" displayName="Contact Type" parentSchemaName="contact" parentDisplayName="Contact" solution="Active" />
        <Dependent type="92" displayName="TC.PowerApps.RD.Plugins.Entities.Contact.Contact_PostUpdate_UpdateRelationships: Update of contact" id="{e8a5f9ea-58b1-ee11-a568-002248b0ab18}" />
      </MissingDependency>
      <MissingDependency>
        <Required type="2" schemaName="cid_modifiedbyregistrant" displayName="Modified By" parentSchemaName="contact" parentDisplayName="Contact" solution="Active" />
        <Dependent type="92" displayName="TC.PowerApps.RD.Plugins.Entities.Common.ConcatenateCreateAndModifyFields: Update of contact" id="{890234bc-147b-ed11-81ac-0022483e130e}" />
      </MissingDependency>
      <MissingDependency>
        <Required type="2" schemaName="cid_createdbyregistrant" displayName="Created By" parentSchemaName="ovs_mocregistration" parentDisplayName="Operation" solution="Active" />
        <Dependent type="93" id="{06a583d8-b542-ee11-be6e-0022483d0343}" />
      </MissingDependency>
      <MissingDependency>
        <Required type="2" schemaName="cid_createdbyregistrant" displayName="Created By" parentSchemaName="ovs_mocregistration" parentDisplayName="Operation" solution="Active" />
        <Dependent type="93" id="{c9305ba2-e321-ee11-9966-0022483e130e}" />
      </MissingDependency>
      <MissingDependency>
        <Required type="2" schemaName="cid_modeoftransportationair" displayName="Air" parentSchemaName="ovs_mocregistration" parentDisplayName="Operation" solution="Active" />
        <Dependent type="92" displayName="TC.PowerApps.RD.Plugins.Entities.Operation.Operation_ResetSiteAttestation: Update of ovs_mocregistration" id="{3a8eff2a-187b-ed11-81ac-0022483e130e}" />
      </MissingDependency>
      <MissingDependency>
        <Required type="2" schemaName="cid_modeoftransportationair" displayName="Air" parentSchemaName="ovs_mocregistration" parentDisplayName="Operation" solution="Active" />
        <Dependent type="92" displayName="TC.PowerApps.RD.Plugins.Entities.Operation.Operation_PostUpdate_ChangeType_BasedonModes: Update of ovs_mocregistration" id="{6c87dda0-b542-ee11-be6e-0022483d0343}" />
      </MissingDependency>
      <MissingDependency>
        <Required type="2" schemaName="cid_modeoftransportationair" displayName="Air" parentSchemaName="ovs_mocregistration" parentDisplayName="Operation" solution="Active" />
        <Dependent type="92" displayName="TC.PowerApps.RD.Plugins.Entities.Common.HistoryLog_CreateLog: Update of ovs_mocregistration" id="{d8646245-e321-ee11-9966-0022483d0c87}" />
      </MissingDependency>
      <MissingDependency>
        <Required type="2" schemaName="cid_modeoftransportationair" displayName="Air" parentSchemaName="ovs_mocregistration" parentDisplayName="Operation" solution="Active" />
        <Dependent type="93" id="{06a583d8-b542-ee11-be6e-0022483d0343}" />
      </MissingDependency>
      <MissingDependency>
        <Required type="2" schemaName="cid_modeoftransportationair" displayName="Air" parentSchemaName="ovs_mocregistration" parentDisplayName="Operation" solution="Active" />
        <Dependent type="93" id="{c9305ba2-e321-ee11-9966-0022483e130e}" />
      </MissingDependency>
      <MissingDependency>
        <Required type="2" schemaName="cid_modeoftransportationmarine" displayName="Marine" parentSchemaName="ovs_mocregistration" parentDisplayName="Operation" solution="Active" />
        <Dependent type="92" displayName="TC.PowerApps.RD.Plugins.Entities.Operation.Operation_ResetSiteAttestation: Update of ovs_mocregistration" id="{3a8eff2a-187b-ed11-81ac-0022483e130e}" />
      </MissingDependency>
      <MissingDependency>
        <Required type="2" schemaName="cid_modeoftransportationmarine" displayName="Marine" parentSchemaName="ovs_mocregistration" parentDisplayName="Operation" solution="Active" />
        <Dependent type="92" displayName="TC.PowerApps.RD.Plugins.Entities.Operation.Operation_PostUpdate_ChangeType_BasedonModes: Update of ovs_mocregistration" id="{6c87dda0-b542-ee11-be6e-0022483d0343}" />
      </MissingDependency>
      <MissingDependency>
        <Required type="2" schemaName="cid_modeoftransportationmarine" displayName="Marine" parentSchemaName="ovs_mocregistration" parentDisplayName="Operation" solution="Active" />
        <Dependent type="92" displayName="TC.PowerApps.RD.Plugins.Entities.Common.HistoryLog_CreateLog: Update of ovs_mocregistration" id="{d8646245-e321-ee11-9966-0022483d0c87}" />
      </MissingDependency>
      <MissingDependency>
        <Required type="2" schemaName="cid_modeoftransportationmarine" displayName="Marine" parentSchemaName="ovs_mocregistration" parentDisplayName="Operation" solution="Active" />
        <Dependent type="93" id="{06a583d8-b542-ee11-be6e-0022483d0343}" />
      </MissingDependency>
      <MissingDependency>
        <Required type="2" schemaName="cid_modeoftransportationmarine" displayName="Marine" parentSchemaName="ovs_mocregistration" parentDisplayName="Operation" solution="Active" />
        <Dependent type="93" id="{c9305ba2-e321-ee11-9966-0022483e130e}" />
      </MissingDependency>
      <MissingDependency>
        <Required type="2" schemaName="cid_modeoftransportationrail" displayName="Rail" parentSchemaName="ovs_mocregistration" parentDisplayName="Operation" solution="Active" />
        <Dependent type="92" displayName="TC.PowerApps.RD.Plugins.Entities.Operation.Operation_ResetSiteAttestation: Update of ovs_mocregistration" id="{3a8eff2a-187b-ed11-81ac-0022483e130e}" />
      </MissingDependency>
      <MissingDependency>
        <Required type="2" schemaName="cid_modeoftransportationrail" displayName="Rail" parentSchemaName="ovs_mocregistration" parentDisplayName="Operation" solution="Active" />
        <Dependent type="92" displayName="TC.PowerApps.RD.Plugins.Entities.Operation.Operation_PostUpdate_ChangeType_BasedonModes: Update of ovs_mocregistration" id="{6c87dda0-b542-ee11-be6e-0022483d0343}" />
      </MissingDependency>
      <MissingDependency>
        <Required type="2" schemaName="cid_modeoftransportationrail" displayName="Rail" parentSchemaName="ovs_mocregistration" parentDisplayName="Operation" solution="Active" />
        <Dependent type="92" displayName="TC.PowerApps.RD.Plugins.Entities.Common.HistoryLog_CreateLog: Update of ovs_mocregistration" id="{d8646245-e321-ee11-9966-0022483d0c87}" />
      </MissingDependency>
      <MissingDependency>
        <Required type="2" schemaName="cid_modeoftransportationrail" displayName="Rail" parentSchemaName="ovs_mocregistration" parentDisplayName="Operation" solution="Active" />
        <Dependent type="93" id="{06a583d8-b542-ee11-be6e-0022483d0343}" />
      </MissingDependency>
      <MissingDependency>
        <Required type="2" schemaName="cid_modeoftransportationrail" displayName="Rail" parentSchemaName="ovs_mocregistration" parentDisplayName="Operation" solution="Active" />
        <Dependent type="93" id="{c9305ba2-e321-ee11-9966-0022483e130e}" />
      </MissingDependency>
      <MissingDependency>
        <Required type="2" schemaName="cid_modeoftransportationroad" displayName="Road" parentSchemaName="ovs_mocregistration" parentDisplayName="Operation" solution="Active" />
        <Dependent type="92" displayName="TC.PowerApps.RD.Plugins.Entities.Operation.Operation_ResetSiteAttestation: Update of ovs_mocregistration" id="{3a8eff2a-187b-ed11-81ac-0022483e130e}" />
      </MissingDependency>
      <MissingDependency>
        <Required type="2" schemaName="cid_modeoftransportationroad" displayName="Road" parentSchemaName="ovs_mocregistration" parentDisplayName="Operation" solution="Active" />
        <Dependent type="92" displayName="TC.PowerApps.RD.Plugins.Entities.Operation.Operation_PostUpdate_ChangeType_BasedonModes: Update of ovs_mocregistration" id="{6c87dda0-b542-ee11-be6e-0022483d0343}" />
      </MissingDependency>
      <MissingDependency>
        <Required type="2" schemaName="cid_modeoftransportationroad" displayName="Road" parentSchemaName="ovs_mocregistration" parentDisplayName="Operation" solution="Active" />
        <Dependent type="92" displayName="TC.PowerApps.RD.Plugins.Entities.Common.HistoryLog_CreateLog: Update of ovs_mocregistration" id="{d8646245-e321-ee11-9966-0022483d0c87}" />
      </MissingDependency>
      <MissingDependency>
        <Required type="2" schemaName="cid_modeoftransportationroad" displayName="Road" parentSchemaName="ovs_mocregistration" parentDisplayName="Operation" solution="Active" />
        <Dependent type="93" id="{06a583d8-b542-ee11-be6e-0022483d0343}" />
      </MissingDependency>
      <MissingDependency>
        <Required type="2" schemaName="cid_modeoftransportationroad" displayName="Road" parentSchemaName="ovs_mocregistration" parentDisplayName="Operation" solution="Active" />
        <Dependent type="93" id="{c9305ba2-e321-ee11-9966-0022483e130e}" />
      </MissingDependency>
      <MissingDependency>
        <Required type="2" schemaName="cid_modifiedbyregistrant" displayName="Modified By" parentSchemaName="ovs_mocregistration" parentDisplayName="Operation" solution="Active" />
        <Dependent type="92" displayName="TC.PowerApps.RD.Plugins.Entities.Operation.Operation_ResetSiteAttestation: Update of ovs_mocregistration" id="{3a8eff2a-187b-ed11-81ac-0022483e130e}" />
      </MissingDependency>
      <MissingDependency>
        <Required type="2" schemaName="cid_modifiedbyregistrant" displayName="Modified By" parentSchemaName="ovs_mocregistration" parentDisplayName="Operation" solution="Active" />
        <Dependent type="93" id="{06a583d8-b542-ee11-be6e-0022483d0343}" />
      </MissingDependency>
      <MissingDependency>
        <Required type="2" schemaName="cid_modifiedbyregistrant" displayName="Modified By" parentSchemaName="ovs_mocregistration" parentDisplayName="Operation" solution="Active" />
        <Dependent type="93" id="{c9305ba2-e321-ee11-9966-0022483e130e}" />
      </MissingDependency>
      <MissingDependency>
        <Required type="2" schemaName="cid_operationdetailsprovided" displayName="Operation details provided?" parentSchemaName="ovs_mocregistration" parentDisplayName="Operation" solution="Active" />
        <Dependent type="93" id="{c9305ba2-e321-ee11-9966-0022483e130e}" />
      </MissingDependency>
      <MissingDependency>
        <Required type="2" schemaName="createdby" displayName="Created By" parentSchemaName="ovs_mocregistration" parentDisplayName="Operation" solution="Active" />
        <Dependent type="93" id="{c9305ba2-e321-ee11-9966-0022483e130e}" />
      </MissingDependency>
      <MissingDependency>
        <Required type="2" schemaName="createdon" displayName="Created On" parentSchemaName="ovs_mocregistration" parentDisplayName="Operation" solution="Active" />
        <Dependent type="93" id="{c9305ba2-e321-ee11-9966-0022483e130e}" />
      </MissingDependency>
      <MissingDependency>
        <Required type="2" schemaName="modifiedby" displayName="Modified By" parentSchemaName="ovs_mocregistration" parentDisplayName="Operation" solution="Active" />
        <Dependent type="93" id="{06a583d8-b542-ee11-be6e-0022483d0343}" />
      </MissingDependency>
      <MissingDependency>
        <Required type="2" schemaName="modifiedby" displayName="Modified By" parentSchemaName="ovs_mocregistration" parentDisplayName="Operation" solution="Active" />
        <Dependent type="93" id="{c9305ba2-e321-ee11-9966-0022483e130e}" />
      </MissingDependency>
      <MissingDependency>
        <Required type="2" schemaName="modifiedon" displayName="Modified On" parentSchemaName="ovs_mocregistration" parentDisplayName="Operation" solution="Active" />
        <Dependent type="93" id="{c9305ba2-e321-ee11-9966-0022483e130e}" />
      </MissingDependency>
      <MissingDependency>
        <Required type="2" schemaName="ovs_mocregistrationid" displayName="Operation Id" parentSchemaName="ovs_mocregistration" parentDisplayName="Operation" solution="Active" />
        <Dependent type="93" id="{c9305ba2-e321-ee11-9966-0022483e130e}" />
      </MissingDependency>
      <MissingDependency>
        <Required type="2" schemaName="ovs_name" displayName="Operation ID" parentSchemaName="ovs_mocregistration" parentDisplayName="Operation" solution="Active" />
        <Dependent type="93" id="{c9305ba2-e321-ee11-9966-0022483e130e}" />
      </MissingDependency>
      <MissingDependency>
        <Required type="2" schemaName="ovs_operationtype" displayName="Operation Type" parentSchemaName="ovs_mocregistration" parentDisplayName="Operation" solution="Active" />
        <Dependent type="93" id="{06a583d8-b542-ee11-be6e-0022483d0343}" />
      </MissingDependency>
      <MissingDependency>
        <Required type="2" schemaName="ovs_operationtype" displayName="Operation Type" parentSchemaName="ovs_mocregistration" parentDisplayName="Operation" solution="Active" />
        <Dependent type="93" id="{c9305ba2-e321-ee11-9966-0022483e130e}" />
      </MissingDependency>
      <MissingDependency>
        <Required type="2" schemaName="ovs_siteid" displayName="Site" parentSchemaName="ovs_mocregistration" parentDisplayName="Operation" solution="Active" />
        <Dependent type="93" id="{06a583d8-b542-ee11-be6e-0022483d0343}" />
      </MissingDependency>
      <MissingDependency>
        <Required type="2" schemaName="ovs_siteid" displayName="Site" parentSchemaName="ovs_mocregistration" parentDisplayName="Operation" solution="Active" />
        <Dependent type="93" id="{c9305ba2-e321-ee11-9966-0022483e130e}" />
      </MissingDependency>
      <MissingDependency>
        <Required type="2" schemaName="statecode" displayName="Status" parentSchemaName="ovs_mocregistration" parentDisplayName="Operation" solution="Active" />
        <Dependent type="92" displayName="TC.PowerApps.RD.Plugins.Entities.Operation.Operation_ResetSiteAttestation: Update of ovs_mocregistration" id="{3a8eff2a-187b-ed11-81ac-0022483e130e}" />
      </MissingDependency>
      <MissingDependency>
        <Required type="2" schemaName="statuscode" displayName="Status Reason" parentSchemaName="ovs_mocregistration" parentDisplayName="Operation" solution="Active" />
        <Dependent type="92" displayName="TC.PowerApps.RD.Plugins.Entities.Operation.Operation_ResetSiteAttestation: Update of ovs_mocregistration" id="{3a8eff2a-187b-ed11-81ac-0022483e130e}" />
      </MissingDependency>
      <MissingDependency>
        <Required type="2" schemaName="cid_modifiedbyregistrant" displayName="Modified By" parentSchemaName="ovs_operationclass" parentDisplayName="Operation Class" solution="Active" />
        <Dependent type="92" displayName="TC.PowerApps.RD.Plugins.Entities.Common.ConcatenateCreateAndModifyFields: Update of ovs_operationclass" id="{8b2b5df5-147b-ed11-81ad-0022483d0343}" />
      </MissingDependency>
      <MissingDependency>
        <Required type="2" schemaName="cid_modifiedbyregistrant" displayName="Modified By" parentSchemaName="ovs_operationunnumber" parentDisplayName="Site UN Number" solution="Active" />
        <Dependent type="92" displayName="TC.PowerApps.RD.Plugins.Entities.Common.ConcatenateCreateAndModifyFields: Update of ovs_operationunnumber" id="{f877112c-157b-ed11-81ac-0022483e130e}" />
      </MissingDependency>
      <MissingDependency>
        <Required type="2" schemaName="cid_createdbyregistrant" displayName="Created By" parentSchemaName="ovs_siteclass" parentDisplayName="Site Class" solution="Active" />
        <Dependent type="92" displayName="TC.PowerApps.RD.Plugins.Entities.SiteClass.SiteClass_ResetSiteAttestation: Update of ovs_operationclass" id="{4ce41cd9-197b-ed11-81ac-0022483e130e}" />
      </MissingDependency>
      <MissingDependency>
        <Required type="2" schemaName="cid_modifiedbyregistrant" displayName="Modified By" parentSchemaName="ovs_siteclass" parentDisplayName="Site Class" solution="Active" />
        <Dependent type="92" displayName="TC.PowerApps.RD.Plugins.Entities.SiteClass.SiteClass_ResetSiteAttestation: Update of ovs_operationclass" id="{4ce41cd9-197b-ed11-81ac-0022483e130e}" />
      </MissingDependency>
      <MissingDependency>
        <Required type="2" schemaName="statecode" displayName="Status" parentSchemaName="ovs_siteclass" parentDisplayName="Site Class" solution="Active" />
        <Dependent type="92" displayName="TC.PowerApps.RD.Plugins.Entities.SiteClass.SiteClass_ResetSiteAttestation: Update of ovs_operationclass" id="{4ce41cd9-197b-ed11-81ac-0022483e130e}" />
      </MissingDependency>
      <MissingDependency>
        <Required type="2" schemaName="statuscode" displayName="Status Reason" parentSchemaName="ovs_siteclass" parentDisplayName="Site Class" solution="Active" />
        <Dependent type="92" displayName="TC.PowerApps.RD.Plugins.Entities.SiteClass.SiteClass_ResetSiteAttestation: Update of ovs_operationclass" id="{4ce41cd9-197b-ed11-81ac-0022483e130e}" />
      </MissingDependency>
      <MissingDependency>
        <Required type="90" schemaName="TC.PowerApps.Localization.Update, TC.PowerApps.Localization, Version=1.0.0.0, Culture=neutral, PublicKeyToken=46cc66017b727c59" displayName="TC.PowerApps.Localization.Update" solution="Active" id="{3e5ff06c-1fd0-439e-947b-dc69c4e4ba89}" />
        <Dependent type="92" displayName="TC.PowerApps.Localization.Update: Update of ovs_support_request_outcome" id="{b2840686-c70e-ee11-8f6e-000d3af35f84}" />
      </MissingDependency>
      <MissingDependency>
        <Required type="90" schemaName="TC.PowerApps.Localization.RetrieveMultiple, TC.PowerApps.Localization, Version=1.0.0.0, Culture=neutral, PublicKeyToken=46cc66017b727c59" displayName="TC.PowerApps.Localization.RetrieveMultiple" solution="Active" id="{55aff4fe-abc8-4a82-8e27-ff6dbf970604}" />
        <Dependent type="92" displayName="TC.PowerApps.Localization.RetrieveMultiple: RetrieveMultiple of ovs_support_request_outcome" id="{4e8ce66d-c80e-ee11-8f6e-0022483e130e}" />
      </MissingDependency>
      <MissingDependency>
        <Required type="90" schemaName="TC.PowerApps.Localization.Retrieve, TC.PowerApps.Localization, Version=1.0.0.0, Culture=neutral, PublicKeyToken=46cc66017b727c59" displayName="TC.PowerApps.Localization.Retrieve" solution="Active" id="{917f33a1-fc11-4fff-ad37-c2676669c797}" />
        <Dependent type="92" displayName="TC.PowerApps.Localization.Retrieve: Retrieve of ovs_supportrequest" id="{556a3682-bf15-ee11-9cbe-0022483d0343}" />
      </MissingDependency>
      <MissingDependency>
        <Required type="90" schemaName="TC.PowerApps.Localization.Retrieve, TC.PowerApps.Localization, Version=1.0.0.0, Culture=neutral, PublicKeyToken=46cc66017b727c59" displayName="TC.PowerApps.Localization.Retrieve" solution="Active" id="{917f33a1-fc11-4fff-ad37-c2676669c797}" />
        <Dependent type="92" displayName="TC.PowerApps.Localization.Retrieve: Retrieve of ovs_support_request_outcome" id="{e51a2b8f-c80e-ee11-8f6e-0022483d0343}" />
      </MissingDependency>
      <MissingDependency>
        <Required type="90" schemaName="TC.PowerApps.Localization.Create, TC.PowerApps.Localization, Version=1.0.0.0, Culture=neutral, PublicKeyToken=46cc66017b727c59" displayName="TC.PowerApps.Localization.Create" solution="Active" id="{dd0b78a8-6d3c-439e-9d36-ecd295ae1fd0}" />
        <Dependent type="92" displayName="TC.PowerApps.Localization.Create: Create of ovs_support_request_outcome" id="{57f17560-c70e-ee11-8f6e-0022483e130e}" />
      </MissingDependency>
    </MissingDependencies>
  </SolutionManifest>
</ImportExportXml>