<ImportExportXml xmlns:xsi="http://www.w3.org/2001/XMLSchema-instance">
  <Entities>
    <Entity>
      <Name LocalizedName="Operation" OriginalName="Operation">ovs_MOCRegistration</Name>
      <EntityInfo>
        <entity Name="ovs_MOCRegistration">
          <LocalizedNames>
            <LocalizedName description="Operation" languagecode="1033" />
            <LocalizedName description="Opération" languagecode="1036" />
          </LocalizedNames>
          <LocalizedCollectionNames>
            <LocalizedCollectionName description="Operations" languagecode="1033" />
            <LocalizedCollectionName description="Opérations" languagecode="1036" />
          </LocalizedCollectionNames>
          <Descriptions>
            <Description description="" languagecode="1033" />
            <Description description="" languagecode="1036" />
          </Descriptions>
          <attributes />
          <EntitySetName>ovs_mocregistrations</EntitySetName>
          <IsDuplicateCheckSupported>1</IsDuplicateCheckSupported>
          <IsBusinessProcessEnabled>1</IsBusinessProcessEnabled>
          <IsRequiredOffline>0</IsRequiredOffline>
          <IsInteractionCentricEnabled>0</IsInteractionCentricEnabled>
          <IsCollaboration>0</IsCollaboration>
          <AutoRouteToOwnerQueue>0</AutoRouteToOwnerQueue>
          <IsConnectionsEnabled>0</IsConnectionsEnabled>
          <EntityColor></EntityColor>
          <IsDocumentManagementEnabled>0</IsDocumentManagementEnabled>
          <AutoCreateAccessTeams>0</AutoCreateAccessTeams>
          <IsOneNoteIntegrationEnabled>0</IsOneNoteIntegrationEnabled>
          <IsKnowledgeManagementEnabled>0</IsKnowledgeManagementEnabled>
          <IsSLAEnabled>0</IsSLAEnabled>
          <IsDocumentRecommendationsEnabled>0</IsDocumentRecommendationsEnabled>
          <IsBPFEntity>0</IsBPFEntity>
          <OwnershipTypeMask>UserOwned</OwnershipTypeMask>
          <IsAuditEnabled>1</IsAuditEnabled>
          <IsRetrieveAuditEnabled>0</IsRetrieveAuditEnabled>
          <IsRetrieveMultipleAuditEnabled>0</IsRetrieveMultipleAuditEnabled>
          <IsActivity>0</IsActivity>
          <ActivityTypeMask>CommunicationActivity</ActivityTypeMask>
          <IsActivityParty>0</IsActivityParty>
          <IsReplicated>0</IsReplicated>
          <IsReplicationUserFiltered>0</IsReplicationUserFiltered>
          <IsMailMergeEnabled>0</IsMailMergeEnabled>
          <IsVisibleInMobile>0</IsVisibleInMobile>
          <IsVisibleInMobileClient>1</IsVisibleInMobileClient>
          <IsReadOnlyInMobileClient>0</IsReadOnlyInMobileClient>
          <IsOfflineInMobileClient>1</IsOfflineInMobileClient>
          <DaysSinceRecordLastModified>0</DaysSinceRecordLastModified>
          <MobileOfflineFilters></MobileOfflineFilters>
          <IsMapiGridEnabled>1</IsMapiGridEnabled>
          <IsReadingPaneEnabled>1</IsReadingPaneEnabled>
          <IsQuickCreateEnabled>0</IsQuickCreateEnabled>
          <SyncToExternalSearchIndex>0</SyncToExternalSearchIndex>
          <IntroducedVersion>1.0.0.1</IntroducedVersion>
          <IsCustomizable>1</IsCustomizable>
          <IsRenameable>1</IsRenameable>
          <IsMappable>1</IsMappable>
          <CanModifyAuditSettings>1</CanModifyAuditSettings>
          <CanModifyMobileVisibility>1</CanModifyMobileVisibility>
          <CanModifyMobileClientVisibility>1</CanModifyMobileClientVisibility>
          <CanModifyMobileClientReadOnly>1</CanModifyMobileClientReadOnly>
          <CanModifyMobileClientOffline>1</CanModifyMobileClientOffline>
          <CanModifyConnectionSettings>1</CanModifyConnectionSettings>
          <CanModifyDuplicateDetectionSettings>1</CanModifyDuplicateDetectionSettings>
          <CanModifyMailMergeSettings>1</CanModifyMailMergeSettings>
          <CanModifyQueueSettings>1</CanModifyQueueSettings>
          <CanCreateAttributes>1</CanCreateAttributes>
          <CanCreateForms>1</CanCreateForms>
          <CanCreateCharts>1</CanCreateCharts>
          <CanCreateViews>1</CanCreateViews>
          <CanModifyAdditionalSettings>1</CanModifyAdditionalSettings>
          <CanEnableSyncToExternalSearchIndex>1</CanEnableSyncToExternalSearchIndex>
          <EnforceStateTransitions>0</EnforceStateTransitions>
          <CanChangeHierarchicalRelationship>1</CanChangeHierarchicalRelationship>
          <EntityHelpUrlEnabled>0</EntityHelpUrlEnabled>
          <EntityHelpUrl></EntityHelpUrl>
          <ChangeTrackingEnabled>1</ChangeTrackingEnabled>
          <CanChangeTrackingBeEnabled>1</CanChangeTrackingBeEnabled>
          <IsEnabledForExternalChannels>0</IsEnabledForExternalChannels>
          <IsSolutionAware>0</IsSolutionAware>
        </entity>
      </EntityInfo>
      <FormXml>
        <forms type="main">
          <systemform>
            <formid>{6be00af2-4b11-4926-b141-914715128269}</formid>
            <IntroducedVersion>1.0.0.0</IntroducedVersion>
            <FormPresentation>1</FormPresentation>
            <FormActivationState>1</FormActivationState>
            <form headerdensity="HighWithControls" shownavigationbar="true" showImage="false" maxWidth="1920">
              <tabs>
                <tab verticallayout="true" id="{0b52e8b7-4c54-45b9-8320-a991567a9562}" IsUserDefined="1" labelid="{cadbf86a-02cc-43af-b46d-7467e9d5ebb2}" name="tab_general">
                  <labels>
                    <label description="General" languagecode="1033" />
                    <label description="Résumé" languagecode="1036" />
                  </labels>
                  <columns>
                    <column width="100%">
                      <sections>
                        <section showlabel="false" showbar="false" IsUserDefined="0" id="{ca013b40-edb2-4890-9c35-3fc563cc0710}" name="tab_General" labelid="{7ec77ecb-76d0-424c-afef-428b5d85c4e4}">
                          <labels>
                            <label description="General" languagecode="1033" />
                            <label description="Résumé" languagecode="1036" />
                          </labels>
                          <rows>
                            <row>
                              <cell id="{7a3c1be2-3b75-413d-85bc-c9581afa301c}" showlabel="true" locklevel="0" visible="false" labelid="{f27e6757-670b-41dc-9ac8-7efa6ff2336a}">
                                <labels>
                                  <label description="Operation ID" languagecode="1033" />
                                  <label description="ID de l'opération" languagecode="1036" />
                                </labels>
                                <control id="ovs_name" classid="{4273EDBD-AC1D-40d3-9FB2-095C621B552D}" datafieldname="ovs_name" uniqueid="{7d9d8c7c-a494-6be0-8c58-e8e804e0b494}" disabled="true" />
                              </cell>
                            </row>
                            <row>
                              <cell id="{c93b371e-cc1c-46d0-aabf-f37316968f16}" locklevel="0" colspan="1" rowspan="1" showlabel="true" labelid="{3b32ba4d-8008-4bed-a198-944d44554674}">
                                <labels>
                                  <label description="Operation Type" languagecode="1033" />
                                  <label description="Type d'opération" languagecode="1036" />
                                </labels>
                                <control id="ovs_operationtype" classid="{3EF39988-22BB-4F0B-BBBE-64B5A3748AEE}" datafieldname="ovs_operationtype" disabled="false" uniqueid="{d2059b79-807e-7732-da4e-29a74a6d0aca}" />
                              </cell>
                            </row>
                            <row>
                              <cell id="{513beecd-cebd-4d00-8542-e76d7178f512}" locklevel="0" colspan="1" rowspan="1" visible="false" labelid="{153efcad-b295-4481-a80d-032bf347842c}">
                                <labels>
                                  <label description="IIS Created Date" languagecode="1033" />
                                </labels>
                                <control id="ovs_iiscreateddate" classid="{5B773807-9FB2-42DB-97C3-7A91EFF8ADFF}" datafieldname="ovs_iiscreateddate" disabled="false" />
                              </cell>
                            </row>
                            <row>
                              <cell id="{d454819b-04ab-0764-ce84-c3105417a400}" showlabel="true" locklevel="0" labelid="{9645370c-e524-4d3d-bf8c-e56b97a6d8e8}">
                                <labels>
                                  <label description="MOC Registration ID" languagecode="1033" />
                                  <label description="ID d'inscription MOC" languagecode="1036" />
                                </labels>
                                <control id="ovs_mocregistrationname" classid="{4273EDBD-AC1D-40d3-9FB2-095C621B552D}" datafieldname="ovs_mocregistrationname" disabled="false" uniqueid="{57258723-5d24-2c9e-2856-20cc2631c663}" />
                              </cell>
                            </row>
                            <row>
                              <cell id="{337e8358-8b6a-d0e0-c339-0b28eb4447c8}" showlabel="true" locklevel="0" labelid="{05667038-b915-47b5-9272-bd707a9b6499}">
                                <labels>
                                  <label description="MOC Initial Registration Date" languagecode="1033" />
                                  <label description="Date d'enregistrement initial du MOC(Céé le)" languagecode="1036" />
                                </labels>
                                <control id="ovs_mocinitialregistrationdate" classid="{5B773807-9FB2-42db-97C3-7A91EFF8ADFF}" datafieldname="ovs_mocinitialregistrationdate" disabled="false" uniqueid="{ce755806-67a2-17e6-5812-17c1d6ce2c08}" />
                              </cell>
                            </row>
                            <row>
                              <cell id="{6f171490-d682-4797-9123-91b7caed4995}" locklevel="0" colspan="1" rowspan="1">
                                <labels>
                                  <label description="MOC Registration Issue Date" languagecode="1033" />
                                </labels>
                                <control id="fdr_registrationissuedate" classid="{5B773807-9FB2-42DB-97C3-7A91EFF8ADFF}" datafieldname="fdr_registrationissuedate" disabled="false" />
                              </cell>
                            </row>
                            <row>
                              <cell id="{8c47fdd8-5e27-4b18-8659-98d73ab671bb}" locklevel="0" labelid="{b9c3cfa1-5d35-44fa-86fd-554c0b6905f3}">
                                <labels>
                                  <label description="MOC Registration Expiry" languagecode="1033" />
                                  <label description="Expiration du certificat MOC" languagecode="1036" />
                                </labels>
                                <control id="ovs_registrationexpiry" classid="{5B773807-9FB2-42DB-97C3-7A91EFF8ADFF}" datafieldname="ovs_registrationexpiry" disabled="false" />
                              </cell>
                            </row>
                            <row>
                              <cell id="{2ec58376-0748-51d9-b423-dbc69cc96dd6}" showlabel="true" locklevel="0" labelid="{a60b958f-77ca-46be-ba42-0fda719b1d6b}">
                                <labels>
                                  <label description="MOC Program" languagecode="1033" />
                                  <label description="Programme MOC" languagecode="1036" />
                                </labels>
                                <control id="ovs_mocprogram" classid="{3EF39988-22BB-4f0b-BBBE-64B5A3748AEE}" datafieldname="ovs_mocprogram" disabled="false" uniqueid="{9e5967cc-1a60-9639-a800-c3367b2a445c}" />
                              </cell>
                            </row>
                            <row>
                              <cell id="{e64a7066-81ec-ea9d-1c34-ddb5a60a4db7}" showlabel="true" locklevel="0" colspan="1" rowspan="1" labelid="{10652bd5-fc5e-4c34-8220-43ed2679e73f}">
                                <labels>
                                  <label description="Line Of Business" languagecode="1033" />
                                  <label description="Secteur d’activité" languagecode="1036" />
                                </labels>
                                <control id="ovs_lineofbusiness" classid="{270BD3DB-D9AF-4782-9025-509E298DEC0A}" datafieldname="ovs_lineofbusiness" disabled="false" />
                              </cell>
                            </row>
                            <row>
                              <cell id="{6552e5f9-1576-43b1-95db-bf11bc5cc3a0}" locklevel="0" colspan="1" rowspan="1">
                                <labels>
                                  <label description="Primary Operation Contact" languagecode="1033" />
                                </labels>
                                <control id="fdr_primarycontact" classid="{270BD3DB-D9AF-4782-9025-509E298DEC0A}" datafieldname="fdr_primarycontact" disabled="false">
                                  <parameters>
                                    <DisableViewPicker>true</DisableViewPicker>
                                    <DisableMru>true</DisableMru>
                                    <IsInlineNewEnabled>false</IsInlineNewEnabled>
                                  </parameters>
                                </control>
                              </cell>
                            </row>
                            <row>
                              <cell id="{39d10d06-7c90-b209-0cad-bc59a3dd1350}" showlabel="true" locklevel="0" labelid="{042dfe00-31f3-4260-9321-ed8019a9deec}">
                                <labels>
                                  <label description="Risk Score" languagecode="1033" />
                                  <label description="Score de risque" languagecode="1036" />
                                </labels>
                                <control id="ovs_cdriskscore" classid="{C3EFE0C3-0EC6-42be-8349-CBD9079DFD8E}" datafieldname="ovs_cdriskscore" disabled="false" />
                              </cell>
                            </row>
                            <row>
                              <cell id="{415ba5d5-d28a-d4ac-bd10-de38ba4e4927}" showlabel="true" locklevel="0" labelid="{3a278376-883d-4367-889f-e3502c98dc34}">
                                <labels>
                                  <label description="Priority Score" languagecode="1033" />
                                  <label description="Score de priorité‎" languagecode="1036" />
                                </labels>
                                <control id="ovs_cdpriorityscore" classid="{C3EFE0C3-0EC6-42be-8349-CBD9079DFD8E}" datafieldname="ovs_cdpriorityscore" disabled="true" />
                              </cell>
                            </row>
                            <row>
                              <cell id="{81c107ca-aa43-13ee-9556-9eb6aa4877b0}" showlabel="true" locklevel="0" labelid="{a6917179-ffcf-4869-bd09-c9a9544ac034}">
                                <labels>
                                  <label description="Risk Category" languagecode="1033" />
                                  <label description="Catégorie de risque" languagecode="1036" />
                                </labels>
                                <control id="ovs_cdriskcategory" classid="{3EF39988-22BB-4f0b-BBBE-64B5A3748AEE}" datafieldname="ovs_cdriskcategory" disabled="true" uniqueid="{4a04a465-d6ba-619c-63e2-7719a752b481}" />
                              </cell>
                            </row>
                          </rows>
                        </section>
                      </sections>
                    </column>
                  </columns>
                </tab>
                <tab name="tab_3" id="{aa61e692-e804-13ce-eac5-7c46d4113179}" IsUserDefined="0" locklevel="0" showlabel="true" expanded="true" labelid="{a4b8f1a7-b860-4e60-8e4d-509394d4a398}">
                  <labels>
                    <label description="NOP Profile" languagecode="1033" />
                    <label description="Profil du PNS" languagecode="1036" />
                  </labels>
                  <columns>
                    <column width="100%">
                      <sections>
                        <section name="tab_3_section_1" showlabel="false" showbar="false" locklevel="0" id="{12b5a511-98ed-12e1-3267-471a17894377}" IsUserDefined="0" layout="varwidth" columns="1" labelwidth="115" labelid="{1ebad6c8-8529-4f8e-a87b-124ac915dd0c}">
                          <labels>
                            <label description="Section" languagecode="1033" />
                          </labels>
                          <rows>
                            <row>
                              <cell id="{aa7c189d-41d6-8ca4-8c38-80c5d821035d}" showlabel="true" locklevel="0" labelid="{72cdaa3c-2f00-4130-abac-5f5358ccf5f1}">
                                <labels>
                                  <label description="Hub" languagecode="1033" />
                                  <label description="Plaque tournante" languagecode="1036" />
                                </labels>
                                <control id="ovs_hubind" classid="{67FAC785-CD58-4f9f-ABB3-4B7DDC6ED5ED}" datafieldname="ovs_hubind" disabled="false" />
                              </cell>
                            </row>
                            <row>
                              <cell id="{157c2a7e-1224-580a-8067-ba717dacbd62}" showlabel="true" locklevel="0" labelid="{dfbadb90-4094-44b9-8154-b91808ecb3c7}">
                                <labels>
                                  <label description="Targeted" languagecode="1033" />
                                  <label description="Ciblé" languagecode="1036" />
                                </labels>
                                <control id="ovs_targetedind" classid="{67FAC785-CD58-4f9f-ABB3-4B7DDC6ED5ED}" datafieldname="ovs_targetedind" disabled="false" />
                              </cell>
                            </row>
                            <row>
                              <cell id="{286399ce-d2ab-51ad-3ac0-15ae71a9a589}" showlabel="true" locklevel="0" labelid="{a5ee6471-a4ac-49cd-90ed-644cfcecedb6}">
                                <labels>
                                  <label description="Accident" languagecode="1033" />
                                  <label description="Accident" languagecode="1036" />
                                </labels>
                                <control id="ovs_accidentind" classid="{67FAC785-CD58-4f9f-ABB3-4B7DDC6ED5ED}" datafieldname="ovs_accidentind" disabled="false" />
                              </cell>
                            </row>
                            <row>
                              <cell id="{3bb31472-0b34-5ab5-5792-dbd6a34810ad}" showlabel="true" locklevel="0" labelid="{f6055d86-79ad-469c-9279-e2f72b4624f5}">
                                <labels>
                                  <label description="CEP" languagecode="1033" />
                                  <label description="PEC" languagecode="1036" />
                                </labels>
                                <control id="ovs_cepind" classid="{67FAC785-CD58-4f9f-ABB3-4B7DDC6ED5ED}" datafieldname="ovs_cepind" disabled="false" />
                              </cell>
                            </row>
                            <row>
                              <cell id="{9a403a45-dbd0-4ed9-e7e9-1cdabdde849d}" showlabel="true" locklevel="0" labelid="{74c37d76-92b6-4e4d-8131-286f4b94d757}">
                                <labels>
                                  <label description="Follow-UP" languagecode="1033" />
                                  <label description="Suivi" languagecode="1036" />
                                </labels>
                                <control id="ovs_followupind" classid="{67FAC785-CD58-4f9f-ABB3-4B7DDC6ED5ED}" datafieldname="ovs_followupind" disabled="false" />
                              </cell>
                            </row>
                          </rows>
                        </section>
                      </sections>
                    </column>
                  </columns>
                </tab>
                <tab name="operations_profile" id="{05b58134-15d6-e389-c590-04cc90e1930b}" IsUserDefined="0" locklevel="0" showlabel="true" expanded="true" labelid="{bfe75bcf-4030-4886-86fe-9d3a69563e75}">
                  <labels>
                    <label description="Operations Profile" languagecode="1033" />
                    <label description="​Profil de l'opération" languagecode="1036" />
                  </labels>
                  <columns>
                    <column width="50%">
                      <sections>
                        <section name="tab_2_section_1" showlabel="true" showbar="false" locklevel="0" id="{10e578e6-7ecd-ab80-16a3-46ca314886c6}" IsUserDefined="0" layout="varwidth" columns="1" labelwidth="115" celllabelalignment="Left" celllabelposition="Left" labelid="{a92e53b9-1325-4b0f-9ec9-f26ea4406b0e}">
                          <labels>
                            <label description="HOTI Profile" languagecode="1033" />
                            <label description="Profil MDTI" languagecode="1036" />
                          </labels>
                          <rows>
                            <row>
                              <cell id="{8c09ae5a-31dc-48a5-0e93-498ae3a63aa0}" showlabel="false" colspan="1" auto="false" rowspan="1" labelid="{e52ac754-97cc-4c13-b1b7-68571a56bfc8}">
                                <labels>
                                  <label description="sitemessage" languagecode="1033" />
                                </labels>
                                <control id="WebResource_sitemessage" classid="{9FDF5F91-88B1-47f4-AD53-C11EFC01A01D}">
                                  <parameters>
                                    <Url>qm_/SiteHOTImessage.html</Url>
                                    <PassParameters>false</PassParameters>
                                    <ShowOnMobileClient>false</ShowOnMobileClient>
                                    <Security>false</Security>
                                    <Scrolling>auto</Scrolling>
                                    <Border>false</Border>
                                    <WebResourceId>{DF4F5E11-3B12-EC11-B6E7-0022483CF866}</WebResourceId>
                                  </parameters>
                                </control>
                              </cell>
                            </row>
                            <row>
                              <cell id="{d11117e6-e909-d52a-6dab-21b42c463ad0}" showlabel="true" colspan="1" auto="false" rowspan="9" labelid="{3e2b3a8d-8af5-4c33-97e8-35da92a3681c}">
                                <labels>
                                  <label description="Operation UN Numbers" languagecode="1033" />
                                  <label description="Numéro UN" languagecode="1036" />
                                </labels>
                                <control id="Subgrid_OperationUNNumber" classid="{E7A81278-8635-4d9e-8D4D-59480B391C5B}" indicationOfSubgrid="true" uniqueid="{11663c89-4bec-1354-424e-8ca3c7847b27}">
                                  <parameters>
                                    <ViewId>{2E7C7B15-98B4-4CC3-A0DA-0F193B0759D2}</ViewId>
                                    <IsUserView>false</IsUserView>
                                    <RelationshipName>ovs_OperationUNNumber_OperationUNNumber_o</RelationshipName>
                                    <TargetEntityType>ovs_operationunnumber</TargetEntityType>
                                    <AutoExpand>Fixed</AutoExpand>
                                    <EnableQuickFind>false</EnableQuickFind>
                                    <EnableViewPicker>true</EnableViewPicker>
                                    <ViewIds />
                                    <EnableJumpBar>false</EnableJumpBar>
                                    <ChartGridMode>All</ChartGridMode>
                                    <VisualizationId />
                                    <IsUserChart>false</IsUserChart>
                                    <EnableChartPicker>true</EnableChartPicker>
                                    <RecordsPerPage>6</RecordsPerPage>
                                    <HeaderColorCode>#F3F3F3</HeaderColorCode>
                                  </parameters>
                                </control>
                              </cell>
                            </row>
                            <row />
                            <row />
                            <row />
                            <row />
                            <row />
                            <row />
                            <row />
                            <row />
                            <row>
                              <cell id="{c192bb9c-9dad-9a93-cb2e-a40c84546deb}" showlabel="true" colspan="1" auto="false" rowspan="7" labelid="{11bd1e31-cc2b-43b8-9602-cef1d9cc7986}">
                                <labels>
                                  <label description="Operation Classes" languagecode="1033" />
                                  <label description="Operation Classes" languagecode="1036" />
                                </labels>
                                <control id="grd_Class" classid="{E7A81278-8635-4d9e-8D4D-59480B391C5B}" indicationOfSubgrid="true" uniqueid="{ba383bdb-2d10-556c-2922-0d4488dd7b10}">
                                  <parameters>
                                    <ViewId>{AFFE1090-E5C2-4951-854A-1AC530D0DFA0}</ViewId>
                                    <IsUserView>false</IsUserView>
                                    <RelationshipName>ovs_ovs_mocregistration_ovs_operationclass_OperationClass</RelationshipName>
                                    <TargetEntityType>ovs_operationclass</TargetEntityType>
                                    <AutoExpand>Fixed</AutoExpand>
                                    <EnableQuickFind>false</EnableQuickFind>
                                    <EnableViewPicker>true</EnableViewPicker>
                                    <ViewIds />
                                    <EnableJumpBar>false</EnableJumpBar>
                                    <ChartGridMode>All</ChartGridMode>
                                    <VisualizationId />
                                    <IsUserChart>false</IsUserChart>
                                    <EnableChartPicker>true</EnableChartPicker>
                                    <RecordsPerPage>4</RecordsPerPage>
                                    <HeaderColorCode>#F3F3F3</HeaderColorCode>
                                  </parameters>
                                </control>
                              </cell>
                            </row>
                            <row />
                            <row />
                            <row />
                            <row />
                            <row />
                            <row />
                            <row>
                              <cell id="{c1d6b79b-320b-b878-74d8-447da04c052c}" showlabel="true" colspan="1" auto="false" rowspan="7" labelid="{fbfafbfe-115e-4444-8460-4b4875bf1871}">
                                <labels>
                                  <label description="MODES" languagecode="1033" />
                                  <label description="Modes" languagecode="1036" />
                                </labels>
                                <control id="MODESNew" classid="{E7A81278-8635-4d9e-8D4D-59480B391C5B}" indicationOfSubgrid="true">
                                  <parameters>
                                    <ViewId>{93A77384-BE4D-4E0D-9056-163854D6282C}</ViewId>
                                    <IsUserView>false</IsUserView>
                                    <RelationshipName>ovs_mocregistration_ovs_modes</RelationshipName>
                                    <TargetEntityType>ovs_modes</TargetEntityType>
                                    <AutoExpand>Fixed</AutoExpand>
                                    <EnableQuickFind>false</EnableQuickFind>
                                    <EnableViewPicker>false</EnableViewPicker>
                                    <ViewIds>{93A77384-BE4D-4E0D-9056-163854D6282C}</ViewIds>
                                    <EnableJumpBar>false</EnableJumpBar>
                                    <ChartGridMode>All</ChartGridMode>
                                    <VisualizationId />
                                    <IsUserChart>false</IsUserChart>
                                    <EnableChartPicker>true</EnableChartPicker>
                                    <RecordsPerPage>4</RecordsPerPage>
                                    <HeaderColorCode>#F3F3F3</HeaderColorCode>
                                    <RelationshipRoleOrdinal>1</RelationshipRoleOrdinal>
                                  </parameters>
                                </control>
                              </cell>
                            </row>
                            <row />
                            <row />
                            <row />
                            <row />
                            <row />
                            <row />
                          </rows>
                        </section>
                        <section name="tab_2_section_3" showlabel="true" showbar="false" locklevel="0" id="{bb6e6356-710c-d990-7823-9e50e4caabc4}" IsUserDefined="0" layout="varwidth" columns="1" labelwidth="115" celllabelalignment="Left" celllabelposition="Left" labelid="{86928cb7-9212-4fbf-a785-7a37a2161a3f}">
                          <labels>
                            <label description="MOC Profile" languagecode="1033" />
                            <label description="Profil MOC" languagecode="1036" />
                          </labels>
                          <rows>
                            <row>
                              <cell id="{624a477c-a4b8-46e4-40a0-4db0c3595688}" showlabel="true" colspan="1" auto="false" rowspan="7" labelid="{994de92a-c0ab-4320-95a0-a8e723a163c4}">
                                <labels>
                                  <label description="MOC Type" languagecode="1033" />
                                  <label description="Type MOC" languagecode="1036" />
                                </labels>
                                <control id="MOC_Type_New" classid="{E7A81278-8635-4d9e-8D4D-59480B391C5B}" indicationOfSubgrid="true" uniqueid="{ded24095-c823-d39c-03aa-7cae393c3d9d}">
                                  <parameters>
                                    <ViewId>{A759BF0F-872D-491D-B04A-AE7737C6F78E}</ViewId>
                                    <IsUserView>false</IsUserView>
                                    <RelationshipName>ovs_mocregistration_ovs_moctype</RelationshipName>
                                    <TargetEntityType>ovs_moctype</TargetEntityType>
                                    <AutoExpand>Fixed</AutoExpand>
                                    <EnableQuickFind>false</EnableQuickFind>
                                    <EnableViewPicker>false</EnableViewPicker>
                                    <ViewIds>{A759BF0F-872D-491D-B04A-AE7737C6F78E}</ViewIds>
                                    <EnableJumpBar>false</EnableJumpBar>
                                    <ChartGridMode>All</ChartGridMode>
                                    <VisualizationId />
                                    <IsUserChart>false</IsUserChart>
                                    <EnableChartPicker>true</EnableChartPicker>
                                    <RecordsPerPage>4</RecordsPerPage>
                                    <HeaderColorCode>#F3F3F3</HeaderColorCode>
                                    <RelationshipRoleOrdinal>1</RelationshipRoleOrdinal>
                                  </parameters>
                                </control>
                              </cell>
                            </row>
                            <row />
                            <row />
                            <row />
                            <row />
                            <row />
                            <row />
                          </rows>
                        </section>
                      </sections>
                    </column>
                    <column width="50%">
                      <sections>
                        <section name="tab_2_section_2" showlabel="true" showbar="false" locklevel="0" id="{03c0a071-2942-9722-8418-2698133de989}" IsUserDefined="0" layout="varwidth" columns="1" labelwidth="115" celllabelalignment="Left" celllabelposition="Left" labelid="{7941f75f-6dd0-47b5-94b5-91c29e8d2815}">
                          <labels>
                            <label description="AVIATION PROFILE" languagecode="1033" />
                            <label description="PROFIL AVIATON" languagecode="1036" />
                          </labels>
                          <rows>
                            <row>
                              <cell id="{e7512641-7422-4182-3c46-8bc8e5195e9b}" showlabel="true" colspan="1" auto="false" rowspan="7" labelid="{c976e61f-9663-44f8-a607-f556e7334451}">
                                <labels>
                                  <label description="AIR OPERATOR TYPE" languagecode="1033" />
                                  <label description="Types d'exploitant aériens" languagecode="1036" />
                                </labels>
                                <control id="AIR_OPERATOR_TYPE_NN" classid="{E7A81278-8635-4d9e-8D4D-59480B391C5B}" indicationOfSubgrid="true" uniqueid="{3a7491c5-22c7-6d04-e05c-73879bc5972c}">
                                  <parameters>
                                    <ViewId>{B07FEE2E-98D2-423B-BB64-381CE482CC19}</ViewId>
                                    <IsUserView>false</IsUserView>
                                    <RelationshipName>ovs_MOCRegistration_ovs_airOperatortype</RelationshipName>
                                    <TargetEntityType>ovs_airoperatortype</TargetEntityType>
                                    <AutoExpand>Fixed</AutoExpand>
                                    <EnableQuickFind>false</EnableQuickFind>
                                    <EnableViewPicker>false</EnableViewPicker>
                                    <ViewIds>{B07FEE2E-98D2-423B-BB64-381CE482CC19}</ViewIds>
                                    <EnableJumpBar>false</EnableJumpBar>
                                    <ChartGridMode>All</ChartGridMode>
                                    <VisualizationId />
                                    <IsUserChart>false</IsUserChart>
                                    <EnableChartPicker>true</EnableChartPicker>
                                    <RecordsPerPage>4</RecordsPerPage>
                                    <HeaderColorCode>#F3F3F3</HeaderColorCode>
                                    <RelationshipRoleOrdinal>2</RelationshipRoleOrdinal>
                                  </parameters>
                                </control>
                              </cell>
                            </row>
                            <row />
                            <row />
                            <row />
                            <row />
                            <row />
                            <row />
                            <row>
                              <cell id="{9d6d5689-8d62-360d-8191-2d62c4843618}" showlabel="true" colspan="1" auto="false" rowspan="7" labelid="{10032a19-d702-4c8c-80d9-c029a254d016}">
                                <labels>
                                  <label description="AIR OPERATOR FUNCTION" languagecode="1033" />
                                  <label description="Fonctions de l'opérateur aérien" languagecode="1036" />
                                </labels>
                                <control id="AIROPERATORFUNCTION_NN" classid="{E7A81278-8635-4d9e-8D4D-59480B391C5B}" indicationOfSubgrid="true">
                                  <parameters>
                                    <ViewId>{570DF2BD-257B-4369-A5C6-F02FA59BA2F1}</ViewId>
                                    <IsUserView>false</IsUserView>
                                    <RelationshipName>ovs_MOCRegistration_ovs_airoperatorfunction</RelationshipName>
                                    <TargetEntityType>ovs_airoperatorfunction</TargetEntityType>
                                    <AutoExpand>Fixed</AutoExpand>
                                    <EnableQuickFind>false</EnableQuickFind>
                                    <EnableViewPicker>false</EnableViewPicker>
                                    <ViewIds>{570DF2BD-257B-4369-A5C6-F02FA59BA2F1}</ViewIds>
                                    <EnableJumpBar>false</EnableJumpBar>
                                    <ChartGridMode>All</ChartGridMode>
                                    <VisualizationId />
                                    <IsUserChart>false</IsUserChart>
                                    <EnableChartPicker>true</EnableChartPicker>
                                    <RecordsPerPage>4</RecordsPerPage>
                                    <HeaderColorCode>#F3F3F3</HeaderColorCode>
                                    <RelationshipRoleOrdinal>2</RelationshipRoleOrdinal>
                                  </parameters>
                                </control>
                              </cell>
                            </row>
                            <row />
                            <row />
                            <row />
                            <row />
                            <row />
                            <row />
                            <row>
                              <cell id="{25c45a5b-55d6-d305-8429-55ea3594300d}" showlabel="true" colspan="1" auto="false" rowspan="7" labelid="{b5976af1-4eeb-4fd6-8d03-40c611078e17}">
                                <labels>
                                  <label description="AIRCRAFT TYPE" languagecode="1033" />
                                  <label description="Types d'aéronefs" languagecode="1036" />
                                </labels>
                                <control id="AIRCRAFTTYPE_NN" classid="{E7A81278-8635-4d9e-8D4D-59480B391C5B}" indicationOfSubgrid="true" uniqueid="{261393b2-72a8-2a96-3981-e8daddabdb0a}">
                                  <parameters>
                                    <ViewId>{88CAEABD-3AD9-475B-91CD-75CE996EDF16}</ViewId>
                                    <IsUserView>false</IsUserView>
                                    <RelationshipName>ovs_MOCRegistration_ovs_aircrafttype</RelationshipName>
                                    <TargetEntityType>ovs_aircrafttype</TargetEntityType>
                                    <AutoExpand>Fixed</AutoExpand>
                                    <EnableQuickFind>false</EnableQuickFind>
                                    <EnableViewPicker>false</EnableViewPicker>
                                    <ViewIds>{88CAEABD-3AD9-475B-91CD-75CE996EDF16}</ViewIds>
                                    <EnableJumpBar>false</EnableJumpBar>
                                    <ChartGridMode>All</ChartGridMode>
                                    <VisualizationId />
                                    <IsUserChart>false</IsUserChart>
                                    <EnableChartPicker>true</EnableChartPicker>
                                    <RecordsPerPage>4</RecordsPerPage>
                                    <HeaderColorCode>#F3F3F3</HeaderColorCode>
                                    <RelationshipRoleOrdinal>2</RelationshipRoleOrdinal>
                                  </parameters>
                                </control>
                              </cell>
                            </row>
                            <row />
                            <row />
                            <row />
                            <row />
                            <row />
                            <row />
                          </rows>
                        </section>
                      </sections>
                    </column>
                  </columns>
                </tab>
                <tab name="tab_5" id="b283af79-9ada-4914-ad65-c432caadce71" IsUserDefined="0" locklevel="0" showlabel="true">
                  <labels>
                    <label description="Documents" languagecode="1033" />
                  </labels>
                  <columns>
                    <column width="100%">
                      <sections>
                        <section name="tab_5_section_1" id="c0bc6f88-b2d2-4c43-97f3-ccac576db679" IsUserDefined="0" locklevel="0" showlabel="false" showbar="false" layout="varwidth" celllabelalignment="Left" celllabelposition="Left" columns="1" labelwidth="115">
                          <labels>
                            <label description="New Section" languagecode="1033" />
                          </labels>
                          <rows>
                            <row>
                              <cell id="{53c5b05e-0431-1647-a87b-ba3d130e0186}" showlabel="false" colspan="1" auto="false" rowspan="6">
                                <labels>
                                  <label description="Attach2Dynamics" languagecode="1033" />
                                </labels>
                                <control id="WebResource_Attach2Dynamics" classid="{9FDF5F91-88B1-47f4-AD53-C11EFC01A01D}">
                                  <parameters>
                                    <Url>ikl_/Attach2Dynamics/Library/index.html</Url>
                                    <PassParameters>true</PassParameters>
                                    <ShowOnMobileClient>true</ShowOnMobileClient>
                                    <Security>false</Security>
                                    <Scrolling>auto</Scrolling>
                                    <Border>true</Border>
                                    <WebResourceId>{AF16C0DE-3904-E911-80D1-00155D060713}</WebResourceId>
                                  </parameters>
                                </control>
                                <events>
                                  <event name="onload" application="false">
                                    <dependencies />
                                  </event>
                                </events>
                              </cell>
                            </row>
                            <row />
                            <row />
                            <row />
                            <row />
                            <row />
                          </rows>
                        </section>
                      </sections>
                    </column>
                  </columns>
                </tab>
              </tabs>
              <header id="{20384781-d055-490c-8deb-ed175a012815}" celllabelposition="Top" columns="111" labelwidth="115" celllabelalignment="Left">
                <rows>
                  <row>
                    <cell id="{0ec1cc72-04a7-9027-1eb6-308330837a50}" showlabel="true" locklevel="0" labelid="{80aef4bc-d17f-437f-87b5-3dc003fda3e6}">
                      <labels>
                        <label description="Owner" languagecode="1033" />
                        <label description="Propriétaire" languagecode="1036" />
                      </labels>
                      <control id="header_ownerid" classid="{270BD3DB-D9AF-4782-9025-509E298DEC0A}" datafieldname="ownerid" disabled="false" />
                    </cell>
                    <cell id="{7602c771-87c0-006c-a3e1-b4ee3cbe67a3}" showlabel="true" locklevel="0" labelid="{3d3953ba-5779-486b-98f9-23e734523742}">
                      <labels>
                        <label description="Site" languagecode="1033" />
                        <label description="Site" languagecode="1036" />
                      </labels>
                      <control id="header_ovs_siteid" classid="{270BD3DB-D9AF-4782-9025-509E298DEC0A}" datafieldname="ovs_siteid" disabled="false" uniqueid="{70c36607-993d-3150-9cdb-06852d5267e7}" />
                    </cell>
                    <cell id="{0da76355-a0d7-4f63-bb54-7b4c740e6244}" showlabel="false" labelid="{df79571b-ad86-486f-a963-59ff31fe139a}">
                      <labels>
                        <label description="" languagecode="1033" />
                      </labels>
                    </cell>
                  </row>
                </rows>
              </header>
              <footer id="{346409d5-19da-4b95-b087-505cec1cf3d2}" celllabelposition="Top" columns="111" labelwidth="115" celllabelalignment="Left">
                <rows>
                  <row>
                    <cell id="{15a52b86-0c43-4da5-93b0-ff2daf7b11ce}" showlabel="false" labelid="{9152d152-31e1-4690-ba20-83fd74cd031e}">
                      <labels>
                        <label description="" languagecode="1033" />
                      </labels>
                    </cell>
                    <cell id="{cae61cf9-8efb-4c15-a5c0-e02aa8df2223}" showlabel="false" labelid="{ea748efc-3fdb-4648-a3ee-1159583e4ea6}">
                      <labels>
                        <label description="" languagecode="1033" />
                      </labels>
                    </cell>
                    <cell id="{bca04bc8-2391-4311-9f1b-ecad12d9bde9}" showlabel="false" labelid="{63102f1e-befc-436f-a1a8-990132730064}">
                      <labels>
                        <label description="" languagecode="1033" />
                      </labels>
                    </cell>
                  </row>
                </rows>
              </footer>
              <Navigation>
                <NavBar />
                <NavBarAreas>
                  <NavBarArea Id="Info">
                    <Titles>
                      <Title LCID="1033" Text="Common" />
                    </Titles>
                  </NavBarArea>
                  <NavBarArea Id="Sales">
                    <Titles>
                      <Title LCID="1033" Text="Sales" />
                    </Titles>
                  </NavBarArea>
                  <NavBarArea Id="Service">
                    <Titles>
                      <Title LCID="1033" Text="Service" />
                    </Titles>
                  </NavBarArea>
                  <NavBarArea Id="Marketing">
                    <Titles>
                      <Title LCID="1033" Text="Marketing" />
                    </Titles>
                  </NavBarArea>
                  <NavBarArea Id="ProcessCenter">
                    <Titles>
                      <Title LCID="1033" Text="Process Sessions" />
                    </Titles>
                  </NavBarArea>
                </NavBarAreas>
              </Navigation>
              <controlDescriptions />
              <formLibraries>
                <Library name="qm_globalHelper.js" libraryUniqueId="{3f1d6e2e-f948-4e84-a9f4-7fa0c0730c9f}" />
                <Library name="fdr_operation_fdr_main.js" libraryUniqueId="{f9c57ae1-ae5b-408c-9a50-f02eba71794d}" />
              </formLibraries>
              <events>
                <event name="onchange" application="true" active="true" attribute="fdr_primarycontact">
                  <Handlers>
                    <Handler functionName="Operation_FDR_main.OnLoad" libraryName="fdr_operation_fdr_main.js" handlerUniqueId="{90ea5c02-2465-4082-978e-693f3d85c61b}" enabled="true" parameters="" passExecutionContext="true" />
                  </Handlers>
                </event>
                <event name="onload" application="true" active="true">
                  <Handlers>
                    <Handler functionName="Operation_FDR_main.OnLoad" libraryName="fdr_operation_fdr_main.js" handlerUniqueId="{dcfe7d59-6126-4cb1-b94b-195dd327bae2}" enabled="true" parameters="" passExecutionContext="true" />
                  </Handlers>
                </event>
              </events>
              <DisplayConditions Order="3" FallbackForm="false">
                <Role Id="{278A7197-D1C0-EC11-983E-0022483DB1C0}" />
                <Role Id="{51CB2F5B-C7AE-EC11-983E-000D3A84ADBC}" />
                <Role Id="{627090ff-40a3-4053-8790-584edc5be201}" />
                <Role Id="{119f245c-3cc8-4b62-b31c-d1a046ced15d}" />
              </DisplayConditions>
            </form>
            <IsCustomizable>1</IsCustomizable>
            <CanBeDeleted>1</CanBeDeleted>
            <LocalizedNames>
              <LocalizedName description="FDR - Operation Form" languagecode="1033" />
            </LocalizedNames>
            <Descriptions>
              <Description description="A form for this entity." languagecode="1033" />
            </Descriptions>
          </systemform>
        </forms>
      </FormXml>
      <RibbonDiffXml>
        <CustomActions>
          <CustomAction Id="ovs.Mscrm.Form.ovs_mocregistration.NewRecord.CustomAction" Location="Mscrm.Form.ovs_mocregistration.MainTab.Save.Controls._children" Sequence="45">
            <CommandUIDefinition>
              <Button Alt="$Resources:Ribbon.HomepageGrid.MainTab.New" Command="Mscrm.NewRecordFromForm" Id="Mscrm.Form.ovs_mocregistration.NewRecord" Image32by32="/_imgs/ribbon/newrecord32.png" Image16by16="/_imgs/ribbon/NewRecord_16.png" LabelText="$LocLabels:Mscrm.Form.ovs_mocregistration.NewRecord.LabelText" Sequence="45" TemplateAlias="o1" ToolTipTitle="$Resources:Ribbon.HomepageGrid.MainTab.New" ToolTipDescription="$Resources(EntityDisplayName):Ribbon.Tooltip.New" ModernImage="New" />
            </CommandUIDefinition>
          </CustomAction>
          <CustomAction Id="ovs.Mscrm.Form.ovs_mocregistration.NewRecordForBPFEntity.CustomAction" Location="Mscrm.Form.ovs_mocregistration.MainTab.Save.Controls._children" Sequence="45">
            <CommandUIDefinition>
              <Button Alt="$Resources:Ribbon.HomepageGrid.MainTab.New" Command="Mscrm.Form.NewRecordForBPFEntity" Id="Mscrm.Form.ovs_mocregistration.NewRecordForBPFEntity" Image32by32="/_imgs/ribbon/newrecord32.png" Image16by16="/_imgs/ribbon/NewRecord_16.png" LabelText="$Resources:Ribbon.HomepageGrid.MainTab.New" Sequence="45" TemplateAlias="o1" ToolTipTitle="$Resources:Ribbon.HomepageGrid.MainTab.New" ToolTipDescription="$Resources(EntityDisplayName):Ribbon.Tooltip.New" ModernImage="New" />
            </CommandUIDefinition>
          </CustomAction>
          <HideCustomAction HideActionId="ovs.Mscrm.SubGrid.ovs_mocregistration.AddExistingAssoc.Hide" Location="Mscrm.SubGrid.ovs_mocregistration.AddExistingAssoc" />
          <CustomAction Id="ovs.Mscrm.SubGrid.ovs_mocregistration.AddExistingStandard.CustomAction" Location="Mscrm.SubGrid.ovs_mocregistration.MainTab.Management.Controls._children" Sequence="30">
            <CommandUIDefinition>
              <Button Alt="$LocLabels:Mscrm.SubGrid.ovs_mocregistration.AddExistingStandard.Alt" Command="" Id="Mscrm.SubGrid.ovs_mocregistration.AddExistingStandard" Image32by32="/_imgs/ribbon/AddExistingStandard_32.png" Image16by16="/_imgs/ribbon/AddExistingStandard_16.png" LabelText="$LocLabels:Mscrm.SubGrid.ovs_mocregistration.AddExistingStandard.LabelText" Sequence="30" TemplateAlias="o1" ToolTipTitle="$LocLabels:Mscrm.SubGrid.ovs_mocregistration.AddExistingStandard.ToolTipTitle" ToolTipDescription="$Resources(EntityDisplayName):Mscrm_SubGrid_EntityLogicalName_MainTab_Management_AddExistingStandard_ToolTipDescription" ModernImage="AddExisting" />
            </CommandUIDefinition>
          </CustomAction>
          <CustomAction Id="ovs.Mscrm.SubGrid.ovs_mocregistration.AddNewStandard.CustomAction" Location="Mscrm.SubGrid.ovs_mocregistration.MainTab.Management.Controls._children" Sequence="20">
            <CommandUIDefinition>
              <Button Alt="$LocLabels:Mscrm.SubGrid.ovs_mocregistration.AddNewStandard.Alt" Command="Mscrm.AddNewRecordFromSubGridStandard" Id="Mscrm.SubGrid.ovs_mocregistration.AddNewStandard" Image32by32="/_imgs/ribbon/newrecord32.png" Image16by16="/_imgs/ribbon/New_16.png" LabelText="$LocLabels:Mscrm.SubGrid.ovs_mocregistration.AddNewStandard.LabelText" Sequence="20" TemplateAlias="o1" ToolTipTitle="$LocLabels:Mscrm.SubGrid.ovs_mocregistration.AddNewStandard.ToolTipTitle" ToolTipDescription="$Resources(EntityDisplayName):Mscrm_SubGrid_EntityLogicalName_MainTab_Management_AddNewStandard_ToolTipDescription" ModernImage="New" />
            </CommandUIDefinition>
          </CustomAction>
        </CustomActions>
        <Templates>
          <RibbonTemplates Id="Mscrm.Templates"></RibbonTemplates>
        </Templates>
        <CommandDefinitions />
        <RuleDefinitions>
          <TabDisplayRules />
          <DisplayRules />
          <EnableRules />
        </RuleDefinitions>
        <LocLabels>
          <LocLabel Id="Mscrm.Form.ovs_mocregistration.NewRecord.LabelText">
            <Titles>
              <Title description="New" languagecode="1033" />
              <Title description="New" languagecode="1036" />
            </Titles>
          </LocLabel>
          <LocLabel Id="Mscrm.SubGrid.ovs_mocregistration.AddExistingStandard.Alt">
            <Titles>
              <Title description="Add Existing {0}" languagecode="1033" />
              <Title description="Ajouter un {0}" languagecode="1036" />
            </Titles>
          </LocLabel>
          <LocLabel Id="Mscrm.SubGrid.ovs_mocregistration.AddExistingStandard.LabelText">
            <Titles>
              <Title description="Add Existing {0}" languagecode="1033" />
              <Title description="Ajouter un {0}" languagecode="1036" />
            </Titles>
          </LocLabel>
          <LocLabel Id="Mscrm.SubGrid.ovs_mocregistration.AddExistingStandard.ToolTipTitle">
            <Titles>
              <Title description="Add Existing​​ {0}" languagecode="1033" />
              <Title description="Ajouter un​​ {0}" languagecode="1036" />
            </Titles>
          </LocLabel>
          <LocLabel Id="Mscrm.SubGrid.ovs_mocregistration.AddNewStandard.Alt">
            <Titles>
              <Title description="Add New {0}" languagecode="1033" />
              <Title description="Nouvelle {0}" languagecode="1036" />
            </Titles>
          </LocLabel>
          <LocLabel Id="Mscrm.SubGrid.ovs_mocregistration.AddNewStandard.LabelText">
            <Titles>
              <Title description="Add New {0}" languagecode="1033" />
              <Title description="Nouvelle {0}" languagecode="1036" />
            </Titles>
          </LocLabel>
          <LocLabel Id="Mscrm.SubGrid.ovs_mocregistration.AddNewStandard.ToolTipTitle">
            <Titles>
              <Title description="Add New {0}" languagecode="1033" />
              <Title description="Nouvelle {0}" languagecode="1036" />
            </Titles>
          </LocLabel>
        </LocLabels>
      </RibbonDiffXml>
    </Entity>
  </Entities>
  <Roles></Roles>
  <Workflows></Workflows>
  <FieldSecurityProfiles></FieldSecurityProfiles>
  <Templates />
  <EntityMaps />
  <EntityRelationships />
  <OrganizationSettings />
  <optionsets />
  <CustomControls />
  <EntityDataProviders />
  <Languages>
    <Language>1033</Language>
    <Language>1036</Language>
  </Languages>
</ImportExportXml>