<ImportExportXml version="9.2.23042.166" SolutionPackageVersion="9.2" languagecode="1033" generatedBy="CrmLive" xmlns:xsi="http://www.w3.org/2001/XMLSchema-instance">
  <SolutionManifest>
    <UniqueName>CID_Flows</UniqueName>
    <LocalizedNames>
      <LocalizedName description="CID.Flows" languagecode="1033" />
    </LocalizedNames>
    <Descriptions />
    <Version>1.0.0.85</Version>
    <Managed>0</Managed>
    <Publisher>
      <UniqueName>CID_Solution</UniqueName>
      <LocalizedNames>
        <LocalizedName description="CID Solution" languagecode="1033" />
        <LocalizedName description="CID Solution" languagecode="1036" />
      </LocalizedNames>
      <Descriptions />
      <EMailAddress xsi:nil="true"></EMailAddress>
      <SupportingWebsiteUrl xsi:nil="true"></SupportingWebsiteUrl>
      <CustomizationPrefix>cid</CustomizationPrefix>
      <CustomizationOptionValuePrefix>10000</CustomizationOptionValuePrefix>
      <Addresses>
        <Address>
          <AddressNumber>1</AddressNumber>
          <AddressTypeCode>1</AddressTypeCode>
          <City xsi:nil="true"></City>
          <County xsi:nil="true"></County>
          <Country xsi:nil="true"></Country>
          <Fax xsi:nil="true"></Fax>
          <FreightTermsCode xsi:nil="true"></FreightTermsCode>
          <ImportSequenceNumber xsi:nil="true"></ImportSequenceNumber>
          <Latitude xsi:nil="true"></Latitude>
          <Line1 xsi:nil="true"></Line1>
          <Line2 xsi:nil="true"></Line2>
          <Line3 xsi:nil="true"></Line3>
          <Longitude xsi:nil="true"></Longitude>
          <Name xsi:nil="true"></Name>
          <PostalCode xsi:nil="true"></PostalCode>
          <PostOfficeBox xsi:nil="true"></PostOfficeBox>
          <PrimaryContactName xsi:nil="true"></PrimaryContactName>
          <ShippingMethodCode>1</ShippingMethodCode>
          <StateOrProvince xsi:nil="true"></StateOrProvince>
          <Telephone1 xsi:nil="true"></Telephone1>
          <Telephone2 xsi:nil="true"></Telephone2>
          <Telephone3 xsi:nil="true"></Telephone3>
          <TimeZoneRuleVersionNumber xsi:nil="true"></TimeZoneRuleVersionNumber>
          <UPSZone xsi:nil="true"></UPSZone>
          <UTCOffset xsi:nil="true"></UTCOffset>
          <UTCConversionTimeZoneCode xsi:nil="true"></UTCConversionTimeZoneCode>
        </Address>
        <Address>
          <AddressNumber>2</AddressNumber>
          <AddressTypeCode>1</AddressTypeCode>
          <City xsi:nil="true"></City>
          <County xsi:nil="true"></County>
          <Country xsi:nil="true"></Country>
          <Fax xsi:nil="true"></Fax>
          <FreightTermsCode xsi:nil="true"></FreightTermsCode>
          <ImportSequenceNumber xsi:nil="true"></ImportSequenceNumber>
          <Latitude xsi:nil="true"></Latitude>
          <Line1 xsi:nil="true"></Line1>
          <Line2 xsi:nil="true"></Line2>
          <Line3 xsi:nil="true"></Line3>
          <Longitude xsi:nil="true"></Longitude>
          <Name xsi:nil="true"></Name>
          <PostalCode xsi:nil="true"></PostalCode>
          <PostOfficeBox xsi:nil="true"></PostOfficeBox>
          <PrimaryContactName xsi:nil="true"></PrimaryContactName>
          <ShippingMethodCode>1</ShippingMethodCode>
          <StateOrProvince xsi:nil="true"></StateOrProvince>
          <Telephone1 xsi:nil="true"></Telephone1>
          <Telephone2 xsi:nil="true"></Telephone2>
          <Telephone3 xsi:nil="true"></Telephone3>
          <TimeZoneRuleVersionNumber xsi:nil="true"></TimeZoneRuleVersionNumber>
          <UPSZone xsi:nil="true"></UPSZone>
          <UTCOffset xsi:nil="true"></UTCOffset>
          <UTCConversionTimeZoneCode xsi:nil="true"></UTCConversionTimeZoneCode>
        </Address>
      </Addresses>
    </Publisher>
    <RootComponents>
      <RootComponent type="29" id="{02cc4aec-66ab-ed11-83ff-0022483d0343}" behavior="0" />
      <RootComponent type="29" id="{1167d04e-122e-ed11-9db0-0022483cb62f}" behavior="0" />
      <RootComponent type="29" id="{2d5439b3-408d-ed11-81ad-0022483d0343}" behavior="0" />
      <RootComponent type="29" id="{31833d74-0cba-ed11-b597-0022483e130e}" behavior="0" />
      <RootComponent type="29" id="{39b01a17-a65d-ed11-9562-0022483d0c87}" behavior="0" />
      <RootComponent type="29" id="{463c7a4b-4155-ed11-9561-0022483d0343}" behavior="0" />
      <RootComponent type="29" id="{4da59ae0-c9a6-ec11-b3fe-0022483c4a6f}" behavior="0" />
      <RootComponent type="29" id="{5ac5c1d0-614b-ed11-bba2-0022483cb62f}" behavior="0" />
      <RootComponent type="29" id="{6c00db04-175a-ed11-9562-0022483d0c87}" behavior="0" />
      <RootComponent type="29" id="{6c5b5dc5-78ce-ed11-a7c6-0022483e130e}" behavior="0" />
      <RootComponent type="29" id="{734f1e4f-122e-ed11-9db0-0022483d0343}" behavior="0" />
      <RootComponent type="29" id="{744f1e4f-122e-ed11-9db0-0022483d0343}" behavior="0" />
      <RootComponent type="29" id="{816db510-4f98-ec11-b3fe-0022483c0c24}" behavior="0" />
      <RootComponent type="29" id="{8cce4e5b-3fa2-ed11-aad1-0022483d0343}" behavior="0" />
      <RootComponent type="29" id="{92e16e50-c435-ed11-9db1-0022483cb62f}" behavior="0" />
      <RootComponent type="29" id="{9cada12d-fe71-ed11-81ac-0022483d0343}" behavior="0" />
      <RootComponent type="29" id="{9e2545ef-2d8e-ed11-aad1-0022483d0343}" behavior="0" />
      <RootComponent type="29" id="{a10c2d29-7db0-ec11-983e-000d3a84adbc}" behavior="0" />
      <RootComponent type="29" id="{ab1ec093-6055-ed11-9561-0022483cb62f}" behavior="0" />
      <RootComponent type="29" id="{add0e2b6-fdc3-ed11-b597-0022483d0343}" behavior="0" />
      <RootComponent type="29" id="{af0197c2-17be-ed11-83ff-0022483e130e}" behavior="0" />
      <RootComponent type="29" id="{bcbdf38e-f7ac-ed11-83ff-0022483e130e}" behavior="0" />
      <RootComponent type="29" id="{c467392f-50bc-ed11-83ff-0022483d0343}" behavior="0" />
      <RootComponent type="29" id="{d089c223-eea6-ec11-b3fe-0022483c4a6f}" behavior="0" />
      <RootComponent type="29" id="{d8d6919a-ce65-ed11-9562-0022483d0c87}" behavior="0" />
      <RootComponent type="29" id="{f49e4ea0-7559-ed11-9562-0022483d0c87}" behavior="0" />
      <RootComponent type="29" id="{f65c211c-1fb7-ed11-b597-0022483e130e}" behavior="0" />
      <RootComponent type="29" id="{ff6ad38f-f8bb-ec11-983f-0022483d62f4}" behavior="0" />
    </RootComponents>
    <MissingDependencies>
      <MissingDependency>
        <Required type="1" schemaName="adx_invitation" displayName="Invitation" solution="MicrosoftPortalBase (9.2.2103.1)">
          <package>CDSBasePortal (9.3.2109.20)</package>
        </Required>
        <Dependent type="29" displayName="CID Send Portal Contact Email by EmailCode" id="{463c7a4b-4155-ed11-9561-0022483d0343}" />
      </MissingDependency>
      <MissingDependency>
        <Required type="1" schemaName="adx_invitation" displayName="Invitation" solution="MicrosoftPortalBase (9.2.2103.1)">
          <package>CDSBasePortal (9.3.2109.20)</package>
        </Required>
        <Dependent type="29" displayName="OnDemand - CID Send Portal Contact Invitations to Portal Users" id="{6c00db04-175a-ed11-9562-0022483d0c87}" />
      </MissingDependency>
      <MissingDependency>
        <Required type="1" schemaName="adx_invitation" displayName="Invitation" solution="MicrosoftPortalBase (9.2.2103.1)">
          <package>CDSBasePortal (9.3.2109.20)</package>
        </Required>
        <Dependent type="29" displayName="CID Portal - Create portal Invitation for new contacts" id="{6c5b5dc5-78ce-ed11-a7c6-0022483e130e}" />
      </MissingDependency>
      <MissingDependency>
        <Required type="1" schemaName="adx_invitation" displayName="Invitation" solution="MicrosoftPortalBase (9.2.2103.1)">
          <package>CDSBasePortal (9.3.2109.20)</package>
        </Required>
        <Dependent type="29" displayName="Account-Delete Invitation on Account Deletion" id="{9e2545ef-2d8e-ed11-aad1-0022483d0343}" />
      </MissingDependency>
      <MissingDependency>
        <Required type="1" schemaName="adx_invitation" displayName="Invitation" solution="MicrosoftPortalBase (9.2.2103.1)">
          <package>CDSBasePortal (9.3.2109.20)</package>
        </Required>
        <Dependent type="29" displayName="CID Portal - Send Email Invitation for Secondary User Registration" id="{ab1ec093-6055-ed11-9561-0022483cb62f}" />
      </MissingDependency>
      <MissingDependency>
        <Required type="1" schemaName="adx_invitation" displayName="Invitation" solution="MicrosoftPortalBase (9.2.2103.1)">
          <package>CDSBasePortal (9.3.2109.20)</package>
        </Required>
        <Dependent type="29" displayName="CID Portal - CID Invitation - Set Expiry Date of Invitation and send S4 2 E mail" id="{add0e2b6-fdc3-ed11-b597-0022483d0343}" />
      </MissingDependency>
      <MissingDependency>
        <Required type="1" schemaName="adx_invitation" displayName="Invitation" solution="MicrosoftPortalBase (9.2.2103.1)">
          <package>CDSBasePortal (9.3.2109.20)</package>
        </Required>
        <Dependent type="29" displayName="CID Update Contact Parent account" id="{f49e4ea0-7559-ed11-9562-0022483d0c87}" />
      </MissingDependency>
      <MissingDependency>
        <Required type="1" schemaName="adx_webrole" displayName="Web Role" solution="MicrosoftPortalDependencies (9.2.2103.0)">
          <package>CDSBasePortal (9.3.2109.20)</package>
        </Required>
        <Dependent type="29" displayName="CID Portal - Create portal Invitation for new contacts" id="{6c5b5dc5-78ce-ed11-a7c6-0022483e130e}" />
      </MissingDependency>
      <MissingDependency>
        <Required type="1" schemaName="cid_annualcomplianceitem" displayName="Annual Compliance Item" solution="Active" />
        <Dependent type="29" displayName="CID Portal - Company Registration Completed" id="{5ac5c1d0-614b-ed11-bba2-0022483cb62f}" />
      </MissingDependency>
      <MissingDependency>
        <Required type="1" schemaName="cid_annualcomplianceitem" displayName="Annual Compliance Item" solution="Active" />
        <Dependent type="29" displayName="CID Portal - Reset Annual Compliance Update info" id="{9cada12d-fe71-ed11-81ac-0022483d0343}" />
      </MissingDependency>
      <MissingDependency>
        <Required type="1" schemaName="cid_audithistorycode" displayName="History Code" solution="Active" />
        <Dependent type="29" displayName="CID Portal - Company deactivation" id="{92e16e50-c435-ed11-9db1-0022483cb62f}" />
      </MissingDependency>
      <MissingDependency>
        <Required type="1" schemaName="cid_audithistorycode" displayName="History Code" solution="Active" />
        <Dependent type="29" displayName="CID Portal - Reset Annual Compliance Update info" id="{9cada12d-fe71-ed11-81ac-0022483d0343}" />
      </MissingDependency>
      <MissingDependency>
        <Required type="1" schemaName="cid_audithistorycode" displayName="History Code" solution="Active" />
        <Dependent type="29" displayName="CID Portal - Site Deactivation" id="{bcbdf38e-f7ac-ed11-83ff-0022483e130e}" />
      </MissingDependency>
      <MissingDependency>
        <Required type="1" schemaName="cid_audithistorylog" displayName="Audit History Log - OLD" solution="Active" />
        <Dependent type="29" displayName="CID Portal - Reset Annual Compliance Update info" id="{9cada12d-fe71-ed11-81ac-0022483d0343}" />
      </MissingDependency>
      <MissingDependency>
        <Required type="1" schemaName="cid_bulkactivitylogsdetails" displayName="Bulk Activity Logs Details" solution="Active" />
        <Dependent type="29" displayName="Start Site Upload Validation" id="{4da59ae0-c9a6-ec11-b3fe-0022483c4a6f}" />
      </MissingDependency>
      <MissingDependency>
        <Required type="1" schemaName="cid_bulkactivitylogsdetails" displayName="Bulk Activity Logs Details" solution="Active" />
        <Dependent type="29" displayName="SCAN File" id="{816db510-4f98-ec11-b3fe-0022483c0c24}" />
      </MissingDependency>
      <MissingDependency>
        <Required type="1" schemaName="cid_bulkactivitylogsdetails" displayName="Bulk Activity Logs Details" solution="Active" />
        <Dependent type="29" displayName="Check_User_Response_To_continue" id="{a10c2d29-7db0-ec11-983e-000d3a84adbc}" />
      </MissingDependency>
      <MissingDependency>
        <Required type="1" schemaName="cid_bulkactivitylogsummary" displayName="Bulk Activity log Summary" solution="Active" />
        <Dependent type="29" displayName="Start Site Upload Validation" id="{4da59ae0-c9a6-ec11-b3fe-0022483c4a6f}" />
      </MissingDependency>
      <MissingDependency>
        <Required type="1" schemaName="cid_bulkactivitylogsummary" displayName="Bulk Activity log Summary" solution="Active" />
        <Dependent type="29" displayName="SCAN File" id="{816db510-4f98-ec11-b3fe-0022483c0c24}" />
      </MissingDependency>
      <MissingDependency>
        <Required type="1" schemaName="cid_bulkactivitylogsummary" displayName="Bulk Activity log Summary" solution="Active" />
        <Dependent type="29" displayName="Check_User_Response_To_continue" id="{a10c2d29-7db0-ec11-983e-000d3a84adbc}" />
      </MissingDependency>
      <MissingDependency>
        <Required type="1" schemaName="cid_bulkactivitylogsummary" displayName="Bulk Activity log Summary" solution="Active" />
        <Dependent type="29" displayName="BulkUpload Initial validation" id="{d089c223-eea6-ec11-b3fe-0022483c4a6f}" />
      </MissingDependency>
      <MissingDependency>
        <Required type="1" schemaName="cid_bulkactivitylogsummary" displayName="Bulk Activity log Summary" solution="Active" />
        <Dependent type="29" displayName="Download Sites Info" id="{ff6ad38f-f8bb-ec11-983f-0022483d62f4}" />
      </MissingDependency>
      <MissingDependency>
        <Required type="1" schemaName="cid_historylog" displayName="History Log" solution="Active" />
        <Dependent type="29" displayName="CID Portal - Company deactivation" id="{92e16e50-c435-ed11-9db1-0022483cb62f}" />
      </MissingDependency>
      <MissingDependency>
        <Required type="1" schemaName="cid_historylog" displayName="History Log" solution="Active" />
        <Dependent type="29" displayName="CID Portal - Site Deactivation" id="{bcbdf38e-f7ac-ed11-83ff-0022483e130e}" />
      </MissingDependency>
      <MissingDependency>
        <Required type="1" schemaName="cid_invitation" displayName="CID Invitation " solution="Active" />
        <Dependent type="29" displayName="CID Portal - Send Email Invitation for Secondary User Registration" id="{ab1ec093-6055-ed11-9561-0022483cb62f}" />
      </MissingDependency>
      <MissingDependency>
        <Required type="1" schemaName="cid_invitation" displayName="CID Invitation " solution="Active" />
        <Dependent type="29" displayName="CID Portal - CID Invitation - Set Expiry Date of Invitation and send S4 2 E mail" id="{add0e2b6-fdc3-ed11-b597-0022483d0343}" />
      </MissingDependency>
      <MissingDependency>
        <Required type="1" schemaName="cid_invitation" displayName="CID Invitation " solution="Active" />
        <Dependent type="29" displayName="CID Portal - CID Invitation - Send email on invitation deactivation" id="{f65c211c-1fb7-ed11-b597-0022483e130e}" />
      </MissingDependency>
      <MissingDependency>
        <Required type="1" schemaName="ovs_primaryclass" displayName="Class/Division" solution="Active" />
        <Dependent type="29" displayName="Start Site Upload Validation" id="{4da59ae0-c9a6-ec11-b3fe-0022483c4a6f}" />
      </MissingDependency>
      <MissingDependency>
        <Required type="1" schemaName="ovs_supportrequest" displayName="Support Request" solution="Active" />
        <Dependent type="29" displayName="CID - Send support request email" id="{c467392f-50bc-ed11-83ff-0022483d0343}" />
      </MissingDependency>
      <MissingDependency>
        <Required type="1" schemaName="qm_environmentsettings" displayName="Environment Settings" solution="Active" />
        <Dependent type="29" displayName="Account - Send  Annual Compliance Reminder - 30 days in advance of anniversary day" id="{1167d04e-122e-ed11-9db0-0022483cb62f}" />
      </MissingDependency>
      <MissingDependency>
        <Required type="1" schemaName="qm_environmentsettings" displayName="Environment Settings" solution="Active" />
        <Dependent type="29" displayName="Account - Send  Annual Compliance Completion Email" id="{39b01a17-a65d-ed11-9562-0022483d0c87}" />
      </MissingDependency>
      <MissingDependency>
        <Required type="1" schemaName="qm_environmentsettings" displayName="Environment Settings" solution="Active" />
        <Dependent type="29" displayName="CID Send Portal Contact Email by EmailCode" id="{463c7a4b-4155-ed11-9561-0022483d0343}" />
      </MissingDependency>
      <MissingDependency>
        <Required type="1" schemaName="qm_environmentsettings" displayName="Environment Settings" solution="Active" />
        <Dependent type="29" displayName="Start Site Upload Validation" id="{4da59ae0-c9a6-ec11-b3fe-0022483c4a6f}" />
      </MissingDependency>
      <MissingDependency>
        <Required type="1" schemaName="qm_environmentsettings" displayName="Environment Settings" solution="Active" />
        <Dependent type="29" displayName="CID Portal - Company Registration Completed" id="{5ac5c1d0-614b-ed11-bba2-0022483cb62f}" />
      </MissingDependency>
      <MissingDependency>
        <Required type="1" schemaName="qm_environmentsettings" displayName="Environment Settings" solution="Active" />
        <Dependent type="29" displayName="Account - Send  Annual Compliance Reminder - 15 days after anniversary day" id="{734f1e4f-122e-ed11-9db0-0022483d0343}" />
      </MissingDependency>
      <MissingDependency>
        <Required type="1" schemaName="qm_environmentsettings" displayName="Environment Settings" solution="Active" />
        <Dependent type="29" displayName="Account - Send  Annual Compliance Reminder - 30 days after anniversary day" id="{744f1e4f-122e-ed11-9db0-0022483d0343}" />
      </MissingDependency>
      <MissingDependency>
        <Required type="1" schemaName="qm_environmentsettings" displayName="Environment Settings" solution="Active" />
        <Dependent type="29" displayName="CID Portal - Send Email Invitation for Secondary User Registration" id="{ab1ec093-6055-ed11-9561-0022483cb62f}" />
      </MissingDependency>
      <MissingDependency>
        <Required type="1" schemaName="qm_environmentsettings" displayName="Environment Settings" solution="Active" />
        <Dependent type="29" displayName="CID - Send support request email" id="{c467392f-50bc-ed11-83ff-0022483d0343}" />
      </MissingDependency>
      <MissingDependency>
        <Required type="1" schemaName="qm_environmentsettings" displayName="Environment Settings" solution="Active" />
        <Dependent type="29" displayName="BulkUpload Initial validation" id="{d089c223-eea6-ec11-b3fe-0022483c4a6f}" />
      </MissingDependency>
      <MissingDependency>
        <Required type="1" schemaName="qm_environmentsettings" displayName="Environment Settings" solution="Active" />
        <Dependent type="29" displayName="CID Update Contact Parent account" id="{f49e4ea0-7559-ed11-9562-0022483d0c87}" />
      </MissingDependency>
      <MissingDependency>
        <Required type="1" schemaName="qm_environmentsettings" displayName="Environment Settings" solution="Active" />
        <Dependent type="29" displayName="CID Portal - CID Invitation - Send email on invitation deactivation" id="{f65c211c-1fb7-ed11-b597-0022483e130e}" />
      </MissingDependency>
      <MissingDependency>
        <Required type="1" schemaName="qm_environmentsettings" displayName="Environment Settings" solution="Active" />
        <Dependent type="29" displayName="Download Sites Info" id="{ff6ad38f-f8bb-ec11-983f-0022483d62f4}" />
      </MissingDependency>
      <MissingDependency>
        <Required type="2" schemaName="cid_annualcompliancecompletiondate" displayName="Completion Date of the Previous Annual Compliance" parentSchemaName="account" parentDisplayName="Account" solution="Active" />
        <Dependent type="29" displayName="Account - Send  Annual Compliance Completion Email" id="{39b01a17-a65d-ed11-9562-0022483d0c87}" />
      </MissingDependency>
      <MissingDependency>
        <Required type="2" schemaName="cid_annualcompliancecompletiondate" displayName="Completion Date of the Previous Annual Compliance" parentSchemaName="account" parentDisplayName="Account" solution="Active" />
        <Dependent type="29" displayName="CID Portal - Reset Annual Compliance Update info" id="{9cada12d-fe71-ed11-81ac-0022483d0343}" />
      </MissingDependency>
      <MissingDependency>
        <Required type="2" schemaName="cid_cidsitestatus" displayName="Site Status" parentSchemaName="account" parentDisplayName="Account" solution="Active" />
        <Dependent type="29" displayName="CID Portal - Site Deactivation" id="{bcbdf38e-f7ac-ed11-83ff-0022483e130e}" />
      </MissingDependency>
      <MissingDependency>
        <Required type="2" schemaName="cid_registrationasof" displayName="Registration As Of" parentSchemaName="account" parentDisplayName="Account" solution="Active" />
        <Dependent type="29" displayName="CID Portal - Company Registration Completed" id="{5ac5c1d0-614b-ed11-bba2-0022483cb62f}" />
      </MissingDependency>
      <MissingDependency>
        <Required type="2" schemaName="ovs_lld_meridian" displayName="Meridian" parentSchemaName="account" parentDisplayName="Account" solution="Active" />
        <Dependent type="29" displayName="CID - Convert LLD Address To LatLong and Province" id="{8cce4e5b-3fa2-ed11-aad1-0022483d0343}" />
      </MissingDependency>
      <MissingDependency>
        <Required type="2" schemaName="ovs_lld_quarter" displayName="Quarter / LSD" parentSchemaName="account" parentDisplayName="Account" solution="Active" />
        <Dependent type="29" displayName="CID - Convert LLD Address To LatLong and Province" id="{8cce4e5b-3fa2-ed11-aad1-0022483d0343}" />
      </MissingDependency>
      <MissingDependency>
        <Required type="2" schemaName="ovs_lld_range" displayName="Range" parentSchemaName="account" parentDisplayName="Account" solution="Active" />
        <Dependent type="29" displayName="CID - Convert LLD Address To LatLong and Province" id="{8cce4e5b-3fa2-ed11-aad1-0022483d0343}" />
      </MissingDependency>
      <MissingDependency>
        <Required type="2" schemaName="ovs_lld_section" displayName="Section" parentSchemaName="account" parentDisplayName="Account" solution="Active" />
        <Dependent type="29" displayName="CID - Convert LLD Address To LatLong and Province" id="{8cce4e5b-3fa2-ed11-aad1-0022483d0343}" />
      </MissingDependency>
      <MissingDependency>
        <Required type="2" schemaName="ovs_lld_township" displayName="Township" parentSchemaName="account" parentDisplayName="Account" solution="Active" />
        <Dependent type="29" displayName="CID - Convert LLD Address To LatLong and Province" id="{8cce4e5b-3fa2-ed11-aad1-0022483d0343}" />
      </MissingDependency>
      <MissingDependency>
        <Required type="2" schemaName="cid_detailedvalidationstarttime" displayName="Detailed Validation Start Time" parentSchemaName="cid_bulkactivitylogsummary" parentDisplayName="Bulk Activity log Summary" solution="Active" />
        <Dependent type="29" displayName="Start Site Upload Validation" id="{4da59ae0-c9a6-ec11-b3fe-0022483c4a6f}" />
      </MissingDependency>
      <MissingDependency>
        <Required type="connectionreference" displayName="tdg_ConnectionReferenceDataverseLegacyServicePrinciple" solution="Active" id.connectionreferencelogicalname="tdg_ConnectionReferenceDataverseLegacyServicePrinciple" />
        <Dependent type="29" displayName="CID Portal - Company deactivation" id="{92e16e50-c435-ed11-9db1-0022483cb62f}" />
      </MissingDependency>
      <MissingDependency>
        <Required type="connectionreference" displayName="tdg_ConnectionReferenceDataverseServicePrinciple" solution="Active" id.connectionreferencelogicalname="tdg_ConnectionReferenceDataverseServicePrinciple" />
        <Dependent type="29" displayName="Account - Send  Annual Compliance Reminder - 30 days in advance of anniversary day" id="{1167d04e-122e-ed11-9db0-0022483cb62f}" />
      </MissingDependency>
      <MissingDependency>
        <Required type="connectionreference" displayName="tdg_ConnectionReferenceDataverseServicePrinciple" solution="Active" id.connectionreferencelogicalname="tdg_ConnectionReferenceDataverseServicePrinciple" />
        <Dependent type="29" displayName="CID - get Latitud and Longtitude Province " id="{31833d74-0cba-ed11-b597-0022483e130e}" />
      </MissingDependency>
      <MissingDependency>
        <Required type="connectionreference" displayName="tdg_ConnectionReferenceDataverseServicePrinciple" solution="Active" id.connectionreferencelogicalname="tdg_ConnectionReferenceDataverseServicePrinciple" />
        <Dependent type="29" displayName="Account - Send  Annual Compliance Completion Email" id="{39b01a17-a65d-ed11-9562-0022483d0c87}" />
      </MissingDependency>
      <MissingDependency>
        <Required type="connectionreference" displayName="tdg_ConnectionReferenceDataverseServicePrinciple" solution="Active" id.connectionreferencelogicalname="tdg_ConnectionReferenceDataverseServicePrinciple" />
        <Dependent type="29" displayName="CID Send Portal Contact Email by EmailCode" id="{463c7a4b-4155-ed11-9561-0022483d0343}" />
      </MissingDependency>
      <MissingDependency>
        <Required type="connectionreference" displayName="tdg_ConnectionReferenceDataverseServicePrinciple" solution="Active" id.connectionreferencelogicalname="tdg_ConnectionReferenceDataverseServicePrinciple" />
        <Dependent type="29" displayName="Start Site Upload Validation" id="{4da59ae0-c9a6-ec11-b3fe-0022483c4a6f}" />
      </MissingDependency>
      <MissingDependency>
        <Required type="connectionreference" displayName="tdg_ConnectionReferenceDataverseServicePrinciple" solution="Active" id.connectionreferencelogicalname="tdg_ConnectionReferenceDataverseServicePrinciple" />
        <Dependent type="29" displayName="CID Portal - Company Registration Completed" id="{5ac5c1d0-614b-ed11-bba2-0022483cb62f}" />
      </MissingDependency>
      <MissingDependency>
        <Required type="connectionreference" displayName="tdg_ConnectionReferenceDataverseServicePrinciple" solution="Active" id.connectionreferencelogicalname="tdg_ConnectionReferenceDataverseServicePrinciple" />
        <Dependent type="29" displayName="OnDemand - CID Send Portal Contact Invitations to Portal Users" id="{6c00db04-175a-ed11-9562-0022483d0c87}" />
      </MissingDependency>
      <MissingDependency>
        <Required type="connectionreference" displayName="tdg_ConnectionReferenceDataverseServicePrinciple" solution="Active" id.connectionreferencelogicalname="tdg_ConnectionReferenceDataverseServicePrinciple" />
        <Dependent type="29" displayName="Account - Send  Annual Compliance Reminder - 15 days after anniversary day" id="{734f1e4f-122e-ed11-9db0-0022483d0343}" />
      </MissingDependency>
      <MissingDependency>
        <Required type="connectionreference" displayName="tdg_ConnectionReferenceDataverseServicePrinciple" solution="Active" id.connectionreferencelogicalname="tdg_ConnectionReferenceDataverseServicePrinciple" />
        <Dependent type="29" displayName="Account - Send  Annual Compliance Reminder - 30 days after anniversary day" id="{744f1e4f-122e-ed11-9db0-0022483d0343}" />
      </MissingDependency>
      <MissingDependency>
        <Required type="connectionreference" displayName="tdg_ConnectionReferenceDataverseServicePrinciple" solution="Active" id.connectionreferencelogicalname="tdg_ConnectionReferenceDataverseServicePrinciple" />
        <Dependent type="29" displayName="SCAN File" id="{816db510-4f98-ec11-b3fe-0022483c0c24}" />
      </MissingDependency>
      <MissingDependency>
        <Required type="connectionreference" displayName="tdg_ConnectionReferenceDataverseServicePrinciple" solution="Active" id.connectionreferencelogicalname="tdg_ConnectionReferenceDataverseServicePrinciple" />
        <Dependent type="29" displayName="CID - Convert LLD Address To LatLong and Province" id="{8cce4e5b-3fa2-ed11-aad1-0022483d0343}" />
      </MissingDependency>
      <MissingDependency>
        <Required type="connectionreference" displayName="tdg_ConnectionReferenceDataverseServicePrinciple" solution="Active" id.connectionreferencelogicalname="tdg_ConnectionReferenceDataverseServicePrinciple" />
        <Dependent type="29" displayName="CID Portal - Company deactivation" id="{92e16e50-c435-ed11-9db1-0022483cb62f}" />
      </MissingDependency>
      <MissingDependency>
        <Required type="connectionreference" displayName="tdg_ConnectionReferenceDataverseServicePrinciple" solution="Active" id.connectionreferencelogicalname="tdg_ConnectionReferenceDataverseServicePrinciple" />
        <Dependent type="29" displayName="CID Portal - Reset Annual Compliance Update info" id="{9cada12d-fe71-ed11-81ac-0022483d0343}" />
      </MissingDependency>
      <MissingDependency>
        <Required type="connectionreference" displayName="tdg_ConnectionReferenceDataverseServicePrinciple" solution="Active" id.connectionreferencelogicalname="tdg_ConnectionReferenceDataverseServicePrinciple" />
        <Dependent type="29" displayName="Check_User_Response_To_continue" id="{a10c2d29-7db0-ec11-983e-000d3a84adbc}" />
      </MissingDependency>
      <MissingDependency>
        <Required type="connectionreference" displayName="tdg_ConnectionReferenceDataverseServicePrinciple" solution="Active" id.connectionreferencelogicalname="tdg_ConnectionReferenceDataverseServicePrinciple" />
        <Dependent type="29" displayName="CID Portal - Send Email Invitation for Secondary User Registration" id="{ab1ec093-6055-ed11-9561-0022483cb62f}" />
      </MissingDependency>
      <MissingDependency>
        <Required type="connectionreference" displayName="tdg_ConnectionReferenceDataverseServicePrinciple" solution="Active" id.connectionreferencelogicalname="tdg_ConnectionReferenceDataverseServicePrinciple" />
        <Dependent type="29" displayName="CID Portal - Site Deactivation" id="{bcbdf38e-f7ac-ed11-83ff-0022483e130e}" />
      </MissingDependency>
      <MissingDependency>
        <Required type="connectionreference" displayName="tdg_ConnectionReferenceDataverseServicePrinciple" solution="Active" id.connectionreferencelogicalname="tdg_ConnectionReferenceDataverseServicePrinciple" />
        <Dependent type="29" displayName="CID - Send support request email" id="{c467392f-50bc-ed11-83ff-0022483d0343}" />
      </MissingDependency>
      <MissingDependency>
        <Required type="connectionreference" displayName="tdg_ConnectionReferenceDataverseServicePrinciple" solution="Active" id.connectionreferencelogicalname="tdg_ConnectionReferenceDataverseServicePrinciple" />
        <Dependent type="29" displayName="BulkUpload Initial validation" id="{d089c223-eea6-ec11-b3fe-0022483c4a6f}" />
      </MissingDependency>
      <MissingDependency>
        <Required type="connectionreference" displayName="tdg_ConnectionReferenceDataverseServicePrinciple" solution="Active" id.connectionreferencelogicalname="tdg_ConnectionReferenceDataverseServicePrinciple" />
        <Dependent type="29" displayName="CID Portal -  Email Contact when Information is changed" id="{d8d6919a-ce65-ed11-9562-0022483d0c87}" />
      </MissingDependency>
      <MissingDependency>
        <Required type="connectionreference" displayName="tdg_ConnectionReferenceDataverseServicePrinciple" solution="Active" id.connectionreferencelogicalname="tdg_ConnectionReferenceDataverseServicePrinciple" />
        <Dependent type="29" displayName="CID Update Contact Parent account" id="{f49e4ea0-7559-ed11-9562-0022483d0c87}" />
      </MissingDependency>
      <MissingDependency>
        <Required type="connectionreference" displayName="tdg_ConnectionReferenceDataverseServicePrinciple" solution="Active" id.connectionreferencelogicalname="tdg_ConnectionReferenceDataverseServicePrinciple" />
        <Dependent type="29" displayName="CID Portal - CID Invitation - Send email on invitation deactivation" id="{f65c211c-1fb7-ed11-b597-0022483e130e}" />
      </MissingDependency>
      <MissingDependency>
        <Required type="connectionreference" displayName="tdg_ConnectionReferenceDataverseServicePrinciple" solution="Active" id.connectionreferencelogicalname="tdg_ConnectionReferenceDataverseServicePrinciple" />
        <Dependent type="29" displayName="Download Sites Info" id="{ff6ad38f-f8bb-ec11-983f-0022483d62f4}" />
      </MissingDependency>
      <MissingDependency>
        <Required type="connectionreference" displayName="tdg_ConnectionReferenceExcelTDGCoreUser" solution="Active" id.connectionreferencelogicalname="tdg_ConnectionReferenceExcelTDGCoreUser" />
        <Dependent type="29" displayName="BulkUpload Initial validation" id="{d089c223-eea6-ec11-b3fe-0022483c4a6f}" />
      </MissingDependency>
      <MissingDependency>
        <Required type="connectionreference" displayName="tdg_ConnectionReferenceExcelTDGCoreUser" solution="Active" id.connectionreferencelogicalname="tdg_ConnectionReferenceExcelTDGCoreUser" />
        <Dependent type="29" displayName="Download Sites Info" id="{ff6ad38f-f8bb-ec11-983f-0022483d62f4}" />
      </MissingDependency>
      <MissingDependency>
        <Required type="connectionreference" displayName="tdg_ConnectionReferenceOutlookTDGCoreUser" solution="Active" id.connectionreferencelogicalname="tdg_ConnectionReferenceOutlookTDGCoreUser" />
        <Dependent type="29" displayName="Start Site Upload Validation" id="{4da59ae0-c9a6-ec11-b3fe-0022483c4a6f}" />
      </MissingDependency>
      <MissingDependency>
        <Required type="connectionreference" displayName="tdg_ConnectionReferenceOutlookTDGCoreUser" solution="Active" id.connectionreferencelogicalname="tdg_ConnectionReferenceOutlookTDGCoreUser" />
        <Dependent type="29" displayName="CID - Send support request email" id="{c467392f-50bc-ed11-83ff-0022483d0343}" />
      </MissingDependency>
      <MissingDependency>
        <Required type="connectionreference" displayName="tdg_ConnectionReferenceOutlookTDGCoreUser" solution="Active" id.connectionreferencelogicalname="tdg_ConnectionReferenceOutlookTDGCoreUser" />
        <Dependent type="29" displayName="CID Portal -  Email Contact when Information is changed" id="{d8d6919a-ce65-ed11-9562-0022483d0c87}" />
      </MissingDependency>
      <MissingDependency>
        <Required type="connectionreference" displayName="tdg_ConnectionReferenceSharepointTDGCoreUser" solution="Active" id.connectionreferencelogicalname="tdg_ConnectionReferenceSharepointTDGCoreUser" />
        <Dependent type="29" displayName="BulkUpload Initial validation" id="{d089c223-eea6-ec11-b3fe-0022483c4a6f}" />
      </MissingDependency>
      <MissingDependency>
        <Required type="connectionreference" displayName="tdg_ConnectionReferenceSharepointTDGCoreUser" solution="Active" id.connectionreferencelogicalname="tdg_ConnectionReferenceSharepointTDGCoreUser" />
        <Dependent type="29" displayName="Download Sites Info" id="{ff6ad38f-f8bb-ec11-983f-0022483d62f4}" />
      </MissingDependency>
    </MissingDependencies>
  </SolutionManifest>
</ImportExportXml>