<ImportExportXml version="9.2.24052.170" SolutionPackageVersion="9.2" languagecode="1033" generatedBy="CrmLive" xmlns:xsi="http://www.w3.org/2001/XMLSchema-instance">
  <SolutionManifest>
    <UniqueName>TC_GlobalCore_Patch_735df51f</UniqueName>
    <LocalizedNames>
      <LocalizedName description="TDG Core Schema" languagecode="1033" />
    </LocalizedNames>
    <Descriptions>
      <Description description="Patch for TDG Core Schema" languagecode="1033" />
    </Descriptions>
    <ParentUniqueName>TC_GlobalCore</ParentUniqueName>
    <Version>1.163.26.0</Version>
    <Managed>0</Managed>
    <Publisher>
      <UniqueName>oversightpublisher</UniqueName>
      <LocalizedNames>
        <LocalizedName description="Oversight" languagecode="1033" />
      </LocalizedNames>
      <Descriptions>
        <Description description="This is the common solution for AvSec Inspection and TDG Inspection." languagecode="1033" />
      </Descriptions>
      <EMailAddress xsi:nil="true"></EMailAddress>
      <SupportingWebsiteUrl xsi:nil="true"></SupportingWebsiteUrl>
      <CustomizationPrefix>ovs</CustomizationPrefix>
      <CustomizationOptionValuePrefix>91864</CustomizationOptionValuePrefix>
      <Addresses>
        <Address>
          <AddressNumber>1</AddressNumber>
          <AddressTypeCode>1</AddressTypeCode>
          <City xsi:nil="true"></City>
          <County xsi:nil="true"></County>
          <Country xsi:nil="true"></Country>
          <Fax xsi:nil="true"></Fax>
          <FreightTermsCode xsi:nil="true"></FreightTermsCode>
          <ImportSequenceNumber xsi:nil="true"></ImportSequenceNumber>
          <Latitude xsi:nil="true"></Latitude>
          <Line1 xsi:nil="true"></Line1>
          <Line2 xsi:nil="true"></Line2>
          <Line3 xsi:nil="true"></Line3>
          <Longitude xsi:nil="true"></Longitude>
          <Name xsi:nil="true"></Name>
          <PostalCode xsi:nil="true"></PostalCode>
          <PostOfficeBox xsi:nil="true"></PostOfficeBox>
          <PrimaryContactName xsi:nil="true"></PrimaryContactName>
          <ShippingMethodCode>1</ShippingMethodCode>
          <StateOrProvince xsi:nil="true"></StateOrProvince>
          <Telephone1 xsi:nil="true"></Telephone1>
          <Telephone2 xsi:nil="true"></Telephone2>
          <Telephone3 xsi:nil="true"></Telephone3>
          <TimeZoneRuleVersionNumber xsi:nil="true"></TimeZoneRuleVersionNumber>
          <UPSZone xsi:nil="true"></UPSZone>
          <UTCOffset xsi:nil="true"></UTCOffset>
          <UTCConversionTimeZoneCode xsi:nil="true"></UTCConversionTimeZoneCode>
        </Address>
        <Address>
          <AddressNumber>2</AddressNumber>
          <AddressTypeCode>1</AddressTypeCode>
          <City xsi:nil="true"></City>
          <County xsi:nil="true"></County>
          <Country xsi:nil="true"></Country>
          <Fax xsi:nil="true"></Fax>
          <FreightTermsCode xsi:nil="true"></FreightTermsCode>
          <ImportSequenceNumber xsi:nil="true"></ImportSequenceNumber>
          <Latitude xsi:nil="true"></Latitude>
          <Line1 xsi:nil="true"></Line1>
          <Line2 xsi:nil="true"></Line2>
          <Line3 xsi:nil="true"></Line3>
          <Longitude xsi:nil="true"></Longitude>
          <Name xsi:nil="true"></Name>
          <PostalCode xsi:nil="true"></PostalCode>
          <PostOfficeBox xsi:nil="true"></PostOfficeBox>
          <PrimaryContactName xsi:nil="true"></PrimaryContactName>
          <ShippingMethodCode>1</ShippingMethodCode>
          <StateOrProvince xsi:nil="true"></StateOrProvince>
          <Telephone1 xsi:nil="true"></Telephone1>
          <Telephone2 xsi:nil="true"></Telephone2>
          <Telephone3 xsi:nil="true"></Telephone3>
          <TimeZoneRuleVersionNumber xsi:nil="true"></TimeZoneRuleVersionNumber>
          <UPSZone xsi:nil="true"></UPSZone>
          <UTCOffset xsi:nil="true"></UTCOffset>
          <UTCConversionTimeZoneCode xsi:nil="true"></UTCConversionTimeZoneCode>
        </Address>
      </Addresses>
    </Publisher>
    <RootComponents>
      <RootComponent type="1" schemaName="account" behavior="1" />
      <RootComponent type="1" schemaName="ovs_incident" behavior="1" />
      <RootComponent type="9" schemaName="crs_impact" behavior="0" />
      <RootComponent type="9" schemaName="ovs_invite_status" behavior="0" />
      <RootComponent type="9" schemaName="ovs_scope" behavior="0" />
      <RootComponent type="61" schemaName="ovs_CRS_account_main.js" behavior="0" />
      <RootComponent type="61" schemaName="ovs_CRS_account_site.js" behavior="0" />
      <RootComponent type="61" schemaName="ovs_Incident_MainForm.js" behavior="0" />
      <RootComponent type="80" schemaName="crs_TDGIncidents" behavior="0" />
    </RootComponents>
    <MissingDependencies>
      <MissingDependency>
        <Required type="1" schemaName="fdr_servicerequest" displayName="Service Request" solution="Active" />
        <Dependent type="60" displayName="DGAIS Organization" parentDisplayName="Account" id="{6cfff89f-351c-ef11-840a-6045bd614ecd}" />
      </MissingDependency>
      <MissingDependency>
        <Required type="1" schemaName="fdr_servicerequest" displayName="Service Request" solution="Active" />
        <Dependent type="60" displayName="CRS Organization" parentDisplayName="Account" id="{913bf6bd-a463-ee11-8df0-0022483d0343}" />
      </MissingDependency>
      <MissingDependency>
        <Required type="1" schemaName="msdyn_agreement" displayName="Agreement" solution="FieldService (8.8.0.88)">
          <package>FieldService_Anchor (8.8.117.32)</package>
        </Required>
        <Dependent type="80" schemaName="crs_TDGIncidents" displayName="TDG Incidents / Incidents TMD" />
      </MissingDependency>
      <MissingDependency>
        <Required type="1" schemaName="msdyn_agreementbookingsetup" displayName="Agreement Booking Setup" solution="FieldService (8.8.0.88)">
          <package>FieldService_Anchor (8.8.117.32)</package>
        </Required>
        <Dependent type="80" schemaName="crs_TDGIncidents" displayName="TDG Incidents / Incidents TMD" />
      </MissingDependency>
      <MissingDependency>
        <Required type="1" schemaName="msdyn_agreementinvoicesetup" displayName="Agreement Invoice Setup" solution="FieldService (8.8.0.88)">
          <package>FieldService_Anchor (8.8.117.32)</package>
        </Required>
        <Dependent type="80" schemaName="crs_TDGIncidents" displayName="TDG Incidents / Incidents TMD" />
      </MissingDependency>
      <MissingDependency>
        <Required type="1" schemaName="msdyn_bpf_baa0a411a239410cb8bded8b5fdd88e3" displayName="Agreement Business Process" solution="FieldService (8.8.0.88)">
          <package>FieldService_Anchor (8.8.117.32)</package>
        </Required>
        <Dependent type="80" schemaName="crs_TDGIncidents" displayName="TDG Incidents / Incidents TMD" />
      </MissingDependency>
      <MissingDependency>
        <Required type="1" schemaName="ovs_cdnop" displayName="NOP" solution="Active" />
        <Dependent type="80" schemaName="crs_TDGIncidents" displayName="TDG Incidents / Incidents TMD" />
      </MissingDependency>
      <MissingDependency>
        <Required type="1" schemaName="ovs_incident" displayName="Incident" solution="Active" />
        <Dependent type="1" schemaName="ovs_incident" displayName="Incident" />
      </MissingDependency>
      <MissingDependency>
        <Required type="1" schemaName="ovs_mocregistration" displayName="Operation" solution="Active" />
        <Dependent type="60" displayName="DGAIS Site Profile" parentDisplayName="Account" id="{8e8ef593-361c-ef11-840a-000d3a0c4626}" />
      </MissingDependency>
      <MissingDependency>
        <Required type="1" schemaName="ovs_mocregistration" displayName="Operation" solution="Active" />
        <Dependent type="60" displayName="CRS Site Profile" parentDisplayName="Account" id="{a337ae25-a663-ee11-8df0-0022483d0343}" />
      </MissingDependency>
      <MissingDependency>
        <Required type="1" schemaName="ovs_nopprocessflow" displayName="NOP Process Flow" solution="Active" />
        <Dependent type="80" schemaName="crs_TDGIncidents" displayName="TDG Incidents / Incidents TMD" />
      </MissingDependency>
      <MissingDependency>
        <Required type="1" schemaName="ovs_organization_contact" displayName="Organization Contact" solution="Active" />
        <Dependent type="60" displayName="DGAIS Organization" parentDisplayName="Account" id="{6cfff89f-351c-ef11-840a-6045bd614ecd}" />
      </MissingDependency>
      <MissingDependency>
        <Required type="1" schemaName="ovs_organization_contact" displayName="Organization Contact" solution="Active" />
        <Dependent type="60" displayName="CRS Organization" parentDisplayName="Account" id="{913bf6bd-a463-ee11-8df0-0022483d0343}" />
      </MissingDependency>
      <MissingDependency>
        <Required type="1" schemaName="ovs_organization_contact" displayName="Organization Contact" solution="Active" />
        <Dependent type="80" schemaName="crs_TDGIncidents" displayName="TDG Incidents / Incidents TMD" />
      </MissingDependency>
      <MissingDependency>
        <Required type="1" schemaName="ovs_organization_manufacturer" displayName="Organization Manufacturer" solution="Active" />
        <Dependent type="60" displayName="DGAIS Organization" parentDisplayName="Account" id="{6cfff89f-351c-ef11-840a-6045bd614ecd}" />
      </MissingDependency>
      <MissingDependency>
        <Required type="1" schemaName="ovs_organization_manufacturer" displayName="Organization Manufacturer" solution="Active" />
        <Dependent type="60" displayName="CRS Organization" parentDisplayName="Account" id="{913bf6bd-a463-ee11-8df0-0022483d0343}" />
      </MissingDependency>
      <MissingDependency>
        <Required type="1" schemaName="ovs_organization_naics_code" displayName="Organization NAICS Code" solution="Active" />
        <Dependent type="60" displayName="DGAIS Organization" parentDisplayName="Account" id="{6cfff89f-351c-ef11-840a-6045bd614ecd}" />
      </MissingDependency>
      <MissingDependency>
        <Required type="1" schemaName="ovs_organization_naics_code" displayName="Organization NAICS Code" solution="Active" />
        <Dependent type="60" displayName="CRS Organization" parentDisplayName="Account" id="{913bf6bd-a463-ee11-8df0-0022483d0343}" />
      </MissingDependency>
      <MissingDependency>
        <Required type="1" schemaName="ovs_registration" displayName="Registration" solution="Active" />
        <Dependent type="60" displayName="DGAIS Organization" parentDisplayName="Account" id="{6cfff89f-351c-ef11-840a-6045bd614ecd}" />
      </MissingDependency>
      <MissingDependency>
        <Required type="1" schemaName="ovs_registration" displayName="Registration" solution="Active" />
        <Dependent type="60" displayName="CRS Organization" parentDisplayName="Account" id="{913bf6bd-a463-ee11-8df0-0022483d0343}" />
      </MissingDependency>
      <MissingDependency>
        <Required type="1" schemaName="ovs_sds" displayName="Safety Data Sheet" solution="Active" />
        <Dependent type="60" displayName="DGAIS Organization" parentDisplayName="Account" id="{6cfff89f-351c-ef11-840a-6045bd614ecd}" />
      </MissingDependency>
      <MissingDependency>
        <Required type="1" schemaName="ovs_sds" displayName="Safety Data Sheet" solution="Active" />
        <Dependent type="60" displayName="CRS Organization" parentDisplayName="Account" id="{913bf6bd-a463-ee11-8df0-0022483d0343}" />
      </MissingDependency>
      <MissingDependency>
        <Required type="10" schemaName="fdr_ServiceRequest_Site" displayName="fdr_ServiceRequest_Site" parentSchemaName="account" parentDisplayName="Account" solution="Active" />
        <Dependent type="60" displayName="DGAIS Organization" parentDisplayName="Account" id="{6cfff89f-351c-ef11-840a-6045bd614ecd}" />
      </MissingDependency>
      <MissingDependency>
        <Required type="10" schemaName="fdr_ServiceRequest_Site" displayName="fdr_ServiceRequest_Site" parentSchemaName="account" parentDisplayName="Account" solution="Active" />
        <Dependent type="60" displayName="CRS Organization" parentDisplayName="Account" id="{913bf6bd-a463-ee11-8df0-0022483d0343}" />
      </MissingDependency>
      <MissingDependency>
        <Required type="10" schemaName="msdyn_account_account_BillingAccount" displayName="msdyn_account_account_BillingAccount" parentSchemaName="account" parentDisplayName="Account" solution="FieldServiceCommon (1.0.0.882)">
          <package>FieldService_Anchor (8.8.117.32)</package>
        </Required>
        <Dependent type="60" displayName="DGAIS Organization" parentDisplayName="Account" id="{6cfff89f-351c-ef11-840a-6045bd614ecd}" />
      </MissingDependency>
      <MissingDependency>
        <Required type="10" schemaName="msdyn_account_account_BillingAccount" displayName="msdyn_account_account_BillingAccount" parentSchemaName="account" parentDisplayName="Account" solution="FieldServiceCommon (1.0.0.882)">
          <package>FieldService_Anchor (8.8.117.32)</package>
        </Required>
        <Dependent type="60" displayName="DGAIS Site Profile" parentDisplayName="Account" id="{8e8ef593-361c-ef11-840a-000d3a0c4626}" />
      </MissingDependency>
      <MissingDependency>
        <Required type="10" schemaName="msdyn_account_account_BillingAccount" displayName="msdyn_account_account_BillingAccount" parentSchemaName="account" parentDisplayName="Account" solution="FieldServiceCommon (1.0.0.882)">
          <package>FieldService_Anchor (8.8.117.32)</package>
        </Required>
        <Dependent type="60" displayName="CRS Organization" parentDisplayName="Account" id="{913bf6bd-a463-ee11-8df0-0022483d0343}" />
      </MissingDependency>
      <MissingDependency>
        <Required type="10" schemaName="msdyn_account_account_BillingAccount" displayName="msdyn_account_account_BillingAccount" parentSchemaName="account" parentDisplayName="Account" solution="FieldServiceCommon (1.0.0.882)">
          <package>FieldService_Anchor (8.8.117.32)</package>
        </Required>
        <Dependent type="60" displayName="CRS Site Profile" parentDisplayName="Account" id="{a337ae25-a663-ee11-8df0-0022483d0343}" />
      </MissingDependency>
      <MissingDependency>
        <Required type="10" schemaName="msdyn_account_msdyn_agreement_BillingAccount" displayName="msdyn_account_msdyn_agreement_BillingAccount" parentSchemaName="account" parentDisplayName="Account" solution="FieldService (8.8.0.88)">
          <package>FieldService_Anchor (8.8.117.32)</package>
        </Required>
        <Dependent type="60" displayName="DGAIS Organization" parentDisplayName="Account" id="{6cfff89f-351c-ef11-840a-6045bd614ecd}" />
      </MissingDependency>
      <MissingDependency>
        <Required type="10" schemaName="msdyn_account_msdyn_agreement_BillingAccount" displayName="msdyn_account_msdyn_agreement_BillingAccount" parentSchemaName="account" parentDisplayName="Account" solution="FieldService (8.8.0.88)">
          <package>FieldService_Anchor (8.8.117.32)</package>
        </Required>
        <Dependent type="60" displayName="DGAIS Site Profile" parentDisplayName="Account" id="{8e8ef593-361c-ef11-840a-000d3a0c4626}" />
      </MissingDependency>
      <MissingDependency>
        <Required type="10" schemaName="msdyn_account_msdyn_agreement_BillingAccount" displayName="msdyn_account_msdyn_agreement_BillingAccount" parentSchemaName="account" parentDisplayName="Account" solution="FieldService (8.8.0.88)">
          <package>FieldService_Anchor (8.8.117.32)</package>
        </Required>
        <Dependent type="60" displayName="CRS Organization" parentDisplayName="Account" id="{913bf6bd-a463-ee11-8df0-0022483d0343}" />
      </MissingDependency>
      <MissingDependency>
        <Required type="10" schemaName="msdyn_account_msdyn_agreement_BillingAccount" displayName="msdyn_account_msdyn_agreement_BillingAccount" parentSchemaName="account" parentDisplayName="Account" solution="FieldService (8.8.0.88)">
          <package>FieldService_Anchor (8.8.117.32)</package>
        </Required>
        <Dependent type="60" displayName="CRS Site Profile" parentDisplayName="Account" id="{a337ae25-a663-ee11-8df0-0022483d0343}" />
      </MissingDependency>
      <MissingDependency>
        <Required type="10" schemaName="msdyn_account_msdyn_agreement_ServiceAccount" displayName="msdyn_account_msdyn_agreement_ServiceAccount" parentSchemaName="account" parentDisplayName="Account" solution="FieldService (8.8.0.88)">
          <package>FieldService_Anchor (8.8.117.32)</package>
        </Required>
        <Dependent type="60" displayName="DGAIS Organization" parentDisplayName="Account" id="{6cfff89f-351c-ef11-840a-6045bd614ecd}" />
      </MissingDependency>
      <MissingDependency>
        <Required type="10" schemaName="msdyn_account_msdyn_agreement_ServiceAccount" displayName="msdyn_account_msdyn_agreement_ServiceAccount" parentSchemaName="account" parentDisplayName="Account" solution="FieldService (8.8.0.88)">
          <package>FieldService_Anchor (8.8.117.32)</package>
        </Required>
        <Dependent type="60" displayName="DGAIS Site Profile" parentDisplayName="Account" id="{8e8ef593-361c-ef11-840a-000d3a0c4626}" />
      </MissingDependency>
      <MissingDependency>
        <Required type="10" schemaName="msdyn_account_msdyn_agreement_ServiceAccount" displayName="msdyn_account_msdyn_agreement_ServiceAccount" parentSchemaName="account" parentDisplayName="Account" solution="FieldService (8.8.0.88)">
          <package>FieldService_Anchor (8.8.117.32)</package>
        </Required>
        <Dependent type="60" displayName="CRS Organization" parentDisplayName="Account" id="{913bf6bd-a463-ee11-8df0-0022483d0343}" />
      </MissingDependency>
      <MissingDependency>
        <Required type="10" schemaName="msdyn_account_msdyn_agreement_ServiceAccount" displayName="msdyn_account_msdyn_agreement_ServiceAccount" parentSchemaName="account" parentDisplayName="Account" solution="FieldService (8.8.0.88)">
          <package>FieldService_Anchor (8.8.117.32)</package>
        </Required>
        <Dependent type="60" displayName="CRS Site Profile" parentDisplayName="Account" id="{a337ae25-a663-ee11-8df0-0022483d0343}" />
      </MissingDependency>
      <MissingDependency>
        <Required type="10" schemaName="msdyn_account_msdyn_payment_Account" displayName="msdyn_account_msdyn_payment_Account" parentSchemaName="account" parentDisplayName="Account" solution="FieldService (8.8.0.88)">
          <package>FieldService_Anchor (8.8.117.32)</package>
        </Required>
        <Dependent type="60" displayName="DGAIS Organization" parentDisplayName="Account" id="{6cfff89f-351c-ef11-840a-6045bd614ecd}" />
      </MissingDependency>
      <MissingDependency>
        <Required type="10" schemaName="msdyn_account_msdyn_payment_Account" displayName="msdyn_account_msdyn_payment_Account" parentSchemaName="account" parentDisplayName="Account" solution="FieldService (8.8.0.88)">
          <package>FieldService_Anchor (8.8.117.32)</package>
        </Required>
        <Dependent type="60" displayName="DGAIS Site Profile" parentDisplayName="Account" id="{8e8ef593-361c-ef11-840a-000d3a0c4626}" />
      </MissingDependency>
      <MissingDependency>
        <Required type="10" schemaName="msdyn_account_msdyn_payment_Account" displayName="msdyn_account_msdyn_payment_Account" parentSchemaName="account" parentDisplayName="Account" solution="FieldService (8.8.0.88)">
          <package>FieldService_Anchor (8.8.117.32)</package>
        </Required>
        <Dependent type="60" displayName="CRS Organization" parentDisplayName="Account" id="{913bf6bd-a463-ee11-8df0-0022483d0343}" />
      </MissingDependency>
      <MissingDependency>
        <Required type="10" schemaName="msdyn_account_msdyn_payment_Account" displayName="msdyn_account_msdyn_payment_Account" parentSchemaName="account" parentDisplayName="Account" solution="FieldService (8.8.0.88)">
          <package>FieldService_Anchor (8.8.117.32)</package>
        </Required>
        <Dependent type="60" displayName="CRS Site Profile" parentDisplayName="Account" id="{a337ae25-a663-ee11-8df0-0022483d0343}" />
      </MissingDependency>
      <MissingDependency>
        <Required type="10" schemaName="msdyn_account_msdyn_purchaseorder_Vendor" displayName="msdyn_account_msdyn_purchaseorder_Vendor" parentSchemaName="account" parentDisplayName="Account" solution="FieldServiceCommon (1.0.0.882)">
          <package>FieldService_Anchor (8.8.117.32)</package>
        </Required>
        <Dependent type="60" displayName="DGAIS Organization" parentDisplayName="Account" id="{6cfff89f-351c-ef11-840a-6045bd614ecd}" />
      </MissingDependency>
      <MissingDependency>
        <Required type="10" schemaName="msdyn_account_msdyn_purchaseorder_Vendor" displayName="msdyn_account_msdyn_purchaseorder_Vendor" parentSchemaName="account" parentDisplayName="Account" solution="FieldServiceCommon (1.0.0.882)">
          <package>FieldService_Anchor (8.8.117.32)</package>
        </Required>
        <Dependent type="60" displayName="DGAIS Site Profile" parentDisplayName="Account" id="{8e8ef593-361c-ef11-840a-000d3a0c4626}" />
      </MissingDependency>
      <MissingDependency>
        <Required type="10" schemaName="msdyn_account_msdyn_purchaseorder_Vendor" displayName="msdyn_account_msdyn_purchaseorder_Vendor" parentSchemaName="account" parentDisplayName="Account" solution="FieldServiceCommon (1.0.0.882)">
          <package>FieldService_Anchor (8.8.117.32)</package>
        </Required>
        <Dependent type="60" displayName="CRS Organization" parentDisplayName="Account" id="{913bf6bd-a463-ee11-8df0-0022483d0343}" />
      </MissingDependency>
      <MissingDependency>
        <Required type="10" schemaName="msdyn_account_msdyn_purchaseorder_Vendor" displayName="msdyn_account_msdyn_purchaseorder_Vendor" parentSchemaName="account" parentDisplayName="Account" solution="FieldServiceCommon (1.0.0.882)">
          <package>FieldService_Anchor (8.8.117.32)</package>
        </Required>
        <Dependent type="60" displayName="CRS Site Profile" parentDisplayName="Account" id="{a337ae25-a663-ee11-8df0-0022483d0343}" />
      </MissingDependency>
      <MissingDependency>
        <Required type="10" schemaName="msdyn_account_msdyn_rma_BillingAccount" displayName="msdyn_account_msdyn_rma_BillingAccount" parentSchemaName="account" parentDisplayName="Account" solution="FieldService (8.8.0.88)">
          <package>FieldService_Anchor (8.8.117.32)</package>
        </Required>
        <Dependent type="60" displayName="DGAIS Organization" parentDisplayName="Account" id="{6cfff89f-351c-ef11-840a-6045bd614ecd}" />
      </MissingDependency>
      <MissingDependency>
        <Required type="10" schemaName="msdyn_account_msdyn_rma_BillingAccount" displayName="msdyn_account_msdyn_rma_BillingAccount" parentSchemaName="account" parentDisplayName="Account" solution="FieldService (8.8.0.88)">
          <package>FieldService_Anchor (8.8.117.32)</package>
        </Required>
        <Dependent type="60" displayName="DGAIS Site Profile" parentDisplayName="Account" id="{8e8ef593-361c-ef11-840a-000d3a0c4626}" />
      </MissingDependency>
      <MissingDependency>
        <Required type="10" schemaName="msdyn_account_msdyn_rma_BillingAccount" displayName="msdyn_account_msdyn_rma_BillingAccount" parentSchemaName="account" parentDisplayName="Account" solution="FieldService (8.8.0.88)">
          <package>FieldService_Anchor (8.8.117.32)</package>
        </Required>
        <Dependent type="60" displayName="CRS Organization" parentDisplayName="Account" id="{913bf6bd-a463-ee11-8df0-0022483d0343}" />
      </MissingDependency>
      <MissingDependency>
        <Required type="10" schemaName="msdyn_account_msdyn_rma_BillingAccount" displayName="msdyn_account_msdyn_rma_BillingAccount" parentSchemaName="account" parentDisplayName="Account" solution="FieldService (8.8.0.88)">
          <package>FieldService_Anchor (8.8.117.32)</package>
        </Required>
        <Dependent type="60" displayName="CRS Site Profile" parentDisplayName="Account" id="{a337ae25-a663-ee11-8df0-0022483d0343}" />
      </MissingDependency>
      <MissingDependency>
        <Required type="10" schemaName="msdyn_account_msdyn_rma_ServiceAccount" displayName="msdyn_account_msdyn_rma_ServiceAccount" parentSchemaName="account" parentDisplayName="Account" solution="FieldService (8.8.0.88)">
          <package>FieldService_Anchor (8.8.117.32)</package>
        </Required>
        <Dependent type="60" displayName="DGAIS Organization" parentDisplayName="Account" id="{6cfff89f-351c-ef11-840a-6045bd614ecd}" />
      </MissingDependency>
      <MissingDependency>
        <Required type="10" schemaName="msdyn_account_msdyn_rma_ServiceAccount" displayName="msdyn_account_msdyn_rma_ServiceAccount" parentSchemaName="account" parentDisplayName="Account" solution="FieldService (8.8.0.88)">
          <package>FieldService_Anchor (8.8.117.32)</package>
        </Required>
        <Dependent type="60" displayName="DGAIS Site Profile" parentDisplayName="Account" id="{8e8ef593-361c-ef11-840a-000d3a0c4626}" />
      </MissingDependency>
      <MissingDependency>
        <Required type="10" schemaName="msdyn_account_msdyn_rma_ServiceAccount" displayName="msdyn_account_msdyn_rma_ServiceAccount" parentSchemaName="account" parentDisplayName="Account" solution="FieldService (8.8.0.88)">
          <package>FieldService_Anchor (8.8.117.32)</package>
        </Required>
        <Dependent type="60" displayName="CRS Organization" parentDisplayName="Account" id="{913bf6bd-a463-ee11-8df0-0022483d0343}" />
      </MissingDependency>
      <MissingDependency>
        <Required type="10" schemaName="msdyn_account_msdyn_rma_ServiceAccount" displayName="msdyn_account_msdyn_rma_ServiceAccount" parentSchemaName="account" parentDisplayName="Account" solution="FieldService (8.8.0.88)">
          <package>FieldService_Anchor (8.8.117.32)</package>
        </Required>
        <Dependent type="60" displayName="CRS Site Profile" parentDisplayName="Account" id="{a337ae25-a663-ee11-8df0-0022483d0343}" />
      </MissingDependency>
      <MissingDependency>
        <Required type="10" schemaName="msdyn_account_msdyn_rtv_Vendor" displayName="msdyn_account_msdyn_rtv_Vendor" parentSchemaName="account" parentDisplayName="Account" solution="FieldService (8.8.0.88)">
          <package>FieldService_Anchor (8.8.117.32)</package>
        </Required>
        <Dependent type="60" displayName="DGAIS Organization" parentDisplayName="Account" id="{6cfff89f-351c-ef11-840a-6045bd614ecd}" />
      </MissingDependency>
      <MissingDependency>
        <Required type="10" schemaName="msdyn_account_msdyn_rtv_Vendor" displayName="msdyn_account_msdyn_rtv_Vendor" parentSchemaName="account" parentDisplayName="Account" solution="FieldService (8.8.0.88)">
          <package>FieldService_Anchor (8.8.117.32)</package>
        </Required>
        <Dependent type="60" displayName="DGAIS Site Profile" parentDisplayName="Account" id="{8e8ef593-361c-ef11-840a-000d3a0c4626}" />
      </MissingDependency>
      <MissingDependency>
        <Required type="10" schemaName="msdyn_account_msdyn_rtv_Vendor" displayName="msdyn_account_msdyn_rtv_Vendor" parentSchemaName="account" parentDisplayName="Account" solution="FieldService (8.8.0.88)">
          <package>FieldService_Anchor (8.8.117.32)</package>
        </Required>
        <Dependent type="60" displayName="CRS Organization" parentDisplayName="Account" id="{913bf6bd-a463-ee11-8df0-0022483d0343}" />
      </MissingDependency>
      <MissingDependency>
        <Required type="10" schemaName="msdyn_account_msdyn_rtv_Vendor" displayName="msdyn_account_msdyn_rtv_Vendor" parentSchemaName="account" parentDisplayName="Account" solution="FieldService (8.8.0.88)">
          <package>FieldService_Anchor (8.8.117.32)</package>
        </Required>
        <Dependent type="60" displayName="CRS Site Profile" parentDisplayName="Account" id="{a337ae25-a663-ee11-8df0-0022483d0343}" />
      </MissingDependency>
      <MissingDependency>
        <Required type="10" schemaName="msdyn_account_msdyn_workorder_BillingAccount" displayName="msdyn_account_msdyn_workorder_BillingAccount" parentSchemaName="account" parentDisplayName="Account" solution="FieldService (8.8.0.88)">
          <package>FieldService_Anchor (8.8.117.32)</package>
        </Required>
        <Dependent type="60" displayName="DGAIS Organization" parentDisplayName="Account" id="{6cfff89f-351c-ef11-840a-6045bd614ecd}" />
      </MissingDependency>
      <MissingDependency>
        <Required type="10" schemaName="msdyn_account_msdyn_workorder_BillingAccount" displayName="msdyn_account_msdyn_workorder_BillingAccount" parentSchemaName="account" parentDisplayName="Account" solution="FieldService (8.8.0.88)">
          <package>FieldService_Anchor (8.8.117.32)</package>
        </Required>
        <Dependent type="60" displayName="DGAIS Site Profile" parentDisplayName="Account" id="{8e8ef593-361c-ef11-840a-000d3a0c4626}" />
      </MissingDependency>
      <MissingDependency>
        <Required type="10" schemaName="msdyn_account_msdyn_workorder_BillingAccount" displayName="msdyn_account_msdyn_workorder_BillingAccount" parentSchemaName="account" parentDisplayName="Account" solution="FieldService (8.8.0.88)">
          <package>FieldService_Anchor (8.8.117.32)</package>
        </Required>
        <Dependent type="60" displayName="CRS Organization" parentDisplayName="Account" id="{913bf6bd-a463-ee11-8df0-0022483d0343}" />
      </MissingDependency>
      <MissingDependency>
        <Required type="10" schemaName="msdyn_account_msdyn_workorder_BillingAccount" displayName="msdyn_account_msdyn_workorder_BillingAccount" parentSchemaName="account" parentDisplayName="Account" solution="FieldService (8.8.0.88)">
          <package>FieldService_Anchor (8.8.117.32)</package>
        </Required>
        <Dependent type="60" displayName="CRS Site Profile" parentDisplayName="Account" id="{a337ae25-a663-ee11-8df0-0022483d0343}" />
      </MissingDependency>
      <MissingDependency>
        <Required type="10" schemaName="msdyn_account_msdyn_workorder_ServiceAccount" displayName="msdyn_account_msdyn_workorder_ServiceAccount" parentSchemaName="account" parentDisplayName="Account" solution="FieldService (8.8.0.88)">
          <package>FieldService_Anchor (8.8.117.32)</package>
        </Required>
        <Dependent type="60" displayName="DGAIS Organization" parentDisplayName="Account" id="{6cfff89f-351c-ef11-840a-6045bd614ecd}" />
      </MissingDependency>
      <MissingDependency>
        <Required type="10" schemaName="msdyn_account_msdyn_workorder_ServiceAccount" displayName="msdyn_account_msdyn_workorder_ServiceAccount" parentSchemaName="account" parentDisplayName="Account" solution="FieldService (8.8.0.88)">
          <package>FieldService_Anchor (8.8.117.32)</package>
        </Required>
        <Dependent type="60" displayName="DGAIS Site Profile" parentDisplayName="Account" id="{8e8ef593-361c-ef11-840a-000d3a0c4626}" />
      </MissingDependency>
      <MissingDependency>
        <Required type="10" schemaName="msdyn_account_msdyn_workorder_ServiceAccount" displayName="msdyn_account_msdyn_workorder_ServiceAccount" parentSchemaName="account" parentDisplayName="Account" solution="FieldService (8.8.0.88)">
          <package>FieldService_Anchor (8.8.117.32)</package>
        </Required>
        <Dependent type="60" displayName="CRS Organization" parentDisplayName="Account" id="{913bf6bd-a463-ee11-8df0-0022483d0343}" />
      </MissingDependency>
      <MissingDependency>
        <Required type="10" schemaName="msdyn_account_msdyn_workorder_ServiceAccount" displayName="msdyn_account_msdyn_workorder_ServiceAccount" parentSchemaName="account" parentDisplayName="Account" solution="FieldService (8.8.0.88)">
          <package>FieldService_Anchor (8.8.117.32)</package>
        </Required>
        <Dependent type="60" displayName="CRS Site Profile" parentDisplayName="Account" id="{a337ae25-a663-ee11-8df0-0022483d0343}" />
      </MissingDependency>
      <MissingDependency>
        <Required type="10" schemaName="ovs_MOCRegistration_Site" displayName="ovs_MOCRegistration_Site" parentSchemaName="account" parentDisplayName="Account" solution="Active" />
        <Dependent type="60" displayName="DGAIS Site Profile" parentDisplayName="Account" id="{8e8ef593-361c-ef11-840a-000d3a0c4626}" />
      </MissingDependency>
      <MissingDependency>
        <Required type="10" schemaName="ovs_MOCRegistration_Site" displayName="ovs_MOCRegistration_Site" parentSchemaName="account" parentDisplayName="Account" solution="Active" />
        <Dependent type="60" displayName="CRS Site Profile" parentDisplayName="Account" id="{a337ae25-a663-ee11-8df0-0022483d0343}" />
      </MissingDependency>
      <MissingDependency>
        <Required type="10" schemaName="ovs_organization_contact_organization" displayName="ovs_organization_contact_organization" parentSchemaName="account" parentDisplayName="Account" solution="Active" />
        <Dependent type="60" displayName="DGAIS Organization" parentDisplayName="Account" id="{6cfff89f-351c-ef11-840a-6045bd614ecd}" />
      </MissingDependency>
      <MissingDependency>
        <Required type="10" schemaName="ovs_organization_contact_organization" displayName="ovs_organization_contact_organization" parentSchemaName="account" parentDisplayName="Account" solution="Active" />
        <Dependent type="60" displayName="CRS Organization" parentDisplayName="Account" id="{913bf6bd-a463-ee11-8df0-0022483d0343}" />
      </MissingDependency>
      <MissingDependency>
        <Required type="10" schemaName="ovs_organization_manufacturer_organization" displayName="ovs_organization_manufacturer_organization" parentSchemaName="account" parentDisplayName="Account" solution="Active" />
        <Dependent type="60" displayName="DGAIS Organization" parentDisplayName="Account" id="{6cfff89f-351c-ef11-840a-6045bd614ecd}" />
      </MissingDependency>
      <MissingDependency>
        <Required type="10" schemaName="ovs_organization_manufacturer_organization" displayName="ovs_organization_manufacturer_organization" parentSchemaName="account" parentDisplayName="Account" solution="Active" />
        <Dependent type="60" displayName="CRS Organization" parentDisplayName="Account" id="{913bf6bd-a463-ee11-8df0-0022483d0343}" />
      </MissingDependency>
      <MissingDependency>
        <Required type="10" schemaName="ovs_organization_naics_code_organization" displayName="ovs_organization_naics_code_organization" parentSchemaName="account" parentDisplayName="Account" solution="Active" />
        <Dependent type="60" displayName="DGAIS Organization" parentDisplayName="Account" id="{6cfff89f-351c-ef11-840a-6045bd614ecd}" />
      </MissingDependency>
      <MissingDependency>
        <Required type="10" schemaName="ovs_organization_naics_code_organization" displayName="ovs_organization_naics_code_organization" parentSchemaName="account" parentDisplayName="Account" solution="Active" />
        <Dependent type="60" displayName="CRS Organization" parentDisplayName="Account" id="{913bf6bd-a463-ee11-8df0-0022483d0343}" />
      </MissingDependency>
      <MissingDependency>
        <Required type="10" schemaName="ovs_registration_organization_id" displayName="ovs_registration_organization_id" parentSchemaName="account" parentDisplayName="Account" solution="Active" />
        <Dependent type="60" displayName="DGAIS Organization" parentDisplayName="Account" id="{6cfff89f-351c-ef11-840a-6045bd614ecd}" />
      </MissingDependency>
      <MissingDependency>
        <Required type="10" schemaName="ovs_registration_organization_id" displayName="ovs_registration_organization_id" parentSchemaName="account" parentDisplayName="Account" solution="Active" />
        <Dependent type="60" displayName="CRS Organization" parentDisplayName="Account" id="{913bf6bd-a463-ee11-8df0-0022483d0343}" />
      </MissingDependency>
      <MissingDependency>
        <Required type="10" schemaName="ovs_sds_organization" displayName="ovs_sds_organization" parentSchemaName="account" parentDisplayName="Account" solution="Active" />
        <Dependent type="60" displayName="DGAIS Organization" parentDisplayName="Account" id="{6cfff89f-351c-ef11-840a-6045bd614ecd}" />
      </MissingDependency>
      <MissingDependency>
        <Required type="10" schemaName="ovs_sds_organization" displayName="ovs_sds_organization" parentSchemaName="account" parentDisplayName="Account" solution="Active" />
        <Dependent type="60" displayName="CRS Organization" parentDisplayName="Account" id="{913bf6bd-a463-ee11-8df0-0022483d0343}" />
      </MissingDependency>
      <MissingDependency>
        <Required type="10" schemaName="msdyn_account_msdyn_customerasset_Account" displayName="msdyn_account_msdyn_customerasset_Account" parentSchemaName="msdyn_customerasset" parentDisplayName="Customer Asset" solution="msdyn_AssetCommon (1.0.50.6)">
          <package>FieldService_Anchor (8.8.117.32)</package>
          <package>msdynce_ServiceAnchor (9.0.24045.1005)</package>
        </Required>
        <Dependent type="60" displayName="DGAIS Organization" parentDisplayName="Account" id="{6cfff89f-351c-ef11-840a-6045bd614ecd}" />
      </MissingDependency>
      <MissingDependency>
        <Required type="10" schemaName="msdyn_account_msdyn_customerasset_Account" displayName="msdyn_account_msdyn_customerasset_Account" parentSchemaName="msdyn_customerasset" parentDisplayName="Customer Asset" solution="msdyn_AssetCommon (1.0.50.6)">
          <package>FieldService_Anchor (8.8.117.32)</package>
          <package>msdynce_ServiceAnchor (9.0.24045.1005)</package>
        </Required>
        <Dependent type="60" displayName="DGAIS Site Profile" parentDisplayName="Account" id="{8e8ef593-361c-ef11-840a-000d3a0c4626}" />
      </MissingDependency>
      <MissingDependency>
        <Required type="10" schemaName="msdyn_account_msdyn_customerasset_Account" displayName="msdyn_account_msdyn_customerasset_Account" parentSchemaName="msdyn_customerasset" parentDisplayName="Customer Asset" solution="msdyn_AssetCommon (1.0.50.6)">
          <package>FieldService_Anchor (8.8.117.32)</package>
          <package>msdynce_ServiceAnchor (9.0.24045.1005)</package>
        </Required>
        <Dependent type="60" displayName="CRS Organization" parentDisplayName="Account" id="{913bf6bd-a463-ee11-8df0-0022483d0343}" />
      </MissingDependency>
      <MissingDependency>
        <Required type="10" schemaName="msdyn_account_msdyn_customerasset_Account" displayName="msdyn_account_msdyn_customerasset_Account" parentSchemaName="msdyn_customerasset" parentDisplayName="Customer Asset" solution="msdyn_AssetCommon (1.0.50.6)">
          <package>FieldService_Anchor (8.8.117.32)</package>
          <package>msdynce_ServiceAnchor (9.0.24045.1005)</package>
        </Required>
        <Dependent type="60" displayName="CRS Site Profile" parentDisplayName="Account" id="{a337ae25-a663-ee11-8df0-0022483d0343}" />
      </MissingDependency>
      <MissingDependency>
        <Required type="2" schemaName="cid_crabusinessnumber" displayName="CRA Business Number" parentSchemaName="account" parentDisplayName="Account" solution="Active" />
        <Dependent type="60" displayName="DGAIS Organization" parentDisplayName="Account" id="{6cfff89f-351c-ef11-840a-6045bd614ecd}" />
      </MissingDependency>
      <MissingDependency>
        <Required type="2" schemaName="cid_crabusinessnumber" displayName="CRA Business Number" parentSchemaName="account" parentDisplayName="Account" solution="Active" />
        <Dependent type="60" displayName="CRS Organization" parentDisplayName="Account" id="{913bf6bd-a463-ee11-8df0-0022483d0343}" />
      </MissingDependency>
      <MissingDependency>
        <Required type="2" schemaName="cid_reasonfornobnnumber" displayName="Reason for no CRA Business Number" parentSchemaName="account" parentDisplayName="Account" solution="Active" />
        <Dependent type="60" displayName="DGAIS Organization" parentDisplayName="Account" id="{6cfff89f-351c-ef11-840a-6045bd614ecd}" />
      </MissingDependency>
      <MissingDependency>
        <Required type="2" schemaName="cid_reasonfornobnnumber" displayName="Reason for no CRA Business Number" parentSchemaName="account" parentDisplayName="Account" solution="Active" />
        <Dependent type="60" displayName="CRS Organization" parentDisplayName="Account" id="{913bf6bd-a463-ee11-8df0-0022483d0343}" />
      </MissingDependency>
      <MissingDependency>
        <Required type="2" schemaName="cid_reasonfornobnnumber_other" displayName="Other Reason" parentSchemaName="account" parentDisplayName="Account" solution="Active" />
        <Dependent type="60" displayName="DGAIS Organization" parentDisplayName="Account" id="{6cfff89f-351c-ef11-840a-6045bd614ecd}" />
      </MissingDependency>
      <MissingDependency>
        <Required type="2" schemaName="cid_reasonfornobnnumber_other" displayName="Other Reason" parentSchemaName="account" parentDisplayName="Account" solution="Active" />
        <Dependent type="60" displayName="CRS Organization" parentDisplayName="Account" id="{913bf6bd-a463-ee11-8df0-0022483d0343}" />
      </MissingDependency>
      <MissingDependency>
        <Required type="2" schemaName="ovs_accountnameenglish" displayName="Account Name (English)" parentSchemaName="account" parentDisplayName="Account" solution="Active" />
        <Dependent type="60" displayName="DGAIS Site Profile" parentDisplayName="Account" id="{8e8ef593-361c-ef11-840a-000d3a0c4626}" />
      </MissingDependency>
      <MissingDependency>
        <Required type="2" schemaName="ovs_accountnameenglish" displayName="Account Name (English)" parentSchemaName="account" parentDisplayName="Account" solution="Active" />
        <Dependent type="60" displayName="CRS Site Profile" parentDisplayName="Account" id="{a337ae25-a663-ee11-8df0-0022483d0343}" />
      </MissingDependency>
      <MissingDependency>
        <Required type="2" schemaName="ovs_accountnamefrench" displayName="Account Name (French)" parentSchemaName="account" parentDisplayName="Account" solution="Active" />
        <Dependent type="60" displayName="DGAIS Site Profile" parentDisplayName="Account" id="{8e8ef593-361c-ef11-840a-000d3a0c4626}" />
      </MissingDependency>
      <MissingDependency>
        <Required type="2" schemaName="ovs_accountnamefrench" displayName="Account Name (French)" parentSchemaName="account" parentDisplayName="Account" solution="Active" />
        <Dependent type="60" displayName="CRS Site Profile" parentDisplayName="Account" id="{a337ae25-a663-ee11-8df0-0022483d0343}" />
      </MissingDependency>
      <MissingDependency>
        <Required type="2" schemaName="ovs_address_type" displayName="Input Address Type" parentSchemaName="account" parentDisplayName="Account" solution="Active" />
        <Dependent type="60" displayName="DGAIS Organization" parentDisplayName="Account" id="{6cfff89f-351c-ef11-840a-6045bd614ecd}" />
      </MissingDependency>
      <MissingDependency>
        <Required type="2" schemaName="ovs_address_type" displayName="Input Address Type" parentSchemaName="account" parentDisplayName="Account" solution="Active" />
        <Dependent type="60" displayName="DGAIS Site Profile" parentDisplayName="Account" id="{8e8ef593-361c-ef11-840a-000d3a0c4626}" />
      </MissingDependency>
      <MissingDependency>
        <Required type="2" schemaName="ovs_address_type" displayName="Input Address Type" parentSchemaName="account" parentDisplayName="Account" solution="Active" />
        <Dependent type="60" displayName="CRS Organization" parentDisplayName="Account" id="{913bf6bd-a463-ee11-8df0-0022483d0343}" />
      </MissingDependency>
      <MissingDependency>
        <Required type="2" schemaName="ovs_address_type" displayName="Input Address Type" parentSchemaName="account" parentDisplayName="Account" solution="Active" />
        <Dependent type="60" displayName="CRS Site Profile" parentDisplayName="Account" id="{a337ae25-a663-ee11-8df0-0022483d0343}" />
      </MissingDependency>
      <MissingDependency>
        <Required type="2" schemaName="ovs_cdpopulationdensity" displayName="Population Density" parentSchemaName="account" parentDisplayName="Account" solution="Active" />
        <Dependent type="60" displayName="DGAIS Site Profile" parentDisplayName="Account" id="{8e8ef593-361c-ef11-840a-000d3a0c4626}" />
      </MissingDependency>
      <MissingDependency>
        <Required type="2" schemaName="ovs_cdpopulationdensity" displayName="Population Density" parentSchemaName="account" parentDisplayName="Account" solution="Active" />
        <Dependent type="60" displayName="CRS Site Profile" parentDisplayName="Account" id="{a337ae25-a663-ee11-8df0-0022483d0343}" />
      </MissingDependency>
      <MissingDependency>
        <Required type="2" schemaName="ovs_legalname" displayName="Legal Name" parentSchemaName="account" parentDisplayName="Account" solution="Active" />
        <Dependent type="60" displayName="DGAIS Organization" parentDisplayName="Account" id="{6cfff89f-351c-ef11-840a-6045bd614ecd}" />
      </MissingDependency>
      <MissingDependency>
        <Required type="2" schemaName="ovs_legalname" displayName="Legal Name" parentSchemaName="account" parentDisplayName="Account" solution="Active" />
        <Dependent type="60" displayName="CRS Organization" parentDisplayName="Account" id="{913bf6bd-a463-ee11-8df0-0022483d0343}" />
      </MissingDependency>
      <MissingDependency>
        <Required type="2" schemaName="ovs_secondaryoperatingname" displayName="Secondary Operating Name" parentSchemaName="account" parentDisplayName="Account" solution="Active" />
        <Dependent type="60" displayName="DGAIS Organization" parentDisplayName="Account" id="{6cfff89f-351c-ef11-840a-6045bd614ecd}" />
      </MissingDependency>
      <MissingDependency>
        <Required type="2" schemaName="ovs_secondaryoperatingname" displayName="Secondary Operating Name" parentSchemaName="account" parentDisplayName="Account" solution="Active" />
        <Dependent type="60" displayName="CRS Organization" parentDisplayName="Account" id="{913bf6bd-a463-ee11-8df0-0022483d0343}" />
      </MissingDependency>
      <MissingDependency>
        <Required type="2" schemaName="ovs_telephone_canutec_24hour_num" displayName="CANUTEC 24 Hour Number" parentSchemaName="account" parentDisplayName="Account" solution="Active" />
        <Dependent type="60" displayName="DGAIS Organization" parentDisplayName="Account" id="{6cfff89f-351c-ef11-840a-6045bd614ecd}" />
      </MissingDependency>
      <MissingDependency>
        <Required type="2" schemaName="ovs_telephone_canutec_24hour_num" displayName="CANUTEC 24 Hour Number" parentSchemaName="account" parentDisplayName="Account" solution="Active" />
        <Dependent type="60" displayName="CRS Organization" parentDisplayName="Account" id="{913bf6bd-a463-ee11-8df0-0022483d0343}" />
      </MissingDependency>
      <MissingDependency>
        <Required type="2" schemaName="territoryid" displayName="Territory" parentSchemaName="account" parentDisplayName="Account" solution="msdynce_Sales (9.0.4.0076)">
          <package>msdynce_SalesAnchor (9.0.24052.10003)</package>
        </Required>
        <Dependent type="60" displayName="DGAIS Organization" parentDisplayName="Account" id="{6cfff89f-351c-ef11-840a-6045bd614ecd}" />
      </MissingDependency>
      <MissingDependency>
        <Required type="2" schemaName="territoryid" displayName="Territory" parentSchemaName="account" parentDisplayName="Account" solution="msdynce_Sales (9.0.4.0076)">
          <package>msdynce_SalesAnchor (9.0.24052.10003)</package>
        </Required>
        <Dependent type="60" displayName="DGAIS Site Profile" parentDisplayName="Account" id="{8e8ef593-361c-ef11-840a-000d3a0c4626}" />
      </MissingDependency>
      <MissingDependency>
        <Required type="2" schemaName="territoryid" displayName="Territory" parentSchemaName="account" parentDisplayName="Account" solution="msdynce_Sales (9.0.4.0076)">
          <package>msdynce_SalesAnchor (9.0.24052.10003)</package>
        </Required>
        <Dependent type="60" displayName="CRS Organization" parentDisplayName="Account" id="{913bf6bd-a463-ee11-8df0-0022483d0343}" />
      </MissingDependency>
      <MissingDependency>
        <Required type="2" schemaName="territoryid" displayName="Territory" parentSchemaName="account" parentDisplayName="Account" solution="msdynce_Sales (9.0.4.0076)">
          <package>msdynce_SalesAnchor (9.0.24052.10003)</package>
        </Required>
        <Dependent type="60" displayName="CRS Site Profile" parentDisplayName="Account" id="{a337ae25-a663-ee11-8df0-0022483d0343}" />
      </MissingDependency>
      <MissingDependency>
        <Required type="2" schemaName="ovs_name" displayName="Name" parentSchemaName="ovs_incident" parentDisplayName="Incident" solution="Active" />
        <Dependent type="60" displayName="Information" parentDisplayName="Incident" id="{a58c2822-51b7-4919-b85c-d94204f76f09}" />
      </MissingDependency>
      <MissingDependency>
        <Required type="2" schemaName="ownerid" displayName="Owner" parentSchemaName="ovs_incident" parentDisplayName="Incident" solution="Active" />
        <Dependent type="60" displayName="Information" parentDisplayName="Incident" id="{a58c2822-51b7-4919-b85c-d94204f76f09}" />
      </MissingDependency>
      <MissingDependency>
        <Required type="20" displayName="Stakeholder Management User" solution="Active" id="{682094a5-178a-ee11-8179-000d3af35f84}" />
        <Dependent type="60" displayName="CRS Organization" parentDisplayName="Account" id="{913bf6bd-a463-ee11-8df0-0022483d0343}" />
      </MissingDependency>
      <MissingDependency>
        <Required type="20" displayName="Stakeholder Management User" solution="Active" id="{682094a5-178a-ee11-8179-000d3af35f84}" />
        <Dependent type="60" displayName="CRS Site Profile" parentDisplayName="Account" id="{a337ae25-a663-ee11-8df0-0022483d0343}" />
      </MissingDependency>
      <MissingDependency>
        <Required type="20" displayName="Incident Analyst" solution="Active" id="{6b1b73c4-341c-ef11-840a-6045bd614ecd}" />
        <Dependent type="60" displayName="DGAIS Organization" parentDisplayName="Account" id="{6cfff89f-351c-ef11-840a-6045bd614ecd}" />
      </MissingDependency>
      <MissingDependency>
        <Required type="20" displayName="Incident Analyst" solution="Active" id="{6b1b73c4-341c-ef11-840a-6045bd614ecd}" />
        <Dependent type="60" displayName="DGAIS Site Profile" parentDisplayName="Account" id="{8e8ef593-361c-ef11-840a-000d3a0c4626}" />
      </MissingDependency>
      <MissingDependency>
        <Required type="20" displayName="Incident Analyst" solution="Active" id="{6b1b73c4-341c-ef11-840a-6045bd614ecd}" />
        <Dependent type="80" schemaName="crs_TDGIncidents" displayName="TDG Incidents / Incidents TMD" />
      </MissingDependency>
      <MissingDependency>
        <Required type="20" displayName="Customer Request User" solution="Active" id="{b7dfb73f-188a-ee11-8179-000d3af35f84}" />
        <Dependent type="60" displayName="CRS Organization" parentDisplayName="Account" id="{913bf6bd-a463-ee11-8df0-0022483d0343}" />
      </MissingDependency>
      <MissingDependency>
        <Required type="20" displayName="Customer Request User" solution="Active" id="{b7dfb73f-188a-ee11-8179-000d3af35f84}" />
        <Dependent type="60" displayName="CRS Site Profile" parentDisplayName="Account" id="{a337ae25-a663-ee11-8df0-0022483d0343}" />
      </MissingDependency>
      <MissingDependency>
        <Required type="26" schemaName="Active Service Requests" displayName="Active Service Requests" parentSchemaName="fdr_servicerequest" parentDisplayName="Service Request" solution="Active" id="{0fba53a8-beaf-461f-abe1-6132a3fbdee2}" />
        <Dependent type="60" displayName="DGAIS Organization" parentDisplayName="Account" id="{6cfff89f-351c-ef11-840a-6045bd614ecd}" />
      </MissingDependency>
      <MissingDependency>
        <Required type="26" schemaName="Active Service Requests" displayName="Active Service Requests" parentSchemaName="fdr_servicerequest" parentDisplayName="Service Request" solution="Active" id="{0fba53a8-beaf-461f-abe1-6132a3fbdee2}" />
        <Dependent type="60" displayName="CRS Organization" parentDisplayName="Account" id="{913bf6bd-a463-ee11-8df0-0022483d0343}" />
      </MissingDependency>
      <MissingDependency>
        <Required type="26" schemaName="CRS Active Accounts" displayName="CRS Active Accounts" parentSchemaName="account" parentDisplayName="Account" solution="Active" id="{37150390-5002-ef11-9f89-002248b0d3d6}" />
        <Dependent type="80" schemaName="crs_TDGIncidents" displayName="TDG Incidents / Incidents TMD" />
      </MissingDependency>
      <MissingDependency>
        <Required type="26" schemaName="Active Organization NAICS Codes" displayName="Active Organization NAICS Codes" parentSchemaName="ovs_organization_naics_code" parentDisplayName="Organization NAICS Code" solution="Active" id="{38e7aa92-dbec-4c4d-a085-628d96d29227}" />
        <Dependent type="60" displayName="DGAIS Organization" parentDisplayName="Account" id="{6cfff89f-351c-ef11-840a-6045bd614ecd}" />
      </MissingDependency>
      <MissingDependency>
        <Required type="26" schemaName="Active Organization NAICS Codes" displayName="Active Organization NAICS Codes" parentSchemaName="ovs_organization_naics_code" parentDisplayName="Organization NAICS Code" solution="Active" id="{38e7aa92-dbec-4c4d-a085-628d96d29227}" />
        <Dependent type="60" displayName="CRS Organization" parentDisplayName="Account" id="{913bf6bd-a463-ee11-8df0-0022483d0343}" />
      </MissingDependency>
      <MissingDependency>
        <Required type="26" schemaName="CRS Registrations View" displayName="CRS Registrations View" parentSchemaName="ovs_registration" parentDisplayName="Registration" solution="Active" id="{40c5ca0d-73d5-ee11-904c-000d3a845779}" />
        <Dependent type="60" displayName="DGAIS Organization" parentDisplayName="Account" id="{6cfff89f-351c-ef11-840a-6045bd614ecd}" />
      </MissingDependency>
      <MissingDependency>
        <Required type="26" schemaName="CRS Registrations View" displayName="CRS Registrations View" parentSchemaName="ovs_registration" parentDisplayName="Registration" solution="Active" id="{40c5ca0d-73d5-ee11-904c-000d3a845779}" />
        <Dependent type="60" displayName="CRS Organization" parentDisplayName="Account" id="{913bf6bd-a463-ee11-8df0-0022483d0343}" />
      </MissingDependency>
      <MissingDependency>
        <Required type="26" schemaName="CRS Registration Number View" displayName="CRS Registration Number View" parentSchemaName="ovs_registration" parentDisplayName="Registration" solution="Active" id="{52baf50b-db19-ef11-840a-6045bd614ecd}" />
        <Dependent type="60" displayName="DGAIS Organization" parentDisplayName="Account" id="{6cfff89f-351c-ef11-840a-6045bd614ecd}" />
      </MissingDependency>
      <MissingDependency>
        <Required type="26" schemaName="CRS Registration Number View" displayName="CRS Registration Number View" parentSchemaName="ovs_registration" parentDisplayName="Registration" solution="Active" id="{52baf50b-db19-ef11-840a-6045bd614ecd}" />
        <Dependent type="60" displayName="CRS Organization" parentDisplayName="Account" id="{913bf6bd-a463-ee11-8df0-0022483d0343}" />
      </MissingDependency>
      <MissingDependency>
        <Required type="26" schemaName="Active Organization Manufacturer Quick View" displayName="Active Organization Manufacturer Quick View" parentSchemaName="ovs_organization_manufacturer" parentDisplayName="Organization Manufacturer" solution="Active" id="{79194b72-0719-ef11-840a-6045bd614ecd}" />
        <Dependent type="60" displayName="DGAIS Organization" parentDisplayName="Account" id="{6cfff89f-351c-ef11-840a-6045bd614ecd}" />
      </MissingDependency>
      <MissingDependency>
        <Required type="26" schemaName="Active Organization Manufacturer Quick View" displayName="Active Organization Manufacturer Quick View" parentSchemaName="ovs_organization_manufacturer" parentDisplayName="Organization Manufacturer" solution="Active" id="{79194b72-0719-ef11-840a-6045bd614ecd}" />
        <Dependent type="60" displayName="CRS Organization" parentDisplayName="Account" id="{913bf6bd-a463-ee11-8df0-0022483d0343}" />
      </MissingDependency>
      <MissingDependency>
        <Required type="26" schemaName="Sites" displayName="Sites" parentSchemaName="account" parentDisplayName="Account" solution="Active" id="{7c363e5f-5bd4-eb11-bacc-000d3af3999c}" />
        <Dependent type="80" schemaName="crs_TDGIncidents" displayName="TDG Incidents / Incidents TMD" />
      </MissingDependency>
      <MissingDependency>
        <Required type="26" schemaName="Active Organization NAICS Code Quick View" displayName="Active Organization NAICS Code Quick View" parentSchemaName="ovs_organization_naics_code" parentDisplayName="Organization NAICS Code" solution="Active" id="{809228e9-0119-ef11-840a-6045bd614ecd}" />
        <Dependent type="60" displayName="DGAIS Organization" parentDisplayName="Account" id="{6cfff89f-351c-ef11-840a-6045bd614ecd}" />
      </MissingDependency>
      <MissingDependency>
        <Required type="26" schemaName="Active Organization NAICS Code Quick View" displayName="Active Organization NAICS Code Quick View" parentSchemaName="ovs_organization_naics_code" parentDisplayName="Organization NAICS Code" solution="Active" id="{809228e9-0119-ef11-840a-6045bd614ecd}" />
        <Dependent type="60" displayName="CRS Organization" parentDisplayName="Account" id="{913bf6bd-a463-ee11-8df0-0022483d0343}" />
      </MissingDependency>
      <MissingDependency>
        <Required type="26" schemaName="Parent Lookup View" displayName="Parent Lookup View" parentSchemaName="account" parentDisplayName="Account" solution="Active" id="{80d24aa0-2b6c-ed11-81ac-0022483d0343}" />
        <Dependent type="60" displayName="DGAIS Site Profile" parentDisplayName="Account" id="{8e8ef593-361c-ef11-840a-000d3a0c4626}" />
      </MissingDependency>
      <MissingDependency>
        <Required type="26" schemaName="Parent Lookup View" displayName="Parent Lookup View" parentSchemaName="account" parentDisplayName="Account" solution="Active" id="{80d24aa0-2b6c-ed11-81ac-0022483d0343}" />
        <Dependent type="60" displayName="CRS Site Profile" parentDisplayName="Account" id="{a337ae25-a663-ee11-8df0-0022483d0343}" />
      </MissingDependency>
      <MissingDependency>
        <Required type="26" schemaName="All Safety Data Sheets" displayName="All Safety Data Sheets" parentSchemaName="ovs_sds" parentDisplayName="Safety Data Sheet" solution="Active" id="{81945dd8-8ac3-ee11-9079-002248b0ad9e}" />
        <Dependent type="60" displayName="DGAIS Organization" parentDisplayName="Account" id="{6cfff89f-351c-ef11-840a-6045bd614ecd}" />
      </MissingDependency>
      <MissingDependency>
        <Required type="26" schemaName="All Safety Data Sheets" displayName="All Safety Data Sheets" parentSchemaName="ovs_sds" parentDisplayName="Safety Data Sheet" solution="Active" id="{81945dd8-8ac3-ee11-9079-002248b0ad9e}" />
        <Dependent type="60" displayName="CRS Organization" parentDisplayName="Account" id="{913bf6bd-a463-ee11-8df0-0022483d0343}" />
      </MissingDependency>
      <MissingDependency>
        <Required type="26" schemaName="Active Child Accounts" displayName="Active Child Accounts" parentSchemaName="account" parentDisplayName="Account" solution="Active" id="{82cc4863-aa98-eb11-b1ac-000d3ae93a4f}" />
        <Dependent type="60" displayName="DGAIS Organization" parentDisplayName="Account" id="{6cfff89f-351c-ef11-840a-6045bd614ecd}" />
      </MissingDependency>
      <MissingDependency>
        <Required type="26" schemaName="Active Child Accounts" displayName="Active Child Accounts" parentSchemaName="account" parentDisplayName="Account" solution="Active" id="{82cc4863-aa98-eb11-b1ac-000d3ae93a4f}" />
        <Dependent type="60" displayName="CRS Organization" parentDisplayName="Account" id="{913bf6bd-a463-ee11-8df0-0022483d0343}" />
      </MissingDependency>
      <MissingDependency>
        <Required type="26" schemaName="Active Organization Contacts" displayName="Active Organization Contacts" parentSchemaName="ovs_organization_contact" parentDisplayName="Organization Contact" solution="Active" id="{96e7c45a-8670-4ef1-a6cd-814c234fff18}" />
        <Dependent type="60" displayName="DGAIS Organization" parentDisplayName="Account" id="{6cfff89f-351c-ef11-840a-6045bd614ecd}" />
      </MissingDependency>
      <MissingDependency>
        <Required type="26" schemaName="Active Organization Contacts" displayName="Active Organization Contacts" parentSchemaName="ovs_organization_contact" parentDisplayName="Organization Contact" solution="Active" id="{96e7c45a-8670-4ef1-a6cd-814c234fff18}" />
        <Dependent type="60" displayName="CRS Organization" parentDisplayName="Account" id="{913bf6bd-a463-ee11-8df0-0022483d0343}" />
      </MissingDependency>
      <MissingDependency>
        <Required type="26" schemaName="Active Operations" displayName="Active Operations" parentSchemaName="ovs_mocregistration" parentDisplayName="Operation" solution="Active" id="{98c7fee1-1d9f-4226-89bb-26e6be7057f8}" />
        <Dependent type="60" displayName="DGAIS Site Profile" parentDisplayName="Account" id="{8e8ef593-361c-ef11-840a-000d3a0c4626}" />
      </MissingDependency>
      <MissingDependency>
        <Required type="26" schemaName="Active Operations" displayName="Active Operations" parentSchemaName="ovs_mocregistration" parentDisplayName="Operation" solution="Active" id="{98c7fee1-1d9f-4226-89bb-26e6be7057f8}" />
        <Dependent type="60" displayName="CRS Site Profile" parentDisplayName="Account" id="{a337ae25-a663-ee11-8df0-0022483d0343}" />
      </MissingDependency>
      <MissingDependency>
        <Required type="26" schemaName="Account Duplicated per Customer request" displayName="Account Duplicated per Customer request" parentSchemaName="account" parentDisplayName="Account" solution="Active" id="{9b760bd0-0437-ee11-bdf4-0022483d0343}" />
        <Dependent type="80" schemaName="crs_TDGIncidents" displayName="TDG Incidents / Incidents TMD" />
      </MissingDependency>
      <MissingDependency>
        <Required type="26" schemaName="Active Safety Data Sheets" displayName="Active Safety Data Sheets" parentSchemaName="ovs_sds" parentDisplayName="Safety Data Sheet" solution="Active" id="{a0e775dd-217b-44d7-9a95-4448f841f4e1}" />
        <Dependent type="60" displayName="DGAIS Organization" parentDisplayName="Account" id="{6cfff89f-351c-ef11-840a-6045bd614ecd}" />
      </MissingDependency>
      <MissingDependency>
        <Required type="26" schemaName="Active Safety Data Sheets" displayName="Active Safety Data Sheets" parentSchemaName="ovs_sds" parentDisplayName="Safety Data Sheet" solution="Active" id="{a0e775dd-217b-44d7-9a95-4448f841f4e1}" />
        <Dependent type="60" displayName="CRS Organization" parentDisplayName="Account" id="{913bf6bd-a463-ee11-8df0-0022483d0343}" />
      </MissingDependency>
      <MissingDependency>
        <Required type="26" schemaName="Site Associated Operations" displayName="Site Associated Operations" parentSchemaName="ovs_mocregistration" parentDisplayName="Operation" solution="Active" id="{a6fbfbaa-153c-ec11-8c62-0022483d71b4}" />
        <Dependent type="60" displayName="DGAIS Site Profile" parentDisplayName="Account" id="{8e8ef593-361c-ef11-840a-000d3a0c4626}" />
      </MissingDependency>
      <MissingDependency>
        <Required type="26" schemaName="Site Associated Operations" displayName="Site Associated Operations" parentSchemaName="ovs_mocregistration" parentDisplayName="Operation" solution="Active" id="{a6fbfbaa-153c-ec11-8c62-0022483d71b4}" />
        <Dependent type="60" displayName="CRS Site Profile" parentDisplayName="Account" id="{a337ae25-a663-ee11-8df0-0022483d0343}" />
      </MissingDependency>
      <MissingDependency>
        <Required type="26" schemaName="HOTI / HOTI GOA Sites" displayName="HOTI / HOTI GOA Sites" parentSchemaName="account" parentDisplayName="Account" solution="Active" id="{aba6669f-1cff-ed11-8f6d-0022483d0343}" />
        <Dependent type="80" schemaName="crs_TDGIncidents" displayName="TDG Incidents / Incidents TMD" />
      </MissingDependency>
      <MissingDependency>
        <Required type="26" schemaName="Territories Lookup View" displayName="Territories Lookup View" parentSchemaName="territory" parentDisplayName="Region" solution="msdynce_AppCommon (9.0.4.0066)" id="{ad81b2ca-9789-4465-8c56-94c10830a6ed}">
          <package>msdynce_AppCommonAnchor (9.0.24052.10002)</package>
        </Required>
        <Dependent type="60" displayName="DGAIS Organization" parentDisplayName="Account" id="{6cfff89f-351c-ef11-840a-6045bd614ecd}" />
      </MissingDependency>
      <MissingDependency>
        <Required type="26" schemaName="Territories Lookup View" displayName="Territories Lookup View" parentSchemaName="territory" parentDisplayName="Region" solution="msdynce_AppCommon (9.0.4.0066)" id="{ad81b2ca-9789-4465-8c56-94c10830a6ed}">
          <package>msdynce_AppCommonAnchor (9.0.24052.10002)</package>
        </Required>
        <Dependent type="60" displayName="DGAIS Site Profile" parentDisplayName="Account" id="{8e8ef593-361c-ef11-840a-000d3a0c4626}" />
      </MissingDependency>
      <MissingDependency>
        <Required type="26" schemaName="Territories Lookup View" displayName="Territories Lookup View" parentSchemaName="territory" parentDisplayName="Region" solution="msdynce_AppCommon (9.0.4.0066)" id="{ad81b2ca-9789-4465-8c56-94c10830a6ed}">
          <package>msdynce_AppCommonAnchor (9.0.24052.10002)</package>
        </Required>
        <Dependent type="60" displayName="CRS Organization" parentDisplayName="Account" id="{913bf6bd-a463-ee11-8df0-0022483d0343}" />
      </MissingDependency>
      <MissingDependency>
        <Required type="26" schemaName="Territories Lookup View" displayName="Territories Lookup View" parentSchemaName="territory" parentDisplayName="Region" solution="msdynce_AppCommon (9.0.4.0066)" id="{ad81b2ca-9789-4465-8c56-94c10830a6ed}">
          <package>msdynce_AppCommonAnchor (9.0.24052.10002)</package>
        </Required>
        <Dependent type="60" displayName="CRS Site Profile" parentDisplayName="Account" id="{a337ae25-a663-ee11-8df0-0022483d0343}" />
      </MissingDependency>
      <MissingDependency>
        <Required type="26" schemaName="Active Organization Manufacturers" displayName="Active Organization Manufacturers" parentSchemaName="ovs_organization_manufacturer" parentDisplayName="Organization Manufacturer" solution="Active" id="{bacdde2a-47b8-4bc1-a506-4e4bfdff1a5a}" />
        <Dependent type="60" displayName="DGAIS Organization" parentDisplayName="Account" id="{6cfff89f-351c-ef11-840a-6045bd614ecd}" />
      </MissingDependency>
      <MissingDependency>
        <Required type="26" schemaName="Active Organization Manufacturers" displayName="Active Organization Manufacturers" parentSchemaName="ovs_organization_manufacturer" parentDisplayName="Organization Manufacturer" solution="Active" id="{bacdde2a-47b8-4bc1-a506-4e4bfdff1a5a}" />
        <Dependent type="60" displayName="CRS Organization" parentDisplayName="Account" id="{913bf6bd-a463-ee11-8df0-0022483d0343}" />
      </MissingDependency>
      <MissingDependency>
        <Required type="26" schemaName="Active Registrations" displayName="Active Registrations" parentSchemaName="ovs_registration" parentDisplayName="Registration" solution="Active" id="{bff66839-6d76-45ee-8b5b-0b85c974c433}" />
        <Dependent type="60" displayName="DGAIS Organization" parentDisplayName="Account" id="{6cfff89f-351c-ef11-840a-6045bd614ecd}" />
      </MissingDependency>
      <MissingDependency>
        <Required type="26" schemaName="Active Registrations" displayName="Active Registrations" parentSchemaName="ovs_registration" parentDisplayName="Registration" solution="Active" id="{bff66839-6d76-45ee-8b5b-0b85c974c433}" />
        <Dependent type="60" displayName="CRS Organization" parentDisplayName="Account" id="{913bf6bd-a463-ee11-8df0-0022483d0343}" />
      </MissingDependency>
      <MissingDependency>
        <Required type="26" schemaName="Organization Contact Quick View" displayName="Organization Contact Quick View" parentSchemaName="ovs_organization_contact" parentDisplayName="Organization Contact" solution="Active" id="{e132db75-6318-ef11-840a-6045bd614ecd}" />
        <Dependent type="60" displayName="DGAIS Organization" parentDisplayName="Account" id="{6cfff89f-351c-ef11-840a-6045bd614ecd}" />
      </MissingDependency>
      <MissingDependency>
        <Required type="26" schemaName="Organization Contact Quick View" displayName="Organization Contact Quick View" parentSchemaName="ovs_organization_contact" parentDisplayName="Organization Contact" solution="Active" id="{e132db75-6318-ef11-840a-6045bd614ecd}" />
        <Dependent type="60" displayName="CRS Organization" parentDisplayName="Account" id="{913bf6bd-a463-ee11-8df0-0022483d0343}" />
      </MissingDependency>
      <MissingDependency>
        <Required type="26" schemaName="HOTI / HOTI GOA Organizations" displayName="HOTI / HOTI GOA Organizations" parentSchemaName="account" parentDisplayName="Account" solution="Active" id="{e3847669-10ff-ed11-8f6d-0022483d0343}" />
        <Dependent type="80" schemaName="crs_TDGIncidents" displayName="TDG Incidents / Incidents TMD" />
      </MissingDependency>
      <MissingDependency>
        <Required type="26" schemaName="Sites" displayName="Sites" parentSchemaName="account" parentDisplayName="Account" solution="Active" id="{e7ba8bd8-440a-eb11-a813-000d3af3a7a7}" />
        <Dependent type="80" schemaName="crs_TDGIncidents" displayName="TDG Incidents / Incidents TMD" />
      </MissingDependency>
      <MissingDependency>
        <Required type="29" displayName="NOP Process Flow" solution="Active" id="{01c6a4aa-a4de-4ff9-8ae4-e55aa4326e1f}" />
        <Dependent type="80" schemaName="crs_TDGIncidents" displayName="TDG Incidents / Incidents TMD" />
      </MissingDependency>
      <MissingDependency>
        <Required type="60" displayName="Organization" parentDisplayName="Account" solution="Active" id="{2dbe9c3a-901a-484d-9e68-8424cd897f8d}" />
        <Dependent type="80" schemaName="crs_TDGIncidents" displayName="TDG Incidents / Incidents TMD" />
      </MissingDependency>
      <MissingDependency>
        <Required type="60" displayName="TDG Incident Contact" parentDisplayName="Contact" solution="Active" id="{9f0eda25-2c1d-ef11-840a-6045bd614ecd}" />
        <Dependent type="80" schemaName="crs_TDGIncidents" displayName="TDG Incidents / Incidents TMD" />
      </MissingDependency>
      <MissingDependency>
        <Required type="60" displayName="Incident Organization Contact" parentDisplayName="Organization Contact" solution="Active" id="{e038b892-2d1d-ef11-840a-000d3a0c4626}" />
        <Dependent type="80" schemaName="crs_TDGIncidents" displayName="TDG Incidents / Incidents TMD" />
      </MissingDependency>
      <MissingDependency>
        <Required type="61" schemaName="AppCommon/Account/Account_main_system_library.js" displayName="AppCommon/Account/Account_main_system_library.js" solution="msdynce_AppCommon (9.0.4.0066)">
          <package>msdynce_AppCommonAnchor (9.0.24052.10002)</package>
        </Required>
        <Dependent type="60" displayName="DGAIS Organization" parentDisplayName="Account" id="{6cfff89f-351c-ef11-840a-6045bd614ecd}" />
      </MissingDependency>
      <MissingDependency>
        <Required type="61" schemaName="AppCommon/Account/Account_main_system_library.js" displayName="AppCommon/Account/Account_main_system_library.js" solution="msdynce_AppCommon (9.0.4.0066)">
          <package>msdynce_AppCommonAnchor (9.0.24052.10002)</package>
        </Required>
        <Dependent type="60" displayName="DGAIS Site Profile" parentDisplayName="Account" id="{8e8ef593-361c-ef11-840a-000d3a0c4626}" />
      </MissingDependency>
      <MissingDependency>
        <Required type="61" schemaName="AppCommon/Account/Account_main_system_library.js" displayName="AppCommon/Account/Account_main_system_library.js" solution="msdynce_AppCommon (9.0.4.0066)">
          <package>msdynce_AppCommonAnchor (9.0.24052.10002)</package>
        </Required>
        <Dependent type="60" displayName="CRS Organization" parentDisplayName="Account" id="{913bf6bd-a463-ee11-8df0-0022483d0343}" />
      </MissingDependency>
      <MissingDependency>
        <Required type="61" schemaName="crs_DGAIS_account_main.js" displayName="crs_DGAIS_account_main.js" solution="Active" />
        <Dependent type="60" displayName="DGAIS Organization" parentDisplayName="Account" id="{6cfff89f-351c-ef11-840a-6045bd614ecd}" />
      </MissingDependency>
      <MissingDependency>
        <Required type="61" schemaName="crs_DGAIS_site.js" displayName="crs_DGAIS_site.js" solution="Active" />
        <Dependent type="60" displayName="DGAIS Site Profile" parentDisplayName="Account" id="{8e8ef593-361c-ef11-840a-000d3a0c4626}" />
      </MissingDependency>
      <MissingDependency>
        <Required type="61" schemaName="msdyn_/Account/Account.Library.js" displayName="msdyn_/Account/Account.Library.js" solution="FieldService (8.8.0.88)">
          <package>FieldService_Anchor (8.8.117.32)</package>
        </Required>
        <Dependent type="60" displayName="DGAIS Organization" parentDisplayName="Account" id="{6cfff89f-351c-ef11-840a-6045bd614ecd}" />
      </MissingDependency>
      <MissingDependency>
        <Required type="61" schemaName="msdyn_/Account/Account.Library.js" displayName="msdyn_/Account/Account.Library.js" solution="FieldService (8.8.0.88)">
          <package>FieldService_Anchor (8.8.117.32)</package>
        </Required>
        <Dependent type="60" displayName="DGAIS Site Profile" parentDisplayName="Account" id="{8e8ef593-361c-ef11-840a-000d3a0c4626}" />
      </MissingDependency>
      <MissingDependency>
        <Required type="61" schemaName="msdyn_/Account/Account.Library.js" displayName="msdyn_/Account/Account.Library.js" solution="FieldService (8.8.0.88)">
          <package>FieldService_Anchor (8.8.117.32)</package>
        </Required>
        <Dependent type="60" displayName="CRS Organization" parentDisplayName="Account" id="{913bf6bd-a463-ee11-8df0-0022483d0343}" />
      </MissingDependency>
      <MissingDependency>
        <Required type="61" schemaName="msdyn_/Account/Account.Library.js" displayName="msdyn_/Account/Account.Library.js" solution="FieldService (8.8.0.88)">
          <package>FieldService_Anchor (8.8.117.32)</package>
        </Required>
        <Dependent type="60" displayName="CRS Site Profile" parentDisplayName="Account" id="{a337ae25-a663-ee11-8df0-0022483d0343}" />
      </MissingDependency>
      <MissingDependency>
        <Required type="61" schemaName="msdyn_/Images/AppModule_Default_Icon.png" displayName="msdyn_/Images/AppModule_Default_Icon.png" solution="AppModuleWebResources (2.5)" />
        <Dependent type="80" schemaName="crs_TDGIncidents" displayName="TDG Incidents / Incidents TMD" />
      </MissingDependency>
      <MissingDependency>
        <Required type="61" schemaName="msdyn_/Utils/FieldServiceTrial.js" displayName="msdyn_/Utils/FieldServiceTrial.js" solution="FieldService (8.8.0.88)">
          <package>FieldService_Anchor (8.8.117.32)</package>
        </Required>
        <Dependent type="60" displayName="DGAIS Organization" parentDisplayName="Account" id="{6cfff89f-351c-ef11-840a-6045bd614ecd}" />
      </MissingDependency>
      <MissingDependency>
        <Required type="61" schemaName="msdyn_/Utils/FieldServiceTrial.js" displayName="msdyn_/Utils/FieldServiceTrial.js" solution="FieldService (8.8.0.88)">
          <package>FieldService_Anchor (8.8.117.32)</package>
        </Required>
        <Dependent type="60" displayName="DGAIS Site Profile" parentDisplayName="Account" id="{8e8ef593-361c-ef11-840a-000d3a0c4626}" />
      </MissingDependency>
      <MissingDependency>
        <Required type="61" schemaName="msdyn_/Utils/FieldServiceTrial.js" displayName="msdyn_/Utils/FieldServiceTrial.js" solution="FieldService (8.8.0.88)">
          <package>FieldService_Anchor (8.8.117.32)</package>
        </Required>
        <Dependent type="60" displayName="CRS Organization" parentDisplayName="Account" id="{913bf6bd-a463-ee11-8df0-0022483d0343}" />
      </MissingDependency>
      <MissingDependency>
        <Required type="61" schemaName="msdyn_/Utils/FieldServiceTrial.js" displayName="msdyn_/Utils/FieldServiceTrial.js" solution="FieldService (8.8.0.88)">
          <package>FieldService_Anchor (8.8.117.32)</package>
        </Required>
        <Dependent type="60" displayName="CRS Site Profile" parentDisplayName="Account" id="{a337ae25-a663-ee11-8df0-0022483d0343}" />
      </MissingDependency>
      <MissingDependency>
        <Required type="61" schemaName="qm_globalHelper.js" displayName="qm_globalHelper.js" solution="Active" />
        <Dependent type="60" displayName="DGAIS Organization" parentDisplayName="Account" id="{6cfff89f-351c-ef11-840a-6045bd614ecd}" />
      </MissingDependency>
      <MissingDependency>
        <Required type="61" schemaName="qm_globalHelper.js" displayName="qm_globalHelper.js" solution="Active" />
        <Dependent type="60" displayName="DGAIS Site Profile" parentDisplayName="Account" id="{8e8ef593-361c-ef11-840a-000d3a0c4626}" />
      </MissingDependency>
      <MissingDependency>
        <Required type="61" schemaName="qm_globalHelper.js" displayName="qm_globalHelper.js" solution="Active" />
        <Dependent type="60" displayName="CRS Organization" parentDisplayName="Account" id="{913bf6bd-a463-ee11-8df0-0022483d0343}" />
      </MissingDependency>
      <MissingDependency>
        <Required type="61" schemaName="qm_globalHelper.js" displayName="qm_globalHelper.js" solution="Active" />
        <Dependent type="60" displayName="CRS Site Profile" parentDisplayName="Account" id="{a337ae25-a663-ee11-8df0-0022483d0343}" />
      </MissingDependency>
      <MissingDependency>
        <Required type="61" schemaName="qm_globalHelper.js" displayName="qm_globalHelper.js" solution="Active" />
        <Dependent type="60" displayName="Information" parentDisplayName="Incident" id="{a58c2822-51b7-4919-b85c-d94204f76f09}" />
      </MissingDependency>
      <MissingDependency>
        <Required type="61" schemaName="Sales/ClientCommon/Sales_ClientCommon.js" displayName="Sales/ClientCommon/Sales_ClientCommon.js" solution="msdynce_Sales (9.0.4.0076)">
          <package>msdynce_SalesAnchor (9.0.24052.10003)</package>
        </Required>
        <Dependent type="60" displayName="DGAIS Organization" parentDisplayName="Account" id="{6cfff89f-351c-ef11-840a-6045bd614ecd}" />
      </MissingDependency>
      <MissingDependency>
        <Required type="61" schemaName="Sales/ClientCommon/Sales_ClientCommon.js" displayName="Sales/ClientCommon/Sales_ClientCommon.js" solution="msdynce_Sales (9.0.4.0076)">
          <package>msdynce_SalesAnchor (9.0.24052.10003)</package>
        </Required>
        <Dependent type="60" displayName="DGAIS Site Profile" parentDisplayName="Account" id="{8e8ef593-361c-ef11-840a-000d3a0c4626}" />
      </MissingDependency>
      <MissingDependency>
        <Required type="61" schemaName="Sales/ClientCommon/Sales_ClientCommon.js" displayName="Sales/ClientCommon/Sales_ClientCommon.js" solution="msdynce_Sales (9.0.4.0076)">
          <package>msdynce_SalesAnchor (9.0.24052.10003)</package>
        </Required>
        <Dependent type="60" displayName="CRS Organization" parentDisplayName="Account" id="{913bf6bd-a463-ee11-8df0-0022483d0343}" />
      </MissingDependency>
      <MissingDependency>
        <Required type="62" schemaName="crs_TDGIncidents" solution="Active" />
        <Dependent type="80" schemaName="crs_TDGIncidents" displayName="TDG Incidents / Incidents TMD" />
      </MissingDependency>
      <MissingDependency>
        <Required type="66" schemaName="fdn_Canadapost.addressComplete" displayName="fdn_Canadapost.addressComplete" solution="CanadaPostAddressComplete (6.0)" />
        <Dependent type="60" displayName="DGAIS Organization" parentDisplayName="Account" id="{6cfff89f-351c-ef11-840a-6045bd614ecd}" />
      </MissingDependency>
      <MissingDependency>
        <Required type="66" schemaName="fdn_Canadapost.addressComplete" displayName="fdn_Canadapost.addressComplete" solution="CanadaPostAddressComplete (6.0)" />
        <Dependent type="60" displayName="DGAIS Site Profile" parentDisplayName="Account" id="{8e8ef593-361c-ef11-840a-000d3a0c4626}" />
      </MissingDependency>
      <MissingDependency>
        <Required type="66" schemaName="fdn_Canadapost.addressComplete" displayName="fdn_Canadapost.addressComplete" solution="CanadaPostAddressComplete (6.0)" />
        <Dependent type="60" displayName="CRS Organization" parentDisplayName="Account" id="{913bf6bd-a463-ee11-8df0-0022483d0343}" />
      </MissingDependency>
      <MissingDependency>
        <Required type="66" schemaName="fdn_Canadapost.addressComplete" displayName="fdn_Canadapost.addressComplete" solution="CanadaPostAddressComplete (6.0)" />
        <Dependent type="60" displayName="CRS Site Profile" parentDisplayName="Account" id="{a337ae25-a663-ee11-8df0-0022483d0343}" />
      </MissingDependency>
      <MissingDependency>
        <Required type="66" schemaName="MscrmControls.CardFeedContainer.CardFeedContainer" displayName="MscrmControls.CardFeedContainer.CardFeedContainer" solution="BaseCustomControlsCore (9.0.2405.2023)" />
        <Dependent type="60" displayName="DGAIS Organization" parentDisplayName="Account" id="{6cfff89f-351c-ef11-840a-6045bd614ecd}" />
      </MissingDependency>
      <MissingDependency>
        <Required type="66" schemaName="MscrmControls.CardFeedContainer.CardFeedContainer" displayName="MscrmControls.CardFeedContainer.CardFeedContainer" solution="BaseCustomControlsCore (9.0.2405.2023)" />
        <Dependent type="60" displayName="CRS Organization" parentDisplayName="Account" id="{913bf6bd-a463-ee11-8df0-0022483d0343}" />
      </MissingDependency>
      <MissingDependency>
        <Required type="SettingDefinition" displayName="AppChannel" solution="msdyn_AppFrameworkInfraExtensions (1.0.0.10)" id.uniquename="AppChannel" />
        <Dependent type="AppSetting" displayName="parentappmoduleid.uniquename=crs_TDGIncidents,settingdefinitionid.uniquename=AppChannel" id.parentappmoduleid.uniquename="crs_TDGIncidents" id.settingdefinitionid.uniquename="AppChannel" />
      </MissingDependency>
      <MissingDependency>
        <Required type="SettingDefinition" displayName="appcopilotenabled" solution="msdyn_AppCopilotAppInfraSettings (1.0.0.9)" id.uniquename="appcopilotenabled" />
        <Dependent type="AppSetting" displayName="parentappmoduleid.uniquename=crs_TDGIncidents,settingdefinitionid.uniquename=appcopilotenabled" id.parentappmoduleid.uniquename="crs_TDGIncidents" id.settingdefinitionid.uniquename="appcopilotenabled" />
      </MissingDependency>
      <MissingDependency>
        <Required type="SettingDefinition" displayName="enablecopilotautotriggersummarize" solution="msdyn_AppCopilotAppInfraSettings (1.0.0.9)" id.uniquename="enablecopilotautotriggersummarize" />
        <Dependent type="AppSetting" displayName="parentappmoduleid.uniquename=crs_TDGIncidents,settingdefinitionid.uniquename=enablecopilotautotriggersummarize" id.parentappmoduleid.uniquename="crs_TDGIncidents" id.settingdefinitionid.uniquename="enablecopilotautotriggersummarize" />
      </MissingDependency>
      <MissingDependency>
        <Required type="SettingDefinition" displayName="msdyn_EnableSMSButtonInActivity" solution="msdyn_SalesOmniChannel (9.1.24051.10006)" id.uniquename="msdyn_EnableSMSButtonInActivity">
          <package>msdyn_AcceleratedSalesAnchor (9.1.24051.10006)</package>
        </Required>
        <Dependent type="AppSetting" displayName="parentappmoduleid.uniquename=crs_TDGIncidents,settingdefinitionid.uniquename=msdyn_EnableSMSButtonInActivity" id.parentappmoduleid.uniquename="crs_TDGIncidents" id.settingdefinitionid.uniquename="msdyn_EnableSMSButtonInActivity" />
      </MissingDependency>
    </MissingDependencies>
  </SolutionManifest>
</ImportExportXml>