<ImportExportXml xmlns:xsi="http://www.w3.org/2001/XMLSchema-instance">
  <Entities>
    <Entity>
      <Name LocalizedName="Organization NAICS Code" OriginalName="Company NAICS Code">cid_CompanyNAICSCode</Name>
      <SavedQueries>
        <savedqueries>
          <savedquery>
            <IsCustomizable>1</IsCustomizable>
            <CanBeDeleted>1</CanBeDeleted>
            <isquickfindquery>0</isquickfindquery>
            <isprivate>0</isprivate>
            <isdefault>0</isdefault>
            <savedqueryid>{0494e5e7-f48b-ed11-81ac-0022483e130e}</savedqueryid>
            <layoutxml>
              <grid name="resultset" jump="cid_name" select="1" preview="1" icon="1">
                <row name="result" id="cid_companynaicscodeid">
                  <cell name="cid_naicscode" width="125" imageproviderfunctionname="" imageproviderwebresource="$webresource:" />
                  <cell name="a_328065ce7948ec118c60000d3a84fcd9.cid_naicsclasstitle" width="300" disableSorting="1" imageproviderfunctionname="" imageproviderwebresource="$webresource:" />
                  <cell name="cid_portalrecordmodificationdetails" width="200" imageproviderfunctionname="" imageproviderwebresource="$webresource:" />
                </row>
              </grid>
            </layoutxml>
            <querytype>0</querytype>
            <fetchxml>
              <fetch version="1.0" output-format="xml-platform" mapping="logical" distinct="false">
                <entity name="cid_companynaicscode">
                  <attribute name="cid_naicscode" />
                  <order attribute="cid_naicscode" descending="false" />
                  <filter type="and">
                    <condition attribute="statuscode" operator="eq" value="1" />
                  </filter>
                  <link-entity name="cid_naicscode" from="cid_naicscodeid" to="cid_naicscode" visible="false" link-type="outer" alias="a_328065ce7948ec118c60000d3a84fcd9">
                    <attribute name="cid_naicsclasstitle" />
                  </link-entity>
                  <attribute name="cid_portalrecordmodificationdetails" />
                  <attribute name="cid_companynaicscodeid" />
                </entity>
              </fetch>
            </fetchxml>
            <IntroducedVersion>1.0.0.0</IntroducedVersion>
            <LocalizedNames>
              <LocalizedName description="CID Portal - In Year NAICS Codes" languagecode="1033" />
              <LocalizedName description="Portail de la BDIC – Codes du SCIAN en cours d’année" languagecode="1036" />
            </LocalizedNames>
          </savedquery>
          <savedquery>
            <IsCustomizable>1</IsCustomizable>
            <CanBeDeleted>1</CanBeDeleted>
            <isquickfindquery>0</isquickfindquery>
            <isprivate>0</isprivate>
            <isdefault>0</isdefault>
            <savedqueryid>{51a1c9ee-db7b-ec11-8d20-000d3aff1221}</savedqueryid>
            <layoutxml>
              <grid name="resultset" jump="cid_name" select="1" preview="1" icon="1">
                <row name="result" id="cid_companynaicscodeid">
                  <cell name="cid_naicscode" width="125" imageproviderfunctionname="" imageproviderwebresource="$webresource:" />
                  <cell name="a_328065ce7948ec118c60000d3a84fcd9.cid_naicsclasstitle" width="200" disableSorting="1" imageproviderfunctionname="" imageproviderwebresource="$webresource:" />
                  <cell name="cid_portalrecordcreationdetails" width="200" imageproviderfunctionname="" imageproviderwebresource="$webresource:" />
                </row>
              </grid>
            </layoutxml>
            <querytype>0</querytype>
            <fetchxml>
              <fetch version="1.0" output-format="xml-platform" mapping="logical" distinct="false">
                <entity name="cid_companynaicscode">
                  <attribute name="cid_naicscode" />
                  <attribute name="cid_portalrecordcreationdetails" />
                  <order attribute="cid_naicscode" descending="false" />
                  <filter type="and">
                    <condition attribute="statuscode" operator="eq" value="1" />
                  </filter>
                  <link-entity name="cid_naicscode" from="cid_naicscodeid" to="cid_naicscode" visible="false" link-type="outer" alias="a_328065ce7948ec118c60000d3a84fcd9">
                    <attribute name="cid_naicsclasstitle" />
                  </link-entity>
                  <attribute name="cid_companynaicscodeid" />
                </entity>
              </fetch>
            </fetchxml>
            <IntroducedVersion>1.0.0.0</IntroducedVersion>
            <LocalizedNames>
              <LocalizedName description="CID Portal - NAICS Codes" languagecode="1033" />
              <LocalizedName description="Portail de la BDIC – Codes du SCIAN" languagecode="1036" />
            </LocalizedNames>
          </savedquery>
          <savedquery>
            <IsCustomizable>1</IsCustomizable>
            <CanBeDeleted>1</CanBeDeleted>
            <isquickfindquery>0</isquickfindquery>
            <isprivate>0</isprivate>
            <isdefault>0</isdefault>
            <savedqueryid>{5c2d25d5-c992-ec11-b3fe-000d3a0c187c}</savedqueryid>
            <layoutxml>
              <grid name="resultset" jump="cid_name" select="1" preview="1" icon="1">
                <row name="result" id="cid_companynaicscodeid">
                  <cell name="cid_company" width="100" />
                </row>
              </grid>
            </layoutxml>
            <querytype>0</querytype>
            <fetchxml>
              <fetch version="1.0" output-format="xml-platform" mapping="logical" distinct="false">
                <entity name="cid_companynaicscode">
                  <attribute name="cid_company" />
                  <order attribute="cid_company" descending="false" />
                  <filter type="and">
                    <condition attribute="statuscode" operator="eq" value="1" />
                    <condition attribute="cid_portalrecordcreationdetails" operator="not-null" />
                  </filter>
                  <attribute name="cid_companynaicscodeid" />
                </entity>
              </fetch>
            </fetchxml>
            <IntroducedVersion>1.0.0.0</IntroducedVersion>
            <LocalizedNames>
              <LocalizedName description="CID Portal - Validation - NAICS Codes" languagecode="1033" />
              <LocalizedName description="Portail de la BDIC – Validation – Codes du SCIAN" languagecode="1036" />
            </LocalizedNames>
          </savedquery>
        </savedqueries>
      </SavedQueries>
      <RibbonDiffXml>
        <CustomActions />
        <Templates>
          <RibbonTemplates Id="Mscrm.Templates"></RibbonTemplates>
        </Templates>
        <CommandDefinitions />
        <RuleDefinitions>
          <TabDisplayRules />
          <DisplayRules />
          <EnableRules />
        </RuleDefinitions>
        <LocLabels />
      </RibbonDiffXml>
    </Entity>
    <Entity>
      <Name LocalizedName="Incident" OriginalName="Incident">ovs_Incident</Name>
      <EntityInfo>
        <entity Name="ovs_Incident">
          <attributes>
            <attribute PhysicalName="ovs_reportable_ind">
              <Type>bit</Type>
              <Name>ovs_reportable_ind</Name>
              <LogicalName>ovs_reportable_ind</LogicalName>
              <RequiredLevel>none</RequiredLevel>
              <DisplayMask>ValidForAdvancedFind|ValidForForm|ValidForGrid</DisplayMask>
              <ImeMode>auto</ImeMode>
              <ValidForUpdateApi>1</ValidForUpdateApi>
              <ValidForReadApi>1</ValidForReadApi>
              <ValidForCreateApi>1</ValidForCreateApi>
              <IsCustomField>1</IsCustomField>
              <IsAuditEnabled>1</IsAuditEnabled>
              <IsSecured>0</IsSecured>
              <IntroducedVersion>1.0.0.0</IntroducedVersion>
              <IsCustomizable>1</IsCustomizable>
              <IsRenameable>1</IsRenameable>
              <CanModifySearchSettings>1</CanModifySearchSettings>
              <CanModifyRequirementLevelSettings>1</CanModifyRequirementLevelSettings>
              <CanModifyAdditionalSettings>1</CanModifyAdditionalSettings>
              <SourceType>0</SourceType>
              <IsGlobalFilterEnabled>0</IsGlobalFilterEnabled>
              <IsSortableEnabled>0</IsSortableEnabled>
              <CanModifyGlobalFilterSettings>1</CanModifyGlobalFilterSettings>
              <CanModifyIsSortableSettings>1</CanModifyIsSortableSettings>
              <IsDataSourceSecret>0</IsDataSourceSecret>
              <AutoNumberFormat></AutoNumberFormat>
              <IsSearchable>0</IsSearchable>
              <IsFilterable>0</IsFilterable>
              <IsRetrievable>0</IsRetrievable>
              <IsLocalizable>0</IsLocalizable>
              <AppDefaultValue>0</AppDefaultValue>
              <optionset Name="ovs_incident_ovs_reportable_ind">
                <OptionSetType>bit</OptionSetType>
                <IntroducedVersion>1.0.0.0</IntroducedVersion>
                <IsCustomizable>1</IsCustomizable>
                <ExternalTypeName></ExternalTypeName>
                <displaynames>
                  <displayname description="Reportable" languagecode="1033" />
                </displaynames>
                <Descriptions>
                  <Description description="" languagecode="1033" />
                </Descriptions>
                <options>
                  <option value="1" ExternalValue="">
                    <labels>
                      <label description="Yes" languagecode="1033" />
                    </labels>
                  </option>
                  <option value="0" ExternalValue="">
                    <labels>
                      <label description="No" languagecode="1033" />
                    </labels>
                  </option>
                </options>
              </optionset>
              <displaynames>
                <displayname description="Reportable" languagecode="1033" />
              </displaynames>
              <Descriptions>
                <Description description="" languagecode="1033" />
              </Descriptions>
            </attribute>
          </attributes>
        </entity>
      </EntityInfo>
      <FormXml>
        <forms type="main">
          <systemform>
            <formid>{a58c2822-51b7-4919-b85c-d94204f76f09}</formid>
            <IntroducedVersion>1.0</IntroducedVersion>
            <FormPresentation>1</FormPresentation>
            <FormActivationState>1</FormActivationState>
            <form headerdensity="HighWithControls" shownavigationbar="true" showImage="false" maxWidth="1920">
              <tabs>
                <tab verticallayout="true" id="{7e90e34f-6627-42a3-8a21-5b70dd549cae}" IsUserDefined="1" name="General">
                  <labels>
                    <label description="General" languagecode="1033" />
                    <label description="Général" languagecode="1036" />
                  </labels>
                  <columns>
                    <column width="100%">
                      <sections>
                        <section showlabel="false" showbar="false" IsUserDefined="0" id="{865e5d83-1e37-4786-bb33-7293fe5e8910}" name="General" columns="11">
                          <labels>
                            <label description="General" languagecode="1033" />
                            <label description="Général" languagecode="1036" />
                          </labels>
                          <rows>
                            <row>
                              <cell id="{d903a69d-0062-41a8-a990-4c1ea053cb14}" visible="true" colspan="1" rowspan="1">
                                <labels>
                                  <label description="" languagecode="1033" />
                                </labels>
                                <control id="ovs_name" classid="{4273EDBD-AC1D-40d3-9FB2-095C621B552D}" datafieldname="ovs_name" />
                              </cell>
                              <cell id="{99115e01-8deb-4899-b323-432a913ae1c1}" locklevel="0" colspan="1" rowspan="4">
                                <labels>
                                  <label description="" languagecode="1033" />
                                </labels>
                                <control id="ovs_summary_txt" classid="{E0DECE4B-6FC8-4A8F-A065-082708572369}" datafieldname="ovs_summary_txt" disabled="false" />
                              </cell>
                            </row>
                            <row />
                            <row />
                            <row />
                            <row>
                              <cell id="{6e6d451d-5a3b-4626-a82a-0bab5eb88450}" locklevel="0" colspan="1" rowspan="1">
                                <labels>
                                  <label description="" languagecode="1033" />
                                </labels>
                                <control id="ovs_release_type_cd" classid="{4AA28AB7-9C13-4F57-A73D-AD894D048B5F}" datafieldname="ovs_release_type_cd" disabled="false" />
                              </cell>
                              <cell locklevel="0" id="{e283f034-9367-42e2-9be0-5b394a9df6dc}">
                                <labels>
                                  <label description="" languagecode="1033" />
                                </labels>
                              </cell>
                            </row>
                            <row>
                              <cell id="{74346777-cef8-41d5-b5f4-c9269484a6c2}" locklevel="0" colspan="1" rowspan="1" showlabel="true" visible="false">
                                <labels>
                                  <label description="Other Release Type" languagecode="1033" />
                                  <label description="Autre nature du rejet" languagecode="1036" />
                                </labels>
                                <control id="ovs_release_type_other_txt" classid="{4273EDBD-AC1D-40D3-9FB2-095C621B552D}" datafieldname="ovs_release_type_other_txt" disabled="false" />
                              </cell>
                              <cell locklevel="0" id="{1f51b378-2b99-4d11-8617-fac1d905db14}">
                                <labels>
                                  <label description="" languagecode="1033" />
                                </labels>
                              </cell>
                            </row>
                            <row>
                              <cell id="{1d2cb04a-7569-42c2-a08d-bcad7fe81885}">
                                <labels>
                                  <label description="" languagecode="1033" />
                                </labels>
                                <control id="ownerid" classid="{270BD3DB-D9AF-4782-9025-509E298DEC0A}" datafieldname="ownerid" />
                              </cell>
                              <cell locklevel="0" id="{27606d7b-1319-4080-82e8-7af1e54ff521}">
                                <labels>
                                  <label description="" languagecode="1033" />
                                </labels>
                              </cell>
                            </row>
                          </rows>
                        </section>
                        <section name="General_section_3" id="b7d3a08e-618c-4e94-bfae-2940cb2b0c27" IsUserDefined="0" locklevel="0" showlabel="false" showbar="false" layout="varwidth" celllabelalignment="Left" celllabelposition="Left" columns="11" labelwidth="115">
                          <labels>
                            <label description="New Section" languagecode="1033" />
                          </labels>
                          <rows>
                            <row>
                              <cell id="{56594ce9-c5c6-4b65-81fd-f0bcf7b81026}" showlabel="false">
                                <labels>
                                  <label description="" languagecode="1033" />
                                </labels>
                              </cell>
                              <cell id="{d1261d45-1c6a-424a-ba70-cf95054d27e6}" showlabel="false">
                                <labels>
                                  <label description="" languagecode="1033" />
                                </labels>
                              </cell>
                            </row>
                            <row>
                              <cell id="{5d55e6e7-488d-43d5-b759-0081e04a7404}" locklevel="0" colspan="1" rowspan="1">
                                <labels>
                                  <label description="" languagecode="1033" />
                                </labels>
                                <control id="ovs_scope_cd" classid="{4AA28AB7-9C13-4F57-A73D-AD894D048B5F}" datafieldname="ovs_scope_cd" disabled="false" />
                              </cell>
                              <cell id="{48c6666c-d05a-4008-a97f-435850eb55c2}" locklevel="0" colspan="1" rowspan="1" visible="true">
                                <labels>
                                  <label description="Main Impact" languagecode="1033" />
                                  <label description="Principal impact" languagecode="1036" />
                                </labels>
                                <control id="ovs_main_impact_cds" classid="{4AA28AB7-9C13-4F57-A73D-AD894D048B5F}" datafieldname="ovs_main_impact_cds" disabled="false" />
                              </cell>
                            </row>
                            <row>
                              <cell id="{2ec927a8-f573-4e47-b49b-3bd8de972e41}" locklevel="0" colspan="1" rowspan="1">
                                <labels>
                                  <label description="" languagecode="1033" />
                                </labels>
                                <control id="ovs_reportable_ind" classid="{F9A8A302-114E-466A-B582-6771B2AE0D92}" datafieldname="ovs_reportable_ind" disabled="false" uniqueid="{a1ff720b-aed5-4b7b-b52f-38d3217c6e6b}" />
                              </cell>
                            </row>
                          </rows>
                        </section>
                        <section name="General_section_5" id="cfe1ada0-7851-4eef-8a90-b972d2c39130" IsUserDefined="0" locklevel="0" showlabel="false" showbar="false" layout="varwidth" celllabelalignment="Left" celllabelposition="Left" columns="11" labelwidth="115">
                          <labels>
                            <label description="New Section" languagecode="1033" />
                          </labels>
                          <rows>
                            <row>
                              <cell locklevel="0" id="{df6c3550-86f7-4400-a8d6-a9aa97a846ed}" showlabel="false">
                                <labels>
                                  <label description="" languagecode="1033" />
                                </labels>
                              </cell>
                              <cell locklevel="0" id="{9a6d2fd1-17aa-474d-aa14-4ce176dd9fa8}" showlabel="false">
                                <labels>
                                  <label description="" languagecode="1033" />
                                </labels>
                              </cell>
                            </row>
                            <row>
                              <cell id="{a3dec6c2-2e68-4a7c-83dd-7fb066b21968}" locklevel="0" colspan="1" rowspan="1">
                                <labels>
                                  <label description="" languagecode="1033" />
                                </labels>
                                <control id="ovs_closure_cd" classid="{F9A8A302-114E-466A-B582-6771B2AE0D92}" datafieldname="ovs_closure_cd" disabled="false" uniqueid="{9bb39ce4-f225-459e-a1ec-b5ca93ca8e7b}" />
                              </cell>
                              <cell id="{170d068d-da15-4a88-afbd-96451cbfe242}" locklevel="0" colspan="1" rowspan="1">
                                <labels>
                                  <label description="" languagecode="1033" />
                                </labels>
                                <control id="ovs_closure_type_cd" classid="{4AA28AB7-9C13-4F57-A73D-AD894D048B5F}" datafieldname="ovs_closure_type_cd" disabled="false" />
                              </cell>
                            </row>
                            <row>
                              <cell id="{429ca4fc-172a-49ce-831d-ea6b58db8c9f}" locklevel="0" colspan="1" rowspan="1">
                                <labels>
                                  <label description="" languagecode="1033" />
                                </labels>
                                <control id="ovs_duration_num" classid="{C6D124CA-7EDA-4A60-AEA9-7FB8D318B68F}" datafieldname="ovs_duration_num" disabled="false" />
                              </cell>
                              <cell id="{f0949ed6-e45e-48bb-9040-3a38aaa1f68e}" locklevel="0" colspan="1" rowspan="1">
                                <labels>
                                  <label description="" languagecode="1033" />
                                </labels>
                                <control id="ovs_closure_type_other_txt" classid="{4273EDBD-AC1D-40D3-9FB2-095C621B552D}" datafieldname="ovs_closure_type_other_txt" disabled="false" />
                              </cell>
                            </row>
                          </rows>
                        </section>
                        <section name="General_section_4" id="e6228db6-6036-4783-9ad3-e7c624320117" IsUserDefined="0" locklevel="0" showlabel="true" showbar="false" layout="varwidth" celllabelalignment="Left" celllabelposition="Top" columns="1" labelwidth="115" height="auto">
                          <labels>
                            <label description="Incident Organization Roles" languagecode="1033" />
                          </labels>
                          <rows>
                            <row>
                              <cell id="{b4824981-ce8a-9890-ab45-cb726eb79a25}" showlabel="false" colspan="1" auto="true" rowspan="4">
                                <labels>
                                  <label description="Incident Organizations (Incident)" languagecode="1033" />
                                  <label description="Organisations liées à l'incident" languagecode="1036" />
                                </labels>
                                <control id="Participants" classid="{F9A8A302-114E-466A-B582-6771B2AE0D92}" indicationOfSubgrid="true" uniqueid="{2a85d62d-de75-2478-c563-16c57111ed8c}">
                                  <parameters>
                                    <ViewId>{D103A530-2828-EF11-840B-6045BD61F005}</ViewId>
                                    <IsUserView>false</IsUserView>
                                    <RelationshipName>ovs_incident_organization_incident</RelationshipName>
                                    <TargetEntityType>ovs_incident_organization</TargetEntityType>
                                    <AutoExpand>Auto</AutoExpand>
                                    <EnableQuickFind>false</EnableQuickFind>
                                    <EnableViewPicker>false</EnableViewPicker>
                                    <ViewIds>{20ED5633-C649-4BC6-8BC2-88884D52FD3B},{D103A530-2828-EF11-840B-6045BD61F005}</ViewIds>
                                    <EnableJumpBar>false</EnableJumpBar>
                                    <ChartGridMode>Grid</ChartGridMode>
                                    <VisualizationId />
                                    <IsUserChart>false</IsUserChart>
                                    <EnableChartPicker>false</EnableChartPicker>
                                    <RecordsPerPage>8</RecordsPerPage>
                                    <HeaderColorCode>#F3F3F3</HeaderColorCode>
                                  </parameters>
                                </control>
                              </cell>
                            </row>
                            <row />
                            <row />
                            <row height="auto" />
                          </rows>
                        </section>
                      </sections>
                    </column>
                  </columns>
                </tab>
                <tab name="tab_Injuries" id="1d830d7c-811b-4c37-8353-b5af9a6c3fcb" IsUserDefined="0" locklevel="0" showlabel="true">
                  <labels>
                    <label description="Injuries" languagecode="1033" />
                  </labels>
                  <columns>
                    <column width="100%">
                      <sections>
                        <section name="tab_3_section_injuries_editable" id="7c647120-3f7f-46fa-b4b0-0016da89d376" IsUserDefined="0" locklevel="0" showlabel="false" showbar="false" layout="varwidth" celllabelalignment="Left" celllabelposition="Left" columns="1" labelwidth="115" height="auto" visible="false">
                          <labels>
                            <label description="Injuries Editable" languagecode="1033" />
                          </labels>
                          <rows>
                            <row>
                              <cell id="{e06dbd3b-71c4-340b-5161-b94eca65373c}" showlabel="false" colspan="1" auto="false" rowspan="12">
                                <labels>
                                  <label description="Injuries Editable" languagecode="1033" />
                                  <label description="Blessures - modifiable" languagecode="1036" />
                                </labels>
                                <control id="injuries_editable" classid="{F9A8A302-114E-466A-B582-6771B2AE0D92}" indicationOfSubgrid="true" uniqueid="{adce82ea-b784-5756-bd06-5abc88a2b0ba}">
                                  <parameters>
                                    <ViewId>{6D78BC9F-C028-EF11-840B-6045BD614ECD}</ViewId>
                                    <IsUserView>false</IsUserView>
                                    <RelationshipName>ovs_incident_injury</RelationshipName>
                                    <TargetEntityType>ovs_incident_injury</TargetEntityType>
                                    <AutoExpand>Fixed</AutoExpand>
                                    <EnableQuickFind>false</EnableQuickFind>
                                    <EnableViewPicker>false</EnableViewPicker>
                                    <ViewIds>{134F9C6F-FD2B-4871-B117-352CB1D697DE},{6D78BC9F-C028-EF11-840B-6045BD614ECD}</ViewIds>
                                    <EnableJumpBar>false</EnableJumpBar>
                                    <ChartGridMode>Grid</ChartGridMode>
                                    <VisualizationId />
                                    <IsUserChart>false</IsUserChart>
                                    <EnableChartPicker>false</EnableChartPicker>
                                    <RecordsPerPage>10</RecordsPerPage>
                                    <HeaderColorCode>#F3F3F3</HeaderColorCode>
                                  </parameters>
                                </control>
                              </cell>
                            </row>
                            <row />
                            <row />
                            <row height="auto" />
                            <row />
                            <row />
                            <row />
                            <row />
                            <row />
                            <row />
                            <row />
                            <row />
                          </rows>
                        </section>
                        <section name="tab_3_section_injuries_rd_only" id="80f7f49a-52aa-423e-9963-b384cc41167f" IsUserDefined="0" locklevel="0" showlabel="false" showbar="false" layout="varwidth" celllabelalignment="Left" celllabelposition="Left" columns="1" labelwidth="115" visible="false">
                          <labels>
                            <label description="Injuries Read Only" languagecode="1033" />
                          </labels>
                          <rows>
                            <row>
                              <cell id="{631881ec-388f-416a-8f8d-594c2ece20be}">
                                <labels>
                                  <label description="" languagecode="1033" />
                                </labels>
                              </cell>
                            </row>
                            <row>
                              <cell locklevel="0" id="{c94621df-7b49-4d14-a80e-efa1d68b8eef}" rowspan="4" colspan="1" auto="false" showlabel="false">
                                <labels>
                                  <label description="Injuries Readonly" languagecode="1033" />
                                  <label description="Blessures - Lecture seule" languagecode="1036" />
                                </labels>
                                <control indicationOfSubgrid="true" id="injuries_readonly" classid="{E7A81278-8635-4D9E-8D4D-59480B391C5B}" uniqueid="{d9a3bc1e-49ce-7213-c73a-dce06cbaadd0}">
                                  <parameters>
                                    <RecordsPerPage>10</RecordsPerPage>
                                    <AutoExpand>Fixed</AutoExpand>
                                    <EnableQuickFind>false</EnableQuickFind>
                                    <EnableViewPicker>false</EnableViewPicker>
                                    <EnableChartPicker>false</EnableChartPicker>
                                    <ChartGridMode>Grid</ChartGridMode>
                                    <TargetEntityType>ovs_incident_injury</TargetEntityType>
                                    <ViewId>{6D78BC9F-C028-EF11-840B-6045BD614ECD}</ViewId>
                                    <ViewIds>{134F9C6F-FD2B-4871-B117-352CB1D697DE},{6D78BC9F-C028-EF11-840B-6045BD614ECD}</ViewIds>
                                    <RelationshipName>ovs_incident_injury</RelationshipName>
                                    <HeaderColorCode />
                                    <IsUserView>false</IsUserView>
                                    <EnableJumpBar>false</EnableJumpBar>
                                    <VisualizationId />
                                    <IsUserChart>false</IsUserChart>
                                  </parameters>
                                </control>
                              </cell>
                            </row>
                            <row />
                            <row />
                            <row />
                          </rows>
                        </section>
                      </sections>
                    </column>
                  </columns>
                </tab>
                <tab name="tab_2" id="ce4ce7e5-23b0-4424-a373-3a732fffb2fe" IsUserDefined="0" locklevel="0" showlabel="true">
                  <labels>
                    <label description="Temp new fields keep" languagecode="1033" />
                  </labels>
                  <columns>
                    <column width="50%">
                      <sections>
                        <section name="tab_2_section_1" id="c5dc174d-4da2-455b-a9d8-bae8d8b6da36" IsUserDefined="0" locklevel="0" showlabel="false" showbar="false" layout="varwidth" celllabelalignment="Left" celllabelposition="Top" columns="1" labelwidth="115">
                          <labels>
                            <label description="New Section" languagecode="1033" />
                          </labels>
                          <rows>
                            <row>
                              <cell id="{586b7596-4ff1-444d-b44c-ff53b8cb3ecf}" showlabel="false">
                                <labels>
                                  <label description="" languagecode="1033" />
                                </labels>
                              </cell>
                            </row>
                            <row>
                              <cell id="{690d8f60-2741-4db3-b7cc-ecb0e26b2158}" locklevel="0" colspan="1" rowspan="1">
                                <labels>
                                  <label description="" languagecode="1033" />
                                </labels>
                                <control id="ovs_source_cds" classid="{4AA28AB7-9C13-4F57-A73D-AD894D048B5F}" datafieldname="ovs_source_cds" disabled="false" />
                              </cell>
                            </row>
                            <row>
                              <cell id="{f609175b-e420-4b6c-bbe4-77c1a9a35470}" locklevel="0" colspan="1" rowspan="1">
                                <labels>
                                  <label description="Other Source" languagecode="1033" />
                                  <label description="Autre source" languagecode="1036" />
                                </labels>
                                <control id="ovs_other_source_txt" classid="{4273EDBD-AC1D-40D3-9FB2-095C621B552D}" datafieldname="ovs_other_source_txt" disabled="false" />
                              </cell>
                            </row>
                            <row>
                              <cell id="{898e456d-0a78-4a19-bf1a-0043ed717b46}" locklevel="0" colspan="1" rowspan="1">
                                <labels>
                                  <label description="MOC Capacity" languagecode="1033" />
                                  <label description="Capacité du contenant" languagecode="1036" />
                                </labels>
                                <control id="ovs_moc_capacity_cd" classid="{3EF39988-22BB-4F0B-BBBE-64B5A3748AEE}" datafieldname="ovs_moc_capacity_cd" disabled="false" />
                              </cell>
                            </row>
                            <row>
                              <cell id="{a29e94a1-7bb3-46df-b4a3-ee323e86dc12}" locklevel="0" colspan="1" rowspan="1">
                                <labels>
                                  <label description="" languagecode="1033" />
                                </labels>
                                <control id="ovs_physical_impact_flag_ind" classid="{F9A8A302-114E-466A-B582-6771B2AE0D92}" datafieldname="ovs_physical_impact_flag_ind" disabled="false" uniqueid="{430ab37a-1a2a-4b27-b641-2a3e4023e258}" />
                              </cell>
                            </row>
                            <row>
                              <cell id="{96b1aa22-a542-49fe-8b7d-6f27781d5c0e}" locklevel="0" colspan="1" rowspan="1">
                                <labels>
                                  <label description="Physical Impact Characteristics" languagecode="1033" />
                                  <label description="Caractéristiques de l’impact physique" languagecode="1036" />
                                </labels>
                                <control id="ovs_physical_impact_cds" classid="{4AA28AB7-9C13-4F57-A73D-AD894D048B5F}" datafieldname="ovs_physical_impact_cds" disabled="false" />
                              </cell>
                            </row>
                            <row>
                              <cell id="{3151ae44-df12-4ade-9c0e-ce55a400a4d7}" locklevel="0" colspan="1" rowspan="1" visible="false">
                                <labels>
                                  <label description="Other Physical Impact Characteristics" languagecode="1033" />
                                  <label description="Autres caractéristiques de l’impact physique" languagecode="1036" />
                                </labels>
                                <control id="ovs_other_physical_impact_txt" classid="{4273EDBD-AC1D-40D3-9FB2-095C621B552D}" datafieldname="ovs_other_physical_impact_txt" disabled="false" />
                              </cell>
                            </row>
                            <row>
                              <cell id="{89ba2f6d-75ca-4c49-86a0-68c97a9e8fab}" locklevel="0" colspan="1" rowspan="1">
                                <labels>
                                  <label description="Was there an Evacuation as a result to the incident?" languagecode="1033" />
                                  <label description=" Est-ce qu'il y a eu une évaluation résultant de l'incident" languagecode="1036" />
                                </labels>
                                <control id="ovs_evacuation_due_incident_ind" classid="{F9A8A302-114E-466A-B582-6771B2AE0D92}" datafieldname="ovs_evacuation_due_incident_ind" disabled="false" uniqueid="{365d5ce4-8760-4331-ade7-8334d5150f00}" />
                              </cell>
                            </row>
                            <row>
                              <cell id="{ada31595-c88b-4117-8026-2fb118d20912}" locklevel="0" colspan="1" rowspan="1">
                                <labels>
                                  <label description="Evacuation Profile" languagecode="1033" />
                                  <label description=" Profil de l’évacuation" languagecode="1036" />
                                </labels>
                                <control id="ovs_evacuation_profile_cds" classid="{4AA28AB7-9C13-4F57-A73D-AD894D048B5F}" datafieldname="ovs_evacuation_profile_cds" disabled="false" />
                              </cell>
                            </row>
                          </rows>
                        </section>
                      </sections>
                    </column>
                    <column width="50%">
                      <sections>
                        <section name="tab_2_section_2" id="f991fa39-8e00-4f11-a276-850e7e5bd817" IsUserDefined="0" locklevel="0" showlabel="false" showbar="false" layout="varwidth" celllabelalignment="Left" celllabelposition="Top" columns="1" labelwidth="115">
                          <labels>
                            <label description="New Section" languagecode="1033" />
                          </labels>
                          <rows>
                            <row>
                              <cell id="{8c720d99-fe67-43e2-8d3d-3044bbc44330}" showlabel="false">
                                <labels>
                                  <label description="" languagecode="1033" />
                                </labels>
                              </cell>
                            </row>
                            <row>
                              <cell id="{25c465e2-a76a-4708-a161-058b3b4ca12e}" locklevel="0" colspan="1" rowspan="1">
                                <labels>
                                  <label description="" languagecode="1033" />
                                </labels>
                                <control id="ovs_incident_severity_cd" classid="{3EF39988-22BB-4F0B-BBBE-64B5A3748AEE}" datafieldname="ovs_incident_severity_cd" disabled="false" />
                              </cell>
                            </row>
                            <row>
                              <cell id="{5e44f963-b169-43c3-92db-450c5ba0f321}" locklevel="0" colspan="1" rowspan="1">
                                <labels>
                                  <label description="" languagecode="1033" />
                                </labels>
                                <control id="ovs_weather_cd" classid="{4AA28AB7-9C13-4F57-A73D-AD894D048B5F}" datafieldname="ovs_weather_cd" disabled="false" />
                              </cell>
                            </row>
                            <row>
                              <cell id="{d194ee78-fbf3-43c2-8c0c-35f54d3bce56}" locklevel="0" colspan="1" rowspan="1">
                                <labels>
                                  <label description="" languagecode="1033" />
                                </labels>
                                <control id="ovs_estimated_temperature_num" classid="{C6D124CA-7EDA-4A60-AEA9-7FB8D318B68F}" datafieldname="ovs_estimated_temperature_num" disabled="false" />
                              </cell>
                            </row>
                          </rows>
                        </section>
                        <section name="tab_2_section_DateTime" id="b1f619b7-ae1c-485e-9be6-088492ab7242" IsUserDefined="0" locklevel="0" showlabel="true" showbar="false" layout="varwidth" celllabelalignment="Left" celllabelposition="Left" columns="1" labelwidth="115">
                          <labels>
                            <label description="Date/Time" languagecode="1033" />
                          </labels>
                          <rows>
                            <row />
                            <row>
                              <cell id="{86bcbdf0-ba49-4223-8d1f-d0836596308d}" locklevel="0" colspan="1" rowspan="1">
                                <labels>
                                  <label description="" languagecode="1033" />
                                </labels>
                                <control id="ovs_date_canutec_dte" classid="{5B773807-9FB2-42DB-97C3-7A91EFF8ADFF}" datafieldname="ovs_date_canutec_dte" disabled="false" />
                              </cell>
                            </row>
                            <row>
                              <cell id="{6ded1929-29ec-4edd-81ef-d74343c7cd65}" locklevel="0" colspan="1" rowspan="1">
                                <labels>
                                  <label description="" languagecode="1033" />
                                </labels>
                                <control id="ovs_date_occurrence_dte" classid="{5B773807-9FB2-42DB-97C3-7A91EFF8ADFF}" datafieldname="ovs_date_occurrence_dte" disabled="false" />
                              </cell>
                            </row>
                            <row>
                              <cell id="{9f715233-3aab-4b9c-80a4-358c248efd37}" locklevel="0" colspan="1" rowspan="1">
                                <labels>
                                  <label description="" languagecode="1033" />
                                </labels>
                                <control id="ovs_incident_time_dte" classid="{F9A8A302-114E-466A-B582-6771B2AE0D92}" datafieldname="ovs_incident_time_dte" disabled="false" uniqueid="{eed5e63e-da42-4122-95c5-08826b7a5794}" />
                              </cell>
                            </row>
                            <row>
                              <cell id="{e4c2f20f-ea0a-4eca-9490-3f46a01c3731}" locklevel="0" colspan="1" rowspan="1">
                                <labels>
                                  <label description="" languagecode="1033" />
                                </labels>
                                <control id="ovs_date_received_dte" classid="{5B773807-9FB2-42DB-97C3-7A91EFF8ADFF}" datafieldname="ovs_date_received_dte" disabled="false" />
                              </cell>
                            </row>
                            <row>
                              <cell id="{46d1db95-ce73-4355-b84f-3c57125b8265}" locklevel="0" colspan="1" rowspan="1">
                                <labels>
                                  <label description="" languagecode="1033" />
                                </labels>
                                <control id="ovs_date_30day_requested_dte" classid="{5B773807-9FB2-42DB-97C3-7A91EFF8ADFF}" datafieldname="ovs_date_30day_requested_dte" disabled="false" />
                              </cell>
                            </row>
                            <row>
                              <cell id="{4c14ae7a-6db9-46df-94c2-2dd44e7803cc}" locklevel="0" colspan="1" rowspan="1">
                                <labels>
                                  <label description="" languagecode="1033" />
                                </labels>
                                <control id="ovs_days_2report_num" classid="{C6D124CA-7EDA-4A60-AEA9-7FB8D318B68F}" datafieldname="ovs_days_2report_num" disabled="false" />
                              </cell>
                            </row>
                            <row>
                              <cell id="{8a119751-de96-463c-b970-58cebed15080}" locklevel="0" colspan="1" rowspan="1">
                                <labels>
                                  <label description="" languagecode="1033" />
                                </labels>
                                <control id="ovs_date_declared_completion_dte" classid="{5B773807-9FB2-42DB-97C3-7A91EFF8ADFF}" datafieldname="ovs_date_declared_completion_dte" disabled="false" />
                              </cell>
                            </row>
                          </rows>
                        </section>
                      </sections>
                    </column>
                  </columns>
                </tab>
              </tabs>
              <header id="{a5e57d12-515a-41df-bb47-4ba4cc3a3404}" celllabelposition="Top" columns="111" labelwidth="115" celllabelalignment="Left">
                <rows>
                  <row>
                    <cell id="{596f3212-7097-4490-9b48-1c6bf00d50bd}" showlabel="false">
                      <labels>
                        <label description="" languagecode="1033" />
                      </labels>
                    </cell>
                    <cell id="{fdd867dd-a161-493e-9307-8b6f62e5b097}" showlabel="false">
                      <labels>
                        <label description="" languagecode="1033" />
                      </labels>
                    </cell>
                    <cell id="{5510a03a-8fa8-4dcc-be56-4e7b3d22f2a0}" showlabel="false">
                      <labels>
                        <label description="" languagecode="1033" />
                      </labels>
                    </cell>
                  </row>
                </rows>
              </header>
              <footer id="{1e516d63-0f5a-45c4-95b9-e197c6ece060}" celllabelposition="Top" columns="111" labelwidth="115" celllabelalignment="Left">
                <rows>
                  <row>
                    <cell id="{4cf05b12-b2da-4911-bd1c-864307c4b1df}" showlabel="false">
                      <labels>
                        <label description="" languagecode="1033" />
                      </labels>
                    </cell>
                    <cell id="{621721da-6840-4dd2-a326-cc194ea16371}" showlabel="false">
                      <labels>
                        <label description="" languagecode="1033" />
                      </labels>
                    </cell>
                    <cell id="{ed4eb725-6970-4ff2-92db-71efe5e25595}" showlabel="false">
                      <labels>
                        <label description="" languagecode="1033" />
                      </labels>
                    </cell>
                  </row>
                </rows>
              </footer>
              <Navigation>
                <NavBar />
                <NavBarAreas>
                  <NavBarArea Id="Info">
                    <Titles>
                      <Title LCID="1033" Text="Common" />
                    </Titles>
                  </NavBarArea>
                  <NavBarArea Id="Sales">
                    <Titles>
                      <Title LCID="1033" Text="Sales" />
                    </Titles>
                  </NavBarArea>
                  <NavBarArea Id="Service">
                    <Titles>
                      <Title LCID="1033" Text="Service" />
                    </Titles>
                  </NavBarArea>
                  <NavBarArea Id="Marketing">
                    <Titles>
                      <Title LCID="1033" Text="Marketing" />
                    </Titles>
                  </NavBarArea>
                  <NavBarArea Id="ProcessCenter">
                    <Titles>
                      <Title LCID="1033" Text="Process Sessions" />
                    </Titles>
                  </NavBarArea>
                </NavBarAreas>
              </Navigation>
              <controlDescriptions>
                <controlDescription forControl="{9bb39ce4-f225-459e-a1ec-b5ca93ca8e7b}">
                  <customControl id="{67FAC785-CD58-4F9F-ABB3-4B7DDC6ED5ED}">
                    <parameters>
                      <datafieldname>ovs_closure_cd</datafieldname>
                    </parameters>
                  </customControl>
                  <customControl formFactor="0" name="MscrmControls.FieldControls.ToggleControl">
                    <parameters>
                      <value type="TwoOptions">ovs_closure_cd</value>
                    </parameters>
                  </customControl>
                  <customControl formFactor="2" name="MscrmControls.FieldControls.ToggleControl">
                    <parameters>
                      <value type="TwoOptions">ovs_closure_cd</value>
                    </parameters>
                  </customControl>
                  <customControl formFactor="1" name="MscrmControls.FieldControls.ToggleControl">
                    <parameters>
                      <value type="TwoOptions">ovs_closure_cd</value>
                    </parameters>
                  </customControl>
                </controlDescription>
                <controlDescription forControl="{2a85d62d-de75-2478-c563-16c57111ed8c}">
                  <customControl id="{E7A81278-8635-4d9e-8D4D-59480B391C5B}" formFactor="0">
                    <parameters>
                      <ViewId>{D103A530-2828-EF11-840B-6045BD61F005}</ViewId>
                      <IsUserView>false</IsUserView>
                      <RelationshipName>ovs_incident_organization_incident</RelationshipName>
                      <TargetEntityType>ovs_incident_organization</TargetEntityType>
                      <AutoExpand>Auto</AutoExpand>
                      <EnableQuickFind>false</EnableQuickFind>
                      <EnableViewPicker>false</EnableViewPicker>
                      <ViewIds>{20ED5633-C649-4BC6-8BC2-88884D52FD3B},{D103A530-2828-EF11-840B-6045BD61F005}</ViewIds>
                      <EnableJumpBar>false</EnableJumpBar>
                      <ChartGridMode>Grid</ChartGridMode>
                      <VisualizationId />
                      <IsUserChart>false</IsUserChart>
                      <EnableChartPicker>false</EnableChartPicker>
                      <RecordsPerPage>8</RecordsPerPage>
                      <HeaderColorCode>#F3F3F3</HeaderColorCode>
                    </parameters>
                  </customControl>
                  <customControl formFactor="1" name="MscrmControls.Grid.GridControl">
                    <parameters>
                      <data-set name="Grid">
                        <ViewId>{D103A530-2828-EF11-840B-6045BD61F005}</ViewId>
                        <columnsDefaultView />
                        <IsUserView>false</IsUserView>
                        <RelationshipName>ovs_incident_organization_incident</RelationshipName>
                        <TargetEntityType>ovs_incident_organization</TargetEntityType>
                        <EnableViewPicker>false</EnableViewPicker>
                        <FilteredViewIds>{20ED5633-C649-4BC6-8BC2-88884D52FD3B},{D103A530-2828-EF11-840B-6045BD61F005}</FilteredViewIds>
                      </data-set>
                      <EnableGroupBy static="true" type="Enum">no</EnableGroupBy>
                      <EnableEditing static="true" type="Enum">yes</EnableEditing>
                      <ReflowBehavior static="true" type="Enum">GridOnly</ReflowBehavior>
                      <ListLayoutDirection static="true" type="Enum">Horizontal</ListLayoutDirection>
                      <EnableSubGridAutoCollapse static="true" type="Enum">false</EnableSubGridAutoCollapse>
                      <EnableFiltering static="true" type="Enum">yes</EnableFiltering>
                      <HideNestedGridColumnHeader static="true" type="Enum">no</HideNestedGridColumnHeader>
                      <EnableJumpBar static="true" type="Enum">yes</EnableJumpBar>
                    </parameters>
                  </customControl>
                  <customControl formFactor="2" name="MscrmControls.Grid.GridControl">
                    <parameters>
                      <data-set name="Grid">
                        <ViewId>{D103A530-2828-EF11-840B-6045BD61F005}</ViewId>
                        <columnsDefaultView />
                        <IsUserView>false</IsUserView>
                        <RelationshipName>ovs_incident_organization_incident</RelationshipName>
                        <TargetEntityType>ovs_incident_organization</TargetEntityType>
                        <EnableViewPicker>false</EnableViewPicker>
                        <FilteredViewIds>{20ED5633-C649-4BC6-8BC2-88884D52FD3B},{D103A530-2828-EF11-840B-6045BD61F005}</FilteredViewIds>
                      </data-set>
                      <EnableGroupBy static="true" type="Enum">no</EnableGroupBy>
                      <EnableEditing static="true" type="Enum">yes</EnableEditing>
                      <ReflowBehavior static="true" type="Enum">GridOnly</ReflowBehavior>
                      <ListLayoutDirection static="true" type="Enum">Horizontal</ListLayoutDirection>
                      <EnableSubGridAutoCollapse static="true" type="Enum">false</EnableSubGridAutoCollapse>
                      <EnableFiltering static="true" type="Enum">yes</EnableFiltering>
                      <HideNestedGridColumnHeader static="true" type="Enum">no</HideNestedGridColumnHeader>
                      <EnableJumpBar static="true" type="Enum">yes</EnableJumpBar>
                    </parameters>
                  </customControl>
                </controlDescription>
                <controlDescription forControl="{adce82ea-b784-5756-bd06-5abc88a2b0ba}">
                  <customControl id="{E7A81278-8635-4d9e-8D4D-59480B391C5B}" formFactor="0">
                    <parameters>
                      <ViewId>{6D78BC9F-C028-EF11-840B-6045BD614ECD}</ViewId>
                      <IsUserView>false</IsUserView>
                      <RelationshipName>ovs_incident_injury</RelationshipName>
                      <TargetEntityType>ovs_incident_injury</TargetEntityType>
                      <AutoExpand>Fixed</AutoExpand>
                      <EnableQuickFind>false</EnableQuickFind>
                      <EnableViewPicker>false</EnableViewPicker>
                      <ViewIds>{134F9C6F-FD2B-4871-B117-352CB1D697DE},{6D78BC9F-C028-EF11-840B-6045BD614ECD}</ViewIds>
                      <EnableJumpBar>false</EnableJumpBar>
                      <ChartGridMode>Grid</ChartGridMode>
                      <VisualizationId />
                      <IsUserChart>false</IsUserChart>
                      <EnableChartPicker>false</EnableChartPicker>
                      <RecordsPerPage>10</RecordsPerPage>
                      <HeaderColorCode>#F3F3F3</HeaderColorCode>
                    </parameters>
                  </customControl>
                  <customControl formFactor="1" name="MscrmControls.Grid.GridControl">
                    <parameters>
                      <data-set name="Grid">
                        <ViewId>{6D78BC9F-C028-EF11-840B-6045BD614ECD}</ViewId>
                        <columnsDefaultView />
                        <IsUserView>false</IsUserView>
                        <RelationshipName>ovs_incident_injury</RelationshipName>
                        <TargetEntityType>ovs_incident_injury</TargetEntityType>
                        <EnableViewPicker>false</EnableViewPicker>
                        <FilteredViewIds>{134F9C6F-FD2B-4871-B117-352CB1D697DE},{6D78BC9F-C028-EF11-840B-6045BD614ECD}</FilteredViewIds>
                      </data-set>
                      <EnableGroupBy static="true" type="Enum">no</EnableGroupBy>
                      <EnableEditing static="true" type="Enum">yes</EnableEditing>
                      <ReflowBehavior static="true" type="Enum">GridOnly</ReflowBehavior>
                      <ListLayoutDirection static="true" type="Enum">Vertical</ListLayoutDirection>
                      <EnableSubGridAutoCollapse static="true" type="Enum">false</EnableSubGridAutoCollapse>
                      <EnableFiltering static="true" type="Enum">no</EnableFiltering>
                      <HideNestedGridColumnHeader static="true" type="Enum">yes</HideNestedGridColumnHeader>
                      <EnableJumpBar static="true" type="Enum">no</EnableJumpBar>
                    </parameters>
                  </customControl>
                  <customControl formFactor="2" name="MscrmControls.Grid.GridControl">
                    <parameters>
                      <data-set name="Grid">
                        <ViewId>{6D78BC9F-C028-EF11-840B-6045BD614ECD}</ViewId>
                        <columnsDefaultView />
                        <IsUserView>false</IsUserView>
                        <RelationshipName>ovs_incident_injury</RelationshipName>
                        <TargetEntityType>ovs_incident_injury</TargetEntityType>
                        <EnableViewPicker>false</EnableViewPicker>
                        <FilteredViewIds>{134F9C6F-FD2B-4871-B117-352CB1D697DE},{6D78BC9F-C028-EF11-840B-6045BD614ECD}</FilteredViewIds>
                      </data-set>
                      <EnableGroupBy static="true" type="Enum">no</EnableGroupBy>
                      <EnableEditing static="true" type="Enum">yes</EnableEditing>
                      <ReflowBehavior static="true" type="Enum">GridOnly</ReflowBehavior>
                      <ListLayoutDirection static="true" type="Enum">Vertical</ListLayoutDirection>
                      <EnableSubGridAutoCollapse static="true" type="Enum">false</EnableSubGridAutoCollapse>
                      <EnableFiltering static="true" type="Enum">no</EnableFiltering>
                      <HideNestedGridColumnHeader static="true" type="Enum">yes</HideNestedGridColumnHeader>
                      <EnableJumpBar static="true" type="Enum">no</EnableJumpBar>
                    </parameters>
                  </customControl>
                </controlDescription>
                <controlDescription forControl="{430ab37a-1a2a-4b27-b641-2a3e4023e258}">
                  <customControl id="{67FAC785-CD58-4F9F-ABB3-4B7DDC6ED5ED}">
                    <parameters>
                      <datafieldname>ovs_physical_impact_flag_ind</datafieldname>
                    </parameters>
                  </customControl>
                  <customControl formFactor="0" name="MscrmControls.FieldControls.ToggleControl">
                    <parameters>
                      <value type="TwoOptions">ovs_physical_impact_flag_ind</value>
                    </parameters>
                  </customControl>
                  <customControl formFactor="2" name="MscrmControls.FieldControls.ToggleControl">
                    <parameters>
                      <value type="TwoOptions">ovs_physical_impact_flag_ind</value>
                    </parameters>
                  </customControl>
                  <customControl formFactor="1" name="MscrmControls.FieldControls.ToggleControl">
                    <parameters>
                      <value type="TwoOptions">ovs_physical_impact_flag_ind</value>
                    </parameters>
                  </customControl>
                </controlDescription>
                <controlDescription forControl="{365d5ce4-8760-4331-ade7-8334d5150f00}">
                  <customControl id="{67FAC785-CD58-4F9F-ABB3-4B7DDC6ED5ED}">
                    <parameters>
                      <datafieldname>ovs_evacuation_due_incident_ind</datafieldname>
                    </parameters>
                  </customControl>
                  <customControl formFactor="0" name="MscrmControls.FieldControls.ToggleControl">
                    <parameters>
                      <value type="TwoOptions">ovs_evacuation_due_incident_ind</value>
                    </parameters>
                  </customControl>
                  <customControl formFactor="2" name="MscrmControls.FieldControls.ToggleControl">
                    <parameters>
                      <value type="TwoOptions">ovs_evacuation_due_incident_ind</value>
                    </parameters>
                  </customControl>
                  <customControl formFactor="1" name="MscrmControls.FieldControls.ToggleControl">
                    <parameters>
                      <value type="TwoOptions">ovs_evacuation_due_incident_ind</value>
                    </parameters>
                  </customControl>
                </controlDescription>
                <controlDescription forControl="{eed5e63e-da42-4122-95c5-08826b7a5794}">
                  <customControl id="{5B773807-9FB2-42DB-97C3-7A91EFF8ADFF}">
                    <parameters>
                      <datafieldname>ovs_incident_time_dte</datafieldname>
                    </parameters>
                  </customControl>
                  <customControl formFactor="0" name="MicrosoftDynamicsFPS.TimeControl">
                    <parameters>
                      <value type="DateAndTime.DateAndTime">ovs_incident_time_dte</value>
                    </parameters>
                  </customControl>
                  <customControl formFactor="2" name="MicrosoftDynamicsFPS.TimeControl">
                    <parameters>
                      <value type="DateAndTime.DateAndTime">ovs_incident_time_dte</value>
                    </parameters>
                  </customControl>
                  <customControl formFactor="1" name="MicrosoftDynamicsFPS.TimeControl">
                    <parameters>
                      <value type="DateAndTime.DateAndTime">ovs_incident_time_dte</value>
                    </parameters>
                  </customControl>
                </controlDescription>
                <controlDescription forControl="{a1ff720b-aed5-4b7b-b52f-38d3217c6e6b}">
                  <customControl id="{67FAC785-CD58-4F9F-ABB3-4B7DDC6ED5ED}">
                    <parameters>
                      <datafieldname>ovs_reportable_ind</datafieldname>
                    </parameters>
                  </customControl>
                  <customControl formFactor="0" name="MscrmControls.FieldControls.ToggleControl">
                    <parameters>
                      <value type="TwoOptions">ovs_reportable_ind</value>
                    </parameters>
                  </customControl>
                  <customControl formFactor="2" name="MscrmControls.FieldControls.ToggleControl">
                    <parameters>
                      <value type="TwoOptions">ovs_reportable_ind</value>
                    </parameters>
                  </customControl>
                  <customControl formFactor="1" name="MscrmControls.FieldControls.ToggleControl">
                    <parameters>
                      <value type="TwoOptions">ovs_reportable_ind</value>
                    </parameters>
                  </customControl>
                </controlDescription>
              </controlDescriptions>
              <formLibraries>
                <Library name="qm_globalHelper.js" libraryUniqueId="{b04ff06c-cd57-43ca-83ca-3b771baa3712}" />
                <Library name="ovs_Incident_MainForm.js" libraryUniqueId="{4b244b24-9b26-44ba-8e7c-baf0b91e0a0d}" />
              </formLibraries>
              <events>
                <event name="onload" application="false" active="false">
                  <Handlers>
                    <Handler functionName="TDG_Incident_MainForm.OnLoad" libraryName="ovs_Incident_MainForm.js" handlerUniqueId="{3a7bc01c-5350-48e9-9626-30de1ffc39f8}" enabled="true" parameters="" passExecutionContext="true" />
                  </Handlers>
                </event>
              </events>
              <DisplayConditions Order="0" FallbackForm="true">
                <Role Id="{DCD94023-B82C-EF11-8E50-000D3A0C4626}" />
                <Role Id="{627090ff-40a3-4053-8790-584edc5be201}" />
                <Role Id="{119f245c-3cc8-4b62-b31c-d1a046ced15d}" />
              </DisplayConditions>
            </form>
            <IsCustomizable>1</IsCustomizable>
            <CanBeDeleted>1</CanBeDeleted>
            <LocalizedNames>
              <LocalizedName description="Information" languagecode="1033" />
            </LocalizedNames>
            <Descriptions>
              <Description description="A form for this entity." languagecode="1033" />
            </Descriptions>
          </systemform>
        </forms>
      </FormXml>
      <RibbonDiffXml>
        <CustomActions />
        <Templates>
          <RibbonTemplates Id="Mscrm.Templates"></RibbonTemplates>
        </Templates>
        <CommandDefinitions />
        <RuleDefinitions>
          <TabDisplayRules />
          <DisplayRules />
          <EnableRules />
        </RuleDefinitions>
        <LocLabels />
      </RibbonDiffXml>
    </Entity>
    <Entity>
      <Name LocalizedName="MOC" OriginalName="MOC">ovs_MOC</Name>
      <EntityInfo>
        <entity Name="ovs_MOC">
          <LocalizedNames>
            <LocalizedName description="MOC" languagecode="1033" />
          </LocalizedNames>
          <LocalizedCollectionNames>
            <LocalizedCollectionName description="MOCS" languagecode="1033" />
          </LocalizedCollectionNames>
          <Descriptions>
            <Description description="" languagecode="1033" />
          </Descriptions>
          <attributes>
            <attribute PhysicalName="ovs_erap_number_txt">
              <Type>nvarchar</Type>
              <Name>ovs_erap_number_txt</Name>
              <LogicalName>ovs_erap_number_txt</LogicalName>
              <RequiredLevel>none</RequiredLevel>
              <DisplayMask>ValidForAdvancedFind|ValidForForm|ValidForGrid</DisplayMask>
              <ImeMode>auto</ImeMode>
              <ValidForUpdateApi>1</ValidForUpdateApi>
              <ValidForReadApi>1</ValidForReadApi>
              <ValidForCreateApi>1</ValidForCreateApi>
              <IsCustomField>1</IsCustomField>
              <IsAuditEnabled>1</IsAuditEnabled>
              <IsSecured>0</IsSecured>
              <IntroducedVersion>1.0</IntroducedVersion>
              <IsCustomizable>1</IsCustomizable>
              <IsRenameable>1</IsRenameable>
              <CanModifySearchSettings>1</CanModifySearchSettings>
              <CanModifyRequirementLevelSettings>1</CanModifyRequirementLevelSettings>
              <CanModifyAdditionalSettings>1</CanModifyAdditionalSettings>
              <SourceType>0</SourceType>
              <IsGlobalFilterEnabled>0</IsGlobalFilterEnabled>
              <IsSortableEnabled>0</IsSortableEnabled>
              <CanModifyGlobalFilterSettings>1</CanModifyGlobalFilterSettings>
              <CanModifyIsSortableSettings>1</CanModifyIsSortableSettings>
              <IsDataSourceSecret>0</IsDataSourceSecret>
              <AutoNumberFormat></AutoNumberFormat>
              <IsSearchable>0</IsSearchable>
              <IsFilterable>0</IsFilterable>
              <IsRetrievable>0</IsRetrievable>
              <IsLocalizable>0</IsLocalizable>
              <Format>text</Format>
              <MaxLength>100</MaxLength>
              <Length>200</Length>
              <displaynames>
                <displayname description="ERAP Number" languagecode="1033" />
                <displayname description="Numéro du PIU" languagecode="1036" />
              </displaynames>
              <Descriptions>
                <Description description="" languagecode="1033" />
                <Description description="" languagecode="1036" />
              </Descriptions>
            </attribute>
            <attribute PhysicalName="ovs_released_quantity_num">
              <Type>decimal</Type>
              <Name>ovs_released_quantity_num</Name>
              <LogicalName>ovs_released_quantity_num</LogicalName>
              <RequiredLevel>none</RequiredLevel>
              <DisplayMask>ValidForAdvancedFind|ValidForForm|ValidForGrid</DisplayMask>
              <ImeMode>auto</ImeMode>
              <ValidForUpdateApi>1</ValidForUpdateApi>
              <ValidForReadApi>1</ValidForReadApi>
              <ValidForCreateApi>1</ValidForCreateApi>
              <IsCustomField>1</IsCustomField>
              <IsAuditEnabled>1</IsAuditEnabled>
              <IsSecured>0</IsSecured>
              <IntroducedVersion>1.0</IntroducedVersion>
              <IsCustomizable>1</IsCustomizable>
              <IsRenameable>1</IsRenameable>
              <CanModifySearchSettings>1</CanModifySearchSettings>
              <CanModifyRequirementLevelSettings>1</CanModifyRequirementLevelSettings>
              <CanModifyAdditionalSettings>1</CanModifyAdditionalSettings>
              <SourceType>0</SourceType>
              <IsGlobalFilterEnabled>0</IsGlobalFilterEnabled>
              <IsSortableEnabled>0</IsSortableEnabled>
              <CanModifyGlobalFilterSettings>1</CanModifyGlobalFilterSettings>
              <CanModifyIsSortableSettings>1</CanModifyIsSortableSettings>
              <IsDataSourceSecret>0</IsDataSourceSecret>
              <AutoNumberFormat></AutoNumberFormat>
              <IsSearchable>0</IsSearchable>
              <IsFilterable>0</IsFilterable>
              <IsRetrievable>0</IsRetrievable>
              <IsLocalizable>0</IsLocalizable>
              <MinValue>0</MinValue>
              <MaxValue>100000000000</MaxValue>
              <Accuracy>2</Accuracy>
              <displaynames>
                <displayname description="Released Quantity" languagecode="1033" />
                <displayname description="Quantité rejetée" languagecode="1036" />
              </displaynames>
              <Descriptions>
                <Description description="" languagecode="1033" />
                <Description description="" languagecode="1036" />
              </Descriptions>
            </attribute>
            <attribute PhysicalName="ovs_transported_quantity_num">
              <Type>decimal</Type>
              <Name>ovs_transported_quantity_num</Name>
              <LogicalName>ovs_transported_quantity_num</LogicalName>
              <RequiredLevel>none</RequiredLevel>
              <DisplayMask>ValidForAdvancedFind|ValidForForm|ValidForGrid</DisplayMask>
              <ImeMode>auto</ImeMode>
              <ValidForUpdateApi>1</ValidForUpdateApi>
              <ValidForReadApi>1</ValidForReadApi>
              <ValidForCreateApi>1</ValidForCreateApi>
              <IsCustomField>1</IsCustomField>
              <IsAuditEnabled>1</IsAuditEnabled>
              <IsSecured>0</IsSecured>
              <IntroducedVersion>1.0</IntroducedVersion>
              <IsCustomizable>1</IsCustomizable>
              <IsRenameable>1</IsRenameable>
              <CanModifySearchSettings>1</CanModifySearchSettings>
              <CanModifyRequirementLevelSettings>1</CanModifyRequirementLevelSettings>
              <CanModifyAdditionalSettings>1</CanModifyAdditionalSettings>
              <SourceType>0</SourceType>
              <IsGlobalFilterEnabled>0</IsGlobalFilterEnabled>
              <IsSortableEnabled>0</IsSortableEnabled>
              <CanModifyGlobalFilterSettings>1</CanModifyGlobalFilterSettings>
              <CanModifyIsSortableSettings>1</CanModifyIsSortableSettings>
              <IsDataSourceSecret>0</IsDataSourceSecret>
              <AutoNumberFormat></AutoNumberFormat>
              <IsSearchable>0</IsSearchable>
              <IsFilterable>0</IsFilterable>
              <IsRetrievable>0</IsRetrievable>
              <IsLocalizable>0</IsLocalizable>
              <MinValue>0</MinValue>
              <MaxValue>100000000000</MaxValue>
              <Accuracy>2</Accuracy>
              <displaynames>
                <displayname description="Transported Quantity" languagecode="1033" />
                <displayname description="Quantité Transportée" languagecode="1036" />
              </displaynames>
              <Descriptions>
                <Description description="" languagecode="1033" />
                <Description description="" languagecode="1036" />
              </Descriptions>
            </attribute>
          </attributes>
          <EntitySetName>ovs_mocs</EntitySetName>
          <IsDuplicateCheckSupported>1</IsDuplicateCheckSupported>
          <IsBusinessProcessEnabled>0</IsBusinessProcessEnabled>
          <IsRequiredOffline>0</IsRequiredOffline>
          <IsInteractionCentricEnabled>0</IsInteractionCentricEnabled>
          <IsCollaboration>0</IsCollaboration>
          <AutoRouteToOwnerQueue>0</AutoRouteToOwnerQueue>
          <IsConnectionsEnabled>0</IsConnectionsEnabled>
          <IsDocumentManagementEnabled>0</IsDocumentManagementEnabled>
          <AutoCreateAccessTeams>0</AutoCreateAccessTeams>
          <IsOneNoteIntegrationEnabled>0</IsOneNoteIntegrationEnabled>
          <IsKnowledgeManagementEnabled>0</IsKnowledgeManagementEnabled>
          <IsSLAEnabled>0</IsSLAEnabled>
          <IsDocumentRecommendationsEnabled>0</IsDocumentRecommendationsEnabled>
          <IsBPFEntity>0</IsBPFEntity>
          <OwnershipTypeMask>UserOwned</OwnershipTypeMask>
          <IsAuditEnabled>0</IsAuditEnabled>
          <IsRetrieveAuditEnabled>0</IsRetrieveAuditEnabled>
          <IsRetrieveMultipleAuditEnabled>0</IsRetrieveMultipleAuditEnabled>
          <IsActivity>0</IsActivity>
          <ActivityTypeMask></ActivityTypeMask>
          <IsActivityParty>0</IsActivityParty>
          <IsReplicated>0</IsReplicated>
          <IsReplicationUserFiltered>0</IsReplicationUserFiltered>
          <IsMailMergeEnabled>1</IsMailMergeEnabled>
          <IsVisibleInMobile>0</IsVisibleInMobile>
          <IsVisibleInMobileClient>0</IsVisibleInMobileClient>
          <IsReadOnlyInMobileClient>0</IsReadOnlyInMobileClient>
          <IsOfflineInMobileClient>0</IsOfflineInMobileClient>
          <DaysSinceRecordLastModified>0</DaysSinceRecordLastModified>
          <MobileOfflineFilters></MobileOfflineFilters>
          <IsMapiGridEnabled>1</IsMapiGridEnabled>
          <IsReadingPaneEnabled>1</IsReadingPaneEnabled>
          <IsQuickCreateEnabled>0</IsQuickCreateEnabled>
          <SyncToExternalSearchIndex>0</SyncToExternalSearchIndex>
          <IntroducedVersion>1.0</IntroducedVersion>
          <IsCustomizable>1</IsCustomizable>
          <IsRenameable>1</IsRenameable>
          <IsMappable>1</IsMappable>
          <CanModifyAuditSettings>1</CanModifyAuditSettings>
          <CanModifyMobileVisibility>1</CanModifyMobileVisibility>
          <CanModifyMobileClientVisibility>1</CanModifyMobileClientVisibility>
          <CanModifyMobileClientReadOnly>1</CanModifyMobileClientReadOnly>
          <CanModifyMobileClientOffline>1</CanModifyMobileClientOffline>
          <CanModifyConnectionSettings>1</CanModifyConnectionSettings>
          <CanModifyDuplicateDetectionSettings>1</CanModifyDuplicateDetectionSettings>
          <CanModifyMailMergeSettings>1</CanModifyMailMergeSettings>
          <CanModifyQueueSettings>1</CanModifyQueueSettings>
          <CanCreateAttributes>1</CanCreateAttributes>
          <CanCreateForms>1</CanCreateForms>
          <CanCreateCharts>1</CanCreateCharts>
          <CanCreateViews>1</CanCreateViews>
          <CanModifyAdditionalSettings>1</CanModifyAdditionalSettings>
          <CanEnableSyncToExternalSearchIndex>1</CanEnableSyncToExternalSearchIndex>
          <EnforceStateTransitions>0</EnforceStateTransitions>
          <CanChangeHierarchicalRelationship>1</CanChangeHierarchicalRelationship>
          <EntityHelpUrlEnabled>0</EntityHelpUrlEnabled>
          <ChangeTrackingEnabled>0</ChangeTrackingEnabled>
          <CanChangeTrackingBeEnabled>1</CanChangeTrackingBeEnabled>
          <IsEnabledForExternalChannels>0</IsEnabledForExternalChannels>
          <IsMSTeamsIntegrationEnabled>0</IsMSTeamsIntegrationEnabled>
          <IsSolutionAware>0</IsSolutionAware>
        </entity>
      </EntityInfo>
      <FormXml>
        <forms type="main">
          <systemform>
            <formid>{ab7a68cf-1d72-4c50-a098-b985866dadf1}</formid>
            <IntroducedVersion>1.0</IntroducedVersion>
            <FormPresentation>1</FormPresentation>
            <FormActivationState>1</FormActivationState>
            <form headerdensity="HighWithControls">
              <tabs>
                <tab verticallayout="true" id="{8fedad38-8fec-4e5c-8675-224c790b0b44}" IsUserDefined="1">
                  <labels>
                    <label description="General" languagecode="1033" />
                    <label description="Général" languagecode="1036" />
                  </labels>
                  <columns>
                    <column width="100%">
                      <sections>
                        <section showlabel="false" showbar="false" IsUserDefined="0" id="{b94ab44d-f1a3-4d5d-97db-65e854f078d9}" name="General" visible="true" columns="11">
                          <labels>
                            <label description="General" languagecode="1033" />
                            <label description="Général" languagecode="1036" />
                          </labels>
                          <rows>
                            <row>
                              <cell id="{562d26bf-3ba6-4aa4-9fb7-4e57fd114c09}" locklevel="0" colspan="1" rowspan="1">
                                <labels>
                                  <label description="" languagecode="1033" />
                                </labels>
                                <control id="ovs_units" classid="{3EF39988-22BB-4F0B-BBBE-64B5A3748AEE}" datafieldname="ovs_units" disabled="false" />
                              </cell>
                              <cell id="{c4ba5f4f-c4a3-4647-aec3-2649602e7b6e}" locklevel="0" colspan="1" rowspan="1">
                                <labels>
                                  <label description="" languagecode="1033" />
                                </labels>
                                <control id="ovs_release_ind" classid="{F9A8A302-114E-466A-B582-6771B2AE0D92}" datafieldname="ovs_release_ind" disabled="false" uniqueid="{242ccd93-1c01-4fd7-933d-8bc4f6be8916}" />
                              </cell>
                            </row>
                            <row>
                              <cell locklevel="0" id="{cd07536d-ec46-415a-8879-800de9dc6381}">
                                <labels>
                                  <label description="" languagecode="1033" />
                                </labels>
                              </cell>
                              <cell id="{5dfcb59c-255b-4a9e-959d-1262ffd451d2}" locklevel="0" colspan="1" rowspan="1">
                                <labels>
                                  <label description="" languagecode="1033" />
                                </labels>
                                <control id="ovs_release_location_mcd" classid="{4AA28AB7-9C13-4F57-A73D-AD894D048B5F}" datafieldname="ovs_release_location_mcd" disabled="false" />
                              </cell>
                            </row>
                            <row>
                              <cell id="{3ce5dce7-bb3c-4622-b421-3a7ac77081a5}" locklevel="0" colspan="1" rowspan="1">
                                <labels>
                                  <label description="" languagecode="1033" />
                                </labels>
                                <control id="ovs_means_of_containment_form_cd" classid="{3EF39988-22BB-4F0B-BBBE-64B5A3748AEE}" datafieldname="ovs_means_of_containment_form_cd" disabled="false" />
                              </cell>
                              <cell id="{d6a4479e-7e1f-490d-bacb-e74fbe9d193e}" locklevel="0" colspan="1" rowspan="1">
                                <labels>
                                  <label description="" languagecode="1033" />
                                </labels>
                                <control id="ovs_release_location_other_txt" classid="{4273EDBD-AC1D-40D3-9FB2-095C621B552D}" datafieldname="ovs_release_location_other_txt" disabled="false" />
                              </cell>
                            </row>
                            <row>
                              <cell id="{ee544b3d-6e91-4298-aeec-c5aa11cfb629}" locklevel="0" colspan="1" rowspan="1">
                                <labels>
                                  <label description="" languagecode="1033" />
                                </labels>
                                <control id="ovs_reportable_moc_ind" classid="{67FAC785-CD58-4F9F-ABB3-4B7DDC6ED5ED}" datafieldname="ovs_reportable_moc_ind" disabled="false" />
                              </cell>
                              <cell id="{d7be8368-bec7-4d38-9ffc-2f54969599f6}" locklevel="0" colspan="1" rowspan="1">
                                <labels>
                                  <label description="" languagecode="1033" />
                                </labels>
                                <control id="ovs_released_quantity_num" classid="{C3EFE0C3-0EC6-42BE-8349-CBD9079DFD8E}" datafieldname="ovs_released_quantity_num" disabled="false" />
                              </cell>
                            </row>
                            <row>
                              <cell id="{c7d474f0-bdd3-4e84-8d88-e79731a3605b}" locklevel="0" colspan="1" rowspan="1">
                                <labels>
                                  <label description="" languagecode="1033" />
                                </labels>
                                <control id="ovs_transported_quantity_num" classid="{C3EFE0C3-0EC6-42BE-8349-CBD9079DFD8E}" datafieldname="ovs_transported_quantity_num" disabled="false" />
                              </cell>
                              <cell locklevel="0" id="{da00625a-a504-413d-8764-f12fe39f434a}">
                                <labels>
                                  <label description="" languagecode="1033" />
                                </labels>
                              </cell>
                            </row>
                            <row>
                              <cell id="{b1f3d6ee-e3f8-4734-8fee-f9edf37ee25c}" locklevel="0" colspan="1" rowspan="1">
                                <labels>
                                  <label description="" languagecode="1033" />
                                </labels>
                                <control id="ovs_erap_number_txt" classid="{4273EDBD-AC1D-40D3-9FB2-095C621B552D}" datafieldname="ovs_erap_number_txt" disabled="false" />
                              </cell>
                              <cell locklevel="0" id="{0c718639-00d4-4d49-8cca-7fdd1de2446e}">
                                <labels>
                                  <label description="" languagecode="1033" />
                                </labels>
                              </cell>
                            </row>
                            <row>
                              <cell id="{587a90b0-f128-4a70-ba8a-ace9487f1b20}" visible="false">
                                <labels>
                                  <label description="" languagecode="1033" />
                                </labels>
                                <control id="ovs_name" classid="{4273EDBD-AC1D-40d3-9FB2-095C621B552D}" datafieldname="ovs_name" />
                              </cell>
                              <cell locklevel="0" id="{7e9d326e-0c68-44c4-b507-f5a55985f476}">
                                <labels>
                                  <label description="" languagecode="1033" />
                                </labels>
                              </cell>
                            </row>
                            <row>
                              <cell id="{c69a10db-218e-4ca2-8321-bc5d2de0b881}" visible="false">
                                <labels>
                                  <label description="" languagecode="1033" />
                                </labels>
                                <control id="ownerid" classid="{270BD3DB-D9AF-4782-9025-509E298DEC0A}" datafieldname="ownerid" />
                              </cell>
                              <cell locklevel="0" id="{92bdd4fc-22d9-490d-8015-3b99e6f8409f}">
                                <labels>
                                  <label description="" languagecode="1033" />
                                </labels>
                              </cell>
                            </row>
                          </rows>
                        </section>
                        <section name="section_damage" id="bd5f4ed0-a671-454f-98bd-6920e12a97e5" IsUserDefined="0" locklevel="0" showlabel="true" showbar="false" layout="varwidth" celllabelalignment="Left" celllabelposition="Left" columns="11" labelwidth="115">
                          <labels>
                            <label description="Damage" languagecode="1033" />
                            <label description="Dommage" languagecode="1036" />
                          </labels>
                          <rows>
                            <row />
                            <row>
                              <cell locklevel="0" id="{32605f99-2987-4ea9-a7e1-424e39b8b2ee}">
                                <labels>
                                  <label description="" languagecode="1033" />
                                </labels>
                              </cell>
                              <cell id="{6e4800ba-d718-46e3-a402-128233b9ffd0}" userspacer="true" showlabel="false" colspan="1" rowspan="1">
                                <labels>
                                  <label description="" languagecode="1033" />
                                </labels>
                              </cell>
                            </row>
                            <row>
                              <cell id="{35552064-1df1-4b6e-9261-fd53612ea8eb}" locklevel="0" colspan="1" rowspan="1">
                                <labels>
                                  <label description="" languagecode="1033" />
                                </labels>
                                <control id="ovs_damage_ind" classid="{F9A8A302-114E-466A-B582-6771B2AE0D92}" datafieldname="ovs_damage_ind" disabled="false" uniqueid="{36f42d49-3867-4f56-ac9d-9095bc8f1f98}" />
                              </cell>
                            </row>
                            <row>
                              <cell id="{59817eb3-807a-426a-9dbf-29c0c36c27f1}" locklevel="0" colspan="1" rowspan="1">
                                <labels>
                                  <label description="" languagecode="1033" />
                                </labels>
                                <control id="ovs_damage_type_cds" classid="{4AA28AB7-9C13-4F57-A73D-AD894D048B5F}" datafieldname="ovs_damage_type_cds" disabled="false" />
                              </cell>
                              <cell id="{639d6219-1cfb-4961-bf99-fec95678057c}" locklevel="0" colspan="1" rowspan="1">
                                <labels>
                                  <label description="" languagecode="1033" />
                                </labels>
                                <control id="ovs_damage_location_cds" classid="{4AA28AB7-9C13-4F57-A73D-AD894D048B5F}" datafieldname="ovs_damage_location_cds" disabled="false" />
                              </cell>
                            </row>
                            <row>
                              <cell id="{ca5a2d26-c72c-4608-a625-8021c9c14d30}" locklevel="0" colspan="1" rowspan="1">
                                <labels>
                                  <label description="" languagecode="1033" />
                                </labels>
                                <control id="ovs_other_damage_txt" classid="{4273EDBD-AC1D-40D3-9FB2-095C621B552D}" datafieldname="ovs_other_damage_txt" disabled="false" />
                              </cell>
                              <cell id="{20b02ba5-76f9-40bb-924b-72241a59c892}" locklevel="0" colspan="1" rowspan="1">
                                <labels>
                                  <label description="" languagecode="1033" />
                                </labels>
                                <control id="ovs_other_damage_location_txt" classid="{4273EDBD-AC1D-40D3-9FB2-095C621B552D}" datafieldname="ovs_other_damage_location_txt" disabled="false" />
                              </cell>
                            </row>
                          </rows>
                        </section>
                      </sections>
                    </column>
                  </columns>
                </tab>
              </tabs>
              <header id="{50c067a5-582d-4cc1-be5a-41cc0af7ef91}" celllabelposition="Top" columns="111" labelwidth="115" celllabelalignment="Left">
                <rows>
                  <row>
                    <cell id="{ff217b8f-931c-488b-925d-ca39ada0cc27}" showlabel="false">
                      <labels>
                        <label description="" languagecode="1033" />
                      </labels>
                    </cell>
                    <cell id="{75bd7d31-1924-431f-b6f1-700d0f15b230}" showlabel="false">
                      <labels>
                        <label description="" languagecode="1033" />
                      </labels>
                    </cell>
                    <cell id="{46c28a5a-2b41-4731-9dad-b0acdb1b03d0}" showlabel="false">
                      <labels>
                        <label description="" languagecode="1033" />
                      </labels>
                    </cell>
                  </row>
                </rows>
              </header>
              <footer id="{d1f27f20-eb40-4e8c-8726-36cf959120fc}" celllabelposition="Top" columns="111" labelwidth="115" celllabelalignment="Left">
                <rows>
                  <row>
                    <cell id="{101b76dc-3330-45da-9bc2-cc4d7751efd1}" showlabel="false">
                      <labels>
                        <label description="" languagecode="1033" />
                      </labels>
                    </cell>
                    <cell id="{3290c7f7-3811-4c40-bc2d-faf77b1d7c9d}" showlabel="false">
                      <labels>
                        <label description="" languagecode="1033" />
                      </labels>
                    </cell>
                    <cell id="{e1fc9245-092a-493f-b984-d0b917e0df12}" showlabel="false">
                      <labels>
                        <label description="" languagecode="1033" />
                      </labels>
                    </cell>
                  </row>
                </rows>
              </footer>
              <DisplayConditions Order="0" FallbackForm="true">
                <Everyone />
              </DisplayConditions>
              <controlDescriptions>
                <controlDescription forControl="{36f42d49-3867-4f56-ac9d-9095bc8f1f98}">
                  <customControl id="{67FAC785-CD58-4F9F-ABB3-4B7DDC6ED5ED}">
                    <parameters>
                      <datafieldname>ovs_damage_ind</datafieldname>
                    </parameters>
                  </customControl>
                  <customControl formFactor="0" name="MscrmControls.FieldControls.ToggleControl">
                    <parameters>
                      <value type="TwoOptions">ovs_damage_ind</value>
                    </parameters>
                  </customControl>
                  <customControl formFactor="2" name="MscrmControls.FieldControls.ToggleControl">
                    <parameters>
                      <value type="TwoOptions">ovs_damage_ind</value>
                    </parameters>
                  </customControl>
                  <customControl formFactor="1" name="MscrmControls.FieldControls.ToggleControl">
                    <parameters>
                      <value type="TwoOptions">ovs_damage_ind</value>
                    </parameters>
                  </customControl>
                </controlDescription>
                <controlDescription forControl="{242ccd93-1c01-4fd7-933d-8bc4f6be8916}">
                  <customControl id="{67FAC785-CD58-4F9F-ABB3-4B7DDC6ED5ED}">
                    <parameters>
                      <datafieldname>ovs_release_ind</datafieldname>
                    </parameters>
                  </customControl>
                  <customControl formFactor="0" name="MscrmControls.FieldControls.ToggleControl">
                    <parameters>
                      <value type="TwoOptions">ovs_release_ind</value>
                    </parameters>
                  </customControl>
                  <customControl formFactor="2" name="MscrmControls.FieldControls.ToggleControl">
                    <parameters>
                      <value type="TwoOptions">ovs_release_ind</value>
                    </parameters>
                  </customControl>
                  <customControl formFactor="1" name="MscrmControls.FieldControls.ToggleControl">
                    <parameters>
                      <value type="TwoOptions">ovs_release_ind</value>
                    </parameters>
                  </customControl>
                </controlDescription>
              </controlDescriptions>
              <formLibraries>
                <Library name="ovs_DGAIS_MOC_MainForm.js" libraryUniqueId="{fbf46ec7-1802-476f-8d9c-149b9131945b}" />
                <Library name="qm_globalHelper.js" libraryUniqueId="{d902148b-654e-4e93-898b-01dc991138b6}" />
              </formLibraries>
              <events>
                <event name="onload" application="false" active="false">
                  <Handlers>
                    <Handler functionName="DGAIS_MOC_MainForm.OnLoad" libraryName="ovs_DGAIS_MOC_MainForm.js" handlerUniqueId="{607e64ea-14cf-49b0-a25a-1d0a98e0aac9}" enabled="true" parameters="" passExecutionContext="true" />
                  </Handlers>
                </event>
              </events>
            </form>
            <IsCustomizable>1</IsCustomizable>
            <CanBeDeleted>1</CanBeDeleted>
            <LocalizedNames>
              <LocalizedName description="Information" languagecode="1033" />
            </LocalizedNames>
            <Descriptions>
              <Description description="A form for this entity." languagecode="1033" />
            </Descriptions>
          </systemform>
        </forms>
      </FormXml>
      <RibbonDiffXml>
        <CustomActions />
        <Templates>
          <RibbonTemplates Id="Mscrm.Templates"></RibbonTemplates>
        </Templates>
        <CommandDefinitions />
        <RuleDefinitions>
          <TabDisplayRules />
          <DisplayRules />
          <EnableRules />
        </RuleDefinitions>
        <LocLabels />
      </RibbonDiffXml>
    </Entity>
  </Entities>
  <Roles></Roles>
  <Workflows></Workflows>
  <FieldSecurityProfiles></FieldSecurityProfiles>
  <Templates />
  <EntityMaps />
  <EntityRelationships />
  <OrganizationSettings />
  <optionsets />
  <WebResources>
    <WebResource>
      <WebResourceId>{6f4062c4-e11d-ef11-840a-000d3a0c4626}</WebResourceId>
      <Name>ovs_Incident_MainForm.js</Name>
      <DisplayName>DGAIS Incident MainForm.js</DisplayName>
      <LanguageCode>0</LanguageCode>
      <WebResourceType>3</WebResourceType>
      <IntroducedVersion>1.0.0.0</IntroducedVersion>
      <IsEnabledForMobileClient>0</IsEnabledForMobileClient>
      <IsAvailableForMobileOffline>0</IsAvailableForMobileOffline>
      <IsCustomizable>1</IsCustomizable>
      <CanBeDeleted>1</CanBeDeleted>
      <IsHidden>0</IsHidden>
      <FileName>/WebResources/ovs_Incident_MainFormjs6F4062C4-E11D-EF11-840A-000D3A0C4626</FileName>
    </WebResource>
  </WebResources>
  <CustomControls />
  <EntityDataProviders />
  <Languages>
    <Language>1033</Language>
    <Language>1036</Language>
  </Languages>
</ImportExportXml>