{
  "properties": {
    "connectionReferences": {
      "shared_commondataserviceforapps_2": {
        "runtimeSource": "embedded",
        "connection": {
          "connectionReferenceLogicalName": "cid_sharedcommondataserviceforapps_96450"
        },
        "api": {
          "name": "shared_commondataserviceforapps"
        }
      },
      "shared_office365_1": {
        "runtimeSource": "embedded",
        "connection": {
          "connectionReferenceLogicalName": "cid_sharedoffice365_ee685"
        },
        "api": {
          "name": "shared_office365"
        }
      }
    },
    "definition": {
      "$schema": "https://schema.management.azure.com/providers/Microsoft.Logic/schemas/2016-06-01/workflowdefinition.json#",
      "contentVersion": "1.0.0.0",
      "parameters": {
        "$connections": {
          "defaultValue": {},
          "type": "Object"
        },
        "$authentication": {
          "defaultValue": {},
          "type": "SecureObject"
        }
      },
      "triggers": {
        "Recurrence": {
          "recurrence": {
            "frequency": "Day",
            "interval": 1
          },
          "metadata": {
            "operationMetadataId": "11a7fab0-1371-4f52-a966-c57a9063b829"
          },
          "type": "Recurrence"
        }
      },
      "actions": {
        "GetAccounts": {
          "runAfter": {
            "Check_environment": [
              "Succeeded"
            ]
          },
          "metadata": {
            "operationMetadataId": "fa117ff1-c407-47a3-88c5-4b322d470cb0"
          },
          "type": "OpenApiConnection",
          "inputs": {
            "host": {
              "connectionName": "shared_commondataserviceforapps_2",
              "operationId": "ListRecords",
              "apiId": "/providers/Microsoft.PowerApps/apis/shared_commondataserviceforapps"
            },
            "parameters": {
              "entityName": "accounts",
              "fetchXml": "<fetch version=\"1.0\" output-format=\"xml-platform\" mapping=\"logical\" distinct=\"false\">\n  <entity name=\"account\">\n    <attribute name=\"name\" />\n    <attribute name=\"ovs_legalname\" />\n    <attribute name=\"primarycontactid\" />\n    <attribute name=\"cid_crabusinessnumber\" />\n    <attribute name=\"root_organization_id\" />\n    <attribute name=\"ovs_address_display\" />\n    <attribute name=\"cid_rootcompany\" />\n    <attribute name=\"accountid\" />\n    <attribute name=\"cid_attestationdate\" />\n    <attribute name=\"cid_companyanniversarydate\" />\n    <attribute name=\"cid_annualcomplianceupdatesremindersenddate\" />\n    <order attribute=\"ovs_legalname\" descending=\"false\" />\n    <filter type=\"and\">\n      <condition attribute=\"statecode\" operator=\"eq\" value=\"0\" />\n<condition attribute=\"customertypecode\" operator=\"eq\" value=\"948010000\"/>\n      <condition attribute=\"cid_companyanniversarydate\" operator=\"on\" value=\"@{addDays(utcNow(), -30 ,'yyyy-MM-dd')}\" />\n    </filter>\n  </entity>\n</fetch>"
            },
            "authentication": "@parameters('$authentication')"
          }
        },
        "Initialize_To_Email_Recipients": {
          "runAfter": {},
          "metadata": {
            "operationMetadataId": "9058c756-6243-4980-a304-83ef8af504a9"
          },
          "type": "InitializeVariable",
          "inputs": {
            "variables": [
              {
                "name": "ToEmailRecipients",
                "type": "string"
              }
            ]
          }
        },
        "Initialize_CC_Email_Recipients": {
          "runAfter": {
            "Initialize_To_Email_Recipients": [
              "Succeeded"
            ]
          },
          "metadata": {
            "operationMetadataId": "44b5133c-59e0-4ae7-ba27-efd2cffd30b4"
          },
          "type": "InitializeVariable",
          "inputs": {
            "variables": [
              {
                "name": "CCEmailRecipients",
                "type": "string"
              }
            ]
          }
        },
        "Initialize_variable": {
          "runAfter": {
            "Initialize_CC_Email_Recipients": [
              "Succeeded"
            ]
          },
          "metadata": {
            "operationMetadataId": "4eeb6aba-5d6e-43c2-ba22-4aa36a0c1990"
          },
          "type": "InitializeVariable",
          "inputs": {
            "variables": [
              {
                "name": "Temp CC Recipients",
                "type": "string"
              }
            ]
          }
        },
        "Initialize_variable_Primary_Contact_First_Name": {
          "runAfter": {
            "Initialize_variable_-_Activity_Party": [
              "Succeeded"
            ]
          },
          "metadata": {
            "operationMetadataId": "e58d10f7-d2be-4f07-9248-4da6b284c07f"
          },
          "type": "InitializeVariable",
          "inputs": {
            "variables": [
              {
                "name": "Primary Contact First Name",
                "type": "string",
                "value": "Sir/Madam"
              }
            ]
          }
        },
        "Initialize_variable_Language": {
          "runAfter": {
            "Initialize_variable_Primary_Contact_First_Name": [
              "Succeeded"
            ]
          },
          "metadata": {
            "operationMetadataId": "43d372f7-287c-4fe7-9273-f62a28707eb4"
          },
          "type": "InitializeVariable",
          "inputs": {
            "variables": [
              {
                "name": "Language",
                "type": "integer",
                "value": 918640001
              }
            ]
          }
        },
        "Condition": {
          "actions": {
            "Apply_to_each_Account": {
              "foreach": "@outputs('GetAccounts')?['body/value']",
              "actions": {
                "GetEmailRecipients": {
                  "runAfter": {},
                  "metadata": {
                    "operationMetadataId": "747bddcb-cdac-4976-8bf9-5eb29d723233"
                  },
                  "type": "OpenApiConnection",
                  "inputs": {
                    "host": {
                      "connectionName": "shared_commondataserviceforapps_2",
                      "operationId": "ListRecords",
                      "apiId": "/providers/Microsoft.PowerApps/apis/shared_commondataserviceforapps"
                    },
                    "parameters": {
                      "entityName": "contacts",
                      "fetchXml": "<fetch version=\"1.0\" output-format=\"xml-platform\" mapping=\"logical\" distinct=\"false\">\n  <entity name=\"contact\">\n    <attribute name=\"fullname\" />\n    <attribute name=\"firstname\" />\n    <attribute name=\"telephone1\" />\n    <attribute name=\"contactid\" />\n    <attribute name=\"emailaddress1\" />\n   <attribute name=\"cid_languageofcorrespondence\" />\n    <attribute name=\"cid_contacttype\" />\n    <order attribute=\"fullname\" descending=\"false\" />\n    <filter type=\"and\">\n      <condition attribute=\"parentcustomerid\" operator=\"eq\" uitype=\"account\" value=\"@{items('Apply_to_each_Account')?['accountid']}\" />\n      <condition attribute=\"statecode\" operator=\"eq\" value=\"0\" />\n     <condition attribute=\"emailaddress1\" operator=\"not-null\" />\n    </filter>\n  </entity>\n</fetch>"
                    },
                    "authentication": "@parameters('$authentication')"
                  }
                },
                "Set_Temp_CC_Variable_to_Null": {
                  "runAfter": {
                    "GetEmailRecipients": [
                      "Succeeded"
                    ]
                  },
                  "metadata": {
                    "operationMetadataId": "3ef53ae4-9459-46a5-8eb5-5682d68ee414"
                  },
                  "type": "SetVariable",
                  "inputs": {
                    "name": "Temp CC Recipients",
                    "value": "@{null}"
                  }
                },
                "Set_variable__CCEmailRecipients_to_Null": {
                  "runAfter": {
                    "Reset_Activity_Party_for_each_account_in_the_loop": [
                      "Succeeded"
                    ]
                  },
                  "metadata": {
                    "operationMetadataId": "fa448a5e-e93a-46b3-a8f9-b87a827ee37d"
                  },
                  "type": "SetVariable",
                  "inputs": {
                    "name": "CCEmailRecipients",
                    "value": "@{null}"
                  }
                },
                "Apply_to_each_2": {
                  "foreach": "@outputs('GetEmailRecipients')?['body/value']",
                  "actions": {
                    "If_Primary_Contact": {
                      "actions": {
                        "Set_To_Email_Recipients": {
                          "runAfter": {},
                          "metadata": {
                            "operationMetadataId": "53a06a09-3428-4240-8e1f-0983659c54a7"
                          },
                          "type": "SetVariable",
                          "inputs": {
                            "name": "ToEmailRecipients",
                            "value": "@items('Apply_to_each_2')?['emailaddress1']"
                          }
                        },
                        "Set_variable_Primary_Contact_First_Name": {
                          "runAfter": {
                            "Set_To_Email_Recipients": [
                              "Succeeded"
                            ]
                          },
                          "metadata": {
                            "operationMetadataId": "edc751a4-9c9e-40db-848d-b2e2c1f26f5c"
                          },
                          "type": "SetVariable",
                          "inputs": {
                            "name": "Primary Contact First Name",
                            "value": "@items('Apply_to_each_2')?['firstname']"
                          }
                        },
                        "Set_variable_2": {
                          "runAfter": {
                            "Append_to_string_variable_-_Add_Primary_Email": [
                              "Succeeded"
                            ]
                          },
                          "metadata": {
                            "operationMetadataId": "a2c2ccb2-733a-4db4-a32d-751938a13cdc"
                          },
                          "type": "SetVariable",
                          "inputs": {
                            "name": "Language",
                            "value": "@items('Apply_to_each_2')?['cid_languageofcorrespondence']"
                          }
                        },
                        "Append_to_string_variable_-_Add_Primary_Email": {
                          "runAfter": {
                            "Set_variable_Primary_Contact_First_Name": [
                              "Succeeded"
                            ]
                          },
                          "metadata": {
                            "operationMetadataId": "d187902b-b249-4412-b16b-48864ee85db6"
                          },
                          "type": "AppendToStringVariable",
                          "inputs": {
                            "name": "Activity Party",
                            "value": ", {\n    \"participationtypemask\": 2,\n    \"partyid@odata.bind\": \"\\\\contacts\\\\@{items('Apply_to_each_2')?['contactid']}\"\n}"
                          }
                        }
                      },
                      "runAfter": {},
                      "else": {
                        "actions": {
                          "Append_to_string_variable_-_Add_CC_Email": {
                            "runAfter": {},
                            "metadata": {
                              "operationMetadataId": "a5d26665-6735-43f3-bc35-812f018fa94e"
                            },
                            "type": "AppendToStringVariable",
                            "inputs": {
                              "name": "Activity Party",
                              "value": ", {\n    \"participationtypemask\": 3,\n    \"partyid@odata.bind\": \"\\\\contacts\\\\@{items('Apply_to_each_2')?['contactid']}\"\n}"
                            }
                          },
                          "Condition_2": {
                            "actions": {
                              "Set_variable": {
                                "runAfter": {},
                                "metadata": {
                                  "operationMetadataId": "4e5ae564-2e7f-45d3-94e3-12f39f652eb5"
                                },
                                "type": "SetVariable",
                                "inputs": {
                                  "name": "Temp CC Recipients",
                                  "value": "@variables('CCEmailRecipients')"
                                }
                              },
                              "Concat_CCEmailRecipients_variable_if_not_empty": {
                                "runAfter": {
                                  "Set_variable": [
                                    "Succeeded"
                                  ]
                                },
                                "metadata": {
                                  "operationMetadataId": "f4a01aa2-2fd2-4b2a-922f-63e1d556a09b"
                                },
                                "type": "SetVariable",
                                "inputs": {
                                  "name": "CCEmailRecipients",
                                  "value": "@{concat(variables('Temp CC Recipients'), ';' , items('Apply_to_each_2')?['emailaddress1'])}"
                                }
                              }
                            },
                            "runAfter": {
                              "Append_to_string_variable_-_Add_CC_Email": [
                                "Succeeded"
                              ]
                            },
                            "else": {
                              "actions": {
                                "Set_CC_list_if_its_empty": {
                                  "runAfter": {},
                                  "metadata": {
                                    "operationMetadataId": "fefbec20-6ec8-4b33-8ebd-7fc3c762b1f6"
                                  },
                                  "type": "SetVariable",
                                  "inputs": {
                                    "name": "CCEmailRecipients",
                                    "value": "@items('Apply_to_each_2')?['emailaddress1']"
                                  }
                                }
                              }
                            },
                            "expression": {
                              "greater": [
                                "@length(variables('CCEmailRecipients'))",
                                0
                              ]
                            },
                            "metadata": {
                              "operationMetadataId": "794dff1f-0703-4bd2-a46f-c8cb08877300"
                            },
                            "type": "If"
                          }
                        }
                      },
                      "expression": {
                        "equals": [
                          "@items('Apply_to_each_2')?['cid_contacttype']",
                          100000000
                        ]
                      },
                      "metadata": {
                        "operationMetadataId": "4fd5894a-2fdc-4494-ac7a-99d52071e743"
                      },
                      "type": "If"
                    }
                  },
                  "runAfter": {
                    "Set_DueDate": [
                      "Succeeded"
                    ]
                  },
                  "metadata": {
                    "operationMetadataId": "3b7fc09e-16da-4109-971e-ebfd8088a1e0"
                  },
                  "type": "Foreach"
                },
                "Set_DueDate": {
                  "runAfter": {
                    "Set_variable__CCEmailRecipients_to_Null": [
                      "Succeeded"
                    ]
                  },
                  "metadata": {
                    "operationMetadataId": "0b9fd179-5d2a-428e-a7da-afa4be0cd81c"
                  },
                  "type": "SetVariable",
                  "inputs": {
                    "name": "DueDate",
                    "value": "@items('Apply_to_each_Account')?['cid_companyanniversarydate']"
                  }
                },
                "Reset_Activity_Party_for_each_account_in_the_loop": {
                  "runAfter": {
                    "Set_Temp_CC_Variable_to_Null": [
                      "Succeeded"
                    ]
                  },
                  "metadata": {
                    "operationMetadataId": "35c3eb4a-40f1-4cb0-8005-be90085b2f33"
                  },
                  "type": "SetVariable",
                  "inputs": {
                    "name": "Activity Party",
                    "value": "@{null}"
                  }
                },
                "Condition_-_Activity_Parity_Should_Not_Be_Empty": {
                  "actions": {
                    "Check_Language": {
                      "actions": {
                        "Subject-En": {
                          "runAfter": {},
                          "metadata": {
                            "operationMetadataId": "eac5ead4-5552-4f16-a818-6d9f4ddc54a8"
                          },
                          "type": "Compose",
                          "inputs": "@{variables('TestSubjectText')}TDG Online - CID: The Annual Compliance process for the @{items('Apply_to_each_Account')?['ovs_legalname']} organization was due to be completed on @{formatDateTime(items('Apply_to_each_Account')?['cid_companyanniversarydate'], 'yyyy-MM-dd')}, and is now past due"
                        },
                        "Body-En": {
                          "runAfter": {
                            "Subject-En": [
                              "Succeeded"
                            ]
                          },
                          "metadata": {
                            "operationMetadataId": "f066051f-4ec9-442e-b0b5-1ebf0768a32a"
                          },
                          "type": "Compose",
                          "inputs": "@{variables('TestingText')}@{outputs('StandardSalutation')}\n\nThe Transport Canada CID Data Platform's Annual Compliance process for the @{items('Apply_to_each_Account')?['ovs_legalname']} organization was due on @{formatDateTime(items('Apply_to_each_Account')?['cid_companyanniversarydate'], 'yyyy-MM-dd')} and needs to be completed by @{addDays(variables('DueDate'), 30, 'yyyy-MM-dd')}. Please login to the CID Data Platform to complete that company's Annual Compliance process.\n\nRegards,\n\n\nTransport Canada - CID Support Team\n\n@{outputs('English-EmailFooter')}\n\n"
                        },
                        "Run_a_Child_Flow": {
                          "runAfter": {
                            "Body-En": [
                              "Succeeded"
                            ]
                          },
                          "metadata": {
                            "operationMetadataId": "58b4c11b-f5c0-4824-afda-b25395ab9c36"
                          },
                          "type": "Workflow",
                          "inputs": {
                            "host": {
                              "workflowReferenceName": "3c524c38-cbb0-ee11-a568-0022483cceb8"
                            },
                            "body": {
                              "text": "@outputs('Subject-En')",
                              "text_1": "@variables('Activity Party')",
                              "text_2": "@outputs('Body-En')",
                              "text_3": "@items('Apply_to_each_Account')?['accountid']"
                            }
                          }
                        },
                        "Condition_-_Comment_out_old_email_action_En": {
                          "actions": {
                            "Send_an_email_(V2)-_English": {
                              "runAfter": {},
                              "metadata": {
                                "operationMetadataId": "948e764e-fafe-4c29-ac68-428a81677087"
                              },
                              "type": "OpenApiConnection",
                              "inputs": {
                                "host": {
                                  "connectionName": "shared_office365_1",
                                  "operationId": "SendEmailV2",
                                  "apiId": "/providers/Microsoft.PowerApps/apis/shared_office365"
                                },
                                "parameters": {
                                  "emailMessage/To": "@{variables('ToEmailRecipients')};",
                                  "emailMessage/Subject": "@{variables('TestSubjectText')}TDG Online - CID: The Annual Compliance process for the @{items('Apply_to_each_Account')?['ovs_legalname']} organization was due to be completed on @{formatDateTime(items('Apply_to_each_Account')?['cid_companyanniversarydate'], 'yyyy-MM-dd')}, and is now past due",
                                  "emailMessage/Body": "<p>@{variables('TestingText')}@{outputs('StandardSalutation')}<br>\n<br>\nThe Transport Canada CID Data Platform's Annual Compliance process for the @{items('Apply_to_each_Account')?['ovs_legalname']} organization was due on @{formatDateTime(items('Apply_to_each_Account')?['cid_companyanniversarydate'], 'yyyy-MM-dd')} and needs to be completed by @{addDays(variables('DueDate'), 30, 'yyyy-MM-dd')}. Please login to the CID Data Platform to complete that company's Annual Compliance process.<br>\n<br>\nRegards,<br>\n<br>\n<br>\nTransport Canada - CID Support Team<br>\n<br>\n@{outputs('English-EmailFooter')}<br>\n<br>\n</p>",
                                  "emailMessage/From": "@variables('CID_Email_Sender')",
                                  "emailMessage/Cc": "@variables('CCEmailRecipients')",
                                  "emailMessage/Importance": "Normal"
                                },
                                "authentication": "@parameters('$authentication')"
                              }
                            }
                          },
                          "runAfter": {
                            "Run_a_Child_Flow": [
                              "Succeeded"
                            ]
                          },
                          "expression": {
                            "equals": [
                              1,
                              2
                            ]
                          },
                          "metadata": {
                            "operationMetadataId": "2f03eb37-c008-4e45-bb8a-0e839f495b70"
                          },
                          "type": "If"
                        }
                      },
                      "runAfter": {},
                      "else": {
                        "actions": {
                          "Subject-Fr": {
                            "runAfter": {},
                            "metadata": {
                              "operationMetadataId": "cdadae0e-fa17-47ac-a592-1263b7fb206c"
                            },
                            "type": "Compose",
                            "inputs": "@{variables('FrenchTestSubjectText')}TMD en ligne – BDIC : Le processus de conformité annuelle pour l’organisation @{items('Apply_to_each_Account')?['ovs_legalnamefr']}  devait être achevé le  @{formatDateTime(items('Apply_to_each_Account')?['cid_companyanniversarydate'], 'yyyy-MM-dd')}, et est maintenant en retard."
                          },
                          "Body-Fr": {
                            "runAfter": {
                              "Subject-Fr": [
                                "Succeeded"
                              ]
                            },
                            "metadata": {
                              "operationMetadataId": "1c657254-8bea-498f-9b9b-dc75cee5ea43"
                            },
                            "type": "Compose",
                            "inputs": "@{variables('FrenchTestingText')}@{outputs('FrenchStandardSalutation')}\n\nLe processus de conformité annuelle de la plateforme de données de la BDIC de Transports Canada pour l’organisation @{items('Apply_to_each_Account')?['ovs_legalname']} était dû le  @{formatDateTime(items('Apply_to_each_Account')?['cid_companyanniversarydate'], 'yyyy-MM-dd')}, et il doit être complété d’ici le @{addDays(variables('DueDate'), 30, 'yyyy-MM-dd')}. Veuillez vous connecter à la plateforme de données de la BDIC pour compléter le processus de conformité annuelle de cette entreprise.\n\nSalutations,\n\n\nÉquipe de soutien de la BDIC de Transports Canada\n\n@{outputs('French-EmailFooter')}\n\n"
                          },
                          "Run_a_Child_Flow_2": {
                            "runAfter": {
                              "Body-Fr": [
                                "Succeeded"
                              ]
                            },
                            "metadata": {
                              "operationMetadataId": "0d577d21-a730-4cb0-a766-05cbd33da018"
                            },
                            "type": "Workflow",
                            "inputs": {
                              "host": {
                                "workflowReferenceName": "3c524c38-cbb0-ee11-a568-0022483cceb8"
                              },
                              "body": {
                                "text": "@outputs('Subject-Fr')",
                                "text_1": "@variables('Activity Party')",
                                "text_2": "@outputs('Body-Fr')",
                                "text_3": "@items('Apply_to_each_Account')?['accountid']"
                              }
                            }
                          },
                          "Condition_-_Comment_out_old_email_action_Fr": {
                            "actions": {
                              "Send_an_email_(V2)_-French": {
                                "runAfter": {},
                                "metadata": {
                                  "operationMetadataId": "60cd9b44-5141-4dcd-ba5f-9baca18cd0e0"
                                },
                                "type": "OpenApiConnection",
                                "inputs": {
                                  "host": {
                                    "connectionName": "shared_office365_1",
                                    "operationId": "SendEmailV2",
                                    "apiId": "/providers/Microsoft.PowerApps/apis/shared_office365"
                                  },
                                  "parameters": {
                                    "emailMessage/To": "@{variables('ToEmailRecipients')};",
                                    "emailMessage/Subject": "@{variables('FrenchTestSubjectText')}TMD en ligne – BDIC : Le processus de conformité annuelle pour l’organisation @{items('Apply_to_each_Account')?['ovs_legalnamefr']}  devait être achevé le  @{formatDateTime(items('Apply_to_each_Account')?['cid_companyanniversarydate'], 'yyyy-MM-dd')}, et est maintenant en retard.",
                                    "emailMessage/Body": "<p>@{variables('FrenchTestingText')}@{outputs('FrenchStandardSalutation')}<br>\n<br>\nLe processus de conformité annuelle de la plateforme de données de la BDIC de Transports Canada pour l’organisation @{items('Apply_to_each_Account')?['ovs_legalname']} était dû le &nbsp;@{formatDateTime(items('Apply_to_each_Account')?['cid_companyanniversarydate'], 'yyyy-MM-dd')}, et il doit être complété d’ici le @{addDays(variables('DueDate'), 30, 'yyyy-MM-dd')}. Veuillez vous connecter à la plateforme de données de la BDIC pour compléter le processus de conformité annuelle de cette entreprise.<br>\n<br>\n<br>\nSalutations,<br>\n<br>\n<br>\nÉquipe de soutien de la BDIC de Transports Canada<br>\n<br>\n@{outputs('French-EmailFooter')}<br>\n<br>\n</p>",
                                    "emailMessage/From": "@variables('CID_Email_Sender')",
                                    "emailMessage/Cc": "@variables('CCEmailRecipients')",
                                    "emailMessage/Importance": "Normal"
                                  },
                                  "authentication": "@parameters('$authentication')"
                                }
                              }
                            },
                            "runAfter": {
                              "Run_a_Child_Flow_2": [
                                "Succeeded"
                              ]
                            },
                            "expression": {
                              "equals": [
                                1,
                                2
                              ]
                            },
                            "metadata": {
                              "operationMetadataId": "5648fb63-40ef-47cc-9fc3-8f3d79eba0df"
                            },
                            "type": "If"
                          }
                        }
                      },
                      "expression": {
                        "equals": [
                          "@variables('Language')",
                          918640001
                        ]
                      },
                      "metadata": {
                        "operationMetadataId": "31b2f0eb-c13a-4786-ae9f-f8eb1a3e8670"
                      },
                      "type": "If"
                    }
                  },
                  "runAfter": {
                    "Apply_to_each_2": [
                      "Succeeded"
                    ]
                  },
                  "expression": {
                    "greater": [
                      "@length(variables('Activity Party'))",
                      0
                    ]
                  },
                  "metadata": {
                    "operationMetadataId": "28e00061-d9cf-4967-859e-9d931074ff98"
                  },
                  "type": "If"
                }
              },
              "runAfter": {},
              "metadata": {
                "operationMetadataId": "c67dcd6a-d820-4898-807c-20d1863951d6"
              },
              "type": "Foreach"
            }
          },
          "runAfter": {
            "GetAccounts": [
              "Succeeded"
            ]
          },
          "expression": {
            "greater": [
              "@length(outputs('GetAccounts')?['body/value'])",
              0
            ]
          },
          "metadata": {
            "operationMetadataId": "9fd4c9b4-c8aa-46bd-8060-133cc8a00a21"
          },
          "type": "If"
        },
        "Initialize_variable_DueDate": {
          "runAfter": {
            "Initialize_variable_Language": [
              "Succeeded"
            ]
          },
          "metadata": {
            "operationMetadataId": "8865d4f1-0251-4ce8-b812-af4346b38b8d"
          },
          "type": "InitializeVariable",
          "inputs": {
            "variables": [
              {
                "name": "DueDate",
                "type": "string"
              }
            ]
          }
        },
        "get-environment-settings": {
          "runAfter": {
            "Initialize_variable_DueDate": [
              "Succeeded"
            ]
          },
          "metadata": {
            "operationMetadataId": "7ed63b1d-9cf8-403e-9d9c-56cdd03f198e"
          },
          "type": "OpenApiConnection",
          "inputs": {
            "host": {
              "connectionName": "shared_commondataserviceforapps_2",
              "operationId": "ListRecords",
              "apiId": "/providers/Microsoft.PowerApps/apis/shared_commondataserviceforapps"
            },
            "parameters": {
              "entityName": "qm_environmentsettingses",
              "fetchXml": "<fetch version=\"1.0\" output-format=\"xml-platform\" mapping=\"logical\" distinct=\"false\">\n<entity name=\"qm_environmentsettings\">\n<attribute name=\"qm_environmentsettingsid\"/>\n<attribute name=\"qm_name\"/>\n<attribute name=\"qm_value\"/>\n<order attribute=\"qm_name\" descending=\"false\"/>\n<filter type=\"and\">\n<condition attribute=\"qm_name\" operator=\"like\" value=\"%CID[_]%\"/>\n</filter>\n</entity>\n</fetch>"
            },
            "authentication": "@parameters('$authentication')"
          }
        },
        "Scope_-_email_Template_Standard_Text": {
          "actions": {
            "StandardSalutation": {
              "runAfter": {},
              "metadata": {
                "operationMetadataId": "ffa8d1a6-89ec-434c-82e6-78e0fa2bd649"
              },
              "type": "Compose",
              "inputs": "<em>*** The following is an automated email sent by the TDG Online - CID system. Please do not reply ***</em>"
            },
            "FrenchStandardSalutation": {
              "runAfter": {
                "StandardSalutation": [
                  "Succeeded"
                ]
              },
              "metadata": {
                "operationMetadataId": "ffa8d1a6-89ec-434c-82e6-78e0fa2bd649"
              },
              "type": "Compose",
              "inputs": "<em>*** Le message suivant est un courriel automatisé envoyé par le TMD en ligne – Système de la BDIC. Veuillez ne pas répondre ***</em>"
            },
            "English-EmailFooter": {
              "runAfter": {
                "FrenchStandardSalutation": [
                  "Succeeded"
                ]
              },
              "metadata": {
                "operationMetadataId": "1535933c-0d10-4db3-9d01-208feac8f786"
              },
              "type": "Compose",
              "inputs": "<div style=\"font-size:x-small;\"><br>Note:<br>\n   - To receive subsequent emails in French, you can update your Language of Preferred Correspondence choice via the [Account Settings] button in the TDG Online - CID data portal. <br><br> \n   - Please do not reply to this email. If necessary, use the Contact Us button, or link, in the CID data portal. </div>"
            },
            "French-EmailFooter": {
              "runAfter": {
                "English-EmailFooter": [
                  "Succeeded"
                ]
              },
              "metadata": {
                "operationMetadataId": "5ec93fa4-a5e7-451e-9327-290b6c88346b"
              },
              "type": "Compose",
              "inputs": "<div style=\"font-size:x-small;\">Remarque:<br>\n   - Pour recevoir les courriels suivants en français, vous pouvez mettre à jour votre choix de langue de correspondance préférée à l’aide du bouton [Paramètres du compte] du portail de données TMD en ligne – BDIC. <br><br> \n   - Veuillez ne pas répondre à ce courriel. Au besoin, utilisez le bouton ou le lien « Communiquer avec nous » du portail de données de la BDIC.  </div>"
            },
            "Filter_environment-CID_Environment": {
              "runAfter": {
                "French-EmailFooter": [
                  "Succeeded"
                ]
              },
              "metadata": {
                "operationMetadataId": "0e744065-88c2-4338-956b-7400a9256a6e"
              },
              "type": "Query",
              "inputs": {
                "from": "@outputs('get-environment-settings')?['body/value']",
                "where": "@equals(item()?['qm_name'], 'CID_Environment')"
              }
            }
          },
          "runAfter": {
            "Initialize_variable_CID_Email_Sender": [
              "Succeeded"
            ]
          },
          "metadata": {
            "operationMetadataId": "4a4d30e6-367a-4728-93d1-e8fc48567195"
          },
          "type": "Scope"
        },
        "Initialize_variable_TestSubjectText": {
          "runAfter": {
            "Scope_-_email_Template_Standard_Text": [
              "Succeeded"
            ]
          },
          "metadata": {
            "operationMetadataId": "36348f7e-e55f-43ac-b622-3f00ecbc9c53"
          },
          "type": "InitializeVariable",
          "inputs": {
            "variables": [
              {
                "name": "TestSubjectText",
                "type": "string"
              }
            ]
          }
        },
        "Initialize_variable_FrenchTestSubjectText": {
          "runAfter": {
            "Initialize_variable_TestSubjectText": [
              "Succeeded"
            ]
          },
          "metadata": {
            "operationMetadataId": "0e099354-7d1c-45fa-8905-3cb8d5e3c32d"
          },
          "type": "InitializeVariable",
          "inputs": {
            "variables": [
              {
                "name": "FrenchTestSubjectText",
                "type": "string"
              }
            ]
          }
        },
        "Initialize_variable_Testing_text_for_the_email": {
          "runAfter": {
            "Initialize_variable_FrenchTestSubjectText": [
              "Succeeded"
            ]
          },
          "metadata": {
            "operationMetadataId": "056efd54-c348-4947-b42c-bab120c698de"
          },
          "type": "InitializeVariable",
          "inputs": {
            "variables": [
              {
                "name": "TestingText",
                "type": "string"
              }
            ]
          }
        },
        "Initialize_variable_FrenchTesting_text_for_the_email": {
          "runAfter": {
            "Initialize_variable_Testing_text_for_the_email": [
              "Succeeded"
            ]
          },
          "metadata": {
            "operationMetadataId": "6b11f2fb-0032-45f1-83c0-6af6ad4db3b3"
          },
          "type": "InitializeVariable",
          "inputs": {
            "variables": [
              {
                "name": "FrenchTestingText",
                "type": "string"
              }
            ]
          }
        },
        "Check_environment": {
          "actions": {
            "Set_variable_TestingText": {
              "runAfter": {},
              "metadata": {
                "operationMetadataId": "224fc033-5e58-423f-b235-e84df25189ec"
              },
              "type": "SetVariable",
              "inputs": {
                "name": "TestingText",
                "value": "Test email: This email is a test email, not an actual email representing what is indicated below. <br><br>                                                                                 "
              }
            },
            "Set_variable_TestSubjectText": {
              "runAfter": {
                "Set_variable_TestingText": [
                  "Succeeded"
                ]
              },
              "metadata": {
                "operationMetadataId": "7a6742f2-3215-413a-9225-11fd2574acab"
              },
              "type": "SetVariable",
              "inputs": {
                "name": "TestSubjectText",
                "value": "Test Email: "
              }
            },
            "Set_variable_FrenchTestSubjectText": {
              "runAfter": {
                "Set_variable_TestSubjectText": [
                  "Succeeded"
                ]
              },
              "metadata": {
                "operationMetadataId": "a71a8d8c-41f7-4d8b-9136-19ddffd73280"
              },
              "type": "SetVariable",
              "inputs": {
                "name": "FrenchTestSubjectText",
                "value": "Tester le courriel: "
              }
            },
            "Set_variable_FrenchTestingText": {
              "runAfter": {
                "Set_variable_FrenchTestSubjectText": [
                  "Succeeded"
                ]
              },
              "metadata": {
                "operationMetadataId": "e2edab0d-d0a2-4152-8fae-2b793ec012aa"
              },
              "type": "SetVariable",
              "inputs": {
                "name": "FrenchTestingText",
                "value": "Tester le courriel: Ce courriel est un courriel de test, et non un courriel réel représentant ce qui est indiqué ci-dessous. <br><br>                                                                      "
              }
            }
          },
          "runAfter": {
            "Initialize_variable_FrenchTesting_text_for_the_email": [
              "Succeeded"
            ]
          },
          "expression": {
            "not": {
              "equals": [
                "@body('Filter_environment-CID_Environment')[0]['qm_value']",
                "PROD"
              ]
            }
          },
          "metadata": {
            "operationMetadataId": "9be99f10-fa00-40ae-8580-da6ba08c2e07"
          },
          "type": "If"
        },
        "Filter_environment-CID__Email_Sender": {
          "runAfter": {
            "get-environment-settings": [
              "Succeeded"
            ]
          },
          "metadata": {
            "operationMetadataId": "0e744065-88c2-4338-956b-7400a9256a6e"
          },
          "type": "Query",
          "inputs": {
            "from": "@outputs('get-environment-settings')?['body/value']",
            "where": "@equals(item()?['qm_name'], 'CID_Email_Sender')"
          }
        },
        "Initialize_variable_CID_Email_Sender": {
          "runAfter": {
            "Filter_environment-CID__Email_Sender": [
              "Succeeded"
            ]
          },
          "metadata": {
            "operationMetadataId": "c068ea6c-92cb-411f-9c4a-2464a31e0468"
          },
          "type": "InitializeVariable",
          "inputs": {
            "variables": [
              {
                "name": "CID_Email_Sender",
                "type": "string",
                "value": "@{body('Filter_environment-CID__Email_Sender')[0]['qm_value']}"
              }
            ]
          }
        },
        "Initialize_variable_-_Activity_Party": {
          "runAfter": {
            "Initialize_variable": [
              "Succeeded"
            ]
          },
          "metadata": {
            "operationMetadataId": "82d8d071-4853-4255-83f0-9a6bc9d92bd2"
          },
          "type": "InitializeVariable",
          "inputs": {
            "variables": [
              {
                "name": "Activity Party",
                "type": "string"
              }
            ]
          }
        }
      }
    },
    "templateName": ""
  },
  "schemaVersion": "1.0.0.0"
}