{
  "properties": {
    "connectionReferences": {},
    "definition": {
      "$schema": "https://schema.management.azure.com/providers/Microsoft.Logic/schemas/2016-06-01/workflowdefinition.json#",
      "contentVersion": "1.0.0.0",
      "parameters": {
        "$authentication": {
          "defaultValue": {},
          "type": "SecureObject"
        }
      },
      "triggers": {
        "manual": {
          "metadata": {
            "operationMetadataId": "2f4df43f-8cdd-4555-837b-65e545afebae"
          },
          "type": "Request",
          "kind": "Http",
          "inputs": {
            "schema": {
              "type": "object",
              "properties": {
                "Quarter": {
                  "type": "string"
                },
                "Section": {
                  "type": "string"
                },
                "TownShip": {
                  "type": "string"
                },
                "Range": {
                  "type": "string"
                },
                "Meridian": {
                  "type": "string"
                }
              }
            }
          }
        }
      },
      "actions": {
        "Initialize_variable_Province_List": {
          "runAfter": {},
          "metadata": {
            "operationMetadataId": "9d843d01-989c-48bc-8760-256041db9458"
          },
          "type": "InitializeVariable",
          "inputs": {
            "variables": [
              {
                "name": "ProvinceList",
                "type": "array",
                "value": [
                  {
                    "Province": "Alberta::Alberta",
                    "index": 0,
                    "ProvinceCode": "AB"
                  },
                  {
                    "Province": "British Columbia::Colombie-Britannique",
                    "index": 1,
                    "ProvinceCode": "BC"
                  },
                  {
                    "Province": "Manitoba::Manitoba",
                    "index": 2,
                    "ProvinceCode": "MB"
                  },
                  {
                    "Province": "New Brunswick::Nouveau-Brunswick",
                    "index": 3,
                    "ProvinceCode": "NB"
                  },
                  {
                    "Province": "Newfoundland and Labrador::Terre‑Neuve‑et‑Labrador",
                    "index": 4,
                    "ProvinceCode": "NL"
                  },
                  {
                    "Province": "Northwest Territories::Territoires du Nord‑Ouest",
                    "index": 5,
                    "ProvinceCode": "NT"
                  },
                  {
                    "Province": "Nova Scotia::Nouvelle-Écosse",
                    "index": 6,
                    "ProvinceCode": "NS"
                  },
                  {
                    "Province": "Nunavut::Nunavut",
                    "index": 7,
                    "ProvinceCode": "NU"
                  },
                  {
                    "Province": "Ontario::Ontario",
                    "index": 8,
                    "ProvinceCode": "ON"
                  },
                  {
                    "Province": "Prince Edward Island::Île-du-Prince-Édouard",
                    "index": 9,
                    "ProvinceCode": "PE"
                  },
                  {
                    "Province": "Quebec::Québec",
                    "index": 10,
                    "ProvinceCode": "QC"
                  },
                  {
                    "Province": "Saskatchewan::Saskatchewan",
                    "index": 11,
                    "ProvinceCode": "SK"
                  },
                  {
                    "Province": "Yukon::Yukon",
                    "index": 12,
                    "ProvinceCode": "YT"
                  }
                ]
              }
            ]
          }
        },
        "HTTP_-_all_LLD_converter_API": {
          "runAfter": {
            "Initialize_variable_Province_List": [
              "Succeeded"
            ]
          },
          "metadata": {
            "operationMetadataId": "3a6c3035-da4f-4e4b-8e21-a5478d2c15c6"
          },
          "type": "Http",
          "inputs": {
            "method": "GET",
            "uri": "https://developer.townshipcanada.com/search/legal-location",
            "headers": {
              "X-API-Key": "0514affb0b774176b484d20a0438b458"
            },
            "queries": {
              "location": "@{triggerBody()?['Quarter']}-@{triggerBody()?['Section']}-@{triggerBody()?['TownShip']}-@{triggerBody()?['Range']}-@{triggerBody()?['Meridian']}"
            }
          }
        },
        "check_if_LLD_not_found": {
          "actions": {
            "Response_LLD_not_found": {
              "runAfter": {},
              "metadata": {
                "operationMetadataId": "be328f5e-82e5-4780-add8-2aac5273376e"
              },
              "type": "Response",
              "kind": "Http",
              "inputs": {
                "statusCode": 201,
                "body": "Not found"
              }
            }
          },
          "runAfter": {
            "HTTP_-_all_LLD_converter_API": [
              "Succeeded"
            ]
          },
          "else": {
            "actions": {
              "Province": {
                "runAfter": {},
                "metadata": {
                  "operationMetadataId": "924e283b-91dc-4cb0-9198-33fd8331e749"
                },
                "type": "Compose",
                "inputs": "@body('HTTP_-_all_LLD_converter_API')?['features'][1]['properties']['province']"
              },
              "Response_LLD_found_": {
                "runAfter": {
                  "ProvinceCode": [
                    "Succeeded"
                  ]
                },
                "metadata": {
                  "operationMetadataId": "463f2881-cfc4-49e2-944a-3119b1600dc7"
                },
                "type": "Response",
                "kind": "Http",
                "inputs": {
                  "statusCode": 200,
                  "headers": {
                    "Province": "@{outputs('ProvinceCode')}"
                  },
                  "body": "@outputs('ProvinceCode')"
                }
              },
              "Filter_Province_array": {
                "runAfter": {
                  "Province": [
                    "Succeeded"
                  ]
                },
                "metadata": {
                  "operationMetadataId": "1a4de2d3-c2c6-40c6-b918-b0ffe6a40849"
                },
                "type": "Query",
                "inputs": {
                  "from": "@variables('ProvinceList')",
                  "where": "@contains(item()['Province'], outputs('Province'))"
                }
              },
              "ProvinceIndex": {
                "runAfter": {
                  "Filter_Province_array": [
                    "Succeeded"
                  ]
                },
                "metadata": {
                  "operationMetadataId": "17ad5f56-7123-4860-bd1a-a355cb03e3a0"
                },
                "type": "Compose",
                "inputs": "@body('Filter_Province_array')[0]['index']"
              },
              "ProvinceCode": {
                "runAfter": {
                  "ProvinceIndex": [
                    "Succeeded"
                  ]
                },
                "metadata": {
                  "operationMetadataId": "b7de7b72-45b0-4788-8ce8-354224c4d44c"
                },
                "type": "Compose",
                "inputs": "@body('Filter_Province_array')[0]['ProvinceCode']"
              }
            }
          },
          "expression": {
            "equals": [
              "@string(body('HTTP_-_all_LLD_converter_API'))",
              "@'{}'"
            ]
          },
          "metadata": {
            "operationMetadataId": "68bc2dc0-b3e0-44f9-beaf-094237ae57ca"
          },
          "type": "If"
        }
      },
      "outputs": {}
    },
    "templateName": null
  },
  "schemaVersion": "1.0.0.0"
}