{
  "properties": {
    "connectionReferences": {
      "shared_commondataserviceforapps": {
        "runtimeSource": "embedded",
        "connection": {
          "connectionReferenceLogicalName": "cid_sharedcommondataserviceforapps_96450"
        },
        "api": {
          "name": "shared_commondataserviceforapps"
        }
      }
    },
    "definition": {
      "$schema": "https://schema.management.azure.com/providers/Microsoft.Logic/schemas/2016-06-01/workflowdefinition.json#",
      "contentVersion": "1.0.0.0",
      "parameters": {
        "$connections": {
          "defaultValue": {},
          "type": "Object"
        },
        "$authentication": {
          "defaultValue": {},
          "type": "SecureObject"
        }
      },
      "triggers": {
        "manual": {
          "metadata": {
            "operationMetadataId": "622f087c-8df2-471f-a398-142b98fb6680"
          },
          "type": "Request",
          "kind": "Http",
          "inputs": {
            "schema": {
              "type": "object",
              "properties": {
                "ContactId": {
                  "type": "string"
                }
              }
            },
            "triggerAuthenticationType": "All"
          }
        }
      },
      "actions": {
        "Response": {
          "runAfter": {
            "Apply_to_each": [
              "Succeeded"
            ]
          },
          "metadata": {
            "operationMetadataId": "3828c187-070a-4258-b749-9581c3b1420b"
          },
          "type": "Response",
          "kind": "Http",
          "inputs": {
            "statusCode": 200
          }
        },
        "List_Adx_Sessions": {
          "runAfter": {},
          "metadata": {
            "operationMetadataId": "09527ec4-79d0-4a0b-bd30-4ba094bb7c88"
          },
          "type": "OpenApiConnection",
          "inputs": {
            "host": {
              "connectionName": "shared_commondataserviceforapps",
              "operationId": "ListRecords",
              "apiId": "/providers/Microsoft.PowerApps/apis/shared_commondataserviceforapps"
            },
            "parameters": {
              "entityName": "adx_webformsessions",
              "$select": "adx_webformsessionid",
              "fetchXml": "<fetch >\n  <entity name=\"adx_webformsession\">\n    <attribute name=\"adx_webformsessionid\" />\n    <filter>\n      <condition attribute=\"adx_primaryrecordid\" operator=\"eq\" value=\"@{triggerBody()?['ContactId']}\" />\n      <condition attribute=\"statuscode\" operator=\"eq\" value=\"1\" />\n    </filter>\n  </entity>\n</fetch>"
            },
            "authentication": "@parameters('$authentication')"
          }
        },
        "Apply_to_each": {
          "foreach": "@outputs('List_Adx_Sessions')?['body/value']",
          "actions": {
            "Update_a_row": {
              "runAfter": {},
              "metadata": {
                "operationMetadataId": "4b6f63ee-6e09-4997-aa64-30e91c5b7902"
              },
              "type": "OpenApiConnection",
              "inputs": {
                "host": {
                  "connectionName": "shared_commondataserviceforapps",
                  "operationId": "UpdateRecord",
                  "apiId": "/providers/Microsoft.PowerApps/apis/shared_commondataserviceforapps"
                },
                "parameters": {
                  "entityName": "adx_webformsessions",
                  "recordId": "@items('Apply_to_each')?['adx_webformsessionid']",
                  "item/statecode": 1,
                  "item/statuscode": 2
                },
                "authentication": "@parameters('$authentication')"
              }
            }
          },
          "runAfter": {
            "List_Adx_Sessions": [
              "Succeeded"
            ]
          },
          "metadata": {
            "operationMetadataId": "5812cd34-dbd2-4aba-946e-b6932896b546"
          },
          "type": "Foreach"
        }
      },
      "outputs": {}
    },
    "templateName": ""
  },
  "schemaVersion": "1.0.0.0"
}