<ImportExportXml version="9.2.24041.166" SolutionPackageVersion="9.2" languagecode="1033" generatedBy="CrmLive" xmlns:xsi="http://www.w3.org/2001/XMLSchema-instance">
  <SolutionManifest>
    <UniqueName>TC_GlobalCore_Patch_7dd2819c</UniqueName>
    <LocalizedNames>
      <LocalizedName description="TDG Core Schema" languagecode="1033" />
    </LocalizedNames>
    <Descriptions>
      <Description description="Patch for TDG Core Schema" languagecode="1033" />
    </Descriptions>
    <ParentUniqueName>TC_GlobalCore</ParentUniqueName>
    <Version>1.162.9.0</Version>
    <Managed>1</Managed>
    <Publisher>
      <UniqueName>oversightpublisher</UniqueName>
      <LocalizedNames>
        <LocalizedName description="Oversight" languagecode="1033" />
      </LocalizedNames>
      <Descriptions>
        <Description description="This is the common solution for AvSec Inspection and TDG Inspection." languagecode="1033" />
      </Descriptions>
      <EMailAddress xsi:nil="true"></EMailAddress>
      <SupportingWebsiteUrl xsi:nil="true"></SupportingWebsiteUrl>
      <CustomizationPrefix>ovs</CustomizationPrefix>
      <CustomizationOptionValuePrefix>91864</CustomizationOptionValuePrefix>
      <Addresses>
        <Address>
          <AddressNumber>1</AddressNumber>
          <AddressTypeCode>1</AddressTypeCode>
          <City xsi:nil="true"></City>
          <County xsi:nil="true"></County>
          <Country xsi:nil="true"></Country>
          <Fax xsi:nil="true"></Fax>
          <FreightTermsCode xsi:nil="true"></FreightTermsCode>
          <ImportSequenceNumber xsi:nil="true"></ImportSequenceNumber>
          <Latitude xsi:nil="true"></Latitude>
          <Line1 xsi:nil="true"></Line1>
          <Line2 xsi:nil="true"></Line2>
          <Line3 xsi:nil="true"></Line3>
          <Longitude xsi:nil="true"></Longitude>
          <Name xsi:nil="true"></Name>
          <PostalCode xsi:nil="true"></PostalCode>
          <PostOfficeBox xsi:nil="true"></PostOfficeBox>
          <PrimaryContactName xsi:nil="true"></PrimaryContactName>
          <ShippingMethodCode>1</ShippingMethodCode>
          <StateOrProvince xsi:nil="true"></StateOrProvince>
          <Telephone1 xsi:nil="true"></Telephone1>
          <Telephone2 xsi:nil="true"></Telephone2>
          <Telephone3 xsi:nil="true"></Telephone3>
          <TimeZoneRuleVersionNumber xsi:nil="true"></TimeZoneRuleVersionNumber>
          <UPSZone xsi:nil="true"></UPSZone>
          <UTCOffset xsi:nil="true"></UTCOffset>
          <UTCConversionTimeZoneCode xsi:nil="true"></UTCConversionTimeZoneCode>
        </Address>
        <Address>
          <AddressNumber>2</AddressNumber>
          <AddressTypeCode>1</AddressTypeCode>
          <City xsi:nil="true"></City>
          <County xsi:nil="true"></County>
          <Country xsi:nil="true"></Country>
          <Fax xsi:nil="true"></Fax>
          <FreightTermsCode xsi:nil="true"></FreightTermsCode>
          <ImportSequenceNumber xsi:nil="true"></ImportSequenceNumber>
          <Latitude xsi:nil="true"></Latitude>
          <Line1 xsi:nil="true"></Line1>
          <Line2 xsi:nil="true"></Line2>
          <Line3 xsi:nil="true"></Line3>
          <Longitude xsi:nil="true"></Longitude>
          <Name xsi:nil="true"></Name>
          <PostalCode xsi:nil="true"></PostalCode>
          <PostOfficeBox xsi:nil="true"></PostOfficeBox>
          <PrimaryContactName xsi:nil="true"></PrimaryContactName>
          <ShippingMethodCode>1</ShippingMethodCode>
          <StateOrProvince xsi:nil="true"></StateOrProvince>
          <Telephone1 xsi:nil="true"></Telephone1>
          <Telephone2 xsi:nil="true"></Telephone2>
          <Telephone3 xsi:nil="true"></Telephone3>
          <TimeZoneRuleVersionNumber xsi:nil="true"></TimeZoneRuleVersionNumber>
          <UPSZone xsi:nil="true"></UPSZone>
          <UTCOffset xsi:nil="true"></UTCOffset>
          <UTCConversionTimeZoneCode xsi:nil="true"></UTCConversionTimeZoneCode>
        </Address>
      </Addresses>
    </Publisher>
    <RootComponents>
      <RootComponent type="1" schemaName="account" behavior="1" />
      <RootComponent type="61" schemaName="qm_AccountTDG_main.js" behavior="0" />
      <RootComponent type="80" schemaName="ovs_OversightPlanning" behavior="0" />
    </RootComponents>
    <MissingDependencies>
      <MissingDependency>
        <Required type="1" schemaName="bookableresource" displayName="Bookable Resource" solution="msdynce_Scheduling (9.0.0.0)" />
        <Dependent type="80" schemaName="ovs_OversightPlanning" displayName="TDG Inspections / Inspections TMD" />
      </MissingDependency>
      <MissingDependency>
        <Required type="1" schemaName="bookableresourcebooking" displayName="Booking" solution="msdynce_Scheduling (9.0.0.0)" />
        <Dependent type="80" schemaName="ovs_OversightPlanning" displayName="TDG Inspections / Inspections TMD" />
      </MissingDependency>
      <MissingDependency>
        <Required type="1" schemaName="bookingstatus" displayName="Booking Status" solution="msdynce_Scheduling (9.0.0.0)" />
        <Dependent type="80" schemaName="ovs_OversightPlanning" displayName="TDG Inspections / Inspections TMD" />
      </MissingDependency>
      <MissingDependency>
        <Required type="1" schemaName="lead" displayName="Lead" solution="msdynce_LeadManagement (9.0.4.0066)">
          <package>msdynce_LeadManagementAnchor (9.0.24034.10001)</package>
        </Required>
        <Dependent type="80" schemaName="ovs_OversightPlanning" displayName="TDG Inspections / Inspections TMD" />
      </MissingDependency>
      <MissingDependency>
        <Required type="1" schemaName="leadtoopportunitysalesprocess" displayName="Lead To Opportunity Sales Process" solution="msdynce_Sales (9.0.4.0076)">
          <package>msdynce_SalesAnchor (9.0.24041.10010)</package>
        </Required>
        <Dependent type="80" schemaName="ovs_OversightPlanning" displayName="TDG Inspections / Inspections TMD" />
      </MissingDependency>
      <MissingDependency>
        <Required type="1" schemaName="msdyn_bookableresourcebookingquicknote" displayName="Bookable Resource Booking Quick Note" solution="msdyn_FieldService_patch_update (8.8.113.28)">
          <package>FieldService_Anchor (8.8.113.28)</package>
        </Required>
        <Dependent type="80" schemaName="ovs_OversightPlanning" displayName="TDG Inspections / Inspections TMD" />
      </MissingDependency>
      <MissingDependency>
        <Required type="1" schemaName="msdyn_bookingtimestamp" displayName="Booking Timestamp" solution="FieldService (8.8.0.88)">
          <package>FieldService_Anchor (8.8.113.28)</package>
        </Required>
        <Dependent type="80" schemaName="ovs_OversightPlanning" displayName="TDG Inspections / Inspections TMD" />
      </MissingDependency>
      <MissingDependency>
        <Required type="1" schemaName="msdyn_bpf_d3d97bac8c294105840e99e37a9d1c39" displayName="Work Order Business Process" solution="FieldService (8.8.0.88)">
          <package>FieldService_Anchor (8.8.113.28)</package>
        </Required>
        <Dependent type="80" schemaName="ovs_OversightPlanning" displayName="TDG Inspections / Inspections TMD" />
      </MissingDependency>
      <MissingDependency>
        <Required type="1" schemaName="msdyn_customerassetcategory" displayName="Customer Asset Category" solution="msdyn_AssetCommon (1.0.50.1)">
          <package>FieldService_Anchor (8.8.113.28)</package>
          <package>msdynce_ServiceAnchor (9.0.24041.1007)</package>
        </Required>
        <Dependent type="80" schemaName="ovs_OversightPlanning" displayName="TDG Inspections / Inspections TMD" />
      </MissingDependency>
      <MissingDependency>
        <Required type="1" schemaName="msdyn_incidenttype" displayName="Incident Type" solution="FieldService (8.8.0.88)">
          <package>FieldService_Anchor (8.8.113.28)</package>
        </Required>
        <Dependent type="80" schemaName="ovs_OversightPlanning" displayName="TDG Inspections / Inspections TMD" />
      </MissingDependency>
      <MissingDependency>
        <Required type="1" schemaName="msdyn_inspection" displayName="Inspection Template" solution="msdyn_Inspections (1.0.53.0)">
          <package>FieldService_Anchor (8.8.113.28)</package>
        </Required>
        <Dependent type="80" schemaName="ovs_OversightPlanning" displayName="TDG Inspections / Inspections TMD" />
      </MissingDependency>
      <MissingDependency>
        <Required type="1" schemaName="msdyn_resourceterritory" displayName="Resource Territory" solution="MicrosoftDynamicsScheduling (3.12.0.448)">
          <package>FieldService_Anchor (8.8.113.28)</package>
          <package>msdynce_CoreServiceSchedulingAnchor (9.0.21104.1006)</package>
        </Required>
        <Dependent type="80" schemaName="ovs_OversightPlanning" displayName="TDG Inspections / Inspections TMD" />
      </MissingDependency>
      <MissingDependency>
        <Required type="1" schemaName="msdyn_servicetasktype" displayName="Service Task Type" solution="FieldService (8.8.0.88)">
          <package>FieldService_Anchor (8.8.113.28)</package>
        </Required>
        <Dependent type="80" schemaName="ovs_OversightPlanning" displayName="TDG Inspections / Inspections TMD" />
      </MissingDependency>
      <MissingDependency>
        <Required type="1" schemaName="msdyn_timegroupdetail" displayName="Time Group Detail" solution="MicrosoftDynamicsScheduling (3.12.0.448)">
          <package>FieldService_Anchor (8.8.113.28)</package>
          <package>msdynce_CoreServiceSchedulingAnchor (9.0.21104.1006)</package>
        </Required>
        <Dependent type="80" schemaName="ovs_OversightPlanning" displayName="TDG Inspections / Inspections TMD" />
      </MissingDependency>
      <MissingDependency>
        <Required type="1" schemaName="msdyn_workorder" displayName="Work Order" solution="FieldService (8.8.0.88)">
          <package>FieldService_Anchor (8.8.113.28)</package>
        </Required>
        <Dependent type="80" schemaName="ovs_OversightPlanning" displayName="TDG Inspections / Inspections TMD" />
      </MissingDependency>
      <MissingDependency>
        <Required type="1" schemaName="msdyn_workorderincident" displayName="Work Order Incident" solution="FieldService (8.8.0.88)">
          <package>FieldService_Anchor (8.8.113.28)</package>
        </Required>
        <Dependent type="80" schemaName="ovs_OversightPlanning" displayName="TDG Inspections / Inspections TMD" />
      </MissingDependency>
      <MissingDependency>
        <Required type="1" schemaName="msdyn_workorderproduct" displayName="Work Order Product" solution="FieldService (8.8.0.88)">
          <package>FieldService_Anchor (8.8.113.28)</package>
        </Required>
        <Dependent type="80" schemaName="ovs_OversightPlanning" displayName="TDG Inspections / Inspections TMD" />
      </MissingDependency>
      <MissingDependency>
        <Required type="1" schemaName="msdyn_workorderservice" displayName="Work Order Service" solution="FieldService (8.8.0.88)">
          <package>FieldService_Anchor (8.8.113.28)</package>
        </Required>
        <Dependent type="80" schemaName="ovs_OversightPlanning" displayName="TDG Inspections / Inspections TMD" />
      </MissingDependency>
      <MissingDependency>
        <Required type="1" schemaName="msdyn_workorderservicetask" displayName="Work Order Service Task" solution="FieldService (8.8.0.88)">
          <package>FieldService_Anchor (8.8.113.28)</package>
        </Required>
        <Dependent type="80" schemaName="ovs_OversightPlanning" displayName="TDG Inspections / Inspections TMD" />
      </MissingDependency>
      <MissingDependency>
        <Required type="1" schemaName="msdyn_workordersubstatus" displayName="Work Order Substatus" solution="FieldService (8.8.0.88)">
          <package>FieldService_Anchor (8.8.113.28)</package>
        </Required>
        <Dependent type="80" schemaName="ovs_OversightPlanning" displayName="TDG Inspections / Inspections TMD" />
      </MissingDependency>
      <MissingDependency>
        <Required type="1" schemaName="opportunity" displayName="Opportunity" solution="msdynce_Sales (9.0.4.0076)">
          <package>msdynce_SalesAnchor (9.0.24041.10010)</package>
        </Required>
        <Dependent type="80" schemaName="ovs_OversightPlanning" displayName="TDG Inspections / Inspections TMD" />
      </MissingDependency>
      <MissingDependency>
        <Required type="1" schemaName="ovs_cancellationrequest" displayName="Cancellation Request" solution="Active" />
        <Dependent type="80" schemaName="ovs_OversightPlanning" displayName="TDG Inspections / Inspections TMD" />
      </MissingDependency>
      <MissingDependency>
        <Required type="1" schemaName="ovs_cdnop" displayName="NOP" solution="Active" />
        <Dependent type="80" schemaName="ovs_OversightPlanning" displayName="TDG Inspections / Inspections TMD" />
      </MissingDependency>
      <MissingDependency>
        <Required type="1" schemaName="ovs_cdregionalnop" displayName="Regional NOP" solution="Active" />
        <Dependent type="80" schemaName="ovs_OversightPlanning" displayName="TDG Inspections / Inspections TMD" />
      </MissingDependency>
      <MissingDependency>
        <Required type="1" schemaName="ovs_confirmationofcompliance" displayName="Confirmation of Compliance" solution="Active" />
        <Dependent type="80" schemaName="ovs_OversightPlanning" displayName="TDG Inspections / Inspections TMD" />
      </MissingDependency>
      <MissingDependency>
        <Required type="1" schemaName="ovs_cyaction" displayName="Enforcement Action" solution="Active" />
        <Dependent type="80" schemaName="ovs_OversightPlanning" displayName="TDG Inspections / Inspections TMD" />
      </MissingDependency>
      <MissingDependency>
        <Required type="1" schemaName="ovs_cysafetyassessment" displayName="Safety Assessment" solution="Active" />
        <Dependent type="80" schemaName="ovs_OversightPlanning" displayName="TDG Inspections / Inspections TMD" />
      </MissingDependency>
      <MissingDependency>
        <Required type="1" schemaName="ovs_followuprequest" displayName="Follow Up Inspection Request" solution="Active" />
        <Dependent type="80" schemaName="ovs_OversightPlanning" displayName="TDG Inspections / Inspections TMD" />
      </MissingDependency>
      <MissingDependency>
        <Required type="1" schemaName="ovs_mocregistration" displayName="Operation" solution="Active" />
        <Dependent type="80" schemaName="ovs_OversightPlanning" displayName="TDG Inspections / Inspections TMD" />
      </MissingDependency>
      <MissingDependency>
        <Required type="1" schemaName="ovs_operationunnumber" displayName="Site UN Number" solution="Active" />
        <Dependent type="80" schemaName="ovs_OversightPlanning" displayName="TDG Inspections / Inspections TMD" />
      </MissingDependency>
      <MissingDependency>
        <Required type="1" schemaName="ovs_oversighttype" displayName="Oversight Type" solution="Active" />
        <Dependent type="80" schemaName="ovs_OversightPlanning" displayName="TDG Inspections / Inspections TMD" />
      </MissingDependency>
      <MissingDependency>
        <Required type="1" schemaName="ovs_questionnaire" displayName="Questionnaire" solution="Active" />
        <Dependent type="80" schemaName="ovs_OversightPlanning" displayName="TDG Inspections / Inspections TMD" />
      </MissingDependency>
      <MissingDependency>
        <Required type="1" schemaName="ovs_revisedquarterrequest" displayName="Revised Quarter Request" solution="Active" />
        <Dependent type="80" schemaName="ovs_OversightPlanning" displayName="TDG Inspections / Inspections TMD" />
      </MissingDependency>
      <MissingDependency>
        <Required type="1" schemaName="ovs_siteclass" displayName="Site Class" solution="Active" />
        <Dependent type="80" schemaName="ovs_OversightPlanning" displayName="TDG Inspections / Inspections TMD" />
      </MissingDependency>
      <MissingDependency>
        <Required type="1" schemaName="ovs_sitetype" displayName="Site Type" solution="Active" />
        <Dependent type="80" schemaName="ovs_OversightPlanning" displayName="TDG Inspections / Inspections TMD" />
      </MissingDependency>
      <MissingDependency>
        <Required type="1" schemaName="ovs_tdginspectionreport" displayName="TDG Inspection Report" solution="Active" />
        <Dependent type="80" schemaName="ovs_OversightPlanning" displayName="TDG Inspections / Inspections TMD" />
      </MissingDependency>
      <MissingDependency>
        <Required type="1" schemaName="ovs_tyohsequipmenttype" displayName="OHS Equipment Type" solution="Active" />
        <Dependent type="80" schemaName="ovs_OversightPlanning" displayName="TDG Inspections / Inspections TMD" />
      </MissingDependency>
      <MissingDependency>
        <Required type="1" schemaName="ovs_tyohsnote" displayName="OHS Note" solution="Active" />
        <Dependent type="80" schemaName="ovs_OversightPlanning" displayName="TDG Inspections / Inspections TMD" />
      </MissingDependency>
      <MissingDependency>
        <Required type="1" schemaName="ovs_tyrational" displayName="Rationale" solution="Active" />
        <Dependent type="80" schemaName="ovs_OversightPlanning" displayName="TDG Inspections / Inspections TMD" />
      </MissingDependency>
      <MissingDependency>
        <Required type="1" schemaName="ovs_unplannedforecast" displayName="Unplanned Forecast" solution="Active" />
        <Dependent type="80" schemaName="ovs_OversightPlanning" displayName="TDG Inspections / Inspections TMD" />
      </MissingDependency>
      <MissingDependency>
        <Required type="1" schemaName="ovs_workordercandidate" displayName="Work Order Candidate" solution="Active" />
        <Dependent type="80" schemaName="ovs_OversightPlanning" displayName="TDG Inspections / Inspections TMD" />
      </MissingDependency>
      <MissingDependency>
        <Required type="1" schemaName="qm_rclegislation" displayName="Legislation" solution="Active" />
        <Dependent type="80" schemaName="ovs_OversightPlanning" displayName="TDG Inspections / Inspections TMD" />
      </MissingDependency>
      <MissingDependency>
        <Required type="1" schemaName="qm_syquestion" displayName="Template Question" solution="Active" />
        <Dependent type="80" schemaName="ovs_OversightPlanning" displayName="TDG Inspections / Inspections TMD" />
      </MissingDependency>
      <MissingDependency>
        <Required type="1" schemaName="qm_syresponse" displayName="Template Question Response" solution="Active" />
        <Dependent type="80" schemaName="ovs_OversightPlanning" displayName="TDG Inspections / Inspections TMD" />
      </MissingDependency>
      <MissingDependency>
        <Required type="1" schemaName="qm_syresult" displayName="Violation" solution="Active" />
        <Dependent type="80" schemaName="ovs_OversightPlanning" displayName="TDG Inspections / Inspections TMD" />
      </MissingDependency>
      <MissingDependency>
        <Required type="1" schemaName="qm_sytemplate" displayName="Template" solution="Active" />
        <Dependent type="80" schemaName="ovs_OversightPlanning" displayName="TDG Inspections / Inspections TMD" />
      </MissingDependency>
      <MissingDependency>
        <Required type="1" schemaName="qm_tylegislationcharacteristic" displayName="Legislation Characteristic" solution="Active" />
        <Dependent type="80" schemaName="ovs_OversightPlanning" displayName="TDG Inspections / Inspections TMD" />
      </MissingDependency>
      <MissingDependency>
        <Required type="1" schemaName="qm_tylegislationsource" displayName="Legislation Source" solution="Active" />
        <Dependent type="80" schemaName="ovs_OversightPlanning" displayName="TDG Inspections / Inspections TMD" />
      </MissingDependency>
      <MissingDependency>
        <Required type="1" schemaName="qm_tylegislationtype" displayName="Legislation Section Type" solution="Active" />
        <Dependent type="80" schemaName="ovs_OversightPlanning" displayName="TDG Inspections / Inspections TMD" />
      </MissingDependency>
      <MissingDependency>
        <Required type="1" schemaName="tc_tcfiscalperiod" displayName="TCFiscalPeriod" solution="Active" />
        <Dependent type="80" schemaName="ovs_OversightPlanning" displayName="TDG Inspections / Inspections TMD" />
      </MissingDependency>
      <MissingDependency>
        <Required type="1" schemaName="tc_tcfiscalquarter" displayName="TCFiscalQuarter" solution="Active" />
        <Dependent type="80" schemaName="ovs_OversightPlanning" displayName="TDG Inspections / Inspections TMD" />
      </MissingDependency>
      <MissingDependency>
        <Required type="1" schemaName="tc_tcfiscalyear" displayName="TCFiscalYear" solution="Active" />
        <Dependent type="80" schemaName="ovs_OversightPlanning" displayName="TDG Inspections / Inspections TMD" />
      </MissingDependency>
      <MissingDependency>
        <Required type="1" schemaName="territory" displayName="Region" solution="msdynce_AppCommon (9.0.4.0066)">
          <package>msdynce_AppCommonAnchor (9.0.24041.10001)</package>
        </Required>
        <Dependent type="80" schemaName="ovs_OversightPlanning" displayName="TDG Inspections / Inspections TMD" />
      </MissingDependency>
      <MissingDependency>
        <Required type="2" schemaName="cid_cidflag" displayName="CID Flag" parentSchemaName="account" parentDisplayName="Account" solution="Active" />
        <Dependent type="60" displayName="Organization" parentDisplayName="Account" id="{2dbe9c3a-901a-484d-9e68-8424cd897f8d}" />
      </MissingDependency>
      <MissingDependency>
        <Required type="2" schemaName="ovs_legalname" displayName="Legal Name" parentSchemaName="account" parentDisplayName="Account" solution="Active" />
        <Dependent type="60" displayName="Organization" parentDisplayName="Account" id="{2dbe9c3a-901a-484d-9e68-8424cd897f8d}" />
      </MissingDependency>
      <MissingDependency>
        <Required type="20" displayName="TDG Inspector" solution="Active" id="{de8e34ea-d189-eb11-b1ac-000d3ae92dbf}" />
        <Dependent type="80" schemaName="ovs_OversightPlanning" displayName="TDG Inspections / Inspections TMD" />
      </MissingDependency>
      <MissingDependency>
        <Required type="26" schemaName="Active Work Order Services" displayName="Active Work Order Services" parentSchemaName="msdyn_workorderservice" parentDisplayName="Work Order Service" solution="FieldService (8.8.0.88)" id="{0312a55e-e22c-4afb-abff-4bdbf5cfd601}">
          <package>FieldService_Anchor (8.8.113.28)</package>
        </Required>
        <Dependent type="80" schemaName="ovs_OversightPlanning" displayName="TDG Inspections / Inspections TMD" />
      </MissingDependency>
      <MissingDependency>
        <Required type="26" schemaName="CID Portal - Validation - Sites" displayName="CID Portal - Validation - Sites" parentSchemaName="account" parentDisplayName="Account" solution="Active" id="{048f4d4f-c892-ec11-b3fe-000d3a0c187c}" />
        <Dependent type="60" displayName="Organization" parentDisplayName="Account" id="{2dbe9c3a-901a-484d-9e68-8424cd897f8d}" />
      </MissingDependency>
      <MissingDependency>
        <Required type="26" schemaName="All Contacts" displayName="All Contacts" parentSchemaName="contact" parentDisplayName="Contact" solution="msdynce_AppCommon (9.0.4.0066)" id="{0d5d377b-5e7c-47b5-bab1-a5cb8b4ac105}">
          <package>msdynce_AppCommonAnchor (9.0.24041.10001)</package>
        </Required>
        <Dependent type="80" schemaName="ovs_OversightPlanning" displayName="TDG Inspections / Inspections TMD" />
      </MissingDependency>
      <MissingDependency>
        <Required type="26" schemaName="Service Account" displayName="Service Account" parentSchemaName="account" parentDisplayName="Account" solution="FieldService (8.8.0.88)" id="{0f928982-20d3-e811-815b-000d3afd1036}">
          <package>FieldService_Anchor (8.8.113.28)</package>
        </Required>
        <Dependent type="60" displayName="Organization" parentDisplayName="Account" id="{2dbe9c3a-901a-484d-9e68-8424cd897f8d}" />
      </MissingDependency>
      <MissingDependency>
        <Required type="26" schemaName="Active Booking Timestamps" displayName="Active Booking Timestamps" parentSchemaName="msdyn_bookingtimestamp" parentDisplayName="Booking Timestamp" solution="FieldService (8.8.0.88)" id="{130eea39-ba4d-4393-a23f-30aded3a9ed7}">
          <package>FieldService_Anchor (8.8.113.28)</package>
        </Required>
        <Dependent type="80" schemaName="ovs_OversightPlanning" displayName="TDG Inspections / Inspections TMD" />
      </MissingDependency>
      <MissingDependency>
        <Required type="26" schemaName="CID Portal - In year Company Sites" displayName="CID Portal - In year Company Sites" parentSchemaName="account" parentDisplayName="Account" solution="Active" id="{153aa606-2043-ed11-bba3-0022483d0343}" />
        <Dependent type="60" displayName="Organization" parentDisplayName="Account" id="{2dbe9c3a-901a-484d-9e68-8424cd897f8d}" />
      </MissingDependency>
      <MissingDependency>
        <Required type="26" schemaName="Site Associated Classes" displayName="Site Associated Classes" parentSchemaName="ovs_siteclass" parentDisplayName="Site Class" solution="Active" id="{165d86c4-84d2-ee11-904d-002248b0ab18}" />
        <Dependent type="80" schemaName="ovs_OversightPlanning" displayName="TDG Inspections / Inspections TMD" />
      </MissingDependency>
      <MissingDependency>
        <Required type="26" schemaName="Active Work Order Products" displayName="Active Work Order Products" parentSchemaName="msdyn_workorderproduct" parentDisplayName="Work Order Product" solution="FieldService (8.8.0.88)" id="{1662ced4-9bc6-4e77-90b2-6bbf2bef029f}">
          <package>FieldService_Anchor (8.8.113.28)</package>
        </Required>
        <Dependent type="80" schemaName="ovs_OversightPlanning" displayName="TDG Inspections / Inspections TMD" />
      </MissingDependency>
      <MissingDependency>
        <Required type="26" schemaName="My Overdue Confirmation of Compliances" displayName="My Overdue Confirmation of Compliances" parentSchemaName="msdyn_workorder" parentDisplayName="Work Order" solution="Active" id="{16df01c9-6ad0-eb11-bacc-0022483c0d29}" />
        <Dependent type="80" schemaName="ovs_OversightPlanning" displayName="TDG Inspections / Inspections TMD" />
      </MissingDependency>
      <MissingDependency>
        <Required type="26" schemaName="Offline Bookable Resource Booking Quick Notes" displayName="Offline Bookable Resource Booking Quick Notes" parentSchemaName="msdyn_bookableresourcebookingquicknote" parentDisplayName="Bookable Resource Booking Quick Note" solution="msdyn_FieldService_patch_update (8.8.113.28)" id="{19839811-189d-4b23-8a32-6cbe03f254d7}">
          <package>FieldService_Anchor (8.8.113.28)</package>
        </Required>
        <Dependent type="80" schemaName="ovs_OversightPlanning" displayName="TDG Inspections / Inspections TMD" />
      </MissingDependency>
      <MissingDependency>
        <Required type="26" schemaName="My Safety Assessments" displayName="My Safety Assessments" parentSchemaName="ovs_cysafetyassessment" parentDisplayName="Safety Assessment" solution="Active" id="{1d8db8c4-42cd-eb11-bacc-0022483c0d29}" />
        <Dependent type="80" schemaName="ovs_OversightPlanning" displayName="TDG Inspections / Inspections TMD" />
      </MissingDependency>
      <MissingDependency>
        <Required type="26" schemaName="All Associated Sites" displayName="All Associated Sites" parentSchemaName="account" parentDisplayName="Account" solution="Active" id="{2225cdfb-321f-ee11-9966-0022483d0343}" />
        <Dependent type="60" displayName="Organization" parentDisplayName="Account" id="{2dbe9c3a-901a-484d-9e68-8424cd897f8d}" />
      </MissingDependency>
      <MissingDependency>
        <Required type="26" schemaName="My Region's Inactive Sites" displayName="My Region's Inactive Sites" parentSchemaName="account" parentDisplayName="Account" solution="Active" id="{2253be98-5ad4-eb11-bacc-000d3af38cd4}" />
        <Dependent type="60" displayName="Organization" parentDisplayName="Account" id="{2dbe9c3a-901a-484d-9e68-8424cd897f8d}" />
      </MissingDependency>
      <MissingDependency>
        <Required type="26" schemaName="My Cancellation Requests" displayName="My Cancellation Requests" parentSchemaName="ovs_cancellationrequest" parentDisplayName="Cancellation Request" solution="Active" id="{25605b69-4acd-eb11-bacc-0022483c0d29}" />
        <Dependent type="80" schemaName="ovs_OversightPlanning" displayName="TDG Inspections / Inspections TMD" />
      </MissingDependency>
      <MissingDependency>
        <Required type="26" schemaName="Site Class Advanced Find View" displayName="Site Class Advanced Find View" parentSchemaName="ovs_siteclass" parentDisplayName="Site Class" solution="Active" id="{25e8285a-0aab-46bf-9509-99a6585328f9}" />
        <Dependent type="80" schemaName="ovs_OversightPlanning" displayName="TDG Inspections / Inspections TMD" />
      </MissingDependency>
      <MissingDependency>
        <Required type="26" schemaName="My Follow Up Requests" displayName="My Follow Up Requests" parentSchemaName="ovs_followuprequest" parentDisplayName="Follow Up Inspection Request" solution="Active" id="{26ac959a-4ccd-eb11-bacc-0022483c0d29}" />
        <Dependent type="80" schemaName="ovs_OversightPlanning" displayName="TDG Inspections / Inspections TMD" />
      </MissingDependency>
      <MissingDependency>
        <Required type="26" schemaName="CID - Parent Organizations (ROM &amp; CID)" displayName="CID - Parent Organizations (ROM &amp; CID)" parentSchemaName="account" parentDisplayName="Account" solution="Active" id="{27025ebd-1817-ed11-b83f-000d3a84cfdd}" />
        <Dependent type="60" displayName="Organization" parentDisplayName="Account" id="{2dbe9c3a-901a-484d-9e68-8424cd897f8d}" />
      </MissingDependency>
      <MissingDependency>
        <Required type="26" schemaName="CID Account Associated View" displayName="CID Account Associated View" parentSchemaName="account" parentDisplayName="Account" solution="Active" id="{28d5ab71-642a-ee11-bdf4-0022483d0c87}" />
        <Dependent type="60" displayName="Organization" parentDisplayName="Account" id="{2dbe9c3a-901a-484d-9e68-8424cd897f8d}" />
      </MissingDependency>
      <MissingDependency>
        <Required type="26" schemaName="Safety Assessment Lookup View" displayName="Safety Assessment Lookup View" parentSchemaName="ovs_cysafetyassessment" parentDisplayName="Safety Assessment" solution="Active" id="{28db6631-4a50-4cc1-b95a-3730f6313cb4}" />
        <Dependent type="80" schemaName="ovs_OversightPlanning" displayName="TDG Inspections / Inspections TMD" />
      </MissingDependency>
      <MissingDependency>
        <Required type="26" schemaName="DG Classes" displayName="DG Classes" parentSchemaName="ovs_siteclass" parentDisplayName="Site Class" solution="Active" id="{29319724-14d1-ee11-904d-002248b0ab18}" />
        <Dependent type="80" schemaName="ovs_OversightPlanning" displayName="TDG Inspections / Inspections TMD" />
      </MissingDependency>
      <MissingDependency>
        <Required type="26" schemaName="Custom Work Order Products View" displayName="Custom Work Order Products View" parentSchemaName="msdyn_workorderproduct" parentDisplayName="Work Order Product" solution="FieldService (8.8.0.88)" id="{293498de-a23c-e311-974a-00155da8fa1b}">
          <package>FieldService_Anchor (8.8.113.28)</package>
        </Required>
        <Dependent type="80" schemaName="ovs_OversightPlanning" displayName="TDG Inspections / Inspections TMD" />
      </MissingDependency>
      <MissingDependency>
        <Required type="26" schemaName="Time Tracking" displayName="Time Tracking" parentSchemaName="msdyn_workorderservicetask" parentDisplayName="Work Order Service Task" solution="Active" id="{2b492e52-cbb9-ec11-983f-0022483d62f4}" />
        <Dependent type="80" schemaName="ovs_OversightPlanning" displayName="TDG Inspections / Inspections TMD" />
      </MissingDependency>
      <MissingDependency>
        <Required type="26" schemaName="National Work Orders" displayName="National Work Orders" parentSchemaName="msdyn_workorder" parentDisplayName="Work Order" solution="Active" id="{2ef5fd10-67d0-eb11-bacc-0022483c0d29}" />
        <Dependent type="80" schemaName="ovs_OversightPlanning" displayName="TDG Inspections / Inspections TMD" />
      </MissingDependency>
      <MissingDependency>
        <Required type="26" schemaName="My Active Work Orders" displayName="My Active Work Orders" parentSchemaName="msdyn_workorder" parentDisplayName="Work Order" solution="Active" id="{2f1530ca-72d0-eb11-bacc-0022483c0d29}" />
        <Dependent type="80" schemaName="ovs_OversightPlanning" displayName="TDG Inspections / Inspections TMD" />
      </MissingDependency>
      <MissingDependency>
        <Required type="26" schemaName="My Inactive Work Orders" displayName="My Inactive Work Orders" parentSchemaName="msdyn_workorder" parentDisplayName="Work Order" solution="Active" id="{2fcdb78b-62d0-eb11-bacc-0022483c0d29}" />
        <Dependent type="80" schemaName="ovs_OversightPlanning" displayName="TDG Inspections / Inspections TMD" />
      </MissingDependency>
      <MissingDependency>
        <Required type="26" schemaName="MOC Registration Advanced Find View" displayName="MOC Registration Advanced Find View" parentSchemaName="ovs_mocregistration" parentDisplayName="Operation" solution="Active" id="{2ff0ad0b-e7bf-4df2-afb9-b06403787546}" />
        <Dependent type="80" schemaName="ovs_OversightPlanning" displayName="TDG Inspections / Inspections TMD" />
      </MissingDependency>
      <MissingDependency>
        <Required type="26" schemaName="My Safety &amp; Enforcement Actions" displayName="My Safety &amp; Enforcement Actions" parentSchemaName="ovs_cyaction" parentDisplayName="Enforcement Action" solution="Active" id="{36bda4f2-64d4-eb11-bacc-000d3af38cd4}" />
        <Dependent type="80" schemaName="ovs_OversightPlanning" displayName="TDG Inspections / Inspections TMD" />
      </MissingDependency>
      <MissingDependency>
        <Required type="26" schemaName="My Confirmation of Compliances" displayName="My Confirmation of Compliances" parentSchemaName="ovs_confirmationofcompliance" parentDisplayName="Confirmation of Compliance" solution="Active" id="{385a52aa-18d5-eb11-bacc-000d3af3999c}" />
        <Dependent type="80" schemaName="ovs_OversightPlanning" displayName="TDG Inspections / Inspections TMD" />
      </MissingDependency>
      <MissingDependency>
        <Required type="26" schemaName="Confirmation of Compliance Advanced Find View" displayName="Confirmation of Compliance Advanced Find View" parentSchemaName="ovs_confirmationofcompliance" parentDisplayName="Confirmation of Compliance" solution="Active" id="{3901d077-2043-4201-b4dc-826cb16d28c7}" />
        <Dependent type="80" schemaName="ovs_OversightPlanning" displayName="TDG Inspections / Inspections TMD" />
      </MissingDependency>
      <MissingDependency>
        <Required type="26" schemaName="Confirmation of Compliance Lookup View" displayName="Confirmation of Compliance Lookup View" parentSchemaName="ovs_confirmationofcompliance" parentDisplayName="Confirmation of Compliance" solution="Active" id="{3b6057a9-1840-49c1-95ab-66e11b51b25e}" />
        <Dependent type="80" schemaName="ovs_OversightPlanning" displayName="TDG Inspections / Inspections TMD" />
      </MissingDependency>
      <MissingDependency>
        <Required type="26" schemaName="My Inspection Reports" displayName="My Inspection Reports" parentSchemaName="ovs_tdginspectionreport" parentDisplayName="TDG Inspection Report" solution="Active" id="{3f0e8ed5-3acd-eb11-bacc-0022483c0d29}" />
        <Dependent type="80" schemaName="ovs_OversightPlanning" displayName="TDG Inspections / Inspections TMD" />
      </MissingDependency>
      <MissingDependency>
        <Required type="26" schemaName="CID Portal - Validation - Unclaimed Sites" displayName="CID Portal - Validation - Unclaimed Sites" parentSchemaName="account" parentDisplayName="Account" solution="Active" id="{3fffabcb-74c0-ec11-983e-0022483db9d8}" />
        <Dependent type="60" displayName="Organization" parentDisplayName="Account" id="{2dbe9c3a-901a-484d-9e68-8424cd897f8d}" />
      </MissingDependency>
      <MissingDependency>
        <Required type="26" schemaName="CID Portal - OData - Parent Companies" displayName="CID Portal - OData - Parent Companies" parentSchemaName="account" parentDisplayName="Account" solution="Active" id="{40662d0e-d694-ec11-b3fe-000d3a0c829e}" />
        <Dependent type="60" displayName="Organization" parentDisplayName="Account" id="{2dbe9c3a-901a-484d-9e68-8424cd897f8d}" />
      </MissingDependency>
      <MissingDependency>
        <Required type="26" schemaName="All ROM Safety Assessments" displayName="All ROM Safety Assessments" parentSchemaName="ovs_cysafetyassessment" parentDisplayName="Safety Assessment" solution="Active" id="{43d03694-3dcd-eb11-bacc-0022483c0d29}" />
        <Dependent type="80" schemaName="ovs_OversightPlanning" displayName="TDG Inspections / Inspections TMD" />
      </MissingDependency>
      <MissingDependency>
        <Required type="26" schemaName="Work Order Incident Lookup View" displayName="Work Order Incident Lookup View" parentSchemaName="msdyn_workorderincident" parentDisplayName="Work Order Incident" solution="FieldService (8.8.0.88)" id="{47f96161-081e-4885-b167-5267b44358e6}">
          <package>FieldService_Anchor (8.8.113.28)</package>
        </Required>
        <Dependent type="80" schemaName="ovs_OversightPlanning" displayName="TDG Inspections / Inspections TMD" />
      </MissingDependency>
      <MissingDependency>
        <Required type="26" schemaName="Safety Assessment Advanced Find View" displayName="Safety Assessment Advanced Find View" parentSchemaName="ovs_cysafetyassessment" parentDisplayName="Safety Assessment" solution="Active" id="{4b4548a2-7a1c-4f35-a58b-98a27848b1f9}" />
        <Dependent type="80" schemaName="ovs_OversightPlanning" displayName="TDG Inspections / Inspections TMD" />
      </MissingDependency>
      <MissingDependency>
        <Required type="26" schemaName="My Active Accounts by Relationship" displayName="My Active Accounts by Relationship" parentSchemaName="account" parentDisplayName="Account" solution="RelationshipAnalytics (9.0.24041.10001)" id="{4bfea08c-9a4d-e611-80fc-0024e84720c6}">
          <package>msdynce_SalesInsightsAnchor (9.0.24041.10011)</package>
        </Required>
        <Dependent type="60" displayName="Organization" parentDisplayName="Account" id="{2dbe9c3a-901a-484d-9e68-8424cd897f8d}" />
      </MissingDependency>
      <MissingDependency>
        <Required type="26" schemaName="Time Group Detail Lookup View" displayName="Time Group Detail Lookup View" parentSchemaName="msdyn_timegroupdetail" parentDisplayName="Time Group Detail" solution="MicrosoftDynamicsScheduling (3.12.0.448)" id="{4de23d19-7523-4514-b6d4-31b079838062}">
          <package>FieldService_Anchor (8.8.113.28)</package>
          <package>msdynce_CoreServiceSchedulingAnchor (9.0.21104.1006)</package>
        </Required>
        <Dependent type="80" schemaName="ovs_OversightPlanning" displayName="TDG Inspections / Inspections TMD" />
      </MissingDependency>
      <MissingDependency>
        <Required type="26" schemaName="My Follow Up Work Orders" displayName="My Follow Up Work Orders" parentSchemaName="msdyn_workorder" parentDisplayName="Work Order" solution="Active" id="{4f3d8167-eae3-eb11-bacb-0022483c5173}" />
        <Dependent type="80" schemaName="ovs_OversightPlanning" displayName="TDG Inspections / Inspections TMD" />
      </MissingDependency>
      <MissingDependency>
        <Required type="26" schemaName="Transportation of Dangerous Goods" displayName="Transportation of Dangerous Goods" parentSchemaName="account" parentDisplayName="Account" solution="Active" id="{57962920-5929-eb11-a813-000d3af3a7a7}" />
        <Dependent type="60" displayName="Organization" parentDisplayName="Account" id="{2dbe9c3a-901a-484d-9e68-8424cd897f8d}" />
      </MissingDependency>
      <MissingDependency>
        <Required type="26" schemaName="Active Bookable Resource Bookings" displayName="Active Bookable Resource Bookings" parentSchemaName="bookableresourcebooking" parentDisplayName="Booking" solution="msdynce_Scheduling (9.0.0.0)" id="{5e97b27e-8ae9-4b14-89fe-3d5ad7ccec9c}" />
        <Dependent type="80" schemaName="ovs_OversightPlanning" displayName="TDG Inspections / Inspections TMD" />
      </MissingDependency>
      <MissingDependency>
        <Required type="26" schemaName="Accounts I Follow" displayName="Accounts I Follow" parentSchemaName="account" parentDisplayName="Account" solution="Active" id="{61273827-328e-e011-95ae-00155d9cfa02}" />
        <Dependent type="60" displayName="Organization" parentDisplayName="Account" id="{2dbe9c3a-901a-484d-9e68-8424cd897f8d}" />
      </MissingDependency>
      <MissingDependency>
        <Required type="26" schemaName="Accounts Being Followed" displayName="Accounts Being Followed" parentSchemaName="account" parentDisplayName="Account" solution="Active" id="{61273827-328e-e011-95ae-00155d9cfa03}" />
        <Dependent type="60" displayName="Organization" parentDisplayName="Account" id="{2dbe9c3a-901a-484d-9e68-8424cd897f8d}" />
      </MissingDependency>
      <MissingDependency>
        <Required type="26" schemaName="Air Operator Type" displayName="Air Operator Type" parentSchemaName="qm_tylegislationcharacteristic" parentDisplayName="Legislation Characteristic" solution="Active" id="{626329e8-20a8-eb11-9442-000d3ae99322}" />
        <Dependent type="80" schemaName="ovs_OversightPlanning" displayName="TDG Inspections / Inspections TMD" />
      </MissingDependency>
      <MissingDependency>
        <Required type="26" schemaName="All Sites" displayName="All Sites" parentSchemaName="account" parentDisplayName="Account" solution="Active" id="{631f1f30-1bff-ed11-8f6d-0022483d0343}" />
        <Dependent type="60" displayName="Organization" parentDisplayName="Account" id="{2dbe9c3a-901a-484d-9e68-8424cd897f8d}" />
      </MissingDependency>
      <MissingDependency>
        <Required type="26" schemaName="Custom Work Order Service View" displayName="Custom Work Order Service View" parentSchemaName="msdyn_workorderservice" parentDisplayName="Work Order Service" solution="FieldService (8.8.0.88)" id="{637fd9ff-b25b-e111-b0e5-000c2959f9b8}">
          <package>FieldService_Anchor (8.8.113.28)</package>
        </Required>
        <Dependent type="80" schemaName="ovs_OversightPlanning" displayName="TDG Inspections / Inspections TMD" />
      </MissingDependency>
      <MissingDependency>
        <Required type="26" schemaName="Aircraft Type" displayName="Aircraft Type" parentSchemaName="qm_tylegislationcharacteristic" parentDisplayName="Legislation Characteristic" solution="Active" id="{63d7ac99-20a8-eb11-9442-000d3ae99322}" />
        <Dependent type="80" schemaName="ovs_OversightPlanning" displayName="TDG Inspections / Inspections TMD" />
      </MissingDependency>
      <MissingDependency>
        <Required type="26" schemaName="All Accounts" displayName="All Accounts" parentSchemaName="account" parentDisplayName="Account" solution="msdynce_AppCommon (9.0.4.0066)" id="{65ffaf9a-e8c5-432d-860b-32f841b00d87}">
          <package>msdynce_AppCommonAnchor (9.0.24041.10001)</package>
        </Required>
        <Dependent type="60" displayName="Organization" parentDisplayName="Account" id="{2dbe9c3a-901a-484d-9e68-8424cd897f8d}" />
      </MissingDependency>
      <MissingDependency>
        <Required type="26" schemaName="Site Class Associated View" displayName="Site Class Associated View" parentSchemaName="ovs_siteclass" parentDisplayName="Site Class" solution="Active" id="{66f834cf-8d1f-4375-b6b0-60b786e98e0a}" />
        <Dependent type="80" schemaName="ovs_OversightPlanning" displayName="TDG Inspections / Inspections TMD" />
      </MissingDependency>
      <MissingDependency>
        <Required type="26" schemaName="My Active Confirmation of Compliances" displayName="My Active Confirmation of Compliances" parentSchemaName="ovs_confirmationofcompliance" parentDisplayName="Confirmation of Compliance" solution="Active" id="{69e96920-49cd-eb11-bacc-0022483c0d29}" />
        <Dependent type="80" schemaName="ovs_OversightPlanning" displayName="TDG Inspections / Inspections TMD" />
      </MissingDependency>
      <MissingDependency>
        <Required type="26" schemaName="Inactive Site Classes" displayName="Inactive Site Classes" parentSchemaName="ovs_siteclass" parentDisplayName="Site Class" solution="Active" id="{6e549e50-dce5-4f9a-8db2-a0d5e7b8eb4b}" />
        <Dependent type="80" schemaName="ovs_OversightPlanning" displayName="TDG Inspections / Inspections TMD" />
      </MissingDependency>
      <MissingDependency>
        <Required type="26" schemaName="CID - Not Claim Sites" displayName="CID - Not Claim Sites" parentSchemaName="account" parentDisplayName="Account" solution="Active" id="{6e812d65-8725-ec11-b6e6-0022483cb5cd}" />
        <Dependent type="60" displayName="Organization" parentDisplayName="Account" id="{2dbe9c3a-901a-484d-9e68-8424cd897f8d}" />
      </MissingDependency>
      <MissingDependency>
        <Required type="26" schemaName="Account Lookup View - Organizations" displayName="Account Lookup View - Organizations" parentSchemaName="account" parentDisplayName="Account" solution="Active" id="{71537ab2-06cd-ee11-9079-0022483cceb8}" />
        <Dependent type="60" displayName="Organization" parentDisplayName="Account" id="{2dbe9c3a-901a-484d-9e68-8424cd897f8d}" />
      </MissingDependency>
      <MissingDependency>
        <Required type="26" schemaName="TCFiscalQuarter Lookup View" displayName="TCFiscalQuarter Lookup View" parentSchemaName="tc_tcfiscalquarter" parentDisplayName="TCFiscalQuarter" solution="Active" id="{72cca668-4e5d-4ab1-afef-9b00703a5c41}" />
        <Dependent type="80" schemaName="ovs_OversightPlanning" displayName="TDG Inspections / Inspections TMD" />
      </MissingDependency>
      <MissingDependency>
        <Required type="26" schemaName="All Organizations" displayName="All Organizations" parentSchemaName="account" parentDisplayName="Account" solution="Active" id="{74bbeebe-f9fe-ed11-8f6d-0022483e130e}" />
        <Dependent type="60" displayName="Organization" parentDisplayName="Account" id="{2dbe9c3a-901a-484d-9e68-8424cd897f8d}" />
      </MissingDependency>
      <MissingDependency>
        <Required type="26" schemaName="Site Class Lookup View" displayName="Site Class Lookup View" parentSchemaName="ovs_siteclass" parentDisplayName="Site Class" solution="Active" id="{757fdce2-55ab-489b-bacc-ccaff8838d2d}" />
        <Dependent type="80" schemaName="ovs_OversightPlanning" displayName="TDG Inspections / Inspections TMD" />
      </MissingDependency>
      <MissingDependency>
        <Required type="26" schemaName="Follow Up Request Advanced Find View" displayName="Follow Up Request Advanced Find View" parentSchemaName="ovs_followuprequest" parentDisplayName="Follow Up Inspection Request" solution="Active" id="{76e344db-276f-49f7-a5db-2c6531154968}" />
        <Dependent type="80" schemaName="ovs_OversightPlanning" displayName="TDG Inspections / Inspections TMD" />
      </MissingDependency>
      <MissingDependency>
        <Required type="26" schemaName="Site Lookup View" displayName="Site Lookup View" parentSchemaName="account" parentDisplayName="Account" solution="Active" id="{7b62c6ee-865b-eb11-a812-000d3a84db40}" />
        <Dependent type="60" displayName="Organization" parentDisplayName="Account" id="{2dbe9c3a-901a-484d-9e68-8424cd897f8d}" />
      </MissingDependency>
      <MissingDependency>
        <Required type="26" schemaName="MOC Type" displayName="MOC Type" parentSchemaName="qm_tylegislationcharacteristic" parentDisplayName="Legislation Characteristic" solution="Active" id="{7bc9f704-7f58-eb11-a812-000d3a84da66}" />
        <Dependent type="80" schemaName="ovs_OversightPlanning" displayName="TDG Inspections / Inspections TMD" />
      </MissingDependency>
      <MissingDependency>
        <Required type="26" schemaName="Sites" displayName="Sites" parentSchemaName="account" parentDisplayName="Account" solution="Active" id="{7c363e5f-5bd4-eb11-bacc-000d3af3999c}" />
        <Dependent type="60" displayName="Organization" parentDisplayName="Account" id="{2dbe9c3a-901a-484d-9e68-8424cd897f8d}" />
      </MissingDependency>
      <MissingDependency>
        <Required type="26" schemaName="Sites" displayName="Sites" parentSchemaName="account" parentDisplayName="Account" solution="Active" id="{7c363e5f-5bd4-eb11-bacc-000d3af3999c}" />
        <Dependent type="80" schemaName="ovs_OversightPlanning" displayName="TDG Inspections / Inspections TMD" />
      </MissingDependency>
      <MissingDependency>
        <Required type="26" schemaName="Excluded Accounts Campaigns" displayName="Excluded Accounts Campaigns" parentSchemaName="account" parentDisplayName="Account" solution="msdynce_MarketingPatch (9.0.1904.1019)" id="{7de498c2-508f-49a4-b2e8-d550d5b1b9ee}">
          <package>msdynce_MarketingAnchor (9.0.24034.10001)</package>
        </Required>
        <Dependent type="60" displayName="Organization" parentDisplayName="Account" id="{2dbe9c3a-901a-484d-9e68-8424cd897f8d}" />
      </MissingDependency>
      <MissingDependency>
        <Required type="26" schemaName="Operations Lookup View" displayName="Operations Lookup View" parentSchemaName="ovs_mocregistration" parentDisplayName="Operation" solution="Active" id="{7e35f6a5-af6d-40f3-b3aa-3369350f8c35}" />
        <Dependent type="80" schemaName="ovs_OversightPlanning" displayName="TDG Inspections / Inspections TMD" />
      </MissingDependency>
      <MissingDependency>
        <Required type="26" schemaName="TDG Core Sites" displayName="TDG Core Sites" parentSchemaName="account" parentDisplayName="Account" solution="Active" id="{7fa4b59f-485d-ee11-8df0-0022483d0c87}" />
        <Dependent type="60" displayName="Organization" parentDisplayName="Account" id="{2dbe9c3a-901a-484d-9e68-8424cd897f8d}" />
      </MissingDependency>
      <MissingDependency>
        <Required type="26" schemaName="Parent Lookup View" displayName="Parent Lookup View" parentSchemaName="account" parentDisplayName="Account" solution="Active" id="{80d24aa0-2b6c-ed11-81ac-0022483d0343}" />
        <Dependent type="60" displayName="Organization" parentDisplayName="Account" id="{2dbe9c3a-901a-484d-9e68-8424cd897f8d}" />
      </MissingDependency>
      <MissingDependency>
        <Required type="26" schemaName="Active Child Accounts" displayName="Active Child Accounts" parentSchemaName="account" parentDisplayName="Account" solution="Active" id="{82cc4863-aa98-eb11-b1ac-000d3ae93a4f}" />
        <Dependent type="60" displayName="Organization" parentDisplayName="Account" id="{2dbe9c3a-901a-484d-9e68-8424cd897f8d}" />
      </MissingDependency>
      <MissingDependency>
        <Required type="26" schemaName="Allow On Work Order Lookup" displayName="Allow On Work Order Lookup" parentSchemaName="msdyn_incidenttype" parentDisplayName="Incident Type" solution="FieldService (8.8.0.88)" id="{82e357fe-4361-e111-ac14-000c2959f9b8}">
          <package>FieldService_Anchor (8.8.113.28)</package>
        </Required>
        <Dependent type="80" schemaName="ovs_OversightPlanning" displayName="TDG Inspections / Inspections TMD" />
      </MissingDependency>
      <MissingDependency>
        <Required type="26" schemaName="My Overdue Work Orders" displayName="My Overdue Work Orders" parentSchemaName="msdyn_workorder" parentDisplayName="Work Order" solution="Active" id="{83e8d5e6-dec3-eb11-bacc-000d3ae868f0}" />
        <Dependent type="80" schemaName="ovs_OversightPlanning" displayName="TDG Inspections / Inspections TMD" />
      </MissingDependency>
      <MissingDependency>
        <Required type="26" schemaName="CID Portal - Parent Companies" displayName="CID Portal - Parent Companies" parentSchemaName="account" parentDisplayName="Account" solution="Active" id="{84f03662-9e28-ec11-b6e6-0022483cb5cd}" />
        <Dependent type="60" displayName="Organization" parentDisplayName="Account" id="{2dbe9c3a-901a-484d-9e68-8424cd897f8d}" />
      </MissingDependency>
      <MissingDependency>
        <Required type="26" schemaName="Work Order Service Task Lookup View" displayName="Work Order Service Task Lookup View" parentSchemaName="msdyn_workorderservicetask" parentDisplayName="Work Order Service Task" solution="FieldService (8.8.0.88)" id="{853304d8-897f-4f84-b721-3cb9cc5a6695}">
          <package>FieldService_Anchor (8.8.113.28)</package>
        </Required>
        <Dependent type="80" schemaName="ovs_OversightPlanning" displayName="TDG Inspections / Inspections TMD" />
      </MissingDependency>
      <MissingDependency>
        <Required type="26" schemaName="My Region's Inspectors" displayName="My Region's Inspectors" parentSchemaName="bookableresource" parentDisplayName="Bookable Resource" solution="Active" id="{861a305d-1fd5-eb11-bacc-000d3af3999c}" />
        <Dependent type="80" schemaName="ovs_OversightPlanning" displayName="TDG Inspections / Inspections TMD" />
      </MissingDependency>
      <MissingDependency>
        <Required type="26" schemaName="Violations" displayName="Violations" parentSchemaName="qm_syresult" parentDisplayName="Violation" solution="Active" id="{8907b66d-f15f-eb11-a812-000d3a84fd7b}" />
        <Dependent type="80" schemaName="ovs_OversightPlanning" displayName="TDG Inspections / Inspections TMD" />
      </MissingDependency>
      <MissingDependency>
        <Required type="26" schemaName="Cancellation Request Lookup View" displayName="Cancellation Request Lookup View" parentSchemaName="ovs_cancellationrequest" parentDisplayName="Cancellation Request" solution="Active" id="{8951ee1c-5ade-43ad-8746-0743412f87ea}" />
        <Dependent type="80" schemaName="ovs_OversightPlanning" displayName="TDG Inspections / Inspections TMD" />
      </MissingDependency>
      <MissingDependency>
        <Required type="26" schemaName="Companies" displayName="Companies" parentSchemaName="account" parentDisplayName="Account" solution="Active" id="{8965dc8d-460a-eb11-a813-000d3af3a7a7}" />
        <Dependent type="60" displayName="Organization" parentDisplayName="Account" id="{2dbe9c3a-901a-484d-9e68-8424cd897f8d}" />
      </MissingDependency>
      <MissingDependency>
        <Required type="26" schemaName="Companies" displayName="Companies" parentSchemaName="account" parentDisplayName="Account" solution="Active" id="{8965dc8d-460a-eb11-a813-000d3af3a7a7}" />
        <Dependent type="80" schemaName="ovs_OversightPlanning" displayName="TDG Inspections / Inspections TMD" />
      </MissingDependency>
      <MissingDependency>
        <Required type="26" schemaName="All Follow Up Requests" displayName="All Follow Up Requests" parentSchemaName="ovs_followuprequest" parentDisplayName="Follow Up Inspection Request" solution="Active" id="{8afd6674-1e68-4d71-8b0d-723057647ac7}" />
        <Dependent type="80" schemaName="ovs_OversightPlanning" displayName="TDG Inspections / Inspections TMD" />
      </MissingDependency>
      <MissingDependency>
        <Required type="26" schemaName="Active Site Classes" displayName="Active Site Classes" parentSchemaName="ovs_siteclass" parentDisplayName="Site Class" solution="Active" id="{8bcd3001-fb04-477b-9fc5-0c3724545c6c}" />
        <Dependent type="80" schemaName="ovs_OversightPlanning" displayName="TDG Inspections / Inspections TMD" />
      </MissingDependency>
      <MissingDependency>
        <Required type="26" schemaName="Active OHS Equipment Types" displayName="Active OHS Equipment Types" parentSchemaName="ovs_tyohsequipmenttype" parentDisplayName="OHS Equipment Type" solution="Active" id="{8ce18d7f-d3e4-47e6-a481-93982bb8060a}" />
        <Dependent type="80" schemaName="ovs_OversightPlanning" displayName="TDG Inspections / Inspections TMD" />
      </MissingDependency>
      <MissingDependency>
        <Required type="26" schemaName="Sites With No Operations" displayName="Sites With No Operations" parentSchemaName="account" parentDisplayName="Account" solution="Active" id="{906591f6-654c-ec11-8f8e-000d3ae8e96e}" />
        <Dependent type="60" displayName="Organization" parentDisplayName="Account" id="{2dbe9c3a-901a-484d-9e68-8424cd897f8d}" />
      </MissingDependency>
      <MissingDependency>
        <Required type="26" schemaName="Work Order Substatus Lookup View" displayName="Work Order Substatus Lookup View" parentSchemaName="msdyn_workordersubstatus" parentDisplayName="Work Order Substatus" solution="FieldService (8.8.0.88)" id="{90871801-b829-4f28-9fcd-70de41d716c8}">
          <package>FieldService_Anchor (8.8.113.28)</package>
        </Required>
        <Dependent type="80" schemaName="ovs_OversightPlanning" displayName="TDG Inspections / Inspections TMD" />
      </MissingDependency>
      <MissingDependency>
        <Required type="26" schemaName="Cancellation Request Advanced Find View" displayName="Cancellation Request Advanced Find View" parentSchemaName="ovs_cancellationrequest" parentDisplayName="Cancellation Request" solution="Active" id="{912b9ead-c8ca-49dd-a11e-5362d0011729}" />
        <Dependent type="80" schemaName="ovs_OversightPlanning" displayName="TDG Inspections / Inspections TMD" />
      </MissingDependency>
      <MissingDependency>
        <Required type="26" schemaName="Unplanned Oversight Types" displayName="Unplanned Oversight Types" parentSchemaName="ovs_oversighttype" parentDisplayName="Oversight Type" solution="Active" id="{920688a2-94a7-eb11-9442-000d3ae99322}" />
        <Dependent type="80" schemaName="ovs_OversightPlanning" displayName="TDG Inspections / Inspections TMD" />
      </MissingDependency>
      <MissingDependency>
        <Required type="26" schemaName="Legal Name" displayName="Legal Name" parentSchemaName="account" parentDisplayName="Account" solution="Active" id="{92f36027-a3e0-ee11-904c-000d3ae9455d}" />
        <Dependent type="60" displayName="Organization" parentDisplayName="Account" id="{2dbe9c3a-901a-484d-9e68-8424cd897f8d}" />
      </MissingDependency>
      <MissingDependency>
        <Required type="26" schemaName="Follow Up Request Lookup View" displayName="Follow Up Request Lookup View" parentSchemaName="ovs_followuprequest" parentDisplayName="Follow Up Inspection Request" solution="Active" id="{94f59929-ef79-4a33-aab1-5e340bf1ef5d}" />
        <Dependent type="80" schemaName="ovs_OversightPlanning" displayName="TDG Inspections / Inspections TMD" />
      </MissingDependency>
      <MissingDependency>
        <Required type="26" schemaName="Active Operations" displayName="Active Operations" parentSchemaName="ovs_mocregistration" parentDisplayName="Operation" solution="Active" id="{98c7fee1-1d9f-4226-89bb-26e6be7057f8}" />
        <Dependent type="80" schemaName="ovs_OversightPlanning" displayName="TDG Inspections / Inspections TMD" />
      </MissingDependency>
      <MissingDependency>
        <Required type="26" schemaName="Quick Find Active Site Classes" displayName="Quick Find Active Site Classes" parentSchemaName="ovs_siteclass" parentDisplayName="Site Class" solution="Active" id="{9a88ea34-1797-4530-aa68-304290bb6199}" />
        <Dependent type="80" schemaName="ovs_OversightPlanning" displayName="TDG Inspections / Inspections TMD" />
      </MissingDependency>
      <MissingDependency>
        <Required type="26" schemaName="Account Duplicated per Customer request" displayName="Account Duplicated per Customer request" parentSchemaName="account" parentDisplayName="Account" solution="Active" id="{9b760bd0-0437-ee11-bdf4-0022483d0343}" />
        <Dependent type="60" displayName="Organization" parentDisplayName="Account" id="{2dbe9c3a-901a-484d-9e68-8424cd897f8d}" />
      </MissingDependency>
      <MissingDependency>
        <Required type="26" schemaName="Active Questionnaire Result" displayName="Active Questionnaire Result" parentSchemaName="qm_syresult" parentDisplayName="Violation" solution="Active" id="{9befd676-51a6-42a8-888a-980ac9610fb6}" />
        <Dependent type="80" schemaName="ovs_OversightPlanning" displayName="TDG Inspections / Inspections TMD" />
      </MissingDependency>
      <MissingDependency>
        <Required type="26" schemaName="Work Order Service Task Associated View" displayName="Work Order Service Task Associated View" parentSchemaName="msdyn_workorderservicetask" parentDisplayName="Work Order Service Task" solution="FieldService (8.8.0.88)" id="{9c2bcbc1-29df-44f9-81d7-39faef7f3978}">
          <package>FieldService_Anchor (8.8.113.28)</package>
        </Required>
        <Dependent type="80" schemaName="ovs_OversightPlanning" displayName="TDG Inspections / Inspections TMD" />
      </MissingDependency>
      <MissingDependency>
        <Required type="26" schemaName="CID - Claim Sites" displayName="CID - Claim Sites" parentSchemaName="account" parentDisplayName="Account" solution="Active" id="{a0be1cb3-8525-ec11-b6e6-0022483cb5cd}" />
        <Dependent type="60" displayName="Organization" parentDisplayName="Account" id="{2dbe9c3a-901a-484d-9e68-8424cd897f8d}" />
      </MissingDependency>
      <MissingDependency>
        <Required type="26" schemaName="TDG Core Organizations" displayName="TDG Core Organizations" parentSchemaName="account" parentDisplayName="Account" solution="Active" id="{a5a9b46c-475d-ee11-8df0-0022483e130e}" />
        <Dependent type="60" displayName="Organization" parentDisplayName="Account" id="{2dbe9c3a-901a-484d-9e68-8424cd897f8d}" />
      </MissingDependency>
      <MissingDependency>
        <Required type="26" schemaName="My Region's Active Sites" displayName="My Region's Active Sites" parentSchemaName="account" parentDisplayName="Account" solution="Active" id="{aa2ba086-5ad4-eb11-bacc-000d3af3999c}" />
        <Dependent type="60" displayName="Organization" parentDisplayName="Account" id="{2dbe9c3a-901a-484d-9e68-8424cd897f8d}" />
      </MissingDependency>
      <MissingDependency>
        <Required type="26" schemaName="My Region's Work Orders" displayName="My Region's Work Orders" parentSchemaName="msdyn_workorder" parentDisplayName="Work Order" solution="Active" id="{aad03db1-66d0-eb11-bacc-0022483c0d29}" />
        <Dependent type="80" schemaName="ovs_OversightPlanning" displayName="TDG Inspections / Inspections TMD" />
      </MissingDependency>
      <MissingDependency>
        <Required type="26" schemaName="HOTI / HOTI GOA Sites" displayName="HOTI / HOTI GOA Sites" parentSchemaName="account" parentDisplayName="Account" solution="Active" id="{aba6669f-1cff-ed11-8f6d-0022483d0343}" />
        <Dependent type="60" displayName="Organization" parentDisplayName="Account" id="{2dbe9c3a-901a-484d-9e68-8424cd897f8d}" />
      </MissingDependency>
      <MissingDependency>
        <Required type="26" schemaName="My Expired Safety Actions" displayName="My Expired Safety Actions" parentSchemaName="ovs_cyaction" parentDisplayName="Enforcement Action" solution="Active" id="{ad231260-65d4-eb11-bacc-000d3af38cd4}" />
        <Dependent type="80" schemaName="ovs_OversightPlanning" displayName="TDG Inspections / Inspections TMD" />
      </MissingDependency>
      <MissingDependency>
        <Required type="26" schemaName="Active Service Task Types" displayName="Active Service Task Types" parentSchemaName="msdyn_servicetasktype" parentDisplayName="Service Task Type" solution="FieldService (8.8.0.88)" id="{ae0d8547-6871-4854-91ba-03b0c619dbe1}">
          <package>FieldService_Anchor (8.8.113.28)</package>
        </Required>
        <Dependent type="80" schemaName="ovs_OversightPlanning" displayName="TDG Inspections / Inspections TMD" />
      </MissingDependency>
      <MissingDependency>
        <Required type="26" schemaName="TDG Regions" displayName="TDG Regions" parentSchemaName="territory" parentDisplayName="Region" solution="Active" id="{b6e3caab-ee3b-ec11-8c62-0022483d71b4}" />
        <Dependent type="80" schemaName="ovs_OversightPlanning" displayName="TDG Inspections / Inspections TMD" />
      </MissingDependency>
      <MissingDependency>
        <Required type="26" schemaName="Air Operator Function" displayName="Air Operator Function" parentSchemaName="qm_tylegislationcharacteristic" parentDisplayName="Legislation Characteristic" solution="Active" id="{b8cd6b52-20a8-eb11-9442-000d3ae99bee}" />
        <Dependent type="80" schemaName="ovs_OversightPlanning" displayName="TDG Inspections / Inspections TMD" />
      </MissingDependency>
      <MissingDependency>
        <Required type="26" schemaName="My Active Safety &amp; Enforcement Actions" displayName="My Active Safety &amp; Enforcement Actions" parentSchemaName="ovs_cyaction" parentDisplayName="Enforcement Action" solution="Active" id="{bf2b6f75-44cd-eb11-bacc-0022483c0d29}" />
        <Dependent type="80" schemaName="ovs_OversightPlanning" displayName="TDG Inspections / Inspections TMD" />
      </MissingDependency>
      <MissingDependency>
        <Required type="26" schemaName="Bookable Resource Booking Lookup View" displayName="Bookable Resource Booking Lookup View" parentSchemaName="bookableresourcebooking" parentDisplayName="Booking" solution="msdynce_Scheduling (9.0.0.0)" id="{c218571e-468c-4271-815f-811c72c2f338}" />
        <Dependent type="80" schemaName="ovs_OversightPlanning" displayName="TDG Inspections / Inspections TMD" />
      </MissingDependency>
      <MissingDependency>
        <Required type="26" schemaName="TCFiscalYear Lookup View" displayName="TCFiscalYear Lookup View" parentSchemaName="tc_tcfiscalyear" parentDisplayName="TCFiscalYear" solution="Active" id="{c2b848e9-8d49-4972-8e80-06a8b98802a1}" />
        <Dependent type="80" schemaName="ovs_OversightPlanning" displayName="TDG Inspections / Inspections TMD" />
      </MissingDependency>
      <MissingDependency>
        <Required type="26" schemaName="Province/Territory to Region" displayName="Province/Territory to Region" parentSchemaName="territory" parentDisplayName="Region" solution="Active" id="{c7493402-8c71-ed11-81ac-0022483d0343}" />
        <Dependent type="80" schemaName="ovs_OversightPlanning" displayName="TDG Inspections / Inspections TMD" />
      </MissingDependency>
      <MissingDependency>
        <Required type="26" schemaName="All Confirmation of Compliances" displayName="All Confirmation of Compliances" parentSchemaName="ovs_confirmationofcompliance" parentDisplayName="Confirmation of Compliance" solution="Active" id="{c7637aa7-47cd-eb11-bacc-0022483c0d29}" />
        <Dependent type="80" schemaName="ovs_OversightPlanning" displayName="TDG Inspections / Inspections TMD" />
      </MissingDependency>
      <MissingDependency>
        <Required type="26" schemaName="MOC Facility Type" displayName="MOC Facility Type" parentSchemaName="qm_tylegislationcharacteristic" parentDisplayName="Legislation Characteristic" solution="Active" id="{c8c68eb4-7e58-eb11-a812-000d3a84da66}" />
        <Dependent type="80" schemaName="ovs_OversightPlanning" displayName="TDG Inspections / Inspections TMD" />
      </MissingDependency>
      <MissingDependency>
        <Required type="26" schemaName="CID Portal - Sites" displayName="CID Portal - Sites" parentSchemaName="account" parentDisplayName="Account" solution="Active" id="{c8db5060-4a4d-ec11-8f8e-000d3ae9a753}" />
        <Dependent type="60" displayName="Organization" parentDisplayName="Account" id="{2dbe9c3a-901a-484d-9e68-8424cd897f8d}" />
      </MissingDependency>
      <MissingDependency>
        <Required type="26" schemaName="All Inspection Reports" displayName="All Inspection Reports" parentSchemaName="ovs_tdginspectionreport" parentDisplayName="TDG Inspection Report" solution="Active" id="{c9f98aed-5fd4-eb11-bacc-000d3af3999c}" />
        <Dependent type="80" schemaName="ovs_OversightPlanning" displayName="TDG Inspections / Inspections TMD" />
      </MissingDependency>
      <MissingDependency>
        <Required type="26" schemaName="Inactive Service Task Types" displayName="Inactive Service Task Types" parentSchemaName="msdyn_servicetasktype" parentDisplayName="Service Task Type" solution="FieldService (8.8.0.88)" id="{cf5ff572-9613-47a1-8974-02a49d48a3a3}">
          <package>FieldService_Anchor (8.8.113.28)</package>
        </Required>
        <Dependent type="80" schemaName="ovs_OversightPlanning" displayName="TDG Inspections / Inspections TMD" />
      </MissingDependency>
      <MissingDependency>
        <Required type="26" schemaName="Selected Accounts Campaigns" displayName="Selected Accounts Campaigns" parentSchemaName="account" parentDisplayName="Account" solution="msdynce_MarketingPatch (9.0.1904.1019)" id="{d15e48f6-e8fe-e811-8165-000d3af92c6e}">
          <package>msdynce_MarketingAnchor (9.0.24034.10001)</package>
        </Required>
        <Dependent type="60" displayName="Organization" parentDisplayName="Account" id="{2dbe9c3a-901a-484d-9e68-8424cd897f8d}" />
      </MissingDependency>
      <MissingDependency>
        <Required type="26" schemaName="CID Portal - Validation - Attested Sites" displayName="CID Portal - Validation - Attested Sites" parentSchemaName="account" parentDisplayName="Account" solution="Active" id="{d540e97a-c892-ec11-b3fe-000d3a0c187c}" />
        <Dependent type="60" displayName="Organization" parentDisplayName="Account" id="{2dbe9c3a-901a-484d-9e68-8424cd897f8d}" />
      </MissingDependency>
      <MissingDependency>
        <Required type="26" schemaName="Service Task Type Lookup View" displayName="Service Task Type Lookup View" parentSchemaName="msdyn_servicetasktype" parentDisplayName="Service Task Type" solution="FieldService (8.8.0.88)" id="{d7d451c8-8656-4bf5-98be-66263f412592}">
          <package>FieldService_Anchor (8.8.113.28)</package>
        </Required>
        <Dependent type="80" schemaName="ovs_OversightPlanning" displayName="TDG Inspections / Inspections TMD" />
      </MissingDependency>
      <MissingDependency>
        <Required type="26" schemaName="Bookings View - Work Order Form" displayName="Bookings View - Work Order Form" parentSchemaName="bookableresourcebooking" parentDisplayName="Booking" solution="Active" id="{d8d2c355-71a4-eb11-b1ac-000d3ae8b93a}" />
        <Dependent type="80" schemaName="ovs_OversightPlanning" displayName="TDG Inspections / Inspections TMD" />
      </MissingDependency>
      <MissingDependency>
        <Required type="26" schemaName="TDG Inspection Report Lookup View" displayName="TDG Inspection Report Lookup View" parentSchemaName="ovs_tdginspectionreport" parentDisplayName="TDG Inspection Report" solution="Active" id="{d902f510-929c-43d3-a797-40336d4262fb}" />
        <Dependent type="80" schemaName="ovs_OversightPlanning" displayName="TDG Inspections / Inspections TMD" />
      </MissingDependency>
      <MissingDependency>
        <Required type="26" schemaName="All Cancellation Requests" displayName="All Cancellation Requests" parentSchemaName="ovs_cancellationrequest" parentDisplayName="Cancellation Request" solution="Active" id="{dc1ba6bd-aa88-44da-b6b8-2fd5462a2c5d}" />
        <Dependent type="80" schemaName="ovs_OversightPlanning" displayName="TDG Inspections / Inspections TMD" />
      </MissingDependency>
      <MissingDependency>
        <Required type="26" schemaName="Published Questionnaires" displayName="Published Questionnaires" parentSchemaName="msdyn_servicetasktype" parentDisplayName="Service Task Type" solution="Active" id="{df26b7fd-067b-eb11-a812-000d3af31cea}" />
        <Dependent type="80" schemaName="ovs_OversightPlanning" displayName="TDG Inspections / Inspections TMD" />
      </MissingDependency>
      <MissingDependency>
        <Required type="26" schemaName="CID Sites with Unknown CID Flag" displayName="CID Sites with Unknown CID Flag" parentSchemaName="account" parentDisplayName="Account" solution="Active" id="{e2298c2d-12c1-ee11-9078-0022483cceb8}" />
        <Dependent type="60" displayName="Organization" parentDisplayName="Account" id="{2dbe9c3a-901a-484d-9e68-8424cd897f8d}" />
      </MissingDependency>
      <MissingDependency>
        <Required type="26" schemaName="HOTI / HOTI GOA Organizations" displayName="HOTI / HOTI GOA Organizations" parentSchemaName="account" parentDisplayName="Account" solution="Active" id="{e3847669-10ff-ed11-8f6d-0022483d0343}" />
        <Dependent type="60" displayName="Organization" parentDisplayName="Account" id="{2dbe9c3a-901a-484d-9e68-8424cd897f8d}" />
      </MissingDependency>
      <MissingDependency>
        <Required type="26" schemaName="Inspector View" displayName="Inspector View" parentSchemaName="bookableresource" parentDisplayName="Bookable Resource" solution="Active" id="{e69e584b-1af9-ea11-a815-000d3af3ac0d}" />
        <Dependent type="80" schemaName="ovs_OversightPlanning" displayName="TDG Inspections / Inspections TMD" />
      </MissingDependency>
      <MissingDependency>
        <Required type="26" schemaName="All Child Accounts" displayName="All Child Accounts" parentSchemaName="account" parentDisplayName="Account" solution="Active" id="{e7292e30-4fd2-ee11-904d-0022483cc3b7}" />
        <Dependent type="60" displayName="Organization" parentDisplayName="Account" id="{2dbe9c3a-901a-484d-9e68-8424cd897f8d}" />
      </MissingDependency>
      <MissingDependency>
        <Required type="26" schemaName="Sites" displayName="Sites" parentSchemaName="account" parentDisplayName="Account" solution="Active" id="{e7ba8bd8-440a-eb11-a813-000d3af3a7a7}" />
        <Dependent type="60" displayName="Organization" parentDisplayName="Account" id="{2dbe9c3a-901a-484d-9e68-8424cd897f8d}" />
      </MissingDependency>
      <MissingDependency>
        <Required type="26" schemaName="CID Portal - Portal Created Sites" displayName="CID Portal - Portal Created Sites" parentSchemaName="account" parentDisplayName="Account" solution="Active" id="{efe63e51-3040-ed11-bba2-0022483d0343}" />
        <Dependent type="60" displayName="Organization" parentDisplayName="Account" id="{2dbe9c3a-901a-484d-9e68-8424cd897f8d}" />
      </MissingDependency>
      <MissingDependency>
        <Required type="26" schemaName="Organizations" displayName="Organizations" parentSchemaName="account" parentDisplayName="Account" solution="Active" id="{fdbc939a-2403-eb11-a813-000d3af3ac0d}" />
        <Dependent type="60" displayName="Organization" parentDisplayName="Account" id="{2dbe9c3a-901a-484d-9e68-8424cd897f8d}" />
      </MissingDependency>
      <MissingDependency>
        <Required type="26" schemaName="Modes" displayName="Modes" parentSchemaName="qm_tylegislationcharacteristic" parentDisplayName="Legislation Characteristic" solution="Active" id="{fe8f7daa-7d58-eb11-a812-000d3a84da66}" />
        <Dependent type="80" schemaName="ovs_OversightPlanning" displayName="TDG Inspections / Inspections TMD" />
      </MissingDependency>
      <MissingDependency>
        <Required type="26" schemaName="Site Population Density" displayName="Site Population Density" parentSchemaName="account" parentDisplayName="Account" solution="Active" id="{ff211cb9-117a-ec11-8d20-000d3aff1221}" />
        <Dependent type="60" displayName="Organization" parentDisplayName="Account" id="{2dbe9c3a-901a-484d-9e68-8424cd897f8d}" />
      </MissingDependency>
      <MissingDependency>
        <Required type="29" displayName="Lead to Opportunity Sales Process" solution="msdynce_Sales (9.0.4.0076)" id="{919e14d1-6489-4852-abd0-a63a6ecaac5d}">
          <package>msdynce_SalesAnchor (9.0.24041.10010)</package>
        </Required>
        <Dependent type="80" schemaName="ovs_OversightPlanning" displayName="TDG Inspections / Inspections TMD" />
      </MissingDependency>
      <MissingDependency>
        <Required type="59" schemaName="Accounts By Territories" displayName="Accounts By Territories" parentSchemaName="account" parentDisplayName="Account" solution="msdynce_Sales (9.0.4.0076)" id="{88de94cc-8b5e-df11-ae90-00155d2e3002}">
          <package>msdynce_SalesAnchor (9.0.24041.10010)</package>
        </Required>
        <Dependent type="80" schemaName="ovs_OversightPlanning" displayName="TDG Inspections / Inspections TMD" />
      </MissingDependency>
      <MissingDependency>
        <Required type="59" schemaName="Active Work Orders By Type" displayName="Active Work Orders By Type" parentSchemaName="msdyn_workorder" parentDisplayName="Work Order" solution="FieldService (8.8.0.88)" id="{8e746648-1a4e-e111-93b3-000c2959f9b8}">
          <package>FieldService_Anchor (8.8.113.28)</package>
        </Required>
        <Dependent type="80" schemaName="ovs_OversightPlanning" displayName="TDG Inspections / Inspections TMD" />
      </MissingDependency>
      <MissingDependency>
        <Required type="59" schemaName="Work Orders by City" displayName="Work Orders by City" parentSchemaName="msdyn_workorder" parentDisplayName="Work Order" solution="FieldService (8.8.0.88)" id="{c5bb56fd-90b0-e111-98ce-00155d28960b}">
          <package>FieldService_Anchor (8.8.113.28)</package>
        </Required>
        <Dependent type="80" schemaName="ovs_OversightPlanning" displayName="TDG Inspections / Inspections TMD" />
      </MissingDependency>
      <MissingDependency>
        <Required type="59" schemaName="Contact Doughnuts - TC" displayName="Contact Doughnuts - TC" parentSchemaName="contact" parentDisplayName="Contact" solution="Active" id="{f36b83d7-3e03-eb11-a813-000d3af3a7a7}" />
        <Dependent type="80" schemaName="ovs_OversightPlanning" displayName="TDG Inspections / Inspections TMD" />
      </MissingDependency>
      <MissingDependency>
        <Required type="60" displayName="Operation Scores Display" parentDisplayName="Operation" solution="Active" id="{026925a2-097a-ec11-8d20-000d3a84a45c}" />
        <Dependent type="80" schemaName="ovs_OversightPlanning" displayName="TDG Inspections / Inspections TMD" />
      </MissingDependency>
      <MissingDependency>
        <Required type="60" displayName="Organization Quick View" parentDisplayName="Account" solution="Active" id="{097f6a5f-2777-402a-ba3b-e35fcbfaa145}" />
        <Dependent type="80" schemaName="ovs_OversightPlanning" displayName="TDG Inspections / Inspections TMD" />
      </MissingDependency>
      <MissingDependency>
        <Required type="60" displayName="OHS Equipment Types Quick Form" parentDisplayName="Account" solution="Active" id="{0cc5dd73-e311-4f4f-a98f-079f30e8b5c6}" />
        <Dependent type="80" schemaName="ovs_OversightPlanning" displayName="TDG Inspections / Inspections TMD" />
      </MissingDependency>
      <MissingDependency>
        <Required type="60" displayName="Accounts Dashboard" parentDisplayName="Account" solution="msdynce_Service (9.0.5.56)" id="{15915835-b87c-49ec-9ffc-bfac3ac44ef1}">
          <package>msdynce_ServiceAnchor (9.0.24041.1007)</package>
        </Required>
        <Dependent type="80" schemaName="ovs_OversightPlanning" displayName="TDG Inspections / Inspections TMD" />
      </MissingDependency>
      <MissingDependency>
        <Required type="60" displayName="Information" parentDisplayName="TCFiscalYear" solution="Active" id="{17d9c5aa-e51d-453f-9233-79a546d1b18d}" />
        <Dependent type="80" schemaName="ovs_OversightPlanning" displayName="TDG Inspections / Inspections TMD" />
      </MissingDependency>
      <MissingDependency>
        <Required type="60" displayName="TDG Inspectors" parentDisplayName="Bookable Resource" solution="Active" id="{1a8ac070-c043-eb11-a812-000d3af3fc19}" />
        <Dependent type="80" schemaName="ovs_OversightPlanning" displayName="TDG Inspections / Inspections TMD" />
      </MissingDependency>
      <MissingDependency>
        <Required type="60" displayName="Information" parentDisplayName="Work Order Business Process" solution="FieldService (8.8.0.88)" id="{1b9a121e-2445-4514-9949-9d17addf1375}">
          <package>FieldService_Anchor (8.8.113.28)</package>
        </Required>
        <Dependent type="80" schemaName="ovs_OversightPlanning" displayName="TDG Inspections / Inspections TMD" />
      </MissingDependency>
      <MissingDependency>
        <Required type="60" displayName="Information" parentDisplayName="TCFiscalQuarter" solution="Active" id="{1d590902-6249-4341-ac51-bbc9d98d208f}" />
        <Dependent type="80" schemaName="ovs_OversightPlanning" displayName="TDG Inspections / Inspections TMD" />
      </MissingDependency>
      <MissingDependency>
        <Required type="60" displayName="Regional NOP Manager's form" parentDisplayName="Work Order Candidate" solution="Active" id="{1facd650-2e04-4d3f-8399-491bb309c68b}" />
        <Dependent type="80" schemaName="ovs_OversightPlanning" displayName="TDG Inspections / Inspections TMD" />
      </MissingDependency>
      <MissingDependency>
        <Required type="60" displayName="Contact" parentDisplayName="Contact" solution="msdynce_AppCommon (9.0.4.0066)" id="{1fed44d1-ae68-4a41-bd2b-f13acac4acfa}">
          <package>msdynce_AppCommonAnchor (9.0.24041.10001)</package>
        </Required>
        <Dependent type="80" schemaName="ovs_OversightPlanning" displayName="TDG Inspections / Inspections TMD" />
      </MissingDependency>
      <MissingDependency>
        <Required type="60" displayName="account contact card" parentDisplayName="Contact" solution="msdynce_AppCommon (9.0.4.0066)" id="{29de27bc-a257-4f29-99cf-bab4a84e688f}">
          <package>msdynce_AppCommonAnchor (9.0.24041.10001)</package>
        </Required>
        <Dependent type="80" schemaName="ovs_OversightPlanning" displayName="TDG Inspections / Inspections TMD" />
      </MissingDependency>
      <MissingDependency>
        <Required type="60" displayName="Information" parentDisplayName="Site Type" solution="Active" id="{2ee0f0dd-f245-40d7-a998-706aeb7b9246}" />
        <Dependent type="80" schemaName="ovs_OversightPlanning" displayName="TDG Inspections / Inspections TMD" />
      </MissingDependency>
      <MissingDependency>
        <Required type="60" displayName="Information" parentDisplayName="TCFiscalPeriod" solution="Active" id="{3682d20f-3e9b-475c-a774-1a6ebdc29f21}" />
        <Dependent type="80" schemaName="ovs_OversightPlanning" displayName="TDG Inspections / Inspections TMD" />
      </MissingDependency>
      <MissingDependency>
        <Required type="60" displayName="Time Tracking" parentDisplayName="Work Order Service Task" solution="Active" id="{39d6d35e-3c67-462a-a844-439d8ff90095}" />
        <Dependent type="80" schemaName="ovs_OversightPlanning" displayName="TDG Inspections / Inspections TMD" />
      </MissingDependency>
      <MissingDependency>
        <Required type="60" displayName="Company" parentDisplayName="Account" solution="Active" id="{444fd031-7381-4a73-a520-2b2fd7ebe013}" />
        <Dependent type="80" schemaName="ovs_OversightPlanning" displayName="TDG Inspections / Inspections TMD" />
      </MissingDependency>
      <MissingDependency>
        <Required type="60" displayName="Enforcement Action" solution="Active" id="{44564bcc-8919-ed11-b83e-000d3a0c8551}" />
        <Dependent type="80" schemaName="ovs_OversightPlanning" displayName="TDG Inspections / Inspections TMD" />
      </MissingDependency>
      <MissingDependency>
        <Required type="60" displayName="Information" parentDisplayName="TCFiscalPeriod" solution="Active" id="{45185d20-c89e-49b3-a219-2794a5221863}" />
        <Dependent type="80" schemaName="ovs_OversightPlanning" displayName="TDG Inspections / Inspections TMD" />
      </MissingDependency>
      <MissingDependency>
        <Required type="60" displayName="TDG Region" parentDisplayName="Region" solution="Active" id="{5e818a16-ee3b-ec11-8c62-0022483d7564}" />
        <Dependent type="80" schemaName="ovs_OversightPlanning" displayName="TDG Inspections / Inspections TMD" />
      </MissingDependency>
      <MissingDependency>
        <Required type="60" displayName="Dashboards" solution="Active" id="{5f5ffe7a-71e3-eb11-bacb-0022483c5e2f}" />
        <Dependent type="80" schemaName="ovs_OversightPlanning" displayName="TDG Inspections / Inspections TMD" />
      </MissingDependency>
      <MissingDependency>
        <Required type="60" displayName="Information" parentDisplayName="Rationale" solution="Active" id="{61416bf9-d4e4-4f94-b6ef-eead8e6fb889}" />
        <Dependent type="80" schemaName="ovs_OversightPlanning" displayName="TDG Inspections / Inspections TMD" />
      </MissingDependency>
      <MissingDependency>
        <Required type="60" displayName="Activité de surveillance TMD" parentDisplayName="Work Order" solution="Active" id="{66cddb3b-b9ca-4552-ac5e-f4d726a35268}" />
        <Dependent type="80" schemaName="ovs_OversightPlanning" displayName="TDG Inspections / Inspections TMD" />
      </MissingDependency>
      <MissingDependency>
        <Required type="60" displayName=" main form" parentDisplayName="Enforcement Action" solution="Active" id="{6768019c-3b8e-eb11-b1ac-000d3ae92dbf}" />
        <Dependent type="80" schemaName="ovs_OversightPlanning" displayName="TDG Inspections / Inspections TMD" />
      </MissingDependency>
      <MissingDependency>
        <Required type="60" displayName="Information" parentDisplayName="Work Order Business Process" solution="FieldService (8.8.0.88)" id="{6a6a2a39-0796-4246-9bee-d3a2b0519e1f}">
          <package>FieldService_Anchor (8.8.113.28)</package>
        </Required>
        <Dependent type="80" schemaName="ovs_OversightPlanning" displayName="TDG Inspections / Inspections TMD" />
      </MissingDependency>
      <MissingDependency>
        <Required type="60" displayName="Information" parentDisplayName="Unplanned Forecast" solution="Active" id="{75035ca7-0dfc-4ebd-862c-8a19fc72d692}" />
        <Dependent type="80" schemaName="ovs_OversightPlanning" displayName="TDG Inspections / Inspections TMD" />
      </MissingDependency>
      <MissingDependency>
        <Required type="60" displayName="TDG Primary Contact" parentDisplayName="Account" solution="Active" id="{784422a9-fcda-4763-a12c-9dfac2cb6c41}" />
        <Dependent type="80" schemaName="ovs_OversightPlanning" displayName="TDG Inspections / Inspections TMD" />
      </MissingDependency>
      <MissingDependency>
        <Required type="60" displayName="MOC Registration quick create form" parentDisplayName="Operation" solution="Active" id="{799e79c9-87f4-eb11-94ef-000d3a84a4e1}" />
        <Dependent type="80" schemaName="ovs_OversightPlanning" displayName="TDG Inspections / Inspections TMD" />
      </MissingDependency>
      <MissingDependency>
        <Required type="60" displayName="Information" parentDisplayName="Rationale" solution="Active" id="{8c3b7506-2401-45fa-99cb-122adaebfa48}" />
        <Dependent type="80" schemaName="ovs_OversightPlanning" displayName="TDG Inspections / Inspections TMD" />
      </MissingDependency>
      <MissingDependency>
        <Required type="60" displayName="TDG Booking Form" parentDisplayName="Booking" solution="Active" id="{906d0737-8ca7-eb11-9442-000d3ae99322}" />
        <Dependent type="80" schemaName="ovs_OversightPlanning" displayName="TDG Inspections / Inspections TMD" />
      </MissingDependency>
      <MissingDependency>
        <Required type="60" displayName="Sites Quick View" parentDisplayName="Work Order" solution="Active" id="{948e0d30-ed86-407a-bca3-6beaf5a1c91e}" />
        <Dependent type="80" schemaName="ovs_OversightPlanning" displayName="TDG Inspections / Inspections TMD" />
      </MissingDependency>
      <MissingDependency>
        <Required type="60" displayName="Information" parentDisplayName="Operation" solution="Active" id="{a09fc69f-3ace-46b5-85f1-be132f683042}" />
        <Dependent type="80" schemaName="ovs_OversightPlanning" displayName="TDG Inspections / Inspections TMD" />
      </MissingDependency>
      <MissingDependency>
        <Required type="60" displayName="Information" parentDisplayName="Operation" solution="Active" id="{a0a35d2b-67c5-46e3-8e91-b5f0e6b66981}" />
        <Dependent type="80" schemaName="ovs_OversightPlanning" displayName="TDG Inspections / Inspections TMD" />
      </MissingDependency>
      <MissingDependency>
        <Required type="60" displayName="TDG Service Task Type" parentDisplayName="Service Task Type" solution="Active" id="{a86b0d9c-3802-4fed-9a93-c27c6ddbac15}" />
        <Dependent type="80" schemaName="ovs_OversightPlanning" displayName="TDG Inspections / Inspections TMD" />
      </MissingDependency>
      <MissingDependency>
        <Required type="60" displayName="account card" parentDisplayName="Account" solution="msdynce_AppCommon (9.0.4.0066)" id="{b028db32-3619-48a5-ac51-cf3f947b0ef3}">
          <package>msdynce_AppCommonAnchor (9.0.24041.10001)</package>
        </Required>
        <Dependent type="80" schemaName="ovs_OversightPlanning" displayName="TDG Inspections / Inspections TMD" />
      </MissingDependency>
      <MissingDependency>
        <Required type="60" displayName="Legal Name (English)" parentDisplayName="Account" solution="Active" id="{b0dc190e-9603-444b-94b3-07b98a8f1d60}" />
        <Dependent type="80" schemaName="ovs_OversightPlanning" displayName="TDG Inspections / Inspections TMD" />
      </MissingDependency>
      <MissingDependency>
        <Required type="60" displayName="Information" parentDisplayName="TCFiscalQuarter" solution="Active" id="{b0ec202a-3514-4409-8ea2-8db772ad3a81}" />
        <Dependent type="80" schemaName="ovs_OversightPlanning" displayName="TDG Inspections / Inspections TMD" />
      </MissingDependency>
      <MissingDependency>
        <Required type="60" displayName="TC Site Types" parentDisplayName="Site Type" solution="Active" id="{b6627ebb-062e-4b86-9771-46ed5fabaf62}" />
        <Dependent type="80" schemaName="ovs_OversightPlanning" displayName="TDG Inspections / Inspections TMD" />
      </MissingDependency>
      <MissingDependency>
        <Required type="60" displayName="Information" parentDisplayName="Work Order Business Process" solution="FieldService (8.8.0.88)" id="{b7c53e87-a189-4870-a48b-c6ef6b4634cb}">
          <package>FieldService_Anchor (8.8.113.28)</package>
        </Required>
        <Dependent type="80" schemaName="ovs_OversightPlanning" displayName="TDG Inspections / Inspections TMD" />
      </MissingDependency>
      <MissingDependency>
        <Required type="60" displayName="Information" parentDisplayName="Work Order Candidate" solution="Active" id="{bfbf5ed5-9618-41ae-9191-454623c99001}" />
        <Dependent type="80" schemaName="ovs_OversightPlanning" displayName="TDG Inspections / Inspections TMD" />
      </MissingDependency>
      <MissingDependency>
        <Required type="60" displayName="Contact Quick Create - TC" parentDisplayName="Contact" solution="Active" id="{c0da77e9-2f03-eb11-a813-000d3af3ac0d}" />
        <Dependent type="80" schemaName="ovs_OversightPlanning" displayName="TDG Inspections / Inspections TMD" />
      </MissingDependency>
      <MissingDependency>
        <Required type="60" displayName="Information" parentDisplayName="Unplanned Forecast" solution="Active" id="{c6120a5b-59de-403d-9888-f6cec9f4ed5c}" />
        <Dependent type="80" schemaName="ovs_OversightPlanning" displayName="TDG Inspections / Inspections TMD" />
      </MissingDependency>
      <MissingDependency>
        <Required type="60" displayName="Service Task Type Quick Create 5x5" parentDisplayName="Service Task Type" solution="msdyn_FieldServiceAdminExp (2.0.3.11)" id="{cea28746-8d51-4c2c-9672-16e0d255893a}">
          <package>FieldService_Anchor (8.8.113.28)</package>
        </Required>
        <Dependent type="80" schemaName="ovs_OversightPlanning" displayName="TDG Inspections / Inspections TMD" />
      </MissingDependency>
      <MissingDependency>
        <Required type="60" displayName="OHS Notes Quick Form" parentDisplayName="Account" solution="Active" id="{d76f196a-9e9c-eb11-b1ac-000d3ae924d1}" />
        <Dependent type="80" schemaName="ovs_OversightPlanning" displayName="TDG Inspections / Inspections TMD" />
      </MissingDependency>
      <MissingDependency>
        <Required type="60" displayName="Site" parentDisplayName="Account" solution="Active" id="{db5d5927-e1b5-440f-b55b-e0a95e1b053b}" />
        <Dependent type="80" schemaName="ovs_OversightPlanning" displayName="TDG Inspections / Inspections TMD" />
      </MissingDependency>
      <MissingDependency>
        <Required type="60" displayName="Information" parentDisplayName="TCFiscalYear" solution="Active" id="{dc0a1880-c2c9-497c-9bbc-5ff6f83ea1fd}" />
        <Dependent type="80" schemaName="ovs_OversightPlanning" displayName="TDG Inspections / Inspections TMD" />
      </MissingDependency>
      <MissingDependency>
        <Required type="60" displayName="Default Contact Dashboard - TC" parentDisplayName="Contact" solution="Active" id="{e631a301-3f03-eb11-a813-000d3af3a7a7}" />
        <Dependent type="80" schemaName="ovs_OversightPlanning" displayName="TDG Inspections / Inspections TMD" />
      </MissingDependency>
      <MissingDependency>
        <Required type="60" displayName="Contact Quick View - TC" parentDisplayName="Contact" solution="Active" id="{ec2f9560-2f03-eb11-a813-000d3af3a7a7}" />
        <Dependent type="80" schemaName="ovs_OversightPlanning" displayName="TDG Inspections / Inspections TMD" />
      </MissingDependency>
      <MissingDependency>
        <Required type="60" displayName="TDG Contact" parentDisplayName="Contact" solution="Active" id="{ec7b5b17-85b9-eb11-8236-0022483bc67c}" />
        <Dependent type="80" schemaName="ovs_OversightPlanning" displayName="TDG Inspections / Inspections TMD" />
      </MissingDependency>
      <MissingDependency>
        <Required type="60" displayName="Information" parentDisplayName="Work Order Candidate" solution="Active" id="{f7cfa7da-bd84-406d-add8-ba3537122663}" />
        <Dependent type="80" schemaName="ovs_OversightPlanning" displayName="TDG Inspections / Inspections TMD" />
      </MissingDependency>
      <MissingDependency>
        <Required type="61" schemaName="msdyn_/Images/AppModule_Default_Icon.png" displayName="msdyn_/Images/AppModule_Default_Icon.png" solution="AppModuleWebResources (2.5)" />
        <Dependent type="80" schemaName="ovs_OversightPlanning" displayName="TDG Inspections / Inspections TMD" />
      </MissingDependency>
      <MissingDependency>
        <Required type="61" schemaName="ovs_Account_OrgQuickCreate.js" displayName="ovs_Account_OrgQuickCreate.js" solution="Active" />
        <Dependent type="60" displayName="Organization" parentDisplayName="Account" id="{2dbe9c3a-901a-484d-9e68-8424cd897f8d}" />
      </MissingDependency>
      <MissingDependency>
        <Required type="61" schemaName="qm_globalHelper.js" displayName="qm_globalHelper.js" solution="Active" />
        <Dependent type="60" displayName="Organization" parentDisplayName="Account" id="{2dbe9c3a-901a-484d-9e68-8424cd897f8d}" />
      </MissingDependency>
      <MissingDependency>
        <Required type="62" schemaName="ovs_OversightPlanning" solution="Active" />
        <Dependent type="80" schemaName="ovs_OversightPlanning" displayName="TDG Inspections / Inspections TMD" />
      </MissingDependency>
    </MissingDependencies>
  </SolutionManifest>
</ImportExportXml>