<entities >
  <entity name="ovs_airoperatorfunction" displayname="Air Operator Function" etc="10775" primaryidfield="ovs_airoperatorfunctionid" primarynamefield="ovs_name" disableplugins="false">
    <fields>
      <field displayname="Air Operator Function" name="ovs_airoperatorfunctionid" type="guid" primaryKey="true" />
      <field displayname="English Label" name="ovs_englishlabel" type="string" customfield="true" />
      <field displayname="French Label" name="ovs_frenchlabel" type="string" customfield="true" />
      <field displayname="Name" name="ovs_name" type="string" customfield="true" />
    </fields>
  </entity>
  <entity name="ovs_modes" displayname="Modes" etc="10700" primaryidfield="ovs_modesid" primarynamefield="ovs_name" disableplugins="false">
    <fields>
      <field displayname="English Label" name="ovs_englishlabel" type="string" customfield="true" />
      <field displayname="French Label" name="ovs_frenchlabel" type="string" customfield="true" />
      <field displayname="Modes" name="ovs_modesid" type="guid" primaryKey="true" />
      <field displayname="Name" name="ovs_name" type="string" customfield="true" />
    </fields>
  </entity>
  <entity name="ovs_moctype" displayname="MOC Type" etc="10698" primaryidfield="ovs_moctypeid" primarynamefield="ovs_name" disableplugins="false">
    <fields>
      <field displayname="MOC Type" name="ovs_moctypeid" type="guid" primaryKey="true" />
      <field displayname="French Label" name="ovs_frenchlabel" type="string" customfield="true" />
      <field displayname="English Label" name="ovs_englishlabel" type="string" customfield="true" />
      <field displayname="Name" name="ovs_name" type="string" customfield="true" />
    </fields>
  </entity>
  <entity name="ovs_mocfacilitytype" displayname="MOC Facility Type" etc="10655" primaryidfield="ovs_mocfacilitytypeid" primarynamefield="ovs_name" disableplugins="false">
    <fields>
      <field displayname="English Label" name="ovs_englishlabel" type="string" customfield="true" />
      <field displayname="French Label" name="ovs_frenchlabel" type="string" customfield="true" />
      <field displayname="Name" name="ovs_name" type="string" customfield="true" />
      <field displayname="MOC Facility Type" name="ovs_mocfacilitytypeid" type="guid" primaryKey="true" />
    </fields>
  </entity>
  <entity name="ovs_aircrafttype" displayname="Aircraft Type" etc="10776" primaryidfield="ovs_aircrafttypeid" primarynamefield="ovs_name" disableplugins="false">
    <fields>
      <field displayname="Aircraft Type" name="ovs_aircrafttypeid" type="guid" primaryKey="true" />
      <field displayname="English Label" name="ovs_englishlabel" type="string" customfield="true" />
      <field displayname="French Label" name="ovs_frenchlabel" type="string" customfield="true" />
      <field displayname="Name" name="ovs_name" type="string" customfield="true" />
    </fields>
  </entity>
  <entity name="ovs_airoperatortype" displayname="Air Operator Type" etc="10772" primaryidfield="ovs_airoperatortypeid" primarynamefield="ovs_name" disableplugins="false">
    <fields>
      <field displayname="Air Operator Type" name="ovs_airoperatortypeid" type="guid" primaryKey="true" />
      <field displayname="English Label" name="ovs_englishlabel" type="string" customfield="true" />
      <field displayname="French Label" name="ovs_frenchlabel" type="string" customfield="true" />
      <field displayname="Name" name="ovs_name" type="string" customfield="true" />
    </fields>
  </entity>
</entities>