<customapirequestparameter uniquename="container">
  <description default="blob container environment variable key">
    <label description="blob container environment variable key" languagecode="1033" />
  </description>
  <displayname default="container">
    <label description="container" languagecode="1033" />
  </displayname>
  <iscustomizable>1</iscustomizable>
  <isoptional>0</isoptional>
  <name>ovs_BlobUploadImage.container</name>
  <type>10</type>
</customapirequestparameter>