<ImportExportXml version="9.2.22104.170" SolutionPackageVersion="9.2" languagecode="1033" generatedBy="CrmLive" xmlns:xsi="http://www.w3.org/2001/XMLSchema-instance">
  <SolutionManifest>
    <UniqueName>FDR_Plugins</UniqueName>
    <LocalizedNames>
      <LocalizedName description="FDR.Plugins" languagecode="1033" />
    </LocalizedNames>
    <Descriptions />
    <Version>1.2.0.26</Version>
    <Managed>1</Managed>
    <Publisher>
      <UniqueName>FDR</UniqueName>
      <LocalizedNames>
        <LocalizedName description="Facility and Design Registration" languagecode="1033" />
      </LocalizedNames>
      <Descriptions>
        <Description description="TDG Core Facility and Design Registration" languagecode="1033" />
      </Descriptions>
      <EMailAddress xsi:nil="true"></EMailAddress>
      <SupportingWebsiteUrl xsi:nil="true"></SupportingWebsiteUrl>
      <CustomizationPrefix>fdr</CustomizationPrefix>
      <CustomizationOptionValuePrefix>79460</CustomizationOptionValuePrefix>
      <Addresses>
        <Address>
          <AddressNumber>1</AddressNumber>
          <AddressTypeCode>1</AddressTypeCode>
          <City xsi:nil="true"></City>
          <County xsi:nil="true"></County>
          <Country xsi:nil="true"></Country>
          <Fax xsi:nil="true"></Fax>
          <FreightTermsCode xsi:nil="true"></FreightTermsCode>
          <ImportSequenceNumber xsi:nil="true"></ImportSequenceNumber>
          <Latitude xsi:nil="true"></Latitude>
          <Line1 xsi:nil="true"></Line1>
          <Line2 xsi:nil="true"></Line2>
          <Line3 xsi:nil="true"></Line3>
          <Longitude xsi:nil="true"></Longitude>
          <Name xsi:nil="true"></Name>
          <PostalCode xsi:nil="true"></PostalCode>
          <PostOfficeBox xsi:nil="true"></PostOfficeBox>
          <PrimaryContactName xsi:nil="true"></PrimaryContactName>
          <ShippingMethodCode>1</ShippingMethodCode>
          <StateOrProvince xsi:nil="true"></StateOrProvince>
          <Telephone1 xsi:nil="true"></Telephone1>
          <Telephone2 xsi:nil="true"></Telephone2>
          <Telephone3 xsi:nil="true"></Telephone3>
          <TimeZoneRuleVersionNumber xsi:nil="true"></TimeZoneRuleVersionNumber>
          <UPSZone xsi:nil="true"></UPSZone>
          <UTCOffset xsi:nil="true"></UTCOffset>
          <UTCConversionTimeZoneCode xsi:nil="true"></UTCConversionTimeZoneCode>
        </Address>
        <Address>
          <AddressNumber>2</AddressNumber>
          <AddressTypeCode>1</AddressTypeCode>
          <City xsi:nil="true"></City>
          <County xsi:nil="true"></County>
          <Country xsi:nil="true"></Country>
          <Fax xsi:nil="true"></Fax>
          <FreightTermsCode xsi:nil="true"></FreightTermsCode>
          <ImportSequenceNumber xsi:nil="true"></ImportSequenceNumber>
          <Latitude xsi:nil="true"></Latitude>
          <Line1 xsi:nil="true"></Line1>
          <Line2 xsi:nil="true"></Line2>
          <Line3 xsi:nil="true"></Line3>
          <Longitude xsi:nil="true"></Longitude>
          <Name xsi:nil="true"></Name>
          <PostalCode xsi:nil="true"></PostalCode>
          <PostOfficeBox xsi:nil="true"></PostOfficeBox>
          <PrimaryContactName xsi:nil="true"></PrimaryContactName>
          <ShippingMethodCode>1</ShippingMethodCode>
          <StateOrProvince xsi:nil="true"></StateOrProvince>
          <Telephone1 xsi:nil="true"></Telephone1>
          <Telephone2 xsi:nil="true"></Telephone2>
          <Telephone3 xsi:nil="true"></Telephone3>
          <TimeZoneRuleVersionNumber xsi:nil="true"></TimeZoneRuleVersionNumber>
          <UPSZone xsi:nil="true"></UPSZone>
          <UTCOffset xsi:nil="true"></UTCOffset>
          <UTCConversionTimeZoneCode xsi:nil="true"></UTCConversionTimeZoneCode>
        </Address>
      </Addresses>
    </Publisher>
    <RootComponents>
      <RootComponent type="91" id="{b5bb4209-a9fa-4e99-a8c9-f7c329515b38}" schemaName="TC.PowerApps.FDR.Plugins, Version=1.0.0.0, Culture=neutral, PublicKeyToken=9bc8cc6fc66199f2" behavior="0" />
      <RootComponent type="92" id="{35087c5f-af02-ed11-82e6-000d3a848097}" behavior="0" />
      <RootComponent type="92" id="{3b0a030a-1914-ed11-b83e-000d3a84cfdd}" behavior="0" />
      <RootComponent type="92" id="{473d0dde-430f-ed11-b83d-000d3a0c8551}" behavior="0" />
      <RootComponent type="92" id="{4be5164b-f1d5-ec11-a7b5-0022483c5609}" behavior="0" />
      <RootComponent type="92" id="{4cde54ad-f2d5-ec11-a7b5-0022483c5609}" behavior="0" />
      <RootComponent type="92" id="{5e2e7013-3ff3-ec11-bb3c-000d3a848097}" behavior="0" />
      <RootComponent type="92" id="{74ca1650-90db-ec11-bb3c-000d3a8483f6}" behavior="0" />
      <RootComponent type="92" id="{756319d4-2b09-ed11-82e5-000d3a84cfdd}" behavior="0" />
      <RootComponent type="92" id="{7a33bb73-7fe6-ec11-bb3c-000d3a8483f6}" behavior="0" />
      <RootComponent type="92" id="{973442ed-f0d5-ec11-a7b5-0022483c5609}" behavior="0" />
      <RootComponent type="92" id="{afc69748-f2d5-ec11-a7b5-0022483c5609}" behavior="0" />
      <RootComponent type="92" id="{b9235644-f0d5-ec11-a7b5-0022483c5609}" behavior="0" />
      <RootComponent type="92" id="{b9a1f16e-7919-ed11-b83f-000d3a84cfdd}" behavior="0" />
      <RootComponent type="92" id="{bb550471-e3ec-ec11-bb3c-000d3a8483f6}" behavior="0" />
      <RootComponent type="92" id="{bc99160c-2a09-ed11-82e5-000d3a0c8551}" behavior="0" />
      <RootComponent type="92" id="{d81032c8-131f-ed11-b83d-000d3a0c8551}" behavior="0" />
    </RootComponents>
    <MissingDependencies>
      <MissingDependency>
        <Required type="1" schemaName="fdr_design" displayName="Design" solution="Active" />
        <Dependent type="92" displayName="TC.PowerApps.FDR.Plugins.Entities.Design.Design_PreUpdate_SetDesignNumber: Update of fdr_design" id="{74ca1650-90db-ec11-bb3c-000d3a8483f6}" />
      </MissingDependency>
      <MissingDependency>
        <Required type="1" schemaName="fdr_servicerequest" displayName="Service Request" solution="Active" />
        <Dependent type="92" displayName="TC.PowerApps.FDR.Plugins.Entities.ServiceRequest.PreCreate_PopulateCostRecovery: Create of fdr_servicerequest" id="{35087c5f-af02-ed11-82e6-000d3a848097}" />
      </MissingDependency>
      <MissingDependency>
        <Required type="1" schemaName="fdr_servicerequest" displayName="Service Request" solution="Active" />
        <Dependent type="92" displayName="TC.PowerApps.FDR.Plugins.Entities.ServiceRequest.SR_PostCreate_AddTimeEntry: Create of fdr_servicerequest" id="{3b0a030a-1914-ed11-b83e-000d3a84cfdd}" />
      </MissingDependency>
      <MissingDependency>
        <Required type="1" schemaName="fdr_servicerequest" displayName="Service Request" solution="Active" />
        <Dependent type="92" displayName="TC.PowerApps.FDR.Plugins.Entities.ServiceRequest.SR_PreUpdate_TGS_performance: Update of fdr_servicerequest" id="{4be5164b-f1d5-ec11-a7b5-0022483c5609}" />
      </MissingDependency>
      <MissingDependency>
        <Required type="1" schemaName="fdr_servicerequest" displayName="Service Request" solution="Active" />
        <Dependent type="92" displayName="TC.PowerApps.FDR.Plugins.Entities.ServiceRequest.SR_PreUpdate_SubmissionDate: Update of fdr_servicerequest" id="{4cde54ad-f2d5-ec11-a7b5-0022483c5609}" />
      </MissingDependency>
      <MissingDependency>
        <Required type="1" schemaName="fdr_servicerequest" displayName="Service Request" solution="Active" />
        <Dependent type="92" displayName="TC.PowerApps.FDR.Plugins.Entities.ServiceRequest.SR_PreUpdate_CreateWorkOrder: Update of fdr_servicerequest" id="{5e2e7013-3ff3-ec11-bb3c-000d3a848097}" />
      </MissingDependency>
      <MissingDependency>
        <Required type="1" schemaName="fdr_servicerequest" displayName="Service Request" solution="Active" />
        <Dependent type="92" displayName="TC.PowerApps.FDR.Plugins.Entities.ServiceRequest.SR_PostUpdate_AddTimeEntry: Update of fdr_servicerequest" id="{756319d4-2b09-ed11-82e5-000d3a84cfdd}" />
      </MissingDependency>
      <MissingDependency>
        <Required type="1" schemaName="fdr_servicerequest" displayName="Service Request" solution="Active" />
        <Dependent type="92" displayName="TC.PowerApps.FDR.Plugins.Entities.ServiceRequest.SR_PopulateSite_PreCreate: Create of fdr_servicerequest" id="{7a33bb73-7fe6-ec11-bb3c-000d3a8483f6}" />
      </MissingDependency>
      <MissingDependency>
        <Required type="1" schemaName="fdr_servicerequest" displayName="Service Request" solution="Active" />
        <Dependent type="92" displayName="TC.PowerApps.FDR.Plugins.Entities.ServiceRequest.SR_PreUpdate_OperationRegDates: Update of fdr_servicerequest" id="{973442ed-f0d5-ec11-a7b5-0022483c5609}" />
      </MissingDependency>
      <MissingDependency>
        <Required type="1" schemaName="fdr_servicerequest" displayName="Service Request" solution="Active" />
        <Dependent type="92" displayName="TC.PowerApps.FDR.Plugins.Entities.ServiceRequest.SR_PreCreate_SubmissionDate: Create of fdr_servicerequest" id="{afc69748-f2d5-ec11-a7b5-0022483c5609}" />
      </MissingDependency>
      <MissingDependency>
        <Required type="1" schemaName="fdr_servicerequest" displayName="Service Request" solution="Active" />
        <Dependent type="92" displayName="TC.PowerApps.FDR.Plugins.Entities.ServiceRequest.SR_PreUpdate_CreateOperation: Update of fdr_servicerequest" id="{b9235644-f0d5-ec11-a7b5-0022483c5609}" />
      </MissingDependency>
      <MissingDependency>
        <Required type="1" schemaName="fdr_servicerequest" displayName="Service Request" solution="Active" />
        <Dependent type="92" displayName="TC.PowerApps.FDR.Plugins.Entities.ServiceRequest.SR_PeUpdate_RequestOutcome: Update of fdr_servicerequest" id="{b9a1f16e-7919-ed11-b83f-000d3a84cfdd}" />
      </MissingDependency>
      <MissingDependency>
        <Required type="1" schemaName="fdr_servicerequest" displayName="Service Request" solution="Active" />
        <Dependent type="92" displayName="TC.PowerApps.FDR.Plugins.Entities.ServiceRequest.SR_PreUpdate_TimeEntryValidation: Update of fdr_servicerequest" id="{bb550471-e3ec-ec11-bb3c-000d3a8483f6}" />
      </MissingDependency>
      <MissingDependency>
        <Required type="1" schemaName="fdr_servicerequest" displayName="Service Request" solution="Active" />
        <Dependent type="92" displayName="TC.PowerApps.FDR.Plugins.Entities.ServiceRequest.SR_PostAssign_AddTimeEntry: Assign of fdr_servicerequest" id="{bc99160c-2a09-ed11-82e5-000d3a0c8551}" />
      </MissingDependency>
      <MissingDependency>
        <Required type="1" schemaName="fdr_servicerequest" displayName="Service Request" solution="Active" />
        <Dependent type="92" displayName="TC.PowerApps.FDR.Plugins.Entities.ServiceRequest.SR_PreCreate_ValidateActiveSRperOperations: Create of fdr_servicerequest" id="{d81032c8-131f-ed11-b83d-000d3a0c8551}" />
      </MissingDependency>
      <MissingDependency>
        <Required type="1" schemaName="fdr_servicerequest" displayName="Service Request" solution="Active" />
        <Dependent type="93" id="{063c5637-5b1e-ed11-b83d-000d3a0c8551}" />
      </MissingDependency>
      <MissingDependency>
        <Required type="1" schemaName="fdr_servicerequest" displayName="Service Request" solution="Active" />
        <Dependent type="93" id="{3ec750b9-7919-ed11-b83f-000d3a84cfdd}" />
      </MissingDependency>
      <MissingDependency>
        <Required type="1" schemaName="fdr_servicerequest" displayName="Service Request" solution="Active" />
        <Dependent type="93" id="{50e6ce0c-2c09-ed11-82e5-000d3a84cfdd}" />
      </MissingDependency>
      <MissingDependency>
        <Required type="1" schemaName="fdr_servicerequest" displayName="Service Request" solution="Active" />
        <Dependent type="93" id="{53e7e9f7-f0d5-ec11-a7b5-0022483c5609}" />
      </MissingDependency>
      <MissingDependency>
        <Required type="1" schemaName="fdr_servicerequest" displayName="Service Request" solution="Active" />
        <Dependent type="93" id="{6eab085b-f1d5-ec11-a7b5-0022483c5609}" />
      </MissingDependency>
      <MissingDependency>
        <Required type="1" schemaName="fdr_servicerequest" displayName="Service Request" solution="Active" />
        <Dependent type="93" id="{89c7f25c-3ff3-ec11-bb3c-000d3a848097}" />
      </MissingDependency>
      <MissingDependency>
        <Required type="1" schemaName="fdr_servicerequest" displayName="Service Request" solution="Active" />
        <Dependent type="93" id="{8ce2c1c1-f2d5-ec11-a7b5-0022483c5609}" />
      </MissingDependency>
      <MissingDependency>
        <Required type="1" schemaName="fdr_servicerequest" displayName="Service Request" solution="Active" />
        <Dependent type="93" id="{d5c0e584-e3ec-ec11-bb3c-000d3a8483f6}" />
      </MissingDependency>
      <MissingDependency>
        <Required type="1" schemaName="msdyn_workorder" displayName="Work Order" solution="FieldService (8.8.0.88)">
          <package>FieldService_Anchor (8.8.78.23)</package>
        </Required>
        <Dependent type="92" displayName="TC.PowerApps.FDR.Plugins.Entities.ServiceRequest.SR_PostWorkOrderCompleteEvent: fdr_WorkOrderCompleteEvent of msdyn_workorder" id="{473d0dde-430f-ed11-b83d-000d3a0c8551}" />
      </MissingDependency>
      <MissingDependency>
        <Required type="2" schemaName="statuscode" displayName="Status Reason" parentSchemaName="fdr_design" parentDisplayName="Design" solution="Active" />
        <Dependent type="92" displayName="TC.PowerApps.FDR.Plugins.Entities.Design.Design_PreUpdate_SetDesignNumber: Update of fdr_design" id="{74ca1650-90db-ec11-bb3c-000d3a8483f6}" />
      </MissingDependency>
      <MissingDependency>
        <Required type="2" schemaName="fdr_closedate" displayName="Service Request Close Date" parentSchemaName="fdr_servicerequest" parentDisplayName="Service Request" solution="Active" />
        <Dependent type="93" id="{50e6ce0c-2c09-ed11-82e5-000d3a84cfdd}" />
      </MissingDependency>
      <MissingDependency>
        <Required type="2" schemaName="fdr_containertype" displayName="Registration Type" parentSchemaName="fdr_servicerequest" parentDisplayName="Service Request" solution="Active" />
        <Dependent type="93" id="{063c5637-5b1e-ed11-b83d-000d3a0c8551}" />
      </MissingDependency>
      <MissingDependency>
        <Required type="2" schemaName="fdr_crsd_status" displayName="CRSD Status" parentSchemaName="fdr_servicerequest" parentDisplayName="Service Request" solution="Active" />
        <Dependent type="92" displayName="TC.PowerApps.FDR.Plugins.Entities.ServiceRequest.SR_PreUpdate_SubmissionDate: Update of fdr_servicerequest" id="{4cde54ad-f2d5-ec11-a7b5-0022483c5609}" />
      </MissingDependency>
      <MissingDependency>
        <Required type="2" schemaName="fdr_crsd_status" displayName="CRSD Status" parentSchemaName="fdr_servicerequest" parentDisplayName="Service Request" solution="Active" />
        <Dependent type="93" id="{6eab085b-f1d5-ec11-a7b5-0022483c5609}" />
      </MissingDependency>
      <MissingDependency>
        <Required type="2" schemaName="fdr_crsd_status" displayName="CRSD Status" parentSchemaName="fdr_servicerequest" parentDisplayName="Service Request" solution="Active" />
        <Dependent type="93" id="{8ce2c1c1-f2d5-ec11-a7b5-0022483c5609}" />
      </MissingDependency>
      <MissingDependency>
        <Required type="2" schemaName="fdr_name" displayName="Service Request ID" parentSchemaName="fdr_servicerequest" parentDisplayName="Service Request" solution="Active" />
        <Dependent type="93" id="{063c5637-5b1e-ed11-b83d-000d3a0c8551}" />
      </MissingDependency>
      <MissingDependency>
        <Required type="2" schemaName="fdr_operation" displayName="Operation" parentSchemaName="fdr_servicerequest" parentDisplayName="Service Request" solution="Active" />
        <Dependent type="93" id="{063c5637-5b1e-ed11-b83d-000d3a0c8551}" />
      </MissingDependency>
      <MissingDependency>
        <Required type="2" schemaName="fdr_operation" displayName="Operation" parentSchemaName="fdr_servicerequest" parentDisplayName="Service Request" solution="Active" />
        <Dependent type="93" id="{50e6ce0c-2c09-ed11-82e5-000d3a84cfdd}" />
      </MissingDependency>
      <MissingDependency>
        <Required type="2" schemaName="fdr_operation" displayName="Operation" parentSchemaName="fdr_servicerequest" parentDisplayName="Service Request" solution="Active" />
        <Dependent type="93" id="{53e7e9f7-f0d5-ec11-a7b5-0022483c5609}" />
      </MissingDependency>
      <MissingDependency>
        <Required type="2" schemaName="fdr_operation" displayName="Operation" parentSchemaName="fdr_servicerequest" parentDisplayName="Service Request" solution="Active" />
        <Dependent type="93" id="{89c7f25c-3ff3-ec11-bb3c-000d3a848097}" />
      </MissingDependency>
      <MissingDependency>
        <Required type="2" schemaName="fdr_relatedworkorder" displayName="Related Work Order" parentSchemaName="fdr_servicerequest" parentDisplayName="Service Request" solution="Active" />
        <Dependent type="93" id="{89c7f25c-3ff3-ec11-bb3c-000d3a848097}" />
      </MissingDependency>
      <MissingDependency>
        <Required type="2" schemaName="fdr_requestoutcome" displayName="Request Outcome" parentSchemaName="fdr_servicerequest" parentDisplayName="Service Request" solution="Active" />
        <Dependent type="92" displayName="TC.PowerApps.FDR.Plugins.Entities.ServiceRequest.SR_PeUpdate_RequestOutcome: Update of fdr_servicerequest" id="{b9a1f16e-7919-ed11-b83f-000d3a84cfdd}" />
      </MissingDependency>
      <MissingDependency>
        <Required type="2" schemaName="fdr_requestoutcome" displayName="Request Outcome" parentSchemaName="fdr_servicerequest" parentDisplayName="Service Request" solution="Active" />
        <Dependent type="93" id="{3ec750b9-7919-ed11-b83f-000d3a84cfdd}" />
      </MissingDependency>
      <MissingDependency>
        <Required type="2" schemaName="fdr_servicerequestid" displayName="Service Request" parentSchemaName="fdr_servicerequest" parentDisplayName="Service Request" solution="Active" />
        <Dependent type="93" id="{063c5637-5b1e-ed11-b83d-000d3a0c8551}" />
      </MissingDependency>
      <MissingDependency>
        <Required type="2" schemaName="fdr_site" displayName="Account" parentSchemaName="fdr_servicerequest" parentDisplayName="Service Request" solution="Active" />
        <Dependent type="93" id="{063c5637-5b1e-ed11-b83d-000d3a0c8551}" />
      </MissingDependency>
      <MissingDependency>
        <Required type="2" schemaName="fdr_site" displayName="Account" parentSchemaName="fdr_servicerequest" parentDisplayName="Service Request" solution="Active" />
        <Dependent type="93" id="{89c7f25c-3ff3-ec11-bb3c-000d3a848097}" />
      </MissingDependency>
      <MissingDependency>
        <Required type="2" schemaName="fdr_srtype" displayName="Service Request Type" parentSchemaName="fdr_servicerequest" parentDisplayName="Service Request" solution="Active" />
        <Dependent type="92" displayName="TC.PowerApps.FDR.Plugins.Entities.ServiceRequest.SR_PreUpdate_OperationRegDates: Update of fdr_servicerequest" id="{973442ed-f0d5-ec11-a7b5-0022483c5609}" />
      </MissingDependency>
      <MissingDependency>
        <Required type="2" schemaName="fdr_srtype" displayName="Service Request Type" parentSchemaName="fdr_servicerequest" parentDisplayName="Service Request" solution="Active" />
        <Dependent type="93" id="{50e6ce0c-2c09-ed11-82e5-000d3a84cfdd}" />
      </MissingDependency>
      <MissingDependency>
        <Required type="2" schemaName="fdr_srtype" displayName="Service Request Type" parentSchemaName="fdr_servicerequest" parentDisplayName="Service Request" solution="Active" />
        <Dependent type="93" id="{53e7e9f7-f0d5-ec11-a7b5-0022483c5609}" />
      </MissingDependency>
      <MissingDependency>
        <Required type="2" schemaName="fdr_submissiondate" displayName="Service Request Submission Date" parentSchemaName="fdr_servicerequest" parentDisplayName="Service Request" solution="Active" />
        <Dependent type="92" displayName="TC.PowerApps.FDR.Plugins.Entities.ServiceRequest.SR_PreUpdate_SubmissionDate: Update of fdr_servicerequest" id="{4cde54ad-f2d5-ec11-a7b5-0022483c5609}" />
      </MissingDependency>
      <MissingDependency>
        <Required type="2" schemaName="fdr_submissiondate" displayName="Service Request Submission Date" parentSchemaName="fdr_servicerequest" parentDisplayName="Service Request" solution="Active" />
        <Dependent type="93" id="{50e6ce0c-2c09-ed11-82e5-000d3a84cfdd}" />
      </MissingDependency>
      <MissingDependency>
        <Required type="2" schemaName="fdr_submissiondate" displayName="Service Request Submission Date" parentSchemaName="fdr_servicerequest" parentDisplayName="Service Request" solution="Active" />
        <Dependent type="93" id="{8ce2c1c1-f2d5-ec11-a7b5-0022483c5609}" />
      </MissingDependency>
      <MissingDependency>
        <Required type="2" schemaName="fdr_tgs_duration" displayName="Tracking General Service Duration" parentSchemaName="fdr_servicerequest" parentDisplayName="Service Request" solution="Active" />
        <Dependent type="93" id="{6eab085b-f1d5-ec11-a7b5-0022483c5609}" />
      </MissingDependency>
      <MissingDependency>
        <Required type="2" schemaName="fdr_tgs_start" displayName="Tracking General Service Performance Start" parentSchemaName="fdr_servicerequest" parentDisplayName="Service Request" solution="Active" />
        <Dependent type="93" id="{6eab085b-f1d5-ec11-a7b5-0022483c5609}" />
      </MissingDependency>
      <MissingDependency>
        <Required type="2" schemaName="ownerid" displayName="Owner" parentSchemaName="fdr_servicerequest" parentDisplayName="Service Request" solution="Active" />
        <Dependent type="92" displayName="TC.PowerApps.FDR.Plugins.Entities.ServiceRequest.SR_PreUpdate_TimeEntryValidation: Update of fdr_servicerequest" id="{bb550471-e3ec-ec11-bb3c-000d3a8483f6}" />
      </MissingDependency>
      <MissingDependency>
        <Required type="2" schemaName="ownerid" displayName="Owner" parentSchemaName="fdr_servicerequest" parentDisplayName="Service Request" solution="Active" />
        <Dependent type="93" id="{50e6ce0c-2c09-ed11-82e5-000d3a84cfdd}" />
      </MissingDependency>
      <MissingDependency>
        <Required type="2" schemaName="statecode" displayName="Status" parentSchemaName="fdr_servicerequest" parentDisplayName="Service Request" solution="Active" />
        <Dependent type="92" displayName="TC.PowerApps.FDR.Plugins.Entities.ServiceRequest.SR_PreUpdate_TGS_performance: Update of fdr_servicerequest" id="{4be5164b-f1d5-ec11-a7b5-0022483c5609}" />
      </MissingDependency>
      <MissingDependency>
        <Required type="2" schemaName="statecode" displayName="Status" parentSchemaName="fdr_servicerequest" parentDisplayName="Service Request" solution="Active" />
        <Dependent type="92" displayName="TC.PowerApps.FDR.Plugins.Entities.ServiceRequest.SR_PeUpdate_RequestOutcome: Update of fdr_servicerequest" id="{b9a1f16e-7919-ed11-b83f-000d3a84cfdd}" />
      </MissingDependency>
      <MissingDependency>
        <Required type="2" schemaName="statecode" displayName="Status" parentSchemaName="fdr_servicerequest" parentDisplayName="Service Request" solution="Active" />
        <Dependent type="93" id="{063c5637-5b1e-ed11-b83d-000d3a0c8551}" />
      </MissingDependency>
      <MissingDependency>
        <Required type="2" schemaName="statecode" displayName="Status" parentSchemaName="fdr_servicerequest" parentDisplayName="Service Request" solution="Active" />
        <Dependent type="93" id="{3ec750b9-7919-ed11-b83f-000d3a84cfdd}" />
      </MissingDependency>
      <MissingDependency>
        <Required type="2" schemaName="statecode" displayName="Status" parentSchemaName="fdr_servicerequest" parentDisplayName="Service Request" solution="Active" />
        <Dependent type="93" id="{6eab085b-f1d5-ec11-a7b5-0022483c5609}" />
      </MissingDependency>
      <MissingDependency>
        <Required type="2" schemaName="statuscode" displayName="Status Reason" parentSchemaName="fdr_servicerequest" parentDisplayName="Service Request" solution="Active" />
        <Dependent type="92" displayName="TC.PowerApps.FDR.Plugins.Entities.ServiceRequest.SR_PreUpdate_TGS_performance: Update of fdr_servicerequest" id="{4be5164b-f1d5-ec11-a7b5-0022483c5609}" />
      </MissingDependency>
      <MissingDependency>
        <Required type="2" schemaName="statuscode" displayName="Status Reason" parentSchemaName="fdr_servicerequest" parentDisplayName="Service Request" solution="Active" />
        <Dependent type="92" displayName="TC.PowerApps.FDR.Plugins.Entities.ServiceRequest.SR_PreUpdate_CreateWorkOrder: Update of fdr_servicerequest" id="{5e2e7013-3ff3-ec11-bb3c-000d3a848097}" />
      </MissingDependency>
      <MissingDependency>
        <Required type="2" schemaName="statuscode" displayName="Status Reason" parentSchemaName="fdr_servicerequest" parentDisplayName="Service Request" solution="Active" />
        <Dependent type="92" displayName="TC.PowerApps.FDR.Plugins.Entities.ServiceRequest.SR_PostUpdate_AddTimeEntry: Update of fdr_servicerequest" id="{756319d4-2b09-ed11-82e5-000d3a84cfdd}" />
      </MissingDependency>
      <MissingDependency>
        <Required type="2" schemaName="statuscode" displayName="Status Reason" parentSchemaName="fdr_servicerequest" parentDisplayName="Service Request" solution="Active" />
        <Dependent type="92" displayName="TC.PowerApps.FDR.Plugins.Entities.ServiceRequest.SR_PreUpdate_OperationRegDates: Update of fdr_servicerequest" id="{973442ed-f0d5-ec11-a7b5-0022483c5609}" />
      </MissingDependency>
      <MissingDependency>
        <Required type="2" schemaName="statuscode" displayName="Status Reason" parentSchemaName="fdr_servicerequest" parentDisplayName="Service Request" solution="Active" />
        <Dependent type="92" displayName="TC.PowerApps.FDR.Plugins.Entities.ServiceRequest.SR_PreUpdate_CreateOperation: Update of fdr_servicerequest" id="{b9235644-f0d5-ec11-a7b5-0022483c5609}" />
      </MissingDependency>
      <MissingDependency>
        <Required type="2" schemaName="statuscode" displayName="Status Reason" parentSchemaName="fdr_servicerequest" parentDisplayName="Service Request" solution="Active" />
        <Dependent type="92" displayName="TC.PowerApps.FDR.Plugins.Entities.ServiceRequest.SR_PeUpdate_RequestOutcome: Update of fdr_servicerequest" id="{b9a1f16e-7919-ed11-b83f-000d3a84cfdd}" />
      </MissingDependency>
      <MissingDependency>
        <Required type="2" schemaName="statuscode" displayName="Status Reason" parentSchemaName="fdr_servicerequest" parentDisplayName="Service Request" solution="Active" />
        <Dependent type="92" displayName="TC.PowerApps.FDR.Plugins.Entities.ServiceRequest.SR_PreUpdate_TimeEntryValidation: Update of fdr_servicerequest" id="{bb550471-e3ec-ec11-bb3c-000d3a8483f6}" />
      </MissingDependency>
      <MissingDependency>
        <Required type="2" schemaName="statuscode" displayName="Status Reason" parentSchemaName="fdr_servicerequest" parentDisplayName="Service Request" solution="Active" />
        <Dependent type="93" id="{063c5637-5b1e-ed11-b83d-000d3a0c8551}" />
      </MissingDependency>
      <MissingDependency>
        <Required type="2" schemaName="statuscode" displayName="Status Reason" parentSchemaName="fdr_servicerequest" parentDisplayName="Service Request" solution="Active" />
        <Dependent type="93" id="{3ec750b9-7919-ed11-b83f-000d3a84cfdd}" />
      </MissingDependency>
      <MissingDependency>
        <Required type="2" schemaName="statuscode" displayName="Status Reason" parentSchemaName="fdr_servicerequest" parentDisplayName="Service Request" solution="Active" />
        <Dependent type="93" id="{53e7e9f7-f0d5-ec11-a7b5-0022483c5609}" />
      </MissingDependency>
      <MissingDependency>
        <Required type="2" schemaName="statuscode" displayName="Status Reason" parentSchemaName="fdr_servicerequest" parentDisplayName="Service Request" solution="Active" />
        <Dependent type="93" id="{6eab085b-f1d5-ec11-a7b5-0022483c5609}" />
      </MissingDependency>
      <MissingDependency>
        <Required type="2" schemaName="statuscode" displayName="Status Reason" parentSchemaName="fdr_servicerequest" parentDisplayName="Service Request" solution="Active" />
        <Dependent type="93" id="{d5c0e584-e3ec-ec11-bb3c-000d3a8483f6}" />
      </MissingDependency>
      <MissingDependency>
        <Required type="29" displayName="WorkOrderCompleteEvent" solution="Active" id="{37b591d4-dc26-43e6-bbd0-821e930b34ec}" />
        <Dependent type="92" displayName="TC.PowerApps.FDR.Plugins.Entities.ServiceRequest.SR_PostWorkOrderCompleteEvent: fdr_WorkOrderCompleteEvent of msdyn_workorder" id="{473d0dde-430f-ed11-b83d-000d3a0c8551}" />
      </MissingDependency>
    </MissingDependencies>
  </SolutionManifest>
</ImportExportXml>