<ImportExportXml xmlns:xsi="http://www.w3.org/2001/XMLSchema-instance">
  <Entities>
    <Entity>
      <Name LocalizedName="Service Request" OriginalName="Service Request">fdr_ServiceRequest</Name>
      <EntityInfo>
        <entity Name="fdr_ServiceRequest">
          <LocalizedNames>
            <LocalizedName description="Service Request" languagecode="1033" />
            <LocalizedName description="Demande de service" languagecode="1036" />
          </LocalizedNames>
          <LocalizedCollectionNames>
            <LocalizedCollectionName description="Service Requests" languagecode="1033" />
            <LocalizedCollectionName description="Demandes de services" languagecode="1036" />
          </LocalizedCollectionNames>
          <Descriptions>
            <Description description="" languagecode="1033" />
            <Description description="" languagecode="1036" />
          </Descriptions>
          <attributes>
            <attribute PhysicalName="fdr_FiscalYearLookup">
              <Type>lookup</Type>
              <Name>fdr_fiscalyearlookup</Name>
              <LogicalName>fdr_fiscalyearlookup</LogicalName>
              <RequiredLevel>none</RequiredLevel>
              <DisplayMask>ValidForAdvancedFind|ValidForForm|ValidForGrid</DisplayMask>
              <ValidForUpdateApi>1</ValidForUpdateApi>
              <ValidForReadApi>1</ValidForReadApi>
              <ValidForCreateApi>1</ValidForCreateApi>
              <IsCustomField>1</IsCustomField>
              <IsAuditEnabled>0</IsAuditEnabled>
              <IsSecured>0</IsSecured>
              <IntroducedVersion>1.0.0.1</IntroducedVersion>
              <IsCustomizable>1</IsCustomizable>
              <IsRenameable>1</IsRenameable>
              <CanModifySearchSettings>1</CanModifySearchSettings>
              <CanModifyRequirementLevelSettings>1</CanModifyRequirementLevelSettings>
              <CanModifyAdditionalSettings>1</CanModifyAdditionalSettings>
              <SourceType>0</SourceType>
              <IsGlobalFilterEnabled>0</IsGlobalFilterEnabled>
              <IsSortableEnabled>0</IsSortableEnabled>
              <CanModifyGlobalFilterSettings>1</CanModifyGlobalFilterSettings>
              <CanModifyIsSortableSettings>1</CanModifyIsSortableSettings>
              <IsDataSourceSecret>0</IsDataSourceSecret>
              <AutoNumberFormat></AutoNumberFormat>
              <IsSearchable>0</IsSearchable>
              <IsFilterable>0</IsFilterable>
              <IsRetrievable>0</IsRetrievable>
              <IsLocalizable>0</IsLocalizable>
              <LookupStyle>single</LookupStyle>
              <LookupTypes />
              <displaynames>
                <displayname description="Fiscal Year" languagecode="1033" />
              </displaynames>
              <Descriptions>
                <Description description="" languagecode="1033" />
              </Descriptions>
            </attribute>
          </attributes>
          <EntitySetName>fdr_servicerequests</EntitySetName>
          <IsDuplicateCheckSupported>1</IsDuplicateCheckSupported>
          <IsBusinessProcessEnabled>1</IsBusinessProcessEnabled>
          <IsRequiredOffline>0</IsRequiredOffline>
          <IsInteractionCentricEnabled>0</IsInteractionCentricEnabled>
          <IsCollaboration>0</IsCollaboration>
          <AutoRouteToOwnerQueue>0</AutoRouteToOwnerQueue>
          <IsConnectionsEnabled>0</IsConnectionsEnabled>
          <EntityColor></EntityColor>
          <IsDocumentManagementEnabled>0</IsDocumentManagementEnabled>
          <AutoCreateAccessTeams>0</AutoCreateAccessTeams>
          <IsOneNoteIntegrationEnabled>0</IsOneNoteIntegrationEnabled>
          <IsKnowledgeManagementEnabled>0</IsKnowledgeManagementEnabled>
          <IsSLAEnabled>0</IsSLAEnabled>
          <IsDocumentRecommendationsEnabled>0</IsDocumentRecommendationsEnabled>
          <IsBPFEntity>0</IsBPFEntity>
          <OwnershipTypeMask>UserOwned</OwnershipTypeMask>
          <EntityMask>ActivityPointer</EntityMask>
          <IsAuditEnabled>1</IsAuditEnabled>
          <IsRetrieveAuditEnabled>0</IsRetrieveAuditEnabled>
          <IsRetrieveMultipleAuditEnabled>0</IsRetrieveMultipleAuditEnabled>
          <IsActivity>0</IsActivity>
          <ActivityTypeMask>CommunicationActivity</ActivityTypeMask>
          <IsActivityParty>0</IsActivityParty>
          <IsReplicated>0</IsReplicated>
          <IsReplicationUserFiltered>0</IsReplicationUserFiltered>
          <IsMailMergeEnabled>1</IsMailMergeEnabled>
          <IsVisibleInMobile>0</IsVisibleInMobile>
          <IsVisibleInMobileClient>0</IsVisibleInMobileClient>
          <IsReadOnlyInMobileClient>0</IsReadOnlyInMobileClient>
          <IsOfflineInMobileClient>0</IsOfflineInMobileClient>
          <DaysSinceRecordLastModified>0</DaysSinceRecordLastModified>
          <MobileOfflineFilters></MobileOfflineFilters>
          <IsMapiGridEnabled>1</IsMapiGridEnabled>
          <IsReadingPaneEnabled>1</IsReadingPaneEnabled>
          <IsQuickCreateEnabled>0</IsQuickCreateEnabled>
          <SyncToExternalSearchIndex>0</SyncToExternalSearchIndex>
          <IntroducedVersion>1.0.0.0</IntroducedVersion>
          <IsCustomizable>1</IsCustomizable>
          <IsRenameable>1</IsRenameable>
          <IsMappable>1</IsMappable>
          <CanModifyAuditSettings>1</CanModifyAuditSettings>
          <CanModifyMobileVisibility>1</CanModifyMobileVisibility>
          <CanModifyMobileClientVisibility>1</CanModifyMobileClientVisibility>
          <CanModifyMobileClientReadOnly>1</CanModifyMobileClientReadOnly>
          <CanModifyMobileClientOffline>1</CanModifyMobileClientOffline>
          <CanModifyConnectionSettings>1</CanModifyConnectionSettings>
          <CanModifyDuplicateDetectionSettings>1</CanModifyDuplicateDetectionSettings>
          <CanModifyMailMergeSettings>1</CanModifyMailMergeSettings>
          <CanModifyQueueSettings>1</CanModifyQueueSettings>
          <CanCreateAttributes>1</CanCreateAttributes>
          <CanCreateForms>1</CanCreateForms>
          <CanCreateCharts>1</CanCreateCharts>
          <CanCreateViews>1</CanCreateViews>
          <CanModifyAdditionalSettings>1</CanModifyAdditionalSettings>
          <CanEnableSyncToExternalSearchIndex>1</CanEnableSyncToExternalSearchIndex>
          <IconVectorName></IconVectorName>
          <EnforceStateTransitions>0</EnforceStateTransitions>
          <CanChangeHierarchicalRelationship>1</CanChangeHierarchicalRelationship>
          <EntityHelpUrlEnabled>0</EntityHelpUrlEnabled>
          <EntityHelpUrl></EntityHelpUrl>
          <ChangeTrackingEnabled>1</ChangeTrackingEnabled>
          <CanChangeTrackingBeEnabled>1</CanChangeTrackingBeEnabled>
          <IsEnabledForExternalChannels>0</IsEnabledForExternalChannels>
          <IsSolutionAware>0</IsSolutionAware>
          <HasRelatedNotes>True</HasRelatedNotes>
          <HasRelatedActivities>True</HasRelatedActivities>
        </entity>
      </EntityInfo>
      <RibbonDiffXml>
        <CustomActions>
          <HideCustomAction HideActionId="fdr.Mscrm.Form.fdr_servicerequest.Deactivate.Hide" Location="Mscrm.Form.fdr_servicerequest.Deactivate" />
          <HideCustomAction HideActionId="fdr.Mscrm.HomepageGrid.fdr_servicerequest.Deactivate.Hide" Location="Mscrm.HomepageGrid.fdr_servicerequest.Deactivate" />
          <HideCustomAction HideActionId="fdr.Mscrm.SubGrid.fdr_servicerequest.Deactivate.Hide" Location="Mscrm.SubGrid.fdr_servicerequest.Deactivate" />
          <CustomAction Id="ovs.fdr.fdr_servicerequest.HomeGridButton.AdjustPerformance.CustomAction" Location="Mscrm.HomepageGrid.fdr_servicerequest.MainTab.Collaborate.Controls._children" Sequence="25">
            <CommandUIDefinition>
              <Button Alt="$LocLabels:fdr.fdr_servicerequest.HomeGridButton.AdjustPerformance.Alt" Command="fdr.fdr_servicerequest.AdjustPerformanceHomeGridButton.Command" Id="fdr.fdr_servicerequest.HomeGridButton.AdjustPerformance" LabelText="$LocLabels:fdr.fdr_servicerequest.HomeGridButton.AdjustPerformance.LabelText" Sequence="25" TemplateAlias="o1" ToolTipTitle="$LocLabels:fdr.fdr_servicerequest.HomeGridButton.AdjustPerformance.ToolTipTitle" ToolTipDescription="$LocLabels:fdr.fdr_servicerequest.HomeGridButton.AdjustPerformance.ToolTipDescription" />
            </CommandUIDefinition>
          </CustomAction>
          <CustomAction Id="ovs.fdr.fdr_servicerequest.HomeGridButton.ApprovePerformance.CustomAction" Location="Mscrm.HomepageGrid.fdr_servicerequest.MainTab.Collaborate.Controls._children" Sequence="33">
            <CommandUIDefinition>
              <Button Alt="$LocLabels:fdr.fdr_servicerequest.HomeGridButton.ApprovePerformance.Alt" Command="fdr.fdr_servicerequest.ApprovePerformanceHomeGridButton.Command" Id="fdr.fdr_servicerequest.HomeGridButton.ApprovePerformance" LabelText="$LocLabels:fdr.fdr_servicerequest.HomeGridButton.ApprovePerformance.LabelText" Sequence="33" TemplateAlias="o1" ToolTipTitle="$LocLabels:fdr.fdr_servicerequest.HomeGridButton.ApprovePerformance.ToolTipTitle" ToolTipDescription="$LocLabels:fdr.fdr_servicerequest.HomeGridButton.ApprovePerformance.ToolTipDescription" />
            </CommandUIDefinition>
          </CustomAction>
          <CustomAction Id="ovs.fdr_servicerequest.Button.GenerateFunctions.CustomAction" Location="Mscrm.Form.fdr_servicerequest.MainTab.Save.Controls._children" Sequence="40">
            <CommandUIDefinition>
              <Button Alt="$LocLabels:fdr_servicerequest.Button.GenerateFunctions.Alt" Command="fdr_servicerequest.Commands.GenerateFunctions" Id="fdr_servicerequest.Button.GenerateFunctions" Image32by32="/_imgs/ribbon/CustomizeEntity_32.png" Image16by16="/_imgs/ribbon/CustomEntity_16.png" LabelText="$LocLabels:fdr_servicerequest.Button.GenerateFunctions.LabelText" Sequence="40" TemplateAlias="o1" ToolTipTitle="$LocLabels:fdr_servicerequest.Button.GenerateFunctions.ToolTipTitle" ToolTipDescription="$LocLabels:fdr_servicerequest.Button.GenerateFunctions.ToolTipDescription" ModernImage="" />
            </CommandUIDefinition>
          </CustomAction>
        </CustomActions>
        <Templates>
          <RibbonTemplates Id="Mscrm.Templates"></RibbonTemplates>
        </Templates>
        <CommandDefinitions>
          <CommandDefinition Id="fdr.fdr_servicerequest.AdjustPerformanceHomeGridButton.Command">
            <EnableRules>
              <EnableRule Id="fdr.fdr_servicerequest.SelectCountGreaterThan1.EnableRule" />
              <EnableRule Id="fdr.fdr_servicerequest.EnableForPerformanceView.EnableRule" />
            </EnableRules>
            <DisplayRules />
            <Actions>
              <JavaScriptFunction FunctionName="ServiceRequestPerformance_Ribbon.adjustPerformance" Library="$webresource:fdr_ServiceRequestPerformance_Ribbon.js">
                <CrmParameter Value="SelectedControlSelectedItemIds" />
                <CrmParameter Value="SelectedControl" />
                <BoolParameter Value="true" />
                <CrmParameter Value="PrimaryEntityTypeName" />
              </JavaScriptFunction>
            </Actions>
          </CommandDefinition>
          <CommandDefinition Id="fdr.fdr_servicerequest.ApprovePerformanceHomeGridButton.Command">
            <EnableRules>
              <EnableRule Id="fdr.fdr_servicerequest.SelectCountGreaterThan1.EnableRule" />
              <EnableRule Id="fdr.fdr_servicerequest.EnableForPerformanceView.EnableRule" />
            </EnableRules>
            <DisplayRules />
            <Actions>
              <JavaScriptFunction FunctionName="ServiceRequestPerformance_Ribbon.approvePerformance" Library="$webresource:fdr_ServiceRequestPerformance_Ribbon.js">
                <CrmParameter Value="SelectedControlSelectedItemIds" />
                <CrmParameter Value="SelectedControl" />
                <BoolParameter Value="true" />
                <CrmParameter Value="PrimaryEntityTypeName" />
              </JavaScriptFunction>
            </Actions>
          </CommandDefinition>
          <CommandDefinition Id="fdr_servicerequest.Command.CloneServiceRequest">
            <EnableRules />
            <DisplayRules />
            <Actions>
              <JavaScriptFunction FunctionName="cloneServiceRequest" Library="$webresource:fdr_servicerequest_ribbon">
                <CrmParameter Value="SelectedControlAllItemIds" />
                <CrmParameter Value="SelectedControl" />
              </JavaScriptFunction>
            </Actions>
          </CommandDefinition>
          <CommandDefinition Id="fdr_servicerequest.Commands.GenerateFunctions">
            <EnableRules>
              <EnableRule Id="Mscrm.EntityFormIsEnabled" />
              <EnableRule Id="fdr.fdr_specification.EnableRule.ShowAddExisting_4_ServiceRequestFunction" />
            </EnableRules>
            <DisplayRules>
              <DisplayRule Id="fdr.fdr_specification.ShowAddExisting_4_ServiceRequestFunction" />
            </DisplayRules>
            <Actions>
              <JavaScriptFunction FunctionName="ServiceRequestRibbon.openFunctionPanel" Library="$webresource:fdr_SR_AutoGenerateFunctions">
                <CrmParameter Value="FirstPrimaryItemId" />
                <CrmParameter Value="UserLcid" />
                <CrmParameter Value="SelectedControl" />
                <CrmParameter Value="PrimaryControl" />
              </JavaScriptFunction>
            </Actions>
          </CommandDefinition>
          <CommandDefinition Id="Mscrm.Form.Deactivate">
            <EnableRules>
              <EnableRule Id="Mscrm.CanWritePrimary" />
            </EnableRules>
            <DisplayRules>
              <DisplayRule Id="Mscrm.CanWritePrimary" />
              <DisplayRule Id="Mscrm.PrimaryIsActive" />
              <DisplayRule Id="Mscrm.PrimaryEntityHasStatecode" />
              <DisplayRule Id="Mscrm.PrimaryIsNotActivity" />
              <DisplayRule Id="fdr.fdr_servicerequest.Form.Deactivate.DisplayRule." />
            </DisplayRules>
            <Actions>
              <JavaScriptFunction FunctionName="XrmCore.Commands.Deactivate.deactivatePrimaryRecord" Library="$webresource:Main_system_library.js">
                <CrmParameter Value="FirstPrimaryItemId" />
                <CrmParameter Value="PrimaryEntityTypeName" />
              </JavaScriptFunction>
            </Actions>
          </CommandDefinition>
        </CommandDefinitions>
        <RuleDefinitions>
          <TabDisplayRules />
          <DisplayRules>
            <DisplayRule Id="fdr.fdr_servicerequest.Form.Deactivate.DisplayRule.">
              <OrRule>
                <Or>
                  <ValueRule Field="statuscode" Value="1" />
                </Or>
                <Or>
                  <ValueRule Field="statuscode" Value="794600000" />
                </Or>
                <Or>
                  <ValueRule Field="statuscode" Value="794600001" />
                </Or>
                <Or>
                  <ValueRule Field="statuscode" Value="794600002" />
                </Or>
                <Or>
                  <ValueRule Field="statuscode" Value="794600003" />
                </Or>
                <Or>
                  <ValueRule Field="statuscode" Value="794600004" />
                </Or>
                <Or>
                  <ValueRule Field="statuscode" Value="794600006" />
                </Or>
                <Or>
                  <ValueRule Field="statuscode" Value="794600009" />
                </Or>
                <Or>
                  <ValueRule Field="statuscode" Value="794600010" />
                </Or>
                <Or>
                  <ValueRule Field="statuscode" Value="794600011" />
                </Or>
              </OrRule>
            </DisplayRule>
          </DisplayRules>
          <EnableRules>
            <EnableRule Id="fdr.fdr_servicerequest.EnableForPerformanceView.EnableRule">
              <CustomRule FunctionName="ServiceRequestPerformance_Ribbon.displayForPerformanceView" Library="$webresource:fdr_ServiceRequestPerformance_Ribbon.js">
                <CrmParameter Value="SelectedControl" />
              </CustomRule>
            </EnableRule>
            <EnableRule Id="fdr.fdr_servicerequest.SelectCountGreaterThan1.EnableRule">
              <SelectionCountRule Minimum="1" />
            </EnableRule>
            <EnableRule Id="fdr.fdr_specification.EnableRule.ShowAddExisting_4_ServiceRequestFunction">
              <EntityRule EntityName="fdr_servicerequest" AppliesTo="PrimaryEntity" Default="false" InvertResult="false" />
            </EnableRule>
          </EnableRules>
        </RuleDefinitions>
        <LocLabels>
          <LocLabel Id="fdr.fdr_servicerequest.HomeGridButton.AdjustPerformance.Alt">
            <Titles>
              <Title description="Adjust Performance" languagecode="1033" />
              <Title description="Ajustement de la norme de service" languagecode="1036" />
            </Titles>
          </LocLabel>
          <LocLabel Id="fdr.fdr_servicerequest.HomeGridButton.AdjustPerformance.LabelText">
            <Titles>
              <Title description="Adjust Performance" languagecode="1033" />
              <Title description="Ajustement de la norme de service" languagecode="1036" />
            </Titles>
          </LocLabel>
          <LocLabel Id="fdr.fdr_servicerequest.HomeGridButton.AdjustPerformance.ToolTipDescription">
            <Titles>
              <Title description="Adjust Performance" languagecode="1033" />
              <Title description="Ajustement de la norme de service" languagecode="1036" />
            </Titles>
          </LocLabel>
          <LocLabel Id="fdr.fdr_servicerequest.HomeGridButton.AdjustPerformance.ToolTipTitle">
            <Titles>
              <Title description="Adjust Performance" languagecode="1033" />
              <Title description="Ajustement de la norme de service" languagecode="1036" />
            </Titles>
          </LocLabel>
          <LocLabel Id="fdr.fdr_servicerequest.HomeGridButton.ApprovePerformance.Alt">
            <Titles>
              <Title description="Approve Performance" languagecode="1033" />
              <Title description="Approbation de la norme de service" languagecode="1036" />
            </Titles>
          </LocLabel>
          <LocLabel Id="fdr.fdr_servicerequest.HomeGridButton.ApprovePerformance.LabelText">
            <Titles>
              <Title description="Approve Performance" languagecode="1033" />
              <Title description="Approbation de la norme de service" languagecode="1036" />
            </Titles>
          </LocLabel>
          <LocLabel Id="fdr.fdr_servicerequest.HomeGridButton.ApprovePerformance.ToolTipDescription">
            <Titles>
              <Title description="Approve Performance" languagecode="1033" />
              <Title description="Approbation de la norme de service" languagecode="1036" />
            </Titles>
          </LocLabel>
          <LocLabel Id="fdr.fdr_servicerequest.HomeGridButton.ApprovePerformance.ToolTipTitle">
            <Titles>
              <Title description="Approve Performance" languagecode="1033" />
              <Title description="Approbation de la norme de service" languagecode="1036" />
            </Titles>
          </LocLabel>
          <LocLabel Id="fdr_servicerequest.Button.GenerateFunctions.Alt">
            <Titles>
              <Title description="Generate Functions" languagecode="1033" />
            </Titles>
          </LocLabel>
          <LocLabel Id="fdr_servicerequest.Button.GenerateFunctions.LabelText">
            <Titles>
              <Title description="Generate Functions" languagecode="1033" />
            </Titles>
          </LocLabel>
          <LocLabel Id="fdr_servicerequest.Button.GenerateFunctions.ToolTipDescription">
            <Titles>
              <Title description="Auto Generate Container Functions Based On Registration Type" languagecode="1033" />
            </Titles>
          </LocLabel>
          <LocLabel Id="fdr_servicerequest.Button.GenerateFunctions.ToolTipTitle">
            <Titles>
              <Title description="Generate Functions" languagecode="1033" />
            </Titles>
          </LocLabel>
        </LocLabels>
      </RibbonDiffXml>
    </Entity>
  </Entities>
  <Roles></Roles>
  <Workflows></Workflows>
  <FieldSecurityProfiles></FieldSecurityProfiles>
  <Templates />
  <EntityMaps />
  <EntityRelationships>
    <EntityRelationship Name="fdr_ServiceRequest_FiscalYear">
      <EntityRelationshipType>OneToMany</EntityRelationshipType>
      <IsCustomizable>1</IsCustomizable>
      <IntroducedVersion>1.0.0.1</IntroducedVersion>
      <IsHierarchical>0</IsHierarchical>
      <ReferencingEntityName>fdr_ServiceRequest</ReferencingEntityName>
      <ReferencedEntityName>tc_TCFiscalYear</ReferencedEntityName>
      <CascadeAssign>NoCascade</CascadeAssign>
      <CascadeDelete>RemoveLink</CascadeDelete>
      <CascadeArchive>RemoveLink</CascadeArchive>
      <CascadeReparent>NoCascade</CascadeReparent>
      <CascadeShare>NoCascade</CascadeShare>
      <CascadeUnshare>NoCascade</CascadeUnshare>
      <CascadeRollupView>NoCascade</CascadeRollupView>
      <IsValidForAdvancedFind>1</IsValidForAdvancedFind>
      <ReferencingAttributeName>fdr_FiscalYearLookup</ReferencingAttributeName>
      <RelationshipDescription>
        <Descriptions>
          <Description description="" languagecode="1033" />
        </Descriptions>
      </RelationshipDescription>
      <EntityRelationshipRoles>
        <EntityRelationshipRole>
          <NavPaneDisplayOption>UseCollectionName</NavPaneDisplayOption>
          <NavPaneArea>Details</NavPaneArea>
          <NavPaneOrder>10000</NavPaneOrder>
          <NavigationPropertyName>fdr_FiscalYearLookup</NavigationPropertyName>
          <RelationshipRoleType>1</RelationshipRoleType>
        </EntityRelationshipRole>
        <EntityRelationshipRole>
          <NavigationPropertyName>fdr_ServiceRequest_FiscalYear</NavigationPropertyName>
          <RelationshipRoleType>0</RelationshipRoleType>
        </EntityRelationshipRole>
      </EntityRelationshipRoles>
    </EntityRelationship>
  </EntityRelationships>
  <OrganizationSettings />
  <optionsets />
  <CustomControls />
  <EntityDataProviders />
  <Languages>
    <Language>1033</Language>
    <Language>1036</Language>
  </Languages>
</ImportExportXml>