<ImportExportXml version="9.2.22073.162" SolutionPackageVersion="9.2" languagecode="1033" generatedBy="CrmLive" xmlns:xsi="http://www.w3.org/2001/XMLSchema-instance">
  <SolutionManifest>
    <UniqueName>FDR_Flows</UniqueName>
    <LocalizedNames>
      <LocalizedName description="FDR.Flows" languagecode="1033" />
    </LocalizedNames>
    <Descriptions />
    <Version>1.0.0.0</Version>
    <Managed>1</Managed>
    <Publisher>
      <UniqueName>FDR</UniqueName>
      <LocalizedNames>
        <LocalizedName description="Facility and Design Registration" languagecode="1033" />
      </LocalizedNames>
      <Descriptions>
        <Description description="TDG Core Facility and Design Registration" languagecode="1033" />
      </Descriptions>
      <EMailAddress xsi:nil="true"></EMailAddress>
      <SupportingWebsiteUrl xsi:nil="true"></SupportingWebsiteUrl>
      <CustomizationPrefix>fdr</CustomizationPrefix>
      <CustomizationOptionValuePrefix>79460</CustomizationOptionValuePrefix>
      <Addresses>
        <Address>
          <AddressNumber>1</AddressNumber>
          <AddressTypeCode>1</AddressTypeCode>
          <City xsi:nil="true"></City>
          <County xsi:nil="true"></County>
          <Country xsi:nil="true"></Country>
          <Fax xsi:nil="true"></Fax>
          <FreightTermsCode xsi:nil="true"></FreightTermsCode>
          <ImportSequenceNumber xsi:nil="true"></ImportSequenceNumber>
          <Latitude xsi:nil="true"></Latitude>
          <Line1 xsi:nil="true"></Line1>
          <Line2 xsi:nil="true"></Line2>
          <Line3 xsi:nil="true"></Line3>
          <Longitude xsi:nil="true"></Longitude>
          <Name xsi:nil="true"></Name>
          <PostalCode xsi:nil="true"></PostalCode>
          <PostOfficeBox xsi:nil="true"></PostOfficeBox>
          <PrimaryContactName xsi:nil="true"></PrimaryContactName>
          <ShippingMethodCode>1</ShippingMethodCode>
          <StateOrProvince xsi:nil="true"></StateOrProvince>
          <Telephone1 xsi:nil="true"></Telephone1>
          <Telephone2 xsi:nil="true"></Telephone2>
          <Telephone3 xsi:nil="true"></Telephone3>
          <TimeZoneRuleVersionNumber xsi:nil="true"></TimeZoneRuleVersionNumber>
          <UPSZone xsi:nil="true"></UPSZone>
          <UTCOffset xsi:nil="true"></UTCOffset>
          <UTCConversionTimeZoneCode xsi:nil="true"></UTCConversionTimeZoneCode>
        </Address>
        <Address>
          <AddressNumber>2</AddressNumber>
          <AddressTypeCode>1</AddressTypeCode>
          <City xsi:nil="true"></City>
          <County xsi:nil="true"></County>
          <Country xsi:nil="true"></Country>
          <Fax xsi:nil="true"></Fax>
          <FreightTermsCode xsi:nil="true"></FreightTermsCode>
          <ImportSequenceNumber xsi:nil="true"></ImportSequenceNumber>
          <Latitude xsi:nil="true"></Latitude>
          <Line1 xsi:nil="true"></Line1>
          <Line2 xsi:nil="true"></Line2>
          <Line3 xsi:nil="true"></Line3>
          <Longitude xsi:nil="true"></Longitude>
          <Name xsi:nil="true"></Name>
          <PostalCode xsi:nil="true"></PostalCode>
          <PostOfficeBox xsi:nil="true"></PostOfficeBox>
          <PrimaryContactName xsi:nil="true"></PrimaryContactName>
          <ShippingMethodCode>1</ShippingMethodCode>
          <StateOrProvince xsi:nil="true"></StateOrProvince>
          <Telephone1 xsi:nil="true"></Telephone1>
          <Telephone2 xsi:nil="true"></Telephone2>
          <Telephone3 xsi:nil="true"></Telephone3>
          <TimeZoneRuleVersionNumber xsi:nil="true"></TimeZoneRuleVersionNumber>
          <UPSZone xsi:nil="true"></UPSZone>
          <UTCOffset xsi:nil="true"></UTCOffset>
          <UTCConversionTimeZoneCode xsi:nil="true"></UTCConversionTimeZoneCode>
        </Address>
      </Addresses>
    </Publisher>
    <RootComponents>
      <RootComponent type="29" id="{64725ff4-d0ec-ec11-bb3c-000d3a8483f6}" behavior="0" />
      <RootComponent type="29" id="{a339b9ba-5ce7-ec11-bb3c-000d3a848130}" behavior="0" />
    </RootComponents>
    <MissingDependencies>
      <MissingDependency>
        <Required type="1" schemaName="fdr_servicerequest" displayName="Service Request" solution="Active" />
        <Dependent type="29" displayName="FDR Time Management - Request Updated" id="{64725ff4-d0ec-ec11-bb3c-000d3a8483f6}" />
      </MissingDependency>
      <MissingDependency>
        <Required type="1" schemaName="fdr_servicerequest" displayName="Service Request" solution="Active" />
        <Dependent type="29" displayName="FDR Time Management - Request Created" id="{a339b9ba-5ce7-ec11-bb3c-000d3a848130}" />
      </MissingDependency>
      <MissingDependency>
        <Required type="2" schemaName="statuscode" displayName="Status Reason" parentSchemaName="fdr_servicerequest" parentDisplayName="Service Request" solution="Active" />
        <Dependent type="29" displayName="FDR Time Management - Request Updated" id="{64725ff4-d0ec-ec11-bb3c-000d3a8483f6}" />
      </MissingDependency>
      <MissingDependency>
        <Required type="372" schemaName="fdr_mytc-20ext" displayName="MYTC Ext" solution="Active" id="{49f541dd-1bfa-43ed-badb-3cb84acd0d0d}" />
        <Dependent type="29" displayName="FDR Time Management - Request Updated" id="{64725ff4-d0ec-ec11-bb3c-000d3a8483f6}" />
      </MissingDependency>
      <MissingDependency>
        <Required type="372" schemaName="fdr_mytc-20ext" displayName="MYTC Ext" solution="Active" id="{49f541dd-1bfa-43ed-badb-3cb84acd0d0d}" />
        <Dependent type="29" displayName="FDR Time Management - Request Created" id="{a339b9ba-5ce7-ec11-bb3c-000d3a848130}" />
      </MissingDependency>
      <MissingDependency>
        <Required type="connectionreference" displayName="fdr_sharedmytc20ext5f699e017eef0aedad5f67a955a02db86277_e92a5" solution="Active" id.connectionreferencelogicalname="fdr_sharedmytc20ext5f699e017eef0aedad5f67a955a02db86277_e92a5" />
        <Dependent type="29" displayName="FDR Time Management - Request Updated" id="{64725ff4-d0ec-ec11-bb3c-000d3a8483f6}" />
      </MissingDependency>
      <MissingDependency>
        <Required type="connectionreference" displayName="fdr_sharedmytc20ext5f699e017eef0aedad5f67a955a02db86277_e92a5" solution="Active" id.connectionreferencelogicalname="fdr_sharedmytc20ext5f699e017eef0aedad5f67a955a02db86277_e92a5" />
        <Dependent type="29" displayName="FDR Time Management - Request Created" id="{a339b9ba-5ce7-ec11-bb3c-000d3a848130}" />
      </MissingDependency>
      <MissingDependency>
        <Required type="connectionreference" displayName="tdg_ConnectionReferenceDataverseServicePrinciple" solution="Active" id.connectionreferencelogicalname="tdg_ConnectionReferenceDataverseServicePrinciple" />
        <Dependent type="29" displayName="FDR Time Management - Request Updated" id="{64725ff4-d0ec-ec11-bb3c-000d3a8483f6}" />
      </MissingDependency>
      <MissingDependency>
        <Required type="connectionreference" displayName="tdg_ConnectionReferenceDataverseServicePrinciple" solution="Active" id.connectionreferencelogicalname="tdg_ConnectionReferenceDataverseServicePrinciple" />
        <Dependent type="29" displayName="FDR Time Management - Request Created" id="{a339b9ba-5ce7-ec11-bb3c-000d3a848130}" />
      </MissingDependency>
      <MissingDependency>
        <Required type="EnvironmentVariableDefinition" displayName="fdr_FDR_MTOA_JWT" solution="Active" id.schemaname="fdr_FDR_MTOA_JWT" />
        <Dependent type="29" displayName="FDR Time Management - Request Updated" id="{64725ff4-d0ec-ec11-bb3c-000d3a8483f6}" />
      </MissingDependency>
      <MissingDependency>
        <Required type="EnvironmentVariableDefinition" displayName="fdr_FDR_MTOA_JWT" solution="Active" id.schemaname="fdr_FDR_MTOA_JWT" />
        <Dependent type="29" displayName="FDR Time Management - Request Created" id="{a339b9ba-5ce7-ec11-bb3c-000d3a848130}" />
      </MissingDependency>
    </MissingDependencies>
  </SolutionManifest>
</ImportExportXml>