<ImportExportXml version="9.2.22093.184" SolutionPackageVersion="9.2" languagecode="1033" generatedBy="CrmLive" xmlns:xsi="http://www.w3.org/2001/XMLSchema-instance">
  <SolutionManifest>
    <UniqueName>FDR_Flows</UniqueName>
    <LocalizedNames>
      <LocalizedName description="FDR.Flows" languagecode="1033" />
    </LocalizedNames>
    <Descriptions />
    <Version>1.0.0.34</Version>
    <Managed>1</Managed>
    <Publisher>
      <UniqueName>FDR</UniqueName>
      <LocalizedNames>
        <LocalizedName description="Facility and Design Registration" languagecode="1033" />
      </LocalizedNames>
      <Descriptions>
        <Description description="TDG Core Facility and Design Registration" languagecode="1033" />
      </Descriptions>
      <EMailAddress xsi:nil="true"></EMailAddress>
      <SupportingWebsiteUrl xsi:nil="true"></SupportingWebsiteUrl>
      <CustomizationPrefix>fdr</CustomizationPrefix>
      <CustomizationOptionValuePrefix>79460</CustomizationOptionValuePrefix>
      <Addresses>
        <Address>
          <AddressNumber>1</AddressNumber>
          <AddressTypeCode>1</AddressTypeCode>
          <City xsi:nil="true"></City>
          <County xsi:nil="true"></County>
          <Country xsi:nil="true"></Country>
          <Fax xsi:nil="true"></Fax>
          <FreightTermsCode xsi:nil="true"></FreightTermsCode>
          <ImportSequenceNumber xsi:nil="true"></ImportSequenceNumber>
          <Latitude xsi:nil="true"></Latitude>
          <Line1 xsi:nil="true"></Line1>
          <Line2 xsi:nil="true"></Line2>
          <Line3 xsi:nil="true"></Line3>
          <Longitude xsi:nil="true"></Longitude>
          <Name xsi:nil="true"></Name>
          <PostalCode xsi:nil="true"></PostalCode>
          <PostOfficeBox xsi:nil="true"></PostOfficeBox>
          <PrimaryContactName xsi:nil="true"></PrimaryContactName>
          <ShippingMethodCode>1</ShippingMethodCode>
          <StateOrProvince xsi:nil="true"></StateOrProvince>
          <Telephone1 xsi:nil="true"></Telephone1>
          <Telephone2 xsi:nil="true"></Telephone2>
          <Telephone3 xsi:nil="true"></Telephone3>
          <TimeZoneRuleVersionNumber xsi:nil="true"></TimeZoneRuleVersionNumber>
          <UPSZone xsi:nil="true"></UPSZone>
          <UTCOffset xsi:nil="true"></UTCOffset>
          <UTCConversionTimeZoneCode xsi:nil="true"></UTCConversionTimeZoneCode>
        </Address>
        <Address>
          <AddressNumber>2</AddressNumber>
          <AddressTypeCode>1</AddressTypeCode>
          <City xsi:nil="true"></City>
          <County xsi:nil="true"></County>
          <Country xsi:nil="true"></Country>
          <Fax xsi:nil="true"></Fax>
          <FreightTermsCode xsi:nil="true"></FreightTermsCode>
          <ImportSequenceNumber xsi:nil="true"></ImportSequenceNumber>
          <Latitude xsi:nil="true"></Latitude>
          <Line1 xsi:nil="true"></Line1>
          <Line2 xsi:nil="true"></Line2>
          <Line3 xsi:nil="true"></Line3>
          <Longitude xsi:nil="true"></Longitude>
          <Name xsi:nil="true"></Name>
          <PostalCode xsi:nil="true"></PostalCode>
          <PostOfficeBox xsi:nil="true"></PostOfficeBox>
          <PrimaryContactName xsi:nil="true"></PrimaryContactName>
          <ShippingMethodCode>1</ShippingMethodCode>
          <StateOrProvince xsi:nil="true"></StateOrProvince>
          <Telephone1 xsi:nil="true"></Telephone1>
          <Telephone2 xsi:nil="true"></Telephone2>
          <Telephone3 xsi:nil="true"></Telephone3>
          <TimeZoneRuleVersionNumber xsi:nil="true"></TimeZoneRuleVersionNumber>
          <UPSZone xsi:nil="true"></UPSZone>
          <UTCOffset xsi:nil="true"></UTCOffset>
          <UTCConversionTimeZoneCode xsi:nil="true"></UTCConversionTimeZoneCode>
        </Address>
      </Addresses>
    </Publisher>
    <RootComponents>
      <RootComponent type="29" id="{1851a964-1339-ed11-9db0-0022483d0343}" behavior="0" />
      <RootComponent type="29" id="{1ff9b03d-6030-ed11-9db0-0022483d0343}" behavior="0" />
      <RootComponent type="29" id="{296853d2-1739-ed11-9db0-0022483d0343}" behavior="0" />
      <RootComponent type="29" id="{4ca37306-f90c-ed11-b83d-000d3a0c8551}" behavior="0" />
      <RootComponent type="29" id="{64725ff4-d0ec-ec11-bb3c-000d3a8483f6}" behavior="0" />
      <RootComponent type="29" id="{66525c08-300c-ed11-b83d-000d3a84cfdd}" behavior="0" />
      <RootComponent type="29" id="{6df26ce3-a20d-ed11-b83d-000d3a0c8551}" behavior="0" />
      <RootComponent type="29" id="{8adf7666-2039-ed11-9db0-0022483cb62f}" behavior="0" />
      <RootComponent type="29" id="{a339b9ba-5ce7-ec11-bb3c-000d3a848130}" behavior="0" />
      <RootComponent type="29" id="{b04a37e4-8d33-ed11-9db1-0022483d0343}" behavior="0" />
      <RootComponent type="29" id="{c885a127-990f-ed11-b83d-000d3a0c8551}" behavior="0" />
      <RootComponent type="29" id="{d3e1f0e7-960f-ed11-b83d-000d3a0c8551}" behavior="0" />
    </RootComponents>
    <MissingDependencies>
      <MissingDependency>
        <Required type="1" schemaName="fdr_costrecoveryattribute" displayName="Cost Recovery Attribute" solution="Active" />
        <Dependent type="29" displayName="FDR - MTAPI Integration - Service Request Created" id="{a339b9ba-5ce7-ec11-bb3c-000d3a848130}" />
      </MissingDependency>
      <MissingDependency>
        <Required type="1" schemaName="fdr_servicerequest" displayName="Service Request" solution="Active" />
        <Dependent type="29" displayName="FDR - SPAPI Integration - Update Adjustment" id="{1851a964-1339-ed11-9db0-0022483d0343}" />
      </MissingDependency>
      <MissingDependency>
        <Required type="1" schemaName="fdr_servicerequest" displayName="Service Request" solution="Active" />
        <Dependent type="29" displayName="FDR - SPAPI Integration - Approve Adjustment" id="{296853d2-1739-ed11-9db0-0022483d0343}" />
      </MissingDependency>
      <MissingDependency>
        <Required type="1" schemaName="fdr_servicerequest" displayName="Service Request" solution="Active" />
        <Dependent type="29" displayName="FDR - TMAPI Integration - Time Updated" id="{4ca37306-f90c-ed11-b83d-000d3a0c8551}" />
      </MissingDependency>
      <MissingDependency>
        <Required type="1" schemaName="fdr_servicerequest" displayName="Service Request" solution="Active" />
        <Dependent type="29" displayName="FDR - MTAPI Integration - Service Request Updated" id="{64725ff4-d0ec-ec11-bb3c-000d3a8483f6}" />
      </MissingDependency>
      <MissingDependency>
        <Required type="1" schemaName="fdr_servicerequest" displayName="Service Request" solution="Active" />
        <Dependent type="29" displayName="FDR - TMAPI Integration - Time Created" id="{66525c08-300c-ed11-b83d-000d3a84cfdd}" />
      </MissingDependency>
      <MissingDependency>
        <Required type="1" schemaName="fdr_servicerequest" displayName="Service Request" solution="Active" />
        <Dependent type="29" displayName="FDR - SPAPI - Daily Update Service Standard" id="{8adf7666-2039-ed11-9db0-0022483cb62f}" />
      </MissingDependency>
      <MissingDependency>
        <Required type="1" schemaName="fdr_servicerequest" displayName="Service Request" solution="Active" />
        <Dependent type="29" displayName="FDR - MTAPI Integration - Service Request Created" id="{a339b9ba-5ce7-ec11-bb3c-000d3a848130}" />
      </MissingDependency>
      <MissingDependency>
        <Required type="1" schemaName="fdr_servicerequest" displayName="Service Request" solution="Active" />
        <Dependent type="29" displayName="FDR - Send Notification When Time Is Rejected" id="{b04a37e4-8d33-ed11-9db1-0022483d0343}" />
      </MissingDependency>
      <MissingDependency>
        <Required type="1" schemaName="fdr_servicerequestperformance" displayName="Service Request Performance" solution="Active" />
        <Dependent type="29" displayName="FDR - SPAPI Integration - Update Adjustment" id="{1851a964-1339-ed11-9db0-0022483d0343}" />
      </MissingDependency>
      <MissingDependency>
        <Required type="1" schemaName="fdr_servicerequestperformance" displayName="Service Request Performance" solution="Active" />
        <Dependent type="29" displayName="FDR - SPAPI Integration - Approve Adjustment" id="{296853d2-1739-ed11-9db0-0022483d0343}" />
      </MissingDependency>
      <MissingDependency>
        <Required type="1" schemaName="fdr_servicerequestperformance" displayName="Service Request Performance" solution="Active" />
        <Dependent type="29" displayName="FDR - MTAPI Integration - Service Request Updated" id="{64725ff4-d0ec-ec11-bb3c-000d3a8483f6}" />
      </MissingDependency>
      <MissingDependency>
        <Required type="1" schemaName="fdr_servicerequestservicetask" displayName="Service Request Service Task" solution="Active" />
        <Dependent type="29" displayName="FDR - TMAPI Integration - Time Updated" id="{4ca37306-f90c-ed11-b83d-000d3a0c8551}" />
      </MissingDependency>
      <MissingDependency>
        <Required type="1" schemaName="fdr_servicerequestservicetask" displayName="Service Request Service Task" solution="Active" />
        <Dependent type="29" displayName="FDR - TMAPI Integration - Time Created" id="{66525c08-300c-ed11-b83d-000d3a84cfdd}" />
      </MissingDependency>
      <MissingDependency>
        <Required type="1" schemaName="fdr_servicerequestservicetask" displayName="Service Request Service Task" solution="Active" />
        <Dependent type="29" displayName="FDR - TMAPI Integration - Time Approved Or Rejected" id="{6df26ce3-a20d-ed11-b83d-000d3a0c8551}" />
      </MissingDependency>
      <MissingDependency>
        <Required type="1" schemaName="fdr_servicerequestservicetask" displayName="Service Request Service Task" solution="Active" />
        <Dependent type="29" displayName="FDR - Send Notification When Time Is Rejected" id="{b04a37e4-8d33-ed11-9db1-0022483d0343}" />
      </MissingDependency>
      <MissingDependency>
        <Required type="1" schemaName="msdyn_servicetasktype" displayName="Service Task Type" solution="FieldService (8.8.0.88)">
          <package>FieldService_Anchor (8.8.74.34)</package>
        </Required>
        <Dependent type="29" displayName="FDR - TMAPI Integration - Time Created" id="{66525c08-300c-ed11-b83d-000d3a84cfdd}" />
      </MissingDependency>
      <MissingDependency>
        <Required type="1" schemaName="msdyn_servicetasktype" displayName="Service Task Type" solution="FieldService (8.8.0.88)">
          <package>FieldService_Anchor (8.8.74.34)</package>
        </Required>
        <Dependent type="29" displayName="FDR - Send Notification When Time Is Rejected" id="{b04a37e4-8d33-ed11-9db1-0022483d0343}" />
      </MissingDependency>
      <MissingDependency>
        <Required type="1" schemaName="ovs_mocregistration" displayName="Operation" solution="Active" />
        <Dependent type="29" displayName="FDR - Operation Expiration Notification" id="{1ff9b03d-6030-ed11-9db0-0022483d0343}" />
      </MissingDependency>
      <MissingDependency>
        <Required type="2" schemaName="statuscode" displayName="Status Reason" parentSchemaName="fdr_servicerequest" parentDisplayName="Service Request" solution="Active" />
        <Dependent type="29" displayName="FDR - MTAPI Integration - Service Request Updated" id="{64725ff4-d0ec-ec11-bb3c-000d3a8483f6}" />
      </MissingDependency>
      <MissingDependency>
        <Required type="2" schemaName="fdr_adjustmentjustificationtxt" displayName="Adjustment Justification Txt" parentSchemaName="fdr_servicerequestperformance" parentDisplayName="Service Request Performance" solution="Active" />
        <Dependent type="29" displayName="FDR - SPAPI Integration - Update Adjustment" id="{1851a964-1339-ed11-9db0-0022483d0343}" />
      </MissingDependency>
      <MissingDependency>
        <Required type="2" schemaName="fdr_adjustmentnbr" displayName="Adjustment Nbr" parentSchemaName="fdr_servicerequestperformance" parentDisplayName="Service Request Performance" solution="Active" />
        <Dependent type="29" displayName="FDR - SPAPI Integration - Update Adjustment" id="{1851a964-1339-ed11-9db0-0022483d0343}" />
      </MissingDependency>
      <MissingDependency>
        <Required type="2" schemaName="fdr_servicerequestperformanceid" displayName="Service Request Performance" parentSchemaName="fdr_servicerequestperformance" parentDisplayName="Service Request Performance" solution="Active" />
        <Dependent type="29" displayName="FDR - SPAPI Integration - Update Adjustment" id="{1851a964-1339-ed11-9db0-0022483d0343}" />
      </MissingDependency>
      <MissingDependency>
        <Required type="2" schemaName="statuscode" displayName="Status Reason" parentSchemaName="fdr_servicerequestperformance" parentDisplayName="Service Request Performance" solution="Active" />
        <Dependent type="29" displayName="FDR - SPAPI Integration - Approve Adjustment" id="{296853d2-1739-ed11-9db0-0022483d0343}" />
      </MissingDependency>
      <MissingDependency>
        <Required type="2" schemaName="fdr_approvetime" displayName="Is Time Approved" parentSchemaName="fdr_servicerequestservicetask" parentDisplayName="Service Request Service Task" solution="Active" />
        <Dependent type="29" displayName="FDR - TMAPI Integration - Time Approved Or Rejected" id="{6df26ce3-a20d-ed11-b83d-000d3a0c8551}" />
      </MissingDependency>
      <MissingDependency>
        <Required type="2" schemaName="fdr_approvetime" displayName="Is Time Approved" parentSchemaName="fdr_servicerequestservicetask" parentDisplayName="Service Request Service Task" solution="Active" />
        <Dependent type="29" displayName="FDR - Send Notification When Time Is Rejected" id="{b04a37e4-8d33-ed11-9db1-0022483d0343}" />
      </MissingDependency>
      <MissingDependency>
        <Required type="2" schemaName="fdr_hour" displayName="Hour" parentSchemaName="fdr_servicerequestservicetask" parentDisplayName="Service Request Service Task" solution="Active" />
        <Dependent type="29" displayName="FDR - TMAPI Integration - Time Updated" id="{4ca37306-f90c-ed11-b83d-000d3a0c8551}" />
      </MissingDependency>
      <MissingDependency>
        <Required type="2" schemaName="fdr_minute" displayName="Minute" parentSchemaName="fdr_servicerequestservicetask" parentDisplayName="Service Request Service Task" solution="Active" />
        <Dependent type="29" displayName="FDR - TMAPI Integration - Time Updated" id="{4ca37306-f90c-ed11-b83d-000d3a0c8551}" />
      </MissingDependency>
      <MissingDependency>
        <Required type="372" schemaName="fdr_5Fspapi-20v2-20connector" displayName="SPAPI V2 Connector" solution="Active" id="{09878dd4-9808-4008-ba76-fd064f10bee0}" />
        <Dependent type="29" displayName="FDR - SPAPI Integration - Update Adjustment" id="{1851a964-1339-ed11-9db0-0022483d0343}" />
      </MissingDependency>
      <MissingDependency>
        <Required type="372" schemaName="fdr_5Fspapi-20v2-20connector" displayName="SPAPI V2 Connector" solution="Active" id="{09878dd4-9808-4008-ba76-fd064f10bee0}" />
        <Dependent type="29" displayName="FDR - SPAPI Integration - Approve Adjustment" id="{296853d2-1739-ed11-9db0-0022483d0343}" />
      </MissingDependency>
      <MissingDependency>
        <Required type="372" schemaName="fdr_5Fspapi-20v2-20connector" displayName="SPAPI V2 Connector" solution="Active" id="{09878dd4-9808-4008-ba76-fd064f10bee0}" />
        <Dependent type="29" displayName="FDR - MTAPI Integration - Service Request Updated" id="{64725ff4-d0ec-ec11-bb3c-000d3a8483f6}" />
      </MissingDependency>
      <MissingDependency>
        <Required type="372" schemaName="fdr_5Fspapi-20v2-20connector" displayName="SPAPI V2 Connector" solution="Active" id="{09878dd4-9808-4008-ba76-fd064f10bee0}" />
        <Dependent type="29" displayName="FDR - SPAPI - Daily Update Service Standard" id="{8adf7666-2039-ed11-9db0-0022483cb62f}" />
      </MissingDependency>
      <MissingDependency>
        <Required type="372" schemaName="fdr_5Fspapi-20v2-20connector" displayName="SPAPI V2 Connector" solution="Active" id="{09878dd4-9808-4008-ba76-fd064f10bee0}" />
        <Dependent type="connectionreference" displayName="fdr_conref_spapi_v2" id.connectionreferencelogicalname="fdr_conref_spapi_v2" />
      </MissingDependency>
      <MissingDependency>
        <Required type="372" schemaName="fdr_mtapi-20connector" displayName="MTAPI Connector" solution="Active" id="{cf7b8df5-0ae7-4a70-bfe4-0600328d8cff}" />
        <Dependent type="29" displayName="FDR - MTAPI Integration - Service Request Updated" id="{64725ff4-d0ec-ec11-bb3c-000d3a8483f6}" />
      </MissingDependency>
      <MissingDependency>
        <Required type="372" schemaName="fdr_mtapi-20connector" displayName="MTAPI Connector" solution="Active" id="{cf7b8df5-0ae7-4a70-bfe4-0600328d8cff}" />
        <Dependent type="29" displayName="FDR - MTAPI Integration - Service Request Created" id="{a339b9ba-5ce7-ec11-bb3c-000d3a848130}" />
      </MissingDependency>
      <MissingDependency>
        <Required type="372" schemaName="fdr_mtapi-20connector" displayName="MTAPI Connector" solution="Active" id="{cf7b8df5-0ae7-4a70-bfe4-0600328d8cff}" />
        <Dependent type="29" displayName="FDR - MTAPI Integration - Set Contact MTOA ID - Instant Flow" id="{c885a127-990f-ed11-b83d-000d3a0c8551}" />
      </MissingDependency>
      <MissingDependency>
        <Required type="372" schemaName="fdr_mtapi-20connector" displayName="MTAPI Connector" solution="Active" id="{cf7b8df5-0ae7-4a70-bfe4-0600328d8cff}" />
        <Dependent type="29" displayName="FDR - MTAPI Integration - Contact Created" id="{d3e1f0e7-960f-ed11-b83d-000d3a0c8551}" />
      </MissingDependency>
      <MissingDependency>
        <Required type="372" schemaName="fdr_mtapi-20connector" displayName="MTAPI Connector" solution="Active" id="{cf7b8df5-0ae7-4a70-bfe4-0600328d8cff}" />
        <Dependent type="connectionreference" displayName="fdr_conref_mtapi" id.connectionreferencelogicalname="fdr_conref_mtapi" />
      </MissingDependency>
      <MissingDependency>
        <Required type="372" schemaName="fdr_tmapi-20v1-20connector" displayName="TMAPI V1 Connector" solution="Active" id="{f38c6fb3-6bc8-4f5a-80e3-3d2edc6c2c60}" />
        <Dependent type="connectionreference" displayName="fdr_conref_tmapi_v1" id.connectionreferencelogicalname="fdr_conref_tmapi_v1" />
      </MissingDependency>
      <MissingDependency>
        <Required type="EnvironmentVariableDefinition" displayName="fdr_alllRegionsOperationsExpiry" solution="Active" id.schemaname="fdr_alllRegionsOperationsExpiry" />
        <Dependent type="29" displayName="FDR - Operation Expiration Notification" id="{1ff9b03d-6030-ed11-9db0-0022483d0343}" />
      </MissingDependency>
      <MissingDependency>
        <Required type="EnvironmentVariableDefinition" displayName="fdr_FDR_MTOA_JWT" solution="Active" id.schemaname="fdr_FDR_MTOA_JWT" />
        <Dependent type="29" displayName="FDR - MTAPI Integration - Service Request Updated" id="{64725ff4-d0ec-ec11-bb3c-000d3a8483f6}" />
      </MissingDependency>
      <MissingDependency>
        <Required type="EnvironmentVariableDefinition" displayName="fdr_FDR_MTOA_JWT" solution="Active" id.schemaname="fdr_FDR_MTOA_JWT" />
        <Dependent type="29" displayName="FDR - MTAPI Integration - Service Request Created" id="{a339b9ba-5ce7-ec11-bb3c-000d3a848130}" />
      </MissingDependency>
      <MissingDependency>
        <Required type="EnvironmentVariableDefinition" displayName="fdr_FDR_MTOA_JWT" solution="Active" id.schemaname="fdr_FDR_MTOA_JWT" />
        <Dependent type="29" displayName="FDR - MTAPI Integration - Set Contact MTOA ID - Instant Flow" id="{c885a127-990f-ed11-b83d-000d3a0c8551}" />
      </MissingDependency>
      <MissingDependency>
        <Required type="EnvironmentVariableDefinition" displayName="fdr_FDR_MTOA_JWT" solution="Active" id.schemaname="fdr_FDR_MTOA_JWT" />
        <Dependent type="29" displayName="FDR - MTAPI Integration - Contact Created" id="{d3e1f0e7-960f-ed11-b83d-000d3a0c8551}" />
      </MissingDependency>
    </MissingDependencies>
  </SolutionManifest>
</ImportExportXml>