<ImportExportXml version="9.2.22094.162" SolutionPackageVersion="9.2" languagecode="1033" generatedBy="CrmLive" xmlns:xsi="http://www.w3.org/2001/XMLSchema-instance">
  <SolutionManifest>
    <UniqueName>TDGRDCustomActions</UniqueName>
    <LocalizedNames>
      <LocalizedName description="TDG.RD.CustomActions" languagecode="1033" />
    </LocalizedNames>
    <Descriptions />
    <Version>1.2.0.30</Version>
    <Managed>1</Managed>
    <Publisher>
      <UniqueName>CID_Solution</UniqueName>
      <LocalizedNames>
        <LocalizedName description="CID Solution" languagecode="1033" />
      </LocalizedNames>
      <Descriptions />
      <EMailAddress xsi:nil="true"></EMailAddress>
      <SupportingWebsiteUrl xsi:nil="true"></SupportingWebsiteUrl>
      <CustomizationPrefix>cid</CustomizationPrefix>
      <CustomizationOptionValuePrefix>10000</CustomizationOptionValuePrefix>
      <Addresses>
        <Address>
          <AddressNumber>1</AddressNumber>
          <AddressTypeCode>1</AddressTypeCode>
          <City xsi:nil="true"></City>
          <County xsi:nil="true"></County>
          <Country xsi:nil="true"></Country>
          <Fax xsi:nil="true"></Fax>
          <FreightTermsCode xsi:nil="true"></FreightTermsCode>
          <ImportSequenceNumber xsi:nil="true"></ImportSequenceNumber>
          <Latitude xsi:nil="true"></Latitude>
          <Line1 xsi:nil="true"></Line1>
          <Line2 xsi:nil="true"></Line2>
          <Line3 xsi:nil="true"></Line3>
          <Longitude xsi:nil="true"></Longitude>
          <Name xsi:nil="true"></Name>
          <PostalCode xsi:nil="true"></PostalCode>
          <PostOfficeBox xsi:nil="true"></PostOfficeBox>
          <PrimaryContactName xsi:nil="true"></PrimaryContactName>
          <ShippingMethodCode>1</ShippingMethodCode>
          <StateOrProvince xsi:nil="true"></StateOrProvince>
          <Telephone1 xsi:nil="true"></Telephone1>
          <Telephone2 xsi:nil="true"></Telephone2>
          <Telephone3 xsi:nil="true"></Telephone3>
          <TimeZoneRuleVersionNumber xsi:nil="true"></TimeZoneRuleVersionNumber>
          <UPSZone xsi:nil="true"></UPSZone>
          <UTCOffset xsi:nil="true"></UTCOffset>
          <UTCConversionTimeZoneCode xsi:nil="true"></UTCConversionTimeZoneCode>
        </Address>
        <Address>
          <AddressNumber>2</AddressNumber>
          <AddressTypeCode>1</AddressTypeCode>
          <City xsi:nil="true"></City>
          <County xsi:nil="true"></County>
          <Country xsi:nil="true"></Country>
          <Fax xsi:nil="true"></Fax>
          <FreightTermsCode xsi:nil="true"></FreightTermsCode>
          <ImportSequenceNumber xsi:nil="true"></ImportSequenceNumber>
          <Latitude xsi:nil="true"></Latitude>
          <Line1 xsi:nil="true"></Line1>
          <Line2 xsi:nil="true"></Line2>
          <Line3 xsi:nil="true"></Line3>
          <Longitude xsi:nil="true"></Longitude>
          <Name xsi:nil="true"></Name>
          <PostalCode xsi:nil="true"></PostalCode>
          <PostOfficeBox xsi:nil="true"></PostOfficeBox>
          <PrimaryContactName xsi:nil="true"></PrimaryContactName>
          <ShippingMethodCode>1</ShippingMethodCode>
          <StateOrProvince xsi:nil="true"></StateOrProvince>
          <Telephone1 xsi:nil="true"></Telephone1>
          <Telephone2 xsi:nil="true"></Telephone2>
          <Telephone3 xsi:nil="true"></Telephone3>
          <TimeZoneRuleVersionNumber xsi:nil="true"></TimeZoneRuleVersionNumber>
          <UPSZone xsi:nil="true"></UPSZone>
          <UTCOffset xsi:nil="true"></UTCOffset>
          <UTCConversionTimeZoneCode xsi:nil="true"></UTCConversionTimeZoneCode>
        </Address>
      </Addresses>
    </Publisher>
    <RootComponents>
      <RootComponent type="29" id="{0600bb04-3040-ed11-bba2-0022483cb62f}" behavior="0" />
      <RootComponent type="29" id="{254b52b1-30e7-ec11-bb3c-000d3a8483f6}" behavior="0" />
      <RootComponent type="29" id="{af17fd90-eae1-ec11-bb3d-000d3a8483f6}" behavior="0" />
      <RootComponent type="29" id="{ba4eb716-10f7-ec11-82e5-000d3a8483f6}" behavior="0" />
      <RootComponent type="29" id="{d1230570-8c30-ed11-9db0-0022483d0343}" behavior="0" />
      <RootComponent type="29" id="{d7973b85-08a6-ec11-b3fe-0022483c4a6f}" behavior="0" />
      <RootComponent type="91" id="{9c4db2d7-26a4-4bfa-97bf-43222b476e57}" schemaName="TC.PowerApps.RD.CustomActions, Version=1.0.0.0, Culture=neutral, PublicKeyToken=0ea158eb42cdc913" behavior="0" />
      <RootComponent type="92" id="{2176bc3f-8e30-ed11-9db0-0022483d0343}" behavior="0" />
      <RootComponent type="92" id="{28bba02a-3240-ed11-bba2-0022483d0343}" behavior="0" />
      <RootComponent type="92" id="{2cd6eed9-8d30-ed11-9db0-0022483d0343}" behavior="0" />
      <RootComponent type="92" id="{a09db5c3-8d30-ed11-9db0-0022483d0343}" behavior="0" />
      <RootComponent type="92" id="{f728c047-24fc-ec11-82e6-000d3a848097}" behavior="0" />
    </RootComponents>
    <MissingDependencies />
  </SolutionManifest>
</ImportExportXml>