<ImportExportXml version="9.2.24012.190" SolutionPackageVersion="9.2" languagecode="1033" generatedBy="CrmLive" xmlns:xsi="http://www.w3.org/2001/XMLSchema-instance">
  <SolutionManifest>
    <UniqueName>TC_GlobalCore_Patch_2619c75e</UniqueName>
    <LocalizedNames>
      <LocalizedName description="TDG Core Schema" languagecode="1033" />
    </LocalizedNames>
    <Descriptions>
      <Description description="Patch for TDG Core Schema" languagecode="1033" />
    </Descriptions>
    <ParentUniqueName>TC_GlobalCore</ParentUniqueName>
    <Version>1.159.15.0</Version>
    <Managed>0</Managed>
    <Publisher>
      <UniqueName>oversightpublisher</UniqueName>
      <LocalizedNames>
        <LocalizedName description="Oversight" languagecode="1033" />
      </LocalizedNames>
      <Descriptions>
        <Description description="This is the common solution for AvSec Inspection and TDG Inspection." languagecode="1033" />
      </Descriptions>
      <EMailAddress xsi:nil="true"></EMailAddress>
      <SupportingWebsiteUrl xsi:nil="true"></SupportingWebsiteUrl>
      <CustomizationPrefix>ovs</CustomizationPrefix>
      <CustomizationOptionValuePrefix>91864</CustomizationOptionValuePrefix>
      <Addresses>
        <Address>
          <AddressNumber>1</AddressNumber>
          <AddressTypeCode>1</AddressTypeCode>
          <City xsi:nil="true"></City>
          <County xsi:nil="true"></County>
          <Country xsi:nil="true"></Country>
          <Fax xsi:nil="true"></Fax>
          <FreightTermsCode xsi:nil="true"></FreightTermsCode>
          <ImportSequenceNumber xsi:nil="true"></ImportSequenceNumber>
          <Latitude xsi:nil="true"></Latitude>
          <Line1 xsi:nil="true"></Line1>
          <Line2 xsi:nil="true"></Line2>
          <Line3 xsi:nil="true"></Line3>
          <Longitude xsi:nil="true"></Longitude>
          <Name xsi:nil="true"></Name>
          <PostalCode xsi:nil="true"></PostalCode>
          <PostOfficeBox xsi:nil="true"></PostOfficeBox>
          <PrimaryContactName xsi:nil="true"></PrimaryContactName>
          <ShippingMethodCode>1</ShippingMethodCode>
          <StateOrProvince xsi:nil="true"></StateOrProvince>
          <Telephone1 xsi:nil="true"></Telephone1>
          <Telephone2 xsi:nil="true"></Telephone2>
          <Telephone3 xsi:nil="true"></Telephone3>
          <TimeZoneRuleVersionNumber xsi:nil="true"></TimeZoneRuleVersionNumber>
          <UPSZone xsi:nil="true"></UPSZone>
          <UTCOffset xsi:nil="true"></UTCOffset>
          <UTCConversionTimeZoneCode xsi:nil="true"></UTCConversionTimeZoneCode>
        </Address>
        <Address>
          <AddressNumber>2</AddressNumber>
          <AddressTypeCode>1</AddressTypeCode>
          <City xsi:nil="true"></City>
          <County xsi:nil="true"></County>
          <Country xsi:nil="true"></Country>
          <Fax xsi:nil="true"></Fax>
          <FreightTermsCode xsi:nil="true"></FreightTermsCode>
          <ImportSequenceNumber xsi:nil="true"></ImportSequenceNumber>
          <Latitude xsi:nil="true"></Latitude>
          <Line1 xsi:nil="true"></Line1>
          <Line2 xsi:nil="true"></Line2>
          <Line3 xsi:nil="true"></Line3>
          <Longitude xsi:nil="true"></Longitude>
          <Name xsi:nil="true"></Name>
          <PostalCode xsi:nil="true"></PostalCode>
          <PostOfficeBox xsi:nil="true"></PostOfficeBox>
          <PrimaryContactName xsi:nil="true"></PrimaryContactName>
          <ShippingMethodCode>1</ShippingMethodCode>
          <StateOrProvince xsi:nil="true"></StateOrProvince>
          <Telephone1 xsi:nil="true"></Telephone1>
          <Telephone2 xsi:nil="true"></Telephone2>
          <Telephone3 xsi:nil="true"></Telephone3>
          <TimeZoneRuleVersionNumber xsi:nil="true"></TimeZoneRuleVersionNumber>
          <UPSZone xsi:nil="true"></UPSZone>
          <UTCOffset xsi:nil="true"></UTCOffset>
          <UTCConversionTimeZoneCode xsi:nil="true"></UTCConversionTimeZoneCode>
        </Address>
      </Addresses>
    </Publisher>
    <RootComponents>
      <RootComponent type="1" schemaName="account" behavior="1" />
      <RootComponent type="1" schemaName="contact" behavior="1" />
    </RootComponents>
    <MissingDependencies>
      <MissingDependency>
        <Required type="1" schemaName="cid_activityreviewlog" displayName="Activity Review Log" solution="Active" />
        <Dependent type="60" displayName="CID - Organization" parentDisplayName="Account" id="{7033408f-b604-42b6-baf5-ab99050229fd}" />
      </MissingDependency>
      <MissingDependency>
        <Required type="1" schemaName="cid_activityreviewlog" displayName="Activity Review Log" solution="Active" />
        <Dependent type="60" displayName="CID - Organization New" parentDisplayName="Account" id="{dc9c9098-8400-ee11-8f6d-0022483d0343}" />
      </MissingDependency>
      <MissingDependency>
        <Required type="1" schemaName="cid_audithistorylog" displayName="Audit History Log - OLD" solution="Active" />
        <Dependent type="60" displayName="CID - Organization New" parentDisplayName="Account" id="{dc9c9098-8400-ee11-8f6d-0022483d0343}" />
      </MissingDependency>
      <MissingDependency>
        <Required type="1" schemaName="cid_companyerap" displayName="Company ERAP" solution="Active" />
        <Dependent type="60" displayName="CID - Organization" parentDisplayName="Account" id="{7033408f-b604-42b6-baf5-ab99050229fd}" />
      </MissingDependency>
      <MissingDependency>
        <Required type="1" schemaName="cid_companyerap" displayName="Company ERAP" solution="Active" />
        <Dependent type="60" displayName="CID - Organization New" parentDisplayName="Account" id="{dc9c9098-8400-ee11-8f6d-0022483d0343}" />
      </MissingDependency>
      <MissingDependency>
        <Required type="1" schemaName="cid_companynaicscode" displayName="Organization NAICS Code" solution="Active" />
        <Dependent type="60" displayName="CID - Organization" parentDisplayName="Account" id="{7033408f-b604-42b6-baf5-ab99050229fd}" />
      </MissingDependency>
      <MissingDependency>
        <Required type="1" schemaName="cid_companynaicscode" displayName="Organization NAICS Code" solution="Active" />
        <Dependent type="60" displayName="CID - Organization New" parentDisplayName="Account" id="{dc9c9098-8400-ee11-8f6d-0022483d0343}" />
      </MissingDependency>
      <MissingDependency>
        <Required type="1" schemaName="cid_historylog" displayName="History Log" solution="Active" />
        <Dependent type="60" displayName="CID - Organization" parentDisplayName="Account" id="{7033408f-b604-42b6-baf5-ab99050229fd}" />
      </MissingDependency>
      <MissingDependency>
        <Required type="1" schemaName="ovs_supportrequest" displayName="Support Request" solution="Active" />
        <Dependent type="60" displayName="CID - Organization" parentDisplayName="Account" id="{7033408f-b604-42b6-baf5-ab99050229fd}" />
      </MissingDependency>
      <MissingDependency>
        <Required type="10" schemaName="cid_account_cid_activityreviewlog_Company" displayName="cid_account_cid_activityreviewlog_Company" parentSchemaName="account" parentDisplayName="Account" solution="Active" />
        <Dependent type="60" displayName="CID - Organization" parentDisplayName="Account" id="{7033408f-b604-42b6-baf5-ab99050229fd}" />
      </MissingDependency>
      <MissingDependency>
        <Required type="10" schemaName="cid_account_cid_activityreviewlog_Company" displayName="cid_account_cid_activityreviewlog_Company" parentSchemaName="account" parentDisplayName="Account" solution="Active" />
        <Dependent type="60" displayName="CID - Organization New" parentDisplayName="Account" id="{dc9c9098-8400-ee11-8f6d-0022483d0343}" />
      </MissingDependency>
      <MissingDependency>
        <Required type="10" schemaName="cid_account_cid_audithistorylog_Company" displayName="cid_account_cid_audithistorylog_Company" parentSchemaName="account" parentDisplayName="Account" solution="Active" />
        <Dependent type="60" displayName="CID - Organization New" parentDisplayName="Account" id="{dc9c9098-8400-ee11-8f6d-0022483d0343}" />
      </MissingDependency>
      <MissingDependency>
        <Required type="10" schemaName="cid_account_cid_historylog_Company" displayName="cid_account_cid_historylog_Company" parentSchemaName="account" parentDisplayName="Account" solution="Active" />
        <Dependent type="60" displayName="CID - Organization" parentDisplayName="Account" id="{7033408f-b604-42b6-baf5-ab99050229fd}" />
      </MissingDependency>
      <MissingDependency>
        <Required type="10" schemaName="cid_account_companynaicscode" displayName="cid_account_companynaicscode" parentSchemaName="account" parentDisplayName="Account" solution="Active" />
        <Dependent type="60" displayName="CID - Organization" parentDisplayName="Account" id="{7033408f-b604-42b6-baf5-ab99050229fd}" />
      </MissingDependency>
      <MissingDependency>
        <Required type="10" schemaName="cid_account_companynaicscode" displayName="cid_account_companynaicscode" parentSchemaName="account" parentDisplayName="Account" solution="Active" />
        <Dependent type="60" displayName="CID - Organization New" parentDisplayName="Account" id="{dc9c9098-8400-ee11-8f6d-0022483d0343}" />
      </MissingDependency>
      <MissingDependency>
        <Required type="10" schemaName="cid_CompanyERAP_Company_Account" displayName="cid_CompanyERAP_Company_Account" parentSchemaName="account" parentDisplayName="Account" solution="Active" />
        <Dependent type="60" displayName="CID - Organization" parentDisplayName="Account" id="{7033408f-b604-42b6-baf5-ab99050229fd}" />
      </MissingDependency>
      <MissingDependency>
        <Required type="10" schemaName="cid_CompanyERAP_Company_Account" displayName="cid_CompanyERAP_Company_Account" parentSchemaName="account" parentDisplayName="Account" solution="Active" />
        <Dependent type="60" displayName="CID - Organization New" parentDisplayName="Account" id="{dc9c9098-8400-ee11-8f6d-0022483d0343}" />
      </MissingDependency>
      <MissingDependency>
        <Required type="10" schemaName="msdyn_account_account_BillingAccount" displayName="msdyn_account_account_BillingAccount" parentSchemaName="account" parentDisplayName="Account" solution="FieldServiceCommon (1.0.0.217)">
          <package>FieldService_Anchor (8.8.106.22)</package>
        </Required>
        <Dependent type="60" displayName="CID - Organization" parentDisplayName="Account" id="{7033408f-b604-42b6-baf5-ab99050229fd}" />
      </MissingDependency>
      <MissingDependency>
        <Required type="10" schemaName="msdyn_account_account_BillingAccount" displayName="msdyn_account_account_BillingAccount" parentSchemaName="account" parentDisplayName="Account" solution="FieldServiceCommon (1.0.0.217)">
          <package>FieldService_Anchor (8.8.106.22)</package>
        </Required>
        <Dependent type="60" displayName="CID - Organization New" parentDisplayName="Account" id="{dc9c9098-8400-ee11-8f6d-0022483d0343}" />
      </MissingDependency>
      <MissingDependency>
        <Required type="10" schemaName="msdyn_account_msdyn_agreement_BillingAccount" displayName="msdyn_account_msdyn_agreement_BillingAccount" parentSchemaName="account" parentDisplayName="Account" solution="FieldService (8.8.0.88)">
          <package>FieldService_Anchor (8.8.106.22)</package>
        </Required>
        <Dependent type="60" displayName="CID - Organization" parentDisplayName="Account" id="{7033408f-b604-42b6-baf5-ab99050229fd}" />
      </MissingDependency>
      <MissingDependency>
        <Required type="10" schemaName="msdyn_account_msdyn_agreement_BillingAccount" displayName="msdyn_account_msdyn_agreement_BillingAccount" parentSchemaName="account" parentDisplayName="Account" solution="FieldService (8.8.0.88)">
          <package>FieldService_Anchor (8.8.106.22)</package>
        </Required>
        <Dependent type="60" displayName="CID - Organization New" parentDisplayName="Account" id="{dc9c9098-8400-ee11-8f6d-0022483d0343}" />
      </MissingDependency>
      <MissingDependency>
        <Required type="10" schemaName="msdyn_account_msdyn_agreement_ServiceAccount" displayName="msdyn_account_msdyn_agreement_ServiceAccount" parentSchemaName="account" parentDisplayName="Account" solution="FieldService (8.8.0.88)">
          <package>FieldService_Anchor (8.8.106.22)</package>
        </Required>
        <Dependent type="60" displayName="CID - Organization" parentDisplayName="Account" id="{7033408f-b604-42b6-baf5-ab99050229fd}" />
      </MissingDependency>
      <MissingDependency>
        <Required type="10" schemaName="msdyn_account_msdyn_agreement_ServiceAccount" displayName="msdyn_account_msdyn_agreement_ServiceAccount" parentSchemaName="account" parentDisplayName="Account" solution="FieldService (8.8.0.88)">
          <package>FieldService_Anchor (8.8.106.22)</package>
        </Required>
        <Dependent type="60" displayName="CID - Organization New" parentDisplayName="Account" id="{dc9c9098-8400-ee11-8f6d-0022483d0343}" />
      </MissingDependency>
      <MissingDependency>
        <Required type="10" schemaName="msdyn_account_msdyn_payment_Account" displayName="msdyn_account_msdyn_payment_Account" parentSchemaName="account" parentDisplayName="Account" solution="FieldService (8.8.0.88)">
          <package>FieldService_Anchor (8.8.106.22)</package>
        </Required>
        <Dependent type="60" displayName="CID - Organization" parentDisplayName="Account" id="{7033408f-b604-42b6-baf5-ab99050229fd}" />
      </MissingDependency>
      <MissingDependency>
        <Required type="10" schemaName="msdyn_account_msdyn_payment_Account" displayName="msdyn_account_msdyn_payment_Account" parentSchemaName="account" parentDisplayName="Account" solution="FieldService (8.8.0.88)">
          <package>FieldService_Anchor (8.8.106.22)</package>
        </Required>
        <Dependent type="60" displayName="CID - Organization New" parentDisplayName="Account" id="{dc9c9098-8400-ee11-8f6d-0022483d0343}" />
      </MissingDependency>
      <MissingDependency>
        <Required type="10" schemaName="msdyn_account_msdyn_purchaseorder_Vendor" displayName="msdyn_account_msdyn_purchaseorder_Vendor" parentSchemaName="account" parentDisplayName="Account" solution="FieldServiceCommon (1.0.0.217)">
          <package>FieldService_Anchor (8.8.106.22)</package>
        </Required>
        <Dependent type="60" displayName="CID - Organization" parentDisplayName="Account" id="{7033408f-b604-42b6-baf5-ab99050229fd}" />
      </MissingDependency>
      <MissingDependency>
        <Required type="10" schemaName="msdyn_account_msdyn_purchaseorder_Vendor" displayName="msdyn_account_msdyn_purchaseorder_Vendor" parentSchemaName="account" parentDisplayName="Account" solution="FieldServiceCommon (1.0.0.217)">
          <package>FieldService_Anchor (8.8.106.22)</package>
        </Required>
        <Dependent type="60" displayName="CID - Organization New" parentDisplayName="Account" id="{dc9c9098-8400-ee11-8f6d-0022483d0343}" />
      </MissingDependency>
      <MissingDependency>
        <Required type="10" schemaName="msdyn_account_msdyn_rma_BillingAccount" displayName="msdyn_account_msdyn_rma_BillingAccount" parentSchemaName="account" parentDisplayName="Account" solution="FieldService (8.8.0.88)">
          <package>FieldService_Anchor (8.8.106.22)</package>
        </Required>
        <Dependent type="60" displayName="CID - Organization" parentDisplayName="Account" id="{7033408f-b604-42b6-baf5-ab99050229fd}" />
      </MissingDependency>
      <MissingDependency>
        <Required type="10" schemaName="msdyn_account_msdyn_rma_BillingAccount" displayName="msdyn_account_msdyn_rma_BillingAccount" parentSchemaName="account" parentDisplayName="Account" solution="FieldService (8.8.0.88)">
          <package>FieldService_Anchor (8.8.106.22)</package>
        </Required>
        <Dependent type="60" displayName="CID - Organization New" parentDisplayName="Account" id="{dc9c9098-8400-ee11-8f6d-0022483d0343}" />
      </MissingDependency>
      <MissingDependency>
        <Required type="10" schemaName="msdyn_account_msdyn_rma_ServiceAccount" displayName="msdyn_account_msdyn_rma_ServiceAccount" parentSchemaName="account" parentDisplayName="Account" solution="FieldService (8.8.0.88)">
          <package>FieldService_Anchor (8.8.106.22)</package>
        </Required>
        <Dependent type="60" displayName="CID - Organization" parentDisplayName="Account" id="{7033408f-b604-42b6-baf5-ab99050229fd}" />
      </MissingDependency>
      <MissingDependency>
        <Required type="10" schemaName="msdyn_account_msdyn_rma_ServiceAccount" displayName="msdyn_account_msdyn_rma_ServiceAccount" parentSchemaName="account" parentDisplayName="Account" solution="FieldService (8.8.0.88)">
          <package>FieldService_Anchor (8.8.106.22)</package>
        </Required>
        <Dependent type="60" displayName="CID - Organization New" parentDisplayName="Account" id="{dc9c9098-8400-ee11-8f6d-0022483d0343}" />
      </MissingDependency>
      <MissingDependency>
        <Required type="10" schemaName="msdyn_account_msdyn_rtv_Vendor" displayName="msdyn_account_msdyn_rtv_Vendor" parentSchemaName="account" parentDisplayName="Account" solution="FieldService (8.8.0.88)">
          <package>FieldService_Anchor (8.8.106.22)</package>
        </Required>
        <Dependent type="60" displayName="CID - Organization" parentDisplayName="Account" id="{7033408f-b604-42b6-baf5-ab99050229fd}" />
      </MissingDependency>
      <MissingDependency>
        <Required type="10" schemaName="msdyn_account_msdyn_rtv_Vendor" displayName="msdyn_account_msdyn_rtv_Vendor" parentSchemaName="account" parentDisplayName="Account" solution="FieldService (8.8.0.88)">
          <package>FieldService_Anchor (8.8.106.22)</package>
        </Required>
        <Dependent type="60" displayName="CID - Organization New" parentDisplayName="Account" id="{dc9c9098-8400-ee11-8f6d-0022483d0343}" />
      </MissingDependency>
      <MissingDependency>
        <Required type="10" schemaName="msdyn_account_msdyn_workorder_BillingAccount" displayName="msdyn_account_msdyn_workorder_BillingAccount" parentSchemaName="account" parentDisplayName="Account" solution="FieldService (8.8.0.88)">
          <package>FieldService_Anchor (8.8.106.22)</package>
        </Required>
        <Dependent type="60" displayName="CID - Organization" parentDisplayName="Account" id="{7033408f-b604-42b6-baf5-ab99050229fd}" />
      </MissingDependency>
      <MissingDependency>
        <Required type="10" schemaName="msdyn_account_msdyn_workorder_BillingAccount" displayName="msdyn_account_msdyn_workorder_BillingAccount" parentSchemaName="account" parentDisplayName="Account" solution="FieldService (8.8.0.88)">
          <package>FieldService_Anchor (8.8.106.22)</package>
        </Required>
        <Dependent type="60" displayName="CID - Organization New" parentDisplayName="Account" id="{dc9c9098-8400-ee11-8f6d-0022483d0343}" />
      </MissingDependency>
      <MissingDependency>
        <Required type="10" schemaName="msdyn_account_msdyn_workorder_ServiceAccount" displayName="msdyn_account_msdyn_workorder_ServiceAccount" parentSchemaName="account" parentDisplayName="Account" solution="FieldService (8.8.0.88)">
          <package>FieldService_Anchor (8.8.106.22)</package>
        </Required>
        <Dependent type="60" displayName="CID - Organization" parentDisplayName="Account" id="{7033408f-b604-42b6-baf5-ab99050229fd}" />
      </MissingDependency>
      <MissingDependency>
        <Required type="10" schemaName="msdyn_account_msdyn_workorder_ServiceAccount" displayName="msdyn_account_msdyn_workorder_ServiceAccount" parentSchemaName="account" parentDisplayName="Account" solution="FieldService (8.8.0.88)">
          <package>FieldService_Anchor (8.8.106.22)</package>
        </Required>
        <Dependent type="60" displayName="CID - Organization New" parentDisplayName="Account" id="{dc9c9098-8400-ee11-8f6d-0022483d0343}" />
      </MissingDependency>
      <MissingDependency>
        <Required type="10" schemaName="ovs_account_contact" displayName="ovs_account_contact" parentSchemaName="account" parentDisplayName="Account" solution="Active" />
        <Dependent type="60" displayName="CID - Organization" parentDisplayName="Account" id="{7033408f-b604-42b6-baf5-ab99050229fd}" />
      </MissingDependency>
      <MissingDependency>
        <Required type="10" schemaName="ovs_ovs_supportrequest_Company_account" displayName="ovs_ovs_supportrequest_Company_account" parentSchemaName="account" parentDisplayName="Account" solution="Active" />
        <Dependent type="60" displayName="CID - Organization" parentDisplayName="Account" id="{7033408f-b604-42b6-baf5-ab99050229fd}" />
      </MissingDependency>
      <MissingDependency>
        <Required type="10" schemaName="msdyn_account_msdyn_customerasset_Account" displayName="msdyn_account_msdyn_customerasset_Account" parentSchemaName="msdyn_customerasset" parentDisplayName="Customer Asset" solution="msdyn_AssetCommon (1.0.46.7)">
          <package>FieldService_Anchor (8.8.106.22)</package>
          <package>msdynce_ServiceAnchor (9.0.24012.1003)</package>
        </Required>
        <Dependent type="60" displayName="CID - Organization" parentDisplayName="Account" id="{7033408f-b604-42b6-baf5-ab99050229fd}" />
      </MissingDependency>
      <MissingDependency>
        <Required type="10" schemaName="msdyn_account_msdyn_customerasset_Account" displayName="msdyn_account_msdyn_customerasset_Account" parentSchemaName="msdyn_customerasset" parentDisplayName="Customer Asset" solution="msdyn_AssetCommon (1.0.46.7)">
          <package>FieldService_Anchor (8.8.106.22)</package>
          <package>msdynce_ServiceAnchor (9.0.24012.1003)</package>
        </Required>
        <Dependent type="60" displayName="CID - Organization New" parentDisplayName="Account" id="{dc9c9098-8400-ee11-8f6d-0022483d0343}" />
      </MissingDependency>
      <MissingDependency>
        <Required type="2" schemaName="cid_addressrequired" displayName="Address required?" parentSchemaName="account" parentDisplayName="Account" solution="Active" />
        <Dependent type="60" displayName="CID - Organization" parentDisplayName="Account" id="{7033408f-b604-42b6-baf5-ab99050229fd}" />
      </MissingDependency>
      <MissingDependency>
        <Required type="2" schemaName="cid_annualcompliancecompletiondate" displayName="Completion Date of the Previous Annual Compliance" parentSchemaName="account" parentDisplayName="Account" solution="Active" />
        <Dependent type="60" displayName="CID - Organization" parentDisplayName="Account" id="{7033408f-b604-42b6-baf5-ab99050229fd}" />
      </MissingDependency>
      <MissingDependency>
        <Required type="2" schemaName="cid_annualcompliancecompletiondate" displayName="Completion Date of the Previous Annual Compliance" parentSchemaName="account" parentDisplayName="Account" solution="Active" />
        <Dependent type="60" displayName="CID - Organization New" parentDisplayName="Account" id="{dc9c9098-8400-ee11-8f6d-0022483d0343}" />
      </MissingDependency>
      <MissingDependency>
        <Required type="2" schemaName="cid_cidcompanystatus" displayName="Organization Status" parentSchemaName="account" parentDisplayName="Account" solution="Active" />
        <Dependent type="60" displayName="CID - Organization" parentDisplayName="Account" id="{7033408f-b604-42b6-baf5-ab99050229fd}" />
      </MissingDependency>
      <MissingDependency>
        <Required type="2" schemaName="cid_cidcompanystatus" displayName="Organization Status" parentSchemaName="account" parentDisplayName="Account" solution="Active" />
        <Dependent type="60" displayName="CID - Organization New" parentDisplayName="Account" id="{dc9c9098-8400-ee11-8f6d-0022483d0343}" />
      </MissingDependency>
      <MissingDependency>
        <Required type="2" schemaName="cid_companyanniversarydate" displayName="Anniversary Date" parentSchemaName="account" parentDisplayName="Account" solution="Active" />
        <Dependent type="60" displayName="CID - Organization" parentDisplayName="Account" id="{7033408f-b604-42b6-baf5-ab99050229fd}" />
      </MissingDependency>
      <MissingDependency>
        <Required type="2" schemaName="cid_companyanniversarydate" displayName="Anniversary Date" parentSchemaName="account" parentDisplayName="Account" solution="Active" />
        <Dependent type="60" displayName="CID - Organization New" parentDisplayName="Account" id="{dc9c9098-8400-ee11-8f6d-0022483d0343}" />
      </MissingDependency>
      <MissingDependency>
        <Required type="2" schemaName="cid_companyclaim" displayName="Organization Claim" parentSchemaName="account" parentDisplayName="Account" solution="Active" />
        <Dependent type="60" displayName="CID - Organization" parentDisplayName="Account" id="{7033408f-b604-42b6-baf5-ab99050229fd}" />
      </MissingDependency>
      <MissingDependency>
        <Required type="2" schemaName="cid_companyclaim" displayName="Organization Claim" parentSchemaName="account" parentDisplayName="Account" solution="Active" />
        <Dependent type="60" displayName="CID - Organization New" parentDisplayName="Account" id="{dc9c9098-8400-ee11-8f6d-0022483d0343}" />
      </MissingDependency>
      <MissingDependency>
        <Required type="2" schemaName="cid_companystate" displayName="Organization State" parentSchemaName="account" parentDisplayName="Account" solution="Active" />
        <Dependent type="60" displayName="CID - Organization New" parentDisplayName="Account" id="{dc9c9098-8400-ee11-8f6d-0022483d0343}" />
      </MissingDependency>
      <MissingDependency>
        <Required type="2" schemaName="cid_crabusinessnumber" displayName="CRA Business Number" parentSchemaName="account" parentDisplayName="Account" solution="Active" />
        <Dependent type="60" displayName="CID - Organization" parentDisplayName="Account" id="{7033408f-b604-42b6-baf5-ab99050229fd}" />
      </MissingDependency>
      <MissingDependency>
        <Required type="2" schemaName="cid_crabusinessnumber" displayName="CRA Business Number" parentSchemaName="account" parentDisplayName="Account" solution="Active" />
        <Dependent type="60" displayName="CID - Organization New" parentDisplayName="Account" id="{dc9c9098-8400-ee11-8f6d-0022483d0343}" />
      </MissingDependency>
      <MissingDependency>
        <Required type="2" schemaName="cid_has_cra_bn" displayName="Organization has a Canada Revenue Agency (CRA) Bus" parentSchemaName="account" parentDisplayName="Account" solution="Active" />
        <Dependent type="60" displayName="CID - Organization" parentDisplayName="Account" id="{7033408f-b604-42b6-baf5-ab99050229fd}" />
      </MissingDependency>
      <MissingDependency>
        <Required type="2" schemaName="cid_has_cra_bn" displayName="Organization has a Canada Revenue Agency (CRA) Bus" parentSchemaName="account" parentDisplayName="Account" solution="Active" />
        <Dependent type="60" displayName="CID - Organization New" parentDisplayName="Account" id="{dc9c9098-8400-ee11-8f6d-0022483d0343}" />
      </MissingDependency>
      <MissingDependency>
        <Required type="2" schemaName="cid_iscompanyattested" displayName="Is Organization Attested?" parentSchemaName="account" parentDisplayName="Account" solution="Active" />
        <Dependent type="60" displayName="CID - Organization" parentDisplayName="Account" id="{7033408f-b604-42b6-baf5-ab99050229fd}" />
      </MissingDependency>
      <MissingDependency>
        <Required type="2" schemaName="cid_iscompanyattested" displayName="Is Organization Attested?" parentSchemaName="account" parentDisplayName="Account" solution="Active" />
        <Dependent type="60" displayName="CID - Organization New" parentDisplayName="Account" id="{dc9c9098-8400-ee11-8f6d-0022483d0343}" />
      </MissingDependency>
      <MissingDependency>
        <Required type="2" schemaName="cid_memoforcompanydeactivation" displayName="Memo for Organization deactivation" parentSchemaName="account" parentDisplayName="Account" solution="Active" />
        <Dependent type="60" displayName="CID - Organization" parentDisplayName="Account" id="{7033408f-b604-42b6-baf5-ab99050229fd}" />
      </MissingDependency>
      <MissingDependency>
        <Required type="2" schemaName="cid_memoforcompanydeactivation" displayName="Memo for Organization deactivation" parentSchemaName="account" parentDisplayName="Account" solution="Active" />
        <Dependent type="60" displayName="CID - Organization New" parentDisplayName="Account" id="{dc9c9098-8400-ee11-8f6d-0022483d0343}" />
      </MissingDependency>
      <MissingDependency>
        <Required type="2" schemaName="cid_nextannualcomplianceupdate" displayName="Next Annual Compliance Update Required On" parentSchemaName="account" parentDisplayName="Account" solution="Active" />
        <Dependent type="60" displayName="CID - Organization" parentDisplayName="Account" id="{7033408f-b604-42b6-baf5-ab99050229fd}" />
      </MissingDependency>
      <MissingDependency>
        <Required type="2" schemaName="cid_nextannualcomplianceupdate" displayName="Next Annual Compliance Update Required On" parentSchemaName="account" parentDisplayName="Account" solution="Active" />
        <Dependent type="60" displayName="CID - Organization New" parentDisplayName="Account" id="{dc9c9098-8400-ee11-8f6d-0022483d0343}" />
      </MissingDependency>
      <MissingDependency>
        <Required type="2" schemaName="cid_officiallyregistrationcompletationdate" displayName="Registration Completion Date" parentSchemaName="account" parentDisplayName="Account" solution="Active" />
        <Dependent type="60" displayName="CID - Organization" parentDisplayName="Account" id="{7033408f-b604-42b6-baf5-ab99050229fd}" />
      </MissingDependency>
      <MissingDependency>
        <Required type="2" schemaName="cid_officiallyregistrationcompletationdate" displayName="Registration Completion Date" parentSchemaName="account" parentDisplayName="Account" solution="Active" />
        <Dependent type="60" displayName="CID - Organization New" parentDisplayName="Account" id="{dc9c9098-8400-ee11-8f6d-0022483d0343}" />
      </MissingDependency>
      <MissingDependency>
        <Required type="2" schemaName="cid_operatingname" displayName="cid_operatingname (DO NOT USE)" parentSchemaName="account" parentDisplayName="Account" solution="Active" />
        <Dependent type="60" displayName="CID - Organization New" parentDisplayName="Account" id="{dc9c9098-8400-ee11-8f6d-0022483d0343}" />
      </MissingDependency>
      <MissingDependency>
        <Required type="2" schemaName="cid_reasonforcompanydeactivation" displayName="Reason for Organization deactivation" parentSchemaName="account" parentDisplayName="Account" solution="Active" />
        <Dependent type="60" displayName="CID - Organization" parentDisplayName="Account" id="{7033408f-b604-42b6-baf5-ab99050229fd}" />
      </MissingDependency>
      <MissingDependency>
        <Required type="2" schemaName="cid_reasonforcompanydeactivation" displayName="Reason for Organization deactivation" parentSchemaName="account" parentDisplayName="Account" solution="Active" />
        <Dependent type="60" displayName="CID - Organization New" parentDisplayName="Account" id="{dc9c9098-8400-ee11-8f6d-0022483d0343}" />
      </MissingDependency>
      <MissingDependency>
        <Required type="2" schemaName="cid_reasonfornobnnumber" displayName="Reason for no CRA Business Number" parentSchemaName="account" parentDisplayName="Account" solution="Active" />
        <Dependent type="60" displayName="CID - Organization" parentDisplayName="Account" id="{7033408f-b604-42b6-baf5-ab99050229fd}" />
      </MissingDependency>
      <MissingDependency>
        <Required type="2" schemaName="cid_reasonfornobnnumber" displayName="Reason for no CRA Business Number" parentSchemaName="account" parentDisplayName="Account" solution="Active" />
        <Dependent type="60" displayName="CID - Organization New" parentDisplayName="Account" id="{dc9c9098-8400-ee11-8f6d-0022483d0343}" />
      </MissingDependency>
      <MissingDependency>
        <Required type="2" schemaName="cid_reasonfornobnnumber_other" displayName="Other Reason" parentSchemaName="account" parentDisplayName="Account" solution="Active" />
        <Dependent type="60" displayName="CID - Organization" parentDisplayName="Account" id="{7033408f-b604-42b6-baf5-ab99050229fd}" />
      </MissingDependency>
      <MissingDependency>
        <Required type="2" schemaName="cid_reasonfornobnnumber_other" displayName="Other Reason" parentSchemaName="account" parentDisplayName="Account" solution="Active" />
        <Dependent type="60" displayName="CID - Organization New" parentDisplayName="Account" id="{dc9c9098-8400-ee11-8f6d-0022483d0343}" />
      </MissingDependency>
      <MissingDependency>
        <Required type="2" schemaName="cid_registrationasof" displayName="Registration As Of" parentSchemaName="account" parentDisplayName="Account" solution="Active" />
        <Dependent type="60" displayName="CID - Organization" parentDisplayName="Account" id="{7033408f-b604-42b6-baf5-ab99050229fd}" />
      </MissingDependency>
      <MissingDependency>
        <Required type="2" schemaName="cid_registrationasof" displayName="Registration As Of" parentSchemaName="account" parentDisplayName="Account" solution="Active" />
        <Dependent type="60" displayName="CID - Organization New" parentDisplayName="Account" id="{dc9c9098-8400-ee11-8f6d-0022483d0343}" />
      </MissingDependency>
      <MissingDependency>
        <Required type="2" schemaName="ovs_address1_province" displayName="Province / Territory" parentSchemaName="account" parentDisplayName="Account" solution="Active" />
        <Dependent type="60" displayName="CID - Organization" parentDisplayName="Account" id="{7033408f-b604-42b6-baf5-ab99050229fd}" />
      </MissingDependency>
      <MissingDependency>
        <Required type="2" schemaName="ovs_address1_province" displayName="Province / Territory" parentSchemaName="account" parentDisplayName="Account" solution="Active" />
        <Dependent type="60" displayName="CID - Organization New" parentDisplayName="Account" id="{dc9c9098-8400-ee11-8f6d-0022483d0343}" />
      </MissingDependency>
      <MissingDependency>
        <Required type="2" schemaName="ovs_invitation_only" displayName="Invitation Only" parentSchemaName="account" parentDisplayName="Account" solution="Active" />
        <Dependent type="60" displayName="CID - Organization" parentDisplayName="Account" id="{7033408f-b604-42b6-baf5-ab99050229fd}" />
      </MissingDependency>
      <MissingDependency>
        <Required type="2" schemaName="ovs_invitation_only" displayName="Invitation Only" parentSchemaName="account" parentDisplayName="Account" solution="Active" />
        <Dependent type="60" displayName="CID - Organization New" parentDisplayName="Account" id="{dc9c9098-8400-ee11-8f6d-0022483d0343}" />
      </MissingDependency>
      <MissingDependency>
        <Required type="2" schemaName="ovs_legalname" displayName="Legal Name" parentSchemaName="account" parentDisplayName="Account" solution="Active" />
        <Dependent type="60" displayName="CID - Organization" parentDisplayName="Account" id="{7033408f-b604-42b6-baf5-ab99050229fd}" />
      </MissingDependency>
      <MissingDependency>
        <Required type="2" schemaName="ovs_legalname" displayName="Legal Name" parentSchemaName="account" parentDisplayName="Account" solution="Active" />
        <Dependent type="60" displayName="CID - Organization New" parentDisplayName="Account" id="{dc9c9098-8400-ee11-8f6d-0022483d0343}" />
      </MissingDependency>
      <MissingDependency>
        <Required type="2" schemaName="ovs_legalnamefr" displayName="Legal Name (French)" parentSchemaName="account" parentDisplayName="Account" solution="Active" />
        <Dependent type="60" displayName="CID - Organization" parentDisplayName="Account" id="{7033408f-b604-42b6-baf5-ab99050229fd}" />
      </MissingDependency>
      <MissingDependency>
        <Required type="2" schemaName="ovs_legalnamefr" displayName="Legal Name (French)" parentSchemaName="account" parentDisplayName="Account" solution="Active" />
        <Dependent type="60" displayName="CID - Organization New" parentDisplayName="Account" id="{dc9c9098-8400-ee11-8f6d-0022483d0343}" />
      </MissingDependency>
      <MissingDependency>
        <Required type="2" schemaName="ovs_name_fr" displayName="Do not Use - Operating Name (French)" parentSchemaName="account" parentDisplayName="Account" solution="Active" />
        <Dependent type="60" displayName="CID - Organization New" parentDisplayName="Account" id="{dc9c9098-8400-ee11-8f6d-0022483d0343}" />
      </MissingDependency>
      <MissingDependency>
        <Required type="2" schemaName="ovs_namefr" displayName="Operating Name (French)" parentSchemaName="account" parentDisplayName="Account" solution="Active" />
        <Dependent type="60" displayName="CID - Organization" parentDisplayName="Account" id="{7033408f-b604-42b6-baf5-ab99050229fd}" />
      </MissingDependency>
      <MissingDependency>
        <Required type="2" schemaName="ovs_namefr" displayName="Operating Name (French)" parentSchemaName="account" parentDisplayName="Account" solution="Active" />
        <Dependent type="60" displayName="CID - Organization New" parentDisplayName="Account" id="{dc9c9098-8400-ee11-8f6d-0022483d0343}" />
      </MissingDependency>
      <MissingDependency>
        <Required type="20" displayName="CID Admin" solution="Active" id="{17448407-4847-ee11-be6f-0022483e130e}" />
        <Dependent type="60" displayName="CID - Organization" parentDisplayName="Account" id="{7033408f-b604-42b6-baf5-ab99050229fd}" />
      </MissingDependency>
      <MissingDependency>
        <Required type="20" displayName="CID User" solution="Active" id="{6b799c8f-dd4f-ed11-bba3-0022483d0343}" />
        <Dependent type="60" displayName="CID - Organization" parentDisplayName="Account" id="{7033408f-b604-42b6-baf5-ab99050229fd}" />
      </MissingDependency>
      <MissingDependency>
        <Required type="26" schemaName="Associated Contacts" displayName="Associated Contacts" parentSchemaName="contact" parentDisplayName="Contact" solution="Active" id="{02c72028-341f-ee11-9966-0022483e130e}" />
        <Dependent type="60" displayName="CID - Organization" parentDisplayName="Account" id="{7033408f-b604-42b6-baf5-ab99050229fd}" />
      </MissingDependency>
      <MissingDependency>
        <Required type="26" schemaName="X_CID Portal - Site Annual Compliance Update Item4" displayName="X_CID Portal - Site Annual Compliance Update Item4" parentSchemaName="task" parentDisplayName="Task" solution="Active" id="{0314f5eb-c02e-ed11-9db0-0022483cb62f}" />
        <Dependent type="60" displayName="CID - Organization" parentDisplayName="Account" id="{7033408f-b604-42b6-baf5-ab99050229fd}" />
      </MissingDependency>
      <MissingDependency>
        <Required type="26" schemaName="X_CID Portal - Site Annual Compliance Update Item4" displayName="X_CID Portal - Site Annual Compliance Update Item4" parentSchemaName="task" parentDisplayName="Task" solution="Active" id="{0314f5eb-c02e-ed11-9db0-0022483cb62f}" />
        <Dependent type="60" displayName="CID - Organization New" parentDisplayName="Account" id="{dc9c9098-8400-ee11-8f6d-0022483d0343}" />
      </MissingDependency>
      <MissingDependency>
        <Required type="26" schemaName="Active Support Requests" displayName="Active Support Requests" parentSchemaName="ovs_supportrequest" parentDisplayName="Support Request" solution="Active" id="{035953f1-3ef6-455b-8288-9a62194e215f}" />
        <Dependent type="60" displayName="CID - Organization" parentDisplayName="Account" id="{7033408f-b604-42b6-baf5-ab99050229fd}" />
      </MissingDependency>
      <MissingDependency>
        <Required type="26" schemaName="CID Portal - ERAPs" displayName="CID Portal - ERAPs" parentSchemaName="cid_companyerap" parentDisplayName="Company ERAP" solution="Active" id="{07e9d230-d87b-ec11-8d20-000d3aff1221}" />
        <Dependent type="60" displayName="CID - Organization" parentDisplayName="Account" id="{7033408f-b604-42b6-baf5-ab99050229fd}" />
      </MissingDependency>
      <MissingDependency>
        <Required type="26" schemaName="CID Portal - ERAPs" displayName="CID Portal - ERAPs" parentSchemaName="cid_companyerap" parentDisplayName="Company ERAP" solution="Active" id="{07e9d230-d87b-ec11-8d20-000d3aff1221}" />
        <Dependent type="60" displayName="CID - Organization New" parentDisplayName="Account" id="{dc9c9098-8400-ee11-8f6d-0022483d0343}" />
      </MissingDependency>
      <MissingDependency>
        <Required type="26" schemaName="Active Company ERAPS" displayName="Active Company ERAPS" parentSchemaName="cid_companyerap" parentDisplayName="Company ERAP" solution="Active" id="{0b1fac9a-90c7-4940-a4eb-1adb97736af1}" />
        <Dependent type="60" displayName="CID - Organization" parentDisplayName="Account" id="{7033408f-b604-42b6-baf5-ab99050229fd}" />
      </MissingDependency>
      <MissingDependency>
        <Required type="26" schemaName="Active Company ERAPS" displayName="Active Company ERAPS" parentSchemaName="cid_companyerap" parentDisplayName="Company ERAP" solution="Active" id="{0b1fac9a-90c7-4940-a4eb-1adb97736af1}" />
        <Dependent type="60" displayName="CID - Organization New" parentDisplayName="Account" id="{dc9c9098-8400-ee11-8f6d-0022483d0343}" />
      </MissingDependency>
      <MissingDependency>
        <Required type="26" schemaName="Associated Support Requests (All)" displayName="Associated Support Requests (All)" parentSchemaName="ovs_supportrequest" parentDisplayName="Support Request" solution="Active" id="{0e75188c-371f-ee11-9966-0022483e130e}" />
        <Dependent type="60" displayName="CID - Organization" parentDisplayName="Account" id="{7033408f-b604-42b6-baf5-ab99050229fd}" />
      </MissingDependency>
      <MissingDependency>
        <Required type="26" schemaName="CID Portal - Activity Review Log" displayName="CID Portal - Activity Review Log" parentSchemaName="cid_activityreviewlog" parentDisplayName="Activity Review Log" solution="Active" id="{0efede85-2de1-ec11-bb3d-000d3a8483f6}" />
        <Dependent type="60" displayName="CID - Organization" parentDisplayName="Account" id="{7033408f-b604-42b6-baf5-ab99050229fd}" />
      </MissingDependency>
      <MissingDependency>
        <Required type="26" schemaName="CID Portal - Activity Review Log" displayName="CID Portal - Activity Review Log" parentSchemaName="cid_activityreviewlog" parentDisplayName="Activity Review Log" solution="Active" id="{0efede85-2de1-ec11-bb3d-000d3a8483f6}" />
        <Dependent type="60" displayName="CID - Organization New" parentDisplayName="Account" id="{dc9c9098-8400-ee11-8f6d-0022483d0343}" />
      </MissingDependency>
      <MissingDependency>
        <Required type="26" schemaName="CID Portal - In year Company Sites" displayName="CID Portal - In year Company Sites" parentSchemaName="account" parentDisplayName="Account" solution="Active" id="{153aa606-2043-ed11-bba3-0022483d0343}" />
        <Dependent type="60" displayName="CID - Organization New" parentDisplayName="Account" id="{dc9c9098-8400-ee11-8f6d-0022483d0343}" />
      </MissingDependency>
      <MissingDependency>
        <Required type="26" schemaName="Associated History Logs (All)" displayName="Associated History Logs (All)" parentSchemaName="cid_historylog" parentDisplayName="History Log" solution="Active" id="{1c776009-381f-ee11-9966-0022483d0c87}" />
        <Dependent type="60" displayName="CID - Organization" parentDisplayName="Account" id="{7033408f-b604-42b6-baf5-ab99050229fd}" />
      </MissingDependency>
      <MissingDependency>
        <Required type="26" schemaName="Active Organization NAICS Code - Portal" displayName="Active Organization NAICS Code - Portal" parentSchemaName="cid_companynaicscode" parentDisplayName="Organization NAICS Code" solution="Active" id="{21614059-fb22-ec11-b6e6-0022483cb5c7}" />
        <Dependent type="60" displayName="CID - Organization" parentDisplayName="Account" id="{7033408f-b604-42b6-baf5-ab99050229fd}" />
      </MissingDependency>
      <MissingDependency>
        <Required type="26" schemaName="Active Organization NAICS Code - Portal" displayName="Active Organization NAICS Code - Portal" parentSchemaName="cid_companynaicscode" parentDisplayName="Organization NAICS Code" solution="Active" id="{21614059-fb22-ec11-b6e6-0022483cb5c7}" />
        <Dependent type="60" displayName="CID - Organization New" parentDisplayName="Account" id="{dc9c9098-8400-ee11-8f6d-0022483d0343}" />
      </MissingDependency>
      <MissingDependency>
        <Required type="26" schemaName="All Associated Sites" displayName="All Associated Sites" parentSchemaName="account" parentDisplayName="Account" solution="Active" id="{2225cdfb-321f-ee11-9966-0022483d0343}" />
        <Dependent type="60" displayName="CID - Organization" parentDisplayName="Account" id="{7033408f-b604-42b6-baf5-ab99050229fd}" />
      </MissingDependency>
      <MissingDependency>
        <Required type="26" schemaName="CID Account Associated View" displayName="CID Account Associated View" parentSchemaName="account" parentDisplayName="Account" solution="Active" id="{28d5ab71-642a-ee11-bdf4-0022483d0c87}" />
        <Dependent type="60" displayName="CID - Organization" parentDisplayName="Account" id="{7033408f-b604-42b6-baf5-ab99050229fd}" />
      </MissingDependency>
      <MissingDependency>
        <Required type="26" schemaName="X_CID Portal - Company Annual Compliance Update Item1" displayName="X_CID Portal - Company Annual Compliance Update Item1" parentSchemaName="task" parentDisplayName="Task" solution="Active" id="{3ff635ff-c02e-ed11-9db0-0022483cb62f}" />
        <Dependent type="60" displayName="CID - Organization" parentDisplayName="Account" id="{7033408f-b604-42b6-baf5-ab99050229fd}" />
      </MissingDependency>
      <MissingDependency>
        <Required type="26" schemaName="X_CID Portal - Company Annual Compliance Update Item1" displayName="X_CID Portal - Company Annual Compliance Update Item1" parentSchemaName="task" parentDisplayName="Task" solution="Active" id="{3ff635ff-c02e-ed11-9db0-0022483cb62f}" />
        <Dependent type="60" displayName="CID - Organization New" parentDisplayName="Account" id="{dc9c9098-8400-ee11-8f6d-0022483d0343}" />
      </MissingDependency>
      <MissingDependency>
        <Required type="26" schemaName="CID Portal - NAICS Codes" displayName="CID Portal - NAICS Codes" parentSchemaName="cid_companynaicscode" parentDisplayName="Organization NAICS Code" solution="Active" id="{51a1c9ee-db7b-ec11-8d20-000d3aff1221}" />
        <Dependent type="60" displayName="CID - Organization" parentDisplayName="Account" id="{7033408f-b604-42b6-baf5-ab99050229fd}" />
      </MissingDependency>
      <MissingDependency>
        <Required type="26" schemaName="CID Portal - NAICS Codes" displayName="CID Portal - NAICS Codes" parentSchemaName="cid_companynaicscode" parentDisplayName="Organization NAICS Code" solution="Active" id="{51a1c9ee-db7b-ec11-8d20-000d3aff1221}" />
        <Dependent type="60" displayName="CID - Organization New" parentDisplayName="Account" id="{dc9c9098-8400-ee11-8f6d-0022483d0343}" />
      </MissingDependency>
      <MissingDependency>
        <Required type="26" schemaName="CID Connected contacts" displayName="CID Connected contacts" parentSchemaName="connection" parentDisplayName="Connection" solution="Active" id="{5d96c0c2-29b6-ee11-a568-0022483cceb8}" />
        <Dependent type="60" displayName="CID - Organization" parentDisplayName="Account" id="{7033408f-b604-42b6-baf5-ab99050229fd}" />
      </MissingDependency>
      <MissingDependency>
        <Required type="26" schemaName="All Sites" displayName="All Sites" parentSchemaName="account" parentDisplayName="Account" solution="Active" id="{631f1f30-1bff-ed11-8f6d-0022483d0343}" />
        <Dependent type="60" displayName="CID - Organization" parentDisplayName="Account" id="{7033408f-b604-42b6-baf5-ab99050229fd}" />
      </MissingDependency>
      <MissingDependency>
        <Required type="26" schemaName="CID - History Logs" displayName="CID - History Logs" parentSchemaName="cid_audithistorylog" parentDisplayName="Audit History Log - OLD" solution="Active" id="{701ad00d-7b54-ed11-9561-0022483cb62f}" />
        <Dependent type="60" displayName="CID - Organization New" parentDisplayName="Account" id="{dc9c9098-8400-ee11-8f6d-0022483d0343}" />
      </MissingDependency>
      <MissingDependency>
        <Required type="26" schemaName="CID - Company History Logs" displayName="CID - Company History Logs" parentSchemaName="cid_audithistorylog" parentDisplayName="Audit History Log - OLD" solution="Active" id="{76b5ae84-6ab9-ec11-983f-0022483d68e2}" />
        <Dependent type="60" displayName="CID - Organization New" parentDisplayName="Account" id="{dc9c9098-8400-ee11-8f6d-0022483d0343}" />
      </MissingDependency>
      <MissingDependency>
        <Required type="26" schemaName="X_CID Portal - Site Annual Compliance Update Item2" displayName="X_CID Portal - Site Annual Compliance Update Item2" parentSchemaName="task" parentDisplayName="Task" solution="Active" id="{77bff8dc-c02e-ed11-9db0-0022483cb62f}" />
        <Dependent type="60" displayName="CID - Organization" parentDisplayName="Account" id="{7033408f-b604-42b6-baf5-ab99050229fd}" />
      </MissingDependency>
      <MissingDependency>
        <Required type="26" schemaName="X_CID Portal - Site Annual Compliance Update Item2" displayName="X_CID Portal - Site Annual Compliance Update Item2" parentSchemaName="task" parentDisplayName="Task" solution="Active" id="{77bff8dc-c02e-ed11-9db0-0022483cb62f}" />
        <Dependent type="60" displayName="CID - Organization New" parentDisplayName="Account" id="{dc9c9098-8400-ee11-8f6d-0022483d0343}" />
      </MissingDependency>
      <MissingDependency>
        <Required type="26" schemaName="CID - Activity Review Logs" displayName="CID - Activity Review Logs" parentSchemaName="cid_activityreviewlog" parentDisplayName="Activity Review Log" solution="Active" id="{7af678a7-144b-ed11-bba2-0022483d0343}" />
        <Dependent type="60" displayName="CID - Organization" parentDisplayName="Account" id="{7033408f-b604-42b6-baf5-ab99050229fd}" />
      </MissingDependency>
      <MissingDependency>
        <Required type="26" schemaName="CID - Activity Review Logs" displayName="CID - Activity Review Logs" parentSchemaName="cid_activityreviewlog" parentDisplayName="Activity Review Log" solution="Active" id="{7af678a7-144b-ed11-bba2-0022483d0343}" />
        <Dependent type="60" displayName="CID - Organization New" parentDisplayName="Account" id="{dc9c9098-8400-ee11-8f6d-0022483d0343}" />
      </MissingDependency>
      <MissingDependency>
        <Required type="26" schemaName="Sites" displayName="Sites" parentSchemaName="account" parentDisplayName="Account" solution="Active" id="{7c363e5f-5bd4-eb11-bacc-000d3af3999c}" />
        <Dependent type="60" displayName="CID - Organization" parentDisplayName="Account" id="{7033408f-b604-42b6-baf5-ab99050229fd}" />
      </MissingDependency>
      <MissingDependency>
        <Required type="26" schemaName="X_CID Portal - Site Annual Compliance Update Item1" displayName="X_CID Portal - Site Annual Compliance Update Item1" parentSchemaName="task" parentDisplayName="Task" solution="Active" id="{7c6be9d5-c02e-ed11-9db0-0022483cb62f}" />
        <Dependent type="60" displayName="CID - Organization" parentDisplayName="Account" id="{7033408f-b604-42b6-baf5-ab99050229fd}" />
      </MissingDependency>
      <MissingDependency>
        <Required type="26" schemaName="X_CID Portal - Site Annual Compliance Update Item1" displayName="X_CID Portal - Site Annual Compliance Update Item1" parentSchemaName="task" parentDisplayName="Task" solution="Active" id="{7c6be9d5-c02e-ed11-9db0-0022483cb62f}" />
        <Dependent type="60" displayName="CID - Organization New" parentDisplayName="Account" id="{dc9c9098-8400-ee11-8f6d-0022483d0343}" />
      </MissingDependency>
      <MissingDependency>
        <Required type="26" schemaName="X_CID Portal - Site Annual Compliance Update Item3" displayName="X_CID Portal - Site Annual Compliance Update Item3" parentSchemaName="task" parentDisplayName="Task" solution="Active" id="{7f454ce5-c02e-ed11-9db0-0022483cb62f}" />
        <Dependent type="60" displayName="CID - Organization" parentDisplayName="Account" id="{7033408f-b604-42b6-baf5-ab99050229fd}" />
      </MissingDependency>
      <MissingDependency>
        <Required type="26" schemaName="X_CID Portal - Site Annual Compliance Update Item3" displayName="X_CID Portal - Site Annual Compliance Update Item3" parentSchemaName="task" parentDisplayName="Task" solution="Active" id="{7f454ce5-c02e-ed11-9db0-0022483cb62f}" />
        <Dependent type="60" displayName="CID - Organization New" parentDisplayName="Account" id="{dc9c9098-8400-ee11-8f6d-0022483d0343}" />
      </MissingDependency>
      <MissingDependency>
        <Required type="26" schemaName="CID Portal - Site Annual Compliance Update Items" displayName="CID Portal - Site Annual Compliance Update Items" parentSchemaName="task" parentDisplayName="Task" solution="Active" id="{9d839aac-4a25-ed11-9db2-000d3a844ef3}" />
        <Dependent type="60" displayName="CID - Organization" parentDisplayName="Account" id="{7033408f-b604-42b6-baf5-ab99050229fd}" />
      </MissingDependency>
      <MissingDependency>
        <Required type="26" schemaName="CID Portal - Site Annual Compliance Update Items" displayName="CID Portal - Site Annual Compliance Update Items" parentSchemaName="task" parentDisplayName="Task" solution="Active" id="{9d839aac-4a25-ed11-9db2-000d3a844ef3}" />
        <Dependent type="60" displayName="CID - Organization New" parentDisplayName="Account" id="{dc9c9098-8400-ee11-8f6d-0022483d0343}" />
      </MissingDependency>
      <MissingDependency>
        <Required type="26" schemaName="CID Portal - Contacts" displayName="CID Portal - Contacts" parentSchemaName="contact" parentDisplayName="Contact" solution="Active" id="{9f4e737c-b54b-ec11-8f8e-000d3ae9a753}" />
        <Dependent type="60" displayName="CID - Organization New" parentDisplayName="Account" id="{dc9c9098-8400-ee11-8f6d-0022483d0343}" />
      </MissingDependency>
      <MissingDependency>
        <Required type="26" schemaName="ROM Connected contacts" displayName="ROM Connected contacts" parentSchemaName="connection" parentDisplayName="Connection" solution="Active" id="{a02c64f0-28b6-ee11-a568-6045bd60dfd7}" />
        <Dependent type="60" displayName="CID - Organization" parentDisplayName="Account" id="{7033408f-b604-42b6-baf5-ab99050229fd}" />
      </MissingDependency>
      <MissingDependency>
        <Required type="26" schemaName="CID - Claim Sites" displayName="CID - Claim Sites" parentSchemaName="account" parentDisplayName="Account" solution="Active" id="{a0be1cb3-8525-ec11-b6e6-0022483cb5cd}" />
        <Dependent type="60" displayName="CID - Organization" parentDisplayName="Account" id="{7033408f-b604-42b6-baf5-ab99050229fd}" />
      </MissingDependency>
      <MissingDependency>
        <Required type="26" schemaName="CID Portal - Portal Created Contacts" displayName="CID Portal - Portal Created Contacts" parentSchemaName="contact" parentDisplayName="Contact" solution="Active" id="{b06483c1-463f-ed11-bba2-0022483d0343}" />
        <Dependent type="60" displayName="CID - Organization New" parentDisplayName="Account" id="{dc9c9098-8400-ee11-8f6d-0022483d0343}" />
      </MissingDependency>
      <MissingDependency>
        <Required type="26" schemaName="CID Portal - Organization Activity Review Logs" displayName="CID Portal - Organization Activity Review Logs" parentSchemaName="cid_activityreviewlog" parentDisplayName="Activity Review Log" solution="Active" id="{b782bc03-4ade-ec11-bb3c-000d3a848097}" />
        <Dependent type="60" displayName="CID - Organization" parentDisplayName="Account" id="{7033408f-b604-42b6-baf5-ab99050229fd}" />
      </MissingDependency>
      <MissingDependency>
        <Required type="26" schemaName="CID Portal - Organization Activity Review Logs" displayName="CID Portal - Organization Activity Review Logs" parentSchemaName="cid_activityreviewlog" parentDisplayName="Activity Review Log" solution="Active" id="{b782bc03-4ade-ec11-bb3c-000d3a848097}" />
        <Dependent type="60" displayName="CID - Organization New" parentDisplayName="Account" id="{dc9c9098-8400-ee11-8f6d-0022483d0343}" />
      </MissingDependency>
      <MissingDependency>
        <Required type="26" schemaName="Active Audit History Logs" displayName="Active Audit History Logs" parentSchemaName="cid_audithistorylog" parentDisplayName="Audit History Log - OLD" solution="Active" id="{b7f1b00e-7ee0-41ff-b007-2fefddbd6280}" />
        <Dependent type="60" displayName="CID - Organization New" parentDisplayName="Account" id="{dc9c9098-8400-ee11-8f6d-0022483d0343}" />
      </MissingDependency>
      <MissingDependency>
        <Required type="26" schemaName="X_CID Portal - Site Annual Compliance Update Item5" displayName="X_CID Portal - Site Annual Compliance Update Item5" parentSchemaName="task" parentDisplayName="Task" solution="Active" id="{b8b90ef2-c02e-ed11-9db0-0022483cb62f}" />
        <Dependent type="60" displayName="CID - Organization" parentDisplayName="Account" id="{7033408f-b604-42b6-baf5-ab99050229fd}" />
      </MissingDependency>
      <MissingDependency>
        <Required type="26" schemaName="X_CID Portal - Site Annual Compliance Update Item5" displayName="X_CID Portal - Site Annual Compliance Update Item5" parentSchemaName="task" parentDisplayName="Task" solution="Active" id="{b8b90ef2-c02e-ed11-9db0-0022483cb62f}" />
        <Dependent type="60" displayName="CID - Organization New" parentDisplayName="Account" id="{dc9c9098-8400-ee11-8f6d-0022483d0343}" />
      </MissingDependency>
      <MissingDependency>
        <Required type="26" schemaName="My Open History Logs" displayName="My Open History Logs" parentSchemaName="cid_historylog" parentDisplayName="History Log" solution="Active" id="{be3c4ba9-64eb-4d08-9375-dbdb8cef8d28}" />
        <Dependent type="60" displayName="CID - Organization" parentDisplayName="Account" id="{7033408f-b604-42b6-baf5-ab99050229fd}" />
      </MissingDependency>
      <MissingDependency>
        <Required type="26" schemaName="My Open Activity Review Logs" displayName="My Open Activity Review Logs" parentSchemaName="cid_activityreviewlog" parentDisplayName="Activity Review Log" solution="Active" id="{cb9a3729-169a-4e7f-af7e-eb510b0ebebd}" />
        <Dependent type="60" displayName="CID - Organization" parentDisplayName="Account" id="{7033408f-b604-42b6-baf5-ab99050229fd}" />
      </MissingDependency>
      <MissingDependency>
        <Required type="26" schemaName="My Open Activity Review Logs" displayName="My Open Activity Review Logs" parentSchemaName="cid_activityreviewlog" parentDisplayName="Activity Review Log" solution="Active" id="{cb9a3729-169a-4e7f-af7e-eb510b0ebebd}" />
        <Dependent type="60" displayName="CID - Organization New" parentDisplayName="Account" id="{dc9c9098-8400-ee11-8f6d-0022483d0343}" />
      </MissingDependency>
      <MissingDependency>
        <Required type="26" schemaName="CID Portal - History Logs" displayName="CID Portal - History Logs" parentSchemaName="cid_audithistorylog" parentDisplayName="Audit History Log - OLD" solution="Active" id="{cdd83e49-9dd5-ec11-a7b5-0022483c547f}" />
        <Dependent type="60" displayName="CID - Organization New" parentDisplayName="Account" id="{dc9c9098-8400-ee11-8f6d-0022483d0343}" />
      </MissingDependency>
      <MissingDependency>
        <Required type="26" schemaName="Active Organization NAICS Code" displayName="Active Organization NAICS Code" parentSchemaName="cid_companynaicscode" parentDisplayName="Organization NAICS Code" solution="Active" id="{d7d195c7-bf49-45a0-8cfe-53c64d587adf}" />
        <Dependent type="60" displayName="CID - Organization" parentDisplayName="Account" id="{7033408f-b604-42b6-baf5-ab99050229fd}" />
      </MissingDependency>
      <MissingDependency>
        <Required type="26" schemaName="Active Organization NAICS Code" displayName="Active Organization NAICS Code" parentSchemaName="cid_companynaicscode" parentDisplayName="Organization NAICS Code" solution="Active" id="{d7d195c7-bf49-45a0-8cfe-53c64d587adf}" />
        <Dependent type="60" displayName="CID - Organization New" parentDisplayName="Account" id="{dc9c9098-8400-ee11-8f6d-0022483d0343}" />
      </MissingDependency>
      <MissingDependency>
        <Required type="26" schemaName="CID - Activity Review Logs xx" displayName="CID - Activity Review Logs xx" parentSchemaName="cid_activityreviewlog" parentDisplayName="Activity Review Log" solution="Active" id="{d850dcb0-4c51-ed11-bba3-0022483cb62f}" />
        <Dependent type="60" displayName="CID - Organization" parentDisplayName="Account" id="{7033408f-b604-42b6-baf5-ab99050229fd}" />
      </MissingDependency>
      <MissingDependency>
        <Required type="26" schemaName="CID - Activity Review Logs xx" displayName="CID - Activity Review Logs xx" parentSchemaName="cid_activityreviewlog" parentDisplayName="Activity Review Log" solution="Active" id="{d850dcb0-4c51-ed11-bba3-0022483cb62f}" />
        <Dependent type="60" displayName="CID - Organization New" parentDisplayName="Account" id="{dc9c9098-8400-ee11-8f6d-0022483d0343}" />
      </MissingDependency>
      <MissingDependency>
        <Required type="26" schemaName="Account N:N Contacts" displayName="Account N:N Contacts" parentSchemaName="contact" parentDisplayName="Contact" solution="Active" id="{dc799dc5-4334-ed11-9db1-0022483d0343}" />
        <Dependent type="60" displayName="CID - Organization" parentDisplayName="Account" id="{7033408f-b604-42b6-baf5-ab99050229fd}" />
      </MissingDependency>
      <MissingDependency>
        <Required type="26" schemaName="FDR Companies/Sites Connected contacts" displayName="FDR Companies/Sites Connected contacts" parentSchemaName="connection" parentDisplayName="Connection" solution="Active" id="{dea09bb6-29b6-ee11-a568-0022483cceb8}" />
        <Dependent type="60" displayName="CID - Organization" parentDisplayName="Account" id="{7033408f-b604-42b6-baf5-ab99050229fd}" />
      </MissingDependency>
      <MissingDependency>
        <Required type="26" schemaName="Sites" displayName="Sites" parentSchemaName="account" parentDisplayName="Account" solution="Active" id="{e7ba8bd8-440a-eb11-a813-000d3af3a7a7}" />
        <Dependent type="60" displayName="CID - Organization" parentDisplayName="Account" id="{7033408f-b604-42b6-baf5-ab99050229fd}" />
      </MissingDependency>
      <MissingDependency>
        <Required type="59" schemaName="Emails by Month Due" displayName="Emails by Month Due" parentSchemaName="email" parentDisplayName="Email" solution="msdynce_AppCommon (9.0.4.0066)" id="{1ec1872a-23de-4294-9d7f-1b76272a5fd5}">
          <package>msdynce_AppCommonAnchor (9.0.24012.10002)</package>
        </Required>
        <Dependent type="60" displayName="CID - Organization" parentDisplayName="Account" id="{7033408f-b604-42b6-baf5-ab99050229fd}" />
      </MissingDependency>
      <MissingDependency>
        <Required type="59" schemaName="Emails by Month Due" displayName="Emails by Month Due" parentSchemaName="email" parentDisplayName="Email" solution="msdynce_AppCommon (9.0.4.0066)" id="{1ec1872a-23de-4294-9d7f-1b76272a5fd5}">
          <package>msdynce_AppCommonAnchor (9.0.24012.10002)</package>
        </Required>
        <Dependent type="60" displayName="CID - Organization New" parentDisplayName="Account" id="{dc9c9098-8400-ee11-8f6d-0022483d0343}" />
      </MissingDependency>
      <MissingDependency>
        <Required type="59" schemaName="Tasks by Month Due" displayName="Tasks by Month Due" parentSchemaName="task" parentDisplayName="Task" solution="msdynce_AppCommon (9.0.4.0066)" id="{9e6a8b06-6d14-46e6-bbf5-95c388c6eb7a}">
          <package>msdynce_AppCommonAnchor (9.0.24012.10002)</package>
        </Required>
        <Dependent type="60" displayName="CID - Organization" parentDisplayName="Account" id="{7033408f-b604-42b6-baf5-ab99050229fd}" />
      </MissingDependency>
      <MissingDependency>
        <Required type="59" schemaName="Tasks by Month Due" displayName="Tasks by Month Due" parentSchemaName="task" parentDisplayName="Task" solution="msdynce_AppCommon (9.0.4.0066)" id="{9e6a8b06-6d14-46e6-bbf5-95c388c6eb7a}">
          <package>msdynce_AppCommonAnchor (9.0.24012.10002)</package>
        </Required>
        <Dependent type="60" displayName="CID - Organization New" parentDisplayName="Account" id="{dc9c9098-8400-ee11-8f6d-0022483d0343}" />
      </MissingDependency>
      <MissingDependency>
        <Required type="61" schemaName="AppCommon/Account/Account_main_system_library.js" displayName="AppCommon/Account/Account_main_system_library.js" solution="msdynce_AppCommon (9.0.4.0066)">
          <package>msdynce_AppCommonAnchor (9.0.24012.10002)</package>
        </Required>
        <Dependent type="60" displayName="CID - Organization New" parentDisplayName="Account" id="{dc9c9098-8400-ee11-8f6d-0022483d0343}" />
      </MissingDependency>
      <MissingDependency>
        <Required type="61" schemaName="cid_account.js" displayName="cid_account.js" solution="Active" />
        <Dependent type="60" displayName="CID - Organization" parentDisplayName="Account" id="{7033408f-b604-42b6-baf5-ab99050229fd}" />
      </MissingDependency>
      <MissingDependency>
        <Required type="61" schemaName="cid_account.js" displayName="cid_account.js" solution="Active" />
        <Dependent type="60" displayName="CID - Organization New" parentDisplayName="Account" id="{dc9c9098-8400-ee11-8f6d-0022483d0343}" />
      </MissingDependency>
      <MissingDependency>
        <Required type="61" schemaName="cid_jquery-3.6.3.js" displayName="cid_jquery-3.6.3.js" solution="Active" />
        <Dependent type="60" displayName="CID - Organization" parentDisplayName="Account" id="{7033408f-b604-42b6-baf5-ab99050229fd}" />
      </MissingDependency>
      <MissingDependency>
        <Required type="61" schemaName="cid_jquery-3.6.3.js" displayName="cid_jquery-3.6.3.js" solution="Active" />
        <Dependent type="60" displayName="CID - Organization New" parentDisplayName="Account" id="{dc9c9098-8400-ee11-8f6d-0022483d0343}" />
      </MissingDependency>
      <MissingDependency>
        <Required type="61" schemaName="Sales/ClientCommon/Sales_ClientCommon.js" displayName="Sales/ClientCommon/Sales_ClientCommon.js" solution="msdynce_Sales (9.0.4.0076)">
          <package>msdynce_SalesAnchor (9.0.23123.10003)</package>
        </Required>
        <Dependent type="60" displayName="CID - Organization New" parentDisplayName="Account" id="{dc9c9098-8400-ee11-8f6d-0022483d0343}" />
      </MissingDependency>
    </MissingDependencies>
  </SolutionManifest>
</ImportExportXml>