<ImportExportXml version="9.2.22061.158" SolutionPackageVersion="9.2" languagecode="1033" generatedBy="CrmLive" xmlns:xsi="http://www.w3.org/2001/XMLSchema-instance">
  <SolutionManifest>
    <UniqueName>TC_GlobalCore_Patch_4f5e8f85</UniqueName>
    <LocalizedNames>
      <LocalizedName description="TDG Core Schema" languagecode="1033" />
    </LocalizedNames>
    <Descriptions>
      <Description description="Patch for TDG Core Schema" languagecode="1033" />
    </Descriptions>
    <ParentUniqueName>TC_GlobalCore</ParentUniqueName>
    <Version>1.135.12.0</Version>
    <Managed>0</Managed>
    <Publisher>
      <UniqueName>oversightpublisher</UniqueName>
      <LocalizedNames>
        <LocalizedName description="Oversight" languagecode="1033" />
      </LocalizedNames>
      <Descriptions>
        <Description description="This is the common solution for AvSec Inspection and TDG Inspection." languagecode="1033" />
      </Descriptions>
      <EMailAddress xsi:nil="true"></EMailAddress>
      <SupportingWebsiteUrl xsi:nil="true"></SupportingWebsiteUrl>
      <CustomizationPrefix>ovs</CustomizationPrefix>
      <CustomizationOptionValuePrefix>91864</CustomizationOptionValuePrefix>
      <Addresses>
        <Address>
          <AddressNumber>1</AddressNumber>
          <AddressTypeCode>1</AddressTypeCode>
          <City xsi:nil="true"></City>
          <County xsi:nil="true"></County>
          <Country xsi:nil="true"></Country>
          <Fax xsi:nil="true"></Fax>
          <FreightTermsCode xsi:nil="true"></FreightTermsCode>
          <ImportSequenceNumber xsi:nil="true"></ImportSequenceNumber>
          <Latitude xsi:nil="true"></Latitude>
          <Line1 xsi:nil="true"></Line1>
          <Line2 xsi:nil="true"></Line2>
          <Line3 xsi:nil="true"></Line3>
          <Longitude xsi:nil="true"></Longitude>
          <Name xsi:nil="true"></Name>
          <PostalCode xsi:nil="true"></PostalCode>
          <PostOfficeBox xsi:nil="true"></PostOfficeBox>
          <PrimaryContactName xsi:nil="true"></PrimaryContactName>
          <ShippingMethodCode>1</ShippingMethodCode>
          <StateOrProvince xsi:nil="true"></StateOrProvince>
          <Telephone1 xsi:nil="true"></Telephone1>
          <Telephone2 xsi:nil="true"></Telephone2>
          <Telephone3 xsi:nil="true"></Telephone3>
          <TimeZoneRuleVersionNumber xsi:nil="true"></TimeZoneRuleVersionNumber>
          <UPSZone xsi:nil="true"></UPSZone>
          <UTCOffset xsi:nil="true"></UTCOffset>
          <UTCConversionTimeZoneCode xsi:nil="true"></UTCConversionTimeZoneCode>
        </Address>
        <Address>
          <AddressNumber>2</AddressNumber>
          <AddressTypeCode>1</AddressTypeCode>
          <City xsi:nil="true"></City>
          <County xsi:nil="true"></County>
          <Country xsi:nil="true"></Country>
          <Fax xsi:nil="true"></Fax>
          <FreightTermsCode xsi:nil="true"></FreightTermsCode>
          <ImportSequenceNumber xsi:nil="true"></ImportSequenceNumber>
          <Latitude xsi:nil="true"></Latitude>
          <Line1 xsi:nil="true"></Line1>
          <Line2 xsi:nil="true"></Line2>
          <Line3 xsi:nil="true"></Line3>
          <Longitude xsi:nil="true"></Longitude>
          <Name xsi:nil="true"></Name>
          <PostalCode xsi:nil="true"></PostalCode>
          <PostOfficeBox xsi:nil="true"></PostOfficeBox>
          <PrimaryContactName xsi:nil="true"></PrimaryContactName>
          <ShippingMethodCode>1</ShippingMethodCode>
          <StateOrProvince xsi:nil="true"></StateOrProvince>
          <Telephone1 xsi:nil="true"></Telephone1>
          <Telephone2 xsi:nil="true"></Telephone2>
          <Telephone3 xsi:nil="true"></Telephone3>
          <TimeZoneRuleVersionNumber xsi:nil="true"></TimeZoneRuleVersionNumber>
          <UPSZone xsi:nil="true"></UPSZone>
          <UTCOffset xsi:nil="true"></UTCOffset>
          <UTCConversionTimeZoneCode xsi:nil="true"></UTCConversionTimeZoneCode>
        </Address>
      </Addresses>
    </Publisher>
    <RootComponents>
      <RootComponent type="1" schemaName="cid_companyerap" behavior="0" />
      <RootComponent type="1" schemaName="cid_companynaicscode" behavior="1" />
      <RootComponent type="1" schemaName="cid_naicscode" behavior="1" />
      <RootComponent type="1" schemaName="ovs_class_compatibility_group" behavior="0" />
      <RootComponent type="1" schemaName="ovs_mocregistration" behavior="0" />
      <RootComponent type="1" schemaName="ovs_operationclass" behavior="1" />
      <RootComponent type="1" schemaName="ovs_operationunnumber" behavior="1" />
      <RootComponent type="1" schemaName="ovs_primaryclass" behavior="0" />
      <RootComponent type="1" schemaName="ovs_primaryclass_group" behavior="0" />
      <RootComponent type="1" schemaName="root_company" behavior="0" />
      <RootComponent type="1" schemaName="root_erap" behavior="0" />
      <RootComponent type="1" schemaName="root_erapdg" behavior="0" />
      <RootComponent type="1" schemaName="tdg_unnumber" behavior="0" />
      <RootComponent type="9" schemaName="cid_account_without_cra_bn" behavior="0" />
      <RootComponent type="9" schemaName="cid_requirementlevel" behavior="0" />
      <RootComponent type="9" schemaName="ovs_address_type" behavior="0" />
      <RootComponent type="9" schemaName="ovs_class_compatibility_group" behavior="0" />
      <RootComponent type="9" schemaName="tdg_primaryclass" behavior="0" />
      <RootComponent type="29" id="{3018d500-4c9e-ec11-b3fe-000d3a842be7}" behavior="0" />
      <RootComponent type="29" id="{9a344c93-7da0-ec11-b3fe-000d3a0c84c3}" behavior="0" />
      <RootComponent type="61" schemaName="cid_AddressComplete.htm" behavior="0" />
      <RootComponent type="61" schemaName="cid_AddressComplete.js" behavior="0" />
      <RootComponent type="61" schemaName="cid_naicscode.htm" behavior="0" />
      <RootComponent type="61" schemaName="cid_primaryclass.htm" behavior="0" />
      <RootComponent type="61" schemaName="cid_tdgcore_common.js" behavior="0" />
      <RootComponent type="61" schemaName="cid_unnumber.htm" behavior="0" />
      <RootComponent type="61" schemaName="ovs_primaryclass_group.js" behavior="0" />
    </RootComponents>
    <MissingDependencies>
      <MissingDependency>
        <Required type="1" schemaName="cid_companynaicscode" displayName="Company NAICS Code" solution="Active" />
        <Dependent type="1" schemaName="cid_companynaicscode" displayName="Company NAICS Code" />
      </MissingDependency>
      <MissingDependency>
        <Required type="1" schemaName="cid_naicscode" displayName="NAICS Codes Master List" solution="Active" />
        <Dependent type="1" schemaName="cid_naicscode" displayName="NAICS Codes Master List" />
      </MissingDependency>
      <MissingDependency>
        <Required type="1" schemaName="fdr_servicerequest" displayName="Service Request" solution="Active" />
        <Dependent type="1" schemaName="ovs_mocregistration" displayName="Operation" />
      </MissingDependency>
      <MissingDependency>
        <Required type="1" schemaName="msdyn_workorder" displayName="Work Order" solution="FieldService (8.8.0.88)">
          <package>FieldService_Anchor (8.8.68.25)</package>
        </Required>
        <Dependent type="1" schemaName="ovs_mocregistration" displayName="Operation" />
      </MissingDependency>
      <MissingDependency>
        <Required type="1" schemaName="ovs_aircrafttype" displayName="Aircraft Type" solution="Active" />
        <Dependent type="60" displayName="FDR - Operation Form" parentDisplayName="Operation" id="{6be00af2-4b11-4926-b141-914715128269}" />
      </MissingDependency>
      <MissingDependency>
        <Required type="1" schemaName="ovs_aircrafttype" displayName="Aircraft Type" solution="Active" />
        <Dependent type="60" displayName="Information" parentDisplayName="Operation" id="{a09fc69f-3ace-46b5-85f1-be132f683042}" />
      </MissingDependency>
      <MissingDependency>
        <Required type="1" schemaName="ovs_aircrafttype" displayName="Aircraft Type" solution="Active" />
        <Dependent type="60" displayName="Operation Planner Form" parentDisplayName="Operation" id="{b5ce5078-8c7f-ec11-8d20-0022483dbafc}" />
      </MissingDependency>
      <MissingDependency>
        <Required type="1" schemaName="ovs_airoperatorfunction" displayName="Air Operator Function" solution="Active" />
        <Dependent type="60" displayName="FDR - Operation Form" parentDisplayName="Operation" id="{6be00af2-4b11-4926-b141-914715128269}" />
      </MissingDependency>
      <MissingDependency>
        <Required type="1" schemaName="ovs_airoperatorfunction" displayName="Air Operator Function" solution="Active" />
        <Dependent type="60" displayName="Information" parentDisplayName="Operation" id="{a09fc69f-3ace-46b5-85f1-be132f683042}" />
      </MissingDependency>
      <MissingDependency>
        <Required type="1" schemaName="ovs_airoperatorfunction" displayName="Air Operator Function" solution="Active" />
        <Dependent type="60" displayName="Operation Planner Form" parentDisplayName="Operation" id="{b5ce5078-8c7f-ec11-8d20-0022483dbafc}" />
      </MissingDependency>
      <MissingDependency>
        <Required type="1" schemaName="ovs_airoperatortype" displayName="Air Operator Type" solution="Active" />
        <Dependent type="60" displayName="FDR - Operation Form" parentDisplayName="Operation" id="{6be00af2-4b11-4926-b141-914715128269}" />
      </MissingDependency>
      <MissingDependency>
        <Required type="1" schemaName="ovs_airoperatortype" displayName="Air Operator Type" solution="Active" />
        <Dependent type="60" displayName="Information" parentDisplayName="Operation" id="{a09fc69f-3ace-46b5-85f1-be132f683042}" />
      </MissingDependency>
      <MissingDependency>
        <Required type="1" schemaName="ovs_airoperatortype" displayName="Air Operator Type" solution="Active" />
        <Dependent type="60" displayName="Operation Planner Form" parentDisplayName="Operation" id="{b5ce5078-8c7f-ec11-8d20-0022483dbafc}" />
      </MissingDependency>
      <MissingDependency>
        <Required type="1" schemaName="ovs_lob" displayName="LOB" solution="Active" />
        <Dependent type="10" schemaName="ovs_ovs_lob_ovs_mocregistration_lineofbusiness" displayName="ovs_ovs_lob_ovs_mocregistration_lineofbusiness" parentSchemaName="ovs_lob" parentDisplayName="LOB" />
      </MissingDependency>
      <MissingDependency>
        <Required type="1" schemaName="ovs_moctype" displayName="MOC Type" solution="Active" />
        <Dependent type="60" displayName="FDR - Operation Form" parentDisplayName="Operation" id="{6be00af2-4b11-4926-b141-914715128269}" />
      </MissingDependency>
      <MissingDependency>
        <Required type="1" schemaName="ovs_moctype" displayName="MOC Type" solution="Active" />
        <Dependent type="60" displayName="Information" parentDisplayName="Operation" id="{a09fc69f-3ace-46b5-85f1-be132f683042}" />
      </MissingDependency>
      <MissingDependency>
        <Required type="1" schemaName="ovs_moctype" displayName="MOC Type" solution="Active" />
        <Dependent type="60" displayName="Operation Planner Form" parentDisplayName="Operation" id="{b5ce5078-8c7f-ec11-8d20-0022483dbafc}" />
      </MissingDependency>
      <MissingDependency>
        <Required type="1" schemaName="ovs_modes" displayName="Modes" solution="Active" />
        <Dependent type="60" displayName="QuckView - Modes" parentDisplayName="Operation" id="{20691350-3944-478a-a6a4-e2c780e4210b}" />
      </MissingDependency>
      <MissingDependency>
        <Required type="1" schemaName="ovs_modes" displayName="Modes" solution="Active" />
        <Dependent type="60" displayName="FDR - Operation Form" parentDisplayName="Operation" id="{6be00af2-4b11-4926-b141-914715128269}" />
      </MissingDependency>
      <MissingDependency>
        <Required type="1" schemaName="ovs_modes" displayName="Modes" solution="Active" />
        <Dependent type="60" displayName="Information" parentDisplayName="Operation" id="{a09fc69f-3ace-46b5-85f1-be132f683042}" />
      </MissingDependency>
      <MissingDependency>
        <Required type="1" schemaName="ovs_modes" displayName="Modes" solution="Active" />
        <Dependent type="60" displayName="Operation Planner Form" parentDisplayName="Operation" id="{b5ce5078-8c7f-ec11-8d20-0022483dbafc}" />
      </MissingDependency>
      <MissingDependency>
        <Required type="1" schemaName="ovs_operationclass" displayName="Operation Class" solution="Active" />
        <Dependent type="1" schemaName="ovs_operationclass" displayName="Operation Class" />
      </MissingDependency>
      <MissingDependency>
        <Required type="1" schemaName="ovs_operationunnumber" displayName="Operation UN Number" solution="Active" />
        <Dependent type="1" schemaName="ovs_operationunnumber" displayName="Operation UN Number" />
      </MissingDependency>
      <MissingDependency>
        <Required type="1" schemaName="ovs_workordercandidate" displayName="Work Order Candidate" solution="Active" />
        <Dependent type="1" schemaName="ovs_mocregistration" displayName="Operation" />
      </MissingDependency>
      <MissingDependency>
        <Required type="10" schemaName="cid_account_companynaicscode" displayName="cid_account_companynaicscode" parentSchemaName="account" parentDisplayName="Account" solution="Active" />
        <Dependent type="2" schemaName="cid_company" displayName="Company" parentSchemaName="cid_companynaicscode" parentDisplayName="Company NAICS Code" />
      </MissingDependency>
      <MissingDependency>
        <Required type="10" schemaName="cid_account_ovs_operationunnumber_Site" displayName="cid_account_ovs_operationunnumber_Site" parentSchemaName="account" parentDisplayName="Account" solution="Active" />
        <Dependent type="2" schemaName="cid_site" displayName="Site" parentSchemaName="ovs_operationunnumber" parentDisplayName="Operation UN Number" />
      </MissingDependency>
      <MissingDependency>
        <Required type="10" schemaName="cid_naicscode_cid_companynaicscode" displayName="cid_naicscode_cid_companynaicscode" parentSchemaName="cid_naicscode" parentDisplayName="NAICS Codes Master List" solution="Active" />
        <Dependent type="2" schemaName="cid_naicscode" displayName="NAICS Code" parentSchemaName="cid_companynaicscode" parentDisplayName="Company NAICS Code" />
      </MissingDependency>
      <MissingDependency>
        <Required type="10" schemaName="cid_naicscode_cid_companynaicscode" displayName="cid_naicscode_cid_companynaicscode" parentSchemaName="cid_naicscode" parentDisplayName="NAICS Codes Master List" solution="Active" />
        <Dependent type="60" displayName="Company NAICS Code  - Portal Form" parentDisplayName="Company NAICS Code" id="{4c3872ec-0895-4135-98eb-ed7c064b450b}" />
      </MissingDependency>
      <MissingDependency>
        <Required type="10" schemaName="cid_contact_companynaicscode_CreatedByRegistrant" displayName="cid_contact_companynaicscode_CreatedByRegistrant" parentSchemaName="contact" parentDisplayName="Contact" solution="Active" />
        <Dependent type="2" schemaName="cid_createdbyregistrant" displayName="Created By" parentSchemaName="cid_companynaicscode" parentDisplayName="Company NAICS Code" />
      </MissingDependency>
      <MissingDependency>
        <Required type="10" schemaName="cid_contact_companynaicscode_ModifiedByRegistrant" displayName="cid_contact_companynaicscode_ModifiedByRegistrant" parentSchemaName="contact" parentDisplayName="Contact" solution="Active" />
        <Dependent type="2" schemaName="cid_modifiedbyregistrant" displayName="Modified By" parentSchemaName="cid_companynaicscode" parentDisplayName="Company NAICS Code" />
      </MissingDependency>
      <MissingDependency>
        <Required type="10" schemaName="cid_contact_ovs_operationunnumber_CreatedByRegistrant" displayName="cid_contact_ovs_operationunnumber_CreatedByRegistrant" parentSchemaName="contact" parentDisplayName="Contact" solution="Active" />
        <Dependent type="2" schemaName="cid_createdbyregistrant" displayName="Created By" parentSchemaName="ovs_operationunnumber" parentDisplayName="Operation UN Number" />
      </MissingDependency>
      <MissingDependency>
        <Required type="10" schemaName="cid_contact_ovs_operationunnumber_ModifiedByRegistrant" displayName="cid_contact_ovs_operationunnumber_ModifiedByRegistrant" parentSchemaName="contact" parentDisplayName="Contact" solution="Active" />
        <Dependent type="2" schemaName="cid_modifiedbyregistrant" displayName="Modified By" parentSchemaName="ovs_operationunnumber" parentDisplayName="Operation UN Number" />
      </MissingDependency>
      <MissingDependency>
        <Required type="10" schemaName="ovs_OperationUNNumber_OperationUNNumber_o" displayName="ovs_OperationUNNumber_OperationUNNumber_o" parentSchemaName="ovs_mocregistration" parentDisplayName="Operation" solution="Active" />
        <Dependent type="2" schemaName="ovs_operationunnumber" displayName="Operation UN Number" parentSchemaName="ovs_operationunnumber" parentDisplayName="Operation UN Number" />
      </MissingDependency>
      <MissingDependency>
        <Required type="10" schemaName="ovs_OperationUNNumber_OperationUNNumber_o" displayName="ovs_OperationUNNumber_OperationUNNumber_o" parentSchemaName="ovs_mocregistration" parentDisplayName="Operation" solution="Active" />
        <Dependent type="60" displayName="FDR - Operation Form" parentDisplayName="Operation" id="{6be00af2-4b11-4926-b141-914715128269}" />
      </MissingDependency>
      <MissingDependency>
        <Required type="10" schemaName="ovs_OperationUNNumber_OperationUNNumber_o" displayName="ovs_OperationUNNumber_OperationUNNumber_o" parentSchemaName="ovs_mocregistration" parentDisplayName="Operation" solution="Active" />
        <Dependent type="60" displayName="CID Portal - Operation Registration Wizard" parentDisplayName="Operation" id="{6da9f66c-0427-4bd5-9080-00771c169f70}" />
      </MissingDependency>
      <MissingDependency>
        <Required type="10" schemaName="ovs_OperationUNNumber_OperationUNNumber_o" displayName="ovs_OperationUNNumber_OperationUNNumber_o" parentSchemaName="ovs_mocregistration" parentDisplayName="Operation" solution="Active" />
        <Dependent type="60" displayName="Information" parentDisplayName="Operation" id="{a09fc69f-3ace-46b5-85f1-be132f683042}" />
      </MissingDependency>
      <MissingDependency>
        <Required type="10" schemaName="ovs_OperationUNNumber_OperationUNNumber_o" displayName="ovs_OperationUNNumber_OperationUNNumber_o" parentSchemaName="ovs_mocregistration" parentDisplayName="Operation" solution="Active" />
        <Dependent type="60" displayName="Operation Planner Form" parentDisplayName="Operation" id="{b5ce5078-8c7f-ec11-8d20-0022483dbafc}" />
      </MissingDependency>
      <MissingDependency>
        <Required type="10" schemaName="ovs_OperationUNNumber_OperationUNNumber_o" displayName="ovs_OperationUNNumber_OperationUNNumber_o" parentSchemaName="ovs_mocregistration" parentDisplayName="Operation" solution="Active" />
        <Dependent type="60" displayName="CID Portal - Operation UN Number" parentDisplayName="Operation UN Number" id="{de3bbd9b-7078-ec11-8942-000d3a840e6b}" />
      </MissingDependency>
      <MissingDependency>
        <Required type="10" schemaName="ovs_ovs_mocregistration_ovs_operationclass_OperationClass" displayName="ovs_ovs_mocregistration_ovs_operationclass_OperationClass" parentSchemaName="ovs_mocregistration" parentDisplayName="Operation" solution="Active" />
        <Dependent type="2" schemaName="ovs_operationclass" displayName="Operation Class" parentSchemaName="ovs_operationclass" parentDisplayName="Operation Class" />
      </MissingDependency>
      <MissingDependency>
        <Required type="10" schemaName="ovs_ovs_mocregistration_ovs_operationclass_OperationClass" displayName="ovs_ovs_mocregistration_ovs_operationclass_OperationClass" parentSchemaName="ovs_mocregistration" parentDisplayName="Operation" solution="Active" />
        <Dependent type="60" displayName="FDR - Operation Form" parentDisplayName="Operation" id="{6be00af2-4b11-4926-b141-914715128269}" />
      </MissingDependency>
      <MissingDependency>
        <Required type="10" schemaName="ovs_ovs_mocregistration_ovs_operationclass_OperationClass" displayName="ovs_ovs_mocregistration_ovs_operationclass_OperationClass" parentSchemaName="ovs_mocregistration" parentDisplayName="Operation" solution="Active" />
        <Dependent type="60" displayName="CID Portal - Operation Registration Wizard" parentDisplayName="Operation" id="{6da9f66c-0427-4bd5-9080-00771c169f70}" />
      </MissingDependency>
      <MissingDependency>
        <Required type="10" schemaName="ovs_ovs_mocregistration_ovs_operationclass_OperationClass" displayName="ovs_ovs_mocregistration_ovs_operationclass_OperationClass" parentSchemaName="ovs_mocregistration" parentDisplayName="Operation" solution="Active" />
        <Dependent type="60" displayName="Information" parentDisplayName="Operation" id="{a09fc69f-3ace-46b5-85f1-be132f683042}" />
      </MissingDependency>
      <MissingDependency>
        <Required type="10" schemaName="ovs_ovs_mocregistration_ovs_operationclass_OperationClass" displayName="ovs_ovs_mocregistration_ovs_operationclass_OperationClass" parentSchemaName="ovs_mocregistration" parentDisplayName="Operation" solution="Active" />
        <Dependent type="60" displayName="Operation Planner Form" parentDisplayName="Operation" id="{b5ce5078-8c7f-ec11-8d20-0022483dbafc}" />
      </MissingDependency>
      <MissingDependency>
        <Required type="10" schemaName="ovs_tdg_unnumber_ovs_operationunnumber_UNNumber" displayName="ovs_tdg_unnumber_ovs_operationunnumber_UNNumber" parentSchemaName="tdg_unnumber" parentDisplayName="UN Number" solution="Active" />
        <Dependent type="2" schemaName="ovs_unnumber" displayName="UN Number" parentSchemaName="ovs_operationunnumber" parentDisplayName="Operation UN Number" />
      </MissingDependency>
      <MissingDependency>
        <Required type="10" schemaName="ovs_tdg_unnumber_ovs_operationunnumber_UNNumber" displayName="ovs_tdg_unnumber_ovs_operationunnumber_UNNumber" parentSchemaName="tdg_unnumber" parentDisplayName="UN Number" solution="Active" />
        <Dependent type="60" displayName="CID Portal - Operation UN Number" parentDisplayName="Operation UN Number" id="{de3bbd9b-7078-ec11-8942-000d3a840e6b}" />
      </MissingDependency>
      <MissingDependency>
        <Required type="2" schemaName="cid_requirementlevel" displayName="Basic / Extended" parentSchemaName="account" parentDisplayName="Account" solution="Active" />
        <Dependent type="2" schemaName="cid_extendedsite" displayName="Extended Site" parentSchemaName="ovs_mocregistration" parentDisplayName="Operation" />
      </MissingDependency>
      <MissingDependency>
        <Required type="2" schemaName="ovs_calculatedlatitudelongitude" displayName="Calculated Latitude / Longitude" parentSchemaName="account" parentDisplayName="Account" solution="Active" />
        <Dependent type="29" displayName="Account - Calculate Lat/Long" id="{3018d500-4c9e-ec11-b3fe-000d3a842be7}" />
      </MissingDependency>
      <MissingDependency>
        <Required type="2" schemaName="ovs_legal_land_description" displayName="Calculated Legal Land Description" parentSchemaName="account" parentDisplayName="Account" solution="Active" />
        <Dependent type="29" displayName="Account - Calculate LLD" id="{9a344c93-7da0-ec11-b3fe-000d3a0c84c3}" />
      </MissingDependency>
      <MissingDependency>
        <Required type="2" schemaName="ovs_lld_meridian" displayName="Meridian" parentSchemaName="account" parentDisplayName="Account" solution="Active" />
        <Dependent type="29" displayName="Account - Calculate LLD" id="{9a344c93-7da0-ec11-b3fe-000d3a0c84c3}" />
      </MissingDependency>
      <MissingDependency>
        <Required type="2" schemaName="ovs_lld_province" displayName="Province / Territory" parentSchemaName="account" parentDisplayName="Account" solution="Active" />
        <Dependent type="29" displayName="Account - Calculate LLD" id="{9a344c93-7da0-ec11-b3fe-000d3a0c84c3}" />
      </MissingDependency>
      <MissingDependency>
        <Required type="2" schemaName="ovs_lld_quarter" displayName="Quarter / LSD" parentSchemaName="account" parentDisplayName="Account" solution="Active" />
        <Dependent type="29" displayName="Account - Calculate LLD" id="{9a344c93-7da0-ec11-b3fe-000d3a0c84c3}" />
      </MissingDependency>
      <MissingDependency>
        <Required type="2" schemaName="ovs_lld_range" displayName="Range" parentSchemaName="account" parentDisplayName="Account" solution="Active" />
        <Dependent type="29" displayName="Account - Calculate LLD" id="{9a344c93-7da0-ec11-b3fe-000d3a0c84c3}" />
      </MissingDependency>
      <MissingDependency>
        <Required type="2" schemaName="ovs_lld_section" displayName="Section" parentSchemaName="account" parentDisplayName="Account" solution="Active" />
        <Dependent type="29" displayName="Account - Calculate LLD" id="{9a344c93-7da0-ec11-b3fe-000d3a0c84c3}" />
      </MissingDependency>
      <MissingDependency>
        <Required type="2" schemaName="ovs_lld_township" displayName="Township" parentSchemaName="account" parentDisplayName="Account" solution="Active" />
        <Dependent type="29" displayName="Account - Calculate LLD" id="{9a344c93-7da0-ec11-b3fe-000d3a0c84c3}" />
      </MissingDependency>
      <MissingDependency>
        <Required type="2" schemaName="ovs_romid" displayName="ROM ID" parentSchemaName="account" parentDisplayName="Account" solution="Active" />
        <Dependent type="26" schemaName="Active Operations for the Planner Application" displayName="Active Operations for the Planner Application" parentSchemaName="ovs_mocregistration" parentDisplayName="Operation" id="{b0788597-9f4c-ec11-8f8e-000d3ae8e96e}" />
      </MissingDependency>
      <MissingDependency>
        <Required type="2" schemaName="ovs_romid" displayName="ROM ID" parentSchemaName="account" parentDisplayName="Account" solution="Active" />
        <Dependent type="26" schemaName="Inactive Operations for the Planner Application" displayName="Inactive Operations for the Planner Application" parentSchemaName="ovs_mocregistration" parentDisplayName="Operation" id="{e40b9eb1-9f4c-ec11-8f8e-000d3ae8e96e}" />
      </MissingDependency>
      <MissingDependency>
        <Required type="2" schemaName="territoryid" displayName="Territory" parentSchemaName="account" parentDisplayName="Account" solution="msdynce_Sales (9.0.4.0076)">
          <package>msdynce_SalesAnchor (9.0.22062.10001)</package>
        </Required>
        <Dependent type="26" schemaName="Inactive Operations" displayName="Inactive Operations" parentSchemaName="ovs_mocregistration" parentDisplayName="Operation" id="{382ae718-7adc-40a1-af1b-bf4acaa09635}" />
      </MissingDependency>
      <MissingDependency>
        <Required type="2" schemaName="territoryid" displayName="Territory" parentSchemaName="account" parentDisplayName="Account" solution="msdynce_Sales (9.0.4.0076)">
          <package>msdynce_SalesAnchor (9.0.22062.10001)</package>
        </Required>
        <Dependent type="26" schemaName="Active Operations" displayName="Active Operations" parentSchemaName="ovs_mocregistration" parentDisplayName="Operation" id="{98c7fee1-1d9f-4226-89bb-26e6be7057f8}" />
      </MissingDependency>
      <MissingDependency>
        <Required type="2" schemaName="territoryid" displayName="Territory" parentSchemaName="account" parentDisplayName="Account" solution="msdynce_Sales (9.0.4.0076)">
          <package>msdynce_SalesAnchor (9.0.22062.10001)</package>
        </Required>
        <Dependent type="26" schemaName="Active Operations for the Planner Application" displayName="Active Operations for the Planner Application" parentSchemaName="ovs_mocregistration" parentDisplayName="Operation" id="{b0788597-9f4c-ec11-8f8e-000d3ae8e96e}" />
      </MissingDependency>
      <MissingDependency>
        <Required type="2" schemaName="territoryid" displayName="Territory" parentSchemaName="account" parentDisplayName="Account" solution="msdynce_Sales (9.0.4.0076)">
          <package>msdynce_SalesAnchor (9.0.22062.10001)</package>
        </Required>
        <Dependent type="26" schemaName="Inactive Operations for the Planner Application" displayName="Inactive Operations for the Planner Application" parentSchemaName="ovs_mocregistration" parentDisplayName="Operation" id="{e40b9eb1-9f4c-ec11-8f8e-000d3ae8e96e}" />
      </MissingDependency>
      <MissingDependency>
        <Required type="2" schemaName="cid_companynaicscodeid" displayName="Company NAICS Code" parentSchemaName="cid_companynaicscode" parentDisplayName="Company NAICS Code" solution="Active" />
        <Dependent type="26" schemaName="CID Portal - NAICS Codes" displayName="CID Portal - NAICS Codes" parentSchemaName="cid_companynaicscode" parentDisplayName="Company NAICS Code" id="{51a1c9ee-db7b-ec11-8d20-000d3aff1221}" />
      </MissingDependency>
      <MissingDependency>
        <Required type="2" schemaName="cid_name" displayName="Name" parentSchemaName="cid_companynaicscode" parentDisplayName="Company NAICS Code" solution="Active" />
        <Dependent type="60" displayName="Company NAICS Code  - Portal Form" parentDisplayName="Company NAICS Code" id="{4c3872ec-0895-4135-98eb-ed7c064b450b}" />
      </MissingDependency>
      <MissingDependency>
        <Required type="2" schemaName="cid_portalrecordcreationdetails" displayName="Created On, By" parentSchemaName="cid_companynaicscode" parentDisplayName="Company NAICS Code" solution="Active" />
        <Dependent type="26" schemaName="CID Portal - NAICS Codes" displayName="CID Portal - NAICS Codes" parentSchemaName="cid_companynaicscode" parentDisplayName="Company NAICS Code" id="{51a1c9ee-db7b-ec11-8d20-000d3aff1221}" />
      </MissingDependency>
      <MissingDependency>
        <Required type="2" schemaName="ownerid" displayName="Owner" parentSchemaName="cid_companynaicscode" parentDisplayName="Company NAICS Code" solution="Active" />
        <Dependent type="60" displayName="Company NAICS Code  - Portal Form" parentDisplayName="Company NAICS Code" id="{4c3872ec-0895-4135-98eb-ed7c064b450b}" />
      </MissingDependency>
      <MissingDependency>
        <Required type="2" schemaName="statuscode" displayName="Status Reason" parentSchemaName="cid_companynaicscode" parentDisplayName="Company NAICS Code" solution="Active" />
        <Dependent type="26" schemaName="CID Portal - NAICS Codes" displayName="CID Portal - NAICS Codes" parentSchemaName="cid_companynaicscode" parentDisplayName="Company NAICS Code" id="{51a1c9ee-db7b-ec11-8d20-000d3aff1221}" />
      </MissingDependency>
      <MissingDependency>
        <Required type="2" schemaName="cid_lastnode" displayName="Last Node" parentSchemaName="cid_naicscode" parentDisplayName="NAICS Codes Master List" solution="Active" />
        <Dependent type="60" displayName="Information" parentDisplayName="NAICS Codes Master List" id="{b80c0f17-7c71-4b4b-83c2-6bfbb6580fec}" />
      </MissingDependency>
      <MissingDependency>
        <Required type="2" schemaName="cid_naicsclassdefinition" displayName="NAICS Class Definition" parentSchemaName="cid_naicscode" parentDisplayName="NAICS Codes Master List" solution="Active" />
        <Dependent type="60" displayName="Information" parentDisplayName="NAICS Codes Master List" id="{b80c0f17-7c71-4b4b-83c2-6bfbb6580fec}" />
      </MissingDependency>
      <MissingDependency>
        <Required type="2" schemaName="cid_naicsclassdefinitionen" displayName="NAICS Class Definition - EN" parentSchemaName="cid_naicscode" parentDisplayName="NAICS Codes Master List" solution="Active" />
        <Dependent type="60" displayName="Information" parentDisplayName="NAICS Codes Master List" id="{b80c0f17-7c71-4b4b-83c2-6bfbb6580fec}" />
      </MissingDependency>
      <MissingDependency>
        <Required type="2" schemaName="cid_naicsclassdefinitionfr" displayName="NAICS Class Definition - FR" parentSchemaName="cid_naicscode" parentDisplayName="NAICS Codes Master List" solution="Active" />
        <Dependent type="60" displayName="Information" parentDisplayName="NAICS Codes Master List" id="{b80c0f17-7c71-4b4b-83c2-6bfbb6580fec}" />
      </MissingDependency>
      <MissingDependency>
        <Required type="2" schemaName="cid_naicsclasstitle" displayName="NAICS Class" parentSchemaName="cid_naicscode" parentDisplayName="NAICS Codes Master List" solution="Active" />
        <Dependent type="26" schemaName="CID Portal - NAICS Codes" displayName="CID Portal - NAICS Codes" parentSchemaName="cid_companynaicscode" parentDisplayName="Company NAICS Code" id="{51a1c9ee-db7b-ec11-8d20-000d3aff1221}" />
      </MissingDependency>
      <MissingDependency>
        <Required type="2" schemaName="cid_naicsclasstitle" displayName="NAICS Class" parentSchemaName="cid_naicscode" parentDisplayName="NAICS Codes Master List" solution="Active" />
        <Dependent type="60" displayName="Information" parentDisplayName="NAICS Codes Master List" id="{b80c0f17-7c71-4b4b-83c2-6bfbb6580fec}" />
      </MissingDependency>
      <MissingDependency>
        <Required type="2" schemaName="cid_naicsclasstitleen" displayName="NAICS Class - EN" parentSchemaName="cid_naicscode" parentDisplayName="NAICS Codes Master List" solution="Active" />
        <Dependent type="60" displayName="Information" parentDisplayName="NAICS Codes Master List" id="{b80c0f17-7c71-4b4b-83c2-6bfbb6580fec}" />
      </MissingDependency>
      <MissingDependency>
        <Required type="2" schemaName="cid_naicsclasstitlefr" displayName="NAICS Class - FR" parentSchemaName="cid_naicscode" parentDisplayName="NAICS Codes Master List" solution="Active" />
        <Dependent type="60" displayName="Information" parentDisplayName="NAICS Codes Master List" id="{b80c0f17-7c71-4b4b-83c2-6bfbb6580fec}" />
      </MissingDependency>
      <MissingDependency>
        <Required type="2" schemaName="cid_naicscodeid" displayName="NAICS Codes Master List" parentSchemaName="cid_naicscode" parentDisplayName="NAICS Codes Master List" solution="Active" />
        <Dependent type="26" schemaName="CID Portal - NAICS Codes" displayName="CID Portal - NAICS Codes" parentSchemaName="cid_companynaicscode" parentDisplayName="Company NAICS Code" id="{51a1c9ee-db7b-ec11-8d20-000d3aff1221}" />
      </MissingDependency>
      <MissingDependency>
        <Required type="2" schemaName="cid_naicshierarchicalstructure" displayName="NAICS Hierarchical Structure" parentSchemaName="cid_naicscode" parentDisplayName="NAICS Codes Master List" solution="Active" />
        <Dependent type="60" displayName="Information" parentDisplayName="NAICS Codes Master List" id="{b80c0f17-7c71-4b4b-83c2-6bfbb6580fec}" />
      </MissingDependency>
      <MissingDependency>
        <Required type="2" schemaName="cid_naicslevel" displayName="NAICS Level" parentSchemaName="cid_naicscode" parentDisplayName="NAICS Codes Master List" solution="Active" />
        <Dependent type="60" displayName="Information" parentDisplayName="NAICS Codes Master List" id="{b80c0f17-7c71-4b4b-83c2-6bfbb6580fec}" />
      </MissingDependency>
      <MissingDependency>
        <Required type="2" schemaName="cid_naicssuperscript" displayName="NAICS Superscript" parentSchemaName="cid_naicscode" parentDisplayName="NAICS Codes Master List" solution="Active" />
        <Dependent type="60" displayName="Information" parentDisplayName="NAICS Codes Master List" id="{b80c0f17-7c71-4b4b-83c2-6bfbb6580fec}" />
      </MissingDependency>
      <MissingDependency>
        <Required type="2" schemaName="cid_name" displayName="NAICS Code" parentSchemaName="cid_naicscode" parentDisplayName="NAICS Codes Master List" solution="Active" />
        <Dependent type="60" displayName="Information" parentDisplayName="NAICS Codes Master List" id="{b80c0f17-7c71-4b4b-83c2-6bfbb6580fec}" />
      </MissingDependency>
      <MissingDependency>
        <Required type="2" schemaName="ownerid" displayName="Owner" parentSchemaName="cid_naicscode" parentDisplayName="NAICS Codes Master List" solution="Active" />
        <Dependent type="60" displayName="Information" parentDisplayName="NAICS Codes Master List" id="{b80c0f17-7c71-4b4b-83c2-6bfbb6580fec}" />
      </MissingDependency>
      <MissingDependency>
        <Required type="2" schemaName="ovs_lobid" displayName="LOB" parentSchemaName="ovs_lob" parentDisplayName="LOB" solution="Active" />
        <Dependent type="10" schemaName="ovs_ovs_lob_ovs_mocregistration_lineofbusiness" displayName="ovs_ovs_lob_ovs_mocregistration_lineofbusiness" parentSchemaName="ovs_lob" parentDisplayName="LOB" />
      </MissingDependency>
      <MissingDependency>
        <Required type="2" schemaName="ovs_name" displayName="Name" parentSchemaName="ovs_lob" parentDisplayName="LOB" solution="Active" />
        <Dependent type="10" schemaName="ovs_ovs_lob_ovs_mocregistration_lineofbusiness" displayName="ovs_ovs_lob_ovs_mocregistration_lineofbusiness" parentSchemaName="ovs_lob" parentDisplayName="LOB" />
      </MissingDependency>
      <MissingDependency>
        <Required type="2" schemaName="cid_createdbyregistrant" displayName="Created By" parentSchemaName="ovs_operationclass" parentDisplayName="Operation Class" solution="Active" />
        <Dependent type="26" schemaName="CID Portal - Class" displayName="CID Portal - Class" parentSchemaName="ovs_operationclass" parentDisplayName="Operation Class" id="{96b22408-c97b-ec11-8d20-000d3aff1221}" />
      </MissingDependency>
      <MissingDependency>
        <Required type="2" schemaName="cid_createdbyregistrant" displayName="Created By" parentSchemaName="ovs_operationclass" parentDisplayName="Operation Class" solution="Active" />
        <Dependent type="26" schemaName="CID Portal - Validation - Site Classes" displayName="CID Portal - Validation - Site Classes" parentSchemaName="ovs_operationclass" parentDisplayName="Operation Class" id="{e98abdd9-ca92-ec11-b3fe-000d3a0c187c}" />
      </MissingDependency>
      <MissingDependency>
        <Required type="2" schemaName="cid_portalrecordcreationdetails" displayName="Created On, By" parentSchemaName="ovs_operationclass" parentDisplayName="Operation Class" solution="Active" />
        <Dependent type="26" schemaName="CID Portal - Class" displayName="CID Portal - Class" parentSchemaName="ovs_operationclass" parentDisplayName="Operation Class" id="{96b22408-c97b-ec11-8d20-000d3aff1221}" />
      </MissingDependency>
      <MissingDependency>
        <Required type="2" schemaName="cid_site" displayName="Site" parentSchemaName="ovs_operationclass" parentDisplayName="Operation Class" solution="Active" />
        <Dependent type="26" schemaName="CID Portal - Validation - Site Classes" displayName="CID Portal - Validation - Site Classes" parentSchemaName="ovs_operationclass" parentDisplayName="Operation Class" id="{e98abdd9-ca92-ec11-b3fe-000d3a0c187c}" />
      </MissingDependency>
      <MissingDependency>
        <Required type="2" schemaName="ovs_name" displayName="Name" parentSchemaName="ovs_operationclass" parentDisplayName="Operation Class" solution="Active" />
        <Dependent type="60" displayName="CID Portal - Classes" parentDisplayName="Operation Class" id="{290953da-13ac-4cce-97af-19d754e40fc9}" />
      </MissingDependency>
      <MissingDependency>
        <Required type="2" schemaName="ovs_operationclassid" displayName="Operation Class" parentSchemaName="ovs_operationclass" parentDisplayName="Operation Class" solution="Active" />
        <Dependent type="26" schemaName="CID Portal - Class" displayName="CID Portal - Class" parentSchemaName="ovs_operationclass" parentDisplayName="Operation Class" id="{96b22408-c97b-ec11-8d20-000d3aff1221}" />
      </MissingDependency>
      <MissingDependency>
        <Required type="2" schemaName="ovs_operationclassid" displayName="Operation Class" parentSchemaName="ovs_operationclass" parentDisplayName="Operation Class" solution="Active" />
        <Dependent type="26" schemaName="CID Portal - Validation - Site Classes" displayName="CID Portal - Validation - Site Classes" parentSchemaName="ovs_operationclass" parentDisplayName="Operation Class" id="{e98abdd9-ca92-ec11-b3fe-000d3a0c187c}" />
      </MissingDependency>
      <MissingDependency>
        <Required type="2" schemaName="ownerid" displayName="Owner" parentSchemaName="ovs_operationclass" parentDisplayName="Operation Class" solution="Active" />
        <Dependent type="60" displayName="CID Portal - Classes" parentDisplayName="Operation Class" id="{290953da-13ac-4cce-97af-19d754e40fc9}" />
      </MissingDependency>
      <MissingDependency>
        <Required type="2" schemaName="statuscode" displayName="Status Reason" parentSchemaName="ovs_operationclass" parentDisplayName="Operation Class" solution="Active" />
        <Dependent type="26" schemaName="CID Portal - Class" displayName="CID Portal - Class" parentSchemaName="ovs_operationclass" parentDisplayName="Operation Class" id="{96b22408-c97b-ec11-8d20-000d3aff1221}" />
      </MissingDependency>
      <MissingDependency>
        <Required type="2" schemaName="statuscode" displayName="Status Reason" parentSchemaName="ovs_operationclass" parentDisplayName="Operation Class" solution="Active" />
        <Dependent type="26" schemaName="CID Portal - Validation - Site Classes" displayName="CID Portal - Validation - Site Classes" parentSchemaName="ovs_operationclass" parentDisplayName="Operation Class" id="{e98abdd9-ca92-ec11-b3fe-000d3a0c187c}" />
      </MissingDependency>
      <MissingDependency>
        <Required type="2" schemaName="cid_annualnumberofshipment" displayName="Annual Number of Consignments" parentSchemaName="ovs_operationunnumber" parentDisplayName="Operation UN Number" solution="Active" />
        <Dependent type="26" schemaName="CID Portal - UN Numbers" displayName="CID Portal - UN Numbers" parentSchemaName="ovs_operationunnumber" parentDisplayName="Operation UN Number" id="{121715d2-c97b-ec11-8d20-000d3aff1221}" />
      </MissingDependency>
      <MissingDependency>
        <Required type="2" schemaName="cid_annualnumberofshipment" displayName="Annual Number of Consignments" parentSchemaName="ovs_operationunnumber" parentDisplayName="Operation UN Number" solution="Active" />
        <Dependent type="60" displayName="CID Portal - Operation UN Number" parentDisplayName="Operation UN Number" id="{de3bbd9b-7078-ec11-8942-000d3a840e6b}" />
      </MissingDependency>
      <MissingDependency>
        <Required type="2" schemaName="cid_annualquantityvolume" displayName="Annual Quantity\Volume" parentSchemaName="ovs_operationunnumber" parentDisplayName="Operation UN Number" solution="Active" />
        <Dependent type="26" schemaName="CID Portal - UN Numbers" displayName="CID Portal - UN Numbers" parentSchemaName="ovs_operationunnumber" parentDisplayName="Operation UN Number" id="{121715d2-c97b-ec11-8d20-000d3aff1221}" />
      </MissingDependency>
      <MissingDependency>
        <Required type="2" schemaName="cid_annualquantityvolume" displayName="Annual Quantity\Volume" parentSchemaName="ovs_operationunnumber" parentDisplayName="Operation UN Number" solution="Active" />
        <Dependent type="60" displayName="CID Portal - Operation UN Number" parentDisplayName="Operation UN Number" id="{de3bbd9b-7078-ec11-8942-000d3a840e6b}" />
      </MissingDependency>
      <MissingDependency>
        <Required type="2" schemaName="cid_portalrecordcreationdetails" displayName="Created On, By" parentSchemaName="ovs_operationunnumber" parentDisplayName="Operation UN Number" solution="Active" />
        <Dependent type="26" schemaName="CID Portal - UN Numbers" displayName="CID Portal - UN Numbers" parentSchemaName="ovs_operationunnumber" parentDisplayName="Operation UN Number" id="{121715d2-c97b-ec11-8d20-000d3aff1221}" />
      </MissingDependency>
      <MissingDependency>
        <Required type="2" schemaName="cid_portalrecordmodificationdetails" displayName="Last Updated On, By" parentSchemaName="ovs_operationunnumber" parentDisplayName="Operation UN Number" solution="Active" />
        <Dependent type="26" schemaName="CID Portal - UN Numbers" displayName="CID Portal - UN Numbers" parentSchemaName="ovs_operationunnumber" parentDisplayName="Operation UN Number" id="{121715d2-c97b-ec11-8d20-000d3aff1221}" />
      </MissingDependency>
      <MissingDependency>
        <Required type="2" schemaName="cid_unitofmeasurement" displayName="Unit of measurement" parentSchemaName="ovs_operationunnumber" parentDisplayName="Operation UN Number" solution="Active" />
        <Dependent type="26" schemaName="CID Portal - UN Numbers" displayName="CID Portal - UN Numbers" parentSchemaName="ovs_operationunnumber" parentDisplayName="Operation UN Number" id="{121715d2-c97b-ec11-8d20-000d3aff1221}" />
      </MissingDependency>
      <MissingDependency>
        <Required type="2" schemaName="cid_unitofmeasurement" displayName="Unit of measurement" parentSchemaName="ovs_operationunnumber" parentDisplayName="Operation UN Number" solution="Active" />
        <Dependent type="60" displayName="CID Portal - Operation UN Number" parentDisplayName="Operation UN Number" id="{de3bbd9b-7078-ec11-8942-000d3a840e6b}" />
      </MissingDependency>
      <MissingDependency>
        <Required type="2" schemaName="ovs_name" displayName="Name" parentSchemaName="ovs_operationunnumber" parentDisplayName="Operation UN Number" solution="Active" />
        <Dependent type="60" displayName="CID Portal - Operation UN Number" parentDisplayName="Operation UN Number" id="{de3bbd9b-7078-ec11-8942-000d3a840e6b}" />
      </MissingDependency>
      <MissingDependency>
        <Required type="2" schemaName="ovs_operationunnumberid" displayName="Operation UN Number" parentSchemaName="ovs_operationunnumber" parentDisplayName="Operation UN Number" solution="Active" />
        <Dependent type="26" schemaName="CID Portal - UN Numbers" displayName="CID Portal - UN Numbers" parentSchemaName="ovs_operationunnumber" parentDisplayName="Operation UN Number" id="{121715d2-c97b-ec11-8d20-000d3aff1221}" />
      </MissingDependency>
      <MissingDependency>
        <Required type="2" schemaName="ovs_operationunnumberid" displayName="Operation UN Number" parentSchemaName="ovs_operationunnumber" parentDisplayName="Operation UN Number" solution="Active" />
        <Dependent type="26" schemaName="CID Portal - Validation - Site UN Numbers" displayName="CID Portal - Validation - Site UN Numbers" parentSchemaName="ovs_operationunnumber" parentDisplayName="Operation UN Number" id="{f8942a0f-cb92-ec11-b3fe-000d3a0c187c}" />
      </MissingDependency>
      <MissingDependency>
        <Required type="2" schemaName="ovs_supplychaindirection" displayName="Supply Chain Direction" parentSchemaName="ovs_operationunnumber" parentDisplayName="Operation UN Number" solution="Active" />
        <Dependent type="60" displayName="CID Portal - Operation UN Number" parentDisplayName="Operation UN Number" id="{de3bbd9b-7078-ec11-8942-000d3a840e6b}" />
      </MissingDependency>
      <MissingDependency>
        <Required type="2" schemaName="ownerid" displayName="Owner" parentSchemaName="ovs_operationunnumber" parentDisplayName="Operation UN Number" solution="Active" />
        <Dependent type="60" displayName="CID Portal - Operation UN Number" parentDisplayName="Operation UN Number" id="{de3bbd9b-7078-ec11-8942-000d3a840e6b}" />
      </MissingDependency>
      <MissingDependency>
        <Required type="2" schemaName="statuscode" displayName="Status Reason" parentSchemaName="ovs_operationunnumber" parentDisplayName="Operation UN Number" solution="Active" />
        <Dependent type="26" schemaName="CID Portal - UN Numbers" displayName="CID Portal - UN Numbers" parentSchemaName="ovs_operationunnumber" parentDisplayName="Operation UN Number" id="{121715d2-c97b-ec11-8d20-000d3aff1221}" />
      </MissingDependency>
      <MissingDependency>
        <Required type="2" schemaName="statuscode" displayName="Status Reason" parentSchemaName="ovs_operationunnumber" parentDisplayName="Operation UN Number" solution="Active" />
        <Dependent type="26" schemaName="CID Portal - Validation - Site UN Numbers" displayName="CID Portal - Validation - Site UN Numbers" parentSchemaName="ovs_operationunnumber" parentDisplayName="Operation UN Number" id="{f8942a0f-cb92-ec11-b3fe-000d3a0c187c}" />
      </MissingDependency>
      <MissingDependency>
        <Required type="20" displayName="FDR Admin" solution="Active" id="{278a7197-d1c0-ec11-983e-0022483db1c0}" />
        <Dependent type="60" displayName="FDR - Operation Form" parentDisplayName="Operation" id="{6be00af2-4b11-4926-b141-914715128269}" />
      </MissingDependency>
      <MissingDependency>
        <Required type="20" displayName="FDR Engineer" solution="Active" id="{51cb2f5b-c7ae-ec11-983e-000d3a84adbc}" />
        <Dependent type="60" displayName="FDR - Operation Form" parentDisplayName="Operation" id="{6be00af2-4b11-4926-b141-914715128269}" />
      </MissingDependency>
      <MissingDependency>
        <Required type="20" displayName="TDG Manager" solution="Active" id="{545418f6-d089-eb11-b1ac-000d3ae92dbf}" />
        <Dependent type="60" displayName="Information" parentDisplayName="Operation" id="{a09fc69f-3ace-46b5-85f1-be132f683042}" />
      </MissingDependency>
      <MissingDependency>
        <Required type="20" displayName="TDG Analyst" solution="Active" id="{6ba72790-cf89-eb11-b1ac-000d3ae92dbf}" />
        <Dependent type="60" displayName="Information" parentDisplayName="Operation" id="{a09fc69f-3ace-46b5-85f1-be132f683042}" />
      </MissingDependency>
      <MissingDependency>
        <Required type="20" displayName="TDG Base" solution="Active" id="{6ee20a40-2264-eb11-a812-000d3aff0dda}" />
        <Dependent type="60" displayName="Information" parentDisplayName="Operation" id="{a09fc69f-3ace-46b5-85f1-be132f683042}" />
      </MissingDependency>
      <MissingDependency>
        <Required type="20" displayName="TDG Planner" solution="Active" id="{a8d3ef08-d189-eb11-b1ac-000d3ae92dbf}" />
        <Dependent type="60" displayName="Operation Planner Form" parentDisplayName="Operation" id="{b5ce5078-8c7f-ec11-8d20-0022483dbafc}" />
      </MissingDependency>
      <MissingDependency>
        <Required type="20" displayName="TDG Inspector Mobile" solution="Active" id="{c986520a-bc01-ec11-94f0-0022483c1f45}" />
        <Dependent type="60" displayName="Information" parentDisplayName="Operation" id="{a09fc69f-3ace-46b5-85f1-be132f683042}" />
      </MissingDependency>
      <MissingDependency>
        <Required type="20" displayName="TDG Inspector" solution="Active" id="{de8e34ea-d189-eb11-b1ac-000d3ae92dbf}" />
        <Dependent type="60" displayName="Information" parentDisplayName="Operation" id="{a09fc69f-3ace-46b5-85f1-be132f683042}" />
      </MissingDependency>
      <MissingDependency>
        <Required type="26" schemaName="Operation UN Numbers (Active)" displayName="Operation UN Numbers (Active)" parentSchemaName="ovs_operationunnumber" parentDisplayName="Operation UN Number" solution="Active" id="{2e7c7b15-98b4-4cc3-a0da-0f193b0759d2}" />
        <Dependent type="60" displayName="FDR - Operation Form" parentDisplayName="Operation" id="{6be00af2-4b11-4926-b141-914715128269}" />
      </MissingDependency>
      <MissingDependency>
        <Required type="26" schemaName="Operation UN Numbers (Active)" displayName="Operation UN Numbers (Active)" parentSchemaName="ovs_operationunnumber" parentDisplayName="Operation UN Number" solution="Active" id="{2e7c7b15-98b4-4cc3-a0da-0f193b0759d2}" />
        <Dependent type="60" displayName="CID Portal - Operation Registration Wizard" parentDisplayName="Operation" id="{6da9f66c-0427-4bd5-9080-00771c169f70}" />
      </MissingDependency>
      <MissingDependency>
        <Required type="26" schemaName="Operation UN Numbers (Active)" displayName="Operation UN Numbers (Active)" parentSchemaName="ovs_operationunnumber" parentDisplayName="Operation UN Number" solution="Active" id="{2e7c7b15-98b4-4cc3-a0da-0f193b0759d2}" />
        <Dependent type="60" displayName="Information" parentDisplayName="Operation" id="{a09fc69f-3ace-46b5-85f1-be132f683042}" />
      </MissingDependency>
      <MissingDependency>
        <Required type="26" schemaName="Operation UN Numbers (Active)" displayName="Operation UN Numbers (Active)" parentSchemaName="ovs_operationunnumber" parentDisplayName="Operation UN Number" solution="Active" id="{2e7c7b15-98b4-4cc3-a0da-0f193b0759d2}" />
        <Dependent type="60" displayName="Operation Planner Form" parentDisplayName="Operation" id="{b5ce5078-8c7f-ec11-8d20-0022483dbafc}" />
      </MissingDependency>
      <MissingDependency>
        <Required type="26" schemaName="CID Portal - NAICS Codes - Last Node" displayName="CID Portal - NAICS Codes - Last Node" parentSchemaName="cid_naicscode" parentDisplayName="NAICS Codes Master List" solution="Active" id="{34dc48c2-e47b-ec11-8d20-000d3aff1221}" />
        <Dependent type="60" displayName="Company NAICS Code  - Portal Form" parentDisplayName="Company NAICS Code" id="{4c3872ec-0895-4135-98eb-ed7c064b450b}" />
      </MissingDependency>
      <MissingDependency>
        <Required type="26" schemaName="Active Air Operator Functions" displayName="Active Air Operator Functions" parentSchemaName="ovs_airoperatorfunction" parentDisplayName="Air Operator Function" solution="Active" id="{570df2bd-257b-4369-a5c6-f02fa59ba2f1}" />
        <Dependent type="60" displayName="FDR - Operation Form" parentDisplayName="Operation" id="{6be00af2-4b11-4926-b141-914715128269}" />
      </MissingDependency>
      <MissingDependency>
        <Required type="26" schemaName="Active Air Operator Functions" displayName="Active Air Operator Functions" parentSchemaName="ovs_airoperatorfunction" parentDisplayName="Air Operator Function" solution="Active" id="{570df2bd-257b-4369-a5c6-f02fa59ba2f1}" />
        <Dependent type="60" displayName="Information" parentDisplayName="Operation" id="{a09fc69f-3ace-46b5-85f1-be132f683042}" />
      </MissingDependency>
      <MissingDependency>
        <Required type="26" schemaName="Active Air Operator Functions" displayName="Active Air Operator Functions" parentSchemaName="ovs_airoperatorfunction" parentDisplayName="Air Operator Function" solution="Active" id="{570df2bd-257b-4369-a5c6-f02fa59ba2f1}" />
        <Dependent type="60" displayName="Operation Planner Form" parentDisplayName="Operation" id="{b5ce5078-8c7f-ec11-8d20-0022483dbafc}" />
      </MissingDependency>
      <MissingDependency>
        <Required type="26" schemaName="NAICS Codes Master List Lookup View" displayName="NAICS Codes Master List Lookup View" parentSchemaName="cid_naicscode" parentDisplayName="NAICS Codes Master List" solution="Active" id="{6205c01f-6d6a-4633-bc30-7b62d33136e7}" />
        <Dependent type="60" displayName="Company NAICS Code  - Portal Form" parentDisplayName="Company NAICS Code" id="{4c3872ec-0895-4135-98eb-ed7c064b450b}" />
      </MissingDependency>
      <MissingDependency>
        <Required type="26" schemaName="Active Aircraft Types" displayName="Active Aircraft Types" parentSchemaName="ovs_aircrafttype" parentDisplayName="Aircraft Type" solution="Active" id="{88caeabd-3ad9-475b-91cd-75ce996edf16}" />
        <Dependent type="60" displayName="FDR - Operation Form" parentDisplayName="Operation" id="{6be00af2-4b11-4926-b141-914715128269}" />
      </MissingDependency>
      <MissingDependency>
        <Required type="26" schemaName="Active Aircraft Types" displayName="Active Aircraft Types" parentSchemaName="ovs_aircrafttype" parentDisplayName="Aircraft Type" solution="Active" id="{88caeabd-3ad9-475b-91cd-75ce996edf16}" />
        <Dependent type="60" displayName="Information" parentDisplayName="Operation" id="{a09fc69f-3ace-46b5-85f1-be132f683042}" />
      </MissingDependency>
      <MissingDependency>
        <Required type="26" schemaName="Active Aircraft Types" displayName="Active Aircraft Types" parentSchemaName="ovs_aircrafttype" parentDisplayName="Aircraft Type" solution="Active" id="{88caeabd-3ad9-475b-91cd-75ce996edf16}" />
        <Dependent type="60" displayName="Operation Planner Form" parentDisplayName="Operation" id="{b5ce5078-8c7f-ec11-8d20-0022483dbafc}" />
      </MissingDependency>
      <MissingDependency>
        <Required type="26" schemaName="Active Modes" displayName="Active Modes" parentSchemaName="ovs_modes" parentDisplayName="Modes" solution="Active" id="{93a77384-be4d-4e0d-9056-163854d6282c}" />
        <Dependent type="60" displayName="QuckView - Modes" parentDisplayName="Operation" id="{20691350-3944-478a-a6a4-e2c780e4210b}" />
      </MissingDependency>
      <MissingDependency>
        <Required type="26" schemaName="Active Modes" displayName="Active Modes" parentSchemaName="ovs_modes" parentDisplayName="Modes" solution="Active" id="{93a77384-be4d-4e0d-9056-163854d6282c}" />
        <Dependent type="60" displayName="FDR - Operation Form" parentDisplayName="Operation" id="{6be00af2-4b11-4926-b141-914715128269}" />
      </MissingDependency>
      <MissingDependency>
        <Required type="26" schemaName="Active Modes" displayName="Active Modes" parentSchemaName="ovs_modes" parentDisplayName="Modes" solution="Active" id="{93a77384-be4d-4e0d-9056-163854d6282c}" />
        <Dependent type="60" displayName="Information" parentDisplayName="Operation" id="{a09fc69f-3ace-46b5-85f1-be132f683042}" />
      </MissingDependency>
      <MissingDependency>
        <Required type="26" schemaName="Active Modes" displayName="Active Modes" parentSchemaName="ovs_modes" parentDisplayName="Modes" solution="Active" id="{93a77384-be4d-4e0d-9056-163854d6282c}" />
        <Dependent type="60" displayName="Operation Planner Form" parentDisplayName="Operation" id="{b5ce5078-8c7f-ec11-8d20-0022483dbafc}" />
      </MissingDependency>
      <MissingDependency>
        <Required type="26" schemaName="Active MOC Types" displayName="Active MOC Types" parentSchemaName="ovs_moctype" parentDisplayName="MOC Type" solution="Active" id="{a759bf0f-872d-491d-b04a-ae7737c6f78e}" />
        <Dependent type="60" displayName="FDR - Operation Form" parentDisplayName="Operation" id="{6be00af2-4b11-4926-b141-914715128269}" />
      </MissingDependency>
      <MissingDependency>
        <Required type="26" schemaName="Active MOC Types" displayName="Active MOC Types" parentSchemaName="ovs_moctype" parentDisplayName="MOC Type" solution="Active" id="{a759bf0f-872d-491d-b04a-ae7737c6f78e}" />
        <Dependent type="60" displayName="Information" parentDisplayName="Operation" id="{a09fc69f-3ace-46b5-85f1-be132f683042}" />
      </MissingDependency>
      <MissingDependency>
        <Required type="26" schemaName="Active MOC Types" displayName="Active MOC Types" parentSchemaName="ovs_moctype" parentDisplayName="MOC Type" solution="Active" id="{a759bf0f-872d-491d-b04a-ae7737c6f78e}" />
        <Dependent type="60" displayName="Operation Planner Form" parentDisplayName="Operation" id="{b5ce5078-8c7f-ec11-8d20-0022483dbafc}" />
      </MissingDependency>
      <MissingDependency>
        <Required type="26" schemaName="CLASS (Active)" displayName="CLASS (Active)" parentSchemaName="ovs_operationclass" parentDisplayName="Operation Class" solution="Active" id="{affe1090-e5c2-4951-854a-1ac530d0dfa0}" />
        <Dependent type="60" displayName="FDR - Operation Form" parentDisplayName="Operation" id="{6be00af2-4b11-4926-b141-914715128269}" />
      </MissingDependency>
      <MissingDependency>
        <Required type="26" schemaName="CLASS (Active)" displayName="CLASS (Active)" parentSchemaName="ovs_operationclass" parentDisplayName="Operation Class" solution="Active" id="{affe1090-e5c2-4951-854a-1ac530d0dfa0}" />
        <Dependent type="60" displayName="CID Portal - Operation Registration Wizard" parentDisplayName="Operation" id="{6da9f66c-0427-4bd5-9080-00771c169f70}" />
      </MissingDependency>
      <MissingDependency>
        <Required type="26" schemaName="CLASS (Active)" displayName="CLASS (Active)" parentSchemaName="ovs_operationclass" parentDisplayName="Operation Class" solution="Active" id="{affe1090-e5c2-4951-854a-1ac530d0dfa0}" />
        <Dependent type="60" displayName="Information" parentDisplayName="Operation" id="{a09fc69f-3ace-46b5-85f1-be132f683042}" />
      </MissingDependency>
      <MissingDependency>
        <Required type="26" schemaName="CLASS (Active)" displayName="CLASS (Active)" parentSchemaName="ovs_operationclass" parentDisplayName="Operation Class" solution="Active" id="{affe1090-e5c2-4951-854a-1ac530d0dfa0}" />
        <Dependent type="60" displayName="Operation Planner Form" parentDisplayName="Operation" id="{b5ce5078-8c7f-ec11-8d20-0022483dbafc}" />
      </MissingDependency>
      <MissingDependency>
        <Required type="26" schemaName="Active Air Operator Types" displayName="Active Air Operator Types" parentSchemaName="ovs_airoperatortype" parentDisplayName="Air Operator Type" solution="Active" id="{b07fee2e-98d2-423b-bb64-381ce482cc19}" />
        <Dependent type="60" displayName="FDR - Operation Form" parentDisplayName="Operation" id="{6be00af2-4b11-4926-b141-914715128269}" />
      </MissingDependency>
      <MissingDependency>
        <Required type="26" schemaName="Active Air Operator Types" displayName="Active Air Operator Types" parentSchemaName="ovs_airoperatortype" parentDisplayName="Air Operator Type" solution="Active" id="{b07fee2e-98d2-423b-bb64-381ce482cc19}" />
        <Dependent type="60" displayName="Information" parentDisplayName="Operation" id="{a09fc69f-3ace-46b5-85f1-be132f683042}" />
      </MissingDependency>
      <MissingDependency>
        <Required type="26" schemaName="Active Air Operator Types" displayName="Active Air Operator Types" parentSchemaName="ovs_airoperatortype" parentDisplayName="Air Operator Type" solution="Active" id="{b07fee2e-98d2-423b-bb64-381ce482cc19}" />
        <Dependent type="60" displayName="Operation Planner Form" parentDisplayName="Operation" id="{b5ce5078-8c7f-ec11-8d20-0022483dbafc}" />
      </MissingDependency>
      <MissingDependency>
        <Required type="61" schemaName="fdr_operation_fdr_main.js" displayName="fdr_operation_fdr_main.js" solution="Active" />
        <Dependent type="60" displayName="FDR - Operation Form" parentDisplayName="Operation" id="{6be00af2-4b11-4926-b141-914715128269}" />
      </MissingDependency>
      <MissingDependency>
        <Required type="61" schemaName="ikl_/Attach2Dynamics/Library/index.html" displayName="ikl_/Attach2Dynamics/Library/index.html" solution="Attach2Dynamics (9.0.0.24)">
          <package>Attach2Dynamics (9.0.0.24)</package>
        </Required>
        <Dependent type="60" displayName="FDR - Operation Form" parentDisplayName="Operation" id="{6be00af2-4b11-4926-b141-914715128269}" />
      </MissingDependency>
      <MissingDependency>
        <Required type="61" schemaName="ovs_moc_mainform" displayName="ovs_moc_mainform" solution="Active" />
        <Dependent type="60" displayName="CID Portal - Operation Registration Wizard" parentDisplayName="Operation" id="{6da9f66c-0427-4bd5-9080-00771c169f70}" />
      </MissingDependency>
      <MissingDependency>
        <Required type="61" schemaName="ovs_moc_mainform" displayName="ovs_moc_mainform" solution="Active" />
        <Dependent type="60" displayName="Information" parentDisplayName="Operation" id="{a09fc69f-3ace-46b5-85f1-be132f683042}" />
      </MissingDependency>
      <MissingDependency>
        <Required type="61" schemaName="ovs_moc_mainform_planner" displayName="ovs_moc_mainform_planner" solution="Active" />
        <Dependent type="60" displayName="Operation Planner Form" parentDisplayName="Operation" id="{b5ce5078-8c7f-ec11-8d20-0022483dbafc}" />
      </MissingDependency>
      <MissingDependency>
        <Required type="61" schemaName="ovs_OperationClass_MainForm.js" displayName="ovs_OperationClass_MainForm.js" solution="Active" />
        <Dependent type="60" displayName="CID Portal - Classes" parentDisplayName="Operation Class" id="{290953da-13ac-4cce-97af-19d754e40fc9}" />
      </MissingDependency>
      <MissingDependency>
        <Required type="61" schemaName="qm_/SiteHOTImessage.html" displayName="qm_/SiteHOTImessage.html" solution="Active" />
        <Dependent type="60" displayName="FDR - Operation Form" parentDisplayName="Operation" id="{6be00af2-4b11-4926-b141-914715128269}" />
      </MissingDependency>
      <MissingDependency>
        <Required type="61" schemaName="qm_/SiteHOTImessage.html" displayName="qm_/SiteHOTImessage.html" solution="Active" />
        <Dependent type="60" displayName="Information" parentDisplayName="Operation" id="{a09fc69f-3ace-46b5-85f1-be132f683042}" />
      </MissingDependency>
      <MissingDependency>
        <Required type="61" schemaName="qm_/SiteHOTImessage.html" displayName="qm_/SiteHOTImessage.html" solution="Active" />
        <Dependent type="60" displayName="Operation Planner Form" parentDisplayName="Operation" id="{b5ce5078-8c7f-ec11-8d20-0022483dbafc}" />
      </MissingDependency>
      <MissingDependency>
        <Required type="61" schemaName="qm_globalHelper.js" displayName="qm_globalHelper.js" solution="Active" />
        <Dependent type="60" displayName="CID Portal - Classes" parentDisplayName="Operation Class" id="{290953da-13ac-4cce-97af-19d754e40fc9}" />
      </MissingDependency>
      <MissingDependency>
        <Required type="61" schemaName="qm_globalHelper.js" displayName="qm_globalHelper.js" solution="Active" />
        <Dependent type="60" displayName="FDR - Operation Form" parentDisplayName="Operation" id="{6be00af2-4b11-4926-b141-914715128269}" />
      </MissingDependency>
      <MissingDependency>
        <Required type="61" schemaName="qm_globalHelper.js" displayName="qm_globalHelper.js" solution="Active" />
        <Dependent type="60" displayName="CID Portal - Operation Registration Wizard" parentDisplayName="Operation" id="{6da9f66c-0427-4bd5-9080-00771c169f70}" />
      </MissingDependency>
      <MissingDependency>
        <Required type="61" schemaName="qm_globalHelper.js" displayName="qm_globalHelper.js" solution="Active" />
        <Dependent type="60" displayName="Information" parentDisplayName="Operation" id="{a09fc69f-3ace-46b5-85f1-be132f683042}" />
      </MissingDependency>
      <MissingDependency>
        <Required type="61" schemaName="qm_globalHelper.js" displayName="qm_globalHelper.js" solution="Active" />
        <Dependent type="60" displayName="Operation Planner Form" parentDisplayName="Operation" id="{b5ce5078-8c7f-ec11-8d20-0022483dbafc}" />
      </MissingDependency>
      <MissingDependency>
        <Required type="61" schemaName="root_companyicon" displayName="root_companyicon" solution="Active" />
        <Dependent type="1" schemaName="root_company" displayName="Company" />
      </MissingDependency>
      <MissingDependency>
        <Required type="66" schemaName="MscrmControls.Grid.GridControl" displayName="MscrmControls.Grid.GridControl" solution="BaseCustomControlsCore (9.0.2206.1009)" />
        <Dependent type="68" id="{faa106c3-6914-4d81-b3f7-ab6d48d4fe30}" />
      </MissingDependency>
      <MissingDependency>
        <Required type="9" schemaName="cid_sourceofcreation" displayName="Source Of Creation" solution="Active" />
        <Dependent type="2" schemaName="cid_sourceofcreation" displayName="Source Of Creation" parentSchemaName="cid_companynaicscode" parentDisplayName="Company NAICS Code" />
      </MissingDependency>
      <MissingDependency>
        <Required type="9" schemaName="fdr_operationstatus" displayName="Operation Status" solution="Active" />
        <Dependent type="2" schemaName="fdr_operationstatus" displayName="Operation Status" parentSchemaName="ovs_mocregistration" parentDisplayName="Operation" />
      </MissingDependency>
      <MissingDependency>
        <Required type="9" schemaName="ovs_erapcategory" displayName="ERAP Category" solution="Active" />
        <Dependent type="2" schemaName="ovs_erapcategory" displayName="ERAP Category" parentSchemaName="tdg_unnumber" parentDisplayName="UN Number" />
      </MissingDependency>
      <MissingDependency>
        <Required type="9" schemaName="ovs_mocprogram" displayName="MOC Program" solution="Active" />
        <Dependent type="2" schemaName="ovs_mocprogram" displayName="MOC Program" parentSchemaName="ovs_mocregistration" parentDisplayName="Operation" />
      </MissingDependency>
      <MissingDependency>
        <Required type="9" schemaName="ovs_operationtype" displayName="Operation Type" solution="Active" />
        <Dependent type="2" schemaName="ovs_operationtype" displayName="Operation Type" parentSchemaName="ovs_mocregistration" parentDisplayName="Operation" />
      </MissingDependency>
      <MissingDependency>
        <Required type="9" schemaName="ovs_riskcategory" displayName="Risk Category" solution="Active" />
        <Dependent type="2" schemaName="ovs_cdriskcategory" displayName="Risk Category" parentSchemaName="ovs_mocregistration" parentDisplayName="Operation" />
      </MissingDependency>
      <MissingDependency>
        <Required type="9" schemaName="qm_supplychaindirection" displayName="Supply Chain Direction" solution="Active" />
        <Dependent type="2" schemaName="ovs_supplychaindirection" displayName="Supply Chain Direction" parentSchemaName="ovs_operationclass" parentDisplayName="Operation Class" />
      </MissingDependency>
      <MissingDependency>
        <Required type="9" schemaName="tdg_exceptedquantities" displayName="Excepted Quantities" solution="Active" />
        <Dependent type="2" schemaName="tdg_exceptedquantitiestxt" displayName=" 6 (b) Excepted Quantities" parentSchemaName="tdg_unnumber" parentDisplayName="UN Number" />
      </MissingDependency>
      <MissingDependency>
        <Required type="9" schemaName="tdg_packinggroup" displayName="Packing Group" solution="Active" />
        <Dependent type="2" schemaName="tdg_packinggroupcd" displayName="Packing Group" parentSchemaName="tdg_unnumber" parentDisplayName="UN Number" />
      </MissingDependency>
      <MissingDependency>
        <Required type="9" schemaName="tdg_secondaryclass" displayName="Secondary Class" solution="Active" />
        <Dependent type="2" schemaName="tdg_secondaryclasscd" displayName="Subsidiary Class" parentSchemaName="tdg_unnumber" parentDisplayName="UN Number" />
      </MissingDependency>
      <MissingDependency>
        <Required type="9" schemaName="tdg_specialprovisions" displayName="Special Provisions" solution="Active" />
        <Dependent type="2" schemaName="tdg_specialprovisionscd" displayName="Special Provisions" parentSchemaName="tdg_unnumber" parentDisplayName="UN Number" />
      </MissingDependency>
    </MissingDependencies>
  </SolutionManifest>
</ImportExportXml>