{
  "environmentvariablevalues": {
    "environmentvariablevalue": {
      "@environmentvariablevalueid": "6219ad65-b75e-ec11-8f8e-000d3a843c9b",
      "iscustomizable": "1",
      "value": "[{\"Primary_Classes\":\"918640006\",\"ERAP_CATEGORY\":\"918640001\"},{\"Primary_Classes\":\"918640000\",\"ERAP_CATEGORY\":\"918640001\"},{\"Primary_Classes\":\"918640001\",\"ERAP_CATEGORY\":\"918640001\"},{\"Primary_Classes\":\"918640002\",\"ERAP_CATEGORY\":\"918640001\"},{\"Primary_Classes\":\"918640003\",\"ERAP_CATEGORY\":\"918640004\"},{\"Primary_Classes\":\"918640004\",\"ERAP_CATEGORY\":\"918640002\"},{\"Primary_Classes\":\"918640005\",\"ERAP_CATEGORY\":\"918640004\"},{\"Primary_Classes\":\"918640007\",\"ERAP_CATEGORY\":\"918640001\"},{\"Primary_Classes\":\"34\",\"ERAP_CATEGORY\":\"918640001\"},{\"Primary_Classes\":\"35\",\"ERAP_CATEGORY\":\"918640001\"},{\"Primary_Classes\":\"36\",\"ERAP_CATEGORY\":\"918640001\"},{\"Primary_Classes\":\"37\",\"ERAP_CATEGORY\":\"918640002\"},{\"Primary_Classes\":\"918640008\",\"ERAP_CATEGORY\":\"918640001\"},{\"Primary_Classes\":\"38\",\"ERAP_CATEGORY\":\"918640001\"},{\"Primary_Classes\":\"39\",\"ERAP_CATEGORY\":\"918640002\"},{\"Primary_Classes\":\"40\",\"ERAP_CATEGORY\":\"918640002\"},{\"Primary_Classes\":\"918640009\",\"ERAP_CATEGORY\":\"918640001\"},{\"Primary_Classes\":\"41\",\"ERAP_CATEGORY\":\"918640001\"},{\"Primary_Classes\":\"42\",\"ERAP_CATEGORY\":\"918640001\"},{\"Primary_Classes\":\"918640010\",\"ERAP_CATEGORY\":\"918640002\"},{\"Primary_Classes\":\"43\",\"ERAP_CATEGORY\":\"918640002\"},{\"Primary_Classes\":\"44\",\"ERAP_CATEGORY\":\"918640004\"},{\"Primary_Classes\":\"45\",\"ERAP_CATEGORY\":\"918640000\"},{\"Primary_Classes\":\"46\",\"ERAP_CATEGORY\":\"918640002\"},{\"Primary_Classes\":\"47\",\"ERAP_CATEGORY\":\"918640004\"},{\"Primary_Classes\":\"48\",\"ERAP_CATEGORY\":\"918640000\"}]"
    }
  }
}