<ImportExportXml xmlns:xsi="http://www.w3.org/2001/XMLSchema-instance">
  <Entities>
    <Entity>
      <Name LocalizedName="Operation" OriginalName="Operation">ovs_MOCRegistration</Name>
      <EntityInfo>
        <entity Name="ovs_MOCRegistration" unmodified="1">
          <attributes />
        </entity>
      </EntityInfo>
      <RibbonDiffXml>
        <CustomActions>
          <CustomAction Id="fdr.fdr_operation_to_srf.Button.AddExistingAssoc.CustomAction" Location="Mscrm.SubGrid.ovs_mocregistration.MainTab.Management.Controls._children" Sequence="35">
            <CommandUIDefinition>
              <Button Alt="$LocLabels:fdr_operation_to_srf.Button.AddExistingAssoc.Alt" Command="fdr_operation_to_srf.Button.AddExistingAssoc" Id="fdr_operation_to_srf.Button.AddExistingAssoc" Image32by32="/_imgs/ribbon/AddExistingStandard_32.png" Image16by16="/_imgs/ribbon/AddExistingStandard_16.png" LabelText="$LocLabels:fdr_operation_to_srf.Button.AddExistingAssoc.LabelText" Sequence="35" TemplateAlias="o1" ToolTipTitle="$LocLabels:fdr_operation_to_srf.Button.AddExistingAssoc.ToolTipTitle" ToolTipDescription="$LocLabels:fdr_operation_to_srf.Button.AddExistingAssoc.ToolTipDescription" ModernImage="AddExisting" />
            </CommandUIDefinition>
          </CustomAction>
          <CustomAction Id="fdr.Mscrm.Form.ovs_mocregistration.NewRecord.CustomAction" Location="Mscrm.Form.ovs_mocregistration.MainTab.Save.Controls._children" Sequence="45">
            <CommandUIDefinition>
              <Button Alt="$Resources:Ribbon.HomepageGrid.MainTab.New" Command="Mscrm.NewRecordFromForm" Id="Mscrm.Form.ovs_mocregistration.NewRecord" Image32by32="/_imgs/ribbon/newrecord32.png" Image16by16="/_imgs/ribbon/NewRecord_16.png" LabelText="$LocLabels:Mscrm.Form.ovs_mocregistration.NewRecord.LabelText" Sequence="45" TemplateAlias="o1" ToolTipTitle="$Resources:Ribbon.HomepageGrid.MainTab.New" ToolTipDescription="$Resources(EntityDisplayName):Ribbon.Tooltip.New" ModernImage="New" />
            </CommandUIDefinition>
          </CustomAction>
          <CustomAction Id="fdr.Mscrm.Form.ovs_mocregistration.NewRecordForBPFEntity.CustomAction" Location="Mscrm.Form.ovs_mocregistration.MainTab.Save.Controls._children" Sequence="45">
            <CommandUIDefinition>
              <Button Alt="$Resources:Ribbon.HomepageGrid.MainTab.New" Command="Mscrm.Form.NewRecordForBPFEntity" Id="Mscrm.Form.ovs_mocregistration.NewRecordForBPFEntity" Image32by32="/_imgs/ribbon/newrecord32.png" Image16by16="/_imgs/ribbon/NewRecord_16.png" LabelText="$Resources:Ribbon.HomepageGrid.MainTab.New" Sequence="45" TemplateAlias="o1" ToolTipTitle="$Resources:Ribbon.HomepageGrid.MainTab.New" ToolTipDescription="$Resources(EntityDisplayName):Ribbon.Tooltip.New" ModernImage="New" />
            </CommandUIDefinition>
          </CustomAction>
          <CustomAction Id="fdr.Mscrm.SubGrid.ovs_mocregistration.AddExistingStandard.CustomAction" Location="Mscrm.SubGrid.ovs_mocregistration.MainTab.Management.Controls._children" Sequence="30">
            <CommandUIDefinition>
              <Button Alt="$LocLabels:Mscrm.SubGrid.ovs_mocregistration.AddExistingStandard.Alt" Command="Mscrm.AddExistingRecordFromSubGridAssociated" Id="Mscrm.SubGrid.ovs_mocregistration.AddExistingStandard" Image32by32="/_imgs/ribbon/AddExistingStandard_32.png" Image16by16="/_imgs/ribbon/AddExistingStandard_16.png" LabelText="$LocLabels:Mscrm.SubGrid.ovs_mocregistration.AddExistingStandard.LabelText" Sequence="30" TemplateAlias="o1" ToolTipTitle="$LocLabels:Mscrm.SubGrid.ovs_mocregistration.AddExistingStandard.ToolTipTitle" ToolTipDescription="$Resources(EntityDisplayName):Mscrm_SubGrid_EntityLogicalName_MainTab_Management_AddExistingStandard_ToolTipDescription" ModernImage="AddExisting" />
            </CommandUIDefinition>
          </CustomAction>
          <CustomAction Id="fdr.Mscrm.SubGrid.ovs_mocregistration.AddNewStandard.CustomAction" Location="Mscrm.SubGrid.ovs_mocregistration.MainTab.Management.Controls._children" Sequence="20">
            <CommandUIDefinition>
              <Button Alt="$LocLabels:Mscrm.SubGrid.ovs_mocregistration.AddNewStandard.Alt" Command="Mscrm.AddNewRecordFromSubGridStandard" Id="Mscrm.SubGrid.ovs_mocregistration.AddNewStandard" Image32by32="/_imgs/ribbon/newrecord32.png" Image16by16="/_imgs/ribbon/New_16.png" LabelText="$LocLabels:Mscrm.SubGrid.ovs_mocregistration.AddNewStandard.LabelText" Sequence="20" TemplateAlias="o1" ToolTipTitle="$LocLabels:Mscrm.SubGrid.ovs_mocregistration.AddNewStandard.ToolTipTitle" ToolTipDescription="$Resources(EntityDisplayName):Mscrm_SubGrid_EntityLogicalName_MainTab_Management_AddNewStandard_ToolTipDescription" ModernImage="New" />
            </CommandUIDefinition>
          </CustomAction>
        </CustomActions>
        <Templates>
          <RibbonTemplates Id="Mscrm.Templates"></RibbonTemplates>
        </Templates>
        <CommandDefinitions>
          <CommandDefinition Id="fdr_operation_to_srf.Button.AddExistingAssoc">
            <EnableRules>
              <EnableRule Id="Mscrm.AppendToPrimary" />
              <EnableRule Id="Mscrm.EntityFormIsEnabled" />
              <EnableRule Id="fdr.Operation.EnableRule.ShowAddExisting_4_ServiceRequestFunction" />
            </EnableRules>
            <DisplayRules>
              <DisplayRule Id="Mscrm.AddExisting" />
              <DisplayRule Id="Mscrm.ShowForManyToManyGrids" />
              <DisplayRule Id="Mscrm.AppendToPrimary" />
              <DisplayRule Id="Mscrm.AppendPrimary" />
              <DisplayRule Id="Mscrm.AppendSelected" />
              <DisplayRule Id="Mscrm.AppendToSelected" />
            </DisplayRules>
            <Actions>
              <JavaScriptFunction FunctionName="Operation_Ribbon.openOperationsPanel" Library="$webresource:fdr_operations_ribbon">
                <CrmParameter Value="FirstPrimaryItemId" />
                <CrmParameter Value="UserLcid" />
                <CrmParameter Value="SelectedControl" />
                <CrmParameter Value="PrimaryControl" />
              </JavaScriptFunction>
            </Actions>
          </CommandDefinition>
          <CommandDefinition Id="Mscrm.AddExistingRecordFromSubGridAssociated">
            <EnableRules>
              <EnableRule Id="Mscrm.AppendToPrimary" />
              <EnableRule Id="Mscrm.EntityFormIsEnabled" />
              <EnableRule Id="fdr.Operation.EnableRule.HideAddExisting_4_ServiceRequestFunction" />
            </EnableRules>
            <DisplayRules>
              <DisplayRule Id="Mscrm.AddExisting" />
              <DisplayRule Id="Mscrm.ShowForManyToManyGrids" />
              <DisplayRule Id="Mscrm.AppendToPrimary" />
              <DisplayRule Id="Mscrm.AppendPrimary" />
              <DisplayRule Id="Mscrm.AppendSelected" />
              <DisplayRule Id="Mscrm.AppendToSelected" />
              <DisplayRule Id="fdr.Operation.HideAddExisting_4_ServiceRequestFunction" />
            </DisplayRules>
            <Actions>
              <JavaScriptFunction FunctionName="XrmCore.Commands.AddFromSubGrid.addExistingFromSubGridAssociated" Library="$webresource:Main_system_library.js">
                <CrmParameter Value="FirstPrimaryItemId" />
                <CrmParameter Value="UserLcid" />
                <CrmParameter Value="SelectedControl" />
                <CrmParameter Value="PrimaryControl" />
              </JavaScriptFunction>
            </Actions>
          </CommandDefinition>
          <CommandDefinition Id="Mscrm.NewRecordFromForm">
            <EnableRules>
              <EnableRule Id="Mscrm.AvailableOnForm" />
              <EnableRule Id="Mscrm.IsEntityAvailableForUserInMocaOffline" />
              <EnableRule Id="fdr.ovs_mocregistration.EnableRule.HideForFDR.IsVisble.Form" />
            </EnableRules>
            <DisplayRules>
              <DisplayRule Id="Mscrm.PrimaryIsNotActivity" />
              <DisplayRule Id="Mscrm.HideInLegacyRibbon" />
              <DisplayRule Id="Mscrm.CreatePrimaryEntityPermission" />
              <DisplayRule Id="Mscrm.PrimaryEntityIsNotBPFEntity" />
            </DisplayRules>
            <Actions>
              <JavaScriptFunction FunctionName="XrmCore.Commands.Open.openNewRecord" Library="$webresource:Main_system_library.js">
                <CrmParameter Value="PrimaryEntityTypeName" />
              </JavaScriptFunction>
            </Actions>
          </CommandDefinition>
          <CommandDefinition Id="Mscrm.NewRecordFromGrid">
            <EnableRules>
              <EnableRule Id="Mscrm.IsValidForHierarchyView" />
              <EnableRule Id="Mscrm.IsValidForHierarchyPageInUC" />
              <EnableRule Id="Mscrm.IsEntityAvailableForUserInMocaOffline" />
              <EnableRule Id="Mscrm.PrimaryIsNotActivityHomePageGrid" />
              <EnableRule Id="fdr.ovs_mocregistration.EnableRule.HideForFDR.IsVisible.Grid" />
            </EnableRules>
            <DisplayRules>
              <DisplayRule Id="Mscrm.CreateSelectedEntityPermission" />
              <DisplayRule Id="Mscrm.ShowForNonRelationshipBoundGrids" />
              <DisplayRule Id="Mscrm.HideNewForChildEntities" />
              <DisplayRule Id="Mscrm.HideAddressEntities" />
              <DisplayRule Id="Mscrm.SelectedEntityIsNotBPFEntity" />
              <DisplayRule Id="Mscrm.IsNotActivityPointer" />
            </DisplayRules>
            <Actions>
              <JavaScriptFunction FunctionName="XrmCore.Commands.Open.openNewRecord" Library="$webresource:Main_system_library.js">
                <CrmParameter Value="SelectedEntityTypeName" />
                <CrmParameter Value="SelectedControl" />
              </JavaScriptFunction>
            </Actions>
          </CommandDefinition>
        </CommandDefinitions>
        <RuleDefinitions>
          <TabDisplayRules />
          <DisplayRules>
            <DisplayRule Id="Mscrm.CreatePrimaryEntityPermission">
              <EntityPrivilegeRule PrivilegeType="Create" PrivilegeDepth="Basic" AppliesTo="PrimaryEntity" />
            </DisplayRule>
            <DisplayRule Id="Mscrm.CreateSelectedEntityPermission">
              <EntityPrivilegeRule PrivilegeType="Create" PrivilegeDepth="Basic" AppliesTo="SelectedEntity" />
            </DisplayRule>
            <DisplayRule Id="Mscrm.HideAddressEntities">
              <EntityRule EntityName="customeraddress" AppliesTo="SelectedEntity" Default="false" InvertResult="true" />
            </DisplayRule>
            <DisplayRule Id="Mscrm.HideInLegacyRibbon">
              <CommandClientTypeRule Type="Legacy" InvertResult="true" />
              <PageRule Address="/userdefined/edit.aspx" InvertResult="true" />
              <PageRule Address="/advancedfind/advfind.aspx" InvertResult="true" />
              <PageRule Address="/advancedfind/fetchData.aspx" InvertResult="true" />
              <PageRule Address="/tools/formeditor/formeditor.aspx" InvertResult="true" />
              <PageRule Address="/tools/visualizationdesigner/visualizationdesigner.aspx" InvertResult="true" />
            </DisplayRule>
            <DisplayRule Id="Mscrm.HideNewForChildEntities">
              <EntityPropertyRule AppliesTo="SelectedEntity" PropertyName="IsChildEntity" PropertyValue="false" />
            </DisplayRule>
            <DisplayRule Id="Mscrm.IsNotActivityPointer">
              <EntityRule EntityName="activitypointer" AppliesTo="SelectedEntity" InvertResult="true" />
            </DisplayRule>
            <DisplayRule Id="Mscrm.PrimaryEntityIsNotBPFEntity">
              <EntityPropertyRule AppliesTo="PrimaryEntity" PropertyName="IsBPFEntity" PropertyValue="false" />
            </DisplayRule>
            <DisplayRule Id="Mscrm.PrimaryIsNotActivity">
              <EntityPropertyRule AppliesTo="PrimaryEntity" PropertyName="IsActivity" PropertyValue="false" />
            </DisplayRule>
            <DisplayRule Id="Mscrm.SelectedEntityIsNotBPFEntity">
              <EntityPropertyRule AppliesTo="SelectedEntity" PropertyName="IsBPFEntity" PropertyValue="false" />
            </DisplayRule>
            <DisplayRule Id="Mscrm.ShowForNonRelationshipBoundGrids">
              <RelationshipTypeRule AppliesTo="SelectedEntity" RelationshipType="NoRelationship" />
            </DisplayRule>
            <DisplayRule Id="ovs.ovs_mocregistration.DisplayRule0.DisplayRule">
              <EntityRule EntityName="fdr_servicerequestfunction" AppliesTo="SelectedEntity" Context="SubGridAssociated" Default="false" InvertResult="true" />
            </DisplayRule>
          </DisplayRules>
          <EnableRules>
            <EnableRule Id="fdr.Operation.EnableRule.HideAddExisting_4_ServiceRequestFunction">
              <EntityRule EntityName="fdr_servicerequestfunction" AppliesTo="PrimaryEntity" Default="false" InvertResult="true" />
            </EnableRule>
            <EnableRule Id="fdr.Operation.EnableRule.ShowAddExisting_4_ServiceRequestFunction">
              <EntityRule EntityName="fdr_servicerequestfunction" AppliesTo="PrimaryEntity" Default="false" InvertResult="false" />
            </EnableRule>
            <EnableRule Id="fdr.ovs_mocregistration.EnableRule.HideForFDR.IsVisble.Form">
              <EntityRule EntityName="ovs_mocregistration" AppliesTo="PrimaryEntity" Default="false" InvertResult="false" />
              <CustomRule FunctionName="Operation_Ribbon.isNewAllowed" Library="$webresource:fdr_operations_ribbon" />
            </EnableRule>
            <EnableRule Id="fdr.ovs_mocregistration.EnableRule.HideForFDR.IsVisible.Grid">
              <EntityRule EntityName="ovs_mocregistration" AppliesTo="SelectedEntity" Default="false" InvertResult="false" />
              <CustomRule FunctionName="Operation_Ribbon.isNewAllowed" Library="$webresource:fdr_operations_ribbon" />
            </EnableRule>
            <EnableRule Id="Mscrm.AvailableOnForm">
              <EntityRule AppliesTo="PrimaryEntity" Context="Form" Default="false" />
            </EnableRule>
            <EnableRule Id="Mscrm.IsEntityAvailableForUserInMocaOffline">
              <CustomRule FunctionName="XrmCore.Rules.Online.IsEntityAvailableForUserInMocaOffline" Library="$webresource:Main_system_library.js">
                <CrmParameter Value="SelectedEntityTypeName" />
              </CustomRule>
            </EnableRule>
            <EnableRule Id="Mscrm.IsValidForHierarchyPageInUC">
              <CustomRule FunctionName="XrmCore.Rules.HierarchyView.isValidForHierarchyPageInUC" Library="$webresource:Main_system_library.js" />
            </EnableRule>
            <EnableRule Id="Mscrm.IsValidForHierarchyView">
              <CustomRule FunctionName="XrmCore.Rules.HierarchyView.isValidForHierarchyView" Library="$webresource:Main_system_library.js" />
            </EnableRule>
            <EnableRule Id="Mscrm.PrimaryIsNotActivityHomePageGrid">
              <CustomRule FunctionName="XrmCore.Rules.Enabled.PrimaryIsNotActivityHomePageGrid" Library="$webresource:Main_system_library.js">
                <CrmParameter Value="SelectedEntityTypeName" />
                <CrmParameter Value="SelectedControl" />
              </CustomRule>
            </EnableRule>
          </EnableRules>
        </RuleDefinitions>
        <LocLabels>
          <LocLabel Id="fdr_operation_to_srf.Button.AddExistingAssoc.Alt">
            <Titles>
              <Title description="Add Existing {0}" languagecode="1033" />
            </Titles>
          </LocLabel>
          <LocLabel Id="fdr_operation_to_srf.Button.AddExistingAssoc.LabelText">
            <Titles>
              <Title description="Add Existing {0}" languagecode="1033" />
            </Titles>
          </LocLabel>
          <LocLabel Id="fdr_operation_to_srf.Button.AddExistingAssoc.ToolTipDescription">
            <Titles>
              <Title description="Add a {0} that already exists to the record you are working with." languagecode="1033" />
            </Titles>
          </LocLabel>
          <LocLabel Id="fdr_operation_to_srf.Button.AddExistingAssoc.ToolTipTitle">
            <Titles>
              <Title description="Add Existing {0}" languagecode="1033" />
            </Titles>
          </LocLabel>
          <LocLabel Id="Mscrm.Form.ovs_mocregistration.NewRecord.LabelText">
            <Titles>
              <Title description="New" languagecode="1033" />
              <Title description="New" languagecode="1036" />
            </Titles>
          </LocLabel>
          <LocLabel Id="Mscrm.SubGrid.ovs_mocregistration.AddExistingStandard.Alt">
            <Titles>
              <Title description="Add Existing {0}" languagecode="1033" />
              <Title description="Ajouter un {0}" languagecode="1036" />
            </Titles>
          </LocLabel>
          <LocLabel Id="Mscrm.SubGrid.ovs_mocregistration.AddExistingStandard.LabelText">
            <Titles>
              <Title description="Add Existing {0}" languagecode="1033" />
              <Title description="Ajouter un {0}" languagecode="1036" />
            </Titles>
          </LocLabel>
          <LocLabel Id="Mscrm.SubGrid.ovs_mocregistration.AddExistingStandard.ToolTipTitle">
            <Titles>
              <Title description="Add Existing​​ {0}" languagecode="1033" />
              <Title description="Ajouter un​​ {0}" languagecode="1036" />
            </Titles>
          </LocLabel>
          <LocLabel Id="Mscrm.SubGrid.ovs_mocregistration.AddNewStandard.Alt">
            <Titles>
              <Title description="Add New {0}" languagecode="1033" />
              <Title description="Nouvelle {0}" languagecode="1036" />
            </Titles>
          </LocLabel>
          <LocLabel Id="Mscrm.SubGrid.ovs_mocregistration.AddNewStandard.LabelText">
            <Titles>
              <Title description="Add New {0}" languagecode="1033" />
              <Title description="Nouvelle {0}" languagecode="1036" />
            </Titles>
          </LocLabel>
          <LocLabel Id="Mscrm.SubGrid.ovs_mocregistration.AddNewStandard.ToolTipTitle">
            <Titles>
              <Title description="Add New {0}" languagecode="1033" />
              <Title description="Nouvelle {0}" languagecode="1036" />
            </Titles>
          </LocLabel>
        </LocLabels>
      </RibbonDiffXml>
    </Entity>
  </Entities>
  <Roles></Roles>
  <Workflows></Workflows>
  <FieldSecurityProfiles></FieldSecurityProfiles>
  <Templates>
    <EmailTemplates>
      <emailtemplate>
        <IsCustomizable>1</IsCustomizable>
        <templateid>{1a5efdf6-7e49-ed11-bba2-0022483d0343}</templateid>
        <subject>Transport Canada - Registration Closure / Fermeture de l'inscription</subject>
        <subjectpresentationxml>&lt;template&gt;&lt;text&gt;&lt;![CDATA[&lt;div data-wrapper="true" style="font-family:'Segoe UI','Helvetica Neue',sans-serif; font-size:9pt"&gt;Transport Canada - Registration Closure / Fermeture de l'inscription&lt;/div&gt;]]&gt;&lt;/text&gt;&lt;/template&gt;</subjectpresentationxml>
        <templatetypecode>8</templatetypecode>
        <body>&lt;?xml version="1.0" ?&gt;&lt;xsl:stylesheet xmlns:xsl="http://www.w3.org/1999/XSL/Transform" version="1.0"&gt;&lt;xsl:output method="text" indent="no"/&gt;&lt;xsl:template match="/data"&gt;&lt;![CDATA[&lt;div data-wrapper=true style="font-family:'Segoe UI','Helvetica Neue',sans-serif;font-size:9pt;"&gt;&lt;div&gt;&lt;span style="font-size:12pt;"&gt;&lt;span style="font-family:'Times New Roman',Times,serif;"&gt;To: [primaryContactName];[secondaryContactName];[parentCompanyPrimaryName]&lt;/span&gt;&lt;/span&gt;&lt;/div&gt;
&lt;div&gt;&lt;span style="font-size:12pt;"&gt;&lt;span style="font-family:'Times New Roman',Times,serif;"&gt;[siteName]&lt;/span&gt;&lt;/span&gt;&lt;/div&gt;
&lt;div&gt;&amp;#160;&lt;/div&gt;
&lt;div&gt;&lt;span style="font-size:12pt;"&gt;&lt;span&gt;&lt;span style="font-family:&amp;quot;Times New Roman&amp;quot;,serif;"&gt;From: Engineering Services, Transportation of Dangerous Goods, Transport Canada&lt;/span&gt;&lt;/span&gt;&lt;/span&gt;&lt;/div&gt;
&lt;div&gt;&amp;#160;&lt;/div&gt;
&lt;div&gt;&lt;span style="font-size:12pt;"&gt;&lt;span class=keyboardFocusClass&gt;&lt;span style="font-family:&amp;quot;Times New Roman&amp;quot;,serif;"&gt;You registration under number [operationName] has been closed. You are no longer registered, and any registered mark associated to this registration, shall no longer be applied.&lt;/span&gt;&lt;/span&gt;&lt;/span&gt;&lt;/div&gt;
&lt;div&gt;&lt;br&gt;&lt;span style="font-size:12pt;"&gt;&lt;span&gt;&lt;span style="font-family:&amp;quot;Times New Roman&amp;quot;,serif;"&gt;Service Request ID number: [serviceRequestId]&lt;br&gt;Service Request Type: [serviceRequestType]&lt;br&gt;Registration Type: [registrationType]&lt;br&gt;Standard: [standard]&lt;br&gt;Company Name: [siteName]&lt;br&gt;Site address: [siteAddress]&lt;/span&gt;&lt;/span&gt;&lt;/span&gt;&lt;br&gt;&amp;#160;&lt;/div&gt;
&lt;div&gt;&amp;#160;&lt;/div&gt;
&lt;div&gt;&amp;#160;&lt;/div&gt;
&lt;div&gt;&lt;span style="font-size:12pt;"&gt;&lt;span&gt;&lt;span style="font-family:&amp;quot;Times New Roman&amp;quot;,serif;"&gt;----------------------------------------------------------&lt;/span&gt;&lt;/span&gt;&lt;/span&gt;&lt;/div&gt;
&lt;div&gt;&amp;#160;&lt;/div&gt;
&lt;div&gt;&amp;#160;&lt;/div&gt;
&lt;div&gt;&lt;span lang=FR-CA style="font-size:12.0pt;"&gt;&lt;span style="font-family:&amp;quot;Times New Roman&amp;quot;,serif;"&gt;À :&amp;#160;&lt;/span&gt;&lt;/span&gt;&lt;span style="font-size:12pt;"&gt;&lt;span style="font-family:'Times New Roman',Times,serif;"&gt;[primaryContactName];[secondaryContactName];[parentCompanyPrimaryName]&lt;/span&gt;&lt;/span&gt;&lt;/div&gt;
&lt;div&gt;&lt;span style="font-size:12pt;"&gt;&lt;span style="font-family:'Times New Roman',Times,serif;"&gt;[siteName]&lt;/span&gt;&lt;/span&gt;&lt;/div&gt;
&lt;div&gt;&amp;#160;&lt;/div&gt;
&lt;div&gt;&lt;span style="font-size:12pt;"&gt;&lt;span style="font-family:Arial,sans-serif;"&gt;&lt;span lang=FR-CA style="font-family:&amp;quot;Times New Roman&amp;quot;,serif;"&gt;De : Services d'ingénierie, Transport des marchandises dangereuses, Transports Canada&lt;/span&gt;&lt;/span&gt;&lt;/span&gt;&lt;br&gt;&lt;br&gt;&lt;br&gt;&lt;span style="font-size:12pt;"&gt;&lt;span style="font-family:Arial,sans-serif;"&gt;&lt;span lang=FR-CA style="font-family:&amp;quot;Times New Roman&amp;quot;,serif;"&gt;Objet : Fermeture de l'inscription&lt;/span&gt;&lt;/span&gt;&lt;/span&gt;&lt;/div&gt;
&lt;div&gt;&amp;#160;&lt;/div&gt;
&lt;div&gt;&lt;div&gt;&lt;span style="font-size:12pt;"&gt;&lt;span style="font-family:'Times New Roman',Times,serif;"&gt;Votre inscription sous le numéro [&lt;/span&gt;&lt;span&gt;&lt;span style="font-family:&amp;quot;Times New Roman&amp;quot;,serif;"&gt;operationName&lt;/span&gt;&lt;/span&gt;&lt;span style="font-family:'Times New Roman',Times,serif;"&gt;] a été fermer. Vous n'êtes plus inscrit, et toute marque enregistrée associée à cet inscription, ne doit plus être appliquée.&amp;#160;&lt;/span&gt;&lt;/span&gt;&lt;/div&gt;
&lt;div&gt;&amp;#160;&lt;/div&gt;
&lt;div&gt;&lt;span style="font-size:12pt;" class=keyboardFocusClass&gt;&lt;span style="font-family:'Times New Roman',Times,serif;"&gt;Numéro de demande de service: [serviceRequestId]&lt;/span&gt;&lt;br&gt;&lt;span style="font-family:'Times New Roman',Times,serif;"&gt;Type de demande de service:[serviceRequestType]&lt;/span&gt;&lt;br&gt;&lt;span style="font-family:'Times New Roman',Times,serif;"&gt;Type d’inscription: [registrationType]&lt;/span&gt;&lt;br&gt;&lt;span style="font-family:'Times New Roman',Times,serif;"&gt;Norme: [standard]&lt;/span&gt;&lt;br&gt;&lt;span style="font-family:'Times New Roman',Times,serif;"&gt;Nom d’entreprise: [siteName]&lt;/span&gt;&lt;br&gt;&lt;span style="font-family:'Times New Roman',Times,serif;"&gt;Localisation: [siteAddress]&lt;/span&gt;&lt;/span&gt;&lt;/div&gt;&lt;/div&gt;&lt;/div&gt;]]&gt;&lt;/xsl:template&gt;&lt;/xsl:stylesheet&gt;</body>
        <title>Service Request - Close Active Registration</title>
        <description>Email Template For Service Requests of Type Close Active Registration</description>
        <presentationxml>&lt;template&gt;&lt;text&gt;&lt;![CDATA[&lt;div data-wrapper=true style="font-family:'Segoe UI','Helvetica Neue',sans-serif;font-size:9pt;"&gt;&lt;div&gt;&lt;span style="font-size:12pt;"&gt;&lt;span style="font-family:'Times New Roman',Times,serif;"&gt;To: [primaryContactName];[secondaryContactName];[parentCompanyPrimaryName]&lt;/span&gt;&lt;/span&gt;&lt;/div&gt;
&lt;div&gt;&lt;span style="font-size:12pt;"&gt;&lt;span style="font-family:'Times New Roman',Times,serif;"&gt;[siteName]&lt;/span&gt;&lt;/span&gt;&lt;/div&gt;
&lt;div&gt;&amp;#160;&lt;/div&gt;
&lt;div&gt;&lt;span style="font-size:12pt;"&gt;&lt;span&gt;&lt;span style="font-family:&amp;quot;Times New Roman&amp;quot;,serif;"&gt;From: Engineering Services, Transportation of Dangerous Goods, Transport Canada&lt;/span&gt;&lt;/span&gt;&lt;/span&gt;&lt;/div&gt;
&lt;div&gt;&amp;#160;&lt;/div&gt;
&lt;div&gt;&lt;span style="font-size:12pt;"&gt;&lt;span class=keyboardFocusClass&gt;&lt;span style="font-family:&amp;quot;Times New Roman&amp;quot;,serif;"&gt;You registration under number [operationName] has been closed. You are no longer registered, and any registered mark associated to this registration, shall no longer be applied.&lt;/span&gt;&lt;/span&gt;&lt;/span&gt;&lt;/div&gt;
&lt;div&gt;&lt;br&gt;&lt;span style="font-size:12pt;"&gt;&lt;span&gt;&lt;span style="font-family:&amp;quot;Times New Roman&amp;quot;,serif;"&gt;Service Request ID number: [serviceRequestId]&lt;br&gt;Service Request Type: [serviceRequestType]&lt;br&gt;Registration Type: [registrationType]&lt;br&gt;Standard: [standard]&lt;br&gt;Company Name: [siteName]&lt;br&gt;Site address: [siteAddress]&lt;/span&gt;&lt;/span&gt;&lt;/span&gt;&lt;br&gt;&amp;#160;&lt;/div&gt;
&lt;div&gt;&amp;#160;&lt;/div&gt;
&lt;div&gt;&amp;#160;&lt;/div&gt;
&lt;div&gt;&lt;span style="font-size:12pt;"&gt;&lt;span&gt;&lt;span style="font-family:&amp;quot;Times New Roman&amp;quot;,serif;"&gt;----------------------------------------------------------&lt;/span&gt;&lt;/span&gt;&lt;/span&gt;&lt;/div&gt;
&lt;div&gt;&amp;#160;&lt;/div&gt;
&lt;div&gt;&amp;#160;&lt;/div&gt;
&lt;div&gt;&lt;span lang=FR-CA style="font-size:12.0pt;"&gt;&lt;span style="font-family:&amp;quot;Times New Roman&amp;quot;,serif;"&gt;À :&amp;#160;&lt;/span&gt;&lt;/span&gt;&lt;span style="font-size:12pt;"&gt;&lt;span style="font-family:'Times New Roman',Times,serif;"&gt;[primaryContactName];[secondaryContactName];[parentCompanyPrimaryName]&lt;/span&gt;&lt;/span&gt;&lt;/div&gt;
&lt;div&gt;&lt;span style="font-size:12pt;"&gt;&lt;span style="font-family:'Times New Roman',Times,serif;"&gt;[siteName]&lt;/span&gt;&lt;/span&gt;&lt;/div&gt;
&lt;div&gt;&amp;#160;&lt;/div&gt;
&lt;div&gt;&lt;span style="font-size:12pt;"&gt;&lt;span style="font-family:Arial,sans-serif;"&gt;&lt;span lang=FR-CA style="font-family:&amp;quot;Times New Roman&amp;quot;,serif;"&gt;De : Services d'ingénierie, Transport des marchandises dangereuses, Transports Canada&lt;/span&gt;&lt;/span&gt;&lt;/span&gt;&lt;br&gt;&lt;br&gt;&lt;br&gt;&lt;span style="font-size:12pt;"&gt;&lt;span style="font-family:Arial,sans-serif;"&gt;&lt;span lang=FR-CA style="font-family:&amp;quot;Times New Roman&amp;quot;,serif;"&gt;Objet : Fermeture de l'inscription&lt;/span&gt;&lt;/span&gt;&lt;/span&gt;&lt;/div&gt;
&lt;div&gt;&amp;#160;&lt;/div&gt;
&lt;div&gt;&lt;div&gt;&lt;span style="font-size:12pt;"&gt;&lt;span style="font-family:'Times New Roman',Times,serif;"&gt;Votre inscription sous le numéro [&lt;/span&gt;&lt;span&gt;&lt;span style="font-family:&amp;quot;Times New Roman&amp;quot;,serif;"&gt;operationName&lt;/span&gt;&lt;/span&gt;&lt;span style="font-family:'Times New Roman',Times,serif;"&gt;] a été fermer. Vous n'êtes plus inscrit, et toute marque enregistrée associée à cet inscription, ne doit plus être appliquée.&amp;#160;&lt;/span&gt;&lt;/span&gt;&lt;/div&gt;
&lt;div&gt;&amp;#160;&lt;/div&gt;
&lt;div&gt;&lt;span style="font-size:12pt;" class=keyboardFocusClass&gt;&lt;span style="font-family:'Times New Roman',Times,serif;"&gt;Numéro de demande de service: [serviceRequestId]&lt;/span&gt;&lt;br&gt;&lt;span style="font-family:'Times New Roman',Times,serif;"&gt;Type de demande de service:[serviceRequestType]&lt;/span&gt;&lt;br&gt;&lt;span style="font-family:'Times New Roman',Times,serif;"&gt;Type d’inscription: [registrationType]&lt;/span&gt;&lt;br&gt;&lt;span style="font-family:'Times New Roman',Times,serif;"&gt;Norme: [standard]&lt;/span&gt;&lt;br&gt;&lt;span style="font-family:'Times New Roman',Times,serif;"&gt;Nom d’entreprise: [siteName]&lt;/span&gt;&lt;br&gt;&lt;span style="font-family:'Times New Roman',Times,serif;"&gt;Localisation: [siteAddress]&lt;/span&gt;&lt;/span&gt;&lt;/div&gt;&lt;/div&gt;&lt;/div&gt;]]&gt;&lt;/text&gt;&lt;/template&gt;</presentationxml>
        <languagecode>1033</languagecode>
        <generationtypecode>0</generationtypecode>
        <IntroducedVersion>1.0</IntroducedVersion>
        <isenhancededitorenabledname>No</isenhancededitorenabledname>
      </emailtemplate>
    </EmailTemplates>
  </Templates>
  <EntityMaps />
  <EntityRelationships />
  <OrganizationSettings />
  <optionsets />
  <WebResources>
    <WebResource>
      <WebResourceId>{c8ba6a13-4817-ed11-b83e-000d3a0c8551}</WebResourceId>
      <Name>fdr_SR_Main.js</Name>
      <DisplayName>FDR Service Request Main js</DisplayName>
      <LanguageCode>0</LanguageCode>
      <WebResourceType>3</WebResourceType>
      <IntroducedVersion>1.0.0.0</IntroducedVersion>
      <IsEnabledForMobileClient>0</IsEnabledForMobileClient>
      <IsAvailableForMobileOffline>0</IsAvailableForMobileOffline>
      <DependencyXml>&lt;Dependencies&gt;&lt;Dependency componentType="WebResource"/&gt;&lt;/Dependencies&gt;</DependencyXml>
      <IsCustomizable>1</IsCustomizable>
      <CanBeDeleted>1</CanBeDeleted>
      <IsHidden>0</IsHidden>
      <FileName>/WebResources/fdr_SR_MainjsC8BA6A13-4817-ED11-B83E-000D3A0C8551</FileName>
    </WebResource>
    <WebResource>
      <WebResourceId>{614b9eee-c73d-ed11-bba2-0022483d0343}</WebResourceId>
      <Name>fdr_operations_ribbon</Name>
      <DisplayName>FDR Operations Ribbon</DisplayName>
      <LanguageCode>0</LanguageCode>
      <WebResourceType>3</WebResourceType>
      <IntroducedVersion>1.0.0.0</IntroducedVersion>
      <IsEnabledForMobileClient>0</IsEnabledForMobileClient>
      <IsAvailableForMobileOffline>0</IsAvailableForMobileOffline>
      <DependencyXml>&lt;Dependencies&gt;&lt;Dependency componentType="WebResource"/&gt;&lt;/Dependencies&gt;</DependencyXml>
      <IsCustomizable>1</IsCustomizable>
      <CanBeDeleted>1</CanBeDeleted>
      <IsHidden>0</IsHidden>
      <FileName>/WebResources/fdr_operations_ribbon614B9EEE-C73D-ED11-BBA2-0022483D0343</FileName>
    </WebResource>
  </WebResources>
  <CustomControls />
  <EntityDataProviders />
  <Languages>
    <Language>1033</Language>
    <Language>1036</Language>
  </Languages>
</ImportExportXml>