<ImportExportXml xmlns:xsi="http://www.w3.org/2001/XMLSchema-instance">
  <Entities></Entities>
  <Roles></Roles>
  <Workflows></Workflows>
  <FieldSecurityProfiles></FieldSecurityProfiles>
  <Templates />
  <ConnectionRoles>
    <ConnectionRoles>
      <ConnectionRole>
        <connectionroleid>{813bb921-8db0-ee11-a568-0022483cceb8}</connectionroleid>
        <name>CID Primary Company Contact</name>
        <category>918640003</category>
        <IsCustomizable>1</IsCustomizable>
        <IntroducedVersion>1.0</IntroducedVersion>
        <ConnectionRoleObjectTypeCodes>
          <ConnectionRoleObjectTypeCode>
            <connectionroleobjecttypecodeid>{8d3bb921-8db0-ee11-a568-0022483cceb8}</connectionroleobjecttypecodeid>
            <associatedobjecttypecode>account</associatedobjecttypecode>
          </ConnectionRoleObjectTypeCode>
          <ConnectionRoleObjectTypeCode>
            <connectionroleobjecttypecodeid>{913bb921-8db0-ee11-a568-0022483cceb8}</connectionroleobjecttypecodeid>
            <associatedobjecttypecode>contact</associatedobjecttypecode>
          </ConnectionRoleObjectTypeCode>
        </ConnectionRoleObjectTypeCodes>
      </ConnectionRole>
      <ConnectionRole>
        <connectionroleid>{96e1f852-8db0-ee11-a568-0022483cceb8}</connectionroleid>
        <name>CID Secondary Company Contact</name>
        <category>918640003</category>
        <IsCustomizable>1</IsCustomizable>
        <IntroducedVersion>1.0</IntroducedVersion>
        <ConnectionRoleObjectTypeCodes>
          <ConnectionRoleObjectTypeCode>
            <connectionroleobjecttypecodeid>{9be1f852-8db0-ee11-a568-0022483cceb8}</connectionroleobjecttypecodeid>
            <associatedobjecttypecode>account</associatedobjecttypecode>
          </ConnectionRoleObjectTypeCode>
          <ConnectionRoleObjectTypeCode>
            <connectionroleobjecttypecodeid>{9de1f852-8db0-ee11-a568-0022483cceb8}</connectionroleobjecttypecodeid>
            <associatedobjecttypecode>contact</associatedobjecttypecode>
          </ConnectionRoleObjectTypeCode>
        </ConnectionRoleObjectTypeCodes>
      </ConnectionRole>
    </ConnectionRoles>
  </ConnectionRoles>
  <EntityMaps />
  <EntityRelationships />
  <OrganizationSettings />
  <optionsets>
    <optionset Name="connectionrole_category" localizedName="Category" description="Categories for connection roles.">
      <OptionSetType>picklist</OptionSetType>
      <IsGlobal>1</IsGlobal>
      <IntroducedVersion>5.0.0.0</IntroducedVersion>
      <displaynames>
        <displayname description="Category" languagecode="1033" />
        <displayname description="Catégorie" languagecode="1036" />
      </displaynames>
      <Descriptions>
        <Description description="Categories for connection roles." languagecode="1033" />
        <Description description="Catégories des rôles de connexion." languagecode="1036" />
      </Descriptions>
      <options>
        <option value="1">
          <labels>
            <label description="Business" languagecode="1033" />
            <label description="Professionnel" languagecode="1036" />
          </labels>
          <Descriptions>
            <Description description="" languagecode="1033" />
            <Description description="" languagecode="1036" />
          </Descriptions>
        </option>
        <option value="2">
          <labels>
            <label description="Family" languagecode="1033" />
            <label description="Famille" languagecode="1036" />
          </labels>
          <Descriptions>
            <Description description="" languagecode="1033" />
            <Description description="" languagecode="1036" />
          </Descriptions>
        </option>
        <option value="3">
          <labels>
            <label description="Social" languagecode="1033" />
            <label description="Social" languagecode="1036" />
          </labels>
          <Descriptions>
            <Description description="" languagecode="1033" />
            <Description description="" languagecode="1036" />
          </Descriptions>
        </option>
        <option value="4">
          <labels>
            <label description="Sales" languagecode="1033" />
            <label description="Ventes" languagecode="1036" />
          </labels>
          <Descriptions>
            <Description description="" languagecode="1033" />
            <Description description="" languagecode="1036" />
          </Descriptions>
        </option>
        <option value="5">
          <labels>
            <label description="Other" languagecode="1033" />
            <label description="Autre" languagecode="1036" />
          </labels>
          <Descriptions>
            <Description description="" languagecode="1033" />
            <Description description="" languagecode="1036" />
          </Descriptions>
        </option>
        <option value="1000">
          <labels>
            <label description="Stakeholder" languagecode="1033" />
            <label description="Partie prenante" languagecode="1036" />
          </labels>
          <Descriptions>
            <Description description="" languagecode="1033" />
            <Description description="" languagecode="1036" />
          </Descriptions>
        </option>
        <option value="1001">
          <labels>
            <label description="Sales Team" languagecode="1033" />
            <label description="ÉQUIPE DES VENTES" languagecode="1036" />
          </labels>
          <Descriptions>
            <Description description="" languagecode="1033" />
            <Description description="" languagecode="1036" />
          </Descriptions>
        </option>
        <option value="1002">
          <labels>
            <label description="Service" languagecode="1033" />
            <label description="Service" languagecode="1036" />
          </labels>
          <Descriptions>
            <Description description="" languagecode="1033" />
            <Description description="" languagecode="1036" />
          </Descriptions>
        </option>
        <option value="918640001">
          <labels>
            <label description="FDR" languagecode="1033" />
            <label description="" languagecode="1036" />
          </labels>
          <Descriptions>
            <Description description="" languagecode="1033" />
            <Description description="" languagecode="1036" />
          </Descriptions>
        </option>
        <option value="918640002">
          <labels>
            <label description="TDG" languagecode="1033" />
          </labels>
          <Descriptions>
            <Description description="" languagecode="1033" />
          </Descriptions>
        </option>
        <option value="918640003">
          <labels>
            <label description="CID" languagecode="1033" />
          </labels>
          <Descriptions>
            <Description description="" languagecode="1033" />
          </Descriptions>
        </option>
      </options>
    </optionset>
  </optionsets>
  <CustomControls />
  <EntityDataProviders />
  <Languages>
    <Language>1033</Language>
    <Language>1036</Language>
  </Languages>
</ImportExportXml>