<entities >
  <entity name="qm_tylegislationcharacteristic" displayname="Legislation Characteristic" etc="10547" primaryidfield="qm_tylegislationcharacteristicid" primarynamefield="qm_name" disableplugins="false">
    <fields>
      <field displayname="English Label" name="qm_legislationcharacteristicelbl" type="string" customfield="true" />
      <field displayname="French Label" name="qm_legislationcharacteristicflbl" type="string" customfield="true" />
      <field displayname="Name" name="qm_name" type="string" customfield="true" />
      <field displayname="Parent Category" name="qm_categoryid" type="entityreference" lookupType="qm_tylegislationcharacteristic" customfield="true" />
      <field displayname="tylegislationcharacteristic" name="qm_tylegislationcharacteristicid" type="guid" primaryKey="true" />
    </fields>
  </entity>
</entities>