<ImportExportXml version="9.2.22023.133" SolutionPackageVersion="9.2" languagecode="1033" generatedBy="CrmLive" xmlns:xsi="http://www.w3.org/2001/XMLSchema-instance">
  <SolutionManifest>
    <UniqueName>TC_GlobalCore_Patch_6a32ddb8</UniqueName>
    <LocalizedNames>
      <LocalizedName description="TDG Core Schema" languagecode="1033" />
    </LocalizedNames>
    <Descriptions>
      <Description description="Patch for TDG Core Schema" languagecode="1033" />
    </Descriptions>
    <ParentUniqueName>TC_GlobalCore</ParentUniqueName>
    <Version>1.129.9.0</Version>
    <Managed>1</Managed>
    <Publisher>
      <UniqueName>oversightpublisher</UniqueName>
      <LocalizedNames>
        <LocalizedName description="Oversight" languagecode="1033" />
      </LocalizedNames>
      <Descriptions>
        <Description description="This is the common solution for AvSec Inspection and TDG Inspection." languagecode="1033" />
      </Descriptions>
      <EMailAddress xsi:nil="true"></EMailAddress>
      <SupportingWebsiteUrl xsi:nil="true"></SupportingWebsiteUrl>
      <CustomizationPrefix>ovs</CustomizationPrefix>
      <CustomizationOptionValuePrefix>91864</CustomizationOptionValuePrefix>
      <Addresses>
        <Address>
          <AddressNumber>1</AddressNumber>
          <AddressTypeCode>1</AddressTypeCode>
          <City xsi:nil="true"></City>
          <County xsi:nil="true"></County>
          <Country xsi:nil="true"></Country>
          <Fax xsi:nil="true"></Fax>
          <FreightTermsCode xsi:nil="true"></FreightTermsCode>
          <ImportSequenceNumber xsi:nil="true"></ImportSequenceNumber>
          <Latitude xsi:nil="true"></Latitude>
          <Line1 xsi:nil="true"></Line1>
          <Line2 xsi:nil="true"></Line2>
          <Line3 xsi:nil="true"></Line3>
          <Longitude xsi:nil="true"></Longitude>
          <Name xsi:nil="true"></Name>
          <PostalCode xsi:nil="true"></PostalCode>
          <PostOfficeBox xsi:nil="true"></PostOfficeBox>
          <PrimaryContactName xsi:nil="true"></PrimaryContactName>
          <ShippingMethodCode>1</ShippingMethodCode>
          <StateOrProvince xsi:nil="true"></StateOrProvince>
          <Telephone1 xsi:nil="true"></Telephone1>
          <Telephone2 xsi:nil="true"></Telephone2>
          <Telephone3 xsi:nil="true"></Telephone3>
          <TimeZoneRuleVersionNumber xsi:nil="true"></TimeZoneRuleVersionNumber>
          <UPSZone xsi:nil="true"></UPSZone>
          <UTCOffset xsi:nil="true"></UTCOffset>
          <UTCConversionTimeZoneCode xsi:nil="true"></UTCConversionTimeZoneCode>
        </Address>
        <Address>
          <AddressNumber>2</AddressNumber>
          <AddressTypeCode>1</AddressTypeCode>
          <City xsi:nil="true"></City>
          <County xsi:nil="true"></County>
          <Country xsi:nil="true"></Country>
          <Fax xsi:nil="true"></Fax>
          <FreightTermsCode xsi:nil="true"></FreightTermsCode>
          <ImportSequenceNumber xsi:nil="true"></ImportSequenceNumber>
          <Latitude xsi:nil="true"></Latitude>
          <Line1 xsi:nil="true"></Line1>
          <Line2 xsi:nil="true"></Line2>
          <Line3 xsi:nil="true"></Line3>
          <Longitude xsi:nil="true"></Longitude>
          <Name xsi:nil="true"></Name>
          <PostalCode xsi:nil="true"></PostalCode>
          <PostOfficeBox xsi:nil="true"></PostOfficeBox>
          <PrimaryContactName xsi:nil="true"></PrimaryContactName>
          <ShippingMethodCode>1</ShippingMethodCode>
          <StateOrProvince xsi:nil="true"></StateOrProvince>
          <Telephone1 xsi:nil="true"></Telephone1>
          <Telephone2 xsi:nil="true"></Telephone2>
          <Telephone3 xsi:nil="true"></Telephone3>
          <TimeZoneRuleVersionNumber xsi:nil="true"></TimeZoneRuleVersionNumber>
          <UPSZone xsi:nil="true"></UPSZone>
          <UTCOffset xsi:nil="true"></UTCOffset>
          <UTCConversionTimeZoneCode xsi:nil="true"></UTCConversionTimeZoneCode>
        </Address>
      </Addresses>
    </Publisher>
    <RootComponents>
      <RootComponent type="1" schemaName="ovs_workordercandidate" behavior="1" />
      <RootComponent type="61" schemaName="ovs_WorkOrderCandidate_MainForm" behavior="0" />
    </RootComponents>
    <MissingDependencies>
      <MissingDependency>
        <Required type="1" schemaName="ovs_workordercandidate" displayName="Work Order Candidate" solution="Active" />
        <Dependent type="1" schemaName="ovs_workordercandidate" displayName="Work Order Candidate" />
      </MissingDependency>
      <MissingDependency>
        <Required type="10" schemaName="ovs_MOCRegistration_Site" displayName="ovs_MOCRegistration_Site" parentSchemaName="account" parentDisplayName="Account" solution="Active" />
        <Dependent type="60" displayName="Information" parentDisplayName="Work Order Candidate" id="{f7cfa7da-bd84-406d-add8-ba3537122663}" />
      </MissingDependency>
      <MissingDependency>
        <Required type="10" schemaName="ovs_workordercandidate_site_Account" displayName="ovs_workordercandidate_site_Account" parentSchemaName="account" parentDisplayName="Account" solution="Active" />
        <Dependent type="60" displayName="Information" parentDisplayName="Work Order Candidate" id="{f7cfa7da-bd84-406d-add8-ba3537122663}" />
      </MissingDependency>
      <MissingDependency>
        <Required type="10" schemaName="ovs_workordercandidate_primaryinspector" displayName="ovs_workordercandidate_primaryinspector" parentSchemaName="bookableresource" parentDisplayName="Bookable Resource" solution="Active" />
        <Dependent type="60" displayName="Information" parentDisplayName="Work Order Candidate" id="{f7cfa7da-bd84-406d-add8-ba3537122663}" />
      </MissingDependency>
      <MissingDependency>
        <Required type="10" schemaName="ovs_CDRegionalNOP_WorkOrderCandidate" displayName="ovs_CDRegionalNOP_WorkOrderCandidate" parentSchemaName="ovs_cdregionalnop" parentDisplayName="Regional NOP" solution="Active" />
        <Dependent type="60" displayName="Information" parentDisplayName="Work Order Candidate" id="{f7cfa7da-bd84-406d-add8-ba3537122663}" />
      </MissingDependency>
      <MissingDependency>
        <Required type="10" schemaName="ovs_ovs_mocregistration_ovs_workordercandidate_operationid" displayName="ovs_ovs_mocregistration_ovs_workordercandidate_operationid" parentSchemaName="ovs_mocregistration" parentDisplayName="Operation" solution="Active" />
        <Dependent type="60" displayName="Information" parentDisplayName="Work Order Candidate" id="{f7cfa7da-bd84-406d-add8-ba3537122663}" />
      </MissingDependency>
      <MissingDependency>
        <Required type="10" schemaName="ovs_workordercandidate_oversighttype" displayName="ovs_workordercandidate_oversighttype" parentSchemaName="ovs_oversighttype" parentDisplayName="Oversight Type" solution="Active" />
        <Dependent type="60" displayName="Information" parentDisplayName="Work Order Candidate" id="{f7cfa7da-bd84-406d-add8-ba3537122663}" />
      </MissingDependency>
      <MissingDependency>
        <Required type="10" schemaName="ovs_workordercandidate_plannedquarter" displayName="ovs_workordercandidate_plannedquarter" parentSchemaName="tc_tcfiscalquarter" parentDisplayName="TCFiscalQuarter" solution="Active" />
        <Dependent type="60" displayName="Information" parentDisplayName="Work Order Candidate" id="{f7cfa7da-bd84-406d-add8-ba3537122663}" />
      </MissingDependency>
      <MissingDependency>
        <Required type="2" schemaName="ovs_cdpriorityscore" displayName="Priority Score" parentSchemaName="ovs_workordercandidate" parentDisplayName="Work Order Candidate" solution="Active" />
        <Dependent type="60" displayName="Information" parentDisplayName="Work Order Candidate" id="{f7cfa7da-bd84-406d-add8-ba3537122663}" />
      </MissingDependency>
      <MissingDependency>
        <Required type="2" schemaName="ovs_cdriskcategory" displayName="Risk Category" parentSchemaName="ovs_workordercandidate" parentDisplayName="Work Order Candidate" solution="Active" />
        <Dependent type="60" displayName="Information" parentDisplayName="Work Order Candidate" id="{f7cfa7da-bd84-406d-add8-ba3537122663}" />
      </MissingDependency>
      <MissingDependency>
        <Required type="2" schemaName="ovs_cdriskscore" displayName="Risk Score" parentSchemaName="ovs_workordercandidate" parentDisplayName="Work Order Candidate" solution="Active" />
        <Dependent type="60" displayName="Information" parentDisplayName="Work Order Candidate" id="{f7cfa7da-bd84-406d-add8-ba3537122663}" />
      </MissingDependency>
      <MissingDependency>
        <Required type="2" schemaName="ovs_currentlyplanned" displayName="Currently Planned" parentSchemaName="ovs_workordercandidate" parentDisplayName="Work Order Candidate" solution="Active" />
        <Dependent type="60" displayName="Information" parentDisplayName="Work Order Candidate" id="{f7cfa7da-bd84-406d-add8-ba3537122663}" />
      </MissingDependency>
      <MissingDependency>
        <Required type="2" schemaName="ovs_hqflag" displayName="HQ Flag" parentSchemaName="ovs_workordercandidate" parentDisplayName="Work Order Candidate" solution="Active" />
        <Dependent type="60" displayName="Information" parentDisplayName="Work Order Candidate" id="{f7cfa7da-bd84-406d-add8-ba3537122663}" />
      </MissingDependency>
      <MissingDependency>
        <Required type="2" schemaName="ovs_initialrecommendation" displayName="Initial" parentSchemaName="ovs_workordercandidate" parentDisplayName="Work Order Candidate" solution="Active" />
        <Dependent type="60" displayName="Information" parentDisplayName="Work Order Candidate" id="{f7cfa7da-bd84-406d-add8-ba3537122663}" />
      </MissingDependency>
      <MissingDependency>
        <Required type="2" schemaName="ovs_justification" displayName="Justification" parentSchemaName="ovs_workordercandidate" parentDisplayName="Work Order Candidate" solution="Active" />
        <Dependent type="60" displayName="Information" parentDisplayName="Work Order Candidate" id="{f7cfa7da-bd84-406d-add8-ba3537122663}" />
      </MissingDependency>
      <MissingDependency>
        <Required type="2" schemaName="ovs_name" displayName="Name" parentSchemaName="ovs_workordercandidate" parentDisplayName="Work Order Candidate" solution="Active" />
        <Dependent type="60" displayName="Information" parentDisplayName="Work Order Candidate" id="{f7cfa7da-bd84-406d-add8-ba3537122663}" />
      </MissingDependency>
      <MissingDependency>
        <Required type="2" schemaName="ovs_operationid" displayName="Operation" parentSchemaName="ovs_workordercandidate" parentDisplayName="Work Order Candidate" solution="Active" />
        <Dependent type="60" displayName="Information" parentDisplayName="Work Order Candidate" id="{f7cfa7da-bd84-406d-add8-ba3537122663}" />
      </MissingDependency>
      <MissingDependency>
        <Required type="2" schemaName="ovs_oversighttype" displayName="Oversight Type" parentSchemaName="ovs_workordercandidate" parentDisplayName="Work Order Candidate" solution="Active" />
        <Dependent type="60" displayName="Information" parentDisplayName="Work Order Candidate" id="{f7cfa7da-bd84-406d-add8-ba3537122663}" />
      </MissingDependency>
      <MissingDependency>
        <Required type="2" schemaName="ovs_plannedquarter" displayName="Planned Quarter" parentSchemaName="ovs_workordercandidate" parentDisplayName="Work Order Candidate" solution="Active" />
        <Dependent type="60" displayName="Information" parentDisplayName="Work Order Candidate" id="{f7cfa7da-bd84-406d-add8-ba3537122663}" />
      </MissingDependency>
      <MissingDependency>
        <Required type="2" schemaName="ovs_primaryinspector" displayName="Primary Inspector" parentSchemaName="ovs_workordercandidate" parentDisplayName="Work Order Candidate" solution="Active" />
        <Dependent type="60" displayName="Information" parentDisplayName="Work Order Candidate" id="{f7cfa7da-bd84-406d-add8-ba3537122663}" />
      </MissingDependency>
      <MissingDependency>
        <Required type="2" schemaName="ovs_regionalnop" displayName="Regional NOP" parentSchemaName="ovs_workordercandidate" parentDisplayName="Work Order Candidate" solution="Active" />
        <Dependent type="60" displayName="Information" parentDisplayName="Work Order Candidate" id="{f7cfa7da-bd84-406d-add8-ba3537122663}" />
      </MissingDependency>
      <MissingDependency>
        <Required type="2" schemaName="ovs_regionflag" displayName="Region Flag" parentSchemaName="ovs_workordercandidate" parentDisplayName="Work Order Candidate" solution="Active" />
        <Dependent type="60" displayName="Information" parentDisplayName="Work Order Candidate" id="{f7cfa7da-bd84-406d-add8-ba3537122663}" />
      </MissingDependency>
      <MissingDependency>
        <Required type="2" schemaName="ovs_remote" displayName="Remote" parentSchemaName="ovs_workordercandidate" parentDisplayName="Work Order Candidate" solution="Active" />
        <Dependent type="60" displayName="Information" parentDisplayName="Work Order Candidate" id="{f7cfa7da-bd84-406d-add8-ba3537122663}" />
      </MissingDependency>
      <MissingDependency>
        <Required type="2" schemaName="ovs_site" displayName="Site" parentSchemaName="ovs_workordercandidate" parentDisplayName="Work Order Candidate" solution="Active" />
        <Dependent type="60" displayName="Information" parentDisplayName="Work Order Candidate" id="{f7cfa7da-bd84-406d-add8-ba3537122663}" />
      </MissingDependency>
      <MissingDependency>
        <Required type="2" schemaName="ovs_tripid" displayName="Trip ID" parentSchemaName="ovs_workordercandidate" parentDisplayName="Work Order Candidate" solution="Active" />
        <Dependent type="60" displayName="Information" parentDisplayName="Work Order Candidate" id="{f7cfa7da-bd84-406d-add8-ba3537122663}" />
      </MissingDependency>
      <MissingDependency>
        <Required type="2" schemaName="ownerid" displayName="Owner" parentSchemaName="ovs_workordercandidate" parentDisplayName="Work Order Candidate" solution="Active" />
        <Dependent type="60" displayName="Information" parentDisplayName="Work Order Candidate" id="{f7cfa7da-bd84-406d-add8-ba3537122663}" />
      </MissingDependency>
      <MissingDependency>
        <Required type="2" schemaName="statecode" displayName="Status" parentSchemaName="ovs_workordercandidate" parentDisplayName="Work Order Candidate" solution="Active" />
        <Dependent type="60" displayName="Information" parentDisplayName="Work Order Candidate" id="{f7cfa7da-bd84-406d-add8-ba3537122663}" />
      </MissingDependency>
      <MissingDependency>
        <Required type="2" schemaName="statuscode" displayName="Status Reason" parentSchemaName="ovs_workordercandidate" parentDisplayName="Work Order Candidate" solution="Active" />
        <Dependent type="60" displayName="Information" parentDisplayName="Work Order Candidate" id="{f7cfa7da-bd84-406d-add8-ba3537122663}" />
      </MissingDependency>
      <MissingDependency>
        <Required type="26" schemaName="Regional NOP Lookup View" displayName="Regional NOP Lookup View" parentSchemaName="ovs_cdregionalnop" parentDisplayName="Regional NOP" solution="Active" id="{1c8da892-ba7e-4ba9-8b7f-4cf5cec541d4}" />
        <Dependent type="60" displayName="Information" parentDisplayName="Work Order Candidate" id="{f7cfa7da-bd84-406d-add8-ba3537122663}" />
      </MissingDependency>
      <MissingDependency>
        <Required type="26" schemaName="Operations Lookup View" displayName="Operations Lookup View" parentSchemaName="ovs_mocregistration" parentDisplayName="Operation" solution="Active" id="{7e35f6a5-af6d-40f3-b3aa-3369350f8c35}" />
        <Dependent type="60" displayName="Information" parentDisplayName="Work Order Candidate" id="{f7cfa7da-bd84-406d-add8-ba3537122663}" />
      </MissingDependency>
      <MissingDependency>
        <Required type="60" displayName="Operation Scores Display" parentDisplayName="Operation" solution="Active" id="{026925a2-097a-ec11-8d20-000d3a84a45c}" />
        <Dependent type="60" displayName="Information" parentDisplayName="Work Order Candidate" id="{f7cfa7da-bd84-406d-add8-ba3537122663}" />
      </MissingDependency>
      <MissingDependency>
        <Required type="60" displayName="Site Address" parentDisplayName="Account" solution="Active" id="{7bfb73c4-a231-48c3-bbbd-563338ff9799}" />
        <Dependent type="60" displayName="Information" parentDisplayName="Work Order Candidate" id="{f7cfa7da-bd84-406d-add8-ba3537122663}" />
      </MissingDependency>
      <MissingDependency>
        <Required type="61" schemaName="qm_globalHelper.js" displayName="qm_globalHelper.js" solution="Active" />
        <Dependent type="60" displayName="Information" parentDisplayName="Work Order Candidate" id="{f7cfa7da-bd84-406d-add8-ba3537122663}" />
      </MissingDependency>
    </MissingDependencies>
  </SolutionManifest>
</ImportExportXml>