<ImportExportXml version="9.2.22112.178" SolutionPackageVersion="9.2" languagecode="1033" generatedBy="CrmLive" xmlns:xsi="http://www.w3.org/2001/XMLSchema-instance">
  <SolutionManifest>
    <UniqueName>TC_GlobalCore_Patch_bd60a76a</UniqueName>
    <LocalizedNames>
      <LocalizedName description="TDG Core Schema" languagecode="1033" />
    </LocalizedNames>
    <Descriptions>
      <Description description="Patch for TDG Core Schema" languagecode="1033" />
    </Descriptions>
    <ParentUniqueName>TC_GlobalCore</ParentUniqueName>
    <Version>1.142.10.0</Version>
    <Managed>0</Managed>
    <Publisher>
      <UniqueName>oversightpublisher</UniqueName>
      <LocalizedNames>
        <LocalizedName description="Oversight" languagecode="1033" />
      </LocalizedNames>
      <Descriptions>
        <Description description="This is the common solution for AvSec Inspection and TDG Inspection." languagecode="1033" />
      </Descriptions>
      <EMailAddress xsi:nil="true"></EMailAddress>
      <SupportingWebsiteUrl xsi:nil="true"></SupportingWebsiteUrl>
      <CustomizationPrefix>ovs</CustomizationPrefix>
      <CustomizationOptionValuePrefix>91864</CustomizationOptionValuePrefix>
      <Addresses>
        <Address>
          <AddressNumber>1</AddressNumber>
          <AddressTypeCode>1</AddressTypeCode>
          <City xsi:nil="true"></City>
          <County xsi:nil="true"></County>
          <Country xsi:nil="true"></Country>
          <Fax xsi:nil="true"></Fax>
          <FreightTermsCode xsi:nil="true"></FreightTermsCode>
          <ImportSequenceNumber xsi:nil="true"></ImportSequenceNumber>
          <Latitude xsi:nil="true"></Latitude>
          <Line1 xsi:nil="true"></Line1>
          <Line2 xsi:nil="true"></Line2>
          <Line3 xsi:nil="true"></Line3>
          <Longitude xsi:nil="true"></Longitude>
          <Name xsi:nil="true"></Name>
          <PostalCode xsi:nil="true"></PostalCode>
          <PostOfficeBox xsi:nil="true"></PostOfficeBox>
          <PrimaryContactName xsi:nil="true"></PrimaryContactName>
          <ShippingMethodCode>1</ShippingMethodCode>
          <StateOrProvince xsi:nil="true"></StateOrProvince>
          <Telephone1 xsi:nil="true"></Telephone1>
          <Telephone2 xsi:nil="true"></Telephone2>
          <Telephone3 xsi:nil="true"></Telephone3>
          <TimeZoneRuleVersionNumber xsi:nil="true"></TimeZoneRuleVersionNumber>
          <UPSZone xsi:nil="true"></UPSZone>
          <UTCOffset xsi:nil="true"></UTCOffset>
          <UTCConversionTimeZoneCode xsi:nil="true"></UTCConversionTimeZoneCode>
        </Address>
        <Address>
          <AddressNumber>2</AddressNumber>
          <AddressTypeCode>1</AddressTypeCode>
          <City xsi:nil="true"></City>
          <County xsi:nil="true"></County>
          <Country xsi:nil="true"></Country>
          <Fax xsi:nil="true"></Fax>
          <FreightTermsCode xsi:nil="true"></FreightTermsCode>
          <ImportSequenceNumber xsi:nil="true"></ImportSequenceNumber>
          <Latitude xsi:nil="true"></Latitude>
          <Line1 xsi:nil="true"></Line1>
          <Line2 xsi:nil="true"></Line2>
          <Line3 xsi:nil="true"></Line3>
          <Longitude xsi:nil="true"></Longitude>
          <Name xsi:nil="true"></Name>
          <PostalCode xsi:nil="true"></PostalCode>
          <PostOfficeBox xsi:nil="true"></PostOfficeBox>
          <PrimaryContactName xsi:nil="true"></PrimaryContactName>
          <ShippingMethodCode>1</ShippingMethodCode>
          <StateOrProvince xsi:nil="true"></StateOrProvince>
          <Telephone1 xsi:nil="true"></Telephone1>
          <Telephone2 xsi:nil="true"></Telephone2>
          <Telephone3 xsi:nil="true"></Telephone3>
          <TimeZoneRuleVersionNumber xsi:nil="true"></TimeZoneRuleVersionNumber>
          <UPSZone xsi:nil="true"></UPSZone>
          <UTCOffset xsi:nil="true"></UTCOffset>
          <UTCConversionTimeZoneCode xsi:nil="true"></UTCConversionTimeZoneCode>
        </Address>
      </Addresses>
    </Publisher>
    <RootComponents>
      <RootComponent type="1" schemaName="account" behavior="1" />
      <RootComponent type="1" schemaName="cid_audithistorylog" behavior="1" />
      <RootComponent type="1" schemaName="fdr_servicerequest" behavior="1" />
      <RootComponent type="1" schemaName="task" behavior="1" />
      <RootComponent type="1" schemaName="territory" behavior="2" />
      <RootComponent type="9" schemaName="ovs_province" behavior="0" />
      <RootComponent type="61" schemaName="fdr_AccountFDR_main.js" behavior="0" />
    </RootComponents>
    <MissingDependencies>
      <MissingDependency>
        <Required type="1" schemaName="cid_annualcomplianceitem" displayName="Annual Compliance Item" solution="Active" />
        <Dependent type="26" schemaName="CID Portal - Company Annual Compliance Update Items" displayName="CID Portal - Company Annual Compliance Update Items" parentSchemaName="task" parentDisplayName="Task" id="{17886b15-fe24-ed11-9db2-000d3a844ef3}" />
      </MissingDependency>
      <MissingDependency>
        <Required type="1" schemaName="cid_annualcomplianceitem" displayName="Annual Compliance Item" solution="Active" />
        <Dependent type="26" schemaName="CID Portal - Site Annual Compliance Update Items" displayName="CID Portal - Site Annual Compliance Update Items" parentSchemaName="task" parentDisplayName="Task" id="{9d839aac-4a25-ed11-9db2-000d3a844ef3}" />
      </MissingDependency>
      <MissingDependency>
        <Required type="1" schemaName="cid_audithistorycode" displayName="Audit History Code" solution="Active" />
        <Dependent type="26" schemaName="CID - Annual Compliance Update History Logs" displayName="CID - Annual Compliance Update History Logs" parentSchemaName="cid_audithistorylog" parentDisplayName="History Log" id="{558dd294-6470-ed11-81ac-0022483d0343}" />
      </MissingDependency>
      <MissingDependency>
        <Required type="1" schemaName="cid_audithistorycode" displayName="Audit History Code" solution="Active" />
        <Dependent type="26" schemaName="CID Portal - Site History Logs" displayName="CID Portal - Site History Logs" parentSchemaName="cid_audithistorylog" parentDisplayName="History Log" id="{6eac3ccc-01b7-ec11-983e-002248add3fe}" />
      </MissingDependency>
      <MissingDependency>
        <Required type="1" schemaName="cid_audithistorycode" displayName="Audit History Code" solution="Active" />
        <Dependent type="26" schemaName="CID - History Logs" displayName="CID - History Logs" parentSchemaName="cid_audithistorylog" parentDisplayName="History Log" id="{701ad00d-7b54-ed11-9561-0022483cb62f}" />
      </MissingDependency>
      <MissingDependency>
        <Required type="1" schemaName="cid_audithistorycode" displayName="Audit History Code" solution="Active" />
        <Dependent type="26" schemaName="CID - Company History Logs" displayName="CID - Company History Logs" parentSchemaName="cid_audithistorylog" parentDisplayName="History Log" id="{76b5ae84-6ab9-ec11-983f-0022483d68e2}" />
      </MissingDependency>
      <MissingDependency>
        <Required type="1" schemaName="cid_audithistorycode" displayName="Audit History Code" solution="Active" />
        <Dependent type="26" schemaName="CID - Site History Logs" displayName="CID - Site History Logs" parentSchemaName="cid_audithistorylog" parentDisplayName="History Log" id="{8bb1ce28-7d54-ed11-9561-0022483cb62f}" />
      </MissingDependency>
      <MissingDependency>
        <Required type="1" schemaName="cid_audithistorycode" displayName="Audit History Code" solution="Active" />
        <Dependent type="26" schemaName="CID Portal - History Logs" displayName="CID Portal - History Logs" parentSchemaName="cid_audithistorylog" parentDisplayName="History Log" id="{cdd83e49-9dd5-ec11-a7b5-0022483c547f}" />
      </MissingDependency>
      <MissingDependency>
        <Required type="1" schemaName="cid_audithistorylog" displayName="History Log" solution="Active" />
        <Dependent type="1" schemaName="cid_audithistorylog" displayName="History Log" />
      </MissingDependency>
      <MissingDependency>
        <Required type="1" schemaName="fdr_servicerequest" displayName="Service Request" solution="Active" />
        <Dependent type="1" schemaName="fdr_servicerequest" displayName="Service Request" />
      </MissingDependency>
      <MissingDependency>
        <Required type="1" schemaName="territory" displayName="Region" solution="msdynce_AppCommon (9.0.4.0066)">
          <package>msdynce_AppCommonAnchor (9.0.22112.10001)</package>
        </Required>
        <Dependent type="1" schemaName="territory" displayName="Region" />
      </MissingDependency>
      <MissingDependency>
        <Required type="10" schemaName="cid_account_cid_audithistorylog_Company" displayName="cid_account_cid_audithistorylog_Company" parentSchemaName="account" parentDisplayName="Account" solution="Active" />
        <Dependent type="60" displayName="CID Portal - Create History Log Form" parentDisplayName="History Log" id="{034d2122-c6ff-475c-bce6-06ff2b08c71c}" />
      </MissingDependency>
      <MissingDependency>
        <Required type="10" schemaName="cid_account_cid_audithistorylog_Company" displayName="cid_account_cid_audithistorylog_Company" parentSchemaName="account" parentDisplayName="Account" solution="Active" />
        <Dependent type="60" displayName="CID Portal - Annual Compliance Update Form" parentDisplayName="Account" id="{1f755fc4-dc1d-466c-8faf-7f2ed3c73b6c}" />
      </MissingDependency>
      <MissingDependency>
        <Required type="10" schemaName="cid_account_cid_audithistorylog_Company" displayName="cid_account_cid_audithistorylog_Company" parentSchemaName="account" parentDisplayName="Account" solution="Active" />
        <Dependent type="60" displayName="CID Portal - History Log" parentDisplayName="History Log" id="{b8f9e57b-ee47-46ff-b9a1-3251c5c2b846}" />
      </MissingDependency>
      <MissingDependency>
        <Required type="10" schemaName="cid_account_cid_audithistorylog_Site" displayName="cid_account_cid_audithistorylog_Site" parentSchemaName="account" parentDisplayName="Account" solution="Active" />
        <Dependent type="60" displayName="CID Portal - Create History Log Form" parentDisplayName="History Log" id="{034d2122-c6ff-475c-bce6-06ff2b08c71c}" />
      </MissingDependency>
      <MissingDependency>
        <Required type="10" schemaName="cid_account_cid_audithistorylog_Site" displayName="cid_account_cid_audithistorylog_Site" parentSchemaName="account" parentDisplayName="Account" solution="Active" />
        <Dependent type="60" displayName="CID Portal - History Log" parentDisplayName="History Log" id="{b8f9e57b-ee47-46ff-b9a1-3251c5c2b846}" />
      </MissingDependency>
      <MissingDependency>
        <Required type="10" schemaName="msdyn_account_account_BillingAccount" displayName="msdyn_account_account_BillingAccount" parentSchemaName="account" parentDisplayName="Account" solution="FieldServiceCommon (1.0.0.217)">
          <package>FieldService_Anchor (8.8.79.32)</package>
        </Required>
        <Dependent type="60" displayName="CID Portal - Annual Compliance Update Form" parentDisplayName="Account" id="{1f755fc4-dc1d-466c-8faf-7f2ed3c73b6c}" />
      </MissingDependency>
      <MissingDependency>
        <Required type="10" schemaName="msdyn_account_msdyn_agreement_BillingAccount" displayName="msdyn_account_msdyn_agreement_BillingAccount" parentSchemaName="account" parentDisplayName="Account" solution="FieldService (8.8.0.88)">
          <package>FieldService_Anchor (8.8.79.32)</package>
        </Required>
        <Dependent type="60" displayName="CID Portal - Annual Compliance Update Form" parentDisplayName="Account" id="{1f755fc4-dc1d-466c-8faf-7f2ed3c73b6c}" />
      </MissingDependency>
      <MissingDependency>
        <Required type="10" schemaName="msdyn_account_msdyn_agreement_ServiceAccount" displayName="msdyn_account_msdyn_agreement_ServiceAccount" parentSchemaName="account" parentDisplayName="Account" solution="FieldService (8.8.0.88)">
          <package>FieldService_Anchor (8.8.79.32)</package>
        </Required>
        <Dependent type="60" displayName="CID Portal - Annual Compliance Update Form" parentDisplayName="Account" id="{1f755fc4-dc1d-466c-8faf-7f2ed3c73b6c}" />
      </MissingDependency>
      <MissingDependency>
        <Required type="10" schemaName="msdyn_account_msdyn_payment_Account" displayName="msdyn_account_msdyn_payment_Account" parentSchemaName="account" parentDisplayName="Account" solution="FieldService (8.8.0.88)">
          <package>FieldService_Anchor (8.8.79.32)</package>
        </Required>
        <Dependent type="60" displayName="CID Portal - Annual Compliance Update Form" parentDisplayName="Account" id="{1f755fc4-dc1d-466c-8faf-7f2ed3c73b6c}" />
      </MissingDependency>
      <MissingDependency>
        <Required type="10" schemaName="msdyn_account_msdyn_purchaseorder_Vendor" displayName="msdyn_account_msdyn_purchaseorder_Vendor" parentSchemaName="account" parentDisplayName="Account" solution="FieldServiceCommon (1.0.0.217)">
          <package>FieldService_Anchor (8.8.79.32)</package>
        </Required>
        <Dependent type="60" displayName="CID Portal - Annual Compliance Update Form" parentDisplayName="Account" id="{1f755fc4-dc1d-466c-8faf-7f2ed3c73b6c}" />
      </MissingDependency>
      <MissingDependency>
        <Required type="10" schemaName="msdyn_account_msdyn_rma_BillingAccount" displayName="msdyn_account_msdyn_rma_BillingAccount" parentSchemaName="account" parentDisplayName="Account" solution="FieldService (8.8.0.88)">
          <package>FieldService_Anchor (8.8.79.32)</package>
        </Required>
        <Dependent type="60" displayName="CID Portal - Annual Compliance Update Form" parentDisplayName="Account" id="{1f755fc4-dc1d-466c-8faf-7f2ed3c73b6c}" />
      </MissingDependency>
      <MissingDependency>
        <Required type="10" schemaName="msdyn_account_msdyn_rma_ServiceAccount" displayName="msdyn_account_msdyn_rma_ServiceAccount" parentSchemaName="account" parentDisplayName="Account" solution="FieldService (8.8.0.88)">
          <package>FieldService_Anchor (8.8.79.32)</package>
        </Required>
        <Dependent type="60" displayName="CID Portal - Annual Compliance Update Form" parentDisplayName="Account" id="{1f755fc4-dc1d-466c-8faf-7f2ed3c73b6c}" />
      </MissingDependency>
      <MissingDependency>
        <Required type="10" schemaName="msdyn_account_msdyn_rtv_Vendor" displayName="msdyn_account_msdyn_rtv_Vendor" parentSchemaName="account" parentDisplayName="Account" solution="FieldService (8.8.0.88)">
          <package>FieldService_Anchor (8.8.79.32)</package>
        </Required>
        <Dependent type="60" displayName="CID Portal - Annual Compliance Update Form" parentDisplayName="Account" id="{1f755fc4-dc1d-466c-8faf-7f2ed3c73b6c}" />
      </MissingDependency>
      <MissingDependency>
        <Required type="10" schemaName="msdyn_account_msdyn_workorder_BillingAccount" displayName="msdyn_account_msdyn_workorder_BillingAccount" parentSchemaName="account" parentDisplayName="Account" solution="FieldService (8.8.0.88)">
          <package>FieldService_Anchor (8.8.79.32)</package>
        </Required>
        <Dependent type="60" displayName="CID Portal - Annual Compliance Update Form" parentDisplayName="Account" id="{1f755fc4-dc1d-466c-8faf-7f2ed3c73b6c}" />
      </MissingDependency>
      <MissingDependency>
        <Required type="10" schemaName="msdyn_account_msdyn_workorder_ServiceAccount" displayName="msdyn_account_msdyn_workorder_ServiceAccount" parentSchemaName="account" parentDisplayName="Account" solution="FieldService (8.8.0.88)">
          <package>FieldService_Anchor (8.8.79.32)</package>
        </Required>
        <Dependent type="60" displayName="CID Portal - Annual Compliance Update Form" parentDisplayName="Account" id="{1f755fc4-dc1d-466c-8faf-7f2ed3c73b6c}" />
      </MissingDependency>
      <MissingDependency>
        <Required type="10" schemaName="cid_audithistorylog_AuditCode_cid_audithi" displayName="cid_audithistorylog_AuditCode_cid_audithi" parentSchemaName="cid_audithistorycode" parentDisplayName="Audit History Code" solution="Active" />
        <Dependent type="60" displayName="CID Portal - Create History Log Form" parentDisplayName="History Log" id="{034d2122-c6ff-475c-bce6-06ff2b08c71c}" />
      </MissingDependency>
      <MissingDependency>
        <Required type="10" schemaName="cid_audithistorylog_AuditCode_cid_audithi" displayName="cid_audithistorylog_AuditCode_cid_audithi" parentSchemaName="cid_audithistorycode" parentDisplayName="Audit History Code" solution="Active" />
        <Dependent type="60" displayName="CID Portal - History Log" parentDisplayName="History Log" id="{b8f9e57b-ee47-46ff-b9a1-3251c5c2b846}" />
      </MissingDependency>
      <MissingDependency>
        <Required type="10" schemaName="cid_contact_cid_audithistorylog_CreatedByRegistrant" displayName="cid_contact_cid_audithistorylog_CreatedByRegistrant" parentSchemaName="contact" parentDisplayName="Contact" solution="Active" />
        <Dependent type="60" displayName="CID Portal - History Log" parentDisplayName="History Log" id="{b8f9e57b-ee47-46ff-b9a1-3251c5c2b846}" />
      </MissingDependency>
      <MissingDependency>
        <Required type="10" schemaName="msdyn_account_msdyn_customerasset_Account" displayName="msdyn_account_msdyn_customerasset_Account" parentSchemaName="msdyn_customerasset" parentDisplayName="Customer Asset" solution="msdyn_AssetCommon (1.0.28.3)">
          <package>FieldService_Anchor (8.8.79.32)</package>
          <package>msdynce_ServiceAnchor (9.0.22112.1019)</package>
        </Required>
        <Dependent type="60" displayName="CID Portal - Annual Compliance Update Form" parentDisplayName="Account" id="{1f755fc4-dc1d-466c-8faf-7f2ed3c73b6c}" />
      </MissingDependency>
      <MissingDependency>
        <Required type="2" schemaName="cid_annualcompliancecompletiondate" displayName="Annual Compliance Completion Date" parentSchemaName="account" parentDisplayName="Account" solution="Active" />
        <Dependent type="60" displayName="CID Portal - Annual Compliance Update Form" parentDisplayName="Account" id="{1f755fc4-dc1d-466c-8faf-7f2ed3c73b6c}" />
      </MissingDependency>
      <MissingDependency>
        <Required type="2" schemaName="cid_cidcompanystatus" displayName="CID Company Status" parentSchemaName="account" parentDisplayName="Account" solution="Active" />
        <Dependent type="60" displayName="CID Portal - Annual Compliance Update Form" parentDisplayName="Account" id="{1f755fc4-dc1d-466c-8faf-7f2ed3c73b6c}" />
      </MissingDependency>
      <MissingDependency>
        <Required type="2" schemaName="cid_companyanniversarydate" displayName="Company Anniversary Date" parentSchemaName="account" parentDisplayName="Account" solution="Active" />
        <Dependent type="60" displayName="CID Portal - Annual Compliance Update Form" parentDisplayName="Account" id="{1f755fc4-dc1d-466c-8faf-7f2ed3c73b6c}" />
      </MissingDependency>
      <MissingDependency>
        <Required type="2" schemaName="cid_iscompanyattested" displayName="Is Company Attested?" parentSchemaName="account" parentDisplayName="Account" solution="Active" />
        <Dependent type="60" displayName="CID Portal - Annual Compliance Update Form" parentDisplayName="Account" id="{1f755fc4-dc1d-466c-8faf-7f2ed3c73b6c}" />
      </MissingDependency>
      <MissingDependency>
        <Required type="2" schemaName="cid_registrationasof" displayName="Registration As Of" parentSchemaName="account" parentDisplayName="Account" solution="Active" />
        <Dependent type="60" displayName="CID Portal - Annual Compliance Update Form" parentDisplayName="Account" id="{1f755fc4-dc1d-466c-8faf-7f2ed3c73b6c}" />
      </MissingDependency>
      <MissingDependency>
        <Required type="2" schemaName="ovs_legalname" displayName="Legal Name" parentSchemaName="account" parentDisplayName="Account" solution="Active" />
        <Dependent type="60" displayName="CID Portal - Annual Compliance Update Form" parentDisplayName="Account" id="{1f755fc4-dc1d-466c-8faf-7f2ed3c73b6c}" />
      </MissingDependency>
      <MissingDependency>
        <Required type="2" schemaName="cid_annualcomplianceitemid" displayName="Annual Compliance Item" parentSchemaName="cid_annualcomplianceitem" parentDisplayName="Annual Compliance Item" solution="Active" />
        <Dependent type="26" schemaName="CID Portal - Company Annual Compliance Update Items" displayName="CID Portal - Company Annual Compliance Update Items" parentSchemaName="task" parentDisplayName="Task" id="{17886b15-fe24-ed11-9db2-000d3a844ef3}" />
      </MissingDependency>
      <MissingDependency>
        <Required type="2" schemaName="cid_annualcomplianceitemid" displayName="Annual Compliance Item" parentSchemaName="cid_annualcomplianceitem" parentDisplayName="Annual Compliance Item" solution="Active" />
        <Dependent type="26" schemaName="CID Portal - Site Annual Compliance Update Items" displayName="CID Portal - Site Annual Compliance Update Items" parentSchemaName="task" parentDisplayName="Task" id="{9d839aac-4a25-ed11-9db2-000d3a844ef3}" />
      </MissingDependency>
      <MissingDependency>
        <Required type="2" schemaName="cid_description" displayName="Description" parentSchemaName="cid_annualcomplianceitem" parentDisplayName="Annual Compliance Item" solution="Active" />
        <Dependent type="26" schemaName="CID Portal - Company Annual Compliance Update Items" displayName="CID Portal - Company Annual Compliance Update Items" parentSchemaName="task" parentDisplayName="Task" id="{17886b15-fe24-ed11-9db2-000d3a844ef3}" />
      </MissingDependency>
      <MissingDependency>
        <Required type="2" schemaName="cid_description" displayName="Description" parentSchemaName="cid_annualcomplianceitem" parentDisplayName="Annual Compliance Item" solution="Active" />
        <Dependent type="26" schemaName="CID Portal - Site Annual Compliance Update Items" displayName="CID Portal - Site Annual Compliance Update Items" parentSchemaName="task" parentDisplayName="Task" id="{9d839aac-4a25-ed11-9db2-000d3a844ef3}" />
      </MissingDependency>
      <MissingDependency>
        <Required type="2" schemaName="cid_activityen" displayName="Activity EN" parentSchemaName="cid_audithistorycode" parentDisplayName="Audit History Code" solution="Active" />
        <Dependent type="26" schemaName="CID - Annual Compliance Update History Logs" displayName="CID - Annual Compliance Update History Logs" parentSchemaName="cid_audithistorylog" parentDisplayName="History Log" id="{558dd294-6470-ed11-81ac-0022483d0343}" />
      </MissingDependency>
      <MissingDependency>
        <Required type="2" schemaName="cid_activityen" displayName="Activity EN" parentSchemaName="cid_audithistorycode" parentDisplayName="Audit History Code" solution="Active" />
        <Dependent type="26" schemaName="CID Portal - Site History Logs" displayName="CID Portal - Site History Logs" parentSchemaName="cid_audithistorylog" parentDisplayName="History Log" id="{6eac3ccc-01b7-ec11-983e-002248add3fe}" />
      </MissingDependency>
      <MissingDependency>
        <Required type="2" schemaName="cid_activityen" displayName="Activity EN" parentSchemaName="cid_audithistorycode" parentDisplayName="Audit History Code" solution="Active" />
        <Dependent type="26" schemaName="CID - History Logs" displayName="CID - History Logs" parentSchemaName="cid_audithistorylog" parentDisplayName="History Log" id="{701ad00d-7b54-ed11-9561-0022483cb62f}" />
      </MissingDependency>
      <MissingDependency>
        <Required type="2" schemaName="cid_activityen" displayName="Activity EN" parentSchemaName="cid_audithistorycode" parentDisplayName="Audit History Code" solution="Active" />
        <Dependent type="26" schemaName="CID - Company History Logs" displayName="CID - Company History Logs" parentSchemaName="cid_audithistorylog" parentDisplayName="History Log" id="{76b5ae84-6ab9-ec11-983f-0022483d68e2}" />
      </MissingDependency>
      <MissingDependency>
        <Required type="2" schemaName="cid_activityen" displayName="Activity EN" parentSchemaName="cid_audithistorycode" parentDisplayName="Audit History Code" solution="Active" />
        <Dependent type="26" schemaName="CID - Site History Logs" displayName="CID - Site History Logs" parentSchemaName="cid_audithistorylog" parentDisplayName="History Log" id="{8bb1ce28-7d54-ed11-9561-0022483cb62f}" />
      </MissingDependency>
      <MissingDependency>
        <Required type="2" schemaName="cid_activityen" displayName="Activity EN" parentSchemaName="cid_audithistorycode" parentDisplayName="Audit History Code" solution="Active" />
        <Dependent type="26" schemaName="CID Portal - History Logs" displayName="CID Portal - History Logs" parentSchemaName="cid_audithistorylog" parentDisplayName="History Log" id="{cdd83e49-9dd5-ec11-a7b5-0022483c547f}" />
      </MissingDependency>
      <MissingDependency>
        <Required type="2" schemaName="cid_activityfr" displayName="Activity FR" parentSchemaName="cid_audithistorycode" parentDisplayName="Audit History Code" solution="Active" />
        <Dependent type="26" schemaName="CID - Annual Compliance Update History Logs" displayName="CID - Annual Compliance Update History Logs" parentSchemaName="cid_audithistorylog" parentDisplayName="History Log" id="{558dd294-6470-ed11-81ac-0022483d0343}" />
      </MissingDependency>
      <MissingDependency>
        <Required type="2" schemaName="cid_activityfr" displayName="Activity FR" parentSchemaName="cid_audithistorycode" parentDisplayName="Audit History Code" solution="Active" />
        <Dependent type="26" schemaName="CID Portal - Site History Logs" displayName="CID Portal - Site History Logs" parentSchemaName="cid_audithistorylog" parentDisplayName="History Log" id="{6eac3ccc-01b7-ec11-983e-002248add3fe}" />
      </MissingDependency>
      <MissingDependency>
        <Required type="2" schemaName="cid_activityfr" displayName="Activity FR" parentSchemaName="cid_audithistorycode" parentDisplayName="Audit History Code" solution="Active" />
        <Dependent type="26" schemaName="CID - History Logs" displayName="CID - History Logs" parentSchemaName="cid_audithistorylog" parentDisplayName="History Log" id="{701ad00d-7b54-ed11-9561-0022483cb62f}" />
      </MissingDependency>
      <MissingDependency>
        <Required type="2" schemaName="cid_activityfr" displayName="Activity FR" parentSchemaName="cid_audithistorycode" parentDisplayName="Audit History Code" solution="Active" />
        <Dependent type="26" schemaName="CID - Company History Logs" displayName="CID - Company History Logs" parentSchemaName="cid_audithistorylog" parentDisplayName="History Log" id="{76b5ae84-6ab9-ec11-983f-0022483d68e2}" />
      </MissingDependency>
      <MissingDependency>
        <Required type="2" schemaName="cid_activityfr" displayName="Activity FR" parentSchemaName="cid_audithistorycode" parentDisplayName="Audit History Code" solution="Active" />
        <Dependent type="26" schemaName="CID - Site History Logs" displayName="CID - Site History Logs" parentSchemaName="cid_audithistorylog" parentDisplayName="History Log" id="{8bb1ce28-7d54-ed11-9561-0022483cb62f}" />
      </MissingDependency>
      <MissingDependency>
        <Required type="2" schemaName="cid_activityfr" displayName="Activity FR" parentSchemaName="cid_audithistorycode" parentDisplayName="Audit History Code" solution="Active" />
        <Dependent type="26" schemaName="CID Portal - History Logs" displayName="CID Portal - History Logs" parentSchemaName="cid_audithistorylog" parentDisplayName="History Log" id="{cdd83e49-9dd5-ec11-a7b5-0022483c547f}" />
      </MissingDependency>
      <MissingDependency>
        <Required type="2" schemaName="cid_audithistorycodeid" displayName="Audit History Code" parentSchemaName="cid_audithistorycode" parentDisplayName="Audit History Code" solution="Active" />
        <Dependent type="26" schemaName="CID - Annual Compliance Update History Logs" displayName="CID - Annual Compliance Update History Logs" parentSchemaName="cid_audithistorylog" parentDisplayName="History Log" id="{558dd294-6470-ed11-81ac-0022483d0343}" />
      </MissingDependency>
      <MissingDependency>
        <Required type="2" schemaName="cid_audithistorycodeid" displayName="Audit History Code" parentSchemaName="cid_audithistorycode" parentDisplayName="Audit History Code" solution="Active" />
        <Dependent type="26" schemaName="CID Portal - Site History Logs" displayName="CID Portal - Site History Logs" parentSchemaName="cid_audithistorylog" parentDisplayName="History Log" id="{6eac3ccc-01b7-ec11-983e-002248add3fe}" />
      </MissingDependency>
      <MissingDependency>
        <Required type="2" schemaName="cid_audithistorycodeid" displayName="Audit History Code" parentSchemaName="cid_audithistorycode" parentDisplayName="Audit History Code" solution="Active" />
        <Dependent type="26" schemaName="CID - History Logs" displayName="CID - History Logs" parentSchemaName="cid_audithistorylog" parentDisplayName="History Log" id="{701ad00d-7b54-ed11-9561-0022483cb62f}" />
      </MissingDependency>
      <MissingDependency>
        <Required type="2" schemaName="cid_audithistorycodeid" displayName="Audit History Code" parentSchemaName="cid_audithistorycode" parentDisplayName="Audit History Code" solution="Active" />
        <Dependent type="26" schemaName="CID - Company History Logs" displayName="CID - Company History Logs" parentSchemaName="cid_audithistorylog" parentDisplayName="History Log" id="{76b5ae84-6ab9-ec11-983f-0022483d68e2}" />
      </MissingDependency>
      <MissingDependency>
        <Required type="2" schemaName="cid_audithistorycodeid" displayName="Audit History Code" parentSchemaName="cid_audithistorycode" parentDisplayName="Audit History Code" solution="Active" />
        <Dependent type="26" schemaName="CID - Site History Logs" displayName="CID - Site History Logs" parentSchemaName="cid_audithistorylog" parentDisplayName="History Log" id="{8bb1ce28-7d54-ed11-9561-0022483cb62f}" />
      </MissingDependency>
      <MissingDependency>
        <Required type="2" schemaName="cid_audithistorycodeid" displayName="Audit History Code" parentSchemaName="cid_audithistorycode" parentDisplayName="Audit History Code" solution="Active" />
        <Dependent type="26" schemaName="CID Portal - History Logs" displayName="CID Portal - History Logs" parentSchemaName="cid_audithistorylog" parentDisplayName="History Log" id="{cdd83e49-9dd5-ec11-a7b5-0022483c547f}" />
      </MissingDependency>
      <MissingDependency>
        <Required type="2" schemaName="cid_auditcode" displayName="Audit Code" parentSchemaName="cid_audithistorylog" parentDisplayName="History Log" solution="Active" />
        <Dependent type="26" schemaName="CID - Annual Compliance Update History Logs" displayName="CID - Annual Compliance Update History Logs" parentSchemaName="cid_audithistorylog" parentDisplayName="History Log" id="{558dd294-6470-ed11-81ac-0022483d0343}" />
      </MissingDependency>
      <MissingDependency>
        <Required type="2" schemaName="cid_auditcode" displayName="Audit Code" parentSchemaName="cid_audithistorylog" parentDisplayName="History Log" solution="Active" />
        <Dependent type="26" schemaName="CID Portal - Site History Logs" displayName="CID Portal - Site History Logs" parentSchemaName="cid_audithistorylog" parentDisplayName="History Log" id="{6eac3ccc-01b7-ec11-983e-002248add3fe}" />
      </MissingDependency>
      <MissingDependency>
        <Required type="2" schemaName="cid_auditcode" displayName="Audit Code" parentSchemaName="cid_audithistorylog" parentDisplayName="History Log" solution="Active" />
        <Dependent type="26" schemaName="CID - History Logs" displayName="CID - History Logs" parentSchemaName="cid_audithistorylog" parentDisplayName="History Log" id="{701ad00d-7b54-ed11-9561-0022483cb62f}" />
      </MissingDependency>
      <MissingDependency>
        <Required type="2" schemaName="cid_auditcode" displayName="Audit Code" parentSchemaName="cid_audithistorylog" parentDisplayName="History Log" solution="Active" />
        <Dependent type="26" schemaName="CID - Company History Logs" displayName="CID - Company History Logs" parentSchemaName="cid_audithistorylog" parentDisplayName="History Log" id="{76b5ae84-6ab9-ec11-983f-0022483d68e2}" />
      </MissingDependency>
      <MissingDependency>
        <Required type="2" schemaName="cid_auditcode" displayName="Audit Code" parentSchemaName="cid_audithistorylog" parentDisplayName="History Log" solution="Active" />
        <Dependent type="26" schemaName="CID - Site History Logs" displayName="CID - Site History Logs" parentSchemaName="cid_audithistorylog" parentDisplayName="History Log" id="{8bb1ce28-7d54-ed11-9561-0022483cb62f}" />
      </MissingDependency>
      <MissingDependency>
        <Required type="2" schemaName="cid_auditcode" displayName="Audit Code" parentSchemaName="cid_audithistorylog" parentDisplayName="History Log" solution="Active" />
        <Dependent type="26" schemaName="CID Portal - History Logs" displayName="CID Portal - History Logs" parentSchemaName="cid_audithistorylog" parentDisplayName="History Log" id="{cdd83e49-9dd5-ec11-a7b5-0022483c547f}" />
      </MissingDependency>
      <MissingDependency>
        <Required type="2" schemaName="cid_auditcode" displayName="Audit Code" parentSchemaName="cid_audithistorylog" parentDisplayName="History Log" solution="Active" />
        <Dependent type="60" displayName="CID Portal - Create History Log Form" parentDisplayName="History Log" id="{034d2122-c6ff-475c-bce6-06ff2b08c71c}" />
      </MissingDependency>
      <MissingDependency>
        <Required type="2" schemaName="cid_auditcode" displayName="Audit Code" parentSchemaName="cid_audithistorylog" parentDisplayName="History Log" solution="Active" />
        <Dependent type="60" displayName="CID Portal - History Log" parentDisplayName="History Log" id="{b8f9e57b-ee47-46ff-b9a1-3251c5c2b846}" />
      </MissingDependency>
      <MissingDependency>
        <Required type="2" schemaName="cid_audithistorylogid" displayName="Audit History Log" parentSchemaName="cid_audithistorylog" parentDisplayName="History Log" solution="Active" />
        <Dependent type="26" schemaName="CID - Annual Compliance Update History Logs" displayName="CID - Annual Compliance Update History Logs" parentSchemaName="cid_audithistorylog" parentDisplayName="History Log" id="{558dd294-6470-ed11-81ac-0022483d0343}" />
      </MissingDependency>
      <MissingDependency>
        <Required type="2" schemaName="cid_audithistorylogid" displayName="Audit History Log" parentSchemaName="cid_audithistorylog" parentDisplayName="History Log" solution="Active" />
        <Dependent type="26" schemaName="CID Portal - Site History Logs" displayName="CID Portal - Site History Logs" parentSchemaName="cid_audithistorylog" parentDisplayName="History Log" id="{6eac3ccc-01b7-ec11-983e-002248add3fe}" />
      </MissingDependency>
      <MissingDependency>
        <Required type="2" schemaName="cid_audithistorylogid" displayName="Audit History Log" parentSchemaName="cid_audithistorylog" parentDisplayName="History Log" solution="Active" />
        <Dependent type="26" schemaName="CID - History Logs" displayName="CID - History Logs" parentSchemaName="cid_audithistorylog" parentDisplayName="History Log" id="{701ad00d-7b54-ed11-9561-0022483cb62f}" />
      </MissingDependency>
      <MissingDependency>
        <Required type="2" schemaName="cid_audithistorylogid" displayName="Audit History Log" parentSchemaName="cid_audithistorylog" parentDisplayName="History Log" solution="Active" />
        <Dependent type="26" schemaName="CID - Company History Logs" displayName="CID - Company History Logs" parentSchemaName="cid_audithistorylog" parentDisplayName="History Log" id="{76b5ae84-6ab9-ec11-983f-0022483d68e2}" />
      </MissingDependency>
      <MissingDependency>
        <Required type="2" schemaName="cid_audithistorylogid" displayName="Audit History Log" parentSchemaName="cid_audithistorylog" parentDisplayName="History Log" solution="Active" />
        <Dependent type="26" schemaName="CID - Site History Logs" displayName="CID - Site History Logs" parentSchemaName="cid_audithistorylog" parentDisplayName="History Log" id="{8bb1ce28-7d54-ed11-9561-0022483cb62f}" />
      </MissingDependency>
      <MissingDependency>
        <Required type="2" schemaName="cid_audithistorylogid" displayName="Audit History Log" parentSchemaName="cid_audithistorylog" parentDisplayName="History Log" solution="Active" />
        <Dependent type="26" schemaName="CID Portal - History Logs" displayName="CID Portal - History Logs" parentSchemaName="cid_audithistorylog" parentDisplayName="History Log" id="{cdd83e49-9dd5-ec11-a7b5-0022483c547f}" />
      </MissingDependency>
      <MissingDependency>
        <Required type="2" schemaName="cid_company" displayName="Company" parentSchemaName="cid_audithistorylog" parentDisplayName="History Log" solution="Active" />
        <Dependent type="26" schemaName="CID - Company History Logs" displayName="CID - Company History Logs" parentSchemaName="cid_audithistorylog" parentDisplayName="History Log" id="{76b5ae84-6ab9-ec11-983f-0022483d68e2}" />
      </MissingDependency>
      <MissingDependency>
        <Required type="2" schemaName="cid_company" displayName="Company" parentSchemaName="cid_audithistorylog" parentDisplayName="History Log" solution="Active" />
        <Dependent type="60" displayName="CID Portal - Create History Log Form" parentDisplayName="History Log" id="{034d2122-c6ff-475c-bce6-06ff2b08c71c}" />
      </MissingDependency>
      <MissingDependency>
        <Required type="2" schemaName="cid_company" displayName="Company" parentSchemaName="cid_audithistorylog" parentDisplayName="History Log" solution="Active" />
        <Dependent type="60" displayName="CID Portal - History Log" parentDisplayName="History Log" id="{b8f9e57b-ee47-46ff-b9a1-3251c5c2b846}" />
      </MissingDependency>
      <MissingDependency>
        <Required type="2" schemaName="cid_createdbyregistrant" displayName="Created By" parentSchemaName="cid_audithistorylog" parentDisplayName="History Log" solution="Active" />
        <Dependent type="26" schemaName="CID Portal - Site History Logs" displayName="CID Portal - Site History Logs" parentSchemaName="cid_audithistorylog" parentDisplayName="History Log" id="{6eac3ccc-01b7-ec11-983e-002248add3fe}" />
      </MissingDependency>
      <MissingDependency>
        <Required type="2" schemaName="cid_createdbyregistrant" displayName="Created By" parentSchemaName="cid_audithistorylog" parentDisplayName="History Log" solution="Active" />
        <Dependent type="26" schemaName="CID - History Logs" displayName="CID - History Logs" parentSchemaName="cid_audithistorylog" parentDisplayName="History Log" id="{701ad00d-7b54-ed11-9561-0022483cb62f}" />
      </MissingDependency>
      <MissingDependency>
        <Required type="2" schemaName="cid_createdbyregistrant" displayName="Created By" parentSchemaName="cid_audithistorylog" parentDisplayName="History Log" solution="Active" />
        <Dependent type="26" schemaName="CID - Company History Logs" displayName="CID - Company History Logs" parentSchemaName="cid_audithistorylog" parentDisplayName="History Log" id="{76b5ae84-6ab9-ec11-983f-0022483d68e2}" />
      </MissingDependency>
      <MissingDependency>
        <Required type="2" schemaName="cid_createdbyregistrant" displayName="Created By" parentSchemaName="cid_audithistorylog" parentDisplayName="History Log" solution="Active" />
        <Dependent type="26" schemaName="CID - Site History Logs" displayName="CID - Site History Logs" parentSchemaName="cid_audithistorylog" parentDisplayName="History Log" id="{8bb1ce28-7d54-ed11-9561-0022483cb62f}" />
      </MissingDependency>
      <MissingDependency>
        <Required type="2" schemaName="cid_createdbyregistrant" displayName="Created By" parentSchemaName="cid_audithistorylog" parentDisplayName="History Log" solution="Active" />
        <Dependent type="26" schemaName="CID Portal - History Logs" displayName="CID Portal - History Logs" parentSchemaName="cid_audithistorylog" parentDisplayName="History Log" id="{cdd83e49-9dd5-ec11-a7b5-0022483c547f}" />
      </MissingDependency>
      <MissingDependency>
        <Required type="2" schemaName="cid_createdbyregistrant" displayName="Created By" parentSchemaName="cid_audithistorylog" parentDisplayName="History Log" solution="Active" />
        <Dependent type="60" displayName="CID Portal - History Log" parentDisplayName="History Log" id="{b8f9e57b-ee47-46ff-b9a1-3251c5c2b846}" />
      </MissingDependency>
      <MissingDependency>
        <Required type="2" schemaName="cid_effectivedate" displayName="Effective Date" parentSchemaName="cid_audithistorylog" parentDisplayName="History Log" solution="Active" />
        <Dependent type="26" schemaName="CID Portal - Site History Logs" displayName="CID Portal - Site History Logs" parentSchemaName="cid_audithistorylog" parentDisplayName="History Log" id="{6eac3ccc-01b7-ec11-983e-002248add3fe}" />
      </MissingDependency>
      <MissingDependency>
        <Required type="2" schemaName="cid_effectivedate" displayName="Effective Date" parentSchemaName="cid_audithistorylog" parentDisplayName="History Log" solution="Active" />
        <Dependent type="26" schemaName="CID - History Logs" displayName="CID - History Logs" parentSchemaName="cid_audithistorylog" parentDisplayName="History Log" id="{701ad00d-7b54-ed11-9561-0022483cb62f}" />
      </MissingDependency>
      <MissingDependency>
        <Required type="2" schemaName="cid_effectivedate" displayName="Effective Date" parentSchemaName="cid_audithistorylog" parentDisplayName="History Log" solution="Active" />
        <Dependent type="26" schemaName="CID - Company History Logs" displayName="CID - Company History Logs" parentSchemaName="cid_audithistorylog" parentDisplayName="History Log" id="{76b5ae84-6ab9-ec11-983f-0022483d68e2}" />
      </MissingDependency>
      <MissingDependency>
        <Required type="2" schemaName="cid_effectivedate" displayName="Effective Date" parentSchemaName="cid_audithistorylog" parentDisplayName="History Log" solution="Active" />
        <Dependent type="26" schemaName="CID - Site History Logs" displayName="CID - Site History Logs" parentSchemaName="cid_audithistorylog" parentDisplayName="History Log" id="{8bb1ce28-7d54-ed11-9561-0022483cb62f}" />
      </MissingDependency>
      <MissingDependency>
        <Required type="2" schemaName="cid_effectivedate" displayName="Effective Date" parentSchemaName="cid_audithistorylog" parentDisplayName="History Log" solution="Active" />
        <Dependent type="26" schemaName="CID Portal - History Logs" displayName="CID Portal - History Logs" parentSchemaName="cid_audithistorylog" parentDisplayName="History Log" id="{cdd83e49-9dd5-ec11-a7b5-0022483c547f}" />
      </MissingDependency>
      <MissingDependency>
        <Required type="2" schemaName="cid_effectivedate" displayName="Effective Date" parentSchemaName="cid_audithistorylog" parentDisplayName="History Log" solution="Active" />
        <Dependent type="60" displayName="CID Portal - Create History Log Form" parentDisplayName="History Log" id="{034d2122-c6ff-475c-bce6-06ff2b08c71c}" />
      </MissingDependency>
      <MissingDependency>
        <Required type="2" schemaName="cid_effectivedate" displayName="Effective Date" parentSchemaName="cid_audithistorylog" parentDisplayName="History Log" solution="Active" />
        <Dependent type="60" displayName="CID Portal - History Log" parentDisplayName="History Log" id="{b8f9e57b-ee47-46ff-b9a1-3251c5c2b846}" />
      </MissingDependency>
      <MissingDependency>
        <Required type="2" schemaName="cid_externallyvisible" displayName="Externally Visible" parentSchemaName="cid_audithistorylog" parentDisplayName="History Log" solution="Active" />
        <Dependent type="26" schemaName="CID - Annual Compliance Update History Logs" displayName="CID - Annual Compliance Update History Logs" parentSchemaName="cid_audithistorylog" parentDisplayName="History Log" id="{558dd294-6470-ed11-81ac-0022483d0343}" />
      </MissingDependency>
      <MissingDependency>
        <Required type="2" schemaName="cid_externallyvisible" displayName="Externally Visible" parentSchemaName="cid_audithistorylog" parentDisplayName="History Log" solution="Active" />
        <Dependent type="26" schemaName="CID Portal - Site History Logs" displayName="CID Portal - Site History Logs" parentSchemaName="cid_audithistorylog" parentDisplayName="History Log" id="{6eac3ccc-01b7-ec11-983e-002248add3fe}" />
      </MissingDependency>
      <MissingDependency>
        <Required type="2" schemaName="cid_externallyvisible" displayName="Externally Visible" parentSchemaName="cid_audithistorylog" parentDisplayName="History Log" solution="Active" />
        <Dependent type="26" schemaName="CID - History Logs" displayName="CID - History Logs" parentSchemaName="cid_audithistorylog" parentDisplayName="History Log" id="{701ad00d-7b54-ed11-9561-0022483cb62f}" />
      </MissingDependency>
      <MissingDependency>
        <Required type="2" schemaName="cid_externallyvisible" displayName="Externally Visible" parentSchemaName="cid_audithistorylog" parentDisplayName="History Log" solution="Active" />
        <Dependent type="26" schemaName="CID - Company History Logs" displayName="CID - Company History Logs" parentSchemaName="cid_audithistorylog" parentDisplayName="History Log" id="{76b5ae84-6ab9-ec11-983f-0022483d68e2}" />
      </MissingDependency>
      <MissingDependency>
        <Required type="2" schemaName="cid_externallyvisible" displayName="Externally Visible" parentSchemaName="cid_audithistorylog" parentDisplayName="History Log" solution="Active" />
        <Dependent type="26" schemaName="CID - Site History Logs" displayName="CID - Site History Logs" parentSchemaName="cid_audithistorylog" parentDisplayName="History Log" id="{8bb1ce28-7d54-ed11-9561-0022483cb62f}" />
      </MissingDependency>
      <MissingDependency>
        <Required type="2" schemaName="cid_externallyvisible" displayName="Externally Visible" parentSchemaName="cid_audithistorylog" parentDisplayName="History Log" solution="Active" />
        <Dependent type="26" schemaName="CID Portal - History Logs" displayName="CID Portal - History Logs" parentSchemaName="cid_audithistorylog" parentDisplayName="History Log" id="{cdd83e49-9dd5-ec11-a7b5-0022483c547f}" />
      </MissingDependency>
      <MissingDependency>
        <Required type="2" schemaName="cid_externallyvisible" displayName="Externally Visible" parentSchemaName="cid_audithistorylog" parentDisplayName="History Log" solution="Active" />
        <Dependent type="60" displayName="CID Portal - Create History Log Form" parentDisplayName="History Log" id="{034d2122-c6ff-475c-bce6-06ff2b08c71c}" />
      </MissingDependency>
      <MissingDependency>
        <Required type="2" schemaName="cid_externallyvisible" displayName="Externally Visible" parentSchemaName="cid_audithistorylog" parentDisplayName="History Log" solution="Active" />
        <Dependent type="60" displayName="CID Portal - History Log" parentDisplayName="History Log" id="{b8f9e57b-ee47-46ff-b9a1-3251c5c2b846}" />
      </MissingDependency>
      <MissingDependency>
        <Required type="2" schemaName="cid_name" displayName="TO BE DELETED - Name" parentSchemaName="cid_audithistorylog" parentDisplayName="History Log" solution="Active" />
        <Dependent type="60" displayName="CID Portal - Create History Log Form" parentDisplayName="History Log" id="{034d2122-c6ff-475c-bce6-06ff2b08c71c}" />
      </MissingDependency>
      <MissingDependency>
        <Required type="2" schemaName="cid_name" displayName="TO BE DELETED - Name" parentSchemaName="cid_audithistorylog" parentDisplayName="History Log" solution="Active" />
        <Dependent type="60" displayName="CID Portal - History Log" parentDisplayName="History Log" id="{b8f9e57b-ee47-46ff-b9a1-3251c5c2b846}" />
      </MissingDependency>
      <MissingDependency>
        <Required type="2" schemaName="cid_site" displayName="Site" parentSchemaName="cid_audithistorylog" parentDisplayName="History Log" solution="Active" />
        <Dependent type="26" schemaName="CID Portal - Site History Logs" displayName="CID Portal - Site History Logs" parentSchemaName="cid_audithistorylog" parentDisplayName="History Log" id="{6eac3ccc-01b7-ec11-983e-002248add3fe}" />
      </MissingDependency>
      <MissingDependency>
        <Required type="2" schemaName="cid_site" displayName="Site" parentSchemaName="cid_audithistorylog" parentDisplayName="History Log" solution="Active" />
        <Dependent type="26" schemaName="CID - History Logs" displayName="CID - History Logs" parentSchemaName="cid_audithistorylog" parentDisplayName="History Log" id="{701ad00d-7b54-ed11-9561-0022483cb62f}" />
      </MissingDependency>
      <MissingDependency>
        <Required type="2" schemaName="cid_site" displayName="Site" parentSchemaName="cid_audithistorylog" parentDisplayName="History Log" solution="Active" />
        <Dependent type="26" schemaName="CID - Site History Logs" displayName="CID - Site History Logs" parentSchemaName="cid_audithistorylog" parentDisplayName="History Log" id="{8bb1ce28-7d54-ed11-9561-0022483cb62f}" />
      </MissingDependency>
      <MissingDependency>
        <Required type="2" schemaName="cid_site" displayName="Site" parentSchemaName="cid_audithistorylog" parentDisplayName="History Log" solution="Active" />
        <Dependent type="26" schemaName="CID Portal - History Logs" displayName="CID Portal - History Logs" parentSchemaName="cid_audithistorylog" parentDisplayName="History Log" id="{cdd83e49-9dd5-ec11-a7b5-0022483c547f}" />
      </MissingDependency>
      <MissingDependency>
        <Required type="2" schemaName="cid_site" displayName="Site" parentSchemaName="cid_audithistorylog" parentDisplayName="History Log" solution="Active" />
        <Dependent type="60" displayName="CID Portal - Create History Log Form" parentDisplayName="History Log" id="{034d2122-c6ff-475c-bce6-06ff2b08c71c}" />
      </MissingDependency>
      <MissingDependency>
        <Required type="2" schemaName="cid_site" displayName="Site" parentSchemaName="cid_audithistorylog" parentDisplayName="History Log" solution="Active" />
        <Dependent type="60" displayName="CID Portal - History Log" parentDisplayName="History Log" id="{b8f9e57b-ee47-46ff-b9a1-3251c5c2b846}" />
      </MissingDependency>
      <MissingDependency>
        <Required type="2" schemaName="createdon" displayName="Created On" parentSchemaName="cid_audithistorylog" parentDisplayName="History Log" solution="Active" />
        <Dependent type="60" displayName="CID Portal - History Log" parentDisplayName="History Log" id="{b8f9e57b-ee47-46ff-b9a1-3251c5c2b846}" />
      </MissingDependency>
      <MissingDependency>
        <Required type="2" schemaName="ownerid" displayName="Owner" parentSchemaName="cid_audithistorylog" parentDisplayName="History Log" solution="Active" />
        <Dependent type="60" displayName="CID Portal - Create History Log Form" parentDisplayName="History Log" id="{034d2122-c6ff-475c-bce6-06ff2b08c71c}" />
      </MissingDependency>
      <MissingDependency>
        <Required type="2" schemaName="ownerid" displayName="Owner" parentSchemaName="cid_audithistorylog" parentDisplayName="History Log" solution="Active" />
        <Dependent type="60" displayName="CID Portal - History Log" parentDisplayName="History Log" id="{b8f9e57b-ee47-46ff-b9a1-3251c5c2b846}" />
      </MissingDependency>
      <MissingDependency>
        <Required type="2" schemaName="statuscode" displayName="Status Reason" parentSchemaName="cid_audithistorylog" parentDisplayName="History Log" solution="Active" />
        <Dependent type="26" schemaName="CID - Annual Compliance Update History Logs" displayName="CID - Annual Compliance Update History Logs" parentSchemaName="cid_audithistorylog" parentDisplayName="History Log" id="{558dd294-6470-ed11-81ac-0022483d0343}" />
      </MissingDependency>
      <MissingDependency>
        <Required type="2" schemaName="cid_annualcomplianceitem" displayName="Annual Compliance Item" parentSchemaName="task" parentDisplayName="Task" solution="Active" />
        <Dependent type="26" schemaName="CID Portal - Company Annual Compliance Update Items" displayName="CID Portal - Company Annual Compliance Update Items" parentSchemaName="task" parentDisplayName="Task" id="{17886b15-fe24-ed11-9db2-000d3a844ef3}" />
      </MissingDependency>
      <MissingDependency>
        <Required type="2" schemaName="cid_annualcomplianceitem" displayName="Annual Compliance Item" parentSchemaName="task" parentDisplayName="Task" solution="Active" />
        <Dependent type="26" schemaName="CID Portal - Site Annual Compliance Update Items" displayName="CID Portal - Site Annual Compliance Update Items" parentSchemaName="task" parentDisplayName="Task" id="{9d839aac-4a25-ed11-9db2-000d3a844ef3}" />
      </MissingDependency>
      <MissingDependency>
        <Required type="2" schemaName="cid_tasklevel" displayName="Task level" parentSchemaName="task" parentDisplayName="Task" solution="Active" />
        <Dependent type="26" schemaName="CID Portal - Company Annual Compliance Update Items" displayName="CID Portal - Company Annual Compliance Update Items" parentSchemaName="task" parentDisplayName="Task" id="{17886b15-fe24-ed11-9db2-000d3a844ef3}" />
      </MissingDependency>
      <MissingDependency>
        <Required type="2" schemaName="cid_tasklevel" displayName="Task level" parentSchemaName="task" parentDisplayName="Task" solution="Active" />
        <Dependent type="26" schemaName="CID Portal - Site Annual Compliance Update Items" displayName="CID Portal - Site Annual Compliance Update Items" parentSchemaName="task" parentDisplayName="Task" id="{9d839aac-4a25-ed11-9db2-000d3a844ef3}" />
      </MissingDependency>
      <MissingDependency>
        <Required type="26" schemaName="X_CID Portal - Company Annual Compliance Update Item1" displayName="X_CID Portal - Company Annual Compliance Update Item1" parentSchemaName="task" parentDisplayName="Task" solution="Active" id="{3ff635ff-c02e-ed11-9db0-0022483cb62f}" />
        <Dependent type="60" displayName="CID Portal - Annual Compliance Update Form" parentDisplayName="Account" id="{1f755fc4-dc1d-466c-8faf-7f2ed3c73b6c}" />
      </MissingDependency>
      <MissingDependency>
        <Required type="26" schemaName="X_CID Portal - Site Annual Compliance Update Item1" displayName="X_CID Portal - Site Annual Compliance Update Item1" parentSchemaName="task" parentDisplayName="Task" solution="Active" id="{7c6be9d5-c02e-ed11-9db0-0022483cb62f}" />
        <Dependent type="60" displayName="CID Portal - Annual Compliance Update Form" parentDisplayName="Account" id="{1f755fc4-dc1d-466c-8faf-7f2ed3c73b6c}" />
      </MissingDependency>
      <MissingDependency>
        <Required type="26" schemaName="Active Audit History Logs" displayName="Active Audit History Logs" parentSchemaName="cid_audithistorylog" parentDisplayName="History Log" solution="Active" id="{b7f1b00e-7ee0-41ff-b007-2fefddbd6280}" />
        <Dependent type="60" displayName="CID Portal - Annual Compliance Update Form" parentDisplayName="Account" id="{1f755fc4-dc1d-466c-8faf-7f2ed3c73b6c}" />
      </MissingDependency>
      <MissingDependency>
        <Required type="59" schemaName="Tasks by Month Due" displayName="Tasks by Month Due" parentSchemaName="task" parentDisplayName="Task" solution="msdynce_AppCommon (9.0.4.0066)" id="{9e6a8b06-6d14-46e6-bbf5-95c388c6eb7a}">
          <package>msdynce_AppCommonAnchor (9.0.22112.10001)</package>
        </Required>
        <Dependent type="60" displayName="CID Portal - Annual Compliance Update Form" parentDisplayName="Account" id="{1f755fc4-dc1d-466c-8faf-7f2ed3c73b6c}" />
      </MissingDependency>
      <MissingDependency>
        <Required type="61" schemaName="msdyn_/Account/Account.Library.js" displayName="msdyn_/Account/Account.Library.js" solution="FieldService (8.8.0.88)">
          <package>FieldService_Anchor (8.8.79.32)</package>
        </Required>
        <Dependent type="60" displayName="CID Portal - Annual Compliance Update Form" parentDisplayName="Account" id="{1f755fc4-dc1d-466c-8faf-7f2ed3c73b6c}" />
      </MissingDependency>
      <MissingDependency>
        <Required type="61" schemaName="msdyn_/Account/AssetCommon.Account.Library.js" displayName="msdyn_/Account/AssetCommon.Account.Library.js" solution="msdyn_AssetCommon (1.0.28.3)">
          <package>FieldService_Anchor (8.8.79.32)</package>
          <package>msdynce_ServiceAnchor (9.0.22112.1019)</package>
        </Required>
        <Dependent type="60" displayName="CID Portal - Annual Compliance Update Form" parentDisplayName="Account" id="{1f755fc4-dc1d-466c-8faf-7f2ed3c73b6c}" />
      </MissingDependency>
      <MissingDependency>
        <Required type="61" schemaName="msdyn_/Utils/FieldServiceTrial.js" displayName="msdyn_/Utils/FieldServiceTrial.js" solution="FieldService (8.8.0.88)">
          <package>FieldService_Anchor (8.8.79.32)</package>
        </Required>
        <Dependent type="60" displayName="CID Portal - Annual Compliance Update Form" parentDisplayName="Account" id="{1f755fc4-dc1d-466c-8faf-7f2ed3c73b6c}" />
      </MissingDependency>
    </MissingDependencies>
  </SolutionManifest>
</ImportExportXml>