<ImportExportXml version="9.2.24041.166" SolutionPackageVersion="9.2" languagecode="1033" generatedBy="CrmLive" xmlns:xsi="http://www.w3.org/2001/XMLSchema-instance">
  <SolutionManifest>
    <UniqueName>TC_GlobalCore_Patch_381e25f3</UniqueName>
    <LocalizedNames>
      <LocalizedName description="TDG Core Schema" languagecode="1033" />
    </LocalizedNames>
    <Descriptions>
      <Description description="Patch for TDG Core Schema" languagecode="1033" />
    </Descriptions>
    <ParentUniqueName>TC_GlobalCore</ParentUniqueName>
    <Version>1.162.3.0</Version>
    <Managed>1</Managed>
    <Publisher>
      <UniqueName>oversightpublisher</UniqueName>
      <LocalizedNames>
        <LocalizedName description="Oversight" languagecode="1033" />
      </LocalizedNames>
      <Descriptions>
        <Description description="This is the common solution for AvSec Inspection and TDG Inspection." languagecode="1033" />
      </Descriptions>
      <EMailAddress xsi:nil="true"></EMailAddress>
      <SupportingWebsiteUrl xsi:nil="true"></SupportingWebsiteUrl>
      <CustomizationPrefix>ovs</CustomizationPrefix>
      <CustomizationOptionValuePrefix>91864</CustomizationOptionValuePrefix>
      <Addresses>
        <Address>
          <AddressNumber>1</AddressNumber>
          <AddressTypeCode>1</AddressTypeCode>
          <City xsi:nil="true"></City>
          <County xsi:nil="true"></County>
          <Country xsi:nil="true"></Country>
          <Fax xsi:nil="true"></Fax>
          <FreightTermsCode xsi:nil="true"></FreightTermsCode>
          <ImportSequenceNumber xsi:nil="true"></ImportSequenceNumber>
          <Latitude xsi:nil="true"></Latitude>
          <Line1 xsi:nil="true"></Line1>
          <Line2 xsi:nil="true"></Line2>
          <Line3 xsi:nil="true"></Line3>
          <Longitude xsi:nil="true"></Longitude>
          <Name xsi:nil="true"></Name>
          <PostalCode xsi:nil="true"></PostalCode>
          <PostOfficeBox xsi:nil="true"></PostOfficeBox>
          <PrimaryContactName xsi:nil="true"></PrimaryContactName>
          <ShippingMethodCode>1</ShippingMethodCode>
          <StateOrProvince xsi:nil="true"></StateOrProvince>
          <Telephone1 xsi:nil="true"></Telephone1>
          <Telephone2 xsi:nil="true"></Telephone2>
          <Telephone3 xsi:nil="true"></Telephone3>
          <TimeZoneRuleVersionNumber xsi:nil="true"></TimeZoneRuleVersionNumber>
          <UPSZone xsi:nil="true"></UPSZone>
          <UTCOffset xsi:nil="true"></UTCOffset>
          <UTCConversionTimeZoneCode xsi:nil="true"></UTCConversionTimeZoneCode>
        </Address>
        <Address>
          <AddressNumber>2</AddressNumber>
          <AddressTypeCode>1</AddressTypeCode>
          <City xsi:nil="true"></City>
          <County xsi:nil="true"></County>
          <Country xsi:nil="true"></Country>
          <Fax xsi:nil="true"></Fax>
          <FreightTermsCode xsi:nil="true"></FreightTermsCode>
          <ImportSequenceNumber xsi:nil="true"></ImportSequenceNumber>
          <Latitude xsi:nil="true"></Latitude>
          <Line1 xsi:nil="true"></Line1>
          <Line2 xsi:nil="true"></Line2>
          <Line3 xsi:nil="true"></Line3>
          <Longitude xsi:nil="true"></Longitude>
          <Name xsi:nil="true"></Name>
          <PostalCode xsi:nil="true"></PostalCode>
          <PostOfficeBox xsi:nil="true"></PostOfficeBox>
          <PrimaryContactName xsi:nil="true"></PrimaryContactName>
          <ShippingMethodCode>1</ShippingMethodCode>
          <StateOrProvince xsi:nil="true"></StateOrProvince>
          <Telephone1 xsi:nil="true"></Telephone1>
          <Telephone2 xsi:nil="true"></Telephone2>
          <Telephone3 xsi:nil="true"></Telephone3>
          <TimeZoneRuleVersionNumber xsi:nil="true"></TimeZoneRuleVersionNumber>
          <UPSZone xsi:nil="true"></UPSZone>
          <UTCOffset xsi:nil="true"></UTCOffset>
          <UTCConversionTimeZoneCode xsi:nil="true"></UTCConversionTimeZoneCode>
        </Address>
      </Addresses>
    </Publisher>
    <RootComponents>
      <RootComponent type="1" schemaName="account" behavior="2" />
      <RootComponent type="20" id="{682094a5-178a-ee11-8179-000d3af35f84}" behavior="0" />
      <RootComponent type="61" schemaName="ovs_CRS_account_main.js" behavior="0" />
    </RootComponents>
    <MissingDependencies>
      <MissingDependency>
        <Required type="1" schemaName="fdr_servicerequest" displayName="Service Request" solution="Active" />
        <Dependent type="60" displayName="CRS Organization" parentDisplayName="Account" id="{913bf6bd-a463-ee11-8df0-0022483d0343}" />
      </MissingDependency>
      <MissingDependency>
        <Required type="1" schemaName="ovs_customerrequest" displayName="Customer Request" solution="Active" />
        <Dependent type="60" displayName="CRS Organization" parentDisplayName="Account" id="{913bf6bd-a463-ee11-8df0-0022483d0343}" />
      </MissingDependency>
      <MissingDependency>
        <Required type="1" schemaName="ovs_customerrequest" displayName="Customer Request" solution="Active" />
        <Dependent type="60" displayName="CRS Site Profile" parentDisplayName="Account" id="{a337ae25-a663-ee11-8df0-0022483d0343}" />
      </MissingDependency>
      <MissingDependency>
        <Required type="1" schemaName="ovs_mocregistration" displayName="Operation" solution="Active" />
        <Dependent type="60" displayName="CRS Site Profile" parentDisplayName="Account" id="{a337ae25-a663-ee11-8df0-0022483d0343}" />
      </MissingDependency>
      <MissingDependency>
        <Required type="1" schemaName="ovs_organization_naics_code" displayName="Organization NAICS Code" solution="Active" />
        <Dependent type="60" displayName="CRS Organization" parentDisplayName="Account" id="{913bf6bd-a463-ee11-8df0-0022483d0343}" />
      </MissingDependency>
      <MissingDependency>
        <Required type="1" schemaName="ovs_supportrequest" displayName="Support Request" solution="Active" />
        <Dependent type="60" displayName="CRS Site Profile" parentDisplayName="Account" id="{a337ae25-a663-ee11-8df0-0022483d0343}" />
      </MissingDependency>
      <MissingDependency>
        <Required type="10" schemaName="fdr_ServiceRequest_Site" displayName="fdr_ServiceRequest_Site" parentSchemaName="account" parentDisplayName="Account" solution="Active" />
        <Dependent type="60" displayName="CRS Organization" parentDisplayName="Account" id="{913bf6bd-a463-ee11-8df0-0022483d0343}" />
      </MissingDependency>
      <MissingDependency>
        <Required type="10" schemaName="msdyn_account_account_BillingAccount" displayName="msdyn_account_account_BillingAccount" parentSchemaName="account" parentDisplayName="Account" solution="FieldServiceCommon (1.0.0.217)">
          <package>FieldService_Anchor (8.8.109.12)</package>
        </Required>
        <Dependent type="60" displayName="CRS Organization" parentDisplayName="Account" id="{913bf6bd-a463-ee11-8df0-0022483d0343}" />
      </MissingDependency>
      <MissingDependency>
        <Required type="10" schemaName="msdyn_account_account_BillingAccount" displayName="msdyn_account_account_BillingAccount" parentSchemaName="account" parentDisplayName="Account" solution="FieldServiceCommon (1.0.0.217)">
          <package>FieldService_Anchor (8.8.109.12)</package>
        </Required>
        <Dependent type="60" displayName="CRS Site Profile" parentDisplayName="Account" id="{a337ae25-a663-ee11-8df0-0022483d0343}" />
      </MissingDependency>
      <MissingDependency>
        <Required type="10" schemaName="msdyn_account_msdyn_agreement_BillingAccount" displayName="msdyn_account_msdyn_agreement_BillingAccount" parentSchemaName="account" parentDisplayName="Account" solution="FieldService (8.8.0.88)">
          <package>FieldService_Anchor (8.8.109.12)</package>
        </Required>
        <Dependent type="60" displayName="CRS Organization" parentDisplayName="Account" id="{913bf6bd-a463-ee11-8df0-0022483d0343}" />
      </MissingDependency>
      <MissingDependency>
        <Required type="10" schemaName="msdyn_account_msdyn_agreement_BillingAccount" displayName="msdyn_account_msdyn_agreement_BillingAccount" parentSchemaName="account" parentDisplayName="Account" solution="FieldService (8.8.0.88)">
          <package>FieldService_Anchor (8.8.109.12)</package>
        </Required>
        <Dependent type="60" displayName="CRS Site Profile" parentDisplayName="Account" id="{a337ae25-a663-ee11-8df0-0022483d0343}" />
      </MissingDependency>
      <MissingDependency>
        <Required type="10" schemaName="msdyn_account_msdyn_agreement_ServiceAccount" displayName="msdyn_account_msdyn_agreement_ServiceAccount" parentSchemaName="account" parentDisplayName="Account" solution="FieldService (8.8.0.88)">
          <package>FieldService_Anchor (8.8.109.12)</package>
        </Required>
        <Dependent type="60" displayName="CRS Organization" parentDisplayName="Account" id="{913bf6bd-a463-ee11-8df0-0022483d0343}" />
      </MissingDependency>
      <MissingDependency>
        <Required type="10" schemaName="msdyn_account_msdyn_agreement_ServiceAccount" displayName="msdyn_account_msdyn_agreement_ServiceAccount" parentSchemaName="account" parentDisplayName="Account" solution="FieldService (8.8.0.88)">
          <package>FieldService_Anchor (8.8.109.12)</package>
        </Required>
        <Dependent type="60" displayName="CRS Site Profile" parentDisplayName="Account" id="{a337ae25-a663-ee11-8df0-0022483d0343}" />
      </MissingDependency>
      <MissingDependency>
        <Required type="10" schemaName="msdyn_account_msdyn_payment_Account" displayName="msdyn_account_msdyn_payment_Account" parentSchemaName="account" parentDisplayName="Account" solution="FieldService (8.8.0.88)">
          <package>FieldService_Anchor (8.8.109.12)</package>
        </Required>
        <Dependent type="60" displayName="CRS Organization" parentDisplayName="Account" id="{913bf6bd-a463-ee11-8df0-0022483d0343}" />
      </MissingDependency>
      <MissingDependency>
        <Required type="10" schemaName="msdyn_account_msdyn_payment_Account" displayName="msdyn_account_msdyn_payment_Account" parentSchemaName="account" parentDisplayName="Account" solution="FieldService (8.8.0.88)">
          <package>FieldService_Anchor (8.8.109.12)</package>
        </Required>
        <Dependent type="60" displayName="CRS Site Profile" parentDisplayName="Account" id="{a337ae25-a663-ee11-8df0-0022483d0343}" />
      </MissingDependency>
      <MissingDependency>
        <Required type="10" schemaName="msdyn_account_msdyn_purchaseorder_Vendor" displayName="msdyn_account_msdyn_purchaseorder_Vendor" parentSchemaName="account" parentDisplayName="Account" solution="FieldServiceCommon (1.0.0.217)">
          <package>FieldService_Anchor (8.8.109.12)</package>
        </Required>
        <Dependent type="60" displayName="CRS Organization" parentDisplayName="Account" id="{913bf6bd-a463-ee11-8df0-0022483d0343}" />
      </MissingDependency>
      <MissingDependency>
        <Required type="10" schemaName="msdyn_account_msdyn_purchaseorder_Vendor" displayName="msdyn_account_msdyn_purchaseorder_Vendor" parentSchemaName="account" parentDisplayName="Account" solution="FieldServiceCommon (1.0.0.217)">
          <package>FieldService_Anchor (8.8.109.12)</package>
        </Required>
        <Dependent type="60" displayName="CRS Site Profile" parentDisplayName="Account" id="{a337ae25-a663-ee11-8df0-0022483d0343}" />
      </MissingDependency>
      <MissingDependency>
        <Required type="10" schemaName="msdyn_account_msdyn_rma_BillingAccount" displayName="msdyn_account_msdyn_rma_BillingAccount" parentSchemaName="account" parentDisplayName="Account" solution="FieldService (8.8.0.88)">
          <package>FieldService_Anchor (8.8.109.12)</package>
        </Required>
        <Dependent type="60" displayName="CRS Organization" parentDisplayName="Account" id="{913bf6bd-a463-ee11-8df0-0022483d0343}" />
      </MissingDependency>
      <MissingDependency>
        <Required type="10" schemaName="msdyn_account_msdyn_rma_BillingAccount" displayName="msdyn_account_msdyn_rma_BillingAccount" parentSchemaName="account" parentDisplayName="Account" solution="FieldService (8.8.0.88)">
          <package>FieldService_Anchor (8.8.109.12)</package>
        </Required>
        <Dependent type="60" displayName="CRS Site Profile" parentDisplayName="Account" id="{a337ae25-a663-ee11-8df0-0022483d0343}" />
      </MissingDependency>
      <MissingDependency>
        <Required type="10" schemaName="msdyn_account_msdyn_rma_ServiceAccount" displayName="msdyn_account_msdyn_rma_ServiceAccount" parentSchemaName="account" parentDisplayName="Account" solution="FieldService (8.8.0.88)">
          <package>FieldService_Anchor (8.8.109.12)</package>
        </Required>
        <Dependent type="60" displayName="CRS Organization" parentDisplayName="Account" id="{913bf6bd-a463-ee11-8df0-0022483d0343}" />
      </MissingDependency>
      <MissingDependency>
        <Required type="10" schemaName="msdyn_account_msdyn_rma_ServiceAccount" displayName="msdyn_account_msdyn_rma_ServiceAccount" parentSchemaName="account" parentDisplayName="Account" solution="FieldService (8.8.0.88)">
          <package>FieldService_Anchor (8.8.109.12)</package>
        </Required>
        <Dependent type="60" displayName="CRS Site Profile" parentDisplayName="Account" id="{a337ae25-a663-ee11-8df0-0022483d0343}" />
      </MissingDependency>
      <MissingDependency>
        <Required type="10" schemaName="msdyn_account_msdyn_rtv_Vendor" displayName="msdyn_account_msdyn_rtv_Vendor" parentSchemaName="account" parentDisplayName="Account" solution="FieldService (8.8.0.88)">
          <package>FieldService_Anchor (8.8.109.12)</package>
        </Required>
        <Dependent type="60" displayName="CRS Organization" parentDisplayName="Account" id="{913bf6bd-a463-ee11-8df0-0022483d0343}" />
      </MissingDependency>
      <MissingDependency>
        <Required type="10" schemaName="msdyn_account_msdyn_rtv_Vendor" displayName="msdyn_account_msdyn_rtv_Vendor" parentSchemaName="account" parentDisplayName="Account" solution="FieldService (8.8.0.88)">
          <package>FieldService_Anchor (8.8.109.12)</package>
        </Required>
        <Dependent type="60" displayName="CRS Site Profile" parentDisplayName="Account" id="{a337ae25-a663-ee11-8df0-0022483d0343}" />
      </MissingDependency>
      <MissingDependency>
        <Required type="10" schemaName="msdyn_account_msdyn_workorder_BillingAccount" displayName="msdyn_account_msdyn_workorder_BillingAccount" parentSchemaName="account" parentDisplayName="Account" solution="FieldService (8.8.0.88)">
          <package>FieldService_Anchor (8.8.109.12)</package>
        </Required>
        <Dependent type="60" displayName="CRS Organization" parentDisplayName="Account" id="{913bf6bd-a463-ee11-8df0-0022483d0343}" />
      </MissingDependency>
      <MissingDependency>
        <Required type="10" schemaName="msdyn_account_msdyn_workorder_BillingAccount" displayName="msdyn_account_msdyn_workorder_BillingAccount" parentSchemaName="account" parentDisplayName="Account" solution="FieldService (8.8.0.88)">
          <package>FieldService_Anchor (8.8.109.12)</package>
        </Required>
        <Dependent type="60" displayName="CRS Site Profile" parentDisplayName="Account" id="{a337ae25-a663-ee11-8df0-0022483d0343}" />
      </MissingDependency>
      <MissingDependency>
        <Required type="10" schemaName="msdyn_account_msdyn_workorder_ServiceAccount" displayName="msdyn_account_msdyn_workorder_ServiceAccount" parentSchemaName="account" parentDisplayName="Account" solution="FieldService (8.8.0.88)">
          <package>FieldService_Anchor (8.8.109.12)</package>
        </Required>
        <Dependent type="60" displayName="CRS Organization" parentDisplayName="Account" id="{913bf6bd-a463-ee11-8df0-0022483d0343}" />
      </MissingDependency>
      <MissingDependency>
        <Required type="10" schemaName="msdyn_account_msdyn_workorder_ServiceAccount" displayName="msdyn_account_msdyn_workorder_ServiceAccount" parentSchemaName="account" parentDisplayName="Account" solution="FieldService (8.8.0.88)">
          <package>FieldService_Anchor (8.8.109.12)</package>
        </Required>
        <Dependent type="60" displayName="CRS Site Profile" parentDisplayName="Account" id="{a337ae25-a663-ee11-8df0-0022483d0343}" />
      </MissingDependency>
      <MissingDependency>
        <Required type="10" schemaName="ovs_MOCRegistration_Site" displayName="ovs_MOCRegistration_Site" parentSchemaName="account" parentDisplayName="Account" solution="Active" />
        <Dependent type="60" displayName="CRS Site Profile" parentDisplayName="Account" id="{a337ae25-a663-ee11-8df0-0022483d0343}" />
      </MissingDependency>
      <MissingDependency>
        <Required type="10" schemaName="ovs_organization_naics_code_organization" displayName="ovs_organization_naics_code_organization" parentSchemaName="account" parentDisplayName="Account" solution="Active" />
        <Dependent type="60" displayName="CRS Organization" parentDisplayName="Account" id="{913bf6bd-a463-ee11-8df0-0022483d0343}" />
      </MissingDependency>
      <MissingDependency>
        <Required type="10" schemaName="ovs_ovs_customerrequest_account_ovs_SourceRecordId" displayName="ovs_ovs_customerrequest_account_ovs_SourceRecordId" parentSchemaName="account" parentDisplayName="Account" solution="Active" />
        <Dependent type="60" displayName="CRS Organization" parentDisplayName="Account" id="{913bf6bd-a463-ee11-8df0-0022483d0343}" />
      </MissingDependency>
      <MissingDependency>
        <Required type="10" schemaName="ovs_ovs_customerrequest_account_ovs_SourceRecordId" displayName="ovs_ovs_customerrequest_account_ovs_SourceRecordId" parentSchemaName="account" parentDisplayName="Account" solution="Active" />
        <Dependent type="60" displayName="CRS Site Profile" parentDisplayName="Account" id="{a337ae25-a663-ee11-8df0-0022483d0343}" />
      </MissingDependency>
      <MissingDependency>
        <Required type="10" schemaName="ovs_ovs_supportrequest_Site_account" displayName="ovs_ovs_supportrequest_Site_account" parentSchemaName="account" parentDisplayName="Account" solution="Active" />
        <Dependent type="60" displayName="CRS Site Profile" parentDisplayName="Account" id="{a337ae25-a663-ee11-8df0-0022483d0343}" />
      </MissingDependency>
      <MissingDependency>
        <Required type="10" schemaName="ovs_Account_InspectorType_BookableResourceCat" displayName="ovs_Account_InspectorType_BookableResourceCat" parentSchemaName="bookableresourcecategory" parentDisplayName="Bookable Resource Category" solution="Active" />
        <Dependent type="60" displayName="CRS Site Profile" parentDisplayName="Account" id="{a337ae25-a663-ee11-8df0-0022483d0343}" />
      </MissingDependency>
      <MissingDependency>
        <Required type="10" schemaName="msdyn_account_msdyn_customerasset_Account" displayName="msdyn_account_msdyn_customerasset_Account" parentSchemaName="msdyn_customerasset" parentDisplayName="Customer Asset" solution="msdyn_AssetCommon (1.0.46.7)">
          <package>FieldService_Anchor (8.8.109.12)</package>
          <package>msdynce_ServiceAnchor (9.0.24041.1007)</package>
        </Required>
        <Dependent type="60" displayName="CRS Organization" parentDisplayName="Account" id="{913bf6bd-a463-ee11-8df0-0022483d0343}" />
      </MissingDependency>
      <MissingDependency>
        <Required type="10" schemaName="msdyn_account_msdyn_customerasset_Account" displayName="msdyn_account_msdyn_customerasset_Account" parentSchemaName="msdyn_customerasset" parentDisplayName="Customer Asset" solution="msdyn_AssetCommon (1.0.46.7)">
          <package>FieldService_Anchor (8.8.109.12)</package>
          <package>msdynce_ServiceAnchor (9.0.24041.1007)</package>
        </Required>
        <Dependent type="60" displayName="CRS Site Profile" parentDisplayName="Account" id="{a337ae25-a663-ee11-8df0-0022483d0343}" />
      </MissingDependency>
      <MissingDependency>
        <Required type="2" schemaName="cid_crabusinessnumber" displayName="CRA Business Number" parentSchemaName="account" parentDisplayName="Account" solution="Active" />
        <Dependent type="60" displayName="CRS Organization" parentDisplayName="Account" id="{913bf6bd-a463-ee11-8df0-0022483d0343}" />
      </MissingDependency>
      <MissingDependency>
        <Required type="2" schemaName="cid_reasonfornobnnumber" displayName="Reason for no CRA Business Number" parentSchemaName="account" parentDisplayName="Account" solution="Active" />
        <Dependent type="60" displayName="CRS Organization" parentDisplayName="Account" id="{913bf6bd-a463-ee11-8df0-0022483d0343}" />
      </MissingDependency>
      <MissingDependency>
        <Required type="2" schemaName="cid_reasonfornobnnumber_other" displayName="Other Reason" parentSchemaName="account" parentDisplayName="Account" solution="Active" />
        <Dependent type="60" displayName="CRS Organization" parentDisplayName="Account" id="{913bf6bd-a463-ee11-8df0-0022483d0343}" />
      </MissingDependency>
      <MissingDependency>
        <Required type="2" schemaName="fdr_engineerlicenseexpirydate" displayName="Expiry Date" parentSchemaName="account" parentDisplayName="Account" solution="Active" />
        <Dependent type="60" displayName="CRS Site Profile" parentDisplayName="Account" id="{a337ae25-a663-ee11-8df0-0022483d0343}" />
      </MissingDependency>
      <MissingDependency>
        <Required type="2" schemaName="fdr_engineerlicenseissuedate" displayName="Issue Date" parentSchemaName="account" parentDisplayName="Account" solution="Active" />
        <Dependent type="60" displayName="CRS Site Profile" parentDisplayName="Account" id="{a337ae25-a663-ee11-8df0-0022483d0343}" />
      </MissingDependency>
      <MissingDependency>
        <Required type="2" schemaName="fdr_engineerlicenseissuingorganization" displayName="Issuing Organization" parentSchemaName="account" parentDisplayName="Account" solution="Active" />
        <Dependent type="60" displayName="CRS Site Profile" parentDisplayName="Account" id="{a337ae25-a663-ee11-8df0-0022483d0343}" />
      </MissingDependency>
      <MissingDependency>
        <Required type="2" schemaName="fdr_engineerlicensenumber" displayName="License Number" parentSchemaName="account" parentDisplayName="Account" solution="Active" />
        <Dependent type="60" displayName="CRS Site Profile" parentDisplayName="Account" id="{a337ae25-a663-ee11-8df0-0022483d0343}" />
      </MissingDependency>
      <MissingDependency>
        <Required type="2" schemaName="ovs_application" displayName="Source App" parentSchemaName="account" parentDisplayName="Account" solution="Active" />
        <Dependent type="60" displayName="CRS Organization" parentDisplayName="Account" id="{913bf6bd-a463-ee11-8df0-0022483d0343}" />
      </MissingDependency>
      <MissingDependency>
        <Required type="2" schemaName="ovs_application" displayName="Source App" parentSchemaName="account" parentDisplayName="Account" solution="Active" />
        <Dependent type="60" displayName="CRS Site Profile" parentDisplayName="Account" id="{a337ae25-a663-ee11-8df0-0022483d0343}" />
      </MissingDependency>
      <MissingDependency>
        <Required type="2" schemaName="ovs_cdpopulationdensity" displayName="Population Density" parentSchemaName="account" parentDisplayName="Account" solution="Active" />
        <Dependent type="60" displayName="CRS Site Profile" parentDisplayName="Account" id="{a337ae25-a663-ee11-8df0-0022483d0343}" />
      </MissingDependency>
      <MissingDependency>
        <Required type="2" schemaName="ovs_inspectortype" displayName="Inspector Type" parentSchemaName="account" parentDisplayName="Account" solution="Active" />
        <Dependent type="60" displayName="CRS Site Profile" parentDisplayName="Account" id="{a337ae25-a663-ee11-8df0-0022483d0343}" />
      </MissingDependency>
      <MissingDependency>
        <Required type="2" schemaName="ovs_legalname" displayName="Legal Name" parentSchemaName="account" parentDisplayName="Account" solution="Active" />
        <Dependent type="60" displayName="CRS Organization" parentDisplayName="Account" id="{913bf6bd-a463-ee11-8df0-0022483d0343}" />
      </MissingDependency>
      <MissingDependency>
        <Required type="2" schemaName="ovs_legalname" displayName="Legal Name" parentSchemaName="account" parentDisplayName="Account" solution="Active" />
        <Dependent type="60" displayName="CRS Site Profile" parentDisplayName="Account" id="{a337ae25-a663-ee11-8df0-0022483d0343}" />
      </MissingDependency>
      <MissingDependency>
        <Required type="2" schemaName="ovs_legalnamefr" displayName="Legal Name (French)" parentSchemaName="account" parentDisplayName="Account" solution="Active" />
        <Dependent type="60" displayName="CRS Site Profile" parentDisplayName="Account" id="{a337ae25-a663-ee11-8df0-0022483d0343}" />
      </MissingDependency>
      <MissingDependency>
        <Required type="2" schemaName="ovs_mocexpiry" displayName="MOC Registration Expiry" parentSchemaName="account" parentDisplayName="Account" solution="Active" />
        <Dependent type="60" displayName="CRS Site Profile" parentDisplayName="Account" id="{a337ae25-a663-ee11-8df0-0022483d0343}" />
      </MissingDependency>
      <MissingDependency>
        <Required type="2" schemaName="ovs_mocid" displayName="MOC Registration" parentSchemaName="account" parentDisplayName="Account" solution="Active" />
        <Dependent type="60" displayName="CRS Site Profile" parentDisplayName="Account" id="{a337ae25-a663-ee11-8df0-0022483d0343}" />
      </MissingDependency>
      <MissingDependency>
        <Required type="2" schemaName="ovs_naicscode" displayName="NAICS Code" parentSchemaName="account" parentDisplayName="Account" solution="Active" />
        <Dependent type="60" displayName="CRS Site Profile" parentDisplayName="Account" id="{a337ae25-a663-ee11-8df0-0022483d0343}" />
      </MissingDependency>
      <MissingDependency>
        <Required type="2" schemaName="ovs_namefr" displayName="Operating Name (French)" parentSchemaName="account" parentDisplayName="Account" solution="Active" />
        <Dependent type="60" displayName="CRS Site Profile" parentDisplayName="Account" id="{a337ae25-a663-ee11-8df0-0022483d0343}" />
      </MissingDependency>
      <MissingDependency>
        <Required type="2" schemaName="ovs_romid" displayName="ROM ID" parentSchemaName="account" parentDisplayName="Account" solution="Active" />
        <Dependent type="60" displayName="CRS Site Profile" parentDisplayName="Account" id="{a337ae25-a663-ee11-8df0-0022483d0343}" />
      </MissingDependency>
      <MissingDependency>
        <Required type="2" schemaName="ovs_secondaryoperatingname" displayName="Secondary Operating Name" parentSchemaName="account" parentDisplayName="Account" solution="Active" />
        <Dependent type="60" displayName="CRS Organization" parentDisplayName="Account" id="{913bf6bd-a463-ee11-8df0-0022483d0343}" />
      </MissingDependency>
      <MissingDependency>
        <Required type="2" schemaName="ovs_telephone_canutec_24hour_num" displayName="CANUTEC 24 Hour Number" parentSchemaName="account" parentDisplayName="Account" solution="Active" />
        <Dependent type="60" displayName="CRS Organization" parentDisplayName="Account" id="{913bf6bd-a463-ee11-8df0-0022483d0343}" />
      </MissingDependency>
      <MissingDependency>
        <Required type="2" schemaName="territoryid" displayName="Territory" parentSchemaName="account" parentDisplayName="Account" solution="msdynce_Sales (9.0.4.0076)">
          <package>msdynce_SalesAnchor (9.0.24041.10009)</package>
        </Required>
        <Dependent type="60" displayName="CRS Organization" parentDisplayName="Account" id="{913bf6bd-a463-ee11-8df0-0022483d0343}" />
      </MissingDependency>
      <MissingDependency>
        <Required type="2" schemaName="territoryid" displayName="Territory" parentSchemaName="account" parentDisplayName="Account" solution="msdynce_Sales (9.0.4.0076)">
          <package>msdynce_SalesAnchor (9.0.24041.10009)</package>
        </Required>
        <Dependent type="60" displayName="CRS Site Profile" parentDisplayName="Account" id="{a337ae25-a663-ee11-8df0-0022483d0343}" />
      </MissingDependency>
      <MissingDependency>
        <Required type="20" displayName="Customer Service Schedule Administrator" solution="msdynce_CoreServiceScheduling (9.0.21104.1006)" id="{245b20ea-dd8d-464d-ba3a-8ed3ea015198}">
          <package>msdynce_CoreServiceSchedulingAnchor (9.0.21104.1006)</package>
        </Required>
        <Dependent type="60" displayName="CRS Organization" parentDisplayName="Account" id="{913bf6bd-a463-ee11-8df0-0022483d0343}" />
      </MissingDependency>
      <MissingDependency>
        <Required type="20" displayName="Customer service app access" solution="msdynce_Customerservicehub (9.0.5.0056)" id="{3dac4d9e-568c-e611-80d4-00155d42a122}">
          <package>msdynce_ServiceAnchor (9.0.24041.1007)</package>
        </Required>
        <Dependent type="60" displayName="CRS Organization" parentDisplayName="Account" id="{913bf6bd-a463-ee11-8df0-0022483d0343}" />
      </MissingDependency>
      <MissingDependency>
        <Required type="20" displayName="Customer service app access" solution="msdynce_Customerservicehub (9.0.5.0056)" id="{3dac4d9e-568c-e611-80d4-00155d42a122}">
          <package>msdynce_ServiceAnchor (9.0.24041.1007)</package>
        </Required>
        <Dependent type="60" displayName="CRS Site Profile" parentDisplayName="Account" id="{a337ae25-a663-ee11-8df0-0022483d0343}" />
      </MissingDependency>
      <MissingDependency>
        <Required type="20" displayName="Customer Request User" solution="Active" id="{b7dfb73f-188a-ee11-8179-000d3af35f84}" />
        <Dependent type="60" displayName="CRS Organization" parentDisplayName="Account" id="{913bf6bd-a463-ee11-8df0-0022483d0343}" />
      </MissingDependency>
      <MissingDependency>
        <Required type="20" displayName="Customer Request User" solution="Active" id="{b7dfb73f-188a-ee11-8179-000d3af35f84}" />
        <Dependent type="60" displayName="CRS Site Profile" parentDisplayName="Account" id="{a337ae25-a663-ee11-8df0-0022483d0343}" />
      </MissingDependency>
      <MissingDependency>
        <Required type="20" displayName="Customer Service Representative" solution="msdynce_Service (9.0.5.56)" id="{fa7e2040-28bd-4361-be09-ef546fd52875}" parentId="{ecfd0b44-5720-45e3-ae68-417ddb0fb654}">
          <package>msdynce_ServiceAnchor (9.0.24041.1007)</package>
        </Required>
        <Dependent type="60" displayName="CRS Organization" parentDisplayName="Account" id="{913bf6bd-a463-ee11-8df0-0022483d0343}" />
      </MissingDependency>
      <MissingDependency>
        <Required type="20" displayName="Customer Service Representative" solution="msdynce_Service (9.0.5.56)" id="{fa7e2040-28bd-4361-be09-ef546fd52875}" parentId="{ecfd0b44-5720-45e3-ae68-417ddb0fb654}">
          <package>msdynce_ServiceAnchor (9.0.24041.1007)</package>
        </Required>
        <Dependent type="60" displayName="CRS Site Profile" parentDisplayName="Account" id="{a337ae25-a663-ee11-8df0-0022483d0343}" />
      </MissingDependency>
      <MissingDependency>
        <Required type="26" schemaName="Active Support Requests" displayName="Active Support Requests" parentSchemaName="ovs_supportrequest" parentDisplayName="Support Request" solution="Active" id="{035953f1-3ef6-455b-8288-9a62194e215f}" />
        <Dependent type="60" displayName="CRS Site Profile" parentDisplayName="Account" id="{a337ae25-a663-ee11-8df0-0022483d0343}" />
      </MissingDependency>
      <MissingDependency>
        <Required type="26" schemaName="Active Service Requests" displayName="Active Service Requests" parentSchemaName="fdr_servicerequest" parentDisplayName="Service Request" solution="Active" id="{0fba53a8-beaf-461f-abe1-6132a3fbdee2}" />
        <Dependent type="60" displayName="CRS Organization" parentDisplayName="Account" id="{913bf6bd-a463-ee11-8df0-0022483d0343}" />
      </MissingDependency>
      <MissingDependency>
        <Required type="26" schemaName="Active Organization NAICS Codes" displayName="Active Organization NAICS Codes" parentSchemaName="ovs_organization_naics_code" parentDisplayName="Organization NAICS Code" solution="Active" id="{38e7aa92-dbec-4c4d-a085-628d96d29227}" />
        <Dependent type="60" displayName="CRS Organization" parentDisplayName="Account" id="{913bf6bd-a463-ee11-8df0-0022483d0343}" />
      </MissingDependency>
      <MissingDependency>
        <Required type="26" schemaName="Customer Requests for Contacts" displayName="Customer Requests for Contacts" parentSchemaName="ovs_customerrequest" parentDisplayName="Customer Request" solution="Active" id="{5fe19df1-f562-ee11-8df0-0022483d0c87}" />
        <Dependent type="60" displayName="CRS Organization" parentDisplayName="Account" id="{913bf6bd-a463-ee11-8df0-0022483d0343}" />
      </MissingDependency>
      <MissingDependency>
        <Required type="26" schemaName="Customer Requests for Contacts" displayName="Customer Requests for Contacts" parentSchemaName="ovs_customerrequest" parentDisplayName="Customer Request" solution="Active" id="{5fe19df1-f562-ee11-8df0-0022483d0c87}" />
        <Dependent type="60" displayName="CRS Site Profile" parentDisplayName="Account" id="{a337ae25-a663-ee11-8df0-0022483d0343}" />
      </MissingDependency>
      <MissingDependency>
        <Required type="26" schemaName="TDG Core Connected contacts" displayName="TDG Core Connected contacts" parentSchemaName="connection" parentDisplayName="Connection" solution="Active" id="{7fd3af12-625d-ee11-8df0-0022483e130e}" />
        <Dependent type="60" displayName="CRS Organization" parentDisplayName="Account" id="{913bf6bd-a463-ee11-8df0-0022483d0343}" />
      </MissingDependency>
      <MissingDependency>
        <Required type="26" schemaName="Parent Lookup View" displayName="Parent Lookup View" parentSchemaName="account" parentDisplayName="Account" solution="Active" id="{80d24aa0-2b6c-ed11-81ac-0022483d0343}" />
        <Dependent type="60" displayName="CRS Site Profile" parentDisplayName="Account" id="{a337ae25-a663-ee11-8df0-0022483d0343}" />
      </MissingDependency>
      <MissingDependency>
        <Required type="26" schemaName="Active Customer Requests" displayName="Active Customer Requests" parentSchemaName="ovs_customerrequest" parentDisplayName="Customer Request" solution="Active" id="{81ae12f9-fb64-4efb-866c-9e9c7303934a}" />
        <Dependent type="60" displayName="CRS Organization" parentDisplayName="Account" id="{913bf6bd-a463-ee11-8df0-0022483d0343}" />
      </MissingDependency>
      <MissingDependency>
        <Required type="26" schemaName="Active Customer Requests" displayName="Active Customer Requests" parentSchemaName="ovs_customerrequest" parentDisplayName="Customer Request" solution="Active" id="{81ae12f9-fb64-4efb-866c-9e9c7303934a}" />
        <Dependent type="60" displayName="CRS Site Profile" parentDisplayName="Account" id="{a337ae25-a663-ee11-8df0-0022483d0343}" />
      </MissingDependency>
      <MissingDependency>
        <Required type="26" schemaName="Active Child Accounts" displayName="Active Child Accounts" parentSchemaName="account" parentDisplayName="Account" solution="Active" id="{82cc4863-aa98-eb11-b1ac-000d3ae93a4f}" />
        <Dependent type="60" displayName="CRS Organization" parentDisplayName="Account" id="{913bf6bd-a463-ee11-8df0-0022483d0343}" />
      </MissingDependency>
      <MissingDependency>
        <Required type="26" schemaName="Active Operations" displayName="Active Operations" parentSchemaName="ovs_mocregistration" parentDisplayName="Operation" solution="Active" id="{98c7fee1-1d9f-4226-89bb-26e6be7057f8}" />
        <Dependent type="60" displayName="CRS Site Profile" parentDisplayName="Account" id="{a337ae25-a663-ee11-8df0-0022483d0343}" />
      </MissingDependency>
      <MissingDependency>
        <Required type="26" schemaName="Site Associated Operations" displayName="Site Associated Operations" parentSchemaName="ovs_mocregistration" parentDisplayName="Operation" solution="Active" id="{a6fbfbaa-153c-ec11-8c62-0022483d71b4}" />
        <Dependent type="60" displayName="CRS Site Profile" parentDisplayName="Account" id="{a337ae25-a663-ee11-8df0-0022483d0343}" />
      </MissingDependency>
      <MissingDependency>
        <Required type="26" schemaName="Territories Lookup View" displayName="Territories Lookup View" parentSchemaName="territory" parentDisplayName="Region" solution="msdynce_AppCommon (9.0.4.0066)" id="{ad81b2ca-9789-4465-8c56-94c10830a6ed}">
          <package>msdynce_AppCommonAnchor (9.0.24041.10001)</package>
        </Required>
        <Dependent type="60" displayName="CRS Organization" parentDisplayName="Account" id="{913bf6bd-a463-ee11-8df0-0022483d0343}" />
      </MissingDependency>
      <MissingDependency>
        <Required type="26" schemaName="Territories Lookup View" displayName="Territories Lookup View" parentSchemaName="territory" parentDisplayName="Region" solution="msdynce_AppCommon (9.0.4.0066)" id="{ad81b2ca-9789-4465-8c56-94c10830a6ed}">
          <package>msdynce_AppCommonAnchor (9.0.24041.10001)</package>
        </Required>
        <Dependent type="60" displayName="CRS Site Profile" parentDisplayName="Account" id="{a337ae25-a663-ee11-8df0-0022483d0343}" />
      </MissingDependency>
      <MissingDependency>
        <Required type="26" schemaName="FDR To" displayName="FDR To" parentSchemaName="connection" parentDisplayName="Connection" solution="Active" id="{bf1edd07-888b-ed11-81ac-0022483e130e}" />
        <Dependent type="60" displayName="CRS Site Profile" parentDisplayName="Account" id="{a337ae25-a663-ee11-8df0-0022483d0343}" />
      </MissingDependency>
      <MissingDependency>
        <Required type="60" displayName="account contact card" parentDisplayName="Contact" solution="msdynce_AppCommon (9.0.4.0066)" id="{29de27bc-a257-4f29-99cf-bab4a84e688f}">
          <package>msdynce_AppCommonAnchor (9.0.24041.10001)</package>
        </Required>
        <Dependent type="60" displayName="CRS Organization" parentDisplayName="Account" id="{913bf6bd-a463-ee11-8df0-0022483d0343}" />
      </MissingDependency>
      <MissingDependency>
        <Required type="60" displayName="account contact card" parentDisplayName="Contact" solution="msdynce_AppCommon (9.0.4.0066)" id="{29de27bc-a257-4f29-99cf-bab4a84e688f}">
          <package>msdynce_AppCommonAnchor (9.0.24041.10001)</package>
        </Required>
        <Dependent type="60" displayName="CRS Site Profile" parentDisplayName="Account" id="{a337ae25-a663-ee11-8df0-0022483d0343}" />
      </MissingDependency>
      <MissingDependency>
        <Required type="61" schemaName="AppCommon/Account/Account_main_system_library.js" displayName="AppCommon/Account/Account_main_system_library.js" solution="msdynce_AppCommon (9.0.4.0066)">
          <package>msdynce_AppCommonAnchor (9.0.24041.10001)</package>
        </Required>
        <Dependent type="60" displayName="CRS Organization" parentDisplayName="Account" id="{913bf6bd-a463-ee11-8df0-0022483d0343}" />
      </MissingDependency>
      <MissingDependency>
        <Required type="61" schemaName="msdyn_/Account/Account.Library.js" displayName="msdyn_/Account/Account.Library.js" solution="FieldService (8.8.0.88)">
          <package>FieldService_Anchor (8.8.109.12)</package>
        </Required>
        <Dependent type="60" displayName="CRS Organization" parentDisplayName="Account" id="{913bf6bd-a463-ee11-8df0-0022483d0343}" />
      </MissingDependency>
      <MissingDependency>
        <Required type="61" schemaName="msdyn_/Account/Account.Library.js" displayName="msdyn_/Account/Account.Library.js" solution="FieldService (8.8.0.88)">
          <package>FieldService_Anchor (8.8.109.12)</package>
        </Required>
        <Dependent type="60" displayName="CRS Site Profile" parentDisplayName="Account" id="{a337ae25-a663-ee11-8df0-0022483d0343}" />
      </MissingDependency>
      <MissingDependency>
        <Required type="61" schemaName="msdyn_/Utils/FieldServiceTrial.js" displayName="msdyn_/Utils/FieldServiceTrial.js" solution="FieldService (8.8.0.88)">
          <package>FieldService_Anchor (8.8.109.12)</package>
        </Required>
        <Dependent type="60" displayName="CRS Organization" parentDisplayName="Account" id="{913bf6bd-a463-ee11-8df0-0022483d0343}" />
      </MissingDependency>
      <MissingDependency>
        <Required type="61" schemaName="msdyn_/Utils/FieldServiceTrial.js" displayName="msdyn_/Utils/FieldServiceTrial.js" solution="FieldService (8.8.0.88)">
          <package>FieldService_Anchor (8.8.109.12)</package>
        </Required>
        <Dependent type="60" displayName="CRS Site Profile" parentDisplayName="Account" id="{a337ae25-a663-ee11-8df0-0022483d0343}" />
      </MissingDependency>
      <MissingDependency>
        <Required type="61" schemaName="qm_globalHelper.js" displayName="qm_globalHelper.js" solution="Active" />
        <Dependent type="60" displayName="CRS Organization" parentDisplayName="Account" id="{913bf6bd-a463-ee11-8df0-0022483d0343}" />
      </MissingDependency>
      <MissingDependency>
        <Required type="61" schemaName="qm_globalHelper.js" displayName="qm_globalHelper.js" solution="Active" />
        <Dependent type="60" displayName="CRS Site Profile" parentDisplayName="Account" id="{a337ae25-a663-ee11-8df0-0022483d0343}" />
      </MissingDependency>
      <MissingDependency>
        <Required type="61" schemaName="Sales/ClientCommon/Sales_ClientCommon.js" displayName="Sales/ClientCommon/Sales_ClientCommon.js" solution="msdynce_Sales (9.0.4.0076)">
          <package>msdynce_SalesAnchor (9.0.24041.10009)</package>
        </Required>
        <Dependent type="60" displayName="CRS Organization" parentDisplayName="Account" id="{913bf6bd-a463-ee11-8df0-0022483d0343}" />
      </MissingDependency>
      <MissingDependency>
        <Required type="66" schemaName="fdn_Canadapost.addressComplete" displayName="fdn_Canadapost.addressComplete" solution="CanadaPostAddressComplete (6.0)" />
        <Dependent type="60" displayName="CRS Organization" parentDisplayName="Account" id="{913bf6bd-a463-ee11-8df0-0022483d0343}" />
      </MissingDependency>
      <MissingDependency>
        <Required type="66" schemaName="fdn_Canadapost.addressComplete" displayName="fdn_Canadapost.addressComplete" solution="CanadaPostAddressComplete (6.0)" />
        <Dependent type="60" displayName="CRS Site Profile" parentDisplayName="Account" id="{a337ae25-a663-ee11-8df0-0022483d0343}" />
      </MissingDependency>
      <MissingDependency>
        <Required type="66" schemaName="MscrmControls.CardFeedContainer.CardFeedContainer" displayName="MscrmControls.CardFeedContainer.CardFeedContainer" solution="BaseCustomControlsCore (9.0.2404.1020)" />
        <Dependent type="60" displayName="CRS Organization" parentDisplayName="Account" id="{913bf6bd-a463-ee11-8df0-0022483d0343}" />
      </MissingDependency>
    </MissingDependencies>
  </SolutionManifest>
</ImportExportXml>