{
  "properties": {
    "connectionReferences": {
      "shared_commondataserviceforapps": {
        "runtimeSource": "embedded",
        "connection": {
          "connectionReferenceLogicalName": "tdg_ConnectionReferenceDataverseServicePrinciple"
        },
        "api": {
          "name": "shared_commondataserviceforapps"
        }
      },
      "shared_office365_1": {
        "runtimeSource": "embedded",
        "connection": {
          "connectionReferenceLogicalName": "cid_sharedoffice365_ee685"
        },
        "api": {
          "name": "shared_office365"
        }
      }
    },
    "definition": {
      "$schema": "https://schema.management.azure.com/providers/Microsoft.Logic/schemas/2016-06-01/workflowdefinition.json#",
      "contentVersion": "1.0.0.0",
      "parameters": {
        "$connections": {
          "defaultValue": {},
          "type": "Object"
        },
        "$authentication": {
          "defaultValue": {},
          "type": "SecureObject"
        }
      },
      "triggers": {
        "Recurrence": {
          "recurrence": {
            "frequency": "Day",
            "interval": 1,
            "startTime": "2022-08-17T08:00:00Z"
          },
          "metadata": {
            "operationMetadataId": "ef625b5d-963c-47ff-a0ee-c8744a9932d5"
          },
          "type": "Recurrence"
        }
      },
      "actions": {
        "GetAccounts": {
          "runAfter": {
            "Check_environment": [
              "Succeeded"
            ]
          },
          "metadata": {
            "operationMetadataId": "fa117ff1-c407-47a3-88c5-4b322d470cb0"
          },
          "type": "OpenApiConnection",
          "inputs": {
            "host": {
              "connectionName": "shared_commondataserviceforapps",
              "operationId": "ListRecords",
              "apiId": "/providers/Microsoft.PowerApps/apis/shared_commondataserviceforapps"
            },
            "parameters": {
              "entityName": "accounts",
              "fetchXml": "<fetch version=\"1.0\" output-format=\"xml-platform\" mapping=\"logical\" distinct=\"false\">\n  <entity name=\"account\">\n    <attribute name=\"name\" />\n    <attribute name=\"ovs_legalname\" />\n    <attribute name=\"primarycontactid\" />\n    <attribute name=\"cid_crabusinessnumber\" />\n    <attribute name=\"root_organization_id\" />\n    <attribute name=\"ovs_address_display\" />\n    <attribute name=\"cid_rootcompany\" />\n    <attribute name=\"accountid\" />\n    <attribute name=\"cid_attestationdate\" />\n   <attribute name=\"cid_companyanniversarydate\" />\n    <attribute name=\"cid_annualcomplianceupdatesremindersenddate\" />\n    <order attribute=\"ovs_legalname\" descending=\"false\" />\n    <filter type=\"and\">\n      <condition attribute=\"statecode\" operator=\"eq\" value=\"0\" />\n      <condition attribute=\"cid_companyanniversarydate\" operator=\"on\" value=\"@{addDays(utcNow(), -15 ,'yyyy-MM-dd')}\" />\n    </filter>\n  </entity>\n</fetch>"
            },
            "authentication": "@parameters('$authentication')"
          }
        },
        "Condition": {
          "actions": {
            "Apply_to_each_Account": {
              "foreach": "@outputs('GetAccounts')?['body/value']",
              "actions": {
                "GetEmailRecipients": {
                  "runAfter": {},
                  "metadata": {
                    "operationMetadataId": "747bddcb-cdac-4976-8bf9-5eb29d723233"
                  },
                  "type": "OpenApiConnection",
                  "inputs": {
                    "host": {
                      "connectionName": "shared_commondataserviceforapps",
                      "operationId": "ListRecords",
                      "apiId": "/providers/Microsoft.PowerApps/apis/shared_commondataserviceforapps"
                    },
                    "parameters": {
                      "entityName": "contacts",
                      "fetchXml": "<fetch version=\"1.0\" output-format=\"xml-platform\" mapping=\"logical\" distinct=\"false\">\n  <entity name=\"contact\">\n    <attribute name=\"fullname\" />\n    <attribute name=\"firstname\" />\n    <attribute name=\"telephone1\" />\n    <attribute name=\"contactid\" />\n    <attribute name=\"emailaddress1\" />\n    <attribute name=\"cid_languageofcorrespondence\" />\n    <attribute name=\"cid_contacttype\" />\n    <order attribute=\"fullname\" descending=\"false\" />\n    <filter type=\"and\">\n      <condition attribute=\"parentcustomerid\" operator=\"eq\" uitype=\"account\" value=\"@{items('Apply_to_each_Account')?['accountid']}\" />\n      <condition attribute=\"statecode\" operator=\"eq\" value=\"0\" />\n      <condition attribute=\"emailaddress1\" operator=\"not-null\" />\n    </filter>\n  </entity>\n</fetch>"
                    },
                    "authentication": "@parameters('$authentication')"
                  }
                },
                "Apply_to_each_2": {
                  "foreach": "@outputs('GetEmailRecipients')?['body/value']",
                  "actions": {
                    "If_Primary_Contact": {
                      "actions": {
                        "Set_To_Email_Recipients": {
                          "runAfter": {},
                          "metadata": {
                            "operationMetadataId": "53a06a09-3428-4240-8e1f-0983659c54a7"
                          },
                          "type": "SetVariable",
                          "inputs": {
                            "name": "ToEmailRecipients",
                            "value": "@items('Apply_to_each_2')?['emailaddress1']"
                          }
                        },
                        "Set_Primary_Contact_First_Name": {
                          "runAfter": {
                            "Set_To_Email_Recipients": [
                              "Succeeded"
                            ]
                          },
                          "metadata": {
                            "operationMetadataId": "3dee6fe7-285e-4082-a4a8-994565757f30"
                          },
                          "type": "SetVariable",
                          "inputs": {
                            "name": "Primary Contact First Name",
                            "value": "@items('Apply_to_each_2')?['firstname']"
                          }
                        },
                        "Set_variable": {
                          "runAfter": {
                            "Set_Primary_Contact_First_Name": [
                              "Succeeded"
                            ]
                          },
                          "metadata": {
                            "operationMetadataId": "8bb38385-cec5-4d16-a940-19ad091fb117"
                          },
                          "type": "SetVariable",
                          "inputs": {
                            "name": "Language",
                            "value": "@items('Apply_to_each_2')?['cid_languageofcorrespondence']"
                          }
                        }
                      },
                      "runAfter": {},
                      "else": {
                        "actions": {
                          "Condition_2": {
                            "actions": {
                              "Set_variable_Temp_CC_Recipients": {
                                "runAfter": {},
                                "metadata": {
                                  "operationMetadataId": "4e5ae564-2e7f-45d3-94e3-12f39f652eb5"
                                },
                                "type": "SetVariable",
                                "inputs": {
                                  "name": "Temp CC Recipients",
                                  "value": "@variables('CCEmailRecipients')"
                                }
                              },
                              "Concat_CCEmailRecipients_variable_if_not_empty": {
                                "runAfter": {
                                  "Set_variable_Temp_CC_Recipients": [
                                    "Succeeded"
                                  ]
                                },
                                "metadata": {
                                  "operationMetadataId": "f4a01aa2-2fd2-4b2a-922f-63e1d556a09b"
                                },
                                "type": "SetVariable",
                                "inputs": {
                                  "name": "CCEmailRecipients",
                                  "value": "@{concat(variables('Temp CC Recipients'), ';' , items('Apply_to_each_2')?['emailaddress1'])}"
                                }
                              }
                            },
                            "runAfter": {},
                            "else": {
                              "actions": {
                                "Set_CC_list_if_its_empty": {
                                  "runAfter": {},
                                  "metadata": {
                                    "operationMetadataId": "fefbec20-6ec8-4b33-8ebd-7fc3c762b1f6"
                                  },
                                  "type": "SetVariable",
                                  "inputs": {
                                    "name": "CCEmailRecipients",
                                    "value": "@items('Apply_to_each_2')?['emailaddress1']"
                                  }
                                }
                              }
                            },
                            "expression": {
                              "greater": [
                                "@length(variables('CCEmailRecipients'))",
                                0
                              ]
                            },
                            "metadata": {
                              "operationMetadataId": "794dff1f-0703-4bd2-a46f-c8cb08877300"
                            },
                            "type": "If"
                          }
                        }
                      },
                      "expression": {
                        "equals": [
                          "@items('Apply_to_each_2')?['cid_contacttype']",
                          100000000
                        ]
                      },
                      "metadata": {
                        "operationMetadataId": "4fd5894a-2fdc-4494-ac7a-99d52071e743"
                      },
                      "type": "If"
                    }
                  },
                  "runAfter": {
                    "Rest_CC__Email_Recipients": [
                      "Succeeded"
                    ]
                  },
                  "metadata": {
                    "operationMetadataId": "3b7fc09e-16da-4109-971e-ebfd8088a1e0"
                  },
                  "type": "Foreach"
                },
                "Reset_Temp_CC_Variable": {
                  "runAfter": {
                    "Set_variable_DueDate": [
                      "Succeeded"
                    ]
                  },
                  "metadata": {
                    "operationMetadataId": "d680682c-de8c-4268-8062-2399fb525670"
                  },
                  "type": "SetVariable",
                  "inputs": {
                    "name": "Temp CC Recipients",
                    "value": "@{null}"
                  }
                },
                "Rest_CC__Email_Recipients": {
                  "runAfter": {
                    "Reset_Temp_CC_Variable": [
                      "Succeeded"
                    ]
                  },
                  "metadata": {
                    "operationMetadataId": "04ddb50c-2113-4d4e-ac74-dcd68af2bce8"
                  },
                  "type": "SetVariable",
                  "inputs": {
                    "name": "CCEmailRecipients",
                    "value": "@{null}"
                  }
                },
                "Check_Language": {
                  "actions": {
                    "Send_an_email_(V2)-_Email": {
                      "runAfter": {},
                      "metadata": {
                        "operationMetadataId": "948e764e-fafe-4c29-ac68-428a81677087"
                      },
                      "type": "OpenApiConnection",
                      "inputs": {
                        "host": {
                          "connectionName": "shared_office365_1",
                          "operationId": "SendEmailV2",
                          "apiId": "/providers/Microsoft.PowerApps/apis/shared_office365"
                        },
                        "parameters": {
                          "emailMessage/To": "@{variables('ToEmailRecipients')};",
                          "emailMessage/Subject": "@{variables('TestSubjectText')}TDG Online - CID: The Annual Compliance process for the @{items('Apply_to_each_Account')?['ovs_legalname']} organization was due to be completed on @{formatDateTime(items('Apply_to_each_Account')?['cid_companyanniversarydate'] , 'yyyy-MM-dd')}, and is now past due",
                          "emailMessage/Body": "<p>@{variables('TestingText')}@{outputs('StandardSalutation')}<br>\n<br>\nThe Transport Canada CID Data Platform's Annual Compliance process for the @{items('Apply_to_each_Account')?['ovs_legalname']} organization was due on @{formatDateTime(items('Apply_to_each_Account')?['cid_companyanniversarydate'] , 'yyyy-MM-dd')} and needs to be completed by @{addDays(variables('DueDate'), 30, 'yyyy-MM-dd')}. Please login to the CID Data Platform to complete that company's Annual Compliance process.<br>\n<br>\nRegards,<br>\n<br>\n<br>\nTDG Online - CID Support Team<br>\n<br>\n@{outputs('English-EmailFooter')}<br>\n<br>\n</p>",
                          "emailMessage/Cc": "@variables('CCEmailRecipients')",
                          "emailMessage/Importance": "Normal"
                        },
                        "authentication": "@parameters('$authentication')"
                      }
                    }
                  },
                  "runAfter": {
                    "Apply_to_each_2": [
                      "Succeeded"
                    ]
                  },
                  "else": {
                    "actions": {
                      "Send_an_email_(V2)_-French": {
                        "runAfter": {},
                        "metadata": {
                          "operationMetadataId": "60cd9b44-5141-4dcd-ba5f-9baca18cd0e0"
                        },
                        "type": "OpenApiConnection",
                        "inputs": {
                          "host": {
                            "connectionName": "shared_office365_1",
                            "operationId": "SendEmailV2",
                            "apiId": "/providers/Microsoft.PowerApps/apis/shared_office365"
                          },
                          "parameters": {
                            "emailMessage/To": "@{variables('ToEmailRecipients')};",
                            "emailMessage/Subject": "@{variables('FrenchTestSubjectText')} TMD en ligne – BDIC : Le processus de conformité annuelle pour l’organisation @{items('Apply_to_each_Account')?['ovs_legalnamefr']} devait être achevé le @{formatDateTime(items('Apply_to_each_Account')?['cid_companyanniversarydate'] , 'yyyy-MM-dd')}, et est maintenant en retard.",
                            "emailMessage/Body": "<p>@{variables('FrenchTestingText')}@{outputs('FrenchStandardSalutation')}<br>\n<br>\nLe processus de conformité annuelle de la plateforme de données de la BDIC de Transports Canada pour l’organisation @{items('Apply_to_each_Account')?['ovs_legalname']} était dû le @{formatDateTime(items('Apply_to_each_Account')?['cid_companyanniversarydate'] , 'yyyy-MM-dd')}, et il doit être complété d’ici le @{addDays(variables('DueDate'), 30, 'yyyy-MM-dd')}. Veuillez vous connecter à la plateforme de données de la BDIC pour compléter le processus de conformité annuelle de cette entreprise.<br>\n<br>\nSalutations,<br>\n<br>\n<br>\nÉquipe de soutien de la BDIC de Transports Canada<br>\n<br>\n@{outputs('French-EmailFooter')}<br>\n<br>\n</p>",
                            "emailMessage/Cc": "@variables('CCEmailRecipients')",
                            "emailMessage/Importance": "Normal"
                          },
                          "authentication": "@parameters('$authentication')"
                        }
                      }
                    }
                  },
                  "expression": {
                    "equals": [
                      "@variables('Language')",
                      918640001
                    ]
                  },
                  "metadata": {
                    "operationMetadataId": "8ddbc870-fe76-4391-9b6c-e8a56007d8e0"
                  },
                  "type": "If"
                },
                "Set_variable_DueDate": {
                  "runAfter": {
                    "GetEmailRecipients": [
                      "Succeeded"
                    ]
                  },
                  "metadata": {
                    "operationMetadataId": "34ab4851-3f91-420d-8a1f-9cf0af553a27"
                  },
                  "type": "SetVariable",
                  "inputs": {
                    "name": "DueDate",
                    "value": "@items('Apply_to_each_Account')?['cid_companyanniversarydate']"
                  }
                }
              },
              "runAfter": {},
              "metadata": {
                "operationMetadataId": "c67dcd6a-d820-4898-807c-20d1863951d6"
              },
              "type": "Foreach"
            }
          },
          "runAfter": {
            "Set_Environment_Value_": [
              "Succeeded"
            ]
          },
          "expression": {
            "greater": [
              "@length(outputs('GetAccounts')?['body/value'])",
              0
            ]
          },
          "metadata": {
            "operationMetadataId": "9fd4c9b4-c8aa-46bd-8060-133cc8a00a21"
          },
          "type": "If"
        },
        "Initialize_To_Email_Recipients": {
          "runAfter": {
            "Initialize_variable_Environment": [
              "Succeeded"
            ]
          },
          "metadata": {
            "operationMetadataId": "9058c756-6243-4980-a304-83ef8af504a9"
          },
          "type": "InitializeVariable",
          "inputs": {
            "variables": [
              {
                "name": "ToEmailRecipients",
                "type": "string"
              }
            ]
          }
        },
        "Initialize_CC_Email_Recipients": {
          "runAfter": {
            "Initialize_To_Email_Recipients": [
              "Succeeded"
            ]
          },
          "metadata": {
            "operationMetadataId": "44b5133c-59e0-4ae7-ba27-efd2cffd30b4"
          },
          "type": "InitializeVariable",
          "inputs": {
            "variables": [
              {
                "name": "CCEmailRecipients",
                "type": "string"
              }
            ]
          }
        },
        "Initialize_variable": {
          "runAfter": {
            "Initialize_CC_Email_Recipients": [
              "Succeeded"
            ]
          },
          "metadata": {
            "operationMetadataId": "4eeb6aba-5d6e-43c2-ba22-4aa36a0c1990"
          },
          "type": "InitializeVariable",
          "inputs": {
            "variables": [
              {
                "name": "Temp CC Recipients",
                "type": "string"
              }
            ]
          }
        },
        "Initialize_Primary_Contact_First_Name": {
          "runAfter": {
            "Initialize_variable": [
              "Succeeded"
            ]
          },
          "metadata": {
            "operationMetadataId": "13e73bb1-7dbe-4f25-9f10-58baf5b36765"
          },
          "type": "InitializeVariable",
          "inputs": {
            "variables": [
              {
                "name": "Primary Contact First Name",
                "type": "string"
              }
            ]
          }
        },
        "Initialize_variable_Environment": {
          "runAfter": {},
          "metadata": {
            "operationMetadataId": "7a75d8c8-f902-4f00-914b-b341715123b1"
          },
          "type": "InitializeVariable",
          "inputs": {
            "variables": [
              {
                "name": "Environment",
                "type": "string"
              }
            ]
          }
        },
        "Parse_JSON": {
          "runAfter": {
            "GetAccounts": [
              "Succeeded"
            ]
          },
          "metadata": {
            "operationMetadataId": "535d09ed-bd7f-4a86-9af1-058992fc4a95"
          },
          "type": "ParseJson",
          "inputs": {
            "content": "@body('GetAccounts')",
            "schema": {
              "type": "object",
              "properties": {
                "@@odata.context": {
                  "type": "string"
                }
              }
            }
          }
        },
        "Set_Environment_Value_": {
          "runAfter": {
            "Parse_JSON": [
              "Succeeded"
            ]
          },
          "metadata": {
            "operationMetadataId": "3d4a6af9-dd31-47c9-bd1d-02d00d505bba"
          },
          "type": "SetVariable",
          "inputs": {
            "name": "Environment",
            "value": "@{substring(body('Parse_JSON')?['@odata.context'], 0, indexOf(body('Parse_JSON')?['@odata.context'], '.crm3.'))}"
          }
        },
        "Initialize_variable_Language": {
          "runAfter": {
            "Initialize_Primary_Contact_First_Name": [
              "Succeeded"
            ]
          },
          "metadata": {
            "operationMetadataId": "fa656d66-6bd3-41a9-bd30-dba9052d80cb"
          },
          "type": "InitializeVariable",
          "inputs": {
            "variables": [
              {
                "name": "Language",
                "type": "integer",
                "value": 918640001
              }
            ]
          }
        },
        "Initialize_variable_DueDate": {
          "runAfter": {
            "Initialize_variable_Language": [
              "Succeeded"
            ]
          },
          "metadata": {
            "operationMetadataId": "c18b8def-5b92-45ad-ab2d-be8a5f0afc87"
          },
          "type": "InitializeVariable",
          "inputs": {
            "variables": [
              {
                "name": "DueDate",
                "type": "string"
              }
            ]
          }
        },
        "get-environment-settings": {
          "runAfter": {
            "Initialize_variable_TestSubjectText": [
              "Succeeded"
            ]
          },
          "metadata": {
            "operationMetadataId": "7ed63b1d-9cf8-403e-9d9c-56cdd03f198e"
          },
          "type": "OpenApiConnection",
          "inputs": {
            "host": {
              "connectionName": "shared_commondataserviceforapps",
              "operationId": "ListRecords",
              "apiId": "/providers/Microsoft.PowerApps/apis/shared_commondataserviceforapps"
            },
            "parameters": {
              "entityName": "qm_environmentsettingses",
              "fetchXml": "<fetch version=\"1.0\" output-format=\"xml-platform\" mapping=\"logical\" distinct=\"false\">\n<entity name=\"qm_environmentsettings\">\n<attribute name=\"qm_environmentsettingsid\"/>\n<attribute name=\"qm_name\"/>\n<attribute name=\"qm_value\"/>\n<order attribute=\"qm_name\" descending=\"false\"/>\n<filter type=\"and\">\n<condition attribute=\"qm_name\" operator=\"like\" value=\"%CID[_]%\"/>\n</filter>\n</entity>\n</fetch>"
            },
            "authentication": "@parameters('$authentication')"
          }
        },
        "Scope_-_email_Template_Standard_Text": {
          "actions": {
            "StandardSalutation": {
              "runAfter": {},
              "metadata": {
                "operationMetadataId": "ffa8d1a6-89ec-434c-82e6-78e0fa2bd649"
              },
              "type": "Compose",
              "inputs": "<em>*** The following is an automated email sent by the TDG Online - CID system. Please do not reply ***</em>"
            },
            "FrenchStandardSalutation": {
              "runAfter": {
                "StandardSalutation": [
                  "Succeeded"
                ]
              },
              "metadata": {
                "operationMetadataId": "ffa8d1a6-89ec-434c-82e6-78e0fa2bd649"
              },
              "type": "Compose",
              "inputs": "<em>*** Le message suivant est un courriel automatisé envoyé par le TMD en ligne – Système de la BDIC. Veuillez ne pas répondre ***</em>"
            },
            "English-EmailFooter": {
              "runAfter": {
                "FrenchStandardSalutation": [
                  "Succeeded"
                ]
              },
              "metadata": {
                "operationMetadataId": "1535933c-0d10-4db3-9d01-208feac8f786"
              },
              "type": "Compose",
              "inputs": "<div style=\"font-size:x-small;\"><br>Note:<br>\n   - To receive subsequent emails in French, you can update your Language of Preferred Correspondence choice via the [Account Settings] button in the TDG Online - CID data portal. <br><br> \n   - Please do not reply to this email. If necessary, use the Contact Us button, or link, in the CID data portal. </div>"
            },
            "French-EmailFooter": {
              "runAfter": {
                "English-EmailFooter": [
                  "Succeeded"
                ]
              },
              "metadata": {
                "operationMetadataId": "5ec93fa4-a5e7-451e-9327-290b6c88346b"
              },
              "type": "Compose",
              "inputs": "<div style=\"font-size:x-small;\">Remarque:<br>\n   - Pour recevoir les courriels suivants en français, vous pouvez mettre à jour votre choix de langue de correspondance préférée à l’aide du bouton [Paramètres du compte] du portail de données TMD en ligne – BDIC. <br><br> \n   - Veuillez ne pas répondre à ce courriel. Au besoin, utilisez le bouton ou le lien « Communiquer avec nous » du portail de données de la BDIC.  </div>"
            },
            "Filter_environment-CID_Environment": {
              "runAfter": {
                "French-EmailFooter": [
                  "Succeeded"
                ]
              },
              "metadata": {
                "operationMetadataId": "0e744065-88c2-4338-956b-7400a9256a6e"
              },
              "type": "Query",
              "inputs": {
                "from": "@outputs('get-environment-settings')?['body/value']",
                "where": "@equals(item()?['qm_name'], 'CID_Environment')"
              }
            }
          },
          "runAfter": {
            "get-environment-settings": [
              "Succeeded"
            ]
          },
          "metadata": {
            "operationMetadataId": "4a4d30e6-367a-4728-93d1-e8fc48567195"
          },
          "type": "Scope"
        },
        "Initialize_variable_FrenchTesting_text_for_the_email": {
          "runAfter": {
            "Initialize_variable_Testing_text_for_the_email": [
              "Succeeded"
            ]
          },
          "metadata": {
            "operationMetadataId": "6b11f2fb-0032-45f1-83c0-6af6ad4db3b3"
          },
          "type": "InitializeVariable",
          "inputs": {
            "variables": [
              {
                "name": "FrenchTestingText",
                "type": "string"
              }
            ]
          }
        },
        "Initialize_variable_Testing_text_for_the_email": {
          "runAfter": {
            "Initialize_variable_DueDate": [
              "Succeeded"
            ]
          },
          "metadata": {
            "operationMetadataId": "056efd54-c348-4947-b42c-bab120c698de"
          },
          "type": "InitializeVariable",
          "inputs": {
            "variables": [
              {
                "name": "TestingText",
                "type": "string"
              }
            ]
          }
        },
        "Initialize_variable_FrenchTestSubjectText": {
          "runAfter": {
            "Initialize_variable_FrenchTesting_text_for_the_email": [
              "Succeeded"
            ]
          },
          "metadata": {
            "operationMetadataId": "42321f2d-372c-4f1a-a435-a67ead702f1d"
          },
          "type": "InitializeVariable",
          "inputs": {
            "variables": [
              {
                "name": "FrenchTestSubjectText",
                "type": "string"
              }
            ]
          }
        },
        "Initialize_variable_TestSubjectText": {
          "runAfter": {
            "Initialize_variable_FrenchTestSubjectText": [
              "Succeeded"
            ]
          },
          "metadata": {
            "operationMetadataId": "36348f7e-e55f-43ac-b622-3f00ecbc9c53"
          },
          "type": "InitializeVariable",
          "inputs": {
            "variables": [
              {
                "name": "TestSubjectText",
                "type": "string"
              }
            ]
          }
        },
        "Check_environment": {
          "actions": {
            "Set_variable_TestingText": {
              "runAfter": {},
              "metadata": {
                "operationMetadataId": "224fc033-5e58-423f-b235-e84df25189ec"
              },
              "type": "SetVariable",
              "inputs": {
                "name": "TestingText",
                "value": "Test email: This email is a test email, not an actual email representing what is indicated below. <br><br>                                                                                 "
              }
            },
            "Set_variable_TestSubjectText": {
              "runAfter": {
                "Set_variable_TestingText": [
                  "Succeeded"
                ]
              },
              "metadata": {
                "operationMetadataId": "7a6742f2-3215-413a-9225-11fd2574acab"
              },
              "type": "SetVariable",
              "inputs": {
                "name": "TestSubjectText",
                "value": "Test Email: "
              }
            },
            "Set_variable_FrenchTestSubjectText": {
              "runAfter": {
                "Set_variable_TestSubjectText": [
                  "Succeeded"
                ]
              },
              "metadata": {
                "operationMetadataId": "a71a8d8c-41f7-4d8b-9136-19ddffd73280"
              },
              "type": "SetVariable",
              "inputs": {
                "name": "FrenchTestSubjectText",
                "value": "Tester le courriel: "
              }
            },
            "Set_variable_FrenchTestingText": {
              "runAfter": {
                "Set_variable_FrenchTestSubjectText": [
                  "Succeeded"
                ]
              },
              "metadata": {
                "operationMetadataId": "e2edab0d-d0a2-4152-8fae-2b793ec012aa"
              },
              "type": "SetVariable",
              "inputs": {
                "name": "FrenchTestingText",
                "value": "Tester le courriel: Ce courriel est un courriel de test, et non un courriel réel représentant ce qui est indiqué ci-dessous. <br><br>                                                                         "
              }
            }
          },
          "runAfter": {
            "Scope_-_email_Template_Standard_Text": [
              "Succeeded"
            ]
          },
          "expression": {
            "not": {
              "equals": [
                "@body('Filter_environment-CID_Environment')[0]['qm_value']",
                "PROD"
              ]
            }
          },
          "metadata": {
            "operationMetadataId": "9be99f10-fa00-40ae-8580-da6ba08c2e07"
          },
          "type": "If"
        }
      }
    },
    "templateName": ""
  },
  "schemaVersion": "1.0.0.0"
}