{
  "properties": {
    "connectionReferences": {
      "shared_commondataserviceforapps": {
        "runtimeSource": "embedded",
        "connection": {
          "connectionReferenceLogicalName": "cid_sharedcommondataserviceforapps_96450"
        },
        "api": {
          "name": "shared_commondataserviceforapps"
        }
      }
    },
    "definition": {
      "$schema": "https://schema.management.azure.com/providers/Microsoft.Logic/schemas/2016-06-01/workflowdefinition.json#",
      "contentVersion": "1.0.0.0",
      "parameters": {
        "$connections": {
          "defaultValue": {},
          "type": "Object"
        },
        "$authentication": {
          "defaultValue": {},
          "type": "SecureObject"
        }
      },
      "triggers": {
        "When_a_row_is_added,_modified_or_deleted": {
          "metadata": {
            "operationMetadataId": "8a5b6939-397c-4335-8c44-d8c554a54aba"
          },
          "type": "OpenApiConnectionWebhook",
          "inputs": {
            "host": {
              "connectionName": "shared_commondataserviceforapps",
              "operationId": "SubscribeWebhookTrigger",
              "apiId": "/providers/Microsoft.PowerApps/apis/shared_commondataserviceforapps"
            },
            "parameters": {
              "subscriptionRequest/message": 4,
              "subscriptionRequest/entityname": "contact",
              "subscriptionRequest/scope": 4,
              "subscriptionRequest/filteringattributes": "parentcustomerid"
            },
            "authentication": "@parameters('$authentication')"
          }
        }
      },
      "actions": {
        "Check_if_contact_has_existing_login_and_company_assigned": {
          "actions": {
            "If_Company_not_registered_yet": {
              "actions": {
                "Create_New_Invitation_Record_-Organization_Registration_not_started_": {
                  "runAfter": {},
                  "metadata": {
                    "operationMetadataId": "2a47fd97-f023-43a0-8e5f-efe1c5e8eeaa"
                  },
                  "type": "OpenApiConnection",
                  "inputs": {
                    "host": {
                      "connectionName": "shared_commondataserviceforapps",
                      "operationId": "CreateRecord",
                      "apiId": "/providers/Microsoft.PowerApps/apis/shared_commondataserviceforapps"
                    },
                    "parameters": {
                      "entityName": "adx_invitations",
                      "item/adx_name": "@{triggerOutputs()?['body/fullname']} - @{formatDateTime(utcNow(), 'yyyy-MM-dd')}",
                      "item/adx_type": 756150001,
                      "item/adx_assignToAccount@odata.bind": "accounts(@{triggerOutputs()?['body/_parentcustomerid_value']})",
                      "item/adx_expirydate": "@addDays(utcNow(), 730, 'yyyy-MM-dd')",
                      "item/adx_inviteContact@odata.bind": "contacts(@{triggerOutputs()?['body/contactid']})",
                      "item/adx_invitercontact@odata.bind": "@if(equals(triggerOutputs()?['body/_createdbyexternalparty_value'], null), null, concat('contacts(', triggerOutputs()?['body/_createdbyexternalparty_value'], ')'))",
                      "item/adx_maximumredemptions": 1,
                      "item/statuscode": 1
                    },
                    "authentication": "@parameters('$authentication')"
                  }
                },
                "Update_Invitation_Only_Flag_to_Yes": {
                  "runAfter": {
                    "Set_variable_value_Invitation_Id": [
                      "Succeeded"
                    ]
                  },
                  "metadata": {
                    "operationMetadataId": "dd96729b-9580-4a08-808a-e2c0eaa4a025"
                  },
                  "type": "OpenApiConnection",
                  "inputs": {
                    "host": {
                      "connectionName": "shared_commondataserviceforapps",
                      "operationId": "UpdateRecord",
                      "apiId": "/providers/Microsoft.PowerApps/apis/shared_commondataserviceforapps"
                    },
                    "parameters": {
                      "entityName": "accounts",
                      "recordId": "@triggerOutputs()?['body/_parentcustomerid_value']",
                      "item/ovs_invitation_only": true
                    },
                    "authentication": "@parameters('$authentication')"
                  }
                },
                "Set_variable_value_Invitation_Id": {
                  "runAfter": {
                    "Create_New_Invitation_Record_-Organization_Registration_not_started_": [
                      "Succeeded"
                    ]
                  },
                  "metadata": {
                    "operationMetadataId": "630b1f5a-f833-44b5-9cd9-81646d2768ae"
                  },
                  "type": "SetVariable",
                  "inputs": {
                    "name": "InvitationId",
                    "value": "@outputs('Create_New_Invitation_Record_-Organization_Registration_not_started_')?['body/adx_invitationid']"
                  }
                }
              },
              "runAfter": {
                "Get_Account_Details": [
                  "Succeeded"
                ]
              },
              "else": {
                "actions": {
                  "Create_New_Invitation_Record": {
                    "runAfter": {},
                    "metadata": {
                      "operationMetadataId": "2a47fd97-f023-43a0-8e5f-efe1c5e8eeaa"
                    },
                    "type": "OpenApiConnection",
                    "inputs": {
                      "host": {
                        "connectionName": "shared_commondataserviceforapps",
                        "operationId": "CreateRecord",
                        "apiId": "/providers/Microsoft.PowerApps/apis/shared_commondataserviceforapps"
                      },
                      "parameters": {
                        "entityName": "adx_invitations",
                        "item/adx_name": "@{triggerOutputs()?['body/fullname']} - @{formatDateTime(utcNow() , 'yyyy-MM-dd')}",
                        "item/adx_type": 756150000,
                        "item/adx_assignToAccount@odata.bind": "accounts(@{triggerOutputs()?['body/_parentcustomerid_value']})",
                        "item/adx_expirydate": "@addDays(utcNow(), 730, 'yyyy-MM-dd')",
                        "item/adx_inviteContact@odata.bind": "contacts(@{triggerOutputs()?['body/contactid']})",
                        "item/adx_invitercontact@odata.bind": "@if(equals(triggerOutputs()?['body/_createdbyexternalparty_value'], null), null, concat('contacts(',triggerOutputs()?['body/_createdbyexternalparty_value'], ')'))",
                        "item/adx_maximumredemptions": 1,
                        "item/statuscode": 1
                      },
                      "authentication": "@parameters('$authentication')"
                    }
                  },
                  "Set_variable_value_2_Invitation_Id": {
                    "runAfter": {
                      "Create_New_Invitation_Record": [
                        "Succeeded"
                      ]
                    },
                    "metadata": {
                      "operationMetadataId": "8057a94e-9a2a-43c0-a8c8-26fdf6de3aee"
                    },
                    "type": "SetVariable",
                    "inputs": {
                      "name": "InvitationId",
                      "value": "@outputs('Create_New_Invitation_Record')?['body/adx_invitationid']"
                    }
                  }
                }
              },
              "expression": {
                "or": [
                  {
                    "equals": [
                      "@outputs('Get_Account_Details')?['body/cid_cidcompanystatus']",
                      "@null"
                    ]
                  },
                  {
                    "equals": [
                      "@outputs('Get_Account_Details')?['body/cid_cidcompanystatus']",
                      100000002
                    ]
                  },
                  {
                    "equals": [
                      "@outputs('Get_Account_Details')?['body/cid_cidcompanystatus']",
                      100000010
                    ]
                  },
                  {
                    "equals": [
                      "@outputs('Get_Account_Details')?['body/cid_cidcompanystatus']",
                      100000004
                    ]
                  },
                  {
                    "equals": [
                      "@outputs('Get_Account_Details')?['body/cid_cidcompanystatus']",
                      100000003
                    ]
                  }
                ]
              },
              "metadata": {
                "operationMetadataId": "fb05e924-d30b-4e35-a371-8765eefd9725"
              },
              "type": "If"
            },
            "Get_Account_Details": {
              "runAfter": {},
              "metadata": {
                "operationMetadataId": "2fc75599-9df2-4ae9-b76e-5f377d9edc0e"
              },
              "type": "OpenApiConnection",
              "inputs": {
                "host": {
                  "connectionName": "shared_commondataserviceforapps",
                  "operationId": "GetItem",
                  "apiId": "/providers/Microsoft.PowerApps/apis/shared_commondataserviceforapps"
                },
                "parameters": {
                  "entityName": "accounts",
                  "recordId": "@triggerOutputs()?['body/_parentcustomerid_value']",
                  "$select": "cid_cidcompanystatus,customertypecode,statecode"
                },
                "authentication": "@parameters('$authentication')"
              }
            },
            "Assign_Web_Role_Authenticated_Users_2": {
              "runAfter": {
                "Get_Web_Role_Guid": [
                  "Succeeded"
                ]
              },
              "metadata": {
                "operationMetadataId": "63bfd703-1cd9-4167-8034-7806ece02eaf"
              },
              "type": "OpenApiConnection",
              "inputs": {
                "host": {
                  "connectionName": "shared_commondataserviceforapps",
                  "operationId": "AssociateEntities",
                  "apiId": "/providers/Microsoft.PowerApps/apis/shared_commondataserviceforapps"
                },
                "parameters": {
                  "entityName": "adx_invitations",
                  "recordId": "@variables('InvitationId')",
                  "associationEntityRelationship": "adx_invitation_webrole",
                  "item/@odata.id": "@outputs('Get_Web_Role_Guid')?['body/value'][0]?['@odata.id']"
                },
                "authentication": "@parameters('$authentication')"
              }
            },
            "Get_Web_Role_Guid": {
              "runAfter": {
                "If_Company_not_registered_yet": [
                  "Succeeded"
                ]
              },
              "metadata": {
                "operationMetadataId": "cad4edff-3040-4d06-89e5-0eade238cc62"
              },
              "type": "OpenApiConnection",
              "inputs": {
                "host": {
                  "connectionName": "shared_commondataserviceforapps",
                  "operationId": "ListRecords",
                  "apiId": "/providers/Microsoft.PowerApps/apis/shared_commondataserviceforapps"
                },
                "parameters": {
                  "entityName": "adx_webroles",
                  "$select": "adx_webroleid,adx_name",
                  "$filter": "adx_name eq 'Authenticated Users'"
                },
                "authentication": "@parameters('$authentication')"
              }
            }
          },
          "runAfter": {
            "Initialize_Invitation_Id": [
              "Succeeded"
            ]
          },
          "expression": {
            "and": [
              {
                "equals": [
                  "@triggerOutputs()?['body/statecode']",
                  0
                ]
              },
              {
                "not": {
                  "equals": [
                    "@triggerOutputs()?['body/adx_identity_logonenabled']",
                    "@true"
                  ]
                }
              },
              {
                "equals": [
                  "@triggerOutputs()?['body/adx_identity_username']",
                  "@null"
                ]
              },
              {
                "not": {
                  "equals": [
                    "@triggerOutputs()?['body/_parentcustomerid_value']",
                    "@null"
                  ]
                }
              },
              {
                "less": [
                  "@length(outputs('Get_Existing_Invitations')?['body/value'])",
                  1
                ]
              },
              {
                "not": {
                  "equals": [
                    "@triggerOutputs()?['body/emailaddress1']",
                    "@null"
                  ]
                }
              }
            ]
          },
          "metadata": {
            "operationMetadataId": "b5e6ad30-e1ca-4f25-9d42-290fea489ad1"
          },
          "type": "If"
        },
        "Get_Existing_Invitations": {
          "runAfter": {},
          "metadata": {
            "operationMetadataId": "4a2dfd68-f57e-4cc6-9cd3-c9380050706c"
          },
          "type": "OpenApiConnection",
          "inputs": {
            "host": {
              "connectionName": "shared_commondataserviceforapps",
              "operationId": "ListRecords",
              "apiId": "/providers/Microsoft.PowerApps/apis/shared_commondataserviceforapps"
            },
            "parameters": {
              "entityName": "adx_invitations",
              "$filter": "_adx_assigntoaccount_value eq @{triggerOutputs()?['body/_parentcustomerid_value']} and statecode eq 0 and _adx_invitecontact_value eq @{triggerOutputs()?['body/contactid']} and statuscode ne 2"
            },
            "authentication": "@parameters('$authentication')"
          }
        },
        "Initialize_Invitation_Id": {
          "runAfter": {
            "Get_Existing_Invitations": [
              "Succeeded"
            ]
          },
          "metadata": {
            "operationMetadataId": "0ed6ae35-2163-4c38-8476-5c38bd5d5913"
          },
          "type": "InitializeVariable",
          "inputs": {
            "variables": [
              {
                "name": "InvitationId",
                "type": "string"
              }
            ]
          }
        }
      }
    },
    "templateName": ""
  },
  "schemaVersion": "1.0.0.0"
}