{
  "properties": {
    "connectionReferences": {
      "shared_commondataserviceforapps": {
        "runtimeSource": "embedded",
        "connection": {
          "connectionReferenceLogicalName": "cid_sharedcommondataserviceforapps_96450"
        },
        "api": {
          "name": "shared_commondataserviceforapps"
        }
      }
    },
    "definition": {
      "$schema": "https://schema.management.azure.com/providers/Microsoft.Logic/schemas/2016-06-01/workflowdefinition.json#",
      "contentVersion": "1.0.0.0",
      "parameters": {
        "$connections": {
          "defaultValue": {},
          "type": "Object"
        },
        "$authentication": {
          "defaultValue": {},
          "type": "SecureObject"
        }
      },
      "triggers": {
        "When_a_row_is_added,_modified_or_deleted": {
          "metadata": {
            "operationMetadataId": "888a1d79-44f3-4357-9d0a-00a3355e47cb"
          },
          "type": "OpenApiConnectionWebhook",
          "inputs": {
            "host": {
              "connectionName": "shared_commondataserviceforapps",
              "operationId": "SubscribeWebhookTrigger",
              "apiId": "/providers/Microsoft.PowerApps/apis/shared_commondataserviceforapps"
            },
            "parameters": {
              "subscriptionRequest/message": 3,
              "subscriptionRequest/entityname": "account",
              "subscriptionRequest/scope": 4,
              "subscriptionRequest/filteringattributes": "cid_cidcompanystatus",
              "subscriptionRequest/runas": 3
            },
            "authentication": "@parameters('$authentication')"
          }
        }
      },
      "actions": {
        "Condition": {
          "actions": {
            "Apply_to_each": {
              "foreach": "@outputs('List_rows')?['body/value']",
              "actions": {
                "Check_if_site_is_not_inactive": {
                  "actions": {
                    "Update_a_row_2": {
                      "runAfter": {},
                      "metadata": {
                        "operationMetadataId": "4b478467-aa1a-423b-8676-6a9d080763d4"
                      },
                      "type": "OpenApiConnection",
                      "inputs": {
                        "host": {
                          "connectionName": "shared_commondataserviceforapps",
                          "operationId": "UpdateRecord",
                          "apiId": "/providers/Microsoft.PowerApps/apis/shared_commondataserviceforapps"
                        },
                        "parameters": {
                          "entityName": "accounts",
                          "recordId": "@items('Apply_to_each')?['accountid']",
                          "item/cid_memositedeactivation": "Company deactivated via CID",
                          "item/cid_reasonforsitedeactivation": 100000003,
                          "item/cid_romsitestatus": 100000005,
                          "item/cid_sitestate": 100000002,
                          "item/cid_cidsitestatus": 100000023,
                          "item/cid_siteclaim": 100000001
                        },
                        "authentication": "@parameters('$authentication')"
                      }
                    }
                  },
                  "runAfter": {},
                  "expression": {
                    "and": [
                      {
                        "not": {
                          "equals": [
                            "@items('Apply_to_each')?['cid_siteclaim']",
                            100000015
                          ]
                        }
                      },
                      {
                        "not": {
                          "equals": [
                            "@items('Apply_to_each')?['cid_siteclaim']",
                            100000019
                          ]
                        }
                      },
                      {
                        "not": {
                          "equals": [
                            "@items('Apply_to_each')?['cid_siteclaim']",
                            100000020
                          ]
                        }
                      },
                      {
                        "not": {
                          "equals": [
                            "@items('Apply_to_each')?['cid_siteclaim']",
                            100000021
                          ]
                        }
                      },
                      {
                        "not": {
                          "equals": [
                            "@items('Apply_to_each')?['cid_siteclaim']",
                            100000022
                          ]
                        }
                      },
                      {
                        "not": {
                          "equals": [
                            "@items('Apply_to_each')?['cid_siteclaim']",
                            100000023
                          ]
                        }
                      },
                      {
                        "not": {
                          "equals": [
                            "@items('Apply_to_each')?['cid_siteclaim']",
                            100000024
                          ]
                        }
                      }
                    ]
                  },
                  "metadata": {
                    "operationMetadataId": "6e8cdfb4-2803-4335-a992-a89b72fa1feb"
                  },
                  "type": "If"
                }
              },
              "runAfter": {
                "List_rows": [
                  "Succeeded"
                ]
              },
              "metadata": {
                "operationMetadataId": "48bffbb7-dca7-416d-8f5e-c5254efa119e"
              },
              "type": "Foreach"
            },
            "Get_Company_Deactivation_History_Code_record": {
              "runAfter": {},
              "metadata": {
                "operationMetadataId": "82b5d963-14d7-4c0c-bb89-e32641bb8eca"
              },
              "type": "OpenApiConnection",
              "inputs": {
                "host": {
                  "connectionName": "shared_commondataserviceforapps",
                  "operationId": "ListRecords",
                  "apiId": "/providers/Microsoft.PowerApps/apis/shared_commondataserviceforapps"
                },
                "parameters": {
                  "entityName": "cid_audithistorycodes",
                  "$select": "cid_audithistorycodeid",
                  "fetchXml": "<fetch version=\"1.0\" output-format=\"xml-platform\" mapping=\"logical\" distinct=\"false\">\n  <entity name=\"cid_audithistorycode\">\n    <attribute name=\"cid_audithistorycodeid\" />\n    <attribute name=\"cid_name\" />\n    <order attribute=\"cid_name\" descending=\"false\" />\n    <filter type=\"and\">\n      <condition attribute=\"cid_name\" operator=\"eq\" value=\"CI1\" />\n      <condition attribute=\"statuscode\" operator=\"eq\" value=\"1\" />\n    </filter>\n  </entity>\n</fetch>",
                  "$top": 1
                },
                "authentication": "@parameters('$authentication')"
              }
            },
            "List_rows": {
              "runAfter": {
                "Create_Company_Deactivation_History_Log": [
                  "Succeeded"
                ]
              },
              "metadata": {
                "operationMetadataId": "5f2fd663-1a9f-435c-b46f-33ccb07ff0b2"
              },
              "type": "OpenApiConnection",
              "inputs": {
                "host": {
                  "connectionName": "shared_commondataserviceforapps",
                  "operationId": "ListRecords",
                  "apiId": "/providers/Microsoft.PowerApps/apis/shared_commondataserviceforapps"
                },
                "parameters": {
                  "entityName": "accounts",
                  "fetchXml": "<fetch version=\"1.0\" output-format=\"xml-platform\" mapping=\"logical\" distinct=\"false\">\n  <entity name=\"account\">\n    <attribute name=\"accountid\" />\n    <attribute name=\"cid_cidsitestatus\" />\n    <order attribute=\"cid_cidsitestatus\" descending=\"false\" />\n    <filter type=\"and\">\n      <condition attribute=\"customertypecode\" operator=\"eq\" value=\"948010001\" />\n      <condition attribute=\"parentaccountid\" operator=\"eq\" value=\"\" />\n    </filter>\n  </entity>\n</fetch>"
                },
                "authentication": "@parameters('$authentication')"
              }
            },
            "Create_Company_Deactivation_History_Log": {
              "actions": {
                "Add_Company_Deactivation_History_Log": {
                  "runAfter": {},
                  "metadata": {
                    "operationMetadataId": "7901bf32-2876-41c4-b8f1-0bd2bf63c161"
                  },
                  "type": "OpenApiConnection",
                  "inputs": {
                    "host": {
                      "connectionName": "shared_commondataserviceforapps",
                      "operationId": "CreateRecord",
                      "apiId": "/providers/Microsoft.PowerApps/apis/shared_commondataserviceforapps"
                    },
                    "parameters": {
                      "entityName": "cid_historylogs",
                      "item/subject": "Company Deactivation",
                      "item/cid_subject": "   ",
                      "item/cid_externallyvisible": false,
                      "item/cid_HistoryCode_cid_historylog@odata.bind": "cid_audithistorycodes(@{first(body('Get_Company_Deactivation_History_Code_record')?['value'])?['cid_audithistorycodeid']})",
                      "item/cid_memotemplateinputparameters": "||",
                      "item/cid_Company_cid_historylog@odata.bind": "accounts()",
                      "item/cid_processingstatus": 100000000
                    },
                    "authentication": "@parameters('$authentication')"
                  }
                }
              },
              "runAfter": {
                "Get_Company_Deactivation_History_Code_record": [
                  "Succeeded"
                ]
              },
              "expression": {
                "greater": [
                  "@length(outputs('Get_Company_Deactivation_History_Code_record')?['body/value'])",
                  0
                ]
              },
              "metadata": {
                "operationMetadataId": "078f1157-d252-4699-8277-232212a08ba6"
              },
              "type": "If"
            }
          },
          "runAfter": {},
          "expression": {
            "and": [
              {
                "equals": [
                  "@triggerOutputs()?['body/customertypecode']",
                  948010000
                ]
              },
              {
                "equals": [
                  "@triggerOutputs()?['body/cid_cidcompanystatus']",
                  100000007
                ]
              }
            ]
          },
          "metadata": {
            "operationMetadataId": "fa332fc5-68c9-4911-acdf-4c6479f1df91"
          },
          "type": "If"
        }
      }
    },
    "templateName": ""
  },
  "schemaVersion": "1.0.0.0"
}