{
  "properties": {
    "connectionReferences": {
      "shared_commondataserviceforapps_2": {
        "runtimeSource": "embedded",
        "connection": {
          "connectionReferenceLogicalName": "cid_sharedcommondataserviceforapps_96450"
        },
        "api": {
          "name": "shared_commondataserviceforapps"
        }
      },
      "shared_commondataserviceforapps_1": {
        "runtimeSource": "embedded",
        "connection": {
          "connectionReferenceLogicalName": "tdg_ConnectionReferenceDataverseServicePrinciple"
        },
        "api": {
          "name": "shared_commondataserviceforapps"
        }
      },
      "shared_office365": {
        "runtimeSource": "embedded",
        "connection": {
          "connectionReferenceLogicalName": "cid_sharedoffice365_ee685"
        },
        "api": {
          "name": "shared_office365"
        }
      },
      "shared_commondataserviceforapps": {
        "runtimeSource": "embedded",
        "connection": {
          "connectionReferenceLogicalName": "tdg_ConnectionReferenceDataverseServicePrinciple"
        },
        "api": {
          "name": "shared_commondataserviceforapps"
        }
      }
    },
    "definition": {
      "$schema": "https://schema.management.azure.com/providers/Microsoft.Logic/schemas/2016-06-01/workflowdefinition.json#",
      "contentVersion": "1.0.0.0",
      "parameters": {
        "$connections": {
          "defaultValue": {},
          "type": "Object"
        },
        "$authentication": {
          "defaultValue": {},
          "type": "SecureObject"
        }
      },
      "triggers": {
        "When_a_row_is_added,_modified_or_deleted": {
          "metadata": {
            "operationMetadataId": "f750b9f6-13f2-4112-be03-b96986cf02ac"
          },
          "type": "OpenApiConnectionWebhook",
          "inputs": {
            "host": {
              "connectionName": "shared_commondataserviceforapps_1",
              "operationId": "SubscribeWebhookTrigger",
              "apiId": "/providers/Microsoft.PowerApps/apis/shared_commondataserviceforapps"
            },
            "parameters": {
              "subscriptionRequest/message": 1,
              "subscriptionRequest/entityname": "adx_invitation",
              "subscriptionRequest/scope": 4,
              "subscriptionRequest/runas": 3
            },
            "authentication": "@parameters('$authentication')"
          }
        }
      },
      "actions": {
        "Get_a_row_by_ID_Contact": {
          "runAfter": {
            "Scope_-_email_Template_Standard_Text": [
              "Succeeded"
            ]
          },
          "metadata": {
            "operationMetadataId": "8adf0490-4d94-410a-a8a7-bd5f15fe8e10"
          },
          "type": "OpenApiConnection",
          "inputs": {
            "host": {
              "connectionName": "shared_commondataserviceforapps_2",
              "operationId": "GetItem",
              "apiId": "/providers/Microsoft.PowerApps/apis/shared_commondataserviceforapps"
            },
            "parameters": {
              "entityName": "contacts",
              "recordId": "@triggerOutputs()?['body/_adx_invitecontact_value']"
            },
            "authentication": "@parameters('$authentication')"
          }
        },
        "If_portal_created_contact": {
          "actions": {
            "Get_a_row_by_ID_Accounts": {
              "runAfter": {},
              "metadata": {
                "operationMetadataId": "2dd83585-2c35-458b-94ff-9782ce5e36ec"
              },
              "type": "OpenApiConnection",
              "inputs": {
                "host": {
                  "connectionName": "shared_commondataserviceforapps_1",
                  "operationId": "GetItem",
                  "apiId": "/providers/Microsoft.PowerApps/apis/shared_commondataserviceforapps"
                },
                "parameters": {
                  "entityName": "accounts",
                  "recordId": "@triggerOutputs()?['body/_adx_assigntoaccount_value']"
                },
                "authentication": "@parameters('$authentication')"
              }
            },
            "Set_Variable_Assigned_Company": {
              "runAfter": {
                "Get_a_row_by_ID_Accounts": [
                  "Succeeded"
                ]
              },
              "metadata": {
                "operationMetadataId": "19e797ac-e1a0-49d1-bf45-0f580ddf071c"
              },
              "type": "SetVariable",
              "inputs": {
                "name": "Company Name",
                "value": "@outputs('Get_a_row_by_ID_Accounts')?['body/name']"
              }
            },
            "Check_organization_status": {
              "actions": {
                "Get_a_row_by_ID_Invitation_Receiver": {
                  "runAfter": {
                    "Condition_3": [
                      "Succeeded"
                    ]
                  },
                  "metadata": {
                    "operationMetadataId": "d6c04832-8bde-40c2-87a0-2180030e9282"
                  },
                  "type": "OpenApiConnection",
                  "inputs": {
                    "host": {
                      "connectionName": "shared_commondataserviceforapps_1",
                      "operationId": "GetItem",
                      "apiId": "/providers/Microsoft.PowerApps/apis/shared_commondataserviceforapps"
                    },
                    "parameters": {
                      "entityName": "contacts",
                      "recordId": "@triggerOutputs()?['body/_adx_invitecontact_value']",
                      "$select": "fullname, emailaddress1,cid_languageofcorrespondence"
                    },
                    "authentication": "@parameters('$authentication')"
                  }
                },
                "Parse_JSON": {
                  "runAfter": {
                    "Get_a_row_by_ID_Invitation_Receiver": [
                      "Succeeded"
                    ]
                  },
                  "metadata": {
                    "operationMetadataId": "50651aa9-0486-4137-bd86-402688bf5e7e"
                  },
                  "type": "ParseJson",
                  "inputs": {
                    "content": "@body('Get_a_row_by_ID_Invitation_Receiver')",
                    "schema": {
                      "type": "object",
                      "properties": {
                        "@@odata.id": {
                          "type": "string"
                        }
                      }
                    }
                  }
                },
                "Set_Environment_variable": {
                  "runAfter": {
                    "Parse_JSON": [
                      "Succeeded"
                    ]
                  },
                  "metadata": {
                    "operationMetadataId": "a69640fd-9cc4-4567-a92c-174bc53bc2a5"
                  },
                  "type": "SetVariable",
                  "inputs": {
                    "name": "Environment",
                    "value": "@{substring(body('Parse_JSON')?['@odata.id'],0,indexOf(body('Parse_JSON')?['@odata.id'], '.crm3'))}"
                  }
                },
                "Switch": {
                  "runAfter": {
                    "Set_Environment_variable": [
                      "Succeeded"
                    ]
                  },
                  "cases": {
                    "Case": {
                      "case": "https://tdgcore-dev-tcd365",
                      "actions": {
                        "Set_variable_2": {
                          "runAfter": {},
                          "metadata": {
                            "operationMetadataId": "73cd44e5-c32f-41c6-b6c0-eccb6ae00e81"
                          },
                          "type": "SetVariable",
                          "inputs": {
                            "name": "Environment",
                            "value": "https://rd-tdgcore-dev.powerappsportals.com/en/Register?returnUrl=%2Fen%2F&invitation_code="
                          }
                        }
                      }
                    },
                    "Case_2": {
                      "case": "https://tdgcore-qa",
                      "actions": {
                        "Set_variable_3": {
                          "runAfter": {},
                          "metadata": {
                            "operationMetadataId": "4f514d75-039e-4805-a35e-c40a00ab0736"
                          },
                          "type": "SetVariable",
                          "inputs": {
                            "name": "Environment",
                            "value": "https://tdgcore-qa.powerappsportals.com/en/Register?returnUrl=%2Fen%2F&invitation_code="
                          }
                        }
                      }
                    },
                    "Case_3": {
                      "case": "https://tdgcore-acc",
                      "actions": {
                        "Set_variable_5": {
                          "runAfter": {},
                          "metadata": {
                            "operationMetadataId": "0878dd8a-3337-42bd-bc20-ad69fafb93bf"
                          },
                          "type": "SetVariable",
                          "inputs": {
                            "name": "Environment",
                            "value": "https://tdgcore-acc.powerappsportals.com/en/Register?returnUrl=%2Fen%2F&invitation_code="
                          }
                        }
                      }
                    },
                    "Case_4": {
                      "case": "https://tdgcore-preprod",
                      "actions": {
                        "Set_variable_6": {
                          "runAfter": {},
                          "metadata": {
                            "operationMetadataId": "803ab85c-7654-47a0-a714-9c943c8e309e"
                          },
                          "type": "SetVariable",
                          "inputs": {
                            "name": "Environment",
                            "value": "https://tdgcore-preprod.powerappsportals.com/en/Register?returnUrl=%2Fen%2F&invitation_code="
                          }
                        }
                      }
                    }
                  },
                  "default": {
                    "actions": {
                      "Set_variable_4": {
                        "runAfter": {},
                        "metadata": {
                          "operationMetadataId": "5a2270d9-d5fe-41d2-ba6e-cdc6cad32e73"
                        },
                        "type": "SetVariable",
                        "inputs": {
                          "name": "Environment",
                          "value": "@{concat(envivariables('Environment'), '/en/Register?returnUrl=%2Fen%2F&invitation_code=')}"
                        }
                      },
                      "Set_variable": {
                        "runAfter": {
                          "Set_variable_4": [
                            "Succeeded"
                          ]
                        },
                        "metadata": {
                          "operationMetadataId": "1fce0d1d-b7a0-44ee-80b6-4c35b3b557fd"
                        },
                        "type": "SetVariable",
                        "inputs": {
                          "name": "EnviromentSettings",
                          "value": "@{null}"
                        }
                      }
                    }
                  },
                  "expression": "@variables('Environment')",
                  "metadata": {
                    "operationMetadataId": "b1e5dbee-3b93-4a5d-8205-2a7a863e70f1"
                  },
                  "type": "Switch"
                },
                "Check_Language_and_send_email_": {
                  "actions": {
                    "Send_email_notification_(V3)_-French": {
                      "runAfter": {},
                      "metadata": {
                        "operationMetadataId": "cfc8d355-3dc8-4e9e-bb8a-31d1950791f4"
                      },
                      "type": "OpenApiConnection",
                      "inputs": {
                        "host": {
                          "connectionName": "shared_office365",
                          "operationId": "SendEmailV2",
                          "apiId": "/providers/Microsoft.PowerApps/apis/shared_office365"
                        },
                        "parameters": {
                          "emailMessage/To": "@outputs('Get_a_row_by_ID_Contact')?['body/emailaddress1']",
                          "emailMessage/Subject": "@{variables('FrenchTestSubjectText')}TMD en ligne – BDIC : Affectation en tant que contact secondaire pour l’organisation @{outputs('Get_a_row_by_ID_Accounts')?['body/ovs_legalname']}.",
                          "emailMessage/Body": "<p>@{variables('FrenchTestingText')}@{outputs('FrenchStandardSalutation')}<br>\n<br>\n@{outputs('Get_a_row_by_ID_Contact')?['body/fullname']}, le contact principal de @{outputs('Get_a_row_by_ID_Accounts')?['body/ovs_legalname']} dans la base de données d'identification des clients (BDIC) de Transports Canada, vous a ajouté en tant que contact secondaire pour cette organisation.<br>\n<br>\nPour rejoindre votre organisation, veuillez sélectionner ou copier et coller le lien suivant dans votre navigateur :<br>\n<a href=\"@{variables('varHyperLink')}\">@{variables('varHyperLink')}</a>\n<br>\nNotez que cette invitation ne peut être utilisée que par vous-même, en tant que propriétaire du compte de courrier électronique. &nbsp;Si vous n'êtes pas la personne qui doit enregistrer cette organisation, veuillez l'indiquer en répondant à tc.tdgengagement-engagementtmd.tc@tc.gc.ca. Si vous connaissez le nom et l'adresse électronique de la personne qui devrait enregistrer cette organisation, veuillez également fournir ces informations.<br>\n<br>\n@{outputs('FrenchStandardSalutation')}<br>\n<br>\n@{outputs('French-EmailFooter')}</p>",
                          "emailMessage/Importance": "Normal"
                        },
                        "authentication": "@parameters('$authentication')"
                      }
                    }
                  },
                  "runAfter": {
                    "Set_variable_varHyperLink_": [
                      "Succeeded"
                    ]
                  },
                  "else": {
                    "actions": {
                      "Send_email_notification_(V3)_-English": {
                        "runAfter": {},
                        "metadata": {
                          "operationMetadataId": "85028265-16bf-465d-80ef-3cee5fd0c9f2"
                        },
                        "type": "OpenApiConnection",
                        "inputs": {
                          "host": {
                            "connectionName": "shared_office365",
                            "operationId": "SendEmailV2",
                            "apiId": "/providers/Microsoft.PowerApps/apis/shared_office365"
                          },
                          "parameters": {
                            "emailMessage/To": "@outputs('Get_a_row_by_ID_Contact')?['body/emailaddress1']",
                            "emailMessage/Subject": "@{variables('TestSubjectText')}TDG Online - CID: Assignment as a Secondary Contact for the @{outputs('Get_a_row_by_ID_Accounts')?['body/ovs_legalname']} organization",
                            "emailMessage/Body": "<p>@{variables('TestingText')}@{outputs('StandardSalutation')}<br>\n<br>\n@{outputs('Get_a_row_by_ID_Contact')?['body/fullname']}, the Primary Contact for @{outputs('Get_a_row_by_ID_Accounts')?['body/ovs_legalname']} in Transport Canada’s Client Identification Database (CID), has added you as a Secondary Contact for that organization.<br>\n<br>\nTo join your organization, please select or copy and paste the following link into your browser:<br>\n<br>\n<a href=\"@{variables('varHyperLink')}\">@{variables('varHyperLink')}</a>\n<br>\nNote that this invitation can only be used by yourself, as the owner of the email account. &nbsp;If you are not the individual who should register this organization, then please indicate this via a reply to tc.tdgengagement-engagementtmd.tc@tc.gc.ca. If you know the name and email address of the individual who should register this organization, then please provide this information as well.<br>\n<br>\n@{outputs('StandardSalutation')}<br>\n<br>\n@{outputs('English-EmailFooter')}</p>",
                            "emailMessage/Importance": "Normal"
                          },
                          "authentication": "@parameters('$authentication')"
                        }
                      }
                    }
                  },
                  "expression": {
                    "equals": [
                      "@outputs('Get_a_row_by_ID_Invitation_Receiver')?['body/cid_languageofcorrespondence']",
                      918640002
                    ]
                  },
                  "metadata": {
                    "operationMetadataId": "d1f56c7c-3617-4128-acdd-287b00b852b1"
                  },
                  "type": "If"
                },
                "Condition_3": {
                  "actions": {},
                  "runAfter": {},
                  "else": {
                    "actions": {
                      "Get_a_row_by_ID_Invited_By": {
                        "runAfter": {},
                        "metadata": {
                          "operationMetadataId": "aacd9444-4067-4f62-a551-910b3e8b0de2"
                        },
                        "type": "OpenApiConnection",
                        "inputs": {
                          "host": {
                            "connectionName": "shared_commondataserviceforapps_1",
                            "operationId": "GetItem",
                            "apiId": "/providers/Microsoft.PowerApps/apis/shared_commondataserviceforapps"
                          },
                          "parameters": {
                            "entityName": "contacts",
                            "recordId": "@triggerOutputs()?['body/_adx_invitercontact_value']",
                            "$select": "fullname"
                          },
                          "authentication": "@parameters('$authentication')"
                        }
                      },
                      "Set_variable_Invited_By": {
                        "runAfter": {
                          "Get_a_row_by_ID_Invited_By": [
                            "Succeeded"
                          ]
                        },
                        "metadata": {
                          "operationMetadataId": "a69640fd-9cc4-4567-a92c-174bc53bc2a5"
                        },
                        "type": "SetVariable",
                        "inputs": {
                          "name": "Invited By",
                          "value": "@outputs('Get_a_row_by_ID_Invited_By')?['body/fullname']"
                        }
                      }
                    }
                  },
                  "expression": {
                    "equals": [
                      "@triggerOutputs()?['body/_adx_invitercontact_value']",
                      "@null"
                    ]
                  },
                  "metadata": {
                    "operationMetadataId": "90a5f9da-6443-48bd-95e9-2864fc3a4eae"
                  },
                  "type": "If"
                },
                "List_CID_Invitation_Records": {
                  "runAfter": {
                    "If_company_registration_not_yet_started_": [
                      "Succeeded"
                    ]
                  },
                  "metadata": {
                    "operationMetadataId": "6ac0aa75-9e7e-4dd3-b55a-67da842f23a1"
                  },
                  "type": "OpenApiConnection",
                  "inputs": {
                    "host": {
                      "connectionName": "shared_commondataserviceforapps",
                      "operationId": "ListRecords",
                      "apiId": "/providers/Microsoft.PowerApps/apis/shared_commondataserviceforapps"
                    },
                    "parameters": {
                      "entityName": "cid_invitations",
                      "fetchXml": "<fetch top=\"50\">\n  <entity name=\"cid_invitation\">\n    <filter>\n      <condition attribute=\"cid_invitation\" operator=\"eq\" value='@{triggerOutputs()?['body/adx_invitationid']}' uitype=\"cid_invitation\" />\n    </filter>\n  </entity>\n</fetch>"
                    },
                    "authentication": "@parameters('$authentication')"
                  }
                },
                "To_Each_CID_Invitation_Record": {
                  "foreach": "@outputs('List_CID_Invitation_Records')?['body/value']",
                  "actions": {
                    "Update_Sent_On_Date_": {
                      "runAfter": {},
                      "metadata": {
                        "operationMetadataId": "2a52aa0c-0d98-4fa0-8b27-0f9e10dfa511"
                      },
                      "type": "OpenApiConnection",
                      "inputs": {
                        "host": {
                          "connectionName": "shared_commondataserviceforapps",
                          "operationId": "UpdateRecord",
                          "apiId": "/providers/Microsoft.PowerApps/apis/shared_commondataserviceforapps"
                        },
                        "parameters": {
                          "entityName": "cid_invitations",
                          "recordId": "@items('To_Each_CID_Invitation_Record')?['cid_invitationid']",
                          "item/cid_invitationsenton": "@utcNow()"
                        },
                        "authentication": "@parameters('$authentication')"
                      }
                    }
                  },
                  "runAfter": {
                    "List_CID_Invitation_Records": [
                      "Succeeded"
                    ]
                  },
                  "metadata": {
                    "operationMetadataId": "0ca979c8-6a5b-452d-9d36-87c58346dd16"
                  },
                  "type": "Foreach"
                },
                "Update_Invitation_Table": {
                  "runAfter": {
                    "Check_Language_and_send_email_": [
                      "Succeeded"
                    ]
                  },
                  "metadata": {
                    "operationMetadataId": "e4ae5018-0262-4492-81cc-5bf9c27e3f77"
                  },
                  "type": "OpenApiConnection",
                  "inputs": {
                    "host": {
                      "connectionName": "shared_commondataserviceforapps_1",
                      "operationId": "UpdateRecord",
                      "apiId": "/providers/Microsoft.PowerApps/apis/shared_commondataserviceforapps"
                    },
                    "parameters": {
                      "entityName": "adx_invitations",
                      "recordId": "@triggerOutputs()?['body/adx_invitationid']",
                      "item/statuscode": 756150000
                    },
                    "authentication": "@parameters('$authentication')"
                  }
                },
                "If_company_registration_not_yet_started_": {
                  "actions": {
                    "Update_account_row": {
                      "runAfter": {},
                      "metadata": {
                        "operationMetadataId": "cbfa3695-bb7b-408c-a9e8-532073ef0b9c"
                      },
                      "type": "OpenApiConnection",
                      "inputs": {
                        "host": {
                          "connectionName": "shared_commondataserviceforapps",
                          "operationId": "UpdateRecord",
                          "apiId": "/providers/Microsoft.PowerApps/apis/shared_commondataserviceforapps"
                        },
                        "parameters": {
                          "entityName": "accounts",
                          "recordId": "@outputs('Update_Invitation_Table')?['body/_adx_assigntoaccount_value']",
                          "item/cid_cidcompanystatus": 100000004
                        },
                        "authentication": "@parameters('$authentication')"
                      }
                    }
                  },
                  "runAfter": {
                    "Update_Invitation_Table": [
                      "Succeeded"
                    ]
                  },
                  "expression": {
                    "or": [
                      {
                        "equals": [
                          "@outputs('Get_a_row_by_ID_Accounts')?['body/cid_cidcompanystatus']",
                          100000002
                        ]
                      },
                      {
                        "equals": [
                          "@outputs('Get_a_row_by_ID_Accounts')?['body/cid_cidcompanystatus']",
                          100000010
                        ]
                      },
                      {
                        "equals": [
                          "@outputs('Get_a_row_by_ID_Accounts')?['body/cid_cidcompanystatus']",
                          100000003
                        ]
                      },
                      {
                        "equals": [
                          "@outputs('Get_a_row_by_ID_Accounts')?['body/cid_cidcompanystatus']",
                          "@null"
                        ]
                      }
                    ]
                  },
                  "metadata": {
                    "operationMetadataId": "d3d8b392-57ff-425b-8f15-82cee95c9308"
                  },
                  "type": "If"
                },
                "Set_variable_varHyperLink_": {
                  "runAfter": {
                    "Switch": [
                      "Succeeded"
                    ]
                  },
                  "metadata": {
                    "operationMetadataId": "4e206445-bca6-41c7-8633-6a07e8487551"
                  },
                  "type": "SetVariable",
                  "inputs": {
                    "name": "varHyperLink",
                    "value": "@{variables('Environment')}@{triggerOutputs()?['body/adx_invitationcode']}"
                  }
                }
              },
              "runAfter": {
                "Check_environment": [
                  "Succeeded"
                ]
              },
              "expression": {
                "and": [
                  {
                    "equals": [
                      "@triggerOutputs()?['body/statuscode']",
                      1
                    ]
                  },
                  {
                    "equals": [
                      "",
                      ""
                    ]
                  },
                  {
                    "or": [
                      {
                        "equals": [
                          "@outputs('Get_a_row_by_ID_Accounts')?['body/cid_cidcompanystatus']",
                          100000001
                        ]
                      },
                      {
                        "equals": [
                          "@outputs('Get_a_row_by_ID_Accounts')?['body/cid_cidcompanystatus']",
                          100000010
                        ]
                      },
                      {
                        "equals": [
                          "@outputs('Get_a_row_by_ID_Accounts')?['body/cid_cidcompanystatus']",
                          100000002
                        ]
                      },
                      {
                        "equals": [
                          "@outputs('Get_a_row_by_ID_Accounts')?['body/cid_cidcompanystatus']",
                          100000003
                        ]
                      },
                      {
                        "equals": [
                          "@outputs('Get_a_row_by_ID_Accounts')?['body/cid_cidcompanystatus']",
                          100000004
                        ]
                      },
                      {
                        "equals": [
                          "@outputs('Get_a_row_by_ID_Accounts')?['body/cid_cidcompanystatus']",
                          100000000
                        ]
                      },
                      {
                        "equals": [
                          "@outputs('Get_a_row_by_ID_Accounts')?['body/cid_cidcompanystatus']",
                          100000009
                        ]
                      }
                    ]
                  }
                ]
              },
              "metadata": {
                "operationMetadataId": "9afc7c14-a47c-4784-bbac-c5b7bfc012ce"
              },
              "type": "If"
            },
            "Check_environment": {
              "actions": {
                "Set_variable_TestingText": {
                  "runAfter": {},
                  "metadata": {
                    "operationMetadataId": "224fc033-5e58-423f-b235-e84df25189ec"
                  },
                  "type": "SetVariable",
                  "inputs": {
                    "name": "TestingText",
                    "value": "Test email: This email is a test email, not an actual email representing what is indicated below. <br><br>                                                                                 "
                  }
                },
                "Set_variable_TestSubjectText": {
                  "runAfter": {
                    "Set_variable_TestingText": [
                      "Succeeded"
                    ]
                  },
                  "metadata": {
                    "operationMetadataId": "7a6742f2-3215-413a-9225-11fd2574acab"
                  },
                  "type": "SetVariable",
                  "inputs": {
                    "name": "TestSubjectText",
                    "value": "Test Email: "
                  }
                },
                "Set_variable_FrenchTestSubjectText": {
                  "runAfter": {
                    "Set_variable_TestSubjectText": [
                      "Succeeded"
                    ]
                  },
                  "metadata": {
                    "operationMetadataId": "a71a8d8c-41f7-4d8b-9136-19ddffd73280"
                  },
                  "type": "SetVariable",
                  "inputs": {
                    "name": "FrenchTestSubjectText",
                    "value": "Tester le courriel:"
                  }
                },
                "Set_variable_FrenchTestingText": {
                  "runAfter": {
                    "Set_variable_FrenchTestSubjectText": [
                      "Succeeded"
                    ]
                  },
                  "metadata": {
                    "operationMetadataId": "e2edab0d-d0a2-4152-8fae-2b793ec012aa"
                  },
                  "type": "SetVariable",
                  "inputs": {
                    "name": "FrenchTestingText",
                    "value": "Tester le courriel: Ce courriel est un courriel de test, et non un courriel réel représentant ce qui est indiqué ci-dessous. <br><br>                                                                     "
                  }
                }
              },
              "runAfter": {
                "Set_Variable_Assigned_Company": [
                  "Succeeded"
                ]
              },
              "expression": {
                "not": {
                  "equals": [
                    "@body('Filter_environment-CID_Environment')[0]['qm_value']",
                    "PROD"
                  ]
                }
              },
              "metadata": {
                "operationMetadataId": "9be99f10-fa00-40ae-8580-da6ba08c2e07"
              },
              "type": "If"
            }
          },
          "runAfter": {
            "Get_a_row_by_ID_Contact": [
              "Succeeded"
            ]
          },
          "expression": {
            "and": [
              {
                "not": {
                  "equals": [
                    "@outputs('Get_a_row_by_ID_Contact')?['body/_cid_createdbyregistrant_value']",
                    "@null"
                  ]
                }
              },
              {
                "not": {
                  "equals": [
                    "@outputs('Get_a_row_by_ID_Contact')?['body/_parentcustomerid_value']",
                    "@null"
                  ]
                }
              }
            ]
          },
          "metadata": {
            "operationMetadataId": "350f47e3-2a05-4508-aae0-91ddf5e4f7cb"
          },
          "type": "If"
        },
        "get-environment-settings": {
          "runAfter": {
            "Initialize_variable_varHyperLink": [
              "Succeeded"
            ]
          },
          "metadata": {
            "operationMetadataId": "7ed63b1d-9cf8-403e-9d9c-56cdd03f198e"
          },
          "type": "OpenApiConnection",
          "inputs": {
            "host": {
              "connectionName": "shared_commondataserviceforapps",
              "operationId": "ListRecords",
              "apiId": "/providers/Microsoft.PowerApps/apis/shared_commondataserviceforapps"
            },
            "parameters": {
              "entityName": "qm_environmentsettingses",
              "fetchXml": "<fetch version=\"1.0\" output-format=\"xml-platform\" mapping=\"logical\" distinct=\"false\">\n<entity name=\"qm_environmentsettings\">\n<attribute name=\"qm_environmentsettingsid\"/>\n<attribute name=\"qm_name\"/>\n<attribute name=\"qm_value\"/>\n<order attribute=\"qm_name\" descending=\"false\"/>\n<filter type=\"and\">\n<condition attribute=\"qm_name\" operator=\"like\" value=\"%CID[_]%\"/>\n</filter>\n</entity>\n</fetch>"
            },
            "authentication": "@parameters('$authentication')"
          }
        },
        "Scope_-_email_Template_Standard_Text": {
          "actions": {
            "StandardSalutation": {
              "runAfter": {},
              "metadata": {
                "operationMetadataId": "ffa8d1a6-89ec-434c-82e6-78e0fa2bd649"
              },
              "type": "Compose",
              "inputs": "<em>*** The following is an automated email sent by the TDG Online - CID system. Please do not reply ***</em>"
            },
            "FrenchStandardSalutation": {
              "runAfter": {
                "StandardSalutation": [
                  "Succeeded"
                ]
              },
              "metadata": {
                "operationMetadataId": "ffa8d1a6-89ec-434c-82e6-78e0fa2bd649"
              },
              "type": "Compose",
              "inputs": "<em>*** Le message suivant est un courriel automatisé envoyé par le TMD en ligne – Système de la BDIC. Veuillez ne pas répondre ***</em>"
            },
            "English-EmailFooter": {
              "runAfter": {
                "FrenchStandardSalutation": [
                  "Succeeded"
                ]
              },
              "metadata": {
                "operationMetadataId": "1535933c-0d10-4db3-9d01-208feac8f786"
              },
              "type": "Compose",
              "inputs": "<div style=\"font-size:x-small;\"><br>Note:<br>\n   - To receive subsequent emails in French, you can update your Language of Preferred Correspondence choice via the [Account Settings] button in the TDG Online - CID data portal. <br><br> \n   - Please do not reply to this email. If necessary, use the Contact Us button, or link, in the CID data portal. </div>"
            },
            "French-EmailFooter": {
              "runAfter": {
                "English-EmailFooter": [
                  "Succeeded"
                ]
              },
              "metadata": {
                "operationMetadataId": "5ec93fa4-a5e7-451e-9327-290b6c88346b"
              },
              "type": "Compose",
              "inputs": "<div style=\"font-size:x-small;\">Remarque:<br>\n   - Pour recevoir les courriels suivants en français, vous pouvez mettre à jour votre choix de langue de correspondance préférée à l’aide du bouton [Paramètres du compte] du portail de données TMD en ligne – BDIC. <br><br> \n   - Veuillez ne pas répondre à ce courriel. Au besoin, utilisez le bouton ou le lien « Communiquer avec nous » du portail de données de la BDIC.  </div>"
            },
            "Filter_environment-CID_Environment": {
              "runAfter": {
                "French-EmailFooter": [
                  "Succeeded"
                ]
              },
              "metadata": {
                "operationMetadataId": "0e744065-88c2-4338-956b-7400a9256a6e"
              },
              "type": "Query",
              "inputs": {
                "from": "@outputs('get-environment-settings')?['body/value']",
                "where": "@equals(item()?['qm_name'], 'CID_Environment')"
              }
            }
          },
          "runAfter": {
            "get-environment-settings": [
              "Succeeded"
            ]
          },
          "metadata": {
            "operationMetadataId": "4a4d30e6-367a-4728-93d1-e8fc48567195"
          },
          "type": "Scope"
        },
        "Initialize_Invited_By": {
          "runAfter": {
            "Initialize_variable_TestSubjectText": [
              "Succeeded"
            ]
          },
          "metadata": {
            "operationMetadataId": "b2c50202-f741-4b6d-8ec9-88363f1989d3"
          },
          "type": "InitializeVariable",
          "inputs": {
            "variables": [
              {
                "name": "Invited By",
                "type": "string",
                "value": "The"
              }
            ]
          }
        },
        "Initialize_Variable_Environment": {
          "runAfter": {},
          "metadata": {
            "operationMetadataId": "002d5ade-2d11-46a5-81d6-6bc06374f13b"
          },
          "type": "InitializeVariable",
          "inputs": {
            "variables": [
              {
                "name": "Environment",
                "type": "string"
              }
            ]
          }
        },
        "Initialize_variable_FrenchTestSubjectText": {
          "runAfter": {
            "Initialize_variable_FrenchTesting_text_for_the_email": [
              "Succeeded"
            ]
          },
          "metadata": {
            "operationMetadataId": "42321f2d-372c-4f1a-a435-a67ead702f1d"
          },
          "type": "InitializeVariable",
          "inputs": {
            "variables": [
              {
                "name": "FrenchTestSubjectText",
                "type": "string"
              }
            ]
          }
        },
        "Initialize_variable_FrenchTesting_text_for_the_email": {
          "runAfter": {
            "Initialize_variable_Testing_text_for_the_email": [
              "Succeeded"
            ]
          },
          "metadata": {
            "operationMetadataId": "6b11f2fb-0032-45f1-83c0-6af6ad4db3b3"
          },
          "type": "InitializeVariable",
          "inputs": {
            "variables": [
              {
                "name": "FrenchTestingText",
                "type": "string"
              }
            ]
          }
        },
        "Initialize_variable_Testing_text_for_the_email": {
          "runAfter": {
            "Initialize_variable_EnviromentSettings": [
              "Succeeded"
            ]
          },
          "metadata": {
            "operationMetadataId": "056efd54-c348-4947-b42c-bab120c698de"
          },
          "type": "InitializeVariable",
          "inputs": {
            "variables": [
              {
                "name": "TestingText",
                "type": "string"
              }
            ]
          }
        },
        "Initialize_variable_EnviromentSettings": {
          "runAfter": {
            "Initialize_Company_Name": [
              "Succeeded"
            ]
          },
          "metadata": {
            "operationMetadataId": "39c00fef-8e3e-4b60-86f9-cde9473ba69a"
          },
          "type": "InitializeVariable",
          "inputs": {
            "variables": [
              {
                "name": "EnviromentSettings",
                "type": "string",
                "value": "Test email: "
              }
            ]
          }
        },
        "Initialize_Company_Name": {
          "runAfter": {
            "Initialize_Variable_Environment": [
              "Succeeded"
            ]
          },
          "metadata": {
            "operationMetadataId": "351c7aa7-3319-433b-8cff-7d22f3fffc2e"
          },
          "type": "InitializeVariable",
          "inputs": {
            "variables": [
              {
                "name": "Company Name",
                "type": "string",
                "value": "associated"
              }
            ]
          }
        },
        "Initialize_variable_TestSubjectText": {
          "runAfter": {
            "Initialize_variable_FrenchTestSubjectText": [
              "Succeeded"
            ]
          },
          "metadata": {
            "operationMetadataId": "36348f7e-e55f-43ac-b622-3f00ecbc9c53"
          },
          "type": "InitializeVariable",
          "inputs": {
            "variables": [
              {
                "name": "TestSubjectText",
                "type": "string"
              }
            ]
          }
        },
        "Initialize_variable_varHyperLink": {
          "runAfter": {
            "Initialize_Invited_By": [
              "Succeeded"
            ]
          },
          "metadata": {
            "operationMetadataId": "5a9e445c-150f-45ce-95af-b66a99c28458"
          },
          "type": "InitializeVariable",
          "inputs": {
            "variables": [
              {
                "name": "varHyperLink",
                "type": "string"
              }
            ]
          }
        }
      }
    },
    "templateName": ""
  },
  "schemaVersion": "1.0.0.0"
}