{
  "properties": {
    "connectionReferences": {
      "shared_commondataserviceforapps": {
        "runtimeSource": "embedded",
        "connection": {
          "connectionReferenceLogicalName": "tdg_ConnectionReferenceDataverseServicePrinciple"
        },
        "api": {
          "name": "shared_commondataserviceforapps"
        }
      },
      "shared_office365": {
        "runtimeSource": "embedded",
        "connection": {
          "connectionReferenceLogicalName": "cid_sharedoffice365_ee685"
        },
        "api": {
          "name": "shared_office365"
        }
      },
      "shared_commondataserviceforapps_1": {
        "runtimeSource": "embedded",
        "connection": {
          "connectionReferenceLogicalName": "cid_sharedcommondataserviceforapps_96450"
        },
        "api": {
          "name": "shared_commondataserviceforapps"
        }
      }
    },
    "definition": {
      "$schema": "https://schema.management.azure.com/providers/Microsoft.Logic/schemas/2016-06-01/workflowdefinition.json#",
      "contentVersion": "1.0.0.0",
      "parameters": {
        "$connections": {
          "defaultValue": {},
          "type": "Object"
        },
        "$authentication": {
          "defaultValue": {},
          "type": "SecureObject"
        }
      },
      "triggers": {
        "manual": {
          "metadata": {
            "operationMetadataId": "a53c595f-02f4-42a4-a429-6e89763d85f5"
          },
          "type": "Request",
          "kind": "Http",
          "inputs": {
            "schema": {
              "type": "object",
              "properties": {
                "contactid": {
                  "type": "string"
                },
                "ChangedInfo": {
                  "type": "array",
                  "items": {
                    "type": "object",
                    "properties": {
                      "fieldName": {
                        "type": "string"
                      },
                      "OldValue": {
                        "type": "string"
                      },
                      "NewValue": {
                        "type": "string"
                      }
                    },
                    "required": [
                      "fieldName",
                      "OldValue",
                      "NewValue"
                    ]
                  }
                }
              }
            }
          }
        }
      },
      "actions": {
        "Get_Updated_Contact": {
          "runAfter": {},
          "metadata": {
            "operationMetadataId": "d4a5fc26-f694-4b24-b932-cec71efc5235"
          },
          "type": "OpenApiConnection",
          "inputs": {
            "host": {
              "connectionName": "shared_commondataserviceforapps",
              "operationId": "GetItem",
              "apiId": "/providers/Microsoft.PowerApps/apis/shared_commondataserviceforapps"
            },
            "parameters": {
              "entityName": "contacts",
              "recordId": "@triggerBody()?['contactid']"
            },
            "authentication": "@parameters('$authentication')"
          }
        },
        "Apply_to_each_change_info": {
          "foreach": "@triggerBody()?['ChangedInfo']",
          "actions": {
            "Compose": {
              "runAfter": {},
              "metadata": {
                "operationMetadataId": "80249c33-16a7-4d76-abe0-8d78b834d700"
              },
              "type": "Compose",
              "inputs": "@items('Apply_to_each_change_info')"
            },
            "Append_to_string_variable_ChangeInfo": {
              "runAfter": {
                "NewValue": [
                  "Succeeded"
                ]
              },
              "metadata": {
                "operationMetadataId": "6b94171b-92f9-4a70-a4f2-f6685c9eddef"
              },
              "type": "AppendToStringVariable",
              "inputs": {
                "name": "ChangeInfo",
                "value": "@concat(outputs('ChangedFieldName') , ' Changed from ' ,outputs('OldValue') , ' to ' ,outputs('NewValue') , '<br>')"
              }
            },
            "ChangedFieldName": {
              "runAfter": {
                "Compose": [
                  "Succeeded"
                ]
              },
              "metadata": {
                "operationMetadataId": "c69e60ee-2f1b-42f7-abb5-db40172728d8"
              },
              "type": "Compose",
              "inputs": "@items('Apply_to_each_change_info')['fieldName']"
            },
            "OldValue": {
              "runAfter": {
                "ChangedFieldName": [
                  "Succeeded"
                ]
              },
              "metadata": {
                "operationMetadataId": "35a52921-12ea-4661-afa7-c291efe63bb2"
              },
              "type": "Compose",
              "inputs": "@items('Apply_to_each_change_info')['OldValue']"
            },
            "NewValue": {
              "runAfter": {
                "OldValue": [
                  "Succeeded"
                ]
              },
              "metadata": {
                "operationMetadataId": "62cffd46-9801-4612-aa82-7d1102719f16"
              },
              "type": "Compose",
              "inputs": "@items('Apply_to_each_change_info')['NewValue']"
            }
          },
          "runAfter": {
            "Scope_-_email_Template_Standard_Text": [
              "Succeeded"
            ]
          },
          "metadata": {
            "operationMetadataId": "e08499a6-2fc8-4322-bee1-e132c96927ec"
          },
          "type": "Foreach"
        },
        "Parse_JSON": {
          "runAfter": {
            "Initialize_variable-Parent_Organization_Fr": [
              "Succeeded"
            ]
          },
          "metadata": {
            "operationMetadataId": "5977ace8-50bb-4a99-8c57-7636bd526815"
          },
          "type": "ParseJson",
          "inputs": {
            "content": "@triggerBody()?['ChangedInfo']",
            "schema": {
              "type": "array",
              "items": {
                "type": "object",
                "properties": {
                  "fieldName": {
                    "type": "string"
                  },
                  "OldValue": {
                    "type": "string"
                  },
                  "NewValue": {
                    "type": "string"
                  }
                },
                "required": [
                  "fieldName",
                  "OldValue",
                  "NewValue"
                ]
              }
            }
          }
        },
        "Initialize_variable_-_ChangeInfo": {
          "runAfter": {
            "Parse_JSON": [
              "Succeeded"
            ]
          },
          "metadata": {
            "operationMetadataId": "8336bdf1-b0a1-4389-9bf1-13dd95ae93d5"
          },
          "type": "InitializeVariable",
          "inputs": {
            "variables": [
              {
                "name": "ChangeInfo",
                "type": "string"
              }
            ]
          }
        },
        "GetModifiedby": {
          "runAfter": {
            "Apply_to_each_change_info": [
              "Succeeded"
            ]
          },
          "metadata": {
            "operationMetadataId": "829f2aef-85fc-4245-87db-f4a1199c7f88"
          },
          "type": "Compose",
          "inputs": "@add(2 , indexOf(outputs('Get_Updated_Contact')?['body/cid_portalrecordmodificationdetails'],',') )"
        },
        "Condition_-_check_language": {
          "actions": {
            "Send_an_email_-_English": {
              "runAfter": {},
              "metadata": {
                "operationMetadataId": "f85669dc-5cb3-4909-965f-938e6fbd4548"
              },
              "type": "OpenApiConnection",
              "inputs": {
                "host": {
                  "connectionName": "shared_office365",
                  "operationId": "SendEmailV2",
                  "apiId": "/providers/Microsoft.PowerApps/apis/shared_office365"
                },
                "parameters": {
                  "emailMessage/To": "@outputs('Get_Updated_Contact')?['body/emailaddress1']",
                  "emailMessage/Subject": "TDG Online - CID: Contact Information for the @{outputs('Get_Updated_Contact')?['body/fullname']} has been updated.",
                  "emailMessage/Body": "<p><strong>*** The following is an automated email sent by the TDG Online - CID system. Please do not reply ***</strong><br>\n<br>\nYour contact information in Transport Canada's CID Application has been updated by the primary contact on file @{substring(outputs('Get_Updated_Contact')?['body/cid_portalrecordmodificationdetails'] , add(2, indexOf(outputs('Get_Updated_Contact')?['body/cid_portalrecordmodificationdetails'],',') ) )} for organization @{variables('Parent Organization En')}<br>\n<br>\nRegards,<br>\n<br>\n<strong>TDG Online - CID Support Team<br>\n</strong><br>\nParameters:<br>\n<br>\n@{variables('ChangeInfo')}<br>\n<br>\n<br>\n@{outputs('English-EmailFooter')}</p>",
                  "emailMessage/From": "@variables('CID_Email_Sender')",
                  "emailMessage/Importance": "Normal"
                },
                "authentication": "@parameters('$authentication')"
              }
            }
          },
          "runAfter": {
            "GetModifiedby": [
              "Succeeded"
            ]
          },
          "else": {
            "actions": {
              "Send_an_email_-_French": {
                "runAfter": {},
                "metadata": {
                  "operationMetadataId": "f85669dc-5cb3-4909-965f-938e6fbd4548"
                },
                "type": "OpenApiConnection",
                "inputs": {
                  "host": {
                    "connectionName": "shared_office365",
                    "operationId": "SendEmailV2",
                    "apiId": "/providers/Microsoft.PowerApps/apis/shared_office365"
                  },
                  "parameters": {
                    "emailMessage/To": "@outputs('Get_Updated_Contact')?['body/emailaddress1']",
                    "emailMessage/Subject": "TMD en ligne - BDIC : Les coordonnées pour @{outputs('Get_Updated_Contact')?['body/fullname']} ont été mises à jour.",
                    "emailMessage/Body": "<p><strong>*** Le message suivant est un courriel automatisé envoyé par le TMD en ligne – Système de la BDIC. Veuillez ne pas répondre ***<br>\n</strong><br>\nVos coordonnées dans l'application BDIC de Transports Canada ont été mises à jour par le contact principal figurant dans le dossier<strong><br>\n</strong><strong>@{substring(outputs('Get_Updated_Contact')?['body/cid_portalrecordmodificationdetails'], add(2, indexOf(outputs('Get_Updated_Contact')?['body/cid_portalrecordmodificationdetails'], ',')))}</strong><strong> </strong>de l'organisation<strong> </strong><strong>@{variables('Parent Organization Fr')}</strong><strong>.<br>\n<br>\n</strong>Cordialement<br>\n<br>\n<strong>Équipe de soutien de la BDIC de Transports Canada</strong><br>\n<br>\nParamètres:<strong><br>\n<br>\n</strong><strong>@{variables('ChangeInfo')}</strong><strong><br>\n<br>\n<br>\n</strong><strong>@{outputs('French-EmailFooter')}</strong><strong></strong></p>",
                    "emailMessage/From": "@variables('CID_Email_Sender')",
                    "emailMessage/Importance": "Normal"
                  },
                  "authentication": "@parameters('$authentication')"
                }
              }
            }
          },
          "expression": {
            "equals": [
              "@outputs('Get_Updated_Contact')?['body/cid_languageofcorrespondence']",
              918640001
            ]
          },
          "metadata": {
            "operationMetadataId": "4a27d600-a6b6-46db-a915-56219a19d767"
          },
          "type": "If"
        },
        "Filter_environment-CID__Email_Sender": {
          "runAfter": {
            "get-environment-settings": [
              "Succeeded"
            ]
          },
          "metadata": {
            "operationMetadataId": "0e744065-88c2-4338-956b-7400a9256a6e"
          },
          "type": "Query",
          "inputs": {
            "from": "@outputs('get-environment-settings')?['body/value']",
            "where": "@equals(item()?['qm_name'], 'CID_Email_Sender')"
          }
        },
        "get-environment-settings": {
          "runAfter": {
            "Initialize_variable_-_ChangeInfo": [
              "Succeeded"
            ]
          },
          "metadata": {
            "operationMetadataId": "7ed63b1d-9cf8-403e-9d9c-56cdd03f198e"
          },
          "type": "OpenApiConnection",
          "inputs": {
            "host": {
              "connectionName": "shared_commondataserviceforapps",
              "operationId": "ListRecords",
              "apiId": "/providers/Microsoft.PowerApps/apis/shared_commondataserviceforapps"
            },
            "parameters": {
              "entityName": "qm_environmentsettingses",
              "fetchXml": "<fetch version=\"1.0\" output-format=\"xml-platform\" mapping=\"logical\" distinct=\"false\">\n<entity name=\"qm_environmentsettings\">\n<attribute name=\"qm_environmentsettingsid\"/>\n<attribute name=\"qm_name\"/>\n<attribute name=\"qm_value\"/>\n<order attribute=\"qm_name\" descending=\"false\"/>\n<filter type=\"and\">\n<condition attribute=\"qm_name\" operator=\"like\" value=\"%CID[_]%\"/>\n</filter>\n</entity>\n</fetch>"
            },
            "authentication": "@parameters('$authentication')"
          }
        },
        "Initialize_variable_CID_Email_Sender": {
          "runAfter": {
            "Filter_environment-CID__Email_Sender": [
              "Succeeded"
            ]
          },
          "metadata": {
            "operationMetadataId": "c068ea6c-92cb-411f-9c4a-2464a31e0468"
          },
          "type": "InitializeVariable",
          "inputs": {
            "variables": [
              {
                "name": "CID_Email_Sender",
                "type": "string",
                "value": "@{body('Filter_environment-CID__Email_Sender')[0]['qm_value']}"
              }
            ]
          }
        },
        "Scope_-_email_Template_Standard_Text": {
          "actions": {
            "StandardSalutation": {
              "runAfter": {},
              "metadata": {
                "operationMetadataId": "ffa8d1a6-89ec-434c-82e6-78e0fa2bd649"
              },
              "type": "Compose",
              "inputs": "<em>*** The following is an automated email sent by the TDG Online - CID system. Please do not reply ***</em>"
            },
            "FrenchStandardSalutation": {
              "runAfter": {
                "StandardSalutation": [
                  "Succeeded"
                ]
              },
              "metadata": {
                "operationMetadataId": "ffa8d1a6-89ec-434c-82e6-78e0fa2bd649"
              },
              "type": "Compose",
              "inputs": "<em>*** Le message suivant est un courriel automatisé envoyé par le TMD en ligne – Système de la BDIC. Veuillez ne pas répondre ***</em>"
            },
            "English-EmailFooter": {
              "runAfter": {
                "FrenchStandardSalutation": [
                  "Succeeded"
                ]
              },
              "metadata": {
                "operationMetadataId": "1535933c-0d10-4db3-9d01-208feac8f786"
              },
              "type": "Compose",
              "inputs": "<div style=\"font-size:x-small;\"><br>Note:<br>\n   - To receive subsequent emails in French, you can update your Language of Preferred Correspondence choice via the [Account Settings] button in the TDG Online - CID data portal. <br><br> \n   - Please do not reply to this email. If necessary, use the Contact Us button, or link, in the CID data portal. </div>"
            },
            "French-EmailFooter": {
              "runAfter": {
                "English-EmailFooter": [
                  "Succeeded"
                ]
              },
              "metadata": {
                "operationMetadataId": "5ec93fa4-a5e7-451e-9327-290b6c88346b"
              },
              "type": "Compose",
              "inputs": "<div style=\"font-size:x-small;\">Remarque:<br>\n   - Pour recevoir les courriels suivants en français, vous pouvez mettre à jour votre choix de langue de correspondance préférée à l’aide du bouton [Paramètres du compte] du portail de données TMD en ligne – BDIC. <br><br> \n   - Veuillez ne pas répondre à ce courriel. Au besoin, utilisez le bouton ou le lien « Communiquer avec nous » du portail de données de la BDIC.  </div>"
            },
            "Filter_environment-CID_Environment": {
              "runAfter": {
                "French-EmailFooter": [
                  "Succeeded"
                ]
              },
              "metadata": {
                "operationMetadataId": "0e744065-88c2-4338-956b-7400a9256a6e"
              },
              "type": "Query",
              "inputs": {
                "from": "@outputs('get-environment-settings')?['body/value']",
                "where": "@equals(item()?['qm_name'], 'CID_Environment')"
              }
            }
          },
          "runAfter": {
            "Initialize_variable_CID_Email_Sender": [
              "Succeeded"
            ]
          },
          "metadata": {
            "operationMetadataId": "4a4d30e6-367a-4728-93d1-e8fc48567195"
          },
          "type": "Scope"
        },
        "Compose_2": {
          "runAfter": {
            "Get_Updated_Contact": [
              "Succeeded"
            ]
          },
          "metadata": {
            "operationMetadataId": "8ebd50ba-af85-45c9-b2f2-b9d7d4e4a953"
          },
          "type": "Compose",
          "inputs": "@outputs('Get_Updated_Contact')?['body/_parentcustomerid_value']"
        },
        "Get_a_row_by_ID_-_Parent_Organization": {
          "runAfter": {
            "Compose_2": [
              "Succeeded"
            ]
          },
          "metadata": {
            "operationMetadataId": "6fe92fe8-dae1-424b-99be-a5bb4c89510f"
          },
          "type": "OpenApiConnection",
          "inputs": {
            "host": {
              "connectionName": "shared_commondataserviceforapps_1",
              "operationId": "GetItem",
              "apiId": "/providers/Microsoft.PowerApps/apis/shared_commondataserviceforapps"
            },
            "parameters": {
              "entityName": "accounts",
              "recordId": "@outputs('Compose_2')"
            },
            "authentication": "@parameters('$authentication')"
          }
        },
        "Initialize_variable-Parent_Organization_En": {
          "runAfter": {
            "Get_a_row_by_ID_-_Parent_Organization": [
              "Succeeded"
            ]
          },
          "metadata": {
            "operationMetadataId": "53c3b505-e080-4d05-a9ca-5286b78cb73c"
          },
          "type": "InitializeVariable",
          "inputs": {
            "variables": [
              {
                "name": "Parent Organization En",
                "type": "string",
                "value": "@outputs('Get_a_row_by_ID_-_Parent_Organization')?['body/ovs_legalname']"
              }
            ]
          }
        },
        "Initialize_variable-Parent_Organization_Fr": {
          "runAfter": {
            "Initialize_variable-Parent_Organization_En": [
              "Succeeded"
            ]
          },
          "metadata": {
            "operationMetadataId": "0e6f59c5-f2f3-49b4-a891-d6c5adc4250e"
          },
          "type": "InitializeVariable",
          "inputs": {
            "variables": [
              {
                "name": "Parent Organization Fr",
                "type": "string",
                "value": "@outputs('Get_a_row_by_ID_-_Parent_Organization')?['body/ovs_legalnamefr']"
              }
            ]
          }
        }
      }
    },
    "templateName": ""
  },
  "schemaVersion": "1.0.0.0"
}