{
  "properties": {
    "connectionReferences": {
      "shared_commondataserviceforapps": {
        "runtimeSource": "embedded",
        "connection": {
          "connectionReferenceLogicalName": "tdg_ConnectionReferenceDataverseServicePrinciple"
        },
        "api": {
          "name": "shared_commondataserviceforapps"
        }
      },
      "shared_sharepointonline": {
        "runtimeSource": "embedded",
        "connection": {
          "connectionReferenceLogicalName": "tdg_ConnectionReferenceSharepointTDGCoreUser"
        },
        "api": {
          "name": "shared_sharepointonline"
        }
      },
      "shared_webcontents": {
        "runtimeSource": "embedded",
        "connection": {
          "connectionReferenceLogicalName": "cid_sharedwebcontents_efbe7"
        },
        "api": {
          "name": "shared_webcontents"
        }
      },
      "shared_commondataserviceforapps_1": {
        "runtimeSource": "embedded",
        "connection": {
          "connectionReferenceLogicalName": "tdg_ConnectionReferenceDataverseServicePrinciple"
        },
        "api": {
          "name": "shared_commondataserviceforapps"
        }
      }
    },
    "definition": {
      "$schema": "https://schema.management.azure.com/providers/Microsoft.Logic/schemas/2016-06-01/workflowdefinition.json#",
      "contentVersion": "1.0.0.0",
      "parameters": {
        "$connections": {
          "defaultValue": {},
          "type": "Object"
        },
        "$authentication": {
          "defaultValue": {},
          "type": "SecureObject"
        }
      },
      "triggers": {
        "manual": {
          "metadata": {
            "operationMetadataId": "460cbb9b-3560-476c-ab76-d3d3fb700d31"
          },
          "type": "Request",
          "kind": "Http",
          "inputs": {
            "schema": {
              "type": "object",
              "properties": {
                "accountid": {
                  "type": "string"
                },
                "Language": {
                  "type": "string"
                }
              }
            }
          }
        }
      },
      "actions": {
        "List_All_sites": {
          "runAfter": {
            "Initialize_variable__rowNumber": [
              "Succeeded"
            ]
          },
          "metadata": {
            "operationMetadataId": "3794cc98-ec23-4ed0-98fb-46768f868747"
          },
          "type": "OpenApiConnection",
          "inputs": {
            "host": {
              "connectionName": "shared_commondataserviceforapps",
              "operationId": "ListRecords",
              "apiId": "/providers/Microsoft.PowerApps/apis/shared_commondataserviceforapps"
            },
            "parameters": {
              "entityName": "accounts",
              "$filter": "customertypecode eq 948010001 and _parentaccountid_value eq '@{triggerBody()?['accountid']}'"
            },
            "authentication": "@parameters('$authentication')"
          }
        },
        "Create_new_folder": {
          "runAfter": {
            "Get_file_Template_content": [
              "Succeeded"
            ]
          },
          "metadata": {
            "operationMetadataId": "af61cc8b-d048-4499-b80d-8fc8b35330dc"
          },
          "type": "OpenApiConnection",
          "inputs": {
            "host": {
              "connectionName": "shared_sharepointonline",
              "operationId": "CreateNewFolder",
              "apiId": "/providers/Microsoft.PowerApps/apis/shared_sharepointonline"
            },
            "parameters": {
              "dataset": "https://034gc.sharepoint.com/sites/SamuraiTeam",
              "table": "ddbec2ce-e3a5-4bf3-b065-23b0d1d0d395",
              "parameters/path": "/CID_Bulk_Upload/@{variables('Environment_Folder')}/@{outputs('activityid')}"
            },
            "authentication": "@parameters('$authentication')"
          }
        },
        "Rail": {
          "runAfter": {
            "Marine": [
              "Succeeded"
            ]
          },
          "metadata": {
            "operationMetadataId": "87e61c86-8bc3-402a-9c76-f563a4b315ee"
          },
          "type": "InitializeVariable",
          "inputs": {
            "variables": [
              {
                "name": "Rail",
                "type": "string"
              }
            ]
          }
        },
        "Marine": {
          "runAfter": {
            "Road": [
              "Succeeded"
            ]
          },
          "metadata": {
            "operationMetadataId": "3e6ce74b-ccff-4688-a026-fd99a0a5077d"
          },
          "type": "InitializeVariable",
          "inputs": {
            "variables": [
              {
                "name": "Marine",
                "type": "string"
              }
            ]
          }
        },
        "Air": {
          "runAfter": {
            "List_All_sites": [
              "Succeeded"
            ],
            "Initialize_Class_List_string_variable": [
              "Succeeded"
            ]
          },
          "metadata": {
            "operationMetadataId": "154dcb33-6dc5-4832-aec4-838344eb19ce"
          },
          "type": "InitializeVariable",
          "inputs": {
            "variables": [
              {
                "name": "Air",
                "type": "string"
              }
            ]
          }
        },
        "activityid": {
          "runAfter": {
            "Add_bulk_activity_review_Log": [
              "Succeeded"
            ]
          },
          "metadata": {
            "operationMetadataId": "b455cebc-6ab7-4ac8-bf1b-52c645583dd7"
          },
          "type": "Compose",
          "inputs": "@outputs('Add_bulk_activity_review_Log')?['body/cid_bulkactivitylogsummaryid']"
        },
        "check_if_number_of_site_greater_than__0": {
          "actions": {
            "Select": {
              "runAfter": {},
              "metadata": {
                "operationMetadataId": "e047ea7d-4f5a-44a8-bbb9-5af8430ad206"
              },
              "type": "Select",
              "inputs": {
                "from": "@variables('Updated_Site_Info')",
                "select": [
                  "@item()['Site Name']",
                  "@item()['Address 1']",
                  "@item()['City']",
                  "@item()['Province']",
                  "@item()['Postal code']",
                  "@item()['Address2']",
                  "@item()['Address3']",
                  "@item()['Province2']",
                  "@item()['Quarter-LLD']",
                  "@item()['Section']",
                  "@item()['Township']",
                  "@item()['Range']",
                  "@item()['Meridian']",
                  "@item()['Latitude']",
                  "@item()['Longitude']",
                  "@item()['Air']",
                  "@item()['Marine']",
                  "@item()['Rail']",
                  "@item()['Road']",
                  "@item()['Handle']",
                  "@item()['Offer for Transport']",
                  "@item()['Transport']",
                  "@item()['Import']",
                  "@item()['Class']",
                  "@item()['Extended']",
                  "@item()['RowNumber']",
                  "@item()['FullAddress']",
                  "@item()['Site_GUId']"
                ]
              }
            },
            "Check_if_UN_number_exists": {
              "actions": {
                "Invoke_an_HTTP_request_Add_row_to_UNnumber_table": {
                  "runAfter": {},
                  "metadata": {
                    "operationMetadataId": "742ebbfa-eaf6-4523-9ba4-1d9c2e8ebaf8"
                  },
                  "type": "OpenApiConnection",
                  "inputs": {
                    "host": {
                      "connectionName": "shared_webcontents",
                      "operationId": "InvokeHttp",
                      "apiId": "/providers/Microsoft.PowerApps/apis/shared_webcontents"
                    },
                    "parameters": {
                      "request/method": "POST",
                      "request/url": "https://graph.microsoft.com/v1.0/sites/034gc.sharepoint.com,140da73b-4423-4443-a812-e623d6d857c4,f2a2589e-2eec-4642-9280-443640f88211/lists/ddbec2ce-e3a5-4bf3-b065-23b0d1d0d395/drive/root:/CID_Bulk_Upload/@{variables('Environment_Folder')}/@{outputs('Create_new_folder')?['body/{Name}']}/@{outputs('Create_file')?['body/Name']}:/workbook/tables/TableAddExtended/rows",
                      "request/headers": {
                        "accept": "application/json"
                      },
                      "request/body": "{\n\n  \"values\": @{outputs('UN_Number_List')} ,\n \"index\": 0\n}"
                    },
                    "authentication": "@parameters('$authentication')"
                  },
                  "operationOptions": "DisableAutomaticDecompression"
                },
                "Do_until": {
                  "actions": {
                    "Set_Graph_API_status_variable": {
                      "runAfter": {},
                      "metadata": {
                        "operationMetadataId": "780e7ae9-f843-4c9e-9117-bb1bf985ce12"
                      },
                      "type": "SetVariable",
                      "inputs": {
                        "name": "GraphAPIStatus",
                        "value": "@outputs('Invoke_an_HTTP_request_Add_row_to_UNnumber_table')?['statusCode']"
                      }
                    }
                  },
                  "runAfter": {
                    "Invoke_an_HTTP_request_Add_row_to_UNnumber_table": [
                      "Succeeded"
                    ]
                  },
                  "expression": "@equals(outputs('Invoke_an_HTTP_request_Add_row_to_UNnumber_table')?['statusCode'], 201)",
                  "limit": {
                    "count": 60,
                    "timeout": "PT1H"
                  },
                  "metadata": {
                    "operationMetadataId": "c42ab7c0-6319-4fb8-8fa8-4f0c415fb8c5"
                  },
                  "type": "Until"
                },
                "Set_Graph_API_status_variable_2": {
                  "runAfter": {
                    "Do_until": [
                      "Succeeded"
                    ]
                  },
                  "metadata": {
                    "operationMetadataId": "8fdbe84d-3c1f-4cfa-99d0-585b8cebb4fb"
                  },
                  "type": "SetVariable",
                  "inputs": {
                    "name": "GraphAPIStatus",
                    "value": "@outputs('Invoke_an_HTTP_request_Add_row_to_UNnumber_table')?['statusCode']"
                  }
                }
              },
              "runAfter": {
                "Length_filter_UNNumber": [
                  "Succeeded"
                ]
              },
              "expression": {
                "greater": [
                  "@outputs('Length_filter_UNNumber')",
                  0
                ]
              },
              "metadata": {
                "operationMetadataId": "0a883b93-cf36-4707-9f86-70a52215a291"
              },
              "type": "If"
            },
            "UnNumber_Array_Select": {
              "runAfter": {
                "Select": [
                  "Succeeded"
                ]
              },
              "metadata": {
                "operationMetadataId": "c434eef1-9b7a-43f9-af1c-b9ae109b47f0"
              },
              "type": "Select",
              "inputs": {
                "from": "@variables('UNNumber Array')",
                "select": [
                  "@item()['Site']",
                  "@item()['UN Number']",
                  "@item()['Packing Group']",
                  "@item()['Annual Volume/quantity']",
                  "@item()['Unit of Measure per UN']",
                  "@item()['Annual Number Shipments']",
                  "@item()['Emergency Response Assistant Plan (ERAP ID)']",
                  "@item()['UN_GUID']"
                ]
              }
            },
            "Length_filter_UNNumber": {
              "runAfter": {
                "UnNumber_Array_Select": [
                  "Succeeded"
                ]
              },
              "metadata": {
                "operationMetadataId": "029a080f-588d-42af-9f39-1526300fa302"
              },
              "type": "Compose",
              "inputs": "@length(body('UnNumber_Array_Select'))"
            },
            "Do_until_http_request_is_done": {
              "actions": {},
              "runAfter": {
                "Invoke_an_HTTP_request_-_Add_Sites": [
                  "Succeeded"
                ]
              },
              "expression": "@equals(outputs('Invoke_an_HTTP_request_-_Add_Sites')?['body']?['statusCode'], 201)",
              "limit": {
                "count": 60,
                "timeout": "PT1H"
              },
              "metadata": {
                "operationMetadataId": "942fd0fa-8bcd-468e-89b0-8ce584381ac9"
              },
              "type": "Until"
            },
            "Invoke_an_HTTP_request_-_Protect_Update_Extended_Info_sheet": {
              "runAfter": {
                "Check_if_UN_number_exists": [
                  "Succeeded"
                ]
              },
              "metadata": {
                "operationMetadataId": "2588d12e-85cc-4f36-9d27-05bc388020f4"
              },
              "type": "OpenApiConnection",
              "inputs": {
                "host": {
                  "connectionName": "shared_webcontents",
                  "operationId": "InvokeHttp",
                  "apiId": "/providers/Microsoft.PowerApps/apis/shared_webcontents"
                },
                "parameters": {
                  "request/method": "POST",
                  "request/url": "https://graph.microsoft.com/v1.0/sites/034gc.sharepoint.com,140da73b-4423-4443-a812-e623d6d857c4,f2a2589e-2eec-4642-9280-443640f88211/lists/ddbec2ce-e3a5-4bf3-b065-23b0d1d0d395/drive/root:/CID_Bulk_Upload/@{variables('Environment_Folder')}/@{outputs('Create_new_folder')?['body/{Name}']}/@{outputs('Create_file')?['body/Name']}:/workbook/worksheets('Add Extended Info')/protection/protect",
                  "request/headers": {
                    "accept": "application/json"
                  },
                  "request/body": "{\n  \"options\": {\n    \"allowFormatCells\": true,\n    \"allowFormatColumns\": true,\n    \"allowFormatRows\": true,\n    \"allowInsertColumns\": false,\n    \"allowInsertRows\": true,\n    \"allowInsertHyperlinks\": false,\n    \"allowDeleteColumns\": false,\n    \"allowDeleteRows\": true,\n    \"allowSort\": true,\n    \"allowAutoFilter\": true,\n    \"allowPivotTables\": false\n  }\n}"
                },
                "authentication": "@parameters('$authentication')"
              }
            },
            "Invoke_an_HTTP_request_-_Add_Sites": {
              "runAfter": {
                "Select": [
                  "Succeeded"
                ]
              },
              "metadata": {
                "operationMetadataId": "af830d4e-9a7d-459a-9b0c-b6ed1321a6ae"
              },
              "type": "OpenApiConnection",
              "inputs": {
                "host": {
                  "connectionName": "shared_webcontents",
                  "operationId": "InvokeHttp",
                  "apiId": "/providers/Microsoft.PowerApps/apis/shared_webcontents"
                },
                "parameters": {
                  "request/method": "POST",
                  "request/url": "https://graph.microsoft.com/v1.0/sites/034gc.sharepoint.com,140da73b-4423-4443-a812-e623d6d857c4,f2a2589e-2eec-4642-9280-443640f88211/lists/ddbec2ce-e3a5-4bf3-b065-23b0d1d0d395/drive/root:/CID_Bulk_Upload/@{variables('Environment_Folder')}/@{outputs('Create_new_folder')?['body/{Name}']}/@{outputs('Create_file')?['body/Name']}:/workbook/tables/TableAddBasic/rows",
                  "request/headers": {
                    "accept": "application/json"
                  },
                  "request/body": "{\n\n  \"values\": @{outputs('SiteList')} ,\n \"index\": 0\n}"
                },
                "authentication": "@parameters('$authentication')"
              }
            },
            "Set_AddSiteGraphAPI_variable": {
              "runAfter": {
                "Do_until_http_request_is_done": [
                  "Succeeded"
                ]
              },
              "metadata": {
                "operationMetadataId": "fa16ea1b-9b40-4b86-8358-84bafd28951b"
              },
              "type": "SetVariable",
              "inputs": {
                "name": "AddSiteGraphAPI_Status",
                "value": "@outputs('Invoke_an_HTTP_request_-_Add_Sites')?['statusCode']"
              }
            },
            "Invoke_an_HTTP_request_-_Protect_Update_Site_Info_sheet": {
              "runAfter": {
                "Set_AddSiteGraphAPI_variable": [
                  "Succeeded"
                ]
              },
              "metadata": {
                "operationMetadataId": "2588d12e-85cc-4f36-9d27-05bc388020f4"
              },
              "type": "OpenApiConnection",
              "inputs": {
                "host": {
                  "connectionName": "shared_webcontents",
                  "operationId": "InvokeHttp",
                  "apiId": "/providers/Microsoft.PowerApps/apis/shared_webcontents"
                },
                "parameters": {
                  "request/method": "POST",
                  "request/url": "https://graph.microsoft.com/v1.0/sites/034gc.sharepoint.com,140da73b-4423-4443-a812-e623d6d857c4,f2a2589e-2eec-4642-9280-443640f88211/lists/ddbec2ce-e3a5-4bf3-b065-23b0d1d0d395/drive/root:/CID_Bulk_Upload/@{variables('Environment_Folder')}/@{outputs('Create_new_folder')?['body/{Name}']}/@{outputs('Create_file')?['body/Name']}:/workbook/worksheets('Add Basic Info')/protection/protect",
                  "request/headers": {
                    "accept": "application/json"
                  }
                },
                "authentication": "@parameters('$authentication')"
              }
            },
            "Do_until_all_sheets_are_protected": {
              "actions": {},
              "runAfter": {
                "Invoke_an_HTTP_request_-_Protect_Update_Extended_Info_sheet": [
                  "Succeeded"
                ]
              },
              "expression": "@equals(outputs('Invoke_an_HTTP_request_-_Protect_Update_Extended_Info_sheet')?['body']['statusCode'], 204)",
              "limit": {
                "count": 60,
                "timeout": "PT1H"
              },
              "metadata": {
                "operationMetadataId": "c42ab7c0-6319-4fb8-8fa8-4f0c415fb8c5"
              },
              "type": "Until"
            },
            "Do_until_2": {
              "actions": {},
              "runAfter": {
                "Invoke_an_HTTP_request_-_Protect_Update_Site_Info_sheet": [
                  "Succeeded"
                ]
              },
              "expression": "@equals(outputs('Invoke_an_HTTP_request_-_Protect_Update_Site_Info_sheet')?['body']['statusCode'], 204)",
              "limit": {
                "count": 60,
                "timeout": "PT1H"
              },
              "metadata": {
                "operationMetadataId": "0920e2fb-e3ce-4de3-a4e6-3bd55b3ad6dc"
              },
              "type": "Until"
            }
          },
          "runAfter": {
            "Invoke_an_HTTP_request_-_Add_settings": [
              "Succeeded"
            ]
          },
          "else": {
            "actions": {
              "Add_attachment_temp_to_activity": {
                "runAfter": {
                  "Invoke_an_HTTP_request_-_Protect_Update_Extended_Info_sheet_2": [
                    "Succeeded"
                  ]
                },
                "metadata": {
                  "operationMetadataId": "c48c8827-9560-4f09-9f14-2a649e23b8b3"
                },
                "type": "OpenApiConnection",
                "inputs": {
                  "host": {
                    "connectionName": "shared_commondataserviceforapps",
                    "operationId": "CreateRecord",
                    "apiId": "/providers/Microsoft.PowerApps/apis/shared_commondataserviceforapps"
                  },
                  "parameters": {
                    "entityName": "annotations",
                    "item/subject": "Site List Attachement",
                    "item/notetext": "*WEB*",
                    "item/isdocument": true,
                    "item/documentbody": "@base64(outputs('Get_file_content_-_no_sites_loaded')?['body'])",
                    "item/filename": "@outputs('Create_file')?['body/Name']",
                    "item/objectid_cid_bulkactivitylogsummary@odata.bind": "@concat('/cid_bulkactivitylogsummaries/',outputs('activityid'))"
                  },
                  "authentication": "@parameters('$authentication')"
                }
              },
              "Response_2": {
                "runAfter": {
                  "Add_attachment_temp_to_activity": [
                    "Succeeded"
                  ]
                },
                "metadata": {
                  "operationMetadataId": "dceef8f1-2574-4a69-8341-ae607db7959a"
                },
                "type": "Response",
                "kind": "Http",
                "inputs": {
                  "statusCode": 200,
                  "body": "@outputs('Add_attachment_temp_to_activity')?['body/annotationid']"
                }
              },
              "Get_file_content_-_no_sites_loaded": {
                "runAfter": {},
                "metadata": {
                  "operationMetadataId": "2eaf3a5f-7931-4628-8bce-d4c478b8b616"
                },
                "type": "OpenApiConnection",
                "inputs": {
                  "host": {
                    "connectionName": "shared_sharepointonline",
                    "operationId": "GetFileContentByPath",
                    "apiId": "/providers/Microsoft.PowerApps/apis/shared_sharepointonline"
                  },
                  "parameters": {
                    "dataset": "https://034gc.sharepoint.com/sites/SamuraiTeam",
                    "path": "@outputs('Create_file')?['body/Path']",
                    "inferContentType": true
                  },
                  "authentication": "@parameters('$authentication')"
                }
              },
              "Invoke_an_HTTP_request_-_Protect_Update_Site_Info_sheet_2": {
                "runAfter": {
                  "Get_file_content_-_no_sites_loaded": [
                    "Succeeded"
                  ]
                },
                "metadata": {
                  "operationMetadataId": "2588d12e-85cc-4f36-9d27-05bc388020f4"
                },
                "type": "OpenApiConnection",
                "inputs": {
                  "host": {
                    "connectionName": "shared_webcontents",
                    "operationId": "InvokeHttp",
                    "apiId": "/providers/Microsoft.PowerApps/apis/shared_webcontents"
                  },
                  "parameters": {
                    "request/method": "POST",
                    "request/url": "https://graph.microsoft.com/v1.0/sites/034gc.sharepoint.com,140da73b-4423-4443-a812-e623d6d857c4,f2a2589e-2eec-4642-9280-443640f88211/lists/ddbec2ce-e3a5-4bf3-b065-23b0d1d0d395/drive/root:/CID_Bulk_Upload/@{variables('Environment_Folder')}/@{outputs('Create_new_folder')?['body/{Name}']}/@{outputs('Create_file')?['body/Name']}:/workbook/worksheets('Add Basic Info')/protection/protect",
                    "request/headers": {
                      "accept": "application/json"
                    }
                  },
                  "authentication": "@parameters('$authentication')"
                }
              },
              "Invoke_an_HTTP_request_-_Protect_Update_Extended_Info_sheet_2": {
                "runAfter": {
                  "Invoke_an_HTTP_request_-_Protect_Update_Site_Info_sheet_2": [
                    "Succeeded"
                  ]
                },
                "metadata": {
                  "operationMetadataId": "2588d12e-85cc-4f36-9d27-05bc388020f4"
                },
                "type": "OpenApiConnection",
                "inputs": {
                  "host": {
                    "connectionName": "shared_webcontents",
                    "operationId": "InvokeHttp",
                    "apiId": "/providers/Microsoft.PowerApps/apis/shared_webcontents"
                  },
                  "parameters": {
                    "request/method": "POST",
                    "request/url": "https://graph.microsoft.com/v1.0/sites/034gc.sharepoint.com,140da73b-4423-4443-a812-e623d6d857c4,f2a2589e-2eec-4642-9280-443640f88211/lists/ddbec2ce-e3a5-4bf3-b065-23b0d1d0d395/drive/root:/CID_Bulk_Upload/@{variables('Environment_Folder')}/@{outputs('Create_new_folder')?['body/{Name}']}/@{outputs('Create_file')?['body/Name']}:/workbook/worksheets('Add Extended Info')/protection/protect",
                    "request/headers": {
                      "accept": "application/json"
                    }
                  },
                  "authentication": "@parameters('$authentication')"
                }
              }
            }
          },
          "expression": {
            "greater": [
              "@length(body('List_All_sites')?['value'])",
              0
            ]
          },
          "metadata": {
            "operationMetadataId": "a783de8a-947a-48dc-9f77-3c226a747f09"
          },
          "type": "If"
        },
        "Send_an_HTTP_request_to_SharePoint": {
          "runAfter": {
            "check_http_invoke_status": [
              "Succeeded"
            ]
          },
          "metadata": {
            "operationMetadataId": "613190e4-0e54-402c-92ea-4d8c3d1e4a7a"
          },
          "type": "OpenApiConnection",
          "inputs": {
            "host": {
              "connectionName": "shared_sharepointonline",
              "operationId": "HttpRequest",
              "apiId": "/providers/Microsoft.PowerApps/apis/shared_sharepointonline"
            },
            "parameters": {
              "dataset": "https://034gc.sharepoint.com/sites/SamuraiTeam",
              "parameters/method": "DELETE",
              "parameters/uri": "_api/web/GetFileByServerRelativeUrl('/sites/SamuraiTeam/Shared Documents/CID_Bulk_Upload/@{variables('Environment_Folder')}/@{outputs('activityid')}/@{outputs('Create_file')?['body/Name']}')/recycle",
              "parameters/headers": {
                "Prefer": "bypass-shared-lock"
              }
            },
            "authentication": "@parameters('$authentication')"
          }
        },
        "Create_file": {
          "runAfter": {
            "Create_new_folder": [
              "Succeeded"
            ]
          },
          "metadata": {
            "operationMetadataId": "0bff338e-a414-431f-860d-81308063f902"
          },
          "type": "OpenApiConnection",
          "inputs": {
            "host": {
              "connectionName": "shared_sharepointonline",
              "operationId": "CreateFile",
              "apiId": "/providers/Microsoft.PowerApps/apis/shared_sharepointonline"
            },
            "parameters": {
              "dataset": "https://034gc.sharepoint.com/sites/SamuraiTeam",
              "folderPath": "@outputs('Create_new_folder')?['body/{FullPath}']",
              "name": "CID Registration - Site Bulk Upload - , @{formatDateTime(utcNow(), 'yyyy/MM/dd')}.xlsx",
              "body": "@body('Get_file_Template_content')"
            },
            "authentication": "@parameters('$authentication')"
          },
          "runtimeConfiguration": {
            "contentTransfer": {
              "transferMode": "Chunked"
            }
          }
        },
        "Delete_Folder": {
          "runAfter": {
            "Send_an_HTTP_request_to_SharePoint": [
              "Succeeded"
            ]
          },
          "metadata": {
            "operationMetadataId": "f00e886f-145d-4890-91e5-d4fb5eacf205"
          },
          "type": "OpenApiConnection",
          "inputs": {
            "host": {
              "connectionName": "shared_sharepointonline",
              "operationId": "DeleteItem",
              "apiId": "/providers/Microsoft.PowerApps/apis/shared_sharepointonline"
            },
            "parameters": {
              "dataset": "https://034gc.sharepoint.com/sites/SamuraiTeam",
              "table": "Documents",
              "id": "@outputs('Create_new_folder')?['body/ID']"
            },
            "authentication": "@parameters('$authentication')"
          }
        },
        "Get_file_Template_content": {
          "runAfter": {
            "activityid": [
              "Succeeded"
            ]
          },
          "metadata": {
            "%252fShared%2bDocuments%252fCID_Bulk_Upload%252fCID_Sites_Template_2022.xlsx": "/Shared Documents/CID_Bulk_Upload/CID_Sites_Template_2022.xlsx",
            "operationMetadataId": "9a0ad980-09b3-4e4f-a8e6-16d5bd0f501a",
            "%252fShared%2bDocuments%252fCID_Bulk_Upload%252fCID_Sites_Template_2022-V1.xlsx": "/Shared Documents/CID_Bulk_Upload/CID_Sites_Template_2022-V1.xlsx",
            "%252fShared%2bDocuments%252fCID_Bulk_Upload%252fDev%252fCID_Sites_Template_2022_EnFr_V1.xlsx": "/Shared Documents/CID_Bulk_Upload/Dev/CID_Sites_Template_2022_EnFr_V1.xlsx",
            "%252fShared%2bDocuments%252fCID_Bulk_Upload%252fCID_Sites_Template_2022_EnFr_V1.0.xlsx": "/Shared Documents/CID_Bulk_Upload/CID_Sites_Template_2022_EnFr_V1.0.xlsx",
            "%252fShared%2bDocuments%252fCID_Bulk_Upload%252fDev%252fCID_Sites_Template_2022_EnFr_V1.0.xlsx": "/Shared Documents/CID_Bulk_Upload/Dev/CID_Sites_Template_2022_EnFr_V1.0.xlsx",
            "%252fShared%2bDocuments%252fCID_Bulk_Upload%252fCID_Sites_Template_2022_ENG_March%2b2022%2bv11.xlsx": "/Shared Documents/CID_Bulk_Upload/CID_Sites_Template_2022_ENG_March 2022 v11.xlsx",
            "%252fShared%2bDocuments%252fCID_Bulk_Upload%252fDev%252fCID_Sites_Template_2022_ENG_March%2b2022%2bv11.xlsx": "/Shared Documents/CID_Bulk_Upload/Dev/CID_Sites_Template_2022_ENG_March 2022 v11.xlsx",
            "%252fShared%2bDocuments%252fCID_Bulk_Upload%252fDev%252fCID_Sites_Template_2022_ENG_April%2b2022%2bv12.xlsx": "/Shared Documents/CID_Bulk_Upload/Dev/CID_Sites_Template_2022_ENG_April 2022 v12.xlsx"
          },
          "type": "OpenApiConnection",
          "inputs": {
            "host": {
              "connectionName": "shared_sharepointonline",
              "operationId": "GetFileContent",
              "apiId": "/providers/Microsoft.PowerApps/apis/shared_sharepointonline"
            },
            "parameters": {
              "dataset": "https://034gc.sharepoint.com/sites/SamuraiTeam",
              "id": "%252fShared%2bDocuments%252fCID_Bulk_Upload%252fDev%252fCID_Sites_Template_2022_ENG_April%2b2022%2bv12.xlsx",
              "inferContentType": true
            },
            "authentication": "@parameters('$authentication')"
          }
        },
        "Road": {
          "runAfter": {
            "Air": [
              "Succeeded"
            ]
          },
          "metadata": {
            "operationMetadataId": "9ae75d9e-05f6-453e-b27d-f5b4ba5aa84a"
          },
          "type": "InitializeVariable",
          "inputs": {
            "variables": [
              {
                "name": "Road",
                "type": "string"
              }
            ]
          }
        },
        "check_http_invoke_status": {
          "actions": {
            "Response": {
              "runAfter": {
                "Add_attachment_to_activity": [
                  "Succeeded"
                ]
              },
              "metadata": {
                "operationMetadataId": "5d3b67ed-de62-4ccd-98f2-2d15ea5552c2"
              },
              "type": "Response",
              "kind": "Http",
              "inputs": {
                "statusCode": 200,
                "body": "@outputs('Add_attachment_to_activity')?['body/annotationid']"
              }
            },
            "Get_full_file_content": {
              "runAfter": {},
              "metadata": {
                "operationMetadataId": "7d8416e5-6901-4748-96e7-b570229707ac"
              },
              "type": "OpenApiConnection",
              "inputs": {
                "host": {
                  "connectionName": "shared_sharepointonline",
                  "operationId": "GetFileContentByPath",
                  "apiId": "/providers/Microsoft.PowerApps/apis/shared_sharepointonline"
                },
                "parameters": {
                  "dataset": "https://034gc.sharepoint.com/sites/SamuraiTeam",
                  "path": "@outputs('Create_file')?['body/Path']",
                  "inferContentType": true
                },
                "authentication": "@parameters('$authentication')"
              }
            },
            "Add_attachment_to_activity": {
              "runAfter": {
                "Get_full_file_content": [
                  "Succeeded"
                ]
              },
              "metadata": {
                "operationMetadataId": "91d0606f-6ed7-4292-a3a7-b064235dbded"
              },
              "type": "OpenApiConnection",
              "inputs": {
                "host": {
                  "connectionName": "shared_commondataserviceforapps",
                  "operationId": "CreateRecord",
                  "apiId": "/providers/Microsoft.PowerApps/apis/shared_commondataserviceforapps"
                },
                "parameters": {
                  "entityName": "annotations",
                  "item/subject": "Site List Attachement",
                  "item/notetext": "*WEB*",
                  "item/isdocument": true,
                  "item/documentbody": "@base64(outputs('Get_full_file_content')?['body'])",
                  "item/filename": "@outputs('Create_file')?['body/Name']",
                  "item/objectid_cid_bulkactivitylogsummary@odata.bind": "@concat('/cid_bulkactivitylogsummaries/',outputs('activityid'))"
                },
                "authentication": "@parameters('$authentication')"
              }
            }
          },
          "runAfter": {
            "Do_until_Instruction_sheet_is_protected": [
              "Succeeded"
            ]
          },
          "expression": {
            "and": [
              {
                "equals": [
                  "@outputs('Invoke_an_HTTP_request_-_Add_Sites')['statusCode']",
                  201
                ]
              },
              {
                "equals": [
                  "@outputs('Invoke_an_HTTP_request_-_Protect_Update_Extended_Info_sheet')['statusCode']",
                  204
                ]
              },
              {
                "equals": [
                  "@outputs('Invoke_an_HTTP_request_-_Protect_Instruction_Sheet')['statusCode']",
                  204
                ]
              }
            ]
          },
          "metadata": {
            "operationMetadataId": "e83c5d2a-a517-4263-9a85-81b57c47bc10"
          },
          "type": "If"
        },
        "Initialize_Environment_Folder_variable": {
          "runAfter": {
            "Filter_environment-CID_Flow_Environment_Folder": [
              "Succeeded"
            ]
          },
          "metadata": {
            "operationMetadataId": "254ba5f3-6d7a-453c-8b45-649d28f6c05a"
          },
          "type": "InitializeVariable",
          "inputs": {
            "variables": [
              {
                "name": "Environment_Folder",
                "type": "string",
                "value": "@{body('Filter_environment-CID_Flow_Environment_Folder')[0]['qm_value']}"
              }
            ]
          }
        },
        "Initialize_UNnumber_array_variable": {
          "runAfter": {
            "variable_updated_site_info": [
              "Succeeded"
            ]
          },
          "metadata": {
            "operationMetadataId": "889b476b-9711-477b-b731-5c1f5b582dbd"
          },
          "type": "InitializeVariable",
          "inputs": {
            "variables": [
              {
                "name": "UNNumber Array",
                "type": "array"
              }
            ]
          }
        },
        "GraphAPIStatus": {
          "runAfter": {
            "Initialize_UNnumber_array_variable": [
              "Succeeded"
            ]
          },
          "metadata": {
            "operationMetadataId": "3a57892f-9960-4f4c-9b87-a827ac452ce2"
          },
          "type": "InitializeVariable",
          "inputs": {
            "variables": [
              {
                "name": "GraphAPIStatus",
                "type": "integer"
              }
            ]
          }
        },
        "Extended": {
          "runAfter": {
            "GraphAPIStatus": [
              "Succeeded"
            ]
          },
          "metadata": {
            "operationMetadataId": "056b9188-a3d6-4f16-a1ea-3990481f72de"
          },
          "type": "InitializeVariable",
          "inputs": {
            "variables": [
              {
                "name": "Extended",
                "type": "string"
              }
            ]
          }
        },
        "Initialize_Class_List_string_variable": {
          "runAfter": {
            "Extended": [
              "Succeeded"
            ]
          },
          "metadata": {
            "operationMetadataId": "e00f0a49-22f1-401f-a9f6-39a5cc1b0a25"
          },
          "type": "InitializeVariable",
          "inputs": {
            "variables": [
              {
                "name": "ClassStringList",
                "type": "string"
              }
            ]
          }
        },
        "variable_updated_site_info": {
          "runAfter": {
            "Initialize_AddSiteGraphAPI_Variable": [
              "Succeeded"
            ]
          },
          "metadata": {
            "operationMetadataId": "9e7fd9cc-56ac-46fb-b1c7-a3070b36d728"
          },
          "type": "InitializeVariable",
          "inputs": {
            "variables": [
              {
                "name": "Updated_Site_Info",
                "type": "array"
              }
            ]
          }
        },
        "Initialize_AddSiteGraphAPI_Variable": {
          "runAfter": {
            "Initialize_Environment_Folder_variable": [
              "Succeeded"
            ]
          },
          "metadata": {
            "operationMetadataId": "09386607-39eb-4ffe-a81b-e221effc9591"
          },
          "type": "InitializeVariable",
          "inputs": {
            "variables": [
              {
                "name": "AddSiteGraphAPI_Status",
                "type": "integer"
              }
            ]
          }
        },
        "Invoke_an_HTTP_request_-_Protect_Instruction_Sheet": {
          "runAfter": {
            "check_if_number_of_site_greater_than__0": [
              "Succeeded"
            ]
          },
          "metadata": {
            "operationMetadataId": "2588d12e-85cc-4f36-9d27-05bc388020f4"
          },
          "type": "OpenApiConnection",
          "inputs": {
            "host": {
              "connectionName": "shared_webcontents",
              "operationId": "InvokeHttp",
              "apiId": "/providers/Microsoft.PowerApps/apis/shared_webcontents"
            },
            "parameters": {
              "request/method": "POST",
              "request/url": "https://graph.microsoft.com/v1.0/sites/034gc.sharepoint.com,140da73b-4423-4443-a812-e623d6d857c4,f2a2589e-2eec-4642-9280-443640f88211/lists/ddbec2ce-e3a5-4bf3-b065-23b0d1d0d395/drive/root:/CID_Bulk_Upload/@{variables('Environment_Folder')}/@{outputs('Create_new_folder')?['body/{Name}']}/@{outputs('Create_file')?['body/Name']}:/workbook/worksheets('Instructions')/protection/protect",
              "request/headers": {
                "accept": "application/json"
              }
            },
            "authentication": "@parameters('$authentication')"
          }
        },
        "for_each_site": {
          "foreach": "@outputs('List_All_sites')?['body/value']",
          "actions": {
            "check_if_account_id__length_greater_than_zero": {
              "actions": {
                "Check_if_requirement_level_=_extended": {
                  "actions": {
                    "Set_Extended_to_Yes": {
                      "runAfter": {},
                      "metadata": {
                        "operationMetadataId": "b2c026ac-2b64-4f66-be4e-6b2f0703feb3"
                      },
                      "type": "SetVariable",
                      "inputs": {
                        "name": "Extended",
                        "value": "Yes"
                      }
                    }
                  },
                  "runAfter": {},
                  "else": {
                    "actions": {
                      "Set_Extended_variable_to_No": {
                        "runAfter": {},
                        "metadata": {
                          "operationMetadataId": "3f2c2574-9b4e-4e9e-812c-4997b9258716"
                        },
                        "type": "SetVariable",
                        "inputs": {
                          "name": "Extended",
                          "value": "No"
                        }
                      }
                    }
                  },
                  "expression": {
                    "equals": [
                      "@items('for_each_site')?['cid_requirementlevel']",
                      100000001
                    ]
                  },
                  "metadata": {
                    "operationMetadataId": "300b9569-1701-4ff6-8189-77a13109ac8b"
                  },
                  "type": "If"
                },
                "List_classes": {
                  "runAfter": {
                    "Increment_variable": [
                      "Succeeded"
                    ]
                  },
                  "metadata": {
                    "operationMetadataId": "87954d4e-1543-4408-85d6-ca6df745580d"
                  },
                  "type": "OpenApiConnection",
                  "inputs": {
                    "host": {
                      "connectionName": "shared_commondataserviceforapps",
                      "operationId": "ListRecords",
                      "apiId": "/providers/Microsoft.PowerApps/apis/shared_commondataserviceforapps"
                    },
                    "parameters": {
                      "entityName": "ovs_operationclasses",
                      "fetchXml": "<fetch version=\"1.0\" output-format=\"xml-platform\" mapping=\"logical\" distinct=\"false\">\n  <entity name=\"ovs_operationclass\">\n    <attribute name=\"ovs_operationclassid\" />\n    <attribute name=\"ovs_name\" />\n    <attribute name=\"ovs_primeclass\" />\n    <attribute name=\"ovs_operationclass\" />\n    <order attribute=\"ovs_name\" descending=\"false\" />\n    <link-entity name=\"ovs_mocregistration\" from=\"ovs_mocregistrationid\" to=\"ovs_operationclass\" link-type=\"inner\" alias=\"ae\">\n      <filter type=\"and\">\n        <condition attribute=\"ovs_siteid\" operator=\"eq\"  value=\"@{items('for_each_site')?['accountid']}\" />\n      </filter>\n    </link-entity>\n  </entity>\n</fetch>"
                    },
                    "authentication": "@parameters('$authentication')"
                  }
                },
                "Default_Air_Variable_to_No": {
                  "runAfter": {
                    "Increment_variable": [
                      "Succeeded"
                    ]
                  },
                  "metadata": {
                    "operationMetadataId": "f2320a2b-cd6e-42d1-bcab-250fbf6459d7"
                  },
                  "type": "SetVariable",
                  "inputs": {
                    "name": "Air",
                    "value": "No/Non"
                  }
                },
                "class_retrieve_output": {
                  "runAfter": {
                    "List_classes": [
                      "Succeeded"
                    ]
                  },
                  "metadata": {
                    "operationMetadataId": "c4ec3cca-87ed-417d-9388-db76b0ce5d1d"
                  },
                  "type": "Compose",
                  "inputs": "@body('List_classes')"
                },
                "For_each_un_number_in__the_site": {
                  "foreach": "@outputs('List_site_UN_numbers')?['body/value']",
                  "actions": {
                    "Current_Item": {
                      "runAfter": {},
                      "metadata": {
                        "operationMetadataId": "a31c8a95-b4fa-4ff0-983e-0076fceebc47"
                      },
                      "type": "Compose",
                      "inputs": "@items('For_each_un_number_in__the_site')"
                    },
                    "Get_Unit_of_measurement_label": {
                      "runAfter": {
                        "Current_Item": [
                          "Succeeded"
                        ]
                      },
                      "metadata": {
                        "operationMetadataId": "4640d24e-03d8-4178-9017-c04f78769f7b"
                      },
                      "type": "Compose",
                      "inputs": "@body('List_site_UN_numbers')?['value'][0]?['cid_unitofmeasurement@OData.Community.Display.V1.FormattedValue']"
                    },
                    "UN_Number_with_Display_Name": {
                      "runAfter": {
                        "Get_Unit_of_measurement_label": [
                          "Succeeded"
                        ]
                      },
                      "metadata": {
                        "operationMetadataId": "a451be1b-6d55-495f-b845-1b8ad93e7ba0"
                      },
                      "type": "Compose",
                      "inputs": " @{items('For_each_un_number_in__the_site')?['_ovs_unnumber_value@OData.Community.Display.V1.FormattedValue']}  - @{items('For_each_un_number_in__the_site')?['tdg_unnumber2.tdg_shippingnamedescriptionetxt']}"
                    },
                    "Append_to_un_number_array": {
                      "runAfter": {
                        "Create_UN_JSON_Object": [
                          "Succeeded"
                        ]
                      },
                      "metadata": {
                        "operationMetadataId": "bfabb926-0567-4294-a88e-a04bd8e8387d"
                      },
                      "type": "AppendToArrayVariable",
                      "inputs": {
                        "name": "UNNumber Array",
                        "value": {
                          "Site": "@{items('for_each_site')?['cid_siteid']}",
                          "UN Number": "@{outputs('UN_Number_with_Display_Name')}",
                          "Packing Group": "@items('For_each_un_number_in__the_site')?['tdg_unnumber2.tdg_packinggroupcd@OData.Community.Display.V1.FormattedValue']",
                          "Annual Volume/quantity": "@{items('For_each_un_number_in__the_site')?['cid_annualquantityvolume']}",
                          "Unit of Measure per UN": "@{outputs('Get_Unit_of_measurement_label')}",
                          "Annual Number Shipments": "@{items('For_each_un_number_in__the_site')?['cid_annualnumberofshipment']}",
                          "Emergency Response Assistant Plan (ERAP ID)": "",
                          "Status": "Active",
                          "List": "@items('For_each_un_number_in__the_site')?['tdg_unnumber2.tdg_packinggroupcd@OData.Community.Display.V1.FormattedValue']",
                          "UN_GUID": "@items('For_each_un_number_in__the_site')?['ovs_operationunnumberid']"
                        }
                      }
                    },
                    "Create_UN_JSON_Object": {
                      "runAfter": {
                        "UN_Number_with_Display_Name": [
                          "Succeeded"
                        ]
                      },
                      "metadata": {
                        "operationMetadataId": "b9f6bb89-6460-46d6-b3b1-69ce37ec7239"
                      },
                      "type": "Compose",
                      "inputs": {
                        "Site": "@{items('for_each_site')?['cid_siteid']}",
                        "UN Number": "@{outputs('UN_Number_with_Display_Name')}",
                        "Annual Volume/quantity": "@{items('For_each_un_number_in__the_site')?['cid_annualquantityvolume']}",
                        "Unit of Measure per UN": "@{outputs('Get_Unit_of_measurement_label')}",
                        "Annual Number Shipments": "@{items('For_each_un_number_in__the_site')?['cid_annualnumberofshipment']}",
                        "Emergency Response Assistant Plan (ERAP ID)": "",
                        "UN_GUID": "@items('For_each_un_number_in__the_site')?['ovs_operationunnumberid']"
                      }
                    }
                  },
                  "runAfter": {
                    "List_site_UN_numbers": [
                      "Succeeded"
                    ]
                  },
                  "metadata": {
                    "operationMetadataId": "2c0ba4c6-05d3-4c50-add8-0b2b775a8155"
                  },
                  "type": "Foreach",
                  "runtimeConfiguration": {
                    "concurrency": {
                      "repetitions": 39
                    }
                  }
                },
                "List_site_UN_numbers": {
                  "runAfter": {
                    "Increment_variable": [
                      "Succeeded"
                    ]
                  },
                  "metadata": {
                    "operationMetadataId": "c212e61f-23dd-4e7a-b180-e07d60e718be"
                  },
                  "type": "OpenApiConnection",
                  "inputs": {
                    "host": {
                      "connectionName": "shared_commondataserviceforapps",
                      "operationId": "ListRecords",
                      "apiId": "/providers/Microsoft.PowerApps/apis/shared_commondataserviceforapps"
                    },
                    "parameters": {
                      "entityName": "ovs_operationunnumbers",
                      "fetchXml": "<fetch version=\"1.0\" output-format=\"xml-platform\" mapping=\"logical\" distinct=\"false\">\n  <entity name=\"ovs_operationunnumber\">\n    <attribute name=\"ovs_operationunnumberid\" />\n    <attribute name=\"createdon\" />\n    <attribute name=\"ovs_unnumber\" />\n <attribute name=\"cid_unitofmeasurement\" />\n<attribute name=\"cid_annualnumberofshipment\" />\n<attribute name=\"cid_annualquantityvolume\" />\n<order attribute=\"ovs_unnumber\" descending=\"false\" />\n    <link-entity name=\"ovs_mocregistration\" from=\"ovs_mocregistrationid\" to=\"ovs_operationunnumber\" link-type=\"inner\" alias=\"aj\">\n      <filter type=\"and\">\n        <condition attribute=\"ovs_siteid\" operator=\"eq\" value=\"@{items('for_each_site')?['accountid']}\" />\n      </filter>\n    </link-entity>\n <link-entity name=\"tdg_unnumber\" from=\"tdg_unnumberid\" to=\"ovs_unnumber\"  link-type=\"outer\" >\n      <attribute name=\"tdg_shippingnamedescriptionftxt\" />\n      <attribute name=\"tdg_shippingnamedescriptionetxt\" />\n      <attribute name=\"tdg_primaryclasscd\" />\n      <attribute name=\"tdg_packinggroupcd\" />\n      <attribute name=\"ovs_erapcategory\" />\n      <attribute name=\"tdg_erapindextxt\" />\n    </link-entity>\n  </entity>\n</fetch>"
                    },
                    "authentication": "@parameters('$authentication')"
                  }
                },
                "Loop_in_class_list_for_current_site_in_the_loop": {
                  "foreach": "@outputs('List_classes')?['body/value']",
                  "actions": {
                    "check_if_length_of_current_item_greater_than_zero": {
                      "actions": {
                        "Get_current_Class": {
                          "runAfter": {},
                          "metadata": {
                            "operationMetadataId": "701bbb3a-d5f7-409b-943a-08c34566393c"
                          },
                          "type": "Compose",
                          "inputs": "@items('Loop_in_class_list_for_current_site_in_the_loop')['ovs_primeclass@OData.Community.Display.V1.FormattedValue']"
                        },
                        "check_length_of_class_string_list_variable": {
                          "actions": {
                            "Append_to_string_variable": {
                              "runAfter": {},
                              "metadata": {
                                "operationMetadataId": "a7d17a61-db86-4b15-9968-809a99cc8455"
                              },
                              "type": "AppendToStringVariable",
                              "inputs": {
                                "name": "ClassStringList",
                                "value": ",@{outputs('Get_current_Class')}"
                              }
                            }
                          },
                          "runAfter": {
                            "Get_current_Class": [
                              "Succeeded"
                            ]
                          },
                          "else": {
                            "actions": {
                              "Set_variable": {
                                "runAfter": {},
                                "metadata": {
                                  "operationMetadataId": "d4e6b0f1-0b2f-4ff5-81b6-1670b12633d6"
                                },
                                "type": "SetVariable",
                                "inputs": {
                                  "name": "ClassStringList",
                                  "value": "@{outputs('Get_current_Class')}"
                                }
                              }
                            }
                          },
                          "expression": {
                            "greater": [
                              "@length(variables('ClassStringList'))",
                              0
                            ]
                          },
                          "metadata": {
                            "operationMetadataId": "8cc9e8d7-04a6-4df7-ae61-a48da0e1df34"
                          },
                          "type": "If"
                        }
                      },
                      "runAfter": {},
                      "expression": {
                        "not": {
                          "equals": [
                            "@outputs('List_classes')?['body/value']",
                            "@null"
                          ]
                        }
                      },
                      "metadata": {
                        "operationMetadataId": "30305424-46ff-4444-8dca-0db31da404c4"
                      },
                      "type": "If"
                    }
                  },
                  "runAfter": {
                    "class_retrieve_output": [
                      "Succeeded"
                    ]
                  },
                  "metadata": {
                    "operationMetadataId": "6b8c24a0-3670-4e40-a501-73b785b954fd"
                  },
                  "type": "Foreach",
                  "runtimeConfiguration": {
                    "concurrency": {
                      "repetitions": 33
                    }
                  }
                },
                "Default_Road_Variable_to_No": {
                  "runAfter": {
                    "Default_Rail_Variable_to_No_": [
                      "Succeeded"
                    ]
                  },
                  "metadata": {
                    "operationMetadataId": "2e68fcb6-0bbc-4548-b996-18e849efe82a"
                  },
                  "type": "SetVariable",
                  "inputs": {
                    "name": "Road",
                    "value": "No/Non"
                  }
                },
                "Default_Marine_Variable_to_No_": {
                  "runAfter": {
                    "Default_Road_Variable_to_No": [
                      "Succeeded"
                    ]
                  },
                  "metadata": {
                    "operationMetadataId": "c5348321-a246-4b89-b86f-defecf2f0639"
                  },
                  "type": "SetVariable",
                  "inputs": {
                    "name": "Marine",
                    "value": "No/Non"
                  }
                },
                "Filter_mode_of_Transportation_with_site_id": {
                  "runAfter": {
                    "Default_Marine_Variable_to_No_": [
                      "Succeeded"
                    ]
                  },
                  "metadata": {
                    "operationMetadataId": "b639c437-bc2c-45d1-9dc4-8de6502a8117"
                  },
                  "type": "Query",
                  "inputs": {
                    "from": "@outputs('List_Modes_rows_from_Manyto_Many_relation_with_operation')?['body/value']",
                    "where": "@equals(item()?['_cid_site_value'], items('for_each_site')?['accountid'])"
                  }
                },
                "Loop_in_Filtered_Mode_of_Transportation": {
                  "foreach": "@body('Filter_mode_of_Transportation_with_site_id')",
                  "actions": {
                    "Switch_Mod_of_Transporation": {
                      "runAfter": {},
                      "cases": {
                        "Case": {
                          "case": "Air",
                          "actions": {
                            "Set_Variable_Air_to_Yes": {
                              "runAfter": {},
                              "type": "SetVariable",
                              "inputs": {
                                "name": "Air",
                                "value": "Yes/Oui"
                              }
                            }
                          }
                        },
                        "Case_2": {
                          "case": "Rail",
                          "actions": {
                            "Set_variable_Rail_to_yes": {
                              "runAfter": {},
                              "type": "SetVariable",
                              "inputs": {
                                "name": "Rail",
                                "value": "Yes/Oui"
                              }
                            }
                          }
                        },
                        "Case_3": {
                          "case": "Road",
                          "actions": {
                            "Set_variable_Road_to_Yes": {
                              "runAfter": {},
                              "type": "SetVariable",
                              "inputs": {
                                "name": "Road",
                                "value": "Yes/Oui"
                              }
                            }
                          }
                        },
                        "Case_4": {
                          "case": "Marine",
                          "actions": {
                            "Set_Marine_variable": {
                              "runAfter": {},
                              "type": "SetVariable",
                              "inputs": {
                                "name": "Marine",
                                "value": "Yes/Oui"
                              }
                            }
                          }
                        }
                      },
                      "default": {
                        "actions": {}
                      },
                      "expression": "@items('Loop_in_Filtered_Mode_of_Transportation')?['cid_name']",
                      "metadata": {
                        "operationMetadataId": "28479f22-3f2e-41a9-ba76-c684efa38839"
                      },
                      "type": "Switch"
                    }
                  },
                  "runAfter": {
                    "Filter_mode_of_Transportation_with_site_id": [
                      "Succeeded"
                    ]
                  },
                  "metadata": {
                    "operationMetadataId": "a104d26d-652b-4de7-b73d-745304ea6198"
                  },
                  "type": "Foreach",
                  "runtimeConfiguration": {
                    "concurrency": {
                      "repetitions": 45
                    }
                  }
                },
                "Default_Rail_Variable_to_No_": {
                  "runAfter": {
                    "Default_Air_Variable_to_No": [
                      "Succeeded"
                    ]
                  },
                  "metadata": {
                    "operationMetadataId": "345e7c88-fbc6-41ef-9837-17e7f357206d"
                  },
                  "type": "SetVariable",
                  "inputs": {
                    "name": "Rail",
                    "value": "No/Non"
                  }
                },
                "Site_full_Adderss": {
                  "runAfter": {
                    "For_each_un_number_in__the_site": [
                      "Succeeded"
                    ],
                    "Loop_in_class_list_for_current_site_in_the_loop": [
                      "Succeeded"
                    ],
                    "Loop_in_Filtered_Mode_of_Transportation": [
                      "Succeeded"
                    ]
                  },
                  "metadata": {
                    "operationMetadataId": "e7a48ba0-8bc1-4985-b370-cb4750ff0788"
                  },
                  "type": "Compose",
                  "inputs": "@{items('for_each_site')?['address1_line1']}, @{items('for_each_site')?['address1_city']}, @{items('for_each_site')?['address1_stateorprovince']}"
                },
                "Create_Json_Object_for_site_update": {
                  "runAfter": {
                    "Site_full_Adderss": [
                      "Succeeded"
                    ]
                  },
                  "metadata": {
                    "operationMetadataId": "93858da6-d9f8-473e-8013-8e0b0e4732fe"
                  },
                  "type": "Compose",
                  "inputs": {
                    "Site Name": "@items('for_each_site')?['address1_name']",
                    "Address 1": "@items('for_each_site')?['address1_line1']",
                    "City": "@items('for_each_site')?['address1_city']",
                    "Province": "@items('for_each_site')?['address1_stateorprovince']",
                    "Postal code": "@items('for_each_site')?['address1_postalcode']",
                    "Address2": "@items('for_each_site')?['address1_line2']",
                    "Address3": "@items('for_each_site')?['address1_line3']",
                    "Province2": "@null",
                    "Quarter-LLD": "@null",
                    "Section": "@null",
                    "Township": "@null",
                    "Range": "@null",
                    "Meridian": "@null",
                    "Latitude": "@null",
                    "Longitude": "@null",
                    "Air": "@variables('Air')",
                    "Marine": "@variables('Marine')",
                    "Rail": "@variables('Rail')",
                    "Road": "@variables('Road')",
                    "Handle": "@null",
                    "Offer for Transport": "@null",
                    "Transport": "@null",
                    "Import": "@null",
                    "Class": "@variables('ClassStringList')",
                    "Extended": "@variables('Extended')",
                    "RowNumber": "@variables('RowNumber')",
                    "FullAddress": "@outputs('Site_full_Adderss')",
                    "Site_GUId": "@items('for_each_site')?['accountid']"
                  }
                },
                "append_site_update_array": {
                  "runAfter": {
                    "Create_Json_Object_for_site_update": [
                      "Succeeded"
                    ]
                  },
                  "metadata": {
                    "operationMetadataId": "231ce742-d6bb-477f-9c17-96176d09f2ee"
                  },
                  "type": "AppendToArrayVariable",
                  "inputs": {
                    "name": "Updated_Site_Info",
                    "value": "@outputs('Create_Json_Object_for_site_update')"
                  }
                },
                "reset_class": {
                  "runAfter": {
                    "append_site_update_array": [
                      "Succeeded"
                    ]
                  },
                  "metadata": {
                    "operationMetadataId": "b9fa5994-2943-4801-8dce-f0b94bd0178c"
                  },
                  "type": "SetVariable",
                  "inputs": {
                    "name": "ClassStringList",
                    "value": "@{null}"
                  }
                },
                "Compose": {
                  "runAfter": {
                    "reset_class": [
                      "Succeeded"
                    ]
                  },
                  "metadata": {
                    "operationMetadataId": "210b288f-52d3-4739-bf69-3c5b8a1a4200"
                  },
                  "type": "Compose",
                  "inputs": "@variables('ClassStringList')"
                },
                "Increment_variable": {
                  "runAfter": {
                    "Check_if_requirement_level_=_extended": [
                      "Succeeded"
                    ]
                  },
                  "metadata": {
                    "operationMetadataId": "a4728467-f31c-4df0-9a09-b3b076f0fd5e"
                  },
                  "type": "IncrementVariable",
                  "inputs": {
                    "name": "RowNumber",
                    "value": 1
                  }
                }
              },
              "runAfter": {},
              "expression": {
                "greater": [
                  "@length(triggerBody()?['accountid'])",
                  0
                ]
              },
              "metadata": {
                "operationMetadataId": "c37482aa-7cbe-4323-bbbc-faad68645ce0"
              },
              "type": "If"
            }
          },
          "runAfter": {
            "Rail": [
              "Succeeded"
            ]
          },
          "metadata": {
            "operationMetadataId": "48ae2454-7e04-4e6e-b582-4a8cf6a97d04"
          },
          "type": "Foreach"
        },
        "Do_until_Instruction_sheet_is_protected": {
          "actions": {},
          "runAfter": {
            "Invoke_an_HTTP_request_-_Protect_Instruction_Sheet": [
              "Succeeded"
            ]
          },
          "expression": "@equals(outputs('Invoke_an_HTTP_request_-_Protect_Instruction_Sheet')?['statusCode'], 204)",
          "limit": {
            "count": 60,
            "timeout": "PT1H"
          },
          "metadata": {
            "operationMetadataId": "0920e2fb-e3ce-4de3-a4e6-3bd55b3ad6dc"
          },
          "type": "Until"
        },
        "Initialize_variable": {
          "runAfter": {
            "Site-Sheet-columns": [
              "Succeeded"
            ]
          },
          "metadata": {
            "operationMetadataId": "e53a280e-1b10-4466-a33c-80efcafa5508"
          },
          "type": "InitializeVariable",
          "inputs": {
            "variables": [
              {
                "name": "Language",
                "type": "string",
                "value": "@triggerBody()?['Language']"
              }
            ]
          }
        },
        "Initialize_variable__rowNumber": {
          "runAfter": {
            "Initialize_variable": [
              "Succeeded"
            ]
          },
          "metadata": {
            "operationMetadataId": "b807bc2e-d00b-4704-a352-7274a552e6ec"
          },
          "type": "InitializeVariable",
          "inputs": {
            "variables": [
              {
                "name": "RowNumber",
                "type": "integer",
                "value": 0
              }
            ]
          }
        },
        "Add_bulk_activity_review_Log": {
          "runAfter": {
            "Get_Company": [
              "Succeeded"
            ]
          },
          "metadata": {
            "operationMetadataId": "cd14120a-b546-48a9-8a0f-8390aa0d9b33"
          },
          "type": "OpenApiConnection",
          "inputs": {
            "host": {
              "connectionName": "shared_commondataserviceforapps",
              "operationId": "CreateRecord",
              "apiId": "/providers/Microsoft.PowerApps/apis/shared_commondataserviceforapps"
            },
            "parameters": {
              "entityName": "cid_bulkactivitylogsummaries",
              "item/cid_Company@odata.bind": "@concat('/accounts/',triggerBody()?['accountid'])",
              "item/cid_activitystarttime": "@utcNow()",
              "item/cid_activitytype": 100000000
            },
            "authentication": "@parameters('$authentication')"
          }
        },
        "Invoke_an_HTTP_request_-_Add_settings": {
          "runAfter": {
            "Create_file": [
              "Succeeded"
            ],
            "for_each_site": [
              "Succeeded"
            ]
          },
          "metadata": {
            "operationMetadataId": "af830d4e-9a7d-459a-9b0c-b6ed1321a6ae"
          },
          "type": "OpenApiConnection",
          "inputs": {
            "host": {
              "connectionName": "shared_webcontents",
              "operationId": "InvokeHttp",
              "apiId": "/providers/Microsoft.PowerApps/apis/shared_webcontents"
            },
            "parameters": {
              "request/method": "POST",
              "request/url": "https://graph.microsoft.com/v1.0/sites/034gc.sharepoint.com,140da73b-4423-4443-a812-e623d6d857c4,f2a2589e-2eec-4642-9280-443640f88211/lists/ddbec2ce-e3a5-4bf3-b065-23b0d1d0d395/drive/root:/CID_Bulk_Upload/@{variables('Environment_Folder')}/@{outputs('Create_new_folder')?['body/{Name}']}/@{outputs('Create_file')?['body/Name']}:/workbook/tables/SettingTable/rows",
              "request/headers": {
                "accept": "application/json"
              },
              "request/body": "{\n\n  \"values\": [ \n    [\n\"@{outputs('version-number')}\"  ,   \n\"English\",\n\"@{utcNow()}\"\n,\n\"@{outputs('Get_Company')?['body/cid_companyid']}\",\n\"@{outputs('Get_Company')?['body/ovs_legalname']}\"\n]\n   \n  ],\n \"index\": 0\n}"
            },
            "authentication": "@parameters('$authentication')"
          }
        },
        "Get_Company": {
          "runAfter": {
            "Rail": [
              "Succeeded"
            ]
          },
          "metadata": {
            "operationMetadataId": "15a64acd-8d3c-4a8a-b17b-eaeb5a6d416d"
          },
          "type": "OpenApiConnection",
          "inputs": {
            "host": {
              "connectionName": "shared_commondataserviceforapps",
              "operationId": "GetItem",
              "apiId": "/providers/Microsoft.PowerApps/apis/shared_commondataserviceforapps"
            },
            "parameters": {
              "entityName": "accounts",
              "recordId": "@triggerBody()?['accountid']"
            },
            "authentication": "@parameters('$authentication')"
          }
        },
        "version-number": {
          "runAfter": {
            "Filter_environment-setting-get-version#": [
              "Succeeded"
            ]
          },
          "metadata": {
            "operationMetadataId": "41b70b02-c1a1-45c9-8dea-3c396fb42ce3"
          },
          "type": "Compose",
          "inputs": "@body('Filter_environment-setting-get-version#')[0]['qm_value']"
        },
        "Filter_environment-setting-get-version#": {
          "runAfter": {
            "get-environment-settings": [
              "Succeeded"
            ]
          },
          "metadata": {
            "operationMetadataId": "0e744065-88c2-4338-956b-7400a9256a6e"
          },
          "type": "Query",
          "inputs": {
            "from": "@outputs('get-environment-settings')?['body/value']",
            "where": "@equals(item()?['qm_name'], 'CID_BulkUpload_VersionNumber')"
          }
        },
        "get-environment-settings": {
          "runAfter": {
            "List_Modes_rows_from_Manyto_Many_relation_with_operation": [
              "Succeeded"
            ]
          },
          "metadata": {
            "operationMetadataId": "7ed63b1d-9cf8-403e-9d9c-56cdd03f198e"
          },
          "type": "OpenApiConnection",
          "inputs": {
            "host": {
              "connectionName": "shared_commondataserviceforapps",
              "operationId": "ListRecords",
              "apiId": "/providers/Microsoft.PowerApps/apis/shared_commondataserviceforapps"
            },
            "parameters": {
              "entityName": "qm_environmentsettingses",
              "fetchXml": "<fetch version=\"1.0\" output-format=\"xml-platform\" mapping=\"logical\" distinct=\"false\">\n<entity name=\"qm_environmentsettings\">\n<attribute name=\"qm_environmentsettingsid\"/>\n<attribute name=\"qm_name\"/>\n<attribute name=\"qm_value\"/>\n<order attribute=\"qm_name\" descending=\"false\"/>\n<filter type=\"and\">\n<condition attribute=\"qm_name\" operator=\"like\" value=\"%CID[_]%\"/>\n</filter>\n</entity>\n</fetch>"
            },
            "authentication": "@parameters('$authentication')"
          }
        },
        "Site-Sheet-columns": {
          "runAfter": {
            "UN_Number_List": [
              "Succeeded"
            ]
          },
          "metadata": {
            "operationMetadataId": "503db1c5-72ad-4244-ab40-2b84d83e687b"
          },
          "type": "Compose",
          "inputs": {
            "Site Name": "0",
            "Address 1": "1",
            "City": "2",
            "Province": "3",
            "Postal Code ": "4",
            "Address 2": "5",
            "Address 3": "6",
            "Province  ": "7",
            "Quarter ": "8",
            "Section": "9",
            "Township": "10",
            "Range": "11",
            "Meridian": "12",
            "Latitude": "13",
            "Longitude": "14",
            " Air": "15",
            "Marine": "16",
            "Rail": "17",
            "Road": "18",
            "Handle": "19",
            "Offer for Transport": "20",
            "Transport": "21",
            "Import": "22",
            "Class/Division ": "23",
            "Extended Information Site ": "24",
            "Row number": "25",
            "SiteFullAddress": "26",
            "site-GUID": "27"
          }
        },
        "List_Modes_rows_from_Manyto_Many_relation_with_operation": {
          "runAfter": {
            "Initialize_variable__rowNumber": [
              "Succeeded"
            ]
          },
          "metadata": {
            "operationMetadataId": "6cfaade8-002a-4675-a9ec-e7032b468b35"
          },
          "type": "OpenApiConnection",
          "inputs": {
            "host": {
              "connectionName": "shared_commondataserviceforapps_1",
              "operationId": "ListRecords",
              "apiId": "/providers/Microsoft.PowerApps/apis/shared_commondataserviceforapps"
            },
            "parameters": {
              "entityName": "ovs_mocregistrations",
              "fetchXml": "<fetch version=\"1.0\" output-format=\"xml-platform\" mapping=\"logical\" distinct=\"true\">\n  <entity name=\"ovs_mocregistration\">\n    <attribute name=\"ovs_name\" />\n    <attribute name=\"createdon\" />\n    <attribute name=\"ovs_registrationexpiry\" />\n    <attribute name=\"ovs_hubind\" />\n    <attribute name=\"ovs_mocregistrationid\" />\n <attribute name=\"ovs_siteid\" />\n    <order attribute=\"ovs_name\" descending=\"false\" />\n    <link-entity name=\"ovs_mocregistration_ovs_modes\" from=\"ovs_mocregistrationid\" to=\"ovs_mocregistrationid\" visible=\"false\" intersect=\"true\">\n      <link-entity name=\"ovs_modes\" from=\"ovs_modesid\" to=\"ovs_modesid\" alias=\"al\">\n        <filter type=\"and\">\n          <condition attribute=\"ovs_modesid\" operator=\"not-null\" />\n        </filter>\n      </link-entity>\n    </link-entity>\n    <link-entity name=\"account\" from=\"accountid\" to=\"ovs_siteid\" link-type=\"inner\" alias=\"am\">\n      <filter type=\"and\">\n        <condition attribute=\"parentaccountid\" operator=\"eq\"  value=\"@{triggerBody()?['accountid']}\" />\n      </filter>\n    </link-entity>\n  </entity>\n</fetch>"
            },
            "authentication": "@parameters('$authentication')"
          }
        },
        "Perform_a_bound_action": {
          "runAfter": {},
          "metadata": {
            "operationMetadataId": "ac6e64b9-dbb1-483c-8d71-6a7321136783"
          },
          "type": "OpenApiConnection",
          "inputs": {
            "host": {
              "connectionName": "shared_commondataserviceforapps",
              "operationId": "PerformBoundAction",
              "apiId": "/providers/Microsoft.PowerApps/apis/shared_commondataserviceforapps"
            },
            "parameters": {
              "entityName": "accounts",
              "actionName": "Microsoft.Dynamics.CRM.cid_Get_Sites",
              "recordId": "@triggerBody()?['accountid']",
              "item/ID": "@triggerBody()?['accountid']"
            },
            "authentication": "@parameters('$authentication')"
          }
        },
        "SiteList": {
          "runAfter": {
            "Perform_a_bound_action": [
              "Succeeded"
            ]
          },
          "metadata": {
            "operationMetadataId": "de1dcca0-d343-4d55-8217-0aa159058b76"
          },
          "type": "Compose",
          "inputs": "@outputs('Perform_a_bound_action')?['body/SitesList']"
        },
        "UN_Number_List": {
          "runAfter": {
            "SiteList": [
              "Succeeded"
            ]
          },
          "metadata": {
            "operationMetadataId": "00a3c9d2-2193-4331-842b-18b4db65f3e0"
          },
          "type": "Compose",
          "inputs": "@outputs('Perform_a_bound_action')?['body/UNNumberList']"
        },
        "Filter_environment-CID_Flow_Environment_Folder": {
          "runAfter": {
            "version-number": [
              "Succeeded"
            ]
          },
          "metadata": {
            "operationMetadataId": "0e744065-88c2-4338-956b-7400a9256a6e"
          },
          "type": "Query",
          "inputs": {
            "from": "@outputs('get-environment-settings')?['body/value']",
            "where": "@equals(item()?['qm_name'], 'CID_Flow_Environment_Folder')"
          }
        }
      },
      "outputs": {}
    }
  },
  "schemaVersion": "1.0.0.0"
}