<environmentvariabledefinition schemaname="ovs_SeatBasedScore">
  <defaultvalue>[{"inspNCScoreOpen":0,"inspNCScoreResolved":0},{"inspNCScoreOpen":0.1,"inspNCScoreResolved":0.09},{"inspNCScoreOpen":1,"inspNCScoreResolved":0.9},{"inspNCScoreOpen":10,"inspNCScoreResolved":9}]</defaultvalue>
  <description default="JSON array, IPT calculation service data mapping">
    <label description="JSON array, IPT calculation service data mapping" languagecode="1033" />
  </description>
  <displayname default="Seat Based Score ">
    <label description="Seat Based Score " languagecode="1033" />
  </displayname>
  <introducedversion>1.0.0.1</introducedversion>
  <iscustomizable>1</iscustomizable>
  <isrequired>0</isrequired>
  <secretstore>0</secretstore>
  <type>100000003</type>
</environmentvariabledefinition>