<customapi uniquename="ovs_BlobDeleteFile">
  <allowedcustomprocessingsteptype>0</allowedcustomprocessingsteptype>
  <bindingtype>0</bindingtype>
  <description default="BlobDeleteFile">
    <label description="BlobDeleteFile" languagecode="1033" />
  </description>
  <displayname default="BlobDeleteFile">
    <label description="BlobDeleteFile" languagecode="1033" />
  </displayname>
  <iscustomizable>1</iscustomizable>
  <isfunction>0</isfunction>
  <isprivate>0</isprivate>
  <name>BlobDeleteFile</name>
  <plugintypeid>
    <plugintypeid>57f526f8-5ebd-45ba-821e-41799bd530f7</plugintypeid>
  </plugintypeid>
  <workflowsdkstepenabled>0</workflowsdkstepenabled>
</customapi>