<ImportExportXml xmlns:xsi="http://www.w3.org/2001/XMLSchema-instance">
  <Entities></Entities>
  <Roles></Roles>
  <Workflows></Workflows>
  <FieldSecurityProfiles></FieldSecurityProfiles>
  <Templates />
  <EntityMaps />
  <EntityRelationships />
  <OrganizationSettings />
  <optionsets />
  <CustomControls />
  <SolutionPluginAssemblies>
    <PluginAssembly FullName="TC.PowerApps.Plugins, Version=1.0.0.0, Culture=neutral, PublicKeyToken=4b2d7e786232fae7" PluginAssemblyId="2df28fe0-0c70-44c3-b878-e6ffd33b4eb5" CustomizationLevel="1">
      <IsolationMode>2</IsolationMode>
      <SourceType>0</SourceType>
      <IntroducedVersion>1.0</IntroducedVersion>
      <FileName>/PluginAssemblies/TCPowerAppsPlugins-2DF28FE0-0C70-44C3-B878-E6FFD33B4EB5/TCPowerAppsPlugins.dll</FileName>
      <PluginTypes>
        <PluginType AssemblyQualifiedName="TC.PowerApps.Plugins.Entities.Account.Account_PostCreatePrimaryContact, TC.PowerApps.Plugins, Version=1.0.0.0, Culture=neutral, PublicKeyToken=4b2d7e786232fae7" PluginTypeId="08068095-5821-4a6a-88e6-07bb117d93a6" Name="TC.PowerApps.Plugins.Entities.Account.Account_PostCreatePrimaryContact">
          <FriendlyName>bcf4cf9a-b43c-48f6-a2b5-ab75c46f5172</FriendlyName>
        </PluginType>
        <PluginType AssemblyQualifiedName="TC.PowerApps.Plugins.Entities.Account.Account_PostDisassociateN2NContact, TC.PowerApps.Plugins, Version=1.0.0.0, Culture=neutral, PublicKeyToken=4b2d7e786232fae7" PluginTypeId="1beebfbc-fd25-419f-bf42-de6be5ffd46e" Name="TC.PowerApps.Plugins.Entities.Account.Account_PostDisassociateN2NContact">
          <FriendlyName>1ab8b3ea-b032-42f7-bf0f-70b5c7486c85</FriendlyName>
        </PluginType>
        <PluginType AssemblyQualifiedName="TC.PowerApps.Plugins.Entities.Account.Account_PostMergeOperation, TC.PowerApps.Plugins, Version=1.0.0.0, Culture=neutral, PublicKeyToken=4b2d7e786232fae7" PluginTypeId="40c882fe-4301-42f7-98e8-331eef3c5297" Name="TC.PowerApps.Plugins.Entities.Account.Account_PostMergeOperation">
          <FriendlyName>cd0031c8-d35b-46e4-94ac-08ad9b627162</FriendlyName>
        </PluginType>
        <PluginType AssemblyQualifiedName="TC.PowerApps.Plugins.Entities.Account.Account_PostStateChange, TC.PowerApps.Plugins, Version=1.0.0.0, Culture=neutral, PublicKeyToken=4b2d7e786232fae7" PluginTypeId="18feea7f-a0af-4c94-bdf0-e2bcd16f5641" Name="TC.PowerApps.Plugins.Entities.Account.Account_PostStateChange">
          <FriendlyName>1b5ab226-cafc-4c17-aaec-db73aa463742</FriendlyName>
        </PluginType>
        <PluginType AssemblyQualifiedName="TC.PowerApps.Plugins.Entities.Account.Account_PostUpdateEmail, TC.PowerApps.Plugins, Version=1.0.0.0, Culture=neutral, PublicKeyToken=4b2d7e786232fae7" PluginTypeId="1db1afce-bd41-4762-b854-960f01f86a64" Name="TC.PowerApps.Plugins.Entities.Account.Account_PostUpdateEmail">
          <FriendlyName>bad613c8-1c56-410b-a7b1-feb6ec92bcea</FriendlyName>
        </PluginType>
        <PluginType AssemblyQualifiedName="TC.PowerApps.Plugins.Entities.Account.Account_PostUpdatePrimaryContact, TC.PowerApps.Plugins, Version=1.0.0.0, Culture=neutral, PublicKeyToken=4b2d7e786232fae7" PluginTypeId="89ad2f4d-36ee-48bb-9784-2901a97b9183" Name="TC.PowerApps.Plugins.Entities.Account.Account_PostUpdatePrimaryContact">
          <FriendlyName>caae5399-899e-4aca-8ff3-204bf6377702</FriendlyName>
        </PluginType>
        <PluginType AssemblyQualifiedName="TC.PowerApps.Plugins.Entities.Account.Account_PostUpdatePrimaryContact_UpdateWOEmail, TC.PowerApps.Plugins, Version=1.0.0.0, Culture=neutral, PublicKeyToken=4b2d7e786232fae7" PluginTypeId="db620aae-5a77-44e6-8e0f-67dd83b52450" Name="TC.PowerApps.Plugins.Entities.Account.Account_PostUpdatePrimaryContact_UpdateWOEmail">
          <FriendlyName>04c4030c-94e8-43dc-af4c-520d67396496</FriendlyName>
        </PluginType>
        <PluginType AssemblyQualifiedName="TC.PowerApps.Plugins.Entities.Account.Account_PreMergeOperation, TC.PowerApps.Plugins, Version=1.0.0.0, Culture=neutral, PublicKeyToken=4b2d7e786232fae7" PluginTypeId="5305acfc-15c1-4797-86d8-20333b5b74bf" Name="TC.PowerApps.Plugins.Entities.Account.Account_PreMergeOperation">
          <FriendlyName>dee4cec1-20db-43e7-8218-01c053dddb9e</FriendlyName>
        </PluginType>
        <PluginType AssemblyQualifiedName="TC.PowerApps.Plugins.Entities.Booking.Booking_PreStateChange, TC.PowerApps.Plugins, Version=1.0.0.0, Culture=neutral, PublicKeyToken=4b2d7e786232fae7" PluginTypeId="2be1ccbd-d1f9-42f9-9125-07b9e2ff0b4c" Name="TC.PowerApps.Plugins.Entities.Booking.Booking_PreStateChange">
          <FriendlyName>a0d477f9-79fd-4789-86f9-aef0dca2cb37</FriendlyName>
        </PluginType>
        <PluginType AssemblyQualifiedName="TC.PowerApps.Plugins.Entities.COC.COC_activity_PreDelete, TC.PowerApps.Plugins, Version=1.0.0.0, Culture=neutral, PublicKeyToken=4b2d7e786232fae7" PluginTypeId="c326a764-2868-4c01-a65f-013f75060fa1" Name="TC.PowerApps.Plugins.Entities.COC.COC_activity_PreDelete">
          <FriendlyName>2f20e899-2ba6-4884-bf37-0b5e041ab2b6</FriendlyName>
        </PluginType>
        <PluginType AssemblyQualifiedName="TC.PowerApps.Plugins.Entities.Contact.Contact_PostUpdateEmail_SetWOEmail, TC.PowerApps.Plugins, Version=1.0.0.0, Culture=neutral, PublicKeyToken=4b2d7e786232fae7" PluginTypeId="014e40d2-744c-4184-87b1-0d6a9c27b544" Name="TC.PowerApps.Plugins.Entities.Contact.Contact_PostUpdateEmail_SetWOEmail">
          <FriendlyName>59dbef6d-ce4e-4bd4-bead-e5bd39bc1ba2</FriendlyName>
        </PluginType>
        <PluginType AssemblyQualifiedName="TC.PowerApps.Plugins.Entities.EnforcementAction.EnforcementAction_activity_PreDelete, TC.PowerApps.Plugins, Version=1.0.0.0, Culture=neutral, PublicKeyToken=4b2d7e786232fae7" PluginTypeId="68b540ae-7b6c-48a0-8348-7511e20d8cc2" Name="TC.PowerApps.Plugins.Entities.EnforcementAction.EnforcementAction_activity_PreDelete">
          <FriendlyName>d39e0c19-c16d-4fc8-96f9-b247dfefe657</FriendlyName>
        </PluginType>
        <PluginType AssemblyQualifiedName="TC.PowerApps.Plugins.Entities.EnforcementAction.EnforcementAction_PreCreate, TC.PowerApps.Plugins, Version=1.0.0.0, Culture=neutral, PublicKeyToken=4b2d7e786232fae7" PluginTypeId="f2a2d925-61e2-4b0c-9b78-9302b3794f6a" Name="TC.PowerApps.Plugins.Entities.EnforcementAction.EnforcementAction_PreCreate">
          <FriendlyName>4181f4aa-0fa0-463f-8f1a-f3baa729cd93</FriendlyName>
        </PluginType>
        <PluginType AssemblyQualifiedName="TC.PowerApps.Plugins.Entities.EnforcementAction.EnforcementAction_PreUpdateStateChange, TC.PowerApps.Plugins, Version=1.0.0.0, Culture=neutral, PublicKeyToken=4b2d7e786232fae7" PluginTypeId="be704617-b7ec-4883-894c-be93eb4017d4" Name="TC.PowerApps.Plugins.Entities.EnforcementAction.EnforcementAction_PreUpdateStateChange">
          <FriendlyName>4b1b0c38-5f08-4e77-b086-8a4ee380bf90</FriendlyName>
        </PluginType>
        <PluginType AssemblyQualifiedName="TC.PowerApps.Plugins.Entities.NOP.NOP_PostCreate, TC.PowerApps.Plugins, Version=1.0.0.0, Culture=neutral, PublicKeyToken=4b2d7e786232fae7" PluginTypeId="285deaf9-d76f-48c3-90dd-843eb4c94eaf" Name="TC.PowerApps.Plugins.Entities.NOP.NOP_PostCreate">
          <FriendlyName>3fc52cfe-d194-497f-aa40-2e21b870c24c</FriendlyName>
        </PluginType>
        <PluginType AssemblyQualifiedName="TC.PowerApps.Plugins.Entities.NOP.NOP_PreCreate, TC.PowerApps.Plugins, Version=1.0.0.0, Culture=neutral, PublicKeyToken=4b2d7e786232fae7" PluginTypeId="fc585f1f-245c-4f7d-8f22-9f350213237e" Name="TC.PowerApps.Plugins.Entities.NOP.NOP_PreCreate">
          <FriendlyName>0441ea2c-e2b0-4f72-886f-e296be09be8a</FriendlyName>
        </PluginType>
        <PluginType AssemblyQualifiedName="TC.PowerApps.Plugins.Entities.Operation.Operation_PreCreate, TC.PowerApps.Plugins, Version=1.0.0.0, Culture=neutral, PublicKeyToken=4b2d7e786232fae7" PluginTypeId="fe4e540b-cdbe-4864-80cb-db0a18bbb5e5" Name="TC.PowerApps.Plugins.Entities.Operation.Operation_PreCreate">
          <FriendlyName>4179f489-420e-4c98-bb9c-6b211bdc7535</FriendlyName>
        </PluginType>
        <PluginType AssemblyQualifiedName="TC.PowerApps.Plugins.Entities.Operation.Operation_PreStateChange, TC.PowerApps.Plugins, Version=1.0.0.0, Culture=neutral, PublicKeyToken=4b2d7e786232fae7" PluginTypeId="d89293ac-27c6-4c8c-ae12-671356813270" Name="TC.PowerApps.Plugins.Entities.Operation.Operation_PreStateChange">
          <FriendlyName>df224df5-6bcb-4724-9063-2363c4bca261</FriendlyName>
        </PluginType>
        <PluginType AssemblyQualifiedName="TC.PowerApps.Plugins.Entities.Operation.Operation_PreUpdate, TC.PowerApps.Plugins, Version=1.0.0.0, Culture=neutral, PublicKeyToken=4b2d7e786232fae7" PluginTypeId="074993de-b102-4788-9040-608167a1dc1c" Name="TC.PowerApps.Plugins.Entities.Operation.Operation_PreUpdate">
          <FriendlyName>d49ae864-49e1-4880-a3b4-ea4c7f0afdd8</FriendlyName>
        </PluginType>
        <PluginType AssemblyQualifiedName="TC.PowerApps.Plugins.Entities.OperationUN.OperationUN_PostCreate, TC.PowerApps.Plugins, Version=1.0.0.0, Culture=neutral, PublicKeyToken=4b2d7e786232fae7" PluginTypeId="8ea558fc-04db-4a60-ad98-bacb1cc2fa41" Name="TC.PowerApps.Plugins.Entities.OperationUN.OperationUN_PostCreate">
          <FriendlyName>bd9bbf7b-bd92-46b1-be9c-0f045d778549</FriendlyName>
        </PluginType>
        <PluginType AssemblyQualifiedName="TC.PowerApps.Plugins.Entities.OperationUN.OperationUN_PostUpdate, TC.PowerApps.Plugins, Version=1.0.0.0, Culture=neutral, PublicKeyToken=4b2d7e786232fae7" PluginTypeId="6fd3de4f-8f8f-4a08-896e-bd7809090e53" Name="TC.PowerApps.Plugins.Entities.OperationUN.OperationUN_PostUpdate">
          <FriendlyName>9f43d6c0-10cc-40e8-b66f-0aead2b39ef9</FriendlyName>
        </PluginType>
        <PluginType AssemblyQualifiedName="TC.PowerApps.Plugins.Entities.RegionalNOP.RegionalNOP_PostCreate, TC.PowerApps.Plugins, Version=1.0.0.0, Culture=neutral, PublicKeyToken=4b2d7e786232fae7" PluginTypeId="7ba60846-cb86-4c7f-a793-963fc95b673e" Name="TC.PowerApps.Plugins.Entities.RegionalNOP.RegionalNOP_PostCreate">
          <FriendlyName>4f8a9d20-5095-4485-992a-4aaf5e140da9</FriendlyName>
        </PluginType>
        <PluginType AssemblyQualifiedName="TC.PowerApps.Plugins.Entities.RegionalNOP.RegionalNOP_PreCreate, TC.PowerApps.Plugins, Version=1.0.0.0, Culture=neutral, PublicKeyToken=4b2d7e786232fae7" PluginTypeId="616a3bc6-ee1e-4d38-87e3-cb9354de394a" Name="TC.PowerApps.Plugins.Entities.RegionalNOP.RegionalNOP_PreCreate">
          <FriendlyName>9cd38b13-7241-46ff-8d5e-b960bf52362d</FriendlyName>
        </PluginType>
        <PluginType AssemblyQualifiedName="TC.PowerApps.Plugins.Entities.SafetyAssessment.SafetyAssessment_PostStateChange, TC.PowerApps.Plugins, Version=1.0.0.0, Culture=neutral, PublicKeyToken=4b2d7e786232fae7" PluginTypeId="93349301-396d-4e12-9af3-74a1f36bd48c" Name="TC.PowerApps.Plugins.Entities.SafetyAssessment.SafetyAssessment_PostStateChange">
          <FriendlyName>a2b1fdb5-9395-410c-8d8c-14bbca5e313b</FriendlyName>
        </PluginType>
        <PluginType AssemblyQualifiedName="TC.PowerApps.Plugins.Entities.Template.Template_PostCreate, TC.PowerApps.Plugins, Version=1.0.0.0, Culture=neutral, PublicKeyToken=4b2d7e786232fae7" PluginTypeId="02c63547-fa57-4bd9-b2c8-9af855dbb013" Name="TC.PowerApps.Plugins.Entities.Template.Template_PostCreate">
          <FriendlyName>a3b5403a-8904-4fd8-9752-2d349c64280e</FriendlyName>
        </PluginType>
        <PluginType AssemblyQualifiedName="TC.PowerApps.Plugins.Entities.Template.Template_PostStateChange, TC.PowerApps.Plugins, Version=1.0.0.0, Culture=neutral, PublicKeyToken=4b2d7e786232fae7" PluginTypeId="2082324a-9b4b-4a4c-92fe-fd94272d3661" Name="TC.PowerApps.Plugins.Entities.Template.Template_PostStateChange">
          <FriendlyName>a1a4161f-30f2-43e0-9b12-caef3197d98e</FriendlyName>
        </PluginType>
        <PluginType AssemblyQualifiedName="TC.PowerApps.Plugins.Entities.Template.Template_PreUpdate, TC.PowerApps.Plugins, Version=1.0.0.0, Culture=neutral, PublicKeyToken=4b2d7e786232fae7" PluginTypeId="b40e4419-a65a-4c33-9bfa-5aa1e8476c5a" Name="TC.PowerApps.Plugins.Entities.Template.Template_PreUpdate">
          <FriendlyName>72a73e66-9ba2-4ceb-a1be-12e55104deb3</FriendlyName>
        </PluginType>
        <PluginType AssemblyQualifiedName="TC.PowerApps.Plugins.Entities.UnplannedForecast.UnplannedForecast_PostUpdate, TC.PowerApps.Plugins, Version=1.0.0.0, Culture=neutral, PublicKeyToken=4b2d7e786232fae7" PluginTypeId="87842f85-b1a7-4432-a0a2-cd63f90ef6aa" Name="TC.PowerApps.Plugins.Entities.UnplannedForecast.UnplannedForecast_PostUpdate">
          <FriendlyName>8d30b64f-9d91-4d49-b4a2-e260c773531f</FriendlyName>
        </PluginType>
        <PluginType AssemblyQualifiedName="TC.PowerApps.Plugins.Entities.Violation.Violation_PreCreate, TC.PowerApps.Plugins, Version=1.0.0.0, Culture=neutral, PublicKeyToken=4b2d7e786232fae7" PluginTypeId="769a6d26-9e3e-489c-844b-7cabe42fd55a" Name="TC.PowerApps.Plugins.Entities.Violation.Violation_PreCreate">
          <FriendlyName>105f3305-a794-4a68-9142-96d6f366b082</FriendlyName>
        </PluginType>
        <PluginType AssemblyQualifiedName="TC.PowerApps.Plugins.Entities.Violation.Violation_PreUpdate, TC.PowerApps.Plugins, Version=1.0.0.0, Culture=neutral, PublicKeyToken=4b2d7e786232fae7" PluginTypeId="d5ac5cfa-e80e-46f8-8a98-3ff9598fb9bf" Name="TC.PowerApps.Plugins.Entities.Violation.Violation_PreUpdate">
          <FriendlyName>0541f517-8cf7-4a25-9a20-36ecf9d3b670</FriendlyName>
        </PluginType>
        <PluginType AssemblyQualifiedName="TC.PowerApps.Plugins.Entities.WorkOrder.WorkOrder_PostCreateCEP, TC.PowerApps.Plugins, Version=1.0.0.0, Culture=neutral, PublicKeyToken=4b2d7e786232fae7" PluginTypeId="027a8a52-77cf-485d-9f11-e0e579a4bac5" Name="TC.PowerApps.Plugins.Entities.WorkOrder.WorkOrder_PostCreateCEP">
          <FriendlyName>325be689-b940-48b8-b4a4-c38d6b3e7c46</FriendlyName>
        </PluginType>
        <PluginType AssemblyQualifiedName="TC.PowerApps.Plugins.Entities.WorkOrder.WorkOrder_PostCreateSetOwner, TC.PowerApps.Plugins, Version=1.0.0.0, Culture=neutral, PublicKeyToken=4b2d7e786232fae7" PluginTypeId="c411332c-e4e5-49f8-a1fa-2687dbb4e911" Name="TC.PowerApps.Plugins.Entities.WorkOrder.WorkOrder_PostCreateSetOwner">
          <FriendlyName>da77e68a-7e79-49f3-b2ff-6bf593378630</FriendlyName>
        </PluginType>
        <PluginType AssemblyQualifiedName="TC.PowerApps.Plugins.Entities.WorkOrder.WorkOrder_PostStateChangeCloseRelatedRecords, TC.PowerApps.Plugins, Version=1.0.0.0, Culture=neutral, PublicKeyToken=4b2d7e786232fae7" PluginTypeId="639b1a7e-f852-4695-8fac-1a3550dce11d" Name="TC.PowerApps.Plugins.Entities.WorkOrder.WorkOrder_PostStateChangeCloseRelatedRecords">
          <FriendlyName>812e5880-f74f-4a16-847f-d7990a1d1518</FriendlyName>
        </PluginType>
        <PluginType AssemblyQualifiedName="TC.PowerApps.Plugins.Entities.WorkOrder.WorkOrder_PostUpdateOwnerSetForAllRelated, TC.PowerApps.Plugins, Version=1.0.0.0, Culture=neutral, PublicKeyToken=4b2d7e786232fae7" PluginTypeId="ceef2bb4-26d7-4bc8-852c-c17875ddec48" Name="TC.PowerApps.Plugins.Entities.WorkOrder.WorkOrder_PostUpdateOwnerSetForAllRelated">
          <FriendlyName>bdc8d4d0-1460-496d-a163-cf8df0950582</FriendlyName>
        </PluginType>
        <PluginType AssemblyQualifiedName="TC.PowerApps.Plugins.Entities.WorkOrder.WorkOrder_PostUpdateSecondoryInspector, TC.PowerApps.Plugins, Version=1.0.0.0, Culture=neutral, PublicKeyToken=4b2d7e786232fae7" PluginTypeId="83fcd479-a51d-4121-9eca-86ab89bdc121" Name="TC.PowerApps.Plugins.Entities.WorkOrder.WorkOrder_PostUpdateSecondoryInspector">
          <FriendlyName>91006759-d65f-42e3-b776-fefe36ab7a96</FriendlyName>
        </PluginType>
        <PluginType AssemblyQualifiedName="TC.PowerApps.Plugins.Entities.WorkOrder.WorkOrder_PostUpdateSetEmail, TC.PowerApps.Plugins, Version=1.0.0.0, Culture=neutral, PublicKeyToken=4b2d7e786232fae7" PluginTypeId="5d0dbbbb-e92b-4376-a9d7-36e6c698aec8" Name="TC.PowerApps.Plugins.Entities.WorkOrder.WorkOrder_PostUpdateSetEmail">
          <FriendlyName>ab54f149-4562-4fa6-96f4-8491397d3cec</FriendlyName>
        </PluginType>
        <PluginType AssemblyQualifiedName="TC.PowerApps.Plugins.Entities.WorkOrder.WorkOrder_PostUpdateSetOwner, TC.PowerApps.Plugins, Version=1.0.0.0, Culture=neutral, PublicKeyToken=4b2d7e786232fae7" PluginTypeId="8150206a-c798-45d7-89f7-c4acab2b87f0" Name="TC.PowerApps.Plugins.Entities.WorkOrder.WorkOrder_PostUpdateSetOwner">
          <FriendlyName>1d2a8553-3a03-4094-8b4e-55cf28ee5b02</FriendlyName>
        </PluginType>
        <PluginType AssemblyQualifiedName="TC.PowerApps.Plugins.Entities.WorkOrder.WorkOrder_PreAssign, TC.PowerApps.Plugins, Version=1.0.0.0, Culture=neutral, PublicKeyToken=4b2d7e786232fae7" PluginTypeId="e46cac02-528e-4142-a6d4-540bcc46aa45" Name="TC.PowerApps.Plugins.Entities.WorkOrder.WorkOrder_PreAssign">
          <FriendlyName>45478051-2c98-41c6-967e-6245e92efc56</FriendlyName>
        </PluginType>
        <PluginType AssemblyQualifiedName="TC.PowerApps.Plugins.Entities.WorkOrder.WorkOrder_PreCreate, TC.PowerApps.Plugins, Version=1.0.0.0, Culture=neutral, PublicKeyToken=4b2d7e786232fae7" PluginTypeId="fb862afa-7355-44f7-9d08-816cf3b70b58" Name="TC.PowerApps.Plugins.Entities.WorkOrder.WorkOrder_PreCreate">
          <FriendlyName>8723dbf8-411c-4ffa-ae65-98650a179ccb</FriendlyName>
        </PluginType>
        <PluginType AssemblyQualifiedName="TC.PowerApps.Plugins.Entities.WorkOrder.WorkOrder_PreCreateFiscal, TC.PowerApps.Plugins, Version=1.0.0.0, Culture=neutral, PublicKeyToken=4b2d7e786232fae7" PluginTypeId="fc50a4b6-d46d-4804-924b-5cb57439420c" Name="TC.PowerApps.Plugins.Entities.WorkOrder.WorkOrder_PreCreateFiscal">
          <FriendlyName>f17884b5-ebfe-4a9b-a928-8419402ab4b6</FriendlyName>
        </PluginType>
        <PluginType AssemblyQualifiedName="TC.PowerApps.Plugins.Entities.WorkOrder.WorkOrder_PreCreateSetEmail, TC.PowerApps.Plugins, Version=1.0.0.0, Culture=neutral, PublicKeyToken=4b2d7e786232fae7" PluginTypeId="7e6d2da6-9b6f-4b4d-bfab-2b315120c948" Name="TC.PowerApps.Plugins.Entities.WorkOrder.WorkOrder_PreCreateSetEmail">
          <FriendlyName>06112111-1f15-4c61-94d6-b602fa9346da</FriendlyName>
        </PluginType>
        <PluginType AssemblyQualifiedName="TC.PowerApps.Plugins.Entities.WorkOrder.WorkOrder_PreUpdate, TC.PowerApps.Plugins, Version=1.0.0.0, Culture=neutral, PublicKeyToken=4b2d7e786232fae7" PluginTypeId="5903a24b-2b37-4711-81ba-c2cc361d0aa1" Name="TC.PowerApps.Plugins.Entities.WorkOrder.WorkOrder_PreUpdate">
          <FriendlyName>950ac260-07eb-4444-bd52-79ca651ee255</FriendlyName>
        </PluginType>
        <PluginType AssemblyQualifiedName="TC.PowerApps.Plugins.Entities.WorkOrder.WorkOrder_PreUpdateFiscal, TC.PowerApps.Plugins, Version=1.0.0.0, Culture=neutral, PublicKeyToken=4b2d7e786232fae7" PluginTypeId="3b87d407-5eb5-4332-9d8f-669cd9043b2f" Name="TC.PowerApps.Plugins.Entities.WorkOrder.WorkOrder_PreUpdateFiscal">
          <FriendlyName>9d1a2fd0-7410-46f5-84dd-899cad7352bd</FriendlyName>
        </PluginType>
        <PluginType AssemblyQualifiedName="TC.PowerApps.Plugins.Entities.WorkOrder.WorkOrder_PreUpdatePrimaryIncident, TC.PowerApps.Plugins, Version=1.0.0.0, Culture=neutral, PublicKeyToken=4b2d7e786232fae7" PluginTypeId="ac23a2ba-1f50-481e-a7a5-a83f0d5ff259" Name="TC.PowerApps.Plugins.Entities.WorkOrder.WorkOrder_PreUpdatePrimaryIncident">
          <FriendlyName>0b9774bc-241d-4d0e-8e7f-c8ad20b3d42e</FriendlyName>
        </PluginType>
        <PluginType AssemblyQualifiedName="TC.PowerApps.Plugins.Entities.WorkOrderCandidate.WOC_PostUpd_JustificationCheck, TC.PowerApps.Plugins, Version=1.0.0.0, Culture=neutral, PublicKeyToken=4b2d7e786232fae7" PluginTypeId="a6bc59c0-15b1-4782-b58e-84e3c4be7607" Name="TC.PowerApps.Plugins.Entities.WorkOrderCandidate.WOC_PostUpd_JustificationCheck">
          <FriendlyName>5d1862e9-9428-48f1-8fcd-e1c302da7e8a</FriendlyName>
        </PluginType>
        <PluginType AssemblyQualifiedName="TC.PowerApps.Plugins.Entities.WorkOrderCandidate.WOC_SecurityHub, TC.PowerApps.Plugins, Version=1.0.0.0, Culture=neutral, PublicKeyToken=4b2d7e786232fae7" PluginTypeId="d8fcf45e-f5a9-4881-85c7-618fc6400b18" Name="TC.PowerApps.Plugins.Entities.WorkOrderCandidate.WOC_SecurityHub">
          <FriendlyName>e4a61d6f-ae2c-4468-8f51-655c05053b3b</FriendlyName>
        </PluginType>
        <PluginType AssemblyQualifiedName="TC.PowerApps.Plugins.Entities.WorkOrderCandidate.WorkOrderCandidate_PostUpdate, TC.PowerApps.Plugins, Version=1.0.0.0, Culture=neutral, PublicKeyToken=4b2d7e786232fae7" PluginTypeId="2c9fce03-ba3b-4678-bbce-adb066b5297f" Name="TC.PowerApps.Plugins.Entities.WorkOrderCandidate.WorkOrderCandidate_PostUpdate">
          <FriendlyName>c6ba348f-0426-469f-b3a8-217a6e9c5889</FriendlyName>
        </PluginType>
        <PluginType AssemblyQualifiedName="TC.PowerApps.Plugins.Entities.WorkOrderCandidate.WorkOrderCandidate_PreCreate, TC.PowerApps.Plugins, Version=1.0.0.0, Culture=neutral, PublicKeyToken=4b2d7e786232fae7" PluginTypeId="34374d17-f593-4948-89e3-3ecf24058ddb" Name="TC.PowerApps.Plugins.Entities.WorkOrderCandidate.WorkOrderCandidate_PreCreate">
          <FriendlyName>6c13481c-91cf-4bdd-9d48-d254a4a145b4</FriendlyName>
        </PluginType>
        <PluginType AssemblyQualifiedName="TC.PowerApps.Plugins.Entities.WorkOrderCandidate.WorkOrderCandidate_PreUpdate, TC.PowerApps.Plugins, Version=1.0.0.0, Culture=neutral, PublicKeyToken=4b2d7e786232fae7" PluginTypeId="c2000d79-aa09-43ef-b3c8-33ffd73d3f98" Name="TC.PowerApps.Plugins.Entities.WorkOrderCandidate.WorkOrderCandidate_PreUpdate">
          <FriendlyName>c0dd9c72-f951-467b-950a-dd4d7d77a01b</FriendlyName>
        </PluginType>
      </PluginTypes>
    </PluginAssembly>
  </SolutionPluginAssemblies>
  <SdkMessageProcessingSteps>
    <SdkMessageProcessingStep Name="TC.PowerApps.Plugins.Entities.Account.Account_PostCreatePrimaryContact: Create of account" SdkMessageProcessingStepId="{ea8c5033-3d38-ed11-9db0-0022483cb62f}">
      <SdkMessageId>9ebdbb1b-ea3e-db11-86a7-000a3a5473e8</SdkMessageId>
      <PluginTypeName>TC.PowerApps.Plugins.Entities.Account.Account_PostCreatePrimaryContact, TC.PowerApps.Plugins, Version=1.0.0.0, Culture=neutral, PublicKeyToken=4b2d7e786232fae7</PluginTypeName>
      <PluginTypeId>08068095-5821-4a6a-88e6-07bb117d93a6</PluginTypeId>
      <PrimaryEntity>account</PrimaryEntity>
      <AsyncAutoDelete>0</AsyncAutoDelete>
      <Description>TC.PowerApps.Plugins.Entities.Account.Account_PostCreatePrimaryContact: Create of account</Description>
      <FilteringAttributes></FilteringAttributes>
      <ImpersonatingUserIdName># TDG Core</ImpersonatingUserIdName>
      <InvocationSource>1</InvocationSource>
      <Mode>0</Mode>
      <Rank>1</Rank>
      <EventHandlerTypeCode>4602</EventHandlerTypeCode>
      <Stage>40</Stage>
      <IsCustomizable>1</IsCustomizable>
      <IsHidden>0</IsHidden>
      <SupportedDeployment>0</SupportedDeployment>
      <IntroducedVersion>1.0</IntroducedVersion>
      <SdkMessageProcessingStepImages />
    </SdkMessageProcessingStep>
    <SdkMessageProcessingStep Name="TC.PowerApps.Plugins.Entities.Account.Account_PostDisassociateN2NContact: Disassociate of any Entity" SdkMessageProcessingStepId="{33ef25c3-4538-ed11-9db0-0022483cb62f}">
      <SdkMessageId>bdfc191d-fc56-493a-a6b1-cb0c47a22ecc</SdkMessageId>
      <PluginTypeName>TC.PowerApps.Plugins.Entities.Account.Account_PostDisassociateN2NContact, TC.PowerApps.Plugins, Version=1.0.0.0, Culture=neutral, PublicKeyToken=4b2d7e786232fae7</PluginTypeName>
      <PluginTypeId>1beebfbc-fd25-419f-bf42-de6be5ffd46e</PluginTypeId>
      <AsyncAutoDelete>0</AsyncAutoDelete>
      <Description>TC.PowerApps.Plugins.Entities.Account.Account_PostDisassociateN2NContact: Disassociate of any Entity</Description>
      <FilteringAttributes></FilteringAttributes>
      <InvocationSource>0</InvocationSource>
      <Mode>0</Mode>
      <Rank>1</Rank>
      <EventHandlerTypeCode>4602</EventHandlerTypeCode>
      <Stage>40</Stage>
      <IsCustomizable>1</IsCustomizable>
      <IsHidden>0</IsHidden>
      <SupportedDeployment>0</SupportedDeployment>
      <IntroducedVersion>1.0</IntroducedVersion>
      <SdkMessageProcessingStepImages />
    </SdkMessageProcessingStep>
    <SdkMessageProcessingStep Name="TC.PowerApps.Plugins.Entities.Account.Account_PostMergeOperation: Merge of account" SdkMessageProcessingStepId="{99d0165c-0694-ec11-b3fe-000d3a0c0174}">
      <SdkMessageId>dbbdbb1b-ea3e-db11-86a7-000a3a5473e8</SdkMessageId>
      <PluginTypeName>TC.PowerApps.Plugins.Entities.Account.Account_PostMergeOperation, TC.PowerApps.Plugins, Version=1.0.0.0, Culture=neutral, PublicKeyToken=4b2d7e786232fae7</PluginTypeName>
      <PluginTypeId>40c882fe-4301-42f7-98e8-331eef3c5297</PluginTypeId>
      <PrimaryEntity>account</PrimaryEntity>
      <AsyncAutoDelete>0</AsyncAutoDelete>
      <Description>TC.PowerApps.Plugins.Entities.Account.Account_PostMergeOperation: Merge of account</Description>
      <FilteringAttributes></FilteringAttributes>
      <InvocationSource>0</InvocationSource>
      <Mode>0</Mode>
      <Rank>1</Rank>
      <EventHandlerTypeCode>4602</EventHandlerTypeCode>
      <Stage>40</Stage>
      <IsCustomizable>1</IsCustomizable>
      <IsHidden>0</IsHidden>
      <SupportedDeployment>0</SupportedDeployment>
      <IntroducedVersion>1.0</IntroducedVersion>
      <SdkMessageProcessingStepImages />
    </SdkMessageProcessingStep>
    <SdkMessageProcessingStep Name="TC.PowerApps.Plugins.Entities.Account.Account_PostStateChange: Update of account" SdkMessageProcessingStepId="{bc222fed-113c-ec11-8c62-0022483d71b4}">
      <SdkMessageId>20bebb1b-ea3e-db11-86a7-000a3a5473e8</SdkMessageId>
      <PluginTypeName>TC.PowerApps.Plugins.Entities.Account.Account_PostStateChange, TC.PowerApps.Plugins, Version=1.0.0.0, Culture=neutral, PublicKeyToken=4b2d7e786232fae7</PluginTypeName>
      <PluginTypeId>18feea7f-a0af-4c94-bdf0-e2bcd16f5641</PluginTypeId>
      <PrimaryEntity>account</PrimaryEntity>
      <AsyncAutoDelete>0</AsyncAutoDelete>
      <Description>TC.PowerApps.Plugins.Entities.Account.Account_PostStateChange: Update of account</Description>
      <FilteringAttributes>statecode</FilteringAttributes>
      <InvocationSource>1</InvocationSource>
      <Mode>0</Mode>
      <Rank>1</Rank>
      <EventHandlerTypeCode>4602</EventHandlerTypeCode>
      <Stage>40</Stage>
      <IsCustomizable>1</IsCustomizable>
      <IsHidden>0</IsHidden>
      <SupportedDeployment>0</SupportedDeployment>
      <IntroducedVersion>1.0</IntroducedVersion>
      <SdkMessageProcessingStepImages />
    </SdkMessageProcessingStep>
    <SdkMessageProcessingStep Name="TC.PowerApps.Plugins.Entities.Account.Account_PostUpdateEmail: Update of account" SdkMessageProcessingStepId="{3cfc838d-e440-ed11-bba2-0022483d0343}">
      <SdkMessageId>20bebb1b-ea3e-db11-86a7-000a3a5473e8</SdkMessageId>
      <PluginTypeName>TC.PowerApps.Plugins.Entities.Account.Account_PostUpdateEmail, TC.PowerApps.Plugins, Version=1.0.0.0, Culture=neutral, PublicKeyToken=4b2d7e786232fae7</PluginTypeName>
      <PluginTypeId>1db1afce-bd41-4762-b854-960f01f86a64</PluginTypeId>
      <PrimaryEntity>account</PrimaryEntity>
      <AsyncAutoDelete>0</AsyncAutoDelete>
      <Description>TC.PowerApps.Plugins.Entities.Account.Account_PostUpdateEmail: Update of account</Description>
      <FilteringAttributes>emailaddress1</FilteringAttributes>
      <ImpersonatingUserIdName>tdg TDG-CORE</ImpersonatingUserIdName>
      <InvocationSource>1</InvocationSource>
      <Mode>0</Mode>
      <Rank>1</Rank>
      <EventHandlerTypeCode>4602</EventHandlerTypeCode>
      <Stage>40</Stage>
      <IsCustomizable>1</IsCustomizable>
      <IsHidden>0</IsHidden>
      <SupportedDeployment>0</SupportedDeployment>
      <IntroducedVersion>1.0</IntroducedVersion>
      <SdkMessageProcessingStepImages />
    </SdkMessageProcessingStep>
    <SdkMessageProcessingStep Name="TC.PowerApps.Plugins.Entities.Account.Account_PostUpdatePrimaryContact: Update of account" SdkMessageProcessingStepId="{8be10cf5-3f38-ed11-9db0-0022483cb62f}">
      <SdkMessageId>20bebb1b-ea3e-db11-86a7-000a3a5473e8</SdkMessageId>
      <PluginTypeName>TC.PowerApps.Plugins.Entities.Account.Account_PostUpdatePrimaryContact, TC.PowerApps.Plugins, Version=1.0.0.0, Culture=neutral, PublicKeyToken=4b2d7e786232fae7</PluginTypeName>
      <PluginTypeId>89ad2f4d-36ee-48bb-9784-2901a97b9183</PluginTypeId>
      <PrimaryEntity>account</PrimaryEntity>
      <AsyncAutoDelete>0</AsyncAutoDelete>
      <Description>TC.PowerApps.Plugins.Entities.Account.Account_PostUpdatePrimaryContact: Update of account</Description>
      <FilteringAttributes>primarycontactid</FilteringAttributes>
      <ImpersonatingUserIdName># TDG Core</ImpersonatingUserIdName>
      <InvocationSource>1</InvocationSource>
      <Mode>0</Mode>
      <Rank>1</Rank>
      <EventHandlerTypeCode>4602</EventHandlerTypeCode>
      <Stage>40</Stage>
      <IsCustomizable>1</IsCustomizable>
      <IsHidden>0</IsHidden>
      <SupportedDeployment>0</SupportedDeployment>
      <IntroducedVersion>1.0</IntroducedVersion>
      <SdkMessageProcessingStepImages />
    </SdkMessageProcessingStep>
    <SdkMessageProcessingStep Name="TC.PowerApps.Plugins.Entities.Account.Account_PostUpdatePrimaryContact_UpdateWOEmail: Update of account" SdkMessageProcessingStepId="{c6a8b3d0-e440-ed11-bba2-0022483d0343}">
      <SdkMessageId>20bebb1b-ea3e-db11-86a7-000a3a5473e8</SdkMessageId>
      <PluginTypeName>TC.PowerApps.Plugins.Entities.Account.Account_PostUpdatePrimaryContact_UpdateWOEmail, TC.PowerApps.Plugins, Version=1.0.0.0, Culture=neutral, PublicKeyToken=4b2d7e786232fae7</PluginTypeName>
      <PluginTypeId>db620aae-5a77-44e6-8e0f-67dd83b52450</PluginTypeId>
      <PrimaryEntity>account</PrimaryEntity>
      <AsyncAutoDelete>0</AsyncAutoDelete>
      <Description>TC.PowerApps.Plugins.Entities.Account.Account_PostUpdatePrimaryContact_UpdateWOEmail: Update of account</Description>
      <FilteringAttributes>primarycontactid</FilteringAttributes>
      <ImpersonatingUserIdName>tdg TDG-CORE</ImpersonatingUserIdName>
      <InvocationSource>1</InvocationSource>
      <Mode>0</Mode>
      <Rank>2</Rank>
      <EventHandlerTypeCode>4602</EventHandlerTypeCode>
      <Stage>40</Stage>
      <IsCustomizable>1</IsCustomizable>
      <IsHidden>0</IsHidden>
      <SupportedDeployment>0</SupportedDeployment>
      <IntroducedVersion>1.0</IntroducedVersion>
      <SdkMessageProcessingStepImages />
    </SdkMessageProcessingStep>
    <SdkMessageProcessingStep Name="TC.PowerApps.Plugins.Entities.Account.Account_PreMergeOperation: Merge of account" SdkMessageProcessingStepId="{74b4ed13-1494-ec11-b3fe-000d3a0c187c}">
      <SdkMessageId>dbbdbb1b-ea3e-db11-86a7-000a3a5473e8</SdkMessageId>
      <PluginTypeName>TC.PowerApps.Plugins.Entities.Account.Account_PreMergeOperation, TC.PowerApps.Plugins, Version=1.0.0.0, Culture=neutral, PublicKeyToken=4b2d7e786232fae7</PluginTypeName>
      <PluginTypeId>5305acfc-15c1-4797-86d8-20333b5b74bf</PluginTypeId>
      <PrimaryEntity>account</PrimaryEntity>
      <AsyncAutoDelete>0</AsyncAutoDelete>
      <Description>TC.PowerApps.Plugins.Entities.Account.Account_PreMergeOperation: Merge of account</Description>
      <FilteringAttributes></FilteringAttributes>
      <InvocationSource>0</InvocationSource>
      <Mode>0</Mode>
      <Rank>1</Rank>
      <EventHandlerTypeCode>4602</EventHandlerTypeCode>
      <Stage>20</Stage>
      <IsCustomizable>1</IsCustomizable>
      <IsHidden>0</IsHidden>
      <SupportedDeployment>0</SupportedDeployment>
      <IntroducedVersion>1.0</IntroducedVersion>
      <SdkMessageProcessingStepImages />
    </SdkMessageProcessingStep>
    <SdkMessageProcessingStep Name="TC.PowerApps.Plugins.Entities.Booking.Booking_PreStateChange: Update of bookableresourcebooking" SdkMessageProcessingStepId="{a872a6be-72fb-eb11-94ef-0022483bb3ca}">
      <SdkMessageId>20bebb1b-ea3e-db11-86a7-000a3a5473e8</SdkMessageId>
      <PluginTypeName>TC.PowerApps.Plugins.Entities.Booking.Booking_PreStateChange, TC.PowerApps.Plugins, Version=1.0.0.0, Culture=neutral, PublicKeyToken=4b2d7e786232fae7</PluginTypeName>
      <PluginTypeId>2be1ccbd-d1f9-42f9-9125-07b9e2ff0b4c</PluginTypeId>
      <PrimaryEntity>bookableresourcebooking</PrimaryEntity>
      <AsyncAutoDelete>0</AsyncAutoDelete>
      <Description>TC.PowerApps.Plugins.Entities.Booking.Booking_PreStateChange: Update of bookableresourcebooking</Description>
      <FilteringAttributes>statecode</FilteringAttributes>
      <InvocationSource>1</InvocationSource>
      <Mode>0</Mode>
      <Rank>11</Rank>
      <EventHandlerTypeCode>4602</EventHandlerTypeCode>
      <Stage>20</Stage>
      <IsCustomizable>1</IsCustomizable>
      <IsHidden>0</IsHidden>
      <SupportedDeployment>2</SupportedDeployment>
      <IntroducedVersion>1.0</IntroducedVersion>
      <SdkMessageProcessingStepImages>
        <SdkMessageProcessingStepImage Name="PreImage">
          <SdkMessageProcessingStepImageId>{a7f4f555-79fb-eb11-94ef-0022483bb3ca}</SdkMessageProcessingStepImageId>
          <Attributes>bookableresourcebookingid,ovs_plannedfiscalquarter,ovs_plannedfiscalyearid,ovs_revisedquarter,msdyn_workorder</Attributes>
          <EntityAlias>PreImage</EntityAlias>
          <ImageType>0</ImageType>
          <MessagePropertyName>Target</MessagePropertyName>
          <IsCustomizable>1</IsCustomizable>
        </SdkMessageProcessingStepImage>
      </SdkMessageProcessingStepImages>
    </SdkMessageProcessingStep>
    <SdkMessageProcessingStep Name="TC.PowerApps.Plugins.Entities.COC.COC_activity_PreDelete: Delete of ovs_confirmationofcompliance" SdkMessageProcessingStepId="{82133274-eabf-ec11-983e-0022483db7ff}">
      <SdkMessageId>a1bdbb1b-ea3e-db11-86a7-000a3a5473e8</SdkMessageId>
      <PluginTypeName>TC.PowerApps.Plugins.Entities.COC.COC_activity_PreDelete, TC.PowerApps.Plugins, Version=1.0.0.0, Culture=neutral, PublicKeyToken=4b2d7e786232fae7</PluginTypeName>
      <PluginTypeId>c326a764-2868-4c01-a65f-013f75060fa1</PluginTypeId>
      <PrimaryEntity>ovs_confirmationofcompliance</PrimaryEntity>
      <AsyncAutoDelete>0</AsyncAutoDelete>
      <Description>TC.PowerApps.Plugins.Entities.COC.COC_activity_PreDelete: Delete of ovs_confirmationofcompliance</Description>
      <FilteringAttributes></FilteringAttributes>
      <InvocationSource>0</InvocationSource>
      <Mode>0</Mode>
      <Rank>1</Rank>
      <EventHandlerTypeCode>4602</EventHandlerTypeCode>
      <Stage>10</Stage>
      <IsCustomizable>1</IsCustomizable>
      <IsHidden>0</IsHidden>
      <SupportedDeployment>0</SupportedDeployment>
      <IntroducedVersion>1.0</IntroducedVersion>
      <SdkMessageProcessingStepImages />
    </SdkMessageProcessingStep>
    <SdkMessageProcessingStep Name="TC.PowerApps.Plugins.Entities.Contact.Contact_PostUpdateEmail_SetWOEmail: Update of contact" SdkMessageProcessingStepId="{f47145c2-e540-ed11-bba2-0022483d0343}">
      <SdkMessageId>20bebb1b-ea3e-db11-86a7-000a3a5473e8</SdkMessageId>
      <PluginTypeName>TC.PowerApps.Plugins.Entities.Contact.Contact_PostUpdateEmail_SetWOEmail, TC.PowerApps.Plugins, Version=1.0.0.0, Culture=neutral, PublicKeyToken=4b2d7e786232fae7</PluginTypeName>
      <PluginTypeId>014e40d2-744c-4184-87b1-0d6a9c27b544</PluginTypeId>
      <PrimaryEntity>contact</PrimaryEntity>
      <AsyncAutoDelete>0</AsyncAutoDelete>
      <Description>TC.PowerApps.Plugins.Entities.Contact.Contact_PostUpdateEmail_SetWOEmail: Update of contact</Description>
      <FilteringAttributes>emailaddress1</FilteringAttributes>
      <ImpersonatingUserIdName>tdg TDG-CORE</ImpersonatingUserIdName>
      <InvocationSource>1</InvocationSource>
      <Mode>0</Mode>
      <Rank>1</Rank>
      <EventHandlerTypeCode>4602</EventHandlerTypeCode>
      <Stage>40</Stage>
      <IsCustomizable>1</IsCustomizable>
      <IsHidden>0</IsHidden>
      <SupportedDeployment>0</SupportedDeployment>
      <IntroducedVersion>1.0</IntroducedVersion>
      <SdkMessageProcessingStepImages />
    </SdkMessageProcessingStep>
    <SdkMessageProcessingStep Name="TC.PowerApps.Plugins.Entities.EnforcementAction.EnforcementAction_PreCreate: Create of ovs_cyaction" SdkMessageProcessingStepId="{1493f07b-f443-ec11-8c62-0022483be646}">
      <SdkMessageId>9ebdbb1b-ea3e-db11-86a7-000a3a5473e8</SdkMessageId>
      <PluginTypeName>TC.PowerApps.Plugins.Entities.EnforcementAction.EnforcementAction_PreCreate, TC.PowerApps.Plugins, Version=1.0.0.0, Culture=neutral, PublicKeyToken=4b2d7e786232fae7</PluginTypeName>
      <PluginTypeId>f2a2d925-61e2-4b0c-9b78-9302b3794f6a</PluginTypeId>
      <PrimaryEntity>ovs_cyaction</PrimaryEntity>
      <AsyncAutoDelete>0</AsyncAutoDelete>
      <Description>TC.PowerApps.Plugins.Entities.EnforcementAction.EnforcementAction_PreCreate: Create of ovs_cyaction</Description>
      <FilteringAttributes></FilteringAttributes>
      <InvocationSource>1</InvocationSource>
      <Mode>0</Mode>
      <Rank>1</Rank>
      <EventHandlerTypeCode>4602</EventHandlerTypeCode>
      <Stage>20</Stage>
      <IsCustomizable>1</IsCustomizable>
      <IsHidden>0</IsHidden>
      <SupportedDeployment>0</SupportedDeployment>
      <IntroducedVersion>1.0</IntroducedVersion>
      <SdkMessageProcessingStepImages />
    </SdkMessageProcessingStep>
    <SdkMessageProcessingStep Name="TC.PowerApps.Plugins.Entities.EnforcementAction.EnforcementAction_PreUpdateStateChange: Update of ovs_cyaction" SdkMessageProcessingStepId="{996c5873-dc3c-ec11-8c62-0022483d7564}">
      <SdkMessageId>20bebb1b-ea3e-db11-86a7-000a3a5473e8</SdkMessageId>
      <PluginTypeName>TC.PowerApps.Plugins.Entities.EnforcementAction.EnforcementAction_PreUpdateStateChange, TC.PowerApps.Plugins, Version=1.0.0.0, Culture=neutral, PublicKeyToken=4b2d7e786232fae7</PluginTypeName>
      <PluginTypeId>be704617-b7ec-4883-894c-be93eb4017d4</PluginTypeId>
      <PrimaryEntity>ovs_cyaction</PrimaryEntity>
      <AsyncAutoDelete>0</AsyncAutoDelete>
      <Description>TC.PowerApps.Plugins.Entities.EnforcementAction.EnforcementAction_PreUpdateStateChange: Update of ovs_cyaction</Description>
      <FilteringAttributes>statecode,statuscode</FilteringAttributes>
      <InvocationSource>1</InvocationSource>
      <Mode>0</Mode>
      <Rank>1</Rank>
      <EventHandlerTypeCode>4602</EventHandlerTypeCode>
      <Stage>20</Stage>
      <IsCustomizable>1</IsCustomizable>
      <IsHidden>0</IsHidden>
      <SupportedDeployment>0</SupportedDeployment>
      <IntroducedVersion>1.0</IntroducedVersion>
      <SdkMessageProcessingStepImages />
    </SdkMessageProcessingStep>
    <SdkMessageProcessingStep Name="TC.PowerApps.Plugins.Entities.EnforcementAction.EnforcementAction_activity_PreDelete: Delete of ovs_cyaction" SdkMessageProcessingStepId="{52b1695c-3213-ed11-b83e-000d3a84cfdd}">
      <SdkMessageId>a1bdbb1b-ea3e-db11-86a7-000a3a5473e8</SdkMessageId>
      <PluginTypeName>TC.PowerApps.Plugins.Entities.EnforcementAction.EnforcementAction_activity_PreDelete, TC.PowerApps.Plugins, Version=1.0.0.0, Culture=neutral, PublicKeyToken=4b2d7e786232fae7</PluginTypeName>
      <PluginTypeId>68b540ae-7b6c-48a0-8348-7511e20d8cc2</PluginTypeId>
      <PrimaryEntity>ovs_cyaction</PrimaryEntity>
      <AsyncAutoDelete>0</AsyncAutoDelete>
      <Description>TC.PowerApps.Plugins.Entities.EnforcementAction.EnforcementAction_activity_PreDelete: Delete of ovs_cyaction</Description>
      <FilteringAttributes></FilteringAttributes>
      <InvocationSource>0</InvocationSource>
      <Mode>0</Mode>
      <Rank>1</Rank>
      <EventHandlerTypeCode>4602</EventHandlerTypeCode>
      <Stage>10</Stage>
      <IsCustomizable>1</IsCustomizable>
      <IsHidden>0</IsHidden>
      <SupportedDeployment>0</SupportedDeployment>
      <IntroducedVersion>1.0</IntroducedVersion>
      <SdkMessageProcessingStepImages />
    </SdkMessageProcessingStep>
    <SdkMessageProcessingStep Name="TC.PowerApps.Plugins.Entities.NOP.NOP_PostCreate: Create of ovs_cdnop" SdkMessageProcessingStepId="{7de007e3-d11b-ec11-b6e7-000d3ae9b59b}">
      <SdkMessageId>9ebdbb1b-ea3e-db11-86a7-000a3a5473e8</SdkMessageId>
      <PluginTypeName>TC.PowerApps.Plugins.Entities.NOP.NOP_PostCreate, TC.PowerApps.Plugins, Version=1.0.0.0, Culture=neutral, PublicKeyToken=4b2d7e786232fae7</PluginTypeName>
      <PluginTypeId>285deaf9-d76f-48c3-90dd-843eb4c94eaf</PluginTypeId>
      <PrimaryEntity>ovs_cdnop</PrimaryEntity>
      <AsyncAutoDelete>0</AsyncAutoDelete>
      <Description>TC.PowerApps.Plugins.Entities.NOP.NOP_PostCreate: Create of ovs_cdnop</Description>
      <FilteringAttributes></FilteringAttributes>
      <InvocationSource>1</InvocationSource>
      <Mode>0</Mode>
      <Rank>1</Rank>
      <EventHandlerTypeCode>4602</EventHandlerTypeCode>
      <Stage>40</Stage>
      <IsCustomizable>1</IsCustomizable>
      <IsHidden>0</IsHidden>
      <SupportedDeployment>0</SupportedDeployment>
      <IntroducedVersion>1.0</IntroducedVersion>
      <SdkMessageProcessingStepImages>
        <SdkMessageProcessingStepImage Name="EntityImage">
          <SdkMessageProcessingStepImageId>{6424b450-d51b-ec11-b6e7-000d3ae9b59b}</SdkMessageProcessingStepImageId>
          <Attributes></Attributes>
          <EntityAlias>EntityImage</EntityAlias>
          <ImageType>1</ImageType>
          <MessagePropertyName>id</MessagePropertyName>
          <IsCustomizable>1</IsCustomizable>
        </SdkMessageProcessingStepImage>
      </SdkMessageProcessingStepImages>
    </SdkMessageProcessingStep>
    <SdkMessageProcessingStep Name="TC.PowerApps.Plugins.Entities.NOP.NOP_PreCreate: Create of ovs_cdnop" SdkMessageProcessingStepId="{3de661f1-d11b-ec11-b6e7-000d3ae9b59b}">
      <SdkMessageId>9ebdbb1b-ea3e-db11-86a7-000a3a5473e8</SdkMessageId>
      <PluginTypeName>TC.PowerApps.Plugins.Entities.NOP.NOP_PreCreate, TC.PowerApps.Plugins, Version=1.0.0.0, Culture=neutral, PublicKeyToken=4b2d7e786232fae7</PluginTypeName>
      <PluginTypeId>fc585f1f-245c-4f7d-8f22-9f350213237e</PluginTypeId>
      <PrimaryEntity>ovs_cdnop</PrimaryEntity>
      <AsyncAutoDelete>0</AsyncAutoDelete>
      <Description>TC.PowerApps.Plugins.Entities.NOP.NOP_PreCreate: Create of ovs_cdnop</Description>
      <FilteringAttributes></FilteringAttributes>
      <InvocationSource>1</InvocationSource>
      <Mode>0</Mode>
      <Rank>1</Rank>
      <EventHandlerTypeCode>4602</EventHandlerTypeCode>
      <Stage>20</Stage>
      <IsCustomizable>1</IsCustomizable>
      <IsHidden>0</IsHidden>
      <SupportedDeployment>0</SupportedDeployment>
      <IntroducedVersion>1.0</IntroducedVersion>
      <SdkMessageProcessingStepImages />
    </SdkMessageProcessingStep>
    <SdkMessageProcessingStep Name="TC.PowerApps.Plugins.Entities.Operation.Operation_PreCreate: Create of ovs_mocregistration" SdkMessageProcessingStepId="{57e48fe6-5946-ec11-8c62-0022483cc809}">
      <SdkMessageId>9ebdbb1b-ea3e-db11-86a7-000a3a5473e8</SdkMessageId>
      <PluginTypeName>TC.PowerApps.Plugins.Entities.Operation.Operation_PreCreate, TC.PowerApps.Plugins, Version=1.0.0.0, Culture=neutral, PublicKeyToken=4b2d7e786232fae7</PluginTypeName>
      <PluginTypeId>fe4e540b-cdbe-4864-80cb-db0a18bbb5e5</PluginTypeId>
      <PrimaryEntity>ovs_mocregistration</PrimaryEntity>
      <AsyncAutoDelete>0</AsyncAutoDelete>
      <Description>TC.PowerApps.Plugins.Entities.Operation.Operation_PreCreate: Create of ovs_mocregistration</Description>
      <FilteringAttributes></FilteringAttributes>
      <InvocationSource>1</InvocationSource>
      <Mode>0</Mode>
      <Rank>1</Rank>
      <EventHandlerTypeCode>4602</EventHandlerTypeCode>
      <Stage>20</Stage>
      <IsCustomizable>1</IsCustomizable>
      <IsHidden>0</IsHidden>
      <SupportedDeployment>0</SupportedDeployment>
      <IntroducedVersion>1.0</IntroducedVersion>
      <SdkMessageProcessingStepImages />
    </SdkMessageProcessingStep>
    <SdkMessageProcessingStep Name="TC.PowerApps.Plugins.Entities.Operation.Operation_PreStateChange: Update of ovs_mocregistration" SdkMessageProcessingStepId="{208756ba-ee9f-ec11-b3fe-000d3a0c84c3}">
      <SdkMessageId>20bebb1b-ea3e-db11-86a7-000a3a5473e8</SdkMessageId>
      <PluginTypeName>TC.PowerApps.Plugins.Entities.Operation.Operation_PreStateChange, TC.PowerApps.Plugins, Version=1.0.0.0, Culture=neutral, PublicKeyToken=4b2d7e786232fae7</PluginTypeName>
      <PluginTypeId>d89293ac-27c6-4c8c-ae12-671356813270</PluginTypeId>
      <PrimaryEntity>ovs_mocregistration</PrimaryEntity>
      <AsyncAutoDelete>0</AsyncAutoDelete>
      <Description>TC.PowerApps.Plugins.Entities.Operation.Operation_PreStateChange: Update of ovs_mocregistration</Description>
      <FilteringAttributes>statecode,statuscode</FilteringAttributes>
      <ImpersonatingUserIdName>tdg TDG-CORE</ImpersonatingUserIdName>
      <InvocationSource>1</InvocationSource>
      <Mode>0</Mode>
      <Rank>1</Rank>
      <EventHandlerTypeCode>4602</EventHandlerTypeCode>
      <Stage>20</Stage>
      <IsCustomizable>1</IsCustomizable>
      <IsHidden>0</IsHidden>
      <SupportedDeployment>0</SupportedDeployment>
      <IntroducedVersion>1.0</IntroducedVersion>
      <SdkMessageProcessingStepImages />
    </SdkMessageProcessingStep>
    <SdkMessageProcessingStep Name="TC.PowerApps.Plugins.Entities.Operation.Operation_PreUpdate: Update of ovs_mocregistration" SdkMessageProcessingStepId="{8d59af83-5d46-ec11-8c62-0022483cc809}">
      <SdkMessageId>20bebb1b-ea3e-db11-86a7-000a3a5473e8</SdkMessageId>
      <PluginTypeName>TC.PowerApps.Plugins.Entities.Operation.Operation_PreUpdate, TC.PowerApps.Plugins, Version=1.0.0.0, Culture=neutral, PublicKeyToken=4b2d7e786232fae7</PluginTypeName>
      <PluginTypeId>074993de-b102-4788-9040-608167a1dc1c</PluginTypeId>
      <PrimaryEntity>ovs_mocregistration</PrimaryEntity>
      <AsyncAutoDelete>0</AsyncAutoDelete>
      <Description>TC.PowerApps.Plugins.Entities.Operation.Operation_PreUpdate: Update of ovs_mocregistration</Description>
      <FilteringAttributes>ovs_operationtype,ovs_siteid</FilteringAttributes>
      <InvocationSource>1</InvocationSource>
      <Mode>0</Mode>
      <Rank>1</Rank>
      <EventHandlerTypeCode>4602</EventHandlerTypeCode>
      <Stage>20</Stage>
      <IsCustomizable>1</IsCustomizable>
      <IsHidden>0</IsHidden>
      <SupportedDeployment>0</SupportedDeployment>
      <IntroducedVersion>1.0</IntroducedVersion>
      <SdkMessageProcessingStepImages>
        <SdkMessageProcessingStepImage Name="PreImage">
          <SdkMessageProcessingStepImageId>{0fd04b24-5f46-ec11-8c62-0022483cc809}</SdkMessageProcessingStepImageId>
          <Attributes>ovs_operationtype,ovs_siteid</Attributes>
          <EntityAlias>PreImage</EntityAlias>
          <ImageType>0</ImageType>
          <MessagePropertyName>Target</MessagePropertyName>
          <IsCustomizable>1</IsCustomizable>
        </SdkMessageProcessingStepImage>
      </SdkMessageProcessingStepImages>
    </SdkMessageProcessingStep>
    <SdkMessageProcessingStep Name="TC.PowerApps.Plugins.Entities.OperationUN.OperationUN_PostCreate: Create of ovs_operationunnumber" SdkMessageProcessingStepId="{7250b0cc-586e-ec11-8f8e-0022483c3c8c}">
      <SdkMessageId>9ebdbb1b-ea3e-db11-86a7-000a3a5473e8</SdkMessageId>
      <PluginTypeName>TC.PowerApps.Plugins.Entities.OperationUN.OperationUN_PostCreate, TC.PowerApps.Plugins, Version=1.0.0.0, Culture=neutral, PublicKeyToken=4b2d7e786232fae7</PluginTypeName>
      <PluginTypeId>8ea558fc-04db-4a60-ad98-bacb1cc2fa41</PluginTypeId>
      <PrimaryEntity>ovs_operationunnumber</PrimaryEntity>
      <AsyncAutoDelete>0</AsyncAutoDelete>
      <Description>TC.PowerApps.Plugins.Entities.OperationUN.OperationUN_PostCreate: Create of ovs_operationunnumber</Description>
      <FilteringAttributes></FilteringAttributes>
      <InvocationSource>1</InvocationSource>
      <Mode>0</Mode>
      <Rank>1</Rank>
      <EventHandlerTypeCode>4602</EventHandlerTypeCode>
      <Stage>40</Stage>
      <IsCustomizable>1</IsCustomizable>
      <IsHidden>0</IsHidden>
      <SupportedDeployment>0</SupportedDeployment>
      <IntroducedVersion>1.0</IntroducedVersion>
      <SdkMessageProcessingStepImages>
        <SdkMessageProcessingStepImage Name="PostImage">
          <SdkMessageProcessingStepImageId>{7f305224-596e-ec11-8f8e-0022483c3c8c}</SdkMessageProcessingStepImageId>
          <Attributes>ovs_name,ovs_operationunnumberid,ovs_operationunnumber,ovs_supplychaindirection,ovs_unnumber</Attributes>
          <EntityAlias>PostImage</EntityAlias>
          <ImageType>1</ImageType>
          <MessagePropertyName>id</MessagePropertyName>
          <IsCustomizable>1</IsCustomizable>
        </SdkMessageProcessingStepImage>
      </SdkMessageProcessingStepImages>
    </SdkMessageProcessingStep>
    <SdkMessageProcessingStep Name="TC.PowerApps.Plugins.Entities.OperationUN.OperationUN_PostUpdate: Update of ovs_operationunnumber" SdkMessageProcessingStepId="{88adf45a-596e-ec11-8f8e-0022483c3c8c}">
      <SdkMessageId>20bebb1b-ea3e-db11-86a7-000a3a5473e8</SdkMessageId>
      <PluginTypeName>TC.PowerApps.Plugins.Entities.OperationUN.OperationUN_PostUpdate, TC.PowerApps.Plugins, Version=1.0.0.0, Culture=neutral, PublicKeyToken=4b2d7e786232fae7</PluginTypeName>
      <PluginTypeId>6fd3de4f-8f8f-4a08-896e-bd7809090e53</PluginTypeId>
      <PrimaryEntity>ovs_operationunnumber</PrimaryEntity>
      <AsyncAutoDelete>0</AsyncAutoDelete>
      <Description>TC.PowerApps.Plugins.Entities.OperationUN.OperationUN_PostUpdate: Update of ovs_operationunnumber</Description>
      <FilteringAttributes>ovs_operationunnumber,ovs_supplychaindirection,ovs_unnumber</FilteringAttributes>
      <InvocationSource>1</InvocationSource>
      <Mode>0</Mode>
      <Rank>1</Rank>
      <EventHandlerTypeCode>4602</EventHandlerTypeCode>
      <Stage>40</Stage>
      <IsCustomizable>1</IsCustomizable>
      <IsHidden>0</IsHidden>
      <SupportedDeployment>0</SupportedDeployment>
      <IntroducedVersion>1.0</IntroducedVersion>
      <SdkMessageProcessingStepImages>
        <SdkMessageProcessingStepImage Name="PostImage">
          <SdkMessageProcessingStepImageId>{e217e76e-596e-ec11-8f8e-0022483c3c8c}</SdkMessageProcessingStepImageId>
          <Attributes>ovs_name,ovs_operationunnumberid,ovs_operationunnumber,ovs_supplychaindirection,ovs_unnumber</Attributes>
          <EntityAlias>PostImage</EntityAlias>
          <ImageType>1</ImageType>
          <MessagePropertyName>Target</MessagePropertyName>
          <IsCustomizable>1</IsCustomizable>
        </SdkMessageProcessingStepImage>
      </SdkMessageProcessingStepImages>
    </SdkMessageProcessingStep>
    <SdkMessageProcessingStep Name="TC.PowerApps.Plugins.Entities.RegionalNOP.RegionalNOP_PostCreate: Create of ovs_cdregionalnop" SdkMessageProcessingStepId="{db84fda4-753e-ec11-8c62-0022483d71b4}">
      <SdkMessageId>9ebdbb1b-ea3e-db11-86a7-000a3a5473e8</SdkMessageId>
      <PluginTypeName>TC.PowerApps.Plugins.Entities.RegionalNOP.RegionalNOP_PostCreate, TC.PowerApps.Plugins, Version=1.0.0.0, Culture=neutral, PublicKeyToken=4b2d7e786232fae7</PluginTypeName>
      <PluginTypeId>7ba60846-cb86-4c7f-a793-963fc95b673e</PluginTypeId>
      <PrimaryEntity>ovs_cdregionalnop</PrimaryEntity>
      <AsyncAutoDelete>0</AsyncAutoDelete>
      <Description>TC.PowerApps.Plugins.Entities.RegionalNOP.RegionalNOP_PostCreate: Create of ovs_cdregionalnop</Description>
      <FilteringAttributes></FilteringAttributes>
      <InvocationSource>1</InvocationSource>
      <Mode>0</Mode>
      <Rank>1</Rank>
      <EventHandlerTypeCode>4602</EventHandlerTypeCode>
      <Stage>40</Stage>
      <IsCustomizable>1</IsCustomizable>
      <IsHidden>0</IsHidden>
      <SupportedDeployment>0</SupportedDeployment>
      <IntroducedVersion>1.0</IntroducedVersion>
      <SdkMessageProcessingStepImages />
    </SdkMessageProcessingStep>
    <SdkMessageProcessingStep Name="TC.PowerApps.Plugins.Entities.RegionalNOP.RegionalNOP_PreCreate: Create of ovs_cdregionalnop" SdkMessageProcessingStepId="{aebee8b6-753e-ec11-8c62-0022483d71b4}">
      <SdkMessageId>9ebdbb1b-ea3e-db11-86a7-000a3a5473e8</SdkMessageId>
      <PluginTypeName>TC.PowerApps.Plugins.Entities.RegionalNOP.RegionalNOP_PreCreate, TC.PowerApps.Plugins, Version=1.0.0.0, Culture=neutral, PublicKeyToken=4b2d7e786232fae7</PluginTypeName>
      <PluginTypeId>616a3bc6-ee1e-4d38-87e3-cb9354de394a</PluginTypeId>
      <PrimaryEntity>ovs_cdregionalnop</PrimaryEntity>
      <AsyncAutoDelete>0</AsyncAutoDelete>
      <Description>TC.PowerApps.Plugins.Entities.RegionalNOP.RegionalNOP_PreCreate: Create of ovs_cdregionalnop</Description>
      <FilteringAttributes></FilteringAttributes>
      <InvocationSource>1</InvocationSource>
      <Mode>0</Mode>
      <Rank>1</Rank>
      <EventHandlerTypeCode>4602</EventHandlerTypeCode>
      <Stage>20</Stage>
      <IsCustomizable>1</IsCustomizable>
      <IsHidden>0</IsHidden>
      <SupportedDeployment>0</SupportedDeployment>
      <IntroducedVersion>1.0</IntroducedVersion>
      <SdkMessageProcessingStepImages />
    </SdkMessageProcessingStep>
    <SdkMessageProcessingStep Name="TC.PowerApps.Plugins.Entities.SafetyAssessment.SafetyAssessment_PostStateChange: Update of ovs_cysafetyassessment" SdkMessageProcessingStepId="{99032ce7-268b-eb11-b1ac-000d3ae92932}">
      <SdkMessageId>20bebb1b-ea3e-db11-86a7-000a3a5473e8</SdkMessageId>
      <PluginTypeName>TC.PowerApps.Plugins.Entities.SafetyAssessment.SafetyAssessment_PostStateChange, TC.PowerApps.Plugins, Version=1.0.0.0, Culture=neutral, PublicKeyToken=4b2d7e786232fae7</PluginTypeName>
      <PluginTypeId>93349301-396d-4e12-9af3-74a1f36bd48c</PluginTypeId>
      <PrimaryEntity>ovs_cysafetyassessment</PrimaryEntity>
      <AsyncAutoDelete>0</AsyncAutoDelete>
      <Description>TC.PowerApps.Plugins.Entities.SafetyAssessment.SafetyAssessment_PostStateChange: Update of ovs_cysafetyassessment</Description>
      <FilteringAttributes>statecode,statuscode</FilteringAttributes>
      <InvocationSource>1</InvocationSource>
      <Mode>0</Mode>
      <Rank>1</Rank>
      <EventHandlerTypeCode>4602</EventHandlerTypeCode>
      <Stage>40</Stage>
      <IsCustomizable>1</IsCustomizable>
      <IsHidden>0</IsHidden>
      <SupportedDeployment>0</SupportedDeployment>
      <IntroducedVersion>1.0</IntroducedVersion>
      <SdkMessageProcessingStepImages>
        <SdkMessageProcessingStepImage Name="ovs_cysafetyassessment_postImage">
          <SdkMessageProcessingStepImageId>{98d46cfc-268b-eb11-b1ac-000d3ae92932}</SdkMessageProcessingStepImageId>
          <Attributes></Attributes>
          <EntityAlias>ovs_cysafetyassessment_postImage</EntityAlias>
          <ImageType>1</ImageType>
          <MessagePropertyName>Target</MessagePropertyName>
          <IsCustomizable>1</IsCustomizable>
        </SdkMessageProcessingStepImage>
      </SdkMessageProcessingStepImages>
    </SdkMessageProcessingStep>
    <SdkMessageProcessingStep Name="TC.PowerApps.Plugins.Entities.Template.Template_PostCreate: Create of qm_sytemplate" SdkMessageProcessingStepId="{bdb7e315-297a-eb11-a812-000d3af31ad8}">
      <SdkMessageId>9ebdbb1b-ea3e-db11-86a7-000a3a5473e8</SdkMessageId>
      <PluginTypeName>TC.PowerApps.Plugins.Entities.Template.Template_PostCreate, TC.PowerApps.Plugins, Version=1.0.0.0, Culture=neutral, PublicKeyToken=4b2d7e786232fae7</PluginTypeName>
      <PluginTypeId>02c63547-fa57-4bd9-b2c8-9af855dbb013</PluginTypeId>
      <PrimaryEntity>qm_sytemplate</PrimaryEntity>
      <AsyncAutoDelete>0</AsyncAutoDelete>
      <Description>TC.PowerApps.Plugins.Entities.Template.Template_PostCreate: Create of qm_sytemplate</Description>
      <FilteringAttributes></FilteringAttributes>
      <InvocationSource>1</InvocationSource>
      <Mode>0</Mode>
      <Rank>1</Rank>
      <EventHandlerTypeCode>4602</EventHandlerTypeCode>
      <Stage>40</Stage>
      <IsCustomizable>1</IsCustomizable>
      <IsHidden>0</IsHidden>
      <SupportedDeployment>0</SupportedDeployment>
      <IntroducedVersion>1.0</IntroducedVersion>
      <SdkMessageProcessingStepImages />
    </SdkMessageProcessingStep>
    <SdkMessageProcessingStep Name="TC.PowerApps.Plugins.Entities.Template.Template_PostStateChange: Update of qm_sytemplate" SdkMessageProcessingStepId="{3359752f-297a-eb11-a812-000d3af31ad8}">
      <SdkMessageId>20bebb1b-ea3e-db11-86a7-000a3a5473e8</SdkMessageId>
      <PluginTypeName>TC.PowerApps.Plugins.Entities.Template.Template_PostStateChange, TC.PowerApps.Plugins, Version=1.0.0.0, Culture=neutral, PublicKeyToken=4b2d7e786232fae7</PluginTypeName>
      <PluginTypeId>2082324a-9b4b-4a4c-92fe-fd94272d3661</PluginTypeId>
      <PrimaryEntity>qm_sytemplate</PrimaryEntity>
      <AsyncAutoDelete>0</AsyncAutoDelete>
      <Description>TC.PowerApps.Plugins.Entities.Template.Template_PostStateChange: Update of qm_sytemplate</Description>
      <FilteringAttributes>statecode,statuscode</FilteringAttributes>
      <InvocationSource>1</InvocationSource>
      <Mode>0</Mode>
      <Rank>1</Rank>
      <EventHandlerTypeCode>4602</EventHandlerTypeCode>
      <Stage>40</Stage>
      <IsCustomizable>1</IsCustomizable>
      <IsHidden>0</IsHidden>
      <SupportedDeployment>0</SupportedDeployment>
      <IntroducedVersion>1.0</IntroducedVersion>
      <SdkMessageProcessingStepImages>
        <SdkMessageProcessingStepImage Name="qm_template_postImage">
          <SdkMessageProcessingStepImageId>{ecd1358b-297a-eb11-a812-000d3af31ad8}</SdkMessageProcessingStepImageId>
          <Attributes></Attributes>
          <EntityAlias>qm_template_postImage</EntityAlias>
          <ImageType>2</ImageType>
          <MessagePropertyName>Target</MessagePropertyName>
          <IsCustomizable>1</IsCustomizable>
        </SdkMessageProcessingStepImage>
      </SdkMessageProcessingStepImages>
    </SdkMessageProcessingStep>
    <SdkMessageProcessingStep Name="TC.PowerApps.Plugins.Entities.Template.Template_PreUpdate: Update of qm_sytemplate" SdkMessageProcessingStepId="{c04cc49e-297a-eb11-a812-000d3af31ad8}">
      <SdkMessageId>20bebb1b-ea3e-db11-86a7-000a3a5473e8</SdkMessageId>
      <PluginTypeName>TC.PowerApps.Plugins.Entities.Template.Template_PreUpdate, TC.PowerApps.Plugins, Version=1.0.0.0, Culture=neutral, PublicKeyToken=4b2d7e786232fae7</PluginTypeName>
      <PluginTypeId>b40e4419-a65a-4c33-9bfa-5aa1e8476c5a</PluginTypeId>
      <PrimaryEntity>qm_sytemplate</PrimaryEntity>
      <AsyncAutoDelete>0</AsyncAutoDelete>
      <Description>TC.PowerApps.Plugins.Entities.Template.Template_PreUpdate: Update of qm_sytemplate</Description>
      <FilteringAttributes></FilteringAttributes>
      <InvocationSource>1</InvocationSource>
      <Mode>0</Mode>
      <Rank>1</Rank>
      <EventHandlerTypeCode>4602</EventHandlerTypeCode>
      <Stage>20</Stage>
      <IsCustomizable>1</IsCustomizable>
      <IsHidden>0</IsHidden>
      <SupportedDeployment>0</SupportedDeployment>
      <IntroducedVersion>1.0</IntroducedVersion>
      <SdkMessageProcessingStepImages>
        <SdkMessageProcessingStepImage Name="QM_PreImage">
          <SdkMessageProcessingStepImageId>{505a71c1-297a-eb11-a812-000d3af31ad8}</SdkMessageProcessingStepImageId>
          <Attributes>qm_name</Attributes>
          <EntityAlias>QM_PreImage</EntityAlias>
          <ImageType>0</ImageType>
          <MessagePropertyName>Target</MessagePropertyName>
          <IsCustomizable>1</IsCustomizable>
        </SdkMessageProcessingStepImage>
      </SdkMessageProcessingStepImages>
    </SdkMessageProcessingStep>
    <SdkMessageProcessingStep Name="TC.PowerApps.Plugins.Entities.UnplannedForecast.UnplannedForecast_PostUpdate: Update of ovs_unplannedforecast" SdkMessageProcessingStepId="{1a578b64-fa6f-ec11-8f8e-0022483c3c8c}">
      <SdkMessageId>20bebb1b-ea3e-db11-86a7-000a3a5473e8</SdkMessageId>
      <PluginTypeName>TC.PowerApps.Plugins.Entities.UnplannedForecast.UnplannedForecast_PostUpdate, TC.PowerApps.Plugins, Version=1.0.0.0, Culture=neutral, PublicKeyToken=4b2d7e786232fae7</PluginTypeName>
      <PluginTypeId>87842f85-b1a7-4432-a0a2-cd63f90ef6aa</PluginTypeId>
      <PrimaryEntity>ovs_unplannedforecast</PrimaryEntity>
      <AsyncAutoDelete>0</AsyncAutoDelete>
      <Description>TC.PowerApps.Plugins.Entities.UnplannedForecast.UnplannedForecast_PostUpdate: Update of ovs_unplannedforecast</Description>
      <FilteringAttributes></FilteringAttributes>
      <InvocationSource>1</InvocationSource>
      <Mode>0</Mode>
      <Rank>1</Rank>
      <EventHandlerTypeCode>4602</EventHandlerTypeCode>
      <Stage>40</Stage>
      <IsCustomizable>1</IsCustomizable>
      <IsHidden>0</IsHidden>
      <SupportedDeployment>0</SupportedDeployment>
      <IntroducedVersion>1.0</IntroducedVersion>
      <SdkMessageProcessingStepImages>
        <SdkMessageProcessingStepImage Name="ovs_unplannedforecast_postImage">
          <SdkMessageProcessingStepImageId>{35be5e76-fa6f-ec11-8f8e-0022483c3c8c}</SdkMessageProcessingStepImageId>
          <Attributes></Attributes>
          <EntityAlias>ovs_unplannedforecast_postImage</EntityAlias>
          <ImageType>1</ImageType>
          <MessagePropertyName>Target</MessagePropertyName>
          <IsCustomizable>1</IsCustomizable>
        </SdkMessageProcessingStepImage>
      </SdkMessageProcessingStepImages>
    </SdkMessageProcessingStep>
    <SdkMessageProcessingStep Name="TC.PowerApps.Plugins.Entities.Violation.Violation_PreCreate: Create of qm_syresult" SdkMessageProcessingStepId="{242668b5-9ea3-eb11-b1ac-000d3ae8b8ae}">
      <SdkMessageId>9ebdbb1b-ea3e-db11-86a7-000a3a5473e8</SdkMessageId>
      <PluginTypeName>TC.PowerApps.Plugins.Entities.Violation.Violation_PreCreate, TC.PowerApps.Plugins, Version=1.0.0.0, Culture=neutral, PublicKeyToken=4b2d7e786232fae7</PluginTypeName>
      <PluginTypeId>769a6d26-9e3e-489c-844b-7cabe42fd55a</PluginTypeId>
      <PrimaryEntity>qm_syresult</PrimaryEntity>
      <AsyncAutoDelete>0</AsyncAutoDelete>
      <Description>TC.PowerApps.Plugins.Entities.Violation.Violation_PreCreate: Create of qm_syresult</Description>
      <FilteringAttributes></FilteringAttributes>
      <InvocationSource>1</InvocationSource>
      <Mode>0</Mode>
      <Rank>1</Rank>
      <EventHandlerTypeCode>4602</EventHandlerTypeCode>
      <Stage>20</Stage>
      <IsCustomizable>1</IsCustomizable>
      <IsHidden>0</IsHidden>
      <SupportedDeployment>0</SupportedDeployment>
      <IntroducedVersion>1.0</IntroducedVersion>
      <SdkMessageProcessingStepImages />
    </SdkMessageProcessingStep>
    <SdkMessageProcessingStep Name="TC.PowerApps.Plugins.Entities.Violation.Violation_PreUpdate: Update of qm_syresult" SdkMessageProcessingStepId="{928b51e9-9ea3-eb11-b1ac-000d3ae8b8ae}">
      <SdkMessageId>20bebb1b-ea3e-db11-86a7-000a3a5473e8</SdkMessageId>
      <PluginTypeName>TC.PowerApps.Plugins.Entities.Violation.Violation_PreUpdate, TC.PowerApps.Plugins, Version=1.0.0.0, Culture=neutral, PublicKeyToken=4b2d7e786232fae7</PluginTypeName>
      <PluginTypeId>d5ac5cfa-e80e-46f8-8a98-3ff9598fb9bf</PluginTypeId>
      <PrimaryEntity>qm_syresult</PrimaryEntity>
      <AsyncAutoDelete>0</AsyncAutoDelete>
      <Description>TC.PowerApps.Plugins.Entities.Violation.Violation_PreUpdate: Update of qm_syresult</Description>
      <FilteringAttributes>qm_blobpath,tdg_certificatenumber,qm_approximatetotal,tdg_certificatetypecd,ovs_duedate,qm_enablingact,qm_enablingregulation,qm_externalcomments,importsequencenumber,qm_workorderid,qm_internalcomments,qm_isviolation,qm_samplesize,qm_name,qm_questionid,qm_referenceid,tdg_certificatesectionnumber,qm_responseid,qm_cysafetyassessmentid,tdg_templatenumber,qm_rclegislationid,qm_violationcount,qm_violationdisplayfrenchlabel,qm_violationdisplaylabel,qm_violationdisplaytext</FilteringAttributes>
      <InvocationSource>1</InvocationSource>
      <Mode>0</Mode>
      <Rank>1</Rank>
      <EventHandlerTypeCode>4602</EventHandlerTypeCode>
      <Stage>20</Stage>
      <IsCustomizable>1</IsCustomizable>
      <IsHidden>0</IsHidden>
      <SupportedDeployment>0</SupportedDeployment>
      <IntroducedVersion>1.0</IntroducedVersion>
      <SdkMessageProcessingStepImages>
        <SdkMessageProcessingStepImage Name="preImage">
          <SdkMessageProcessingStepImageId>{609ab31f-a8a3-eb11-b1ac-000d3ae8b93a}</SdkMessageProcessingStepImageId>
          <Attributes>qm_enablingact,qm_enablingregulation,qm_referenceid,qm_rclegislationid</Attributes>
          <EntityAlias>preImage</EntityAlias>
          <ImageType>0</ImageType>
          <MessagePropertyName>Target</MessagePropertyName>
          <IsCustomizable>1</IsCustomizable>
        </SdkMessageProcessingStepImage>
      </SdkMessageProcessingStepImages>
    </SdkMessageProcessingStep>
    <SdkMessageProcessingStep Name="TC.PowerApps.Plugins.Entities.WorkOrder.WorkOrder_PostCreateCEP: Create of msdyn_workorder" SdkMessageProcessingStepId="{2bbe310e-ca09-ec11-b6e6-000d3ae8f8cc}">
      <SdkMessageId>9ebdbb1b-ea3e-db11-86a7-000a3a5473e8</SdkMessageId>
      <PluginTypeName>TC.PowerApps.Plugins.Entities.WorkOrder.WorkOrder_PostCreateCEP, TC.PowerApps.Plugins, Version=1.0.0.0, Culture=neutral, PublicKeyToken=4b2d7e786232fae7</PluginTypeName>
      <PluginTypeId>027a8a52-77cf-485d-9f11-e0e579a4bac5</PluginTypeId>
      <PrimaryEntity>msdyn_workorder</PrimaryEntity>
      <AsyncAutoDelete>0</AsyncAutoDelete>
      <Description>TC.PowerApps.Plugins.Entities.WorkOrder.WorkOrder_PostCreateCEP: Create of msdyn_workorder</Description>
      <FilteringAttributes></FilteringAttributes>
      <InvocationSource>1</InvocationSource>
      <Mode>0</Mode>
      <Rank>2</Rank>
      <EventHandlerTypeCode>4602</EventHandlerTypeCode>
      <Stage>40</Stage>
      <IsCustomizable>1</IsCustomizable>
      <IsHidden>0</IsHidden>
      <SupportedDeployment>0</SupportedDeployment>
      <IntroducedVersion>1.0</IntroducedVersion>
      <SdkMessageProcessingStepImages />
    </SdkMessageProcessingStep>
    <SdkMessageProcessingStep Name="TC.PowerApps.Plugins.Entities.WorkOrder.WorkOrder_PostCreateSetOwner: Create of msdyn_workorder" SdkMessageProcessingStepId="{d7d0ad8a-84bd-eb11-bacc-0022483bbb9e}">
      <SdkMessageId>9ebdbb1b-ea3e-db11-86a7-000a3a5473e8</SdkMessageId>
      <PluginTypeName>TC.PowerApps.Plugins.Entities.WorkOrder.WorkOrder_PostCreateSetOwner, TC.PowerApps.Plugins, Version=1.0.0.0, Culture=neutral, PublicKeyToken=4b2d7e786232fae7</PluginTypeName>
      <PluginTypeId>c411332c-e4e5-49f8-a1fa-2687dbb4e911</PluginTypeId>
      <PrimaryEntity>msdyn_workorder</PrimaryEntity>
      <AsyncAutoDelete>0</AsyncAutoDelete>
      <Description>TC.PowerApps.Plugins.Entities.WorkOrder.WorkOrder_PostCreateSetOwner: Create of msdyn_workorder</Description>
      <FilteringAttributes></FilteringAttributes>
      <InvocationSource>1</InvocationSource>
      <Mode>0</Mode>
      <Rank>10</Rank>
      <EventHandlerTypeCode>4602</EventHandlerTypeCode>
      <Stage>40</Stage>
      <IsCustomizable>1</IsCustomizable>
      <IsHidden>0</IsHidden>
      <SupportedDeployment>0</SupportedDeployment>
      <IntroducedVersion>1.0</IntroducedVersion>
      <SdkMessageProcessingStepImages />
    </SdkMessageProcessingStep>
    <SdkMessageProcessingStep Name="TC.PowerApps.Plugins.Entities.WorkOrder.WorkOrder_PostStateChangeCloseRelatedRecords: Update of msdyn_workorder" SdkMessageProcessingStepId="{fd9c2806-66d7-eb11-bacb-0022483c5afb}">
      <SdkMessageId>20bebb1b-ea3e-db11-86a7-000a3a5473e8</SdkMessageId>
      <PluginTypeName>TC.PowerApps.Plugins.Entities.WorkOrder.WorkOrder_PostStateChangeCloseRelatedRecords, TC.PowerApps.Plugins, Version=1.0.0.0, Culture=neutral, PublicKeyToken=4b2d7e786232fae7</PluginTypeName>
      <PluginTypeId>639b1a7e-f852-4695-8fac-1a3550dce11d</PluginTypeId>
      <PrimaryEntity>msdyn_workorder</PrimaryEntity>
      <AsyncAutoDelete>0</AsyncAutoDelete>
      <Description>TC.PowerApps.Plugins.Entities.WorkOrder.WorkOrder_PostStateChangeCloseRelatedRecords: Update of msdyn_workorder</Description>
      <FilteringAttributes>statecode,statuscode</FilteringAttributes>
      <ImpersonatingUserIdName>tdg TDG-CORE</ImpersonatingUserIdName>
      <InvocationSource>1</InvocationSource>
      <Mode>0</Mode>
      <Rank>1</Rank>
      <EventHandlerTypeCode>4602</EventHandlerTypeCode>
      <Stage>40</Stage>
      <IsCustomizable>1</IsCustomizable>
      <IsHidden>0</IsHidden>
      <SupportedDeployment>0</SupportedDeployment>
      <IntroducedVersion>1.0</IntroducedVersion>
      <SdkMessageProcessingStepImages>
        <SdkMessageProcessingStepImage Name="PostImage">
          <SdkMessageProcessingStepImageId>{60c1a0dc-66d7-eb11-bacb-0022483c5afb}</SdkMessageProcessingStepImageId>
          <Attributes>statecode,statuscode</Attributes>
          <EntityAlias>PostImage</EntityAlias>
          <ImageType>1</ImageType>
          <MessagePropertyName>Target</MessagePropertyName>
          <IsCustomizable>1</IsCustomizable>
        </SdkMessageProcessingStepImage>
      </SdkMessageProcessingStepImages>
    </SdkMessageProcessingStep>
    <SdkMessageProcessingStep Name="TC.PowerApps.Plugins.Entities.WorkOrder.WorkOrder_PostUpdateOwnerSetForAllRelated: Update of msdyn_workorder" SdkMessageProcessingStepId="{ac43cdf5-4e2d-ed11-9db0-0022483cb62f}">
      <SdkMessageId>20bebb1b-ea3e-db11-86a7-000a3a5473e8</SdkMessageId>
      <PluginTypeName>TC.PowerApps.Plugins.Entities.WorkOrder.WorkOrder_PostUpdateOwnerSetForAllRelated, TC.PowerApps.Plugins, Version=1.0.0.0, Culture=neutral, PublicKeyToken=4b2d7e786232fae7</PluginTypeName>
      <PluginTypeId>ceef2bb4-26d7-4bc8-852c-c17875ddec48</PluginTypeId>
      <PrimaryEntity>msdyn_workorder</PrimaryEntity>
      <AsyncAutoDelete>0</AsyncAutoDelete>
      <Description>TC.PowerApps.Plugins.Entities.WorkOrder.WorkOrder_PostUpdateOwnerSetForAllRelated: Update of msdyn_workorder</Description>
      <FilteringAttributes>ownerid</FilteringAttributes>
      <InvocationSource>1</InvocationSource>
      <Mode>0</Mode>
      <Rank>1</Rank>
      <EventHandlerTypeCode>4602</EventHandlerTypeCode>
      <Stage>40</Stage>
      <IsCustomizable>1</IsCustomizable>
      <IsHidden>0</IsHidden>
      <SupportedDeployment>0</SupportedDeployment>
      <IntroducedVersion>1.0</IntroducedVersion>
      <SdkMessageProcessingStepImages />
    </SdkMessageProcessingStep>
    <SdkMessageProcessingStep Name="TC.PowerApps.Plugins.Entities.WorkOrder.WorkOrder_PostUpdateSecondoryInspector: Update of msdyn_workorder" SdkMessageProcessingStepId="{63b0f230-f83f-ed11-bba2-0022483cb62f}">
      <SdkMessageId>20bebb1b-ea3e-db11-86a7-000a3a5473e8</SdkMessageId>
      <PluginTypeName>TC.PowerApps.Plugins.Entities.WorkOrder.WorkOrder_PostUpdateSecondoryInspector, TC.PowerApps.Plugins, Version=1.0.0.0, Culture=neutral, PublicKeyToken=4b2d7e786232fae7</PluginTypeName>
      <PluginTypeId>83fcd479-a51d-4121-9eca-86ab89bdc121</PluginTypeId>
      <PrimaryEntity>msdyn_workorder</PrimaryEntity>
      <AsyncAutoDelete>0</AsyncAutoDelete>
      <Description>TC.PowerApps.Plugins.Entities.WorkOrder.WorkOrder_PostUpdateSecondoryInspector: Update of msdyn_workorder</Description>
      <FilteringAttributes>ovs_secondaryinspector</FilteringAttributes>
      <ImpersonatingUserIdName># TDG Core</ImpersonatingUserIdName>
      <InvocationSource>1</InvocationSource>
      <Mode>0</Mode>
      <Rank>1</Rank>
      <EventHandlerTypeCode>4602</EventHandlerTypeCode>
      <Stage>40</Stage>
      <IsCustomizable>1</IsCustomizable>
      <IsHidden>0</IsHidden>
      <SupportedDeployment>0</SupportedDeployment>
      <IntroducedVersion>1.0</IntroducedVersion>
      <SdkMessageProcessingStepImages />
    </SdkMessageProcessingStep>
    <SdkMessageProcessingStep Name="TC.PowerApps.Plugins.Entities.WorkOrder.WorkOrder_PostUpdateSetOwner: Update of msdyn_workorder" SdkMessageProcessingStepId="{72dc92db-83bd-eb11-bacc-0022483bbb9e}">
      <SdkMessageId>20bebb1b-ea3e-db11-86a7-000a3a5473e8</SdkMessageId>
      <PluginTypeName>TC.PowerApps.Plugins.Entities.WorkOrder.WorkOrder_PostUpdateSetOwner, TC.PowerApps.Plugins, Version=1.0.0.0, Culture=neutral, PublicKeyToken=4b2d7e786232fae7</PluginTypeName>
      <PluginTypeId>8150206a-c798-45d7-89f7-c4acab2b87f0</PluginTypeId>
      <PrimaryEntity>msdyn_workorder</PrimaryEntity>
      <AsyncAutoDelete>0</AsyncAutoDelete>
      <Description>TC.PowerApps.Plugins.Entities.WorkOrder.WorkOrder_PostUpdateSetOwner: Update of msdyn_workorder</Description>
      <FilteringAttributes>ovs_primaryinspector</FilteringAttributes>
      <InvocationSource>1</InvocationSource>
      <Mode>0</Mode>
      <Rank>10</Rank>
      <EventHandlerTypeCode>4602</EventHandlerTypeCode>
      <Stage>40</Stage>
      <IsCustomizable>1</IsCustomizable>
      <IsHidden>0</IsHidden>
      <SupportedDeployment>0</SupportedDeployment>
      <IntroducedVersion>1.0</IntroducedVersion>
      <SdkMessageProcessingStepImages />
    </SdkMessageProcessingStep>
    <SdkMessageProcessingStep Name="TC.PowerApps.Plugins.Entities.WorkOrder.WorkOrder_PreAssign: Assign of msdyn_workorder" SdkMessageProcessingStepId="{0994427e-0bb8-eb11-8236-0022483bc30f}">
      <SdkMessageId>8cbdbb1b-ea3e-db11-86a7-000a3a5473e8</SdkMessageId>
      <PluginTypeName>TC.PowerApps.Plugins.Entities.WorkOrder.WorkOrder_PreAssign, TC.PowerApps.Plugins, Version=1.0.0.0, Culture=neutral, PublicKeyToken=4b2d7e786232fae7</PluginTypeName>
      <PluginTypeId>e46cac02-528e-4142-a6d4-540bcc46aa45</PluginTypeId>
      <PrimaryEntity>msdyn_workorder</PrimaryEntity>
      <AsyncAutoDelete>0</AsyncAutoDelete>
      <Description>TC.PowerApps.Plugins.Entities.WorkOrder.WorkOrder_PreAssign: Assign of msdyn_workorder</Description>
      <FilteringAttributes></FilteringAttributes>
      <InvocationSource>0</InvocationSource>
      <Mode>0</Mode>
      <Rank>1</Rank>
      <EventHandlerTypeCode>4602</EventHandlerTypeCode>
      <Stage>20</Stage>
      <IsCustomizable>1</IsCustomizable>
      <IsHidden>0</IsHidden>
      <SupportedDeployment>0</SupportedDeployment>
      <IntroducedVersion>1.0</IntroducedVersion>
      <SdkMessageProcessingStepImages />
    </SdkMessageProcessingStep>
    <SdkMessageProcessingStep Name="TC.PowerApps.Plugins.Entities.WorkOrder.WorkOrder_PreCreate: Create of msdyn_workorder" SdkMessageProcessingStepId="{72f5d924-08a2-eb11-b1ac-000d3ae8b93a}">
      <SdkMessageId>9ebdbb1b-ea3e-db11-86a7-000a3a5473e8</SdkMessageId>
      <PluginTypeName>TC.PowerApps.Plugins.Entities.WorkOrder.WorkOrder_PreCreate, TC.PowerApps.Plugins, Version=1.0.0.0, Culture=neutral, PublicKeyToken=4b2d7e786232fae7</PluginTypeName>
      <PluginTypeId>fb862afa-7355-44f7-9d08-816cf3b70b58</PluginTypeId>
      <PrimaryEntity>msdyn_workorder</PrimaryEntity>
      <AsyncAutoDelete>0</AsyncAutoDelete>
      <Description>TC.PowerApps.Plugins.Entities.WorkOrder.WorkOrder_PreCreate: Create of msdyn_workorder</Description>
      <FilteringAttributes></FilteringAttributes>
      <InvocationSource>1</InvocationSource>
      <Mode>0</Mode>
      <Rank>1</Rank>
      <EventHandlerTypeCode>4602</EventHandlerTypeCode>
      <Stage>20</Stage>
      <IsCustomizable>1</IsCustomizable>
      <IsHidden>0</IsHidden>
      <SupportedDeployment>0</SupportedDeployment>
      <IntroducedVersion>1.0</IntroducedVersion>
      <SdkMessageProcessingStepImages />
    </SdkMessageProcessingStep>
    <SdkMessageProcessingStep Name="TC.PowerApps.Plugins.Entities.WorkOrder.WorkOrder_PreCreateFiscal: Create of msdyn_workorder" SdkMessageProcessingStepId="{58f69981-63c6-eb11-bacc-000d3af39889}">
      <SdkMessageId>9ebdbb1b-ea3e-db11-86a7-000a3a5473e8</SdkMessageId>
      <PluginTypeName>TC.PowerApps.Plugins.Entities.WorkOrder.WorkOrder_PreCreateFiscal, TC.PowerApps.Plugins, Version=1.0.0.0, Culture=neutral, PublicKeyToken=4b2d7e786232fae7</PluginTypeName>
      <PluginTypeId>fc50a4b6-d46d-4804-924b-5cb57439420c</PluginTypeId>
      <PrimaryEntity>msdyn_workorder</PrimaryEntity>
      <AsyncAutoDelete>0</AsyncAutoDelete>
      <Description>TC.PowerApps.Plugins.Entities.WorkOrder.WorkOrder_PreCreateFiscal: Create of msdyn_workorder</Description>
      <FilteringAttributes></FilteringAttributes>
      <InvocationSource>1</InvocationSource>
      <Mode>0</Mode>
      <Rank>5</Rank>
      <EventHandlerTypeCode>4602</EventHandlerTypeCode>
      <Stage>20</Stage>
      <IsCustomizable>1</IsCustomizable>
      <IsHidden>0</IsHidden>
      <SupportedDeployment>0</SupportedDeployment>
      <IntroducedVersion>1.0</IntroducedVersion>
      <SdkMessageProcessingStepImages />
    </SdkMessageProcessingStep>
    <SdkMessageProcessingStep Name="TC.PowerApps.Plugins.Entities.WorkOrder.WorkOrder_PreCreateSetEmail: Create of msdyn_workorder" SdkMessageProcessingStepId="{4bb8479a-1939-ed11-9db0-0022483cb62f}">
      <SdkMessageId>9ebdbb1b-ea3e-db11-86a7-000a3a5473e8</SdkMessageId>
      <PluginTypeName>TC.PowerApps.Plugins.Entities.WorkOrder.WorkOrder_PreCreateSetEmail, TC.PowerApps.Plugins, Version=1.0.0.0, Culture=neutral, PublicKeyToken=4b2d7e786232fae7</PluginTypeName>
      <PluginTypeId>7e6d2da6-9b6f-4b4d-bfab-2b315120c948</PluginTypeId>
      <PrimaryEntity>msdyn_workorder</PrimaryEntity>
      <AsyncAutoDelete>0</AsyncAutoDelete>
      <Description>TC.PowerApps.Plugins.Entities.WorkOrder.WorkOrder_PreCreateSetEmail: Create of msdyn_workorder</Description>
      <FilteringAttributes></FilteringAttributes>
      <InvocationSource>1</InvocationSource>
      <Mode>0</Mode>
      <Rank>1</Rank>
      <EventHandlerTypeCode>4602</EventHandlerTypeCode>
      <Stage>20</Stage>
      <IsCustomizable>1</IsCustomizable>
      <IsHidden>0</IsHidden>
      <SupportedDeployment>0</SupportedDeployment>
      <IntroducedVersion>1.0</IntroducedVersion>
      <SdkMessageProcessingStepImages />
    </SdkMessageProcessingStep>
    <SdkMessageProcessingStep Name="TC.PowerApps.Plugins.Entities.WorkOrder.WorkOrder_PreUpdate: Update of msdyn_workorder" SdkMessageProcessingStepId="{e5b5ed4e-08a2-eb11-b1ac-000d3ae8b93a}">
      <SdkMessageId>20bebb1b-ea3e-db11-86a7-000a3a5473e8</SdkMessageId>
      <PluginTypeName>TC.PowerApps.Plugins.Entities.WorkOrder.WorkOrder_PreUpdate, TC.PowerApps.Plugins, Version=1.0.0.0, Culture=neutral, PublicKeyToken=4b2d7e786232fae7</PluginTypeName>
      <PluginTypeId>5903a24b-2b37-4711-81ba-c2cc361d0aa1</PluginTypeId>
      <PrimaryEntity>msdyn_workorder</PrimaryEntity>
      <AsyncAutoDelete>0</AsyncAutoDelete>
      <Description>TC.PowerApps.Plugins.Entities.WorkOrder.WorkOrder_PreUpdate: Update of msdyn_workorder</Description>
      <FilteringAttributes>msdyn_systemstatus</FilteringAttributes>
      <InvocationSource>1</InvocationSource>
      <Mode>0</Mode>
      <Rank>1</Rank>
      <EventHandlerTypeCode>4602</EventHandlerTypeCode>
      <Stage>20</Stage>
      <IsCustomizable>1</IsCustomizable>
      <IsHidden>0</IsHidden>
      <SupportedDeployment>0</SupportedDeployment>
      <IntroducedVersion>1.0</IntroducedVersion>
      <SdkMessageProcessingStepImages>
        <SdkMessageProcessingStepImage Name="PreImage">
          <SdkMessageProcessingStepImageId>{ef2aa488-1aa2-eb11-b1ac-000d3ae8b93a}</SdkMessageProcessingStepImageId>
          <Attributes>msdyn_systemstatus</Attributes>
          <EntityAlias>PreImage</EntityAlias>
          <ImageType>0</ImageType>
          <MessagePropertyName>Target</MessagePropertyName>
          <IsCustomizable>1</IsCustomizable>
        </SdkMessageProcessingStepImage>
      </SdkMessageProcessingStepImages>
    </SdkMessageProcessingStep>
    <SdkMessageProcessingStep Name="TC.PowerApps.Plugins.Entities.WorkOrder.WorkOrder_PreUpdateFiscal: Update of msdyn_workorder" SdkMessageProcessingStepId="{e0201ab1-63c6-eb11-bacc-000d3af39889}">
      <SdkMessageId>20bebb1b-ea3e-db11-86a7-000a3a5473e8</SdkMessageId>
      <PluginTypeName>TC.PowerApps.Plugins.Entities.WorkOrder.WorkOrder_PreUpdateFiscal, TC.PowerApps.Plugins, Version=1.0.0.0, Culture=neutral, PublicKeyToken=4b2d7e786232fae7</PluginTypeName>
      <PluginTypeId>3b87d407-5eb5-4332-9d8f-669cd9043b2f</PluginTypeId>
      <PrimaryEntity>msdyn_workorder</PrimaryEntity>
      <AsyncAutoDelete>0</AsyncAutoDelete>
      <Description>TC.PowerApps.Plugins.Entities.WorkOrder.WorkOrder_PreUpdateFiscal: Update of msdyn_workorder</Description>
      <FilteringAttributes>ovs_fiscalquarter,ovs_revisedquarterid</FilteringAttributes>
      <InvocationSource>1</InvocationSource>
      <Mode>0</Mode>
      <Rank>5</Rank>
      <EventHandlerTypeCode>4602</EventHandlerTypeCode>
      <Stage>20</Stage>
      <IsCustomizable>1</IsCustomizable>
      <IsHidden>0</IsHidden>
      <SupportedDeployment>0</SupportedDeployment>
      <IntroducedVersion>1.0</IntroducedVersion>
      <SdkMessageProcessingStepImages>
        <SdkMessageProcessingStepImage Name="PreImage">
          <SdkMessageProcessingStepImageId>{67d320d4-65c6-eb11-bacc-000d3af39889}</SdkMessageProcessingStepImageId>
          <Attributes>ovs_currentfiscalquarter,ovs_fiscalquarter,ovs_revisedquarterid</Attributes>
          <EntityAlias>PreImage</EntityAlias>
          <ImageType>0</ImageType>
          <MessagePropertyName>Target</MessagePropertyName>
          <IsCustomizable>1</IsCustomizable>
        </SdkMessageProcessingStepImage>
      </SdkMessageProcessingStepImages>
    </SdkMessageProcessingStep>
    <SdkMessageProcessingStep Name="TC.PowerApps.Plugins.Entities.WorkOrder.WorkOrder_PreUpdatePrimaryIncident: Update of msdyn_workorder" SdkMessageProcessingStepId="{3d9bf209-5b2c-ec11-b6e6-0022483c628a}">
      <SdkMessageId>20bebb1b-ea3e-db11-86a7-000a3a5473e8</SdkMessageId>
      <PluginTypeName>TC.PowerApps.Plugins.Entities.WorkOrder.WorkOrder_PreUpdatePrimaryIncident, TC.PowerApps.Plugins, Version=1.0.0.0, Culture=neutral, PublicKeyToken=4b2d7e786232fae7</PluginTypeName>
      <PluginTypeId>ac23a2ba-1f50-481e-a7a5-a83f0d5ff259</PluginTypeId>
      <PrimaryEntity>msdyn_workorder</PrimaryEntity>
      <AsyncAutoDelete>0</AsyncAutoDelete>
      <Description>TC.PowerApps.Plugins.Entities.WorkOrder.WorkOrder_PreUpdatePrimaryIncident: Update of msdyn_workorder</Description>
      <FilteringAttributes>msdyn_primaryincidenttype</FilteringAttributes>
      <InvocationSource>1</InvocationSource>
      <Mode>0</Mode>
      <Rank>6</Rank>
      <EventHandlerTypeCode>4602</EventHandlerTypeCode>
      <Stage>20</Stage>
      <IsCustomizable>1</IsCustomizable>
      <IsHidden>0</IsHidden>
      <SupportedDeployment>0</SupportedDeployment>
      <IntroducedVersion>1.0</IntroducedVersion>
      <SdkMessageProcessingStepImages>
        <SdkMessageProcessingStepImage Name="PreImage">
          <SdkMessageProcessingStepImageId>{85ac12f6-f82c-ec11-b6e6-0022483c628a}</SdkMessageProcessingStepImageId>
          <Attributes>msdyn_primaryincidenttype</Attributes>
          <EntityAlias>PreImage</EntityAlias>
          <ImageType>0</ImageType>
          <MessagePropertyName>Target</MessagePropertyName>
          <IsCustomizable>1</IsCustomizable>
        </SdkMessageProcessingStepImage>
      </SdkMessageProcessingStepImages>
    </SdkMessageProcessingStep>
    <SdkMessageProcessingStep Name="TC.PowerApps.Plugins.Entities.WorkOrderCandidate.WOC_PostUpd_JustificationCheck: Update of ovs_workordercandidate" SdkMessageProcessingStepId="{66c4339e-76ab-ec11-983e-0022483d853b}">
      <SdkMessageId>20bebb1b-ea3e-db11-86a7-000a3a5473e8</SdkMessageId>
      <PluginTypeName>TC.PowerApps.Plugins.Entities.WorkOrderCandidate.WOC_PostUpd_JustificationCheck, TC.PowerApps.Plugins, Version=1.0.0.0, Culture=neutral, PublicKeyToken=4b2d7e786232fae7</PluginTypeName>
      <PluginTypeId>a6bc59c0-15b1-4782-b58e-84e3c4be7607</PluginTypeId>
      <PrimaryEntity>ovs_workordercandidate</PrimaryEntity>
      <AsyncAutoDelete>0</AsyncAutoDelete>
      <Description>TC.PowerApps.Plugins.Entities.WorkOrderCandidate.WOC_PostUpd_JustificationCheck: Update of ovs_workordercandidate</Description>
      <FilteringAttributes>ovs_regionflag</FilteringAttributes>
      <InvocationSource>1</InvocationSource>
      <Mode>0</Mode>
      <Rank>10</Rank>
      <EventHandlerTypeCode>4602</EventHandlerTypeCode>
      <Stage>40</Stage>
      <IsCustomizable>1</IsCustomizable>
      <IsHidden>0</IsHidden>
      <SupportedDeployment>0</SupportedDeployment>
      <IntroducedVersion>1.0</IntroducedVersion>
      <SdkMessageProcessingStepImages>
        <SdkMessageProcessingStepImage Name="PostImage">
          <SdkMessageProcessingStepImageId>{81cbf110-77ab-ec11-983e-0022483d853b}</SdkMessageProcessingStepImageId>
          <Attributes>ovs_hqflag,ovs_initialrecommendation,ovs_justification,ovs_name,ovs_oversighttype,ovs_cdpriorityscore,ovs_rationale,ovs_regionflag,ovs_regionalnop,ovs_cdriskscore,statecode,statuscode,ovs_workordercandidateid</Attributes>
          <EntityAlias>PostImage</EntityAlias>
          <ImageType>1</ImageType>
          <MessagePropertyName>Target</MessagePropertyName>
          <IsCustomizable>1</IsCustomizable>
        </SdkMessageProcessingStepImage>
      </SdkMessageProcessingStepImages>
    </SdkMessageProcessingStep>
    <SdkMessageProcessingStep Name="TC.PowerApps.Plugins.Entities.WorkOrderCandidate.WOC_SecurityHub: Update of ovs_workordercandidate" SdkMessageProcessingStepId="{19e45a38-b4ae-ec11-983e-000d3a84adbc}">
      <SdkMessageId>20bebb1b-ea3e-db11-86a7-000a3a5473e8</SdkMessageId>
      <PluginTypeName>TC.PowerApps.Plugins.Entities.WorkOrderCandidate.WOC_SecurityHub, TC.PowerApps.Plugins, Version=1.0.0.0, Culture=neutral, PublicKeyToken=4b2d7e786232fae7</PluginTypeName>
      <PluginTypeId>d8fcf45e-f5a9-4881-85c7-618fc6400b18</PluginTypeId>
      <PrimaryEntity>ovs_workordercandidate</PrimaryEntity>
      <AsyncAutoDelete>0</AsyncAutoDelete>
      <Description>TC.PowerApps.Plugins.Entities.WorkOrderCandidate.WOC_SecurityHub: Update of ovs_workordercandidate</Description>
      <FilteringAttributes></FilteringAttributes>
      <InvocationSource>0</InvocationSource>
      <Mode>0</Mode>
      <Rank>1</Rank>
      <EventHandlerTypeCode>4602</EventHandlerTypeCode>
      <Stage>10</Stage>
      <IsCustomizable>1</IsCustomizable>
      <IsHidden>0</IsHidden>
      <SupportedDeployment>0</SupportedDeployment>
      <IntroducedVersion>1.0</IntroducedVersion>
      <SdkMessageProcessingStepImages>
        <SdkMessageProcessingStepImage Name="PreImage">
          <SdkMessageProcessingStepImageId>{6e1f347a-b4ae-ec11-983e-000d3a84adbc}</SdkMessageProcessingStepImageId>
          <Attributes></Attributes>
          <EntityAlias>PreImage</EntityAlias>
          <ImageType>0</ImageType>
          <MessagePropertyName>Target</MessagePropertyName>
          <IsCustomizable>1</IsCustomizable>
        </SdkMessageProcessingStepImage>
      </SdkMessageProcessingStepImages>
    </SdkMessageProcessingStep>
    <SdkMessageProcessingStep Name="TC.PowerApps.Plugins.Entities.WorkOrderCandidate.WorkOrderCandidate_PostUpdate: Update of ovs_workordercandidate" SdkMessageProcessingStepId="{534d0480-83a4-ec11-b3fe-0022483c4a6f}">
      <SdkMessageId>20bebb1b-ea3e-db11-86a7-000a3a5473e8</SdkMessageId>
      <PluginTypeName>TC.PowerApps.Plugins.Entities.WorkOrderCandidate.WorkOrderCandidate_PostUpdate, TC.PowerApps.Plugins, Version=1.0.0.0, Culture=neutral, PublicKeyToken=4b2d7e786232fae7</PluginTypeName>
      <PluginTypeId>2c9fce03-ba3b-4678-bbce-adb066b5297f</PluginTypeId>
      <PrimaryEntity>ovs_workordercandidate</PrimaryEntity>
      <AsyncAutoDelete>1</AsyncAutoDelete>
      <Description>TC.PowerApps.Plugins.Entities.WorkOrderCandidate.WorkOrderCandidate_PostUpdate: Update of ovs_workordercandidate</Description>
      <FilteringAttributes>ovs_generate_wo</FilteringAttributes>
      <InvocationSource>1</InvocationSource>
      <Mode>1</Mode>
      <Rank>1</Rank>
      <EventHandlerTypeCode>4602</EventHandlerTypeCode>
      <Stage>40</Stage>
      <IsCustomizable>1</IsCustomizable>
      <IsHidden>0</IsHidden>
      <SupportedDeployment>0</SupportedDeployment>
      <IntroducedVersion>1.0</IntroducedVersion>
      <SdkMessageProcessingStepImages>
        <SdkMessageProcessingStepImage Name="PostImage">
          <SdkMessageProcessingStepImageId>{1603d99d-83a4-ec11-b3fe-0022483c4a6f}</SdkMessageProcessingStepImageId>
          <Attributes></Attributes>
          <EntityAlias>PostImage</EntityAlias>
          <ImageType>1</ImageType>
          <MessagePropertyName>Target</MessagePropertyName>
          <IsCustomizable>1</IsCustomizable>
        </SdkMessageProcessingStepImage>
      </SdkMessageProcessingStepImages>
    </SdkMessageProcessingStep>
    <SdkMessageProcessingStep Name="TC.PowerApps.Plugins.Entities.WorkOrderCandidate.WorkOrderCandidate_PreCreate: Create of ovs_workordercandidate" SdkMessageProcessingStepId="{bb80f9e9-6179-ec11-8d20-000d3aff1221}">
      <SdkMessageId>9ebdbb1b-ea3e-db11-86a7-000a3a5473e8</SdkMessageId>
      <PluginTypeName>TC.PowerApps.Plugins.Entities.WorkOrderCandidate.WorkOrderCandidate_PreCreate, TC.PowerApps.Plugins, Version=1.0.0.0, Culture=neutral, PublicKeyToken=4b2d7e786232fae7</PluginTypeName>
      <PluginTypeId>34374d17-f593-4948-89e3-3ecf24058ddb</PluginTypeId>
      <PrimaryEntity>ovs_workordercandidate</PrimaryEntity>
      <AsyncAutoDelete>0</AsyncAutoDelete>
      <Description>TC.PowerApps.Plugins.Entities.WorkOrderCandidate.WorkOrderCandidate_PreCreate: Create of ovs_workordercandidate</Description>
      <FilteringAttributes></FilteringAttributes>
      <InvocationSource>1</InvocationSource>
      <Mode>0</Mode>
      <Rank>1</Rank>
      <EventHandlerTypeCode>4602</EventHandlerTypeCode>
      <Stage>20</Stage>
      <IsCustomizable>1</IsCustomizable>
      <IsHidden>0</IsHidden>
      <SupportedDeployment>0</SupportedDeployment>
      <IntroducedVersion>1.0</IntroducedVersion>
      <SdkMessageProcessingStepImages />
    </SdkMessageProcessingStep>
    <SdkMessageProcessingStep Name="TC.PowerApps.Plugins.Entities.WorkOrderCandidate.WorkOrderCandidate_PreUpdate: Update of ovs_workordercandidate" SdkMessageProcessingStepId="{b17bde4d-3a84-ec11-8d20-000d3a84c476}">
      <SdkMessageId>20bebb1b-ea3e-db11-86a7-000a3a5473e8</SdkMessageId>
      <PluginTypeName>TC.PowerApps.Plugins.Entities.WorkOrderCandidate.WorkOrderCandidate_PreUpdate, TC.PowerApps.Plugins, Version=1.0.0.0, Culture=neutral, PublicKeyToken=4b2d7e786232fae7</PluginTypeName>
      <PluginTypeId>c2000d79-aa09-43ef-b3c8-33ffd73d3f98</PluginTypeId>
      <PrimaryEntity>ovs_workordercandidate</PrimaryEntity>
      <AsyncAutoDelete>0</AsyncAutoDelete>
      <Description>TC.PowerApps.Plugins.Entities.WorkOrderCandidate.WorkOrderCandidate_PreUpdate: Update of ovs_workordercandidate</Description>
      <FilteringAttributes></FilteringAttributes>
      <InvocationSource>1</InvocationSource>
      <Mode>0</Mode>
      <Rank>1</Rank>
      <EventHandlerTypeCode>4602</EventHandlerTypeCode>
      <Stage>20</Stage>
      <IsCustomizable>1</IsCustomizable>
      <IsHidden>0</IsHidden>
      <SupportedDeployment>0</SupportedDeployment>
      <IntroducedVersion>1.0</IntroducedVersion>
      <SdkMessageProcessingStepImages />
    </SdkMessageProcessingStep>
  </SdkMessageProcessingSteps>
  <EntityDataProviders />
  <Languages>
    <Language>1033</Language>
    <Language>1036</Language>
  </Languages>
</ImportExportXml>