<ImportExportXml version="9.2.22091.172" SolutionPackageVersion="9.2" languagecode="1033" generatedBy="CrmLive" xmlns:xsi="http://www.w3.org/2001/XMLSchema-instance">
  <SolutionManifest>
    <UniqueName>TDGPlugins</UniqueName>
    <LocalizedNames>
      <LocalizedName description="TDG.Plugins" languagecode="1033" />
    </LocalizedNames>
    <Descriptions>
      <Description description="Main solution for TDG Inspection Related Plugins&#xA;1.0.0.1 - WO Pre Create and Pre Update were modified." languagecode="1033" />
    </Descriptions>
    <Version>1.2.0.49</Version>
    <Managed>0</Managed>
    <Publisher>
      <UniqueName>transportationofdangerousgoods</UniqueName>
      <LocalizedNames>
        <LocalizedName description="Transportation of Dangerous Goods" languagecode="1033" />
      </LocalizedNames>
      <Descriptions />
      <EMailAddress xsi:nil="true"></EMailAddress>
      <SupportingWebsiteUrl xsi:nil="true"></SupportingWebsiteUrl>
      <CustomizationPrefix>tdg</CustomizationPrefix>
      <CustomizationOptionValuePrefix>75077</CustomizationOptionValuePrefix>
      <Addresses>
        <Address>
          <AddressNumber>1</AddressNumber>
          <AddressTypeCode>1</AddressTypeCode>
          <City xsi:nil="true"></City>
          <County xsi:nil="true"></County>
          <Country xsi:nil="true"></Country>
          <Fax xsi:nil="true"></Fax>
          <FreightTermsCode xsi:nil="true"></FreightTermsCode>
          <ImportSequenceNumber xsi:nil="true"></ImportSequenceNumber>
          <Latitude xsi:nil="true"></Latitude>
          <Line1 xsi:nil="true"></Line1>
          <Line2 xsi:nil="true"></Line2>
          <Line3 xsi:nil="true"></Line3>
          <Longitude xsi:nil="true"></Longitude>
          <Name xsi:nil="true"></Name>
          <PostalCode xsi:nil="true"></PostalCode>
          <PostOfficeBox xsi:nil="true"></PostOfficeBox>
          <PrimaryContactName xsi:nil="true"></PrimaryContactName>
          <ShippingMethodCode>1</ShippingMethodCode>
          <StateOrProvince xsi:nil="true"></StateOrProvince>
          <Telephone1 xsi:nil="true"></Telephone1>
          <Telephone2 xsi:nil="true"></Telephone2>
          <Telephone3 xsi:nil="true"></Telephone3>
          <TimeZoneRuleVersionNumber xsi:nil="true"></TimeZoneRuleVersionNumber>
          <UPSZone xsi:nil="true"></UPSZone>
          <UTCOffset xsi:nil="true"></UTCOffset>
          <UTCConversionTimeZoneCode xsi:nil="true"></UTCConversionTimeZoneCode>
        </Address>
        <Address>
          <AddressNumber>2</AddressNumber>
          <AddressTypeCode>1</AddressTypeCode>
          <City xsi:nil="true"></City>
          <County xsi:nil="true"></County>
          <Country xsi:nil="true"></Country>
          <Fax xsi:nil="true"></Fax>
          <FreightTermsCode xsi:nil="true"></FreightTermsCode>
          <ImportSequenceNumber xsi:nil="true"></ImportSequenceNumber>
          <Latitude xsi:nil="true"></Latitude>
          <Line1 xsi:nil="true"></Line1>
          <Line2 xsi:nil="true"></Line2>
          <Line3 xsi:nil="true"></Line3>
          <Longitude xsi:nil="true"></Longitude>
          <Name xsi:nil="true"></Name>
          <PostalCode xsi:nil="true"></PostalCode>
          <PostOfficeBox xsi:nil="true"></PostOfficeBox>
          <PrimaryContactName xsi:nil="true"></PrimaryContactName>
          <ShippingMethodCode>1</ShippingMethodCode>
          <StateOrProvince xsi:nil="true"></StateOrProvince>
          <Telephone1 xsi:nil="true"></Telephone1>
          <Telephone2 xsi:nil="true"></Telephone2>
          <Telephone3 xsi:nil="true"></Telephone3>
          <TimeZoneRuleVersionNumber xsi:nil="true"></TimeZoneRuleVersionNumber>
          <UPSZone xsi:nil="true"></UPSZone>
          <UTCOffset xsi:nil="true"></UTCOffset>
          <UTCConversionTimeZoneCode xsi:nil="true"></UTCConversionTimeZoneCode>
        </Address>
      </Addresses>
    </Publisher>
    <RootComponents>
      <RootComponent type="91" id="{2df28fe0-0c70-44c3-b878-e6ffd33b4eb5}" schemaName="TC.PowerApps.Plugins, Version=1.0.0.0, Culture=neutral, PublicKeyToken=4b2d7e786232fae7" behavior="0" />
      <RootComponent type="92" id="{0994427e-0bb8-eb11-8236-0022483bc30f}" behavior="0" />
      <RootComponent type="92" id="{1493f07b-f443-ec11-8c62-0022483be646}" behavior="0" />
      <RootComponent type="92" id="{19e45a38-b4ae-ec11-983e-000d3a84adbc}" behavior="0" />
      <RootComponent type="92" id="{1a578b64-fa6f-ec11-8f8e-0022483c3c8c}" behavior="0" />
      <RootComponent type="92" id="{208756ba-ee9f-ec11-b3fe-000d3a0c84c3}" behavior="0" />
      <RootComponent type="92" id="{242668b5-9ea3-eb11-b1ac-000d3ae8b8ae}" behavior="0" />
      <RootComponent type="92" id="{2bbe310e-ca09-ec11-b6e6-000d3ae8f8cc}" behavior="0" />
      <RootComponent type="92" id="{3359752f-297a-eb11-a812-000d3af31ad8}" behavior="0" />
      <RootComponent type="92" id="{33ef25c3-4538-ed11-9db0-0022483cb62f}" behavior="0" />
      <RootComponent type="92" id="{3d9bf209-5b2c-ec11-b6e6-0022483c628a}" behavior="0" />
      <RootComponent type="92" id="{3de661f1-d11b-ec11-b6e7-000d3ae9b59b}" behavior="0" />
      <RootComponent type="92" id="{534d0480-83a4-ec11-b3fe-0022483c4a6f}" behavior="0" />
      <RootComponent type="92" id="{57e48fe6-5946-ec11-8c62-0022483cc809}" behavior="0" />
      <RootComponent type="92" id="{58f69981-63c6-eb11-bacc-000d3af39889}" behavior="0" />
      <RootComponent type="92" id="{66c4339e-76ab-ec11-983e-0022483d853b}" behavior="0" />
      <RootComponent type="92" id="{7250b0cc-586e-ec11-8f8e-0022483c3c8c}" behavior="0" />
      <RootComponent type="92" id="{72dc92db-83bd-eb11-bacc-0022483bbb9e}" behavior="0" />
      <RootComponent type="92" id="{72f5d924-08a2-eb11-b1ac-000d3ae8b93a}" behavior="0" />
      <RootComponent type="92" id="{74b4ed13-1494-ec11-b3fe-000d3a0c187c}" behavior="0" />
      <RootComponent type="92" id="{7de007e3-d11b-ec11-b6e7-000d3ae9b59b}" behavior="0" />
      <RootComponent type="92" id="{82133274-eabf-ec11-983e-0022483db7ff}" behavior="0" />
      <RootComponent type="92" id="{88adf45a-596e-ec11-8f8e-0022483c3c8c}" behavior="0" />
      <RootComponent type="92" id="{8be10cf5-3f38-ed11-9db0-0022483cb62f}" behavior="0" />
      <RootComponent type="92" id="{8d59af83-5d46-ec11-8c62-0022483cc809}" behavior="0" />
      <RootComponent type="92" id="{928b51e9-9ea3-eb11-b1ac-000d3ae8b8ae}" behavior="0" />
      <RootComponent type="92" id="{99032ce7-268b-eb11-b1ac-000d3ae92932}" behavior="0" />
      <RootComponent type="92" id="{996c5873-dc3c-ec11-8c62-0022483d7564}" behavior="0" />
      <RootComponent type="92" id="{99d0165c-0694-ec11-b3fe-000d3a0c0174}" behavior="0" />
      <RootComponent type="92" id="{a872a6be-72fb-eb11-94ef-0022483bb3ca}" behavior="0" />
      <RootComponent type="92" id="{ac43cdf5-4e2d-ed11-9db0-0022483cb62f}" behavior="0" />
      <RootComponent type="92" id="{aebee8b6-753e-ec11-8c62-0022483d71b4}" behavior="0" />
      <RootComponent type="92" id="{b17bde4d-3a84-ec11-8d20-000d3a84c476}" behavior="0" />
      <RootComponent type="92" id="{bb80f9e9-6179-ec11-8d20-000d3aff1221}" behavior="0" />
      <RootComponent type="92" id="{bc222fed-113c-ec11-8c62-0022483d71b4}" behavior="0" />
      <RootComponent type="92" id="{bdb7e315-297a-eb11-a812-000d3af31ad8}" behavior="0" />
      <RootComponent type="92" id="{c04cc49e-297a-eb11-a812-000d3af31ad8}" behavior="0" />
      <RootComponent type="92" id="{d7d0ad8a-84bd-eb11-bacc-0022483bbb9e}" behavior="0" />
      <RootComponent type="92" id="{db84fda4-753e-ec11-8c62-0022483d71b4}" behavior="0" />
      <RootComponent type="92" id="{e0201ab1-63c6-eb11-bacc-000d3af39889}" behavior="0" />
      <RootComponent type="92" id="{e5b5ed4e-08a2-eb11-b1ac-000d3ae8b93a}" behavior="0" />
      <RootComponent type="92" id="{ea8c5033-3d38-ed11-9db0-0022483cb62f}" behavior="0" />
      <RootComponent type="92" id="{fd9c2806-66d7-eb11-bacb-0022483c5afb}" behavior="0" />
    </RootComponents>
    <MissingDependencies>
      <MissingDependency>
        <Required type="1" schemaName="bookableresourcebooking" displayName="Booking" solution="msdynce_Scheduling (9.0.0.0)" />
        <Dependent type="92" displayName="TC.PowerApps.Plugins.Entities.Booking.Booking_PreStateChange: Update of bookableresourcebooking" id="{a872a6be-72fb-eb11-94ef-0022483bb3ca}" />
      </MissingDependency>
      <MissingDependency>
        <Required type="1" schemaName="bookableresourcebooking" displayName="Booking" solution="msdynce_Scheduling (9.0.0.0)" />
        <Dependent type="93" id="{a7f4f555-79fb-eb11-94ef-0022483bb3ca}" />
      </MissingDependency>
      <MissingDependency>
        <Required type="1" schemaName="msdyn_workorder" displayName="Work Order" solution="FieldService (8.8.0.88)">
          <package>FieldService_Anchor (8.8.73.63)</package>
        </Required>
        <Dependent type="92" displayName="TC.PowerApps.Plugins.Entities.WorkOrder.WorkOrder_PreAssign: Assign of msdyn_workorder" id="{0994427e-0bb8-eb11-8236-0022483bc30f}" />
      </MissingDependency>
      <MissingDependency>
        <Required type="1" schemaName="msdyn_workorder" displayName="Work Order" solution="FieldService (8.8.0.88)">
          <package>FieldService_Anchor (8.8.73.63)</package>
        </Required>
        <Dependent type="92" displayName="TC.PowerApps.Plugins.Entities.WorkOrder.WorkOrder_PostCreateCEP: Create of msdyn_workorder" id="{2bbe310e-ca09-ec11-b6e6-000d3ae8f8cc}" />
      </MissingDependency>
      <MissingDependency>
        <Required type="1" schemaName="msdyn_workorder" displayName="Work Order" solution="FieldService (8.8.0.88)">
          <package>FieldService_Anchor (8.8.73.63)</package>
        </Required>
        <Dependent type="92" displayName="TC.PowerApps.Plugins.Entities.WorkOrder.WorkOrder_PreUpdatePrimaryIncident: Update of msdyn_workorder" id="{3d9bf209-5b2c-ec11-b6e6-0022483c628a}" />
      </MissingDependency>
      <MissingDependency>
        <Required type="1" schemaName="msdyn_workorder" displayName="Work Order" solution="FieldService (8.8.0.88)">
          <package>FieldService_Anchor (8.8.73.63)</package>
        </Required>
        <Dependent type="92" displayName="TC.PowerApps.Plugins.Entities.WorkOrder.WorkOrder_PreCreateFiscal: Create of msdyn_workorder" id="{58f69981-63c6-eb11-bacc-000d3af39889}" />
      </MissingDependency>
      <MissingDependency>
        <Required type="1" schemaName="msdyn_workorder" displayName="Work Order" solution="FieldService (8.8.0.88)">
          <package>FieldService_Anchor (8.8.73.63)</package>
        </Required>
        <Dependent type="92" displayName="TC.PowerApps.Plugins.Entities.WorkOrder.WorkOrder_PostUpdateSetOwner: Update of msdyn_workorder" id="{72dc92db-83bd-eb11-bacc-0022483bbb9e}" />
      </MissingDependency>
      <MissingDependency>
        <Required type="1" schemaName="msdyn_workorder" displayName="Work Order" solution="FieldService (8.8.0.88)">
          <package>FieldService_Anchor (8.8.73.63)</package>
        </Required>
        <Dependent type="92" displayName="TC.PowerApps.Plugins.Entities.WorkOrder.WorkOrder_PreCreate: Create of msdyn_workorder" id="{72f5d924-08a2-eb11-b1ac-000d3ae8b93a}" />
      </MissingDependency>
      <MissingDependency>
        <Required type="1" schemaName="msdyn_workorder" displayName="Work Order" solution="FieldService (8.8.0.88)">
          <package>FieldService_Anchor (8.8.73.63)</package>
        </Required>
        <Dependent type="92" displayName="TC.PowerApps.Plugins.Entities.WorkOrder.WorkOrder_PostUpdateOwnerSetForAllRelated: Update of msdyn_workorder" id="{ac43cdf5-4e2d-ed11-9db0-0022483cb62f}" />
      </MissingDependency>
      <MissingDependency>
        <Required type="1" schemaName="msdyn_workorder" displayName="Work Order" solution="FieldService (8.8.0.88)">
          <package>FieldService_Anchor (8.8.73.63)</package>
        </Required>
        <Dependent type="92" displayName="TC.PowerApps.Plugins.Entities.WorkOrder.WorkOrder_PostCreateSetOwner: Create of msdyn_workorder" id="{d7d0ad8a-84bd-eb11-bacc-0022483bbb9e}" />
      </MissingDependency>
      <MissingDependency>
        <Required type="1" schemaName="msdyn_workorder" displayName="Work Order" solution="FieldService (8.8.0.88)">
          <package>FieldService_Anchor (8.8.73.63)</package>
        </Required>
        <Dependent type="92" displayName="TC.PowerApps.Plugins.Entities.WorkOrder.WorkOrder_PreUpdateFiscal: Update of msdyn_workorder" id="{e0201ab1-63c6-eb11-bacc-000d3af39889}" />
      </MissingDependency>
      <MissingDependency>
        <Required type="1" schemaName="msdyn_workorder" displayName="Work Order" solution="FieldService (8.8.0.88)">
          <package>FieldService_Anchor (8.8.73.63)</package>
        </Required>
        <Dependent type="92" displayName="TC.PowerApps.Plugins.Entities.WorkOrder.WorkOrder_PreUpdate: Update of msdyn_workorder" id="{e5b5ed4e-08a2-eb11-b1ac-000d3ae8b93a}" />
      </MissingDependency>
      <MissingDependency>
        <Required type="1" schemaName="msdyn_workorder" displayName="Work Order" solution="FieldService (8.8.0.88)">
          <package>FieldService_Anchor (8.8.73.63)</package>
        </Required>
        <Dependent type="92" displayName="TC.PowerApps.Plugins.Entities.WorkOrder.WorkOrder_PostStateChangeCloseRelatedRecords: Update of msdyn_workorder" id="{fd9c2806-66d7-eb11-bacb-0022483c5afb}" />
      </MissingDependency>
      <MissingDependency>
        <Required type="1" schemaName="msdyn_workorder" displayName="Work Order" solution="FieldService (8.8.0.88)">
          <package>FieldService_Anchor (8.8.73.63)</package>
        </Required>
        <Dependent type="93" id="{60c1a0dc-66d7-eb11-bacb-0022483c5afb}" />
      </MissingDependency>
      <MissingDependency>
        <Required type="1" schemaName="msdyn_workorder" displayName="Work Order" solution="FieldService (8.8.0.88)">
          <package>FieldService_Anchor (8.8.73.63)</package>
        </Required>
        <Dependent type="93" id="{67d320d4-65c6-eb11-bacc-000d3af39889}" />
      </MissingDependency>
      <MissingDependency>
        <Required type="1" schemaName="msdyn_workorder" displayName="Work Order" solution="FieldService (8.8.0.88)">
          <package>FieldService_Anchor (8.8.73.63)</package>
        </Required>
        <Dependent type="93" id="{85ac12f6-f82c-ec11-b6e6-0022483c628a}" />
      </MissingDependency>
      <MissingDependency>
        <Required type="1" schemaName="msdyn_workorder" displayName="Work Order" solution="FieldService (8.8.0.88)">
          <package>FieldService_Anchor (8.8.73.63)</package>
        </Required>
        <Dependent type="93" id="{ef2aa488-1aa2-eb11-b1ac-000d3ae8b93a}" />
      </MissingDependency>
      <MissingDependency>
        <Required type="1" schemaName="ovs_cdnop" displayName="NOP" solution="Active" />
        <Dependent type="92" displayName="TC.PowerApps.Plugins.Entities.NOP.NOP_PreCreate: Create of ovs_cdnop" id="{3de661f1-d11b-ec11-b6e7-000d3ae9b59b}" />
      </MissingDependency>
      <MissingDependency>
        <Required type="1" schemaName="ovs_cdnop" displayName="NOP" solution="Active" />
        <Dependent type="92" displayName="TC.PowerApps.Plugins.Entities.NOP.NOP_PostCreate: Create of ovs_cdnop" id="{7de007e3-d11b-ec11-b6e7-000d3ae9b59b}" />
      </MissingDependency>
      <MissingDependency>
        <Required type="1" schemaName="ovs_cdnop" displayName="NOP" solution="Active" />
        <Dependent type="93" id="{6424b450-d51b-ec11-b6e7-000d3ae9b59b}" />
      </MissingDependency>
      <MissingDependency>
        <Required type="1" schemaName="ovs_cdregionalnop" displayName="Regional NOP" solution="Active" />
        <Dependent type="92" displayName="TC.PowerApps.Plugins.Entities.RegionalNOP.RegionalNOP_PreCreate: Create of ovs_cdregionalnop" id="{aebee8b6-753e-ec11-8c62-0022483d71b4}" />
      </MissingDependency>
      <MissingDependency>
        <Required type="1" schemaName="ovs_cdregionalnop" displayName="Regional NOP" solution="Active" />
        <Dependent type="92" displayName="TC.PowerApps.Plugins.Entities.RegionalNOP.RegionalNOP_PostCreate: Create of ovs_cdregionalnop" id="{db84fda4-753e-ec11-8c62-0022483d71b4}" />
      </MissingDependency>
      <MissingDependency>
        <Required type="1" schemaName="ovs_confirmationofcompliance" displayName="Confirmation of Compliance" solution="Active" />
        <Dependent type="92" displayName="TC.PowerApps.Plugins.Entities.COC.COC_activity_PreDelete: Delete of ovs_confirmationofcompliance" id="{82133274-eabf-ec11-983e-0022483db7ff}" />
      </MissingDependency>
      <MissingDependency>
        <Required type="1" schemaName="ovs_cyaction" displayName="Enforcement Action" solution="Active" />
        <Dependent type="92" displayName="TC.PowerApps.Plugins.Entities.EnforcementAction.EnforcementAction_PreCreate: Create of ovs_cyaction" id="{1493f07b-f443-ec11-8c62-0022483be646}" />
      </MissingDependency>
      <MissingDependency>
        <Required type="1" schemaName="ovs_cyaction" displayName="Enforcement Action" solution="Active" />
        <Dependent type="92" displayName="TC.PowerApps.Plugins.Entities.EnforcementAction.EnforcementAction_PreUpdateStateChange: Update of ovs_cyaction" id="{996c5873-dc3c-ec11-8c62-0022483d7564}" />
      </MissingDependency>
      <MissingDependency>
        <Required type="1" schemaName="ovs_cysafetyassessment" displayName="Safety Assessment" solution="Active" />
        <Dependent type="92" displayName="TC.PowerApps.Plugins.Entities.SafetyAssessment.SafetyAssessment_PostStateChange: Update of ovs_cysafetyassessment" id="{99032ce7-268b-eb11-b1ac-000d3ae92932}" />
      </MissingDependency>
      <MissingDependency>
        <Required type="1" schemaName="ovs_cysafetyassessment" displayName="Safety Assessment" solution="Active" />
        <Dependent type="93" id="{98d46cfc-268b-eb11-b1ac-000d3ae92932}" />
      </MissingDependency>
      <MissingDependency>
        <Required type="1" schemaName="ovs_mocregistration" displayName="Operation" solution="Active" />
        <Dependent type="92" displayName="TC.PowerApps.Plugins.Entities.Operation.Operation_PreStateChange: Update of ovs_mocregistration" id="{208756ba-ee9f-ec11-b3fe-000d3a0c84c3}" />
      </MissingDependency>
      <MissingDependency>
        <Required type="1" schemaName="ovs_mocregistration" displayName="Operation" solution="Active" />
        <Dependent type="92" displayName="TC.PowerApps.Plugins.Entities.Operation.Operation_PreCreate: Create of ovs_mocregistration" id="{57e48fe6-5946-ec11-8c62-0022483cc809}" />
      </MissingDependency>
      <MissingDependency>
        <Required type="1" schemaName="ovs_mocregistration" displayName="Operation" solution="Active" />
        <Dependent type="92" displayName="TC.PowerApps.Plugins.Entities.Operation.Operation_PreUpdate: Update of ovs_mocregistration" id="{8d59af83-5d46-ec11-8c62-0022483cc809}" />
      </MissingDependency>
      <MissingDependency>
        <Required type="1" schemaName="ovs_mocregistration" displayName="Operation" solution="Active" />
        <Dependent type="93" id="{0fd04b24-5f46-ec11-8c62-0022483cc809}" />
      </MissingDependency>
      <MissingDependency>
        <Required type="1" schemaName="ovs_operationunnumber" displayName="Operation UN Number" solution="Active" />
        <Dependent type="92" displayName="TC.PowerApps.Plugins.Entities.OperationUN.OperationUN_PostCreate: Create of ovs_operationunnumber" id="{7250b0cc-586e-ec11-8f8e-0022483c3c8c}" />
      </MissingDependency>
      <MissingDependency>
        <Required type="1" schemaName="ovs_operationunnumber" displayName="Operation UN Number" solution="Active" />
        <Dependent type="92" displayName="TC.PowerApps.Plugins.Entities.OperationUN.OperationUN_PostUpdate: Update of ovs_operationunnumber" id="{88adf45a-596e-ec11-8f8e-0022483c3c8c}" />
      </MissingDependency>
      <MissingDependency>
        <Required type="1" schemaName="ovs_operationunnumber" displayName="Operation UN Number" solution="Active" />
        <Dependent type="93" id="{7f305224-596e-ec11-8f8e-0022483c3c8c}" />
      </MissingDependency>
      <MissingDependency>
        <Required type="1" schemaName="ovs_operationunnumber" displayName="Operation UN Number" solution="Active" />
        <Dependent type="93" id="{e217e76e-596e-ec11-8f8e-0022483c3c8c}" />
      </MissingDependency>
      <MissingDependency>
        <Required type="1" schemaName="ovs_unplannedforecast" displayName="Unplanned Forecast" solution="Active" />
        <Dependent type="92" displayName="TC.PowerApps.Plugins.Entities.UnplannedForecast.UnplannedForecast_PostUpdate: Update of ovs_unplannedforecast" id="{1a578b64-fa6f-ec11-8f8e-0022483c3c8c}" />
      </MissingDependency>
      <MissingDependency>
        <Required type="1" schemaName="ovs_unplannedforecast" displayName="Unplanned Forecast" solution="Active" />
        <Dependent type="93" id="{35be5e76-fa6f-ec11-8f8e-0022483c3c8c}" />
      </MissingDependency>
      <MissingDependency>
        <Required type="1" schemaName="ovs_workordercandidate" displayName="Work Order Candidate" solution="Active" />
        <Dependent type="92" displayName="TC.PowerApps.Plugins.Entities.WorkOrderCandidate.WOC_SecurityHub: Update of ovs_workordercandidate" id="{19e45a38-b4ae-ec11-983e-000d3a84adbc}" />
      </MissingDependency>
      <MissingDependency>
        <Required type="1" schemaName="ovs_workordercandidate" displayName="Work Order Candidate" solution="Active" />
        <Dependent type="92" displayName="TC.PowerApps.Plugins.Entities.WorkOrderCandidate.WorkOrderCandidate_PostUpdate: Update of ovs_workordercandidate" id="{534d0480-83a4-ec11-b3fe-0022483c4a6f}" />
      </MissingDependency>
      <MissingDependency>
        <Required type="1" schemaName="ovs_workordercandidate" displayName="Work Order Candidate" solution="Active" />
        <Dependent type="92" displayName="TC.PowerApps.Plugins.Entities.WorkOrderCandidate.WOC_PostUpd_JustificationCheck: Update of ovs_workordercandidate" id="{66c4339e-76ab-ec11-983e-0022483d853b}" />
      </MissingDependency>
      <MissingDependency>
        <Required type="1" schemaName="ovs_workordercandidate" displayName="Work Order Candidate" solution="Active" />
        <Dependent type="92" displayName="TC.PowerApps.Plugins.Entities.WorkOrderCandidate.WorkOrderCandidate_PreUpdate: Update of ovs_workordercandidate" id="{b17bde4d-3a84-ec11-8d20-000d3a84c476}" />
      </MissingDependency>
      <MissingDependency>
        <Required type="1" schemaName="ovs_workordercandidate" displayName="Work Order Candidate" solution="Active" />
        <Dependent type="92" displayName="TC.PowerApps.Plugins.Entities.WorkOrderCandidate.WorkOrderCandidate_PreCreate: Create of ovs_workordercandidate" id="{bb80f9e9-6179-ec11-8d20-000d3aff1221}" />
      </MissingDependency>
      <MissingDependency>
        <Required type="1" schemaName="ovs_workordercandidate" displayName="Work Order Candidate" solution="Active" />
        <Dependent type="93" id="{1603d99d-83a4-ec11-b3fe-0022483c4a6f}" />
      </MissingDependency>
      <MissingDependency>
        <Required type="1" schemaName="ovs_workordercandidate" displayName="Work Order Candidate" solution="Active" />
        <Dependent type="93" id="{6e1f347a-b4ae-ec11-983e-000d3a84adbc}" />
      </MissingDependency>
      <MissingDependency>
        <Required type="1" schemaName="ovs_workordercandidate" displayName="Work Order Candidate" solution="Active" />
        <Dependent type="93" id="{81cbf110-77ab-ec11-983e-0022483d853b}" />
      </MissingDependency>
      <MissingDependency>
        <Required type="1" schemaName="qm_syresult" displayName="Violation" solution="Active" />
        <Dependent type="92" displayName="TC.PowerApps.Plugins.Entities.Violation.Violation_PreCreate: Create of qm_syresult" id="{242668b5-9ea3-eb11-b1ac-000d3ae8b8ae}" />
      </MissingDependency>
      <MissingDependency>
        <Required type="1" schemaName="qm_syresult" displayName="Violation" solution="Active" />
        <Dependent type="92" displayName="TC.PowerApps.Plugins.Entities.Violation.Violation_PreUpdate: Update of qm_syresult" id="{928b51e9-9ea3-eb11-b1ac-000d3ae8b8ae}" />
      </MissingDependency>
      <MissingDependency>
        <Required type="1" schemaName="qm_syresult" displayName="Violation" solution="Active" />
        <Dependent type="93" id="{609ab31f-a8a3-eb11-b1ac-000d3ae8b93a}" />
      </MissingDependency>
      <MissingDependency>
        <Required type="1" schemaName="qm_sytemplate" displayName="Template" solution="Active" />
        <Dependent type="92" displayName="TC.PowerApps.Plugins.Entities.Template.Template_PostStateChange: Update of qm_sytemplate" id="{3359752f-297a-eb11-a812-000d3af31ad8}" />
      </MissingDependency>
      <MissingDependency>
        <Required type="1" schemaName="qm_sytemplate" displayName="Template" solution="Active" />
        <Dependent type="92" displayName="TC.PowerApps.Plugins.Entities.Template.Template_PostCreate: Create of qm_sytemplate" id="{bdb7e315-297a-eb11-a812-000d3af31ad8}" />
      </MissingDependency>
      <MissingDependency>
        <Required type="1" schemaName="qm_sytemplate" displayName="Template" solution="Active" />
        <Dependent type="92" displayName="TC.PowerApps.Plugins.Entities.Template.Template_PreUpdate: Update of qm_sytemplate" id="{c04cc49e-297a-eb11-a812-000d3af31ad8}" />
      </MissingDependency>
      <MissingDependency>
        <Required type="1" schemaName="qm_sytemplate" displayName="Template" solution="Active" />
        <Dependent type="93" id="{505a71c1-297a-eb11-a812-000d3af31ad8}" />
      </MissingDependency>
      <MissingDependency>
        <Required type="1" schemaName="qm_sytemplate" displayName="Template" solution="Active" />
        <Dependent type="93" id="{ecd1358b-297a-eb11-a812-000d3af31ad8}" />
      </MissingDependency>
      <MissingDependency>
        <Required type="2" schemaName="bookableresourcebookingid" displayName="Bookable Resource Booking" parentSchemaName="bookableresourcebooking" parentDisplayName="Booking" solution="msdynce_Scheduling (9.0.0.0)" />
        <Dependent type="93" id="{a7f4f555-79fb-eb11-94ef-0022483bb3ca}" />
      </MissingDependency>
      <MissingDependency>
        <Required type="2" schemaName="msdyn_workorder" displayName="Work Order" parentSchemaName="bookableresourcebooking" parentDisplayName="Booking" solution="FieldService (8.8.0.88)">
          <package>FieldService_Anchor (8.8.73.63)</package>
        </Required>
        <Dependent type="93" id="{a7f4f555-79fb-eb11-94ef-0022483bb3ca}" />
      </MissingDependency>
      <MissingDependency>
        <Required type="2" schemaName="ovs_plannedfiscalquarter" displayName="Planned Fiscal Quarter" parentSchemaName="bookableresourcebooking" parentDisplayName="Booking" solution="Active" />
        <Dependent type="93" id="{a7f4f555-79fb-eb11-94ef-0022483bb3ca}" />
      </MissingDependency>
      <MissingDependency>
        <Required type="2" schemaName="ovs_plannedfiscalyearid" displayName="Planned Fiscal Year" parentSchemaName="bookableresourcebooking" parentDisplayName="Booking" solution="Active" />
        <Dependent type="93" id="{a7f4f555-79fb-eb11-94ef-0022483bb3ca}" />
      </MissingDependency>
      <MissingDependency>
        <Required type="2" schemaName="ovs_revisedquarter" displayName="Revised Quarter" parentSchemaName="bookableresourcebooking" parentDisplayName="Booking" solution="Active" />
        <Dependent type="93" id="{a7f4f555-79fb-eb11-94ef-0022483bb3ca}" />
      </MissingDependency>
      <MissingDependency>
        <Required type="2" schemaName="statecode" displayName="Status" parentSchemaName="bookableresourcebooking" parentDisplayName="Booking" solution="msdynce_Scheduling (9.0.0.0)" />
        <Dependent type="92" displayName="TC.PowerApps.Plugins.Entities.Booking.Booking_PreStateChange: Update of bookableresourcebooking" id="{a872a6be-72fb-eb11-94ef-0022483bb3ca}" />
      </MissingDependency>
      <MissingDependency>
        <Required type="2" schemaName="msdyn_primaryincidenttype" displayName="Primary Incident Type" parentSchemaName="msdyn_workorder" parentDisplayName="Work Order" solution="FieldService (8.8.0.88)">
          <package>FieldService_Anchor (8.8.73.63)</package>
        </Required>
        <Dependent type="92" displayName="TC.PowerApps.Plugins.Entities.WorkOrder.WorkOrder_PreUpdatePrimaryIncident: Update of msdyn_workorder" id="{3d9bf209-5b2c-ec11-b6e6-0022483c628a}" />
      </MissingDependency>
      <MissingDependency>
        <Required type="2" schemaName="msdyn_primaryincidenttype" displayName="Primary Incident Type" parentSchemaName="msdyn_workorder" parentDisplayName="Work Order" solution="FieldService (8.8.0.88)">
          <package>FieldService_Anchor (8.8.73.63)</package>
        </Required>
        <Dependent type="93" id="{85ac12f6-f82c-ec11-b6e6-0022483c628a}" />
      </MissingDependency>
      <MissingDependency>
        <Required type="2" schemaName="msdyn_systemstatus" displayName="Record Status" parentSchemaName="msdyn_workorder" parentDisplayName="Work Order" solution="FieldService (8.8.0.88)">
          <package>FieldService_Anchor (8.8.73.63)</package>
        </Required>
        <Dependent type="92" displayName="TC.PowerApps.Plugins.Entities.WorkOrder.WorkOrder_PreUpdate: Update of msdyn_workorder" id="{e5b5ed4e-08a2-eb11-b1ac-000d3ae8b93a}" />
      </MissingDependency>
      <MissingDependency>
        <Required type="2" schemaName="msdyn_systemstatus" displayName="Record Status" parentSchemaName="msdyn_workorder" parentDisplayName="Work Order" solution="FieldService (8.8.0.88)">
          <package>FieldService_Anchor (8.8.73.63)</package>
        </Required>
        <Dependent type="93" id="{ef2aa488-1aa2-eb11-b1ac-000d3ae8b93a}" />
      </MissingDependency>
      <MissingDependency>
        <Required type="2" schemaName="ovs_currentfiscalquarter" displayName="Current Fiscal Quarter" parentSchemaName="msdyn_workorder" parentDisplayName="Work Order" solution="Active" />
        <Dependent type="93" id="{67d320d4-65c6-eb11-bacc-000d3af39889}" />
      </MissingDependency>
      <MissingDependency>
        <Required type="2" schemaName="ovs_fiscalquarter" displayName="Planned Fiscal Quarter" parentSchemaName="msdyn_workorder" parentDisplayName="Work Order" solution="Active" />
        <Dependent type="92" displayName="TC.PowerApps.Plugins.Entities.WorkOrder.WorkOrder_PreUpdateFiscal: Update of msdyn_workorder" id="{e0201ab1-63c6-eb11-bacc-000d3af39889}" />
      </MissingDependency>
      <MissingDependency>
        <Required type="2" schemaName="ovs_fiscalquarter" displayName="Planned Fiscal Quarter" parentSchemaName="msdyn_workorder" parentDisplayName="Work Order" solution="Active" />
        <Dependent type="93" id="{67d320d4-65c6-eb11-bacc-000d3af39889}" />
      </MissingDependency>
      <MissingDependency>
        <Required type="2" schemaName="ovs_primaryinspector" displayName="Primary Inspector" parentSchemaName="msdyn_workorder" parentDisplayName="Work Order" solution="Active" />
        <Dependent type="92" displayName="TC.PowerApps.Plugins.Entities.WorkOrder.WorkOrder_PostUpdateSetOwner: Update of msdyn_workorder" id="{72dc92db-83bd-eb11-bacc-0022483bbb9e}" />
      </MissingDependency>
      <MissingDependency>
        <Required type="2" schemaName="ovs_revisedquarterid" displayName="Revised Quarter" parentSchemaName="msdyn_workorder" parentDisplayName="Work Order" solution="Active" />
        <Dependent type="92" displayName="TC.PowerApps.Plugins.Entities.WorkOrder.WorkOrder_PreUpdateFiscal: Update of msdyn_workorder" id="{e0201ab1-63c6-eb11-bacc-000d3af39889}" />
      </MissingDependency>
      <MissingDependency>
        <Required type="2" schemaName="ovs_revisedquarterid" displayName="Revised Quarter" parentSchemaName="msdyn_workorder" parentDisplayName="Work Order" solution="Active" />
        <Dependent type="93" id="{67d320d4-65c6-eb11-bacc-000d3af39889}" />
      </MissingDependency>
      <MissingDependency>
        <Required type="2" schemaName="ownerid" displayName="Owner" parentSchemaName="msdyn_workorder" parentDisplayName="Work Order" solution="Active" />
        <Dependent type="92" displayName="TC.PowerApps.Plugins.Entities.WorkOrder.WorkOrder_PostUpdateOwnerSetForAllRelated: Update of msdyn_workorder" id="{ac43cdf5-4e2d-ed11-9db0-0022483cb62f}" />
      </MissingDependency>
      <MissingDependency>
        <Required type="2" schemaName="statecode" displayName="Status" parentSchemaName="msdyn_workorder" parentDisplayName="Work Order" solution="FieldService (8.8.0.88)">
          <package>FieldService_Anchor (8.8.73.63)</package>
        </Required>
        <Dependent type="92" displayName="TC.PowerApps.Plugins.Entities.WorkOrder.WorkOrder_PostStateChangeCloseRelatedRecords: Update of msdyn_workorder" id="{fd9c2806-66d7-eb11-bacb-0022483c5afb}" />
      </MissingDependency>
      <MissingDependency>
        <Required type="2" schemaName="statecode" displayName="Status" parentSchemaName="msdyn_workorder" parentDisplayName="Work Order" solution="FieldService (8.8.0.88)">
          <package>FieldService_Anchor (8.8.73.63)</package>
        </Required>
        <Dependent type="93" id="{60c1a0dc-66d7-eb11-bacb-0022483c5afb}" />
      </MissingDependency>
      <MissingDependency>
        <Required type="2" schemaName="statuscode" displayName="Status Reason" parentSchemaName="msdyn_workorder" parentDisplayName="Work Order" solution="FieldService (8.8.0.88)">
          <package>FieldService_Anchor (8.8.73.63)</package>
        </Required>
        <Dependent type="92" displayName="TC.PowerApps.Plugins.Entities.WorkOrder.WorkOrder_PostStateChangeCloseRelatedRecords: Update of msdyn_workorder" id="{fd9c2806-66d7-eb11-bacb-0022483c5afb}" />
      </MissingDependency>
      <MissingDependency>
        <Required type="2" schemaName="statuscode" displayName="Status Reason" parentSchemaName="msdyn_workorder" parentDisplayName="Work Order" solution="FieldService (8.8.0.88)">
          <package>FieldService_Anchor (8.8.73.63)</package>
        </Required>
        <Dependent type="93" id="{60c1a0dc-66d7-eb11-bacb-0022483c5afb}" />
      </MissingDependency>
      <MissingDependency>
        <Required type="2" schemaName="statecode" displayName="Activity Status" parentSchemaName="ovs_cyaction" parentDisplayName="Enforcement Action" solution="Active" />
        <Dependent type="92" displayName="TC.PowerApps.Plugins.Entities.EnforcementAction.EnforcementAction_PreUpdateStateChange: Update of ovs_cyaction" id="{996c5873-dc3c-ec11-8c62-0022483d7564}" />
      </MissingDependency>
      <MissingDependency>
        <Required type="2" schemaName="statuscode" displayName="Status Reason" parentSchemaName="ovs_cyaction" parentDisplayName="Enforcement Action" solution="Active" />
        <Dependent type="92" displayName="TC.PowerApps.Plugins.Entities.EnforcementAction.EnforcementAction_PreUpdateStateChange: Update of ovs_cyaction" id="{996c5873-dc3c-ec11-8c62-0022483d7564}" />
      </MissingDependency>
      <MissingDependency>
        <Required type="2" schemaName="statecode" displayName="Status" parentSchemaName="ovs_cysafetyassessment" parentDisplayName="Safety Assessment" solution="Active" />
        <Dependent type="92" displayName="TC.PowerApps.Plugins.Entities.SafetyAssessment.SafetyAssessment_PostStateChange: Update of ovs_cysafetyassessment" id="{99032ce7-268b-eb11-b1ac-000d3ae92932}" />
      </MissingDependency>
      <MissingDependency>
        <Required type="2" schemaName="statuscode" displayName="Status Reason" parentSchemaName="ovs_cysafetyassessment" parentDisplayName="Safety Assessment" solution="Active" />
        <Dependent type="92" displayName="TC.PowerApps.Plugins.Entities.SafetyAssessment.SafetyAssessment_PostStateChange: Update of ovs_cysafetyassessment" id="{99032ce7-268b-eb11-b1ac-000d3ae92932}" />
      </MissingDependency>
      <MissingDependency>
        <Required type="2" schemaName="ovs_operationtype" displayName="Operation Type" parentSchemaName="ovs_mocregistration" parentDisplayName="Operation" solution="Active" />
        <Dependent type="92" displayName="TC.PowerApps.Plugins.Entities.Operation.Operation_PreUpdate: Update of ovs_mocregistration" id="{8d59af83-5d46-ec11-8c62-0022483cc809}" />
      </MissingDependency>
      <MissingDependency>
        <Required type="2" schemaName="ovs_operationtype" displayName="Operation Type" parentSchemaName="ovs_mocregistration" parentDisplayName="Operation" solution="Active" />
        <Dependent type="93" id="{0fd04b24-5f46-ec11-8c62-0022483cc809}" />
      </MissingDependency>
      <MissingDependency>
        <Required type="2" schemaName="ovs_siteid" displayName="Site" parentSchemaName="ovs_mocregistration" parentDisplayName="Operation" solution="Active" />
        <Dependent type="92" displayName="TC.PowerApps.Plugins.Entities.Operation.Operation_PreUpdate: Update of ovs_mocregistration" id="{8d59af83-5d46-ec11-8c62-0022483cc809}" />
      </MissingDependency>
      <MissingDependency>
        <Required type="2" schemaName="ovs_siteid" displayName="Site" parentSchemaName="ovs_mocregistration" parentDisplayName="Operation" solution="Active" />
        <Dependent type="93" id="{0fd04b24-5f46-ec11-8c62-0022483cc809}" />
      </MissingDependency>
      <MissingDependency>
        <Required type="2" schemaName="statecode" displayName="Status" parentSchemaName="ovs_mocregistration" parentDisplayName="Operation" solution="Active" />
        <Dependent type="92" displayName="TC.PowerApps.Plugins.Entities.Operation.Operation_PreStateChange: Update of ovs_mocregistration" id="{208756ba-ee9f-ec11-b3fe-000d3a0c84c3}" />
      </MissingDependency>
      <MissingDependency>
        <Required type="2" schemaName="statuscode" displayName="Status Reason" parentSchemaName="ovs_mocregistration" parentDisplayName="Operation" solution="Active" />
        <Dependent type="92" displayName="TC.PowerApps.Plugins.Entities.Operation.Operation_PreStateChange: Update of ovs_mocregistration" id="{208756ba-ee9f-ec11-b3fe-000d3a0c84c3}" />
      </MissingDependency>
      <MissingDependency>
        <Required type="2" schemaName="ovs_name" displayName="Name" parentSchemaName="ovs_operationunnumber" parentDisplayName="Operation UN Number" solution="Active" />
        <Dependent type="93" id="{7f305224-596e-ec11-8f8e-0022483c3c8c}" />
      </MissingDependency>
      <MissingDependency>
        <Required type="2" schemaName="ovs_name" displayName="Name" parentSchemaName="ovs_operationunnumber" parentDisplayName="Operation UN Number" solution="Active" />
        <Dependent type="93" id="{e217e76e-596e-ec11-8f8e-0022483c3c8c}" />
      </MissingDependency>
      <MissingDependency>
        <Required type="2" schemaName="ovs_operationunnumber" displayName="Operation UN Number" parentSchemaName="ovs_operationunnumber" parentDisplayName="Operation UN Number" solution="Active" />
        <Dependent type="92" displayName="TC.PowerApps.Plugins.Entities.OperationUN.OperationUN_PostUpdate: Update of ovs_operationunnumber" id="{88adf45a-596e-ec11-8f8e-0022483c3c8c}" />
      </MissingDependency>
      <MissingDependency>
        <Required type="2" schemaName="ovs_operationunnumber" displayName="Operation UN Number" parentSchemaName="ovs_operationunnumber" parentDisplayName="Operation UN Number" solution="Active" />
        <Dependent type="93" id="{7f305224-596e-ec11-8f8e-0022483c3c8c}" />
      </MissingDependency>
      <MissingDependency>
        <Required type="2" schemaName="ovs_operationunnumber" displayName="Operation UN Number" parentSchemaName="ovs_operationunnumber" parentDisplayName="Operation UN Number" solution="Active" />
        <Dependent type="93" id="{e217e76e-596e-ec11-8f8e-0022483c3c8c}" />
      </MissingDependency>
      <MissingDependency>
        <Required type="2" schemaName="ovs_operationunnumberid" displayName="Operation UN Number" parentSchemaName="ovs_operationunnumber" parentDisplayName="Operation UN Number" solution="Active" />
        <Dependent type="93" id="{7f305224-596e-ec11-8f8e-0022483c3c8c}" />
      </MissingDependency>
      <MissingDependency>
        <Required type="2" schemaName="ovs_operationunnumberid" displayName="Operation UN Number" parentSchemaName="ovs_operationunnumber" parentDisplayName="Operation UN Number" solution="Active" />
        <Dependent type="93" id="{e217e76e-596e-ec11-8f8e-0022483c3c8c}" />
      </MissingDependency>
      <MissingDependency>
        <Required type="2" schemaName="ovs_supplychaindirection" displayName="Supply Chain Direction" parentSchemaName="ovs_operationunnumber" parentDisplayName="Operation UN Number" solution="Active" />
        <Dependent type="92" displayName="TC.PowerApps.Plugins.Entities.OperationUN.OperationUN_PostUpdate: Update of ovs_operationunnumber" id="{88adf45a-596e-ec11-8f8e-0022483c3c8c}" />
      </MissingDependency>
      <MissingDependency>
        <Required type="2" schemaName="ovs_supplychaindirection" displayName="Supply Chain Direction" parentSchemaName="ovs_operationunnumber" parentDisplayName="Operation UN Number" solution="Active" />
        <Dependent type="93" id="{7f305224-596e-ec11-8f8e-0022483c3c8c}" />
      </MissingDependency>
      <MissingDependency>
        <Required type="2" schemaName="ovs_supplychaindirection" displayName="Supply Chain Direction" parentSchemaName="ovs_operationunnumber" parentDisplayName="Operation UN Number" solution="Active" />
        <Dependent type="93" id="{e217e76e-596e-ec11-8f8e-0022483c3c8c}" />
      </MissingDependency>
      <MissingDependency>
        <Required type="2" schemaName="ovs_unnumber" displayName="UN Number" parentSchemaName="ovs_operationunnumber" parentDisplayName="Operation UN Number" solution="Active" />
        <Dependent type="92" displayName="TC.PowerApps.Plugins.Entities.OperationUN.OperationUN_PostUpdate: Update of ovs_operationunnumber" id="{88adf45a-596e-ec11-8f8e-0022483c3c8c}" />
      </MissingDependency>
      <MissingDependency>
        <Required type="2" schemaName="ovs_unnumber" displayName="UN Number" parentSchemaName="ovs_operationunnumber" parentDisplayName="Operation UN Number" solution="Active" />
        <Dependent type="93" id="{7f305224-596e-ec11-8f8e-0022483c3c8c}" />
      </MissingDependency>
      <MissingDependency>
        <Required type="2" schemaName="ovs_unnumber" displayName="UN Number" parentSchemaName="ovs_operationunnumber" parentDisplayName="Operation UN Number" solution="Active" />
        <Dependent type="93" id="{e217e76e-596e-ec11-8f8e-0022483c3c8c}" />
      </MissingDependency>
      <MissingDependency>
        <Required type="2" schemaName="ovs_cdpriorityscore" displayName="Priority Score" parentSchemaName="ovs_workordercandidate" parentDisplayName="Work Order Candidate" solution="Active" />
        <Dependent type="93" id="{81cbf110-77ab-ec11-983e-0022483d853b}" />
      </MissingDependency>
      <MissingDependency>
        <Required type="2" schemaName="ovs_cdriskscore" displayName="Risk Score" parentSchemaName="ovs_workordercandidate" parentDisplayName="Work Order Candidate" solution="Active" />
        <Dependent type="93" id="{81cbf110-77ab-ec11-983e-0022483d853b}" />
      </MissingDependency>
      <MissingDependency>
        <Required type="2" schemaName="ovs_generate_wo" displayName="generate_wo" parentSchemaName="ovs_workordercandidate" parentDisplayName="Work Order Candidate" solution="Active" />
        <Dependent type="92" displayName="TC.PowerApps.Plugins.Entities.WorkOrderCandidate.WorkOrderCandidate_PostUpdate: Update of ovs_workordercandidate" id="{534d0480-83a4-ec11-b3fe-0022483c4a6f}" />
      </MissingDependency>
      <MissingDependency>
        <Required type="2" schemaName="ovs_hqflag" displayName="HQ Flag" parentSchemaName="ovs_workordercandidate" parentDisplayName="Work Order Candidate" solution="Active" />
        <Dependent type="93" id="{81cbf110-77ab-ec11-983e-0022483d853b}" />
      </MissingDependency>
      <MissingDependency>
        <Required type="2" schemaName="ovs_initialrecommendation" displayName="Initial" parentSchemaName="ovs_workordercandidate" parentDisplayName="Work Order Candidate" solution="Active" />
        <Dependent type="93" id="{81cbf110-77ab-ec11-983e-0022483d853b}" />
      </MissingDependency>
      <MissingDependency>
        <Required type="2" schemaName="ovs_justification" displayName="Justification" parentSchemaName="ovs_workordercandidate" parentDisplayName="Work Order Candidate" solution="Active" />
        <Dependent type="93" id="{81cbf110-77ab-ec11-983e-0022483d853b}" />
      </MissingDependency>
      <MissingDependency>
        <Required type="2" schemaName="ovs_name" displayName="Name" parentSchemaName="ovs_workordercandidate" parentDisplayName="Work Order Candidate" solution="Active" />
        <Dependent type="93" id="{81cbf110-77ab-ec11-983e-0022483d853b}" />
      </MissingDependency>
      <MissingDependency>
        <Required type="2" schemaName="ovs_oversighttype" displayName="Oversight Type" parentSchemaName="ovs_workordercandidate" parentDisplayName="Work Order Candidate" solution="Active" />
        <Dependent type="93" id="{81cbf110-77ab-ec11-983e-0022483d853b}" />
      </MissingDependency>
      <MissingDependency>
        <Required type="2" schemaName="ovs_rationale" displayName="Rationale" parentSchemaName="ovs_workordercandidate" parentDisplayName="Work Order Candidate" solution="Active" />
        <Dependent type="93" id="{81cbf110-77ab-ec11-983e-0022483d853b}" />
      </MissingDependency>
      <MissingDependency>
        <Required type="2" schemaName="ovs_regionalnop" displayName="Regional NOP" parentSchemaName="ovs_workordercandidate" parentDisplayName="Work Order Candidate" solution="Active" />
        <Dependent type="93" id="{81cbf110-77ab-ec11-983e-0022483d853b}" />
      </MissingDependency>
      <MissingDependency>
        <Required type="2" schemaName="ovs_regionflag" displayName="Region Flag" parentSchemaName="ovs_workordercandidate" parentDisplayName="Work Order Candidate" solution="Active" />
        <Dependent type="92" displayName="TC.PowerApps.Plugins.Entities.WorkOrderCandidate.WOC_PostUpd_JustificationCheck: Update of ovs_workordercandidate" id="{66c4339e-76ab-ec11-983e-0022483d853b}" />
      </MissingDependency>
      <MissingDependency>
        <Required type="2" schemaName="ovs_regionflag" displayName="Region Flag" parentSchemaName="ovs_workordercandidate" parentDisplayName="Work Order Candidate" solution="Active" />
        <Dependent type="93" id="{81cbf110-77ab-ec11-983e-0022483d853b}" />
      </MissingDependency>
      <MissingDependency>
        <Required type="2" schemaName="ovs_workordercandidateid" displayName="Work Order Candidate" parentSchemaName="ovs_workordercandidate" parentDisplayName="Work Order Candidate" solution="Active" />
        <Dependent type="93" id="{81cbf110-77ab-ec11-983e-0022483d853b}" />
      </MissingDependency>
      <MissingDependency>
        <Required type="2" schemaName="statecode" displayName="Status" parentSchemaName="ovs_workordercandidate" parentDisplayName="Work Order Candidate" solution="Active" />
        <Dependent type="93" id="{81cbf110-77ab-ec11-983e-0022483d853b}" />
      </MissingDependency>
      <MissingDependency>
        <Required type="2" schemaName="statuscode" displayName="Status Reason" parentSchemaName="ovs_workordercandidate" parentDisplayName="Work Order Candidate" solution="Active" />
        <Dependent type="93" id="{81cbf110-77ab-ec11-983e-0022483d853b}" />
      </MissingDependency>
      <MissingDependency>
        <Required type="2" schemaName="importsequencenumber" displayName="Import Sequence Number" parentSchemaName="qm_syresult" parentDisplayName="Violation" solution="Active" />
        <Dependent type="92" displayName="TC.PowerApps.Plugins.Entities.Violation.Violation_PreUpdate: Update of qm_syresult" id="{928b51e9-9ea3-eb11-b1ac-000d3ae8b8ae}" />
      </MissingDependency>
      <MissingDependency>
        <Required type="2" schemaName="ovs_duedate" displayName="Confirmation of Compliance Due Date" parentSchemaName="qm_syresult" parentDisplayName="Violation" solution="Active" />
        <Dependent type="92" displayName="TC.PowerApps.Plugins.Entities.Violation.Violation_PreUpdate: Update of qm_syresult" id="{928b51e9-9ea3-eb11-b1ac-000d3ae8b8ae}" />
      </MissingDependency>
      <MissingDependency>
        <Required type="2" schemaName="qm_approximatetotal" displayName="Certificate Type" parentSchemaName="qm_syresult" parentDisplayName="Violation" solution="Active" />
        <Dependent type="92" displayName="TC.PowerApps.Plugins.Entities.Violation.Violation_PreUpdate: Update of qm_syresult" id="{928b51e9-9ea3-eb11-b1ac-000d3ae8b8ae}" />
      </MissingDependency>
      <MissingDependency>
        <Required type="2" schemaName="qm_blobpath" displayName="blobpath" parentSchemaName="qm_syresult" parentDisplayName="Violation" solution="Active" />
        <Dependent type="92" displayName="TC.PowerApps.Plugins.Entities.Violation.Violation_PreUpdate: Update of qm_syresult" id="{928b51e9-9ea3-eb11-b1ac-000d3ae8b8ae}" />
      </MissingDependency>
      <MissingDependency>
        <Required type="2" schemaName="qm_cysafetyassessmentid" displayName="Safety Assessment" parentSchemaName="qm_syresult" parentDisplayName="Violation" solution="Active" />
        <Dependent type="92" displayName="TC.PowerApps.Plugins.Entities.Violation.Violation_PreUpdate: Update of qm_syresult" id="{928b51e9-9ea3-eb11-b1ac-000d3ae8b8ae}" />
      </MissingDependency>
      <MissingDependency>
        <Required type="2" schemaName="qm_enablingact" displayName="Enabling Act" parentSchemaName="qm_syresult" parentDisplayName="Violation" solution="Active" />
        <Dependent type="92" displayName="TC.PowerApps.Plugins.Entities.Violation.Violation_PreUpdate: Update of qm_syresult" id="{928b51e9-9ea3-eb11-b1ac-000d3ae8b8ae}" />
      </MissingDependency>
      <MissingDependency>
        <Required type="2" schemaName="qm_enablingact" displayName="Enabling Act" parentSchemaName="qm_syresult" parentDisplayName="Violation" solution="Active" />
        <Dependent type="93" id="{609ab31f-a8a3-eb11-b1ac-000d3ae8b93a}" />
      </MissingDependency>
      <MissingDependency>
        <Required type="2" schemaName="qm_enablingregulation" displayName="Enabling Regulation" parentSchemaName="qm_syresult" parentDisplayName="Violation" solution="Active" />
        <Dependent type="92" displayName="TC.PowerApps.Plugins.Entities.Violation.Violation_PreUpdate: Update of qm_syresult" id="{928b51e9-9ea3-eb11-b1ac-000d3ae8b8ae}" />
      </MissingDependency>
      <MissingDependency>
        <Required type="2" schemaName="qm_enablingregulation" displayName="Enabling Regulation" parentSchemaName="qm_syresult" parentDisplayName="Violation" solution="Active" />
        <Dependent type="93" id="{609ab31f-a8a3-eb11-b1ac-000d3ae8b93a}" />
      </MissingDependency>
      <MissingDependency>
        <Required type="2" schemaName="qm_externalcomments" displayName="External Comments / Action Required" parentSchemaName="qm_syresult" parentDisplayName="Violation" solution="Active" />
        <Dependent type="92" displayName="TC.PowerApps.Plugins.Entities.Violation.Violation_PreUpdate: Update of qm_syresult" id="{928b51e9-9ea3-eb11-b1ac-000d3ae8b8ae}" />
      </MissingDependency>
      <MissingDependency>
        <Required type="2" schemaName="qm_internalcomments" displayName="Internal Comments" parentSchemaName="qm_syresult" parentDisplayName="Violation" solution="Active" />
        <Dependent type="92" displayName="TC.PowerApps.Plugins.Entities.Violation.Violation_PreUpdate: Update of qm_syresult" id="{928b51e9-9ea3-eb11-b1ac-000d3ae8b8ae}" />
      </MissingDependency>
      <MissingDependency>
        <Required type="2" schemaName="qm_isviolation" displayName="Is Violation" parentSchemaName="qm_syresult" parentDisplayName="Violation" solution="Active" />
        <Dependent type="92" displayName="TC.PowerApps.Plugins.Entities.Violation.Violation_PreUpdate: Update of qm_syresult" id="{928b51e9-9ea3-eb11-b1ac-000d3ae8b8ae}" />
      </MissingDependency>
      <MissingDependency>
        <Required type="2" schemaName="qm_name" displayName="Provision" parentSchemaName="qm_syresult" parentDisplayName="Violation" solution="Active" />
        <Dependent type="92" displayName="TC.PowerApps.Plugins.Entities.Violation.Violation_PreUpdate: Update of qm_syresult" id="{928b51e9-9ea3-eb11-b1ac-000d3ae8b8ae}" />
      </MissingDependency>
      <MissingDependency>
        <Required type="2" schemaName="qm_questionid" displayName="Question" parentSchemaName="qm_syresult" parentDisplayName="Violation" solution="Active" />
        <Dependent type="92" displayName="TC.PowerApps.Plugins.Entities.Violation.Violation_PreUpdate: Update of qm_syresult" id="{928b51e9-9ea3-eb11-b1ac-000d3ae8b8ae}" />
      </MissingDependency>
      <MissingDependency>
        <Required type="2" schemaName="qm_rclegislationid" displayName="Violation" parentSchemaName="qm_syresult" parentDisplayName="Violation" solution="Active" />
        <Dependent type="92" displayName="TC.PowerApps.Plugins.Entities.Violation.Violation_PreUpdate: Update of qm_syresult" id="{928b51e9-9ea3-eb11-b1ac-000d3ae8b8ae}" />
      </MissingDependency>
      <MissingDependency>
        <Required type="2" schemaName="qm_rclegislationid" displayName="Violation" parentSchemaName="qm_syresult" parentDisplayName="Violation" solution="Active" />
        <Dependent type="93" id="{609ab31f-a8a3-eb11-b1ac-000d3ae8b93a}" />
      </MissingDependency>
      <MissingDependency>
        <Required type="2" schemaName="qm_referenceid" displayName="Reference ID" parentSchemaName="qm_syresult" parentDisplayName="Violation" solution="Active" />
        <Dependent type="92" displayName="TC.PowerApps.Plugins.Entities.Violation.Violation_PreUpdate: Update of qm_syresult" id="{928b51e9-9ea3-eb11-b1ac-000d3ae8b8ae}" />
      </MissingDependency>
      <MissingDependency>
        <Required type="2" schemaName="qm_referenceid" displayName="Reference ID" parentSchemaName="qm_syresult" parentDisplayName="Violation" solution="Active" />
        <Dependent type="93" id="{609ab31f-a8a3-eb11-b1ac-000d3ae8b93a}" />
      </MissingDependency>
      <MissingDependency>
        <Required type="2" schemaName="qm_responseid" displayName="Response Id" parentSchemaName="qm_syresult" parentDisplayName="Violation" solution="Active" />
        <Dependent type="92" displayName="TC.PowerApps.Plugins.Entities.Violation.Violation_PreUpdate: Update of qm_syresult" id="{928b51e9-9ea3-eb11-b1ac-000d3ae8b8ae}" />
      </MissingDependency>
      <MissingDependency>
        <Required type="2" schemaName="qm_samplesize" displayName="Number Inspected" parentSchemaName="qm_syresult" parentDisplayName="Violation" solution="Active" />
        <Dependent type="92" displayName="TC.PowerApps.Plugins.Entities.Violation.Violation_PreUpdate: Update of qm_syresult" id="{928b51e9-9ea3-eb11-b1ac-000d3ae8b8ae}" />
      </MissingDependency>
      <MissingDependency>
        <Required type="2" schemaName="qm_violationcount" displayName="Violation Count" parentSchemaName="qm_syresult" parentDisplayName="Violation" solution="Active" />
        <Dependent type="92" displayName="TC.PowerApps.Plugins.Entities.Violation.Violation_PreUpdate: Update of qm_syresult" id="{928b51e9-9ea3-eb11-b1ac-000d3ae8b8ae}" />
      </MissingDependency>
      <MissingDependency>
        <Required type="2" schemaName="qm_violationdisplayfrenchlabel" displayName="Violation Display French Label" parentSchemaName="qm_syresult" parentDisplayName="Violation" solution="Active" />
        <Dependent type="92" displayName="TC.PowerApps.Plugins.Entities.Violation.Violation_PreUpdate: Update of qm_syresult" id="{928b51e9-9ea3-eb11-b1ac-000d3ae8b8ae}" />
      </MissingDependency>
      <MissingDependency>
        <Required type="2" schemaName="qm_violationdisplaylabel" displayName="Violation Display Label" parentSchemaName="qm_syresult" parentDisplayName="Violation" solution="Active" />
        <Dependent type="92" displayName="TC.PowerApps.Plugins.Entities.Violation.Violation_PreUpdate: Update of qm_syresult" id="{928b51e9-9ea3-eb11-b1ac-000d3ae8b8ae}" />
      </MissingDependency>
      <MissingDependency>
        <Required type="2" schemaName="qm_violationdisplaytext" displayName="Violation Display Text" parentSchemaName="qm_syresult" parentDisplayName="Violation" solution="Active" />
        <Dependent type="92" displayName="TC.PowerApps.Plugins.Entities.Violation.Violation_PreUpdate: Update of qm_syresult" id="{928b51e9-9ea3-eb11-b1ac-000d3ae8b8ae}" />
      </MissingDependency>
      <MissingDependency>
        <Required type="2" schemaName="qm_workorderid" displayName="Inspection" parentSchemaName="qm_syresult" parentDisplayName="Violation" solution="Active" />
        <Dependent type="92" displayName="TC.PowerApps.Plugins.Entities.Violation.Violation_PreUpdate: Update of qm_syresult" id="{928b51e9-9ea3-eb11-b1ac-000d3ae8b8ae}" />
      </MissingDependency>
      <MissingDependency>
        <Required type="2" schemaName="tdg_certificatenumber" displayName="Certificate Number" parentSchemaName="qm_syresult" parentDisplayName="Violation" solution="Active" />
        <Dependent type="92" displayName="TC.PowerApps.Plugins.Entities.Violation.Violation_PreUpdate: Update of qm_syresult" id="{928b51e9-9ea3-eb11-b1ac-000d3ae8b8ae}" />
      </MissingDependency>
      <MissingDependency>
        <Required type="2" schemaName="tdg_certificatesectionnumber" displayName="Relevant Section Number" parentSchemaName="qm_syresult" parentDisplayName="Violation" solution="Active" />
        <Dependent type="92" displayName="TC.PowerApps.Plugins.Entities.Violation.Violation_PreUpdate: Update of qm_syresult" id="{928b51e9-9ea3-eb11-b1ac-000d3ae8b8ae}" />
      </MissingDependency>
      <MissingDependency>
        <Required type="2" schemaName="tdg_certificatetypecd" displayName="Certificate Type" parentSchemaName="qm_syresult" parentDisplayName="Violation" solution="Active" />
        <Dependent type="92" displayName="TC.PowerApps.Plugins.Entities.Violation.Violation_PreUpdate: Update of qm_syresult" id="{928b51e9-9ea3-eb11-b1ac-000d3ae8b8ae}" />
      </MissingDependency>
      <MissingDependency>
        <Required type="2" schemaName="tdg_templatenumber" displayName="Template Number" parentSchemaName="qm_syresult" parentDisplayName="Violation" solution="Active" />
        <Dependent type="92" displayName="TC.PowerApps.Plugins.Entities.Violation.Violation_PreUpdate: Update of qm_syresult" id="{928b51e9-9ea3-eb11-b1ac-000d3ae8b8ae}" />
      </MissingDependency>
      <MissingDependency>
        <Required type="2" schemaName="qm_name" displayName="Name" parentSchemaName="qm_sytemplate" parentDisplayName="Template" solution="Active" />
        <Dependent type="93" id="{505a71c1-297a-eb11-a812-000d3af31ad8}" />
      </MissingDependency>
      <MissingDependency>
        <Required type="2" schemaName="statecode" displayName="Status" parentSchemaName="qm_sytemplate" parentDisplayName="Template" solution="Active" />
        <Dependent type="92" displayName="TC.PowerApps.Plugins.Entities.Template.Template_PostStateChange: Update of qm_sytemplate" id="{3359752f-297a-eb11-a812-000d3af31ad8}" />
      </MissingDependency>
      <MissingDependency>
        <Required type="2" schemaName="statuscode" displayName="Status Reason" parentSchemaName="qm_sytemplate" parentDisplayName="Template" solution="Active" />
        <Dependent type="92" displayName="TC.PowerApps.Plugins.Entities.Template.Template_PostStateChange: Update of qm_sytemplate" id="{3359752f-297a-eb11-a812-000d3af31ad8}" />
      </MissingDependency>
    </MissingDependencies>
  </SolutionManifest>
</ImportExportXml>