<ImportExportXml version="9.2.21062.123" SolutionPackageVersion="9.2" languagecode="1033" generatedBy="CrmLive" xmlns:xsi="http://www.w3.org/2001/XMLSchema-instance">
  <SolutionManifest>
    <UniqueName>TDGPlugins</UniqueName>
    <LocalizedNames>
      <LocalizedName description="TDG.Plugins" languagecode="1033" />
    </LocalizedNames>
    <Descriptions>
      <Description description="Main solution for TDG Inspection Related Plugins&#xA;1.0.0.1 - WO Pre Create and Pre Update were modified." languagecode="1033" />
    </Descriptions>
    <Version>1.0.0.2</Version>
    <Managed>0</Managed>
    <Publisher>
      <UniqueName>transportationofdangerousgoods</UniqueName>
      <LocalizedNames>
        <LocalizedName description="Transportation of Dangerous Goods" languagecode="1033" />
      </LocalizedNames>
      <Descriptions />
      <EMailAddress xsi:nil="true"></EMailAddress>
      <SupportingWebsiteUrl xsi:nil="true"></SupportingWebsiteUrl>
      <CustomizationPrefix>tdg</CustomizationPrefix>
      <CustomizationOptionValuePrefix>75077</CustomizationOptionValuePrefix>
      <Addresses>
        <Address>
          <AddressNumber>1</AddressNumber>
          <AddressTypeCode>1</AddressTypeCode>
          <City xsi:nil="true"></City>
          <County xsi:nil="true"></County>
          <Country xsi:nil="true"></Country>
          <Fax xsi:nil="true"></Fax>
          <FreightTermsCode xsi:nil="true"></FreightTermsCode>
          <ImportSequenceNumber xsi:nil="true"></ImportSequenceNumber>
          <Latitude xsi:nil="true"></Latitude>
          <Line1 xsi:nil="true"></Line1>
          <Line2 xsi:nil="true"></Line2>
          <Line3 xsi:nil="true"></Line3>
          <Longitude xsi:nil="true"></Longitude>
          <Name xsi:nil="true"></Name>
          <PostalCode xsi:nil="true"></PostalCode>
          <PostOfficeBox xsi:nil="true"></PostOfficeBox>
          <PrimaryContactName xsi:nil="true"></PrimaryContactName>
          <ShippingMethodCode>1</ShippingMethodCode>
          <StateOrProvince xsi:nil="true"></StateOrProvince>
          <Telephone1 xsi:nil="true"></Telephone1>
          <Telephone2 xsi:nil="true"></Telephone2>
          <Telephone3 xsi:nil="true"></Telephone3>
          <TimeZoneRuleVersionNumber xsi:nil="true"></TimeZoneRuleVersionNumber>
          <UPSZone xsi:nil="true"></UPSZone>
          <UTCOffset xsi:nil="true"></UTCOffset>
          <UTCConversionTimeZoneCode xsi:nil="true"></UTCConversionTimeZoneCode>
        </Address>
        <Address>
          <AddressNumber>2</AddressNumber>
          <AddressTypeCode>1</AddressTypeCode>
          <City xsi:nil="true"></City>
          <County xsi:nil="true"></County>
          <Country xsi:nil="true"></Country>
          <Fax xsi:nil="true"></Fax>
          <FreightTermsCode xsi:nil="true"></FreightTermsCode>
          <ImportSequenceNumber xsi:nil="true"></ImportSequenceNumber>
          <Latitude xsi:nil="true"></Latitude>
          <Line1 xsi:nil="true"></Line1>
          <Line2 xsi:nil="true"></Line2>
          <Line3 xsi:nil="true"></Line3>
          <Longitude xsi:nil="true"></Longitude>
          <Name xsi:nil="true"></Name>
          <PostalCode xsi:nil="true"></PostalCode>
          <PostOfficeBox xsi:nil="true"></PostOfficeBox>
          <PrimaryContactName xsi:nil="true"></PrimaryContactName>
          <ShippingMethodCode>1</ShippingMethodCode>
          <StateOrProvince xsi:nil="true"></StateOrProvince>
          <Telephone1 xsi:nil="true"></Telephone1>
          <Telephone2 xsi:nil="true"></Telephone2>
          <Telephone3 xsi:nil="true"></Telephone3>
          <TimeZoneRuleVersionNumber xsi:nil="true"></TimeZoneRuleVersionNumber>
          <UPSZone xsi:nil="true"></UPSZone>
          <UTCOffset xsi:nil="true"></UTCOffset>
          <UTCConversionTimeZoneCode xsi:nil="true"></UTCConversionTimeZoneCode>
        </Address>
      </Addresses>
    </Publisher>
    <RootComponents>
      <RootComponent type="91" id="{2df28fe0-0c70-44c3-b878-e6ffd33b4eb5}" schemaName="TC.PowerApps.Plugins, Version=1.0.0.0, Culture=neutral, PublicKeyToken=4b2d7e786232fae7" behavior="0" />
      <RootComponent type="92" id="{0994427e-0bb8-eb11-8236-0022483bc30f}" behavior="0" />
      <RootComponent type="92" id="{170e68a0-00ca-eb11-bacc-000d3af39889}" behavior="0" />
      <RootComponent type="92" id="{242668b5-9ea3-eb11-b1ac-000d3ae8b8ae}" behavior="0" />
      <RootComponent type="92" id="{325ed338-34c9-eb11-bacc-000d3af390da}" behavior="0" />
      <RootComponent type="92" id="{3359752f-297a-eb11-a812-000d3af31ad8}" behavior="0" />
      <RootComponent type="92" id="{45279d5c-00ca-eb11-bacc-000d3af39889}" behavior="0" />
      <RootComponent type="92" id="{58f69981-63c6-eb11-bacc-000d3af39889}" behavior="0" />
      <RootComponent type="92" id="{5d609887-00ca-eb11-bacc-000d3af39889}" behavior="0" />
      <RootComponent type="92" id="{60657285-34c9-eb11-bacc-000d3af390da}" behavior="0" />
      <RootComponent type="92" id="{6a234281-fac9-eb11-bacc-000d3af39889}" behavior="0" />
      <RootComponent type="92" id="{72dc92db-83bd-eb11-bacc-0022483bbb9e}" behavior="0" />
      <RootComponent type="92" id="{72f5d924-08a2-eb11-b1ac-000d3ae8b93a}" behavior="0" />
      <RootComponent type="92" id="{8409dcbe-f9c9-eb11-bacc-000d3af39889}" behavior="0" />
      <RootComponent type="92" id="{8fffe26e-00ca-eb11-bacc-000d3af39889}" behavior="0" />
      <RootComponent type="92" id="{928b51e9-9ea3-eb11-b1ac-000d3ae8b8ae}" behavior="0" />
      <RootComponent type="92" id="{9310d669-b569-eb11-a812-000d3a84129e}" behavior="0" />
      <RootComponent type="92" id="{97397367-fac9-eb11-bacc-000d3af39889}" behavior="0" />
      <RootComponent type="92" id="{99032ce7-268b-eb11-b1ac-000d3ae92932}" behavior="0" />
      <RootComponent type="92" id="{bdb7e315-297a-eb11-a812-000d3af31ad8}" behavior="0" />
      <RootComponent type="92" id="{c04cc49e-297a-eb11-a812-000d3af31ad8}" behavior="0" />
      <RootComponent type="92" id="{ccab2b13-34c9-eb11-bacc-000d3af390da}" behavior="0" />
      <RootComponent type="92" id="{d7d0ad8a-84bd-eb11-bacc-0022483bbb9e}" behavior="0" />
      <RootComponent type="92" id="{ddb16a60-34c9-eb11-bacc-000d3af390da}" behavior="0" />
      <RootComponent type="92" id="{e0201ab1-63c6-eb11-bacc-000d3af39889}" behavior="0" />
      <RootComponent type="92" id="{e5b5ed4e-08a2-eb11-b1ac-000d3ae8b93a}" behavior="0" />
      <RootComponent type="92" id="{f9039232-fbc9-eb11-bacc-000d3af39889}" behavior="0" />
      <RootComponent type="92" id="{fd9c2806-66d7-eb11-bacb-0022483c5afb}" behavior="0" />
    </RootComponents>
    <MissingDependencies>
      <MissingDependency>
        <Required type="1" schemaName="msdyn_workorder" displayName="Work Order" solution="FieldService (8.8.0.88)" />
        <Dependent type="92" displayName="TC.PowerApps.Plugins.Entities.WorkOrder.WorkOrder_PreAssign: Assign of msdyn_workorder" id="{0994427e-0bb8-eb11-8236-0022483bc30f}" />
      </MissingDependency>
      <MissingDependency>
        <Required type="1" schemaName="msdyn_workorder" displayName="Work Order" solution="FieldService (8.8.0.88)" />
        <Dependent type="92" displayName="TC.PowerApps.Plugins.Entities.WorkOrder.WorkOrder_PreCreateFiscal: Create of msdyn_workorder" id="{58f69981-63c6-eb11-bacc-000d3af39889}" />
      </MissingDependency>
      <MissingDependency>
        <Required type="1" schemaName="msdyn_workorder" displayName="Work Order" solution="FieldService (8.8.0.88)" />
        <Dependent type="92" displayName="TC.PowerApps.Plugins.Entities.WorkOrder.WorkOrder_PostUpdateSetOwner: Update of msdyn_workorder" id="{72dc92db-83bd-eb11-bacc-0022483bbb9e}" />
      </MissingDependency>
      <MissingDependency>
        <Required type="1" schemaName="msdyn_workorder" displayName="Work Order" solution="FieldService (8.8.0.88)" />
        <Dependent type="92" displayName="TC.PowerApps.Plugins.Entities.WorkOrder.WorkOrder_PreCreate: Create of msdyn_workorder" id="{72f5d924-08a2-eb11-b1ac-000d3ae8b93a}" />
      </MissingDependency>
      <MissingDependency>
        <Required type="1" schemaName="msdyn_workorder" displayName="Work Order" solution="FieldService (8.8.0.88)" />
        <Dependent type="92" displayName="TC.PowerApps.Plugins.Entities.WorkOrder.WorkOrder_PostCreateSetOwner: Create of msdyn_workorder" id="{d7d0ad8a-84bd-eb11-bacc-0022483bbb9e}" />
      </MissingDependency>
      <MissingDependency>
        <Required type="1" schemaName="msdyn_workorder" displayName="Work Order" solution="FieldService (8.8.0.88)" />
        <Dependent type="92" displayName="TC.PowerApps.Plugins.Entities.WorkOrder.WorkOrder_PreUpdateFiscal: Update of msdyn_workorder" id="{e0201ab1-63c6-eb11-bacc-000d3af39889}" />
      </MissingDependency>
      <MissingDependency>
        <Required type="1" schemaName="msdyn_workorder" displayName="Work Order" solution="FieldService (8.8.0.88)" />
        <Dependent type="92" displayName="TC.PowerApps.Plugins.Entities.WorkOrder.WorkOrder_PreUpdate: Update of msdyn_workorder" id="{e5b5ed4e-08a2-eb11-b1ac-000d3ae8b93a}" />
      </MissingDependency>
      <MissingDependency>
        <Required type="1" schemaName="msdyn_workorder" displayName="Work Order" solution="FieldService (8.8.0.88)" />
        <Dependent type="92" displayName="TC.PowerApps.Plugins.Entities.WorkOrder.WorkOrder_PostStateChangeCloseRelatedRecords: Update of msdyn_workorder" id="{fd9c2806-66d7-eb11-bacb-0022483c5afb}" />
      </MissingDependency>
      <MissingDependency>
        <Required type="1" schemaName="msdyn_workorder" displayName="Work Order" solution="FieldService (8.8.0.88)" />
        <Dependent type="93" id="{60c1a0dc-66d7-eb11-bacb-0022483c5afb}" />
      </MissingDependency>
      <MissingDependency>
        <Required type="1" schemaName="msdyn_workorder" displayName="Work Order" solution="FieldService (8.8.0.88)" />
        <Dependent type="93" id="{67d320d4-65c6-eb11-bacc-000d3af39889}" />
      </MissingDependency>
      <MissingDependency>
        <Required type="1" schemaName="msdyn_workorder" displayName="Work Order" solution="FieldService (8.8.0.88)" />
        <Dependent type="93" id="{ef2aa488-1aa2-eb11-b1ac-000d3ae8b93a}" />
      </MissingDependency>
      <MissingDependency>
        <Required type="1" schemaName="msdyn_workorderservicetask" displayName="Work Order Service Task" solution="FieldService (8.8.0.88)" />
        <Dependent type="92" displayName="TC.PowerApps.Plugins.Entities.ServiceTask.ServiceTask_PostStateChange: Update of msdyn_workorderservicetask" id="{9310d669-b569-eb11-a812-000d3a84129e}" />
      </MissingDependency>
      <MissingDependency>
        <Required type="1" schemaName="msdyn_workorderservicetask" displayName="Work Order Service Task" solution="FieldService (8.8.0.88)" />
        <Dependent type="93" id="{89b3bda0-b569-eb11-a812-000d3a84129e}" />
      </MissingDependency>
      <MissingDependency>
        <Required type="1" schemaName="ovs_cysafetyassessment" displayName="Safety Assessment" solution="Active" />
        <Dependent type="92" displayName="TC.PowerApps.Plugins.Entities.SafetyAssessment.SafetyAssessment_PostStateChange: Update of ovs_cysafetyassessment" id="{99032ce7-268b-eb11-b1ac-000d3ae92932}" />
      </MissingDependency>
      <MissingDependency>
        <Required type="1" schemaName="ovs_cysafetyassessment" displayName="Safety Assessment" solution="Active" />
        <Dependent type="93" id="{98d46cfc-268b-eb11-b1ac-000d3ae92932}" />
      </MissingDependency>
      <MissingDependency>
        <Required type="1" schemaName="ovs_sitetype" displayName="Site Type" solution="Active" />
        <Dependent type="92" displayName="Core.Localization.Retrieve: Retrieve of ovs_sitetype" id="{6a234281-fac9-eb11-bacc-000d3af39889}" />
      </MissingDependency>
      <MissingDependency>
        <Required type="1" schemaName="ovs_sitetype" displayName="Site Type" solution="Active" />
        <Dependent type="92" displayName="Core.Localization.Create: Create of ovs_sitetype" id="{8409dcbe-f9c9-eb11-bacc-000d3af39889}" />
      </MissingDependency>
      <MissingDependency>
        <Required type="1" schemaName="ovs_sitetype" displayName="Site Type" solution="Active" />
        <Dependent type="92" displayName="Core.Localization.Update: Update of ovs_sitetype" id="{97397367-fac9-eb11-bacc-000d3af39889}" />
      </MissingDependency>
      <MissingDependency>
        <Required type="1" schemaName="ovs_sitetype" displayName="Site Type" solution="Active" />
        <Dependent type="92" displayName="Core.Localization.RetrieveMultiple: RetrieveMultiple of ovs_sitetype" id="{f9039232-fbc9-eb11-bacc-000d3af39889}" />
      </MissingDependency>
      <MissingDependency>
        <Required type="1" schemaName="ovs_tyohsequipmenttype" displayName="OHS Equipment Type" solution="Active" />
        <Dependent type="92" displayName="Core.Localization.Retrieve: Retrieve of ovs_tyohsequipmenttype" id="{325ed338-34c9-eb11-bacc-000d3af390da}" />
      </MissingDependency>
      <MissingDependency>
        <Required type="1" schemaName="ovs_tyohsequipmenttype" displayName="OHS Equipment Type" solution="Active" />
        <Dependent type="92" displayName="Core.Localization.Update: Update of ovs_tyohsequipmenttype" id="{60657285-34c9-eb11-bacc-000d3af390da}" />
      </MissingDependency>
      <MissingDependency>
        <Required type="1" schemaName="ovs_tyohsequipmenttype" displayName="OHS Equipment Type" solution="Active" />
        <Dependent type="92" displayName="Core.Localization.Create: Create of ovs_tyohsequipmenttype" id="{ccab2b13-34c9-eb11-bacc-000d3af390da}" />
      </MissingDependency>
      <MissingDependency>
        <Required type="1" schemaName="ovs_tyohsequipmenttype" displayName="OHS Equipment Type" solution="Active" />
        <Dependent type="92" displayName="Core.Localization.RetrieveMultiple: RetrieveMultiple of ovs_tyohsequipmenttype" id="{ddb16a60-34c9-eb11-bacc-000d3af390da}" />
      </MissingDependency>
      <MissingDependency>
        <Required type="1" schemaName="qm_syresult" displayName="Violation" solution="Active" />
        <Dependent type="92" displayName="TC.PowerApps.Plugins.Entities.Violation.Violation_PreCreate: Create of qm_syresult" id="{242668b5-9ea3-eb11-b1ac-000d3ae8b8ae}" />
      </MissingDependency>
      <MissingDependency>
        <Required type="1" schemaName="qm_syresult" displayName="Violation" solution="Active" />
        <Dependent type="92" displayName="TC.PowerApps.Plugins.Entities.Violation.Violation_PreUpdate: Update of qm_syresult" id="{928b51e9-9ea3-eb11-b1ac-000d3ae8b8ae}" />
      </MissingDependency>
      <MissingDependency>
        <Required type="1" schemaName="qm_syresult" displayName="Violation" solution="Active" />
        <Dependent type="93" id="{609ab31f-a8a3-eb11-b1ac-000d3ae8b93a}" />
      </MissingDependency>
      <MissingDependency>
        <Required type="1" schemaName="qm_sytemplate" displayName="Template" solution="Active" />
        <Dependent type="92" displayName="TC.PowerApps.Plugins.Entities.Template.Template_PostStateChange: Update of qm_sytemplate" id="{3359752f-297a-eb11-a812-000d3af31ad8}" />
      </MissingDependency>
      <MissingDependency>
        <Required type="1" schemaName="qm_sytemplate" displayName="Template" solution="Active" />
        <Dependent type="92" displayName="TC.PowerApps.Plugins.Entities.Template.Template_PostCreate: Create of qm_sytemplate" id="{bdb7e315-297a-eb11-a812-000d3af31ad8}" />
      </MissingDependency>
      <MissingDependency>
        <Required type="1" schemaName="qm_sytemplate" displayName="Template" solution="Active" />
        <Dependent type="92" displayName="TC.PowerApps.Plugins.Entities.Template.Template_PreUpdate: Update of qm_sytemplate" id="{c04cc49e-297a-eb11-a812-000d3af31ad8}" />
      </MissingDependency>
      <MissingDependency>
        <Required type="1" schemaName="qm_sytemplate" displayName="Template" solution="Active" />
        <Dependent type="93" id="{505a71c1-297a-eb11-a812-000d3af31ad8}" />
      </MissingDependency>
      <MissingDependency>
        <Required type="1" schemaName="qm_sytemplate" displayName="Template" solution="Active" />
        <Dependent type="93" id="{ecd1358b-297a-eb11-a812-000d3af31ad8}" />
      </MissingDependency>
      <MissingDependency>
        <Required type="1" schemaName="qm_tylegislationtype" displayName="Legislation Section Type" solution="Active" />
        <Dependent type="92" displayName="Core.Localization.Update: Update of qm_tylegislationtype" id="{170e68a0-00ca-eb11-bacc-000d3af39889}" />
      </MissingDependency>
      <MissingDependency>
        <Required type="1" schemaName="qm_tylegislationtype" displayName="Legislation Section Type" solution="Active" />
        <Dependent type="92" displayName="Core.Localization.Create: Create of qm_tylegislationtype" id="{45279d5c-00ca-eb11-bacc-000d3af39889}" />
      </MissingDependency>
      <MissingDependency>
        <Required type="1" schemaName="qm_tylegislationtype" displayName="Legislation Section Type" solution="Active" />
        <Dependent type="92" displayName="Core.Localization.RetrieveMultiple: RetrieveMultiple of qm_tylegislationtype" id="{5d609887-00ca-eb11-bacc-000d3af39889}" />
      </MissingDependency>
      <MissingDependency>
        <Required type="1" schemaName="qm_tylegislationtype" displayName="Legislation Section Type" solution="Active" />
        <Dependent type="92" displayName="Core.Localization.Retrieve: Retrieve of qm_tylegislationtype" id="{8fffe26e-00ca-eb11-bacc-000d3af39889}" />
      </MissingDependency>
      <MissingDependency>
        <Required type="2" schemaName="msdyn_systemstatus" displayName="Record Status" parentSchemaName="msdyn_workorder" parentDisplayName="Work Order" solution="FieldService (8.8.0.88)" />
        <Dependent type="92" displayName="TC.PowerApps.Plugins.Entities.WorkOrder.WorkOrder_PreUpdate: Update of msdyn_workorder" id="{e5b5ed4e-08a2-eb11-b1ac-000d3ae8b93a}" />
      </MissingDependency>
      <MissingDependency>
        <Required type="2" schemaName="msdyn_systemstatus" displayName="Record Status" parentSchemaName="msdyn_workorder" parentDisplayName="Work Order" solution="FieldService (8.8.0.88)" />
        <Dependent type="93" id="{ef2aa488-1aa2-eb11-b1ac-000d3ae8b93a}" />
      </MissingDependency>
      <MissingDependency>
        <Required type="2" schemaName="ovs_currentfiscalquarter" displayName="Current Fiscal Quarter" parentSchemaName="msdyn_workorder" parentDisplayName="Work Order" solution="Active" />
        <Dependent type="93" id="{67d320d4-65c6-eb11-bacc-000d3af39889}" />
      </MissingDependency>
      <MissingDependency>
        <Required type="2" schemaName="ovs_fiscalquarter" displayName="Planned Fiscal Quarter" parentSchemaName="msdyn_workorder" parentDisplayName="Work Order" solution="Active" />
        <Dependent type="92" displayName="TC.PowerApps.Plugins.Entities.WorkOrder.WorkOrder_PreUpdateFiscal: Update of msdyn_workorder" id="{e0201ab1-63c6-eb11-bacc-000d3af39889}" />
      </MissingDependency>
      <MissingDependency>
        <Required type="2" schemaName="ovs_fiscalquarter" displayName="Planned Fiscal Quarter" parentSchemaName="msdyn_workorder" parentDisplayName="Work Order" solution="Active" />
        <Dependent type="93" id="{67d320d4-65c6-eb11-bacc-000d3af39889}" />
      </MissingDependency>
      <MissingDependency>
        <Required type="2" schemaName="ovs_primaryinspector" displayName="Primary Inspector" parentSchemaName="msdyn_workorder" parentDisplayName="Work Order" solution="Active" />
        <Dependent type="92" displayName="TC.PowerApps.Plugins.Entities.WorkOrder.WorkOrder_PostUpdateSetOwner: Update of msdyn_workorder" id="{72dc92db-83bd-eb11-bacc-0022483bbb9e}" />
      </MissingDependency>
      <MissingDependency>
        <Required type="2" schemaName="ovs_revisedquarterid" displayName="Revised Quarter" parentSchemaName="msdyn_workorder" parentDisplayName="Work Order" solution="Active" />
        <Dependent type="92" displayName="TC.PowerApps.Plugins.Entities.WorkOrder.WorkOrder_PreUpdateFiscal: Update of msdyn_workorder" id="{e0201ab1-63c6-eb11-bacc-000d3af39889}" />
      </MissingDependency>
      <MissingDependency>
        <Required type="2" schemaName="ovs_revisedquarterid" displayName="Revised Quarter" parentSchemaName="msdyn_workorder" parentDisplayName="Work Order" solution="Active" />
        <Dependent type="93" id="{67d320d4-65c6-eb11-bacc-000d3af39889}" />
      </MissingDependency>
      <MissingDependency>
        <Required type="2" schemaName="statecode" displayName="Status" parentSchemaName="msdyn_workorder" parentDisplayName="Work Order" solution="FieldService (8.8.0.88)" />
        <Dependent type="92" displayName="TC.PowerApps.Plugins.Entities.WorkOrder.WorkOrder_PostStateChangeCloseRelatedRecords: Update of msdyn_workorder" id="{fd9c2806-66d7-eb11-bacb-0022483c5afb}" />
      </MissingDependency>
      <MissingDependency>
        <Required type="2" schemaName="statecode" displayName="Status" parentSchemaName="msdyn_workorder" parentDisplayName="Work Order" solution="FieldService (8.8.0.88)" />
        <Dependent type="93" id="{60c1a0dc-66d7-eb11-bacb-0022483c5afb}" />
      </MissingDependency>
      <MissingDependency>
        <Required type="2" schemaName="statuscode" displayName="Status Reason" parentSchemaName="msdyn_workorder" parentDisplayName="Work Order" solution="FieldService (8.8.0.88)" />
        <Dependent type="92" displayName="TC.PowerApps.Plugins.Entities.WorkOrder.WorkOrder_PostStateChangeCloseRelatedRecords: Update of msdyn_workorder" id="{fd9c2806-66d7-eb11-bacb-0022483c5afb}" />
      </MissingDependency>
      <MissingDependency>
        <Required type="2" schemaName="statuscode" displayName="Status Reason" parentSchemaName="msdyn_workorder" parentDisplayName="Work Order" solution="FieldService (8.8.0.88)" />
        <Dependent type="93" id="{60c1a0dc-66d7-eb11-bacb-0022483c5afb}" />
      </MissingDependency>
      <MissingDependency>
        <Required type="2" schemaName="statecode" displayName="Status" parentSchemaName="msdyn_workorderservicetask" parentDisplayName="Work Order Service Task" solution="FieldService (8.8.0.88)" />
        <Dependent type="92" displayName="TC.PowerApps.Plugins.Entities.ServiceTask.ServiceTask_PostStateChange: Update of msdyn_workorderservicetask" id="{9310d669-b569-eb11-a812-000d3a84129e}" />
      </MissingDependency>
      <MissingDependency>
        <Required type="2" schemaName="statuscode" displayName="Status Reason" parentSchemaName="msdyn_workorderservicetask" parentDisplayName="Work Order Service Task" solution="FieldService (8.8.0.88)" />
        <Dependent type="92" displayName="TC.PowerApps.Plugins.Entities.ServiceTask.ServiceTask_PostStateChange: Update of msdyn_workorderservicetask" id="{9310d669-b569-eb11-a812-000d3a84129e}" />
      </MissingDependency>
      <MissingDependency>
        <Required type="2" schemaName="statecode" displayName="Status" parentSchemaName="ovs_cysafetyassessment" parentDisplayName="Safety Assessment" solution="Active" />
        <Dependent type="92" displayName="TC.PowerApps.Plugins.Entities.SafetyAssessment.SafetyAssessment_PostStateChange: Update of ovs_cysafetyassessment" id="{99032ce7-268b-eb11-b1ac-000d3ae92932}" />
      </MissingDependency>
      <MissingDependency>
        <Required type="2" schemaName="statuscode" displayName="Status Reason" parentSchemaName="ovs_cysafetyassessment" parentDisplayName="Safety Assessment" solution="Active" />
        <Dependent type="92" displayName="TC.PowerApps.Plugins.Entities.SafetyAssessment.SafetyAssessment_PostStateChange: Update of ovs_cysafetyassessment" id="{99032ce7-268b-eb11-b1ac-000d3ae92932}" />
      </MissingDependency>
      <MissingDependency>
        <Required type="2" schemaName="createdby" displayName="Created By" parentSchemaName="qm_syresult" parentDisplayName="Violation" solution="Active" />
        <Dependent type="92" displayName="TC.PowerApps.Plugins.Entities.Violation.Violation_PreUpdate: Update of qm_syresult" id="{928b51e9-9ea3-eb11-b1ac-000d3ae8b8ae}" />
      </MissingDependency>
      <MissingDependency>
        <Required type="2" schemaName="createdon" displayName="Created On" parentSchemaName="qm_syresult" parentDisplayName="Violation" solution="Active" />
        <Dependent type="92" displayName="TC.PowerApps.Plugins.Entities.Violation.Violation_PreUpdate: Update of qm_syresult" id="{928b51e9-9ea3-eb11-b1ac-000d3ae8b8ae}" />
      </MissingDependency>
      <MissingDependency>
        <Required type="2" schemaName="createdonbehalfby" displayName="Created By (Delegate)" parentSchemaName="qm_syresult" parentDisplayName="Violation" solution="Active" />
        <Dependent type="92" displayName="TC.PowerApps.Plugins.Entities.Violation.Violation_PreUpdate: Update of qm_syresult" id="{928b51e9-9ea3-eb11-b1ac-000d3ae8b8ae}" />
      </MissingDependency>
      <MissingDependency>
        <Required type="2" schemaName="importsequencenumber" displayName="Import Sequence Number" parentSchemaName="qm_syresult" parentDisplayName="Violation" solution="Active" />
        <Dependent type="92" displayName="TC.PowerApps.Plugins.Entities.Violation.Violation_PreUpdate: Update of qm_syresult" id="{928b51e9-9ea3-eb11-b1ac-000d3ae8b8ae}" />
      </MissingDependency>
      <MissingDependency>
        <Required type="2" schemaName="modifiedby" displayName="Modified By" parentSchemaName="qm_syresult" parentDisplayName="Violation" solution="Active" />
        <Dependent type="92" displayName="TC.PowerApps.Plugins.Entities.Violation.Violation_PreUpdate: Update of qm_syresult" id="{928b51e9-9ea3-eb11-b1ac-000d3ae8b8ae}" />
      </MissingDependency>
      <MissingDependency>
        <Required type="2" schemaName="modifiedon" displayName="Modified On" parentSchemaName="qm_syresult" parentDisplayName="Violation" solution="Active" />
        <Dependent type="92" displayName="TC.PowerApps.Plugins.Entities.Violation.Violation_PreUpdate: Update of qm_syresult" id="{928b51e9-9ea3-eb11-b1ac-000d3ae8b8ae}" />
      </MissingDependency>
      <MissingDependency>
        <Required type="2" schemaName="modifiedonbehalfby" displayName="Modified By (Delegate)" parentSchemaName="qm_syresult" parentDisplayName="Violation" solution="Active" />
        <Dependent type="92" displayName="TC.PowerApps.Plugins.Entities.Violation.Violation_PreUpdate: Update of qm_syresult" id="{928b51e9-9ea3-eb11-b1ac-000d3ae8b8ae}" />
      </MissingDependency>
      <MissingDependency>
        <Required type="2" schemaName="overriddencreatedon" displayName="Record Created On" parentSchemaName="qm_syresult" parentDisplayName="Violation" solution="Active" />
        <Dependent type="92" displayName="TC.PowerApps.Plugins.Entities.Violation.Violation_PreUpdate: Update of qm_syresult" id="{928b51e9-9ea3-eb11-b1ac-000d3ae8b8ae}" />
      </MissingDependency>
      <MissingDependency>
        <Required type="2" schemaName="ovs_duedate" displayName="Confirmation of Compliance Due Date" parentSchemaName="qm_syresult" parentDisplayName="Violation" solution="Active" />
        <Dependent type="92" displayName="TC.PowerApps.Plugins.Entities.Violation.Violation_PreUpdate: Update of qm_syresult" id="{928b51e9-9ea3-eb11-b1ac-000d3ae8b8ae}" />
      </MissingDependency>
      <MissingDependency>
        <Required type="2" schemaName="ownerid" displayName="Owner" parentSchemaName="qm_syresult" parentDisplayName="Violation" solution="Active" />
        <Dependent type="92" displayName="TC.PowerApps.Plugins.Entities.Violation.Violation_PreUpdate: Update of qm_syresult" id="{928b51e9-9ea3-eb11-b1ac-000d3ae8b8ae}" />
      </MissingDependency>
      <MissingDependency>
        <Required type="2" schemaName="owningbusinessunit" displayName="Owning Business Unit" parentSchemaName="qm_syresult" parentDisplayName="Violation" solution="Active" />
        <Dependent type="92" displayName="TC.PowerApps.Plugins.Entities.Violation.Violation_PreUpdate: Update of qm_syresult" id="{928b51e9-9ea3-eb11-b1ac-000d3ae8b8ae}" />
      </MissingDependency>
      <MissingDependency>
        <Required type="2" schemaName="owningteam" displayName="Owning Team" parentSchemaName="qm_syresult" parentDisplayName="Violation" solution="Active" />
        <Dependent type="92" displayName="TC.PowerApps.Plugins.Entities.Violation.Violation_PreUpdate: Update of qm_syresult" id="{928b51e9-9ea3-eb11-b1ac-000d3ae8b8ae}" />
      </MissingDependency>
      <MissingDependency>
        <Required type="2" schemaName="owninguser" displayName="Owning User" parentSchemaName="qm_syresult" parentDisplayName="Violation" solution="Active" />
        <Dependent type="92" displayName="TC.PowerApps.Plugins.Entities.Violation.Violation_PreUpdate: Update of qm_syresult" id="{928b51e9-9ea3-eb11-b1ac-000d3ae8b8ae}" />
      </MissingDependency>
      <MissingDependency>
        <Required type="2" schemaName="qm_approximatetotal" displayName="Certificate Type" parentSchemaName="qm_syresult" parentDisplayName="Violation" solution="Active" />
        <Dependent type="92" displayName="TC.PowerApps.Plugins.Entities.Violation.Violation_PreUpdate: Update of qm_syresult" id="{928b51e9-9ea3-eb11-b1ac-000d3ae8b8ae}" />
      </MissingDependency>
      <MissingDependency>
        <Required type="2" schemaName="qm_blobpath" displayName="blobpath" parentSchemaName="qm_syresult" parentDisplayName="Violation" solution="Active" />
        <Dependent type="92" displayName="TC.PowerApps.Plugins.Entities.Violation.Violation_PreUpdate: Update of qm_syresult" id="{928b51e9-9ea3-eb11-b1ac-000d3ae8b8ae}" />
      </MissingDependency>
      <MissingDependency>
        <Required type="2" schemaName="qm_cysafetyassessmentid" displayName="Safety Assessment" parentSchemaName="qm_syresult" parentDisplayName="Violation" solution="Active" />
        <Dependent type="92" displayName="TC.PowerApps.Plugins.Entities.Violation.Violation_PreUpdate: Update of qm_syresult" id="{928b51e9-9ea3-eb11-b1ac-000d3ae8b8ae}" />
      </MissingDependency>
      <MissingDependency>
        <Required type="2" schemaName="qm_enablingact" displayName="Enabling Act" parentSchemaName="qm_syresult" parentDisplayName="Violation" solution="Active" />
        <Dependent type="92" displayName="TC.PowerApps.Plugins.Entities.Violation.Violation_PreUpdate: Update of qm_syresult" id="{928b51e9-9ea3-eb11-b1ac-000d3ae8b8ae}" />
      </MissingDependency>
      <MissingDependency>
        <Required type="2" schemaName="qm_enablingact" displayName="Enabling Act" parentSchemaName="qm_syresult" parentDisplayName="Violation" solution="Active" />
        <Dependent type="93" id="{609ab31f-a8a3-eb11-b1ac-000d3ae8b93a}" />
      </MissingDependency>
      <MissingDependency>
        <Required type="2" schemaName="qm_enablingregulation" displayName="Enabling Regulation" parentSchemaName="qm_syresult" parentDisplayName="Violation" solution="Active" />
        <Dependent type="92" displayName="TC.PowerApps.Plugins.Entities.Violation.Violation_PreUpdate: Update of qm_syresult" id="{928b51e9-9ea3-eb11-b1ac-000d3ae8b8ae}" />
      </MissingDependency>
      <MissingDependency>
        <Required type="2" schemaName="qm_enablingregulation" displayName="Enabling Regulation" parentSchemaName="qm_syresult" parentDisplayName="Violation" solution="Active" />
        <Dependent type="93" id="{609ab31f-a8a3-eb11-b1ac-000d3ae8b93a}" />
      </MissingDependency>
      <MissingDependency>
        <Required type="2" schemaName="qm_externalcomments" displayName="External Comments" parentSchemaName="qm_syresult" parentDisplayName="Violation" solution="Active" />
        <Dependent type="92" displayName="TC.PowerApps.Plugins.Entities.Violation.Violation_PreUpdate: Update of qm_syresult" id="{928b51e9-9ea3-eb11-b1ac-000d3ae8b8ae}" />
      </MissingDependency>
      <MissingDependency>
        <Required type="2" schemaName="qm_internalcomments" displayName="Internal Comments" parentSchemaName="qm_syresult" parentDisplayName="Violation" solution="Active" />
        <Dependent type="92" displayName="TC.PowerApps.Plugins.Entities.Violation.Violation_PreUpdate: Update of qm_syresult" id="{928b51e9-9ea3-eb11-b1ac-000d3ae8b8ae}" />
      </MissingDependency>
      <MissingDependency>
        <Required type="2" schemaName="qm_isviolation" displayName="Is Violation" parentSchemaName="qm_syresult" parentDisplayName="Violation" solution="Active" />
        <Dependent type="92" displayName="TC.PowerApps.Plugins.Entities.Violation.Violation_PreUpdate: Update of qm_syresult" id="{928b51e9-9ea3-eb11-b1ac-000d3ae8b8ae}" />
      </MissingDependency>
      <MissingDependency>
        <Required type="2" schemaName="qm_name" displayName="Name" parentSchemaName="qm_syresult" parentDisplayName="Violation" solution="Active" />
        <Dependent type="92" displayName="TC.PowerApps.Plugins.Entities.Violation.Violation_PreUpdate: Update of qm_syresult" id="{928b51e9-9ea3-eb11-b1ac-000d3ae8b8ae}" />
      </MissingDependency>
      <MissingDependency>
        <Required type="2" schemaName="qm_questionid" displayName="Question" parentSchemaName="qm_syresult" parentDisplayName="Violation" solution="Active" />
        <Dependent type="92" displayName="TC.PowerApps.Plugins.Entities.Violation.Violation_PreUpdate: Update of qm_syresult" id="{928b51e9-9ea3-eb11-b1ac-000d3ae8b8ae}" />
      </MissingDependency>
      <MissingDependency>
        <Required type="2" schemaName="qm_rclegislationid" displayName="Violation" parentSchemaName="qm_syresult" parentDisplayName="Violation" solution="Active" />
        <Dependent type="92" displayName="TC.PowerApps.Plugins.Entities.Violation.Violation_PreUpdate: Update of qm_syresult" id="{928b51e9-9ea3-eb11-b1ac-000d3ae8b8ae}" />
      </MissingDependency>
      <MissingDependency>
        <Required type="2" schemaName="qm_rclegislationid" displayName="Violation" parentSchemaName="qm_syresult" parentDisplayName="Violation" solution="Active" />
        <Dependent type="93" id="{609ab31f-a8a3-eb11-b1ac-000d3ae8b93a}" />
      </MissingDependency>
      <MissingDependency>
        <Required type="2" schemaName="qm_referenceid" displayName="Reference ID" parentSchemaName="qm_syresult" parentDisplayName="Violation" solution="Active" />
        <Dependent type="92" displayName="TC.PowerApps.Plugins.Entities.Violation.Violation_PreUpdate: Update of qm_syresult" id="{928b51e9-9ea3-eb11-b1ac-000d3ae8b8ae}" />
      </MissingDependency>
      <MissingDependency>
        <Required type="2" schemaName="qm_referenceid" displayName="Reference ID" parentSchemaName="qm_syresult" parentDisplayName="Violation" solution="Active" />
        <Dependent type="93" id="{609ab31f-a8a3-eb11-b1ac-000d3ae8b93a}" />
      </MissingDependency>
      <MissingDependency>
        <Required type="2" schemaName="qm_responseid" displayName="Response Id" parentSchemaName="qm_syresult" parentDisplayName="Violation" solution="Active" />
        <Dependent type="92" displayName="TC.PowerApps.Plugins.Entities.Violation.Violation_PreUpdate: Update of qm_syresult" id="{928b51e9-9ea3-eb11-b1ac-000d3ae8b8ae}" />
      </MissingDependency>
      <MissingDependency>
        <Required type="2" schemaName="qm_samplesize" displayName="Sample Size" parentSchemaName="qm_syresult" parentDisplayName="Violation" solution="Active" />
        <Dependent type="92" displayName="TC.PowerApps.Plugins.Entities.Violation.Violation_PreUpdate: Update of qm_syresult" id="{928b51e9-9ea3-eb11-b1ac-000d3ae8b8ae}" />
      </MissingDependency>
      <MissingDependency>
        <Required type="2" schemaName="qm_syresultid" displayName="Violation" parentSchemaName="qm_syresult" parentDisplayName="Violation" solution="Active" />
        <Dependent type="92" displayName="TC.PowerApps.Plugins.Entities.Violation.Violation_PreUpdate: Update of qm_syresult" id="{928b51e9-9ea3-eb11-b1ac-000d3ae8b8ae}" />
      </MissingDependency>
      <MissingDependency>
        <Required type="2" schemaName="qm_violationcount" displayName="Violation Count" parentSchemaName="qm_syresult" parentDisplayName="Violation" solution="Active" />
        <Dependent type="92" displayName="TC.PowerApps.Plugins.Entities.Violation.Violation_PreUpdate: Update of qm_syresult" id="{928b51e9-9ea3-eb11-b1ac-000d3ae8b8ae}" />
      </MissingDependency>
      <MissingDependency>
        <Required type="2" schemaName="qm_violationdisplayfrenchlabel" displayName="Violation Display French Label" parentSchemaName="qm_syresult" parentDisplayName="Violation" solution="Active" />
        <Dependent type="92" displayName="TC.PowerApps.Plugins.Entities.Violation.Violation_PreUpdate: Update of qm_syresult" id="{928b51e9-9ea3-eb11-b1ac-000d3ae8b8ae}" />
      </MissingDependency>
      <MissingDependency>
        <Required type="2" schemaName="qm_violationdisplaylabel" displayName="Violation Display Label" parentSchemaName="qm_syresult" parentDisplayName="Violation" solution="Active" />
        <Dependent type="92" displayName="TC.PowerApps.Plugins.Entities.Violation.Violation_PreUpdate: Update of qm_syresult" id="{928b51e9-9ea3-eb11-b1ac-000d3ae8b8ae}" />
      </MissingDependency>
      <MissingDependency>
        <Required type="2" schemaName="qm_violationdisplaytext" displayName="Violation Display Text" parentSchemaName="qm_syresult" parentDisplayName="Violation" solution="Active" />
        <Dependent type="92" displayName="TC.PowerApps.Plugins.Entities.Violation.Violation_PreUpdate: Update of qm_syresult" id="{928b51e9-9ea3-eb11-b1ac-000d3ae8b8ae}" />
      </MissingDependency>
      <MissingDependency>
        <Required type="2" schemaName="qm_workorderid" displayName="Inspection" parentSchemaName="qm_syresult" parentDisplayName="Violation" solution="Active" />
        <Dependent type="92" displayName="TC.PowerApps.Plugins.Entities.Violation.Violation_PreUpdate: Update of qm_syresult" id="{928b51e9-9ea3-eb11-b1ac-000d3ae8b8ae}" />
      </MissingDependency>
      <MissingDependency>
        <Required type="2" schemaName="tdg_certificatenumber" displayName="Certificate Number" parentSchemaName="qm_syresult" parentDisplayName="Violation" solution="Active" />
        <Dependent type="92" displayName="TC.PowerApps.Plugins.Entities.Violation.Violation_PreUpdate: Update of qm_syresult" id="{928b51e9-9ea3-eb11-b1ac-000d3ae8b8ae}" />
      </MissingDependency>
      <MissingDependency>
        <Required type="2" schemaName="tdg_certificatesectionnumber" displayName="Relevant Section Number" parentSchemaName="qm_syresult" parentDisplayName="Violation" solution="Active" />
        <Dependent type="92" displayName="TC.PowerApps.Plugins.Entities.Violation.Violation_PreUpdate: Update of qm_syresult" id="{928b51e9-9ea3-eb11-b1ac-000d3ae8b8ae}" />
      </MissingDependency>
      <MissingDependency>
        <Required type="2" schemaName="tdg_certificatetypecd" displayName="Certificate Type" parentSchemaName="qm_syresult" parentDisplayName="Violation" solution="Active" />
        <Dependent type="92" displayName="TC.PowerApps.Plugins.Entities.Violation.Violation_PreUpdate: Update of qm_syresult" id="{928b51e9-9ea3-eb11-b1ac-000d3ae8b8ae}" />
      </MissingDependency>
      <MissingDependency>
        <Required type="2" schemaName="tdg_templatenumber" displayName="Template Number" parentSchemaName="qm_syresult" parentDisplayName="Violation" solution="Active" />
        <Dependent type="92" displayName="TC.PowerApps.Plugins.Entities.Violation.Violation_PreUpdate: Update of qm_syresult" id="{928b51e9-9ea3-eb11-b1ac-000d3ae8b8ae}" />
      </MissingDependency>
      <MissingDependency>
        <Required type="2" schemaName="timezoneruleversionnumber" displayName="Time Zone Rule Version Number" parentSchemaName="qm_syresult" parentDisplayName="Violation" solution="Active" />
        <Dependent type="92" displayName="TC.PowerApps.Plugins.Entities.Violation.Violation_PreUpdate: Update of qm_syresult" id="{928b51e9-9ea3-eb11-b1ac-000d3ae8b8ae}" />
      </MissingDependency>
      <MissingDependency>
        <Required type="2" schemaName="utcconversiontimezonecode" displayName="UTC Conversion Time Zone Code" parentSchemaName="qm_syresult" parentDisplayName="Violation" solution="Active" />
        <Dependent type="92" displayName="TC.PowerApps.Plugins.Entities.Violation.Violation_PreUpdate: Update of qm_syresult" id="{928b51e9-9ea3-eb11-b1ac-000d3ae8b8ae}" />
      </MissingDependency>
      <MissingDependency>
        <Required type="2" schemaName="qm_name" displayName="Name" parentSchemaName="qm_sytemplate" parentDisplayName="Template" solution="Active" />
        <Dependent type="93" id="{505a71c1-297a-eb11-a812-000d3af31ad8}" />
      </MissingDependency>
      <MissingDependency>
        <Required type="2" schemaName="statecode" displayName="Status" parentSchemaName="qm_sytemplate" parentDisplayName="Template" solution="Active" />
        <Dependent type="92" displayName="TC.PowerApps.Plugins.Entities.Template.Template_PostStateChange: Update of qm_sytemplate" id="{3359752f-297a-eb11-a812-000d3af31ad8}" />
      </MissingDependency>
      <MissingDependency>
        <Required type="2" schemaName="statuscode" displayName="Status Reason" parentSchemaName="qm_sytemplate" parentDisplayName="Template" solution="Active" />
        <Dependent type="92" displayName="TC.PowerApps.Plugins.Entities.Template.Template_PostStateChange: Update of qm_sytemplate" id="{3359752f-297a-eb11-a812-000d3af31ad8}" />
      </MissingDependency>
      <MissingDependency>
        <Required type="90" schemaName="Core.Localization.Create, Core.Localization, Version=1.0.0.0, Culture=neutral, PublicKeyToken=270ec4ec01352598" displayName="Core.Localization.Create" solution="Active" id="{27550e12-684f-41a6-8423-5fa3ae40457f}" />
        <Dependent type="92" displayName="Core.Localization.Create: Create of qm_tylegislationtype" id="{45279d5c-00ca-eb11-bacc-000d3af39889}" />
      </MissingDependency>
      <MissingDependency>
        <Required type="90" schemaName="Core.Localization.Create, Core.Localization, Version=1.0.0.0, Culture=neutral, PublicKeyToken=270ec4ec01352598" displayName="Core.Localization.Create" solution="Active" id="{27550e12-684f-41a6-8423-5fa3ae40457f}" />
        <Dependent type="92" displayName="Core.Localization.Create: Create of ovs_sitetype" id="{8409dcbe-f9c9-eb11-bacc-000d3af39889}" />
      </MissingDependency>
      <MissingDependency>
        <Required type="90" schemaName="Core.Localization.Create, Core.Localization, Version=1.0.0.0, Culture=neutral, PublicKeyToken=270ec4ec01352598" displayName="Core.Localization.Create" solution="Active" id="{27550e12-684f-41a6-8423-5fa3ae40457f}" />
        <Dependent type="92" displayName="Core.Localization.Create: Create of ovs_tyohsequipmenttype" id="{ccab2b13-34c9-eb11-bacc-000d3af390da}" />
      </MissingDependency>
      <MissingDependency>
        <Required type="90" schemaName="Core.Localization.Update, Core.Localization, Version=1.0.0.0, Culture=neutral, PublicKeyToken=270ec4ec01352598" displayName="Core.Localization.Update" solution="Active" id="{29da92c1-8721-4266-abd7-1f77f5cf1c0d}" />
        <Dependent type="92" displayName="Core.Localization.Update: Update of qm_tylegislationtype" id="{170e68a0-00ca-eb11-bacc-000d3af39889}" />
      </MissingDependency>
      <MissingDependency>
        <Required type="90" schemaName="Core.Localization.Update, Core.Localization, Version=1.0.0.0, Culture=neutral, PublicKeyToken=270ec4ec01352598" displayName="Core.Localization.Update" solution="Active" id="{29da92c1-8721-4266-abd7-1f77f5cf1c0d}" />
        <Dependent type="92" displayName="Core.Localization.Update: Update of ovs_tyohsequipmenttype" id="{60657285-34c9-eb11-bacc-000d3af390da}" />
      </MissingDependency>
      <MissingDependency>
        <Required type="90" schemaName="Core.Localization.Update, Core.Localization, Version=1.0.0.0, Culture=neutral, PublicKeyToken=270ec4ec01352598" displayName="Core.Localization.Update" solution="Active" id="{29da92c1-8721-4266-abd7-1f77f5cf1c0d}" />
        <Dependent type="92" displayName="Core.Localization.Update: Update of ovs_sitetype" id="{97397367-fac9-eb11-bacc-000d3af39889}" />
      </MissingDependency>
      <MissingDependency>
        <Required type="90" schemaName="Core.Localization.Retrieve, Core.Localization, Version=1.0.0.0, Culture=neutral, PublicKeyToken=270ec4ec01352598" displayName="Core.Localization.Retrieve" solution="Active" id="{70919c83-2a7c-4208-97a8-ffbfebe7a9f8}" />
        <Dependent type="92" displayName="Core.Localization.Retrieve: Retrieve of ovs_tyohsequipmenttype" id="{325ed338-34c9-eb11-bacc-000d3af390da}" />
      </MissingDependency>
      <MissingDependency>
        <Required type="90" schemaName="Core.Localization.Retrieve, Core.Localization, Version=1.0.0.0, Culture=neutral, PublicKeyToken=270ec4ec01352598" displayName="Core.Localization.Retrieve" solution="Active" id="{70919c83-2a7c-4208-97a8-ffbfebe7a9f8}" />
        <Dependent type="92" displayName="Core.Localization.Retrieve: Retrieve of ovs_sitetype" id="{6a234281-fac9-eb11-bacc-000d3af39889}" />
      </MissingDependency>
      <MissingDependency>
        <Required type="90" schemaName="Core.Localization.Retrieve, Core.Localization, Version=1.0.0.0, Culture=neutral, PublicKeyToken=270ec4ec01352598" displayName="Core.Localization.Retrieve" solution="Active" id="{70919c83-2a7c-4208-97a8-ffbfebe7a9f8}" />
        <Dependent type="92" displayName="Core.Localization.Retrieve: Retrieve of qm_tylegislationtype" id="{8fffe26e-00ca-eb11-bacc-000d3af39889}" />
      </MissingDependency>
      <MissingDependency>
        <Required type="90" schemaName="Core.Localization.RetrieveMultiple, Core.Localization, Version=1.0.0.0, Culture=neutral, PublicKeyToken=270ec4ec01352598" displayName="Core.Localization.RetrieveMultiple" solution="Active" id="{c68702e3-9dab-4779-a29f-733d27b5d123}" />
        <Dependent type="92" displayName="Core.Localization.RetrieveMultiple: RetrieveMultiple of qm_tylegislationtype" id="{5d609887-00ca-eb11-bacc-000d3af39889}" />
      </MissingDependency>
      <MissingDependency>
        <Required type="90" schemaName="Core.Localization.RetrieveMultiple, Core.Localization, Version=1.0.0.0, Culture=neutral, PublicKeyToken=270ec4ec01352598" displayName="Core.Localization.RetrieveMultiple" solution="Active" id="{c68702e3-9dab-4779-a29f-733d27b5d123}" />
        <Dependent type="92" displayName="Core.Localization.RetrieveMultiple: RetrieveMultiple of ovs_tyohsequipmenttype" id="{ddb16a60-34c9-eb11-bacc-000d3af390da}" />
      </MissingDependency>
      <MissingDependency>
        <Required type="90" schemaName="Core.Localization.RetrieveMultiple, Core.Localization, Version=1.0.0.0, Culture=neutral, PublicKeyToken=270ec4ec01352598" displayName="Core.Localization.RetrieveMultiple" solution="Active" id="{c68702e3-9dab-4779-a29f-733d27b5d123}" />
        <Dependent type="92" displayName="Core.Localization.RetrieveMultiple: RetrieveMultiple of ovs_sitetype" id="{f9039232-fbc9-eb11-bacc-000d3af39889}" />
      </MissingDependency>
    </MissingDependencies>
  </SolutionManifest>
</ImportExportXml>