<ImportExportXml version="9.1.0.26135" SolutionPackageVersion="9.1" languagecode="1033" generatedBy="CrmLive" xmlns:xsi="http://www.w3.org/2001/XMLSchema-instance">
  <SolutionManifest>
    <UniqueName>TC_GlobalCore_Patch_71be1164</UniqueName>
    <LocalizedNames>
      <LocalizedName description="TC.GlobalCore" languagecode="1033" />
    </LocalizedNames>
    <Descriptions>
      <Description description="Patch for TC.GlobalCore" languagecode="1033" />
    </Descriptions>
    <ParentUniqueName>TC_GlobalCore</ParentUniqueName>
    <Version>4.0.4.0</Version>
    <Managed>1</Managed>
    <Publisher>
      <UniqueName>oversightpublisher</UniqueName>
      <LocalizedNames>
        <LocalizedName description="Oversight" languagecode="1033" />
      </LocalizedNames>
      <Descriptions>
        <Description description="This is the common solution for AvSec Inspection and TDG Inspection." languagecode="1033" />
      </Descriptions>
      <EMailAddress xsi:nil="true"></EMailAddress>
      <SupportingWebsiteUrl xsi:nil="true"></SupportingWebsiteUrl>
      <CustomizationPrefix>ovs</CustomizationPrefix>
      <CustomizationOptionValuePrefix>91864</CustomizationOptionValuePrefix>
      <Addresses>
        <Address>
          <AddressNumber>1</AddressNumber>
          <AddressTypeCode>1</AddressTypeCode>
          <City xsi:nil="true"></City>
          <County xsi:nil="true"></County>
          <Country xsi:nil="true"></Country>
          <Fax xsi:nil="true"></Fax>
          <FreightTermsCode xsi:nil="true"></FreightTermsCode>
          <ImportSequenceNumber xsi:nil="true"></ImportSequenceNumber>
          <Latitude xsi:nil="true"></Latitude>
          <Line1 xsi:nil="true"></Line1>
          <Line2 xsi:nil="true"></Line2>
          <Line3 xsi:nil="true"></Line3>
          <Longitude xsi:nil="true"></Longitude>
          <Name xsi:nil="true"></Name>
          <PostalCode xsi:nil="true"></PostalCode>
          <PostOfficeBox xsi:nil="true"></PostOfficeBox>
          <PrimaryContactName xsi:nil="true"></PrimaryContactName>
          <ShippingMethodCode>1</ShippingMethodCode>
          <StateOrProvince xsi:nil="true"></StateOrProvince>
          <Telephone1 xsi:nil="true"></Telephone1>
          <Telephone2 xsi:nil="true"></Telephone2>
          <Telephone3 xsi:nil="true"></Telephone3>
          <TimeZoneRuleVersionNumber xsi:nil="true"></TimeZoneRuleVersionNumber>
          <UPSZone xsi:nil="true"></UPSZone>
          <UTCOffset xsi:nil="true"></UTCOffset>
          <UTCConversionTimeZoneCode xsi:nil="true"></UTCConversionTimeZoneCode>
        </Address>
        <Address>
          <AddressNumber>2</AddressNumber>
          <AddressTypeCode>1</AddressTypeCode>
          <City xsi:nil="true"></City>
          <County xsi:nil="true"></County>
          <Country xsi:nil="true"></Country>
          <Fax xsi:nil="true"></Fax>
          <FreightTermsCode xsi:nil="true"></FreightTermsCode>
          <ImportSequenceNumber xsi:nil="true"></ImportSequenceNumber>
          <Latitude xsi:nil="true"></Latitude>
          <Line1 xsi:nil="true"></Line1>
          <Line2 xsi:nil="true"></Line2>
          <Line3 xsi:nil="true"></Line3>
          <Longitude xsi:nil="true"></Longitude>
          <Name xsi:nil="true"></Name>
          <PostalCode xsi:nil="true"></PostalCode>
          <PostOfficeBox xsi:nil="true"></PostOfficeBox>
          <PrimaryContactName xsi:nil="true"></PrimaryContactName>
          <ShippingMethodCode>1</ShippingMethodCode>
          <StateOrProvince xsi:nil="true"></StateOrProvince>
          <Telephone1 xsi:nil="true"></Telephone1>
          <Telephone2 xsi:nil="true"></Telephone2>
          <Telephone3 xsi:nil="true"></Telephone3>
          <TimeZoneRuleVersionNumber xsi:nil="true"></TimeZoneRuleVersionNumber>
          <UPSZone xsi:nil="true"></UPSZone>
          <UTCOffset xsi:nil="true"></UTCOffset>
          <UTCConversionTimeZoneCode xsi:nil="true"></UTCConversionTimeZoneCode>
        </Address>
      </Addresses>
    </Publisher>
    <RootComponents>
      <RootComponent type="1" schemaName="account" behavior="2" />
      <RootComponent type="1" schemaName="ovs_revisedquarterrequest" behavior="0" />
      <RootComponent type="1" schemaName="tc_tcfiscalquarter" behavior="0" />
      <RootComponent type="9" schemaName="ovs_bookingdiscrepancyrational" behavior="0" />
      <RootComponent type="60" id="{f3f3935c-b7dd-4dd4-a86b-2b0735f57d13}" />
    </RootComponents>
    <MissingDependencies>
      <MissingDependency>
        <Required key="0" type="1" schemaName="tc_tcfiscalperiod" displayName="TCFiscalPeriod" solution="Active" />
        <Dependent key="1" type="1" schemaName="tc_tcfiscalquarter" displayName="TCFiscalQuarter" />
      </MissingDependency>
      <MissingDependency>
        <Required key="2" type="1" schemaName="msdyn_workorder" displayName="Work Order" solution="FieldService (8.8.0.88)" />
        <Dependent key="1" type="1" schemaName="tc_tcfiscalquarter" displayName="TCFiscalQuarter" />
      </MissingDependency>
      <MissingDependency>
        <Required key="3" type="1" schemaName="ovs_unplannedforecast" displayName="Unplanned Forecast" solution="Active" />
        <Dependent key="1" type="1" schemaName="tc_tcfiscalquarter" displayName="TCFiscalQuarter" />
      </MissingDependency>
      <MissingDependency>
        <Required key="4" type="1" schemaName="bookableresourcebooking" displayName="Bookable Resource Booking" solution="msdynce_Scheduling (9.0.0.0)" />
        <Dependent key="1" type="1" schemaName="tc_tcfiscalquarter" displayName="TCFiscalQuarter" />
      </MissingDependency>
      <MissingDependency>
        <Required key="5" type="1" schemaName="tc_tcfiscalyear" displayName="TCFiscalYear" solution="Active" />
        <Dependent key="6" type="26" schemaName="TCFiscalQuarter Lookup View" displayName="TCFiscalQuarter Lookup View" parentSchemaName="tc_tcfiscalquarter" parentDisplayName="TCFiscalQuarter" id="{72cca668-4e5d-4ab1-afef-9b00703a5c41}" />
      </MissingDependency>
      <MissingDependency>
        <Required key="7" type="2" schemaName="tc_tcfiscalyearid" displayName="TCFiscalYearId" parentSchemaName="tc_tcfiscalyear" parentDisplayName="TCFiscalYear" solution="Active" />
        <Dependent key="6" type="26" schemaName="TCFiscalQuarter Lookup View" displayName="TCFiscalQuarter Lookup View" parentSchemaName="tc_tcfiscalquarter" parentDisplayName="TCFiscalQuarter" id="{72cca668-4e5d-4ab1-afef-9b00703a5c41}" />
      </MissingDependency>
      <MissingDependency>
        <Required key="8" type="2" schemaName="tc_fiscalyearlonglbl" displayName="FiscalYearLongLbl" parentSchemaName="tc_tcfiscalyear" parentDisplayName="TCFiscalYear" solution="Active" />
        <Dependent key="6" type="26" schemaName="TCFiscalQuarter Lookup View" displayName="TCFiscalQuarter Lookup View" parentSchemaName="tc_tcfiscalquarter" parentDisplayName="TCFiscalQuarter" id="{72cca668-4e5d-4ab1-afef-9b00703a5c41}" />
      </MissingDependency>
      <MissingDependency>
        <Required key="9" type="1" schemaName="ovs_operation" displayName="Operation" solution="Active" />
        <Dependent key="10" type="60" displayName="Regulated Entity" parentDisplayName="Account" id="{f3f3935c-b7dd-4dd4-a86b-2b0735f57d13}" />
      </MissingDependency>
      <MissingDependency>
        <Required key="11" type="2" schemaName="ovs_naicscode" displayName="NAICS Code" parentSchemaName="account" parentDisplayName="Account" solution="Active" />
        <Dependent key="10" type="60" displayName="Regulated Entity" parentDisplayName="Account" id="{f3f3935c-b7dd-4dd4-a86b-2b0735f57d13}" />
      </MissingDependency>
      <MissingDependency>
        <Required key="12" type="2" schemaName="territoryid" displayName="Region" parentSchemaName="account" parentDisplayName="Account" solution="msdynce_Sales (9.0.4.0076)" />
        <Dependent key="10" type="60" displayName="Regulated Entity" parentDisplayName="Account" id="{f3f3935c-b7dd-4dd4-a86b-2b0735f57d13}" />
      </MissingDependency>
      <MissingDependency>
        <Required key="13" type="2" schemaName="ovs_sitetype" displayName="Site Type" parentSchemaName="account" parentDisplayName="Account" solution="Active" />
        <Dependent key="10" type="60" displayName="Regulated Entity" parentDisplayName="Account" id="{f3f3935c-b7dd-4dd4-a86b-2b0735f57d13}" />
      </MissingDependency>
      <MissingDependency>
        <Required key="14" type="10" schemaName="ovs_site_ovs_operation" displayName="ovs_site_ovs_operation" parentSchemaName="account" parentDisplayName="Account" solution="Active" />
        <Dependent key="10" type="60" displayName="Regulated Entity" parentDisplayName="Account" id="{f3f3935c-b7dd-4dd4-a86b-2b0735f57d13}" />
      </MissingDependency>
      <MissingDependency>
        <Required key="15" type="10" schemaName="msdyn_account_msdyn_purchaseorder_Vendor" displayName="msdyn_account_msdyn_purchaseorder_Vendor" parentSchemaName="account" parentDisplayName="Account" solution="FieldServiceCommon (1.0.0.134)" />
        <Dependent key="10" type="60" displayName="Regulated Entity" parentDisplayName="Account" id="{f3f3935c-b7dd-4dd4-a86b-2b0735f57d13}" />
      </MissingDependency>
      <MissingDependency>
        <Required key="16" type="10" schemaName="ovs_regulated_entity_ovs_operation" displayName="ovs_regulated_entity_ovs_operation" parentSchemaName="account" parentDisplayName="Account" solution="Active" />
        <Dependent key="10" type="60" displayName="Regulated Entity" parentDisplayName="Account" id="{f3f3935c-b7dd-4dd4-a86b-2b0735f57d13}" />
      </MissingDependency>
      <MissingDependency>
        <Required key="17" type="10" schemaName="msdyn_account_msdyn_agreement_ServiceAccount" displayName="msdyn_account_msdyn_agreement_ServiceAccount" parentSchemaName="account" parentDisplayName="Account" solution="FieldService (8.8.0.88)" />
        <Dependent key="10" type="60" displayName="Regulated Entity" parentDisplayName="Account" id="{f3f3935c-b7dd-4dd4-a86b-2b0735f57d13}" />
      </MissingDependency>
      <MissingDependency>
        <Required key="18" type="10" schemaName="msdyn_account_account_BillingAccount" displayName="msdyn_account_account_BillingAccount" parentSchemaName="account" parentDisplayName="Account" solution="FieldServiceCommon (1.0.0.134)" />
        <Dependent key="10" type="60" displayName="Regulated Entity" parentDisplayName="Account" id="{f3f3935c-b7dd-4dd4-a86b-2b0735f57d13}" />
      </MissingDependency>
      <MissingDependency>
        <Required key="19" type="10" schemaName="ovs_Account_SiteType_ovs_SiteType" displayName="ovs_Account_SiteType_ovs_SiteType" parentSchemaName="ovs_sitetype" parentDisplayName="SiteType" solution="Active" />
        <Dependent key="10" type="60" displayName="Regulated Entity" parentDisplayName="Account" id="{f3f3935c-b7dd-4dd4-a86b-2b0735f57d13}" />
      </MissingDependency>
      <MissingDependency>
        <Required key="20" type="10" schemaName="msdyn_account_msdyn_agreement_BillingAccount" displayName="msdyn_account_msdyn_agreement_BillingAccount" parentSchemaName="account" parentDisplayName="Account" solution="FieldService (8.8.0.88)" />
        <Dependent key="10" type="60" displayName="Regulated Entity" parentDisplayName="Account" id="{f3f3935c-b7dd-4dd4-a86b-2b0735f57d13}" />
      </MissingDependency>
      <MissingDependency>
        <Required key="21" type="10" schemaName="msdyn_account_msdyn_workorder_ServiceAccount" displayName="msdyn_account_msdyn_workorder_ServiceAccount" parentSchemaName="account" parentDisplayName="Account" solution="FieldService (8.8.0.88)" />
        <Dependent key="10" type="60" displayName="Regulated Entity" parentDisplayName="Account" id="{f3f3935c-b7dd-4dd4-a86b-2b0735f57d13}" />
      </MissingDependency>
      <MissingDependency>
        <Required key="22" type="10" schemaName="msdyn_account_msdyn_customerasset_Account" displayName="msdyn_account_msdyn_customerasset_Account" parentSchemaName="msdyn_customerasset" parentDisplayName="Customer Asset" solution="msdyn_AssetCommon (1.0.7.40)" />
        <Dependent key="10" type="60" displayName="Regulated Entity" parentDisplayName="Account" id="{f3f3935c-b7dd-4dd4-a86b-2b0735f57d13}" />
      </MissingDependency>
      <MissingDependency>
        <Required key="23" type="10" schemaName="msdyn_account_msdyn_rma_BillingAccount" displayName="msdyn_account_msdyn_rma_BillingAccount" parentSchemaName="account" parentDisplayName="Account" solution="FieldService (8.8.0.88)" />
        <Dependent key="10" type="60" displayName="Regulated Entity" parentDisplayName="Account" id="{f3f3935c-b7dd-4dd4-a86b-2b0735f57d13}" />
      </MissingDependency>
      <MissingDependency>
        <Required key="24" type="10" schemaName="msdyn_account_msdyn_rma_ServiceAccount" displayName="msdyn_account_msdyn_rma_ServiceAccount" parentSchemaName="account" parentDisplayName="Account" solution="FieldService (8.8.0.88)" />
        <Dependent key="10" type="60" displayName="Regulated Entity" parentDisplayName="Account" id="{f3f3935c-b7dd-4dd4-a86b-2b0735f57d13}" />
      </MissingDependency>
      <MissingDependency>
        <Required key="25" type="10" schemaName="msdyn_account_msdyn_payment_Account" displayName="msdyn_account_msdyn_payment_Account" parentSchemaName="account" parentDisplayName="Account" solution="FieldService (8.8.0.88)" />
        <Dependent key="10" type="60" displayName="Regulated Entity" parentDisplayName="Account" id="{f3f3935c-b7dd-4dd4-a86b-2b0735f57d13}" />
      </MissingDependency>
      <MissingDependency>
        <Required key="26" type="10" schemaName="msdyn_account_msdyn_workorder_BillingAccount" displayName="msdyn_account_msdyn_workorder_BillingAccount" parentSchemaName="account" parentDisplayName="Account" solution="FieldService (8.8.0.88)" />
        <Dependent key="10" type="60" displayName="Regulated Entity" parentDisplayName="Account" id="{f3f3935c-b7dd-4dd4-a86b-2b0735f57d13}" />
      </MissingDependency>
      <MissingDependency>
        <Required key="27" type="10" schemaName="msdyn_account_msdyn_rtv_Vendor" displayName="msdyn_account_msdyn_rtv_Vendor" parentSchemaName="account" parentDisplayName="Account" solution="FieldService (8.8.0.88)" />
        <Dependent key="10" type="60" displayName="Regulated Entity" parentDisplayName="Account" id="{f3f3935c-b7dd-4dd4-a86b-2b0735f57d13}" />
      </MissingDependency>
      <MissingDependency>
        <Required key="28" type="26" schemaName="Active Operations" displayName="Active Operations" parentSchemaName="ovs_operation" parentDisplayName="Operation" solution="Active" id="{cca2cae4-216e-46b5-934e-d9112870f36f}" />
        <Dependent key="10" type="60" displayName="Regulated Entity" parentDisplayName="Account" id="{f3f3935c-b7dd-4dd4-a86b-2b0735f57d13}" />
      </MissingDependency>
      <MissingDependency>
        <Required key="29" type="26" schemaName="Site Operations" displayName="Site Operations" parentSchemaName="ovs_operation" parentDisplayName="Operation" solution="Active" id="{ad8cfbf3-6a18-eb11-a813-000d3af3a7a7}" />
        <Dependent key="10" type="60" displayName="Regulated Entity" parentDisplayName="Account" id="{f3f3935c-b7dd-4dd4-a86b-2b0735f57d13}" />
      </MissingDependency>
      <MissingDependency>
        <Required key="30" type="26" schemaName="Territories Lookup View" displayName="Territories Lookup View" parentSchemaName="territory" parentDisplayName="Region" solution="msdynce_AppCommon (9.0.4.0066)" id="{ad81b2ca-9789-4465-8c56-94c10830a6ed}" />
        <Dependent key="10" type="60" displayName="Regulated Entity" parentDisplayName="Account" id="{f3f3935c-b7dd-4dd4-a86b-2b0735f57d13}" />
      </MissingDependency>
      <MissingDependency>
        <Required key="31" type="26" schemaName="Regulated Entity Operations" displayName="Regulated Entity Operations" parentSchemaName="ovs_operation" parentDisplayName="Operation" solution="Active" id="{53f90006-6b18-eb11-a813-000d3af3a7a7}" />
        <Dependent key="10" type="60" displayName="Regulated Entity" parentDisplayName="Account" id="{f3f3935c-b7dd-4dd4-a86b-2b0735f57d13}" />
      </MissingDependency>
      <MissingDependency>
        <Required key="32" type="60" displayName="account contact card" parentDisplayName="Contact" solution="msdynce_AppCommon (9.0.4.0066)" id="{29de27bc-a257-4f29-99cf-bab4a84e688f}" />
        <Dependent key="10" type="60" displayName="Regulated Entity" parentDisplayName="Account" id="{f3f3935c-b7dd-4dd4-a86b-2b0735f57d13}" />
      </MissingDependency>
      <MissingDependency>
        <Required key="33" type="66" schemaName="msdyn_MscrmControls.TreeView.TreeViewControl" displayName="msdyn_MscrmControls.TreeView.TreeViewControl" solution="msdyn_AssetCommon (1.0.7.40)" />
        <Dependent key="10" type="60" displayName="Regulated Entity" parentDisplayName="Account" id="{f3f3935c-b7dd-4dd4-a86b-2b0735f57d13}" />
      </MissingDependency>
      <MissingDependency>
        <Required key="34" type="66" schemaName="MscrmControls.CardFeedContainer.CardFeedContainer" displayName="MscrmControls.CardFeedContainer.CardFeedContainer" solution="BaseCustomControlsCore (9.0.2011.4001)" />
        <Dependent key="10" type="60" displayName="Regulated Entity" parentDisplayName="Account" id="{f3f3935c-b7dd-4dd4-a86b-2b0735f57d13}" />
      </MissingDependency>
      <MissingDependency>
        <Required key="35" type="61" schemaName="msdyn_/Account/Account.Library.js" displayName="msdyn_/Account/Account.Library.js" solution="FieldService (8.8.0.88)" />
        <Dependent key="10" type="60" displayName="Regulated Entity" parentDisplayName="Account" id="{f3f3935c-b7dd-4dd4-a86b-2b0735f57d13}" />
      </MissingDependency>
      <MissingDependency>
        <Required key="36" type="61" schemaName="ovs_scripts/account.js" displayName="ovs_scripts/account.js" solution="Active" />
        <Dependent key="10" type="60" displayName="Regulated Entity" parentDisplayName="Account" id="{f3f3935c-b7dd-4dd4-a86b-2b0735f57d13}" />
      </MissingDependency>
      <MissingDependency>
        <Required key="37" type="61" schemaName="msdyn_/Utils/FieldServiceTrial.js" displayName="msdyn_/Utils/FieldServiceTrial.js" solution="FieldService (8.8.0.88)" />
        <Dependent key="10" type="60" displayName="Regulated Entity" parentDisplayName="Account" id="{f3f3935c-b7dd-4dd4-a86b-2b0735f57d13}" />
      </MissingDependency>
      <MissingDependency>
        <Required key="5" type="1" schemaName="tc_tcfiscalyear" displayName="TCFiscalYear" solution="Active" />
        <Dependent key="38" type="10" schemaName="tc_TCFiscalQuarter_TCFiscalYear" displayName="tc_TCFiscalQuarter_TCFiscalYear" parentSchemaName="tc_tcfiscalyear" parentDisplayName="TCFiscalYear" />
      </MissingDependency>
      <MissingDependency>
        <Required key="7" type="2" schemaName="tc_tcfiscalyearid" displayName="TCFiscalYearId" parentSchemaName="tc_tcfiscalyear" parentDisplayName="TCFiscalYear" solution="Active" />
        <Dependent key="38" type="10" schemaName="tc_TCFiscalQuarter_TCFiscalYear" displayName="tc_TCFiscalQuarter_TCFiscalYear" parentSchemaName="tc_tcfiscalyear" parentDisplayName="TCFiscalYear" />
      </MissingDependency>
      <MissingDependency>
        <Required key="39" type="2" schemaName="tc_name" displayName="Name" parentSchemaName="tc_tcfiscalyear" parentDisplayName="TCFiscalYear" solution="Active" />
        <Dependent key="38" type="10" schemaName="tc_TCFiscalQuarter_TCFiscalYear" displayName="tc_TCFiscalQuarter_TCFiscalYear" parentSchemaName="tc_tcfiscalyear" parentDisplayName="TCFiscalYear" />
      </MissingDependency>
    </MissingDependencies>
  </SolutionManifest>
</ImportExportXml>