<ImportExportXml version="9.2.23023.158" SolutionPackageVersion="9.2" languagecode="1033" generatedBy="CrmLive" xmlns:xsi="http://www.w3.org/2001/XMLSchema-instance">
  <SolutionManifest>
    <UniqueName>TC_GlobalCore_Patch_2fd46d01</UniqueName>
    <LocalizedNames>
      <LocalizedName description="TDG Core Schema" languagecode="1033" />
      <LocalizedName description="TDG Core Schema" languagecode="1036" />
    </LocalizedNames>
    <Descriptions>
      <Description description="Patch for TDG Core Schema" languagecode="1033" />
      <Description description="Patch for TDG Core Schema" languagecode="1036" />
    </Descriptions>
    <ParentUniqueName>TC_GlobalCore</ParentUniqueName>
    <Version>1.146.13.0</Version>
    <Managed>1</Managed>
    <Publisher>
      <UniqueName>oversightpublisher</UniqueName>
      <LocalizedNames>
        <LocalizedName description="Oversight" languagecode="1033" />
      </LocalizedNames>
      <Descriptions>
        <Description description="This is the common solution for AvSec Inspection and TDG Inspection." languagecode="1033" />
      </Descriptions>
      <EMailAddress xsi:nil="true"></EMailAddress>
      <SupportingWebsiteUrl xsi:nil="true"></SupportingWebsiteUrl>
      <CustomizationPrefix>ovs</CustomizationPrefix>
      <CustomizationOptionValuePrefix>91864</CustomizationOptionValuePrefix>
      <Addresses>
        <Address>
          <AddressNumber>1</AddressNumber>
          <AddressTypeCode>1</AddressTypeCode>
          <City xsi:nil="true"></City>
          <County xsi:nil="true"></County>
          <Country xsi:nil="true"></Country>
          <Fax xsi:nil="true"></Fax>
          <FreightTermsCode xsi:nil="true"></FreightTermsCode>
          <ImportSequenceNumber xsi:nil="true"></ImportSequenceNumber>
          <Latitude xsi:nil="true"></Latitude>
          <Line1 xsi:nil="true"></Line1>
          <Line2 xsi:nil="true"></Line2>
          <Line3 xsi:nil="true"></Line3>
          <Longitude xsi:nil="true"></Longitude>
          <Name xsi:nil="true"></Name>
          <PostalCode xsi:nil="true"></PostalCode>
          <PostOfficeBox xsi:nil="true"></PostOfficeBox>
          <PrimaryContactName xsi:nil="true"></PrimaryContactName>
          <ShippingMethodCode>1</ShippingMethodCode>
          <StateOrProvince xsi:nil="true"></StateOrProvince>
          <Telephone1 xsi:nil="true"></Telephone1>
          <Telephone2 xsi:nil="true"></Telephone2>
          <Telephone3 xsi:nil="true"></Telephone3>
          <TimeZoneRuleVersionNumber xsi:nil="true"></TimeZoneRuleVersionNumber>
          <UPSZone xsi:nil="true"></UPSZone>
          <UTCOffset xsi:nil="true"></UTCOffset>
          <UTCConversionTimeZoneCode xsi:nil="true"></UTCConversionTimeZoneCode>
        </Address>
        <Address>
          <AddressNumber>2</AddressNumber>
          <AddressTypeCode>1</AddressTypeCode>
          <City xsi:nil="true"></City>
          <County xsi:nil="true"></County>
          <Country xsi:nil="true"></Country>
          <Fax xsi:nil="true"></Fax>
          <FreightTermsCode xsi:nil="true"></FreightTermsCode>
          <ImportSequenceNumber xsi:nil="true"></ImportSequenceNumber>
          <Latitude xsi:nil="true"></Latitude>
          <Line1 xsi:nil="true"></Line1>
          <Line2 xsi:nil="true"></Line2>
          <Line3 xsi:nil="true"></Line3>
          <Longitude xsi:nil="true"></Longitude>
          <Name xsi:nil="true"></Name>
          <PostalCode xsi:nil="true"></PostalCode>
          <PostOfficeBox xsi:nil="true"></PostOfficeBox>
          <PrimaryContactName xsi:nil="true"></PrimaryContactName>
          <ShippingMethodCode>1</ShippingMethodCode>
          <StateOrProvince xsi:nil="true"></StateOrProvince>
          <Telephone1 xsi:nil="true"></Telephone1>
          <Telephone2 xsi:nil="true"></Telephone2>
          <Telephone3 xsi:nil="true"></Telephone3>
          <TimeZoneRuleVersionNumber xsi:nil="true"></TimeZoneRuleVersionNumber>
          <UPSZone xsi:nil="true"></UPSZone>
          <UTCOffset xsi:nil="true"></UTCOffset>
          <UTCConversionTimeZoneCode xsi:nil="true"></UTCConversionTimeZoneCode>
        </Address>
      </Addresses>
    </Publisher>
    <RootComponents>
      <RootComponent type="1" schemaName="ovs_mocregistration" behavior="1" />
      <RootComponent type="1" schemaName="ovs_supportrequest" behavior="2" />
      <RootComponent type="1" schemaName="ovs_supportrequesttype" behavior="2" />
      <RootComponent type="29" id="{13bcf4e1-24bd-ed11-83ff-0022483e130e}" behavior="0" />
      <RootComponent type="61" schemaName="ovs_Support_Request_JS" behavior="0" />
    </RootComponents>
    <MissingDependencies>
      <MissingDependency>
        <Required type="1" schemaName="ovs_mocregistration" displayName="Operation" solution="Active" />
        <Dependent type="1" schemaName="ovs_mocregistration" displayName="Operation" />
      </MissingDependency>
      <MissingDependency>
        <Required type="1" schemaName="ovs_supportrequest" displayName="Support Request" solution="Active" />
        <Dependent type="1" schemaName="ovs_supportrequest" displayName="Support Request" />
      </MissingDependency>
      <MissingDependency>
        <Required type="1" schemaName="ovs_supportrequesttype" displayName="Support Request Type" solution="Active" />
        <Dependent type="1" schemaName="ovs_supportrequesttype" displayName="Support Request Type" />
      </MissingDependency>
      <MissingDependency>
        <Required type="10" schemaName="ovs_ovs_supportrequest_Company_account" displayName="ovs_ovs_supportrequest_Company_account" parentSchemaName="account" parentDisplayName="Account" solution="Active" />
        <Dependent type="60" displayName="CID Portal - Contact us" parentDisplayName="Support Request" id="{1564f64e-59ae-ed11-83ff-0022483d0343}" />
      </MissingDependency>
      <MissingDependency>
        <Required type="10" schemaName="ovs_ovs_supportrequest_Company_account" displayName="ovs_ovs_supportrequest_Company_account" parentSchemaName="account" parentDisplayName="Account" solution="Active" />
        <Dependent type="60" displayName="Information" parentDisplayName="Support Request" id="{f9813d7a-892a-476d-b4d9-30abdf8de48e}" />
      </MissingDependency>
      <MissingDependency>
        <Required type="10" schemaName="ovs_ovs_supportrequest_CreatedByExternalUser_" displayName="ovs_ovs_supportrequest_CreatedByExternalUser_" parentSchemaName="contact" parentDisplayName="Contact" solution="Active" />
        <Dependent type="60" displayName="CID Portal - Contact us" parentDisplayName="Support Request" id="{1564f64e-59ae-ed11-83ff-0022483d0343}" />
      </MissingDependency>
      <MissingDependency>
        <Required type="10" schemaName="ovs_ovs_supportrequest_CreatedByExternalUser_" displayName="ovs_ovs_supportrequest_CreatedByExternalUser_" parentSchemaName="contact" parentDisplayName="Contact" solution="Active" />
        <Dependent type="60" displayName="Information" parentDisplayName="Support Request" id="{f9813d7a-892a-476d-b4d9-30abdf8de48e}" />
      </MissingDependency>
      <MissingDependency>
        <Required type="10" schemaName="ovs_ovs_supportrequesttype_FrenchKnowledgeArt" displayName="ovs_ovs_supportrequesttype_FrenchKnowledgeArt" parentSchemaName="knowledgearticle" parentDisplayName="Knowledge Article" solution="Active" />
        <Dependent type="2" schemaName="ovs_frenchknowledgearticle" displayName="French Knowledge Article" parentSchemaName="ovs_supportrequesttype" parentDisplayName="Support Request Type" />
      </MissingDependency>
      <MissingDependency>
        <Required type="10" schemaName="ovs_ovs_supportrequesttype_FrenchKnowledgeArt" displayName="ovs_ovs_supportrequesttype_FrenchKnowledgeArt" parentSchemaName="knowledgearticle" parentDisplayName="Knowledge Article" solution="Active" />
        <Dependent type="60" displayName="Information" parentDisplayName="Support Request Type" id="{176121d2-44a1-44cf-8666-e04cfeb89f0b}" />
      </MissingDependency>
      <MissingDependency>
        <Required type="10" schemaName="ovs_ovs_supportrequesttype_KnowledgeArticle_k" displayName="ovs_ovs_supportrequesttype_KnowledgeArticle_k" parentSchemaName="knowledgearticle" parentDisplayName="Knowledge Article" solution="Active" />
        <Dependent type="2" schemaName="ovs_knowledgearticle" displayName="Knowledge Article" parentSchemaName="ovs_supportrequesttype" parentDisplayName="Support Request Type" />
      </MissingDependency>
      <MissingDependency>
        <Required type="10" schemaName="ovs_ovs_supportrequesttype_KnowledgeArticle_k" displayName="ovs_ovs_supportrequesttype_KnowledgeArticle_k" parentSchemaName="knowledgearticle" parentDisplayName="Knowledge Article" solution="Active" />
        <Dependent type="60" displayName="Information" parentDisplayName="Support Request Type" id="{176121d2-44a1-44cf-8666-e04cfeb89f0b}" />
      </MissingDependency>
      <MissingDependency>
        <Required type="10" schemaName="ovs_ovs_supportrequest_RequestType_ovs_suppor" displayName="ovs_ovs_supportrequest_RequestType_ovs_suppor" parentSchemaName="ovs_supportrequesttype" parentDisplayName="Support Request Type" solution="Active" />
        <Dependent type="60" displayName="CID Portal - Contact us" parentDisplayName="Support Request" id="{1564f64e-59ae-ed11-83ff-0022483d0343}" />
      </MissingDependency>
      <MissingDependency>
        <Required type="10" schemaName="ovs_ovs_supportrequest_RequestType_ovs_suppor" displayName="ovs_ovs_supportrequest_RequestType_ovs_suppor" parentSchemaName="ovs_supportrequesttype" parentDisplayName="Support Request Type" solution="Active" />
        <Dependent type="60" displayName="Information" parentDisplayName="Support Request" id="{f9813d7a-892a-476d-b4d9-30abdf8de48e}" />
      </MissingDependency>
      <MissingDependency>
        <Required type="2" schemaName="ovs_lineofbusiness" displayName="Line Of Business" parentSchemaName="ovs_mocregistration" parentDisplayName="Operation" solution="Active" />
        <Dependent type="26" schemaName="Operations Lookup View" displayName="Operations Lookup View" parentSchemaName="ovs_mocregistration" parentDisplayName="Operation" id="{7e35f6a5-af6d-40f3-b3aa-3369350f8c35}" />
      </MissingDependency>
      <MissingDependency>
        <Required type="2" schemaName="ovs_mocregistrationid" displayName="Operation Id" parentSchemaName="ovs_mocregistration" parentDisplayName="Operation" solution="Active" />
        <Dependent type="26" schemaName="Operations Lookup View" displayName="Operations Lookup View" parentSchemaName="ovs_mocregistration" parentDisplayName="Operation" id="{7e35f6a5-af6d-40f3-b3aa-3369350f8c35}" />
      </MissingDependency>
      <MissingDependency>
        <Required type="2" schemaName="ovs_mocregistrationname" displayName="MOC Registration ID" parentSchemaName="ovs_mocregistration" parentDisplayName="Operation" solution="Active" />
        <Dependent type="26" schemaName="Operations Lookup View" displayName="Operations Lookup View" parentSchemaName="ovs_mocregistration" parentDisplayName="Operation" id="{7e35f6a5-af6d-40f3-b3aa-3369350f8c35}" />
      </MissingDependency>
      <MissingDependency>
        <Required type="2" schemaName="ovs_name" displayName="Operation ID" parentSchemaName="ovs_mocregistration" parentDisplayName="Operation" solution="Active" />
        <Dependent type="26" schemaName="Operations Lookup View" displayName="Operations Lookup View" parentSchemaName="ovs_mocregistration" parentDisplayName="Operation" id="{7e35f6a5-af6d-40f3-b3aa-3369350f8c35}" />
      </MissingDependency>
      <MissingDependency>
        <Required type="2" schemaName="ovs_operationtype" displayName="Operation Type" parentSchemaName="ovs_mocregistration" parentDisplayName="Operation" solution="Active" />
        <Dependent type="26" schemaName="Operations Lookup View" displayName="Operations Lookup View" parentSchemaName="ovs_mocregistration" parentDisplayName="Operation" id="{7e35f6a5-af6d-40f3-b3aa-3369350f8c35}" />
      </MissingDependency>
      <MissingDependency>
        <Required type="2" schemaName="ovs_siteid" displayName="Site" parentSchemaName="ovs_mocregistration" parentDisplayName="Operation" solution="Active" />
        <Dependent type="26" schemaName="Operations Lookup View" displayName="Operations Lookup View" parentSchemaName="ovs_mocregistration" parentDisplayName="Operation" id="{7e35f6a5-af6d-40f3-b3aa-3369350f8c35}" />
      </MissingDependency>
      <MissingDependency>
        <Required type="2" schemaName="statecode" displayName="Status" parentSchemaName="ovs_mocregistration" parentDisplayName="Operation" solution="Active" />
        <Dependent type="26" schemaName="Operations Lookup View" displayName="Operations Lookup View" parentSchemaName="ovs_mocregistration" parentDisplayName="Operation" id="{7e35f6a5-af6d-40f3-b3aa-3369350f8c35}" />
      </MissingDependency>
      <MissingDependency>
        <Required type="2" schemaName="createdon" displayName="Created On" parentSchemaName="ovs_supportrequest" parentDisplayName="Support Request" solution="Active" />
        <Dependent type="26" schemaName="Active Support Requests" displayName="Active Support Requests" parentSchemaName="ovs_supportrequest" parentDisplayName="Support Request" id="{035953f1-3ef6-455b-8288-9a62194e215f}" />
      </MissingDependency>
      <MissingDependency>
        <Required type="2" schemaName="createdon" displayName="Created On" parentSchemaName="ovs_supportrequest" parentDisplayName="Support Request" solution="Active" />
        <Dependent type="60" displayName="Information" parentDisplayName="Support Request" id="{f9813d7a-892a-476d-b4d9-30abdf8de48e}" />
      </MissingDependency>
      <MissingDependency>
        <Required type="2" schemaName="modifiedby" displayName="Modified By" parentSchemaName="ovs_supportrequest" parentDisplayName="Support Request" solution="Active" />
        <Dependent type="26" schemaName="Active Support Requests" displayName="Active Support Requests" parentSchemaName="ovs_supportrequest" parentDisplayName="Support Request" id="{035953f1-3ef6-455b-8288-9a62194e215f}" />
      </MissingDependency>
      <MissingDependency>
        <Required type="2" schemaName="modifiedby" displayName="Modified By" parentSchemaName="ovs_supportrequest" parentDisplayName="Support Request" solution="Active" />
        <Dependent type="60" displayName="Information" parentDisplayName="Support Request" id="{f9813d7a-892a-476d-b4d9-30abdf8de48e}" />
      </MissingDependency>
      <MissingDependency>
        <Required type="2" schemaName="modifiedon" displayName="Modified On" parentSchemaName="ovs_supportrequest" parentDisplayName="Support Request" solution="Active" />
        <Dependent type="26" schemaName="Active Support Requests" displayName="Active Support Requests" parentSchemaName="ovs_supportrequest" parentDisplayName="Support Request" id="{035953f1-3ef6-455b-8288-9a62194e215f}" />
      </MissingDependency>
      <MissingDependency>
        <Required type="2" schemaName="modifiedon" displayName="Modified On" parentSchemaName="ovs_supportrequest" parentDisplayName="Support Request" solution="Active" />
        <Dependent type="60" displayName="Information" parentDisplayName="Support Request" id="{f9813d7a-892a-476d-b4d9-30abdf8de48e}" />
      </MissingDependency>
      <MissingDependency>
        <Required type="2" schemaName="ovs_company" displayName="Company" parentSchemaName="ovs_supportrequest" parentDisplayName="Support Request" solution="Active" />
        <Dependent type="60" displayName="CID Portal - Contact us" parentDisplayName="Support Request" id="{1564f64e-59ae-ed11-83ff-0022483d0343}" />
      </MissingDependency>
      <MissingDependency>
        <Required type="2" schemaName="ovs_company" displayName="Company" parentSchemaName="ovs_supportrequest" parentDisplayName="Support Request" solution="Active" />
        <Dependent type="60" displayName="Information" parentDisplayName="Support Request" id="{f9813d7a-892a-476d-b4d9-30abdf8de48e}" />
      </MissingDependency>
      <MissingDependency>
        <Required type="2" schemaName="ovs_createdbyexternaluser" displayName="Created By External User" parentSchemaName="ovs_supportrequest" parentDisplayName="Support Request" solution="Active" />
        <Dependent type="26" schemaName="Active Support Requests" displayName="Active Support Requests" parentSchemaName="ovs_supportrequest" parentDisplayName="Support Request" id="{035953f1-3ef6-455b-8288-9a62194e215f}" />
      </MissingDependency>
      <MissingDependency>
        <Required type="2" schemaName="ovs_createdbyexternaluser" displayName="Created By External User" parentSchemaName="ovs_supportrequest" parentDisplayName="Support Request" solution="Active" />
        <Dependent type="60" displayName="CID Portal - Contact us" parentDisplayName="Support Request" id="{1564f64e-59ae-ed11-83ff-0022483d0343}" />
      </MissingDependency>
      <MissingDependency>
        <Required type="2" schemaName="ovs_createdbyexternaluser" displayName="Created By External User" parentSchemaName="ovs_supportrequest" parentDisplayName="Support Request" solution="Active" />
        <Dependent type="60" displayName="Information" parentDisplayName="Support Request" id="{f9813d7a-892a-476d-b4d9-30abdf8de48e}" />
      </MissingDependency>
      <MissingDependency>
        <Required type="2" schemaName="ovs_priority" displayName="Priority" parentSchemaName="ovs_supportrequest" parentDisplayName="Support Request" solution="Active" />
        <Dependent type="26" schemaName="Active Support Requests" displayName="Active Support Requests" parentSchemaName="ovs_supportrequest" parentDisplayName="Support Request" id="{035953f1-3ef6-455b-8288-9a62194e215f}" />
      </MissingDependency>
      <MissingDependency>
        <Required type="2" schemaName="ovs_priority" displayName="Priority" parentSchemaName="ovs_supportrequest" parentDisplayName="Support Request" solution="Active" />
        <Dependent type="60" displayName="CID Portal - Contact us" parentDisplayName="Support Request" id="{1564f64e-59ae-ed11-83ff-0022483d0343}" />
      </MissingDependency>
      <MissingDependency>
        <Required type="2" schemaName="ovs_priority" displayName="Priority" parentSchemaName="ovs_supportrequest" parentDisplayName="Support Request" solution="Active" />
        <Dependent type="60" displayName="Information" parentDisplayName="Support Request" id="{f9813d7a-892a-476d-b4d9-30abdf8de48e}" />
      </MissingDependency>
      <MissingDependency>
        <Required type="2" schemaName="ovs_requestdetails" displayName="Request Details" parentSchemaName="ovs_supportrequest" parentDisplayName="Support Request" solution="Active" />
        <Dependent type="26" schemaName="Active Support Requests" displayName="Active Support Requests" parentSchemaName="ovs_supportrequest" parentDisplayName="Support Request" id="{035953f1-3ef6-455b-8288-9a62194e215f}" />
      </MissingDependency>
      <MissingDependency>
        <Required type="2" schemaName="ovs_requestdetails" displayName="Request Details" parentSchemaName="ovs_supportrequest" parentDisplayName="Support Request" solution="Active" />
        <Dependent type="60" displayName="CID Portal - Contact us" parentDisplayName="Support Request" id="{1564f64e-59ae-ed11-83ff-0022483d0343}" />
      </MissingDependency>
      <MissingDependency>
        <Required type="2" schemaName="ovs_requestdetails" displayName="Request Details" parentSchemaName="ovs_supportrequest" parentDisplayName="Support Request" solution="Active" />
        <Dependent type="60" displayName="Information" parentDisplayName="Support Request" id="{f9813d7a-892a-476d-b4d9-30abdf8de48e}" />
      </MissingDependency>
      <MissingDependency>
        <Required type="2" schemaName="ovs_requestnumber" displayName="Request Number" parentSchemaName="ovs_supportrequest" parentDisplayName="Support Request" solution="Active" />
        <Dependent type="26" schemaName="Active Support Requests" displayName="Active Support Requests" parentSchemaName="ovs_supportrequest" parentDisplayName="Support Request" id="{035953f1-3ef6-455b-8288-9a62194e215f}" />
      </MissingDependency>
      <MissingDependency>
        <Required type="2" schemaName="ovs_requestnumber" displayName="Request Number" parentSchemaName="ovs_supportrequest" parentDisplayName="Support Request" solution="Active" />
        <Dependent type="29" displayName="Set status to Inactive after status reason is closed." id="{13bcf4e1-24bd-ed11-83ff-0022483e130e}" />
      </MissingDependency>
      <MissingDependency>
        <Required type="2" schemaName="ovs_requestnumber" displayName="Request Number" parentSchemaName="ovs_supportrequest" parentDisplayName="Support Request" solution="Active" />
        <Dependent type="60" displayName="CID Portal - Contact us" parentDisplayName="Support Request" id="{1564f64e-59ae-ed11-83ff-0022483d0343}" />
      </MissingDependency>
      <MissingDependency>
        <Required type="2" schemaName="ovs_requestnumber" displayName="Request Number" parentSchemaName="ovs_supportrequest" parentDisplayName="Support Request" solution="Active" />
        <Dependent type="60" displayName="Information" parentDisplayName="Support Request" id="{f9813d7a-892a-476d-b4d9-30abdf8de48e}" />
      </MissingDependency>
      <MissingDependency>
        <Required type="2" schemaName="ovs_requesttype" displayName="Request Type" parentSchemaName="ovs_supportrequest" parentDisplayName="Support Request" solution="Active" />
        <Dependent type="26" schemaName="Active Support Requests" displayName="Active Support Requests" parentSchemaName="ovs_supportrequest" parentDisplayName="Support Request" id="{035953f1-3ef6-455b-8288-9a62194e215f}" />
      </MissingDependency>
      <MissingDependency>
        <Required type="2" schemaName="ovs_requesttype" displayName="Request Type" parentSchemaName="ovs_supportrequest" parentDisplayName="Support Request" solution="Active" />
        <Dependent type="60" displayName="CID Portal - Contact us" parentDisplayName="Support Request" id="{1564f64e-59ae-ed11-83ff-0022483d0343}" />
      </MissingDependency>
      <MissingDependency>
        <Required type="2" schemaName="ovs_requesttype" displayName="Request Type" parentSchemaName="ovs_supportrequest" parentDisplayName="Support Request" solution="Active" />
        <Dependent type="60" displayName="Information" parentDisplayName="Support Request" id="{f9813d7a-892a-476d-b4d9-30abdf8de48e}" />
      </MissingDependency>
      <MissingDependency>
        <Required type="2" schemaName="ovs_supportrequestid" displayName="Support Request" parentSchemaName="ovs_supportrequest" parentDisplayName="Support Request" solution="Active" />
        <Dependent type="26" schemaName="Active Support Requests" displayName="Active Support Requests" parentSchemaName="ovs_supportrequest" parentDisplayName="Support Request" id="{035953f1-3ef6-455b-8288-9a62194e215f}" />
      </MissingDependency>
      <MissingDependency>
        <Required type="2" schemaName="ovs_supportrequestid" displayName="Support Request" parentSchemaName="ovs_supportrequest" parentDisplayName="Support Request" solution="Active" />
        <Dependent type="29" displayName="Set status to Inactive after status reason is closed." id="{13bcf4e1-24bd-ed11-83ff-0022483e130e}" />
      </MissingDependency>
      <MissingDependency>
        <Required type="2" schemaName="ovs_teammemo" displayName="Team Memo" parentSchemaName="ovs_supportrequest" parentDisplayName="Support Request" solution="Active" />
        <Dependent type="26" schemaName="Active Support Requests" displayName="Active Support Requests" parentSchemaName="ovs_supportrequest" parentDisplayName="Support Request" id="{035953f1-3ef6-455b-8288-9a62194e215f}" />
      </MissingDependency>
      <MissingDependency>
        <Required type="2" schemaName="ovs_teammemo" displayName="Team Memo" parentSchemaName="ovs_supportrequest" parentDisplayName="Support Request" solution="Active" />
        <Dependent type="60" displayName="Information" parentDisplayName="Support Request" id="{f9813d7a-892a-476d-b4d9-30abdf8de48e}" />
      </MissingDependency>
      <MissingDependency>
        <Required type="2" schemaName="ownerid" displayName="Owner" parentSchemaName="ovs_supportrequest" parentDisplayName="Support Request" solution="Active" />
        <Dependent type="26" schemaName="Active Support Requests" displayName="Active Support Requests" parentSchemaName="ovs_supportrequest" parentDisplayName="Support Request" id="{035953f1-3ef6-455b-8288-9a62194e215f}" />
      </MissingDependency>
      <MissingDependency>
        <Required type="2" schemaName="ownerid" displayName="Owner" parentSchemaName="ovs_supportrequest" parentDisplayName="Support Request" solution="Active" />
        <Dependent type="60" displayName="CID Portal - Contact us" parentDisplayName="Support Request" id="{1564f64e-59ae-ed11-83ff-0022483d0343}" />
      </MissingDependency>
      <MissingDependency>
        <Required type="2" schemaName="ownerid" displayName="Owner" parentSchemaName="ovs_supportrequest" parentDisplayName="Support Request" solution="Active" />
        <Dependent type="60" displayName="Information" parentDisplayName="Support Request" id="{f9813d7a-892a-476d-b4d9-30abdf8de48e}" />
      </MissingDependency>
      <MissingDependency>
        <Required type="2" schemaName="createdon" displayName="Created On" parentSchemaName="ovs_supportrequesttype" parentDisplayName="Support Request Type" solution="Active" />
        <Dependent type="26" schemaName="Active Support Request Types" displayName="Active Support Request Types" parentSchemaName="ovs_supportrequesttype" parentDisplayName="Support Request Type" id="{40c684a1-4681-42d2-978e-32926a1b63d4}" />
      </MissingDependency>
      <MissingDependency>
        <Required type="2" schemaName="ovs_code" displayName="Code" parentSchemaName="ovs_supportrequesttype" parentDisplayName="Support Request Type" solution="Active" />
        <Dependent type="26" schemaName="Active Support Request Types" displayName="Active Support Request Types" parentSchemaName="ovs_supportrequesttype" parentDisplayName="Support Request Type" id="{40c684a1-4681-42d2-978e-32926a1b63d4}" />
      </MissingDependency>
      <MissingDependency>
        <Required type="2" schemaName="ovs_code" displayName="Code" parentSchemaName="ovs_supportrequesttype" parentDisplayName="Support Request Type" solution="Active" />
        <Dependent type="26" schemaName="Support Request Type Lookup View" displayName="Support Request Type Lookup View" parentSchemaName="ovs_supportrequesttype" parentDisplayName="Support Request Type" id="{daf40171-1972-4dc0-b43c-8dd1e4f6c7eb}" />
      </MissingDependency>
      <MissingDependency>
        <Required type="2" schemaName="ovs_code" displayName="Code" parentSchemaName="ovs_supportrequesttype" parentDisplayName="Support Request Type" solution="Active" />
        <Dependent type="60" displayName="Information" parentDisplayName="Support Request Type" id="{176121d2-44a1-44cf-8666-e04cfeb89f0b}" />
      </MissingDependency>
      <MissingDependency>
        <Required type="2" schemaName="ovs_displayorder" displayName="Display Order" parentSchemaName="ovs_supportrequesttype" parentDisplayName="Support Request Type" solution="Active" />
        <Dependent type="26" schemaName="Active Support Request Types" displayName="Active Support Request Types" parentSchemaName="ovs_supportrequesttype" parentDisplayName="Support Request Type" id="{40c684a1-4681-42d2-978e-32926a1b63d4}" />
      </MissingDependency>
      <MissingDependency>
        <Required type="2" schemaName="ovs_displayorder" displayName="Display Order" parentSchemaName="ovs_supportrequesttype" parentDisplayName="Support Request Type" solution="Active" />
        <Dependent type="60" displayName="Information" parentDisplayName="Support Request Type" id="{176121d2-44a1-44cf-8666-e04cfeb89f0b}" />
      </MissingDependency>
      <MissingDependency>
        <Required type="2" schemaName="ovs_externaluser" displayName="External User" parentSchemaName="ovs_supportrequesttype" parentDisplayName="Support Request Type" solution="Active" />
        <Dependent type="26" schemaName="Active Support Request Types" displayName="Active Support Request Types" parentSchemaName="ovs_supportrequesttype" parentDisplayName="Support Request Type" id="{40c684a1-4681-42d2-978e-32926a1b63d4}" />
      </MissingDependency>
      <MissingDependency>
        <Required type="2" schemaName="ovs_externaluser" displayName="External User" parentSchemaName="ovs_supportrequesttype" parentDisplayName="Support Request Type" solution="Active" />
        <Dependent type="60" displayName="Information" parentDisplayName="Support Request Type" id="{176121d2-44a1-44cf-8666-e04cfeb89f0b}" />
      </MissingDependency>
      <MissingDependency>
        <Required type="2" schemaName="ovs_reasonenglish" displayName="Reason English" parentSchemaName="ovs_supportrequesttype" parentDisplayName="Support Request Type" solution="Active" />
        <Dependent type="26" schemaName="Active Support Requests" displayName="Active Support Requests" parentSchemaName="ovs_supportrequest" parentDisplayName="Support Request" id="{035953f1-3ef6-455b-8288-9a62194e215f}" />
      </MissingDependency>
      <MissingDependency>
        <Required type="2" schemaName="ovs_reasonenglish" displayName="Reason English" parentSchemaName="ovs_supportrequesttype" parentDisplayName="Support Request Type" solution="Active" />
        <Dependent type="26" schemaName="Active Support Request Types" displayName="Active Support Request Types" parentSchemaName="ovs_supportrequesttype" parentDisplayName="Support Request Type" id="{40c684a1-4681-42d2-978e-32926a1b63d4}" />
      </MissingDependency>
      <MissingDependency>
        <Required type="2" schemaName="ovs_reasonenglish" displayName="Reason English" parentSchemaName="ovs_supportrequesttype" parentDisplayName="Support Request Type" solution="Active" />
        <Dependent type="26" schemaName="Support Request Type Lookup View" displayName="Support Request Type Lookup View" parentSchemaName="ovs_supportrequesttype" parentDisplayName="Support Request Type" id="{daf40171-1972-4dc0-b43c-8dd1e4f6c7eb}" />
      </MissingDependency>
      <MissingDependency>
        <Required type="2" schemaName="ovs_reasonenglish" displayName="Reason English" parentSchemaName="ovs_supportrequesttype" parentDisplayName="Support Request Type" solution="Active" />
        <Dependent type="60" displayName="Information" parentDisplayName="Support Request Type" id="{176121d2-44a1-44cf-8666-e04cfeb89f0b}" />
      </MissingDependency>
      <MissingDependency>
        <Required type="2" schemaName="ovs_reasonfrench" displayName="Reason French" parentSchemaName="ovs_supportrequesttype" parentDisplayName="Support Request Type" solution="Active" />
        <Dependent type="26" schemaName="Active Support Requests" displayName="Active Support Requests" parentSchemaName="ovs_supportrequest" parentDisplayName="Support Request" id="{035953f1-3ef6-455b-8288-9a62194e215f}" />
      </MissingDependency>
      <MissingDependency>
        <Required type="2" schemaName="ovs_reasonfrench" displayName="Reason French" parentSchemaName="ovs_supportrequesttype" parentDisplayName="Support Request Type" solution="Active" />
        <Dependent type="26" schemaName="Active Support Request Types" displayName="Active Support Request Types" parentSchemaName="ovs_supportrequesttype" parentDisplayName="Support Request Type" id="{40c684a1-4681-42d2-978e-32926a1b63d4}" />
      </MissingDependency>
      <MissingDependency>
        <Required type="2" schemaName="ovs_reasonfrench" displayName="Reason French" parentSchemaName="ovs_supportrequesttype" parentDisplayName="Support Request Type" solution="Active" />
        <Dependent type="26" schemaName="Support Request Type Lookup View" displayName="Support Request Type Lookup View" parentSchemaName="ovs_supportrequesttype" parentDisplayName="Support Request Type" id="{daf40171-1972-4dc0-b43c-8dd1e4f6c7eb}" />
      </MissingDependency>
      <MissingDependency>
        <Required type="2" schemaName="ovs_reasonfrench" displayName="Reason French" parentSchemaName="ovs_supportrequesttype" parentDisplayName="Support Request Type" solution="Active" />
        <Dependent type="60" displayName="Information" parentDisplayName="Support Request Type" id="{176121d2-44a1-44cf-8666-e04cfeb89f0b}" />
      </MissingDependency>
      <MissingDependency>
        <Required type="2" schemaName="ovs_requesttype" displayName="Request Type" parentSchemaName="ovs_supportrequesttype" parentDisplayName="Support Request Type" solution="Active" />
        <Dependent type="26" schemaName="Active Support Request Types" displayName="Active Support Request Types" parentSchemaName="ovs_supportrequesttype" parentDisplayName="Support Request Type" id="{40c684a1-4681-42d2-978e-32926a1b63d4}" />
      </MissingDependency>
      <MissingDependency>
        <Required type="2" schemaName="ovs_requesttype" displayName="Request Type" parentSchemaName="ovs_supportrequesttype" parentDisplayName="Support Request Type" solution="Active" />
        <Dependent type="60" displayName="Information" parentDisplayName="Support Request Type" id="{176121d2-44a1-44cf-8666-e04cfeb89f0b}" />
      </MissingDependency>
      <MissingDependency>
        <Required type="2" schemaName="ovs_supportrequesttypeid" displayName="Support Request Type" parentSchemaName="ovs_supportrequesttype" parentDisplayName="Support Request Type" solution="Active" />
        <Dependent type="26" schemaName="Active Support Requests" displayName="Active Support Requests" parentSchemaName="ovs_supportrequest" parentDisplayName="Support Request" id="{035953f1-3ef6-455b-8288-9a62194e215f}" />
      </MissingDependency>
      <MissingDependency>
        <Required type="2" schemaName="ovs_supportrequesttypeid" displayName="Support Request Type" parentSchemaName="ovs_supportrequesttype" parentDisplayName="Support Request Type" solution="Active" />
        <Dependent type="26" schemaName="Active Support Request Types" displayName="Active Support Request Types" parentSchemaName="ovs_supportrequesttype" parentDisplayName="Support Request Type" id="{40c684a1-4681-42d2-978e-32926a1b63d4}" />
      </MissingDependency>
      <MissingDependency>
        <Required type="2" schemaName="ovs_supportrequesttypeid" displayName="Support Request Type" parentSchemaName="ovs_supportrequesttype" parentDisplayName="Support Request Type" solution="Active" />
        <Dependent type="26" schemaName="Support Request Type Lookup View" displayName="Support Request Type Lookup View" parentSchemaName="ovs_supportrequesttype" parentDisplayName="Support Request Type" id="{daf40171-1972-4dc0-b43c-8dd1e4f6c7eb}" />
      </MissingDependency>
      <MissingDependency>
        <Required type="2" schemaName="ovs_templateenglish" displayName="Template English" parentSchemaName="ovs_supportrequesttype" parentDisplayName="Support Request Type" solution="Active" />
        <Dependent type="60" displayName="Information" parentDisplayName="Support Request Type" id="{176121d2-44a1-44cf-8666-e04cfeb89f0b}" />
      </MissingDependency>
      <MissingDependency>
        <Required type="2" schemaName="ovs_templatefrench" displayName="Template French" parentSchemaName="ovs_supportrequesttype" parentDisplayName="Support Request Type" solution="Active" />
        <Dependent type="60" displayName="Information" parentDisplayName="Support Request Type" id="{176121d2-44a1-44cf-8666-e04cfeb89f0b}" />
      </MissingDependency>
      <MissingDependency>
        <Required type="2" schemaName="ownerid" displayName="Owner" parentSchemaName="ovs_supportrequesttype" parentDisplayName="Support Request Type" solution="Active" />
        <Dependent type="60" displayName="Information" parentDisplayName="Support Request Type" id="{176121d2-44a1-44cf-8666-e04cfeb89f0b}" />
      </MissingDependency>
      <MissingDependency>
        <Required type="2" schemaName="statecode" displayName="Status" parentSchemaName="ovs_supportrequesttype" parentDisplayName="Support Request Type" solution="Active" />
        <Dependent type="26" schemaName="Active Support Request Types" displayName="Active Support Request Types" parentSchemaName="ovs_supportrequesttype" parentDisplayName="Support Request Type" id="{40c684a1-4681-42d2-978e-32926a1b63d4}" />
      </MissingDependency>
      <MissingDependency>
        <Required type="2" schemaName="statecode" displayName="Status" parentSchemaName="ovs_supportrequesttype" parentDisplayName="Support Request Type" solution="Active" />
        <Dependent type="26" schemaName="Support Request Type Lookup View" displayName="Support Request Type Lookup View" parentSchemaName="ovs_supportrequesttype" parentDisplayName="Support Request Type" id="{daf40171-1972-4dc0-b43c-8dd1e4f6c7eb}" />
      </MissingDependency>
      <MissingDependency>
        <Required type="66" schemaName="MscrmControls.RichTextEditor.RichTextEditorControl" displayName="MscrmControls.RichTextEditor.RichTextEditorControl" solution="msdyn_RichTextEditor (1.0.0.2306)" />
        <Dependent type="60" displayName="CID Portal - Contact us" parentDisplayName="Support Request" id="{1564f64e-59ae-ed11-83ff-0022483d0343}" />
      </MissingDependency>
      <MissingDependency>
        <Required type="66" schemaName="MscrmControls.RichTextEditor.RichTextEditorControl" displayName="MscrmControls.RichTextEditor.RichTextEditorControl" solution="msdyn_RichTextEditor (1.0.0.2306)" />
        <Dependent type="60" displayName="Information" parentDisplayName="Support Request" id="{f9813d7a-892a-476d-b4d9-30abdf8de48e}" />
      </MissingDependency>
    </MissingDependencies>
  </SolutionManifest>
</ImportExportXml>