<ImportExportXml xmlns:xsi="http://www.w3.org/2001/XMLSchema-instance">
  <Entities>
    <Entity>
      <Name LocalizedName="CID Invitation " OriginalName="CID Invitation ">cid_invitation</Name>
      <EntityInfo>
        <entity Name="cid_invitation">
          <LocalizedNames>
            <LocalizedName description="CID Invitation " languagecode="1033" />
          </LocalizedNames>
          <LocalizedCollectionNames>
            <LocalizedCollectionName description="CID Invitations" languagecode="1033" />
          </LocalizedCollectionNames>
          <Descriptions>
            <Description description="" languagecode="1033" />
          </Descriptions>
          <attributes />
          <EntitySetName>cid_invitations</EntitySetName>
          <IsDuplicateCheckSupported>1</IsDuplicateCheckSupported>
          <IsBusinessProcessEnabled>0</IsBusinessProcessEnabled>
          <IsRequiredOffline>0</IsRequiredOffline>
          <IsInteractionCentricEnabled>0</IsInteractionCentricEnabled>
          <IsCollaboration>0</IsCollaboration>
          <AutoRouteToOwnerQueue>0</AutoRouteToOwnerQueue>
          <IsConnectionsEnabled>0</IsConnectionsEnabled>
          <IsDocumentManagementEnabled>0</IsDocumentManagementEnabled>
          <AutoCreateAccessTeams>0</AutoCreateAccessTeams>
          <IsOneNoteIntegrationEnabled>0</IsOneNoteIntegrationEnabled>
          <IsKnowledgeManagementEnabled>0</IsKnowledgeManagementEnabled>
          <IsSLAEnabled>0</IsSLAEnabled>
          <IsDocumentRecommendationsEnabled>0</IsDocumentRecommendationsEnabled>
          <IsBPFEntity>0</IsBPFEntity>
          <OwnershipTypeMask>UserOwned</OwnershipTypeMask>
          <IsAuditEnabled>0</IsAuditEnabled>
          <IsRetrieveAuditEnabled>0</IsRetrieveAuditEnabled>
          <IsRetrieveMultipleAuditEnabled>0</IsRetrieveMultipleAuditEnabled>
          <IsActivity>0</IsActivity>
          <ActivityTypeMask></ActivityTypeMask>
          <IsActivityParty>0</IsActivityParty>
          <IsReplicated>0</IsReplicated>
          <IsReplicationUserFiltered>0</IsReplicationUserFiltered>
          <IsMailMergeEnabled>1</IsMailMergeEnabled>
          <IsVisibleInMobile>0</IsVisibleInMobile>
          <IsVisibleInMobileClient>0</IsVisibleInMobileClient>
          <IsReadOnlyInMobileClient>0</IsReadOnlyInMobileClient>
          <IsOfflineInMobileClient>0</IsOfflineInMobileClient>
          <DaysSinceRecordLastModified>0</DaysSinceRecordLastModified>
          <MobileOfflineFilters></MobileOfflineFilters>
          <IsMapiGridEnabled>1</IsMapiGridEnabled>
          <IsReadingPaneEnabled>1</IsReadingPaneEnabled>
          <IsQuickCreateEnabled>0</IsQuickCreateEnabled>
          <SyncToExternalSearchIndex>0</SyncToExternalSearchIndex>
          <IntroducedVersion>1.0</IntroducedVersion>
          <IsCustomizable>1</IsCustomizable>
          <IsRenameable>1</IsRenameable>
          <IsMappable>1</IsMappable>
          <CanModifyAuditSettings>1</CanModifyAuditSettings>
          <CanModifyMobileVisibility>1</CanModifyMobileVisibility>
          <CanModifyMobileClientVisibility>1</CanModifyMobileClientVisibility>
          <CanModifyMobileClientReadOnly>1</CanModifyMobileClientReadOnly>
          <CanModifyMobileClientOffline>1</CanModifyMobileClientOffline>
          <CanModifyConnectionSettings>1</CanModifyConnectionSettings>
          <CanModifyDuplicateDetectionSettings>1</CanModifyDuplicateDetectionSettings>
          <CanModifyMailMergeSettings>1</CanModifyMailMergeSettings>
          <CanModifyQueueSettings>1</CanModifyQueueSettings>
          <CanCreateAttributes>1</CanCreateAttributes>
          <CanCreateForms>1</CanCreateForms>
          <CanCreateCharts>1</CanCreateCharts>
          <CanCreateViews>1</CanCreateViews>
          <CanModifyAdditionalSettings>1</CanModifyAdditionalSettings>
          <CanEnableSyncToExternalSearchIndex>1</CanEnableSyncToExternalSearchIndex>
          <EnforceStateTransitions>0</EnforceStateTransitions>
          <CanChangeHierarchicalRelationship>1</CanChangeHierarchicalRelationship>
          <EntityHelpUrlEnabled>0</EntityHelpUrlEnabled>
          <ChangeTrackingEnabled>0</ChangeTrackingEnabled>
          <CanChangeTrackingBeEnabled>1</CanChangeTrackingBeEnabled>
          <IsEnabledForExternalChannels>0</IsEnabledForExternalChannels>
          <IsSolutionAware>0</IsSolutionAware>
        </entity>
      </EntityInfo>
      <SavedQueries>
        <savedqueries>
          <savedquery>
            <IsCustomizable>1</IsCustomizable>
            <CanBeDeleted>0</CanBeDeleted>
            <isquickfindquery>0</isquickfindquery>
            <isprivate>0</isprivate>
            <isdefault>1</isdefault>
            <savedqueryid>{0c3a761e-13e7-45e2-bc72-f6ed18a177ec}</savedqueryid>
            <layoutxml>
              <grid name="resultset" jump="cid_name" select="1" icon="1" preview="1">
                <row name="result" id="cid_invitationid">
                  <cell name="cid_companystatus" width="200" />
                  <cell name="cid_companyname" width="200" />
                  <cell name="cid_companyaddress" width="200" />
                  <cell name="cid_company_province" width="144" />
                  <cell name="cid_invitationsenton" width="148" />
                  <cell name="cid_invitedcontact" width="200" />
                  <cell name="cid_invitedcontactemail" width="150" />
                </row>
              </grid>
            </layoutxml>
            <querytype>0</querytype>
            <fetchxml>
              <fetch version="1.0" mapping="logical">
                <entity name="cid_invitation">
                  <attribute name="cid_invitationid" />
                  <filter type="and">
                    <condition attribute="statecode" operator="eq" value="0" />
                  </filter>
                  <attribute name="cid_companyname" />
                  <attribute name="cid_companystatus" />
                  <order attribute="cid_companystatus" descending="false" />
                  <order attribute="cid_companyname" descending="false" />
                  <attribute name="cid_companyaddress" />
                  <attribute name="cid_invitedcontact" />
                  <attribute name="cid_invitedcontactemail" />
                  <attribute name="cid_company_province" />
                  <attribute name="cid_invitationsenton" />
                </entity>
              </fetch>
            </fetchxml>
            <IntroducedVersion>1.0</IntroducedVersion>
            <LocalizedNames>
              <LocalizedName description="Active CID Invitations" languagecode="1033" />
            </LocalizedNames>
          </savedquery>
          <savedquery>
            <IsCustomizable>1</IsCustomizable>
            <CanBeDeleted>0</CanBeDeleted>
            <isquickfindquery>0</isquickfindquery>
            <isprivate>0</isprivate>
            <isdefault>1</isdefault>
            <savedqueryid>{646aa0c4-61d9-49de-9806-238a7cb34ba8}</savedqueryid>
            <layoutxml>
              <grid name="resultset" jump="cid_name" select="1" icon="1" preview="1">
                <row name="result" id="cid_invitationid">
                  <cell name="cid_name" width="300" />
                  <cell name="createdon" width="125" />
                </row>
              </grid>
            </layoutxml>
            <querytype>1</querytype>
            <fetchxml>
              <fetch version="1.0" mapping="logical">
                <entity name="cid_invitation">
                  <attribute name="cid_invitationid" />
                  <attribute name="cid_name" />
                  <attribute name="createdon" />
                  <order attribute="cid_name" descending="false" />
                </entity>
              </fetch>
            </fetchxml>
            <IntroducedVersion>1.0</IntroducedVersion>
            <LocalizedNames>
              <LocalizedName description="CID Invitation  Advanced Find View" languagecode="1033" />
            </LocalizedNames>
          </savedquery>
          <savedquery>
            <IsCustomizable>1</IsCustomizable>
            <CanBeDeleted>0</CanBeDeleted>
            <isquickfindquery>0</isquickfindquery>
            <isprivate>0</isprivate>
            <isdefault>1</isdefault>
            <savedqueryid>{5e482e17-2d7c-47c8-8d23-775f2911b1e3}</savedqueryid>
            <layoutxml>
              <grid name="cid_invitations" jump="cid_name" select="1" icon="1" preview="1">
                <row name="cid_invitation" id="cid_invitationid">
                  <cell name="cid_name" width="300" />
                  <cell name="createdon" width="125" />
                </row>
              </grid>
            </layoutxml>
            <querytype>2</querytype>
            <fetchxml>
              <fetch version="1.0" mapping="logical">
                <entity name="cid_invitation">
                  <attribute name="cid_invitationid" />
                  <attribute name="cid_name" />
                  <attribute name="createdon" />
                  <order attribute="cid_name" descending="false" />
                  <filter type="and">
                    <condition attribute="statecode" operator="eq" value="0" />
                  </filter>
                </entity>
              </fetch>
            </fetchxml>
            <IntroducedVersion>1.0</IntroducedVersion>
            <LocalizedNames>
              <LocalizedName description="CID Invitation  Associated View" languagecode="1033" />
            </LocalizedNames>
          </savedquery>
          <savedquery>
            <IsCustomizable>1</IsCustomizable>
            <CanBeDeleted>0</CanBeDeleted>
            <isquickfindquery>0</isquickfindquery>
            <isprivate>0</isprivate>
            <isdefault>1</isdefault>
            <savedqueryid>{5beadda9-4288-451c-8047-fea8ce75d3f6}</savedqueryid>
            <layoutxml>
              <grid name="cid_invitations" jump="cid_name" select="1" icon="1" preview="0">
                <row name="cid_invitation" id="cid_invitationid">
                  <cell name="cid_name" width="300" />
                  <cell name="createdon" width="125" />
                </row>
              </grid>
            </layoutxml>
            <querytype>64</querytype>
            <fetchxml>
              <fetch version="1.0" mapping="logical">
                <entity name="cid_invitation">
                  <attribute name="cid_invitationid" />
                  <attribute name="cid_name" />
                  <attribute name="createdon" />
                  <filter type="and">
                    <condition attribute="statecode" operator="eq" value="0" />
                  </filter>
                </entity>
              </fetch>
            </fetchxml>
            <IntroducedVersion>1.0</IntroducedVersion>
            <LocalizedNames>
              <LocalizedName description="CID Invitation  Lookup View" languagecode="1033" />
            </LocalizedNames>
          </savedquery>
          <savedquery>
            <IsCustomizable>1</IsCustomizable>
            <CanBeDeleted>0</CanBeDeleted>
            <isquickfindquery>0</isquickfindquery>
            <isprivate>0</isprivate>
            <isdefault>0</isdefault>
            <savedqueryid>{51f6c33c-549e-49c3-9ec0-c15d5dfcf04d}</savedqueryid>
            <layoutxml>
              <grid name="resultset" jump="cid_name" select="1" icon="1" preview="1">
                <row name="result" id="cid_invitationid">
                  <cell name="cid_name" width="300" />
                  <cell name="createdon" width="125" />
                </row>
              </grid>
            </layoutxml>
            <querytype>0</querytype>
            <fetchxml>
              <fetch version="1.0" mapping="logical">
                <entity name="cid_invitation">
                  <attribute name="cid_invitationid" />
                  <attribute name="cid_name" />
                  <attribute name="createdon" />
                  <order attribute="cid_name" descending="false" />
                  <filter type="and">
                    <condition attribute="statecode" operator="eq" value="1" />
                  </filter>
                </entity>
              </fetch>
            </fetchxml>
            <IntroducedVersion>1.0</IntroducedVersion>
            <LocalizedNames>
              <LocalizedName description="Inactive CID Invitations" languagecode="1033" />
            </LocalizedNames>
          </savedquery>
          <savedquery>
            <IsCustomizable>1</IsCustomizable>
            <CanBeDeleted>1</CanBeDeleted>
            <isquickfindquery>0</isquickfindquery>
            <isprivate>0</isprivate>
            <isdefault>1</isdefault>
            <savedqueryid>{0d4e7988-8a66-ed11-9568-0022483c8898}</savedqueryid>
            <querytype>8192</querytype>
            <fetchxml>
              <fetch version="1.0" mapping="logical" output-format="xml-platform">
                <entity name="cid_invitation">
                  <attribute name="cid_invitationid" />
                  <filter type="and">
                    <condition attribute="statecode" operator="eq" value="0" />
                    <condition attribute="ownerid" operator="eq-userid" />
                  </filter>
                </entity>
              </fetch>
            </fetchxml>
            <IntroducedVersion>1.0</IntroducedVersion>
            <LocalizedNames>
              <LocalizedName description="My CID Invitations" languagecode="1033" />
            </LocalizedNames>
            <Descriptions>
              <Description description="Active CID Invitations owned by me" languagecode="1033" />
            </Descriptions>
          </savedquery>
        </savedqueries>
      </SavedQueries>
      <RibbonDiffXml>
        <CustomActions />
        <Templates>
          <RibbonTemplates Id="Mscrm.Templates"></RibbonTemplates>
        </Templates>
        <CommandDefinitions />
        <RuleDefinitions>
          <TabDisplayRules />
          <DisplayRules />
          <EnableRules />
        </RuleDefinitions>
        <LocLabels />
      </RibbonDiffXml>
    </Entity>
    <Entity>
      <Name LocalizedName="Registered Mark" OriginalName="Registered Mark">fdr_RegisteredMark</Name>
      <EntityInfo>
        <entity Name="fdr_RegisteredMark">
          <LocalizedNames>
            <LocalizedName description="Registered Mark" languagecode="1033" />
            <LocalizedName description="Marque enregistrée" languagecode="1036" />
          </LocalizedNames>
          <LocalizedCollectionNames>
            <LocalizedCollectionName description="Registered Marks" languagecode="1033" />
            <LocalizedCollectionName description="Marques enregistrées" languagecode="1036" />
          </LocalizedCollectionNames>
          <Descriptions>
            <Description description="" languagecode="1033" />
          </Descriptions>
          <attributes />
          <EntitySetName>fdr_registeredmarks</EntitySetName>
          <IsDuplicateCheckSupported>1</IsDuplicateCheckSupported>
          <IsBusinessProcessEnabled>0</IsBusinessProcessEnabled>
          <IsRequiredOffline>0</IsRequiredOffline>
          <IsInteractionCentricEnabled>0</IsInteractionCentricEnabled>
          <IsCollaboration>0</IsCollaboration>
          <AutoRouteToOwnerQueue>0</AutoRouteToOwnerQueue>
          <IsConnectionsEnabled>0</IsConnectionsEnabled>
          <EntityColor></EntityColor>
          <IsDocumentManagementEnabled>0</IsDocumentManagementEnabled>
          <AutoCreateAccessTeams>0</AutoCreateAccessTeams>
          <IsOneNoteIntegrationEnabled>0</IsOneNoteIntegrationEnabled>
          <IsKnowledgeManagementEnabled>0</IsKnowledgeManagementEnabled>
          <IsSLAEnabled>0</IsSLAEnabled>
          <IsDocumentRecommendationsEnabled>0</IsDocumentRecommendationsEnabled>
          <IsBPFEntity>0</IsBPFEntity>
          <OwnershipTypeMask>UserOwned</OwnershipTypeMask>
          <IsAuditEnabled>1</IsAuditEnabled>
          <IsRetrieveAuditEnabled>0</IsRetrieveAuditEnabled>
          <IsRetrieveMultipleAuditEnabled>0</IsRetrieveMultipleAuditEnabled>
          <IsActivity>0</IsActivity>
          <ActivityTypeMask>CommunicationActivity</ActivityTypeMask>
          <IsActivityParty>0</IsActivityParty>
          <IsReplicated>0</IsReplicated>
          <IsReplicationUserFiltered>0</IsReplicationUserFiltered>
          <IsMailMergeEnabled>1</IsMailMergeEnabled>
          <IsVisibleInMobile>0</IsVisibleInMobile>
          <IsVisibleInMobileClient>0</IsVisibleInMobileClient>
          <IsReadOnlyInMobileClient>0</IsReadOnlyInMobileClient>
          <IsOfflineInMobileClient>0</IsOfflineInMobileClient>
          <DaysSinceRecordLastModified>0</DaysSinceRecordLastModified>
          <MobileOfflineFilters></MobileOfflineFilters>
          <IsMapiGridEnabled>1</IsMapiGridEnabled>
          <IsReadingPaneEnabled>1</IsReadingPaneEnabled>
          <IsQuickCreateEnabled>0</IsQuickCreateEnabled>
          <SyncToExternalSearchIndex>0</SyncToExternalSearchIndex>
          <IntroducedVersion>1.0</IntroducedVersion>
          <IsCustomizable>1</IsCustomizable>
          <IsRenameable>1</IsRenameable>
          <IsMappable>1</IsMappable>
          <CanModifyAuditSettings>1</CanModifyAuditSettings>
          <CanModifyMobileVisibility>1</CanModifyMobileVisibility>
          <CanModifyMobileClientVisibility>1</CanModifyMobileClientVisibility>
          <CanModifyMobileClientReadOnly>1</CanModifyMobileClientReadOnly>
          <CanModifyMobileClientOffline>1</CanModifyMobileClientOffline>
          <CanModifyConnectionSettings>1</CanModifyConnectionSettings>
          <CanModifyDuplicateDetectionSettings>1</CanModifyDuplicateDetectionSettings>
          <CanModifyMailMergeSettings>1</CanModifyMailMergeSettings>
          <CanModifyQueueSettings>1</CanModifyQueueSettings>
          <CanCreateAttributes>1</CanCreateAttributes>
          <CanCreateForms>1</CanCreateForms>
          <CanCreateCharts>1</CanCreateCharts>
          <CanCreateViews>1</CanCreateViews>
          <CanModifyAdditionalSettings>1</CanModifyAdditionalSettings>
          <CanEnableSyncToExternalSearchIndex>1</CanEnableSyncToExternalSearchIndex>
          <IconVectorName></IconVectorName>
          <EnforceStateTransitions>0</EnforceStateTransitions>
          <CanChangeHierarchicalRelationship>1</CanChangeHierarchicalRelationship>
          <EntityHelpUrlEnabled>0</EntityHelpUrlEnabled>
          <EntityHelpUrl></EntityHelpUrl>
          <ChangeTrackingEnabled>0</ChangeTrackingEnabled>
          <CanChangeTrackingBeEnabled>1</CanChangeTrackingBeEnabled>
          <IsEnabledForExternalChannels>0</IsEnabledForExternalChannels>
          <IsSolutionAware>0</IsSolutionAware>
        </entity>
      </EntityInfo>
      <FormXml>
        <forms type="card">
          <systemform>
            <formid>{994a3de8-2249-4070-94a1-659be0a3d235}</formid>
            <IntroducedVersion>1.0</IntroducedVersion>
            <FormPresentation>1</FormPresentation>
            <FormActivationState>1</FormActivationState>
            <form>
              <tabs>
                <tab name="general" verticallayout="true" id="{6ed9efe5-5d85-4cce-9f4a-29df0f9560af}" IsUserDefined="0">
                  <labels>
                    <label description="" languagecode="1033" />
                  </labels>
                  <columns>
                    <column width="25%">
                      <sections>
                        <section name="ColorStrip" showlabel="false" showbar="false" columns="1" IsUserDefined="0" id="{b038787e-f8bd-42cc-b49d-057d3ff33b7e}">
                          <labels>
                            <label description="ColorStrip" languagecode="1033" />
                          </labels>
                        </section>
                      </sections>
                    </column>
                    <column width="75%">
                      <sections>
                        <section name="CardHeader" showlabel="false" showbar="false" columns="111" id="{76f4f7de-06d7-4780-a2a7-99ea3b7925dd}" IsUserDefined="0">
                          <labels>
                            <label description="Header" languagecode="1033" />
                            <label description="En-tête" languagecode="1036" />
                          </labels>
                          <rows>
                            <row>
                              <cell id="{ddae3cd4-d60a-48b9-be15-9a5cdb18528d}" showlabel="true" locklevel="0">
                                <labels>
                                  <label description="Status Reason" languagecode="1033" />
                                  <label description="Raison du statut" languagecode="1036" />
                                </labels>
                                <control id="statuscode" classid="{5D68B988-0661-4db2-BC3E-17598AD3BE6C}" datafieldname="statuscode" disabled="false" />
                              </cell>
                              <cell id="{0847eab8-deab-45c5-85ba-2b74a020c3ed}" showlabel="true" locklevel="0">
                                <labels>
                                  <label description="" languagecode="1033" />
                                </labels>
                              </cell>
                              <cell id="{b5684b7a-7672-4886-8588-cda9d37d3edd}" showlabel="true" locklevel="0">
                                <labels>
                                  <label description="" languagecode="1033" />
                                </labels>
                              </cell>
                            </row>
                          </rows>
                        </section>
                        <section name="CardDetails" showlabel="false" showbar="false" columns="1" id="{68d9cc6c-bb07-47f8-b79a-dcc8dc21fe4a}" IsUserDefined="0">
                          <labels>
                            <label description="Details" languagecode="1033" />
                            <label description="Détails" languagecode="1036" />
                          </labels>
                          <rows>
                            <row>
                              <cell id="{2266af4a-007a-4ef6-973d-1275aac47aef}" showlabel="true" locklevel="0">
                                <labels>
                                  <label description="Name" languagecode="1033" />
                                  <label description="Nom" languagecode="1036" />
                                </labels>
                                <control id="fdr_name" classid="{4273EDBD-AC1D-40d3-9FB2-095C621B552D}" datafieldname="fdr_name" disabled="false" />
                              </cell>
                            </row>
                          </rows>
                        </section>
                        <section name="CardFooter" showlabel="false" columns="1111" showbar="false" id="{b5d063e9-696c-4742-a729-1807cdab0632}" IsUserDefined="0">
                          <labels>
                            <label description="Footer" languagecode="1033" />
                            <label description="Pied de page" languagecode="1036" />
                          </labels>
                          <rows>
                            <row>
                              <cell id="{e94ad2a0-915c-4928-80a3-3743e59170df}" showlabel="true" locklevel="0">
                                <labels>
                                  <label description="Owner" languagecode="1033" />
                                  <label description="Propriétaire" languagecode="1036" />
                                </labels>
                                <control id="ownerid" classid="{270BD3DB-D9AF-4782-9025-509E298DEC0A}" datafieldname="ownerid" disabled="false" />
                              </cell>
                              <cell id="{0399ff6e-cee8-47f6-81b1-c52f13456f39}" showlabel="true" locklevel="0">
                                <labels>
                                  <label description="Created On" languagecode="1033" />
                                  <label description="Créé le" languagecode="1036" />
                                </labels>
                                <control id="createdon" classid="{270BD3DB-D9AF-4782-9025-509E298DEC0A}" datafieldname="createdon" disabled="false" />
                              </cell>
                              <cell id="{28608968-f467-4a5e-ad36-74e12c06b1ed}" showlabel="true" locklevel="0">
                                <labels>
                                  <label description="" languagecode="1033" />
                                </labels>
                              </cell>
                              <cell id="{836202d2-a05e-446c-ab7c-a24d5ef1ca7f}" showlabel="true" locklevel="0">
                                <labels>
                                  <label description="" languagecode="1033" />
                                </labels>
                              </cell>
                            </row>
                          </rows>
                        </section>
                      </sections>
                    </column>
                  </columns>
                </tab>
              </tabs>
            </form>
            <IsCustomizable>1</IsCustomizable>
            <CanBeDeleted>1</CanBeDeleted>
            <LocalizedNames>
              <LocalizedName description="Information" languagecode="1033" />
              <LocalizedName description="Information" languagecode="1036" />
            </LocalizedNames>
            <Descriptions>
              <Description description="A card form for this entity." languagecode="1033" />
            </Descriptions>
          </systemform>
        </forms>
        <forms type="main">
          <systemform>
            <formid>{3dcca305-9e82-4066-a44a-556a92b49548}</formid>
            <IntroducedVersion>1.0</IntroducedVersion>
            <FormPresentation>1</FormPresentation>
            <FormActivationState>1</FormActivationState>
            <form headerdensity="HighWithControls" shownavigationbar="true" showImage="true" maxWidth="1920">
              <tabs>
                <tab verticallayout="true" id="{d5e4f1a2-25f2-4f84-9f4b-25a9ae3b083b}" IsUserDefined="1">
                  <labels>
                    <label description="General" languagecode="1033" />
                    <label description="Général" languagecode="1036" />
                  </labels>
                  <columns>
                    <column width="100%">
                      <sections>
                        <section showlabel="false" showbar="false" IsUserDefined="0" id="{665af2c8-f991-4ec7-86e1-3c2663cf2216}">
                          <labels>
                            <label description="General" languagecode="1033" />
                            <label description="Général" languagecode="1036" />
                          </labels>
                          <rows>
                            <row>
                              <cell id="{1de1402d-8c97-0a29-ed07-24c52100456d}" showlabel="true" locklevel="0" colspan="1" rowspan="1">
                                <labels>
                                  <label description="Name" languagecode="1033" />
                                  <label description="Nom" languagecode="1036" />
                                </labels>
                                <control id="header_fdr_name" classid="{4273EDBD-AC1D-40d3-9FB2-095C621B552D}" datafieldname="fdr_name" disabled="false" uniqueid="{d06e5eee-0c25-bc67-a5bd-ecd1b3be8eb9}" />
                              </cell>
                            </row>
                            <row>
                              <cell id="{c10be342-a752-b530-a96e-5d5aaa797773}" showlabel="true" locklevel="0">
                                <labels>
                                  <label description="Mark Type" languagecode="1033" />
                                  <label description="Type de marquage" languagecode="1036" />
                                </labels>
                                <control id="fdr_marktype" classid="{3EF39988-22BB-4f0b-BBBE-64B5A3748AEE}" datafieldname="fdr_marktype" disabled="false" />
                              </cell>
                            </row>
                            <row>
                              <cell id="{d59623d4-3905-437d-9653-c49d326c0a4b}" locklevel="0" colspan="1" rowspan="1">
                                <labels>
                                  <label description="Mark Text" languagecode="1033" />
                                  <label description="Texte de marquage" languagecode="1036" />
                                </labels>
                                <control id="fdr_marktext" classid="{4273EDBD-AC1D-40D3-9FB2-095C621B552D}" datafieldname="fdr_marktext" disabled="false" />
                              </cell>
                            </row>
                            <row>
                              <cell id="{26300b6c-a079-44bc-b197-b348da5621d4}" locklevel="0" colspan="1" rowspan="1">
                                <labels>
                                  <label description="Mark Logo" languagecode="1033" />
                                  <label description="Logo de marque" languagecode="1036" />
                                </labels>
                                <control id="fdr_marklogo" classid="{7E548B0D-209C-477B-9DCD-F0F44472381D}" datafieldname="fdr_marklogo" disabled="false" />
                              </cell>
                            </row>
                          </rows>
                        </section>
                      </sections>
                    </column>
                  </columns>
                </tab>
              </tabs>
              <header id="{01cc1e3c-e0b2-410c-a666-2e4a691723bf}" columns="111">
                <rows>
                  <row>
                    <cell locklevel="0" id="{92f8632c-e8dc-436a-86c2-60de09a2ab45}">
                      <labels>
                        <label description="" languagecode="1033" />
                      </labels>
                    </cell>
                    <cell id="{aea90d70-310c-1b57-55ed-e12a8d136044}" showlabel="true" locklevel="0">
                      <labels>
                        <label description="Owner" languagecode="1033" />
                        <label description="Propriétaire" languagecode="1036" />
                      </labels>
                      <control id="header_ownerid" classid="{270BD3DB-D9AF-4782-9025-509E298DEC0A}" datafieldname="ownerid" disabled="false" />
                    </cell>
                    <cell id="{a5d3eb80-7d92-4b05-ad16-e417b9820348}" locklevel="0" colspan="1" rowspan="1">
                      <labels>
                        <label description="Service Request" languagecode="1033" />
                        <label description="Demande de service" languagecode="1036" />
                      </labels>
                      <control id="header_fdr_servicerequest" classid="{270BD3DB-D9AF-4782-9025-509E298DEC0A}" datafieldname="fdr_servicerequest" disabled="true" />
                    </cell>
                    <cell id="{6d994811-5b6b-e9b8-c481-c2b70c2c33eb}" showlabel="false">
                      <labels>
                        <label description="" languagecode="1033" />
                      </labels>
                    </cell>
                  </row>
                </rows>
              </header>
              <Navigation>
                <NavBar />
                <NavBarAreas>
                  <NavBarArea Id="Info">
                    <Titles>
                      <Title LCID="1033" Text="Common" />
                    </Titles>
                  </NavBarArea>
                  <NavBarArea Id="Sales">
                    <Titles>
                      <Title LCID="1033" Text="Sales" />
                    </Titles>
                  </NavBarArea>
                  <NavBarArea Id="Service">
                    <Titles>
                      <Title LCID="1033" Text="Service" />
                    </Titles>
                  </NavBarArea>
                  <NavBarArea Id="Marketing">
                    <Titles>
                      <Title LCID="1033" Text="Marketing" />
                    </Titles>
                  </NavBarArea>
                  <NavBarArea Id="ProcessCenter">
                    <Titles>
                      <Title LCID="1033" Text="Process Sessions" />
                    </Titles>
                  </NavBarArea>
                </NavBarAreas>
              </Navigation>
              <controlDescriptions />
              <footer id="{21110ec2-b56e-4c07-9ff5-2bc7d832814e}" celllabelposition="Top" columns="111" labelwidth="115" celllabelalignment="Left">
                <rows>
                  <row>
                    <cell id="{7a7d63a6-f500-493a-9db2-f4945f14bd38}" showlabel="false">
                      <labels>
                        <label description="" languagecode="1033" />
                      </labels>
                    </cell>
                    <cell id="{604309d4-b32b-46e1-a641-7407dba369d2}" showlabel="false">
                      <labels>
                        <label description="" languagecode="1033" />
                      </labels>
                    </cell>
                    <cell id="{28611fac-c8ac-49bf-abbb-3b7efc524e98}" showlabel="false">
                      <labels>
                        <label description="" languagecode="1033" />
                      </labels>
                    </cell>
                  </row>
                </rows>
              </footer>
              <formLibraries>
                <Library name="qm_globalHelper.js" libraryUniqueId="{598767ad-d12d-8204-8564-57320a5b6178}" />
                <Library name="fdr_registeredmark_mainform" libraryUniqueId="{00e34030-836d-d7b3-d151-4e849dba658e}" />
              </formLibraries>
              <events>
                <event name="onload" application="false" active="false">
                  <Handlers>
                    <Handler functionName="RegisteredMark_Main.OnLoad" libraryName="fdr_registeredmark_mainform" handlerUniqueId="{21cd53be-2e53-1124-38c3-3dba1bdbcb23}" enabled="true" parameters="" passExecutionContext="true" />
                  </Handlers>
                </event>
              </events>
              <DisplayConditions Order="0" FallbackForm="true">
                <Everyone />
              </DisplayConditions>
            </form>
            <IsCustomizable>1</IsCustomizable>
            <CanBeDeleted>1</CanBeDeleted>
            <LocalizedNames>
              <LocalizedName description="Information" languagecode="1033" />
              <LocalizedName description="Information" languagecode="1036" />
            </LocalizedNames>
            <Descriptions>
              <Description description="A form for this entity." languagecode="1033" />
            </Descriptions>
          </systemform>
        </forms>
        <forms type="quick">
          <systemform>
            <formid>{4efd954e-73c7-4704-bda5-51d9d9369d36}</formid>
            <IntroducedVersion>1.0</IntroducedVersion>
            <FormPresentation>1</FormPresentation>
            <FormActivationState>1</FormActivationState>
            <form>
              <tabs>
                <tab verticallayout="true" id="{43cb7531-81f8-4a80-a772-37b0f1e40846}" IsUserDefined="1">
                  <labels>
                    <label description="" languagecode="1033" />
                  </labels>
                  <columns>
                    <column width="100%">
                      <sections>
                        <section showlabel="false" showbar="false" IsUserDefined="0" id="{b63a0473-5c5b-48f9-9824-432b97d54399}">
                          <labels>
                            <label description="GENERAL" languagecode="1033" />
                            <label description="GÉNÉRAL" languagecode="1036" />
                          </labels>
                          <rows>
                            <row>
                              <cell id="{e0a95e79-dff0-4035-a5f7-2e7497c216b9}">
                                <labels>
                                  <label description="Name" languagecode="1033" />
                                  <label description="Nom" languagecode="1036" />
                                </labels>
                                <control id="fdr_name" classid="{4273EDBD-AC1D-40d3-9FB2-095C621B552D}" datafieldname="fdr_name" />
                              </cell>
                            </row>
                            <row>
                              <cell id="{fe9628a8-42d0-4fac-b4aa-6f06a7aa7abc}">
                                <labels>
                                  <label description="Owner" languagecode="1033" />
                                  <label description="Propriétaire" languagecode="1036" />
                                </labels>
                                <control id="ownerid" classid="{270BD3DB-D9AF-4782-9025-509E298DEC0A}" datafieldname="ownerid" />
                              </cell>
                            </row>
                          </rows>
                        </section>
                      </sections>
                    </column>
                  </columns>
                </tab>
              </tabs>
            </form>
            <IsCustomizable>1</IsCustomizable>
            <CanBeDeleted>1</CanBeDeleted>
            <LocalizedNames>
              <LocalizedName description="Information" languagecode="1033" />
              <LocalizedName description="Information" languagecode="1036" />
            </LocalizedNames>
          </systemform>
        </forms>
      </FormXml>
      <RibbonDiffXml>
        <CustomActions>
          <HideCustomAction HideActionId="fdr.Mscrm.HomepageGrid.fdr_registeredmark.NewRecord.Hide" Location="Mscrm.HomepageGrid.fdr_registeredmark.NewRecord" />
        </CustomActions>
        <Templates>
          <RibbonTemplates Id="Mscrm.Templates"></RibbonTemplates>
        </Templates>
        <CommandDefinitions />
        <RuleDefinitions>
          <TabDisplayRules />
          <DisplayRules />
          <EnableRules />
        </RuleDefinitions>
        <LocLabels />
      </RibbonDiffXml>
    </Entity>
  </Entities>
  <Roles></Roles>
  <Workflows></Workflows>
  <FieldSecurityProfiles></FieldSecurityProfiles>
  <Templates />
  <EntityImageConfigs>
    <EntityImageConfig>
      <parententitylogicalname>fdr_registeredmark</parententitylogicalname>
      <primaryimageattribute>fdr_marklogo</primaryimageattribute>
    </EntityImageConfig>
  </EntityImageConfigs>
  <EntityMaps />
  <EntityRelationships />
  <OrganizationSettings />
  <optionsets />
  <WebResources>
    <WebResource>
      <WebResourceId>{7a5d8bbc-7ba0-ec11-b3fe-000d3a842be7}</WebResourceId>
      <Name>cid_unnumber.htm</Name>
      <DisplayName>cid_unnumber.htm</DisplayName>
      <LanguageCode>0</LanguageCode>
      <WebResourceType>1</WebResourceType>
      <IntroducedVersion>1.0</IntroducedVersion>
      <IsEnabledForMobileClient>0</IsEnabledForMobileClient>
      <IsAvailableForMobileOffline>0</IsAvailableForMobileOffline>
      <DependencyXml>&lt;Dependencies&gt;&lt;Dependency componentType="WebResource"/&gt;&lt;/Dependencies&gt;</DependencyXml>
      <IsCustomizable>1</IsCustomizable>
      <CanBeDeleted>1</CanBeDeleted>
      <IsHidden>0</IsHidden>
      <FileName>/WebResources/cid_unnumberhtm7A5D8BBC-7BA0-EC11-B3FE-000D3A842BE7</FileName>
    </WebResource>
    <WebResource>
      <WebResourceId>{8326ebd6-465a-ed11-9562-0022483d0c87}</WebResourceId>
      <Name>cid_invitation</Name>
      <DisplayName>Invitation.js</DisplayName>
      <WebResourceType>3</WebResourceType>
      <IntroducedVersion>1.0.0.0</IntroducedVersion>
      <IsEnabledForMobileClient>0</IsEnabledForMobileClient>
      <IsAvailableForMobileOffline>0</IsAvailableForMobileOffline>
      <DependencyXml>&lt;Dependencies&gt;&lt;Dependency componentType="WebResource"/&gt;&lt;/Dependencies&gt;</DependencyXml>
      <IsCustomizable>1</IsCustomizable>
      <CanBeDeleted>1</CanBeDeleted>
      <IsHidden>0</IsHidden>
      <FileName>/WebResources/cid_invitation8326EBD6-465A-ED11-9562-0022483D0C87</FileName>
    </WebResource>
  </WebResources>
  <CustomControls />
  <AppModules>
    <AppModule>
      <UniqueName>cid_CIDAdminApp</UniqueName>
      <IntroducedVersion>1.0.0.0</IntroducedVersion>
      <WebResourceId>953b9fac-1e5e-e611-80d6-00155ded156f</WebResourceId>
      <OptimizedFor></OptimizedFor>
      <statecode>0</statecode>
      <statuscode>1</statuscode>
      <FormFactor>1</FormFactor>
      <ClientType>4</ClientType>
      <NavigationType>0</NavigationType>
      <AppModuleComponents>
        <AppModuleComponent type="62" schemaName="cid_CIDAdminApp" />
        <AppModuleComponent type="1" schemaName="account" />
        <AppModuleComponent type="60" id="{7033408f-b604-42b6-baf5-ab99050229fd}" />
        <AppModuleComponent type="60" id="{0e37df7d-990c-45f9-b2a7-3bc3b15d6973}" />
        <AppModuleComponent type="60" id="{5e57be58-5702-432c-8aaa-fe91edeb212f}" />
        <AppModuleComponent type="26" id="{a0be1cb3-8525-ec11-b6e6-0022483cb5cd}" />
        <AppModuleComponent type="26" id="{6e812d65-8725-ec11-b6e6-0022483cb5cd}" />
        <AppModuleComponent type="26" id="{27025ebd-1817-ed11-b83f-000d3a84cfdd}" />
        <AppModuleComponent type="26" id="{153aa606-2043-ed11-bba3-0022483d0343}" />
        <AppModuleComponent type="26" id="{84f03662-9e28-ec11-b6e6-0022483cb5cd}" />
        <AppModuleComponent type="26" id="{c8db5060-4a4d-ec11-8f8e-000d3ae9a753}" />
        <AppModuleComponent type="59" id="{74a622c0-5193-de11-97d4-00155da3b01e}" />
        <AppModuleComponent type="59" id="{be178262-6142-4b41-85b7-4ccedc62cfd9}" />
        <AppModuleComponent type="59" id="{88de94cc-8b5e-df11-ae90-00155d2e3002}" />
        <AppModuleComponent type="59" id="{5b290fff-355f-df11-ae90-00155d2e3002}" />
        <AppModuleComponent type="60" id="{15915835-b87c-49ec-9ffc-bfac3ac44ef1}" />
        <AppModuleComponent type="1" schemaName="cid_activityreviewlog" />
        <AppModuleComponent type="60" id="{a7b84a76-7198-4301-9946-74ecdd2b4a68}" />
        <AppModuleComponent type="60" id="{917709b8-72e5-4cf3-a176-50803551f56a}" />
        <AppModuleComponent type="1" schemaName="cid_bulkactivitylogsummary" />
        <AppModuleComponent type="1" schemaName="cid_fake_cra_bn_api" />
        <AppModuleComponent type="1" schemaName="ovs_primaryclass" />
        <AppModuleComponent type="1" schemaName="root_company" />
        <AppModuleComponent type="1" schemaName="cid_companyerap" />
        <AppModuleComponent type="1" schemaName="cid_companynaicscode" />
        <AppModuleComponent type="1" schemaName="ovs_class_compatibility_group" />
        <AppModuleComponent type="1" schemaName="contact" />
        <AppModuleComponent type="26" id="{9f4e737c-b54b-ec11-8f8e-000d3ae9a753}" />
        <AppModuleComponent type="26" id="{9e0acbf3-e294-ec11-b3fe-000d3a0c829e}" />
        <AppModuleComponent type="26" id="{ce4838dc-614c-ec11-8f8e-000d3ae9aa5f}" />
        <AppModuleComponent type="26" id="{44fb8514-ca92-ec11-b3fe-000d3a0c187c}" />
        <AppModuleComponent type="1" schemaName="root_erap" />
        <AppModuleComponent type="1" schemaName="qm_environmentsettings" />
        <AppModuleComponent type="1" schemaName="root_erapdg" />
        <AppModuleComponent type="1" schemaName="knowledgearticle" />
        <AppModuleComponent type="60" id="{78ef8880-63af-4680-8b47-73fb35b21dc8}" />
        <AppModuleComponent type="60" id="{84cc2d2b-5955-433d-9a8f-a80c7bde8f23}" />
        <AppModuleComponent type="26" id="{8ed99fa2-ade1-ec11-bb3d-000d3a848097}" />
        <AppModuleComponent type="1" schemaName="cid_naicscode" />
        <AppModuleComponent type="1" schemaName="ovs_operationclass" />
        <AppModuleComponent type="26" id="{96b22408-c97b-ec11-8d20-000d3aff1221}" />
        <AppModuleComponent type="26" id="{e98abdd9-ca92-ec11-b3fe-000d3a0c187c}" />
        <AppModuleComponent type="1" schemaName="ovs_primaryclass_group" />
        <AppModuleComponent type="1" schemaName="tdg_unnumber" />
      </AppModuleComponents>
      <AppModuleRoleMaps>
        <Role id="{627090ff-40a3-4053-8790-584edc5be201}" />
        <Role id="{119f245c-3cc8-4b62-b31c-d1a046ced15d}" />
      </AppModuleRoleMaps>
      <LocalizedNames>
        <LocalizedName description="CID Admin App" languagecode="1033" />
      </LocalizedNames>
    </AppModule>
  </AppModules>
  <EntityDataProviders />
  <Languages>
    <Language>1033</Language>
    <Language>1036</Language>
  </Languages>
</ImportExportXml>