<ImportExportXml version="9.2.22112.178" SolutionPackageVersion="9.2" languagecode="1033" generatedBy="CrmLive" xmlns:xsi="http://www.w3.org/2001/XMLSchema-instance">
  <SolutionManifest>
    <UniqueName>TC_GlobalCore_Patch_948c0258</UniqueName>
    <LocalizedNames>
      <LocalizedName description="TDG Core Schema" languagecode="1033" />
    </LocalizedNames>
    <Descriptions>
      <Description description="Patch for TDG Core Schema" languagecode="1033" />
    </Descriptions>
    <ParentUniqueName>TC_GlobalCore</ParentUniqueName>
    <Version>1.142.12.0</Version>
    <Managed>1</Managed>
    <Publisher>
      <UniqueName>oversightpublisher</UniqueName>
      <LocalizedNames>
        <LocalizedName description="Oversight" languagecode="1033" />
      </LocalizedNames>
      <Descriptions>
        <Description description="This is the common solution for AvSec Inspection and TDG Inspection." languagecode="1033" />
      </Descriptions>
      <EMailAddress xsi:nil="true"></EMailAddress>
      <SupportingWebsiteUrl xsi:nil="true"></SupportingWebsiteUrl>
      <CustomizationPrefix>ovs</CustomizationPrefix>
      <CustomizationOptionValuePrefix>91864</CustomizationOptionValuePrefix>
      <Addresses>
        <Address>
          <AddressNumber>1</AddressNumber>
          <AddressTypeCode>1</AddressTypeCode>
          <City xsi:nil="true"></City>
          <County xsi:nil="true"></County>
          <Country xsi:nil="true"></Country>
          <Fax xsi:nil="true"></Fax>
          <FreightTermsCode xsi:nil="true"></FreightTermsCode>
          <ImportSequenceNumber xsi:nil="true"></ImportSequenceNumber>
          <Latitude xsi:nil="true"></Latitude>
          <Line1 xsi:nil="true"></Line1>
          <Line2 xsi:nil="true"></Line2>
          <Line3 xsi:nil="true"></Line3>
          <Longitude xsi:nil="true"></Longitude>
          <Name xsi:nil="true"></Name>
          <PostalCode xsi:nil="true"></PostalCode>
          <PostOfficeBox xsi:nil="true"></PostOfficeBox>
          <PrimaryContactName xsi:nil="true"></PrimaryContactName>
          <ShippingMethodCode>1</ShippingMethodCode>
          <StateOrProvince xsi:nil="true"></StateOrProvince>
          <Telephone1 xsi:nil="true"></Telephone1>
          <Telephone2 xsi:nil="true"></Telephone2>
          <Telephone3 xsi:nil="true"></Telephone3>
          <TimeZoneRuleVersionNumber xsi:nil="true"></TimeZoneRuleVersionNumber>
          <UPSZone xsi:nil="true"></UPSZone>
          <UTCOffset xsi:nil="true"></UTCOffset>
          <UTCConversionTimeZoneCode xsi:nil="true"></UTCConversionTimeZoneCode>
        </Address>
        <Address>
          <AddressNumber>2</AddressNumber>
          <AddressTypeCode>1</AddressTypeCode>
          <City xsi:nil="true"></City>
          <County xsi:nil="true"></County>
          <Country xsi:nil="true"></Country>
          <Fax xsi:nil="true"></Fax>
          <FreightTermsCode xsi:nil="true"></FreightTermsCode>
          <ImportSequenceNumber xsi:nil="true"></ImportSequenceNumber>
          <Latitude xsi:nil="true"></Latitude>
          <Line1 xsi:nil="true"></Line1>
          <Line2 xsi:nil="true"></Line2>
          <Line3 xsi:nil="true"></Line3>
          <Longitude xsi:nil="true"></Longitude>
          <Name xsi:nil="true"></Name>
          <PostalCode xsi:nil="true"></PostalCode>
          <PostOfficeBox xsi:nil="true"></PostOfficeBox>
          <PrimaryContactName xsi:nil="true"></PrimaryContactName>
          <ShippingMethodCode>1</ShippingMethodCode>
          <StateOrProvince xsi:nil="true"></StateOrProvince>
          <Telephone1 xsi:nil="true"></Telephone1>
          <Telephone2 xsi:nil="true"></Telephone2>
          <Telephone3 xsi:nil="true"></Telephone3>
          <TimeZoneRuleVersionNumber xsi:nil="true"></TimeZoneRuleVersionNumber>
          <UPSZone xsi:nil="true"></UPSZone>
          <UTCOffset xsi:nil="true"></UTCOffset>
          <UTCConversionTimeZoneCode xsi:nil="true"></UTCConversionTimeZoneCode>
        </Address>
      </Addresses>
    </Publisher>
    <RootComponents>
      <RootComponent type="1" schemaName="cid_invitation" behavior="1" />
      <RootComponent type="1" schemaName="fdr_registeredmark" behavior="1" />
      <RootComponent type="61" schemaName="cid_invitation" behavior="0" />
      <RootComponent type="61" schemaName="cid_unnumber.htm" behavior="0" />
      <RootComponent type="80" schemaName="cid_CIDAdminApp" behavior="0" />
    </RootComponents>
    <MissingDependencies>
      <MissingDependency>
        <Required type="1" schemaName="adx_invitation" displayName="Invitation" solution="MicrosoftPortalBase (9.2.2103.1)">
          <package>CDSBasePortal (9.3.2109.20)</package>
        </Required>
        <Dependent type="appaction" displayName="cid__SendPortalInvitat!d9726069ac704723bcf44e61b496e536!cid_CIDAdminApp!adx_invitation!2" id.uniquename="cid__SendPortalInvitat!d9726069ac704723bcf44e61b496e536!cid_CIDAdminApp!adx_invitation!2" />
      </MissingDependency>
      <MissingDependency>
        <Required type="1" schemaName="cid_activityreviewlog" displayName="Activity Review Log" solution="Active" />
        <Dependent type="80" schemaName="cid_CIDAdminApp" displayName="CID Admin App" />
      </MissingDependency>
      <MissingDependency>
        <Required type="1" schemaName="cid_bulkactivitylogsummary" displayName="Bulk Activity log Summary" solution="Active" />
        <Dependent type="80" schemaName="cid_CIDAdminApp" displayName="CID Admin App" />
      </MissingDependency>
      <MissingDependency>
        <Required type="1" schemaName="cid_companyerap" displayName="Company ERAP" solution="Active" />
        <Dependent type="80" schemaName="cid_CIDAdminApp" displayName="CID Admin App" />
      </MissingDependency>
      <MissingDependency>
        <Required type="1" schemaName="cid_companynaicscode" displayName="Company NAICS Code" solution="Active" />
        <Dependent type="80" schemaName="cid_CIDAdminApp" displayName="CID Admin App" />
      </MissingDependency>
      <MissingDependency>
        <Required type="1" schemaName="cid_fake_cra_bn_api" displayName="cid_fake_cra_bn_api" solution="Active" />
        <Dependent type="80" schemaName="cid_CIDAdminApp" displayName="CID Admin App" />
      </MissingDependency>
      <MissingDependency>
        <Required type="1" schemaName="cid_invitation" displayName="CID Invitation " solution="Active" />
        <Dependent type="1" schemaName="cid_invitation" displayName="CID Invitation " />
      </MissingDependency>
      <MissingDependency>
        <Required type="1" schemaName="cid_naicscode" displayName="NAICS Codes Master List" solution="Active" />
        <Dependent type="80" schemaName="cid_CIDAdminApp" displayName="CID Admin App" />
      </MissingDependency>
      <MissingDependency>
        <Required type="1" schemaName="fdr_registeredmark" displayName="Registered Mark" solution="Active" />
        <Dependent type="1" schemaName="fdr_registeredmark" displayName="Registered Mark" />
      </MissingDependency>
      <MissingDependency>
        <Required type="1" schemaName="ovs_class_compatibility_group" displayName="Compatibility Group" solution="Active" />
        <Dependent type="80" schemaName="cid_CIDAdminApp" displayName="CID Admin App" />
      </MissingDependency>
      <MissingDependency>
        <Required type="1" schemaName="ovs_operationclass" displayName="Operation Class" solution="Active" />
        <Dependent type="80" schemaName="cid_CIDAdminApp" displayName="CID Admin App" />
      </MissingDependency>
      <MissingDependency>
        <Required type="1" schemaName="ovs_primaryclass" displayName="Class/Division" solution="Active" />
        <Dependent type="80" schemaName="cid_CIDAdminApp" displayName="CID Admin App" />
      </MissingDependency>
      <MissingDependency>
        <Required type="1" schemaName="ovs_primaryclass_group" displayName="Primary Class/Compatibility Group" solution="Active" />
        <Dependent type="80" schemaName="cid_CIDAdminApp" displayName="CID Admin App" />
      </MissingDependency>
      <MissingDependency>
        <Required type="1" schemaName="qm_environmentsettings" displayName="Environment Settings" solution="Active" />
        <Dependent type="80" schemaName="cid_CIDAdminApp" displayName="CID Admin App" />
      </MissingDependency>
      <MissingDependency>
        <Required type="1" schemaName="root_company" displayName="Company" solution="Active" />
        <Dependent type="80" schemaName="cid_CIDAdminApp" displayName="CID Admin App" />
      </MissingDependency>
      <MissingDependency>
        <Required type="1" schemaName="root_erap" displayName="Emergency Response Assistance Plan (ERAP)" solution="Active" />
        <Dependent type="80" schemaName="cid_CIDAdminApp" displayName="CID Admin App" />
      </MissingDependency>
      <MissingDependency>
        <Required type="1" schemaName="root_erapdg" displayName="ERAP DG" solution="Active" />
        <Dependent type="80" schemaName="cid_CIDAdminApp" displayName="CID Admin App" />
      </MissingDependency>
      <MissingDependency>
        <Required type="1" schemaName="tdg_unnumber" displayName="UN Number" solution="Active" />
        <Dependent type="80" schemaName="cid_CIDAdminApp" displayName="CID Admin App" />
      </MissingDependency>
      <MissingDependency>
        <Required type="10" schemaName="fdr_ServiceRequest_fdr_ServiceRequest_fdr" displayName="fdr_ServiceRequest_fdr_ServiceRequest_fdr" parentSchemaName="fdr_servicerequest" parentDisplayName="Service Request" solution="Active" />
        <Dependent type="60" displayName="Information" parentDisplayName="Registered Mark" id="{3dcca305-9e82-4066-a44a-556a92b49548}" />
      </MissingDependency>
      <MissingDependency>
        <Required type="2" schemaName="cid_company_province" displayName="Company Province" parentSchemaName="cid_invitation" parentDisplayName="CID Invitation " solution="Active" />
        <Dependent type="26" schemaName="Active CID Invitations" displayName="Active CID Invitations" parentSchemaName="cid_invitation" parentDisplayName="CID Invitation " id="{0c3a761e-13e7-45e2-bc72-f6ed18a177ec}" />
      </MissingDependency>
      <MissingDependency>
        <Required type="2" schemaName="cid_companyaddress" displayName="Company Address" parentSchemaName="cid_invitation" parentDisplayName="CID Invitation " solution="Active" />
        <Dependent type="26" schemaName="Active CID Invitations" displayName="Active CID Invitations" parentSchemaName="cid_invitation" parentDisplayName="CID Invitation " id="{0c3a761e-13e7-45e2-bc72-f6ed18a177ec}" />
      </MissingDependency>
      <MissingDependency>
        <Required type="2" schemaName="cid_companyname" displayName="Company Name" parentSchemaName="cid_invitation" parentDisplayName="CID Invitation " solution="Active" />
        <Dependent type="26" schemaName="Active CID Invitations" displayName="Active CID Invitations" parentSchemaName="cid_invitation" parentDisplayName="CID Invitation " id="{0c3a761e-13e7-45e2-bc72-f6ed18a177ec}" />
      </MissingDependency>
      <MissingDependency>
        <Required type="2" schemaName="cid_companystatus" displayName="Company Status" parentSchemaName="cid_invitation" parentDisplayName="CID Invitation " solution="Active" />
        <Dependent type="26" schemaName="Active CID Invitations" displayName="Active CID Invitations" parentSchemaName="cid_invitation" parentDisplayName="CID Invitation " id="{0c3a761e-13e7-45e2-bc72-f6ed18a177ec}" />
      </MissingDependency>
      <MissingDependency>
        <Required type="2" schemaName="cid_invitationid" displayName="CID Invitation " parentSchemaName="cid_invitation" parentDisplayName="CID Invitation " solution="Active" />
        <Dependent type="26" schemaName="Active CID Invitations" displayName="Active CID Invitations" parentSchemaName="cid_invitation" parentDisplayName="CID Invitation " id="{0c3a761e-13e7-45e2-bc72-f6ed18a177ec}" />
      </MissingDependency>
      <MissingDependency>
        <Required type="2" schemaName="cid_invitationid" displayName="CID Invitation " parentSchemaName="cid_invitation" parentDisplayName="CID Invitation " solution="Active" />
        <Dependent type="26" schemaName="My CID Invitations" displayName="My CID Invitations" parentSchemaName="cid_invitation" parentDisplayName="CID Invitation " id="{0d4e7988-8a66-ed11-9568-0022483c8898}" />
      </MissingDependency>
      <MissingDependency>
        <Required type="2" schemaName="cid_invitationid" displayName="CID Invitation " parentSchemaName="cid_invitation" parentDisplayName="CID Invitation " solution="Active" />
        <Dependent type="26" schemaName="Inactive CID Invitations" displayName="Inactive CID Invitations" parentSchemaName="cid_invitation" parentDisplayName="CID Invitation " id="{51f6c33c-549e-49c3-9ec0-c15d5dfcf04d}" />
      </MissingDependency>
      <MissingDependency>
        <Required type="2" schemaName="cid_invitationid" displayName="CID Invitation " parentSchemaName="cid_invitation" parentDisplayName="CID Invitation " solution="Active" />
        <Dependent type="26" schemaName="CID Invitation  Lookup View" displayName="CID Invitation  Lookup View" parentSchemaName="cid_invitation" parentDisplayName="CID Invitation " id="{5beadda9-4288-451c-8047-fea8ce75d3f6}" />
      </MissingDependency>
      <MissingDependency>
        <Required type="2" schemaName="cid_invitationid" displayName="CID Invitation " parentSchemaName="cid_invitation" parentDisplayName="CID Invitation " solution="Active" />
        <Dependent type="26" schemaName="CID Invitation  Associated View" displayName="CID Invitation  Associated View" parentSchemaName="cid_invitation" parentDisplayName="CID Invitation " id="{5e482e17-2d7c-47c8-8d23-775f2911b1e3}" />
      </MissingDependency>
      <MissingDependency>
        <Required type="2" schemaName="cid_invitationid" displayName="CID Invitation " parentSchemaName="cid_invitation" parentDisplayName="CID Invitation " solution="Active" />
        <Dependent type="26" schemaName="CID Invitation  Advanced Find View" displayName="CID Invitation  Advanced Find View" parentSchemaName="cid_invitation" parentDisplayName="CID Invitation " id="{646aa0c4-61d9-49de-9806-238a7cb34ba8}" />
      </MissingDependency>
      <MissingDependency>
        <Required type="2" schemaName="cid_invitationsenton" displayName="Invitation Sent On" parentSchemaName="cid_invitation" parentDisplayName="CID Invitation " solution="Active" />
        <Dependent type="26" schemaName="Active CID Invitations" displayName="Active CID Invitations" parentSchemaName="cid_invitation" parentDisplayName="CID Invitation " id="{0c3a761e-13e7-45e2-bc72-f6ed18a177ec}" />
      </MissingDependency>
      <MissingDependency>
        <Required type="2" schemaName="cid_invitedcontact" displayName="Invited Contact" parentSchemaName="cid_invitation" parentDisplayName="CID Invitation " solution="Active" />
        <Dependent type="26" schemaName="Active CID Invitations" displayName="Active CID Invitations" parentSchemaName="cid_invitation" parentDisplayName="CID Invitation " id="{0c3a761e-13e7-45e2-bc72-f6ed18a177ec}" />
      </MissingDependency>
      <MissingDependency>
        <Required type="2" schemaName="cid_invitedcontactemail" displayName="Invited Contact Email" parentSchemaName="cid_invitation" parentDisplayName="CID Invitation " solution="Active" />
        <Dependent type="26" schemaName="Active CID Invitations" displayName="Active CID Invitations" parentSchemaName="cid_invitation" parentDisplayName="CID Invitation " id="{0c3a761e-13e7-45e2-bc72-f6ed18a177ec}" />
      </MissingDependency>
      <MissingDependency>
        <Required type="2" schemaName="cid_name" displayName="Name" parentSchemaName="cid_invitation" parentDisplayName="CID Invitation " solution="Active" />
        <Dependent type="26" schemaName="Inactive CID Invitations" displayName="Inactive CID Invitations" parentSchemaName="cid_invitation" parentDisplayName="CID Invitation " id="{51f6c33c-549e-49c3-9ec0-c15d5dfcf04d}" />
      </MissingDependency>
      <MissingDependency>
        <Required type="2" schemaName="cid_name" displayName="Name" parentSchemaName="cid_invitation" parentDisplayName="CID Invitation " solution="Active" />
        <Dependent type="26" schemaName="CID Invitation  Lookup View" displayName="CID Invitation  Lookup View" parentSchemaName="cid_invitation" parentDisplayName="CID Invitation " id="{5beadda9-4288-451c-8047-fea8ce75d3f6}" />
      </MissingDependency>
      <MissingDependency>
        <Required type="2" schemaName="cid_name" displayName="Name" parentSchemaName="cid_invitation" parentDisplayName="CID Invitation " solution="Active" />
        <Dependent type="26" schemaName="CID Invitation  Associated View" displayName="CID Invitation  Associated View" parentSchemaName="cid_invitation" parentDisplayName="CID Invitation " id="{5e482e17-2d7c-47c8-8d23-775f2911b1e3}" />
      </MissingDependency>
      <MissingDependency>
        <Required type="2" schemaName="cid_name" displayName="Name" parentSchemaName="cid_invitation" parentDisplayName="CID Invitation " solution="Active" />
        <Dependent type="26" schemaName="CID Invitation  Advanced Find View" displayName="CID Invitation  Advanced Find View" parentSchemaName="cid_invitation" parentDisplayName="CID Invitation " id="{646aa0c4-61d9-49de-9806-238a7cb34ba8}" />
      </MissingDependency>
      <MissingDependency>
        <Required type="2" schemaName="createdon" displayName="Created On" parentSchemaName="cid_invitation" parentDisplayName="CID Invitation " solution="Active" />
        <Dependent type="26" schemaName="Inactive CID Invitations" displayName="Inactive CID Invitations" parentSchemaName="cid_invitation" parentDisplayName="CID Invitation " id="{51f6c33c-549e-49c3-9ec0-c15d5dfcf04d}" />
      </MissingDependency>
      <MissingDependency>
        <Required type="2" schemaName="createdon" displayName="Created On" parentSchemaName="cid_invitation" parentDisplayName="CID Invitation " solution="Active" />
        <Dependent type="26" schemaName="CID Invitation  Lookup View" displayName="CID Invitation  Lookup View" parentSchemaName="cid_invitation" parentDisplayName="CID Invitation " id="{5beadda9-4288-451c-8047-fea8ce75d3f6}" />
      </MissingDependency>
      <MissingDependency>
        <Required type="2" schemaName="createdon" displayName="Created On" parentSchemaName="cid_invitation" parentDisplayName="CID Invitation " solution="Active" />
        <Dependent type="26" schemaName="CID Invitation  Associated View" displayName="CID Invitation  Associated View" parentSchemaName="cid_invitation" parentDisplayName="CID Invitation " id="{5e482e17-2d7c-47c8-8d23-775f2911b1e3}" />
      </MissingDependency>
      <MissingDependency>
        <Required type="2" schemaName="createdon" displayName="Created On" parentSchemaName="cid_invitation" parentDisplayName="CID Invitation " solution="Active" />
        <Dependent type="26" schemaName="CID Invitation  Advanced Find View" displayName="CID Invitation  Advanced Find View" parentSchemaName="cid_invitation" parentDisplayName="CID Invitation " id="{646aa0c4-61d9-49de-9806-238a7cb34ba8}" />
      </MissingDependency>
      <MissingDependency>
        <Required type="2" schemaName="ownerid" displayName="Owner" parentSchemaName="cid_invitation" parentDisplayName="CID Invitation " solution="Active" />
        <Dependent type="26" schemaName="My CID Invitations" displayName="My CID Invitations" parentSchemaName="cid_invitation" parentDisplayName="CID Invitation " id="{0d4e7988-8a66-ed11-9568-0022483c8898}" />
      </MissingDependency>
      <MissingDependency>
        <Required type="2" schemaName="statecode" displayName="Status" parentSchemaName="cid_invitation" parentDisplayName="CID Invitation " solution="Active" />
        <Dependent type="26" schemaName="Active CID Invitations" displayName="Active CID Invitations" parentSchemaName="cid_invitation" parentDisplayName="CID Invitation " id="{0c3a761e-13e7-45e2-bc72-f6ed18a177ec}" />
      </MissingDependency>
      <MissingDependency>
        <Required type="2" schemaName="statecode" displayName="Status" parentSchemaName="cid_invitation" parentDisplayName="CID Invitation " solution="Active" />
        <Dependent type="26" schemaName="My CID Invitations" displayName="My CID Invitations" parentSchemaName="cid_invitation" parentDisplayName="CID Invitation " id="{0d4e7988-8a66-ed11-9568-0022483c8898}" />
      </MissingDependency>
      <MissingDependency>
        <Required type="2" schemaName="statecode" displayName="Status" parentSchemaName="cid_invitation" parentDisplayName="CID Invitation " solution="Active" />
        <Dependent type="26" schemaName="Inactive CID Invitations" displayName="Inactive CID Invitations" parentSchemaName="cid_invitation" parentDisplayName="CID Invitation " id="{51f6c33c-549e-49c3-9ec0-c15d5dfcf04d}" />
      </MissingDependency>
      <MissingDependency>
        <Required type="2" schemaName="statecode" displayName="Status" parentSchemaName="cid_invitation" parentDisplayName="CID Invitation " solution="Active" />
        <Dependent type="26" schemaName="CID Invitation  Lookup View" displayName="CID Invitation  Lookup View" parentSchemaName="cid_invitation" parentDisplayName="CID Invitation " id="{5beadda9-4288-451c-8047-fea8ce75d3f6}" />
      </MissingDependency>
      <MissingDependency>
        <Required type="2" schemaName="statecode" displayName="Status" parentSchemaName="cid_invitation" parentDisplayName="CID Invitation " solution="Active" />
        <Dependent type="26" schemaName="CID Invitation  Associated View" displayName="CID Invitation  Associated View" parentSchemaName="cid_invitation" parentDisplayName="CID Invitation " id="{5e482e17-2d7c-47c8-8d23-775f2911b1e3}" />
      </MissingDependency>
      <MissingDependency>
        <Required type="2" schemaName="createdon" displayName="Created On" parentSchemaName="fdr_registeredmark" parentDisplayName="Registered Mark" solution="Active" />
        <Dependent type="60" displayName="Information" parentDisplayName="Registered Mark" id="{994a3de8-2249-4070-94a1-659be0a3d235}" />
      </MissingDependency>
      <MissingDependency>
        <Required type="2" schemaName="fdr_marklogo" displayName="Mark Logo" parentSchemaName="fdr_registeredmark" parentDisplayName="Registered Mark" solution="Active" />
        <Dependent type="60" displayName="Information" parentDisplayName="Registered Mark" id="{3dcca305-9e82-4066-a44a-556a92b49548}" />
      </MissingDependency>
      <MissingDependency>
        <Required type="2" schemaName="fdr_marktext" displayName="Mark Text" parentSchemaName="fdr_registeredmark" parentDisplayName="Registered Mark" solution="Active" />
        <Dependent type="60" displayName="Information" parentDisplayName="Registered Mark" id="{3dcca305-9e82-4066-a44a-556a92b49548}" />
      </MissingDependency>
      <MissingDependency>
        <Required type="2" schemaName="fdr_marktype" displayName="Mark Type" parentSchemaName="fdr_registeredmark" parentDisplayName="Registered Mark" solution="Active" />
        <Dependent type="60" displayName="Information" parentDisplayName="Registered Mark" id="{3dcca305-9e82-4066-a44a-556a92b49548}" />
      </MissingDependency>
      <MissingDependency>
        <Required type="2" schemaName="fdr_name" displayName="Name" parentSchemaName="fdr_registeredmark" parentDisplayName="Registered Mark" solution="Active" />
        <Dependent type="60" displayName="Information" parentDisplayName="Registered Mark" id="{3dcca305-9e82-4066-a44a-556a92b49548}" />
      </MissingDependency>
      <MissingDependency>
        <Required type="2" schemaName="fdr_name" displayName="Name" parentSchemaName="fdr_registeredmark" parentDisplayName="Registered Mark" solution="Active" />
        <Dependent type="60" displayName="Information" parentDisplayName="Registered Mark" id="{4efd954e-73c7-4704-bda5-51d9d9369d36}" />
      </MissingDependency>
      <MissingDependency>
        <Required type="2" schemaName="fdr_name" displayName="Name" parentSchemaName="fdr_registeredmark" parentDisplayName="Registered Mark" solution="Active" />
        <Dependent type="60" displayName="Information" parentDisplayName="Registered Mark" id="{994a3de8-2249-4070-94a1-659be0a3d235}" />
      </MissingDependency>
      <MissingDependency>
        <Required type="2" schemaName="fdr_servicerequest" displayName="Service Request" parentSchemaName="fdr_registeredmark" parentDisplayName="Registered Mark" solution="Active" />
        <Dependent type="60" displayName="Information" parentDisplayName="Registered Mark" id="{3dcca305-9e82-4066-a44a-556a92b49548}" />
      </MissingDependency>
      <MissingDependency>
        <Required type="2" schemaName="ownerid" displayName="Owner" parentSchemaName="fdr_registeredmark" parentDisplayName="Registered Mark" solution="Active" />
        <Dependent type="60" displayName="Information" parentDisplayName="Registered Mark" id="{3dcca305-9e82-4066-a44a-556a92b49548}" />
      </MissingDependency>
      <MissingDependency>
        <Required type="2" schemaName="ownerid" displayName="Owner" parentSchemaName="fdr_registeredmark" parentDisplayName="Registered Mark" solution="Active" />
        <Dependent type="60" displayName="Information" parentDisplayName="Registered Mark" id="{4efd954e-73c7-4704-bda5-51d9d9369d36}" />
      </MissingDependency>
      <MissingDependency>
        <Required type="2" schemaName="ownerid" displayName="Owner" parentSchemaName="fdr_registeredmark" parentDisplayName="Registered Mark" solution="Active" />
        <Dependent type="60" displayName="Information" parentDisplayName="Registered Mark" id="{994a3de8-2249-4070-94a1-659be0a3d235}" />
      </MissingDependency>
      <MissingDependency>
        <Required type="2" schemaName="statuscode" displayName="Status Reason" parentSchemaName="fdr_registeredmark" parentDisplayName="Registered Mark" solution="Active" />
        <Dependent type="60" displayName="Information" parentDisplayName="Registered Mark" id="{994a3de8-2249-4070-94a1-659be0a3d235}" />
      </MissingDependency>
      <MissingDependency>
        <Required type="26" schemaName="CID Portal - In year Company Sites" displayName="CID Portal - In year Company Sites" parentSchemaName="account" parentDisplayName="Account" solution="Active" id="{153aa606-2043-ed11-bba3-0022483d0343}" />
        <Dependent type="80" schemaName="cid_CIDAdminApp" displayName="CID Admin App" />
      </MissingDependency>
      <MissingDependency>
        <Required type="26" schemaName="CID Parent Companies (ROM &amp; CID)" displayName="CID Parent Companies (ROM &amp; CID)" parentSchemaName="account" parentDisplayName="Account" solution="Active" id="{27025ebd-1817-ed11-b83f-000d3a84cfdd}" />
        <Dependent type="80" schemaName="cid_CIDAdminApp" displayName="CID Admin App" />
      </MissingDependency>
      <MissingDependency>
        <Required type="26" schemaName="CID Portal - Validation - Primary &amp; Secondary Contacts" displayName="CID Portal - Validation - Primary &amp; Secondary Contacts" parentSchemaName="contact" parentDisplayName="Contact" solution="Active" id="{44fb8514-ca92-ec11-b3fe-000d3a0c187c}" />
        <Dependent type="80" schemaName="cid_CIDAdminApp" displayName="CID Admin App" />
      </MissingDependency>
      <MissingDependency>
        <Required type="26" schemaName="CID Not Claim Sites" displayName="CID Not Claim Sites" parentSchemaName="account" parentDisplayName="Account" solution="Active" id="{6e812d65-8725-ec11-b6e6-0022483cb5cd}" />
        <Dependent type="80" schemaName="cid_CIDAdminApp" displayName="CID Admin App" />
      </MissingDependency>
      <MissingDependency>
        <Required type="26" schemaName="CID Portal - Parent Companies" displayName="CID Portal - Parent Companies" parentSchemaName="account" parentDisplayName="Account" solution="Active" id="{84f03662-9e28-ec11-b6e6-0022483cb5cd}" />
        <Dependent type="80" schemaName="cid_CIDAdminApp" displayName="CID Admin App" />
      </MissingDependency>
      <MissingDependency>
        <Required type="26" schemaName="CID Portal - Knowledge Articles" displayName="CID Portal - Knowledge Articles" parentSchemaName="knowledgearticle" parentDisplayName="Knowledge Article" solution="Active" id="{8ed99fa2-ade1-ec11-bb3d-000d3a848097}" />
        <Dependent type="80" schemaName="cid_CIDAdminApp" displayName="CID Admin App" />
      </MissingDependency>
      <MissingDependency>
        <Required type="26" schemaName="CID Portal - Class" displayName="CID Portal - Class" parentSchemaName="ovs_operationclass" parentDisplayName="Operation Class" solution="Active" id="{96b22408-c97b-ec11-8d20-000d3aff1221}" />
        <Dependent type="80" schemaName="cid_CIDAdminApp" displayName="CID Admin App" />
      </MissingDependency>
      <MissingDependency>
        <Required type="26" schemaName="CID Portal - OData - Contacts" displayName="CID Portal - OData - Contacts" parentSchemaName="contact" parentDisplayName="Contact" solution="Active" id="{9e0acbf3-e294-ec11-b3fe-000d3a0c829e}" />
        <Dependent type="80" schemaName="cid_CIDAdminApp" displayName="CID Admin App" />
      </MissingDependency>
      <MissingDependency>
        <Required type="26" schemaName="CID Portal - Contacts" displayName="CID Portal - Contacts" parentSchemaName="contact" parentDisplayName="Contact" solution="Active" id="{9f4e737c-b54b-ec11-8f8e-000d3ae9a753}" />
        <Dependent type="80" schemaName="cid_CIDAdminApp" displayName="CID Admin App" />
      </MissingDependency>
      <MissingDependency>
        <Required type="26" schemaName="CID Claim Sites" displayName="CID Claim Sites" parentSchemaName="account" parentDisplayName="Account" solution="Active" id="{a0be1cb3-8525-ec11-b6e6-0022483cb5cd}" />
        <Dependent type="80" schemaName="cid_CIDAdminApp" displayName="CID Admin App" />
      </MissingDependency>
      <MissingDependency>
        <Required type="26" schemaName="CID Portal - Sites" displayName="CID Portal - Sites" parentSchemaName="account" parentDisplayName="Account" solution="Active" id="{c8db5060-4a4d-ec11-8f8e-000d3ae9a753}" />
        <Dependent type="80" schemaName="cid_CIDAdminApp" displayName="CID Admin App" />
      </MissingDependency>
      <MissingDependency>
        <Required type="26" schemaName="CID Portal - Primary &amp; Secondary Contacts" displayName="CID Portal - Primary &amp; Secondary Contacts" parentSchemaName="contact" parentDisplayName="Contact" solution="Active" id="{ce4838dc-614c-ec11-8f8e-000d3ae9aa5f}" />
        <Dependent type="80" schemaName="cid_CIDAdminApp" displayName="CID Admin App" />
      </MissingDependency>
      <MissingDependency>
        <Required type="26" schemaName="CID Portal - Validation - Site Classes" displayName="CID Portal - Validation - Site Classes" parentSchemaName="ovs_operationclass" parentDisplayName="Operation Class" solution="Active" id="{e98abdd9-ca92-ec11-b3fe-000d3a0c187c}" />
        <Dependent type="80" schemaName="cid_CIDAdminApp" displayName="CID Admin App" />
      </MissingDependency>
      <MissingDependency>
        <Required type="59" schemaName="Accounts By Territories" displayName="Accounts By Territories" parentSchemaName="account" parentDisplayName="Account" solution="msdynce_Sales (9.0.4.0076)" id="{88de94cc-8b5e-df11-ae90-00155d2e3002}">
          <package>msdynce_SalesAnchor (9.0.22112.10002)</package>
        </Required>
        <Dependent type="80" schemaName="cid_CIDAdminApp" displayName="CID Admin App" />
      </MissingDependency>
      <MissingDependency>
        <Required type="60" displayName="CID - Site" parentDisplayName="Account" solution="Active" id="{0e37df7d-990c-45f9-b2a7-3bc3b15d6973}" />
        <Dependent type="80" schemaName="cid_CIDAdminApp" displayName="CID Admin App" />
      </MissingDependency>
      <MissingDependency>
        <Required type="60" displayName="Accounts Dashboard" parentDisplayName="Account" solution="msdynce_Service (9.0.5.56)" id="{15915835-b87c-49ec-9ffc-bfac3ac44ef1}">
          <package>msdynce_ServiceAnchor (9.0.22112.1019)</package>
        </Required>
        <Dependent type="80" schemaName="cid_CIDAdminApp" displayName="CID Admin App" />
      </MissingDependency>
      <MissingDependency>
        <Required type="60" displayName="CID Portal - Company Form" parentDisplayName="Account" solution="Active" id="{5e57be58-5702-432c-8aaa-fe91edeb212f}" />
        <Dependent type="80" schemaName="cid_CIDAdminApp" displayName="CID Admin App" />
      </MissingDependency>
      <MissingDependency>
        <Required type="60" displayName="CID - Company" parentDisplayName="Account" solution="Active" id="{7033408f-b604-42b6-baf5-ab99050229fd}" />
        <Dependent type="80" schemaName="cid_CIDAdminApp" displayName="CID Admin App" />
      </MissingDependency>
      <MissingDependency>
        <Required type="60" displayName="CID Portal - Knowledge Article" parentDisplayName="Knowledge Article" solution="Active" id="{78ef8880-63af-4680-8b47-73fb35b21dc8}" />
        <Dependent type="80" schemaName="cid_CIDAdminApp" displayName="CID Admin App" />
      </MissingDependency>
      <MissingDependency>
        <Required type="60" displayName="CID Portal - Knowledge Article Details" parentDisplayName="Knowledge Article" solution="Active" id="{84cc2d2b-5955-433d-9a8f-a80c7bde8f23}" />
        <Dependent type="80" schemaName="cid_CIDAdminApp" displayName="CID Admin App" />
      </MissingDependency>
      <MissingDependency>
        <Required type="60" displayName="Information" parentDisplayName="Activity Review Log" solution="Active" id="{917709b8-72e5-4cf3-a176-50803551f56a}" />
        <Dependent type="80" schemaName="cid_CIDAdminApp" displayName="CID Admin App" />
      </MissingDependency>
      <MissingDependency>
        <Required type="60" displayName="CID Portal - Activity Review Log" parentDisplayName="Activity Review Log" solution="Active" id="{a7b84a76-7198-4301-9946-74ecdd2b4a68}" />
        <Dependent type="80" schemaName="cid_CIDAdminApp" displayName="CID Admin App" />
      </MissingDependency>
      <MissingDependency>
        <Required type="61" schemaName="adx_invitations.svg" displayName="adx_invitations.svg" solution="MicrosoftPortalBase (9.2.2103.1)">
          <package>CDSBasePortal (9.3.2109.20)</package>
        </Required>
        <Dependent type="appaction" displayName="cid__SendPortalInvitat!d9726069ac704723bcf44e61b496e536!cid_CIDAdminApp!adx_invitation!2" id.uniquename="cid__SendPortalInvitat!d9726069ac704723bcf44e61b496e536!cid_CIDAdminApp!adx_invitation!2" />
      </MissingDependency>
      <MissingDependency>
        <Required type="61" schemaName="fdr_registeredmark_mainform" displayName="fdr_registeredmark_mainform" solution="Active" />
        <Dependent type="60" displayName="Information" parentDisplayName="Registered Mark" id="{3dcca305-9e82-4066-a44a-556a92b49548}" />
      </MissingDependency>
      <MissingDependency>
        <Required type="61" schemaName="msdyn_/Images/AppModule_Default_Icon.png" displayName="msdyn_/Images/AppModule_Default_Icon.png" solution="AppModuleWebResources (2.5)" />
        <Dependent type="80" schemaName="cid_CIDAdminApp" displayName="CID Admin App" />
      </MissingDependency>
      <MissingDependency>
        <Required type="61" schemaName="qm_globalHelper.js" displayName="qm_globalHelper.js" solution="Active" />
        <Dependent type="60" displayName="Information" parentDisplayName="Registered Mark" id="{3dcca305-9e82-4066-a44a-556a92b49548}" />
      </MissingDependency>
      <MissingDependency>
        <Required type="62" schemaName="cid_CIDAdminApp" solution="Active" />
        <Dependent type="80" schemaName="cid_CIDAdminApp" displayName="CID Admin App" />
      </MissingDependency>
    </MissingDependencies>
  </SolutionManifest>
</ImportExportXml>