<ImportExportXml version="9.2.22063.170" SolutionPackageVersion="9.2" languagecode="1033" generatedBy="CrmLive" xmlns:xsi="http://www.w3.org/2001/XMLSchema-instance">
  <SolutionManifest>
    <UniqueName>TC_GlobalCore_Patch_c43c0250</UniqueName>
    <LocalizedNames>
      <LocalizedName description="TDG Core Schema" languagecode="1033" />
    </LocalizedNames>
    <Descriptions>
      <Description description="Patch for TDG Core Schema" languagecode="1033" />
    </Descriptions>
    <ParentUniqueName>TC_GlobalCore</ParentUniqueName>
    <Version>1.136.1.0</Version>
    <Managed>1</Managed>
    <Publisher>
      <UniqueName>oversightpublisher</UniqueName>
      <LocalizedNames>
        <LocalizedName description="Oversight" languagecode="1033" />
      </LocalizedNames>
      <Descriptions>
        <Description description="This is the common solution for AvSec Inspection and TDG Inspection." languagecode="1033" />
      </Descriptions>
      <EMailAddress xsi:nil="true"></EMailAddress>
      <SupportingWebsiteUrl xsi:nil="true"></SupportingWebsiteUrl>
      <CustomizationPrefix>ovs</CustomizationPrefix>
      <CustomizationOptionValuePrefix>91864</CustomizationOptionValuePrefix>
      <Addresses>
        <Address>
          <AddressNumber>1</AddressNumber>
          <AddressTypeCode>1</AddressTypeCode>
          <City xsi:nil="true"></City>
          <County xsi:nil="true"></County>
          <Country xsi:nil="true"></Country>
          <Fax xsi:nil="true"></Fax>
          <FreightTermsCode xsi:nil="true"></FreightTermsCode>
          <ImportSequenceNumber xsi:nil="true"></ImportSequenceNumber>
          <Latitude xsi:nil="true"></Latitude>
          <Line1 xsi:nil="true"></Line1>
          <Line2 xsi:nil="true"></Line2>
          <Line3 xsi:nil="true"></Line3>
          <Longitude xsi:nil="true"></Longitude>
          <Name xsi:nil="true"></Name>
          <PostalCode xsi:nil="true"></PostalCode>
          <PostOfficeBox xsi:nil="true"></PostOfficeBox>
          <PrimaryContactName xsi:nil="true"></PrimaryContactName>
          <ShippingMethodCode>1</ShippingMethodCode>
          <StateOrProvince xsi:nil="true"></StateOrProvince>
          <Telephone1 xsi:nil="true"></Telephone1>
          <Telephone2 xsi:nil="true"></Telephone2>
          <Telephone3 xsi:nil="true"></Telephone3>
          <TimeZoneRuleVersionNumber xsi:nil="true"></TimeZoneRuleVersionNumber>
          <UPSZone xsi:nil="true"></UPSZone>
          <UTCOffset xsi:nil="true"></UTCOffset>
          <UTCConversionTimeZoneCode xsi:nil="true"></UTCConversionTimeZoneCode>
        </Address>
        <Address>
          <AddressNumber>2</AddressNumber>
          <AddressTypeCode>1</AddressTypeCode>
          <City xsi:nil="true"></City>
          <County xsi:nil="true"></County>
          <Country xsi:nil="true"></Country>
          <Fax xsi:nil="true"></Fax>
          <FreightTermsCode xsi:nil="true"></FreightTermsCode>
          <ImportSequenceNumber xsi:nil="true"></ImportSequenceNumber>
          <Latitude xsi:nil="true"></Latitude>
          <Line1 xsi:nil="true"></Line1>
          <Line2 xsi:nil="true"></Line2>
          <Line3 xsi:nil="true"></Line3>
          <Longitude xsi:nil="true"></Longitude>
          <Name xsi:nil="true"></Name>
          <PostalCode xsi:nil="true"></PostalCode>
          <PostOfficeBox xsi:nil="true"></PostOfficeBox>
          <PrimaryContactName xsi:nil="true"></PrimaryContactName>
          <ShippingMethodCode>1</ShippingMethodCode>
          <StateOrProvince xsi:nil="true"></StateOrProvince>
          <Telephone1 xsi:nil="true"></Telephone1>
          <Telephone2 xsi:nil="true"></Telephone2>
          <Telephone3 xsi:nil="true"></Telephone3>
          <TimeZoneRuleVersionNumber xsi:nil="true"></TimeZoneRuleVersionNumber>
          <UPSZone xsi:nil="true"></UPSZone>
          <UTCOffset xsi:nil="true"></UTCOffset>
          <UTCConversionTimeZoneCode xsi:nil="true"></UTCConversionTimeZoneCode>
        </Address>
      </Addresses>
    </Publisher>
    <RootComponents>
      <RootComponent type="1" schemaName="fdr_designmarkingrequirement" behavior="2" />
    </RootComponents>
    <MissingDependencies>
      <MissingDependency>
        <Required type="1" schemaName="fdr_designmarkingrequirement" displayName="Design Marking Requirement" solution="Active" />
        <Dependent type="1" schemaName="fdr_designmarkingrequirement" displayName="Design Marking Requirement" />
      </MissingDependency>
      <MissingDependency>
        <Required type="10" schemaName="fdr_ContainerSpec_ContainerType_fdr_designmarkingrequirement" displayName="fdr_ContainerSpec_ContainerType_fdr_designmarkingrequirement" parentSchemaName="fdr_containertype" parentDisplayName="Registration Type" solution="Active" />
        <Dependent type="60" displayName="Information" parentDisplayName="Design Marking Requirement" id="{ca6de007-d51f-493a-b412-1db7d3aea986}" />
      </MissingDependency>
      <MissingDependency>
        <Required type="10" schemaName="fdr_ContainerSpec_Specification_fdr_designmarkingrequirement" displayName="fdr_ContainerSpec_Specification_fdr_designmarkingrequirement" parentSchemaName="fdr_specification" parentDisplayName="Specification" solution="Active" />
        <Dependent type="60" displayName="Information" parentDisplayName="Design Marking Requirement" id="{ca6de007-d51f-493a-b412-1db7d3aea986}" />
      </MissingDependency>
      <MissingDependency>
        <Required type="2" schemaName="fdr_bodymaterial" displayName="Body Material" parentSchemaName="fdr_designmarkingrequirement" parentDisplayName="Design Marking Requirement" solution="Active" />
        <Dependent type="60" displayName="Information" parentDisplayName="Design Marking Requirement" id="{ca6de007-d51f-493a-b412-1db7d3aea986}" />
      </MissingDependency>
      <MissingDependency>
        <Required type="2" schemaName="fdr_bottomthickness" displayName="Bottom Thickness" parentSchemaName="fdr_designmarkingrequirement" parentDisplayName="Design Marking Requirement" solution="Active" />
        <Dependent type="60" displayName="Information" parentDisplayName="Design Marking Requirement" id="{ca6de007-d51f-493a-b412-1db7d3aea986}" />
      </MissingDependency>
      <MissingDependency>
        <Required type="2" schemaName="fdr_classmarkingtext" displayName="Class Marking Text " parentSchemaName="fdr_designmarkingrequirement" parentDisplayName="Design Marking Requirement" solution="Active" />
        <Dependent type="60" displayName="Information" parentDisplayName="Design Marking Requirement" id="{ca6de007-d51f-493a-b412-1db7d3aea986}" />
      </MissingDependency>
      <MissingDependency>
        <Required type="2" schemaName="fdr_containertype" displayName="Container Type" parentSchemaName="fdr_designmarkingrequirement" parentDisplayName="Design Marking Requirement" solution="Active" />
        <Dependent type="60" displayName="Information" parentDisplayName="Design Marking Requirement" id="{ca6de007-d51f-493a-b412-1db7d3aea986}" />
      </MissingDependency>
      <MissingDependency>
        <Required type="2" schemaName="fdr_designreviewagencyreportdate" displayName="Design Review Agency Report Date" parentSchemaName="fdr_designmarkingrequirement" parentDisplayName="Design Marking Requirement" solution="Active" />
        <Dependent type="60" displayName="Information" parentDisplayName="Design Marking Requirement" id="{ca6de007-d51f-493a-b412-1db7d3aea986}" />
      </MissingDependency>
      <MissingDependency>
        <Required type="2" schemaName="fdr_designreviewagencyreportnumber" displayName="Design Review Agency Report Number" parentSchemaName="fdr_designmarkingrequirement" parentDisplayName="Design Marking Requirement" solution="Active" />
        <Dependent type="60" displayName="Information" parentDisplayName="Design Marking Requirement" id="{ca6de007-d51f-493a-b412-1db7d3aea986}" />
      </MissingDependency>
      <MissingDependency>
        <Required type="2" schemaName="fdr_displaycountry" displayName="Display Country" parentSchemaName="fdr_designmarkingrequirement" parentDisplayName="Design Marking Requirement" solution="Active" />
        <Dependent type="60" displayName="Information" parentDisplayName="Design Marking Requirement" id="{ca6de007-d51f-493a-b412-1db7d3aea986}" />
      </MissingDependency>
      <MissingDependency>
        <Required type="2" schemaName="fdr_displaymonth" displayName="Display Month" parentSchemaName="fdr_designmarkingrequirement" parentDisplayName="Design Marking Requirement" solution="Active" />
        <Dependent type="60" displayName="Information" parentDisplayName="Design Marking Requirement" id="{ca6de007-d51f-493a-b412-1db7d3aea986}" />
      </MissingDependency>
      <MissingDependency>
        <Required type="2" schemaName="fdr_displayyear" displayName="Display Year" parentSchemaName="fdr_designmarkingrequirement" parentDisplayName="Design Marking Requirement" solution="Active" />
        <Dependent type="60" displayName="Information" parentDisplayName="Design Marking Requirement" id="{ca6de007-d51f-493a-b412-1db7d3aea986}" />
      </MissingDependency>
      <MissingDependency>
        <Required type="2" schemaName="fdr_grossmassrequired" displayName="Gross Mass Required" parentSchemaName="fdr_designmarkingrequirement" parentDisplayName="Design Marking Requirement" solution="Active" />
        <Dependent type="60" displayName="Information" parentDisplayName="Design Marking Requirement" id="{ca6de007-d51f-493a-b412-1db7d3aea986}" />
      </MissingDependency>
      <MissingDependency>
        <Required type="2" schemaName="fdr_internaltestpressurerequired" displayName="Internal Test Pressure Required" parentSchemaName="fdr_designmarkingrequirement" parentDisplayName="Design Marking Requirement" solution="Active" />
        <Dependent type="60" displayName="Information" parentDisplayName="Design Marking Requirement" id="{ca6de007-d51f-493a-b412-1db7d3aea986}" />
      </MissingDependency>
      <MissingDependency>
        <Required type="2" schemaName="fdr_latestdesignreviewagency" displayName="Latest Design Review Agency" parentSchemaName="fdr_designmarkingrequirement" parentDisplayName="Design Marking Requirement" solution="Active" />
        <Dependent type="60" displayName="Information" parentDisplayName="Design Marking Requirement" id="{ca6de007-d51f-493a-b412-1db7d3aea986}" />
      </MissingDependency>
      <MissingDependency>
        <Required type="2" schemaName="fdr_maincontainerdrawing" displayName="Main Container Drawing" parentSchemaName="fdr_designmarkingrequirement" parentDisplayName="Design Marking Requirement" solution="Active" />
        <Dependent type="60" displayName="Information" parentDisplayName="Design Marking Requirement" id="{ca6de007-d51f-493a-b412-1db7d3aea986}" />
      </MissingDependency>
      <MissingDependency>
        <Required type="2" schemaName="fdr_maximumallowableworkingpressuremawp" displayName="Maximum Allowable Working Pressure (MAWP)" parentSchemaName="fdr_designmarkingrequirement" parentDisplayName="Design Marking Requirement" solution="Active" />
        <Dependent type="60" displayName="Information" parentDisplayName="Design Marking Requirement" id="{ca6de007-d51f-493a-b412-1db7d3aea986}" />
      </MissingDependency>
      <MissingDependency>
        <Required type="2" schemaName="fdr_maximumcapacity" displayName="Maximum Capacity" parentSchemaName="fdr_designmarkingrequirement" parentDisplayName="Design Marking Requirement" solution="Active" />
        <Dependent type="60" displayName="Information" parentDisplayName="Design Marking Requirement" id="{ca6de007-d51f-493a-b412-1db7d3aea986}" />
      </MissingDependency>
      <MissingDependency>
        <Required type="2" schemaName="fdr_maximumloadingdischargepressure" displayName="Maximum Loading / Discharge Pressure" parentSchemaName="fdr_designmarkingrequirement" parentDisplayName="Design Marking Requirement" solution="Active" />
        <Dependent type="60" displayName="Information" parentDisplayName="Design Marking Requirement" id="{ca6de007-d51f-493a-b412-1db7d3aea986}" />
      </MissingDependency>
      <MissingDependency>
        <Required type="2" schemaName="fdr_maximumpermissiblegrossmassload" displayName="Maximum Permissible Gross Mass / Load" parentSchemaName="fdr_designmarkingrequirement" parentDisplayName="Design Marking Requirement" solution="Active" />
        <Dependent type="60" displayName="Information" parentDisplayName="Design Marking Requirement" id="{ca6de007-d51f-493a-b412-1db7d3aea986}" />
      </MissingDependency>
      <MissingDependency>
        <Required type="2" schemaName="fdr_maximumpermittedstackingload" displayName="Maximum Permitted Stacking Load" parentSchemaName="fdr_designmarkingrequirement" parentDisplayName="Design Marking Requirement" solution="Active" />
        <Dependent type="60" displayName="Information" parentDisplayName="Design Marking Requirement" id="{ca6de007-d51f-493a-b412-1db7d3aea986}" />
      </MissingDependency>
      <MissingDependency>
        <Required type="2" schemaName="fdr_minimumthickness" displayName="Minimum Thickness" parentSchemaName="fdr_designmarkingrequirement" parentDisplayName="Design Marking Requirement" solution="Active" />
        <Dependent type="60" displayName="Information" parentDisplayName="Design Marking Requirement" id="{ca6de007-d51f-493a-b412-1db7d3aea986}" />
      </MissingDependency>
      <MissingDependency>
        <Required type="2" schemaName="fdr_name" displayName="Name" parentSchemaName="fdr_designmarkingrequirement" parentDisplayName="Design Marking Requirement" solution="Active" />
        <Dependent type="60" displayName="Information" parentDisplayName="Design Marking Requirement" id="{ca6de007-d51f-493a-b412-1db7d3aea986}" />
      </MissingDependency>
      <MissingDependency>
        <Required type="2" schemaName="fdr_nominalthickness" displayName="Nominal Thickness" parentSchemaName="fdr_designmarkingrequirement" parentDisplayName="Design Marking Requirement" solution="Active" />
        <Dependent type="60" displayName="Information" parentDisplayName="Design Marking Requirement" id="{ca6de007-d51f-493a-b412-1db7d3aea986}" />
      </MissingDependency>
      <MissingDependency>
        <Required type="2" schemaName="fdr_option" displayName="Option" parentSchemaName="fdr_designmarkingrequirement" parentDisplayName="Design Marking Requirement" solution="Active" />
        <Dependent type="60" displayName="Information" parentDisplayName="Design Marking Requirement" id="{ca6de007-d51f-493a-b412-1db7d3aea986}" />
      </MissingDependency>
      <MissingDependency>
        <Required type="2" schemaName="fdr_packagingmaterial" displayName="Packaging Material" parentSchemaName="fdr_designmarkingrequirement" parentDisplayName="Design Marking Requirement" solution="Active" />
        <Dependent type="60" displayName="Information" parentDisplayName="Design Marking Requirement" id="{ca6de007-d51f-493a-b412-1db7d3aea986}" />
      </MissingDependency>
      <MissingDependency>
        <Required type="2" schemaName="fdr_packinggroupmarking" displayName="Packing Group Marking" parentSchemaName="fdr_designmarkingrequirement" parentDisplayName="Design Marking Requirement" solution="Active" />
        <Dependent type="60" displayName="Information" parentDisplayName="Design Marking Requirement" id="{ca6de007-d51f-493a-b412-1db7d3aea986}" />
      </MissingDependency>
      <MissingDependency>
        <Required type="2" schemaName="fdr_pipingarrangementdrawing" displayName="Piping Arrangement Drawing" parentSchemaName="fdr_designmarkingrequirement" parentDisplayName="Design Marking Requirement" solution="Active" />
        <Dependent type="60" displayName="Information" parentDisplayName="Design Marking Requirement" id="{ca6de007-d51f-493a-b412-1db7d3aea986}" />
      </MissingDependency>
      <MissingDependency>
        <Required type="2" schemaName="fdr_registeredmarkrequired" displayName="Registered Mark Required" parentSchemaName="fdr_designmarkingrequirement" parentDisplayName="Design Marking Requirement" solution="Active" />
        <Dependent type="60" displayName="Information" parentDisplayName="Design Marking Requirement" id="{ca6de007-d51f-493a-b412-1db7d3aea986}" />
      </MissingDependency>
      <MissingDependency>
        <Required type="2" schemaName="fdr_relativedensityrequired" displayName="Relative Density Required" parentSchemaName="fdr_designmarkingrequirement" parentDisplayName="Design Marking Requirement" solution="Active" />
        <Dependent type="60" displayName="Information" parentDisplayName="Design Marking Requirement" id="{ca6de007-d51f-493a-b412-1db7d3aea986}" />
      </MissingDependency>
      <MissingDependency>
        <Required type="2" schemaName="fdr_serialnumberlotnumber" displayName="Serial Number / Lot Number" parentSchemaName="fdr_designmarkingrequirement" parentDisplayName="Design Marking Requirement" solution="Active" />
        <Dependent type="60" displayName="Information" parentDisplayName="Design Marking Requirement" id="{ca6de007-d51f-493a-b412-1db7d3aea986}" />
      </MissingDependency>
      <MissingDependency>
        <Required type="2" schemaName="fdr_sidethickness" displayName="Side Thickness" parentSchemaName="fdr_designmarkingrequirement" parentDisplayName="Design Marking Requirement" solution="Active" />
        <Dependent type="60" displayName="Information" parentDisplayName="Design Marking Requirement" id="{ca6de007-d51f-493a-b412-1db7d3aea986}" />
      </MissingDependency>
      <MissingDependency>
        <Required type="2" schemaName="fdr_specification" displayName="Specification" parentSchemaName="fdr_designmarkingrequirement" parentDisplayName="Design Marking Requirement" solution="Active" />
        <Dependent type="60" displayName="Information" parentDisplayName="Design Marking Requirement" id="{ca6de007-d51f-493a-b412-1db7d3aea986}" />
      </MissingDependency>
      <MissingDependency>
        <Required type="2" schemaName="fdr_tankassemblydrawing" displayName="Tank Assembly Drawing" parentSchemaName="fdr_designmarkingrequirement" parentDisplayName="Design Marking Requirement" solution="Active" />
        <Dependent type="60" displayName="Information" parentDisplayName="Design Marking Requirement" id="{ca6de007-d51f-493a-b412-1db7d3aea986}" />
      </MissingDependency>
      <MissingDependency>
        <Required type="2" schemaName="fdr_taremass" displayName="Tare Mass" parentSchemaName="fdr_designmarkingrequirement" parentDisplayName="Design Marking Requirement" solution="Active" />
        <Dependent type="60" displayName="Information" parentDisplayName="Design Marking Requirement" id="{ca6de007-d51f-493a-b412-1db7d3aea986}" />
      </MissingDependency>
      <MissingDependency>
        <Required type="2" schemaName="fdr_tcrnrequired" displayName="TCRN Required" parentSchemaName="fdr_designmarkingrequirement" parentDisplayName="Design Marking Requirement" solution="Active" />
        <Dependent type="60" displayName="Information" parentDisplayName="Design Marking Requirement" id="{ca6de007-d51f-493a-b412-1db7d3aea986}" />
      </MissingDependency>
      <MissingDependency>
        <Required type="2" schemaName="fdr_testpressure" displayName="Test Pressure" parentSchemaName="fdr_designmarkingrequirement" parentDisplayName="Design Marking Requirement" solution="Active" />
        <Dependent type="60" displayName="Information" parentDisplayName="Design Marking Requirement" id="{ca6de007-d51f-493a-b412-1db7d3aea986}" />
      </MissingDependency>
      <MissingDependency>
        <Required type="2" schemaName="fdr_topthickness" displayName="Top Thickness" parentSchemaName="fdr_designmarkingrequirement" parentDisplayName="Design Marking Requirement" solution="Active" />
        <Dependent type="60" displayName="Information" parentDisplayName="Design Marking Requirement" id="{ca6de007-d51f-493a-b412-1db7d3aea986}" />
      </MissingDependency>
      <MissingDependency>
        <Required type="2" schemaName="ownerid" displayName="Owner" parentSchemaName="fdr_designmarkingrequirement" parentDisplayName="Design Marking Requirement" solution="Active" />
        <Dependent type="60" displayName="Information" parentDisplayName="Design Marking Requirement" id="{ca6de007-d51f-493a-b412-1db7d3aea986}" />
      </MissingDependency>
    </MissingDependencies>
  </SolutionManifest>
</ImportExportXml>