<ImportExportXml version="9.2.21104.124" SolutionPackageVersion="9.2" languagecode="1033" generatedBy="CrmLive" xmlns:xsi="http://www.w3.org/2001/XMLSchema-instance">
  <SolutionManifest>
    <UniqueName>TC_GlobalCore_Patch_9e0c16d8</UniqueName>
    <LocalizedNames>
      <LocalizedName description="TDG Core Schema" languagecode="1033" />
    </LocalizedNames>
    <Descriptions>
      <Description description="Patch for TDG Core Schema" languagecode="1033" />
    </Descriptions>
    <ParentUniqueName>TC_GlobalCore</ParentUniqueName>
    <Version>1.118.1.0</Version>
    <Managed>1</Managed>
    <Publisher>
      <UniqueName>oversightpublisher</UniqueName>
      <LocalizedNames>
        <LocalizedName description="Oversight" languagecode="1033" />
        <LocalizedName description="Surveillance" languagecode="1036" />
      </LocalizedNames>
      <Descriptions>
        <Description description="This is the common solution for AvSec Inspection and TDG Inspection." languagecode="1033" />
        <Description description="Il s’agit de la solution courante pour l’inspection de la sûreté de l’aviation et l’inspection du TMD." languagecode="1036" />
      </Descriptions>
      <EMailAddress xsi:nil="true"></EMailAddress>
      <SupportingWebsiteUrl xsi:nil="true"></SupportingWebsiteUrl>
      <CustomizationPrefix>ovs</CustomizationPrefix>
      <CustomizationOptionValuePrefix>91864</CustomizationOptionValuePrefix>
      <Addresses>
        <Address>
          <AddressNumber>1</AddressNumber>
          <AddressTypeCode>1</AddressTypeCode>
          <City xsi:nil="true"></City>
          <County xsi:nil="true"></County>
          <Country xsi:nil="true"></Country>
          <Fax xsi:nil="true"></Fax>
          <FreightTermsCode xsi:nil="true"></FreightTermsCode>
          <ImportSequenceNumber xsi:nil="true"></ImportSequenceNumber>
          <Latitude xsi:nil="true"></Latitude>
          <Line1 xsi:nil="true"></Line1>
          <Line2 xsi:nil="true"></Line2>
          <Line3 xsi:nil="true"></Line3>
          <Longitude xsi:nil="true"></Longitude>
          <Name xsi:nil="true"></Name>
          <PostalCode xsi:nil="true"></PostalCode>
          <PostOfficeBox xsi:nil="true"></PostOfficeBox>
          <PrimaryContactName xsi:nil="true"></PrimaryContactName>
          <ShippingMethodCode>1</ShippingMethodCode>
          <StateOrProvince xsi:nil="true"></StateOrProvince>
          <Telephone1 xsi:nil="true"></Telephone1>
          <Telephone2 xsi:nil="true"></Telephone2>
          <Telephone3 xsi:nil="true"></Telephone3>
          <TimeZoneRuleVersionNumber xsi:nil="true"></TimeZoneRuleVersionNumber>
          <UPSZone xsi:nil="true"></UPSZone>
          <UTCOffset xsi:nil="true"></UTCOffset>
          <UTCConversionTimeZoneCode xsi:nil="true"></UTCConversionTimeZoneCode>
        </Address>
        <Address>
          <AddressNumber>2</AddressNumber>
          <AddressTypeCode>1</AddressTypeCode>
          <City xsi:nil="true"></City>
          <County xsi:nil="true"></County>
          <Country xsi:nil="true"></Country>
          <Fax xsi:nil="true"></Fax>
          <FreightTermsCode xsi:nil="true"></FreightTermsCode>
          <ImportSequenceNumber xsi:nil="true"></ImportSequenceNumber>
          <Latitude xsi:nil="true"></Latitude>
          <Line1 xsi:nil="true"></Line1>
          <Line2 xsi:nil="true"></Line2>
          <Line3 xsi:nil="true"></Line3>
          <Longitude xsi:nil="true"></Longitude>
          <Name xsi:nil="true"></Name>
          <PostalCode xsi:nil="true"></PostalCode>
          <PostOfficeBox xsi:nil="true"></PostOfficeBox>
          <PrimaryContactName xsi:nil="true"></PrimaryContactName>
          <ShippingMethodCode>1</ShippingMethodCode>
          <StateOrProvince xsi:nil="true"></StateOrProvince>
          <Telephone1 xsi:nil="true"></Telephone1>
          <Telephone2 xsi:nil="true"></Telephone2>
          <Telephone3 xsi:nil="true"></Telephone3>
          <TimeZoneRuleVersionNumber xsi:nil="true"></TimeZoneRuleVersionNumber>
          <UPSZone xsi:nil="true"></UPSZone>
          <UTCOffset xsi:nil="true"></UTCOffset>
          <UTCConversionTimeZoneCode xsi:nil="true"></UTCConversionTimeZoneCode>
        </Address>
      </Addresses>
    </Publisher>
    <RootComponents>
      <RootComponent type="1" schemaName="msdyn_incidenttype" behavior="1" />
      <RootComponent type="1" schemaName="msdyn_incidenttypeservicetask" behavior="1" />
      <RootComponent type="1" schemaName="msdyn_servicetasktype" behavior="1" />
      <RootComponent type="20" id="{a8d3ef08-d189-eb11-b1ac-000d3ae92dbf}" behavior="0" />
      <RootComponent type="80" schemaName="ovs_TDGPlanner" behavior="0" />
    </RootComponents>
    <MissingDependencies>
      <MissingDependency>
        <Required type="1" schemaName="bookableresource" displayName="Bookable Resource" solution="msdynce_Scheduling (9.0.0.0)" />
        <Dependent type="80" schemaName="ovs_TDGPlanner" displayName="TDG Planner / Planificateur TMD" />
      </MissingDependency>
      <MissingDependency>
        <Required type="1" schemaName="bookableresourcebooking" displayName="Booking" solution="msdynce_Scheduling (9.0.0.0)" />
        <Dependent type="80" schemaName="ovs_TDGPlanner" displayName="TDG Planner / Planificateur TMD" />
      </MissingDependency>
      <MissingDependency>
        <Required type="1" schemaName="bookableresourcecategory" displayName="Bookable Resource Category" solution="msdynce_Scheduling (9.0.0.0)" />
        <Dependent type="80" schemaName="ovs_TDGPlanner" displayName="TDG Planner / Planificateur TMD" />
      </MissingDependency>
      <MissingDependency>
        <Required type="1" schemaName="msdyn_incidenttype" displayName="Incident Type" solution="FieldService (8.8.0.88)">
          <package>FieldService_Anchor (8.8.54.21)</package>
        </Required>
        <Dependent type="1" schemaName="msdyn_incidenttype" displayName="Incident Type" />
      </MissingDependency>
      <MissingDependency>
        <Required type="1" schemaName="msdyn_incidenttypecharacteristic" displayName="Incident Type Characteristic" solution="FieldService (8.8.0.88)">
          <package>FieldService_Anchor (8.8.54.21)</package>
        </Required>
        <Dependent type="60" displayName="Information" parentDisplayName="Incident Type" id="{4cbf19c2-8998-4fcf-b1a1-19a983797396}" />
      </MissingDependency>
      <MissingDependency>
        <Required type="1" schemaName="msdyn_incidenttypeproduct" displayName="Incident Type Product" solution="FieldService (8.8.0.88)">
          <package>FieldService_Anchor (8.8.54.21)</package>
        </Required>
        <Dependent type="60" displayName="Information" parentDisplayName="Incident Type" id="{4cbf19c2-8998-4fcf-b1a1-19a983797396}" />
      </MissingDependency>
      <MissingDependency>
        <Required type="1" schemaName="msdyn_incidenttyperesolution" displayName="Incident Type Resolution" solution="msdyn_FieldService_patch_update (8.8.54.21)">
          <package>FieldService_Anchor (8.8.54.21)</package>
        </Required>
        <Dependent type="60" displayName="Information" parentDisplayName="Incident Type" id="{4cbf19c2-8998-4fcf-b1a1-19a983797396}" />
      </MissingDependency>
      <MissingDependency>
        <Required type="1" schemaName="msdyn_incidenttypeservice" displayName="Incident Type Service" solution="FieldService (8.8.0.88)">
          <package>FieldService_Anchor (8.8.54.21)</package>
        </Required>
        <Dependent type="60" displayName="Information" parentDisplayName="Incident Type" id="{4cbf19c2-8998-4fcf-b1a1-19a983797396}" />
      </MissingDependency>
      <MissingDependency>
        <Required type="1" schemaName="msdyn_incidenttypeservicetask" displayName="Incident Type Service Task" solution="FieldService (8.8.0.88)">
          <package>FieldService_Anchor (8.8.54.21)</package>
        </Required>
        <Dependent type="1" schemaName="msdyn_incidenttypeservicetask" displayName="Incident Type Service Task" />
      </MissingDependency>
      <MissingDependency>
        <Required type="1" schemaName="msdyn_resourceterritory" displayName="Resource Territory" solution="MicrosoftDynamicsScheduling (3.12.0.448)">
          <package>FieldService_Anchor (8.8.54.21)</package>
          <package>msdynce_CoreServiceSchedulingAnchor (9.0.20082.1006)</package>
        </Required>
        <Dependent type="80" schemaName="ovs_TDGPlanner" displayName="TDG Planner / Planificateur TMD" />
      </MissingDependency>
      <MissingDependency>
        <Required type="1" schemaName="msdyn_servicetasktype" displayName="Service Task Type" solution="FieldService (8.8.0.88)">
          <package>FieldService_Anchor (8.8.54.21)</package>
        </Required>
        <Dependent type="1" schemaName="msdyn_servicetasktype" displayName="Service Task Type" />
      </MissingDependency>
      <MissingDependency>
        <Required type="1" schemaName="msdyn_workorder" displayName="Work Order" solution="FieldService (8.8.0.88)">
          <package>FieldService_Anchor (8.8.54.21)</package>
        </Required>
        <Dependent type="80" schemaName="ovs_TDGPlanner" displayName="TDG Planner / Planificateur TMD" />
      </MissingDependency>
      <MissingDependency>
        <Required type="1" schemaName="msdyn_workorderincident" displayName="Work Order Incident" solution="FieldService (8.8.0.88)">
          <package>FieldService_Anchor (8.8.54.21)</package>
        </Required>
        <Dependent type="80" schemaName="ovs_TDGPlanner" displayName="TDG Planner / Planificateur TMD" />
      </MissingDependency>
      <MissingDependency>
        <Required type="1" schemaName="msdyn_workorderservicetask" displayName="Work Order Service Task" solution="FieldService (8.8.0.88)">
          <package>FieldService_Anchor (8.8.54.21)</package>
        </Required>
        <Dependent type="80" schemaName="ovs_TDGPlanner" displayName="TDG Planner / Planificateur TMD" />
      </MissingDependency>
      <MissingDependency>
        <Required type="1" schemaName="msdyn_workordersubstatus" displayName="Work Order Substatus" solution="FieldService (8.8.0.88)">
          <package>FieldService_Anchor (8.8.54.21)</package>
        </Required>
        <Dependent type="80" schemaName="ovs_TDGPlanner" displayName="TDG Planner / Planificateur TMD" />
      </MissingDependency>
      <MissingDependency>
        <Required type="1" schemaName="msdyn_workordertype" displayName="Work Order Type" solution="FieldService (8.8.0.88)">
          <package>FieldService_Anchor (8.8.54.21)</package>
        </Required>
        <Dependent type="80" schemaName="ovs_TDGPlanner" displayName="TDG Planner / Planificateur TMD" />
      </MissingDependency>
      <MissingDependency>
        <Required type="1" schemaName="ovs_accountclass" displayName="Account Class" solution="Active" />
        <Dependent type="80" schemaName="ovs_TDGPlanner" displayName="TDG Planner / Planificateur TMD" />
      </MissingDependency>
      <MissingDependency>
        <Required type="1" schemaName="ovs_accountun" displayName="Account UN Number" solution="Active" />
        <Dependent type="80" schemaName="ovs_TDGPlanner" displayName="TDG Planner / Planificateur TMD" />
      </MissingDependency>
      <MissingDependency>
        <Required type="1" schemaName="ovs_aircrafttype" displayName="Aircraft Type" solution="Active" />
        <Dependent type="80" schemaName="ovs_TDGPlanner" displayName="TDG Planner / Planificateur TMD" />
      </MissingDependency>
      <MissingDependency>
        <Required type="1" schemaName="ovs_airoperatorfunction" displayName="Air Operator Function" solution="Active" />
        <Dependent type="80" schemaName="ovs_TDGPlanner" displayName="TDG Planner / Planificateur TMD" />
      </MissingDependency>
      <MissingDependency>
        <Required type="1" schemaName="ovs_airoperatortype" displayName="Air Operator Type" solution="Active" />
        <Dependent type="80" schemaName="ovs_TDGPlanner" displayName="TDG Planner / Planificateur TMD" />
      </MissingDependency>
      <MissingDependency>
        <Required type="1" schemaName="ovs_cancellationrequest" displayName="Cancellation Request" solution="Active" />
        <Dependent type="80" schemaName="ovs_TDGPlanner" displayName="TDG Planner / Planificateur TMD" />
      </MissingDependency>
      <MissingDependency>
        <Required type="1" schemaName="ovs_cdnop" displayName="NOP" solution="Active" />
        <Dependent type="80" schemaName="ovs_TDGPlanner" displayName="TDG Planner / Planificateur TMD" />
      </MissingDependency>
      <MissingDependency>
        <Required type="1" schemaName="ovs_confirmationofcompliance" displayName="Confirmation of Compliance" solution="Active" />
        <Dependent type="80" schemaName="ovs_TDGPlanner" displayName="TDG Planner / Planificateur TMD" />
      </MissingDependency>
      <MissingDependency>
        <Required type="1" schemaName="ovs_cyaction" displayName="Enforcement Action" solution="Active" />
        <Dependent type="80" schemaName="ovs_TDGPlanner" displayName="TDG Planner / Planificateur TMD" />
      </MissingDependency>
      <MissingDependency>
        <Required type="1" schemaName="ovs_cysafetyassessment" displayName="Safety Assessment" solution="Active" />
        <Dependent type="80" schemaName="ovs_TDGPlanner" displayName="TDG Planner / Planificateur TMD" />
      </MissingDependency>
      <MissingDependency>
        <Required type="1" schemaName="ovs_followuprequest" displayName="Follow Up Inspection Request" solution="Active" />
        <Dependent type="80" schemaName="ovs_TDGPlanner" displayName="TDG Planner / Planificateur TMD" />
      </MissingDependency>
      <MissingDependency>
        <Required type="1" schemaName="ovs_forecastquarter" displayName="Forecast Quarter" solution="Active" />
        <Dependent type="80" schemaName="ovs_TDGPlanner" displayName="TDG Planner / Planificateur TMD" />
      </MissingDependency>
      <MissingDependency>
        <Required type="1" schemaName="ovs_lob" displayName="LOB" solution="Active" />
        <Dependent type="80" schemaName="ovs_TDGPlanner" displayName="TDG Planner / Planificateur TMD" />
      </MissingDependency>
      <MissingDependency>
        <Required type="1" schemaName="ovs_mocfacilitytype" displayName="Operation Type" solution="Active" />
        <Dependent type="80" schemaName="ovs_TDGPlanner" displayName="TDG Planner / Planificateur TMD" />
      </MissingDependency>
      <MissingDependency>
        <Required type="1" schemaName="ovs_mocregistration" displayName="Operation" solution="Active" />
        <Dependent type="80" schemaName="ovs_TDGPlanner" displayName="TDG Planner / Planificateur TMD" />
      </MissingDependency>
      <MissingDependency>
        <Required type="1" schemaName="ovs_moctype" displayName="MOC Type" solution="Active" />
        <Dependent type="80" schemaName="ovs_TDGPlanner" displayName="TDG Planner / Planificateur TMD" />
      </MissingDependency>
      <MissingDependency>
        <Required type="1" schemaName="ovs_modes" displayName="Modes" solution="Active" />
        <Dependent type="80" schemaName="ovs_TDGPlanner" displayName="TDG Planner / Planificateur TMD" />
      </MissingDependency>
      <MissingDependency>
        <Required type="1" schemaName="ovs_operation" displayName="Operation" solution="Active" />
        <Dependent type="80" schemaName="ovs_TDGPlanner" displayName="TDG Planner / Planificateur TMD" />
      </MissingDependency>
      <MissingDependency>
        <Required type="1" schemaName="ovs_operationtype" displayName="Operation Type" solution="Active" />
        <Dependent type="80" schemaName="ovs_TDGPlanner" displayName="TDG Planner / Planificateur TMD" />
      </MissingDependency>
      <MissingDependency>
        <Required type="1" schemaName="ovs_oversighttype" displayName="Oversight Type" solution="Active" />
        <Dependent type="80" schemaName="ovs_TDGPlanner" displayName="TDG Planner / Planificateur TMD" />
      </MissingDependency>
      <MissingDependency>
        <Required type="1" schemaName="ovs_revisedquarterrequest" displayName="Revised Quarter Request" solution="Active" />
        <Dependent type="80" schemaName="ovs_TDGPlanner" displayName="TDG Planner / Planificateur TMD" />
      </MissingDependency>
      <MissingDependency>
        <Required type="1" schemaName="ovs_sitetype" displayName="Site Type" solution="Active" />
        <Dependent type="80" schemaName="ovs_TDGPlanner" displayName="TDG Planner / Planificateur TMD" />
      </MissingDependency>
      <MissingDependency>
        <Required type="1" schemaName="ovs_tdginspectionreport" displayName="TDG Inspection Report" solution="Active" />
        <Dependent type="80" schemaName="ovs_TDGPlanner" displayName="TDG Planner / Planificateur TMD" />
      </MissingDependency>
      <MissingDependency>
        <Required type="1" schemaName="ovs_tyohsequipmenttype" displayName="OHS Equipment Type" solution="Active" />
        <Dependent type="80" schemaName="ovs_TDGPlanner" displayName="TDG Planner / Planificateur TMD" />
      </MissingDependency>
      <MissingDependency>
        <Required type="1" schemaName="ovs_tyrational" displayName="Rationale" solution="Active" />
        <Dependent type="80" schemaName="ovs_TDGPlanner" displayName="TDG Planner / Planificateur TMD" />
      </MissingDependency>
      <MissingDependency>
        <Required type="1" schemaName="ovs_unplannedforecast" displayName="Unplanned Forecast" solution="Active" />
        <Dependent type="80" schemaName="ovs_TDGPlanner" displayName="TDG Planner / Planificateur TMD" />
      </MissingDependency>
      <MissingDependency>
        <Required type="1" schemaName="qm_rclegislation" displayName="Legislation" solution="Active" />
        <Dependent type="80" schemaName="ovs_TDGPlanner" displayName="TDG Planner / Planificateur TMD" />
      </MissingDependency>
      <MissingDependency>
        <Required type="1" schemaName="qm_sydependencygroup" displayName="Dependency Group" solution="Active" />
        <Dependent type="80" schemaName="ovs_TDGPlanner" displayName="TDG Planner / Planificateur TMD" />
      </MissingDependency>
      <MissingDependency>
        <Required type="1" schemaName="qm_sydependencygroupitem" displayName="Dependency Group Item" solution="Active" />
        <Dependent type="80" schemaName="ovs_TDGPlanner" displayName="TDG Planner / Planificateur TMD" />
      </MissingDependency>
      <MissingDependency>
        <Required type="1" schemaName="qm_sygroup" displayName="Group" solution="Active" />
        <Dependent type="80" schemaName="ovs_TDGPlanner" displayName="TDG Planner / Planificateur TMD" />
      </MissingDependency>
      <MissingDependency>
        <Required type="1" schemaName="qm_syquestion" displayName="Template Question" solution="Active" />
        <Dependent type="80" schemaName="ovs_TDGPlanner" displayName="TDG Planner / Planificateur TMD" />
      </MissingDependency>
      <MissingDependency>
        <Required type="1" schemaName="qm_syresponse" displayName="Template Question Response" solution="Active" />
        <Dependent type="80" schemaName="ovs_TDGPlanner" displayName="TDG Planner / Planificateur TMD" />
      </MissingDependency>
      <MissingDependency>
        <Required type="1" schemaName="qm_syresult" displayName="Violation" solution="Active" />
        <Dependent type="80" schemaName="ovs_TDGPlanner" displayName="TDG Planner / Planificateur TMD" />
      </MissingDependency>
      <MissingDependency>
        <Required type="1" schemaName="qm_sytemplate" displayName="Template" solution="Active" />
        <Dependent type="80" schemaName="ovs_TDGPlanner" displayName="TDG Planner / Planificateur TMD" />
      </MissingDependency>
      <MissingDependency>
        <Required type="1" schemaName="qm_tylegislationcharacteristic" displayName="Legislation Characteristic" solution="Active" />
        <Dependent type="80" schemaName="ovs_TDGPlanner" displayName="TDG Planner / Planificateur TMD" />
      </MissingDependency>
      <MissingDependency>
        <Required type="1" schemaName="qm_tylegislationsource" displayName="Legislation Source" solution="Active" />
        <Dependent type="80" schemaName="ovs_TDGPlanner" displayName="TDG Planner / Planificateur TMD" />
      </MissingDependency>
      <MissingDependency>
        <Required type="1" schemaName="qm_tylegislationtype" displayName="Legislation Section Type" solution="Active" />
        <Dependent type="80" schemaName="ovs_TDGPlanner" displayName="TDG Planner / Planificateur TMD" />
      </MissingDependency>
      <MissingDependency>
        <Required type="1" schemaName="qm_tyvalidationruletype" displayName="Validation Rule Type" solution="Active" />
        <Dependent type="80" schemaName="ovs_TDGPlanner" displayName="TDG Planner / Planificateur TMD" />
      </MissingDependency>
      <MissingDependency>
        <Required type="1" schemaName="tc_tcfiscalperiod" displayName="TCFiscalPeriod" solution="Active" />
        <Dependent type="80" schemaName="ovs_TDGPlanner" displayName="TDG Planner / Planificateur TMD" />
      </MissingDependency>
      <MissingDependency>
        <Required type="1" schemaName="tc_tcfiscalquarter" displayName="TCFiscalQuarter" solution="Active" />
        <Dependent type="80" schemaName="ovs_TDGPlanner" displayName="TDG Planner / Planificateur TMD" />
      </MissingDependency>
      <MissingDependency>
        <Required type="1" schemaName="tc_tcfiscalyear" displayName="TCFiscalYear" solution="Active" />
        <Dependent type="80" schemaName="ovs_TDGPlanner" displayName="TDG Planner / Planificateur TMD" />
      </MissingDependency>
      <MissingDependency>
        <Required type="1" schemaName="tc_tcmonth" displayName="TCMonth" solution="Active" />
        <Dependent type="80" schemaName="ovs_TDGPlanner" displayName="TDG Planner / Planificateur TMD" />
      </MissingDependency>
      <MissingDependency>
        <Required type="1" schemaName="tdg_unnumber" displayName="UN Number" solution="Active" />
        <Dependent type="80" schemaName="ovs_TDGPlanner" displayName="TDG Planner / Planificateur TMD" />
      </MissingDependency>
      <MissingDependency>
        <Required type="1" schemaName="territory" displayName="Region" solution="msdynce_AppCommon (9.0.4.0066)">
          <package>msdynce_AppCommonAnchor (9.0.21103.10001)</package>
        </Required>
        <Dependent type="80" schemaName="ovs_TDGPlanner" displayName="TDG Planner / Planificateur TMD" />
      </MissingDependency>
      <MissingDependency>
        <Required type="10" schemaName="msdyn_incidenttype_requirementgroup_incident" displayName="msdyn_incidenttype_requirementgroup_incident" parentSchemaName="msdyn_incidenttype" parentDisplayName="Incident Type" solution="FieldService (8.8.0.88)">
          <package>FieldService_Anchor (8.8.54.21)</package>
        </Required>
        <Dependent type="60" displayName="Information" parentDisplayName="Incident Type" id="{4cbf19c2-8998-4fcf-b1a1-19a983797396}" />
      </MissingDependency>
      <MissingDependency>
        <Required type="10" schemaName="msdyn_msdyn_incidenttype_msdyn_incidenttypecharacteristic_IncidentType" displayName="msdyn_msdyn_incidenttype_msdyn_incidenttypecharacteristic_IncidentType" parentSchemaName="msdyn_incidenttype" parentDisplayName="Incident Type" solution="FieldService (8.8.0.88)">
          <package>FieldService_Anchor (8.8.54.21)</package>
        </Required>
        <Dependent type="60" displayName="Information" parentDisplayName="Incident Type" id="{4cbf19c2-8998-4fcf-b1a1-19a983797396}" />
      </MissingDependency>
      <MissingDependency>
        <Required type="10" schemaName="msdyn_msdyn_incidenttype_msdyn_incidenttypeproduct_IncidentType" displayName="msdyn_msdyn_incidenttype_msdyn_incidenttypeproduct_IncidentType" parentSchemaName="msdyn_incidenttype" parentDisplayName="Incident Type" solution="FieldService (8.8.0.88)">
          <package>FieldService_Anchor (8.8.54.21)</package>
        </Required>
        <Dependent type="60" displayName="Information" parentDisplayName="Incident Type" id="{4cbf19c2-8998-4fcf-b1a1-19a983797396}" />
      </MissingDependency>
      <MissingDependency>
        <Required type="10" schemaName="msdyn_msdyn_incidenttype_msdyn_incidenttyperesolution_IncidentType" displayName="msdyn_msdyn_incidenttype_msdyn_incidenttyperesolution_IncidentType" parentSchemaName="msdyn_incidenttype" parentDisplayName="Incident Type" solution="msdyn_FieldService_patch_update (8.8.54.21)">
          <package>FieldService_Anchor (8.8.54.21)</package>
        </Required>
        <Dependent type="60" displayName="Information" parentDisplayName="Incident Type" id="{4cbf19c2-8998-4fcf-b1a1-19a983797396}" />
      </MissingDependency>
      <MissingDependency>
        <Required type="10" schemaName="msdyn_msdyn_incidenttype_msdyn_incidenttypeservice_IncidentType" displayName="msdyn_msdyn_incidenttype_msdyn_incidenttypeservice_IncidentType" parentSchemaName="msdyn_incidenttype" parentDisplayName="Incident Type" solution="FieldService (8.8.0.88)">
          <package>FieldService_Anchor (8.8.54.21)</package>
        </Required>
        <Dependent type="60" displayName="Information" parentDisplayName="Incident Type" id="{4cbf19c2-8998-4fcf-b1a1-19a983797396}" />
      </MissingDependency>
      <MissingDependency>
        <Required type="10" schemaName="msdyn_msdyn_incidenttype_msdyn_incidenttypeservicetask_IncidentType" displayName="msdyn_msdyn_incidenttype_msdyn_incidenttypeservicetask_IncidentType" parentSchemaName="msdyn_incidenttype" parentDisplayName="Incident Type" solution="FieldService (8.8.0.88)">
          <package>FieldService_Anchor (8.8.54.21)</package>
        </Required>
        <Dependent type="60" displayName="Information" parentDisplayName="Incident Type" id="{4cbf19c2-8998-4fcf-b1a1-19a983797396}" />
      </MissingDependency>
      <MissingDependency>
        <Required type="10" schemaName="msdyn_msdyn_workordertype_msdyn_incidenttype_DefaultWorkOrderType" displayName="msdyn_msdyn_workordertype_msdyn_incidenttype_DefaultWorkOrderType" parentSchemaName="msdyn_workordertype" parentDisplayName="Work Order Type" solution="FieldService (8.8.0.88)">
          <package>FieldService_Anchor (8.8.54.21)</package>
        </Required>
        <Dependent type="60" displayName="Information" parentDisplayName="Incident Type" id="{4cbf19c2-8998-4fcf-b1a1-19a983797396}" />
      </MissingDependency>
      <MissingDependency>
        <Required type="10" schemaName="ovs_msdyn_servicetasktype_Questionnaire_ovs_Q" displayName="ovs_msdyn_servicetasktype_Questionnaire_ovs_Q" parentSchemaName="ovs_questionnaire" parentDisplayName="Questionnaire" solution="Active" />
        <Dependent type="60" displayName="TDG Service Task Type" parentDisplayName="Service Task Type" id="{a86b0d9c-3802-4fed-9a93-c27c6ddbac15}" />
      </MissingDependency>
      <MissingDependency>
        <Required type="2" schemaName="msdyn_copyincidentitemstoagreement" displayName="Copy Incident Items to Agreement" parentSchemaName="msdyn_incidenttype" parentDisplayName="Incident Type" solution="FieldService (8.8.0.88)">
          <package>FieldService_Anchor (8.8.54.21)</package>
        </Required>
        <Dependent type="60" displayName="Information" parentDisplayName="Incident Type" id="{4cbf19c2-8998-4fcf-b1a1-19a983797396}" />
      </MissingDependency>
      <MissingDependency>
        <Required type="2" schemaName="msdyn_defaultworkordertype" displayName="Default Work Order Type" parentSchemaName="msdyn_incidenttype" parentDisplayName="Incident Type" solution="FieldService (8.8.0.88)">
          <package>FieldService_Anchor (8.8.54.21)</package>
        </Required>
        <Dependent type="60" displayName="Information" parentDisplayName="Incident Type" id="{4cbf19c2-8998-4fcf-b1a1-19a983797396}" />
      </MissingDependency>
      <MissingDependency>
        <Required type="2" schemaName="msdyn_description" displayName="Description" parentSchemaName="msdyn_incidenttype" parentDisplayName="Incident Type" solution="FieldService (8.8.0.88)">
          <package>FieldService_Anchor (8.8.54.21)</package>
        </Required>
        <Dependent type="60" displayName="Information" parentDisplayName="Incident Type" id="{4cbf19c2-8998-4fcf-b1a1-19a983797396}" />
      </MissingDependency>
      <MissingDependency>
        <Required type="2" schemaName="msdyn_estimatedduration" displayName="Estimated Duration" parentSchemaName="msdyn_incidenttype" parentDisplayName="Incident Type" solution="FieldService (8.8.0.88)">
          <package>FieldService_Anchor (8.8.54.21)</package>
        </Required>
        <Dependent type="60" displayName="Information" parentDisplayName="Incident Type" id="{4cbf19c2-8998-4fcf-b1a1-19a983797396}" />
      </MissingDependency>
      <MissingDependency>
        <Required type="2" schemaName="msdyn_incidenttypeid" displayName="Incident Type" parentSchemaName="msdyn_incidenttype" parentDisplayName="Incident Type" solution="FieldService (8.8.0.88)">
          <package>FieldService_Anchor (8.8.54.21)</package>
        </Required>
        <Dependent type="26" schemaName="Active Incident Types" displayName="Active Incident Types" parentSchemaName="msdyn_incidenttype" parentDisplayName="Incident Type" id="{467a8f92-753b-485e-8ba9-13de8b7cb3a7}" />
      </MissingDependency>
      <MissingDependency>
        <Required type="2" schemaName="msdyn_incidenttypeid" displayName="Incident Type" parentSchemaName="msdyn_incidenttype" parentDisplayName="Incident Type" solution="FieldService (8.8.0.88)">
          <package>FieldService_Anchor (8.8.54.21)</package>
        </Required>
        <Dependent type="26" schemaName="Allow On Work Order Lookup" displayName="Allow On Work Order Lookup" parentSchemaName="msdyn_incidenttype" parentDisplayName="Incident Type" id="{82e357fe-4361-e111-ac14-000c2959f9b8}" />
      </MissingDependency>
      <MissingDependency>
        <Required type="2" schemaName="msdyn_incidenttypeid" displayName="Incident Type" parentSchemaName="msdyn_incidenttype" parentDisplayName="Incident Type" solution="FieldService (8.8.0.88)">
          <package>FieldService_Anchor (8.8.54.21)</package>
        </Required>
        <Dependent type="26" schemaName="Inactive Incident Types" displayName="Inactive Incident Types" parentSchemaName="msdyn_incidenttype" parentDisplayName="Incident Type" id="{d55234c3-d2df-45d1-ab39-2274047d84c9}" />
      </MissingDependency>
      <MissingDependency>
        <Required type="2" schemaName="msdyn_lastcalculatedtime" displayName="Last Calculated Time" parentSchemaName="msdyn_incidenttype" parentDisplayName="Incident Type" solution="FieldService (8.8.0.88)">
          <package>FieldService_Anchor (8.8.54.21)</package>
        </Required>
        <Dependent type="60" displayName="Information" parentDisplayName="Incident Type" id="{4cbf19c2-8998-4fcf-b1a1-19a983797396}" />
      </MissingDependency>
      <MissingDependency>
        <Required type="2" schemaName="msdyn_name" displayName="Name" parentSchemaName="msdyn_incidenttype" parentDisplayName="Incident Type" solution="FieldService (8.8.0.88)">
          <package>FieldService_Anchor (8.8.54.21)</package>
        </Required>
        <Dependent type="26" schemaName="Active Incident Types" displayName="Active Incident Types" parentSchemaName="msdyn_incidenttype" parentDisplayName="Incident Type" id="{467a8f92-753b-485e-8ba9-13de8b7cb3a7}" />
      </MissingDependency>
      <MissingDependency>
        <Required type="2" schemaName="msdyn_name" displayName="Name" parentSchemaName="msdyn_incidenttype" parentDisplayName="Incident Type" solution="FieldService (8.8.0.88)">
          <package>FieldService_Anchor (8.8.54.21)</package>
        </Required>
        <Dependent type="26" schemaName="Allow On Work Order Lookup" displayName="Allow On Work Order Lookup" parentSchemaName="msdyn_incidenttype" parentDisplayName="Incident Type" id="{82e357fe-4361-e111-ac14-000c2959f9b8}" />
      </MissingDependency>
      <MissingDependency>
        <Required type="2" schemaName="msdyn_name" displayName="Name" parentSchemaName="msdyn_incidenttype" parentDisplayName="Incident Type" solution="FieldService (8.8.0.88)">
          <package>FieldService_Anchor (8.8.54.21)</package>
        </Required>
        <Dependent type="26" schemaName="Inactive Incident Types" displayName="Inactive Incident Types" parentSchemaName="msdyn_incidenttype" parentDisplayName="Incident Type" id="{d55234c3-d2df-45d1-ab39-2274047d84c9}" />
      </MissingDependency>
      <MissingDependency>
        <Required type="2" schemaName="msdyn_name" displayName="Name" parentSchemaName="msdyn_incidenttype" parentDisplayName="Incident Type" solution="FieldService (8.8.0.88)">
          <package>FieldService_Anchor (8.8.54.21)</package>
        </Required>
        <Dependent type="60" displayName="Information" parentDisplayName="Incident Type" id="{4cbf19c2-8998-4fcf-b1a1-19a983797396}" />
      </MissingDependency>
      <MissingDependency>
        <Required type="2" schemaName="msdyn_suggestedduration" displayName="Suggested Duration" parentSchemaName="msdyn_incidenttype" parentDisplayName="Incident Type" solution="FieldService (8.8.0.88)">
          <package>FieldService_Anchor (8.8.54.21)</package>
        </Required>
        <Dependent type="60" displayName="Information" parentDisplayName="Incident Type" id="{4cbf19c2-8998-4fcf-b1a1-19a983797396}" />
      </MissingDependency>
      <MissingDependency>
        <Required type="2" schemaName="ovs_incidenttypenameenglish" displayName="Incident Type Name (English)" parentSchemaName="msdyn_incidenttype" parentDisplayName="Incident Type" solution="Active" />
        <Dependent type="60" displayName="Information" parentDisplayName="Incident Type" id="{4cbf19c2-8998-4fcf-b1a1-19a983797396}" />
      </MissingDependency>
      <MissingDependency>
        <Required type="2" schemaName="ovs_incidenttypenamefrench" displayName="Incident Type Name (French)" parentSchemaName="msdyn_incidenttype" parentDisplayName="Incident Type" solution="Active" />
        <Dependent type="60" displayName="Information" parentDisplayName="Incident Type" id="{4cbf19c2-8998-4fcf-b1a1-19a983797396}" />
      </MissingDependency>
      <MissingDependency>
        <Required type="2" schemaName="ownerid" displayName="Owner" parentSchemaName="msdyn_incidenttype" parentDisplayName="Incident Type" solution="Active" />
        <Dependent type="60" displayName="Information" parentDisplayName="Incident Type" id="{4cbf19c2-8998-4fcf-b1a1-19a983797396}" />
      </MissingDependency>
      <MissingDependency>
        <Required type="2" schemaName="statecode" displayName="Status" parentSchemaName="msdyn_incidenttype" parentDisplayName="Incident Type" solution="FieldService (8.8.0.88)">
          <package>FieldService_Anchor (8.8.54.21)</package>
        </Required>
        <Dependent type="26" schemaName="Active Incident Types" displayName="Active Incident Types" parentSchemaName="msdyn_incidenttype" parentDisplayName="Incident Type" id="{467a8f92-753b-485e-8ba9-13de8b7cb3a7}" />
      </MissingDependency>
      <MissingDependency>
        <Required type="2" schemaName="statecode" displayName="Status" parentSchemaName="msdyn_incidenttype" parentDisplayName="Incident Type" solution="FieldService (8.8.0.88)">
          <package>FieldService_Anchor (8.8.54.21)</package>
        </Required>
        <Dependent type="26" schemaName="Allow On Work Order Lookup" displayName="Allow On Work Order Lookup" parentSchemaName="msdyn_incidenttype" parentDisplayName="Incident Type" id="{82e357fe-4361-e111-ac14-000c2959f9b8}" />
      </MissingDependency>
      <MissingDependency>
        <Required type="2" schemaName="statecode" displayName="Status" parentSchemaName="msdyn_incidenttype" parentDisplayName="Incident Type" solution="FieldService (8.8.0.88)">
          <package>FieldService_Anchor (8.8.54.21)</package>
        </Required>
        <Dependent type="26" schemaName="Inactive Incident Types" displayName="Inactive Incident Types" parentSchemaName="msdyn_incidenttype" parentDisplayName="Incident Type" id="{d55234c3-d2df-45d1-ab39-2274047d84c9}" />
      </MissingDependency>
      <MissingDependency>
        <Required type="2" schemaName="statecode" displayName="Status" parentSchemaName="msdyn_incidenttype" parentDisplayName="Incident Type" solution="FieldService (8.8.0.88)">
          <package>FieldService_Anchor (8.8.54.21)</package>
        </Required>
        <Dependent type="60" displayName="Information" parentDisplayName="Incident Type" id="{4cbf19c2-8998-4fcf-b1a1-19a983797396}" />
      </MissingDependency>
      <MissingDependency>
        <Required type="2" schemaName="msdyn_description" displayName="Description" parentSchemaName="msdyn_incidenttypeservicetask" parentDisplayName="Incident Type Service Task" solution="FieldService (8.8.0.88)">
          <package>FieldService_Anchor (8.8.54.21)</package>
        </Required>
        <Dependent type="26" schemaName="Incident Type Time Tracking Service Tasks" displayName="Incident Type Time Tracking Service Tasks" parentSchemaName="msdyn_incidenttypeservicetask" parentDisplayName="Incident Type Service Task" id="{484e2b51-e617-ec11-b6e7-000d3ae8ef7b}" />
      </MissingDependency>
      <MissingDependency>
        <Required type="2" schemaName="msdyn_incidenttypeservicetaskid" displayName="Incident Type Service Task" parentSchemaName="msdyn_incidenttypeservicetask" parentDisplayName="Incident Type Service Task" solution="FieldService (8.8.0.88)">
          <package>FieldService_Anchor (8.8.54.21)</package>
        </Required>
        <Dependent type="26" schemaName="Incident Type Time Tracking Service Tasks" displayName="Incident Type Time Tracking Service Tasks" parentSchemaName="msdyn_incidenttypeservicetask" parentDisplayName="Incident Type Service Task" id="{484e2b51-e617-ec11-b6e7-000d3ae8ef7b}" />
      </MissingDependency>
      <MissingDependency>
        <Required type="2" schemaName="msdyn_lineorder" displayName="Line Order" parentSchemaName="msdyn_incidenttypeservicetask" parentDisplayName="Incident Type Service Task" solution="FieldService (8.8.0.88)">
          <package>FieldService_Anchor (8.8.54.21)</package>
        </Required>
        <Dependent type="26" schemaName="Incident Type Time Tracking Service Tasks" displayName="Incident Type Time Tracking Service Tasks" parentSchemaName="msdyn_incidenttypeservicetask" parentDisplayName="Incident Type Service Task" id="{484e2b51-e617-ec11-b6e7-000d3ae8ef7b}" />
      </MissingDependency>
      <MissingDependency>
        <Required type="2" schemaName="msdyn_tasktype" displayName="Task Type" parentSchemaName="msdyn_incidenttypeservicetask" parentDisplayName="Incident Type Service Task" solution="FieldService (8.8.0.88)">
          <package>FieldService_Anchor (8.8.54.21)</package>
        </Required>
        <Dependent type="26" schemaName="Incident Type Time Tracking Service Tasks" displayName="Incident Type Time Tracking Service Tasks" parentSchemaName="msdyn_incidenttypeservicetask" parentDisplayName="Incident Type Service Task" id="{484e2b51-e617-ec11-b6e7-000d3ae8ef7b}" />
      </MissingDependency>
      <MissingDependency>
        <Required type="2" schemaName="msdyn_description" displayName="Description" parentSchemaName="msdyn_servicetasktype" parentDisplayName="Service Task Type" solution="FieldService (8.8.0.88)">
          <package>FieldService_Anchor (8.8.54.21)</package>
        </Required>
        <Dependent type="26" schemaName="Active Service Task Types" displayName="Active Service Task Types" parentSchemaName="msdyn_servicetasktype" parentDisplayName="Service Task Type" id="{ae0d8547-6871-4854-91ba-03b0c619dbe1}" />
      </MissingDependency>
      <MissingDependency>
        <Required type="2" schemaName="msdyn_description" displayName="Description" parentSchemaName="msdyn_servicetasktype" parentDisplayName="Service Task Type" solution="FieldService (8.8.0.88)">
          <package>FieldService_Anchor (8.8.54.21)</package>
        </Required>
        <Dependent type="60" displayName="TDG Service Task Type" parentDisplayName="Service Task Type" id="{a86b0d9c-3802-4fed-9a93-c27c6ddbac15}" />
      </MissingDependency>
      <MissingDependency>
        <Required type="2" schemaName="msdyn_estimatedduration" displayName="Estimated Duration" parentSchemaName="msdyn_servicetasktype" parentDisplayName="Service Task Type" solution="FieldService (8.8.0.88)">
          <package>FieldService_Anchor (8.8.54.21)</package>
        </Required>
        <Dependent type="60" displayName="TDG Service Task Type" parentDisplayName="Service Task Type" id="{a86b0d9c-3802-4fed-9a93-c27c6ddbac15}" />
      </MissingDependency>
      <MissingDependency>
        <Required type="2" schemaName="msdyn_name" displayName="Name" parentSchemaName="msdyn_servicetasktype" parentDisplayName="Service Task Type" solution="FieldService (8.8.0.88)">
          <package>FieldService_Anchor (8.8.54.21)</package>
        </Required>
        <Dependent type="26" schemaName="Active Service Task Types" displayName="Active Service Task Types" parentSchemaName="msdyn_servicetasktype" parentDisplayName="Service Task Type" id="{ae0d8547-6871-4854-91ba-03b0c619dbe1}" />
      </MissingDependency>
      <MissingDependency>
        <Required type="2" schemaName="msdyn_name" displayName="Name" parentSchemaName="msdyn_servicetasktype" parentDisplayName="Service Task Type" solution="FieldService (8.8.0.88)">
          <package>FieldService_Anchor (8.8.54.21)</package>
        </Required>
        <Dependent type="60" displayName="TDG Service Task Type" parentDisplayName="Service Task Type" id="{a86b0d9c-3802-4fed-9a93-c27c6ddbac15}" />
      </MissingDependency>
      <MissingDependency>
        <Required type="2" schemaName="msdyn_servicetasktypeid" displayName="Service Task Type" parentSchemaName="msdyn_servicetasktype" parentDisplayName="Service Task Type" solution="FieldService (8.8.0.88)">
          <package>FieldService_Anchor (8.8.54.21)</package>
        </Required>
        <Dependent type="26" schemaName="Active Service Task Types" displayName="Active Service Task Types" parentSchemaName="msdyn_servicetasktype" parentDisplayName="Service Task Type" id="{ae0d8547-6871-4854-91ba-03b0c619dbe1}" />
      </MissingDependency>
      <MissingDependency>
        <Required type="2" schemaName="ovs_questionnaire" displayName="Questionnaire" parentSchemaName="msdyn_servicetasktype" parentDisplayName="Service Task Type" solution="Active" />
        <Dependent type="60" displayName="TDG Service Task Type" parentDisplayName="Service Task Type" id="{a86b0d9c-3802-4fed-9a93-c27c6ddbac15}" />
      </MissingDependency>
      <MissingDependency>
        <Required type="2" schemaName="ovs_servicetasktypenameenglish" displayName="Service Task Type Name (English)" parentSchemaName="msdyn_servicetasktype" parentDisplayName="Service Task Type" solution="Active" />
        <Dependent type="60" displayName="TDG Service Task Type" parentDisplayName="Service Task Type" id="{a86b0d9c-3802-4fed-9a93-c27c6ddbac15}" />
      </MissingDependency>
      <MissingDependency>
        <Required type="2" schemaName="ovs_servicetasktypenamefrench" displayName="Service Task Type Name (French)" parentSchemaName="msdyn_servicetasktype" parentDisplayName="Service Task Type" solution="Active" />
        <Dependent type="60" displayName="TDG Service Task Type" parentDisplayName="Service Task Type" id="{a86b0d9c-3802-4fed-9a93-c27c6ddbac15}" />
      </MissingDependency>
      <MissingDependency>
        <Required type="2" schemaName="ownerid" displayName="Owner" parentSchemaName="msdyn_servicetasktype" parentDisplayName="Service Task Type" solution="Active" />
        <Dependent type="60" displayName="TDG Service Task Type" parentDisplayName="Service Task Type" id="{a86b0d9c-3802-4fed-9a93-c27c6ddbac15}" />
      </MissingDependency>
      <MissingDependency>
        <Required type="2" schemaName="statecode" displayName="Status" parentSchemaName="msdyn_servicetasktype" parentDisplayName="Service Task Type" solution="FieldService (8.8.0.88)">
          <package>FieldService_Anchor (8.8.54.21)</package>
        </Required>
        <Dependent type="26" schemaName="Active Service Task Types" displayName="Active Service Task Types" parentSchemaName="msdyn_servicetasktype" parentDisplayName="Service Task Type" id="{ae0d8547-6871-4854-91ba-03b0c619dbe1}" />
      </MissingDependency>
      <MissingDependency>
        <Required type="2" schemaName="statecode" displayName="Status" parentSchemaName="msdyn_servicetasktype" parentDisplayName="Service Task Type" solution="FieldService (8.8.0.88)">
          <package>FieldService_Anchor (8.8.54.21)</package>
        </Required>
        <Dependent type="60" displayName="TDG Service Task Type" parentDisplayName="Service Task Type" id="{a86b0d9c-3802-4fed-9a93-c27c6ddbac15}" />
      </MissingDependency>
      <MissingDependency>
        <Required type="20" displayName="TDG Manager" solution="Active" id="{545418f6-d089-eb11-b1ac-000d3ae92dbf}" />
        <Dependent type="60" displayName="TDG Service Task Type" parentDisplayName="Service Task Type" id="{a86b0d9c-3802-4fed-9a93-c27c6ddbac15}" />
      </MissingDependency>
      <MissingDependency>
        <Required type="20" displayName="TDG Analyst" solution="Active" id="{6ba72790-cf89-eb11-b1ac-000d3ae92dbf}" />
        <Dependent type="60" displayName="TDG Service Task Type" parentDisplayName="Service Task Type" id="{a86b0d9c-3802-4fed-9a93-c27c6ddbac15}" />
      </MissingDependency>
      <MissingDependency>
        <Required type="20" displayName="TDG Inspector" solution="Active" id="{de8e34ea-d189-eb11-b1ac-000d3ae92dbf}" />
        <Dependent type="60" displayName="TDG Service Task Type" parentDisplayName="Service Task Type" id="{a86b0d9c-3802-4fed-9a93-c27c6ddbac15}" />
      </MissingDependency>
      <MissingDependency>
        <Required type="26" schemaName="Non-Justice Canada Legislations" displayName="Non-Justice Canada Legislations" parentSchemaName="qm_rclegislation" parentDisplayName="Legislation" solution="Active" id="{011a0fd4-5f6a-eb11-a812-000d3a841b3b}" />
        <Dependent type="80" schemaName="ovs_TDGPlanner" displayName="TDG Planner / Planificateur TMD" />
      </MissingDependency>
      <MissingDependency>
        <Required type="26" schemaName="Inspection - Work Order Service Task View" displayName="Inspection - Work Order Service Task View" parentSchemaName="msdyn_workorderservicetask" parentDisplayName="Work Order Service Task" solution="FieldService (8.8.0.88)" id="{063662d0-db4c-e111-93b3-000c2959f9b8}">
          <package>FieldService_Anchor (8.8.54.21)</package>
        </Required>
        <Dependent type="80" schemaName="ovs_TDGPlanner" displayName="TDG Planner / Planificateur TMD" />
      </MissingDependency>
      <MissingDependency>
        <Required type="26" schemaName="Legislation Advanced Find View" displayName="Legislation Advanced Find View" parentSchemaName="qm_rclegislation" parentDisplayName="Legislation" solution="Active" id="{07b35bc7-8776-4f13-bc1b-204170d505f6}" />
        <Dependent type="80" schemaName="ovs_TDGPlanner" displayName="TDG Planner / Planificateur TMD" />
      </MissingDependency>
      <MissingDependency>
        <Required type="26" schemaName="Question Associated View" displayName="Question Associated View" parentSchemaName="qm_syquestion" parentDisplayName="Template Question" solution="Active" id="{0add5619-3558-41fb-b935-8ab879c9b962}" />
        <Dependent type="80" schemaName="ovs_TDGPlanner" displayName="TDG Planner / Planificateur TMD" />
      </MissingDependency>
      <MissingDependency>
        <Required type="26" schemaName="Active Rationales" displayName="Active Rationales" parentSchemaName="ovs_tyrational" parentDisplayName="Rationale" solution="Active" id="{17786813-cdb4-48c7-936e-8c732f0dd498}" />
        <Dependent type="80" schemaName="ovs_TDGPlanner" displayName="TDG Planner / Planificateur TMD" />
      </MissingDependency>
      <MissingDependency>
        <Required type="26" schemaName="Active Operation Types" displayName="Active Operation Types" parentSchemaName="ovs_operationtype" parentDisplayName="Operation Type" solution="Active" id="{197a1f2c-de05-4771-a10e-12478a08c99e}" />
        <Dependent type="80" schemaName="ovs_TDGPlanner" displayName="TDG Planner / Planificateur TMD" />
      </MissingDependency>
      <MissingDependency>
        <Required type="26" schemaName="Incident Type Products" displayName="Incident Type Products" parentSchemaName="msdyn_incidenttypeproduct" parentDisplayName="Incident Type Product" solution="FieldService (8.8.0.88)" id="{1d107111-3e89-e111-84bf-000c2959f9b8}">
          <package>FieldService_Anchor (8.8.54.21)</package>
        </Required>
        <Dependent type="60" displayName="Information" parentDisplayName="Incident Type" id="{4cbf19c2-8998-4fcf-b1a1-19a983797396}" />
      </MissingDependency>
      <MissingDependency>
        <Required type="26" schemaName="My Safety Assessments" displayName="My Safety Assessments" parentSchemaName="ovs_cysafetyassessment" parentDisplayName="Safety Assessment" solution="Active" id="{1d8db8c4-42cd-eb11-bacc-0022483c0d29}" />
        <Dependent type="80" schemaName="ovs_TDGPlanner" displayName="TDG Planner / Planificateur TMD" />
      </MissingDependency>
      <MissingDependency>
        <Required type="26" schemaName="TDG Act" displayName="TDG Act" parentSchemaName="qm_rclegislation" parentDisplayName="Legislation" solution="Active" id="{270fa29b-59be-eb11-bacc-0022483bbdb7}" />
        <Dependent type="80" schemaName="ovs_TDGPlanner" displayName="TDG Planner / Planificateur TMD" />
      </MissingDependency>
      <MissingDependency>
        <Required type="26" schemaName="Safety Assessment Lookup View" displayName="Safety Assessment Lookup View" parentSchemaName="ovs_cysafetyassessment" parentDisplayName="Safety Assessment" solution="Active" id="{28db6631-4a50-4cc1-b95a-3730f6313cb4}" />
        <Dependent type="80" schemaName="ovs_TDGPlanner" displayName="TDG Planner / Planificateur TMD" />
      </MissingDependency>
      <MissingDependency>
        <Required type="26" schemaName="Legislation Lookup View" displayName="Legislation Lookup View" parentSchemaName="qm_rclegislation" parentDisplayName="Legislation" solution="Active" id="{3544ca89-0b3b-4456-8918-494df3b1cd1c}" />
        <Dependent type="80" schemaName="ovs_TDGPlanner" displayName="TDG Planner / Planificateur TMD" />
      </MissingDependency>
      <MissingDependency>
        <Required type="26" schemaName="Question Lookup View" displayName="Question Lookup View" parentSchemaName="qm_syquestion" parentDisplayName="Template Question" solution="Active" id="{37036626-3a26-46ac-b172-f2ed83a9bb8f}" />
        <Dependent type="80" schemaName="ovs_TDGPlanner" displayName="TDG Planner / Planificateur TMD" />
      </MissingDependency>
      <MissingDependency>
        <Required type="26" schemaName="Active Legislation Sources" displayName="Active Legislation Sources" parentSchemaName="qm_tylegislationsource" parentDisplayName="Legislation Source" solution="Active" id="{3e6a514c-8b94-40c5-ac8f-1e3158f1f15e}" />
        <Dependent type="80" schemaName="ovs_TDGPlanner" displayName="TDG Planner / Planificateur TMD" />
      </MissingDependency>
      <MissingDependency>
        <Required type="26" schemaName="My Inspection Reports" displayName="My Inspection Reports" parentSchemaName="ovs_tdginspectionreport" parentDisplayName="TDG Inspection Report" solution="Active" id="{3f0e8ed5-3acd-eb11-bacc-0022483c0d29}" />
        <Dependent type="80" schemaName="ovs_TDGPlanner" displayName="TDG Planner / Planificateur TMD" />
      </MissingDependency>
      <MissingDependency>
        <Required type="26" schemaName="Active Incident Type Characteristics" displayName="Active Incident Type Characteristics" parentSchemaName="msdyn_incidenttypecharacteristic" parentDisplayName="Incident Type Characteristic" solution="FieldService (8.8.0.88)" id="{40598937-fd00-4052-bdc2-2ddaa6948e45}">
          <package>FieldService_Anchor (8.8.54.21)</package>
        </Required>
        <Dependent type="60" displayName="Information" parentDisplayName="Incident Type" id="{4cbf19c2-8998-4fcf-b1a1-19a983797396}" />
      </MissingDependency>
      <MissingDependency>
        <Required type="26" schemaName="Legislation Associated View" displayName="Legislation Associated View" parentSchemaName="qm_rclegislation" parentDisplayName="Legislation" solution="Active" id="{42a0f461-28d8-41a1-985b-39740ce5e539}" />
        <Dependent type="80" schemaName="ovs_TDGPlanner" displayName="TDG Planner / Planificateur TMD" />
      </MissingDependency>
      <MissingDependency>
        <Required type="26" schemaName="All ROM Safety Assessments" displayName="All ROM Safety Assessments" parentSchemaName="ovs_cysafetyassessment" parentDisplayName="Safety Assessment" solution="Active" id="{43d03694-3dcd-eb11-bacc-0022483c0d29}" />
        <Dependent type="80" schemaName="ovs_TDGPlanner" displayName="TDG Planner / Planificateur TMD" />
      </MissingDependency>
      <MissingDependency>
        <Required type="26" schemaName="Active Incident Types" displayName="Active Incident Types" parentSchemaName="msdyn_incidenttype" parentDisplayName="Incident Type" solution="FieldService (8.8.0.88)" id="{467a8f92-753b-485e-8ba9-13de8b7cb3a7}">
          <package>FieldService_Anchor (8.8.54.21)</package>
        </Required>
        <Dependent type="26" schemaName="Active Incident Types" displayName="Active Incident Types" parentSchemaName="msdyn_incidenttype" parentDisplayName="Incident Type" id="{467a8f92-753b-485e-8ba9-13de8b7cb3a7}" />
      </MissingDependency>
      <MissingDependency>
        <Required type="26" schemaName="Active Legislations" displayName="Active Legislations" parentSchemaName="qm_rclegislation" parentDisplayName="Legislation" solution="Active" id="{4797655a-2612-4c5d-81be-a514900a38ea}" />
        <Dependent type="80" schemaName="ovs_TDGPlanner" displayName="TDG Planner / Planificateur TMD" />
      </MissingDependency>
      <MissingDependency>
        <Required type="26" schemaName="Safety Assessment Advanced Find View" displayName="Safety Assessment Advanced Find View" parentSchemaName="ovs_cysafetyassessment" parentDisplayName="Safety Assessment" solution="Active" id="{4b4548a2-7a1c-4f35-a58b-98a27848b1f9}" />
        <Dependent type="80" schemaName="ovs_TDGPlanner" displayName="TDG Planner / Planificateur TMD" />
      </MissingDependency>
      <MissingDependency>
        <Required type="26" schemaName="Inactive Legislations" displayName="Inactive Legislations" parentSchemaName="qm_rclegislation" parentDisplayName="Legislation" solution="Active" id="{507587e8-de35-4db7-9781-fe2ed36f6c1c}" />
        <Dependent type="80" schemaName="ovs_TDGPlanner" displayName="TDG Planner / Planificateur TMD" />
      </MissingDependency>
      <MissingDependency>
        <Required type="26" schemaName="Inactive Legislation Sources" displayName="Inactive Legislation Sources" parentSchemaName="qm_tylegislationsource" parentDisplayName="Legislation Source" solution="Active" id="{5481e4be-5cc1-459e-b7b8-f72c0282f7c1}" />
        <Dependent type="80" schemaName="ovs_TDGPlanner" displayName="TDG Planner / Planificateur TMD" />
      </MissingDependency>
      <MissingDependency>
        <Required type="26" schemaName="Question Advanced Find View" displayName="Question Advanced Find View" parentSchemaName="qm_syquestion" parentDisplayName="Template Question" solution="Active" id="{5ca7f434-c1c7-4f55-98af-05a1cdcb97cd}" />
        <Dependent type="80" schemaName="ovs_TDGPlanner" displayName="TDG Planner / Planificateur TMD" />
      </MissingDependency>
      <MissingDependency>
        <Required type="26" schemaName="Active Incident Type Products" displayName="Active Incident Type Products" parentSchemaName="msdyn_incidenttypeproduct" parentDisplayName="Incident Type Product" solution="FieldService (8.8.0.88)" id="{5f279b67-01a1-4869-8e56-67f7e713510d}">
          <package>FieldService_Anchor (8.8.54.21)</package>
        </Required>
        <Dependent type="60" displayName="Information" parentDisplayName="Incident Type" id="{4cbf19c2-8998-4fcf-b1a1-19a983797396}" />
      </MissingDependency>
      <MissingDependency>
        <Required type="26" schemaName="TDG Standards" displayName="TDG Standards" parentSchemaName="qm_rclegislation" parentDisplayName="Legislation" solution="Active" id="{64e2846d-59be-eb11-bacc-0022483bbdb7}" />
        <Dependent type="80" schemaName="ovs_TDGPlanner" displayName="TDG Planner / Planificateur TMD" />
      </MissingDependency>
      <MissingDependency>
        <Required type="26" schemaName="Active Incident Type Resolutions" displayName="Active Incident Type Resolutions" parentSchemaName="msdyn_incidenttyperesolution" parentDisplayName="Incident Type Resolution" solution="msdyn_FieldService_patch_update (8.8.54.21)" id="{68e819d8-bce6-4203-afc9-94dd9ce815d9}">
          <package>FieldService_Anchor (8.8.54.21)</package>
        </Required>
        <Dependent type="60" displayName="Information" parentDisplayName="Incident Type" id="{4cbf19c2-8998-4fcf-b1a1-19a983797396}" />
      </MissingDependency>
      <MissingDependency>
        <Required type="26" schemaName="Sites" displayName="Sites" parentSchemaName="account" parentDisplayName="Account" solution="Active" id="{7c363e5f-5bd4-eb11-bacc-000d3af3999c}" />
        <Dependent type="80" schemaName="ovs_TDGPlanner" displayName="TDG Planner / Planificateur TMD" />
      </MissingDependency>
      <MissingDependency>
        <Required type="26" schemaName="Allow On Work Order Lookup" displayName="Allow On Work Order Lookup" parentSchemaName="msdyn_incidenttype" parentDisplayName="Incident Type" solution="FieldService (8.8.0.88)" id="{82e357fe-4361-e111-ac14-000c2959f9b8}">
          <package>FieldService_Anchor (8.8.54.21)</package>
        </Required>
        <Dependent type="26" schemaName="Allow On Work Order Lookup" displayName="Allow On Work Order Lookup" parentSchemaName="msdyn_incidenttype" parentDisplayName="Incident Type" id="{82e357fe-4361-e111-ac14-000c2959f9b8}" />
      </MissingDependency>
      <MissingDependency>
        <Required type="26" schemaName="Incident Type Services" displayName="Incident Type Services" parentSchemaName="msdyn_incidenttypeservice" parentDisplayName="Incident Type Service" solution="FieldService (8.8.0.88)" id="{835ee191-3e89-e111-84bf-000c2959f9b8}">
          <package>FieldService_Anchor (8.8.54.21)</package>
        </Required>
        <Dependent type="60" displayName="Information" parentDisplayName="Incident Type" id="{4cbf19c2-8998-4fcf-b1a1-19a983797396}" />
      </MissingDependency>
      <MissingDependency>
        <Required type="26" schemaName="Incident Type Service Tasks" displayName="Incident Type Service Tasks" parentSchemaName="msdyn_incidenttypeservicetask" parentDisplayName="Incident Type Service Task" solution="FieldService (8.8.0.88)" id="{87c95118-e63d-e111-9bb9-00155d28960b}">
          <package>FieldService_Anchor (8.8.54.21)</package>
        </Required>
        <Dependent type="60" displayName="Information" parentDisplayName="Incident Type" id="{4cbf19c2-8998-4fcf-b1a1-19a983797396}" />
      </MissingDependency>
      <MissingDependency>
        <Required type="26" schemaName="Violations" displayName="Violations" parentSchemaName="qm_syresult" parentDisplayName="Violation" solution="Active" id="{8907b66d-f15f-eb11-a812-000d3a84fd7b}" />
        <Dependent type="80" schemaName="ovs_TDGPlanner" displayName="TDG Planner / Planificateur TMD" />
      </MissingDependency>
      <MissingDependency>
        <Required type="26" schemaName="Parent Companies" displayName="Parent Companies" parentSchemaName="account" parentDisplayName="Account" solution="Active" id="{8965dc8d-460a-eb11-a813-000d3af3a7a7}" />
        <Dependent type="80" schemaName="ovs_TDGPlanner" displayName="TDG Planner / Planificateur TMD" />
      </MissingDependency>
      <MissingDependency>
        <Required type="26" schemaName="Inactive Rationales" displayName="Inactive Rationales" parentSchemaName="ovs_tyrational" parentDisplayName="Rationale" solution="Active" id="{8abe6ee2-1690-407f-85f2-51fd613d0b6e}" />
        <Dependent type="80" schemaName="ovs_TDGPlanner" displayName="TDG Planner / Planificateur TMD" />
      </MissingDependency>
      <MissingDependency>
        <Required type="26" schemaName="Work Order Type Lookup View" displayName="Work Order Type Lookup View" parentSchemaName="msdyn_workordertype" parentDisplayName="Work Order Type" solution="FieldService (8.8.0.88)" id="{8f0514ca-d271-46cc-b531-41791c56949a}">
          <package>FieldService_Anchor (8.8.54.21)</package>
        </Required>
        <Dependent type="80" schemaName="ovs_TDGPlanner" displayName="TDG Planner / Planificateur TMD" />
      </MissingDependency>
      <MissingDependency>
        <Required type="26" schemaName="National Work Orders (Planner)" displayName="National Work Orders (Planner)" parentSchemaName="msdyn_workorder" parentDisplayName="Work Order" solution="Active" id="{94d30c03-52d4-eb11-bacc-000d3af38cd4}" />
        <Dependent type="80" schemaName="ovs_TDGPlanner" displayName="TDG Planner / Planificateur TMD" />
      </MissingDependency>
      <MissingDependency>
        <Required type="26" schemaName="Active Service Task Types" displayName="Active Service Task Types" parentSchemaName="msdyn_servicetasktype" parentDisplayName="Service Task Type" solution="FieldService (8.8.0.88)" id="{ae0d8547-6871-4854-91ba-03b0c619dbe1}">
          <package>FieldService_Anchor (8.8.54.21)</package>
        </Required>
        <Dependent type="26" schemaName="Active Service Task Types" displayName="Active Service Task Types" parentSchemaName="msdyn_servicetasktype" parentDisplayName="Service Task Type" id="{ae0d8547-6871-4854-91ba-03b0c619dbe1}" />
      </MissingDependency>
      <MissingDependency>
        <Required type="26" schemaName="Legislation Characteristics" displayName="Legislation Characteristics" parentSchemaName="qm_tylegislationcharacteristic" parentDisplayName="Legislation Characteristic" solution="Active" id="{b1230891-1aa0-4d0c-9d11-b9c66319a0f5}" />
        <Dependent type="80" schemaName="ovs_TDGPlanner" displayName="TDG Planner / Planificateur TMD" />
      </MissingDependency>
      <MissingDependency>
        <Required type="26" schemaName="Violations des ordres de travail TMD" displayName="Violations des ordres de travail TMD" parentSchemaName="qm_syresult" parentDisplayName="Violation" solution="Active" id="{b5d1cbcd-806d-eb11-a812-000d3a84129e}" />
        <Dependent type="80" schemaName="ovs_TDGPlanner" displayName="TDG Planner / Planificateur TMD" />
      </MissingDependency>
      <MissingDependency>
        <Required type="26" schemaName="TDG Regions" displayName="TDG Regions" parentSchemaName="territory" parentDisplayName="Region" solution="Active" id="{b6e3caab-ee3b-ec11-8c62-0022483d71b4}" />
        <Dependent type="80" schemaName="ovs_TDGPlanner" displayName="TDG Planner / Planificateur TMD" />
      </MissingDependency>
      <MissingDependency>
        <Required type="26" schemaName="TDG Regulations" displayName="TDG Regulations" parentSchemaName="qm_rclegislation" parentDisplayName="Legislation" solution="Active" id="{bbb6f4db-59be-eb11-bacc-0022483bbdb7}" />
        <Dependent type="80" schemaName="ovs_TDGPlanner" displayName="TDG Planner / Planificateur TMD" />
      </MissingDependency>
      <MissingDependency>
        <Required type="26" schemaName="Inactive Questions" displayName="Inactive Questions" parentSchemaName="qm_syquestion" parentDisplayName="Template Question" solution="Active" id="{c268b7f3-924c-40c4-981e-405e1894c00a}" />
        <Dependent type="80" schemaName="ovs_TDGPlanner" displayName="TDG Planner / Planificateur TMD" />
      </MissingDependency>
      <MissingDependency>
        <Required type="26" schemaName="All Confirmation of Compliances" displayName="All Confirmation of Compliances" parentSchemaName="ovs_confirmationofcompliance" parentDisplayName="Confirmation of Compliance" solution="Active" id="{c7637aa7-47cd-eb11-bacc-0022483c0d29}" />
        <Dependent type="80" schemaName="ovs_TDGPlanner" displayName="TDG Planner / Planificateur TMD" />
      </MissingDependency>
      <MissingDependency>
        <Required type="26" schemaName="TDG Violation Lookup View" displayName="TDG Violation Lookup View" parentSchemaName="qm_syresult" parentDisplayName="Violation" solution="Active" id="{cd29c3b1-776d-eb11-a812-000d3a84129e}" />
        <Dependent type="80" schemaName="ovs_TDGPlanner" displayName="TDG Planner / Planificateur TMD" />
      </MissingDependency>
      <MissingDependency>
        <Required type="26" schemaName="TDG Inspection Report Advanced Find View" displayName="TDG Inspection Report Advanced Find View" parentSchemaName="ovs_tdginspectionreport" parentDisplayName="TDG Inspection Report" solution="Active" id="{d144b2db-91d8-451d-bcd7-fcefaba98989}" />
        <Dependent type="80" schemaName="ovs_TDGPlanner" displayName="TDG Planner / Planificateur TMD" />
      </MissingDependency>
      <MissingDependency>
        <Required type="26" schemaName="Inactive Incident Types" displayName="Inactive Incident Types" parentSchemaName="msdyn_incidenttype" parentDisplayName="Incident Type" solution="FieldService (8.8.0.88)" id="{d55234c3-d2df-45d1-ab39-2274047d84c9}">
          <package>FieldService_Anchor (8.8.54.21)</package>
        </Required>
        <Dependent type="26" schemaName="Inactive Incident Types" displayName="Inactive Incident Types" parentSchemaName="msdyn_incidenttype" parentDisplayName="Incident Type" id="{d55234c3-d2df-45d1-ab39-2274047d84c9}" />
      </MissingDependency>
      <MissingDependency>
        <Required type="26" schemaName="TDG Inspection Report Lookup View" displayName="TDG Inspection Report Lookup View" parentSchemaName="ovs_tdginspectionreport" parentDisplayName="TDG Inspection Report" solution="Active" id="{d902f510-929c-43d3-a797-40336d4262fb}" />
        <Dependent type="80" schemaName="ovs_TDGPlanner" displayName="TDG Planner / Planificateur TMD" />
      </MissingDependency>
      <MissingDependency>
        <Required type="26" schemaName="Published Questionnaires" displayName="Published Questionnaires" parentSchemaName="msdyn_servicetasktype" parentDisplayName="Service Task Type" solution="Active" id="{df26b7fd-067b-eb11-a812-000d3af31cea}" />
        <Dependent type="80" schemaName="ovs_TDGPlanner" displayName="TDG Planner / Planificateur TMD" />
      </MissingDependency>
      <MissingDependency>
        <Required type="26" schemaName="Operation Lookup View" displayName="Operation Lookup View" parentSchemaName="ovs_operation" parentDisplayName="Operation" solution="Active" id="{dfcac278-14e6-45d1-8e67-289f2c7082a1}" />
        <Dependent type="80" schemaName="ovs_TDGPlanner" displayName="TDG Planner / Planificateur TMD" />
      </MissingDependency>
      <MissingDependency>
        <Required type="26" schemaName="Active Incident Type Service Tasks" displayName="Active Incident Type Service Tasks" parentSchemaName="msdyn_incidenttypeservicetask" parentDisplayName="Incident Type Service Task" solution="FieldService (8.8.0.88)" id="{dfd45306-b1d8-438d-8360-ee7b4951868b}">
          <package>FieldService_Anchor (8.8.54.21)</package>
        </Required>
        <Dependent type="60" displayName="Information" parentDisplayName="Incident Type" id="{4cbf19c2-8998-4fcf-b1a1-19a983797396}" />
      </MissingDependency>
      <MissingDependency>
        <Required type="26" schemaName="Active Incident Type Services" displayName="Active Incident Type Services" parentSchemaName="msdyn_incidenttypeservice" parentDisplayName="Incident Type Service" solution="FieldService (8.8.0.88)" id="{e9b76eb8-b8a1-402a-98aa-4126cf897789}">
          <package>FieldService_Anchor (8.8.54.21)</package>
        </Required>
        <Dependent type="60" displayName="Information" parentDisplayName="Incident Type" id="{4cbf19c2-8998-4fcf-b1a1-19a983797396}" />
      </MissingDependency>
      <MissingDependency>
        <Required type="26" schemaName="TDG Inspection Reports" displayName="TDG Inspection Reports" parentSchemaName="ovs_tdginspectionreport" parentDisplayName="TDG Inspection Report" solution="Active" id="{edb20d1c-a7c7-eb11-bacc-000d3af390da}" />
        <Dependent type="80" schemaName="ovs_TDGPlanner" displayName="TDG Planner / Planificateur TMD" />
      </MissingDependency>
      <MissingDependency>
        <Required type="26" schemaName="Active Questions" displayName="Active Questions" parentSchemaName="qm_syquestion" parentDisplayName="Template Question" solution="Active" id="{f2bdda0c-b0e3-46d0-a393-e6c81d725293}" />
        <Dependent type="80" schemaName="ovs_TDGPlanner" displayName="TDG Planner / Planificateur TMD" />
      </MissingDependency>
      <MissingDependency>
        <Required type="60" displayName="Organization Quick View" parentDisplayName="Account" solution="Active" id="{097f6a5f-2777-402a-ba3b-e35fcbfaa145}" />
        <Dependent type="80" schemaName="ovs_TDGPlanner" displayName="TDG Planner / Planificateur TMD" />
      </MissingDependency>
      <MissingDependency>
        <Required type="60" displayName="Account Reference Panel" parentDisplayName="Account" solution="msdynce_AppCommon (9.0.4.0066)" id="{098ae145-1567-41ec-8398-86dbaac70c9b}">
          <package>msdynce_AppCommonAnchor (9.0.21103.10001)</package>
        </Required>
        <Dependent type="80" schemaName="ovs_TDGPlanner" displayName="TDG Planner / Planificateur TMD" />
      </MissingDependency>
      <MissingDependency>
        <Required type="60" displayName="Information" parentDisplayName="Dependency Group" solution="Active" id="{0b32f1f1-4583-4f92-8d38-621bb4bc1516}" />
        <Dependent type="80" schemaName="ovs_TDGPlanner" displayName="TDG Planner / Planificateur TMD" />
      </MissingDependency>
      <MissingDependency>
        <Required type="60" displayName="Accounts Dashboard" parentDisplayName="Account" solution="msdynce_Service (9.0.5.56)" id="{15915835-b87c-49ec-9ffc-bfac3ac44ef1}">
          <package>msdynce_ServiceAnchor (9.0.21111.1006)</package>
        </Required>
        <Dependent type="80" schemaName="ovs_TDGPlanner" displayName="TDG Planner / Planificateur TMD" />
      </MissingDependency>
      <MissingDependency>
        <Required type="60" displayName="TDG Inspectors" parentDisplayName="Bookable Resource" solution="Active" id="{1a8ac070-c043-eb11-a812-000d3af3fc19}" />
        <Dependent type="80" schemaName="ovs_TDGPlanner" displayName="TDG Planner / Planificateur TMD" />
      </MissingDependency>
      <MissingDependency>
        <Required type="60" displayName="TDG Service Task Questionnaire" parentDisplayName="Work Order Service Task" solution="Active" id="{1ee2b1f8-8556-449b-ae68-09d8dc19485f}" />
        <Dependent type="80" schemaName="ovs_TDGPlanner" displayName="TDG Planner / Planificateur TMD" />
      </MissingDependency>
      <MissingDependency>
        <Required type="60" displayName="Contact" parentDisplayName="Contact" solution="msdynce_AppCommon (9.0.4.0066)" id="{1fed44d1-ae68-4a41-bd2b-f13acac4acfa}">
          <package>msdynce_AppCommonAnchor (9.0.21103.10001)</package>
        </Required>
        <Dependent type="80" schemaName="ovs_TDGPlanner" displayName="TDG Planner / Planificateur TMD" />
      </MissingDependency>
      <MissingDependency>
        <Required type="60" displayName="Child Question" parentDisplayName="Template Question" solution="Active" id="{272c3049-fc9f-440a-a257-25df49d2dfea}" />
        <Dependent type="80" schemaName="ovs_TDGPlanner" displayName="TDG Planner / Planificateur TMD" />
      </MissingDependency>
      <MissingDependency>
        <Required type="60" displayName="Organization" parentDisplayName="Account" solution="Active" id="{2dbe9c3a-901a-484d-9e68-8424cd897f8d}" />
        <Dependent type="80" schemaName="ovs_TDGPlanner" displayName="TDG Planner / Planificateur TMD" />
      </MissingDependency>
      <MissingDependency>
        <Required type="60" displayName="Information" parentDisplayName="Violation" solution="Active" id="{32b597ba-53c0-4e9f-8380-9966e14e38df}" />
        <Dependent type="80" schemaName="ovs_TDGPlanner" displayName="TDG Planner / Planificateur TMD" />
      </MissingDependency>
      <MissingDependency>
        <Required type="60" displayName="Information" parentDisplayName="Forecast Quarter" solution="Active" id="{3b51a424-e7d5-477c-8f6c-6e02f21c721a}" />
        <Dependent type="80" schemaName="ovs_TDGPlanner" displayName="TDG Planner / Planificateur TMD" />
      </MissingDependency>
      <MissingDependency>
        <Required type="60" displayName="TDG Organizations" parentDisplayName="Account" solution="Active" id="{444fd031-7381-4a73-a520-2b2fd7ebe013}" />
        <Dependent type="80" schemaName="ovs_TDGPlanner" displayName="TDG Planner / Planificateur TMD" />
      </MissingDependency>
      <MissingDependency>
        <Required type="60" displayName="Information" parentDisplayName="Operation" solution="Active" id="{48b0bc97-525e-4223-928e-8d60329ea9e9}" />
        <Dependent type="80" schemaName="ovs_TDGPlanner" displayName="TDG Planner / Planificateur TMD" />
      </MissingDependency>
      <MissingDependency>
        <Required type="60" displayName="Time Tracking" parentDisplayName="Work Order" solution="Active" id="{4bb96646-1a8e-4911-ac3c-2c9ac4be5a37}" />
        <Dependent type="80" schemaName="ovs_TDGPlanner" displayName="TDG Planner / Planificateur TMD" />
      </MissingDependency>
      <MissingDependency>
        <Required type="60" displayName="Information" parentDisplayName="Incident Type" solution="FieldService (8.8.0.88)" id="{4cbf19c2-8998-4fcf-b1a1-19a983797396}">
          <package>FieldService_Anchor (8.8.54.21)</package>
        </Required>
        <Dependent type="60" displayName="Information" parentDisplayName="Incident Type" id="{4cbf19c2-8998-4fcf-b1a1-19a983797396}" />
      </MissingDependency>
      <MissingDependency>
        <Required type="60" displayName="Information" parentDisplayName="Dependency Group Item" solution="Active" id="{5c1c9c87-8b6d-44a0-b719-74d30d200639}" />
        <Dependent type="80" schemaName="ovs_TDGPlanner" displayName="TDG Planner / Planificateur TMD" />
      </MissingDependency>
      <MissingDependency>
        <Required type="60" displayName="Template" parentDisplayName="Template" solution="Active" id="{5e40ccd7-d32a-eb11-a813-000d3af3a7a7}" />
        <Dependent type="80" schemaName="ovs_TDGPlanner" displayName="TDG Planner / Planificateur TMD" />
      </MissingDependency>
      <MissingDependency>
        <Required type="60" displayName="TDG Region" parentDisplayName="Region" solution="Active" id="{5e818a16-ee3b-ec11-8c62-0022483d7564}" />
        <Dependent type="80" schemaName="ovs_TDGPlanner" displayName="TDG Planner / Planificateur TMD" />
      </MissingDependency>
      <MissingDependency>
        <Required type="60" displayName="Dashboards" solution="Active" id="{5f5ffe7a-71e3-eb11-bacb-0022483c5e2f}" />
        <Dependent type="80" schemaName="ovs_TDGPlanner" displayName="TDG Planner / Planificateur TMD" />
      </MissingDependency>
      <MissingDependency>
        <Required type="60" displayName="Information" parentDisplayName="Work Order Type" solution="FieldService (8.8.0.88)" id="{65d7528f-b2ff-450a-9b5d-a2e46464ce04}">
          <package>FieldService_Anchor (8.8.54.21)</package>
        </Required>
        <Dependent type="80" schemaName="ovs_TDGPlanner" displayName="TDG Planner / Planificateur TMD" />
      </MissingDependency>
      <MissingDependency>
        <Required type="60" displayName="TDG Oversight Activity" parentDisplayName="Work Order" solution="Active" id="{66cddb3b-b9ca-4552-ac5e-f4d726a35268}" />
        <Dependent type="80" schemaName="ovs_TDGPlanner" displayName="TDG Planner / Planificateur TMD" />
      </MissingDependency>
      <MissingDependency>
        <Required type="60" displayName=" main form" parentDisplayName="Enforcement Action" solution="Active" id="{6768019c-3b8e-eb11-b1ac-000d3ae92dbf}" />
        <Dependent type="80" schemaName="ovs_TDGPlanner" displayName="TDG Planner / Planificateur TMD" />
      </MissingDependency>
      <MissingDependency>
        <Required type="60" displayName="Account Hierarchy Tile Form" parentDisplayName="Account" solution="msdynce_AppCommon (9.0.4.0066)" id="{69cff312-cfb6-4289-9631-249ab85d2c62}">
          <package>msdynce_AppCommonAnchor (9.0.21103.10001)</package>
        </Required>
        <Dependent type="80" schemaName="ovs_TDGPlanner" displayName="TDG Planner / Planificateur TMD" />
      </MissingDependency>
      <MissingDependency>
        <Required type="60" displayName="Contacts Dashboard" parentDisplayName="Contact" solution="msdynce_Service (9.0.5.56)" id="{70ad8b15-e3f3-4d7d-9e4b-16cb4e51b484}">
          <package>msdynce_ServiceAnchor (9.0.21111.1006)</package>
        </Required>
        <Dependent type="80" schemaName="ovs_TDGPlanner" displayName="TDG Planner / Planificateur TMD" />
      </MissingDependency>
      <MissingDependency>
        <Required type="60" displayName="TDG Primary Contact" parentDisplayName="Account" solution="Active" id="{784422a9-fcda-4763-a12c-9dfac2cb6c41}" />
        <Dependent type="80" schemaName="ovs_TDGPlanner" displayName="TDG Planner / Planificateur TMD" />
      </MissingDependency>
      <MissingDependency>
        <Required type="60" displayName="Work Order Quick View" parentDisplayName="Work Order" solution="FieldService (8.8.0.88)" id="{79c33fb4-7126-41a8-9dff-13e4462c9b19}">
          <package>FieldService_Anchor (8.8.54.21)</package>
        </Required>
        <Dependent type="80" schemaName="ovs_TDGPlanner" displayName="TDG Planner / Planificateur TMD" />
      </MissingDependency>
      <MissingDependency>
        <Required type="60" displayName="Information" parentDisplayName="LOB" solution="Active" id="{7a047987-630f-4cea-a2cc-ab799a1b4fcb}" />
        <Dependent type="80" schemaName="ovs_TDGPlanner" displayName="TDG Planner / Planificateur TMD" />
      </MissingDependency>
      <MissingDependency>
        <Required type="60" displayName="TDG Violations" parentDisplayName="Violation" solution="Active" id="{8399e8c7-746d-eb11-a812-000d3a84129e}" />
        <Dependent type="80" schemaName="ovs_TDGPlanner" displayName="TDG Planner / Planificateur TMD" />
      </MissingDependency>
      <MissingDependency>
        <Required type="60" displayName="Information" parentDisplayName="Rationale" solution="Active" id="{8c3b7506-2401-45fa-99cb-122adaebfa48}" />
        <Dependent type="80" schemaName="ovs_TDGPlanner" displayName="TDG Planner / Planificateur TMD" />
      </MissingDependency>
      <MissingDependency>
        <Required type="60" displayName="TDG Booking Form" parentDisplayName="Booking" solution="Active" id="{906d0737-8ca7-eb11-9442-000d3ae99322}" />
        <Dependent type="80" schemaName="ovs_TDGPlanner" displayName="TDG Planner / Planificateur TMD" />
      </MissingDependency>
      <MissingDependency>
        <Required type="60" displayName="Sites Quick View" parentDisplayName="Work Order" solution="Active" id="{948e0d30-ed86-407a-bca3-6beaf5a1c91e}" />
        <Dependent type="80" schemaName="ovs_TDGPlanner" displayName="TDG Planner / Planificateur TMD" />
      </MissingDependency>
      <MissingDependency>
        <Required type="60" displayName="Information" parentDisplayName="Group" solution="Active" id="{96cd7867-9de6-44f7-be0a-33344335f860}" />
        <Dependent type="80" schemaName="ovs_TDGPlanner" displayName="TDG Planner / Planificateur TMD" />
      </MissingDependency>
      <MissingDependency>
        <Required type="60" displayName="Information" parentDisplayName="Legislation Source" solution="Active" id="{9b674e50-1044-4914-90c2-79ac25ed8ce4}" />
        <Dependent type="80" schemaName="ovs_TDGPlanner" displayName="TDG Planner / Planificateur TMD" />
      </MissingDependency>
      <MissingDependency>
        <Required type="60" displayName="Information" parentDisplayName="Operation" solution="Active" id="{a46438fc-76f0-4c58-922c-77e8c78ac7f3}" />
        <Dependent type="80" schemaName="ovs_TDGPlanner" displayName="TDG Planner / Planificateur TMD" />
      </MissingDependency>
      <MissingDependency>
        <Required type="60" displayName="Legal Name" parentDisplayName="Account" solution="Active" id="{b0dc190e-9603-444b-94b3-07b98a8f1d60}" />
        <Dependent type="80" schemaName="ovs_TDGPlanner" displayName="TDG Planner / Planificateur TMD" />
      </MissingDependency>
      <MissingDependency>
        <Required type="60" displayName="Information" parentDisplayName="Template Question Response" solution="Active" id="{b5eb229f-7d2f-4191-83f4-dcc6d7e9dc03}" />
        <Dependent type="80" schemaName="ovs_TDGPlanner" displayName="TDG Planner / Planificateur TMD" />
      </MissingDependency>
      <MissingDependency>
        <Required type="60" displayName="Contact Quick Form" parentDisplayName="Contact" solution="msdynce_AppCommon (9.0.4.0066)" id="{bdb0ae1c-32fa-4374-b637-8dafe107bc44}">
          <package>msdynce_AppCommonAnchor (9.0.21103.10001)</package>
        </Required>
        <Dependent type="80" schemaName="ovs_TDGPlanner" displayName="TDG Planner / Planificateur TMD" />
      </MissingDependency>
      <MissingDependency>
        <Required type="60" displayName="Contact Quick Create - TC" parentDisplayName="Contact" solution="Active" id="{c0da77e9-2f03-eb11-a813-000d3af3ac0d}" />
        <Dependent type="80" schemaName="ovs_TDGPlanner" displayName="TDG Planner / Planificateur TMD" />
      </MissingDependency>
      <MissingDependency>
        <Required type="60" displayName="Parent Question" parentDisplayName="Template Question" solution="Active" id="{c0dee925-5d72-408d-bcee-a569f3ad49be}" />
        <Dependent type="80" schemaName="ovs_TDGPlanner" displayName="TDG Planner / Planificateur TMD" />
      </MissingDependency>
      <MissingDependency>
        <Required type="60" displayName="Service Task Type Quick Create 5x5" parentDisplayName="Service Task Type" solution="msdyn_FieldServiceAdminExp (1.0.10.36)" id="{cea28746-8d51-4c2c-9672-16e0d255893a}">
          <package>FieldService_Anchor (8.8.54.21)</package>
        </Required>
        <Dependent type="80" schemaName="ovs_TDGPlanner" displayName="TDG Planner / Planificateur TMD" />
      </MissingDependency>
      <MissingDependency>
        <Required type="60" displayName="Information" parentDisplayName="Legislation Characteristic" solution="Active" id="{d0bffb7c-35e3-4cb7-a432-d9108ddfe680}" />
        <Dependent type="80" schemaName="ovs_TDGPlanner" displayName="TDG Planner / Planificateur TMD" />
      </MissingDependency>
      <MissingDependency>
        <Required type="60" displayName="Information" parentDisplayName="Legislation" solution="Active" id="{d55caf0a-bae4-4d40-b008-b253ab4ce243}" />
        <Dependent type="80" schemaName="ovs_TDGPlanner" displayName="TDG Planner / Planificateur TMD" />
      </MissingDependency>
      <MissingDependency>
        <Required type="60" displayName="Information" parentDisplayName="Group" solution="Active" id="{d69abbf8-2b09-4d70-91b1-424e5d2bfbf7}" />
        <Dependent type="80" schemaName="ovs_TDGPlanner" displayName="TDG Planner / Planificateur TMD" />
      </MissingDependency>
      <MissingDependency>
        <Required type="60" displayName="Information" parentDisplayName="Dependency Group Item" solution="Active" id="{d9fd215a-bcbb-4750-b300-21b15a6c2d13}" />
        <Dependent type="80" schemaName="ovs_TDGPlanner" displayName="TDG Planner / Planificateur TMD" />
      </MissingDependency>
      <MissingDependency>
        <Required type="60" displayName="Information" parentDisplayName="Operation Type" solution="Active" id="{dad96780-df57-4065-be71-be696eebd997}" />
        <Dependent type="80" schemaName="ovs_TDGPlanner" displayName="TDG Planner / Planificateur TMD" />
      </MissingDependency>
      <MissingDependency>
        <Required type="60" displayName="TDG Site Profile" parentDisplayName="Account" solution="Active" id="{db5d5927-e1b5-440f-b55b-e0a95e1b053b}" />
        <Dependent type="80" schemaName="ovs_TDGPlanner" displayName="TDG Planner / Planificateur TMD" />
      </MissingDependency>
      <MissingDependency>
        <Required type="60" displayName="Quick Create Work Order" parentDisplayName="Work Order" solution="FieldService (8.8.0.88)" id="{e0d97cdc-4c20-4e03-bc2a-6dbc6cb1d2c2}">
          <package>FieldService_Anchor (8.8.54.21)</package>
        </Required>
        <Dependent type="80" schemaName="ovs_TDGPlanner" displayName="TDG Planner / Planificateur TMD" />
      </MissingDependency>
      <MissingDependency>
        <Required type="60" displayName="Information" parentDisplayName="Dependency Group" solution="Active" id="{e205c315-ac19-4eee-a7d7-6897cc225cf3}" />
        <Dependent type="80" schemaName="ovs_TDGPlanner" displayName="TDG Planner / Planificateur TMD" />
      </MissingDependency>
      <MissingDependency>
        <Required type="60" displayName="Default Contact Dashboard - TC" parentDisplayName="Contact" solution="Active" id="{e631a301-3f03-eb11-a813-000d3af3a7a7}" />
        <Dependent type="80" schemaName="ovs_TDGPlanner" displayName="TDG Planner / Planificateur TMD" />
      </MissingDependency>
      <MissingDependency>
        <Required type="60" displayName="TDG Inspections" parentDisplayName="Safety Assessment" solution="Active" id="{e8eb7000-5792-4f5b-9f19-d3d7247f7fe4}" />
        <Dependent type="80" schemaName="ovs_TDGPlanner" displayName="TDG Planner / Planificateur TMD" />
      </MissingDependency>
      <MissingDependency>
        <Required type="60" displayName="Contact Quick View - TC" parentDisplayName="Contact" solution="Active" id="{ec2f9560-2f03-eb11-a813-000d3af3a7a7}" />
        <Dependent type="80" schemaName="ovs_TDGPlanner" displayName="TDG Planner / Planificateur TMD" />
      </MissingDependency>
      <MissingDependency>
        <Required type="60" displayName="TDG Contact" parentDisplayName="Contact" solution="Active" id="{ec7b5b17-85b9-eb11-8236-0022483bc67c}" />
        <Dependent type="80" schemaName="ovs_TDGPlanner" displayName="TDG Planner / Planificateur TMD" />
      </MissingDependency>
      <MissingDependency>
        <Required type="61" schemaName="msdyn_/Icons/Entity/Incident_16.png" displayName="msdyn_/Icons/Entity/Incident_16.png" solution="FieldService (8.8.0.88)">
          <package>FieldService_Anchor (8.8.54.21)</package>
        </Required>
        <Dependent type="1" schemaName="msdyn_incidenttype" displayName="Incident Type" />
      </MissingDependency>
      <MissingDependency>
        <Required type="61" schemaName="msdyn_/Icons/Entity/Incident_16.png" displayName="msdyn_/Icons/Entity/Incident_16.png" solution="FieldService (8.8.0.88)">
          <package>FieldService_Anchor (8.8.54.21)</package>
        </Required>
        <Dependent type="1" schemaName="msdyn_incidenttypeservicetask" displayName="Incident Type Service Task" />
      </MissingDependency>
      <MissingDependency>
        <Required type="61" schemaName="msdyn_/Icons/Entity/Incident_32/_imgs/NavBar/Invisible.gif" displayName="msdyn_/Icons/Entity/Incident_32/_imgs/NavBar/Invisible.gif" solution="FieldService (8.8.0.88)">
          <package>FieldService_Anchor (8.8.54.21)</package>
        </Required>
        <Dependent type="1" schemaName="msdyn_incidenttype" displayName="Incident Type" />
      </MissingDependency>
      <MissingDependency>
        <Required type="61" schemaName="msdyn_/Icons/Entity/Incident_32/_imgs/NavBar/Invisible.gif" displayName="msdyn_/Icons/Entity/Incident_32/_imgs/NavBar/Invisible.gif" solution="FieldService (8.8.0.88)">
          <package>FieldService_Anchor (8.8.54.21)</package>
        </Required>
        <Dependent type="1" schemaName="msdyn_incidenttypeservicetask" displayName="Incident Type Service Task" />
      </MissingDependency>
      <MissingDependency>
        <Required type="61" schemaName="msdyn_/Icons/Entity/ServiceActivity_16.png" displayName="msdyn_/Icons/Entity/ServiceActivity_16.png" solution="FieldService (8.8.0.88)">
          <package>FieldService_Anchor (8.8.54.21)</package>
        </Required>
        <Dependent type="1" schemaName="msdyn_servicetasktype" displayName="Service Task Type" />
      </MissingDependency>
      <MissingDependency>
        <Required type="61" schemaName="msdyn_/Icons/Entity/ServiceActivity_32/_imgs/NavBar/Invisible.gif" displayName="msdyn_/Icons/Entity/ServiceActivity_32/_imgs/NavBar/Invisible.gif" solution="FieldService (8.8.0.88)">
          <package>FieldService_Anchor (8.8.54.21)</package>
        </Required>
        <Dependent type="1" schemaName="msdyn_servicetasktype" displayName="Service Task Type" />
      </MissingDependency>
      <MissingDependency>
        <Required type="61" schemaName="msdyn_/Icons/SVG/IncidentTriangle.SVG" displayName="msdyn_/Icons/SVG/IncidentTriangle.SVG" solution="FieldService (8.8.0.88)">
          <package>FieldService_Anchor (8.8.54.21)</package>
        </Required>
        <Dependent type="1" schemaName="msdyn_incidenttype" displayName="Incident Type" />
      </MissingDependency>
      <MissingDependency>
        <Required type="61" schemaName="msdyn_/Icons/SVG/ServiceTaskType.svg" displayName="msdyn_/Icons/SVG/ServiceTaskType.svg" solution="FieldService (8.8.0.88)">
          <package>FieldService_Anchor (8.8.54.21)</package>
        </Required>
        <Dependent type="1" schemaName="msdyn_servicetasktype" displayName="Service Task Type" />
      </MissingDependency>
      <MissingDependency>
        <Required type="61" schemaName="msdyn_/Images/AppModule_Default_Icon.png" displayName="msdyn_/Images/AppModule_Default_Icon.png" solution="AppModuleWebResources (2.5)" />
        <Dependent type="80" schemaName="ovs_TDGPlanner" displayName="TDG Planner / Planificateur TMD" />
      </MissingDependency>
      <MissingDependency>
        <Required type="61" schemaName="msdyn_/IncidentType/IncidentType.Library.js" displayName="msdyn_/IncidentType/IncidentType.Library.js" solution="FieldService (8.8.0.88)">
          <package>FieldService_Anchor (8.8.54.21)</package>
        </Required>
        <Dependent type="60" displayName="Information" parentDisplayName="Incident Type" id="{4cbf19c2-8998-4fcf-b1a1-19a983797396}" />
      </MissingDependency>
      <MissingDependency>
        <Required type="62" schemaName="ovs_TDGPlanner" solution="Active" />
        <Dependent type="80" schemaName="ovs_TDGPlanner" displayName="TDG Planner / Planificateur TMD" />
      </MissingDependency>
    </MissingDependencies>
  </SolutionManifest>
</ImportExportXml>