<ImportExportXml version="9.2.21062.123" SolutionPackageVersion="9.2" languagecode="1033" generatedBy="CrmLive" xmlns:xsi="http://www.w3.org/2001/XMLSchema-instance">
  <SolutionManifest>
    <UniqueName>TC_CustomActions</UniqueName>
    <LocalizedNames>
      <LocalizedName description="TC.CustomActions" languagecode="1033" />
    </LocalizedNames>
    <Descriptions>
      <Description description="The initial Custom Actions solution to be shared among components&#xA;Michael Kalinovich, 15  Oct 2020&#xA;1.0.0.1 - initial&#xA;1.0.0.2 - added get legislation flat&#xA;1.0.0.3 - Legislation characteristics&#xA;1.0.0.4 - blob connectors&#xA;1.0.0.7 - switch to custom settings&#xA;1.0.0.8 - WO_Status changed added&#xA;1.0.0.9 - Violation History added, Work Order Post updated" languagecode="1033" />
    </Descriptions>
    <Version>1.0.0.9</Version>
    <Managed>0</Managed>
    <Publisher>
      <UniqueName>oversightpublisher</UniqueName>
      <LocalizedNames>
        <LocalizedName description="Oversight" languagecode="1033" />
        <LocalizedName description="Surveillance" languagecode="1036" />
      </LocalizedNames>
      <Descriptions>
        <Description description="This is the common solution for AvSec Inspection and TDG Inspection." languagecode="1033" />
        <Description description="Il s’agit de la solution courante pour l’inspection de la sûreté de l’aviation et l’inspection du TMD." languagecode="1036" />
      </Descriptions>
      <EMailAddress xsi:nil="true"></EMailAddress>
      <SupportingWebsiteUrl xsi:nil="true"></SupportingWebsiteUrl>
      <CustomizationPrefix>ovs</CustomizationPrefix>
      <CustomizationOptionValuePrefix>91864</CustomizationOptionValuePrefix>
      <Addresses>
        <Address>
          <AddressNumber>1</AddressNumber>
          <AddressTypeCode>1</AddressTypeCode>
          <City xsi:nil="true"></City>
          <County xsi:nil="true"></County>
          <Country xsi:nil="true"></Country>
          <Fax xsi:nil="true"></Fax>
          <FreightTermsCode xsi:nil="true"></FreightTermsCode>
          <ImportSequenceNumber xsi:nil="true"></ImportSequenceNumber>
          <Latitude xsi:nil="true"></Latitude>
          <Line1 xsi:nil="true"></Line1>
          <Line2 xsi:nil="true"></Line2>
          <Line3 xsi:nil="true"></Line3>
          <Longitude xsi:nil="true"></Longitude>
          <Name xsi:nil="true"></Name>
          <PostalCode xsi:nil="true"></PostalCode>
          <PostOfficeBox xsi:nil="true"></PostOfficeBox>
          <PrimaryContactName xsi:nil="true"></PrimaryContactName>
          <ShippingMethodCode>1</ShippingMethodCode>
          <StateOrProvince xsi:nil="true"></StateOrProvince>
          <Telephone1 xsi:nil="true"></Telephone1>
          <Telephone2 xsi:nil="true"></Telephone2>
          <Telephone3 xsi:nil="true"></Telephone3>
          <TimeZoneRuleVersionNumber xsi:nil="true"></TimeZoneRuleVersionNumber>
          <UPSZone xsi:nil="true"></UPSZone>
          <UTCOffset xsi:nil="true"></UTCOffset>
          <UTCConversionTimeZoneCode xsi:nil="true"></UTCConversionTimeZoneCode>
        </Address>
        <Address>
          <AddressNumber>2</AddressNumber>
          <AddressTypeCode>1</AddressTypeCode>
          <City xsi:nil="true"></City>
          <County xsi:nil="true"></County>
          <Country xsi:nil="true"></Country>
          <Fax xsi:nil="true"></Fax>
          <FreightTermsCode xsi:nil="true"></FreightTermsCode>
          <ImportSequenceNumber xsi:nil="true"></ImportSequenceNumber>
          <Latitude xsi:nil="true"></Latitude>
          <Line1 xsi:nil="true"></Line1>
          <Line2 xsi:nil="true"></Line2>
          <Line3 xsi:nil="true"></Line3>
          <Longitude xsi:nil="true"></Longitude>
          <Name xsi:nil="true"></Name>
          <PostalCode xsi:nil="true"></PostalCode>
          <PostOfficeBox xsi:nil="true"></PostOfficeBox>
          <PrimaryContactName xsi:nil="true"></PrimaryContactName>
          <ShippingMethodCode>1</ShippingMethodCode>
          <StateOrProvince xsi:nil="true"></StateOrProvince>
          <Telephone1 xsi:nil="true"></Telephone1>
          <Telephone2 xsi:nil="true"></Telephone2>
          <Telephone3 xsi:nil="true"></Telephone3>
          <TimeZoneRuleVersionNumber xsi:nil="true"></TimeZoneRuleVersionNumber>
          <UPSZone xsi:nil="true"></UPSZone>
          <UTCOffset xsi:nil="true"></UTCOffset>
          <UTCConversionTimeZoneCode xsi:nil="true"></UTCConversionTimeZoneCode>
        </Address>
      </Addresses>
    </Publisher>
    <RootComponents>
      <RootComponent type="29" id="{1fdf3bf5-b29e-478d-b17b-5dd7989d95fe}" behavior="0" />
      <RootComponent type="29" id="{3a72e699-0d19-448b-a9b4-4b48dac9ba72}" behavior="0" />
      <RootComponent type="29" id="{4201554b-f375-496a-9c37-a37a1104bf57}" behavior="0" />
      <RootComponent type="29" id="{59663525-51de-4cba-ac8d-94343e030900}" behavior="0" />
      <RootComponent type="29" id="{691b5f5e-d75e-4417-93f0-74f8478ab9ec}" behavior="0" />
      <RootComponent type="29" id="{93ffcd38-b85e-43af-9a15-97335d939b91}" behavior="0" />
      <RootComponent type="29" id="{a0ca6697-94ac-4b5d-ad74-a17e2b2810d4}" behavior="0" />
      <RootComponent type="29" id="{af892d60-3ad8-4eb8-9f86-b4aba1dac460}" behavior="0" />
      <RootComponent type="29" id="{b06ca722-d91e-4285-b637-a6dfc6aa3651}" behavior="0" />
      <RootComponent type="29" id="{b9372a43-d66d-4213-ab91-82a7b074e8d5}" behavior="0" />
      <RootComponent type="29" id="{bc9de0f7-d6f8-4657-a671-b472f8ff017d}" behavior="0" />
      <RootComponent type="29" id="{c69b353f-af32-4869-a8fa-f033effee46b}" behavior="0" />
      <RootComponent type="29" id="{cc3bac79-c51a-4dd0-ab95-fe679be28214}" behavior="0" />
      <RootComponent type="29" id="{e11c83b1-6333-4af1-bcbf-63cdc9d65473}" behavior="0" />
      <RootComponent type="29" id="{fd167e39-dab7-4e8f-a10f-224e425d1962}" behavior="0" />
      <RootComponent type="91" id="{9a847216-3b96-475d-a229-43dc08c156b3}" schemaName="TC.PowerApps.CustomActions, Version=1.0.0.1, Culture=neutral, PublicKeyToken=6aecae9f68df76db" behavior="0" />
      <RootComponent type="92" id="{0577bcb8-f954-eb11-a812-000d3aff12c2}" behavior="0" />
      <RootComponent type="92" id="{304f5ee7-06a2-eb11-b1ac-000d3ae8b93a}" behavior="0" />
      <RootComponent type="92" id="{3129c939-0c30-eb11-a813-000d3af3fc19}" behavior="0" />
      <RootComponent type="92" id="{3bdb62f4-ea6c-eb11-a812-000d3a84129e}" behavior="0" />
      <RootComponent type="92" id="{617f55ee-dba2-eb11-b1ac-000d3ae8b93a}" behavior="0" />
      <RootComponent type="92" id="{68cfc886-cc27-eb11-a813-000d3af3fc19}" behavior="0" />
      <RootComponent type="92" id="{813a91dd-ea6c-eb11-a812-000d3a84129e}" behavior="0" />
      <RootComponent type="92" id="{9c8b6666-271a-eb11-a813-000d3af3ac0d}" behavior="0" />
      <RootComponent type="92" id="{a1d9f04d-d5b5-eb11-8236-0022483bc30f}" behavior="0" />
      <RootComponent type="92" id="{a3116014-ac6d-eb11-a812-000d3af399b3}" behavior="0" />
      <RootComponent type="92" id="{cd656c2c-422b-eb11-a813-000d3af3fc19}" behavior="0" />
      <RootComponent type="92" id="{ce6b84fb-ab6d-eb11-a812-000d3af399b3}" behavior="0" />
      <RootComponent type="92" id="{dc4ea33b-ee29-eb11-a813-000d3af3a7a7}" behavior="0" />
      <RootComponent type="92" id="{e4eb6b64-eb79-eb11-a812-000d3af31ad8}" behavior="0" />
      <RootComponent type="92" id="{e63eb8f4-bc73-eb11-a812-000d3af3fac7}" behavior="0" />
    </RootComponents>
    <MissingDependencies>
      <MissingDependency>
        <Required type="1" schemaName="qm_sytemplate" displayName="Template" solution="Active" />
        <Dependent type="29" displayName="Clone Template" id="{cc3bac79-c51a-4dd0-ab95-fe679be28214}" />
      </MissingDependency>
      <MissingDependency>
        <Required type="1" schemaName="qm_sytemplate" displayName="Template" solution="Active" />
        <Dependent type="92" displayName="TC.PowerApps.CustomActions.Questionnaire.CloneTemplate: ovs_CloneTemplate of qm_sytemplate" id="{e4eb6b64-eb79-eb11-a812-000d3af31ad8}" />
      </MissingDependency>
      <MissingDependency>
        <Required type="2" schemaName="qm_name" displayName="Name" parentSchemaName="qm_sytemplate" parentDisplayName="Template" solution="Active" />
        <Dependent type="29" displayName="Clone Template" id="{cc3bac79-c51a-4dd0-ab95-fe679be28214}" />
      </MissingDependency>
      <MissingDependency>
        <Required type="2" schemaName="qm_sytemplateid" displayName="Template" parentSchemaName="qm_sytemplate" parentDisplayName="Template" solution="Active" />
        <Dependent type="29" displayName="Clone Template" id="{cc3bac79-c51a-4dd0-ab95-fe679be28214}" />
      </MissingDependency>
    </MissingDependencies>
  </SolutionManifest>
</ImportExportXml>