<ImportExportXml version="9.2.22063.170" SolutionPackageVersion="9.2" languagecode="1033" generatedBy="CrmLive" xmlns:xsi="http://www.w3.org/2001/XMLSchema-instance">
  <SolutionManifest>
    <UniqueName>TC_GlobalCore_Patch_97527140</UniqueName>
    <LocalizedNames>
      <LocalizedName description="TDG Core Schema" languagecode="1033" />
    </LocalizedNames>
    <Descriptions>
      <Description description="Patch for TDG Core Schema" languagecode="1033" />
    </Descriptions>
    <ParentUniqueName>TC_GlobalCore</ParentUniqueName>
    <Version>1.136.2.0</Version>
    <Managed>1</Managed>
    <Publisher>
      <UniqueName>oversightpublisher</UniqueName>
      <LocalizedNames>
        <LocalizedName description="Oversight" languagecode="1033" />
      </LocalizedNames>
      <Descriptions>
        <Description description="This is the common solution for AvSec Inspection and TDG Inspection." languagecode="1033" />
      </Descriptions>
      <EMailAddress xsi:nil="true"></EMailAddress>
      <SupportingWebsiteUrl xsi:nil="true"></SupportingWebsiteUrl>
      <CustomizationPrefix>ovs</CustomizationPrefix>
      <CustomizationOptionValuePrefix>91864</CustomizationOptionValuePrefix>
      <Addresses>
        <Address>
          <AddressNumber>1</AddressNumber>
          <AddressTypeCode>1</AddressTypeCode>
          <City xsi:nil="true"></City>
          <County xsi:nil="true"></County>
          <Country xsi:nil="true"></Country>
          <Fax xsi:nil="true"></Fax>
          <FreightTermsCode xsi:nil="true"></FreightTermsCode>
          <ImportSequenceNumber xsi:nil="true"></ImportSequenceNumber>
          <Latitude xsi:nil="true"></Latitude>
          <Line1 xsi:nil="true"></Line1>
          <Line2 xsi:nil="true"></Line2>
          <Line3 xsi:nil="true"></Line3>
          <Longitude xsi:nil="true"></Longitude>
          <Name xsi:nil="true"></Name>
          <PostalCode xsi:nil="true"></PostalCode>
          <PostOfficeBox xsi:nil="true"></PostOfficeBox>
          <PrimaryContactName xsi:nil="true"></PrimaryContactName>
          <ShippingMethodCode>1</ShippingMethodCode>
          <StateOrProvince xsi:nil="true"></StateOrProvince>
          <Telephone1 xsi:nil="true"></Telephone1>
          <Telephone2 xsi:nil="true"></Telephone2>
          <Telephone3 xsi:nil="true"></Telephone3>
          <TimeZoneRuleVersionNumber xsi:nil="true"></TimeZoneRuleVersionNumber>
          <UPSZone xsi:nil="true"></UPSZone>
          <UTCOffset xsi:nil="true"></UTCOffset>
          <UTCConversionTimeZoneCode xsi:nil="true"></UTCConversionTimeZoneCode>
        </Address>
        <Address>
          <AddressNumber>2</AddressNumber>
          <AddressTypeCode>1</AddressTypeCode>
          <City xsi:nil="true"></City>
          <County xsi:nil="true"></County>
          <Country xsi:nil="true"></Country>
          <Fax xsi:nil="true"></Fax>
          <FreightTermsCode xsi:nil="true"></FreightTermsCode>
          <ImportSequenceNumber xsi:nil="true"></ImportSequenceNumber>
          <Latitude xsi:nil="true"></Latitude>
          <Line1 xsi:nil="true"></Line1>
          <Line2 xsi:nil="true"></Line2>
          <Line3 xsi:nil="true"></Line3>
          <Longitude xsi:nil="true"></Longitude>
          <Name xsi:nil="true"></Name>
          <PostalCode xsi:nil="true"></PostalCode>
          <PostOfficeBox xsi:nil="true"></PostOfficeBox>
          <PrimaryContactName xsi:nil="true"></PrimaryContactName>
          <ShippingMethodCode>1</ShippingMethodCode>
          <StateOrProvince xsi:nil="true"></StateOrProvince>
          <Telephone1 xsi:nil="true"></Telephone1>
          <Telephone2 xsi:nil="true"></Telephone2>
          <Telephone3 xsi:nil="true"></Telephone3>
          <TimeZoneRuleVersionNumber xsi:nil="true"></TimeZoneRuleVersionNumber>
          <UPSZone xsi:nil="true"></UPSZone>
          <UTCOffset xsi:nil="true"></UTCOffset>
          <UTCConversionTimeZoneCode xsi:nil="true"></UTCConversionTimeZoneCode>
        </Address>
      </Addresses>
    </Publisher>
    <RootComponents>
      <RootComponent type="1" schemaName="fdr_authorizedlocation" behavior="0" />
      <RootComponent type="1" schemaName="fdr_certification" behavior="0" />
      <RootComponent type="1" schemaName="fdr_condition" behavior="0" />
      <RootComponent type="1" schemaName="fdr_containertype" behavior="2" />
      <RootComponent type="1" schemaName="fdr_equivalencycertificate" behavior="0" />
      <RootComponent type="1" schemaName="fdr_servicerequest" behavior="0" />
      <RootComponent type="9" schemaName="fdr_conditiontype" behavior="0" />
      <RootComponent type="9" schemaName="fdr_registrationnumbers" behavior="0" />
      <RootComponent type="61" schemaName="fdr_functionlimitation_quickcreate" behavior="0" />
    </RootComponents>
    <MissingDependencies>
      <MissingDependency>
        <Required type="1" schemaName="fdr_containertype" displayName="Registration Type" solution="Active" />
        <Dependent type="1" schemaName="fdr_containertype" displayName="Registration Type" />
      </MissingDependency>
      <MissingDependency>
        <Required type="1" schemaName="fdr_costrecoveryattribute" displayName="Cost Recovery Attribute" solution="Active" />
        <Dependent type="10" schemaName="fdr_ServiceRequest_CostRecoveryAttribute" displayName="fdr_ServiceRequest_CostRecoveryAttribute" parentSchemaName="fdr_costrecoveryattribute" parentDisplayName="Cost Recovery Attribute" />
      </MissingDependency>
      <MissingDependency>
        <Required type="1" schemaName="fdr_registeredmark" displayName="Registered Mark" solution="Active" />
        <Dependent type="1" schemaName="fdr_servicerequest" displayName="Service Request" />
      </MissingDependency>
      <MissingDependency>
        <Required type="1" schemaName="fdr_registeredmark" displayName="Registered Mark" solution="Active" />
        <Dependent type="60" displayName="Information" parentDisplayName="Service Request" id="{337e6783-6be4-4278-82d0-ee57257802dc}" />
      </MissingDependency>
      <MissingDependency>
        <Required type="1" schemaName="fdr_registeredmark" displayName="Registered Mark" solution="Active" />
        <Dependent type="60" displayName="SR Portal Form" parentDisplayName="Service Request" id="{543eacf9-75e3-ec11-bb3c-000d3a848097}" />
      </MissingDependency>
      <MissingDependency>
        <Required type="1" schemaName="fdr_requestequivalencycertificate" displayName="Request Equivalency Certificate" solution="Active" />
        <Dependent type="1" schemaName="fdr_servicerequest" displayName="Service Request" />
      </MissingDependency>
      <MissingDependency>
        <Required type="1" schemaName="fdr_requestequivalencycertificate" displayName="Request Equivalency Certificate" solution="Active" />
        <Dependent type="60" displayName="Information" parentDisplayName="Service Request" id="{337e6783-6be4-4278-82d0-ee57257802dc}" />
      </MissingDependency>
      <MissingDependency>
        <Required type="1" schemaName="fdr_requestequivalencycertificate" displayName="Request Equivalency Certificate" solution="Active" />
        <Dependent type="60" displayName="SR Portal Form" parentDisplayName="Service Request" id="{543eacf9-75e3-ec11-bb3c-000d3a848097}" />
      </MissingDependency>
      <MissingDependency>
        <Required type="1" schemaName="fdr_servicerequestfunction" displayName="Service Request Function" solution="Active" />
        <Dependent type="1" schemaName="fdr_servicerequest" displayName="Service Request" />
      </MissingDependency>
      <MissingDependency>
        <Required type="1" schemaName="fdr_servicerequestfunction" displayName="Service Request Function" solution="Active" />
        <Dependent type="10" schemaName="fdr_fdr_servicerequestfunction_fdr_authorizedlocation_servicerequestfunction" displayName="fdr_fdr_servicerequestfunction_fdr_authorizedlocation_servicerequestfunction" parentSchemaName="fdr_servicerequestfunction" parentDisplayName="Service Request Function" />
      </MissingDependency>
      <MissingDependency>
        <Required type="1" schemaName="fdr_servicerequestfunction" displayName="Service Request Function" solution="Active" />
        <Dependent type="60" displayName="Information" parentDisplayName="Service Request" id="{337e6783-6be4-4278-82d0-ee57257802dc}" />
      </MissingDependency>
      <MissingDependency>
        <Required type="1" schemaName="fdr_servicerequestfunction" displayName="Service Request Function" solution="Active" />
        <Dependent type="60" displayName="SR Portal Form" parentDisplayName="Service Request" id="{543eacf9-75e3-ec11-bb3c-000d3a848097}" />
      </MissingDependency>
      <MissingDependency>
        <Required type="1" schemaName="fdr_servicerequestservicetask" displayName="Service Request Service Task" solution="Active" />
        <Dependent type="1" schemaName="fdr_servicerequest" displayName="Service Request" />
      </MissingDependency>
      <MissingDependency>
        <Required type="1" schemaName="fdr_servicerequestservicetask" displayName="Service Request Service Task" solution="Active" />
        <Dependent type="60" displayName="Information" parentDisplayName="Service Request" id="{337e6783-6be4-4278-82d0-ee57257802dc}" />
      </MissingDependency>
      <MissingDependency>
        <Required type="1" schemaName="msdyn_workorder" displayName="Work Order" solution="FieldService (8.8.0.88)">
          <package>FieldService_Anchor (8.8.68.25)</package>
        </Required>
        <Dependent type="10" schemaName="fdr_ServiceRequest_RelatedWorkOrder" displayName="fdr_ServiceRequest_RelatedWorkOrder" parentSchemaName="msdyn_workorder" parentDisplayName="Work Order" />
      </MissingDependency>
      <MissingDependency>
        <Required type="1" schemaName="ovs_mocregistration" displayName="Operation" solution="Active" />
        <Dependent type="10" schemaName="fdr_ServiceRequest_Operation_ovs_MOCRegis" displayName="fdr_ServiceRequest_Operation_ovs_MOCRegis" parentSchemaName="ovs_mocregistration" parentDisplayName="Operation" />
      </MissingDependency>
      <MissingDependency>
        <Required type="1" schemaName="ovs_mocregistration" displayName="Operation" solution="Active" />
        <Dependent type="2" schemaName="fdr_operationstatus" displayName="Current Operation Status" parentSchemaName="fdr_servicerequest" parentDisplayName="Service Request" />
      </MissingDependency>
      <MissingDependency>
        <Required type="10" schemaName="fdr_fdr_servicerequest_fdr_requestequivalencycertificate_servicerequest" displayName="fdr_fdr_servicerequest_fdr_requestequivalencycertificate_servicerequest" parentSchemaName="fdr_servicerequest" parentDisplayName="Service Request" solution="Active" />
        <Dependent type="60" displayName="Information" parentDisplayName="Service Request" id="{337e6783-6be4-4278-82d0-ee57257802dc}" />
      </MissingDependency>
      <MissingDependency>
        <Required type="10" schemaName="fdr_fdr_servicerequest_fdr_requestequivalencycertificate_servicerequest" displayName="fdr_fdr_servicerequest_fdr_requestequivalencycertificate_servicerequest" parentSchemaName="fdr_servicerequest" parentDisplayName="Service Request" solution="Active" />
        <Dependent type="60" displayName="SR Portal Form" parentDisplayName="Service Request" id="{543eacf9-75e3-ec11-bb3c-000d3a848097}" />
      </MissingDependency>
      <MissingDependency>
        <Required type="10" schemaName="fdr_ServiceRequest_fdr_ServiceRequest_fdr" displayName="fdr_ServiceRequest_fdr_ServiceRequest_fdr" parentSchemaName="fdr_servicerequest" parentDisplayName="Service Request" solution="Active" />
        <Dependent type="60" displayName="Information" parentDisplayName="Service Request" id="{337e6783-6be4-4278-82d0-ee57257802dc}" />
      </MissingDependency>
      <MissingDependency>
        <Required type="10" schemaName="fdr_ServiceRequest_fdr_ServiceRequest_fdr" displayName="fdr_ServiceRequest_fdr_ServiceRequest_fdr" parentSchemaName="fdr_servicerequest" parentDisplayName="Service Request" solution="Active" />
        <Dependent type="60" displayName="SR Portal Form" parentDisplayName="Service Request" id="{543eacf9-75e3-ec11-bb3c-000d3a848097}" />
      </MissingDependency>
      <MissingDependency>
        <Required type="10" schemaName="fdr_ServiceRequestFunction_ServiceRequest" displayName="fdr_ServiceRequestFunction_ServiceRequest" parentSchemaName="fdr_servicerequest" parentDisplayName="Service Request" solution="Active" />
        <Dependent type="60" displayName="Information" parentDisplayName="Service Request" id="{337e6783-6be4-4278-82d0-ee57257802dc}" />
      </MissingDependency>
      <MissingDependency>
        <Required type="10" schemaName="fdr_ServiceRequestFunction_ServiceRequest" displayName="fdr_ServiceRequestFunction_ServiceRequest" parentSchemaName="fdr_servicerequest" parentDisplayName="Service Request" solution="Active" />
        <Dependent type="60" displayName="SR Portal Form" parentDisplayName="Service Request" id="{543eacf9-75e3-ec11-bb3c-000d3a848097}" />
      </MissingDependency>
      <MissingDependency>
        <Required type="10" schemaName="fdr_ContainerType_Standard" displayName="fdr_ContainerType_Standard" parentSchemaName="qm_tylegislationsource" parentDisplayName="Legislation Source" solution="Active" />
        <Dependent type="60" displayName="Information" parentDisplayName="Registration Type" id="{366bdbda-af80-4f4b-8ef7-2378d8239b70}" />
      </MissingDependency>
      <MissingDependency>
        <Required type="2" schemaName="cid_siteid" displayName="Site ID" parentSchemaName="account" parentDisplayName="Account" solution="Active" />
        <Dependent type="26" schemaName="Company Service Request Portal View" displayName="Company Service Request Portal View" parentSchemaName="fdr_servicerequest" parentDisplayName="Service Request" id="{14f0245a-6ae6-ec11-bb3c-000d3a8483f6}" />
      </MissingDependency>
      <MissingDependency>
        <Required type="2" schemaName="cid_siteid" displayName="Site ID" parentSchemaName="account" parentDisplayName="Account" solution="Active" />
        <Dependent type="26" schemaName="My Service Request Portal View" displayName="My Service Request Portal View" parentSchemaName="fdr_servicerequest" parentDisplayName="Service Request" id="{2992ea2b-b6e5-ec11-bb3c-000d3a848097}" />
      </MissingDependency>
      <MissingDependency>
        <Required type="2" schemaName="cid_siteid" displayName="Site ID" parentSchemaName="account" parentDisplayName="Account" solution="Active" />
        <Dependent type="26" schemaName="Service Request Internal View" displayName="Service Request Internal View" parentSchemaName="fdr_servicerequest" parentDisplayName="Service Request" id="{bd0c3d74-f3dd-ec11-bb3c-000d3a8483f6}" />
      </MissingDependency>
      <MissingDependency>
        <Required type="2" schemaName="ovs_legalname" displayName="Legal Name" parentSchemaName="account" parentDisplayName="Account" solution="Active" />
        <Dependent type="26" schemaName="Company Service Request Portal View" displayName="Company Service Request Portal View" parentSchemaName="fdr_servicerequest" parentDisplayName="Service Request" id="{14f0245a-6ae6-ec11-bb3c-000d3a8483f6}" />
      </MissingDependency>
      <MissingDependency>
        <Required type="2" schemaName="ovs_legalname" displayName="Legal Name" parentSchemaName="account" parentDisplayName="Account" solution="Active" />
        <Dependent type="26" schemaName="My Service Request Portal View" displayName="My Service Request Portal View" parentSchemaName="fdr_servicerequest" parentDisplayName="Service Request" id="{2992ea2b-b6e5-ec11-bb3c-000d3a848097}" />
      </MissingDependency>
      <MissingDependency>
        <Required type="2" schemaName="ovs_legalname" displayName="Legal Name" parentSchemaName="account" parentDisplayName="Account" solution="Active" />
        <Dependent type="26" schemaName="Service Request Internal View" displayName="Service Request Internal View" parentSchemaName="fdr_servicerequest" parentDisplayName="Service Request" id="{bd0c3d74-f3dd-ec11-bb3c-000d3a8483f6}" />
      </MissingDependency>
      <MissingDependency>
        <Required type="2" schemaName="fdr_applicanttype" displayName="Applicant Type" parentSchemaName="fdr_containertype" parentDisplayName="Registration Type" solution="Active" />
        <Dependent type="60" displayName="Information" parentDisplayName="Registration Type" id="{366bdbda-af80-4f4b-8ef7-2378d8239b70}" />
      </MissingDependency>
      <MissingDependency>
        <Required type="2" schemaName="fdr_certificateprefix" displayName="Certificate Prefix" parentSchemaName="fdr_containertype" parentDisplayName="Registration Type" solution="Active" />
        <Dependent type="60" displayName="Information" parentDisplayName="Registration Type" id="{366bdbda-af80-4f4b-8ef7-2378d8239b70}" />
      </MissingDependency>
      <MissingDependency>
        <Required type="2" schemaName="fdr_containertypeid" displayName="Container Type" parentSchemaName="fdr_containertype" parentDisplayName="Registration Type" solution="Active" />
        <Dependent type="10" schemaName="fdr_ServiceRequest_ContainerType" displayName="fdr_ServiceRequest_ContainerType" parentSchemaName="fdr_containertype" parentDisplayName="Registration Type" />
      </MissingDependency>
      <MissingDependency>
        <Required type="2" schemaName="fdr_name" displayName="Name" parentSchemaName="fdr_containertype" parentDisplayName="Registration Type" solution="Active" />
        <Dependent type="10" schemaName="fdr_ServiceRequest_ContainerType" displayName="fdr_ServiceRequest_ContainerType" parentSchemaName="fdr_containertype" parentDisplayName="Registration Type" />
      </MissingDependency>
      <MissingDependency>
        <Required type="2" schemaName="fdr_name" displayName="Name" parentSchemaName="fdr_containertype" parentDisplayName="Registration Type" solution="Active" />
        <Dependent type="60" displayName="Information" parentDisplayName="Registration Type" id="{366bdbda-af80-4f4b-8ef7-2378d8239b70}" />
      </MissingDependency>
      <MissingDependency>
        <Required type="2" schemaName="fdr_standard" displayName="Standard" parentSchemaName="fdr_containertype" parentDisplayName="Registration Type" solution="Active" />
        <Dependent type="60" displayName="Information" parentDisplayName="Registration Type" id="{366bdbda-af80-4f4b-8ef7-2378d8239b70}" />
      </MissingDependency>
      <MissingDependency>
        <Required type="2" schemaName="ownerid" displayName="Owner" parentSchemaName="fdr_containertype" parentDisplayName="Registration Type" solution="Active" />
        <Dependent type="60" displayName="Information" parentDisplayName="Registration Type" id="{366bdbda-af80-4f4b-8ef7-2378d8239b70}" />
      </MissingDependency>
      <MissingDependency>
        <Required type="2" schemaName="fdr_costrecoveryattributeid" displayName="Cost Recovery Attribute" parentSchemaName="fdr_costrecoveryattribute" parentDisplayName="Cost Recovery Attribute" solution="Active" />
        <Dependent type="10" schemaName="fdr_ServiceRequest_CostRecoveryAttribute" displayName="fdr_ServiceRequest_CostRecoveryAttribute" parentSchemaName="fdr_costrecoveryattribute" parentDisplayName="Cost Recovery Attribute" />
      </MissingDependency>
      <MissingDependency>
        <Required type="2" schemaName="fdr_name" displayName="Name" parentSchemaName="fdr_costrecoveryattribute" parentDisplayName="Cost Recovery Attribute" solution="Active" />
        <Dependent type="10" schemaName="fdr_ServiceRequest_CostRecoveryAttribute" displayName="fdr_ServiceRequest_CostRecoveryAttribute" parentSchemaName="fdr_costrecoveryattribute" parentDisplayName="Cost Recovery Attribute" />
      </MissingDependency>
      <MissingDependency>
        <Required type="2" schemaName="fdr_name" displayName="Name" parentSchemaName="fdr_servicerequestfunction" parentDisplayName="Service Request Function" solution="Active" />
        <Dependent type="10" schemaName="fdr_fdr_servicerequestfunction_fdr_authorizedlocation_servicerequestfunction" displayName="fdr_fdr_servicerequestfunction_fdr_authorizedlocation_servicerequestfunction" parentSchemaName="fdr_servicerequestfunction" parentDisplayName="Service Request Function" />
      </MissingDependency>
      <MissingDependency>
        <Required type="2" schemaName="fdr_servicerequestfunctionid" displayName="Service Request Function" parentSchemaName="fdr_servicerequestfunction" parentDisplayName="Service Request Function" solution="Active" />
        <Dependent type="10" schemaName="fdr_fdr_servicerequestfunction_fdr_authorizedlocation_servicerequestfunction" displayName="fdr_fdr_servicerequestfunction_fdr_authorizedlocation_servicerequestfunction" parentSchemaName="fdr_servicerequestfunction" parentDisplayName="Service Request Function" />
      </MissingDependency>
      <MissingDependency>
        <Required type="2" schemaName="msdyn_name" displayName="Work Order Number" parentSchemaName="msdyn_workorder" parentDisplayName="Work Order" solution="FieldService (8.8.0.88)">
          <package>FieldService_Anchor (8.8.68.25)</package>
        </Required>
        <Dependent type="10" schemaName="fdr_ServiceRequest_RelatedWorkOrder" displayName="fdr_ServiceRequest_RelatedWorkOrder" parentSchemaName="msdyn_workorder" parentDisplayName="Work Order" />
      </MissingDependency>
      <MissingDependency>
        <Required type="2" schemaName="msdyn_workorderid" displayName="WO Number" parentSchemaName="msdyn_workorder" parentDisplayName="Work Order" solution="FieldService (8.8.0.88)">
          <package>FieldService_Anchor (8.8.68.25)</package>
        </Required>
        <Dependent type="10" schemaName="fdr_ServiceRequest_RelatedWorkOrder" displayName="fdr_ServiceRequest_RelatedWorkOrder" parentSchemaName="msdyn_workorder" parentDisplayName="Work Order" />
      </MissingDependency>
      <MissingDependency>
        <Required type="2" schemaName="fdr_operationstatus" displayName="Operation Status" parentSchemaName="ovs_mocregistration" parentDisplayName="Operation" solution="Active" />
        <Dependent type="2" schemaName="fdr_operationstatus" displayName="Current Operation Status" parentSchemaName="fdr_servicerequest" parentDisplayName="Service Request" />
      </MissingDependency>
      <MissingDependency>
        <Required type="2" schemaName="ovs_mocregistrationid" displayName="Operation Id" parentSchemaName="ovs_mocregistration" parentDisplayName="Operation" solution="Active" />
        <Dependent type="10" schemaName="fdr_ServiceRequest_Operation_ovs_MOCRegis" displayName="fdr_ServiceRequest_Operation_ovs_MOCRegis" parentSchemaName="ovs_mocregistration" parentDisplayName="Operation" />
      </MissingDependency>
      <MissingDependency>
        <Required type="2" schemaName="ovs_mocregistrationid" displayName="Operation Id" parentSchemaName="ovs_mocregistration" parentDisplayName="Operation" solution="Active" />
        <Dependent type="2" schemaName="fdr_operationstatus" displayName="Current Operation Status" parentSchemaName="fdr_servicerequest" parentDisplayName="Service Request" />
      </MissingDependency>
      <MissingDependency>
        <Required type="2" schemaName="ovs_name" displayName="Operation ID" parentSchemaName="ovs_mocregistration" parentDisplayName="Operation" solution="Active" />
        <Dependent type="10" schemaName="fdr_ServiceRequest_Operation_ovs_MOCRegis" displayName="fdr_ServiceRequest_Operation_ovs_MOCRegis" parentSchemaName="ovs_mocregistration" parentDisplayName="Operation" />
      </MissingDependency>
      <MissingDependency>
        <Required type="26" schemaName="Registered Marks" displayName="Registered Marks" parentSchemaName="fdr_registeredmark" parentDisplayName="Registered Mark" solution="Active" id="{40475b8a-3345-413b-8fd6-e80ed986c2de}" />
        <Dependent type="60" displayName="Information" parentDisplayName="Service Request" id="{337e6783-6be4-4278-82d0-ee57257802dc}" />
      </MissingDependency>
      <MissingDependency>
        <Required type="26" schemaName="Registered Marks" displayName="Registered Marks" parentSchemaName="fdr_registeredmark" parentDisplayName="Registered Mark" solution="Active" id="{40475b8a-3345-413b-8fd6-e80ed986c2de}" />
        <Dependent type="60" displayName="SR Portal Form" parentDisplayName="Service Request" id="{543eacf9-75e3-ec11-bb3c-000d3a848097}" />
      </MissingDependency>
      <MissingDependency>
        <Required type="26" schemaName="Active Request Equivalency Certificate" displayName="Active Request Equivalency Certificate" parentSchemaName="fdr_requestequivalencycertificate" parentDisplayName="Request Equivalency Certificate" solution="Active" id="{7f272fdb-6e12-4c73-9ccd-8634970e4d35}" />
        <Dependent type="60" displayName="Information" parentDisplayName="Service Request" id="{337e6783-6be4-4278-82d0-ee57257802dc}" />
      </MissingDependency>
      <MissingDependency>
        <Required type="26" schemaName="Active Request Equivalency Certificate" displayName="Active Request Equivalency Certificate" parentSchemaName="fdr_requestequivalencycertificate" parentDisplayName="Request Equivalency Certificate" solution="Active" id="{7f272fdb-6e12-4c73-9ccd-8634970e4d35}" />
        <Dependent type="60" displayName="SR Portal Form" parentDisplayName="Service Request" id="{543eacf9-75e3-ec11-bb3c-000d3a848097}" />
      </MissingDependency>
      <MissingDependency>
        <Required type="26" schemaName="Active Service Request Service Tasks" displayName="Active Service Request Service Tasks" parentSchemaName="fdr_servicerequestservicetask" parentDisplayName="Service Request Service Task" solution="Active" id="{f1130ecd-3c0e-42e4-ab04-fe5417f21d6e}" />
        <Dependent type="60" displayName="Information" parentDisplayName="Service Request" id="{337e6783-6be4-4278-82d0-ee57257802dc}" />
      </MissingDependency>
      <MissingDependency>
        <Required type="26" schemaName="Active Service Request Functions" displayName="Active Service Request Functions" parentSchemaName="fdr_servicerequestfunction" parentDisplayName="Service Request Function" solution="Active" id="{f402f873-f5ee-434b-84eb-296d66a04c39}" />
        <Dependent type="60" displayName="Information" parentDisplayName="Service Request" id="{337e6783-6be4-4278-82d0-ee57257802dc}" />
      </MissingDependency>
      <MissingDependency>
        <Required type="26" schemaName="Active Service Request Functions" displayName="Active Service Request Functions" parentSchemaName="fdr_servicerequestfunction" parentDisplayName="Service Request Function" solution="Active" id="{f402f873-f5ee-434b-84eb-296d66a04c39}" />
        <Dependent type="60" displayName="SR Portal Form" parentDisplayName="Service Request" id="{543eacf9-75e3-ec11-bb3c-000d3a848097}" />
      </MissingDependency>
      <MissingDependency>
        <Required type="60" displayName="Information" parentDisplayName="Cost Recovery Attribute" solution="Active" id="{0db7a267-3e98-40b9-b047-14b4092b93f8}" />
        <Dependent type="60" displayName="Information" parentDisplayName="Service Request" id="{337e6783-6be4-4278-82d0-ee57257802dc}" />
      </MissingDependency>
      <MissingDependency>
        <Required type="60" displayName="MTOA User ID Quick View" parentDisplayName="Contact" solution="Active" id="{26994126-c2f7-ec11-82e4-000d3a8483f6}" />
        <Dependent type="60" displayName="Information" parentDisplayName="Service Request" id="{337e6783-6be4-4278-82d0-ee57257802dc}" />
      </MissingDependency>
      <MissingDependency>
        <Required type="61" schemaName="ikl_/Attach2Dynamics/Library/index.html" displayName="ikl_/Attach2Dynamics/Library/index.html" solution="Attach2Dynamics (9.0.0.24)">
          <package>Attach2Dynamics (9.0.0.24)</package>
        </Required>
        <Dependent type="60" displayName="Information" parentDisplayName="Service Request" id="{337e6783-6be4-4278-82d0-ee57257802dc}" />
      </MissingDependency>
      <MissingDependency>
        <Required type="61" schemaName="ikl_/Attach2Dynamics/Library/index.html" displayName="ikl_/Attach2Dynamics/Library/index.html" solution="Attach2Dynamics (9.0.0.24)">
          <package>Attach2Dynamics (9.0.0.24)</package>
        </Required>
        <Dependent type="60" displayName="SR Portal Form" parentDisplayName="Service Request" id="{543eacf9-75e3-ec11-bb3c-000d3a848097}" />
      </MissingDependency>
      <MissingDependency>
        <Required type="61" schemaName="qm_globalHelper.js" displayName="qm_globalHelper.js" solution="Active" />
        <Dependent type="60" displayName="Information" parentDisplayName="Service Request" id="{337e6783-6be4-4278-82d0-ee57257802dc}" />
      </MissingDependency>
      <MissingDependency>
        <Required type="61" schemaName="qm_globalHelper.js" displayName="qm_globalHelper.js" solution="Active" />
        <Dependent type="60" displayName="SR Portal Form" parentDisplayName="Service Request" id="{543eacf9-75e3-ec11-bb3c-000d3a848097}" />
      </MissingDependency>
      <MissingDependency>
        <Required type="66" schemaName="MscrmControls.Grid.GridControl" displayName="MscrmControls.Grid.GridControl" solution="BaseCustomControlsCore (9.0.2206.3010)" />
        <Dependent type="60" displayName="Information" parentDisplayName="Service Request" id="{337e6783-6be4-4278-82d0-ee57257802dc}" />
      </MissingDependency>
      <MissingDependency>
        <Required type="9" schemaName="fdr_crsdstatus" displayName="CRSD Status" solution="Active" />
        <Dependent type="2" schemaName="fdr_crsd_status" displayName="CRSD Status" parentSchemaName="fdr_servicerequest" parentDisplayName="Service Request" />
      </MissingDependency>
      <MissingDependency>
        <Required type="9" schemaName="fdr_operationstatus" displayName="Operation Status" solution="Active" />
        <Dependent type="2" schemaName="fdr_operationstatus" displayName="Current Operation Status" parentSchemaName="fdr_servicerequest" parentDisplayName="Service Request" />
      </MissingDependency>
      <MissingDependency>
        <Required type="9" schemaName="fdr_servicerequesttype" displayName="Service Request Type" solution="Active" />
        <Dependent type="2" schemaName="fdr_srtype" displayName="Service Request Type" parentSchemaName="fdr_servicerequest" parentDisplayName="Service Request" />
      </MissingDependency>
    </MissingDependencies>
  </SolutionManifest>
</ImportExportXml>