<ImportExportXml xmlns:xsi="http://www.w3.org/2001/XMLSchema-instance">
  <Entities></Entities>
  <Roles></Roles>
  <Workflows></Workflows>
  <FieldSecurityProfiles></FieldSecurityProfiles>
  <Templates />
  <EntityMaps />
  <EntityRelationships />
  <OrganizationSettings />
  <optionsets />
  <WebResources>
    <WebResource>
      <WebResourceId>{c8ba6a13-4817-ed11-b83e-000d3a0c8551}</WebResourceId>
      <Name>fdr_SR_Main.js</Name>
      <DisplayName>FDR Service Request Main js</DisplayName>
      <LanguageCode>0</LanguageCode>
      <WebResourceType>3</WebResourceType>
      <IntroducedVersion>1.0.0.0</IntroducedVersion>
      <IsEnabledForMobileClient>0</IsEnabledForMobileClient>
      <IsAvailableForMobileOffline>0</IsAvailableForMobileOffline>
      <IsCustomizable>1</IsCustomizable>
      <CanBeDeleted>1</CanBeDeleted>
      <IsHidden>0</IsHidden>
      <FileName>/WebResources/fdr_SR_MainjsC8BA6A13-4817-ED11-B83E-000D3A0C8551</FileName>
    </WebResource>
  </WebResources>
  <CustomControls />
  <EntityDataProviders />
  <Languages>
    <Language>1033</Language>
    <Language>1036</Language>
  </Languages>
</ImportExportXml>