<ImportExportXml version="9.2.23062.164" SolutionPackageVersion="9.2" languagecode="1033" generatedBy="CrmLive" xmlns:xsi="http://www.w3.org/2001/XMLSchema-instance">
  <SolutionManifest>
    <UniqueName>TC_GlobalCore_Patch_e453461f</UniqueName>
    <LocalizedNames>
      <LocalizedName description="TDG Core Schema" languagecode="1033" />
    </LocalizedNames>
    <Descriptions>
      <Description description="Patch for TDG Core Schema" languagecode="1033" />
    </Descriptions>
    <ParentUniqueName>TC_GlobalCore</ParentUniqueName>
    <Version>1.152.8.0</Version>
    <Managed>0</Managed>
    <Publisher>
      <UniqueName>oversightpublisher</UniqueName>
      <LocalizedNames>
        <LocalizedName description="Oversight" languagecode="1033" />
      </LocalizedNames>
      <Descriptions>
        <Description description="This is the common solution for AvSec Inspection and TDG Inspection." languagecode="1033" />
      </Descriptions>
      <EMailAddress xsi:nil="true"></EMailAddress>
      <SupportingWebsiteUrl xsi:nil="true"></SupportingWebsiteUrl>
      <CustomizationPrefix>ovs</CustomizationPrefix>
      <CustomizationOptionValuePrefix>91864</CustomizationOptionValuePrefix>
      <Addresses>
        <Address>
          <AddressNumber>1</AddressNumber>
          <AddressTypeCode>1</AddressTypeCode>
          <City xsi:nil="true"></City>
          <County xsi:nil="true"></County>
          <Country xsi:nil="true"></Country>
          <Fax xsi:nil="true"></Fax>
          <FreightTermsCode xsi:nil="true"></FreightTermsCode>
          <ImportSequenceNumber xsi:nil="true"></ImportSequenceNumber>
          <Latitude xsi:nil="true"></Latitude>
          <Line1 xsi:nil="true"></Line1>
          <Line2 xsi:nil="true"></Line2>
          <Line3 xsi:nil="true"></Line3>
          <Longitude xsi:nil="true"></Longitude>
          <Name xsi:nil="true"></Name>
          <PostalCode xsi:nil="true"></PostalCode>
          <PostOfficeBox xsi:nil="true"></PostOfficeBox>
          <PrimaryContactName xsi:nil="true"></PrimaryContactName>
          <ShippingMethodCode>1</ShippingMethodCode>
          <StateOrProvince xsi:nil="true"></StateOrProvince>
          <Telephone1 xsi:nil="true"></Telephone1>
          <Telephone2 xsi:nil="true"></Telephone2>
          <Telephone3 xsi:nil="true"></Telephone3>
          <TimeZoneRuleVersionNumber xsi:nil="true"></TimeZoneRuleVersionNumber>
          <UPSZone xsi:nil="true"></UPSZone>
          <UTCOffset xsi:nil="true"></UTCOffset>
          <UTCConversionTimeZoneCode xsi:nil="true"></UTCConversionTimeZoneCode>
        </Address>
        <Address>
          <AddressNumber>2</AddressNumber>
          <AddressTypeCode>1</AddressTypeCode>
          <City xsi:nil="true"></City>
          <County xsi:nil="true"></County>
          <Country xsi:nil="true"></Country>
          <Fax xsi:nil="true"></Fax>
          <FreightTermsCode xsi:nil="true"></FreightTermsCode>
          <ImportSequenceNumber xsi:nil="true"></ImportSequenceNumber>
          <Latitude xsi:nil="true"></Latitude>
          <Line1 xsi:nil="true"></Line1>
          <Line2 xsi:nil="true"></Line2>
          <Line3 xsi:nil="true"></Line3>
          <Longitude xsi:nil="true"></Longitude>
          <Name xsi:nil="true"></Name>
          <PostalCode xsi:nil="true"></PostalCode>
          <PostOfficeBox xsi:nil="true"></PostOfficeBox>
          <PrimaryContactName xsi:nil="true"></PrimaryContactName>
          <ShippingMethodCode>1</ShippingMethodCode>
          <StateOrProvince xsi:nil="true"></StateOrProvince>
          <Telephone1 xsi:nil="true"></Telephone1>
          <Telephone2 xsi:nil="true"></Telephone2>
          <Telephone3 xsi:nil="true"></Telephone3>
          <TimeZoneRuleVersionNumber xsi:nil="true"></TimeZoneRuleVersionNumber>
          <UPSZone xsi:nil="true"></UPSZone>
          <UTCOffset xsi:nil="true"></UTCOffset>
          <UTCConversionTimeZoneCode xsi:nil="true"></UTCConversionTimeZoneCode>
        </Address>
      </Addresses>
    </Publisher>
    <RootComponents>
      <RootComponent type="1" schemaName="ovs_supportrequest" behavior="1" />
      <RootComponent type="29" id="{12367d15-a80f-ee11-8f6e-0022483d0343}" behavior="0" />
      <RootComponent type="29" id="{13bcf4e1-24bd-ed11-83ff-0022483e130e}" behavior="0" />
      <RootComponent type="29" id="{d572aa28-a60f-ee11-8f6e-0022483d0343}" behavior="0" />
    </RootComponents>
    <MissingDependencies>
      <MissingDependency>
        <Required type="1" schemaName="ovs_supportrequest" displayName="Support Request" solution="Active" />
        <Dependent type="1" schemaName="ovs_supportrequest" displayName="Support Request" />
      </MissingDependency>
      <MissingDependency>
        <Required type="1" schemaName="ovs_supportrequesttype" displayName="Support Request Type" solution="Active" />
        <Dependent type="60" displayName="Information" parentDisplayName="Support Request" id="{f9813d7a-892a-476d-b4d9-30abdf8de48e}" />
      </MissingDependency>
      <MissingDependency>
        <Required type="10" schemaName="ovs_ovs_supportrequest_support_request_outcom" displayName="ovs_ovs_supportrequest_support_request_outcom" parentSchemaName="ovs_support_request_outcome" parentDisplayName="Support Request Outcome" solution="Active" />
        <Dependent type="60" displayName="Information" parentDisplayName="Support Request" id="{f9813d7a-892a-476d-b4d9-30abdf8de48e}" />
      </MissingDependency>
      <MissingDependency>
        <Required type="10" schemaName="ovs_ovs_support_request_outcome_support_reque" displayName="ovs_ovs_support_request_outcome_support_reque" parentSchemaName="ovs_supportrequesttype" parentDisplayName="Support Request Type" solution="Active" />
        <Dependent type="60" displayName="Information" parentDisplayName="Support Request" id="{f9813d7a-892a-476d-b4d9-30abdf8de48e}" />
      </MissingDependency>
      <MissingDependency>
        <Required type="10" schemaName="ovs_ovs_supportrequest_RequestType_ovs_suppor" displayName="ovs_ovs_supportrequest_RequestType_ovs_suppor" parentSchemaName="ovs_supportrequesttype" parentDisplayName="Support Request Type" solution="Active" />
        <Dependent type="60" displayName="Information" parentDisplayName="Support Request" id="{f9813d7a-892a-476d-b4d9-30abdf8de48e}" />
      </MissingDependency>
      <MissingDependency>
        <Required type="2" schemaName="createdon" displayName="Created On" parentSchemaName="ovs_supportrequest" parentDisplayName="Support Request" solution="Active" />
        <Dependent type="26" schemaName="My Support Requests (Active)" displayName="My Support Requests (Active)" parentSchemaName="ovs_supportrequest" parentDisplayName="Support Request" id="{62cc7813-c4ff-ed11-8f6d-0022483e130e}" />
      </MissingDependency>
      <MissingDependency>
        <Required type="2" schemaName="createdon" displayName="Created On" parentSchemaName="ovs_supportrequest" parentDisplayName="Support Request" solution="Active" />
        <Dependent type="26" schemaName="Support Requests (Inactive)" displayName="Support Requests (Inactive)" parentSchemaName="ovs_supportrequest" parentDisplayName="Support Request" id="{77674403-cd18-4e76-ad60-5f617751f617}" />
      </MissingDependency>
      <MissingDependency>
        <Required type="2" schemaName="createdon" displayName="Created On" parentSchemaName="ovs_supportrequest" parentDisplayName="Support Request" solution="Active" />
        <Dependent type="26" schemaName="Support Requests (All)" displayName="Support Requests (All)" parentSchemaName="ovs_supportrequest" parentDisplayName="Support Request" id="{94690ced-1615-ee11-9cbe-0022483d0343}" />
      </MissingDependency>
      <MissingDependency>
        <Required type="2" schemaName="createdon" displayName="Created On" parentSchemaName="ovs_supportrequest" parentDisplayName="Support Request" solution="Active" />
        <Dependent type="60" displayName="Information" parentDisplayName="Support Request" id="{f9813d7a-892a-476d-b4d9-30abdf8de48e}" />
      </MissingDependency>
      <MissingDependency>
        <Required type="2" schemaName="modifiedon" displayName="Modified On" parentSchemaName="ovs_supportrequest" parentDisplayName="Support Request" solution="Active" />
        <Dependent type="29" displayName="set Closed Date when status reason is Closed" id="{12367d15-a80f-ee11-8f6e-0022483d0343}" />
      </MissingDependency>
      <MissingDependency>
        <Required type="2" schemaName="modifiedon" displayName="Modified On" parentSchemaName="ovs_supportrequest" parentDisplayName="Support Request" solution="Active" />
        <Dependent type="29" displayName="Set status to Inactive after status reason is closed." id="{13bcf4e1-24bd-ed11-83ff-0022483e130e}" />
      </MissingDependency>
      <MissingDependency>
        <Required type="2" schemaName="ovs_closeddate" displayName="Closed Date" parentSchemaName="ovs_supportrequest" parentDisplayName="Support Request" solution="Active" />
        <Dependent type="26" schemaName="Support Requests (Inactive)" displayName="Support Requests (Inactive)" parentSchemaName="ovs_supportrequest" parentDisplayName="Support Request" id="{77674403-cd18-4e76-ad60-5f617751f617}" />
      </MissingDependency>
      <MissingDependency>
        <Required type="2" schemaName="ovs_closeddate" displayName="Closed Date" parentSchemaName="ovs_supportrequest" parentDisplayName="Support Request" solution="Active" />
        <Dependent type="26" schemaName="Support Requests (All)" displayName="Support Requests (All)" parentSchemaName="ovs_supportrequest" parentDisplayName="Support Request" id="{94690ced-1615-ee11-9cbe-0022483d0343}" />
      </MissingDependency>
      <MissingDependency>
        <Required type="2" schemaName="ovs_closeddate" displayName="Closed Date" parentSchemaName="ovs_supportrequest" parentDisplayName="Support Request" solution="Active" />
        <Dependent type="29" displayName="set Closed Date when status reason is Closed" id="{12367d15-a80f-ee11-8f6e-0022483d0343}" />
      </MissingDependency>
      <MissingDependency>
        <Required type="2" schemaName="ovs_closeddate" displayName="Closed Date" parentSchemaName="ovs_supportrequest" parentDisplayName="Support Request" solution="Active" />
        <Dependent type="29" displayName="Set status to Inactive after status reason is closed." id="{13bcf4e1-24bd-ed11-83ff-0022483e130e}" />
      </MissingDependency>
      <MissingDependency>
        <Required type="2" schemaName="ovs_closeddate" displayName="Closed Date" parentSchemaName="ovs_supportrequest" parentDisplayName="Support Request" solution="Active" />
        <Dependent type="29" displayName="Clear Closed Date when status is active" id="{d572aa28-a60f-ee11-8f6e-0022483d0343}" />
      </MissingDependency>
      <MissingDependency>
        <Required type="2" schemaName="ovs_closeddate" displayName="Closed Date" parentSchemaName="ovs_supportrequest" parentDisplayName="Support Request" solution="Active" />
        <Dependent type="60" displayName="Information" parentDisplayName="Support Request" id="{f9813d7a-892a-476d-b4d9-30abdf8de48e}" />
      </MissingDependency>
      <MissingDependency>
        <Required type="2" schemaName="ovs_company" displayName="Organization" parentSchemaName="ovs_supportrequest" parentDisplayName="Support Request" solution="Active" />
        <Dependent type="26" schemaName="My Support Requests (Active)" displayName="My Support Requests (Active)" parentSchemaName="ovs_supportrequest" parentDisplayName="Support Request" id="{62cc7813-c4ff-ed11-8f6d-0022483e130e}" />
      </MissingDependency>
      <MissingDependency>
        <Required type="2" schemaName="ovs_company" displayName="Organization" parentSchemaName="ovs_supportrequest" parentDisplayName="Support Request" solution="Active" />
        <Dependent type="26" schemaName="Support Requests (Inactive)" displayName="Support Requests (Inactive)" parentSchemaName="ovs_supportrequest" parentDisplayName="Support Request" id="{77674403-cd18-4e76-ad60-5f617751f617}" />
      </MissingDependency>
      <MissingDependency>
        <Required type="2" schemaName="ovs_company" displayName="Organization" parentSchemaName="ovs_supportrequest" parentDisplayName="Support Request" solution="Active" />
        <Dependent type="26" schemaName="Support Requests (All)" displayName="Support Requests (All)" parentSchemaName="ovs_supportrequest" parentDisplayName="Support Request" id="{94690ced-1615-ee11-9cbe-0022483d0343}" />
      </MissingDependency>
      <MissingDependency>
        <Required type="2" schemaName="ovs_company" displayName="Organization" parentSchemaName="ovs_supportrequest" parentDisplayName="Support Request" solution="Active" />
        <Dependent type="60" displayName="Information" parentDisplayName="Support Request" id="{f9813d7a-892a-476d-b4d9-30abdf8de48e}" />
      </MissingDependency>
      <MissingDependency>
        <Required type="2" schemaName="ovs_createdbyexternaluser" displayName="Created By External User" parentSchemaName="ovs_supportrequest" parentDisplayName="Support Request" solution="Active" />
        <Dependent type="26" schemaName="My Support Requests (Active)" displayName="My Support Requests (Active)" parentSchemaName="ovs_supportrequest" parentDisplayName="Support Request" id="{62cc7813-c4ff-ed11-8f6d-0022483e130e}" />
      </MissingDependency>
      <MissingDependency>
        <Required type="2" schemaName="ovs_createdbyexternaluser" displayName="Created By External User" parentSchemaName="ovs_supportrequest" parentDisplayName="Support Request" solution="Active" />
        <Dependent type="26" schemaName="Support Requests (Inactive)" displayName="Support Requests (Inactive)" parentSchemaName="ovs_supportrequest" parentDisplayName="Support Request" id="{77674403-cd18-4e76-ad60-5f617751f617}" />
      </MissingDependency>
      <MissingDependency>
        <Required type="2" schemaName="ovs_createdbyexternaluser" displayName="Created By External User" parentSchemaName="ovs_supportrequest" parentDisplayName="Support Request" solution="Active" />
        <Dependent type="26" schemaName="Support Requests (All)" displayName="Support Requests (All)" parentSchemaName="ovs_supportrequest" parentDisplayName="Support Request" id="{94690ced-1615-ee11-9cbe-0022483d0343}" />
      </MissingDependency>
      <MissingDependency>
        <Required type="2" schemaName="ovs_createdbyexternaluser" displayName="Created By External User" parentSchemaName="ovs_supportrequest" parentDisplayName="Support Request" solution="Active" />
        <Dependent type="60" displayName="Information" parentDisplayName="Support Request" id="{f9813d7a-892a-476d-b4d9-30abdf8de48e}" />
      </MissingDependency>
      <MissingDependency>
        <Required type="2" schemaName="ovs_priority" displayName="Priority" parentSchemaName="ovs_supportrequest" parentDisplayName="Support Request" solution="Active" />
        <Dependent type="26" schemaName="My Support Requests (Active)" displayName="My Support Requests (Active)" parentSchemaName="ovs_supportrequest" parentDisplayName="Support Request" id="{62cc7813-c4ff-ed11-8f6d-0022483e130e}" />
      </MissingDependency>
      <MissingDependency>
        <Required type="2" schemaName="ovs_priority" displayName="Priority" parentSchemaName="ovs_supportrequest" parentDisplayName="Support Request" solution="Active" />
        <Dependent type="26" schemaName="Support Requests (Inactive)" displayName="Support Requests (Inactive)" parentSchemaName="ovs_supportrequest" parentDisplayName="Support Request" id="{77674403-cd18-4e76-ad60-5f617751f617}" />
      </MissingDependency>
      <MissingDependency>
        <Required type="2" schemaName="ovs_priority" displayName="Priority" parentSchemaName="ovs_supportrequest" parentDisplayName="Support Request" solution="Active" />
        <Dependent type="26" schemaName="Support Requests (All)" displayName="Support Requests (All)" parentSchemaName="ovs_supportrequest" parentDisplayName="Support Request" id="{94690ced-1615-ee11-9cbe-0022483d0343}" />
      </MissingDependency>
      <MissingDependency>
        <Required type="2" schemaName="ovs_priority" displayName="Priority" parentSchemaName="ovs_supportrequest" parentDisplayName="Support Request" solution="Active" />
        <Dependent type="60" displayName="Information" parentDisplayName="Support Request" id="{f9813d7a-892a-476d-b4d9-30abdf8de48e}" />
      </MissingDependency>
      <MissingDependency>
        <Required type="2" schemaName="ovs_requestdetails" displayName="Request Details" parentSchemaName="ovs_supportrequest" parentDisplayName="Support Request" solution="Active" />
        <Dependent type="26" schemaName="My Support Requests (Active)" displayName="My Support Requests (Active)" parentSchemaName="ovs_supportrequest" parentDisplayName="Support Request" id="{62cc7813-c4ff-ed11-8f6d-0022483e130e}" />
      </MissingDependency>
      <MissingDependency>
        <Required type="2" schemaName="ovs_requestdetails" displayName="Request Details" parentSchemaName="ovs_supportrequest" parentDisplayName="Support Request" solution="Active" />
        <Dependent type="26" schemaName="Support Requests (Inactive)" displayName="Support Requests (Inactive)" parentSchemaName="ovs_supportrequest" parentDisplayName="Support Request" id="{77674403-cd18-4e76-ad60-5f617751f617}" />
      </MissingDependency>
      <MissingDependency>
        <Required type="2" schemaName="ovs_requestdetails" displayName="Request Details" parentSchemaName="ovs_supportrequest" parentDisplayName="Support Request" solution="Active" />
        <Dependent type="26" schemaName="Support Requests (All)" displayName="Support Requests (All)" parentSchemaName="ovs_supportrequest" parentDisplayName="Support Request" id="{94690ced-1615-ee11-9cbe-0022483d0343}" />
      </MissingDependency>
      <MissingDependency>
        <Required type="2" schemaName="ovs_requestdetails" displayName="Request Details" parentSchemaName="ovs_supportrequest" parentDisplayName="Support Request" solution="Active" />
        <Dependent type="60" displayName="Information" parentDisplayName="Support Request" id="{f9813d7a-892a-476d-b4d9-30abdf8de48e}" />
      </MissingDependency>
      <MissingDependency>
        <Required type="2" schemaName="ovs_requestnumber" displayName="Request Number" parentSchemaName="ovs_supportrequest" parentDisplayName="Support Request" solution="Active" />
        <Dependent type="26" schemaName="My Support Requests (Active)" displayName="My Support Requests (Active)" parentSchemaName="ovs_supportrequest" parentDisplayName="Support Request" id="{62cc7813-c4ff-ed11-8f6d-0022483e130e}" />
      </MissingDependency>
      <MissingDependency>
        <Required type="2" schemaName="ovs_requestnumber" displayName="Request Number" parentSchemaName="ovs_supportrequest" parentDisplayName="Support Request" solution="Active" />
        <Dependent type="26" schemaName="Support Requests (Inactive)" displayName="Support Requests (Inactive)" parentSchemaName="ovs_supportrequest" parentDisplayName="Support Request" id="{77674403-cd18-4e76-ad60-5f617751f617}" />
      </MissingDependency>
      <MissingDependency>
        <Required type="2" schemaName="ovs_requestnumber" displayName="Request Number" parentSchemaName="ovs_supportrequest" parentDisplayName="Support Request" solution="Active" />
        <Dependent type="26" schemaName="Support Requests (All)" displayName="Support Requests (All)" parentSchemaName="ovs_supportrequest" parentDisplayName="Support Request" id="{94690ced-1615-ee11-9cbe-0022483d0343}" />
      </MissingDependency>
      <MissingDependency>
        <Required type="2" schemaName="ovs_requestnumber" displayName="Request Number" parentSchemaName="ovs_supportrequest" parentDisplayName="Support Request" solution="Active" />
        <Dependent type="29" displayName="set Closed Date when status reason is Closed" id="{12367d15-a80f-ee11-8f6e-0022483d0343}" />
      </MissingDependency>
      <MissingDependency>
        <Required type="2" schemaName="ovs_requestnumber" displayName="Request Number" parentSchemaName="ovs_supportrequest" parentDisplayName="Support Request" solution="Active" />
        <Dependent type="29" displayName="Set status to Inactive after status reason is closed." id="{13bcf4e1-24bd-ed11-83ff-0022483e130e}" />
      </MissingDependency>
      <MissingDependency>
        <Required type="2" schemaName="ovs_requestnumber" displayName="Request Number" parentSchemaName="ovs_supportrequest" parentDisplayName="Support Request" solution="Active" />
        <Dependent type="29" displayName="Clear Closed Date when status is active" id="{d572aa28-a60f-ee11-8f6e-0022483d0343}" />
      </MissingDependency>
      <MissingDependency>
        <Required type="2" schemaName="ovs_requesttype" displayName="Request Type" parentSchemaName="ovs_supportrequest" parentDisplayName="Support Request" solution="Active" />
        <Dependent type="26" schemaName="My Support Requests (Active)" displayName="My Support Requests (Active)" parentSchemaName="ovs_supportrequest" parentDisplayName="Support Request" id="{62cc7813-c4ff-ed11-8f6d-0022483e130e}" />
      </MissingDependency>
      <MissingDependency>
        <Required type="2" schemaName="ovs_requesttype" displayName="Request Type" parentSchemaName="ovs_supportrequest" parentDisplayName="Support Request" solution="Active" />
        <Dependent type="26" schemaName="Support Requests (Inactive)" displayName="Support Requests (Inactive)" parentSchemaName="ovs_supportrequest" parentDisplayName="Support Request" id="{77674403-cd18-4e76-ad60-5f617751f617}" />
      </MissingDependency>
      <MissingDependency>
        <Required type="2" schemaName="ovs_requesttype" displayName="Request Type" parentSchemaName="ovs_supportrequest" parentDisplayName="Support Request" solution="Active" />
        <Dependent type="26" schemaName="Support Requests (All)" displayName="Support Requests (All)" parentSchemaName="ovs_supportrequest" parentDisplayName="Support Request" id="{94690ced-1615-ee11-9cbe-0022483d0343}" />
      </MissingDependency>
      <MissingDependency>
        <Required type="2" schemaName="ovs_requesttype" displayName="Request Type" parentSchemaName="ovs_supportrequest" parentDisplayName="Support Request" solution="Active" />
        <Dependent type="60" displayName="Information" parentDisplayName="Support Request" id="{f9813d7a-892a-476d-b4d9-30abdf8de48e}" />
      </MissingDependency>
      <MissingDependency>
        <Required type="2" schemaName="ovs_site" displayName="Site" parentSchemaName="ovs_supportrequest" parentDisplayName="Support Request" solution="Active" />
        <Dependent type="26" schemaName="My Support Requests (Active)" displayName="My Support Requests (Active)" parentSchemaName="ovs_supportrequest" parentDisplayName="Support Request" id="{62cc7813-c4ff-ed11-8f6d-0022483e130e}" />
      </MissingDependency>
      <MissingDependency>
        <Required type="2" schemaName="ovs_site" displayName="Site" parentSchemaName="ovs_supportrequest" parentDisplayName="Support Request" solution="Active" />
        <Dependent type="26" schemaName="Support Requests (Inactive)" displayName="Support Requests (Inactive)" parentSchemaName="ovs_supportrequest" parentDisplayName="Support Request" id="{77674403-cd18-4e76-ad60-5f617751f617}" />
      </MissingDependency>
      <MissingDependency>
        <Required type="2" schemaName="ovs_site" displayName="Site" parentSchemaName="ovs_supportrequest" parentDisplayName="Support Request" solution="Active" />
        <Dependent type="26" schemaName="Support Requests (All)" displayName="Support Requests (All)" parentSchemaName="ovs_supportrequest" parentDisplayName="Support Request" id="{94690ced-1615-ee11-9cbe-0022483d0343}" />
      </MissingDependency>
      <MissingDependency>
        <Required type="2" schemaName="ovs_support_request_outcome" displayName="Support Request Outcome" parentSchemaName="ovs_supportrequest" parentDisplayName="Support Request" solution="Active" />
        <Dependent type="26" schemaName="Support Requests (Inactive)" displayName="Support Requests (Inactive)" parentSchemaName="ovs_supportrequest" parentDisplayName="Support Request" id="{77674403-cd18-4e76-ad60-5f617751f617}" />
      </MissingDependency>
      <MissingDependency>
        <Required type="2" schemaName="ovs_support_request_outcome" displayName="Support Request Outcome" parentSchemaName="ovs_supportrequest" parentDisplayName="Support Request" solution="Active" />
        <Dependent type="26" schemaName="Support Requests (All)" displayName="Support Requests (All)" parentSchemaName="ovs_supportrequest" parentDisplayName="Support Request" id="{94690ced-1615-ee11-9cbe-0022483d0343}" />
      </MissingDependency>
      <MissingDependency>
        <Required type="2" schemaName="ovs_support_request_outcome" displayName="Support Request Outcome" parentSchemaName="ovs_supportrequest" parentDisplayName="Support Request" solution="Active" />
        <Dependent type="60" displayName="Information" parentDisplayName="Support Request" id="{f9813d7a-892a-476d-b4d9-30abdf8de48e}" />
      </MissingDependency>
      <MissingDependency>
        <Required type="2" schemaName="ovs_supportrequestid" displayName="Support Request" parentSchemaName="ovs_supportrequest" parentDisplayName="Support Request" solution="Active" />
        <Dependent type="26" schemaName="My Support Requests (Active)" displayName="My Support Requests (Active)" parentSchemaName="ovs_supportrequest" parentDisplayName="Support Request" id="{62cc7813-c4ff-ed11-8f6d-0022483e130e}" />
      </MissingDependency>
      <MissingDependency>
        <Required type="2" schemaName="ovs_supportrequestid" displayName="Support Request" parentSchemaName="ovs_supportrequest" parentDisplayName="Support Request" solution="Active" />
        <Dependent type="26" schemaName="Support Requests (Inactive)" displayName="Support Requests (Inactive)" parentSchemaName="ovs_supportrequest" parentDisplayName="Support Request" id="{77674403-cd18-4e76-ad60-5f617751f617}" />
      </MissingDependency>
      <MissingDependency>
        <Required type="2" schemaName="ovs_supportrequestid" displayName="Support Request" parentSchemaName="ovs_supportrequest" parentDisplayName="Support Request" solution="Active" />
        <Dependent type="26" schemaName="Support Requests (All)" displayName="Support Requests (All)" parentSchemaName="ovs_supportrequest" parentDisplayName="Support Request" id="{94690ced-1615-ee11-9cbe-0022483d0343}" />
      </MissingDependency>
      <MissingDependency>
        <Required type="2" schemaName="ovs_supportrequestid" displayName="Support Request" parentSchemaName="ovs_supportrequest" parentDisplayName="Support Request" solution="Active" />
        <Dependent type="29" displayName="set Closed Date when status reason is Closed" id="{12367d15-a80f-ee11-8f6e-0022483d0343}" />
      </MissingDependency>
      <MissingDependency>
        <Required type="2" schemaName="ovs_supportrequestid" displayName="Support Request" parentSchemaName="ovs_supportrequest" parentDisplayName="Support Request" solution="Active" />
        <Dependent type="29" displayName="Set status to Inactive after status reason is closed." id="{13bcf4e1-24bd-ed11-83ff-0022483e130e}" />
      </MissingDependency>
      <MissingDependency>
        <Required type="2" schemaName="ovs_supportrequestid" displayName="Support Request" parentSchemaName="ovs_supportrequest" parentDisplayName="Support Request" solution="Active" />
        <Dependent type="29" displayName="Clear Closed Date when status is active" id="{d572aa28-a60f-ee11-8f6e-0022483d0343}" />
      </MissingDependency>
      <MissingDependency>
        <Required type="2" schemaName="ownerid" displayName="Owner" parentSchemaName="ovs_supportrequest" parentDisplayName="Support Request" solution="Active" />
        <Dependent type="26" schemaName="My Support Requests (Active)" displayName="My Support Requests (Active)" parentSchemaName="ovs_supportrequest" parentDisplayName="Support Request" id="{62cc7813-c4ff-ed11-8f6d-0022483e130e}" />
      </MissingDependency>
      <MissingDependency>
        <Required type="2" schemaName="ownerid" displayName="Owner" parentSchemaName="ovs_supportrequest" parentDisplayName="Support Request" solution="Active" />
        <Dependent type="26" schemaName="Support Requests (Inactive)" displayName="Support Requests (Inactive)" parentSchemaName="ovs_supportrequest" parentDisplayName="Support Request" id="{77674403-cd18-4e76-ad60-5f617751f617}" />
      </MissingDependency>
      <MissingDependency>
        <Required type="2" schemaName="ownerid" displayName="Owner" parentSchemaName="ovs_supportrequest" parentDisplayName="Support Request" solution="Active" />
        <Dependent type="26" schemaName="Support Requests (All)" displayName="Support Requests (All)" parentSchemaName="ovs_supportrequest" parentDisplayName="Support Request" id="{94690ced-1615-ee11-9cbe-0022483d0343}" />
      </MissingDependency>
      <MissingDependency>
        <Required type="2" schemaName="ownerid" displayName="Owner" parentSchemaName="ovs_supportrequest" parentDisplayName="Support Request" solution="Active" />
        <Dependent type="60" displayName="Information" parentDisplayName="Support Request" id="{f9813d7a-892a-476d-b4d9-30abdf8de48e}" />
      </MissingDependency>
      <MissingDependency>
        <Required type="2" schemaName="statecode" displayName="Status" parentSchemaName="ovs_supportrequest" parentDisplayName="Support Request" solution="Active" />
        <Dependent type="26" schemaName="My Support Requests (Active)" displayName="My Support Requests (Active)" parentSchemaName="ovs_supportrequest" parentDisplayName="Support Request" id="{62cc7813-c4ff-ed11-8f6d-0022483e130e}" />
      </MissingDependency>
      <MissingDependency>
        <Required type="2" schemaName="statecode" displayName="Status" parentSchemaName="ovs_supportrequest" parentDisplayName="Support Request" solution="Active" />
        <Dependent type="26" schemaName="Support Requests (Inactive)" displayName="Support Requests (Inactive)" parentSchemaName="ovs_supportrequest" parentDisplayName="Support Request" id="{77674403-cd18-4e76-ad60-5f617751f617}" />
      </MissingDependency>
      <MissingDependency>
        <Required type="2" schemaName="statecode" displayName="Status" parentSchemaName="ovs_supportrequest" parentDisplayName="Support Request" solution="Active" />
        <Dependent type="26" schemaName="Support Requests (All)" displayName="Support Requests (All)" parentSchemaName="ovs_supportrequest" parentDisplayName="Support Request" id="{94690ced-1615-ee11-9cbe-0022483d0343}" />
      </MissingDependency>
      <MissingDependency>
        <Required type="2" schemaName="statecode" displayName="Status" parentSchemaName="ovs_supportrequest" parentDisplayName="Support Request" solution="Active" />
        <Dependent type="29" displayName="set Closed Date when status reason is Closed" id="{12367d15-a80f-ee11-8f6e-0022483d0343}" />
      </MissingDependency>
      <MissingDependency>
        <Required type="2" schemaName="statecode" displayName="Status" parentSchemaName="ovs_supportrequest" parentDisplayName="Support Request" solution="Active" />
        <Dependent type="29" displayName="Set status to Inactive after status reason is closed." id="{13bcf4e1-24bd-ed11-83ff-0022483e130e}" />
      </MissingDependency>
      <MissingDependency>
        <Required type="2" schemaName="statecode" displayName="Status" parentSchemaName="ovs_supportrequest" parentDisplayName="Support Request" solution="Active" />
        <Dependent type="29" displayName="Clear Closed Date when status is active" id="{d572aa28-a60f-ee11-8f6e-0022483d0343}" />
      </MissingDependency>
      <MissingDependency>
        <Required type="2" schemaName="statecode" displayName="Status" parentSchemaName="ovs_supportrequest" parentDisplayName="Support Request" solution="Active" />
        <Dependent type="60" displayName="Information" parentDisplayName="Support Request" id="{f9813d7a-892a-476d-b4d9-30abdf8de48e}" />
      </MissingDependency>
      <MissingDependency>
        <Required type="2" schemaName="statuscode" displayName="Status Reason" parentSchemaName="ovs_supportrequest" parentDisplayName="Support Request" solution="Active" />
        <Dependent type="26" schemaName="My Support Requests (Active)" displayName="My Support Requests (Active)" parentSchemaName="ovs_supportrequest" parentDisplayName="Support Request" id="{62cc7813-c4ff-ed11-8f6d-0022483e130e}" />
      </MissingDependency>
      <MissingDependency>
        <Required type="2" schemaName="statuscode" displayName="Status Reason" parentSchemaName="ovs_supportrequest" parentDisplayName="Support Request" solution="Active" />
        <Dependent type="26" schemaName="Support Requests (Inactive)" displayName="Support Requests (Inactive)" parentSchemaName="ovs_supportrequest" parentDisplayName="Support Request" id="{77674403-cd18-4e76-ad60-5f617751f617}" />
      </MissingDependency>
      <MissingDependency>
        <Required type="2" schemaName="statuscode" displayName="Status Reason" parentSchemaName="ovs_supportrequest" parentDisplayName="Support Request" solution="Active" />
        <Dependent type="26" schemaName="Support Requests (All)" displayName="Support Requests (All)" parentSchemaName="ovs_supportrequest" parentDisplayName="Support Request" id="{94690ced-1615-ee11-9cbe-0022483d0343}" />
      </MissingDependency>
      <MissingDependency>
        <Required type="2" schemaName="statuscode" displayName="Status Reason" parentSchemaName="ovs_supportrequest" parentDisplayName="Support Request" solution="Active" />
        <Dependent type="29" displayName="Set status to Inactive after status reason is closed." id="{13bcf4e1-24bd-ed11-83ff-0022483e130e}" />
      </MissingDependency>
      <MissingDependency>
        <Required type="2" schemaName="statuscode" displayName="Status Reason" parentSchemaName="ovs_supportrequest" parentDisplayName="Support Request" solution="Active" />
        <Dependent type="60" displayName="Information" parentDisplayName="Support Request" id="{f9813d7a-892a-476d-b4d9-30abdf8de48e}" />
      </MissingDependency>
      <MissingDependency>
        <Required type="26" schemaName="Support Request Type Lookup View" displayName="Support Request Type Lookup View" parentSchemaName="ovs_supportrequesttype" parentDisplayName="Support Request Type" solution="Active" id="{daf40171-1972-4dc0-b43c-8dd1e4f6c7eb}" />
        <Dependent type="60" displayName="Information" parentDisplayName="Support Request" id="{f9813d7a-892a-476d-b4d9-30abdf8de48e}" />
      </MissingDependency>
      <MissingDependency>
        <Required type="60" displayName="CID - Contact Quick View" parentDisplayName="Contact" solution="Active" id="{3d47917b-08fd-4df4-a600-1e212bc206c6}" />
        <Dependent type="60" displayName="Information" parentDisplayName="Support Request" id="{f9813d7a-892a-476d-b4d9-30abdf8de48e}" />
      </MissingDependency>
      <MissingDependency>
        <Required type="60" displayName="CID - Quick View 2" parentDisplayName="Account" solution="Active" id="{50353244-df80-45fc-b9ef-46b29b42b4ce}" />
        <Dependent type="60" displayName="Information" parentDisplayName="Support Request" id="{f9813d7a-892a-476d-b4d9-30abdf8de48e}" />
      </MissingDependency>
      <MissingDependency>
        <Required type="60" displayName="CID - Quick View 1" parentDisplayName="Account" solution="Active" id="{86aebd38-52c5-4d4d-8f7d-9285f0783db4}" />
        <Dependent type="60" displayName="Information" parentDisplayName="Support Request" id="{f9813d7a-892a-476d-b4d9-30abdf8de48e}" />
      </MissingDependency>
      <MissingDependency>
        <Required type="61" schemaName="ovs_Support_Request_JS" displayName="ovs_Support_Request_JS" solution="Active" />
        <Dependent type="60" displayName="Information" parentDisplayName="Support Request" id="{f9813d7a-892a-476d-b4d9-30abdf8de48e}" />
      </MissingDependency>
      <MissingDependency>
        <Required type="66" schemaName="MscrmControls.RichTextEditor.RichTextEditorControl" displayName="MscrmControls.RichTextEditor.RichTextEditorControl" solution="msdyn_RichTextEditor (1.0.0.2548)" />
        <Dependent type="60" displayName="Information" parentDisplayName="Support Request" id="{f9813d7a-892a-476d-b4d9-30abdf8de48e}" />
      </MissingDependency>
    </MissingDependencies>
  </SolutionManifest>
</ImportExportXml>