<ImportExportXml xmlns:xsi="http://www.w3.org/2001/XMLSchema-instance">
  <Entities>
    <Entity>
      <Name LocalizedName="Design Marking Requirement" OriginalName="Design Marking Requirement">fdr_DesignMarkingRequirement</Name>
      <EntityInfo>
        <entity Name="fdr_DesignMarkingRequirement" unmodified="1">
          <attributes />
        </entity>
      </EntityInfo>
      <FormXml>
        <forms type="main">
          <systemform>
            <formid>{ca6de007-d51f-493a-b412-1db7d3aea986}</formid>
            <IntroducedVersion>1.0</IntroducedVersion>
            <FormPresentation>1</FormPresentation>
            <FormActivationState>1</FormActivationState>
            <form headerdensity="HighWithControls">
              <tabs>
                <tab verticallayout="true" id="{d9a0ecbd-cce4-494a-93e2-8da3f95f61d7}" IsUserDefined="1" name="General">
                  <labels>
                    <label description="General" languagecode="1033" />
                    <label description="Général" languagecode="1036" />
                  </labels>
                  <columns>
                    <column width="100%">
                      <sections>
                        <section showlabel="false" showbar="false" IsUserDefined="0" id="{dd12905c-4825-4105-868a-8b28ff700196}" name="General">
                          <labels>
                            <label description="General" languagecode="1033" />
                            <label description="Général" languagecode="1036" />
                          </labels>
                          <rows>
                            <row>
                              <cell id="{a23ab267-0788-4d31-80df-a6acd7541ebc}">
                                <labels>
                                  <label description="Name" languagecode="1033" />
                                </labels>
                                <control id="fdr_name" classid="{4273EDBD-AC1D-40d3-9FB2-095C621B552D}" datafieldname="fdr_name" disabled="false" />
                              </cell>
                            </row>
                            <row>
                              <cell id="{58286308-4031-4645-8cd9-5ef0c92dfce2}" locklevel="0" colspan="1" rowspan="1">
                                <labels>
                                  <label description="Container Type" languagecode="1033" />
                                </labels>
                                <control id="fdr_containertype" classid="{270BD3DB-D9AF-4782-9025-509E298DEC0A}" datafieldname="fdr_containertype" disabled="false" />
                              </cell>
                            </row>
                            <row>
                              <cell id="{7115838e-f9d4-48d2-805e-8914e52332a2}" locklevel="0" colspan="1" rowspan="1">
                                <labels>
                                  <label description="Specification" languagecode="1033" />
                                </labels>
                                <control id="fdr_specification" classid="{270BD3DB-D9AF-4782-9025-509E298DEC0A}" datafieldname="fdr_specification" disabled="false" />
                              </cell>
                            </row>
                            <row />
                            <row />
                            <row>
                              <cell id="{15317b4e-07d1-435d-9564-5ed064de185a}" locklevel="0" colspan="1" rowspan="1">
                                <labels>
                                  <label description="Option" languagecode="1033" />
                                </labels>
                                <control id="fdr_option" classid="{4AA28AB7-9C13-4F57-A73D-AD894D048B5F}" datafieldname="fdr_option" disabled="false" />
                              </cell>
                            </row>
                            <row>
                              <cell id="{ca309337-281c-4dcb-9671-878ef32c7d60}" locklevel="0" colspan="1" rowspan="1">
                                <labels>
                                  <label description="Packing Group Marking" languagecode="1033" />
                                </labels>
                                <control id="fdr_packinggroupmarking" classid="{4AA28AB7-9C13-4F57-A73D-AD894D048B5F}" datafieldname="fdr_packinggroupmarking" disabled="false" />
                              </cell>
                            </row>
                            <row>
                              <cell id="{6e3f724b-0a40-4122-ba4c-dbd91d412735}" locklevel="0" colspan="1" rowspan="1">
                                <labels>
                                  <label description="Gross Mass Required" languagecode="1033" />
                                </labels>
                                <control id="fdr_grossmass" classid="{67FAC785-CD58-4F9F-ABB3-4B7DDC6ED5ED}" datafieldname="fdr_grossmass" disabled="false" />
                              </cell>
                            </row>
                            <row>
                              <cell id="{de98cf7d-d4d2-4d2c-964d-9cc5cf6fe477}" locklevel="0" colspan="1" rowspan="1">
                                <labels>
                                  <label description="Relative Density Required" languagecode="1033" />
                                </labels>
                                <control id="fdr_relativedensity" classid="{67FAC785-CD58-4F9F-ABB3-4B7DDC6ED5ED}" datafieldname="fdr_relativedensity" disabled="false" />
                              </cell>
                            </row>
                            <row>
                              <cell id="{8991a592-82a3-4975-9d9a-626593c416c5}" locklevel="0" colspan="1" rowspan="1">
                                <labels>
                                  <label description="Class Marking Text " languagecode="1033" />
                                </labels>
                                <control id="fdr_classmarkingtext" classid="{4273EDBD-AC1D-40D3-9FB2-095C621B552D}" datafieldname="fdr_classmarkingtext" disabled="false" />
                              </cell>
                            </row>
                            <row>
                              <cell id="{bc720e0f-7166-478a-b51e-6f21ce773a7e}" locklevel="0" colspan="1" rowspan="1">
                                <labels>
                                  <label description="NRCAN Authorization" languagecode="1033" />
                                </labels>
                                <control id="fdr_nrcanauthorization" classid="{67FAC785-CD58-4F9F-ABB3-4B7DDC6ED5ED}" datafieldname="fdr_nrcanauthorization" disabled="false" />
                              </cell>
                            </row>
                            <row>
                              <cell id="{193ec6c8-5c46-4de2-a985-3bca184770ba}" locklevel="0" colspan="1" rowspan="1">
                                <labels>
                                  <label description="Packaging Material" languagecode="1033" />
                                </labels>
                                <control id="fdr_packagingmaterial" classid="{3EF39988-22BB-4F0B-BBBE-64B5A3748AEE}" datafieldname="fdr_packagingmaterial" disabled="false" />
                              </cell>
                            </row>
                            <row>
                              <cell id="{61ca0f8f-ff11-4243-b370-4463e7bb5a16}" locklevel="0" colspan="1" rowspan="1">
                                <labels>
                                  <label description="Internal Test Pressure Required" languagecode="1033" />
                                </labels>
                                <control id="fdr_internaltestpressure" classid="{67FAC785-CD58-4F9F-ABB3-4B7DDC6ED5ED}" datafieldname="fdr_internaltestpressure" disabled="false" />
                              </cell>
                            </row>
                            <row>
                              <cell id="{c4ff7583-d127-40e3-96de-3c91bb2f02e8}" locklevel="0" colspan="1" rowspan="1">
                                <labels>
                                  <label description="Display Month" languagecode="1033" />
                                </labels>
                                <control id="fdr_displaymonth" classid="{67FAC785-CD58-4F9F-ABB3-4B7DDC6ED5ED}" datafieldname="fdr_displaymonth" disabled="false" />
                              </cell>
                            </row>
                            <row>
                              <cell id="{9cf6b359-d8dc-4e49-ba8c-5be0ddeb6d03}" locklevel="0" colspan="1" rowspan="1">
                                <labels>
                                  <label description="Display Year" languagecode="1033" />
                                </labels>
                                <control id="fdr_displayyear" classid="{67FAC785-CD58-4F9F-ABB3-4B7DDC6ED5ED}" datafieldname="fdr_displayyear" disabled="false" />
                              </cell>
                            </row>
                            <row>
                              <cell id="{fa4af318-6605-486a-abe0-b77b833bb337}" locklevel="0" colspan="1" rowspan="1">
                                <labels>
                                  <label description="Display Country" languagecode="1033" />
                                </labels>
                                <control id="fdr_displaycountry" classid="{67FAC785-CD58-4F9F-ABB3-4B7DDC6ED5ED}" datafieldname="fdr_displaycountry" disabled="false" />
                              </cell>
                            </row>
                            <row>
                              <cell id="{c7c0ba51-08af-4858-bbe2-ef761a4b9fc2}" locklevel="0" colspan="1" rowspan="1">
                                <labels>
                                  <label description="Registered Mark Required" languagecode="1033" />
                                </labels>
                                <control id="fdr_registeredmark" classid="{67FAC785-CD58-4F9F-ABB3-4B7DDC6ED5ED}" datafieldname="fdr_registeredmark" disabled="false" />
                              </cell>
                            </row>
                            <row>
                              <cell id="{d20283e1-c1d8-4c6d-8676-e0c44b6ce1a3}" locklevel="0" colspan="1" rowspan="1">
                                <labels>
                                  <label description="TCRN Required" languagecode="1033" />
                                </labels>
                                <control id="fdr_tcrnrequired" classid="{67FAC785-CD58-4F9F-ABB3-4B7DDC6ED5ED}" datafieldname="fdr_tcrnrequired" disabled="false" />
                              </cell>
                            </row>
                            <row>
                              <cell id="{6d52e599-afa1-4127-85ce-71058b9ac082}" locklevel="0" colspan="1" rowspan="1">
                                <labels>
                                  <label description="Maximum Permitted Stacking Load" languagecode="1033" />
                                </labels>
                                <control id="fdr_maximumpermittedstackingload" classid="{67FAC785-CD58-4F9F-ABB3-4B7DDC6ED5ED}" datafieldname="fdr_maximumpermittedstackingload" disabled="false" />
                              </cell>
                            </row>
                            <row>
                              <cell id="{2c2734c4-d6dd-4e62-8fb2-3dbf43bf0547}" locklevel="0" colspan="1" rowspan="1">
                                <labels>
                                  <label description="Maximum Permissible Gross Mass / Load" languagecode="1033" />
                                </labels>
                                <control id="fdr_maximumpermissiblegrossmassload" classid="{67FAC785-CD58-4F9F-ABB3-4B7DDC6ED5ED}" datafieldname="fdr_maximumpermissiblegrossmassload" disabled="false" />
                              </cell>
                            </row>
                            <row>
                              <cell id="{d877113e-3beb-4bb0-b27c-e464693e4045}" locklevel="0" colspan="1" rowspan="1">
                                <labels>
                                  <label description="Maximum Capacity" languagecode="1033" />
                                </labels>
                                <control id="fdr_maximumcapacity" classid="{67FAC785-CD58-4F9F-ABB3-4B7DDC6ED5ED}" datafieldname="fdr_maximumcapacity" disabled="false" />
                              </cell>
                            </row>
                            <row>
                              <cell id="{faadb80c-ec6d-4f6e-8d81-0ef400b30974}" locklevel="0" colspan="1" rowspan="1">
                                <labels>
                                  <label description="Tare Mass" languagecode="1033" />
                                </labels>
                                <control id="fdr_taremass" classid="{67FAC785-CD58-4F9F-ABB3-4B7DDC6ED5ED}" datafieldname="fdr_taremass" disabled="false" />
                              </cell>
                            </row>
                            <row>
                              <cell id="{9c742ade-9c9b-418d-beb4-531f12bc66a4}" locklevel="0" colspan="1" rowspan="1">
                                <labels>
                                  <label description="Test Pressure" languagecode="1033" />
                                </labels>
                                <control id="fdr_testpressure" classid="{67FAC785-CD58-4F9F-ABB3-4B7DDC6ED5ED}" datafieldname="fdr_testpressure" disabled="false" />
                              </cell>
                            </row>
                            <row>
                              <cell id="{9412a329-8bf9-48be-8286-f7472ed732db}" locklevel="0" colspan="1" rowspan="1">
                                <labels>
                                  <label description="Maximum Loading / Discharge Pressure" languagecode="1033" />
                                </labels>
                                <control id="fdr_maximumloadingdischargepressure" classid="{67FAC785-CD58-4F9F-ABB3-4B7DDC6ED5ED}" datafieldname="fdr_maximumloadingdischargepressure" disabled="false" />
                              </cell>
                            </row>
                            <row>
                              <cell id="{342969c0-0703-4749-95d0-26a587521f48}" locklevel="0" colspan="1" rowspan="1">
                                <labels>
                                  <label description="Body Material" languagecode="1033" />
                                </labels>
                                <control id="fdr_bodymaterial" classid="{67FAC785-CD58-4F9F-ABB3-4B7DDC6ED5ED}" datafieldname="fdr_bodymaterial" disabled="false" />
                              </cell>
                            </row>
                            <row>
                              <cell id="{e66dfd63-3342-4ea9-90ed-06b873ed1e67}" locklevel="0" colspan="1" rowspan="1">
                                <labels>
                                  <label description="Minimum Thickness" languagecode="1033" />
                                </labels>
                                <control id="fdr_minimumthickness" classid="{67FAC785-CD58-4F9F-ABB3-4B7DDC6ED5ED}" datafieldname="fdr_minimumthickness" disabled="false" />
                              </cell>
                            </row>
                            <row>
                              <cell id="{d0cfc5f2-d0ef-44b2-93e1-9b201c2afa41}" locklevel="0" colspan="1" rowspan="1">
                                <labels>
                                  <label description="Nominal Thickness" languagecode="1033" />
                                </labels>
                                <control id="fdr_nominalthickness" classid="{67FAC785-CD58-4F9F-ABB3-4B7DDC6ED5ED}" datafieldname="fdr_nominalthickness" disabled="false" />
                              </cell>
                            </row>
                            <row>
                              <cell id="{7f8ea927-1ad0-4a19-a6e5-22c379143c52}" locklevel="0" colspan="1" rowspan="1">
                                <labels>
                                  <label description="Top Thickness" languagecode="1033" />
                                </labels>
                                <control id="fdr_topthickness" classid="{67FAC785-CD58-4F9F-ABB3-4B7DDC6ED5ED}" datafieldname="fdr_topthickness" disabled="false" />
                              </cell>
                            </row>
                            <row>
                              <cell id="{4fd43437-9be5-4dca-aca2-4d33d9c4a154}" locklevel="0" colspan="1" rowspan="1">
                                <labels>
                                  <label description="Side Thickness" languagecode="1033" />
                                </labels>
                                <control id="fdr_sidethickness" classid="{67FAC785-CD58-4F9F-ABB3-4B7DDC6ED5ED}" datafieldname="fdr_sidethickness" disabled="false" />
                              </cell>
                            </row>
                            <row>
                              <cell id="{49e15f6a-42e9-4b34-b847-55a3d7141a2d}" locklevel="0" colspan="1" rowspan="1">
                                <labels>
                                  <label description="Bottom Thickness" languagecode="1033" />
                                </labels>
                                <control id="fdr_bottomthickness" classid="{67FAC785-CD58-4F9F-ABB3-4B7DDC6ED5ED}" datafieldname="fdr_bottomthickness" disabled="false" />
                              </cell>
                            </row>
                            <row>
                              <cell id="{3ff791d9-7cfe-4ba7-b4c0-52bbd9c61aca}" locklevel="0" colspan="1" rowspan="1">
                                <labels>
                                  <label description="Serial Number / Lot Number" languagecode="1033" />
                                </labels>
                                <control id="fdr_serialnumberlotnumber" classid="{67FAC785-CD58-4F9F-ABB3-4B7DDC6ED5ED}" datafieldname="fdr_serialnumberlotnumber" disabled="false" />
                              </cell>
                            </row>
                            <row>
                              <cell id="{a64b7118-7444-4864-b8f3-3f4374697b0b}" locklevel="0" colspan="1" rowspan="1">
                                <labels>
                                  <label description="Maximum Allowable Working Pressure (MAWP)" languagecode="1033" />
                                </labels>
                                <control id="fdr_maximumallowableworkingpressure" classid="{67FAC785-CD58-4F9F-ABB3-4B7DDC6ED5ED}" datafieldname="fdr_maximumallowableworkingpressure" disabled="false" />
                              </cell>
                            </row>
                            <row>
                              <cell id="{baf39dae-568f-4952-b376-9643b410d2ff}" locklevel="0" colspan="1" rowspan="1">
                                <labels>
                                  <label description="Main Container Drawing" languagecode="1033" />
                                </labels>
                                <control id="fdr_maincontainerdrawing" classid="{67FAC785-CD58-4F9F-ABB3-4B7DDC6ED5ED}" datafieldname="fdr_maincontainerdrawing" disabled="false" />
                              </cell>
                            </row>
                            <row>
                              <cell id="{98f92bfd-337e-4892-b6c5-b817b7b08e99}" locklevel="0" colspan="1" rowspan="1">
                                <labels>
                                  <label description="Tank Assembly Drawing" languagecode="1033" />
                                </labels>
                                <control id="fdr_tankassemblydrawing" classid="{67FAC785-CD58-4F9F-ABB3-4B7DDC6ED5ED}" datafieldname="fdr_tankassemblydrawing" disabled="false" />
                              </cell>
                            </row>
                            <row>
                              <cell id="{be65ed76-edfe-44cc-a790-f4975e857484}" locklevel="0" colspan="1" rowspan="1">
                                <labels>
                                  <label description="Piping Arrangement Drawing" languagecode="1033" />
                                </labels>
                                <control id="fdr_pipingarrangementdrawing" classid="{67FAC785-CD58-4F9F-ABB3-4B7DDC6ED5ED}" datafieldname="fdr_pipingarrangementdrawing" disabled="false" />
                              </cell>
                            </row>
                            <row>
                              <cell id="{8c40c31b-20c2-4451-87b6-ce0f8f05c12e}" locklevel="0" colspan="1" rowspan="1">
                                <labels>
                                  <label description="Latest Design Review Agency" languagecode="1033" />
                                </labels>
                                <control id="fdr_latestdesignreviewagency" classid="{67FAC785-CD58-4F9F-ABB3-4B7DDC6ED5ED}" datafieldname="fdr_latestdesignreviewagency" disabled="false" />
                              </cell>
                            </row>
                            <row>
                              <cell id="{704d9a15-6391-4eb8-a42a-868c35e63806}" locklevel="0" colspan="1" rowspan="1">
                                <labels>
                                  <label description="Design Review Agency Report Number" languagecode="1033" />
                                </labels>
                                <control id="fdr_designreviewagencyreportnumber" classid="{67FAC785-CD58-4F9F-ABB3-4B7DDC6ED5ED}" datafieldname="fdr_designreviewagencyreportnumber" disabled="false" />
                              </cell>
                            </row>
                            <row>
                              <cell id="{a500c3c2-e0cc-4686-9af1-670bd08ad4e8}" locklevel="0" colspan="1" rowspan="1">
                                <labels>
                                  <label description="Design Review Agency Report Date" languagecode="1033" />
                                </labels>
                                <control id="fdr_designreviewagencyreportdate" classid="{67FAC785-CD58-4F9F-ABB3-4B7DDC6ED5ED}" datafieldname="fdr_designreviewagencyreportdate" disabled="false" />
                              </cell>
                            </row>
                          </rows>
                        </section>
                      </sections>
                    </column>
                  </columns>
                </tab>
              </tabs>
              <header id="{660cb0c7-8a6c-4fa4-a054-56f9beb8dd1f}" celllabelposition="Top" columns="111" labelwidth="115" celllabelalignment="Left">
                <rows>
                  <row>
                    <cell id="{0a9bda45-b5a4-46b6-a552-38e1b4465217}" showlabel="false">
                      <labels>
                        <label description="" languagecode="1033" />
                      </labels>
                    </cell>
                    <cell id="{04a9c13b-ca08-4a6c-b699-3b5a2de5078d}" showlabel="false">
                      <labels>
                        <label description="" languagecode="1033" />
                      </labels>
                    </cell>
                    <cell id="{a4b921fd-4c0f-4d11-8bd2-bc555686a102}" showlabel="false">
                      <labels>
                        <label description="" languagecode="1033" />
                      </labels>
                    </cell>
                    <cell id="{8a2e21a2-5449-4051-a4d4-d566d0100460}" colspan="1" rowspan="1">
                      <labels>
                        <label description="Owner" languagecode="1033" />
                        <label description="Propriétaire" languagecode="1036" />
                      </labels>
                      <control id="header_ownerid" classid="{270BD3DB-D9AF-4782-9025-509E298DEC0A}" datafieldname="ownerid" />
                    </cell>
                  </row>
                </rows>
              </header>
              <footer id="{a2b4f6f7-1a5b-45a7-83c9-5fe31bed45f5}" celllabelposition="Top" columns="111" labelwidth="115" celllabelalignment="Left">
                <rows>
                  <row>
                    <cell id="{a1125472-1725-4afa-8637-d050bfa7d3fe}" showlabel="false">
                      <labels>
                        <label description="" languagecode="1033" />
                      </labels>
                    </cell>
                    <cell id="{5096ff33-0efe-492c-b573-db4e41ffe051}" showlabel="false">
                      <labels>
                        <label description="" languagecode="1033" />
                      </labels>
                    </cell>
                    <cell id="{89900a35-230b-4664-a768-c4e1b4b6807a}" showlabel="false">
                      <labels>
                        <label description="" languagecode="1033" />
                      </labels>
                    </cell>
                  </row>
                </rows>
              </footer>
              <DisplayConditions Order="0" FallbackForm="true">
                <Everyone />
              </DisplayConditions>
            </form>
            <IsCustomizable>1</IsCustomizable>
            <CanBeDeleted>1</CanBeDeleted>
            <LocalizedNames>
              <LocalizedName description="Information" languagecode="1033" />
            </LocalizedNames>
            <Descriptions>
              <Description description="A form for this entity." languagecode="1033" />
            </Descriptions>
          </systemform>
        </forms>
      </FormXml>
      <RibbonDiffXml>
        <CustomActions />
        <Templates>
          <RibbonTemplates Id="Mscrm.Templates"></RibbonTemplates>
        </Templates>
        <CommandDefinitions />
        <RuleDefinitions>
          <TabDisplayRules />
          <DisplayRules />
          <EnableRules />
        </RuleDefinitions>
        <LocLabels />
      </RibbonDiffXml>
    </Entity>
  </Entities>
  <Roles></Roles>
  <Workflows></Workflows>
  <FieldSecurityProfiles></FieldSecurityProfiles>
  <Templates />
  <EntityMaps />
  <EntityRelationships />
  <OrganizationSettings />
  <optionsets />
  <WebResources>
    <WebResource>
      <WebResourceId>{b7dd7319-54fd-ec11-82e6-000d3a8483f6}</WebResourceId>
      <Name>fdr_design_main.js</Name>
      <DisplayName>FDR Design main</DisplayName>
      <LanguageCode>0</LanguageCode>
      <WebResourceType>3</WebResourceType>
      <IntroducedVersion>1.0.0.0</IntroducedVersion>
      <IsEnabledForMobileClient>0</IsEnabledForMobileClient>
      <IsAvailableForMobileOffline>0</IsAvailableForMobileOffline>
      <IsCustomizable>1</IsCustomizable>
      <CanBeDeleted>1</CanBeDeleted>
      <IsHidden>0</IsHidden>
      <FileName>/WebResources/fdr_design_mainjsB7DD7319-54FD-EC11-82E6-000D3A8483F6</FileName>
    </WebResource>
    <WebResource>
      <WebResourceId>{d2e4a0aa-30fe-ec11-82e6-000d3a8483f6}</WebResourceId>
      <Name>fdr_condition_mainform</Name>
      <DisplayName>Condition Main Form</DisplayName>
      <WebResourceType>3</WebResourceType>
      <IntroducedVersion>1.0.0.0</IntroducedVersion>
      <IsEnabledForMobileClient>0</IsEnabledForMobileClient>
      <IsAvailableForMobileOffline>0</IsAvailableForMobileOffline>
      <DependencyXml>&lt;Dependencies&gt;&lt;Dependency componentType="WebResource"/&gt;&lt;/Dependencies&gt;</DependencyXml>
      <IsCustomizable>1</IsCustomizable>
      <CanBeDeleted>1</CanBeDeleted>
      <IsHidden>0</IsHidden>
      <FileName>/WebResources/fdr_condition_mainformD2E4A0AA-30FE-EC11-82E6-000D3A8483F6</FileName>
    </WebResource>
    <WebResource>
      <WebResourceId>{912a16e7-5b01-ed11-82e6-000d3a8483f6}</WebResourceId>
      <Name>fdr_account_authorizedlocation_main</Name>
      <DisplayName>Account_Authorized_Location</DisplayName>
      <WebResourceType>3</WebResourceType>
      <IntroducedVersion>1.0.0.0</IntroducedVersion>
      <IsEnabledForMobileClient>0</IsEnabledForMobileClient>
      <IsAvailableForMobileOffline>0</IsAvailableForMobileOffline>
      <DependencyXml>&lt;Dependencies&gt;&lt;Dependency componentType="WebResource"/&gt;&lt;/Dependencies&gt;</DependencyXml>
      <IsCustomizable>1</IsCustomizable>
      <CanBeDeleted>1</CanBeDeleted>
      <IsHidden>0</IsHidden>
      <FileName>/WebResources/fdr_account_authorizedlocation_main912A16E7-5B01-ED11-82E6-000D3A8483F6</FileName>
    </WebResource>
  </WebResources>
  <CustomControls />
  <EntityDataProviders />
  <Languages>
    <Language>1033</Language>
    <Language>1036</Language>
  </Languages>
</ImportExportXml>