<ImportExportXml version="9.2.24054.164" SolutionPackageVersion="9.2" languagecode="1033" generatedBy="CrmLive" xmlns:xsi="http://www.w3.org/2001/XMLSchema-instance">
  <SolutionManifest>
    <UniqueName>TC_GlobalCore_Patch_2fbcf3eb</UniqueName>
    <LocalizedNames>
      <LocalizedName description="TDG Core Schema" languagecode="1033" />
    </LocalizedNames>
    <Descriptions>
      <Description description="Patch for TDG Core Schema" languagecode="1033" />
    </Descriptions>
    <ParentUniqueName>TC_GlobalCore</ParentUniqueName>
    <Version>1.164.7.0</Version>
    <Managed>0</Managed>
    <Publisher>
      <UniqueName>oversightpublisher</UniqueName>
      <LocalizedNames>
        <LocalizedName description="Oversight" languagecode="1033" />
      </LocalizedNames>
      <Descriptions>
        <Description description="This is the common solution for AvSec Inspection and TDG Inspection." languagecode="1033" />
      </Descriptions>
      <EMailAddress xsi:nil="true"></EMailAddress>
      <SupportingWebsiteUrl xsi:nil="true"></SupportingWebsiteUrl>
      <CustomizationPrefix>ovs</CustomizationPrefix>
      <CustomizationOptionValuePrefix>91864</CustomizationOptionValuePrefix>
      <Addresses>
        <Address>
          <AddressNumber>1</AddressNumber>
          <AddressTypeCode>1</AddressTypeCode>
          <City xsi:nil="true"></City>
          <County xsi:nil="true"></County>
          <Country xsi:nil="true"></Country>
          <Fax xsi:nil="true"></Fax>
          <FreightTermsCode xsi:nil="true"></FreightTermsCode>
          <ImportSequenceNumber xsi:nil="true"></ImportSequenceNumber>
          <Latitude xsi:nil="true"></Latitude>
          <Line1 xsi:nil="true"></Line1>
          <Line2 xsi:nil="true"></Line2>
          <Line3 xsi:nil="true"></Line3>
          <Longitude xsi:nil="true"></Longitude>
          <Name xsi:nil="true"></Name>
          <PostalCode xsi:nil="true"></PostalCode>
          <PostOfficeBox xsi:nil="true"></PostOfficeBox>
          <PrimaryContactName xsi:nil="true"></PrimaryContactName>
          <ShippingMethodCode>1</ShippingMethodCode>
          <StateOrProvince xsi:nil="true"></StateOrProvince>
          <Telephone1 xsi:nil="true"></Telephone1>
          <Telephone2 xsi:nil="true"></Telephone2>
          <Telephone3 xsi:nil="true"></Telephone3>
          <TimeZoneRuleVersionNumber xsi:nil="true"></TimeZoneRuleVersionNumber>
          <UPSZone xsi:nil="true"></UPSZone>
          <UTCOffset xsi:nil="true"></UTCOffset>
          <UTCConversionTimeZoneCode xsi:nil="true"></UTCConversionTimeZoneCode>
        </Address>
        <Address>
          <AddressNumber>2</AddressNumber>
          <AddressTypeCode>1</AddressTypeCode>
          <City xsi:nil="true"></City>
          <County xsi:nil="true"></County>
          <Country xsi:nil="true"></Country>
          <Fax xsi:nil="true"></Fax>
          <FreightTermsCode xsi:nil="true"></FreightTermsCode>
          <ImportSequenceNumber xsi:nil="true"></ImportSequenceNumber>
          <Latitude xsi:nil="true"></Latitude>
          <Line1 xsi:nil="true"></Line1>
          <Line2 xsi:nil="true"></Line2>
          <Line3 xsi:nil="true"></Line3>
          <Longitude xsi:nil="true"></Longitude>
          <Name xsi:nil="true"></Name>
          <PostalCode xsi:nil="true"></PostalCode>
          <PostOfficeBox xsi:nil="true"></PostOfficeBox>
          <PrimaryContactName xsi:nil="true"></PrimaryContactName>
          <ShippingMethodCode>1</ShippingMethodCode>
          <StateOrProvince xsi:nil="true"></StateOrProvince>
          <Telephone1 xsi:nil="true"></Telephone1>
          <Telephone2 xsi:nil="true"></Telephone2>
          <Telephone3 xsi:nil="true"></Telephone3>
          <TimeZoneRuleVersionNumber xsi:nil="true"></TimeZoneRuleVersionNumber>
          <UPSZone xsi:nil="true"></UPSZone>
          <UTCOffset xsi:nil="true"></UTCOffset>
          <UTCConversionTimeZoneCode xsi:nil="true"></UTCConversionTimeZoneCode>
        </Address>
      </Addresses>
    </Publisher>
    <RootComponents>
      <RootComponent type="1" schemaName="account" behavior="2" />
      <RootComponent type="1" schemaName="ovs_incident" behavior="0" />
      <RootComponent type="1" schemaName="ovs_incident_injury" behavior="0" />
      <RootComponent type="1" schemaName="ovs_incident_organization" behavior="0" />
      <RootComponent type="9" schemaName="ovs_closuretype" behavior="0" />
      <RootComponent type="9" schemaName="ovs_impact" behavior="0" />
      <RootComponent type="9" schemaName="ovs_incidentparticipantrole" behavior="0" />
      <RootComponent type="9" schemaName="ovs_incidentseverity" behavior="0" />
      <RootComponent type="9" schemaName="ovs_incidentsource" behavior="0" />
      <RootComponent type="9" schemaName="ovs_injurycause" behavior="0" />
      <RootComponent type="9" schemaName="ovs_injurycount" behavior="0" />
      <RootComponent type="9" schemaName="ovs_release_type_cd" behavior="0" />
      <RootComponent type="9" schemaName="ovs_scope" behavior="0" />
      <RootComponent type="9" schemaName="ovs_weather" behavior="0" />
      <RootComponent type="61" schemaName="ovs_DGAIS_org.js" behavior="0" />
      <RootComponent type="61" schemaName="ovs_DGAIS_site.js" behavior="0" />
      <RootComponent type="61" schemaName="ovs_Incident_MainForm.js" behavior="0" />
      <RootComponent type="62" schemaName="ovs_TDGIncidentsIncidentsTMD" behavior="0" />
      <RootComponent type="80" schemaName="ovs_TDGIncidentsIncidentsTMD" behavior="0" />
    </RootComponents>
    <MissingDependencies>
      <MissingDependency>
        <Required type="1" schemaName="ovs_mocregistration" displayName="Operation" solution="Active" />
        <Dependent type="60" displayName="DGAIS Site Profile" parentDisplayName="Account" id="{8e8ef593-361c-ef11-840a-000d3a0c4626}" />
      </MissingDependency>
      <MissingDependency>
        <Required type="1" schemaName="ovs_organization_contact" displayName="Organization Contact" solution="Active" />
        <Dependent type="62" schemaName="ovs_TDGIncidentsIncidentsTMD" />
      </MissingDependency>
      <MissingDependency>
        <Required type="1" schemaName="ovs_organization_contact" displayName="Organization Contact" solution="Active" />
        <Dependent type="80" schemaName="ovs_TDGIncidentsIncidentsTMD" displayName="TDG Incidents / Incidents TMD" />
      </MissingDependency>
      <MissingDependency>
        <Required type="1" schemaName="ovs_registration" displayName="Registration" solution="Active" />
        <Dependent type="60" displayName="DGAIS Organization" parentDisplayName="Account" id="{6cfff89f-351c-ef11-840a-6045bd614ecd}" />
      </MissingDependency>
      <MissingDependency>
        <Required type="10" schemaName="msdyn_account_account_BillingAccount" displayName="msdyn_account_account_BillingAccount" parentSchemaName="account" parentDisplayName="Account" solution="FieldServiceCommon (1.0.0.882)">
          <package>FieldService_Anchor (8.8.118.19)</package>
        </Required>
        <Dependent type="60" displayName="DGAIS Organization" parentDisplayName="Account" id="{6cfff89f-351c-ef11-840a-6045bd614ecd}" />
      </MissingDependency>
      <MissingDependency>
        <Required type="10" schemaName="msdyn_account_account_BillingAccount" displayName="msdyn_account_account_BillingAccount" parentSchemaName="account" parentDisplayName="Account" solution="FieldServiceCommon (1.0.0.882)">
          <package>FieldService_Anchor (8.8.118.19)</package>
        </Required>
        <Dependent type="60" displayName="DGAIS Site Profile" parentDisplayName="Account" id="{8e8ef593-361c-ef11-840a-000d3a0c4626}" />
      </MissingDependency>
      <MissingDependency>
        <Required type="10" schemaName="msdyn_account_msdyn_agreement_BillingAccount" displayName="msdyn_account_msdyn_agreement_BillingAccount" parentSchemaName="account" parentDisplayName="Account" solution="FieldService (8.8.0.88)">
          <package>FieldService_Anchor (8.8.118.19)</package>
        </Required>
        <Dependent type="60" displayName="DGAIS Organization" parentDisplayName="Account" id="{6cfff89f-351c-ef11-840a-6045bd614ecd}" />
      </MissingDependency>
      <MissingDependency>
        <Required type="10" schemaName="msdyn_account_msdyn_agreement_BillingAccount" displayName="msdyn_account_msdyn_agreement_BillingAccount" parentSchemaName="account" parentDisplayName="Account" solution="FieldService (8.8.0.88)">
          <package>FieldService_Anchor (8.8.118.19)</package>
        </Required>
        <Dependent type="60" displayName="DGAIS Site Profile" parentDisplayName="Account" id="{8e8ef593-361c-ef11-840a-000d3a0c4626}" />
      </MissingDependency>
      <MissingDependency>
        <Required type="10" schemaName="msdyn_account_msdyn_agreement_ServiceAccount" displayName="msdyn_account_msdyn_agreement_ServiceAccount" parentSchemaName="account" parentDisplayName="Account" solution="FieldService (8.8.0.88)">
          <package>FieldService_Anchor (8.8.118.19)</package>
        </Required>
        <Dependent type="60" displayName="DGAIS Organization" parentDisplayName="Account" id="{6cfff89f-351c-ef11-840a-6045bd614ecd}" />
      </MissingDependency>
      <MissingDependency>
        <Required type="10" schemaName="msdyn_account_msdyn_agreement_ServiceAccount" displayName="msdyn_account_msdyn_agreement_ServiceAccount" parentSchemaName="account" parentDisplayName="Account" solution="FieldService (8.8.0.88)">
          <package>FieldService_Anchor (8.8.118.19)</package>
        </Required>
        <Dependent type="60" displayName="DGAIS Site Profile" parentDisplayName="Account" id="{8e8ef593-361c-ef11-840a-000d3a0c4626}" />
      </MissingDependency>
      <MissingDependency>
        <Required type="10" schemaName="msdyn_account_msdyn_payment_Account" displayName="msdyn_account_msdyn_payment_Account" parentSchemaName="account" parentDisplayName="Account" solution="FieldService (8.8.0.88)">
          <package>FieldService_Anchor (8.8.118.19)</package>
        </Required>
        <Dependent type="60" displayName="DGAIS Organization" parentDisplayName="Account" id="{6cfff89f-351c-ef11-840a-6045bd614ecd}" />
      </MissingDependency>
      <MissingDependency>
        <Required type="10" schemaName="msdyn_account_msdyn_payment_Account" displayName="msdyn_account_msdyn_payment_Account" parentSchemaName="account" parentDisplayName="Account" solution="FieldService (8.8.0.88)">
          <package>FieldService_Anchor (8.8.118.19)</package>
        </Required>
        <Dependent type="60" displayName="DGAIS Site Profile" parentDisplayName="Account" id="{8e8ef593-361c-ef11-840a-000d3a0c4626}" />
      </MissingDependency>
      <MissingDependency>
        <Required type="10" schemaName="msdyn_account_msdyn_purchaseorder_Vendor" displayName="msdyn_account_msdyn_purchaseorder_Vendor" parentSchemaName="account" parentDisplayName="Account" solution="FieldServiceCommon (1.0.0.882)">
          <package>FieldService_Anchor (8.8.118.19)</package>
        </Required>
        <Dependent type="60" displayName="DGAIS Organization" parentDisplayName="Account" id="{6cfff89f-351c-ef11-840a-6045bd614ecd}" />
      </MissingDependency>
      <MissingDependency>
        <Required type="10" schemaName="msdyn_account_msdyn_purchaseorder_Vendor" displayName="msdyn_account_msdyn_purchaseorder_Vendor" parentSchemaName="account" parentDisplayName="Account" solution="FieldServiceCommon (1.0.0.882)">
          <package>FieldService_Anchor (8.8.118.19)</package>
        </Required>
        <Dependent type="60" displayName="DGAIS Site Profile" parentDisplayName="Account" id="{8e8ef593-361c-ef11-840a-000d3a0c4626}" />
      </MissingDependency>
      <MissingDependency>
        <Required type="10" schemaName="msdyn_account_msdyn_rma_BillingAccount" displayName="msdyn_account_msdyn_rma_BillingAccount" parentSchemaName="account" parentDisplayName="Account" solution="FieldService (8.8.0.88)">
          <package>FieldService_Anchor (8.8.118.19)</package>
        </Required>
        <Dependent type="60" displayName="DGAIS Organization" parentDisplayName="Account" id="{6cfff89f-351c-ef11-840a-6045bd614ecd}" />
      </MissingDependency>
      <MissingDependency>
        <Required type="10" schemaName="msdyn_account_msdyn_rma_BillingAccount" displayName="msdyn_account_msdyn_rma_BillingAccount" parentSchemaName="account" parentDisplayName="Account" solution="FieldService (8.8.0.88)">
          <package>FieldService_Anchor (8.8.118.19)</package>
        </Required>
        <Dependent type="60" displayName="DGAIS Site Profile" parentDisplayName="Account" id="{8e8ef593-361c-ef11-840a-000d3a0c4626}" />
      </MissingDependency>
      <MissingDependency>
        <Required type="10" schemaName="msdyn_account_msdyn_rma_ServiceAccount" displayName="msdyn_account_msdyn_rma_ServiceAccount" parentSchemaName="account" parentDisplayName="Account" solution="FieldService (8.8.0.88)">
          <package>FieldService_Anchor (8.8.118.19)</package>
        </Required>
        <Dependent type="60" displayName="DGAIS Organization" parentDisplayName="Account" id="{6cfff89f-351c-ef11-840a-6045bd614ecd}" />
      </MissingDependency>
      <MissingDependency>
        <Required type="10" schemaName="msdyn_account_msdyn_rma_ServiceAccount" displayName="msdyn_account_msdyn_rma_ServiceAccount" parentSchemaName="account" parentDisplayName="Account" solution="FieldService (8.8.0.88)">
          <package>FieldService_Anchor (8.8.118.19)</package>
        </Required>
        <Dependent type="60" displayName="DGAIS Site Profile" parentDisplayName="Account" id="{8e8ef593-361c-ef11-840a-000d3a0c4626}" />
      </MissingDependency>
      <MissingDependency>
        <Required type="10" schemaName="msdyn_account_msdyn_rtv_Vendor" displayName="msdyn_account_msdyn_rtv_Vendor" parentSchemaName="account" parentDisplayName="Account" solution="FieldService (8.8.0.88)">
          <package>FieldService_Anchor (8.8.118.19)</package>
        </Required>
        <Dependent type="60" displayName="DGAIS Organization" parentDisplayName="Account" id="{6cfff89f-351c-ef11-840a-6045bd614ecd}" />
      </MissingDependency>
      <MissingDependency>
        <Required type="10" schemaName="msdyn_account_msdyn_rtv_Vendor" displayName="msdyn_account_msdyn_rtv_Vendor" parentSchemaName="account" parentDisplayName="Account" solution="FieldService (8.8.0.88)">
          <package>FieldService_Anchor (8.8.118.19)</package>
        </Required>
        <Dependent type="60" displayName="DGAIS Site Profile" parentDisplayName="Account" id="{8e8ef593-361c-ef11-840a-000d3a0c4626}" />
      </MissingDependency>
      <MissingDependency>
        <Required type="10" schemaName="msdyn_account_msdyn_workorder_BillingAccount" displayName="msdyn_account_msdyn_workorder_BillingAccount" parentSchemaName="account" parentDisplayName="Account" solution="FieldService (8.8.0.88)">
          <package>FieldService_Anchor (8.8.118.19)</package>
        </Required>
        <Dependent type="60" displayName="DGAIS Organization" parentDisplayName="Account" id="{6cfff89f-351c-ef11-840a-6045bd614ecd}" />
      </MissingDependency>
      <MissingDependency>
        <Required type="10" schemaName="msdyn_account_msdyn_workorder_BillingAccount" displayName="msdyn_account_msdyn_workorder_BillingAccount" parentSchemaName="account" parentDisplayName="Account" solution="FieldService (8.8.0.88)">
          <package>FieldService_Anchor (8.8.118.19)</package>
        </Required>
        <Dependent type="60" displayName="DGAIS Site Profile" parentDisplayName="Account" id="{8e8ef593-361c-ef11-840a-000d3a0c4626}" />
      </MissingDependency>
      <MissingDependency>
        <Required type="10" schemaName="msdyn_account_msdyn_workorder_ServiceAccount" displayName="msdyn_account_msdyn_workorder_ServiceAccount" parentSchemaName="account" parentDisplayName="Account" solution="FieldService (8.8.0.88)">
          <package>FieldService_Anchor (8.8.118.19)</package>
        </Required>
        <Dependent type="60" displayName="DGAIS Organization" parentDisplayName="Account" id="{6cfff89f-351c-ef11-840a-6045bd614ecd}" />
      </MissingDependency>
      <MissingDependency>
        <Required type="10" schemaName="msdyn_account_msdyn_workorder_ServiceAccount" displayName="msdyn_account_msdyn_workorder_ServiceAccount" parentSchemaName="account" parentDisplayName="Account" solution="FieldService (8.8.0.88)">
          <package>FieldService_Anchor (8.8.118.19)</package>
        </Required>
        <Dependent type="60" displayName="DGAIS Site Profile" parentDisplayName="Account" id="{8e8ef593-361c-ef11-840a-000d3a0c4626}" />
      </MissingDependency>
      <MissingDependency>
        <Required type="10" schemaName="ovs_MOCRegistration_Site" displayName="ovs_MOCRegistration_Site" parentSchemaName="account" parentDisplayName="Account" solution="Active" />
        <Dependent type="60" displayName="DGAIS Site Profile" parentDisplayName="Account" id="{8e8ef593-361c-ef11-840a-000d3a0c4626}" />
      </MissingDependency>
      <MissingDependency>
        <Required type="10" schemaName="ovs_registration_organization_id" displayName="ovs_registration_organization_id" parentSchemaName="account" parentDisplayName="Account" solution="Active" />
        <Dependent type="60" displayName="DGAIS Organization" parentDisplayName="Account" id="{6cfff89f-351c-ef11-840a-6045bd614ecd}" />
      </MissingDependency>
      <MissingDependency>
        <Required type="10" schemaName="msdyn_account_msdyn_customerasset_Account" displayName="msdyn_account_msdyn_customerasset_Account" parentSchemaName="msdyn_customerasset" parentDisplayName="Customer Asset" solution="msdyn_AssetCommon (1.0.50.6)">
          <package>FieldService_Anchor (8.8.118.19)</package>
          <package>msdynce_ServiceAnchor (9.0.24052.1010)</package>
        </Required>
        <Dependent type="60" displayName="DGAIS Organization" parentDisplayName="Account" id="{6cfff89f-351c-ef11-840a-6045bd614ecd}" />
      </MissingDependency>
      <MissingDependency>
        <Required type="10" schemaName="msdyn_account_msdyn_customerasset_Account" displayName="msdyn_account_msdyn_customerasset_Account" parentSchemaName="msdyn_customerasset" parentDisplayName="Customer Asset" solution="msdyn_AssetCommon (1.0.50.6)">
          <package>FieldService_Anchor (8.8.118.19)</package>
          <package>msdynce_ServiceAnchor (9.0.24052.1010)</package>
        </Required>
        <Dependent type="60" displayName="DGAIS Site Profile" parentDisplayName="Account" id="{8e8ef593-361c-ef11-840a-000d3a0c4626}" />
      </MissingDependency>
      <MissingDependency>
        <Required type="2" schemaName="cid_crabusinessnumber" displayName="CRA Business Number" parentSchemaName="account" parentDisplayName="Account" solution="Active" />
        <Dependent type="60" displayName="DGAIS Organization" parentDisplayName="Account" id="{6cfff89f-351c-ef11-840a-6045bd614ecd}" />
      </MissingDependency>
      <MissingDependency>
        <Required type="2" schemaName="cid_reasonfornobnnumber" displayName="Reason for no CRA Business Number" parentSchemaName="account" parentDisplayName="Account" solution="Active" />
        <Dependent type="60" displayName="DGAIS Organization" parentDisplayName="Account" id="{6cfff89f-351c-ef11-840a-6045bd614ecd}" />
      </MissingDependency>
      <MissingDependency>
        <Required type="2" schemaName="cid_reasonfornobnnumber_other" displayName="Other Reason" parentSchemaName="account" parentDisplayName="Account" solution="Active" />
        <Dependent type="60" displayName="DGAIS Organization" parentDisplayName="Account" id="{6cfff89f-351c-ef11-840a-6045bd614ecd}" />
      </MissingDependency>
      <MissingDependency>
        <Required type="2" schemaName="ovs_accountnameenglish" displayName="Account Name (English)" parentSchemaName="account" parentDisplayName="Account" solution="Active" />
        <Dependent type="60" displayName="DGAIS Site Profile" parentDisplayName="Account" id="{8e8ef593-361c-ef11-840a-000d3a0c4626}" />
      </MissingDependency>
      <MissingDependency>
        <Required type="2" schemaName="ovs_accountnamefrench" displayName="Account Name (French)" parentSchemaName="account" parentDisplayName="Account" solution="Active" />
        <Dependent type="60" displayName="DGAIS Site Profile" parentDisplayName="Account" id="{8e8ef593-361c-ef11-840a-000d3a0c4626}" />
      </MissingDependency>
      <MissingDependency>
        <Required type="2" schemaName="ovs_address_type" displayName="Input Address Type" parentSchemaName="account" parentDisplayName="Account" solution="Active" />
        <Dependent type="60" displayName="DGAIS Organization" parentDisplayName="Account" id="{6cfff89f-351c-ef11-840a-6045bd614ecd}" />
      </MissingDependency>
      <MissingDependency>
        <Required type="2" schemaName="ovs_address_type" displayName="Input Address Type" parentSchemaName="account" parentDisplayName="Account" solution="Active" />
        <Dependent type="60" displayName="DGAIS Site Profile" parentDisplayName="Account" id="{8e8ef593-361c-ef11-840a-000d3a0c4626}" />
      </MissingDependency>
      <MissingDependency>
        <Required type="2" schemaName="ovs_cdpopulationdensity" displayName="Population Density" parentSchemaName="account" parentDisplayName="Account" solution="Active" />
        <Dependent type="60" displayName="DGAIS Site Profile" parentDisplayName="Account" id="{8e8ef593-361c-ef11-840a-000d3a0c4626}" />
      </MissingDependency>
      <MissingDependency>
        <Required type="2" schemaName="ovs_legalname" displayName="Legal Name" parentSchemaName="account" parentDisplayName="Account" solution="Active" />
        <Dependent type="60" displayName="DGAIS Organization" parentDisplayName="Account" id="{6cfff89f-351c-ef11-840a-6045bd614ecd}" />
      </MissingDependency>
      <MissingDependency>
        <Required type="2" schemaName="territoryid" displayName="Territory" parentSchemaName="account" parentDisplayName="Account" solution="msdynce_Sales (9.0.4.0076)">
          <package>msdynce_SalesAnchor (9.0.24054.10006)</package>
        </Required>
        <Dependent type="60" displayName="DGAIS Organization" parentDisplayName="Account" id="{6cfff89f-351c-ef11-840a-6045bd614ecd}" />
      </MissingDependency>
      <MissingDependency>
        <Required type="2" schemaName="territoryid" displayName="Territory" parentSchemaName="account" parentDisplayName="Account" solution="msdynce_Sales (9.0.4.0076)">
          <package>msdynce_SalesAnchor (9.0.24054.10006)</package>
        </Required>
        <Dependent type="60" displayName="DGAIS Site Profile" parentDisplayName="Account" id="{8e8ef593-361c-ef11-840a-000d3a0c4626}" />
      </MissingDependency>
      <MissingDependency>
        <Required type="20" displayName="Incident Analyst" solution="Active" id="{6b1b73c4-341c-ef11-840a-6045bd614ecd}" />
        <Dependent type="60" displayName="DGAIS Organization" parentDisplayName="Account" id="{6cfff89f-351c-ef11-840a-6045bd614ecd}" />
      </MissingDependency>
      <MissingDependency>
        <Required type="20" displayName="Incident Analyst" solution="Active" id="{6b1b73c4-341c-ef11-840a-6045bd614ecd}" />
        <Dependent type="60" displayName="DGAIS Site Profile" parentDisplayName="Account" id="{8e8ef593-361c-ef11-840a-000d3a0c4626}" />
      </MissingDependency>
      <MissingDependency>
        <Required type="20" displayName="Incident Analyst" solution="Active" id="{6b1b73c4-341c-ef11-840a-6045bd614ecd}" />
        <Dependent type="80" schemaName="ovs_TDGIncidentsIncidentsTMD" displayName="TDG Incidents / Incidents TMD" />
      </MissingDependency>
      <MissingDependency>
        <Required type="26" schemaName="All Contacts" displayName="All Contacts" parentSchemaName="contact" parentDisplayName="Contact" solution="msdynce_AppCommon (9.0.4.0066)" id="{0d5d377b-5e7c-47b5-bab1-a5cb8b4ac105}">
          <package>msdynce_AppCommonAnchor (9.0.24052.10002)</package>
        </Required>
        <Dependent type="80" schemaName="ovs_TDGIncidentsIncidentsTMD" displayName="TDG Incidents / Incidents TMD" />
      </MissingDependency>
      <MissingDependency>
        <Required type="26" schemaName="CRS Registrations View" displayName="CRS Registrations View" parentSchemaName="ovs_registration" parentDisplayName="Registration" solution="Active" id="{40c5ca0d-73d5-ee11-904c-000d3a845779}" />
        <Dependent type="60" displayName="DGAIS Organization" parentDisplayName="Account" id="{6cfff89f-351c-ef11-840a-6045bd614ecd}" />
      </MissingDependency>
      <MissingDependency>
        <Required type="26" schemaName="CRS Registration Number View" displayName="CRS Registration Number View" parentSchemaName="ovs_registration" parentDisplayName="Registration" solution="Active" id="{52baf50b-db19-ef11-840a-6045bd614ecd}" />
        <Dependent type="60" displayName="DGAIS Organization" parentDisplayName="Account" id="{6cfff89f-351c-ef11-840a-6045bd614ecd}" />
      </MissingDependency>
      <MissingDependency>
        <Required type="26" schemaName="All Sites" displayName="All Sites" parentSchemaName="account" parentDisplayName="Account" solution="Active" id="{631f1f30-1bff-ed11-8f6d-0022483d0343}" />
        <Dependent type="80" schemaName="ovs_TDGIncidentsIncidentsTMD" displayName="TDG Incidents / Incidents TMD" />
      </MissingDependency>
      <MissingDependency>
        <Required type="26" schemaName="All Organizations" displayName="All Organizations" parentSchemaName="account" parentDisplayName="Account" solution="Active" id="{74bbeebe-f9fe-ed11-8f6d-0022483e130e}" />
        <Dependent type="80" schemaName="ovs_TDGIncidentsIncidentsTMD" displayName="TDG Incidents / Incidents TMD" />
      </MissingDependency>
      <MissingDependency>
        <Required type="26" schemaName="Parent Lookup View" displayName="Parent Lookup View" parentSchemaName="account" parentDisplayName="Account" solution="Active" id="{80d24aa0-2b6c-ed11-81ac-0022483d0343}" />
        <Dependent type="60" displayName="DGAIS Site Profile" parentDisplayName="Account" id="{8e8ef593-361c-ef11-840a-000d3a0c4626}" />
      </MissingDependency>
      <MissingDependency>
        <Required type="26" schemaName="Active Child Accounts" displayName="Active Child Accounts" parentSchemaName="account" parentDisplayName="Account" solution="Active" id="{82cc4863-aa98-eb11-b1ac-000d3ae93a4f}" />
        <Dependent type="60" displayName="DGAIS Organization" parentDisplayName="Account" id="{6cfff89f-351c-ef11-840a-6045bd614ecd}" />
      </MissingDependency>
      <MissingDependency>
        <Required type="26" schemaName="Active Operations" displayName="Active Operations" parentSchemaName="ovs_mocregistration" parentDisplayName="Operation" solution="Active" id="{98c7fee1-1d9f-4226-89bb-26e6be7057f8}" />
        <Dependent type="60" displayName="DGAIS Site Profile" parentDisplayName="Account" id="{8e8ef593-361c-ef11-840a-000d3a0c4626}" />
      </MissingDependency>
      <MissingDependency>
        <Required type="26" schemaName="Site Associated Operations" displayName="Site Associated Operations" parentSchemaName="ovs_mocregistration" parentDisplayName="Operation" solution="Active" id="{a6fbfbaa-153c-ec11-8c62-0022483d71b4}" />
        <Dependent type="60" displayName="DGAIS Site Profile" parentDisplayName="Account" id="{8e8ef593-361c-ef11-840a-000d3a0c4626}" />
      </MissingDependency>
      <MissingDependency>
        <Required type="26" schemaName="My Region's Contacts" displayName="My Region's Contacts" parentSchemaName="contact" parentDisplayName="Contact" solution="Active" id="{a8d4d8d3-71db-eb11-bacb-0022483c561b}" />
        <Dependent type="80" schemaName="ovs_TDGIncidentsIncidentsTMD" displayName="TDG Incidents / Incidents TMD" />
      </MissingDependency>
      <MissingDependency>
        <Required type="26" schemaName="Territories Lookup View" displayName="Territories Lookup View" parentSchemaName="territory" parentDisplayName="Region" solution="msdynce_AppCommon (9.0.4.0066)" id="{ad81b2ca-9789-4465-8c56-94c10830a6ed}">
          <package>msdynce_AppCommonAnchor (9.0.24052.10002)</package>
        </Required>
        <Dependent type="60" displayName="DGAIS Organization" parentDisplayName="Account" id="{6cfff89f-351c-ef11-840a-6045bd614ecd}" />
      </MissingDependency>
      <MissingDependency>
        <Required type="26" schemaName="Territories Lookup View" displayName="Territories Lookup View" parentSchemaName="territory" parentDisplayName="Region" solution="msdynce_AppCommon (9.0.4.0066)" id="{ad81b2ca-9789-4465-8c56-94c10830a6ed}">
          <package>msdynce_AppCommonAnchor (9.0.24052.10002)</package>
        </Required>
        <Dependent type="60" displayName="DGAIS Site Profile" parentDisplayName="Account" id="{8e8ef593-361c-ef11-840a-000d3a0c4626}" />
      </MissingDependency>
      <MissingDependency>
        <Required type="26" schemaName="Active Registrations" displayName="Active Registrations" parentSchemaName="ovs_registration" parentDisplayName="Registration" solution="Active" id="{bff66839-6d76-45ee-8b5b-0b85c974c433}" />
        <Dependent type="60" displayName="DGAIS Organization" parentDisplayName="Account" id="{6cfff89f-351c-ef11-840a-6045bd614ecd}" />
      </MissingDependency>
      <MissingDependency>
        <Required type="26" schemaName="Sites" displayName="Sites" parentSchemaName="account" parentDisplayName="Account" solution="Active" id="{e7ba8bd8-440a-eb11-a813-000d3af3a7a7}" />
        <Dependent type="80" schemaName="ovs_TDGIncidentsIncidentsTMD" displayName="TDG Incidents / Incidents TMD" />
      </MissingDependency>
      <MissingDependency>
        <Required type="26" schemaName="Organizations" displayName="Organizations" parentSchemaName="account" parentDisplayName="Account" solution="Active" id="{fdbc939a-2403-eb11-a813-000d3af3ac0d}" />
        <Dependent type="80" schemaName="ovs_TDGIncidentsIncidentsTMD" displayName="TDG Incidents / Incidents TMD" />
      </MissingDependency>
      <MissingDependency>
        <Required type="59" schemaName="Accounts By Territories" displayName="Accounts By Territories" parentSchemaName="account" parentDisplayName="Account" solution="msdynce_Sales (9.0.4.0076)" id="{88de94cc-8b5e-df11-ae90-00155d2e3002}">
          <package>msdynce_SalesAnchor (9.0.24054.10006)</package>
        </Required>
        <Dependent type="80" schemaName="ovs_TDGIncidentsIncidentsTMD" displayName="TDG Incidents / Incidents TMD" />
      </MissingDependency>
      <MissingDependency>
        <Required type="60" displayName="TDG Incident Contact" parentDisplayName="Contact" solution="Active" id="{9f0eda25-2c1d-ef11-840a-6045bd614ecd}" />
        <Dependent type="80" schemaName="ovs_TDGIncidentsIncidentsTMD" displayName="TDG Incidents / Incidents TMD" />
      </MissingDependency>
      <MissingDependency>
        <Required type="60" displayName="Incident Organization Contact" parentDisplayName="Organization Contact" solution="Active" id="{e038b892-2d1d-ef11-840a-000d3a0c4626}" />
        <Dependent type="80" schemaName="ovs_TDGIncidentsIncidentsTMD" displayName="TDG Incidents / Incidents TMD" />
      </MissingDependency>
      <MissingDependency>
        <Required type="61" schemaName="AppCommon/Account/Account_main_system_library.js" displayName="AppCommon/Account/Account_main_system_library.js" solution="msdynce_AppCommon (9.0.4.0066)">
          <package>msdynce_AppCommonAnchor (9.0.24052.10002)</package>
        </Required>
        <Dependent type="60" displayName="DGAIS Organization" parentDisplayName="Account" id="{6cfff89f-351c-ef11-840a-6045bd614ecd}" />
      </MissingDependency>
      <MissingDependency>
        <Required type="61" schemaName="msdyn_/Account/Account.Library.js" displayName="msdyn_/Account/Account.Library.js" solution="FieldService (8.8.0.88)">
          <package>FieldService_Anchor (8.8.118.19)</package>
        </Required>
        <Dependent type="60" displayName="DGAIS Organization" parentDisplayName="Account" id="{6cfff89f-351c-ef11-840a-6045bd614ecd}" />
      </MissingDependency>
      <MissingDependency>
        <Required type="61" schemaName="msdyn_/Account/Account.Library.js" displayName="msdyn_/Account/Account.Library.js" solution="FieldService (8.8.0.88)">
          <package>FieldService_Anchor (8.8.118.19)</package>
        </Required>
        <Dependent type="60" displayName="DGAIS Site Profile" parentDisplayName="Account" id="{8e8ef593-361c-ef11-840a-000d3a0c4626}" />
      </MissingDependency>
      <MissingDependency>
        <Required type="61" schemaName="msdyn_/Images/AppModule_Default_Icon.png" displayName="msdyn_/Images/AppModule_Default_Icon.png" solution="AppModuleWebResources (2.5)" />
        <Dependent type="80" schemaName="ovs_TDGIncidentsIncidentsTMD" displayName="TDG Incidents / Incidents TMD" />
      </MissingDependency>
      <MissingDependency>
        <Required type="61" schemaName="msdyn_/Utils/FieldServiceTrial.js" displayName="msdyn_/Utils/FieldServiceTrial.js" solution="FieldService (8.8.0.88)">
          <package>FieldService_Anchor (8.8.118.19)</package>
        </Required>
        <Dependent type="60" displayName="DGAIS Organization" parentDisplayName="Account" id="{6cfff89f-351c-ef11-840a-6045bd614ecd}" />
      </MissingDependency>
      <MissingDependency>
        <Required type="61" schemaName="msdyn_/Utils/FieldServiceTrial.js" displayName="msdyn_/Utils/FieldServiceTrial.js" solution="FieldService (8.8.0.88)">
          <package>FieldService_Anchor (8.8.118.19)</package>
        </Required>
        <Dependent type="60" displayName="DGAIS Site Profile" parentDisplayName="Account" id="{8e8ef593-361c-ef11-840a-000d3a0c4626}" />
      </MissingDependency>
      <MissingDependency>
        <Required type="61" schemaName="qm_globalHelper.js" displayName="qm_globalHelper.js" solution="Active" />
        <Dependent type="60" displayName="DGAIS Organization" parentDisplayName="Account" id="{6cfff89f-351c-ef11-840a-6045bd614ecd}" />
      </MissingDependency>
      <MissingDependency>
        <Required type="61" schemaName="qm_globalHelper.js" displayName="qm_globalHelper.js" solution="Active" />
        <Dependent type="60" displayName="DGAIS Site Profile" parentDisplayName="Account" id="{8e8ef593-361c-ef11-840a-000d3a0c4626}" />
      </MissingDependency>
      <MissingDependency>
        <Required type="61" schemaName="qm_globalHelper.js" displayName="qm_globalHelper.js" solution="Active" />
        <Dependent type="60" displayName="Information" parentDisplayName="Incident" id="{a58c2822-51b7-4919-b85c-d94204f76f09}" />
      </MissingDependency>
      <MissingDependency>
        <Required type="61" schemaName="Sales/ClientCommon/Sales_ClientCommon.js" displayName="Sales/ClientCommon/Sales_ClientCommon.js" solution="msdynce_Sales (9.0.4.0076)">
          <package>msdynce_SalesAnchor (9.0.24054.10006)</package>
        </Required>
        <Dependent type="60" displayName="DGAIS Organization" parentDisplayName="Account" id="{6cfff89f-351c-ef11-840a-6045bd614ecd}" />
      </MissingDependency>
      <MissingDependency>
        <Required type="66" schemaName="fdn_Canadapost.addressComplete" displayName="fdn_Canadapost.addressComplete" solution="CanadaPostAddressComplete (6.0)" />
        <Dependent type="60" displayName="DGAIS Organization" parentDisplayName="Account" id="{6cfff89f-351c-ef11-840a-6045bd614ecd}" />
      </MissingDependency>
      <MissingDependency>
        <Required type="66" schemaName="fdn_Canadapost.addressComplete" displayName="fdn_Canadapost.addressComplete" solution="CanadaPostAddressComplete (6.0)" />
        <Dependent type="60" displayName="DGAIS Site Profile" parentDisplayName="Account" id="{8e8ef593-361c-ef11-840a-000d3a0c4626}" />
      </MissingDependency>
      <MissingDependency>
        <Required type="66" schemaName="MscrmControls.FieldControls.ToggleControl" displayName="MscrmControls.FieldControls.ToggleControl" solution="BaseCustomControlsCore (9.0.2405.4014)" />
        <Dependent type="60" displayName="Information" parentDisplayName="Incident" id="{a58c2822-51b7-4919-b85c-d94204f76f09}" />
      </MissingDependency>
      <MissingDependency>
        <Required type="66" schemaName="MscrmControls.Grid.GridControl" displayName="MscrmControls.Grid.GridControl" solution="BaseCustomControlsCore (9.0.2405.4014)" />
        <Dependent type="60" displayName="Information" parentDisplayName="Incident" id="{a58c2822-51b7-4919-b85c-d94204f76f09}" />
      </MissingDependency>
      <MissingDependency>
        <Required type="SettingDefinition" displayName="AppChannel" solution="msdyn_AppFrameworkInfraExtensions (1.0.0.10)" id.uniquename="AppChannel" />
        <Dependent type="AppSetting" displayName="parentappmoduleid.uniquename=ovs_TDGIncidentsIncidentsTMD,settingdefinitionid.uniquename=AppChannel" id.parentappmoduleid.uniquename="ovs_TDGIncidentsIncidentsTMD" id.settingdefinitionid.uniquename="AppChannel" />
      </MissingDependency>
    </MissingDependencies>
  </SolutionManifest>
</ImportExportXml>