<ImportExportXml version="9.2.22051.135" SolutionPackageVersion="9.2" languagecode="1033" generatedBy="CrmLive" xmlns:xsi="http://www.w3.org/2001/XMLSchema-instance">
  <SolutionManifest>
    <UniqueName>FDRCoreDev2_Patch_f555ab1b</UniqueName>
    <LocalizedNames>
      <LocalizedName description="FDR.Core.Dev2" languagecode="1033" />
    </LocalizedNames>
    <Descriptions>
      <Description description="Patch for FDR.Core.Dev2" languagecode="1033" />
    </Descriptions>
    <ParentUniqueName>FDRCoreDev2</ParentUniqueName>
    <Version>1.3.4.0</Version>
    <Managed>1</Managed>
    <Publisher>
      <UniqueName>FDR</UniqueName>
      <LocalizedNames>
        <LocalizedName description="Facility and Design Registration" languagecode="1033" />
      </LocalizedNames>
      <Descriptions>
        <Description description="TDG Core Facility and Design Registration" languagecode="1033" />
      </Descriptions>
      <EMailAddress xsi:nil="true"></EMailAddress>
      <SupportingWebsiteUrl xsi:nil="true"></SupportingWebsiteUrl>
      <CustomizationPrefix>fdr</CustomizationPrefix>
      <CustomizationOptionValuePrefix>79460</CustomizationOptionValuePrefix>
      <Addresses>
        <Address>
          <AddressNumber>1</AddressNumber>
          <AddressTypeCode>1</AddressTypeCode>
          <City xsi:nil="true"></City>
          <County xsi:nil="true"></County>
          <Country xsi:nil="true"></Country>
          <Fax xsi:nil="true"></Fax>
          <FreightTermsCode xsi:nil="true"></FreightTermsCode>
          <ImportSequenceNumber xsi:nil="true"></ImportSequenceNumber>
          <Latitude xsi:nil="true"></Latitude>
          <Line1 xsi:nil="true"></Line1>
          <Line2 xsi:nil="true"></Line2>
          <Line3 xsi:nil="true"></Line3>
          <Longitude xsi:nil="true"></Longitude>
          <Name xsi:nil="true"></Name>
          <PostalCode xsi:nil="true"></PostalCode>
          <PostOfficeBox xsi:nil="true"></PostOfficeBox>
          <PrimaryContactName xsi:nil="true"></PrimaryContactName>
          <ShippingMethodCode>1</ShippingMethodCode>
          <StateOrProvince xsi:nil="true"></StateOrProvince>
          <Telephone1 xsi:nil="true"></Telephone1>
          <Telephone2 xsi:nil="true"></Telephone2>
          <Telephone3 xsi:nil="true"></Telephone3>
          <TimeZoneRuleVersionNumber xsi:nil="true"></TimeZoneRuleVersionNumber>
          <UPSZone xsi:nil="true"></UPSZone>
          <UTCOffset xsi:nil="true"></UTCOffset>
          <UTCConversionTimeZoneCode xsi:nil="true"></UTCConversionTimeZoneCode>
        </Address>
        <Address>
          <AddressNumber>2</AddressNumber>
          <AddressTypeCode>1</AddressTypeCode>
          <City xsi:nil="true"></City>
          <County xsi:nil="true"></County>
          <Country xsi:nil="true"></Country>
          <Fax xsi:nil="true"></Fax>
          <FreightTermsCode xsi:nil="true"></FreightTermsCode>
          <ImportSequenceNumber xsi:nil="true"></ImportSequenceNumber>
          <Latitude xsi:nil="true"></Latitude>
          <Line1 xsi:nil="true"></Line1>
          <Line2 xsi:nil="true"></Line2>
          <Line3 xsi:nil="true"></Line3>
          <Longitude xsi:nil="true"></Longitude>
          <Name xsi:nil="true"></Name>
          <PostalCode xsi:nil="true"></PostalCode>
          <PostOfficeBox xsi:nil="true"></PostOfficeBox>
          <PrimaryContactName xsi:nil="true"></PrimaryContactName>
          <ShippingMethodCode>1</ShippingMethodCode>
          <StateOrProvince xsi:nil="true"></StateOrProvince>
          <Telephone1 xsi:nil="true"></Telephone1>
          <Telephone2 xsi:nil="true"></Telephone2>
          <Telephone3 xsi:nil="true"></Telephone3>
          <TimeZoneRuleVersionNumber xsi:nil="true"></TimeZoneRuleVersionNumber>
          <UPSZone xsi:nil="true"></UPSZone>
          <UTCOffset xsi:nil="true"></UTCOffset>
          <UTCConversionTimeZoneCode xsi:nil="true"></UTCConversionTimeZoneCode>
        </Address>
      </Addresses>
    </Publisher>
    <RootComponents>
      <RootComponent type="1" schemaName="fdr_containerfunction" behavior="1" />
      <RootComponent type="1" schemaName="fdr_containertype" behavior="1" />
      <RootComponent type="1" schemaName="fdr_servicerequest" behavior="1" />
      <RootComponent type="1" schemaName="ovs_mocregistration" behavior="1" />
    </RootComponents>
    <MissingDependencies>
      <MissingDependency>
        <Required type="1" schemaName="fdr_containerfunction" displayName="Container Function" solution="Active" />
        <Dependent type="1" schemaName="fdr_containerfunction" displayName="Container Function" />
      </MissingDependency>
      <MissingDependency>
        <Required type="1" schemaName="fdr_containertype" displayName="Container Type" solution="Active" />
        <Dependent type="1" schemaName="fdr_containertype" displayName="Container Type" />
      </MissingDependency>
      <MissingDependency>
        <Required type="1" schemaName="fdr_design" displayName="Design" solution="Active" />
        <Dependent type="60" displayName="Information" parentDisplayName="Service Request" id="{337e6783-6be4-4278-82d0-ee57257802dc}" />
      </MissingDependency>
      <MissingDependency>
        <Required type="1" schemaName="fdr_registeredmark" displayName="Registered Mark" solution="Active" />
        <Dependent type="60" displayName="Information" parentDisplayName="Service Request" id="{337e6783-6be4-4278-82d0-ee57257802dc}" />
      </MissingDependency>
      <MissingDependency>
        <Required type="1" schemaName="fdr_servicerequest" displayName="Service Request" solution="Active" />
        <Dependent type="1" schemaName="fdr_servicerequest" displayName="Service Request" />
      </MissingDependency>
      <MissingDependency>
        <Required type="1" schemaName="fdr_servicerequestfunction" displayName="Service Request Function" solution="Active" />
        <Dependent type="60" displayName="Information" parentDisplayName="Service Request" id="{337e6783-6be4-4278-82d0-ee57257802dc}" />
      </MissingDependency>
      <MissingDependency>
        <Required type="1" schemaName="ovs_aircrafttype" displayName="Aircraft Type" solution="Active" />
        <Dependent type="60" displayName="FDR - Operation Form" parentDisplayName="Operation" id="{6be00af2-4b11-4926-b141-914715128269}" />
      </MissingDependency>
      <MissingDependency>
        <Required type="1" schemaName="ovs_aircrafttype" displayName="Aircraft Type" solution="Active" />
        <Dependent type="60" displayName="Operation Planner Form" parentDisplayName="Operation" id="{b5ce5078-8c7f-ec11-8d20-0022483dbafc}" />
      </MissingDependency>
      <MissingDependency>
        <Required type="1" schemaName="ovs_airoperatorfunction" displayName="Air Operator Function" solution="Active" />
        <Dependent type="60" displayName="FDR - Operation Form" parentDisplayName="Operation" id="{6be00af2-4b11-4926-b141-914715128269}" />
      </MissingDependency>
      <MissingDependency>
        <Required type="1" schemaName="ovs_airoperatorfunction" displayName="Air Operator Function" solution="Active" />
        <Dependent type="60" displayName="Operation Planner Form" parentDisplayName="Operation" id="{b5ce5078-8c7f-ec11-8d20-0022483dbafc}" />
      </MissingDependency>
      <MissingDependency>
        <Required type="1" schemaName="ovs_airoperatortype" displayName="Air Operator Type" solution="Active" />
        <Dependent type="60" displayName="FDR - Operation Form" parentDisplayName="Operation" id="{6be00af2-4b11-4926-b141-914715128269}" />
      </MissingDependency>
      <MissingDependency>
        <Required type="1" schemaName="ovs_airoperatortype" displayName="Air Operator Type" solution="Active" />
        <Dependent type="60" displayName="Operation Planner Form" parentDisplayName="Operation" id="{b5ce5078-8c7f-ec11-8d20-0022483dbafc}" />
      </MissingDependency>
      <MissingDependency>
        <Required type="1" schemaName="ovs_mocregistration" displayName="Operation" solution="Active" />
        <Dependent type="1" schemaName="ovs_mocregistration" displayName="Operation" />
      </MissingDependency>
      <MissingDependency>
        <Required type="1" schemaName="ovs_moctype" displayName="MOC Type" solution="Active" />
        <Dependent type="60" displayName="FDR - Operation Form" parentDisplayName="Operation" id="{6be00af2-4b11-4926-b141-914715128269}" />
      </MissingDependency>
      <MissingDependency>
        <Required type="1" schemaName="ovs_moctype" displayName="MOC Type" solution="Active" />
        <Dependent type="60" displayName="Operation Planner Form" parentDisplayName="Operation" id="{b5ce5078-8c7f-ec11-8d20-0022483dbafc}" />
      </MissingDependency>
      <MissingDependency>
        <Required type="1" schemaName="ovs_modes" displayName="Modes" solution="Active" />
        <Dependent type="60" displayName="FDR - Operation Form" parentDisplayName="Operation" id="{6be00af2-4b11-4926-b141-914715128269}" />
      </MissingDependency>
      <MissingDependency>
        <Required type="1" schemaName="ovs_modes" displayName="Modes" solution="Active" />
        <Dependent type="60" displayName="Operation Planner Form" parentDisplayName="Operation" id="{b5ce5078-8c7f-ec11-8d20-0022483dbafc}" />
      </MissingDependency>
      <MissingDependency>
        <Required type="1" schemaName="ovs_operationclass" displayName="Operation Class" solution="Active" />
        <Dependent type="60" displayName="FDR - Operation Form" parentDisplayName="Operation" id="{6be00af2-4b11-4926-b141-914715128269}" />
      </MissingDependency>
      <MissingDependency>
        <Required type="1" schemaName="ovs_operationclass" displayName="Operation Class" solution="Active" />
        <Dependent type="60" displayName="Operation Planner Form" parentDisplayName="Operation" id="{b5ce5078-8c7f-ec11-8d20-0022483dbafc}" />
      </MissingDependency>
      <MissingDependency>
        <Required type="1" schemaName="ovs_operationunnumber" displayName="Operation UN Number" solution="Active" />
        <Dependent type="60" displayName="FDR - Operation Form" parentDisplayName="Operation" id="{6be00af2-4b11-4926-b141-914715128269}" />
      </MissingDependency>
      <MissingDependency>
        <Required type="1" schemaName="ovs_operationunnumber" displayName="Operation UN Number" solution="Active" />
        <Dependent type="60" displayName="Operation Planner Form" parentDisplayName="Operation" id="{b5ce5078-8c7f-ec11-8d20-0022483dbafc}" />
      </MissingDependency>
      <MissingDependency>
        <Required type="10" schemaName="fdr_ServiceRequest_Site" displayName="fdr_ServiceRequest_Site" parentSchemaName="account" parentDisplayName="Account" solution="Active" />
        <Dependent type="60" displayName="Information" parentDisplayName="Service Request" id="{337e6783-6be4-4278-82d0-ee57257802dc}" />
      </MissingDependency>
      <MissingDependency>
        <Required type="10" schemaName="ovs_MOCRegistration_Site" displayName="ovs_MOCRegistration_Site" parentSchemaName="account" parentDisplayName="Account" solution="Active" />
        <Dependent type="60" displayName="FDR - Operation Form" parentDisplayName="Operation" id="{6be00af2-4b11-4926-b141-914715128269}" />
      </MissingDependency>
      <MissingDependency>
        <Required type="10" schemaName="ovs_MOCRegistration_Site" displayName="ovs_MOCRegistration_Site" parentSchemaName="account" parentDisplayName="Account" solution="Active" />
        <Dependent type="60" displayName="Operation Planner Form" parentDisplayName="Operation" id="{b5ce5078-8c7f-ec11-8d20-0022483dbafc}" />
      </MissingDependency>
      <MissingDependency>
        <Required type="10" schemaName="fdr_contact_operation_PrimaryContact" displayName="fdr_contact_operation_PrimaryContact" parentSchemaName="contact" parentDisplayName="Contact" solution="Active" />
        <Dependent type="60" displayName="FDR - Operation Form" parentDisplayName="Operation" id="{6be00af2-4b11-4926-b141-914715128269}" />
      </MissingDependency>
      <MissingDependency>
        <Required type="10" schemaName="fdr_ServiceRequest_ContainerType" displayName="fdr_ServiceRequest_ContainerType" parentSchemaName="fdr_containertype" parentDisplayName="Container Type" solution="Active" />
        <Dependent type="60" displayName="Information" parentDisplayName="Service Request" id="{337e6783-6be4-4278-82d0-ee57257802dc}" />
      </MissingDependency>
      <MissingDependency>
        <Required type="10" schemaName="fdr_ServiceRequest_Design" displayName="fdr_ServiceRequest_Design" parentSchemaName="fdr_design" parentDisplayName="Design" solution="Active" />
        <Dependent type="60" displayName="Information" parentDisplayName="Service Request" id="{337e6783-6be4-4278-82d0-ee57257802dc}" />
      </MissingDependency>
      <MissingDependency>
        <Required type="10" schemaName="fdr_ServiceRequest_fdr_ServiceRequest_fdr" displayName="fdr_ServiceRequest_fdr_ServiceRequest_fdr" parentSchemaName="fdr_servicerequest" parentDisplayName="Service Request" solution="Active" />
        <Dependent type="60" displayName="Information" parentDisplayName="Service Request" id="{337e6783-6be4-4278-82d0-ee57257802dc}" />
      </MissingDependency>
      <MissingDependency>
        <Required type="10" schemaName="fdr_ServiceRequestFunction_ServiceRequest" displayName="fdr_ServiceRequestFunction_ServiceRequest" parentSchemaName="fdr_servicerequest" parentDisplayName="Service Request" solution="Active" />
        <Dependent type="60" displayName="Information" parentDisplayName="Service Request" id="{337e6783-6be4-4278-82d0-ee57257802dc}" />
      </MissingDependency>
      <MissingDependency>
        <Required type="10" schemaName="fdr_ServiceRequest_ServiceRequestType" displayName="fdr_ServiceRequest_ServiceRequestType" parentSchemaName="fdr_servicerequesttype" parentDisplayName="Service Request Type" solution="Active" />
        <Dependent type="60" displayName="Information" parentDisplayName="Service Request" id="{337e6783-6be4-4278-82d0-ee57257802dc}" />
      </MissingDependency>
      <MissingDependency>
        <Required type="10" schemaName="fdr_ServiceRequest_RelatedWorkOrder" displayName="fdr_ServiceRequest_RelatedWorkOrder" parentSchemaName="msdyn_workorder" parentDisplayName="Work Order" solution="Active" />
        <Dependent type="60" displayName="Information" parentDisplayName="Service Request" id="{337e6783-6be4-4278-82d0-ee57257802dc}" />
      </MissingDependency>
      <MissingDependency>
        <Required type="10" schemaName="ovs_MOCRegistration_ovs_aircrafttype" displayName="ovs_MOCRegistration_ovs_aircrafttype" parentSchemaName="ovs_aircrafttype" parentDisplayName="Aircraft Type" solution="Active" />
        <Dependent type="60" displayName="FDR - Operation Form" parentDisplayName="Operation" id="{6be00af2-4b11-4926-b141-914715128269}" />
      </MissingDependency>
      <MissingDependency>
        <Required type="10" schemaName="ovs_MOCRegistration_ovs_aircrafttype" displayName="ovs_MOCRegistration_ovs_aircrafttype" parentSchemaName="ovs_aircrafttype" parentDisplayName="Aircraft Type" solution="Active" />
        <Dependent type="60" displayName="Operation Planner Form" parentDisplayName="Operation" id="{b5ce5078-8c7f-ec11-8d20-0022483dbafc}" />
      </MissingDependency>
      <MissingDependency>
        <Required type="10" schemaName="ovs_MOCRegistration_ovs_airoperatorfunction" displayName="ovs_MOCRegistration_ovs_airoperatorfunction" parentSchemaName="ovs_airoperatorfunction" parentDisplayName="Air Operator Function" solution="Active" />
        <Dependent type="60" displayName="FDR - Operation Form" parentDisplayName="Operation" id="{6be00af2-4b11-4926-b141-914715128269}" />
      </MissingDependency>
      <MissingDependency>
        <Required type="10" schemaName="ovs_MOCRegistration_ovs_airoperatorfunction" displayName="ovs_MOCRegistration_ovs_airoperatorfunction" parentSchemaName="ovs_airoperatorfunction" parentDisplayName="Air Operator Function" solution="Active" />
        <Dependent type="60" displayName="Operation Planner Form" parentDisplayName="Operation" id="{b5ce5078-8c7f-ec11-8d20-0022483dbafc}" />
      </MissingDependency>
      <MissingDependency>
        <Required type="10" schemaName="ovs_MOCRegistration_ovs_airOperatortype" displayName="ovs_MOCRegistration_ovs_airOperatortype" parentSchemaName="ovs_airoperatortype" parentDisplayName="Air Operator Type" solution="Active" />
        <Dependent type="60" displayName="FDR - Operation Form" parentDisplayName="Operation" id="{6be00af2-4b11-4926-b141-914715128269}" />
      </MissingDependency>
      <MissingDependency>
        <Required type="10" schemaName="ovs_MOCRegistration_ovs_airOperatortype" displayName="ovs_MOCRegistration_ovs_airOperatortype" parentSchemaName="ovs_airoperatortype" parentDisplayName="Air Operator Type" solution="Active" />
        <Dependent type="60" displayName="Operation Planner Form" parentDisplayName="Operation" id="{b5ce5078-8c7f-ec11-8d20-0022483dbafc}" />
      </MissingDependency>
      <MissingDependency>
        <Required type="10" schemaName="ovs_ovs_lob_ovs_mocregistration_lineofbusiness" displayName="ovs_ovs_lob_ovs_mocregistration_lineofbusiness" parentSchemaName="ovs_lob" parentDisplayName="LOB" solution="Active" />
        <Dependent type="60" displayName="FDR - Operation Form" parentDisplayName="Operation" id="{6be00af2-4b11-4926-b141-914715128269}" />
      </MissingDependency>
      <MissingDependency>
        <Required type="10" schemaName="ovs_ovs_lob_ovs_mocregistration_lineofbusiness" displayName="ovs_ovs_lob_ovs_mocregistration_lineofbusiness" parentSchemaName="ovs_lob" parentDisplayName="LOB" solution="Active" />
        <Dependent type="60" displayName="Operation Planner Form" parentDisplayName="Operation" id="{b5ce5078-8c7f-ec11-8d20-0022483dbafc}" />
      </MissingDependency>
      <MissingDependency>
        <Required type="10" schemaName="fdr_ServiceRequest_Operation_ovs_MOCRegis" displayName="fdr_ServiceRequest_Operation_ovs_MOCRegis" parentSchemaName="ovs_mocregistration" parentDisplayName="Operation" solution="Active" />
        <Dependent type="60" displayName="Information" parentDisplayName="Service Request" id="{337e6783-6be4-4278-82d0-ee57257802dc}" />
      </MissingDependency>
      <MissingDependency>
        <Required type="10" schemaName="ovs_mocregistration_ovs_moctype" displayName="ovs_mocregistration_ovs_moctype" parentSchemaName="ovs_mocregistration" parentDisplayName="Operation" solution="Active" />
        <Dependent type="60" displayName="FDR - Operation Form" parentDisplayName="Operation" id="{6be00af2-4b11-4926-b141-914715128269}" />
      </MissingDependency>
      <MissingDependency>
        <Required type="10" schemaName="ovs_mocregistration_ovs_moctype" displayName="ovs_mocregistration_ovs_moctype" parentSchemaName="ovs_mocregistration" parentDisplayName="Operation" solution="Active" />
        <Dependent type="60" displayName="Operation Planner Form" parentDisplayName="Operation" id="{b5ce5078-8c7f-ec11-8d20-0022483dbafc}" />
      </MissingDependency>
      <MissingDependency>
        <Required type="10" schemaName="ovs_OperationUNNumber_OperationUNNumber_o" displayName="ovs_OperationUNNumber_OperationUNNumber_o" parentSchemaName="ovs_mocregistration" parentDisplayName="Operation" solution="Active" />
        <Dependent type="60" displayName="FDR - Operation Form" parentDisplayName="Operation" id="{6be00af2-4b11-4926-b141-914715128269}" />
      </MissingDependency>
      <MissingDependency>
        <Required type="10" schemaName="ovs_OperationUNNumber_OperationUNNumber_o" displayName="ovs_OperationUNNumber_OperationUNNumber_o" parentSchemaName="ovs_mocregistration" parentDisplayName="Operation" solution="Active" />
        <Dependent type="60" displayName="Operation Planner Form" parentDisplayName="Operation" id="{b5ce5078-8c7f-ec11-8d20-0022483dbafc}" />
      </MissingDependency>
      <MissingDependency>
        <Required type="10" schemaName="ovs_ovs_mocregistration_ovs_operationclass_OperationClass" displayName="ovs_ovs_mocregistration_ovs_operationclass_OperationClass" parentSchemaName="ovs_mocregistration" parentDisplayName="Operation" solution="Active" />
        <Dependent type="60" displayName="FDR - Operation Form" parentDisplayName="Operation" id="{6be00af2-4b11-4926-b141-914715128269}" />
      </MissingDependency>
      <MissingDependency>
        <Required type="10" schemaName="ovs_ovs_mocregistration_ovs_operationclass_OperationClass" displayName="ovs_ovs_mocregistration_ovs_operationclass_OperationClass" parentSchemaName="ovs_mocregistration" parentDisplayName="Operation" solution="Active" />
        <Dependent type="60" displayName="Operation Planner Form" parentDisplayName="Operation" id="{b5ce5078-8c7f-ec11-8d20-0022483dbafc}" />
      </MissingDependency>
      <MissingDependency>
        <Required type="10" schemaName="ovs_mocregistration_ovs_modes" displayName="ovs_mocregistration_ovs_modes" parentSchemaName="ovs_mocregistration_ovs_modes" solution="Active" />
        <Dependent type="60" displayName="FDR - Operation Form" parentDisplayName="Operation" id="{6be00af2-4b11-4926-b141-914715128269}" />
      </MissingDependency>
      <MissingDependency>
        <Required type="10" schemaName="ovs_mocregistration_ovs_modes" displayName="ovs_mocregistration_ovs_modes" parentSchemaName="ovs_mocregistration_ovs_modes" solution="Active" />
        <Dependent type="60" displayName="Operation Planner Form" parentDisplayName="Operation" id="{b5ce5078-8c7f-ec11-8d20-0022483dbafc}" />
      </MissingDependency>
      <MissingDependency>
        <Required type="10" schemaName="fdr_ContainerType_Standard" displayName="fdr_ContainerType_Standard" parentSchemaName="qm_tylegislationsource" parentDisplayName="Legislation Source" solution="Active" />
        <Dependent type="60" displayName="Information" parentDisplayName="Container Type" id="{b2746b56-d9fa-4ac8-a332-efe1699f648c}" />
      </MissingDependency>
      <MissingDependency>
        <Required type="2" schemaName="createdby" displayName="Created By" parentSchemaName="fdr_containertype" parentDisplayName="Container Type" solution="Active" />
        <Dependent type="60" displayName="Information" parentDisplayName="Container Type" id="{b2746b56-d9fa-4ac8-a332-efe1699f648c}" />
      </MissingDependency>
      <MissingDependency>
        <Required type="2" schemaName="createdon" displayName="Created On" parentSchemaName="fdr_containertype" parentDisplayName="Container Type" solution="Active" />
        <Dependent type="26" schemaName="Inactive Container Types" displayName="Inactive Container Types" parentSchemaName="fdr_containertype" parentDisplayName="Container Type" id="{0e52af26-dfa1-4534-8ca5-b6698fc779d8}" />
      </MissingDependency>
      <MissingDependency>
        <Required type="2" schemaName="createdon" displayName="Created On" parentSchemaName="fdr_containertype" parentDisplayName="Container Type" solution="Active" />
        <Dependent type="26" schemaName="Active Container Types" displayName="Active Container Types" parentSchemaName="fdr_containertype" parentDisplayName="Container Type" id="{5c7a3bdf-95b4-44cd-88d1-c4e3298f3dc9}" />
      </MissingDependency>
      <MissingDependency>
        <Required type="2" schemaName="createdon" displayName="Created On" parentSchemaName="fdr_containertype" parentDisplayName="Container Type" solution="Active" />
        <Dependent type="60" displayName="Information" parentDisplayName="Container Type" id="{b2746b56-d9fa-4ac8-a332-efe1699f648c}" />
      </MissingDependency>
      <MissingDependency>
        <Required type="2" schemaName="fdr_certificateprefix" displayName="Certificate Prefix" parentSchemaName="fdr_containertype" parentDisplayName="Container Type" solution="Active" />
        <Dependent type="26" schemaName="Inactive Container Types" displayName="Inactive Container Types" parentSchemaName="fdr_containertype" parentDisplayName="Container Type" id="{0e52af26-dfa1-4534-8ca5-b6698fc779d8}" />
      </MissingDependency>
      <MissingDependency>
        <Required type="2" schemaName="fdr_certificateprefix" displayName="Certificate Prefix" parentSchemaName="fdr_containertype" parentDisplayName="Container Type" solution="Active" />
        <Dependent type="26" schemaName="Active Container Types" displayName="Active Container Types" parentSchemaName="fdr_containertype" parentDisplayName="Container Type" id="{5c7a3bdf-95b4-44cd-88d1-c4e3298f3dc9}" />
      </MissingDependency>
      <MissingDependency>
        <Required type="2" schemaName="fdr_certificateprefix" displayName="Certificate Prefix" parentSchemaName="fdr_containertype" parentDisplayName="Container Type" solution="Active" />
        <Dependent type="60" displayName="Information" parentDisplayName="Container Type" id="{b2746b56-d9fa-4ac8-a332-efe1699f648c}" />
      </MissingDependency>
      <MissingDependency>
        <Required type="2" schemaName="fdr_containertypeid" displayName="Container Type" parentSchemaName="fdr_containertype" parentDisplayName="Container Type" solution="Active" />
        <Dependent type="26" schemaName="Inactive Container Types" displayName="Inactive Container Types" parentSchemaName="fdr_containertype" parentDisplayName="Container Type" id="{0e52af26-dfa1-4534-8ca5-b6698fc779d8}" />
      </MissingDependency>
      <MissingDependency>
        <Required type="2" schemaName="fdr_containertypeid" displayName="Container Type" parentSchemaName="fdr_containertype" parentDisplayName="Container Type" solution="Active" />
        <Dependent type="26" schemaName="Active Container Types" displayName="Active Container Types" parentSchemaName="fdr_containertype" parentDisplayName="Container Type" id="{5c7a3bdf-95b4-44cd-88d1-c4e3298f3dc9}" />
      </MissingDependency>
      <MissingDependency>
        <Required type="2" schemaName="fdr_designprefix" displayName="Design Prefix" parentSchemaName="fdr_containertype" parentDisplayName="Container Type" solution="Active" />
        <Dependent type="26" schemaName="Active Container Types" displayName="Active Container Types" parentSchemaName="fdr_containertype" parentDisplayName="Container Type" id="{5c7a3bdf-95b4-44cd-88d1-c4e3298f3dc9}" />
      </MissingDependency>
      <MissingDependency>
        <Required type="2" schemaName="fdr_designprefix" displayName="Design Prefix" parentSchemaName="fdr_containertype" parentDisplayName="Container Type" solution="Active" />
        <Dependent type="60" displayName="Information" parentDisplayName="Container Type" id="{b2746b56-d9fa-4ac8-a332-efe1699f648c}" />
      </MissingDependency>
      <MissingDependency>
        <Required type="2" schemaName="fdr_englishdescription" displayName="English Description" parentSchemaName="fdr_containertype" parentDisplayName="Container Type" solution="Active" />
        <Dependent type="26" schemaName="Inactive Container Types" displayName="Inactive Container Types" parentSchemaName="fdr_containertype" parentDisplayName="Container Type" id="{0e52af26-dfa1-4534-8ca5-b6698fc779d8}" />
      </MissingDependency>
      <MissingDependency>
        <Required type="2" schemaName="fdr_englishdescription" displayName="English Description" parentSchemaName="fdr_containertype" parentDisplayName="Container Type" solution="Active" />
        <Dependent type="26" schemaName="Active Container Types" displayName="Active Container Types" parentSchemaName="fdr_containertype" parentDisplayName="Container Type" id="{5c7a3bdf-95b4-44cd-88d1-c4e3298f3dc9}" />
      </MissingDependency>
      <MissingDependency>
        <Required type="2" schemaName="fdr_englishdescription" displayName="English Description" parentSchemaName="fdr_containertype" parentDisplayName="Container Type" solution="Active" />
        <Dependent type="60" displayName="Information" parentDisplayName="Container Type" id="{b2746b56-d9fa-4ac8-a332-efe1699f648c}" />
      </MissingDependency>
      <MissingDependency>
        <Required type="2" schemaName="fdr_englishname" displayName="English Name" parentSchemaName="fdr_containertype" parentDisplayName="Container Type" solution="Active" />
        <Dependent type="26" schemaName="Inactive Container Types" displayName="Inactive Container Types" parentSchemaName="fdr_containertype" parentDisplayName="Container Type" id="{0e52af26-dfa1-4534-8ca5-b6698fc779d8}" />
      </MissingDependency>
      <MissingDependency>
        <Required type="2" schemaName="fdr_englishname" displayName="English Name" parentSchemaName="fdr_containertype" parentDisplayName="Container Type" solution="Active" />
        <Dependent type="26" schemaName="Active Container Types" displayName="Active Container Types" parentSchemaName="fdr_containertype" parentDisplayName="Container Type" id="{5c7a3bdf-95b4-44cd-88d1-c4e3298f3dc9}" />
      </MissingDependency>
      <MissingDependency>
        <Required type="2" schemaName="fdr_englishname" displayName="English Name" parentSchemaName="fdr_containertype" parentDisplayName="Container Type" solution="Active" />
        <Dependent type="60" displayName="Information" parentDisplayName="Container Type" id="{b2746b56-d9fa-4ac8-a332-efe1699f648c}" />
      </MissingDependency>
      <MissingDependency>
        <Required type="2" schemaName="fdr_frenchdescription" displayName="French Description" parentSchemaName="fdr_containertype" parentDisplayName="Container Type" solution="Active" />
        <Dependent type="26" schemaName="Inactive Container Types" displayName="Inactive Container Types" parentSchemaName="fdr_containertype" parentDisplayName="Container Type" id="{0e52af26-dfa1-4534-8ca5-b6698fc779d8}" />
      </MissingDependency>
      <MissingDependency>
        <Required type="2" schemaName="fdr_frenchdescription" displayName="French Description" parentSchemaName="fdr_containertype" parentDisplayName="Container Type" solution="Active" />
        <Dependent type="26" schemaName="Active Container Types" displayName="Active Container Types" parentSchemaName="fdr_containertype" parentDisplayName="Container Type" id="{5c7a3bdf-95b4-44cd-88d1-c4e3298f3dc9}" />
      </MissingDependency>
      <MissingDependency>
        <Required type="2" schemaName="fdr_frenchdescription" displayName="French Description" parentSchemaName="fdr_containertype" parentDisplayName="Container Type" solution="Active" />
        <Dependent type="60" displayName="Information" parentDisplayName="Container Type" id="{b2746b56-d9fa-4ac8-a332-efe1699f648c}" />
      </MissingDependency>
      <MissingDependency>
        <Required type="2" schemaName="fdr_frenchname" displayName="French Name" parentSchemaName="fdr_containertype" parentDisplayName="Container Type" solution="Active" />
        <Dependent type="26" schemaName="Inactive Container Types" displayName="Inactive Container Types" parentSchemaName="fdr_containertype" parentDisplayName="Container Type" id="{0e52af26-dfa1-4534-8ca5-b6698fc779d8}" />
      </MissingDependency>
      <MissingDependency>
        <Required type="2" schemaName="fdr_frenchname" displayName="French Name" parentSchemaName="fdr_containertype" parentDisplayName="Container Type" solution="Active" />
        <Dependent type="26" schemaName="Active Container Types" displayName="Active Container Types" parentSchemaName="fdr_containertype" parentDisplayName="Container Type" id="{5c7a3bdf-95b4-44cd-88d1-c4e3298f3dc9}" />
      </MissingDependency>
      <MissingDependency>
        <Required type="2" schemaName="fdr_frenchname" displayName="French Name" parentSchemaName="fdr_containertype" parentDisplayName="Container Type" solution="Active" />
        <Dependent type="60" displayName="Information" parentDisplayName="Container Type" id="{b2746b56-d9fa-4ac8-a332-efe1699f648c}" />
      </MissingDependency>
      <MissingDependency>
        <Required type="2" schemaName="fdr_name" displayName="Name" parentSchemaName="fdr_containertype" parentDisplayName="Container Type" solution="Active" />
        <Dependent type="26" schemaName="Inactive Container Types" displayName="Inactive Container Types" parentSchemaName="fdr_containertype" parentDisplayName="Container Type" id="{0e52af26-dfa1-4534-8ca5-b6698fc779d8}" />
      </MissingDependency>
      <MissingDependency>
        <Required type="2" schemaName="fdr_name" displayName="Name" parentSchemaName="fdr_containertype" parentDisplayName="Container Type" solution="Active" />
        <Dependent type="26" schemaName="Active Container Types" displayName="Active Container Types" parentSchemaName="fdr_containertype" parentDisplayName="Container Type" id="{5c7a3bdf-95b4-44cd-88d1-c4e3298f3dc9}" />
      </MissingDependency>
      <MissingDependency>
        <Required type="2" schemaName="fdr_name" displayName="Name" parentSchemaName="fdr_containertype" parentDisplayName="Container Type" solution="Active" />
        <Dependent type="60" displayName="Information" parentDisplayName="Container Type" id="{b2746b56-d9fa-4ac8-a332-efe1699f648c}" />
      </MissingDependency>
      <MissingDependency>
        <Required type="2" schemaName="fdr_nextoperationnumber" displayName="Next Operation Number" parentSchemaName="fdr_containertype" parentDisplayName="Container Type" solution="Active" />
        <Dependent type="26" schemaName="Inactive Container Types" displayName="Inactive Container Types" parentSchemaName="fdr_containertype" parentDisplayName="Container Type" id="{0e52af26-dfa1-4534-8ca5-b6698fc779d8}" />
      </MissingDependency>
      <MissingDependency>
        <Required type="2" schemaName="fdr_nextoperationnumber" displayName="Next Operation Number" parentSchemaName="fdr_containertype" parentDisplayName="Container Type" solution="Active" />
        <Dependent type="26" schemaName="Active Container Types" displayName="Active Container Types" parentSchemaName="fdr_containertype" parentDisplayName="Container Type" id="{5c7a3bdf-95b4-44cd-88d1-c4e3298f3dc9}" />
      </MissingDependency>
      <MissingDependency>
        <Required type="2" schemaName="fdr_nextoperationnumber" displayName="Next Operation Number" parentSchemaName="fdr_containertype" parentDisplayName="Container Type" solution="Active" />
        <Dependent type="60" displayName="Information" parentDisplayName="Container Type" id="{b2746b56-d9fa-4ac8-a332-efe1699f648c}" />
      </MissingDependency>
      <MissingDependency>
        <Required type="2" schemaName="fdr_operationtype" displayName="Operation Type" parentSchemaName="fdr_containertype" parentDisplayName="Container Type" solution="Active" />
        <Dependent type="26" schemaName="Active Container Types" displayName="Active Container Types" parentSchemaName="fdr_containertype" parentDisplayName="Container Type" id="{5c7a3bdf-95b4-44cd-88d1-c4e3298f3dc9}" />
      </MissingDependency>
      <MissingDependency>
        <Required type="2" schemaName="fdr_operationtype" displayName="Operation Type" parentSchemaName="fdr_containertype" parentDisplayName="Container Type" solution="Active" />
        <Dependent type="60" displayName="Information" parentDisplayName="Container Type" id="{b2746b56-d9fa-4ac8-a332-efe1699f648c}" />
      </MissingDependency>
      <MissingDependency>
        <Required type="2" schemaName="fdr_standard" displayName="Standard" parentSchemaName="fdr_containertype" parentDisplayName="Container Type" solution="Active" />
        <Dependent type="26" schemaName="Inactive Container Types" displayName="Inactive Container Types" parentSchemaName="fdr_containertype" parentDisplayName="Container Type" id="{0e52af26-dfa1-4534-8ca5-b6698fc779d8}" />
      </MissingDependency>
      <MissingDependency>
        <Required type="2" schemaName="fdr_standard" displayName="Standard" parentSchemaName="fdr_containertype" parentDisplayName="Container Type" solution="Active" />
        <Dependent type="26" schemaName="Active Container Types" displayName="Active Container Types" parentSchemaName="fdr_containertype" parentDisplayName="Container Type" id="{5c7a3bdf-95b4-44cd-88d1-c4e3298f3dc9}" />
      </MissingDependency>
      <MissingDependency>
        <Required type="2" schemaName="fdr_standard" displayName="Standard" parentSchemaName="fdr_containertype" parentDisplayName="Container Type" solution="Active" />
        <Dependent type="60" displayName="Information" parentDisplayName="Container Type" id="{b2746b56-d9fa-4ac8-a332-efe1699f648c}" />
      </MissingDependency>
      <MissingDependency>
        <Required type="2" schemaName="modifiedby" displayName="Modified By" parentSchemaName="fdr_containertype" parentDisplayName="Container Type" solution="Active" />
        <Dependent type="60" displayName="Information" parentDisplayName="Container Type" id="{b2746b56-d9fa-4ac8-a332-efe1699f648c}" />
      </MissingDependency>
      <MissingDependency>
        <Required type="2" schemaName="modifiedon" displayName="Modified On" parentSchemaName="fdr_containertype" parentDisplayName="Container Type" solution="Active" />
        <Dependent type="26" schemaName="Inactive Container Types" displayName="Inactive Container Types" parentSchemaName="fdr_containertype" parentDisplayName="Container Type" id="{0e52af26-dfa1-4534-8ca5-b6698fc779d8}" />
      </MissingDependency>
      <MissingDependency>
        <Required type="2" schemaName="modifiedon" displayName="Modified On" parentSchemaName="fdr_containertype" parentDisplayName="Container Type" solution="Active" />
        <Dependent type="26" schemaName="Active Container Types" displayName="Active Container Types" parentSchemaName="fdr_containertype" parentDisplayName="Container Type" id="{5c7a3bdf-95b4-44cd-88d1-c4e3298f3dc9}" />
      </MissingDependency>
      <MissingDependency>
        <Required type="2" schemaName="modifiedon" displayName="Modified On" parentSchemaName="fdr_containertype" parentDisplayName="Container Type" solution="Active" />
        <Dependent type="60" displayName="Information" parentDisplayName="Container Type" id="{b2746b56-d9fa-4ac8-a332-efe1699f648c}" />
      </MissingDependency>
      <MissingDependency>
        <Required type="2" schemaName="ownerid" displayName="Owner" parentSchemaName="fdr_containertype" parentDisplayName="Container Type" solution="Active" />
        <Dependent type="60" displayName="Information" parentDisplayName="Container Type" id="{b2746b56-d9fa-4ac8-a332-efe1699f648c}" />
      </MissingDependency>
      <MissingDependency>
        <Required type="2" schemaName="statecode" displayName="Status" parentSchemaName="fdr_containertype" parentDisplayName="Container Type" solution="Active" />
        <Dependent type="26" schemaName="Inactive Container Types" displayName="Inactive Container Types" parentSchemaName="fdr_containertype" parentDisplayName="Container Type" id="{0e52af26-dfa1-4534-8ca5-b6698fc779d8}" />
      </MissingDependency>
      <MissingDependency>
        <Required type="2" schemaName="statecode" displayName="Status" parentSchemaName="fdr_containertype" parentDisplayName="Container Type" solution="Active" />
        <Dependent type="26" schemaName="Active Container Types" displayName="Active Container Types" parentSchemaName="fdr_containertype" parentDisplayName="Container Type" id="{5c7a3bdf-95b4-44cd-88d1-c4e3298f3dc9}" />
      </MissingDependency>
      <MissingDependency>
        <Required type="2" schemaName="statecode" displayName="Status" parentSchemaName="fdr_containertype" parentDisplayName="Container Type" solution="Active" />
        <Dependent type="60" displayName="Information" parentDisplayName="Container Type" id="{b2746b56-d9fa-4ac8-a332-efe1699f648c}" />
      </MissingDependency>
      <MissingDependency>
        <Required type="2" schemaName="statuscode" displayName="Status Reason" parentSchemaName="fdr_containertype" parentDisplayName="Container Type" solution="Active" />
        <Dependent type="26" schemaName="Inactive Container Types" displayName="Inactive Container Types" parentSchemaName="fdr_containertype" parentDisplayName="Container Type" id="{0e52af26-dfa1-4534-8ca5-b6698fc779d8}" />
      </MissingDependency>
      <MissingDependency>
        <Required type="2" schemaName="statuscode" displayName="Status Reason" parentSchemaName="fdr_containertype" parentDisplayName="Container Type" solution="Active" />
        <Dependent type="26" schemaName="Active Container Types" displayName="Active Container Types" parentSchemaName="fdr_containertype" parentDisplayName="Container Type" id="{5c7a3bdf-95b4-44cd-88d1-c4e3298f3dc9}" />
      </MissingDependency>
      <MissingDependency>
        <Required type="2" schemaName="statuscode" displayName="Status Reason" parentSchemaName="fdr_containertype" parentDisplayName="Container Type" solution="Active" />
        <Dependent type="60" displayName="Information" parentDisplayName="Container Type" id="{b2746b56-d9fa-4ac8-a332-efe1699f648c}" />
      </MissingDependency>
      <MissingDependency>
        <Required type="2" schemaName="createdby" displayName="Created By" parentSchemaName="fdr_servicerequest" parentDisplayName="Service Request" solution="Active" />
        <Dependent type="60" displayName="Information" parentDisplayName="Service Request" id="{337e6783-6be4-4278-82d0-ee57257802dc}" />
      </MissingDependency>
      <MissingDependency>
        <Required type="2" schemaName="createdon" displayName="Created On" parentSchemaName="fdr_servicerequest" parentDisplayName="Service Request" solution="Active" />
        <Dependent type="60" displayName="Information" parentDisplayName="Service Request" id="{337e6783-6be4-4278-82d0-ee57257802dc}" />
      </MissingDependency>
      <MissingDependency>
        <Required type="2" schemaName="fdr_containertype" displayName="Container Type" parentSchemaName="fdr_servicerequest" parentDisplayName="Service Request" solution="Active" />
        <Dependent type="60" displayName="Information" parentDisplayName="Service Request" id="{337e6783-6be4-4278-82d0-ee57257802dc}" />
      </MissingDependency>
      <MissingDependency>
        <Required type="2" schemaName="fdr_name" displayName="Name" parentSchemaName="fdr_servicerequest" parentDisplayName="Service Request" solution="Active" />
        <Dependent type="60" displayName="Information" parentDisplayName="Service Request" id="{337e6783-6be4-4278-82d0-ee57257802dc}" />
      </MissingDependency>
      <MissingDependency>
        <Required type="2" schemaName="fdr_operation" displayName="Operation" parentSchemaName="fdr_servicerequest" parentDisplayName="Service Request" solution="Active" />
        <Dependent type="60" displayName="Information" parentDisplayName="Service Request" id="{337e6783-6be4-4278-82d0-ee57257802dc}" />
      </MissingDependency>
      <MissingDependency>
        <Required type="2" schemaName="fdr_operationstatus" displayName="Current Operation Status" parentSchemaName="fdr_servicerequest" parentDisplayName="Service Request" solution="Active" />
        <Dependent type="60" displayName="Information" parentDisplayName="Service Request" id="{337e6783-6be4-4278-82d0-ee57257802dc}" />
      </MissingDependency>
      <MissingDependency>
        <Required type="2" schemaName="fdr_relatedworkorder" displayName="Related Work Order" parentSchemaName="fdr_servicerequest" parentDisplayName="Service Request" solution="Active" />
        <Dependent type="60" displayName="Information" parentDisplayName="Service Request" id="{337e6783-6be4-4278-82d0-ee57257802dc}" />
      </MissingDependency>
      <MissingDependency>
        <Required type="2" schemaName="fdr_servicerequesttype" displayName="Service Request Type" parentSchemaName="fdr_servicerequest" parentDisplayName="Service Request" solution="Active" />
        <Dependent type="60" displayName="Information" parentDisplayName="Service Request" id="{337e6783-6be4-4278-82d0-ee57257802dc}" />
      </MissingDependency>
      <MissingDependency>
        <Required type="2" schemaName="fdr_site" displayName="Account" parentSchemaName="fdr_servicerequest" parentDisplayName="Service Request" solution="Active" />
        <Dependent type="60" displayName="Information" parentDisplayName="Service Request" id="{337e6783-6be4-4278-82d0-ee57257802dc}" />
      </MissingDependency>
      <MissingDependency>
        <Required type="2" schemaName="fdr_srtype" displayName="Service Request Type" parentSchemaName="fdr_servicerequest" parentDisplayName="Service Request" solution="Active" />
        <Dependent type="60" displayName="Information" parentDisplayName="Service Request" id="{337e6783-6be4-4278-82d0-ee57257802dc}" />
      </MissingDependency>
      <MissingDependency>
        <Required type="2" schemaName="fdr_submissiondate" displayName="Service Request Submission Date" parentSchemaName="fdr_servicerequest" parentDisplayName="Service Request" solution="Active" />
        <Dependent type="60" displayName="Information" parentDisplayName="Service Request" id="{337e6783-6be4-4278-82d0-ee57257802dc}" />
      </MissingDependency>
      <MissingDependency>
        <Required type="2" schemaName="fdr_tgs_duration" displayName="Tracking General Service Duration" parentSchemaName="fdr_servicerequest" parentDisplayName="Service Request" solution="Active" />
        <Dependent type="60" displayName="Information" parentDisplayName="Service Request" id="{337e6783-6be4-4278-82d0-ee57257802dc}" />
      </MissingDependency>
      <MissingDependency>
        <Required type="2" schemaName="fdr_tgs_start" displayName="Tracking General Service Performance Start" parentSchemaName="fdr_servicerequest" parentDisplayName="Service Request" solution="Active" />
        <Dependent type="60" displayName="Information" parentDisplayName="Service Request" id="{337e6783-6be4-4278-82d0-ee57257802dc}" />
      </MissingDependency>
      <MissingDependency>
        <Required type="2" schemaName="fdr_tss_duration" displayName="Tracking Service Standard Duration" parentSchemaName="fdr_servicerequest" parentDisplayName="Service Request" solution="Active" />
        <Dependent type="60" displayName="Information" parentDisplayName="Service Request" id="{337e6783-6be4-4278-82d0-ee57257802dc}" />
      </MissingDependency>
      <MissingDependency>
        <Required type="2" schemaName="fdr_tss_start" displayName="Tracking Service Standard Performance Start" parentSchemaName="fdr_servicerequest" parentDisplayName="Service Request" solution="Active" />
        <Dependent type="60" displayName="Information" parentDisplayName="Service Request" id="{337e6783-6be4-4278-82d0-ee57257802dc}" />
      </MissingDependency>
      <MissingDependency>
        <Required type="2" schemaName="modifiedby" displayName="Modified By" parentSchemaName="fdr_servicerequest" parentDisplayName="Service Request" solution="Active" />
        <Dependent type="60" displayName="Information" parentDisplayName="Service Request" id="{337e6783-6be4-4278-82d0-ee57257802dc}" />
      </MissingDependency>
      <MissingDependency>
        <Required type="2" schemaName="modifiedon" displayName="Modified On" parentSchemaName="fdr_servicerequest" parentDisplayName="Service Request" solution="Active" />
        <Dependent type="60" displayName="Information" parentDisplayName="Service Request" id="{337e6783-6be4-4278-82d0-ee57257802dc}" />
      </MissingDependency>
      <MissingDependency>
        <Required type="2" schemaName="ownerid" displayName="Owner" parentSchemaName="fdr_servicerequest" parentDisplayName="Service Request" solution="Active" />
        <Dependent type="60" displayName="Information" parentDisplayName="Service Request" id="{337e6783-6be4-4278-82d0-ee57257802dc}" />
      </MissingDependency>
      <MissingDependency>
        <Required type="2" schemaName="statecode" displayName="Status" parentSchemaName="fdr_servicerequest" parentDisplayName="Service Request" solution="Active" />
        <Dependent type="60" displayName="Information" parentDisplayName="Service Request" id="{337e6783-6be4-4278-82d0-ee57257802dc}" />
      </MissingDependency>
      <MissingDependency>
        <Required type="2" schemaName="statuscode" displayName="Status Reason" parentSchemaName="fdr_servicerequest" parentDisplayName="Service Request" solution="Active" />
        <Dependent type="60" displayName="Information" parentDisplayName="Service Request" id="{337e6783-6be4-4278-82d0-ee57257802dc}" />
      </MissingDependency>
      <MissingDependency>
        <Required type="2" schemaName="fdr_primarycontact" displayName="Primary Operation Contact" parentSchemaName="ovs_mocregistration" parentDisplayName="Operation" solution="Active" />
        <Dependent type="60" displayName="FDR - Operation Form" parentDisplayName="Operation" id="{6be00af2-4b11-4926-b141-914715128269}" />
      </MissingDependency>
      <MissingDependency>
        <Required type="2" schemaName="ovs_accidentind" displayName="Accident" parentSchemaName="ovs_mocregistration" parentDisplayName="Operation" solution="Active" />
        <Dependent type="60" displayName="FDR - Operation Form" parentDisplayName="Operation" id="{6be00af2-4b11-4926-b141-914715128269}" />
      </MissingDependency>
      <MissingDependency>
        <Required type="2" schemaName="ovs_accidentind" displayName="Accident" parentSchemaName="ovs_mocregistration" parentDisplayName="Operation" solution="Active" />
        <Dependent type="60" displayName="Operation Planner Form" parentDisplayName="Operation" id="{b5ce5078-8c7f-ec11-8d20-0022483dbafc}" />
      </MissingDependency>
      <MissingDependency>
        <Required type="2" schemaName="ovs_cdpriorityscore" displayName="Priority Score" parentSchemaName="ovs_mocregistration" parentDisplayName="Operation" solution="Active" />
        <Dependent type="26" schemaName="FDR - Inactive Operations" displayName="FDR - Inactive Operations" parentSchemaName="ovs_mocregistration" parentDisplayName="Operation" id="{17b7e3b3-67b0-ec11-983e-000d3a84adbc}" />
      </MissingDependency>
      <MissingDependency>
        <Required type="2" schemaName="ovs_cdpriorityscore" displayName="Priority Score" parentSchemaName="ovs_mocregistration" parentDisplayName="Operation" solution="Active" />
        <Dependent type="26" schemaName="FDR - Active Operations" displayName="FDR - Active Operations" parentSchemaName="ovs_mocregistration" parentDisplayName="Operation" id="{873176c8-b2ae-ec11-983e-000d3a8476c5}" />
      </MissingDependency>
      <MissingDependency>
        <Required type="2" schemaName="ovs_cdpriorityscore" displayName="Priority Score" parentSchemaName="ovs_mocregistration" parentDisplayName="Operation" solution="Active" />
        <Dependent type="60" displayName="FDR - Operation Form" parentDisplayName="Operation" id="{6be00af2-4b11-4926-b141-914715128269}" />
      </MissingDependency>
      <MissingDependency>
        <Required type="2" schemaName="ovs_cdpriorityscore" displayName="Priority Score" parentSchemaName="ovs_mocregistration" parentDisplayName="Operation" solution="Active" />
        <Dependent type="60" displayName="Operation Planner Form" parentDisplayName="Operation" id="{b5ce5078-8c7f-ec11-8d20-0022483dbafc}" />
      </MissingDependency>
      <MissingDependency>
        <Required type="2" schemaName="ovs_cdriskcategory" displayName="Risk Category" parentSchemaName="ovs_mocregistration" parentDisplayName="Operation" solution="Active" />
        <Dependent type="26" schemaName="FDR - Inactive Operations" displayName="FDR - Inactive Operations" parentSchemaName="ovs_mocregistration" parentDisplayName="Operation" id="{17b7e3b3-67b0-ec11-983e-000d3a84adbc}" />
      </MissingDependency>
      <MissingDependency>
        <Required type="2" schemaName="ovs_cdriskcategory" displayName="Risk Category" parentSchemaName="ovs_mocregistration" parentDisplayName="Operation" solution="Active" />
        <Dependent type="26" schemaName="FDR - Active Operations" displayName="FDR - Active Operations" parentSchemaName="ovs_mocregistration" parentDisplayName="Operation" id="{873176c8-b2ae-ec11-983e-000d3a8476c5}" />
      </MissingDependency>
      <MissingDependency>
        <Required type="2" schemaName="ovs_cdriskcategory" displayName="Risk Category" parentSchemaName="ovs_mocregistration" parentDisplayName="Operation" solution="Active" />
        <Dependent type="60" displayName="FDR - Operation Form" parentDisplayName="Operation" id="{6be00af2-4b11-4926-b141-914715128269}" />
      </MissingDependency>
      <MissingDependency>
        <Required type="2" schemaName="ovs_cdriskcategory" displayName="Risk Category" parentSchemaName="ovs_mocregistration" parentDisplayName="Operation" solution="Active" />
        <Dependent type="60" displayName="Operation Planner Form" parentDisplayName="Operation" id="{b5ce5078-8c7f-ec11-8d20-0022483dbafc}" />
      </MissingDependency>
      <MissingDependency>
        <Required type="2" schemaName="ovs_cdriskscore" displayName="Risk Score" parentSchemaName="ovs_mocregistration" parentDisplayName="Operation" solution="Active" />
        <Dependent type="26" schemaName="FDR - Inactive Operations" displayName="FDR - Inactive Operations" parentSchemaName="ovs_mocregistration" parentDisplayName="Operation" id="{17b7e3b3-67b0-ec11-983e-000d3a84adbc}" />
      </MissingDependency>
      <MissingDependency>
        <Required type="2" schemaName="ovs_cdriskscore" displayName="Risk Score" parentSchemaName="ovs_mocregistration" parentDisplayName="Operation" solution="Active" />
        <Dependent type="26" schemaName="FDR - Active Operations" displayName="FDR - Active Operations" parentSchemaName="ovs_mocregistration" parentDisplayName="Operation" id="{873176c8-b2ae-ec11-983e-000d3a8476c5}" />
      </MissingDependency>
      <MissingDependency>
        <Required type="2" schemaName="ovs_cdriskscore" displayName="Risk Score" parentSchemaName="ovs_mocregistration" parentDisplayName="Operation" solution="Active" />
        <Dependent type="60" displayName="FDR - Operation Form" parentDisplayName="Operation" id="{6be00af2-4b11-4926-b141-914715128269}" />
      </MissingDependency>
      <MissingDependency>
        <Required type="2" schemaName="ovs_cdriskscore" displayName="Risk Score" parentSchemaName="ovs_mocregistration" parentDisplayName="Operation" solution="Active" />
        <Dependent type="60" displayName="Operation Planner Form" parentDisplayName="Operation" id="{b5ce5078-8c7f-ec11-8d20-0022483dbafc}" />
      </MissingDependency>
      <MissingDependency>
        <Required type="2" schemaName="ovs_cepind" displayName="CEP" parentSchemaName="ovs_mocregistration" parentDisplayName="Operation" solution="Active" />
        <Dependent type="60" displayName="FDR - Operation Form" parentDisplayName="Operation" id="{6be00af2-4b11-4926-b141-914715128269}" />
      </MissingDependency>
      <MissingDependency>
        <Required type="2" schemaName="ovs_cepind" displayName="CEP" parentSchemaName="ovs_mocregistration" parentDisplayName="Operation" solution="Active" />
        <Dependent type="60" displayName="Operation Planner Form" parentDisplayName="Operation" id="{b5ce5078-8c7f-ec11-8d20-0022483dbafc}" />
      </MissingDependency>
      <MissingDependency>
        <Required type="2" schemaName="ovs_followupind" displayName="Follow-UP" parentSchemaName="ovs_mocregistration" parentDisplayName="Operation" solution="Active" />
        <Dependent type="60" displayName="FDR - Operation Form" parentDisplayName="Operation" id="{6be00af2-4b11-4926-b141-914715128269}" />
      </MissingDependency>
      <MissingDependency>
        <Required type="2" schemaName="ovs_followupind" displayName="Follow-UP" parentSchemaName="ovs_mocregistration" parentDisplayName="Operation" solution="Active" />
        <Dependent type="60" displayName="Operation Planner Form" parentDisplayName="Operation" id="{b5ce5078-8c7f-ec11-8d20-0022483dbafc}" />
      </MissingDependency>
      <MissingDependency>
        <Required type="2" schemaName="ovs_hubind" displayName="Hub" parentSchemaName="ovs_mocregistration" parentDisplayName="Operation" solution="Active" />
        <Dependent type="26" schemaName="FDR - Active Operations" displayName="FDR - Active Operations" parentSchemaName="ovs_mocregistration" parentDisplayName="Operation" id="{873176c8-b2ae-ec11-983e-000d3a8476c5}" />
      </MissingDependency>
      <MissingDependency>
        <Required type="2" schemaName="ovs_hubind" displayName="Hub" parentSchemaName="ovs_mocregistration" parentDisplayName="Operation" solution="Active" />
        <Dependent type="60" displayName="FDR - Operation Form" parentDisplayName="Operation" id="{6be00af2-4b11-4926-b141-914715128269}" />
      </MissingDependency>
      <MissingDependency>
        <Required type="2" schemaName="ovs_hubind" displayName="Hub" parentSchemaName="ovs_mocregistration" parentDisplayName="Operation" solution="Active" />
        <Dependent type="60" displayName="Operation Planner Form" parentDisplayName="Operation" id="{b5ce5078-8c7f-ec11-8d20-0022483dbafc}" />
      </MissingDependency>
      <MissingDependency>
        <Required type="2" schemaName="ovs_iiscreateddate" displayName="IIS Created Date" parentSchemaName="ovs_mocregistration" parentDisplayName="Operation" solution="Active" />
        <Dependent type="60" displayName="FDR - Operation Form" parentDisplayName="Operation" id="{6be00af2-4b11-4926-b141-914715128269}" />
      </MissingDependency>
      <MissingDependency>
        <Required type="2" schemaName="ovs_iiscreateddate" displayName="IIS Created Date" parentSchemaName="ovs_mocregistration" parentDisplayName="Operation" solution="Active" />
        <Dependent type="60" displayName="Operation Planner Form" parentDisplayName="Operation" id="{b5ce5078-8c7f-ec11-8d20-0022483dbafc}" />
      </MissingDependency>
      <MissingDependency>
        <Required type="2" schemaName="ovs_lineofbusiness" displayName="Line Of Business" parentSchemaName="ovs_mocregistration" parentDisplayName="Operation" solution="Active" />
        <Dependent type="26" schemaName="FDR - Inactive Operations" displayName="FDR - Inactive Operations" parentSchemaName="ovs_mocregistration" parentDisplayName="Operation" id="{17b7e3b3-67b0-ec11-983e-000d3a84adbc}" />
      </MissingDependency>
      <MissingDependency>
        <Required type="2" schemaName="ovs_lineofbusiness" displayName="Line Of Business" parentSchemaName="ovs_mocregistration" parentDisplayName="Operation" solution="Active" />
        <Dependent type="26" schemaName="FDR - Active Operations" displayName="FDR - Active Operations" parentSchemaName="ovs_mocregistration" parentDisplayName="Operation" id="{873176c8-b2ae-ec11-983e-000d3a8476c5}" />
      </MissingDependency>
      <MissingDependency>
        <Required type="2" schemaName="ovs_lineofbusiness" displayName="Line Of Business" parentSchemaName="ovs_mocregistration" parentDisplayName="Operation" solution="Active" />
        <Dependent type="60" displayName="FDR - Operation Form" parentDisplayName="Operation" id="{6be00af2-4b11-4926-b141-914715128269}" />
      </MissingDependency>
      <MissingDependency>
        <Required type="2" schemaName="ovs_lineofbusiness" displayName="Line Of Business" parentSchemaName="ovs_mocregistration" parentDisplayName="Operation" solution="Active" />
        <Dependent type="60" displayName="Operation Planner Form" parentDisplayName="Operation" id="{b5ce5078-8c7f-ec11-8d20-0022483dbafc}" />
      </MissingDependency>
      <MissingDependency>
        <Required type="2" schemaName="ovs_mocinitialregistrationdate" displayName="MOC Initial Registration Date" parentSchemaName="ovs_mocregistration" parentDisplayName="Operation" solution="Active" />
        <Dependent type="26" schemaName="FDR - Inactive Operations" displayName="FDR - Inactive Operations" parentSchemaName="ovs_mocregistration" parentDisplayName="Operation" id="{17b7e3b3-67b0-ec11-983e-000d3a84adbc}" />
      </MissingDependency>
      <MissingDependency>
        <Required type="2" schemaName="ovs_mocinitialregistrationdate" displayName="MOC Initial Registration Date" parentSchemaName="ovs_mocregistration" parentDisplayName="Operation" solution="Active" />
        <Dependent type="26" schemaName="FDR - Active Operations" displayName="FDR - Active Operations" parentSchemaName="ovs_mocregistration" parentDisplayName="Operation" id="{873176c8-b2ae-ec11-983e-000d3a8476c5}" />
      </MissingDependency>
      <MissingDependency>
        <Required type="2" schemaName="ovs_mocinitialregistrationdate" displayName="MOC Initial Registration Date" parentSchemaName="ovs_mocregistration" parentDisplayName="Operation" solution="Active" />
        <Dependent type="60" displayName="FDR - Operation Form" parentDisplayName="Operation" id="{6be00af2-4b11-4926-b141-914715128269}" />
      </MissingDependency>
      <MissingDependency>
        <Required type="2" schemaName="ovs_mocinitialregistrationdate" displayName="MOC Initial Registration Date" parentSchemaName="ovs_mocregistration" parentDisplayName="Operation" solution="Active" />
        <Dependent type="60" displayName="Operation Planner Form" parentDisplayName="Operation" id="{b5ce5078-8c7f-ec11-8d20-0022483dbafc}" />
      </MissingDependency>
      <MissingDependency>
        <Required type="2" schemaName="ovs_mocprogram" displayName="MOC Program" parentSchemaName="ovs_mocregistration" parentDisplayName="Operation" solution="Active" />
        <Dependent type="26" schemaName="FDR - Inactive Operations" displayName="FDR - Inactive Operations" parentSchemaName="ovs_mocregistration" parentDisplayName="Operation" id="{17b7e3b3-67b0-ec11-983e-000d3a84adbc}" />
      </MissingDependency>
      <MissingDependency>
        <Required type="2" schemaName="ovs_mocprogram" displayName="MOC Program" parentSchemaName="ovs_mocregistration" parentDisplayName="Operation" solution="Active" />
        <Dependent type="26" schemaName="FDR - Active Operations" displayName="FDR - Active Operations" parentSchemaName="ovs_mocregistration" parentDisplayName="Operation" id="{873176c8-b2ae-ec11-983e-000d3a8476c5}" />
      </MissingDependency>
      <MissingDependency>
        <Required type="2" schemaName="ovs_mocprogram" displayName="MOC Program" parentSchemaName="ovs_mocregistration" parentDisplayName="Operation" solution="Active" />
        <Dependent type="60" displayName="FDR - Operation Form" parentDisplayName="Operation" id="{6be00af2-4b11-4926-b141-914715128269}" />
      </MissingDependency>
      <MissingDependency>
        <Required type="2" schemaName="ovs_mocprogram" displayName="MOC Program" parentSchemaName="ovs_mocregistration" parentDisplayName="Operation" solution="Active" />
        <Dependent type="60" displayName="Operation Planner Form" parentDisplayName="Operation" id="{b5ce5078-8c7f-ec11-8d20-0022483dbafc}" />
      </MissingDependency>
      <MissingDependency>
        <Required type="2" schemaName="ovs_mocregistrationid" displayName="Operation Id" parentSchemaName="ovs_mocregistration" parentDisplayName="Operation" solution="Active" />
        <Dependent type="26" schemaName="FDR - Inactive Operations" displayName="FDR - Inactive Operations" parentSchemaName="ovs_mocregistration" parentDisplayName="Operation" id="{17b7e3b3-67b0-ec11-983e-000d3a84adbc}" />
      </MissingDependency>
      <MissingDependency>
        <Required type="2" schemaName="ovs_mocregistrationid" displayName="Operation Id" parentSchemaName="ovs_mocregistration" parentDisplayName="Operation" solution="Active" />
        <Dependent type="26" schemaName="FDR - Active Operations" displayName="FDR - Active Operations" parentSchemaName="ovs_mocregistration" parentDisplayName="Operation" id="{873176c8-b2ae-ec11-983e-000d3a8476c5}" />
      </MissingDependency>
      <MissingDependency>
        <Required type="2" schemaName="ovs_mocregistrationname" displayName="MOC Registration ID" parentSchemaName="ovs_mocregistration" parentDisplayName="Operation" solution="Active" />
        <Dependent type="26" schemaName="FDR - Inactive Operations" displayName="FDR - Inactive Operations" parentSchemaName="ovs_mocregistration" parentDisplayName="Operation" id="{17b7e3b3-67b0-ec11-983e-000d3a84adbc}" />
      </MissingDependency>
      <MissingDependency>
        <Required type="2" schemaName="ovs_mocregistrationname" displayName="MOC Registration ID" parentSchemaName="ovs_mocregistration" parentDisplayName="Operation" solution="Active" />
        <Dependent type="26" schemaName="FDR - Active Operations" displayName="FDR - Active Operations" parentSchemaName="ovs_mocregistration" parentDisplayName="Operation" id="{873176c8-b2ae-ec11-983e-000d3a8476c5}" />
      </MissingDependency>
      <MissingDependency>
        <Required type="2" schemaName="ovs_mocregistrationname" displayName="MOC Registration ID" parentSchemaName="ovs_mocregistration" parentDisplayName="Operation" solution="Active" />
        <Dependent type="60" displayName="FDR - Operation Form" parentDisplayName="Operation" id="{6be00af2-4b11-4926-b141-914715128269}" />
      </MissingDependency>
      <MissingDependency>
        <Required type="2" schemaName="ovs_mocregistrationname" displayName="MOC Registration ID" parentSchemaName="ovs_mocregistration" parentDisplayName="Operation" solution="Active" />
        <Dependent type="60" displayName="Operation Planner Form" parentDisplayName="Operation" id="{b5ce5078-8c7f-ec11-8d20-0022483dbafc}" />
      </MissingDependency>
      <MissingDependency>
        <Required type="2" schemaName="ovs_name" displayName="Operation ID" parentSchemaName="ovs_mocregistration" parentDisplayName="Operation" solution="Active" />
        <Dependent type="26" schemaName="FDR - Inactive Operations" displayName="FDR - Inactive Operations" parentSchemaName="ovs_mocregistration" parentDisplayName="Operation" id="{17b7e3b3-67b0-ec11-983e-000d3a84adbc}" />
      </MissingDependency>
      <MissingDependency>
        <Required type="2" schemaName="ovs_name" displayName="Operation ID" parentSchemaName="ovs_mocregistration" parentDisplayName="Operation" solution="Active" />
        <Dependent type="26" schemaName="FDR - Active Operations" displayName="FDR - Active Operations" parentSchemaName="ovs_mocregistration" parentDisplayName="Operation" id="{873176c8-b2ae-ec11-983e-000d3a8476c5}" />
      </MissingDependency>
      <MissingDependency>
        <Required type="2" schemaName="ovs_name" displayName="Operation ID" parentSchemaName="ovs_mocregistration" parentDisplayName="Operation" solution="Active" />
        <Dependent type="60" displayName="FDR - Operation Form" parentDisplayName="Operation" id="{6be00af2-4b11-4926-b141-914715128269}" />
      </MissingDependency>
      <MissingDependency>
        <Required type="2" schemaName="ovs_name" displayName="Operation ID" parentSchemaName="ovs_mocregistration" parentDisplayName="Operation" solution="Active" />
        <Dependent type="60" displayName="Operation Planner Form" parentDisplayName="Operation" id="{b5ce5078-8c7f-ec11-8d20-0022483dbafc}" />
      </MissingDependency>
      <MissingDependency>
        <Required type="2" schemaName="ovs_operationtype" displayName="Operation Type" parentSchemaName="ovs_mocregistration" parentDisplayName="Operation" solution="Active" />
        <Dependent type="26" schemaName="FDR - Inactive Operations" displayName="FDR - Inactive Operations" parentSchemaName="ovs_mocregistration" parentDisplayName="Operation" id="{17b7e3b3-67b0-ec11-983e-000d3a84adbc}" />
      </MissingDependency>
      <MissingDependency>
        <Required type="2" schemaName="ovs_operationtype" displayName="Operation Type" parentSchemaName="ovs_mocregistration" parentDisplayName="Operation" solution="Active" />
        <Dependent type="26" schemaName="FDR - Active Operations" displayName="FDR - Active Operations" parentSchemaName="ovs_mocregistration" parentDisplayName="Operation" id="{873176c8-b2ae-ec11-983e-000d3a8476c5}" />
      </MissingDependency>
      <MissingDependency>
        <Required type="2" schemaName="ovs_operationtype" displayName="Operation Type" parentSchemaName="ovs_mocregistration" parentDisplayName="Operation" solution="Active" />
        <Dependent type="60" displayName="FDR - Operation Form" parentDisplayName="Operation" id="{6be00af2-4b11-4926-b141-914715128269}" />
      </MissingDependency>
      <MissingDependency>
        <Required type="2" schemaName="ovs_operationtype" displayName="Operation Type" parentSchemaName="ovs_mocregistration" parentDisplayName="Operation" solution="Active" />
        <Dependent type="60" displayName="Operation Planner Form" parentDisplayName="Operation" id="{b5ce5078-8c7f-ec11-8d20-0022483dbafc}" />
      </MissingDependency>
      <MissingDependency>
        <Required type="2" schemaName="ovs_registrationexpiry" displayName="MOC Registration Expiry" parentSchemaName="ovs_mocregistration" parentDisplayName="Operation" solution="Active" />
        <Dependent type="26" schemaName="FDR - Active Operations" displayName="FDR - Active Operations" parentSchemaName="ovs_mocregistration" parentDisplayName="Operation" id="{873176c8-b2ae-ec11-983e-000d3a8476c5}" />
      </MissingDependency>
      <MissingDependency>
        <Required type="2" schemaName="ovs_registrationexpiry" displayName="MOC Registration Expiry" parentSchemaName="ovs_mocregistration" parentDisplayName="Operation" solution="Active" />
        <Dependent type="60" displayName="FDR - Operation Form" parentDisplayName="Operation" id="{6be00af2-4b11-4926-b141-914715128269}" />
      </MissingDependency>
      <MissingDependency>
        <Required type="2" schemaName="ovs_registrationexpiry" displayName="MOC Registration Expiry" parentSchemaName="ovs_mocregistration" parentDisplayName="Operation" solution="Active" />
        <Dependent type="60" displayName="Operation Planner Form" parentDisplayName="Operation" id="{b5ce5078-8c7f-ec11-8d20-0022483dbafc}" />
      </MissingDependency>
      <MissingDependency>
        <Required type="2" schemaName="ovs_siteid" displayName="Site" parentSchemaName="ovs_mocregistration" parentDisplayName="Operation" solution="Active" />
        <Dependent type="60" displayName="FDR - Operation Form" parentDisplayName="Operation" id="{6be00af2-4b11-4926-b141-914715128269}" />
      </MissingDependency>
      <MissingDependency>
        <Required type="2" schemaName="ovs_siteid" displayName="Site" parentSchemaName="ovs_mocregistration" parentDisplayName="Operation" solution="Active" />
        <Dependent type="60" displayName="Operation Planner Form" parentDisplayName="Operation" id="{b5ce5078-8c7f-ec11-8d20-0022483dbafc}" />
      </MissingDependency>
      <MissingDependency>
        <Required type="2" schemaName="ovs_targetedind" displayName="Targeted" parentSchemaName="ovs_mocregistration" parentDisplayName="Operation" solution="Active" />
        <Dependent type="60" displayName="FDR - Operation Form" parentDisplayName="Operation" id="{6be00af2-4b11-4926-b141-914715128269}" />
      </MissingDependency>
      <MissingDependency>
        <Required type="2" schemaName="ovs_targetedind" displayName="Targeted" parentSchemaName="ovs_mocregistration" parentDisplayName="Operation" solution="Active" />
        <Dependent type="60" displayName="Operation Planner Form" parentDisplayName="Operation" id="{b5ce5078-8c7f-ec11-8d20-0022483dbafc}" />
      </MissingDependency>
      <MissingDependency>
        <Required type="2" schemaName="ownerid" displayName="Owner" parentSchemaName="ovs_mocregistration" parentDisplayName="Operation" solution="Active" />
        <Dependent type="60" displayName="FDR - Operation Form" parentDisplayName="Operation" id="{6be00af2-4b11-4926-b141-914715128269}" />
      </MissingDependency>
      <MissingDependency>
        <Required type="2" schemaName="ownerid" displayName="Owner" parentSchemaName="ovs_mocregistration" parentDisplayName="Operation" solution="Active" />
        <Dependent type="60" displayName="Operation Planner Form" parentDisplayName="Operation" id="{b5ce5078-8c7f-ec11-8d20-0022483dbafc}" />
      </MissingDependency>
      <MissingDependency>
        <Required type="2" schemaName="statecode" displayName="Status" parentSchemaName="ovs_mocregistration" parentDisplayName="Operation" solution="Active" />
        <Dependent type="26" schemaName="FDR - Inactive Operations" displayName="FDR - Inactive Operations" parentSchemaName="ovs_mocregistration" parentDisplayName="Operation" id="{17b7e3b3-67b0-ec11-983e-000d3a84adbc}" />
      </MissingDependency>
      <MissingDependency>
        <Required type="2" schemaName="statecode" displayName="Status" parentSchemaName="ovs_mocregistration" parentDisplayName="Operation" solution="Active" />
        <Dependent type="26" schemaName="FDR - Active Operations" displayName="FDR - Active Operations" parentSchemaName="ovs_mocregistration" parentDisplayName="Operation" id="{873176c8-b2ae-ec11-983e-000d3a8476c5}" />
      </MissingDependency>
      <MissingDependency>
        <Required type="20" displayName="TDG Planner" solution="Active" id="{a8d3ef08-d189-eb11-b1ac-000d3ae92dbf}" />
        <Dependent type="60" displayName="Operation Planner Form" parentDisplayName="Operation" id="{b5ce5078-8c7f-ec11-8d20-0022483dbafc}" />
      </MissingDependency>
      <MissingDependency>
        <Required type="26" schemaName="Operation UN Numbers (Active)" displayName="Operation UN Numbers (Active)" parentSchemaName="ovs_operationunnumber" parentDisplayName="Operation UN Number" solution="Active" id="{2e7c7b15-98b4-4cc3-a0da-0f193b0759d2}" />
        <Dependent type="60" displayName="FDR - Operation Form" parentDisplayName="Operation" id="{6be00af2-4b11-4926-b141-914715128269}" />
      </MissingDependency>
      <MissingDependency>
        <Required type="26" schemaName="Operation UN Numbers (Active)" displayName="Operation UN Numbers (Active)" parentSchemaName="ovs_operationunnumber" parentDisplayName="Operation UN Number" solution="Active" id="{2e7c7b15-98b4-4cc3-a0da-0f193b0759d2}" />
        <Dependent type="60" displayName="Operation Planner Form" parentDisplayName="Operation" id="{b5ce5078-8c7f-ec11-8d20-0022483dbafc}" />
      </MissingDependency>
      <MissingDependency>
        <Required type="26" schemaName="Designs" displayName="Designs" parentSchemaName="fdr_design" parentDisplayName="Design" solution="Active" id="{33b1a6a6-03a7-41a6-aae7-7e39f6f62da2}" />
        <Dependent type="60" displayName="Information" parentDisplayName="Service Request" id="{337e6783-6be4-4278-82d0-ee57257802dc}" />
      </MissingDependency>
      <MissingDependency>
        <Required type="26" schemaName="Registered Marks" displayName="Registered Marks" parentSchemaName="fdr_registeredmark" parentDisplayName="Registered Mark" solution="Active" id="{40475b8a-3345-413b-8fd6-e80ed986c2de}" />
        <Dependent type="60" displayName="Information" parentDisplayName="Service Request" id="{337e6783-6be4-4278-82d0-ee57257802dc}" />
      </MissingDependency>
      <MissingDependency>
        <Required type="26" schemaName="Active Air Operator Functions" displayName="Active Air Operator Functions" parentSchemaName="ovs_airoperatorfunction" parentDisplayName="Air Operator Function" solution="Active" id="{570df2bd-257b-4369-a5c6-f02fa59ba2f1}" />
        <Dependent type="60" displayName="FDR - Operation Form" parentDisplayName="Operation" id="{6be00af2-4b11-4926-b141-914715128269}" />
      </MissingDependency>
      <MissingDependency>
        <Required type="26" schemaName="Active Air Operator Functions" displayName="Active Air Operator Functions" parentSchemaName="ovs_airoperatorfunction" parentDisplayName="Air Operator Function" solution="Active" id="{570df2bd-257b-4369-a5c6-f02fa59ba2f1}" />
        <Dependent type="60" displayName="Operation Planner Form" parentDisplayName="Operation" id="{b5ce5078-8c7f-ec11-8d20-0022483dbafc}" />
      </MissingDependency>
      <MissingDependency>
        <Required type="26" schemaName="Active Aircraft Types" displayName="Active Aircraft Types" parentSchemaName="ovs_aircrafttype" parentDisplayName="Aircraft Type" solution="Active" id="{88caeabd-3ad9-475b-91cd-75ce996edf16}" />
        <Dependent type="60" displayName="FDR - Operation Form" parentDisplayName="Operation" id="{6be00af2-4b11-4926-b141-914715128269}" />
      </MissingDependency>
      <MissingDependency>
        <Required type="26" schemaName="Active Aircraft Types" displayName="Active Aircraft Types" parentSchemaName="ovs_aircrafttype" parentDisplayName="Aircraft Type" solution="Active" id="{88caeabd-3ad9-475b-91cd-75ce996edf16}" />
        <Dependent type="60" displayName="Operation Planner Form" parentDisplayName="Operation" id="{b5ce5078-8c7f-ec11-8d20-0022483dbafc}" />
      </MissingDependency>
      <MissingDependency>
        <Required type="26" schemaName="Inactive Service Request Types" displayName="Inactive Service Request Types" parentSchemaName="fdr_servicerequesttype" parentDisplayName="Service Request Type" solution="Active" id="{8e809d3d-a2cc-456a-be03-89c9fc1e8bb6}" />
        <Dependent type="60" displayName="Information" parentDisplayName="Service Request" id="{337e6783-6be4-4278-82d0-ee57257802dc}" />
      </MissingDependency>
      <MissingDependency>
        <Required type="26" schemaName="Active Modes" displayName="Active Modes" parentSchemaName="ovs_modes" parentDisplayName="Modes" solution="Active" id="{93a77384-be4d-4e0d-9056-163854d6282c}" />
        <Dependent type="60" displayName="FDR - Operation Form" parentDisplayName="Operation" id="{6be00af2-4b11-4926-b141-914715128269}" />
      </MissingDependency>
      <MissingDependency>
        <Required type="26" schemaName="Active Modes" displayName="Active Modes" parentSchemaName="ovs_modes" parentDisplayName="Modes" solution="Active" id="{93a77384-be4d-4e0d-9056-163854d6282c}" />
        <Dependent type="60" displayName="Operation Planner Form" parentDisplayName="Operation" id="{b5ce5078-8c7f-ec11-8d20-0022483dbafc}" />
      </MissingDependency>
      <MissingDependency>
        <Required type="26" schemaName="Active MOC Types" displayName="Active MOC Types" parentSchemaName="ovs_moctype" parentDisplayName="MOC Type" solution="Active" id="{a759bf0f-872d-491d-b04a-ae7737c6f78e}" />
        <Dependent type="60" displayName="FDR - Operation Form" parentDisplayName="Operation" id="{6be00af2-4b11-4926-b141-914715128269}" />
      </MissingDependency>
      <MissingDependency>
        <Required type="26" schemaName="Active MOC Types" displayName="Active MOC Types" parentSchemaName="ovs_moctype" parentDisplayName="MOC Type" solution="Active" id="{a759bf0f-872d-491d-b04a-ae7737c6f78e}" />
        <Dependent type="60" displayName="Operation Planner Form" parentDisplayName="Operation" id="{b5ce5078-8c7f-ec11-8d20-0022483dbafc}" />
      </MissingDependency>
      <MissingDependency>
        <Required type="26" schemaName="CLASS (Active)" displayName="CLASS (Active)" parentSchemaName="ovs_operationclass" parentDisplayName="Operation Class" solution="Active" id="{affe1090-e5c2-4951-854a-1ac530d0dfa0}" />
        <Dependent type="60" displayName="FDR - Operation Form" parentDisplayName="Operation" id="{6be00af2-4b11-4926-b141-914715128269}" />
      </MissingDependency>
      <MissingDependency>
        <Required type="26" schemaName="CLASS (Active)" displayName="CLASS (Active)" parentSchemaName="ovs_operationclass" parentDisplayName="Operation Class" solution="Active" id="{affe1090-e5c2-4951-854a-1ac530d0dfa0}" />
        <Dependent type="60" displayName="Operation Planner Form" parentDisplayName="Operation" id="{b5ce5078-8c7f-ec11-8d20-0022483dbafc}" />
      </MissingDependency>
      <MissingDependency>
        <Required type="26" schemaName="Active Air Operator Types" displayName="Active Air Operator Types" parentSchemaName="ovs_airoperatortype" parentDisplayName="Air Operator Type" solution="Active" id="{b07fee2e-98d2-423b-bb64-381ce482cc19}" />
        <Dependent type="60" displayName="FDR - Operation Form" parentDisplayName="Operation" id="{6be00af2-4b11-4926-b141-914715128269}" />
      </MissingDependency>
      <MissingDependency>
        <Required type="26" schemaName="Active Air Operator Types" displayName="Active Air Operator Types" parentSchemaName="ovs_airoperatortype" parentDisplayName="Air Operator Type" solution="Active" id="{b07fee2e-98d2-423b-bb64-381ce482cc19}" />
        <Dependent type="60" displayName="Operation Planner Form" parentDisplayName="Operation" id="{b5ce5078-8c7f-ec11-8d20-0022483dbafc}" />
      </MissingDependency>
      <MissingDependency>
        <Required type="26" schemaName="Service Request Type Lookup View" displayName="Service Request Type Lookup View" parentSchemaName="fdr_servicerequesttype" parentDisplayName="Service Request Type" solution="Active" id="{bd8778fb-0616-480e-96cd-5481c05f7dee}" />
        <Dependent type="60" displayName="Information" parentDisplayName="Service Request" id="{337e6783-6be4-4278-82d0-ee57257802dc}" />
      </MissingDependency>
      <MissingDependency>
        <Required type="26" schemaName="Active Service Request Types" displayName="Active Service Request Types" parentSchemaName="fdr_servicerequesttype" parentDisplayName="Service Request Type" solution="Active" id="{c59d17af-ed37-494f-9448-d49659f5c3bb}" />
        <Dependent type="60" displayName="Information" parentDisplayName="Service Request" id="{337e6783-6be4-4278-82d0-ee57257802dc}" />
      </MissingDependency>
      <MissingDependency>
        <Required type="26" schemaName="Internal Service Request Types" displayName="Internal Service Request Types" parentSchemaName="fdr_servicerequesttype" parentDisplayName="Service Request Type" solution="Active" id="{ee3e2015-7ac2-ec11-983e-0022483db1c0}" />
        <Dependent type="60" displayName="Information" parentDisplayName="Service Request" id="{337e6783-6be4-4278-82d0-ee57257802dc}" />
      </MissingDependency>
      <MissingDependency>
        <Required type="26" schemaName="Active Service Request Functions" displayName="Active Service Request Functions" parentSchemaName="fdr_servicerequestfunction" parentDisplayName="Service Request Function" solution="Active" id="{f402f873-f5ee-434b-84eb-296d66a04c39}" />
        <Dependent type="60" displayName="Information" parentDisplayName="Service Request" id="{337e6783-6be4-4278-82d0-ee57257802dc}" />
      </MissingDependency>
      <MissingDependency>
        <Required type="60" displayName="Information" parentDisplayName="Container Type" solution="Active" id="{366bdbda-af80-4f4b-8ef7-2378d8239b70}" />
        <Dependent type="60" displayName="Information" parentDisplayName="Service Request" id="{337e6783-6be4-4278-82d0-ee57257802dc}" />
      </MissingDependency>
      <MissingDependency>
        <Required type="61" schemaName="fdr_operation_fdr_main.js" displayName="fdr_operation_fdr_main.js" solution="Active" />
        <Dependent type="60" displayName="FDR - Operation Form" parentDisplayName="Operation" id="{6be00af2-4b11-4926-b141-914715128269}" />
      </MissingDependency>
      <MissingDependency>
        <Required type="61" schemaName="ikl_/Attach2Dynamics/Library/index.html" displayName="ikl_/Attach2Dynamics/Library/index.html" solution="Attach2Dynamics (9.0.0.24)">
          <package>Attach2Dynamics (9.0.0.24)</package>
        </Required>
        <Dependent type="60" displayName="Information" parentDisplayName="Service Request" id="{337e6783-6be4-4278-82d0-ee57257802dc}" />
      </MissingDependency>
      <MissingDependency>
        <Required type="61" schemaName="ikl_/Attach2Dynamics/Library/index.html" displayName="ikl_/Attach2Dynamics/Library/index.html" solution="Attach2Dynamics (9.0.0.24)">
          <package>Attach2Dynamics (9.0.0.24)</package>
        </Required>
        <Dependent type="60" displayName="FDR - Operation Form" parentDisplayName="Operation" id="{6be00af2-4b11-4926-b141-914715128269}" />
      </MissingDependency>
      <MissingDependency>
        <Required type="61" schemaName="ovs_moc_mainform_planner" displayName="ovs_moc_mainform_planner" solution="Active" />
        <Dependent type="60" displayName="Operation Planner Form" parentDisplayName="Operation" id="{b5ce5078-8c7f-ec11-8d20-0022483dbafc}" />
      </MissingDependency>
      <MissingDependency>
        <Required type="61" schemaName="qm_/SiteHOTImessage.html" displayName="qm_/SiteHOTImessage.html" solution="Active" />
        <Dependent type="60" displayName="FDR - Operation Form" parentDisplayName="Operation" id="{6be00af2-4b11-4926-b141-914715128269}" />
      </MissingDependency>
      <MissingDependency>
        <Required type="61" schemaName="qm_/SiteHOTImessage.html" displayName="qm_/SiteHOTImessage.html" solution="Active" />
        <Dependent type="60" displayName="Operation Planner Form" parentDisplayName="Operation" id="{b5ce5078-8c7f-ec11-8d20-0022483dbafc}" />
      </MissingDependency>
      <MissingDependency>
        <Required type="61" schemaName="qm_globalHelper.js" displayName="qm_globalHelper.js" solution="Active" />
        <Dependent type="60" displayName="Information" parentDisplayName="Service Request" id="{337e6783-6be4-4278-82d0-ee57257802dc}" />
      </MissingDependency>
      <MissingDependency>
        <Required type="61" schemaName="qm_globalHelper.js" displayName="qm_globalHelper.js" solution="Active" />
        <Dependent type="60" displayName="FDR - Operation Form" parentDisplayName="Operation" id="{6be00af2-4b11-4926-b141-914715128269}" />
      </MissingDependency>
      <MissingDependency>
        <Required type="61" schemaName="qm_globalHelper.js" displayName="qm_globalHelper.js" solution="Active" />
        <Dependent type="60" displayName="Operation Planner Form" parentDisplayName="Operation" id="{b5ce5078-8c7f-ec11-8d20-0022483dbafc}" />
      </MissingDependency>
    </MissingDependencies>
  </SolutionManifest>
</ImportExportXml>