<ImportExportXml xmlns:xsi="http://www.w3.org/2001/XMLSchema-instance">
  <Entities></Entities>
  <Roles></Roles>
  <Workflows>
    <Workflow WorkflowId="{6b09e81f-aeae-eb11-8236-000d3ae91ce1}" Name="TDG Inspections - Work Order Cancellation Request via Activity">
      <JsonFileName>/Workflows/TDGInspections-WorkOrderCancellationRequestviaActi-6B09E81F-AEAE-EB11-8236-000D3AE91CE1.json</JsonFileName>
      <Type>1</Type>
      <Subprocess>0</Subprocess>
      <Category>5</Category>
      <Mode>0</Mode>
      <Scope>4</Scope>
      <OnDemand>0</OnDemand>
      <TriggerOnCreate>0</TriggerOnCreate>
      <TriggerOnDelete>0</TriggerOnDelete>
      <AsyncAutodelete>0</AsyncAutodelete>
      <SyncWorkflowLogOnFailure>0</SyncWorkflowLogOnFailure>
      <StateCode>1</StateCode>
      <StatusCode>2</StatusCode>
      <RunAs>1</RunAs>
      <IsTransacted>1</IsTransacted>
      <IntroducedVersion>1.0.0.0</IntroducedVersion>
      <IsCustomizable>1</IsCustomizable>
      <BusinessProcessType>0</BusinessProcessType>
      <IsCustomProcessingStepAllowedForOtherPublishers>1</IsCustomProcessingStepAllowedForOtherPublishers>
      <PrimaryEntity>none</PrimaryEntity>
      <LocalizedNames>
        <LocalizedName languagecode="1033" description="TDG Inspections - Work Order Cancellation Request via Activity" />
      </LocalizedNames>
    </Workflow>
    <Workflow WorkflowId="{b81b36bc-63af-eb11-8236-000d3ae91ce1}" Name="TDG Inspections - Set new Bookable Resource Category to Inspector">
      <JsonFileName>/Workflows/TDGInspections-SetnewBookableResourceCategorytoIns-B81B36BC-63AF-EB11-8236-000D3AE91CE1.json</JsonFileName>
      <Type>1</Type>
      <Subprocess>0</Subprocess>
      <Category>5</Category>
      <Mode>0</Mode>
      <Scope>4</Scope>
      <OnDemand>0</OnDemand>
      <TriggerOnCreate>0</TriggerOnCreate>
      <TriggerOnDelete>0</TriggerOnDelete>
      <AsyncAutodelete>0</AsyncAutodelete>
      <SyncWorkflowLogOnFailure>0</SyncWorkflowLogOnFailure>
      <StateCode>1</StateCode>
      <StatusCode>2</StatusCode>
      <RunAs>1</RunAs>
      <IsTransacted>1</IsTransacted>
      <IntroducedVersion>1.0.0.4</IntroducedVersion>
      <IsCustomizable>1</IsCustomizable>
      <BusinessProcessType>0</BusinessProcessType>
      <IsCustomProcessingStepAllowedForOtherPublishers>1</IsCustomProcessingStepAllowedForOtherPublishers>
      <PrimaryEntity>none</PrimaryEntity>
      <LocalizedNames>
        <LocalizedName languagecode="1033" description="TDG Inspections - Set new Bookable Resource Category to Inspector" />
      </LocalizedNames>
    </Workflow>
    <Workflow WorkflowId="{92f2ceb1-6caf-eb11-8236-000d3ae91ce1}" Name="TDG Inspections - Notice of Infraction - Enforcement Action">
      <JsonFileName>/Workflows/TDGInspections-NoticeofInfraction-EnforcementActio-92F2CEB1-6CAF-EB11-8236-000D3AE91CE1.json</JsonFileName>
      <Type>1</Type>
      <Subprocess>0</Subprocess>
      <Category>5</Category>
      <Mode>0</Mode>
      <Scope>4</Scope>
      <OnDemand>0</OnDemand>
      <TriggerOnCreate>0</TriggerOnCreate>
      <TriggerOnDelete>0</TriggerOnDelete>
      <AsyncAutodelete>0</AsyncAutodelete>
      <SyncWorkflowLogOnFailure>0</SyncWorkflowLogOnFailure>
      <StateCode>1</StateCode>
      <StatusCode>2</StatusCode>
      <RunAs>1</RunAs>
      <IsTransacted>1</IsTransacted>
      <IntroducedVersion>1.0.0.4</IntroducedVersion>
      <IsCustomizable>1</IsCustomizable>
      <BusinessProcessType>0</BusinessProcessType>
      <IsCustomProcessingStepAllowedForOtherPublishers>1</IsCustomProcessingStepAllowedForOtherPublishers>
      <PrimaryEntity>none</PrimaryEntity>
      <LocalizedNames>
        <LocalizedName languagecode="1033" description="TDG Inspections - Notice of Infraction - Enforcement Action" />
      </LocalizedNames>
    </Workflow>
    <Workflow WorkflowId="{219752a9-98af-eb11-8236-000d3ae91ce1}" Name="TDG Inspections - Notice of Direction not to import">
      <JsonFileName>/Workflows/TDGInspections-NoticeofDirectionnottoimport-219752A9-98AF-EB11-8236-000D3AE91CE1.json</JsonFileName>
      <Type>1</Type>
      <Subprocess>0</Subprocess>
      <Category>5</Category>
      <Mode>0</Mode>
      <Scope>4</Scope>
      <OnDemand>0</OnDemand>
      <TriggerOnCreate>0</TriggerOnCreate>
      <TriggerOnDelete>0</TriggerOnDelete>
      <AsyncAutodelete>0</AsyncAutodelete>
      <SyncWorkflowLogOnFailure>0</SyncWorkflowLogOnFailure>
      <StateCode>1</StateCode>
      <StatusCode>2</StatusCode>
      <RunAs>1</RunAs>
      <IsTransacted>1</IsTransacted>
      <IntroducedVersion>1.0.0.4</IntroducedVersion>
      <IsCustomizable>1</IsCustomizable>
      <BusinessProcessType>0</BusinessProcessType>
      <IsCustomProcessingStepAllowedForOtherPublishers>1</IsCustomProcessingStepAllowedForOtherPublishers>
      <PrimaryEntity>none</PrimaryEntity>
      <LocalizedNames>
        <LocalizedName languagecode="1033" description="TDG Inspections - Notice of Direction not to import" />
      </LocalizedNames>
    </Workflow>
    <Workflow WorkflowId="{259752a9-98af-eb11-8236-000d3ae91ce1}" Name="TDG Inspections - Detention Notice - HTTP" Description="Create one or more actions to happen when records in the Common Data Service portal are selected. To use this flow from Common Data Service, select the record(s) you want to send to the flow, go to the command bar at the top of the screen, select Flows, and choose this flow.">
      <JsonFileName>/Workflows/TDGInspections-DetentionNotice-HTTP-259752A9-98AF-EB11-8236-000D3AE91CE1.json</JsonFileName>
      <Type>1</Type>
      <Subprocess>0</Subprocess>
      <Category>5</Category>
      <Mode>0</Mode>
      <Scope>4</Scope>
      <OnDemand>0</OnDemand>
      <TriggerOnCreate>0</TriggerOnCreate>
      <TriggerOnDelete>0</TriggerOnDelete>
      <AsyncAutodelete>0</AsyncAutodelete>
      <SyncWorkflowLogOnFailure>0</SyncWorkflowLogOnFailure>
      <StateCode>1</StateCode>
      <StatusCode>2</StatusCode>
      <RunAs>1</RunAs>
      <IsTransacted>1</IsTransacted>
      <IntroducedVersion>1.0.0.4</IntroducedVersion>
      <IsCustomizable>1</IsCustomizable>
      <BusinessProcessType>0</BusinessProcessType>
      <IsCustomProcessingStepAllowedForOtherPublishers>1</IsCustomProcessingStepAllowedForOtherPublishers>
      <PrimaryEntity>none</PrimaryEntity>
      <LocalizedNames>
        <LocalizedName languagecode="1033" description="TDG Inspections - Detention Notice - HTTP" />
      </LocalizedNames>
      <Descriptions>
        <Description languagecode="1033" description="Create one or more actions to happen when records in the Common Data Service portal are selected. To use this flow from Common Data Service, select the record(s) you want to send to the flow, go to the command bar at the top of the screen, select Flows, and choose this flow." />
      </Descriptions>
    </Workflow>
    <Workflow WorkflowId="{0f89aba9-98af-eb11-8236-000d3ae8b65a}" Name="TDG Inspections - Notice Of Direction To Remedy Non-Compliance - HTTP" Description="Create one or more actions to happen when records in the Common Data Service portal are selected. To use this flow from Common Data Service, select the record(s) you want to send to the flow, go to the command bar at the top of the screen, select Flows, and choose this flow.">
      <JsonFileName>/Workflows/TDGInspections-NoticeOfDirectionToRemedyNon-Compli-0F89ABA9-98AF-EB11-8236-000D3AE8B65A.json</JsonFileName>
      <Type>1</Type>
      <Subprocess>0</Subprocess>
      <Category>5</Category>
      <Mode>0</Mode>
      <Scope>4</Scope>
      <OnDemand>0</OnDemand>
      <TriggerOnCreate>0</TriggerOnCreate>
      <TriggerOnDelete>0</TriggerOnDelete>
      <AsyncAutodelete>0</AsyncAutodelete>
      <SyncWorkflowLogOnFailure>0</SyncWorkflowLogOnFailure>
      <StateCode>1</StateCode>
      <StatusCode>2</StatusCode>
      <RunAs>1</RunAs>
      <IsTransacted>1</IsTransacted>
      <IntroducedVersion>1.0.0.4</IntroducedVersion>
      <IsCustomizable>1</IsCustomizable>
      <BusinessProcessType>0</BusinessProcessType>
      <IsCustomProcessingStepAllowedForOtherPublishers>1</IsCustomProcessingStepAllowedForOtherPublishers>
      <PrimaryEntity>none</PrimaryEntity>
      <LocalizedNames>
        <LocalizedName languagecode="1033" description="TDG Inspections - Notice Of Direction To Remedy Non-Compliance - HTTP" />
      </LocalizedNames>
      <Descriptions>
        <Description languagecode="1033" description="Create one or more actions to happen when records in the Common Data Service portal are selected. To use this flow from Common Data Service, select the record(s) you want to send to the flow, go to the command bar at the top of the screen, select Flows, and choose this flow." />
      </Descriptions>
    </Workflow>
    <Workflow WorkflowId="{357ecfc7-65af-eb11-8236-000d3ae8b65a}" Name="TDG Inspections - Apply to Customer Support - Http">
      <JsonFileName>/Workflows/TDGInspections-ApplytoCustomerSupport-Http-357ECFC7-65AF-EB11-8236-000D3AE8B65A.json</JsonFileName>
      <Type>1</Type>
      <Subprocess>0</Subprocess>
      <Category>5</Category>
      <Mode>0</Mode>
      <Scope>4</Scope>
      <OnDemand>0</OnDemand>
      <TriggerOnCreate>0</TriggerOnCreate>
      <TriggerOnDelete>0</TriggerOnDelete>
      <AsyncAutodelete>0</AsyncAutodelete>
      <SyncWorkflowLogOnFailure>0</SyncWorkflowLogOnFailure>
      <StateCode>1</StateCode>
      <StatusCode>2</StatusCode>
      <RunAs>1</RunAs>
      <IsTransacted>1</IsTransacted>
      <IntroducedVersion>1.0.0.4</IntroducedVersion>
      <IsCustomizable>1</IsCustomizable>
      <BusinessProcessType>0</BusinessProcessType>
      <IsCustomProcessingStepAllowedForOtherPublishers>1</IsCustomProcessingStepAllowedForOtherPublishers>
      <PrimaryEntity>none</PrimaryEntity>
      <LocalizedNames>
        <LocalizedName languagecode="1033" description="TDG Inspections - Apply to Customer Support - Http" />
      </LocalizedNames>
    </Workflow>
    <Workflow WorkflowId="{b1352b4e-58af-eb11-8236-000d3ae8b65a}" Name="TDG Inspections - Updates &quot;Actual&quot; count on &quot;Unplanned Forecast&quot; Entity">
      <JsonFileName>/Workflows/TDGInspections-UpdatesActualcountonUnplannedForeca-B1352B4E-58AF-EB11-8236-000D3AE8B65A.json</JsonFileName>
      <Type>1</Type>
      <Subprocess>0</Subprocess>
      <Category>5</Category>
      <Mode>0</Mode>
      <Scope>4</Scope>
      <OnDemand>0</OnDemand>
      <TriggerOnCreate>0</TriggerOnCreate>
      <TriggerOnDelete>0</TriggerOnDelete>
      <AsyncAutodelete>0</AsyncAutodelete>
      <SyncWorkflowLogOnFailure>0</SyncWorkflowLogOnFailure>
      <StateCode>1</StateCode>
      <StatusCode>2</StatusCode>
      <RunAs>1</RunAs>
      <IsTransacted>1</IsTransacted>
      <IntroducedVersion>1.0.0.4</IntroducedVersion>
      <IsCustomizable>1</IsCustomizable>
      <BusinessProcessType>0</BusinessProcessType>
      <IsCustomProcessingStepAllowedForOtherPublishers>1</IsCustomProcessingStepAllowedForOtherPublishers>
      <PrimaryEntity>none</PrimaryEntity>
      <LocalizedNames>
        <LocalizedName languagecode="1033" description="TDG Inspections - Updates &quot;Actual&quot; count on &quot;Unplanned Forecast&quot; Entity" />
      </LocalizedNames>
    </Workflow>
    <Workflow WorkflowId="{065c7533-adae-eb11-8236-000d3ae8b65a}" Name="TDG Inspections - Follow-up Request via Activity">
      <JsonFileName>/Workflows/TDGInspections-Follow-upRequestviaActivity-065C7533-ADAE-EB11-8236-000D3AE8B65A.json</JsonFileName>
      <Type>1</Type>
      <Subprocess>0</Subprocess>
      <Category>5</Category>
      <Mode>0</Mode>
      <Scope>4</Scope>
      <OnDemand>0</OnDemand>
      <TriggerOnCreate>0</TriggerOnCreate>
      <TriggerOnDelete>0</TriggerOnDelete>
      <AsyncAutodelete>0</AsyncAutodelete>
      <SyncWorkflowLogOnFailure>0</SyncWorkflowLogOnFailure>
      <StateCode>1</StateCode>
      <StatusCode>2</StatusCode>
      <RunAs>1</RunAs>
      <IsTransacted>1</IsTransacted>
      <IntroducedVersion>1.0.0.0</IntroducedVersion>
      <IsCustomizable>1</IsCustomizable>
      <BusinessProcessType>0</BusinessProcessType>
      <IsCustomProcessingStepAllowedForOtherPublishers>1</IsCustomProcessingStepAllowedForOtherPublishers>
      <PrimaryEntity>none</PrimaryEntity>
      <LocalizedNames>
        <LocalizedName languagecode="1033" description="TDG Inspections - Follow-up Request via Activity" />
      </LocalizedNames>
    </Workflow>
  </Workflows>
  <FieldSecurityProfiles></FieldSecurityProfiles>
  <Templates />
  <EntityMaps />
  <EntityRelationships />
  <OrganizationSettings />
  <optionsets />
  <CustomControls />
  <EntityDataProviders />
  <Languages>
    <Language>1033</Language>
    <Language>1036</Language>
  </Languages>
</ImportExportXml>