<ImportExportXml version="9.2.24062.148" SolutionPackageVersion="9.2" languagecode="1033" generatedBy="CrmLive" xmlns:xsi="http://www.w3.org/2001/XMLSchema-instance">
  <SolutionManifest>
    <UniqueName>TDGFlow</UniqueName>
    <LocalizedNames>
      <LocalizedName description="TDG.Flow" languagecode="1033" />
    </LocalizedNames>
    <Descriptions>
      <Description description="Upgrade of TDG.Flow" languagecode="1033" />
    </Descriptions>
    <Version>1.2.0.45</Version>
    <Managed>0</Managed>
    <Publisher>
      <UniqueName>transportationofdangerousgoods</UniqueName>
      <LocalizedNames>
        <LocalizedName description="Transportation of Dangerous Goods" languagecode="1033" />
      </LocalizedNames>
      <Descriptions />
      <EMailAddress xsi:nil="true"></EMailAddress>
      <SupportingWebsiteUrl xsi:nil="true"></SupportingWebsiteUrl>
      <CustomizationPrefix>tdg</CustomizationPrefix>
      <CustomizationOptionValuePrefix>75077</CustomizationOptionValuePrefix>
      <Addresses>
        <Address>
          <AddressNumber>1</AddressNumber>
          <AddressTypeCode>1</AddressTypeCode>
          <City xsi:nil="true"></City>
          <County xsi:nil="true"></County>
          <Country xsi:nil="true"></Country>
          <Fax xsi:nil="true"></Fax>
          <FreightTermsCode xsi:nil="true"></FreightTermsCode>
          <ImportSequenceNumber xsi:nil="true"></ImportSequenceNumber>
          <Latitude xsi:nil="true"></Latitude>
          <Line1 xsi:nil="true"></Line1>
          <Line2 xsi:nil="true"></Line2>
          <Line3 xsi:nil="true"></Line3>
          <Longitude xsi:nil="true"></Longitude>
          <Name xsi:nil="true"></Name>
          <PostalCode xsi:nil="true"></PostalCode>
          <PostOfficeBox xsi:nil="true"></PostOfficeBox>
          <PrimaryContactName xsi:nil="true"></PrimaryContactName>
          <ShippingMethodCode>1</ShippingMethodCode>
          <StateOrProvince xsi:nil="true"></StateOrProvince>
          <Telephone1 xsi:nil="true"></Telephone1>
          <Telephone2 xsi:nil="true"></Telephone2>
          <Telephone3 xsi:nil="true"></Telephone3>
          <TimeZoneRuleVersionNumber xsi:nil="true"></TimeZoneRuleVersionNumber>
          <UPSZone xsi:nil="true"></UPSZone>
          <UTCOffset xsi:nil="true"></UTCOffset>
          <UTCConversionTimeZoneCode xsi:nil="true"></UTCConversionTimeZoneCode>
        </Address>
        <Address>
          <AddressNumber>2</AddressNumber>
          <AddressTypeCode>1</AddressTypeCode>
          <City xsi:nil="true"></City>
          <County xsi:nil="true"></County>
          <Country xsi:nil="true"></Country>
          <Fax xsi:nil="true"></Fax>
          <FreightTermsCode xsi:nil="true"></FreightTermsCode>
          <ImportSequenceNumber xsi:nil="true"></ImportSequenceNumber>
          <Latitude xsi:nil="true"></Latitude>
          <Line1 xsi:nil="true"></Line1>
          <Line2 xsi:nil="true"></Line2>
          <Line3 xsi:nil="true"></Line3>
          <Longitude xsi:nil="true"></Longitude>
          <Name xsi:nil="true"></Name>
          <PostalCode xsi:nil="true"></PostalCode>
          <PostOfficeBox xsi:nil="true"></PostOfficeBox>
          <PrimaryContactName xsi:nil="true"></PrimaryContactName>
          <ShippingMethodCode>1</ShippingMethodCode>
          <StateOrProvince xsi:nil="true"></StateOrProvince>
          <Telephone1 xsi:nil="true"></Telephone1>
          <Telephone2 xsi:nil="true"></Telephone2>
          <Telephone3 xsi:nil="true"></Telephone3>
          <TimeZoneRuleVersionNumber xsi:nil="true"></TimeZoneRuleVersionNumber>
          <UPSZone xsi:nil="true"></UPSZone>
          <UTCOffset xsi:nil="true"></UTCOffset>
          <UTCConversionTimeZoneCode xsi:nil="true"></UTCConversionTimeZoneCode>
        </Address>
      </Addresses>
    </Publisher>
    <RootComponents>
      <RootComponent type="29" id="{065c7533-adae-eb11-8236-000d3ae8b65a}" behavior="0" />
      <RootComponent type="29" id="{0f89aba9-98af-eb11-8236-000d3ae8b65a}" behavior="0" />
      <RootComponent type="29" id="{15c20143-7709-ef11-9f89-000d3a0c4626}" behavior="0" />
      <RootComponent type="29" id="{1da8e230-830e-ed11-b83d-000d3a84cfdd}" behavior="0" />
      <RootComponent type="29" id="{219752a9-98af-eb11-8236-000d3ae91ce1}" behavior="0" />
      <RootComponent type="29" id="{259752a9-98af-eb11-8236-000d3ae91ce1}" behavior="0" />
      <RootComponent type="29" id="{34b2de66-6df7-ee11-a1fe-000d3aff36a8}" behavior="0" />
      <RootComponent type="29" id="{357ecfc7-65af-eb11-8236-000d3ae8b65a}" behavior="0" />
      <RootComponent type="29" id="{382204f9-6933-ed11-9db1-0022483cb62f}" behavior="0" />
      <RootComponent type="29" id="{41e813e2-fff7-ee11-a1fe-002248af8802}" behavior="0" />
      <RootComponent type="29" id="{47a895f4-7c17-ed11-b83e-000d3a0c8551}" behavior="0" />
      <RootComponent type="29" id="{5900bd50-83fe-ee11-9f89-002248b0d3d6}" behavior="0" />
      <RootComponent type="29" id="{6b09e81f-aeae-eb11-8236-000d3ae91ce1}" behavior="0" />
      <RootComponent type="29" id="{75b485f3-1e07-ef11-9f89-000d3a0c4626}" behavior="0" />
      <RootComponent type="29" id="{92f2ceb1-6caf-eb11-8236-000d3ae91ce1}" behavior="0" />
      <RootComponent type="29" id="{a2aefa24-2f0e-ef11-9f89-0022483de3ab}" behavior="0" />
      <RootComponent type="29" id="{b1352b4e-58af-eb11-8236-000d3ae8b65a}" behavior="0" />
      <RootComponent type="29" id="{b81b36bc-63af-eb11-8236-000d3ae91ce1}" behavior="0" />
      <RootComponent type="29" id="{eb3b6040-d898-ec11-b3fe-0022483c0c24}" behavior="0" />
      <RootComponent type="29" id="{f558952a-892a-ef11-840b-6045bd602d21}" behavior="0" />
    </RootComponents>
    <MissingDependencies>
      <MissingDependency>
        <Required type="1" schemaName="appnotification" displayName="Notification" solution="AppNotifications (10.0.0.16)" />
        <Dependent type="29" displayName="TDG CRS Approval and Declined Addtional Info Letter" id="{5900bd50-83fe-ee11-9f89-002248b0d3d6}" />
      </MissingDependency>
      <MissingDependency>
        <Required type="1" schemaName="bookableresource" displayName="Bookable Resource" solution="msdynce_Scheduling (9.0.0.0)" />
        <Dependent type="29" displayName="TDG Inspections - Notice of Direction not to import" id="{219752a9-98af-eb11-8236-000d3ae91ce1}" />
      </MissingDependency>
      <MissingDependency>
        <Required type="1" schemaName="bookableresource" displayName="Bookable Resource" solution="msdynce_Scheduling (9.0.0.0)" />
        <Dependent type="29" displayName="TDG Inspections - Send a notification when Safety Action is about to Expire" id="{34b2de66-6df7-ee11-a1fe-000d3aff36a8}" />
      </MissingDependency>
      <MissingDependency>
        <Required type="1" schemaName="bookableresource" displayName="Bookable Resource" solution="msdynce_Scheduling (9.0.0.0)" />
        <Dependent type="29" displayName="TDG Inspections - Send a notification after COC Due Date" id="{41e813e2-fff7-ee11-a1fe-002248af8802}" />
      </MissingDependency>
      <MissingDependency>
        <Required type="1" schemaName="bookableresource" displayName="Bookable Resource" solution="msdynce_Scheduling (9.0.0.0)" />
        <Dependent type="29" displayName="TDG Inspections - Notice of Infraction - Enforcement Action" id="{92f2ceb1-6caf-eb11-8236-000d3ae91ce1}" />
      </MissingDependency>
      <MissingDependency>
        <Required type="1" schemaName="bookableresource" displayName="Bookable Resource" solution="msdynce_Scheduling (9.0.0.0)" />
        <Dependent type="29" displayName="TDG Inspections - Set new Bookable Resource Category to Inspector" id="{b81b36bc-63af-eb11-8236-000d3ae91ce1}" />
      </MissingDependency>
      <MissingDependency>
        <Required type="1" schemaName="bookableresourcebooking" displayName="Booking" solution="msdynce_Scheduling (9.0.0.0)" />
        <Dependent type="29" displayName="TDG Inspections - Notice of Direction not to import" id="{219752a9-98af-eb11-8236-000d3ae91ce1}" />
      </MissingDependency>
      <MissingDependency>
        <Required type="1" schemaName="bookableresourcebooking" displayName="Booking" solution="msdynce_Scheduling (9.0.0.0)" />
        <Dependent type="29" displayName="TDG Inspections - Notice of Infraction - Enforcement Action" id="{92f2ceb1-6caf-eb11-8236-000d3ae91ce1}" />
      </MissingDependency>
      <MissingDependency>
        <Required type="1" schemaName="bookableresourcecategory" displayName="Bookable Resource Category" solution="msdynce_Scheduling (9.0.0.0)" />
        <Dependent type="29" displayName="TDG Inspections - Set new Bookable Resource Category to Inspector" id="{b81b36bc-63af-eb11-8236-000d3ae91ce1}" />
      </MissingDependency>
      <MissingDependency>
        <Required type="1" schemaName="bookableresourcecategoryassn" displayName="Bookable Resource Category Assn" solution="msdynce_Scheduling (9.0.0.0)" />
        <Dependent type="29" displayName="TDG Inspections - Set new Bookable Resource Category to Inspector" id="{b81b36bc-63af-eb11-8236-000d3ae91ce1}" />
      </MissingDependency>
      <MissingDependency>
        <Required type="1" schemaName="msdyn_workorder" displayName="Work Order" solution="FieldService (8.8.0.88)">
          <package>FieldService_Anchor (8.8.118.19)</package>
        </Required>
        <Dependent type="29" displayName="TDG Inspections - Follow-up Request via Activity" id="{065c7533-adae-eb11-8236-000d3ae8b65a}" />
      </MissingDependency>
      <MissingDependency>
        <Required type="1" schemaName="msdyn_workorder" displayName="Work Order" solution="FieldService (8.8.0.88)">
          <package>FieldService_Anchor (8.8.118.19)</package>
        </Required>
        <Dependent type="29" displayName="TDG Inspections - Notice Of Direction To Remedy Non-Compliance - HTTP" id="{0f89aba9-98af-eb11-8236-000d3ae8b65a}" />
      </MissingDependency>
      <MissingDependency>
        <Required type="1" schemaName="msdyn_workorder" displayName="Work Order" solution="FieldService (8.8.0.88)">
          <package>FieldService_Anchor (8.8.118.19)</package>
        </Required>
        <Dependent type="29" displayName="TDG Inspections - Notice of Direction not to import" id="{219752a9-98af-eb11-8236-000d3ae91ce1}" />
      </MissingDependency>
      <MissingDependency>
        <Required type="1" schemaName="msdyn_workorder" displayName="Work Order" solution="FieldService (8.8.0.88)">
          <package>FieldService_Anchor (8.8.118.19)</package>
        </Required>
        <Dependent type="29" displayName="TDG Inspections - Detention Notice - HTTP" id="{259752a9-98af-eb11-8236-000d3ae91ce1}" />
      </MissingDependency>
      <MissingDependency>
        <Required type="1" schemaName="msdyn_workorder" displayName="Work Order" solution="FieldService (8.8.0.88)">
          <package>FieldService_Anchor (8.8.118.19)</package>
        </Required>
        <Dependent type="29" displayName="TDG Inspections - Send a notification when Safety Action is about to Expire" id="{34b2de66-6df7-ee11-a1fe-000d3aff36a8}" />
      </MissingDependency>
      <MissingDependency>
        <Required type="1" schemaName="msdyn_workorder" displayName="Work Order" solution="FieldService (8.8.0.88)">
          <package>FieldService_Anchor (8.8.118.19)</package>
        </Required>
        <Dependent type="29" displayName="TDG Inspections - Send a notification after COC Due Date" id="{41e813e2-fff7-ee11-a1fe-002248af8802}" />
      </MissingDependency>
      <MissingDependency>
        <Required type="1" schemaName="msdyn_workorder" displayName="Work Order" solution="FieldService (8.8.0.88)">
          <package>FieldService_Anchor (8.8.118.19)</package>
        </Required>
        <Dependent type="29" displayName="TDG Inspections - Work Order Cancellation Request via Activity" id="{6b09e81f-aeae-eb11-8236-000d3ae91ce1}" />
      </MissingDependency>
      <MissingDependency>
        <Required type="1" schemaName="msdyn_workorder" displayName="Work Order" solution="FieldService (8.8.0.88)">
          <package>FieldService_Anchor (8.8.118.19)</package>
        </Required>
        <Dependent type="29" displayName="TDG Inspections - Notice of Infraction - Enforcement Action" id="{92f2ceb1-6caf-eb11-8236-000d3ae91ce1}" />
      </MissingDependency>
      <MissingDependency>
        <Required type="1" schemaName="msdyn_workorder" displayName="Work Order" solution="FieldService (8.8.0.88)">
          <package>FieldService_Anchor (8.8.118.19)</package>
        </Required>
        <Dependent type="29" displayName="TDG Inspections - Updates &quot;Actual&quot; count on &quot;Unplanned Forecast&quot; Entity" id="{b1352b4e-58af-eb11-8236-000d3ae8b65a}" />
      </MissingDependency>
      <MissingDependency>
        <Required type="1" schemaName="msdyn_workordersubstatus" displayName="Work Order Substatus" solution="FieldService (8.8.0.88)">
          <package>FieldService_Anchor (8.8.118.19)</package>
        </Required>
        <Dependent type="29" displayName="TDG Inspections - Work Order Cancellation Request via Activity" id="{6b09e81f-aeae-eb11-8236-000d3ae91ce1}" />
      </MissingDependency>
      <MissingDependency>
        <Required type="1" schemaName="ovs_cancellationrequest" displayName="Cancellation Request" solution="Active" />
        <Dependent type="29" displayName="TDG Inspections - Work Order Cancellation Request via Activity" id="{6b09e81f-aeae-eb11-8236-000d3ae91ce1}" />
      </MissingDependency>
      <MissingDependency>
        <Required type="1" schemaName="ovs_confirmationofcompliance" displayName="Confirmation of Compliance" solution="Active" />
        <Dependent type="29" displayName="TDG Inspections - Send a notification after COC Due Date" id="{41e813e2-fff7-ee11-a1fe-002248af8802}" />
      </MissingDependency>
      <MissingDependency>
        <Required type="1" schemaName="ovs_cyaction" displayName="Enforcement Action" solution="Active" />
        <Dependent type="29" displayName="TDG Inspections - Notice Of Direction To Remedy Non-Compliance - HTTP" id="{0f89aba9-98af-eb11-8236-000d3ae8b65a}" />
      </MissingDependency>
      <MissingDependency>
        <Required type="1" schemaName="ovs_cyaction" displayName="Enforcement Action" solution="Active" />
        <Dependent type="29" displayName="TDG Inspections - Notice of Direction not to import" id="{219752a9-98af-eb11-8236-000d3ae91ce1}" />
      </MissingDependency>
      <MissingDependency>
        <Required type="1" schemaName="ovs_cyaction" displayName="Enforcement Action" solution="Active" />
        <Dependent type="29" displayName="TDG Inspections - Detention Notice - HTTP" id="{259752a9-98af-eb11-8236-000d3ae91ce1}" />
      </MissingDependency>
      <MissingDependency>
        <Required type="1" schemaName="ovs_cyaction" displayName="Enforcement Action" solution="Active" />
        <Dependent type="29" displayName="TDG Inspections - Send a notification when Safety Action is about to Expire" id="{34b2de66-6df7-ee11-a1fe-000d3aff36a8}" />
      </MissingDependency>
      <MissingDependency>
        <Required type="1" schemaName="ovs_cyaction" displayName="Enforcement Action" solution="Active" />
        <Dependent type="29" displayName="TDG Inspections - Notice of Infraction - Enforcement Action" id="{92f2ceb1-6caf-eb11-8236-000d3ae91ce1}" />
      </MissingDependency>
      <MissingDependency>
        <Required type="1" schemaName="ovs_followuprequest" displayName="Follow Up Inspection Request" solution="Active" />
        <Dependent type="29" displayName="TDG Inspections - Follow-up Request via Activity" id="{065c7533-adae-eb11-8236-000d3ae8b65a}" />
      </MissingDependency>
      <MissingDependency>
        <Required type="1" schemaName="ovs_invitation" displayName="Invitation" solution="Active" />
        <Dependent type="29" displayName="TDG CRS Invitation Email Notification" id="{a2aefa24-2f0e-ef11-9f89-0022483de3ab}" />
      </MissingDependency>
      <MissingDependency>
        <Required type="1" schemaName="ovs_iptrun" displayName="IPT Run" solution="Active" />
        <Dependent type="29" displayName="TDG Inspections - IPT Calculations Automatically Run on a weekly basis" id="{1da8e230-830e-ed11-b83d-000d3a84cfdd}" />
      </MissingDependency>
      <MissingDependency>
        <Required type="1" schemaName="ovs_iptrun" displayName="IPT Run" solution="Active" />
        <Dependent type="29" displayName="TDG Inspector - IPT run check result" id="{382204f9-6933-ed11-9db1-0022483cb62f}" />
      </MissingDependency>
      <MissingDependency>
        <Required type="1" schemaName="ovs_iptrun" displayName="IPT Run" solution="Active" />
        <Dependent type="29" displayName="TDG Inspections - IPT run cursor" id="{eb3b6040-d898-ec11-b3fe-0022483c0c24}" />
      </MissingDependency>
      <MissingDependency>
        <Required type="1" schemaName="ovs_mocregistration" displayName="Operation" solution="Active" />
        <Dependent type="29" displayName="TDG Inspections - Send a notification when Operation set to FollowUp" id="{47a895f4-7c17-ed11-b83e-000d3a0c8551}" />
      </MissingDependency>
      <MissingDependency>
        <Required type="1" schemaName="ovs_organization_contact" displayName="Organization Contact" solution="Active" />
        <Dependent type="29" displayName="Submission: [On Status Change] -&gt; Send Email Notification to Account Managers" id="{15c20143-7709-ef11-9f89-000d3a0c4626}" />
      </MissingDependency>
      <MissingDependency>
        <Required type="1" schemaName="ovs_organization_contact" displayName="Organization Contact" solution="Active" />
        <Dependent type="29" displayName="TDG CRS Approval and Declined Addtional Info Letter" id="{5900bd50-83fe-ee11-9f89-002248b0d3d6}" />
      </MissingDependency>
      <MissingDependency>
        <Required type="1" schemaName="ovs_organization_contact" displayName="Organization Contact" solution="Active" />
        <Dependent type="29" displayName="TDG - External User Registration Expiry Notification" id="{75b485f3-1e07-ef11-9f89-000d3a0c4626}" />
      </MissingDependency>
      <MissingDependency>
        <Required type="1" schemaName="ovs_registration" displayName="Registration" solution="Active" />
        <Dependent type="29" displayName="Submission: [On Status Change] -&gt; Send Email Notification to Account Managers" id="{15c20143-7709-ef11-9f89-000d3a0c4626}" />
      </MissingDependency>
      <MissingDependency>
        <Required type="1" schemaName="ovs_registration" displayName="Registration" solution="Active" />
        <Dependent type="29" displayName="TDG CRS Approval and Declined Addtional Info Letter" id="{5900bd50-83fe-ee11-9f89-002248b0d3d6}" />
      </MissingDependency>
      <MissingDependency>
        <Required type="1" schemaName="ovs_registration" displayName="Registration" solution="Active" />
        <Dependent type="29" displayName="TDG - External User Registration Expiry Notification" id="{75b485f3-1e07-ef11-9f89-000d3a0c4626}" />
      </MissingDependency>
      <MissingDependency>
        <Required type="1" schemaName="ovs_registration" displayName="Registration" solution="Active" />
        <Dependent type="29" displayName="CRS - Expired Refgistration monitor/update" id="{f558952a-892a-ef11-840b-6045bd602d21}" />
      </MissingDependency>
      <MissingDependency>
        <Required type="1" schemaName="ovs_submission" displayName="Submission" solution="Active" />
        <Dependent type="29" displayName="Submission: [On Status Change] -&gt; Send Email Notification to Account Managers" id="{15c20143-7709-ef11-9f89-000d3a0c4626}" />
      </MissingDependency>
      <MissingDependency>
        <Required type="1" schemaName="ovs_submission" displayName="Submission" solution="Active" />
        <Dependent type="29" displayName="TDG CRS Approval and Declined Addtional Info Letter" id="{5900bd50-83fe-ee11-9f89-002248b0d3d6}" />
      </MissingDependency>
      <MissingDependency>
        <Required type="1" schemaName="ovs_tyrational" displayName="Rationale" solution="Active" />
        <Dependent type="29" displayName="TDG Inspections - Updates &quot;Actual&quot; count on &quot;Unplanned Forecast&quot; Entity" id="{b1352b4e-58af-eb11-8236-000d3ae8b65a}" />
      </MissingDependency>
      <MissingDependency>
        <Required type="1" schemaName="ovs_unplannedforecast" displayName="Unplanned Forecast" solution="Active" />
        <Dependent type="29" displayName="TDG Inspections - Updates &quot;Actual&quot; count on &quot;Unplanned Forecast&quot; Entity" id="{b1352b4e-58af-eb11-8236-000d3ae8b65a}" />
      </MissingDependency>
      <MissingDependency>
        <Required type="1" schemaName="qm_environmentsettings" displayName="Environment Settings" solution="Active" />
        <Dependent type="29" displayName="TDG Inspections - IPT Calculations Automatically Run on a weekly basis" id="{1da8e230-830e-ed11-b83d-000d3a84cfdd}" />
      </MissingDependency>
      <MissingDependency>
        <Required type="1" schemaName="qm_environmentsettings" displayName="Environment Settings" solution="Active" />
        <Dependent type="29" displayName="TDG Inspections - Apply to Customer Support - Http" id="{357ecfc7-65af-eb11-8236-000d3ae8b65a}" />
      </MissingDependency>
      <MissingDependency>
        <Required type="1" schemaName="qm_environmentsettings" displayName="Environment Settings" solution="Active" />
        <Dependent type="29" displayName="TDG Inspections - IPT run cursor" id="{eb3b6040-d898-ec11-b3fe-0022483c0c24}" />
      </MissingDependency>
      <MissingDependency>
        <Required type="1" schemaName="qm_syresult" displayName="Violation" solution="Active" />
        <Dependent type="29" displayName="TDG Inspections - Notice Of Direction To Remedy Non-Compliance - HTTP" id="{0f89aba9-98af-eb11-8236-000d3ae8b65a}" />
      </MissingDependency>
      <MissingDependency>
        <Required type="1" schemaName="qm_syresult" displayName="Violation" solution="Active" />
        <Dependent type="29" displayName="TDG Inspections - Detention Notice - HTTP" id="{259752a9-98af-eb11-8236-000d3ae91ce1}" />
      </MissingDependency>
      <MissingDependency>
        <Required type="2" schemaName="msdyn_serviceterritory" displayName="Region" parentSchemaName="msdyn_workorder" parentDisplayName="Work Order" solution="FieldService (8.8.0.88)">
          <package>FieldService_Anchor (8.8.118.19)</package>
        </Required>
        <Dependent type="29" displayName="TDG Inspections - Updates &quot;Actual&quot; count on &quot;Unplanned Forecast&quot; Entity" id="{b1352b4e-58af-eb11-8236-000d3ae8b65a}" />
      </MissingDependency>
      <MissingDependency>
        <Required type="2" schemaName="ovs_fiscalquarter" displayName="Planned Fiscal Quarter" parentSchemaName="msdyn_workorder" parentDisplayName="Work Order" solution="Active" />
        <Dependent type="29" displayName="TDG Inspections - Updates &quot;Actual&quot; count on &quot;Unplanned Forecast&quot; Entity" id="{b1352b4e-58af-eb11-8236-000d3ae8b65a}" />
      </MissingDependency>
      <MissingDependency>
        <Required type="2" schemaName="ovs_fiscalyear" displayName="Planned Fiscal Year" parentSchemaName="msdyn_workorder" parentDisplayName="Work Order" solution="Active" />
        <Dependent type="29" displayName="TDG Inspections - Updates &quot;Actual&quot; count on &quot;Unplanned Forecast&quot; Entity" id="{b1352b4e-58af-eb11-8236-000d3ae8b65a}" />
      </MissingDependency>
      <MissingDependency>
        <Required type="2" schemaName="ovs_rational" displayName="Rationale" parentSchemaName="msdyn_workorder" parentDisplayName="Work Order" solution="Active" />
        <Dependent type="29" displayName="TDG Inspections - Updates &quot;Actual&quot; count on &quot;Unplanned Forecast&quot; Entity" id="{b1352b4e-58af-eb11-8236-000d3ae8b65a}" />
      </MissingDependency>
      <MissingDependency>
        <Required type="2" schemaName="statecode" displayName="Activity Status" parentSchemaName="ovs_cyaction" parentDisplayName="Enforcement Action" solution="Active" />
        <Dependent type="29" displayName="TDG Inspections - Notice Of Direction To Remedy Non-Compliance - HTTP" id="{0f89aba9-98af-eb11-8236-000d3ae8b65a}" />
      </MissingDependency>
      <MissingDependency>
        <Required type="2" schemaName="statecode" displayName="Activity Status" parentSchemaName="ovs_cyaction" parentDisplayName="Enforcement Action" solution="Active" />
        <Dependent type="29" displayName="TDG Inspections - Detention Notice - HTTP" id="{259752a9-98af-eb11-8236-000d3ae91ce1}" />
      </MissingDependency>
      <MissingDependency>
        <Required type="2" schemaName="statuscode" displayName="Status Reason" parentSchemaName="ovs_cyaction" parentDisplayName="Enforcement Action" solution="Active" />
        <Dependent type="29" displayName="TDG Inspections - Notice Of Direction To Remedy Non-Compliance - HTTP" id="{0f89aba9-98af-eb11-8236-000d3ae8b65a}" />
      </MissingDependency>
      <MissingDependency>
        <Required type="2" schemaName="statuscode" displayName="Status Reason" parentSchemaName="ovs_cyaction" parentDisplayName="Enforcement Action" solution="Active" />
        <Dependent type="29" displayName="TDG Inspections - Detention Notice - HTTP" id="{259752a9-98af-eb11-8236-000d3ae91ce1}" />
      </MissingDependency>
      <MissingDependency>
        <Required type="2" schemaName="ovs_invite_status_cd" displayName="Invitation Status" parentSchemaName="ovs_invitation" parentDisplayName="Invitation" solution="Active" />
        <Dependent type="29" displayName="TDG CRS Invitation Email Notification" id="{a2aefa24-2f0e-ef11-9f89-0022483de3ab}" />
      </MissingDependency>
      <MissingDependency>
        <Required type="2" schemaName="statuscode" displayName="Status Reason" parentSchemaName="ovs_iptrun" parentDisplayName="IPT Run" solution="Active" />
        <Dependent type="29" displayName="TDG Inspector - IPT run check result" id="{382204f9-6933-ed11-9db1-0022483cb62f}" />
      </MissingDependency>
      <MissingDependency>
        <Required type="2" schemaName="ovs_followupind" displayName="Follow-UP" parentSchemaName="ovs_mocregistration" parentDisplayName="Operation" solution="Active" />
        <Dependent type="29" displayName="TDG Inspections - Send a notification when Operation set to FollowUp" id="{47a895f4-7c17-ed11-b83e-000d3a0c8551}" />
      </MissingDependency>
      <MissingDependency>
        <Required type="2" schemaName="statuscode" displayName="Status Reason" parentSchemaName="ovs_submission" parentDisplayName="Submission" solution="Active" />
        <Dependent type="29" displayName="Submission: [On Status Change] -&gt; Send Email Notification to Account Managers" id="{15c20143-7709-ef11-9f89-000d3a0c4626}" />
      </MissingDependency>
      <MissingDependency>
        <Required type="2" schemaName="statuscode" displayName="Status Reason" parentSchemaName="ovs_submission" parentDisplayName="Submission" solution="Active" />
        <Dependent type="29" displayName="TDG CRS Approval and Declined Addtional Info Letter" id="{5900bd50-83fe-ee11-9f89-002248b0d3d6}" />
      </MissingDependency>
      <MissingDependency>
        <Required type="connectionreference" displayName="tdg_ConnectionReferenceApprovalsTDGCoreUser" solution="Active" id.connectionreferencelogicalname="tdg_ConnectionReferenceApprovalsTDGCoreUser" />
        <Dependent type="29" displayName="TDG Inspections - Follow-up Request via Activity" id="{065c7533-adae-eb11-8236-000d3ae8b65a}" />
      </MissingDependency>
      <MissingDependency>
        <Required type="connectionreference" displayName="tdg_ConnectionReferenceApprovalsTDGCoreUser" solution="Active" id.connectionreferencelogicalname="tdg_ConnectionReferenceApprovalsTDGCoreUser" />
        <Dependent type="29" displayName="TDG Inspections - Work Order Cancellation Request via Activity" id="{6b09e81f-aeae-eb11-8236-000d3ae91ce1}" />
      </MissingDependency>
      <MissingDependency>
        <Required type="connectionreference" displayName="tdg_ConnectionReferenceBlobSASKey" solution="Active" id.connectionreferencelogicalname="tdg_ConnectionReferenceBlobSASKey" />
        <Dependent type="29" displayName="TDG Inspections - Notice of Direction not to import" id="{219752a9-98af-eb11-8236-000d3ae91ce1}" />
      </MissingDependency>
      <MissingDependency>
        <Required type="connectionreference" displayName="tdg_ConnectionReferenceBlobSASKey" solution="Active" id.connectionreferencelogicalname="tdg_ConnectionReferenceBlobSASKey" />
        <Dependent type="29" displayName="TDG CRS Approval and Declined Addtional Info Letter" id="{5900bd50-83fe-ee11-9f89-002248b0d3d6}" />
      </MissingDependency>
      <MissingDependency>
        <Required type="connectionreference" displayName="tdg_ConnectionReferenceBlobSASKey" solution="Active" id.connectionreferencelogicalname="tdg_ConnectionReferenceBlobSASKey" />
        <Dependent type="29" displayName="TDG Inspections - Notice of Infraction - Enforcement Action" id="{92f2ceb1-6caf-eb11-8236-000d3ae91ce1}" />
      </MissingDependency>
      <MissingDependency>
        <Required type="connectionreference" displayName="tdg_ConnectionReferenceDataverseLegacyServicePrinciple" solution="Active" id.connectionreferencelogicalname="tdg_ConnectionReferenceDataverseLegacyServicePrinciple" />
        <Dependent type="29" displayName="TDG CRS Approval and Declined Addtional Info Letter" id="{5900bd50-83fe-ee11-9f89-002248b0d3d6}" />
      </MissingDependency>
      <MissingDependency>
        <Required type="connectionreference" displayName="tdg_ConnectionReferenceDataverseServicePrinciple" solution="Active" id.connectionreferencelogicalname="tdg_ConnectionReferenceDataverseServicePrinciple" />
        <Dependent type="29" displayName="TDG Inspections - Follow-up Request via Activity" id="{065c7533-adae-eb11-8236-000d3ae8b65a}" />
      </MissingDependency>
      <MissingDependency>
        <Required type="connectionreference" displayName="tdg_ConnectionReferenceDataverseServicePrinciple" solution="Active" id.connectionreferencelogicalname="tdg_ConnectionReferenceDataverseServicePrinciple" />
        <Dependent type="29" displayName="TDG Inspections - Notice Of Direction To Remedy Non-Compliance - HTTP" id="{0f89aba9-98af-eb11-8236-000d3ae8b65a}" />
      </MissingDependency>
      <MissingDependency>
        <Required type="connectionreference" displayName="tdg_ConnectionReferenceDataverseServicePrinciple" solution="Active" id.connectionreferencelogicalname="tdg_ConnectionReferenceDataverseServicePrinciple" />
        <Dependent type="29" displayName="Submission: [On Status Change] -&gt; Send Email Notification to Account Managers" id="{15c20143-7709-ef11-9f89-000d3a0c4626}" />
      </MissingDependency>
      <MissingDependency>
        <Required type="connectionreference" displayName="tdg_ConnectionReferenceDataverseServicePrinciple" solution="Active" id.connectionreferencelogicalname="tdg_ConnectionReferenceDataverseServicePrinciple" />
        <Dependent type="29" displayName="TDG Inspections - IPT Calculations Automatically Run on a weekly basis" id="{1da8e230-830e-ed11-b83d-000d3a84cfdd}" />
      </MissingDependency>
      <MissingDependency>
        <Required type="connectionreference" displayName="tdg_ConnectionReferenceDataverseServicePrinciple" solution="Active" id.connectionreferencelogicalname="tdg_ConnectionReferenceDataverseServicePrinciple" />
        <Dependent type="29" displayName="TDG Inspections - Notice of Direction not to import" id="{219752a9-98af-eb11-8236-000d3ae91ce1}" />
      </MissingDependency>
      <MissingDependency>
        <Required type="connectionreference" displayName="tdg_ConnectionReferenceDataverseServicePrinciple" solution="Active" id.connectionreferencelogicalname="tdg_ConnectionReferenceDataverseServicePrinciple" />
        <Dependent type="29" displayName="TDG Inspections - Detention Notice - HTTP" id="{259752a9-98af-eb11-8236-000d3ae91ce1}" />
      </MissingDependency>
      <MissingDependency>
        <Required type="connectionreference" displayName="tdg_ConnectionReferenceDataverseServicePrinciple" solution="Active" id.connectionreferencelogicalname="tdg_ConnectionReferenceDataverseServicePrinciple" />
        <Dependent type="29" displayName="TDG Inspections - Send a notification when Safety Action is about to Expire" id="{34b2de66-6df7-ee11-a1fe-000d3aff36a8}" />
      </MissingDependency>
      <MissingDependency>
        <Required type="connectionreference" displayName="tdg_ConnectionReferenceDataverseServicePrinciple" solution="Active" id.connectionreferencelogicalname="tdg_ConnectionReferenceDataverseServicePrinciple" />
        <Dependent type="29" displayName="TDG Inspections - Apply to Customer Support - Http" id="{357ecfc7-65af-eb11-8236-000d3ae8b65a}" />
      </MissingDependency>
      <MissingDependency>
        <Required type="connectionreference" displayName="tdg_ConnectionReferenceDataverseServicePrinciple" solution="Active" id.connectionreferencelogicalname="tdg_ConnectionReferenceDataverseServicePrinciple" />
        <Dependent type="29" displayName="TDG Inspector - IPT run check result" id="{382204f9-6933-ed11-9db1-0022483cb62f}" />
      </MissingDependency>
      <MissingDependency>
        <Required type="connectionreference" displayName="tdg_ConnectionReferenceDataverseServicePrinciple" solution="Active" id.connectionreferencelogicalname="tdg_ConnectionReferenceDataverseServicePrinciple" />
        <Dependent type="29" displayName="TDG Inspections - Send a notification after COC Due Date" id="{41e813e2-fff7-ee11-a1fe-002248af8802}" />
      </MissingDependency>
      <MissingDependency>
        <Required type="connectionreference" displayName="tdg_ConnectionReferenceDataverseServicePrinciple" solution="Active" id.connectionreferencelogicalname="tdg_ConnectionReferenceDataverseServicePrinciple" />
        <Dependent type="29" displayName="TDG Inspections - Send a notification when Operation set to FollowUp" id="{47a895f4-7c17-ed11-b83e-000d3a0c8551}" />
      </MissingDependency>
      <MissingDependency>
        <Required type="connectionreference" displayName="tdg_ConnectionReferenceDataverseServicePrinciple" solution="Active" id.connectionreferencelogicalname="tdg_ConnectionReferenceDataverseServicePrinciple" />
        <Dependent type="29" displayName="TDG CRS Approval and Declined Addtional Info Letter" id="{5900bd50-83fe-ee11-9f89-002248b0d3d6}" />
      </MissingDependency>
      <MissingDependency>
        <Required type="connectionreference" displayName="tdg_ConnectionReferenceDataverseServicePrinciple" solution="Active" id.connectionreferencelogicalname="tdg_ConnectionReferenceDataverseServicePrinciple" />
        <Dependent type="29" displayName="TDG Inspections - Work Order Cancellation Request via Activity" id="{6b09e81f-aeae-eb11-8236-000d3ae91ce1}" />
      </MissingDependency>
      <MissingDependency>
        <Required type="connectionreference" displayName="tdg_ConnectionReferenceDataverseServicePrinciple" solution="Active" id.connectionreferencelogicalname="tdg_ConnectionReferenceDataverseServicePrinciple" />
        <Dependent type="29" displayName="TDG - External User Registration Expiry Notification" id="{75b485f3-1e07-ef11-9f89-000d3a0c4626}" />
      </MissingDependency>
      <MissingDependency>
        <Required type="connectionreference" displayName="tdg_ConnectionReferenceDataverseServicePrinciple" solution="Active" id.connectionreferencelogicalname="tdg_ConnectionReferenceDataverseServicePrinciple" />
        <Dependent type="29" displayName="TDG Inspections - Notice of Infraction - Enforcement Action" id="{92f2ceb1-6caf-eb11-8236-000d3ae91ce1}" />
      </MissingDependency>
      <MissingDependency>
        <Required type="connectionreference" displayName="tdg_ConnectionReferenceDataverseServicePrinciple" solution="Active" id.connectionreferencelogicalname="tdg_ConnectionReferenceDataverseServicePrinciple" />
        <Dependent type="29" displayName="TDG CRS Invitation Email Notification" id="{a2aefa24-2f0e-ef11-9f89-0022483de3ab}" />
      </MissingDependency>
      <MissingDependency>
        <Required type="connectionreference" displayName="tdg_ConnectionReferenceDataverseServicePrinciple" solution="Active" id.connectionreferencelogicalname="tdg_ConnectionReferenceDataverseServicePrinciple" />
        <Dependent type="29" displayName="TDG Inspections - Updates &quot;Actual&quot; count on &quot;Unplanned Forecast&quot; Entity" id="{b1352b4e-58af-eb11-8236-000d3ae8b65a}" />
      </MissingDependency>
      <MissingDependency>
        <Required type="connectionreference" displayName="tdg_ConnectionReferenceDataverseServicePrinciple" solution="Active" id.connectionreferencelogicalname="tdg_ConnectionReferenceDataverseServicePrinciple" />
        <Dependent type="29" displayName="TDG Inspections - Set new Bookable Resource Category to Inspector" id="{b81b36bc-63af-eb11-8236-000d3ae91ce1}" />
      </MissingDependency>
      <MissingDependency>
        <Required type="connectionreference" displayName="tdg_ConnectionReferenceDataverseServicePrinciple" solution="Active" id.connectionreferencelogicalname="tdg_ConnectionReferenceDataverseServicePrinciple" />
        <Dependent type="29" displayName="TDG Inspections - IPT run cursor" id="{eb3b6040-d898-ec11-b3fe-0022483c0c24}" />
      </MissingDependency>
      <MissingDependency>
        <Required type="connectionreference" displayName="tdg_ConnectionReferenceDataverseServicePrinciple" solution="Active" id.connectionreferencelogicalname="tdg_ConnectionReferenceDataverseServicePrinciple" />
        <Dependent type="29" displayName="CRS - Expired Refgistration monitor/update" id="{f558952a-892a-ef11-840b-6045bd602d21}" />
      </MissingDependency>
      <MissingDependency>
        <Required type="connectionreference" displayName="tdg_ConnectionReferenceMSTeamsTDGCoreUser" solution="Active" id.connectionreferencelogicalname="tdg_ConnectionReferenceMSTeamsTDGCoreUser" />
        <Dependent type="29" displayName="TDG Inspections - IPT Calculations Automatically Run on a weekly basis" id="{1da8e230-830e-ed11-b83d-000d3a84cfdd}" />
      </MissingDependency>
      <MissingDependency>
        <Required type="connectionreference" displayName="tdg_ConnectionReferenceMSTeamsTDGCoreUser" solution="Active" id.connectionreferencelogicalname="tdg_ConnectionReferenceMSTeamsTDGCoreUser" />
        <Dependent type="29" displayName="TDG Inspections - Send a notification when Safety Action is about to Expire" id="{34b2de66-6df7-ee11-a1fe-000d3aff36a8}" />
      </MissingDependency>
      <MissingDependency>
        <Required type="connectionreference" displayName="tdg_ConnectionReferenceMSTeamsTDGCoreUser" solution="Active" id.connectionreferencelogicalname="tdg_ConnectionReferenceMSTeamsTDGCoreUser" />
        <Dependent type="29" displayName="TDG Inspections - Apply to Customer Support - Http" id="{357ecfc7-65af-eb11-8236-000d3ae8b65a}" />
      </MissingDependency>
      <MissingDependency>
        <Required type="connectionreference" displayName="tdg_ConnectionReferenceMSTeamsTDGCoreUser" solution="Active" id.connectionreferencelogicalname="tdg_ConnectionReferenceMSTeamsTDGCoreUser" />
        <Dependent type="29" displayName="TDG Inspections - Send a notification after COC Due Date" id="{41e813e2-fff7-ee11-a1fe-002248af8802}" />
      </MissingDependency>
      <MissingDependency>
        <Required type="connectionreference" displayName="tdg_ConnectionReferenceMSTeamsTDGCoreUser" solution="Active" id.connectionreferencelogicalname="tdg_ConnectionReferenceMSTeamsTDGCoreUser" />
        <Dependent type="29" displayName="TDG Inspections - Send a notification when Operation set to FollowUp" id="{47a895f4-7c17-ed11-b83e-000d3a0c8551}" />
      </MissingDependency>
      <MissingDependency>
        <Required type="connectionreference" displayName="tdg_ConnectionReferenceMSTeamsTDGCoreUser" solution="Active" id.connectionreferencelogicalname="tdg_ConnectionReferenceMSTeamsTDGCoreUser" />
        <Dependent type="29" displayName="TDG Inspections - IPT run cursor" id="{eb3b6040-d898-ec11-b3fe-0022483c0c24}" />
      </MissingDependency>
      <MissingDependency>
        <Required type="connectionreference" displayName="tdg_ConnectionReferenceOutlookTDGCoreUser" solution="Active" id.connectionreferencelogicalname="tdg_ConnectionReferenceOutlookTDGCoreUser" />
        <Dependent type="29" displayName="TDG Inspections - Send a notification when Safety Action is about to Expire" id="{34b2de66-6df7-ee11-a1fe-000d3aff36a8}" />
      </MissingDependency>
      <MissingDependency>
        <Required type="connectionreference" displayName="tdg_ConnectionReferenceOutlookTDGCoreUser" solution="Active" id.connectionreferencelogicalname="tdg_ConnectionReferenceOutlookTDGCoreUser" />
        <Dependent type="29" displayName="TDG Inspections - Apply to Customer Support - Http" id="{357ecfc7-65af-eb11-8236-000d3ae8b65a}" />
      </MissingDependency>
      <MissingDependency>
        <Required type="connectionreference" displayName="tdg_ConnectionReferenceOutlookTDGCoreUser" solution="Active" id.connectionreferencelogicalname="tdg_ConnectionReferenceOutlookTDGCoreUser" />
        <Dependent type="29" displayName="TDG Inspections - Send a notification after COC Due Date" id="{41e813e2-fff7-ee11-a1fe-002248af8802}" />
      </MissingDependency>
      <MissingDependency>
        <Required type="connectionreference" displayName="tdg_ConnectionReferenceOutlookTDGCoreUser" solution="Active" id.connectionreferencelogicalname="tdg_ConnectionReferenceOutlookTDGCoreUser" />
        <Dependent type="29" displayName="TDG Inspections - Send a notification when Operation set to FollowUp" id="{47a895f4-7c17-ed11-b83e-000d3a0c8551}" />
      </MissingDependency>
      <MissingDependency>
        <Required type="connectionreference" displayName="tdg_ConnectionReferenceOutlookTDGCoreUser" solution="Active" id.connectionreferencelogicalname="tdg_ConnectionReferenceOutlookTDGCoreUser" />
        <Dependent type="29" displayName="TDG Inspections - Work Order Cancellation Request via Activity" id="{6b09e81f-aeae-eb11-8236-000d3ae91ce1}" />
      </MissingDependency>
      <MissingDependency>
        <Required type="connectionreference" displayName="tdg_ConnectionReferenceOutlookTDGCoreUser" solution="Active" id.connectionreferencelogicalname="tdg_ConnectionReferenceOutlookTDGCoreUser" />
        <Dependent type="29" displayName="TDG Inspections - IPT run cursor" id="{eb3b6040-d898-ec11-b3fe-0022483c0c24}" />
      </MissingDependency>
      <MissingDependency>
        <Required type="connectionreference" displayName="tdg_ConnectionReferencePlatformAdminTDGCoreUser" solution="Active" id.connectionreferencelogicalname="tdg_ConnectionReferencePlatformAdminTDGCoreUser" />
        <Dependent type="29" displayName="TDG Inspections - Send a notification when Operation set to FollowUp" id="{47a895f4-7c17-ed11-b83e-000d3a0c8551}" />
      </MissingDependency>
      <MissingDependency>
        <Required type="connectionreference" displayName="tdg_ConnectionReferenceSharepointTDGCoreUser" solution="Active" id.connectionreferencelogicalname="tdg_ConnectionReferenceSharepointTDGCoreUser" />
        <Dependent type="29" displayName="TDG Inspections - Notice Of Direction To Remedy Non-Compliance - HTTP" id="{0f89aba9-98af-eb11-8236-000d3ae8b65a}" />
      </MissingDependency>
      <MissingDependency>
        <Required type="connectionreference" displayName="tdg_ConnectionReferenceSharepointTDGCoreUser" solution="Active" id.connectionreferencelogicalname="tdg_ConnectionReferenceSharepointTDGCoreUser" />
        <Dependent type="29" displayName="TDG Inspections - Notice of Direction not to import" id="{219752a9-98af-eb11-8236-000d3ae91ce1}" />
      </MissingDependency>
      <MissingDependency>
        <Required type="connectionreference" displayName="tdg_ConnectionReferenceSharepointTDGCoreUser" solution="Active" id.connectionreferencelogicalname="tdg_ConnectionReferenceSharepointTDGCoreUser" />
        <Dependent type="29" displayName="TDG Inspections - Detention Notice - HTTP" id="{259752a9-98af-eb11-8236-000d3ae91ce1}" />
      </MissingDependency>
      <MissingDependency>
        <Required type="connectionreference" displayName="tdg_ConnectionReferenceSharepointTDGCoreUser" solution="Active" id.connectionreferencelogicalname="tdg_ConnectionReferenceSharepointTDGCoreUser" />
        <Dependent type="29" displayName="TDG CRS Approval and Declined Addtional Info Letter" id="{5900bd50-83fe-ee11-9f89-002248b0d3d6}" />
      </MissingDependency>
      <MissingDependency>
        <Required type="connectionreference" displayName="tdg_ConnectionReferenceSharepointTDGCoreUser" solution="Active" id.connectionreferencelogicalname="tdg_ConnectionReferenceSharepointTDGCoreUser" />
        <Dependent type="29" displayName="TDG Inspections - Notice of Infraction - Enforcement Action" id="{92f2ceb1-6caf-eb11-8236-000d3ae91ce1}" />
      </MissingDependency>
      <MissingDependency>
        <Required type="connectionreference" displayName="tdg_ConnectionReferenceWordOnlineTDGCoreUser" solution="Active" id.connectionreferencelogicalname="tdg_ConnectionReferenceWordOnlineTDGCoreUser" />
        <Dependent type="29" displayName="TDG Inspections - Notice Of Direction To Remedy Non-Compliance - HTTP" id="{0f89aba9-98af-eb11-8236-000d3ae8b65a}" />
      </MissingDependency>
      <MissingDependency>
        <Required type="connectionreference" displayName="tdg_ConnectionReferenceWordOnlineTDGCoreUser" solution="Active" id.connectionreferencelogicalname="tdg_ConnectionReferenceWordOnlineTDGCoreUser" />
        <Dependent type="29" displayName="TDG Inspections - Notice of Direction not to import" id="{219752a9-98af-eb11-8236-000d3ae91ce1}" />
      </MissingDependency>
      <MissingDependency>
        <Required type="connectionreference" displayName="tdg_ConnectionReferenceWordOnlineTDGCoreUser" solution="Active" id.connectionreferencelogicalname="tdg_ConnectionReferenceWordOnlineTDGCoreUser" />
        <Dependent type="29" displayName="TDG Inspections - Detention Notice - HTTP" id="{259752a9-98af-eb11-8236-000d3ae91ce1}" />
      </MissingDependency>
      <MissingDependency>
        <Required type="connectionreference" displayName="tdg_ConnectionReferenceWordOnlineTDGCoreUser" solution="Active" id.connectionreferencelogicalname="tdg_ConnectionReferenceWordOnlineTDGCoreUser" />
        <Dependent type="29" displayName="TDG CRS Approval and Declined Addtional Info Letter" id="{5900bd50-83fe-ee11-9f89-002248b0d3d6}" />
      </MissingDependency>
      <MissingDependency>
        <Required type="connectionreference" displayName="tdg_ConnectionReferenceWordOnlineTDGCoreUser" solution="Active" id.connectionreferencelogicalname="tdg_ConnectionReferenceWordOnlineTDGCoreUser" />
        <Dependent type="29" displayName="TDG Inspections - Notice of Infraction - Enforcement Action" id="{92f2ceb1-6caf-eb11-8236-000d3ae91ce1}" />
      </MissingDependency>
      <MissingDependency>
        <Required type="EnvironmentVariableDefinition" displayName="ovs_CrmBaseUrl" solution="Active" id.schemaname="ovs_CrmBaseUrl" />
        <Dependent type="29" displayName="Submission: [On Status Change] -&gt; Send Email Notification to Account Managers" id="{15c20143-7709-ef11-9f89-000d3a0c4626}" />
      </MissingDependency>
      <MissingDependency>
        <Required type="EnvironmentVariableDefinition" displayName="ovs_CrmBaseUrl" solution="Active" id.schemaname="ovs_CrmBaseUrl" />
        <Dependent type="29" displayName="TDG CRS Approval and Declined Addtional Info Letter" id="{5900bd50-83fe-ee11-9f89-002248b0d3d6}" />
      </MissingDependency>
      <MissingDependency>
        <Required type="EnvironmentVariableDefinition" displayName="ovs_CrmBaseUrl" solution="Active" id.schemaname="ovs_CrmBaseUrl" />
        <Dependent type="29" displayName="TDG - External User Registration Expiry Notification" id="{75b485f3-1e07-ef11-9f89-000d3a0c4626}" />
      </MissingDependency>
      <MissingDependency>
        <Required type="EnvironmentVariableDefinition" displayName="ovs_CrmBaseUrl" solution="Active" id.schemaname="ovs_CrmBaseUrl" />
        <Dependent type="29" displayName="TDG CRS Invitation Email Notification" id="{a2aefa24-2f0e-ef11-9f89-0022483de3ab}" />
      </MissingDependency>
      <MissingDependency>
        <Required type="EnvironmentVariableDefinition" displayName="ovs_CRS_Sender_Queue" solution="Active" id.schemaname="ovs_CRS_Sender_Queue" />
        <Dependent type="29" displayName="Submission: [On Status Change] -&gt; Send Email Notification to Account Managers" id="{15c20143-7709-ef11-9f89-000d3a0c4626}" />
      </MissingDependency>
      <MissingDependency>
        <Required type="EnvironmentVariableDefinition" displayName="ovs_CRS_Sender_Queue" solution="Active" id.schemaname="ovs_CRS_Sender_Queue" />
        <Dependent type="29" displayName="TDG CRS Approval and Declined Addtional Info Letter" id="{5900bd50-83fe-ee11-9f89-002248b0d3d6}" />
      </MissingDependency>
      <MissingDependency>
        <Required type="EnvironmentVariableDefinition" displayName="ovs_CRS_Sender_Queue" solution="Active" id.schemaname="ovs_CRS_Sender_Queue" />
        <Dependent type="29" displayName="TDG - External User Registration Expiry Notification" id="{75b485f3-1e07-ef11-9f89-000d3a0c4626}" />
      </MissingDependency>
      <MissingDependency>
        <Required type="EnvironmentVariableDefinition" displayName="ovs_CRS_Sender_Queue" solution="Active" id.schemaname="ovs_CRS_Sender_Queue" />
        <Dependent type="29" displayName="TDG CRS Invitation Email Notification" id="{a2aefa24-2f0e-ef11-9f89-0022483de3ab}" />
      </MissingDependency>
      <MissingDependency>
        <Required type="EnvironmentVariableDefinition" displayName="ovs_DetentionNoticeEN" solution="Active" id.schemaname="ovs_DetentionNoticeEN" />
        <Dependent type="29" displayName="TDG Inspections - Detention Notice - HTTP" id="{259752a9-98af-eb11-8236-000d3ae91ce1}" />
      </MissingDependency>
      <MissingDependency>
        <Required type="EnvironmentVariableDefinition" displayName="ovs_NoticeofDirectionNot2ImportEN" solution="Active" id.schemaname="ovs_NoticeofDirectionNot2ImportEN" />
        <Dependent type="29" displayName="TDG Inspections - Notice of Direction not to import" id="{219752a9-98af-eb11-8236-000d3ae91ce1}" />
      </MissingDependency>
      <MissingDependency>
        <Required type="EnvironmentVariableDefinition" displayName="ovs_NoticeofDirectiontoRemedyNonComplianceEN" solution="Active" id.schemaname="ovs_NoticeofDirectiontoRemedyNonComplianceEN" />
        <Dependent type="29" displayName="TDG Inspections - Notice Of Direction To Remedy Non-Compliance - HTTP" id="{0f89aba9-98af-eb11-8236-000d3ae8b65a}" />
      </MissingDependency>
      <MissingDependency>
        <Required type="EnvironmentVariableDefinition" displayName="ovs_NoticeOfInfractionEN" solution="Active" id.schemaname="ovs_NoticeOfInfractionEN" />
        <Dependent type="29" displayName="TDG Inspections - Notice of Infraction - Enforcement Action" id="{92f2ceb1-6caf-eb11-8236-000d3ae91ce1}" />
      </MissingDependency>
      <MissingDependency>
        <Required type="EnvironmentVariableDefinition" displayName="ovs_TDGOnlineportal" solution="Active" id.schemaname="ovs_TDGOnlineportal" />
        <Dependent type="29" displayName="Submission: [On Status Change] -&gt; Send Email Notification to Account Managers" id="{15c20143-7709-ef11-9f89-000d3a0c4626}" />
      </MissingDependency>
      <MissingDependency>
        <Required type="EnvironmentVariableDefinition" displayName="ovs_TDGOnlineportal" solution="Active" id.schemaname="ovs_TDGOnlineportal" />
        <Dependent type="29" displayName="TDG CRS Approval and Declined Addtional Info Letter" id="{5900bd50-83fe-ee11-9f89-002248b0d3d6}" />
      </MissingDependency>
      <MissingDependency>
        <Required type="EnvironmentVariableDefinition" displayName="ovs_TDGOnlineportal" solution="Active" id.schemaname="ovs_TDGOnlineportal" />
        <Dependent type="29" displayName="TDG - External User Registration Expiry Notification" id="{75b485f3-1e07-ef11-9f89-000d3a0c4626}" />
      </MissingDependency>
      <MissingDependency>
        <Required type="EnvironmentVariableDefinition" displayName="ovs_TDGOnlineportal" solution="Active" id.schemaname="ovs_TDGOnlineportal" />
        <Dependent type="29" displayName="TDG CRS Invitation Email Notification" id="{a2aefa24-2f0e-ef11-9f89-0022483de3ab}" />
      </MissingDependency>
    </MissingDependencies>
  </SolutionManifest>
</ImportExportXml>