<ImportExportXml version="9.2.22023.133" SolutionPackageVersion="9.2" languagecode="1033" generatedBy="CrmLive" xmlns:xsi="http://www.w3.org/2001/XMLSchema-instance">
  <SolutionManifest>
    <UniqueName>TDGFlow</UniqueName>
    <LocalizedNames>
      <LocalizedName description="TDG.Flow" languagecode="1033" />
    </LocalizedNames>
    <Descriptions>
      <Description description="Upgrade of TDG.Flow" languagecode="1033" />
    </Descriptions>
    <Version>1.2.0.0</Version>
    <Managed>0</Managed>
    <Publisher>
      <UniqueName>transportationofdangerousgoods</UniqueName>
      <LocalizedNames>
        <LocalizedName description="Transportation of Dangerous Goods" languagecode="1033" />
      </LocalizedNames>
      <Descriptions />
      <EMailAddress xsi:nil="true"></EMailAddress>
      <SupportingWebsiteUrl xsi:nil="true"></SupportingWebsiteUrl>
      <CustomizationPrefix>tdg</CustomizationPrefix>
      <CustomizationOptionValuePrefix>75077</CustomizationOptionValuePrefix>
      <Addresses>
        <Address>
          <AddressNumber>1</AddressNumber>
          <AddressTypeCode>1</AddressTypeCode>
          <City xsi:nil="true"></City>
          <County xsi:nil="true"></County>
          <Country xsi:nil="true"></Country>
          <Fax xsi:nil="true"></Fax>
          <FreightTermsCode xsi:nil="true"></FreightTermsCode>
          <ImportSequenceNumber xsi:nil="true"></ImportSequenceNumber>
          <Latitude xsi:nil="true"></Latitude>
          <Line1 xsi:nil="true"></Line1>
          <Line2 xsi:nil="true"></Line2>
          <Line3 xsi:nil="true"></Line3>
          <Longitude xsi:nil="true"></Longitude>
          <Name xsi:nil="true"></Name>
          <PostalCode xsi:nil="true"></PostalCode>
          <PostOfficeBox xsi:nil="true"></PostOfficeBox>
          <PrimaryContactName xsi:nil="true"></PrimaryContactName>
          <ShippingMethodCode>1</ShippingMethodCode>
          <StateOrProvince xsi:nil="true"></StateOrProvince>
          <Telephone1 xsi:nil="true"></Telephone1>
          <Telephone2 xsi:nil="true"></Telephone2>
          <Telephone3 xsi:nil="true"></Telephone3>
          <TimeZoneRuleVersionNumber xsi:nil="true"></TimeZoneRuleVersionNumber>
          <UPSZone xsi:nil="true"></UPSZone>
          <UTCOffset xsi:nil="true"></UTCOffset>
          <UTCConversionTimeZoneCode xsi:nil="true"></UTCConversionTimeZoneCode>
        </Address>
        <Address>
          <AddressNumber>2</AddressNumber>
          <AddressTypeCode>1</AddressTypeCode>
          <City xsi:nil="true"></City>
          <County xsi:nil="true"></County>
          <Country xsi:nil="true"></Country>
          <Fax xsi:nil="true"></Fax>
          <FreightTermsCode xsi:nil="true"></FreightTermsCode>
          <ImportSequenceNumber xsi:nil="true"></ImportSequenceNumber>
          <Latitude xsi:nil="true"></Latitude>
          <Line1 xsi:nil="true"></Line1>
          <Line2 xsi:nil="true"></Line2>
          <Line3 xsi:nil="true"></Line3>
          <Longitude xsi:nil="true"></Longitude>
          <Name xsi:nil="true"></Name>
          <PostalCode xsi:nil="true"></PostalCode>
          <PostOfficeBox xsi:nil="true"></PostOfficeBox>
          <PrimaryContactName xsi:nil="true"></PrimaryContactName>
          <ShippingMethodCode>1</ShippingMethodCode>
          <StateOrProvince xsi:nil="true"></StateOrProvince>
          <Telephone1 xsi:nil="true"></Telephone1>
          <Telephone2 xsi:nil="true"></Telephone2>
          <Telephone3 xsi:nil="true"></Telephone3>
          <TimeZoneRuleVersionNumber xsi:nil="true"></TimeZoneRuleVersionNumber>
          <UPSZone xsi:nil="true"></UPSZone>
          <UTCOffset xsi:nil="true"></UTCOffset>
          <UTCConversionTimeZoneCode xsi:nil="true"></UTCConversionTimeZoneCode>
        </Address>
      </Addresses>
    </Publisher>
    <RootComponents>
      <RootComponent type="29" id="{065c7533-adae-eb11-8236-000d3ae8b65a}" behavior="0" />
      <RootComponent type="29" id="{0f89aba9-98af-eb11-8236-000d3ae8b65a}" behavior="0" />
      <RootComponent type="29" id="{219752a9-98af-eb11-8236-000d3ae91ce1}" behavior="0" />
      <RootComponent type="29" id="{259752a9-98af-eb11-8236-000d3ae91ce1}" behavior="0" />
      <RootComponent type="29" id="{357ecfc7-65af-eb11-8236-000d3ae8b65a}" behavior="0" />
      <RootComponent type="29" id="{6b09e81f-aeae-eb11-8236-000d3ae91ce1}" behavior="0" />
      <RootComponent type="29" id="{92f2ceb1-6caf-eb11-8236-000d3ae91ce1}" behavior="0" />
      <RootComponent type="29" id="{b1352b4e-58af-eb11-8236-000d3ae8b65a}" behavior="0" />
      <RootComponent type="29" id="{b81b36bc-63af-eb11-8236-000d3ae91ce1}" behavior="0" />
      <RootComponent type="29" id="{eb3b6040-d898-ec11-b3fe-0022483c0c24}" behavior="0" />
    </RootComponents>
    <MissingDependencies>
      <MissingDependency>
        <Required type="1" schemaName="bookableresource" displayName="Bookable Resource" solution="msdynce_Scheduling (9.0.0.0)" />
        <Dependent type="29" displayName="TDG Inspections - Notice of Direction not to import" id="{219752a9-98af-eb11-8236-000d3ae91ce1}" />
      </MissingDependency>
      <MissingDependency>
        <Required type="1" schemaName="bookableresource" displayName="Bookable Resource" solution="msdynce_Scheduling (9.0.0.0)" />
        <Dependent type="29" displayName="TDG Inspections - Notice of Infraction - Enforcement Action" id="{92f2ceb1-6caf-eb11-8236-000d3ae91ce1}" />
      </MissingDependency>
      <MissingDependency>
        <Required type="1" schemaName="bookableresource" displayName="Bookable Resource" solution="msdynce_Scheduling (9.0.0.0)" />
        <Dependent type="29" displayName="TDG Inspections - Set new Bookable Resource Category to Inspector" id="{b81b36bc-63af-eb11-8236-000d3ae91ce1}" />
      </MissingDependency>
      <MissingDependency>
        <Required type="1" schemaName="bookableresourcebooking" displayName="Booking" solution="msdynce_Scheduling (9.0.0.0)" />
        <Dependent type="29" displayName="TDG Inspections - Notice of Direction not to import" id="{219752a9-98af-eb11-8236-000d3ae91ce1}" />
      </MissingDependency>
      <MissingDependency>
        <Required type="1" schemaName="bookableresourcebooking" displayName="Booking" solution="msdynce_Scheduling (9.0.0.0)" />
        <Dependent type="29" displayName="TDG Inspections - Notice of Infraction - Enforcement Action" id="{92f2ceb1-6caf-eb11-8236-000d3ae91ce1}" />
      </MissingDependency>
      <MissingDependency>
        <Required type="1" schemaName="bookableresourcecategory" displayName="Bookable Resource Category" solution="msdynce_Scheduling (9.0.0.0)" />
        <Dependent type="29" displayName="TDG Inspections - Set new Bookable Resource Category to Inspector" id="{b81b36bc-63af-eb11-8236-000d3ae91ce1}" />
      </MissingDependency>
      <MissingDependency>
        <Required type="1" schemaName="bookableresourcecategoryassn" displayName="Bookable Resource Category Assn" solution="msdynce_Scheduling (9.0.0.0)" />
        <Dependent type="29" displayName="TDG Inspections - Set new Bookable Resource Category to Inspector" id="{b81b36bc-63af-eb11-8236-000d3ae91ce1}" />
      </MissingDependency>
      <MissingDependency>
        <Required type="1" schemaName="msdyn_workorder" displayName="Work Order" solution="FieldService (8.8.0.88)">
          <package>FieldService_Anchor (8.8.60.21)</package>
        </Required>
        <Dependent type="29" displayName="TDG Inspections - Follow-up Request via Activity" id="{065c7533-adae-eb11-8236-000d3ae8b65a}" />
      </MissingDependency>
      <MissingDependency>
        <Required type="1" schemaName="msdyn_workorder" displayName="Work Order" solution="FieldService (8.8.0.88)">
          <package>FieldService_Anchor (8.8.60.21)</package>
        </Required>
        <Dependent type="29" displayName="TDG Inspections - Notice Of Direction To Remedy Non-Compliance - HTTP" id="{0f89aba9-98af-eb11-8236-000d3ae8b65a}" />
      </MissingDependency>
      <MissingDependency>
        <Required type="1" schemaName="msdyn_workorder" displayName="Work Order" solution="FieldService (8.8.0.88)">
          <package>FieldService_Anchor (8.8.60.21)</package>
        </Required>
        <Dependent type="29" displayName="TDG Inspections - Notice of Direction not to import" id="{219752a9-98af-eb11-8236-000d3ae91ce1}" />
      </MissingDependency>
      <MissingDependency>
        <Required type="1" schemaName="msdyn_workorder" displayName="Work Order" solution="FieldService (8.8.0.88)">
          <package>FieldService_Anchor (8.8.60.21)</package>
        </Required>
        <Dependent type="29" displayName="TDG Inspections - Detention Notice - HTTP" id="{259752a9-98af-eb11-8236-000d3ae91ce1}" />
      </MissingDependency>
      <MissingDependency>
        <Required type="1" schemaName="msdyn_workorder" displayName="Work Order" solution="FieldService (8.8.0.88)">
          <package>FieldService_Anchor (8.8.60.21)</package>
        </Required>
        <Dependent type="29" displayName="TDG Inspections - Work Order Cancellation Request via Activity" id="{6b09e81f-aeae-eb11-8236-000d3ae91ce1}" />
      </MissingDependency>
      <MissingDependency>
        <Required type="1" schemaName="msdyn_workorder" displayName="Work Order" solution="FieldService (8.8.0.88)">
          <package>FieldService_Anchor (8.8.60.21)</package>
        </Required>
        <Dependent type="29" displayName="TDG Inspections - Notice of Infraction - Enforcement Action" id="{92f2ceb1-6caf-eb11-8236-000d3ae91ce1}" />
      </MissingDependency>
      <MissingDependency>
        <Required type="1" schemaName="msdyn_workorder" displayName="Work Order" solution="FieldService (8.8.0.88)">
          <package>FieldService_Anchor (8.8.60.21)</package>
        </Required>
        <Dependent type="29" displayName="TDG Inspections - Updates &quot;Actual&quot; count on &quot;Unplanned Forecast&quot; Entity" id="{b1352b4e-58af-eb11-8236-000d3ae8b65a}" />
      </MissingDependency>
      <MissingDependency>
        <Required type="1" schemaName="msdyn_workordersubstatus" displayName="Work Order Substatus" solution="FieldService (8.8.0.88)">
          <package>FieldService_Anchor (8.8.60.21)</package>
        </Required>
        <Dependent type="29" displayName="TDG Inspections - Work Order Cancellation Request via Activity" id="{6b09e81f-aeae-eb11-8236-000d3ae91ce1}" />
      </MissingDependency>
      <MissingDependency>
        <Required type="1" schemaName="ovs_cancellationrequest" displayName="Cancellation Request" solution="Active" />
        <Dependent type="29" displayName="TDG Inspections - Work Order Cancellation Request via Activity" id="{6b09e81f-aeae-eb11-8236-000d3ae91ce1}" />
      </MissingDependency>
      <MissingDependency>
        <Required type="1" schemaName="ovs_cyaction" displayName="Enforcement Action" solution="Active" />
        <Dependent type="29" displayName="TDG Inspections - Notice Of Direction To Remedy Non-Compliance - HTTP" id="{0f89aba9-98af-eb11-8236-000d3ae8b65a}" />
      </MissingDependency>
      <MissingDependency>
        <Required type="1" schemaName="ovs_cyaction" displayName="Enforcement Action" solution="Active" />
        <Dependent type="29" displayName="TDG Inspections - Notice of Direction not to import" id="{219752a9-98af-eb11-8236-000d3ae91ce1}" />
      </MissingDependency>
      <MissingDependency>
        <Required type="1" schemaName="ovs_cyaction" displayName="Enforcement Action" solution="Active" />
        <Dependent type="29" displayName="TDG Inspections - Detention Notice - HTTP" id="{259752a9-98af-eb11-8236-000d3ae91ce1}" />
      </MissingDependency>
      <MissingDependency>
        <Required type="1" schemaName="ovs_cyaction" displayName="Enforcement Action" solution="Active" />
        <Dependent type="29" displayName="TDG Inspections - Notice of Infraction - Enforcement Action" id="{92f2ceb1-6caf-eb11-8236-000d3ae91ce1}" />
      </MissingDependency>
      <MissingDependency>
        <Required type="1" schemaName="ovs_followuprequest" displayName="Follow Up Inspection Request" solution="Active" />
        <Dependent type="29" displayName="TDG Inspections - Follow-up Request via Activity" id="{065c7533-adae-eb11-8236-000d3ae8b65a}" />
      </MissingDependency>
      <MissingDependency>
        <Required type="1" schemaName="ovs_iptrun" displayName="IPT Run" solution="Active" />
        <Dependent type="29" displayName="IPT run cursor" id="{eb3b6040-d898-ec11-b3fe-0022483c0c24}" />
      </MissingDependency>
      <MissingDependency>
        <Required type="1" schemaName="ovs_tyrational" displayName="Rationale" solution="Active" />
        <Dependent type="29" displayName="TDG Inspections - Updates &quot;Actual&quot; count on &quot;Unplanned Forecast&quot; Entity" id="{b1352b4e-58af-eb11-8236-000d3ae8b65a}" />
      </MissingDependency>
      <MissingDependency>
        <Required type="1" schemaName="ovs_unplannedforecast" displayName="Unplanned Forecast" solution="Active" />
        <Dependent type="29" displayName="TDG Inspections - Updates &quot;Actual&quot; count on &quot;Unplanned Forecast&quot; Entity" id="{b1352b4e-58af-eb11-8236-000d3ae8b65a}" />
      </MissingDependency>
      <MissingDependency>
        <Required type="1" schemaName="qm_environmentsettings" displayName="Environment Settings" solution="Active" />
        <Dependent type="29" displayName="TDG Inspections - Apply to Customer Support - Http" id="{357ecfc7-65af-eb11-8236-000d3ae8b65a}" />
      </MissingDependency>
      <MissingDependency>
        <Required type="1" schemaName="qm_environmentsettings" displayName="Environment Settings" solution="Active" />
        <Dependent type="29" displayName="IPT run cursor" id="{eb3b6040-d898-ec11-b3fe-0022483c0c24}" />
      </MissingDependency>
      <MissingDependency>
        <Required type="1" schemaName="qm_syresult" displayName="Violation" solution="Active" />
        <Dependent type="29" displayName="TDG Inspections - Notice Of Direction To Remedy Non-Compliance - HTTP" id="{0f89aba9-98af-eb11-8236-000d3ae8b65a}" />
      </MissingDependency>
      <MissingDependency>
        <Required type="1" schemaName="qm_syresult" displayName="Violation" solution="Active" />
        <Dependent type="29" displayName="TDG Inspections - Detention Notice - HTTP" id="{259752a9-98af-eb11-8236-000d3ae91ce1}" />
      </MissingDependency>
      <MissingDependency>
        <Required type="2" schemaName="msdyn_serviceterritory" displayName="Region" parentSchemaName="msdyn_workorder" parentDisplayName="Work Order" solution="FieldService (8.8.0.88)">
          <package>FieldService_Anchor (8.8.60.21)</package>
        </Required>
        <Dependent type="29" displayName="TDG Inspections - Updates &quot;Actual&quot; count on &quot;Unplanned Forecast&quot; Entity" id="{b1352b4e-58af-eb11-8236-000d3ae8b65a}" />
      </MissingDependency>
      <MissingDependency>
        <Required type="2" schemaName="ovs_fiscalquarter" displayName="Planned Fiscal Quarter" parentSchemaName="msdyn_workorder" parentDisplayName="Work Order" solution="Active" />
        <Dependent type="29" displayName="TDG Inspections - Updates &quot;Actual&quot; count on &quot;Unplanned Forecast&quot; Entity" id="{b1352b4e-58af-eb11-8236-000d3ae8b65a}" />
      </MissingDependency>
      <MissingDependency>
        <Required type="2" schemaName="ovs_fiscalyear" displayName="Planned Fiscal Year" parentSchemaName="msdyn_workorder" parentDisplayName="Work Order" solution="Active" />
        <Dependent type="29" displayName="TDG Inspections - Updates &quot;Actual&quot; count on &quot;Unplanned Forecast&quot; Entity" id="{b1352b4e-58af-eb11-8236-000d3ae8b65a}" />
      </MissingDependency>
      <MissingDependency>
        <Required type="2" schemaName="ovs_rational" displayName="Rationale" parentSchemaName="msdyn_workorder" parentDisplayName="Work Order" solution="Active" />
        <Dependent type="29" displayName="TDG Inspections - Updates &quot;Actual&quot; count on &quot;Unplanned Forecast&quot; Entity" id="{b1352b4e-58af-eb11-8236-000d3ae8b65a}" />
      </MissingDependency>
      <MissingDependency>
        <Required type="2" schemaName="statecode" displayName="Activity Status" parentSchemaName="ovs_cyaction" parentDisplayName="Enforcement Action" solution="Active" />
        <Dependent type="29" displayName="TDG Inspections - Notice Of Direction To Remedy Non-Compliance - HTTP" id="{0f89aba9-98af-eb11-8236-000d3ae8b65a}" />
      </MissingDependency>
      <MissingDependency>
        <Required type="2" schemaName="statecode" displayName="Activity Status" parentSchemaName="ovs_cyaction" parentDisplayName="Enforcement Action" solution="Active" />
        <Dependent type="29" displayName="TDG Inspections - Detention Notice - HTTP" id="{259752a9-98af-eb11-8236-000d3ae91ce1}" />
      </MissingDependency>
      <MissingDependency>
        <Required type="2" schemaName="statuscode" displayName="Status Reason" parentSchemaName="ovs_cyaction" parentDisplayName="Enforcement Action" solution="Active" />
        <Dependent type="29" displayName="TDG Inspections - Notice Of Direction To Remedy Non-Compliance - HTTP" id="{0f89aba9-98af-eb11-8236-000d3ae8b65a}" />
      </MissingDependency>
      <MissingDependency>
        <Required type="2" schemaName="statuscode" displayName="Status Reason" parentSchemaName="ovs_cyaction" parentDisplayName="Enforcement Action" solution="Active" />
        <Dependent type="29" displayName="TDG Inspections - Detention Notice - HTTP" id="{259752a9-98af-eb11-8236-000d3ae91ce1}" />
      </MissingDependency>
      <MissingDependency>
        <Required type="connectionreference" displayName="tdg_ConnectionReferenceApprovalsTDGCoreUser" solution="Active" id.connectionreferencelogicalname="tdg_ConnectionReferenceApprovalsTDGCoreUser" />
        <Dependent type="29" displayName="TDG Inspections - Follow-up Request via Activity" id="{065c7533-adae-eb11-8236-000d3ae8b65a}" />
      </MissingDependency>
      <MissingDependency>
        <Required type="connectionreference" displayName="tdg_ConnectionReferenceApprovalsTDGCoreUser" solution="Active" id.connectionreferencelogicalname="tdg_ConnectionReferenceApprovalsTDGCoreUser" />
        <Dependent type="29" displayName="TDG Inspections - Work Order Cancellation Request via Activity" id="{6b09e81f-aeae-eb11-8236-000d3ae91ce1}" />
      </MissingDependency>
      <MissingDependency>
        <Required type="connectionreference" displayName="tdg_ConnectionReferenceBlobSASKey" solution="Active" id.connectionreferencelogicalname="tdg_ConnectionReferenceBlobSASKey" />
        <Dependent type="29" displayName="TDG Inspections - Notice of Direction not to import" id="{219752a9-98af-eb11-8236-000d3ae91ce1}" />
      </MissingDependency>
      <MissingDependency>
        <Required type="connectionreference" displayName="tdg_ConnectionReferenceBlobSASKey" solution="Active" id.connectionreferencelogicalname="tdg_ConnectionReferenceBlobSASKey" />
        <Dependent type="29" displayName="TDG Inspections - Notice of Infraction - Enforcement Action" id="{92f2ceb1-6caf-eb11-8236-000d3ae91ce1}" />
      </MissingDependency>
      <MissingDependency>
        <Required type="connectionreference" displayName="tdg_ConnectionReferenceDataverseServicePrinciple" solution="Active" id.connectionreferencelogicalname="tdg_ConnectionReferenceDataverseServicePrinciple" />
        <Dependent type="29" displayName="TDG Inspections - Follow-up Request via Activity" id="{065c7533-adae-eb11-8236-000d3ae8b65a}" />
      </MissingDependency>
      <MissingDependency>
        <Required type="connectionreference" displayName="tdg_ConnectionReferenceDataverseServicePrinciple" solution="Active" id.connectionreferencelogicalname="tdg_ConnectionReferenceDataverseServicePrinciple" />
        <Dependent type="29" displayName="TDG Inspections - Notice Of Direction To Remedy Non-Compliance - HTTP" id="{0f89aba9-98af-eb11-8236-000d3ae8b65a}" />
      </MissingDependency>
      <MissingDependency>
        <Required type="connectionreference" displayName="tdg_ConnectionReferenceDataverseServicePrinciple" solution="Active" id.connectionreferencelogicalname="tdg_ConnectionReferenceDataverseServicePrinciple" />
        <Dependent type="29" displayName="TDG Inspections - Notice of Direction not to import" id="{219752a9-98af-eb11-8236-000d3ae91ce1}" />
      </MissingDependency>
      <MissingDependency>
        <Required type="connectionreference" displayName="tdg_ConnectionReferenceDataverseServicePrinciple" solution="Active" id.connectionreferencelogicalname="tdg_ConnectionReferenceDataverseServicePrinciple" />
        <Dependent type="29" displayName="TDG Inspections - Detention Notice - HTTP" id="{259752a9-98af-eb11-8236-000d3ae91ce1}" />
      </MissingDependency>
      <MissingDependency>
        <Required type="connectionreference" displayName="tdg_ConnectionReferenceDataverseServicePrinciple" solution="Active" id.connectionreferencelogicalname="tdg_ConnectionReferenceDataverseServicePrinciple" />
        <Dependent type="29" displayName="TDG Inspections - Apply to Customer Support - Http" id="{357ecfc7-65af-eb11-8236-000d3ae8b65a}" />
      </MissingDependency>
      <MissingDependency>
        <Required type="connectionreference" displayName="tdg_ConnectionReferenceDataverseServicePrinciple" solution="Active" id.connectionreferencelogicalname="tdg_ConnectionReferenceDataverseServicePrinciple" />
        <Dependent type="29" displayName="TDG Inspections - Work Order Cancellation Request via Activity" id="{6b09e81f-aeae-eb11-8236-000d3ae91ce1}" />
      </MissingDependency>
      <MissingDependency>
        <Required type="connectionreference" displayName="tdg_ConnectionReferenceDataverseServicePrinciple" solution="Active" id.connectionreferencelogicalname="tdg_ConnectionReferenceDataverseServicePrinciple" />
        <Dependent type="29" displayName="TDG Inspections - Notice of Infraction - Enforcement Action" id="{92f2ceb1-6caf-eb11-8236-000d3ae91ce1}" />
      </MissingDependency>
      <MissingDependency>
        <Required type="connectionreference" displayName="tdg_ConnectionReferenceDataverseServicePrinciple" solution="Active" id.connectionreferencelogicalname="tdg_ConnectionReferenceDataverseServicePrinciple" />
        <Dependent type="29" displayName="TDG Inspections - Updates &quot;Actual&quot; count on &quot;Unplanned Forecast&quot; Entity" id="{b1352b4e-58af-eb11-8236-000d3ae8b65a}" />
      </MissingDependency>
      <MissingDependency>
        <Required type="connectionreference" displayName="tdg_ConnectionReferenceDataverseServicePrinciple" solution="Active" id.connectionreferencelogicalname="tdg_ConnectionReferenceDataverseServicePrinciple" />
        <Dependent type="29" displayName="TDG Inspections - Set new Bookable Resource Category to Inspector" id="{b81b36bc-63af-eb11-8236-000d3ae91ce1}" />
      </MissingDependency>
      <MissingDependency>
        <Required type="connectionreference" displayName="tdg_ConnectionReferenceDataverseServicePrinciple" solution="Active" id.connectionreferencelogicalname="tdg_ConnectionReferenceDataverseServicePrinciple" />
        <Dependent type="29" displayName="IPT run cursor" id="{eb3b6040-d898-ec11-b3fe-0022483c0c24}" />
      </MissingDependency>
      <MissingDependency>
        <Required type="connectionreference" displayName="tdg_ConnectionReferenceMSTeamsTDGCoreUser" solution="Active" id.connectionreferencelogicalname="tdg_ConnectionReferenceMSTeamsTDGCoreUser" />
        <Dependent type="29" displayName="TDG Inspections - Apply to Customer Support - Http" id="{357ecfc7-65af-eb11-8236-000d3ae8b65a}" />
      </MissingDependency>
      <MissingDependency>
        <Required type="connectionreference" displayName="tdg_ConnectionReferenceMSTeamsTDGCoreUser" solution="Active" id.connectionreferencelogicalname="tdg_ConnectionReferenceMSTeamsTDGCoreUser" />
        <Dependent type="29" displayName="IPT run cursor" id="{eb3b6040-d898-ec11-b3fe-0022483c0c24}" />
      </MissingDependency>
      <MissingDependency>
        <Required type="connectionreference" displayName="tdg_ConnectionReferenceOutlookTDGCoreUser" solution="Active" id.connectionreferencelogicalname="tdg_ConnectionReferenceOutlookTDGCoreUser" />
        <Dependent type="29" displayName="TDG Inspections - Apply to Customer Support - Http" id="{357ecfc7-65af-eb11-8236-000d3ae8b65a}" />
      </MissingDependency>
      <MissingDependency>
        <Required type="connectionreference" displayName="tdg_ConnectionReferenceOutlookTDGCoreUser" solution="Active" id.connectionreferencelogicalname="tdg_ConnectionReferenceOutlookTDGCoreUser" />
        <Dependent type="29" displayName="TDG Inspections - Work Order Cancellation Request via Activity" id="{6b09e81f-aeae-eb11-8236-000d3ae91ce1}" />
      </MissingDependency>
      <MissingDependency>
        <Required type="connectionreference" displayName="tdg_ConnectionReferenceOutlookTDGCoreUser" solution="Active" id.connectionreferencelogicalname="tdg_ConnectionReferenceOutlookTDGCoreUser" />
        <Dependent type="29" displayName="IPT run cursor" id="{eb3b6040-d898-ec11-b3fe-0022483c0c24}" />
      </MissingDependency>
      <MissingDependency>
        <Required type="connectionreference" displayName="tdg_ConnectionReferenceSharepointTDGCoreUser" solution="Active" id.connectionreferencelogicalname="tdg_ConnectionReferenceSharepointTDGCoreUser" />
        <Dependent type="29" displayName="TDG Inspections - Notice Of Direction To Remedy Non-Compliance - HTTP" id="{0f89aba9-98af-eb11-8236-000d3ae8b65a}" />
      </MissingDependency>
      <MissingDependency>
        <Required type="connectionreference" displayName="tdg_ConnectionReferenceSharepointTDGCoreUser" solution="Active" id.connectionreferencelogicalname="tdg_ConnectionReferenceSharepointTDGCoreUser" />
        <Dependent type="29" displayName="TDG Inspections - Notice of Direction not to import" id="{219752a9-98af-eb11-8236-000d3ae91ce1}" />
      </MissingDependency>
      <MissingDependency>
        <Required type="connectionreference" displayName="tdg_ConnectionReferenceSharepointTDGCoreUser" solution="Active" id.connectionreferencelogicalname="tdg_ConnectionReferenceSharepointTDGCoreUser" />
        <Dependent type="29" displayName="TDG Inspections - Detention Notice - HTTP" id="{259752a9-98af-eb11-8236-000d3ae91ce1}" />
      </MissingDependency>
      <MissingDependency>
        <Required type="connectionreference" displayName="tdg_ConnectionReferenceSharepointTDGCoreUser" solution="Active" id.connectionreferencelogicalname="tdg_ConnectionReferenceSharepointTDGCoreUser" />
        <Dependent type="29" displayName="TDG Inspections - Notice of Infraction - Enforcement Action" id="{92f2ceb1-6caf-eb11-8236-000d3ae91ce1}" />
      </MissingDependency>
      <MissingDependency>
        <Required type="connectionreference" displayName="tdg_ConnectionReferenceWordOnlineTDGCoreUser" solution="Active" id.connectionreferencelogicalname="tdg_ConnectionReferenceWordOnlineTDGCoreUser" />
        <Dependent type="29" displayName="TDG Inspections - Notice Of Direction To Remedy Non-Compliance - HTTP" id="{0f89aba9-98af-eb11-8236-000d3ae8b65a}" />
      </MissingDependency>
      <MissingDependency>
        <Required type="connectionreference" displayName="tdg_ConnectionReferenceWordOnlineTDGCoreUser" solution="Active" id.connectionreferencelogicalname="tdg_ConnectionReferenceWordOnlineTDGCoreUser" />
        <Dependent type="29" displayName="TDG Inspections - Notice of Direction not to import" id="{219752a9-98af-eb11-8236-000d3ae91ce1}" />
      </MissingDependency>
      <MissingDependency>
        <Required type="connectionreference" displayName="tdg_ConnectionReferenceWordOnlineTDGCoreUser" solution="Active" id.connectionreferencelogicalname="tdg_ConnectionReferenceWordOnlineTDGCoreUser" />
        <Dependent type="29" displayName="TDG Inspections - Detention Notice - HTTP" id="{259752a9-98af-eb11-8236-000d3ae91ce1}" />
      </MissingDependency>
      <MissingDependency>
        <Required type="connectionreference" displayName="tdg_ConnectionReferenceWordOnlineTDGCoreUser" solution="Active" id.connectionreferencelogicalname="tdg_ConnectionReferenceWordOnlineTDGCoreUser" />
        <Dependent type="29" displayName="TDG Inspections - Notice of Infraction - Enforcement Action" id="{92f2ceb1-6caf-eb11-8236-000d3ae91ce1}" />
      </MissingDependency>
      <MissingDependency>
        <Required type="EnvironmentVariableDefinition" displayName="ovs_DetentionNoticeEN" solution="Active" id.schemaname="ovs_DetentionNoticeEN" />
        <Dependent type="29" displayName="TDG Inspections - Detention Notice - HTTP" id="{259752a9-98af-eb11-8236-000d3ae91ce1}" />
      </MissingDependency>
      <MissingDependency>
        <Required type="EnvironmentVariableDefinition" displayName="ovs_NoticeofDirectionNot2ImportEN" solution="Active" id.schemaname="ovs_NoticeofDirectionNot2ImportEN" />
        <Dependent type="29" displayName="TDG Inspections - Notice of Direction not to import" id="{219752a9-98af-eb11-8236-000d3ae91ce1}" />
      </MissingDependency>
      <MissingDependency>
        <Required type="EnvironmentVariableDefinition" displayName="ovs_NoticeofDirectiontoRemedyNonComplianceEN" solution="Active" id.schemaname="ovs_NoticeofDirectiontoRemedyNonComplianceEN" />
        <Dependent type="29" displayName="TDG Inspections - Notice Of Direction To Remedy Non-Compliance - HTTP" id="{0f89aba9-98af-eb11-8236-000d3ae8b65a}" />
      </MissingDependency>
      <MissingDependency>
        <Required type="EnvironmentVariableDefinition" displayName="ovs_NoticeOfInfractionEN" solution="Active" id.schemaname="ovs_NoticeOfInfractionEN" />
        <Dependent type="29" displayName="TDG Inspections - Notice of Infraction - Enforcement Action" id="{92f2ceb1-6caf-eb11-8236-000d3ae91ce1}" />
      </MissingDependency>
    </MissingDependencies>
  </SolutionManifest>
</ImportExportXml>