<ImportExportXml xmlns:xsi="http://www.w3.org/2001/XMLSchema-instance">
  <Entities></Entities>
  <Roles></Roles>
  <Workflows></Workflows>
  <FieldSecurityProfiles></FieldSecurityProfiles>
  <Templates />
  <EntityMaps />
  <EntityRelationships />
  <OrganizationSettings />
  <optionsets />
  <CustomControls />
  <SolutionPluginAssemblies>
    <PluginAssembly FullName="TC.PowerApps.CustomActions, Version=1.0.0.1, Culture=neutral, PublicKeyToken=6aecae9f68df76db" PluginAssemblyId="9a847216-3b96-475d-a229-43dc08c156b3" CustomizationLevel="1">
      <IsolationMode>2</IsolationMode>
      <SourceType>0</SourceType>
      <IntroducedVersion>1.0</IntroducedVersion>
      <FileName>/PluginAssemblies/TCPowerAppsCustomActions-9A847216-3B96-475D-A229-43DC08C156B3/TCPowerAppsCustomActions.dll</FileName>
      <PluginTypes>
        <PluginType AssemblyQualifiedName="TC.PowerApps.CustomActions.BlobComm.DeleteFileFromBlob, TC.PowerApps.CustomActions, Version=1.0.0.1, Culture=neutral, PublicKeyToken=6aecae9f68df76db" PluginTypeId="57f526f8-5ebd-45ba-821e-41799bd530f7" Name="TC.PowerApps.CustomActions.BlobComm.DeleteFileFromBlob">
          <FriendlyName>415dd5fa-39e2-41bd-9e28-c92a9f8e3520</FriendlyName>
        </PluginType>
        <PluginType AssemblyQualifiedName="TC.PowerApps.CustomActions.BlobComm.DownloadImageFile, TC.PowerApps.CustomActions, Version=1.0.0.1, Culture=neutral, PublicKeyToken=6aecae9f68df76db" PluginTypeId="78b7f9de-d68e-4524-b017-afdbb3c6d679" Name="TC.PowerApps.CustomActions.BlobComm.DownloadImageFile">
          <FriendlyName>d9b17691-20a1-4210-8dd0-1dcc149c0eb7</FriendlyName>
        </PluginType>
        <PluginType AssemblyQualifiedName="TC.PowerApps.CustomActions.BlobComm.ResultsGet, TC.PowerApps.CustomActions, Version=1.0.0.1, Culture=neutral, PublicKeyToken=6aecae9f68df76db" PluginTypeId="b857d6ce-2e3f-4dd9-bea0-54b2b2e87c48" Name="TC.PowerApps.CustomActions.BlobComm.ResultsGet">
          <FriendlyName>33309ea4-b060-4646-a8e3-456539a4aaf8</FriendlyName>
        </PluginType>
        <PluginType AssemblyQualifiedName="TC.PowerApps.CustomActions.BlobComm.ResultsPost, TC.PowerApps.CustomActions, Version=1.0.0.1, Culture=neutral, PublicKeyToken=6aecae9f68df76db" PluginTypeId="37cac1ed-ac55-4d3d-8b03-c3af99801402" Name="TC.PowerApps.CustomActions.BlobComm.ResultsPost">
          <FriendlyName>a39fbc53-cb82-4ae4-9c72-a966f74f4f9d</FriendlyName>
        </PluginType>
        <PluginType AssemblyQualifiedName="TC.PowerApps.CustomActions.BlobComm.UploadImageFile, TC.PowerApps.CustomActions, Version=1.0.0.1, Culture=neutral, PublicKeyToken=6aecae9f68df76db" PluginTypeId="06cdea6e-cda7-4c99-917f-04442ad98aa2" Name="TC.PowerApps.CustomActions.BlobComm.UploadImageFile">
          <FriendlyName>b9b5a6a4-516f-46ff-86b8-ac81d4d71d20</FriendlyName>
        </PluginType>
        <PluginType AssemblyQualifiedName="TC.PowerApps.CustomActions.Questionnaire.CloneTemplate, TC.PowerApps.CustomActions, Version=1.0.0.1, Culture=neutral, PublicKeyToken=6aecae9f68df76db" PluginTypeId="d6abac27-17b6-452c-a53c-4bacceeb69c7" Name="TC.PowerApps.CustomActions.Questionnaire.CloneTemplate">
          <FriendlyName>8a446308-daa2-4112-ba5e-a6b6ff7df0e6</FriendlyName>
        </PluginType>
        <PluginType AssemblyQualifiedName="TC.PowerApps.CustomActions.Questionnaire.LegislationCharacteristicsPost, TC.PowerApps.CustomActions, Version=1.0.0.1, Culture=neutral, PublicKeyToken=6aecae9f68df76db" PluginTypeId="eeb7bb3a-af12-4665-8d41-727e594517cf" Name="TC.PowerApps.CustomActions.Questionnaire.LegislationCharacteristicsPost">
          <FriendlyName>373e523a-baa9-4fe7-b18b-ae42b67f52be</FriendlyName>
        </PluginType>
        <PluginType AssemblyQualifiedName="TC.PowerApps.CustomActions.Questionnaire.LegislationGetFlatPost, TC.PowerApps.CustomActions, Version=1.0.0.1, Culture=neutral, PublicKeyToken=6aecae9f68df76db" PluginTypeId="5334e530-7e11-459e-92b3-10bc6407f7df" Name="TC.PowerApps.CustomActions.Questionnaire.LegislationGetFlatPost">
          <FriendlyName>a23e5f94-c263-4d05-a736-ee2ca6a9086e</FriendlyName>
        </PluginType>
        <PluginType AssemblyQualifiedName="TC.PowerApps.CustomActions.Questionnaire.LegislationGetPost, TC.PowerApps.CustomActions, Version=1.0.0.1, Culture=neutral, PublicKeyToken=6aecae9f68df76db" PluginTypeId="8255c00b-8e23-4c0f-9fd1-f21e778f9a4c" Name="TC.PowerApps.CustomActions.Questionnaire.LegislationGetPost">
          <FriendlyName>4c86ef55-7443-44db-9caf-f3f94f4df346</FriendlyName>
        </PluginType>
        <PluginType AssemblyQualifiedName="TC.PowerApps.CustomActions.Questionnaire.LegislationsByCharacteristicsPost, TC.PowerApps.CustomActions, Version=1.0.0.1, Culture=neutral, PublicKeyToken=6aecae9f68df76db" PluginTypeId="9a35f4ae-af25-4dbf-9811-00ef3c553014" Name="TC.PowerApps.CustomActions.Questionnaire.LegislationsByCharacteristicsPost">
          <FriendlyName>8b385015-23e3-4f0b-907c-9453ae75e418</FriendlyName>
        </PluginType>
        <PluginType AssemblyQualifiedName="TC.PowerApps.CustomActions.Questionnaire.QuestionnaireBuilderPost, TC.PowerApps.CustomActions, Version=1.0.0.1, Culture=neutral, PublicKeyToken=6aecae9f68df76db" PluginTypeId="ed414d86-c06d-4c3a-9f88-6f262d74ba36" Name="TC.PowerApps.CustomActions.Questionnaire.QuestionnaireBuilderPost">
          <FriendlyName>6fc6cebe-4848-4bc3-a217-6512e52d1a67</FriendlyName>
        </PluginType>
        <PluginType AssemblyQualifiedName="TC.PowerApps.CustomActions.Questionnaire.TemplateGet, TC.PowerApps.CustomActions, Version=1.0.0.1, Culture=neutral, PublicKeyToken=6aecae9f68df76db" PluginTypeId="10063e37-efbe-45e3-8338-35d8ddb54651" Name="TC.PowerApps.CustomActions.Questionnaire.TemplateGet">
          <FriendlyName>32f7df1e-ec86-489b-805a-3b14a2e10cd8</FriendlyName>
        </PluginType>
        <PluginType AssemblyQualifiedName="TC.PowerApps.CustomActions.ResourceRequirements.ResRequirementsPost, TC.PowerApps.CustomActions, Version=1.0.0.1, Culture=neutral, PublicKeyToken=6aecae9f68df76db" PluginTypeId="8add6bd9-88d6-4ddd-9361-f48197fad7aa" Name="TC.PowerApps.CustomActions.ResourceRequirements.ResRequirementsPost">
          <FriendlyName>4dbfaa60-51c7-49c5-8883-1d8422f500c6</FriendlyName>
        </PluginType>
        <PluginType AssemblyQualifiedName="TC.PowerApps.CustomActions.ViolationHistory.ViolationsHistoryPost, TC.PowerApps.CustomActions, Version=1.0.0.1, Culture=neutral, PublicKeyToken=6aecae9f68df76db" PluginTypeId="2f943b15-d94e-4370-ab36-a84aaf5a5c09" Name="TC.PowerApps.CustomActions.ViolationHistory.ViolationsHistoryPost">
          <FriendlyName>9c41e291-4d79-445f-8697-bd70d52d53fe</FriendlyName>
        </PluginType>
        <PluginType AssemblyQualifiedName="TC.PowerApps.CustomActions.WO.CreateFollowupInspection, TC.PowerApps.CustomActions, Version=1.0.0.1, Culture=neutral, PublicKeyToken=6aecae9f68df76db" PluginTypeId="fb35ad50-cdee-4217-86f6-1f6baafcb50b" Name="TC.PowerApps.CustomActions.WO.CreateFollowupInspection">
          <FriendlyName>d16d3dec-31fe-4497-b766-f5f3873a20f2</FriendlyName>
        </PluginType>
        <PluginType AssemblyQualifiedName="TC.PowerApps.CustomActions.WO.WO_StatusChangePost, TC.PowerApps.CustomActions, Version=1.0.0.1, Culture=neutral, PublicKeyToken=6aecae9f68df76db" PluginTypeId="38f5c3a4-fac8-496c-a744-672bad5bbc4d" Name="TC.PowerApps.CustomActions.WO.WO_StatusChangePost">
          <FriendlyName>10ed7f4b-2b45-4a25-a571-c6a3dcee101b</FriendlyName>
        </PluginType>
      </PluginTypes>
    </PluginAssembly>
  </SolutionPluginAssemblies>
  <EntityDataProviders />
  <Languages>
    <Language>1033</Language>
    <Language>1036</Language>
  </Languages>
</ImportExportXml>