<ImportExportXml xmlns:xsi="http://www.w3.org/2001/XMLSchema-instance">
  <Entities></Entities>
  <Roles></Roles>
  <Workflows>
    <Workflow WorkflowId="{fd167e39-dab7-4e8f-a10f-224e425d1962}" Name="BlobUploadImage">
      <XamlFileName>/Workflows/BlobUploadImage-FD167E39-DAB7-4E8F-A10F-224E425D1962.xaml</XamlFileName>
      <Type>1</Type>
      <Subprocess>0</Subprocess>
      <Category>3</Category>
      <Mode>0</Mode>
      <Scope>4</Scope>
      <OnDemand>0</OnDemand>
      <TriggerOnCreate>0</TriggerOnCreate>
      <TriggerOnDelete>0</TriggerOnDelete>
      <AsyncAutodelete>0</AsyncAutodelete>
      <SyncWorkflowLogOnFailure>1</SyncWorkflowLogOnFailure>
      <StateCode>1</StateCode>
      <StatusCode>2</StatusCode>
      <CreateStage>40</CreateStage>
      <RunAs>1</RunAs>
      <SdkMessageId>{646200eb-aa6d-eb11-a812-000d3af390d5}</SdkMessageId>
      <UniqueName>BlobUploadImage</UniqueName>
      <IsTransacted>1</IsTransacted>
      <IntroducedVersion>4.4.1.12</IntroducedVersion>
      <IsCustomizable>1</IsCustomizable>
      <FormId>{00000000-0000-0000-0000-000000000000}</FormId>
      <IsCustomProcessingStepAllowedForOtherPublishers>1</IsCustomProcessingStepAllowedForOtherPublishers>
      <PrimaryEntity>none</PrimaryEntity>
      <LocalizedNames>
        <LocalizedName languagecode="1033" description="BlobUploadImage" />
      </LocalizedNames>
    </Workflow>
    <Workflow WorkflowId="{3a72e699-0d19-448b-a9b4-4b48dac9ba72}" Name="BlobResultsPost">
      <XamlFileName>/Workflows/BlobResultsPost-3A72E699-0D19-448B-A9B4-4B48DAC9BA72.xaml</XamlFileName>
      <Type>1</Type>
      <Subprocess>0</Subprocess>
      <Category>3</Category>
      <Mode>0</Mode>
      <Scope>4</Scope>
      <OnDemand>0</OnDemand>
      <TriggerOnCreate>0</TriggerOnCreate>
      <TriggerOnDelete>0</TriggerOnDelete>
      <AsyncAutodelete>0</AsyncAutodelete>
      <SyncWorkflowLogOnFailure>1</SyncWorkflowLogOnFailure>
      <StateCode>1</StateCode>
      <StatusCode>2</StatusCode>
      <CreateStage>40</CreateStage>
      <RunAs>1</RunAs>
      <SdkMessageId>{a9f8bccf-e86c-eb11-a812-000d3a841b3b}</SdkMessageId>
      <UniqueName>BlobResultsPost</UniqueName>
      <IsTransacted>1</IsTransacted>
      <IntroducedVersion>1.0.0.3</IntroducedVersion>
      <IsCustomizable>1</IsCustomizable>
      <FormId>{00000000-0000-0000-0000-000000000000}</FormId>
      <IsCustomProcessingStepAllowedForOtherPublishers>1</IsCustomProcessingStepAllowedForOtherPublishers>
      <PrimaryEntity>none</PrimaryEntity>
      <LocalizedNames>
        <LocalizedName languagecode="1033" description="BlobResultsPost" />
      </LocalizedNames>
    </Workflow>
    <Workflow WorkflowId="{1fdf3bf5-b29e-478d-b17b-5dd7989d95fe}" Name="LegislationsGet">
      <XamlFileName>/Workflows/LegislationsGet-1FDF3BF5-B29E-478D-B17B-5DD7989D95FE.xaml</XamlFileName>
      <Type>1</Type>
      <Subprocess>0</Subprocess>
      <Category>3</Category>
      <Mode>0</Mode>
      <Scope>4</Scope>
      <OnDemand>0</OnDemand>
      <TriggerOnCreate>0</TriggerOnCreate>
      <TriggerOnDelete>0</TriggerOnDelete>
      <AsyncAutodelete>0</AsyncAutodelete>
      <SyncWorkflowLogOnFailure>1</SyncWorkflowLogOnFailure>
      <StateCode>1</StateCode>
      <StatusCode>2</StatusCode>
      <CreateStage>40</CreateStage>
      <RunAs>1</RunAs>
      <SdkMessageId>{76ec03f4-6e23-eb11-a813-000d3af3a7a7}</SdkMessageId>
      <UniqueName>LegislationsGet</UniqueName>
      <IsTransacted>1</IsTransacted>
      <IntroducedVersion>1.0.0.1</IntroducedVersion>
      <IsCustomizable>1</IsCustomizable>
      <FormId>{00000000-0000-0000-0000-000000000000}</FormId>
      <IsCustomProcessingStepAllowedForOtherPublishers>1</IsCustomProcessingStepAllowedForOtherPublishers>
      <PrimaryEntity>none</PrimaryEntity>
      <LocalizedNames>
        <LocalizedName languagecode="1033" description="LegislationsGet" />
      </LocalizedNames>
    </Workflow>
    <Workflow WorkflowId="{e11c83b1-6333-4af1-bcbf-63cdc9d65473}" Name="LegislationGetFlat">
      <XamlFileName>/Workflows/LegislationGetFlat-E11C83B1-6333-4AF1-BCBF-63CDC9D65473.xaml</XamlFileName>
      <Type>1</Type>
      <Subprocess>0</Subprocess>
      <Category>3</Category>
      <Mode>0</Mode>
      <Scope>4</Scope>
      <OnDemand>0</OnDemand>
      <TriggerOnCreate>0</TriggerOnCreate>
      <TriggerOnDelete>0</TriggerOnDelete>
      <AsyncAutodelete>0</AsyncAutodelete>
      <SyncWorkflowLogOnFailure>1</SyncWorkflowLogOnFailure>
      <StateCode>1</StateCode>
      <StatusCode>2</StatusCode>
      <CreateStage>40</CreateStage>
      <RunAs>1</RunAs>
      <SdkMessageId>{3ddeefa5-0b30-eb11-a813-000d3af3fc19}</SdkMessageId>
      <UniqueName>LegislationGetFlat</UniqueName>
      <IsTransacted>1</IsTransacted>
      <IntroducedVersion>1.0.0.1</IntroducedVersion>
      <IsCustomizable>1</IsCustomizable>
      <FormId>{00000000-0000-0000-0000-000000000000}</FormId>
      <IsCustomProcessingStepAllowedForOtherPublishers>1</IsCustomProcessingStepAllowedForOtherPublishers>
      <PrimaryEntity>none</PrimaryEntity>
      <LocalizedNames>
        <LocalizedName languagecode="1033" description="LegislationGetFlat" />
      </LocalizedNames>
    </Workflow>
    <Workflow WorkflowId="{691b5f5e-d75e-4417-93f0-74f8478ab9ec}" Name="LegislationsByCharacteristicsGet">
      <XamlFileName>/Workflows/LegislationsByCharacteristicsGet-691B5F5E-D75E-4417-93F0-74F8478AB9EC.xaml</XamlFileName>
      <Type>1</Type>
      <Subprocess>0</Subprocess>
      <Category>3</Category>
      <Mode>0</Mode>
      <Scope>4</Scope>
      <OnDemand>0</OnDemand>
      <TriggerOnCreate>0</TriggerOnCreate>
      <TriggerOnDelete>0</TriggerOnDelete>
      <AsyncAutodelete>0</AsyncAutodelete>
      <SyncWorkflowLogOnFailure>1</SyncWorkflowLogOnFailure>
      <StateCode>1</StateCode>
      <StatusCode>2</StatusCode>
      <CreateStage>40</CreateStage>
      <RunAs>1</RunAs>
      <SdkMessageId>{085e4b75-412b-eb11-a813-000d3af3fc19}</SdkMessageId>
      <UniqueName>LegislationsByCharacteristicsGet</UniqueName>
      <IsTransacted>1</IsTransacted>
      <IntroducedVersion>1.0.0.1</IntroducedVersion>
      <IsCustomizable>1</IsCustomizable>
      <FormId>{00000000-0000-0000-0000-000000000000}</FormId>
      <IsCustomProcessingStepAllowedForOtherPublishers>1</IsCustomProcessingStepAllowedForOtherPublishers>
      <PrimaryEntity>none</PrimaryEntity>
      <LocalizedNames>
        <LocalizedName languagecode="1033" description="LegislationsByCharacteristicsGet" />
      </LocalizedNames>
    </Workflow>
    <Workflow WorkflowId="{b9372a43-d66d-4213-ab91-82a7b074e8d5}" Name="TemplateGet">
      <XamlFileName>/Workflows/TemplateGet-B9372A43-D66D-4213-AB91-82A7B074E8D5.xaml</XamlFileName>
      <Type>1</Type>
      <Subprocess>0</Subprocess>
      <Category>3</Category>
      <Mode>0</Mode>
      <Scope>4</Scope>
      <OnDemand>0</OnDemand>
      <TriggerOnCreate>0</TriggerOnCreate>
      <TriggerOnDelete>0</TriggerOnDelete>
      <AsyncAutodelete>0</AsyncAutodelete>
      <SyncWorkflowLogOnFailure>1</SyncWorkflowLogOnFailure>
      <StateCode>1</StateCode>
      <StatusCode>2</StatusCode>
      <CreateStage>40</CreateStage>
      <RunAs>1</RunAs>
      <SdkMessageId>{f091b980-ca27-eb11-a813-000d3af3a7a7}</SdkMessageId>
      <UniqueName>TemplateGet</UniqueName>
      <IsTransacted>1</IsTransacted>
      <IntroducedVersion>3.9.0.0</IntroducedVersion>
      <IsCustomizable>1</IsCustomizable>
      <FormId>{00000000-0000-0000-0000-000000000000}</FormId>
      <IsCustomProcessingStepAllowedForOtherPublishers>1</IsCustomProcessingStepAllowedForOtherPublishers>
      <PrimaryEntity>none</PrimaryEntity>
      <LocalizedNames>
        <LocalizedName languagecode="1033" description="TemplateGet" />
      </LocalizedNames>
    </Workflow>
    <Workflow WorkflowId="{59663525-51de-4cba-ac8d-94343e030900}" Name="BlobDeleteFile">
      <XamlFileName>/Workflows/BlobDeleteFile-59663525-51DE-4CBA-AC8D-94343E030900.xaml</XamlFileName>
      <Type>1</Type>
      <Subprocess>0</Subprocess>
      <Category>3</Category>
      <Mode>0</Mode>
      <Scope>4</Scope>
      <OnDemand>0</OnDemand>
      <TriggerOnCreate>0</TriggerOnCreate>
      <TriggerOnDelete>0</TriggerOnDelete>
      <AsyncAutodelete>0</AsyncAutodelete>
      <SyncWorkflowLogOnFailure>1</SyncWorkflowLogOnFailure>
      <StateCode>1</StateCode>
      <StatusCode>2</StatusCode>
      <CreateStage>40</CreateStage>
      <RunAs>1</RunAs>
      <SdkMessageId>{cca0a99e-b873-eb11-a812-000d3af3f6ab}</SdkMessageId>
      <UniqueName>BlobDeleteFile</UniqueName>
      <IsTransacted>1</IsTransacted>
      <IntroducedVersion>4.4.1.28</IntroducedVersion>
      <IsCustomizable>1</IsCustomizable>
      <FormId>{00000000-0000-0000-0000-000000000000}</FormId>
      <IsCustomProcessingStepAllowedForOtherPublishers>1</IsCustomProcessingStepAllowedForOtherPublishers>
      <PrimaryEntity>none</PrimaryEntity>
      <LocalizedNames>
        <LocalizedName languagecode="1033" description="BlobDeleteFile" />
      </LocalizedNames>
    </Workflow>
    <Workflow WorkflowId="{93ffcd38-b85e-43af-9a15-97335d939b91}" Name="Create Follow Up Inspection">
      <XamlFileName>/Workflows/CreateFollowUpInspection-93FFCD38-B85E-43AF-9A15-97335D939B91.xaml</XamlFileName>
      <Type>1</Type>
      <Subprocess>0</Subprocess>
      <Category>3</Category>
      <Mode>0</Mode>
      <Scope>4</Scope>
      <OnDemand>0</OnDemand>
      <TriggerOnCreate>0</TriggerOnCreate>
      <TriggerOnDelete>0</TriggerOnDelete>
      <AsyncAutodelete>0</AsyncAutodelete>
      <SyncWorkflowLogOnFailure>1</SyncWorkflowLogOnFailure>
      <StateCode>1</StateCode>
      <StatusCode>2</StatusCode>
      <CreateStage>40</CreateStage>
      <RunAs>1</RunAs>
      <SdkMessageId>{ba7d9064-d9a2-eb11-b1ac-000d3ae8b8ae}</SdkMessageId>
      <UniqueName>CreateFollowUpInspection</UniqueName>
      <IsTransacted>1</IsTransacted>
      <IntroducedVersion>1.0.0.8</IntroducedVersion>
      <IsCustomizable>1</IsCustomizable>
      <FormId>{00000000-0000-0000-0000-000000000000}</FormId>
      <IsCustomProcessingStepAllowedForOtherPublishers>1</IsCustomProcessingStepAllowedForOtherPublishers>
      <PrimaryEntity>none</PrimaryEntity>
      <LocalizedNames>
        <LocalizedName languagecode="1033" description="Create Follow Up Inspection" />
      </LocalizedNames>
    </Workflow>
    <Workflow WorkflowId="{a0ca6697-94ac-4b5d-ad74-a17e2b2810d4}" Name="BlobDownloadImage">
      <XamlFileName>/Workflows/BlobDownloadImage-A0CA6697-94AC-4B5D-AD74-A17E2B2810D4.xaml</XamlFileName>
      <Type>1</Type>
      <Subprocess>0</Subprocess>
      <Category>3</Category>
      <Mode>0</Mode>
      <Scope>4</Scope>
      <OnDemand>0</OnDemand>
      <TriggerOnCreate>0</TriggerOnCreate>
      <TriggerOnDelete>0</TriggerOnDelete>
      <AsyncAutodelete>0</AsyncAutodelete>
      <SyncWorkflowLogOnFailure>1</SyncWorkflowLogOnFailure>
      <StateCode>1</StateCode>
      <StatusCode>2</StatusCode>
      <CreateStage>40</CreateStage>
      <RunAs>1</RunAs>
      <SdkMessageId>{f5ba57f4-aa6d-eb11-a812-000d3af390d5}</SdkMessageId>
      <UniqueName>BlobDownloadImage</UniqueName>
      <IsTransacted>1</IsTransacted>
      <IntroducedVersion>4.4.1.12</IntroducedVersion>
      <IsCustomizable>1</IsCustomizable>
      <FormId>{00000000-0000-0000-0000-000000000000}</FormId>
      <IsCustomProcessingStepAllowedForOtherPublishers>1</IsCustomProcessingStepAllowedForOtherPublishers>
      <PrimaryEntity>none</PrimaryEntity>
      <LocalizedNames>
        <LocalizedName languagecode="1033" description="BlobDownloadImage" />
      </LocalizedNames>
    </Workflow>
    <Workflow WorkflowId="{4201554b-f375-496a-9c37-a37a1104bf57}" Name="BlobResultsGet">
      <XamlFileName>/Workflows/BlobResultsGet-4201554B-F375-496A-9C37-A37A1104BF57.xaml</XamlFileName>
      <Type>1</Type>
      <Subprocess>0</Subprocess>
      <Category>3</Category>
      <Mode>0</Mode>
      <Scope>4</Scope>
      <OnDemand>0</OnDemand>
      <TriggerOnCreate>0</TriggerOnCreate>
      <TriggerOnDelete>0</TriggerOnDelete>
      <AsyncAutodelete>0</AsyncAutodelete>
      <SyncWorkflowLogOnFailure>1</SyncWorkflowLogOnFailure>
      <StateCode>1</StateCode>
      <StatusCode>2</StatusCode>
      <CreateStage>40</CreateStage>
      <RunAs>1</RunAs>
      <SdkMessageId>{31e881aa-e86c-eb11-a812-000d3a841b3b}</SdkMessageId>
      <UniqueName>BlobResultsGet</UniqueName>
      <IsTransacted>1</IsTransacted>
      <IntroducedVersion>1.0.0.3</IntroducedVersion>
      <IsCustomizable>1</IsCustomizable>
      <FormId>{00000000-0000-0000-0000-000000000000}</FormId>
      <IsCustomProcessingStepAllowedForOtherPublishers>1</IsCustomProcessingStepAllowedForOtherPublishers>
      <PrimaryEntity>none</PrimaryEntity>
      <LocalizedNames>
        <LocalizedName languagecode="1033" description="BlobResultsGet" />
      </LocalizedNames>
    </Workflow>
    <Workflow WorkflowId="{b06ca722-d91e-4285-b637-a6dfc6aa3651}" Name="QuestionnaireBuilderGet">
      <XamlFileName>/Workflows/QuestionnaireBuilderGet-B06CA722-D91E-4285-B637-A6DFC6AA3651.xaml</XamlFileName>
      <Type>1</Type>
      <Subprocess>0</Subprocess>
      <Category>3</Category>
      <Mode>0</Mode>
      <Scope>4</Scope>
      <OnDemand>0</OnDemand>
      <TriggerOnCreate>0</TriggerOnCreate>
      <TriggerOnDelete>0</TriggerOnDelete>
      <AsyncAutodelete>0</AsyncAutodelete>
      <SyncWorkflowLogOnFailure>1</SyncWorkflowLogOnFailure>
      <StateCode>1</StateCode>
      <StatusCode>2</StatusCode>
      <CreateStage>40</CreateStage>
      <RunAs>1</RunAs>
      <SdkMessageId>{8004371b-261a-eb11-a813-000d3af3a7a7}</SdkMessageId>
      <UniqueName>QuestionnaireBuilderGet</UniqueName>
      <IsTransacted>1</IsTransacted>
      <IntroducedVersion>1.0.0.1</IntroducedVersion>
      <IsCustomizable>1</IsCustomizable>
      <FormId>{00000000-0000-0000-0000-000000000000}</FormId>
      <IsCustomProcessingStepAllowedForOtherPublishers>1</IsCustomProcessingStepAllowedForOtherPublishers>
      <PrimaryEntity>none</PrimaryEntity>
      <LocalizedNames>
        <LocalizedName languagecode="1033" description="QuestionnaireBuilderGet" />
      </LocalizedNames>
    </Workflow>
    <Workflow WorkflowId="{bc9de0f7-d6f8-4657-a671-b472f8ff017d}" Name="ViolationsHistoryPost">
      <XamlFileName>/Workflows/ViolationsHistoryPost-BC9DE0F7-D6F8-4657-A671-B472F8FF017D.xaml</XamlFileName>
      <Type>1</Type>
      <Subprocess>0</Subprocess>
      <Category>3</Category>
      <Mode>0</Mode>
      <Scope>4</Scope>
      <OnDemand>0</OnDemand>
      <TriggerOnCreate>0</TriggerOnCreate>
      <TriggerOnDelete>0</TriggerOnDelete>
      <AsyncAutodelete>0</AsyncAutodelete>
      <SyncWorkflowLogOnFailure>1</SyncWorkflowLogOnFailure>
      <StateCode>1</StateCode>
      <StatusCode>2</StatusCode>
      <CreateStage>40</CreateStage>
      <RunAs>1</RunAs>
      <SdkMessageId>{4baf283d-d3b5-eb11-8236-0022483bc67c}</SdkMessageId>
      <UniqueName>ViolationsHistoryPost</UniqueName>
      <IsTransacted>1</IsTransacted>
      <IntroducedVersion>1.0.0.1</IntroducedVersion>
      <IsCustomizable>1</IsCustomizable>
      <FormId>{00000000-0000-0000-0000-000000000000}</FormId>
      <IsCustomProcessingStepAllowedForOtherPublishers>1</IsCustomProcessingStepAllowedForOtherPublishers>
      <PrimaryEntity>none</PrimaryEntity>
      <LocalizedNames>
        <LocalizedName languagecode="1033" description="ViolationsHistoryPost" />
      </LocalizedNames>
    </Workflow>
    <Workflow WorkflowId="{af892d60-3ad8-4eb8-9f86-b4aba1dac460}" Name="WO_StatusChangePost">
      <XamlFileName>/Workflows/WO_StatusChangePost-AF892D60-3AD8-4EB8-9F86-B4ABA1DAC460.xaml</XamlFileName>
      <Type>1</Type>
      <Subprocess>0</Subprocess>
      <Category>3</Category>
      <Mode>0</Mode>
      <Scope>4</Scope>
      <OnDemand>0</OnDemand>
      <TriggerOnCreate>0</TriggerOnCreate>
      <TriggerOnDelete>0</TriggerOnDelete>
      <AsyncAutodelete>0</AsyncAutodelete>
      <SyncWorkflowLogOnFailure>1</SyncWorkflowLogOnFailure>
      <StateCode>1</StateCode>
      <StatusCode>2</StatusCode>
      <CreateStage>40</CreateStage>
      <RunAs>1</RunAs>
      <SdkMessageId>{bb6bc349-03a2-eb11-b1ac-000d3ae8b93a}</SdkMessageId>
      <UniqueName>WO_StatusChangePost</UniqueName>
      <IsTransacted>1</IsTransacted>
      <IntroducedVersion>1.0.0.7</IntroducedVersion>
      <IsCustomizable>1</IsCustomizable>
      <FormId>{00000000-0000-0000-0000-000000000000}</FormId>
      <IsCustomProcessingStepAllowedForOtherPublishers>1</IsCustomProcessingStepAllowedForOtherPublishers>
      <PrimaryEntity>none</PrimaryEntity>
      <LocalizedNames>
        <LocalizedName languagecode="1033" description="WO_StatusChangePost" />
      </LocalizedNames>
    </Workflow>
    <Workflow WorkflowId="{c69b353f-af32-4869-a8fa-f033effee46b}" Name=" CharacteristicsCategories">
      <XamlFileName>/Workflows/CharacteristicsCategories-C69B353F-AF32-4869-A8FA-F033EFFEE46B.xaml</XamlFileName>
      <Type>1</Type>
      <Subprocess>0</Subprocess>
      <Category>3</Category>
      <Mode>0</Mode>
      <Scope>4</Scope>
      <OnDemand>0</OnDemand>
      <TriggerOnCreate>0</TriggerOnCreate>
      <TriggerOnDelete>0</TriggerOnDelete>
      <AsyncAutodelete>0</AsyncAutodelete>
      <SyncWorkflowLogOnFailure>1</SyncWorkflowLogOnFailure>
      <StateCode>1</StateCode>
      <StatusCode>2</StatusCode>
      <CreateStage>40</CreateStage>
      <RunAs>1</RunAs>
      <SdkMessageId>{50ab1548-8254-eb11-a812-000d3aff12c2}</SdkMessageId>
      <UniqueName>CharacteristicsCategories</UniqueName>
      <IsTransacted>1</IsTransacted>
      <IntroducedVersion>1.0.0.2</IntroducedVersion>
      <IsCustomizable>1</IsCustomizable>
      <FormId>{00000000-0000-0000-0000-000000000000}</FormId>
      <IsCustomProcessingStepAllowedForOtherPublishers>1</IsCustomProcessingStepAllowedForOtherPublishers>
      <PrimaryEntity>none</PrimaryEntity>
      <LocalizedNames>
        <LocalizedName languagecode="1033" description=" CharacteristicsCategories" />
      </LocalizedNames>
    </Workflow>
    <Workflow WorkflowId="{cc3bac79-c51a-4dd0-ab95-fe679be28214}" Name="Clone Template">
      <XamlFileName>/Workflows/CloneTemplate-CC3BAC79-C51A-4DD0-AB95-FE679BE28214.xaml</XamlFileName>
      <Type>1</Type>
      <Subprocess>0</Subprocess>
      <Category>3</Category>
      <Mode>0</Mode>
      <Scope>4</Scope>
      <OnDemand>0</OnDemand>
      <TriggerOnCreate>0</TriggerOnCreate>
      <TriggerOnDelete>0</TriggerOnDelete>
      <AsyncAutodelete>0</AsyncAutodelete>
      <SyncWorkflowLogOnFailure>1</SyncWorkflowLogOnFailure>
      <StateCode>1</StateCode>
      <StatusCode>2</StatusCode>
      <CreateStage>40</CreateStage>
      <RunAs>1</RunAs>
      <SdkMessageId>{c13ac54a-ed72-eb11-a812-000d3af399b3}</SdkMessageId>
      <UniqueName>CloneTemplate</UniqueName>
      <IsTransacted>1</IsTransacted>
      <IntroducedVersion>1.0.0.0</IntroducedVersion>
      <IsCustomizable>1</IsCustomizable>
      <FormId>{00000000-0000-0000-0000-000000000000}</FormId>
      <IsCustomProcessingStepAllowedForOtherPublishers>1</IsCustomProcessingStepAllowedForOtherPublishers>
      <PrimaryEntity>qm_sytemplate</PrimaryEntity>
      <LocalizedNames>
        <LocalizedName languagecode="1033" description="Clone Template" />
      </LocalizedNames>
    </Workflow>
    <Workflow WorkflowId="{7dc7177a-ea79-4204-b169-a5769a91564b}" Name="TDG - Reassign Resource Requirements">
      <XamlFileName>/Workflows/TDG-ReassignResourceRequirements-7DC7177A-EA79-4204-B169-A5769A91564B.xaml</XamlFileName>
      <Type>1</Type>
      <Subprocess>0</Subprocess>
      <Category>3</Category>
      <Mode>0</Mode>
      <Scope>4</Scope>
      <OnDemand>0</OnDemand>
      <TriggerOnCreate>0</TriggerOnCreate>
      <TriggerOnDelete>0</TriggerOnDelete>
      <AsyncAutodelete>0</AsyncAutodelete>
      <SyncWorkflowLogOnFailure>1</SyncWorkflowLogOnFailure>
      <StateCode>1</StateCode>
      <StatusCode>2</StatusCode>
      <CreateStage>40</CreateStage>
      <RunAs>1</RunAs>
      <SdkMessageId>{bf58e3de-fb4b-ec11-8f8e-000d3ae8e96e}</SdkMessageId>
      <UniqueName>TDGReassignResourceRequirements</UniqueName>
      <IsTransacted>0</IsTransacted>
      <IntroducedVersion>1.0.0.1</IntroducedVersion>
      <IsCustomizable>1</IsCustomizable>
      <FormId>{00000000-0000-0000-0000-000000000000}</FormId>
      <IsCustomProcessingStepAllowedForOtherPublishers>1</IsCustomProcessingStepAllowedForOtherPublishers>
      <PrimaryEntity>none</PrimaryEntity>
      <LocalizedNames>
        <LocalizedName languagecode="1033" description="TDG - Reassign Resource Requirements" />
      </LocalizedNames>
    </Workflow>
  </Workflows>
  <FieldSecurityProfiles></FieldSecurityProfiles>
  <Templates />
  <EntityMaps />
  <EntityRelationships />
  <OrganizationSettings />
  <optionsets />
  <CustomControls />
  <SolutionPluginAssemblies>
    <PluginAssembly FullName="TC.PowerApps.CustomActions, Version=1.0.0.1, Culture=neutral, PublicKeyToken=6aecae9f68df76db" PluginAssemblyId="9a847216-3b96-475d-a229-43dc08c156b3" CustomizationLevel="1">
      <IsolationMode>2</IsolationMode>
      <SourceType>0</SourceType>
      <IntroducedVersion>1.0</IntroducedVersion>
      <FileName>/PluginAssemblies/TCPowerAppsCustomActions-9A847216-3B96-475D-A229-43DC08C156B3/TCPowerAppsCustomActions.dll</FileName>
      <PluginTypes>
        <PluginType AssemblyQualifiedName="TC.PowerApps.CustomActions.BlobComm.DeleteFileFromBlob, TC.PowerApps.CustomActions, Version=1.0.0.1, Culture=neutral, PublicKeyToken=6aecae9f68df76db" PluginTypeId="57f526f8-5ebd-45ba-821e-41799bd530f7" Name="TC.PowerApps.CustomActions.BlobComm.DeleteFileFromBlob">
          <FriendlyName>415dd5fa-39e2-41bd-9e28-c92a9f8e3520</FriendlyName>
        </PluginType>
        <PluginType AssemblyQualifiedName="TC.PowerApps.CustomActions.BlobComm.DownloadImageFile, TC.PowerApps.CustomActions, Version=1.0.0.1, Culture=neutral, PublicKeyToken=6aecae9f68df76db" PluginTypeId="78b7f9de-d68e-4524-b017-afdbb3c6d679" Name="TC.PowerApps.CustomActions.BlobComm.DownloadImageFile">
          <FriendlyName>d9b17691-20a1-4210-8dd0-1dcc149c0eb7</FriendlyName>
        </PluginType>
        <PluginType AssemblyQualifiedName="TC.PowerApps.CustomActions.BlobComm.ResultsGet, TC.PowerApps.CustomActions, Version=1.0.0.1, Culture=neutral, PublicKeyToken=6aecae9f68df76db" PluginTypeId="b857d6ce-2e3f-4dd9-bea0-54b2b2e87c48" Name="TC.PowerApps.CustomActions.BlobComm.ResultsGet">
          <FriendlyName>33309ea4-b060-4646-a8e3-456539a4aaf8</FriendlyName>
        </PluginType>
        <PluginType AssemblyQualifiedName="TC.PowerApps.CustomActions.BlobComm.ResultsPost, TC.PowerApps.CustomActions, Version=1.0.0.1, Culture=neutral, PublicKeyToken=6aecae9f68df76db" PluginTypeId="37cac1ed-ac55-4d3d-8b03-c3af99801402" Name="TC.PowerApps.CustomActions.BlobComm.ResultsPost">
          <FriendlyName>a39fbc53-cb82-4ae4-9c72-a966f74f4f9d</FriendlyName>
        </PluginType>
        <PluginType AssemblyQualifiedName="TC.PowerApps.CustomActions.BlobComm.UploadImageFile, TC.PowerApps.CustomActions, Version=1.0.0.1, Culture=neutral, PublicKeyToken=6aecae9f68df76db" PluginTypeId="06cdea6e-cda7-4c99-917f-04442ad98aa2" Name="TC.PowerApps.CustomActions.BlobComm.UploadImageFile">
          <FriendlyName>b9b5a6a4-516f-46ff-86b8-ac81d4d71d20</FriendlyName>
        </PluginType>
        <PluginType AssemblyQualifiedName="TC.PowerApps.CustomActions.Questionnaire.CloneTemplate, TC.PowerApps.CustomActions, Version=1.0.0.1, Culture=neutral, PublicKeyToken=6aecae9f68df76db" PluginTypeId="d6abac27-17b6-452c-a53c-4bacceeb69c7" Name="TC.PowerApps.CustomActions.Questionnaire.CloneTemplate">
          <FriendlyName>8a446308-daa2-4112-ba5e-a6b6ff7df0e6</FriendlyName>
        </PluginType>
        <PluginType AssemblyQualifiedName="TC.PowerApps.CustomActions.Questionnaire.LegislationCharacteristicsPost, TC.PowerApps.CustomActions, Version=1.0.0.1, Culture=neutral, PublicKeyToken=6aecae9f68df76db" PluginTypeId="eeb7bb3a-af12-4665-8d41-727e594517cf" Name="TC.PowerApps.CustomActions.Questionnaire.LegislationCharacteristicsPost">
          <FriendlyName>373e523a-baa9-4fe7-b18b-ae42b67f52be</FriendlyName>
        </PluginType>
        <PluginType AssemblyQualifiedName="TC.PowerApps.CustomActions.Questionnaire.LegislationGetFlatPost, TC.PowerApps.CustomActions, Version=1.0.0.1, Culture=neutral, PublicKeyToken=6aecae9f68df76db" PluginTypeId="5334e530-7e11-459e-92b3-10bc6407f7df" Name="TC.PowerApps.CustomActions.Questionnaire.LegislationGetFlatPost">
          <FriendlyName>a23e5f94-c263-4d05-a736-ee2ca6a9086e</FriendlyName>
        </PluginType>
        <PluginType AssemblyQualifiedName="TC.PowerApps.CustomActions.Questionnaire.LegislationGetPost, TC.PowerApps.CustomActions, Version=1.0.0.1, Culture=neutral, PublicKeyToken=6aecae9f68df76db" PluginTypeId="8255c00b-8e23-4c0f-9fd1-f21e778f9a4c" Name="TC.PowerApps.CustomActions.Questionnaire.LegislationGetPost">
          <FriendlyName>4c86ef55-7443-44db-9caf-f3f94f4df346</FriendlyName>
        </PluginType>
        <PluginType AssemblyQualifiedName="TC.PowerApps.CustomActions.Questionnaire.LegislationsByCharacteristicsPost, TC.PowerApps.CustomActions, Version=1.0.0.1, Culture=neutral, PublicKeyToken=6aecae9f68df76db" PluginTypeId="9a35f4ae-af25-4dbf-9811-00ef3c553014" Name="TC.PowerApps.CustomActions.Questionnaire.LegislationsByCharacteristicsPost">
          <FriendlyName>8b385015-23e3-4f0b-907c-9453ae75e418</FriendlyName>
        </PluginType>
        <PluginType AssemblyQualifiedName="TC.PowerApps.CustomActions.Questionnaire.QuestionnaireBuilderPost, TC.PowerApps.CustomActions, Version=1.0.0.1, Culture=neutral, PublicKeyToken=6aecae9f68df76db" PluginTypeId="ed414d86-c06d-4c3a-9f88-6f262d74ba36" Name="TC.PowerApps.CustomActions.Questionnaire.QuestionnaireBuilderPost">
          <FriendlyName>6fc6cebe-4848-4bc3-a217-6512e52d1a67</FriendlyName>
        </PluginType>
        <PluginType AssemblyQualifiedName="TC.PowerApps.CustomActions.Questionnaire.TemplateGet, TC.PowerApps.CustomActions, Version=1.0.0.1, Culture=neutral, PublicKeyToken=6aecae9f68df76db" PluginTypeId="10063e37-efbe-45e3-8338-35d8ddb54651" Name="TC.PowerApps.CustomActions.Questionnaire.TemplateGet">
          <FriendlyName>32f7df1e-ec86-489b-805a-3b14a2e10cd8</FriendlyName>
        </PluginType>
        <PluginType AssemblyQualifiedName="TC.PowerApps.CustomActions.ResourceRequirements.ResRequirementsPost, TC.PowerApps.CustomActions, Version=1.0.0.1, Culture=neutral, PublicKeyToken=6aecae9f68df76db" PluginTypeId="8add6bd9-88d6-4ddd-9361-f48197fad7aa" Name="TC.PowerApps.CustomActions.ResourceRequirements.ResRequirementsPost">
          <FriendlyName>4dbfaa60-51c7-49c5-8883-1d8422f500c6</FriendlyName>
        </PluginType>
        <PluginType AssemblyQualifiedName="TC.PowerApps.CustomActions.ViolationHistory.ViolationsHistoryPost, TC.PowerApps.CustomActions, Version=1.0.0.1, Culture=neutral, PublicKeyToken=6aecae9f68df76db" PluginTypeId="2f943b15-d94e-4370-ab36-a84aaf5a5c09" Name="TC.PowerApps.CustomActions.ViolationHistory.ViolationsHistoryPost">
          <FriendlyName>9c41e291-4d79-445f-8697-bd70d52d53fe</FriendlyName>
        </PluginType>
        <PluginType AssemblyQualifiedName="TC.PowerApps.CustomActions.WO.CreateFollowupInspection, TC.PowerApps.CustomActions, Version=1.0.0.1, Culture=neutral, PublicKeyToken=6aecae9f68df76db" PluginTypeId="fb35ad50-cdee-4217-86f6-1f6baafcb50b" Name="TC.PowerApps.CustomActions.WO.CreateFollowupInspection">
          <FriendlyName>d16d3dec-31fe-4497-b766-f5f3873a20f2</FriendlyName>
        </PluginType>
        <PluginType AssemblyQualifiedName="TC.PowerApps.CustomActions.WO.WO_StatusChangePost, TC.PowerApps.CustomActions, Version=1.0.0.1, Culture=neutral, PublicKeyToken=6aecae9f68df76db" PluginTypeId="38f5c3a4-fac8-496c-a744-672bad5bbc4d" Name="TC.PowerApps.CustomActions.WO.WO_StatusChangePost">
          <FriendlyName>10ed7f4b-2b45-4a25-a571-c6a3dcee101b</FriendlyName>
        </PluginType>
      </PluginTypes>
    </PluginAssembly>
  </SolutionPluginAssemblies>
  <SdkMessageProcessingSteps>
    <SdkMessageProcessingStep Name="TC.PowerApps.CustomActions.BlobComm.DeleteFileFromBlob: ovs_BlobDeleteFile of any Entity" SdkMessageProcessingStepId="{e63eb8f4-bc73-eb11-a812-000d3af3fac7}">
      <SdkMessageId>cca0a99e-b873-eb11-a812-000d3af3f6ab</SdkMessageId>
      <PluginTypeName>TC.PowerApps.CustomActions.BlobComm.DeleteFileFromBlob, TC.PowerApps.CustomActions, Version=1.0.0.1, Culture=neutral, PublicKeyToken=6aecae9f68df76db</PluginTypeName>
      <PluginTypeId>57f526f8-5ebd-45ba-821e-41799bd530f7</PluginTypeId>
      <AsyncAutoDelete>0</AsyncAutoDelete>
      <Description>TC.PowerApps.CustomActions.BlobComm.DeleteFileFromBlob: ovs_BlobDeleteFile of any Entity</Description>
      <FilteringAttributes></FilteringAttributes>
      <ImpersonatingUserIdName>Michael Kalinovich</ImpersonatingUserIdName>
      <InvocationSource>0</InvocationSource>
      <Mode>0</Mode>
      <Rank>1</Rank>
      <EventHandlerTypeCode>4602</EventHandlerTypeCode>
      <Stage>40</Stage>
      <IsCustomizable>1</IsCustomizable>
      <IsHidden>0</IsHidden>
      <SupportedDeployment>0</SupportedDeployment>
      <IntroducedVersion>1.0</IntroducedVersion>
      <SdkMessageProcessingStepImages />
    </SdkMessageProcessingStep>
    <SdkMessageProcessingStep Name="TC.PowerApps.CustomActions.BlobComm.DownloadImageFile: ovs_BlobDownloadImage of any Entity" SdkMessageProcessingStepId="{ce6b84fb-ab6d-eb11-a812-000d3af399b3}">
      <SdkMessageId>f5ba57f4-aa6d-eb11-a812-000d3af390d5</SdkMessageId>
      <PluginTypeName>TC.PowerApps.CustomActions.BlobComm.DownloadImageFile, TC.PowerApps.CustomActions, Version=1.0.0.1, Culture=neutral, PublicKeyToken=6aecae9f68df76db</PluginTypeName>
      <PluginTypeId>78b7f9de-d68e-4524-b017-afdbb3c6d679</PluginTypeId>
      <AsyncAutoDelete>0</AsyncAutoDelete>
      <Description>TC.PowerApps.CustomActions.BlobComm.DownloadImageFile: ovs_BlobDownloadImage of any Entity</Description>
      <FilteringAttributes></FilteringAttributes>
      <ImpersonatingUserIdName>Michael Kalinovich</ImpersonatingUserIdName>
      <InvocationSource>0</InvocationSource>
      <Mode>0</Mode>
      <Rank>1</Rank>
      <EventHandlerTypeCode>4602</EventHandlerTypeCode>
      <Stage>40</Stage>
      <IsCustomizable>1</IsCustomizable>
      <IsHidden>0</IsHidden>
      <SupportedDeployment>0</SupportedDeployment>
      <IntroducedVersion>1.0</IntroducedVersion>
      <SdkMessageProcessingStepImages />
    </SdkMessageProcessingStep>
    <SdkMessageProcessingStep Name="TC.PowerApps.CustomActions.BlobComm.ResultsGet: ovs_BlobResultsGet of any Entity" SdkMessageProcessingStepId="{813a91dd-ea6c-eb11-a812-000d3a84129e}">
      <SdkMessageId>31e881aa-e86c-eb11-a812-000d3a841b3b</SdkMessageId>
      <PluginTypeName>TC.PowerApps.CustomActions.BlobComm.ResultsGet, TC.PowerApps.CustomActions, Version=1.0.0.1, Culture=neutral, PublicKeyToken=6aecae9f68df76db</PluginTypeName>
      <PluginTypeId>b857d6ce-2e3f-4dd9-bea0-54b2b2e87c48</PluginTypeId>
      <AsyncAutoDelete>0</AsyncAutoDelete>
      <Description>TC.PowerApps.CustomActions.BlobComm.ResultsGet: ovs_BlobResultsGet of any Entity</Description>
      <FilteringAttributes></FilteringAttributes>
      <ImpersonatingUserIdName>Michael Kalinovich</ImpersonatingUserIdName>
      <InvocationSource>0</InvocationSource>
      <Mode>0</Mode>
      <Rank>1</Rank>
      <EventHandlerTypeCode>4602</EventHandlerTypeCode>
      <Stage>40</Stage>
      <IsCustomizable>1</IsCustomizable>
      <IsHidden>0</IsHidden>
      <SupportedDeployment>0</SupportedDeployment>
      <IntroducedVersion>1.0</IntroducedVersion>
      <SdkMessageProcessingStepImages />
    </SdkMessageProcessingStep>
    <SdkMessageProcessingStep Name="TC.PowerApps.CustomActions.BlobComm.ResultsPost: ovs_BlobResultsPost of any Entity" SdkMessageProcessingStepId="{3bdb62f4-ea6c-eb11-a812-000d3a84129e}">
      <SdkMessageId>a9f8bccf-e86c-eb11-a812-000d3a841b3b</SdkMessageId>
      <PluginTypeName>TC.PowerApps.CustomActions.BlobComm.ResultsPost, TC.PowerApps.CustomActions, Version=1.0.0.1, Culture=neutral, PublicKeyToken=6aecae9f68df76db</PluginTypeName>
      <PluginTypeId>37cac1ed-ac55-4d3d-8b03-c3af99801402</PluginTypeId>
      <AsyncAutoDelete>0</AsyncAutoDelete>
      <Description>TC.PowerApps.CustomActions.BlobComm.ResultsPost: ovs_BlobResultsPost of any Entity</Description>
      <FilteringAttributes></FilteringAttributes>
      <ImpersonatingUserIdName>Michael Kalinovich</ImpersonatingUserIdName>
      <InvocationSource>0</InvocationSource>
      <Mode>0</Mode>
      <Rank>1</Rank>
      <EventHandlerTypeCode>4602</EventHandlerTypeCode>
      <Stage>40</Stage>
      <IsCustomizable>1</IsCustomizable>
      <IsHidden>0</IsHidden>
      <SupportedDeployment>0</SupportedDeployment>
      <IntroducedVersion>1.0</IntroducedVersion>
      <SdkMessageProcessingStepImages />
    </SdkMessageProcessingStep>
    <SdkMessageProcessingStep Name="TC.PowerApps.CustomActions.BlobComm.UploadImageFile: ovs_BlobUploadImage of any Entity" SdkMessageProcessingStepId="{a3116014-ac6d-eb11-a812-000d3af399b3}">
      <SdkMessageId>646200eb-aa6d-eb11-a812-000d3af390d5</SdkMessageId>
      <PluginTypeName>TC.PowerApps.CustomActions.BlobComm.UploadImageFile, TC.PowerApps.CustomActions, Version=1.0.0.1, Culture=neutral, PublicKeyToken=6aecae9f68df76db</PluginTypeName>
      <PluginTypeId>06cdea6e-cda7-4c99-917f-04442ad98aa2</PluginTypeId>
      <AsyncAutoDelete>0</AsyncAutoDelete>
      <Description>TC.PowerApps.CustomActions.BlobComm.UploadImageFile: ovs_BlobUploadImage of any Entity</Description>
      <FilteringAttributes></FilteringAttributes>
      <ImpersonatingUserIdName>Michael Kalinovich</ImpersonatingUserIdName>
      <InvocationSource>0</InvocationSource>
      <Mode>0</Mode>
      <Rank>1</Rank>
      <EventHandlerTypeCode>4602</EventHandlerTypeCode>
      <Stage>40</Stage>
      <IsCustomizable>1</IsCustomizable>
      <IsHidden>0</IsHidden>
      <SupportedDeployment>0</SupportedDeployment>
      <IntroducedVersion>1.0</IntroducedVersion>
      <SdkMessageProcessingStepImages />
    </SdkMessageProcessingStep>
    <SdkMessageProcessingStep Name="TC.PowerApps.CustomActions.Questionnaire.CloneTemplate: ovs_CloneTemplate of qm_sytemplate" SdkMessageProcessingStepId="{e4eb6b64-eb79-eb11-a812-000d3af31ad8}">
      <SdkMessageId>c13ac54a-ed72-eb11-a812-000d3af399b3</SdkMessageId>
      <PluginTypeName>TC.PowerApps.CustomActions.Questionnaire.CloneTemplate, TC.PowerApps.CustomActions, Version=1.0.0.1, Culture=neutral, PublicKeyToken=6aecae9f68df76db</PluginTypeName>
      <PluginTypeId>d6abac27-17b6-452c-a53c-4bacceeb69c7</PluginTypeId>
      <PrimaryEntity>qm_sytemplate</PrimaryEntity>
      <AsyncAutoDelete>0</AsyncAutoDelete>
      <Description>TC.PowerApps.CustomActions.Questionnaire.CloneTemplate: ovs_CloneTemplate of qm_sytemplate</Description>
      <FilteringAttributes></FilteringAttributes>
      <InvocationSource>0</InvocationSource>
      <Mode>0</Mode>
      <Rank>1</Rank>
      <EventHandlerTypeCode>4602</EventHandlerTypeCode>
      <Stage>40</Stage>
      <IsCustomizable>1</IsCustomizable>
      <IsHidden>0</IsHidden>
      <SupportedDeployment>0</SupportedDeployment>
      <IntroducedVersion>1.0</IntroducedVersion>
      <SdkMessageProcessingStepImages />
    </SdkMessageProcessingStep>
    <SdkMessageProcessingStep Name="TC.PowerApps.CustomActions.Questionnaire.LegislationCharacteristicsPost: ovs_CharacteristicsCategories of any Entity" SdkMessageProcessingStepId="{0577bcb8-f954-eb11-a812-000d3aff12c2}">
      <SdkMessageId>50ab1548-8254-eb11-a812-000d3aff12c2</SdkMessageId>
      <PluginTypeName>TC.PowerApps.CustomActions.Questionnaire.LegislationCharacteristicsPost, TC.PowerApps.CustomActions, Version=1.0.0.1, Culture=neutral, PublicKeyToken=6aecae9f68df76db</PluginTypeName>
      <PluginTypeId>eeb7bb3a-af12-4665-8d41-727e594517cf</PluginTypeId>
      <AsyncAutoDelete>0</AsyncAutoDelete>
      <Description>TC.PowerApps.CustomActions.Questionnaire.LegislationCharacteristicsPost: ovs_CharacteristicsCategories of any Entity</Description>
      <FilteringAttributes></FilteringAttributes>
      <InvocationSource>0</InvocationSource>
      <Mode>0</Mode>
      <Rank>1</Rank>
      <EventHandlerTypeCode>4602</EventHandlerTypeCode>
      <Stage>40</Stage>
      <IsCustomizable>1</IsCustomizable>
      <IsHidden>0</IsHidden>
      <SupportedDeployment>0</SupportedDeployment>
      <IntroducedVersion>1.0</IntroducedVersion>
      <SdkMessageProcessingStepImages />
    </SdkMessageProcessingStep>
    <SdkMessageProcessingStep Name="TC.PowerApps.CustomActions.Questionnaire.LegislationGetFlatPost: ovs_LegislationGetFlat of any Entity" SdkMessageProcessingStepId="{3129c939-0c30-eb11-a813-000d3af3fc19}">
      <SdkMessageId>3ddeefa5-0b30-eb11-a813-000d3af3fc19</SdkMessageId>
      <PluginTypeName>TC.PowerApps.CustomActions.Questionnaire.LegislationGetFlatPost, TC.PowerApps.CustomActions, Version=1.0.0.1, Culture=neutral, PublicKeyToken=6aecae9f68df76db</PluginTypeName>
      <PluginTypeId>5334e530-7e11-459e-92b3-10bc6407f7df</PluginTypeId>
      <AsyncAutoDelete>0</AsyncAutoDelete>
      <Description>TC.PowerApps.CustomActions.Questionnaire.LegislationGetFlatPost: ovs_LegislationGetFlat of any Entity</Description>
      <FilteringAttributes></FilteringAttributes>
      <InvocationSource>0</InvocationSource>
      <Mode>0</Mode>
      <Rank>1</Rank>
      <EventHandlerTypeCode>4602</EventHandlerTypeCode>
      <Stage>40</Stage>
      <IsCustomizable>1</IsCustomizable>
      <IsHidden>0</IsHidden>
      <SupportedDeployment>0</SupportedDeployment>
      <IntroducedVersion>1.0</IntroducedVersion>
      <SdkMessageProcessingStepImages />
    </SdkMessageProcessingStep>
    <SdkMessageProcessingStep Name="TC.PowerApps.CustomActions.Questionnaire.LegislationGetPost: ovs_LegislationsGet of any Entity" SdkMessageProcessingStepId="{dc4ea33b-ee29-eb11-a813-000d3af3a7a7}">
      <SdkMessageId>76ec03f4-6e23-eb11-a813-000d3af3a7a7</SdkMessageId>
      <PluginTypeName>TC.PowerApps.CustomActions.Questionnaire.LegislationGetPost, TC.PowerApps.CustomActions, Version=1.0.0.1, Culture=neutral, PublicKeyToken=6aecae9f68df76db</PluginTypeName>
      <PluginTypeId>8255c00b-8e23-4c0f-9fd1-f21e778f9a4c</PluginTypeId>
      <AsyncAutoDelete>0</AsyncAutoDelete>
      <Description>TC.PowerApps.CustomActions.Questionnaire.LegislationGetPost: ovs_LegislationsGet of any Entity</Description>
      <FilteringAttributes></FilteringAttributes>
      <InvocationSource>0</InvocationSource>
      <Mode>0</Mode>
      <Rank>1</Rank>
      <EventHandlerTypeCode>4602</EventHandlerTypeCode>
      <Stage>40</Stage>
      <IsCustomizable>1</IsCustomizable>
      <IsHidden>0</IsHidden>
      <SupportedDeployment>0</SupportedDeployment>
      <IntroducedVersion>1.0</IntroducedVersion>
      <SdkMessageProcessingStepImages />
    </SdkMessageProcessingStep>
    <SdkMessageProcessingStep Name="TC.PowerApps.CustomActions.Questionnaire.LegislationsByCharacteristicsPost: ovs_LegislationsByCharacteristicsGet of any Entity" SdkMessageProcessingStepId="{cd656c2c-422b-eb11-a813-000d3af3fc19}">
      <SdkMessageId>085e4b75-412b-eb11-a813-000d3af3fc19</SdkMessageId>
      <PluginTypeName>TC.PowerApps.CustomActions.Questionnaire.LegislationsByCharacteristicsPost, TC.PowerApps.CustomActions, Version=1.0.0.1, Culture=neutral, PublicKeyToken=6aecae9f68df76db</PluginTypeName>
      <PluginTypeId>9a35f4ae-af25-4dbf-9811-00ef3c553014</PluginTypeId>
      <AsyncAutoDelete>0</AsyncAutoDelete>
      <Description>TC.PowerApps.CustomActions.Questionnaire.LegislationsByCharacteristicsPost: ovs_LegislationsByCharacteristicsGet of any Entity</Description>
      <FilteringAttributes></FilteringAttributes>
      <InvocationSource>0</InvocationSource>
      <Mode>0</Mode>
      <Rank>1</Rank>
      <EventHandlerTypeCode>4602</EventHandlerTypeCode>
      <Stage>40</Stage>
      <IsCustomizable>1</IsCustomizable>
      <IsHidden>0</IsHidden>
      <SupportedDeployment>0</SupportedDeployment>
      <IntroducedVersion>1.0</IntroducedVersion>
      <SdkMessageProcessingStepImages />
    </SdkMessageProcessingStep>
    <SdkMessageProcessingStep Name="TC.PowerApps.CustomActions.Questionnaire.QuestionnaireBuilderPost: ovs_QuestionnaireBuilderGet of any Entity" SdkMessageProcessingStepId="{9c8b6666-271a-eb11-a813-000d3af3ac0d}">
      <SdkMessageId>8004371b-261a-eb11-a813-000d3af3a7a7</SdkMessageId>
      <PluginTypeName>TC.PowerApps.CustomActions.Questionnaire.QuestionnaireBuilderPost, TC.PowerApps.CustomActions, Version=1.0.0.1, Culture=neutral, PublicKeyToken=6aecae9f68df76db</PluginTypeName>
      <PluginTypeId>ed414d86-c06d-4c3a-9f88-6f262d74ba36</PluginTypeId>
      <AsyncAutoDelete>0</AsyncAutoDelete>
      <Description>TC.PowerApps.CustomActions.Questionnaire.QuestionnaireBuilderPost: ovs_QuestionnaireBuilderGet of any Entity</Description>
      <FilteringAttributes></FilteringAttributes>
      <InvocationSource>0</InvocationSource>
      <Mode>0</Mode>
      <Rank>1</Rank>
      <EventHandlerTypeCode>4602</EventHandlerTypeCode>
      <Stage>40</Stage>
      <IsCustomizable>1</IsCustomizable>
      <IsHidden>0</IsHidden>
      <SupportedDeployment>0</SupportedDeployment>
      <IntroducedVersion>1.0</IntroducedVersion>
      <SdkMessageProcessingStepImages />
    </SdkMessageProcessingStep>
    <SdkMessageProcessingStep Name="TC.PowerApps.CustomActions.Questionnaire.TemplateGet: ovs_TemplateGet of any Entity" SdkMessageProcessingStepId="{68cfc886-cc27-eb11-a813-000d3af3fc19}">
      <SdkMessageId>f091b980-ca27-eb11-a813-000d3af3a7a7</SdkMessageId>
      <PluginTypeName>TC.PowerApps.CustomActions.Questionnaire.TemplateGet, TC.PowerApps.CustomActions, Version=1.0.0.1, Culture=neutral, PublicKeyToken=6aecae9f68df76db</PluginTypeName>
      <PluginTypeId>10063e37-efbe-45e3-8338-35d8ddb54651</PluginTypeId>
      <AsyncAutoDelete>0</AsyncAutoDelete>
      <Description>TC.PowerApps.CustomActions.Questionnaire.TemplateGet: ovs_TemplateGet of any Entity</Description>
      <FilteringAttributes></FilteringAttributes>
      <InvocationSource>0</InvocationSource>
      <Mode>0</Mode>
      <Rank>1</Rank>
      <EventHandlerTypeCode>4602</EventHandlerTypeCode>
      <Stage>40</Stage>
      <IsCustomizable>1</IsCustomizable>
      <IsHidden>0</IsHidden>
      <SupportedDeployment>0</SupportedDeployment>
      <IntroducedVersion>1.0</IntroducedVersion>
      <SdkMessageProcessingStepImages />
    </SdkMessageProcessingStep>
    <SdkMessageProcessingStep Name="TC.PowerApps.CustomActions.ResourceRequirements.ResRequirementsPost: ovs_TDGReassignResourceRequirements of any Entity" SdkMessageProcessingStepId="{f28ec69b-fc4b-ec11-8f8e-000d3ae8eddc}">
      <SdkMessageId>bf58e3de-fb4b-ec11-8f8e-000d3ae8e96e</SdkMessageId>
      <PluginTypeName>TC.PowerApps.CustomActions.ResourceRequirements.ResRequirementsPost, TC.PowerApps.CustomActions, Version=1.0.0.1, Culture=neutral, PublicKeyToken=6aecae9f68df76db</PluginTypeName>
      <PluginTypeId>8add6bd9-88d6-4ddd-9361-f48197fad7aa</PluginTypeId>
      <AsyncAutoDelete>0</AsyncAutoDelete>
      <Description>TC.PowerApps.CustomActions.ResourceRequirements.ResRequirementsPost: ovs_TDGReassignResourceRequirements of any Entity</Description>
      <FilteringAttributes></FilteringAttributes>
      <InvocationSource>0</InvocationSource>
      <Mode>0</Mode>
      <Rank>1</Rank>
      <EventHandlerTypeCode>4602</EventHandlerTypeCode>
      <Stage>40</Stage>
      <IsCustomizable>1</IsCustomizable>
      <IsHidden>0</IsHidden>
      <SupportedDeployment>0</SupportedDeployment>
      <IntroducedVersion>1.0</IntroducedVersion>
      <SdkMessageProcessingStepImages />
    </SdkMessageProcessingStep>
    <SdkMessageProcessingStep Name="TC.PowerApps.CustomActions.ViolationHistory.ViolationsHistoryPost: ovs_ViolationsHistoryPost of any Entity" SdkMessageProcessingStepId="{a1d9f04d-d5b5-eb11-8236-0022483bc30f}">
      <SdkMessageId>4baf283d-d3b5-eb11-8236-0022483bc67c</SdkMessageId>
      <PluginTypeName>TC.PowerApps.CustomActions.ViolationHistory.ViolationsHistoryPost, TC.PowerApps.CustomActions, Version=1.0.0.1, Culture=neutral, PublicKeyToken=6aecae9f68df76db</PluginTypeName>
      <PluginTypeId>2f943b15-d94e-4370-ab36-a84aaf5a5c09</PluginTypeId>
      <AsyncAutoDelete>0</AsyncAutoDelete>
      <Description>TC.PowerApps.CustomActions.ViolationHistory.ViolationsHistoryPost: ovs_ViolationsHistoryPost of any Entity</Description>
      <FilteringAttributes></FilteringAttributes>
      <InvocationSource>0</InvocationSource>
      <Mode>0</Mode>
      <Rank>1</Rank>
      <EventHandlerTypeCode>4602</EventHandlerTypeCode>
      <Stage>40</Stage>
      <IsCustomizable>1</IsCustomizable>
      <IsHidden>0</IsHidden>
      <SupportedDeployment>0</SupportedDeployment>
      <IntroducedVersion>1.0</IntroducedVersion>
      <SdkMessageProcessingStepImages />
    </SdkMessageProcessingStep>
    <SdkMessageProcessingStep Name="TC.PowerApps.CustomActions.WO.CreateFollowupInspection: ovs_CreateFollowUpInspection of any Entity" SdkMessageProcessingStepId="{617f55ee-dba2-eb11-b1ac-000d3ae8b93a}">
      <SdkMessageId>ba7d9064-d9a2-eb11-b1ac-000d3ae8b8ae</SdkMessageId>
      <PluginTypeName>TC.PowerApps.CustomActions.WO.CreateFollowupInspection, TC.PowerApps.CustomActions, Version=1.0.0.1, Culture=neutral, PublicKeyToken=6aecae9f68df76db</PluginTypeName>
      <PluginTypeId>fb35ad50-cdee-4217-86f6-1f6baafcb50b</PluginTypeId>
      <AsyncAutoDelete>0</AsyncAutoDelete>
      <Description>TC.PowerApps.CustomActions.WO.CreateFollowupInspection: ovs_CreateFollowUpInspection of any Entity</Description>
      <FilteringAttributes></FilteringAttributes>
      <InvocationSource>0</InvocationSource>
      <Mode>0</Mode>
      <Rank>1</Rank>
      <EventHandlerTypeCode>4602</EventHandlerTypeCode>
      <Stage>40</Stage>
      <IsCustomizable>1</IsCustomizable>
      <IsHidden>0</IsHidden>
      <SupportedDeployment>0</SupportedDeployment>
      <IntroducedVersion>1.0</IntroducedVersion>
      <SdkMessageProcessingStepImages />
    </SdkMessageProcessingStep>
    <SdkMessageProcessingStep Name="TC.PowerApps.CustomActions.WO.WO_StatusChangePost: ovs_WO_StatusChangePost of any Entity" SdkMessageProcessingStepId="{304f5ee7-06a2-eb11-b1ac-000d3ae8b93a}">
      <SdkMessageId>bb6bc349-03a2-eb11-b1ac-000d3ae8b93a</SdkMessageId>
      <PluginTypeName>TC.PowerApps.CustomActions.WO.WO_StatusChangePost, TC.PowerApps.CustomActions, Version=1.0.0.1, Culture=neutral, PublicKeyToken=6aecae9f68df76db</PluginTypeName>
      <PluginTypeId>38f5c3a4-fac8-496c-a744-672bad5bbc4d</PluginTypeId>
      <AsyncAutoDelete>0</AsyncAutoDelete>
      <Description>TC.PowerApps.CustomActions.WO.WO_StatusChangePost: ovs_WO_StatusChangePost of any Entity</Description>
      <FilteringAttributes></FilteringAttributes>
      <InvocationSource>0</InvocationSource>
      <Mode>0</Mode>
      <Rank>1</Rank>
      <EventHandlerTypeCode>4602</EventHandlerTypeCode>
      <Stage>40</Stage>
      <IsCustomizable>1</IsCustomizable>
      <IsHidden>0</IsHidden>
      <SupportedDeployment>0</SupportedDeployment>
      <IntroducedVersion>1.0</IntroducedVersion>
      <SdkMessageProcessingStepImages />
    </SdkMessageProcessingStep>
  </SdkMessageProcessingSteps>
  <EntityDataProviders />
  <Languages>
    <Language>1033</Language>
  </Languages>
</ImportExportXml>