<appaction uniquename="cid__NewSite!6f77aa25a6ff4bae9002341f4c023b3e!ovs_OversightPlanning!account!2">
  <appmoduleid>
    <uniquename>ovs_OversightPlanning</uniquename>
  </appmoduleid>
  <buttonlabeltext default="New Site*">
    <label description="New Site*" languagecode="1033" />
  </buttonlabeltext>
  <context>1</context>
  <contextentity>
    <logicalname>account</logicalname>
  </contextentity>
  <contextvalue>account</contextvalue>
  <fonticon>$clientsvg:Add</fonticon>
  <hidden>1</hidden>
  <iscustomizable>1</iscustomizable>
  <isdisabled>0</isdisabled>
  <isgrouptitlehidden>0</isgrouptitlehidden>
  <location>2</location>
  <name>NewSite!6f77aa25a6ff4bae9002341f4c023b3e</name>
  <onclickeventjavascriptfunctionname>AccountTDGmain.NewSite</onclickeventjavascriptfunctionname>
  <onclickeventjavascriptparameters>[{"type":8},{"type":2},{"type":4},{"type":5},{"type":12}]</onclickeventjavascriptparameters>
  <onclickeventjavascriptwebresourceid>
    <webresourceid>6dd1c917-8c5a-eb11-a812-000d3a84da66</webresourceid>
  </onclickeventjavascriptwebresourceid>
  <onclickeventtype>2</onclickeventtype>
  <origin>0</origin>
  <sequence>100100000.5000000000</sequence>
  <statecode>0</statecode>
  <statuscode>1</statuscode>
  <type>0</type>
  <visibilitytype>0</visibilitytype>
</appaction>