{
  "properties": {
    "connectionReferences": {
      "shared_commondataserviceforapps_1": {
        "runtimeSource": "embedded",
        "connection": {
          "connectionReferenceLogicalName": "fdr_conref_dataverse_fdrsp"
        },
        "api": {
          "name": "shared_commondataserviceforapps"
        }
      },
      "shared_tc-5ftmapiconnector-5f5cf23ef0bee9f3b2": {
        "runtimeSource": "embedded",
        "connection": {
          "connectionReferenceLogicalName": "fdr_conref_tmapi"
        },
        "api": {
          "name": "shared_tc-5Ftmapiconnector-5F5cf23ef0bee9f3b2",
          "logicalName": "tc_5Ftmapiconnector"
        }
      }
    },
    "definition": {
      "$schema": "https://schema.management.azure.com/providers/Microsoft.Logic/schemas/2016-06-01/workflowdefinition.json#",
      "contentVersion": "1.0.0.0",
      "parameters": {
        "$connections": {
          "defaultValue": {},
          "type": "Object"
        },
        "$authentication": {
          "defaultValue": {},
          "type": "SecureObject"
        }
      },
      "triggers": {
        "When_hour_or_minute_field_is_updated_on_Service_Request_Service_task": {
          "metadata": {
            "operationMetadataId": "2f8d9010-30b0-44b6-8244-661499c94009"
          },
          "type": "OpenApiConnectionWebhook",
          "inputs": {
            "host": {
              "connectionName": "shared_commondataserviceforapps_1",
              "operationId": "SubscribeWebhookTrigger",
              "apiId": "/providers/Microsoft.PowerApps/apis/shared_commondataserviceforapps"
            },
            "parameters": {
              "subscriptionRequest/message": 3,
              "subscriptionRequest/entityname": "fdr_servicerequestservicetask",
              "subscriptionRequest/scope": 4,
              "subscriptionRequest/filteringattributes": "fdr_hour,fdr_minute"
            },
            "authentication": "@parameters('$authentication')"
          }
        }
      },
      "actions": {
        "Get_Service_Request_By_Id": {
          "runAfter": {},
          "metadata": {
            "operationMetadataId": "f7482a12-a314-4f50-a48b-315825778e9d"
          },
          "type": "OpenApiConnection",
          "inputs": {
            "host": {
              "connectionName": "shared_commondataserviceforapps_1",
              "operationId": "GetItem",
              "apiId": "/providers/Microsoft.PowerApps/apis/shared_commondataserviceforapps"
            },
            "parameters": {
              "entityName": "fdr_servicerequests",
              "recordId": "@triggerOutputs()?['body/_fdr_servicerequest_value']"
            },
            "authentication": "@parameters('$authentication')"
          }
        },
        "Try": {
          "actions": {
            "Update_Service_Task_Sync_Field_to_True": {
              "runAfter": {
                "Update_an_existing_Time_Entry_2": [
                  "Succeeded"
                ]
              },
              "metadata": {
                "operationMetadataId": "ce5398d2-21ae-4517-b993-84144a8f5596"
              },
              "type": "OpenApiConnection",
              "inputs": {
                "host": {
                  "connectionName": "shared_commondataserviceforapps_1",
                  "operationId": "UpdateRecord",
                  "apiId": "/providers/Microsoft.PowerApps/apis/shared_commondataserviceforapps"
                },
                "parameters": {
                  "entityName": "fdr_servicerequestservicetasks",
                  "recordId": "@triggerOutputs()?['body/fdr_servicerequestservicetaskid']",
                  "item/fdr_rejectionreason": " ",
                  "item/statuscode": 3,
                  "item/fdr_syncwithtmapi": true
                },
                "authentication": "@parameters('$authentication')"
              }
            },
            "Update_an_existing_Time_Entry_2": {
              "runAfter": {},
              "metadata": {
                "operationMetadataId": "c4da56b8-7b61-441c-b1f2-d28151f8dbd8"
              },
              "type": "OpenApiConnection",
              "inputs": {
                "host": {
                  "connectionName": "shared_tc-5ftmapiconnector-5f5cf23ef0bee9f3b2",
                  "operationId": "timeentryUpdateTimeEntry",
                  "apiId": "/providers/Microsoft.PowerApps/apis/shared_tc-5Ftmapiconnector-5F5cf23ef0bee9f3b2"
                },
                "parameters": {
                  "id": "@triggerOutputs()?['body/fdr_tmtimeentryid']",
                  "body/ServiceRequestId": "@outputs('Get_Service_Request_By_Id')?['body/fdr_mtoa_sr_id']",
                  "body/Hours": [
                    {
                      "HourId": "@triggerOutputs()?['body/fdr_tmhourid']",
                      "Quantity": "@triggerOutputs()?['body/fdr_totaltimeinhours']",
                      "TypeCode": "REG",
                      "TimeEntryId": "@triggerOutputs()?['body/fdr_tmtimeentryid']",
                      "StatusId": 3
                    }
                  ]
                },
                "authentication": "@parameters('$authentication')"
              }
            }
          },
          "runAfter": {
            "Get_Service_Request_By_Id": [
              "Succeeded"
            ]
          },
          "metadata": {
            "operationMetadataId": "4c0c0132-fc21-4932-86c5-2a03f85e72cf"
          },
          "type": "Scope"
        },
        "Catch": {
          "actions": {
            "Update_Service_Task_Sync_Field_to_False": {
              "runAfter": {},
              "metadata": {
                "operationMetadataId": "ce5398d2-21ae-4517-b993-84144a8f5596"
              },
              "type": "OpenApiConnection",
              "inputs": {
                "host": {
                  "connectionName": "shared_commondataserviceforapps_1",
                  "operationId": "UpdateRecord",
                  "apiId": "/providers/Microsoft.PowerApps/apis/shared_commondataserviceforapps"
                },
                "parameters": {
                  "entityName": "fdr_servicerequestservicetasks",
                  "recordId": "@triggerOutputs()?['body/fdr_servicerequestservicetaskid']",
                  "item/fdr_syncwithtmapi": false
                },
                "authentication": "@parameters('$authentication')"
              }
            },
            "Terminate": {
              "runAfter": {
                "Update_Service_Task_Sync_Field_to_False": [
                  "Succeeded"
                ]
              },
              "metadata": {
                "operationMetadataId": "c181ed13-603b-4654-887d-c62ded2ae7ac"
              },
              "type": "Terminate",
              "inputs": {
                "runStatus": "Failed"
              }
            }
          },
          "runAfter": {
            "Try": [
              "Failed",
              "Skipped",
              "TimedOut"
            ]
          },
          "metadata": {
            "operationMetadataId": "287ef2c6-faca-430d-9bc8-27b1ef67e555"
          },
          "type": "Scope"
        }
      }
    },
    "templateName": ""
  },
  "schemaVersion": "1.0.0.0"
}