<ImportExportXml version="9.2.23082.160" SolutionPackageVersion="9.2" languagecode="1033" generatedBy="CrmLive" xmlns:xsi="http://www.w3.org/2001/XMLSchema-instance">
  <SolutionManifest>
    <UniqueName>TC_GlobalCore_Patch_72a1b1ac</UniqueName>
    <LocalizedNames>
      <LocalizedName description="TDG Core Schema" languagecode="1033" />
    </LocalizedNames>
    <Descriptions>
      <Description description="Patch for TDG Core Schema" languagecode="1033" />
    </Descriptions>
    <ParentUniqueName>TC_GlobalCore</ParentUniqueName>
    <Version>1.154.8.0</Version>
    <Managed>1</Managed>
    <Publisher>
      <UniqueName>oversightpublisher</UniqueName>
      <LocalizedNames>
        <LocalizedName description="Oversight" languagecode="1033" />
      </LocalizedNames>
      <Descriptions>
        <Description description="This is the common solution for AvSec Inspection and TDG Inspection." languagecode="1033" />
      </Descriptions>
      <EMailAddress xsi:nil="true"></EMailAddress>
      <SupportingWebsiteUrl xsi:nil="true"></SupportingWebsiteUrl>
      <CustomizationPrefix>ovs</CustomizationPrefix>
      <CustomizationOptionValuePrefix>91864</CustomizationOptionValuePrefix>
      <Addresses>
        <Address>
          <AddressNumber>1</AddressNumber>
          <AddressTypeCode>1</AddressTypeCode>
          <City xsi:nil="true"></City>
          <County xsi:nil="true"></County>
          <Country xsi:nil="true"></Country>
          <Fax xsi:nil="true"></Fax>
          <FreightTermsCode xsi:nil="true"></FreightTermsCode>
          <ImportSequenceNumber xsi:nil="true"></ImportSequenceNumber>
          <Latitude xsi:nil="true"></Latitude>
          <Line1 xsi:nil="true"></Line1>
          <Line2 xsi:nil="true"></Line2>
          <Line3 xsi:nil="true"></Line3>
          <Longitude xsi:nil="true"></Longitude>
          <Name xsi:nil="true"></Name>
          <PostalCode xsi:nil="true"></PostalCode>
          <PostOfficeBox xsi:nil="true"></PostOfficeBox>
          <PrimaryContactName xsi:nil="true"></PrimaryContactName>
          <ShippingMethodCode>1</ShippingMethodCode>
          <StateOrProvince xsi:nil="true"></StateOrProvince>
          <Telephone1 xsi:nil="true"></Telephone1>
          <Telephone2 xsi:nil="true"></Telephone2>
          <Telephone3 xsi:nil="true"></Telephone3>
          <TimeZoneRuleVersionNumber xsi:nil="true"></TimeZoneRuleVersionNumber>
          <UPSZone xsi:nil="true"></UPSZone>
          <UTCOffset xsi:nil="true"></UTCOffset>
          <UTCConversionTimeZoneCode xsi:nil="true"></UTCConversionTimeZoneCode>
        </Address>
        <Address>
          <AddressNumber>2</AddressNumber>
          <AddressTypeCode>1</AddressTypeCode>
          <City xsi:nil="true"></City>
          <County xsi:nil="true"></County>
          <Country xsi:nil="true"></Country>
          <Fax xsi:nil="true"></Fax>
          <FreightTermsCode xsi:nil="true"></FreightTermsCode>
          <ImportSequenceNumber xsi:nil="true"></ImportSequenceNumber>
          <Latitude xsi:nil="true"></Latitude>
          <Line1 xsi:nil="true"></Line1>
          <Line2 xsi:nil="true"></Line2>
          <Line3 xsi:nil="true"></Line3>
          <Longitude xsi:nil="true"></Longitude>
          <Name xsi:nil="true"></Name>
          <PostalCode xsi:nil="true"></PostalCode>
          <PostOfficeBox xsi:nil="true"></PostOfficeBox>
          <PrimaryContactName xsi:nil="true"></PrimaryContactName>
          <ShippingMethodCode>1</ShippingMethodCode>
          <StateOrProvince xsi:nil="true"></StateOrProvince>
          <Telephone1 xsi:nil="true"></Telephone1>
          <Telephone2 xsi:nil="true"></Telephone2>
          <Telephone3 xsi:nil="true"></Telephone3>
          <TimeZoneRuleVersionNumber xsi:nil="true"></TimeZoneRuleVersionNumber>
          <UPSZone xsi:nil="true"></UPSZone>
          <UTCOffset xsi:nil="true"></UTCOffset>
          <UTCConversionTimeZoneCode xsi:nil="true"></UTCConversionTimeZoneCode>
        </Address>
      </Addresses>
    </Publisher>
    <RootComponents>
      <RootComponent type="1" schemaName="cid_invitation" behavior="2" />
      <RootComponent type="29" id="{8e225f6e-3466-4019-8a6d-6ffaafd4bed5}" behavior="0" />
    </RootComponents>
    <MissingDependencies>
      <MissingDependency>
        <Required type="1" schemaName="cid_invitation" displayName="CID Invitation " solution="Active" />
        <Dependent type="1" schemaName="cid_invitation" displayName="CID Invitation " />
      </MissingDependency>
      <MissingDependency>
        <Required type="2" schemaName="cid_company_province" displayName="Organization Province" parentSchemaName="cid_invitation" parentDisplayName="CID Invitation " solution="Active" />
        <Dependent type="26" schemaName="Active CID Invitations" displayName="Active CID Invitations" parentSchemaName="cid_invitation" parentDisplayName="CID Invitation " id="{0c3a761e-13e7-45e2-bc72-f6ed18a177ec}" />
      </MissingDependency>
      <MissingDependency>
        <Required type="2" schemaName="cid_companyaddress" displayName="Organization Address" parentSchemaName="cid_invitation" parentDisplayName="CID Invitation " solution="Active" />
        <Dependent type="26" schemaName="Active CID Invitations" displayName="Active CID Invitations" parentSchemaName="cid_invitation" parentDisplayName="CID Invitation " id="{0c3a761e-13e7-45e2-bc72-f6ed18a177ec}" />
      </MissingDependency>
      <MissingDependency>
        <Required type="2" schemaName="cid_companyname" displayName="Organization Name" parentSchemaName="cid_invitation" parentDisplayName="CID Invitation " solution="Active" />
        <Dependent type="26" schemaName="Active CID Invitations" displayName="Active CID Invitations" parentSchemaName="cid_invitation" parentDisplayName="CID Invitation " id="{0c3a761e-13e7-45e2-bc72-f6ed18a177ec}" />
      </MissingDependency>
      <MissingDependency>
        <Required type="2" schemaName="cid_companyname" displayName="Organization Name" parentSchemaName="cid_invitation" parentDisplayName="CID Invitation " solution="Active" />
        <Dependent type="26" schemaName="Inactive CID Invitations" displayName="Inactive CID Invitations" parentSchemaName="cid_invitation" parentDisplayName="CID Invitation " id="{51f6c33c-549e-49c3-9ec0-c15d5dfcf04d}" />
      </MissingDependency>
      <MissingDependency>
        <Required type="2" schemaName="cid_companyname" displayName="Organization Name" parentSchemaName="cid_invitation" parentDisplayName="CID Invitation " solution="Active" />
        <Dependent type="26" schemaName="All Invitations" displayName="All Invitations" parentSchemaName="cid_invitation" parentDisplayName="CID Invitation " id="{a21f94e3-8825-ee11-9965-0022483d0343}" />
      </MissingDependency>
      <MissingDependency>
        <Required type="2" schemaName="cid_companystatus" displayName="Organization Status" parentSchemaName="cid_invitation" parentDisplayName="CID Invitation " solution="Active" />
        <Dependent type="26" schemaName="Active CID Invitations" displayName="Active CID Invitations" parentSchemaName="cid_invitation" parentDisplayName="CID Invitation " id="{0c3a761e-13e7-45e2-bc72-f6ed18a177ec}" />
      </MissingDependency>
      <MissingDependency>
        <Required type="2" schemaName="cid_companystatus" displayName="Organization Status" parentSchemaName="cid_invitation" parentDisplayName="CID Invitation " solution="Active" />
        <Dependent type="26" schemaName="Inactive CID Invitations" displayName="Inactive CID Invitations" parentSchemaName="cid_invitation" parentDisplayName="CID Invitation " id="{51f6c33c-549e-49c3-9ec0-c15d5dfcf04d}" />
      </MissingDependency>
      <MissingDependency>
        <Required type="2" schemaName="cid_companystatus" displayName="Organization Status" parentSchemaName="cid_invitation" parentDisplayName="CID Invitation " solution="Active" />
        <Dependent type="26" schemaName="All Invitations" displayName="All Invitations" parentSchemaName="cid_invitation" parentDisplayName="CID Invitation " id="{a21f94e3-8825-ee11-9965-0022483d0343}" />
      </MissingDependency>
      <MissingDependency>
        <Required type="2" schemaName="cid_invitationid" displayName="CID Invitation " parentSchemaName="cid_invitation" parentDisplayName="CID Invitation " solution="Active" />
        <Dependent type="26" schemaName="Active CID Invitations" displayName="Active CID Invitations" parentSchemaName="cid_invitation" parentDisplayName="CID Invitation " id="{0c3a761e-13e7-45e2-bc72-f6ed18a177ec}" />
      </MissingDependency>
      <MissingDependency>
        <Required type="2" schemaName="cid_invitationid" displayName="CID Invitation " parentSchemaName="cid_invitation" parentDisplayName="CID Invitation " solution="Active" />
        <Dependent type="26" schemaName="Inactive CID Invitations" displayName="Inactive CID Invitations" parentSchemaName="cid_invitation" parentDisplayName="CID Invitation " id="{51f6c33c-549e-49c3-9ec0-c15d5dfcf04d}" />
      </MissingDependency>
      <MissingDependency>
        <Required type="2" schemaName="cid_invitationid" displayName="CID Invitation " parentSchemaName="cid_invitation" parentDisplayName="CID Invitation " solution="Active" />
        <Dependent type="26" schemaName="All Invitations" displayName="All Invitations" parentSchemaName="cid_invitation" parentDisplayName="CID Invitation " id="{a21f94e3-8825-ee11-9965-0022483d0343}" />
      </MissingDependency>
      <MissingDependency>
        <Required type="2" schemaName="cid_invitationsenton" displayName="Invitation Sent On" parentSchemaName="cid_invitation" parentDisplayName="CID Invitation " solution="Active" />
        <Dependent type="26" schemaName="Active CID Invitations" displayName="Active CID Invitations" parentSchemaName="cid_invitation" parentDisplayName="CID Invitation " id="{0c3a761e-13e7-45e2-bc72-f6ed18a177ec}" />
      </MissingDependency>
      <MissingDependency>
        <Required type="2" schemaName="cid_invitationsenton" displayName="Invitation Sent On" parentSchemaName="cid_invitation" parentDisplayName="CID Invitation " solution="Active" />
        <Dependent type="26" schemaName="Inactive CID Invitations" displayName="Inactive CID Invitations" parentSchemaName="cid_invitation" parentDisplayName="CID Invitation " id="{51f6c33c-549e-49c3-9ec0-c15d5dfcf04d}" />
      </MissingDependency>
      <MissingDependency>
        <Required type="2" schemaName="cid_invitationsenton" displayName="Invitation Sent On" parentSchemaName="cid_invitation" parentDisplayName="CID Invitation " solution="Active" />
        <Dependent type="26" schemaName="All Invitations" displayName="All Invitations" parentSchemaName="cid_invitation" parentDisplayName="CID Invitation " id="{a21f94e3-8825-ee11-9965-0022483d0343}" />
      </MissingDependency>
      <MissingDependency>
        <Required type="2" schemaName="cid_invitationvaliduntil" displayName="Invitation Valid Until" parentSchemaName="cid_invitation" parentDisplayName="CID Invitation " solution="Active" />
        <Dependent type="26" schemaName="Active CID Invitations" displayName="Active CID Invitations" parentSchemaName="cid_invitation" parentDisplayName="CID Invitation " id="{0c3a761e-13e7-45e2-bc72-f6ed18a177ec}" />
      </MissingDependency>
      <MissingDependency>
        <Required type="2" schemaName="cid_invitationvaliduntil" displayName="Invitation Valid Until" parentSchemaName="cid_invitation" parentDisplayName="CID Invitation " solution="Active" />
        <Dependent type="26" schemaName="All Invitations" displayName="All Invitations" parentSchemaName="cid_invitation" parentDisplayName="CID Invitation " id="{a21f94e3-8825-ee11-9965-0022483d0343}" />
      </MissingDependency>
      <MissingDependency>
        <Required type="2" schemaName="cid_invitedcontact" displayName="Invited Contact" parentSchemaName="cid_invitation" parentDisplayName="CID Invitation " solution="Active" />
        <Dependent type="26" schemaName="Active CID Invitations" displayName="Active CID Invitations" parentSchemaName="cid_invitation" parentDisplayName="CID Invitation " id="{0c3a761e-13e7-45e2-bc72-f6ed18a177ec}" />
      </MissingDependency>
      <MissingDependency>
        <Required type="2" schemaName="cid_invitedcontact" displayName="Invited Contact" parentSchemaName="cid_invitation" parentDisplayName="CID Invitation " solution="Active" />
        <Dependent type="26" schemaName="Inactive CID Invitations" displayName="Inactive CID Invitations" parentSchemaName="cid_invitation" parentDisplayName="CID Invitation " id="{51f6c33c-549e-49c3-9ec0-c15d5dfcf04d}" />
      </MissingDependency>
      <MissingDependency>
        <Required type="2" schemaName="cid_invitedcontact" displayName="Invited Contact" parentSchemaName="cid_invitation" parentDisplayName="CID Invitation " solution="Active" />
        <Dependent type="26" schemaName="All Invitations" displayName="All Invitations" parentSchemaName="cid_invitation" parentDisplayName="CID Invitation " id="{a21f94e3-8825-ee11-9965-0022483d0343}" />
      </MissingDependency>
      <MissingDependency>
        <Required type="2" schemaName="cid_invitedcontactemail" displayName="Invited Contact Email" parentSchemaName="cid_invitation" parentDisplayName="CID Invitation " solution="Active" />
        <Dependent type="26" schemaName="Active CID Invitations" displayName="Active CID Invitations" parentSchemaName="cid_invitation" parentDisplayName="CID Invitation " id="{0c3a761e-13e7-45e2-bc72-f6ed18a177ec}" />
      </MissingDependency>
      <MissingDependency>
        <Required type="2" schemaName="cid_invitedcontactemail" displayName="Invited Contact Email" parentSchemaName="cid_invitation" parentDisplayName="CID Invitation " solution="Active" />
        <Dependent type="26" schemaName="All Invitations" displayName="All Invitations" parentSchemaName="cid_invitation" parentDisplayName="CID Invitation " id="{a21f94e3-8825-ee11-9965-0022483d0343}" />
      </MissingDependency>
      <MissingDependency>
        <Required type="2" schemaName="cid_name" displayName="ID" parentSchemaName="cid_invitation" parentDisplayName="CID Invitation " solution="Active" />
        <Dependent type="26" schemaName="Inactive CID Invitations" displayName="Inactive CID Invitations" parentSchemaName="cid_invitation" parentDisplayName="CID Invitation " id="{51f6c33c-549e-49c3-9ec0-c15d5dfcf04d}" />
      </MissingDependency>
      <MissingDependency>
        <Required type="2" schemaName="cid_name" displayName="ID" parentSchemaName="cid_invitation" parentDisplayName="CID Invitation " solution="Active" />
        <Dependent type="26" schemaName="All Invitations" displayName="All Invitations" parentSchemaName="cid_invitation" parentDisplayName="CID Invitation " id="{a21f94e3-8825-ee11-9965-0022483d0343}" />
      </MissingDependency>
      <MissingDependency>
        <Required type="2" schemaName="createdon" displayName="Created On" parentSchemaName="cid_invitation" parentDisplayName="CID Invitation " solution="Active" />
        <Dependent type="26" schemaName="Active CID Invitations" displayName="Active CID Invitations" parentSchemaName="cid_invitation" parentDisplayName="CID Invitation " id="{0c3a761e-13e7-45e2-bc72-f6ed18a177ec}" />
      </MissingDependency>
      <MissingDependency>
        <Required type="2" schemaName="createdon" displayName="Created On" parentSchemaName="cid_invitation" parentDisplayName="CID Invitation " solution="Active" />
        <Dependent type="26" schemaName="All Invitations" displayName="All Invitations" parentSchemaName="cid_invitation" parentDisplayName="CID Invitation " id="{a21f94e3-8825-ee11-9965-0022483d0343}" />
      </MissingDependency>
      <MissingDependency>
        <Required type="2" schemaName="statecode" displayName="Status" parentSchemaName="cid_invitation" parentDisplayName="CID Invitation " solution="Active" />
        <Dependent type="26" schemaName="Active CID Invitations" displayName="Active CID Invitations" parentSchemaName="cid_invitation" parentDisplayName="CID Invitation " id="{0c3a761e-13e7-45e2-bc72-f6ed18a177ec}" />
      </MissingDependency>
      <MissingDependency>
        <Required type="2" schemaName="statecode" displayName="Status" parentSchemaName="cid_invitation" parentDisplayName="CID Invitation " solution="Active" />
        <Dependent type="26" schemaName="Inactive CID Invitations" displayName="Inactive CID Invitations" parentSchemaName="cid_invitation" parentDisplayName="CID Invitation " id="{51f6c33c-549e-49c3-9ec0-c15d5dfcf04d}" />
      </MissingDependency>
      <MissingDependency>
        <Required type="2" schemaName="statuscode" displayName="Status Reason" parentSchemaName="cid_invitation" parentDisplayName="CID Invitation " solution="Active" />
        <Dependent type="26" schemaName="Active CID Invitations" displayName="Active CID Invitations" parentSchemaName="cid_invitation" parentDisplayName="CID Invitation " id="{0c3a761e-13e7-45e2-bc72-f6ed18a177ec}" />
      </MissingDependency>
      <MissingDependency>
        <Required type="2" schemaName="statuscode" displayName="Status Reason" parentSchemaName="cid_invitation" parentDisplayName="CID Invitation " solution="Active" />
        <Dependent type="26" schemaName="All Invitations" displayName="All Invitations" parentSchemaName="cid_invitation" parentDisplayName="CID Invitation " id="{a21f94e3-8825-ee11-9965-0022483d0343}" />
      </MissingDependency>
    </MissingDependencies>
  </SolutionManifest>
</ImportExportXml>