<ImportExportXml xmlns:xsi="http://www.w3.org/2001/XMLSchema-instance">
  <Entities></Entities>
  <Roles>
    <Role id="{de8e34ea-d189-eb11-b1ac-000d3ae92dbf}" name="TDG Inspector" isinherited="1">
      <IsCustomizable>1</IsCustomizable>
      <RolePrivileges>
        <RolePrivilege name="prvAppendAccount" level="Global" />
        <RolePrivilege name="prvAppendActivity" level="Basic" />
        <RolePrivilege name="prvAppendBookableResource" level="Global" />
        <RolePrivilege name="prvAppendBookableResourceBookingHeader" level="Basic" />
        <RolePrivilege name="prvAppendBookableResourceCategory" level="Global" />
        <RolePrivilege name="prvAppendBookableResourceCategoryAssn" level="Global" />
        <RolePrivilege name="prvAppendBookableResourceCharacteristic" level="Basic" />
        <RolePrivilege name="prvAppendBookableResourceGroup" level="Deep" />
        <RolePrivilege name="prvAppendBookingStatus" level="Basic" />
        <RolePrivilege name="prvAppendCalendar" level="Local" />
        <RolePrivilege name="prvAppendCharacteristic" level="Local" />
        <RolePrivilege name="prvAppendContact" level="Local" />
        <RolePrivilege name="prvAppendIncident" level="Local" />
        <RolePrivilege name="prvAppendLanguageLocale" level="Global" />
        <RolePrivilege name="prvAppendmsdyn_agreement" level="Basic" />
        <RolePrivilege name="prvAppendmsdyn_agreementbookingdate" level="Basic" />
        <RolePrivilege name="prvAppendmsdyn_agreementbookingproduct" level="Basic" />
        <RolePrivilege name="prvAppendmsdyn_agreementbookingservice" level="Basic" />
        <RolePrivilege name="prvAppendmsdyn_agreementinvoiceproduct" level="Basic" />
        <RolePrivilege name="prvAppendmsdyn_requirementstatus" level="Global" />
        <RolePrivilege name="prvAppendmsdyn_resourcerequirement" level="Global" />
        <RolePrivilege name="prvAppendmsdyn_resourcerequirementdetail" level="Global" />
        <RolePrivilege name="prvAppendmsdyn_servicetasktype" level="Global" />
        <RolePrivilege name="prvAppendmsdyn_workorder" level="Basic" />
        <RolePrivilege name="prvAppendmsdyn_workorderproduct" level="Basic" />
        <RolePrivilege name="prvAppendmsdyn_workorderservice" level="Basic" />
        <RolePrivilege name="prvAppendmsdyn_workorderservicetask" level="Basic" />
        <RolePrivilege name="prvAppendmsdyn_workordersubstatus" level="Global" />
        <RolePrivilege name="prvAppendmsdyn_workordertype" level="Global" />
        <RolePrivilege name="prvAppendNote" level="Basic" />
        <RolePrivilege name="prvAppendovs_CYSafetyAssessment" level="Deep" />
        <RolePrivilege name="prvAppendovs_enforcementactionviolation" level="Global" />
        <RolePrivilege name="prvAppendovs_operation" level="Deep" />
        <RolePrivilege name="prvAppendovs_operationtype" level="Deep" />
        <RolePrivilege name="prvAppendovs_OversightType" level="Global" />
        <RolePrivilege name="prvAppendovs_SiteType" level="Deep" />
        <RolePrivilege name="prvAppendovs_tyohsnote" level="Local" />
        <RolePrivilege name="prvAppendovs_TYRational" level="Global" />
        <RolePrivilege name="prvAppendovs_UnplannedForecast" level="Global" />
        <RolePrivilege name="prvAppendqm_rclegislation" level="Global" />
        <RolePrivilege name="prvAppendqm_syquestion" level="Global" />
        <RolePrivilege name="prvAppendqm_syresponse" level="Global" />
        <RolePrivilege name="prvAppendqm_syresult" level="Basic" />
        <RolePrivilege name="prvAppendqm_sytemplate" level="Global" />
        <RolePrivilege name="prvAppendqm_tylegislationcharacteristic" level="Global" />
        <RolePrivilege name="prvAppendqm_tylegislationsource" level="Global" />
        <RolePrivilege name="prvAppendqm_tylegislationtype" level="Global" />
        <RolePrivilege name="prvAppendRatingModel" level="Basic" />
        <RolePrivilege name="prvAppendRatingValue" level="Basic" />
        <RolePrivilege name="prvAppendResourceBookingDetail" level="Basic" />
        <RolePrivilege name="prvAppendSLA" level="Local" />
        <RolePrivilege name="prvAppendSLAKPIInstance" level="Local" />
        <RolePrivilege name="prvAppendSubject" level="Global" />
        <RolePrivilege name="prvAppendSyncError" level="Basic" />
        <RolePrivilege name="prvAppendtc_Province" level="Global" />
        <RolePrivilege name="prvAppendtc_TCFiscalPeriod" level="Global" />
        <RolePrivilege name="prvAppendtc_TCFiscalQuarter" level="Global" />
        <RolePrivilege name="prvAppendtc_TCFiscalYear" level="Global" />
        <RolePrivilege name="prvAppendtc_TCLocationType" level="Global" />
        <RolePrivilege name="prvAppendtc_TCMonth" level="Global" />
        <RolePrivilege name="prvAppendToAccount" level="Global" />
        <RolePrivilege name="prvAppendToActivity" level="Basic" />
        <RolePrivilege name="prvAppendToBookableResource" level="Global" />
        <RolePrivilege name="prvAppendToBookableResourceBooking" level="Basic" />
        <RolePrivilege name="prvAppendToBookableResourceBookingHeader" level="Basic" />
        <RolePrivilege name="prvAppendToBookableResourceCategory" level="Global" />
        <RolePrivilege name="prvAppendToBookableResourceCategoryAssn" level="Global" />
        <RolePrivilege name="prvAppendToBookableResourceCharacteristic" level="Basic" />
        <RolePrivilege name="prvAppendToBookableResourceGroup" level="Deep" />
        <RolePrivilege name="prvAppendToBookingStatus" level="Basic" />
        <RolePrivilege name="prvAppendToCalendar" level="Local" />
        <RolePrivilege name="prvAppendToCharacteristic" level="Local" />
        <RolePrivilege name="prvAppendToContact" level="Local" />
        <RolePrivilege name="prvAppendToEquipment" level="Local" />
        <RolePrivilege name="prvAppendToIncident" level="Local" />
        <RolePrivilege name="prvAppendToLanguageLocale" level="Global" />
        <RolePrivilege name="prvAppendTomsdyn_agreement" level="Basic" />
        <RolePrivilege name="prvAppendTomsdyn_agreementbookingdate" level="Basic" />
        <RolePrivilege name="prvAppendTomsdyn_agreementbookingproduct" level="Basic" />
        <RolePrivilege name="prvAppendTomsdyn_agreementbookingservice" level="Basic" />
        <RolePrivilege name="prvAppendTomsdyn_agreementinvoiceproduct" level="Basic" />
        <RolePrivilege name="prvAppendTomsdyn_requirementstatus" level="Global" />
        <RolePrivilege name="prvAppendTomsdyn_resourcerequirement" level="Global" />
        <RolePrivilege name="prvAppendTomsdyn_resourcerequirementdetail" level="Global" />
        <RolePrivilege name="prvAppendTomsdyn_servicetasktype" level="Global" />
        <RolePrivilege name="prvAppendTomsdyn_workorder" level="Basic" />
        <RolePrivilege name="prvAppendTomsdyn_workorderproduct" level="Basic" />
        <RolePrivilege name="prvAppendTomsdyn_workorderservice" level="Basic" />
        <RolePrivilege name="prvAppendTomsdyn_workorderservicetask" level="Basic" />
        <RolePrivilege name="prvAppendTomsdyn_workordersubstatus" level="Global" />
        <RolePrivilege name="prvAppendTomsdyn_workordertype" level="Global" />
        <RolePrivilege name="prvAppendToNote" level="Basic" />
        <RolePrivilege name="prvAppendToOrganization" level="Global" />
        <RolePrivilege name="prvAppendToovs_CYSafetyAssessment" level="Deep" />
        <RolePrivilege name="prvAppendToovs_enforcementactionviolation" level="Global" />
        <RolePrivilege name="prvAppendToovs_operation" level="Deep" />
        <RolePrivilege name="prvAppendToovs_operationtype" level="Deep" />
        <RolePrivilege name="prvAppendToovs_OversightType" level="Global" />
        <RolePrivilege name="prvAppendToovs_SiteType" level="Deep" />
        <RolePrivilege name="prvAppendToovs_tyohsnote" level="Local" />
        <RolePrivilege name="prvAppendToovs_TYRational" level="Global" />
        <RolePrivilege name="prvAppendToovs_UnplannedForecast" level="Global" />
        <RolePrivilege name="prvAppendToProduct" level="Global" />
        <RolePrivilege name="prvAppendToqm_rclegislation" level="Global" />
        <RolePrivilege name="prvAppendToqm_syquestion" level="Global" />
        <RolePrivilege name="prvAppendToqm_syresponse" level="Global" />
        <RolePrivilege name="prvAppendToqm_syresult" level="Basic" />
        <RolePrivilege name="prvAppendToqm_sytemplate" level="Global" />
        <RolePrivilege name="prvAppendToqm_tylegislationcharacteristic" level="Global" />
        <RolePrivilege name="prvAppendToqm_tylegislationsource" level="Global" />
        <RolePrivilege name="prvAppendToqm_tylegislationtype" level="Global" />
        <RolePrivilege name="prvAppendToRatingModel" level="Basic" />
        <RolePrivilege name="prvAppendToRatingValue" level="Basic" />
        <RolePrivilege name="prvAppendToSLA" level="Local" />
        <RolePrivilege name="prvAppendToSLAKPIInstance" level="Local" />
        <RolePrivilege name="prvAppendToSubject" level="Global" />
        <RolePrivilege name="prvAppendToSyncError" level="Basic" />
        <RolePrivilege name="prvAppendTotc_Province" level="Global" />
        <RolePrivilege name="prvAppendTotc_TCFiscalPeriod" level="Global" />
        <RolePrivilege name="prvAppendTotc_TCFiscalQuarter" level="Global" />
        <RolePrivilege name="prvAppendTotc_TCFiscalYear" level="Global" />
        <RolePrivilege name="prvAppendTotc_TCLocationType" level="Global" />
        <RolePrivilege name="prvAppendTotc_TCMonth" level="Global" />
        <RolePrivilege name="prvAppendToTerritory" level="Global" />
        <RolePrivilege name="prvAppendToTransactionCurrency" level="Global" />
        <RolePrivilege name="prvAppendToWorkflow" level="Global" />
        <RolePrivilege name="prvAssignAccount" level="Local" />
        <RolePrivilege name="prvAssignBookableResource" level="Basic" />
        <RolePrivilege name="prvAssignBookableResourceBooking" level="Basic" />
        <RolePrivilege name="prvAssignContact" level="Local" />
        <RolePrivilege name="prvAssignmsdyn_workorder" level="Basic" />
        <RolePrivilege name="prvAssignmsdyn_workorderservicetask" level="Basic" />
        <RolePrivilege name="prvAssignNote" level="Basic" />
        <RolePrivilege name="prvAssignovs_operation" level="Deep" />
        <RolePrivilege name="prvAssignovs_operationtype" level="Deep" />
        <RolePrivilege name="prvAssignovs_tyohsnote" level="Basic" />
        <RolePrivilege name="prvAssignSyncError" level="Basic" />
        <RolePrivilege name="prvAssignUserQuery" level="Basic" />
        <RolePrivilege name="prvBulkEdit" level="Global" />
        <RolePrivilege name="prvCreateAccount" level="Basic" />
        <RolePrivilege name="prvCreateActivity" level="Basic" />
        <RolePrivilege name="prvCreateBookableResourceBooking" level="Basic" />
        <RolePrivilege name="prvCreateBookableResourceBookingHeader" level="Basic" />
        <RolePrivilege name="prvCreateCalendar" level="Local" />
        <RolePrivilege name="prvCreateConnection" level="Local" />
        <RolePrivilege name="prvCreateContact" level="Local" />
        <RolePrivilege name="prvCreateExchangeSyncIdMapping" level="Basic" />
        <RolePrivilege name="prvCreatemsdyn_geofence" level="Deep" />
        <RolePrivilege name="prvCreatemsdyn_geofenceevent" level="Deep" />
        <RolePrivilege name="prvCreatemsdyn_resourcerequirement" level="Basic" />
        <RolePrivilege name="prvCreatemsdyn_resourcerequirementdetail" level="Basic" />
        <RolePrivilege name="prvCreatemsdyn_servicetasktype" level="Basic" />
        <RolePrivilege name="prvCreatemsdyn_workorder" level="Basic" />
        <RolePrivilege name="prvCreatemsdyn_workorderservicetask" level="Basic" />
        <RolePrivilege name="prvCreateNote" level="Basic" />
        <RolePrivilege name="prvCreateovs_CYSafetyAssessment" level="Basic" />
        <RolePrivilege name="prvCreateovs_enforcementactionviolation" level="Basic" />
        <RolePrivilege name="prvCreateovs_tyohsnote" level="Basic" />
        <RolePrivilege name="prvCreateqm_syresult" level="Basic" />
        <RolePrivilege name="prvCreateSharePointData" level="Global" />
        <RolePrivilege name="prvCreateSLAKPIInstance" level="Basic" />
        <RolePrivilege name="prvCreateSyncError" level="Basic" />
        <RolePrivilege name="prvCreateUserQuery" level="Basic" />
        <RolePrivilege name="prvDeleteAccount" level="Basic" />
        <RolePrivilege name="prvDeleteContact" level="Basic" />
        <RolePrivilege name="prvDeleteExchangeSyncIdMapping" level="Basic" />
        <RolePrivilege name="prvDeletemsdyn_geofence" level="Deep" />
        <RolePrivilege name="prvDeletemsdyn_geofenceevent" level="Deep" />
        <RolePrivilege name="prvDeletemsdyn_servicetasktype" level="Basic" />
        <RolePrivilege name="prvDeletemsdyn_workorder" level="Basic" />
        <RolePrivilege name="prvDeletemsdyn_workorderservicetask" level="Basic" />
        <RolePrivilege name="prvDeleteNote" level="Basic" />
        <RolePrivilege name="prvDeleteovs_enforcementactionviolation" level="Basic" />
        <RolePrivilege name="prvDeleteovs_tyohsnote" level="Basic" />
        <RolePrivilege name="prvDeleteqm_syresult" level="Basic" />
        <RolePrivilege name="prvDeleteSyncError" level="Basic" />
        <RolePrivilege name="prvDeleteUserQuery" level="Basic" />
        <RolePrivilege name="prvDocumentGeneration" level="Global" />
        <RolePrivilege name="prvExportToExcel" level="Global" />
        <RolePrivilege name="prvFlow" level="Global" />
        <RolePrivilege name="prvGoOffline" level="Global" />
        <RolePrivilege name="prvISVExtensions" level="Global" />
        <RolePrivilege name="prvMailMerge" level="Global" />
        <RolePrivilege name="prvPrint" level="Global" />
        <RolePrivilege name="prvPublishRSReport" level="Global" />
        <RolePrivilege name="prvReadAccount" level="Global" />
        <RolePrivilege name="prvReadActionCard" level="Global" />
        <RolePrivilege name="prvReadActionCardUserSettings" level="Basic" />
        <RolePrivilege name="prvReadActivity" level="Global" />
        <RolePrivilege name="prvReadApplicationFile" level="Global" />
        <RolePrivilege name="prvReadAppModule" level="Global" />
        <RolePrivilege name="prvReadAsyncOperation" level="Basic" />
        <RolePrivilege name="prvReadAttribute" level="Global" />
        <RolePrivilege name="prvReadAttributeMap" level="Global" />
        <RolePrivilege name="prvReadBookableResource" level="Global" />
        <RolePrivilege name="prvReadBookableResourceBooking" level="Global" />
        <RolePrivilege name="prvReadBookableResourceBookingHeader" level="Global" />
        <RolePrivilege name="prvReadBookableResourceCategory" level="Global" />
        <RolePrivilege name="prvReadBookableResourceCategoryAssn" level="Global" />
        <RolePrivilege name="prvReadBookableResourceCharacteristic" level="Global" />
        <RolePrivilege name="prvReadBookableResourceGroup" level="Global" />
        <RolePrivilege name="prvReadBookingStatus" level="Global" />
        <RolePrivilege name="prvReadBusinessUnit" level="Local" />
        <RolePrivilege name="prvReadCalendar" level="Local" />
        <RolePrivilege name="prvReadCharacteristic" level="Local" />
        <RolePrivilege name="prvReadComplexControl" level="Global" />
        <RolePrivilege name="prvReadConnection" level="Local" />
        <RolePrivilege name="prvReadConnectionRole" level="Global" />
        <RolePrivilege name="prvReadContact" level="Deep" />
        <RolePrivilege name="prvReadEntity" level="Global" />
        <RolePrivilege name="prvReadEntityKey" level="Global" />
        <RolePrivilege name="prvReadEntityMap" level="Global" />
        <RolePrivilege name="prvReadEquipment" level="Local" />
        <RolePrivilege name="prvReadExchangeSyncIdMapping" level="Basic" />
        <RolePrivilege name="prvReadExpanderEvent" level="Global" />
        <RolePrivilege name="prvReadHierarchyRule" level="Global" />
        <RolePrivilege name="prvReadIncident" level="Deep" />
        <RolePrivilege name="prvReadLanguageLocale" level="Global" />
        <RolePrivilege name="prvReadMobileOfflineProfile" level="Global" />
        <RolePrivilege name="prvReadmsdyn_actual" level="Global" />
        <RolePrivilege name="prvReadmsdyn_assetcategorytemplateassociation" level="Global" />
        <RolePrivilege name="prvReadmsdyn_assettemplateassociation" level="Global" />
        <RolePrivilege name="prvReadmsdyn_bookableresourceassociation" level="Basic" />
        <RolePrivilege name="prvReadmsdyn_bookingalertstatus" level="Basic" />
        <RolePrivilege name="prvReadmsdyn_bookingchange" level="Basic" />
        <RolePrivilege name="prvReadmsdyn_bookingjournal" level="Basic" />
        <RolePrivilege name="prvReadmsdyn_bookingrule" level="Basic" />
        <RolePrivilege name="prvReadmsdyn_bookingsetupmetadata" level="Basic" />
        <RolePrivilege name="prvReadmsdyn_bookingtimestamp" level="Basic" />
        <RolePrivilege name="prvReadmsdyn_fieldservicepricelistitem" level="Global" />
        <RolePrivilege name="prvReadmsdyn_fieldservicesetting" level="Global" />
        <RolePrivilege name="prvReadmsdyn_fieldserviceslaconfiguration" level="Global" />
        <RolePrivilege name="prvReadmsdyn_fieldservicesystemjob" level="Global" />
        <RolePrivilege name="prvReadmsdyn_FunctionalLocation" level="Global" />
        <RolePrivilege name="prvReadmsdyn_geofence" level="Global" />
        <RolePrivilege name="prvReadmsdyn_geofenceevent" level="Global" />
        <RolePrivilege name="prvReadmsdyn_geolocationsettings" level="Global" />
        <RolePrivilege name="prvReadmsdyn_organizationalunit" level="Global" />
        <RolePrivilege name="prvReadmsdyn_payment" level="Global" />
        <RolePrivilege name="prvReadmsdyn_paymentdetail" level="Global" />
        <RolePrivilege name="prvReadmsdyn_paymentmethod" level="Global" />
        <RolePrivilege name="prvReadmsdyn_paymentterm" level="Global" />
        <RolePrivilege name="prvReadmsdyn_postalcode" level="Global" />
        <RolePrivilege name="prvReadmsdyn_PostConfig" level="Global" />
        <RolePrivilege name="prvReadmsdyn_productinventory" level="Global" />
        <RolePrivilege name="prvReadmsdyn_requirementresourcepreference" level="Global" />
        <RolePrivilege name="prvReadmsdyn_requirementstatus" level="Deep" />
        <RolePrivilege name="prvReadmsdyn_resourcepaytype" level="Global" />
        <RolePrivilege name="prvReadmsdyn_resourcerequirement" level="Global" />
        <RolePrivilege name="prvReadmsdyn_resourcerequirementdetail" level="Global" />
        <RolePrivilege name="prvReadmsdyn_resourceterritory" level="Global" />
        <RolePrivilege name="prvReadmsdyn_scheduleboardsetting" level="Global" />
        <RolePrivilege name="prvReadmsdyn_schedulingparameter" level="Global" />
        <RolePrivilege name="prvReadmsdyn_servicetasktype" level="Global" />
        <RolePrivilege name="prvReadmsdyn_systemuserschedulersetting" level="Global" />
        <RolePrivilege name="prvReadmsdyn_taxcode" level="Global" />
        <RolePrivilege name="prvReadmsdyn_taxcodedetail" level="Global" />
        <RolePrivilege name="prvReadmsdyn_timeentry" level="Global" />
        <RolePrivilege name="prvReadmsdyn_timeentrysetting" level="Global" />
        <RolePrivilege name="prvReadmsdyn_timegroup" level="Global" />
        <RolePrivilege name="prvReadmsdyn_timegroupdetail" level="Global" />
        <RolePrivilege name="prvReadmsdyn_timeoffrequest" level="Global" />
        <RolePrivilege name="prvReadmsdyn_warehouse" level="Basic" />
        <RolePrivilege name="prvReadmsdyn_workorder" level="Deep" />
        <RolePrivilege name="prvReadmsdyn_workordercharacteristic" level="Deep" />
        <RolePrivilege name="prvReadmsdyn_workorderdetailsgenerationqueue" level="Global" />
        <RolePrivilege name="prvReadmsdyn_workorderincident" level="Deep" />
        <RolePrivilege name="prvReadmsdyn_workorderproduct" level="Deep" />
        <RolePrivilege name="prvReadmsdyn_workorderresourcerestriction" level="Global" />
        <RolePrivilege name="prvReadmsdyn_workorderservice" level="Deep" />
        <RolePrivilege name="prvReadmsdyn_workorderservicetask" level="Deep" />
        <RolePrivilege name="prvReadmsdyn_workordersubstatus" level="Global" />
        <RolePrivilege name="prvReadmsdyn_workordertype" level="Global" />
        <RolePrivilege name="prvReadNote" level="Global" />
        <RolePrivilege name="prvReadOptionSet" level="Global" />
        <RolePrivilege name="prvReadOrganization" level="Global" />
        <RolePrivilege name="prvReadovs_country" level="Global" />
        <RolePrivilege name="prvReadovs_CYSafetyAssessment" level="Global" />
        <RolePrivilege name="prvReadovs_enforcementactionviolation" level="Global" />
        <RolePrivilege name="prvReadovs_Finding" level="Global" />
        <RolePrivilege name="prvReadovs_ForecastQuarter" level="Global" />
        <RolePrivilege name="prvReadovs_operation" level="Deep" />
        <RolePrivilege name="prvReadovs_operationtype" level="Deep" />
        <RolePrivilege name="prvReadovs_OversightType" level="Global" />
        <RolePrivilege name="prvReadovs_Questionnaire" level="Global" />
        <RolePrivilege name="prvReadovs_SiteType" level="Global" />
        <RolePrivilege name="prvReadovs_tyohsequipmenttype" level="Global" />
        <RolePrivilege name="prvReadovs_tyohsnote" level="Deep" />
        <RolePrivilege name="prvReadovs_TYRational" level="Global" />
        <RolePrivilege name="prvReadovs_UnplannedForecast" level="Global" />
        <RolePrivilege name="prvReadPluginAssembly" level="Global" />
        <RolePrivilege name="prvReadPluginType" level="Global" />
        <RolePrivilege name="prvReadProduct" level="Global" />
        <RolePrivilege name="prvReadqm_environmentsettings" level="Global" />
        <RolePrivilege name="prvReadqm_rclegislation" level="Global" />
        <RolePrivilege name="prvReadqm_sydependencygroup" level="Global" />
        <RolePrivilege name="prvReadqm_sydependencygroupitem" level="Global" />
        <RolePrivilege name="prvReadqm_sygroup" level="Global" />
        <RolePrivilege name="prvReadqm_syquestion" level="Global" />
        <RolePrivilege name="prvReadqm_syQuestionnaire" level="Global" />
        <RolePrivilege name="prvReadqm_syquestionvalidationrule" level="Global" />
        <RolePrivilege name="prvReadqm_syresponse" level="Global" />
        <RolePrivilege name="prvReadqm_syresult" level="Deep" />
        <RolePrivilege name="prvReadqm_sytemplate" level="Global" />
        <RolePrivilege name="prvReadqm_tylegislationcharacteristic" level="Global" />
        <RolePrivilege name="prvReadqm_tylegislationsource" level="Global" />
        <RolePrivilege name="prvReadqm_tylegislationtype" level="Global" />
        <RolePrivilege name="prvReadqm_TYValidationruletype" level="Global" />
        <RolePrivilege name="prvReadQuery" level="Global" />
        <RolePrivilege name="prvReadQueue" level="Global" />
        <RolePrivilege name="prvReadRatingModel" level="Basic" />
        <RolePrivilege name="prvReadRatingValue" level="Basic" />
        <RolePrivilege name="prvReadRelationship" level="Global" />
        <RolePrivilege name="prvReadresco_Question" level="Deep" />
        <RolePrivilege name="prvReadresco_QuestionGroup" level="Deep" />
        <RolePrivilege name="prvReadRole" level="Local" />
        <RolePrivilege name="prvReadRoutingRule" level="Basic" />
        <RolePrivilege name="prvReadSavedQueryVisualizations" level="Global" />
        <RolePrivilege name="prvReadSdkMessage" level="Global" />
        <RolePrivilege name="prvReadSdkMessageProcessingStep" level="Global" />
        <RolePrivilege name="prvReadSdkMessageProcessingStepImage" level="Global" />
        <RolePrivilege name="prvReadServiceEndpoint" level="Global" />
        <RolePrivilege name="prvReadSharePointData" level="Global" />
        <RolePrivilege name="prvReadSharePointDocument" level="Global" />
        <RolePrivilege name="prvReadSLA" level="Local" />
        <RolePrivilege name="prvReadSLAKPIInstance" level="Local" />
        <RolePrivilege name="prvReadSubject" level="Global" />
        <RolePrivilege name="prvReadSyncError" level="Basic" />
        <RolePrivilege name="prvReadSystemApplicationMetadata" level="Global" />
        <RolePrivilege name="prvReadSystemForm" level="Global" />
        <RolePrivilege name="prvReadtc_Country" level="Global" />
        <RolePrivilege name="prvReadtc_Province" level="Global" />
        <RolePrivilege name="prvReadtc_TCFiscalPeriod" level="Global" />
        <RolePrivilege name="prvReadtc_TCFiscalQuarter" level="Global" />
        <RolePrivilege name="prvReadtc_TCFiscalYear" level="Global" />
        <RolePrivilege name="prvReadtc_TCLocationType" level="Global" />
        <RolePrivilege name="prvReadtc_TCMonth" level="Global" />
        <RolePrivilege name="prvReadTeam" level="Local" />
        <RolePrivilege name="prvReadTerritory" level="Global" />
        <RolePrivilege name="prvReadTransactionCurrency" level="Global" />
        <RolePrivilege name="prvReadUser" level="Local" />
        <RolePrivilege name="prvReadUserApplicationMetadata" level="Basic" />
        <RolePrivilege name="prvReadUserEntityInstanceData" level="Basic" />
        <RolePrivilege name="prvReadUserEntityUISettings" level="Basic" />
        <RolePrivilege name="prvReadUserForm" level="Basic" />
        <RolePrivilege name="prvReadUserQuery" level="Basic" />
        <RolePrivilege name="prvReadUserQueryVisualizations" level="Basic" />
        <RolePrivilege name="prvReadUserSettings" level="Local" />
        <RolePrivilege name="prvReadWebResource" level="Global" />
        <RolePrivilege name="prvReadWorkflow" level="Global" />
        <RolePrivilege name="prvShareActivity" level="Basic" />
        <RolePrivilege name="prvShareBookableResourceBooking" level="Basic" />
        <RolePrivilege name="prvShareBookableResourceBookingHeader" level="Basic" />
        <RolePrivilege name="prvSharemsdyn_workorder" level="Basic" />
        <RolePrivilege name="prvSharemsdyn_workorderservicetask" level="Basic" />
        <RolePrivilege name="prvShareNote" level="Basic" />
        <RolePrivilege name="prvShareovs_operation" level="Deep" />
        <RolePrivilege name="prvShareovs_operationtype" level="Deep" />
        <RolePrivilege name="prvShareovs_tyohsnote" level="Basic" />
        <RolePrivilege name="prvShareSyncError" level="Basic" />
        <RolePrivilege name="prvShareUserQuery" level="Basic" />
        <RolePrivilege name="prvSyncToOutlook" level="Global" />
        <RolePrivilege name="prvUseOfficeApps" level="Global" />
        <RolePrivilege name="prvUseTabletApp" level="Global" />
        <RolePrivilege name="prvWorkflowExecution" level="Global" />
        <RolePrivilege name="prvWriteAccount" level="Global" />
        <RolePrivilege name="prvWriteActionCard" level="Basic" />
        <RolePrivilege name="prvWriteActivity" level="Basic" />
        <RolePrivilege name="prvWriteBookableResource" level="Basic" />
        <RolePrivilege name="prvWriteBookableResourceBooking" level="Basic" />
        <RolePrivilege name="prvWriteBookableResourceBookingHeader" level="Basic" />
        <RolePrivilege name="prvWriteCalendar" level="Local" />
        <RolePrivilege name="prvWriteConnection" level="Local" />
        <RolePrivilege name="prvWriteContact" level="Local" />
        <RolePrivilege name="prvWriteExchangeSyncIdMapping" level="Basic" />
        <RolePrivilege name="prvWritemsdyn_geofence" level="Deep" />
        <RolePrivilege name="prvWritemsdyn_geofenceevent" level="Deep" />
        <RolePrivilege name="prvWritemsdyn_resourcerequirement" level="Basic" />
        <RolePrivilege name="prvWritemsdyn_resourcerequirementdetail" level="Basic" />
        <RolePrivilege name="prvWritemsdyn_servicetasktype" level="Basic" />
        <RolePrivilege name="prvWritemsdyn_workorder" level="Basic" />
        <RolePrivilege name="prvWritemsdyn_workorderservicetask" level="Basic" />
        <RolePrivilege name="prvWriteNote" level="Basic" />
        <RolePrivilege name="prvWriteovs_CYSafetyAssessment" level="Basic" />
        <RolePrivilege name="prvWriteovs_enforcementactionviolation" level="Basic" />
        <RolePrivilege name="prvWriteovs_tyohsnote" level="Basic" />
        <RolePrivilege name="prvWriteqm_syresult" level="Basic" />
        <RolePrivilege name="prvWriteSharePointData" level="Global" />
        <RolePrivilege name="prvWriteSLAKPIInstance" level="Local" />
        <RolePrivilege name="prvWriteSyncError" level="Basic" />
        <RolePrivilege name="prvWriteUserQuery" level="Basic" />
      </RolePrivileges>
    </Role>
  </Roles>
  <Workflows></Workflows>
  <FieldSecurityProfiles></FieldSecurityProfiles>
  <Templates />
  <EntityMaps />
  <EntityRelationships />
  <OrganizationSettings />
  <optionsets />
  <WebResources>
    <WebResource>
      <WebResourceId>{c974a579-7b5b-eb11-a812-000d3a84db40}</WebResourceId>
      <Name>qm_WO_TDG_main.js</Name>
      <DisplayName>WO_TDG_main.js</DisplayName>
      <WebResourceType>3</WebResourceType>
      <IntroducedVersion>1.0.0.1</IntroducedVersion>
      <IsEnabledForMobileClient>0</IsEnabledForMobileClient>
      <IsAvailableForMobileOffline>0</IsAvailableForMobileOffline>
      <DependencyXml>&lt;Dependencies&gt;&lt;Dependency componentType="WebResource"/&gt;&lt;/Dependencies&gt;</DependencyXml>
      <IsCustomizable>1</IsCustomizable>
      <CanBeDeleted>1</CanBeDeleted>
      <IsHidden>0</IsHidden>
      <FileName>/WebResources/qm_WO_TDG_mainjsC974A579-7B5B-EB11-A812-000D3A84DB40</FileName>
    </WebResource>
  </WebResources>
  <CustomControls />
  <EntityDataProviders />
  <Languages>
    <Language>1033</Language>
    <Language>1036</Language>
  </Languages>
</ImportExportXml>