{"properties":{"connectionReferences":{"shared_commondataserviceforapps":{"runtimeSource":"embedded","connection":{"connectionReferenceLogicalName":"ovs_sharedcommondataserviceforapps_463ed"},"api":{"name":"shared_commondataserviceforapps"}}},"definition":{"$schema":"https://schema.management.azure.com/providers/Microsoft.Logic/schemas/2016-06-01/workflowdefinition.json#","contentVersion":"1.0.0.0","parameters":{"$connections":{"defaultValue":{},"type":"Object"},"$authentication":{"defaultValue":{},"type":"SecureObject"}},"triggers":{"manual":{"type":"Request","kind":"Button","inputs":{"schema":{"type":"object","properties":{"text":{"title":"WO_ID","type":"string","x-ms-dynamically-added":true,"description":"Please enter your input","x-ms-content-hint":"TEXT"},"boolean":{"title":"isFrench","type":"boolean","x-ms-dynamically-added":true,"description":"Please select yes or no","x-ms-content-hint":"BOOLEAN"},"boolean_2":{"title":"isViolations","type":"boolean","x-ms-dynamically-added":true,"description":"Please select yes or no","x-ms-content-hint":"BOOLEAN"},"text_1":{"title":"Site Name","type":"string","x-ms-dynamically-added":true,"description":"Please enter your input","x-ms-content-hint":"TEXT"},"text_2":{"title":"Site Address","type":"string","x-ms-dynamically-added":true,"description":"Please enter your input","x-ms-content-hint":"TEXT"},"text_3":{"title":"Site Location Address","type":"string","x-ms-dynamically-added":true,"description":"Please enter your input","x-ms-content-hint":"TEXT"},"text_4":{"title":"Location Latitude","type":"string","x-ms-dynamically-added":true,"description":"Please enter your input","x-ms-content-hint":"TEXT"},"text_5":{"title":"Location Longitude","type":"string","x-ms-dynamically-added":true,"description":"Please enter your input","x-ms-content-hint":"TEXT"},"text_6":{"title":"WO Number","type":"string","x-ms-dynamically-added":true,"description":"Please enter your input","x-ms-content-hint":"TEXT"},"text_7":{"title":"Inspection Date","type":"string","x-ms-dynamically-added":true,"description":"Please enter your input","x-ms-content-hint":"TEXT"},"text_8":{"title":"PrmContact Name","type":"string","x-ms-dynamically-added":true,"description":"Please enter your input","x-ms-content-hint":"TEXT"},"text_9":{"title":"PrmContact Phone","type":"string","x-ms-dynamically-added":true,"description":"Please enter your input","x-ms-content-hint":"TEXT"},"text_10":{"title":"General Coments","type":"string","x-ms-dynamically-added":true,"description":"Please enter your input","x-ms-content-hint":"TEXT"},"text_11":{"title":"PrmContact Job Title","type":"string","x-ms-dynamically-added":true,"description":"Please enter your input","x-ms-content-hint":"TEXT"},"email":{"title":"PrmContact Email","type":"string","format":"email","x-ms-dynamically-added":true,"description":"Please enter an e-mail address","x-ms-content-hint":"EMAIL"},"text_12":{"title":"PrmInspector Name","type":"string","x-ms-dynamically-added":true,"description":"Please enter your input","x-ms-content-hint":"TEXT"},"text_13":{"title":"PrmInspector RIN","type":"string","x-ms-dynamically-added":true,"description":"Please enter your input","x-ms-content-hint":"TEXT"},"text_14":{"title":"PrmInspector Badge","type":"string","x-ms-dynamically-added":true,"description":"Please enter your input","x-ms-content-hint":"TEXT"},"text_15":{"title":"PrmInspector Phone","type":"string","x-ms-dynamically-added":true,"description":"Please enter your input","x-ms-content-hint":"TEXT"},"email_1":{"title":"PrmInspector Email","type":"string","format":"email","x-ms-dynamically-added":true,"description":"Please enter an e-mail address","x-ms-content-hint":"EMAIL"}},"required":["text","boolean","boolean_2","text_1","text_2","text_3","text_4","text_5","text_6","text_7","text_8","text_9","text_10","text_11","email","text_12","text_13","text_14","text_15","email_1"]}}}},"actions":{"Respond_to_a_PowerApp_or_flow":{"runAfter":{"Report_with_Violations":["Succeeded"]},"type":"Response","kind":"PowerApp","inputs":{"statusCode":200,"body":{},"schema":{"type":"object","properties":{"worddoc":{"title":"WordDoc","x-ms-dynamically-added":true,"type":"string","format":"byte"}}}}},"Report_with_Violations":{"actions":{"Get_Violations(Results)":{"runAfter":{},"type":"OpenApiConnection","inputs":{"host":{"connectionName":"shared_commondataserviceforapps","operationId":"ListRecords","apiId":"/providers/Microsoft.PowerApps/apis/shared_commondataserviceforapps"},"parameters":{"entityName":"qm_syresults","$filter":"(_qm_rclegislationid_value ne null and statuscode eq 1 and _qm_workorderid_value eq @{triggerBody()['text']}) and (qm_rclegislationId/qm_rclegislationid ne null)","$expand":"qm_rclegislationId($select=qm_legislationftxt,qm_legislationetxt,qm_legislationlbl)"},"authentication":{"type":"Raw","value":"@json(decodeBase64(triggerOutputs().headers['X-MS-APIM-Tokens']))['$ConnectionKey']"}}},"Loop_Violations":{"foreach":"@outputs('Get_Violations(Results)')?['body/value']","actions":{"Append_to_array_variable":{"runAfter":{},"type":"AppendToArrayVariable","inputs":{"name":"violations","value":{"Label":"@{items('Loop_Violations')?['qm_rclegislationid/qm_legislationlbl']}","LegislativeText":"@{items('Loop_Violations')?['qm_rclegislationid/qm_legislationetxt']}","Count":"@{items('Loop_Violations')?['qm_violationcount']}","ExtComments":"@{items('Loop_Violations')?['qm_externalcomments']}"}}}},"runAfter":{"Get_Violations(Results)":["Succeeded"]},"type":"Foreach"}},"runAfter":{"Violations":["Succeeded"]},"expression":{"equals":["@triggerBody()['boolean_2']","@true"]},"type":"If"},"Violations":{"runAfter":{},"type":"InitializeVariable","inputs":{"variables":[{"name":"violations","type":"array"}]}}},"outputs":{}}},"schemaVersion":"1.0.0.0"}