{"properties":{"connectionReferences":{"shared_commondataservice":{"runtimeSource":"invoker","connection":{},"api":{"name":"shared_commondataservice"}},"shared_sharepointonline":{"runtimeSource":"embedded","connection":{},"api":{"name":"shared_sharepointonline"}},"shared_wordonlinebusiness":{"runtimeSource":"embedded","connection":{},"api":{"name":"shared_wordonlinebusiness"}},"shared_commondataserviceforapps":{"runtimeSource":"embedded","connection":{},"api":{"name":"shared_commondataserviceforapps"}}},"definition":{"$schema":"https://schema.management.azure.com/providers/Microsoft.Logic/schemas/2016-06-01/workflowdefinition.json#","contentVersion":"1.0.0.0","parameters":{"$connections":{"defaultValue":{},"type":"Object"},"$authentication":{"defaultValue":{},"type":"SecureObject"},"dynamicscrmonline.organizationName":{"defaultValue":"","type":"String"},"dynamicscrmonline.entityName":{"defaultValue":"","type":"String"}},"triggers":{"manual":{"splitOn":"@triggerBody()['rows']","type":"Request","kind":"ApiConnection","inputs":{"schema":{"type":"object","properties":{"rows":{"type":"array","items":{"type":"object","properties":{"entity":{"type":"object","properties":{"msdyn_workorderid":{"title":"WO Number","type":"string","format":"guid"}},"required":["msdyn_workorderid"]}},"required":["entity"]}}},"required":["rows"]},"host":{"connection":{"name":"@parameters('$connections')['shared_commondataservice']['connectionId']"}},"operationId":"GetOnNewItems_V2","parameters":{"dataset":"default.cds","table":"msdyn_workorders"}}}},"actions":{"Get_file_content":{"runAfter":{"Apply_to_each":["Succeeded"]},"metadata":{"%252fShared%2bDocuments%252fGeneral%252fIIS%2bReports%252fFoxPro%2bVersion%2bof%2bIIS%2bCompleted%2bRail%2bReport%2b-%2bRDIMS-%25237082637-v1-50030-2011-07-20-CANADIAN_NATIONAL_RAILWAY-COMPLIANCE_INSPECTION.pdf":"/Shared Documents/General/IIS Reports/FoxPro Version of IIS Completed Rail Report - RDIMS-#7082637-v1-50030-2011-07-20-CANADIAN_NATIONAL_RAILWAY-COMPLIANCE_INSPECTION.pdf","%252fShared%2bDocuments%252fInspection%2bReport%2bTemplates%252fSA_NOTICE_OF_DIRECTION.doc":"/Shared Documents/Inspection Report Templates/SA_NOTICE_OF_DIRECTION.doc","%252fShared%2bDocuments%252fInspection%2bReport%2bTemplates%252fSA_NOTICE_OF_DIRECTION.docx":"/Shared Documents/Inspection Report Templates/SA_NOTICE_OF_DIRECTION.docx","%252fShared%2bDocuments%252fInspection%2bReport%2bTemplates%252fSA_NOTICE_OF_DIRECTION_REVISED.docx":"/Shared Documents/Inspection Report Templates/SA_NOTICE_OF_DIRECTION_REVISED.docx"},"type":"OpenApiConnection","inputs":{"host":{"connectionName":"shared_sharepointonline","operationId":"GetFileContent","apiId":"/providers/Microsoft.PowerApps/apis/shared_sharepointonline"},"parameters":{"dataset":"https://034gc.sharepoint.com/sites/SamuraiTeam","id":"%252fShared%2bDocuments%252fInspection%2bReport%2bTemplates%252fSA_NOTICE_OF_DIRECTION_REVISED.docx","inferContentType":true},"authentication":{"type":"Raw","value":"@json(decodeBase64(triggerOutputs().headers['X-MS-APIM-Tokens']))['$ConnectionKey']"}}},"Create_file":{"runAfter":{"Populate_a_Microsoft_Word_template":["Succeeded"]},"type":"OpenApiConnection","inputs":{"host":{"connectionName":"shared_sharepointonline","operationId":"CreateFile","apiId":"/providers/Microsoft.PowerApps/apis/shared_sharepointonline"},"parameters":{"dataset":"https://034gc.sharepoint.com/sites/SamuraiTeam","folderPath":"/Shared Documents/Inspection Report Templates/Temp","name":"-NOTICE_OF_DIRECTION.DOCX","body":"@base64(outputs('Populate_a_Microsoft_Word_template')?['body'])"},"authentication":{"type":"Raw","value":"@json(decodeBase64(triggerOutputs().headers['X-MS-APIM-Tokens']))['$ConnectionKey']"}},"runtimeConfiguration":{"contentTransfer":{"transferMode":"Chunked"}}},"Convert_Word_Document_to_PDF":{"runAfter":{"Create_file":["Succeeded"]},"type":"OpenApiConnection","inputs":{"host":{"connectionName":"shared_wordonlinebusiness","operationId":"GetFilePDF","apiId":"/providers/Microsoft.PowerApps/apis/shared_wordonlinebusiness"},"parameters":{"source":"sites/034gc.sharepoint.com,140da73b-4423-4443-a812-e623d6d857c4,f2a2589e-2eec-4642-9280-443640f88211","drive":"b!O6cNFCNEQ0SoEuYj1thXxJ5YovLsLkJGkoBENkD4ghHOwr7dpePzS7BlI7DR0NOV","file":"/Inspection Report Templates/Temp/@{outputs('Create_file')?['body/Name']}"},"authentication":{"type":"Raw","value":"@json(decodeBase64(triggerOutputs().headers['X-MS-APIM-Tokens']))['$ConnectionKey']"}}},"Delete_file":{"runAfter":{"Create_Note_on_Enforcement_Action":["Succeeded"]},"type":"OpenApiConnection","inputs":{"host":{"connectionName":"shared_sharepointonline","operationId":"DeleteFile","apiId":"/providers/Microsoft.PowerApps/apis/shared_sharepointonline"},"parameters":{"dataset":"https://034gc.sharepoint.com/sites/SamuraiTeam","id":"@outputs('Create_file')?['body/Id']"},"authentication":{"type":"Raw","value":"@json(decodeBase64(triggerOutputs().headers['X-MS-APIM-Tokens']))['$ConnectionKey']"}}},"Populate_a_Microsoft_Word_template":{"runAfter":{"Get_file_content":["Succeeded"]},"metadata":{"01QZYBJ7D7WBS5TYFRDBFJATRQHL6XCCML":"/Inspection Report Templates/SA_NOTICE_OF_DIRECTION.docx","01QZYBJ7DTQ2GUAAHEAJAITVFVVFDUTBGI":"/Inspection Report Templates/SA_NOTICE_OF_DIRECTION.docx","01QZYBJ7GFZLBSXRBVQNBKOGXWPX5RXECQ":"/Inspection Report Templates/SA_NOTICE_OF_DIRECTION.docx","01QZYBJ7F4ZXWRC5UCRBDIFFIY2UL4GH62":"/Inspection Report Templates/SA_NOTICE_OF_DIRECTION.docx","01QZYBJ7ERBOETFHDABRDZ2B7MGMOC6OSB":"/Inspection Report Templates/SA_NOTICE_OF_DIRECTION.docx","01QZYBJ7BNM2HRCH43WVHISSOI37TPHJG6":"/Inspection Report Templates/SA_NOTICE_OF_DIRECTION_REVISED.docx"},"type":"OpenApiConnection","inputs":{"host":{"connectionName":"shared_wordonlinebusiness","operationId":"CreateFileItem","apiId":"/providers/Microsoft.PowerApps/apis/shared_wordonlinebusiness"},"parameters":{"source":"sites/034gc.sharepoint.com,140da73b-4423-4443-a812-e623d6d857c4,f2a2589e-2eec-4642-9280-443640f88211","drive":"b!O6cNFCNEQ0SoEuYj1thXxJ5YovLsLkJGkoBENkD4ghHOwr7dpePzS7BlI7DR0NOV","file":"01QZYBJ7BNM2HRCH43WVHISSOI37TPHJG6","dynamicFileSchema/220326055":"Luc Belaire","dynamicFileSchema/690186090":"@outputs('Get_Inspector_Details')?['body/ovs_badgenumber']","dynamicFileSchema/878509874":"@outputs('Get_Inspector_Details')?['body/userid/title']","dynamicFileSchema/1134297212":"@outputs('Get_Inspector_Details')?['body/name']","dynamicFileSchema/1134680296":"@formatDateTime(utcNow(),'dd MMM yyyy')","dynamicFileSchema/1171604637":"@outputs('Get_Inspector_Details')?['body/userid/address1_fax']","dynamicFileSchema/1227957053":"@outputs('Get_Inspector_Details')?['body/name']","dynamicFileSchema/1266800073":"@outputs('Get_Work_Order_Details')?['body/msdyn_postalcode']","dynamicFileSchema/1406105932":"@formatDateTime(utcNow(),'HH:mm:ss')","dynamicFileSchema/1566602880":"@outputs('Get_Inspector_Details')?['body/ovs_registeredinspectornumberrin']","dynamicFileSchema/1575320369":"@outputs('Get_Inspector_Details')?['body/ovs_badgenumber']","dynamicFileSchema/1895389775":"@outputs('Get_Work_Order_Details')?['body/msdyn_serviceaccount/_primarycontactid_value@OData.Community.Display.V1.FormattedValue']","dynamicFileSchema/-1395809158":"@outputs('Get_Work_Order_Details')?['body/msdyn_serviceaccount/name']","dynamicFileSchema/-745960806":"@outputs('Get_Work_Order_Details')?['body/msdyn_serviceaccount/address1_composite']","dynamicFileSchema/-1713186279":"@outputs('Get_Work_Order_Details')?['body/msdyn_serviceaccount/emailaddress1']","dynamicFileSchema/-183747007":"@outputs('Get_Work_Order_Details')?['body/msdyn_serviceaccount/telephone1']","dynamicFileSchema/-1755352695":"@outputs('Get_Work_Order_Details')?['body/msdyn_serviceaccount/fax']","dynamicFileSchema/-761756268":"@outputs('Get_Inspector_Details')?['body/userid/title']","dynamicFileSchema/-502672078":"@outputs('Get_Inspector_Details')?['body/userid/address1_composite']","dynamicFileSchema/-848561687":"@outputs('Get_Inspector_Details')?['body/userid/internalemailaddress']","dynamicFileSchema/-959952000":"@outputs('Get_Inspector_Details')?['body/userid/address1_postalcode']","dynamicFileSchema/-935824125":"@outputs('Get_Inspector_Details')?['body/userid/address1_telephone1']","dynamicFileSchema/-1208326396":"Chief Of Enforcement","dynamicFileSchema/-658463494":"@variables('ViolationsArray')","dynamicFileSchema/-43916254":"@outputs('Get_Inspector_Details')?['body/ovs_registeredinspectornumberrin']"},"authentication":{"type":"Raw","value":"@json(decodeBase64(triggerOutputs().headers['X-MS-APIM-Tokens']))['$ConnectionKey']"}}},"Get_Inspector_Details":{"runAfter":{"Get_Work_Order_Details":["Succeeded"]},"type":"OpenApiConnection","inputs":{"host":{"connectionName":"shared_commondataserviceforapps","operationId":"GetItem","apiId":"/providers/Microsoft.PowerApps/apis/shared_commondataserviceforapps"},"parameters":{"entityName":"bookableresources","recordId":"@outputs('Get_Work_Order_Details')?['body/_ovs_primaryinspector_value']","$expand":"UserId($select=internalemailaddress,address1_composite,address2_telephone1,address1_telephone1,address1_postalcode,address1_fax,title)"},"authentication":{"type":"Raw","value":"@json(decodeBase64(triggerOutputs().headers['X-MS-APIM-Tokens']))['$ConnectionKey']"}}},"Create_Enforcement_Action":{"runAfter":{"Convert_Word_Document_to_PDF":["Succeeded"]},"type":"OpenApiConnection","inputs":{"host":{"connectionName":"shared_commondataserviceforapps","operationId":"CreateRecord","apiId":"/providers/Microsoft.PowerApps/apis/shared_commondataserviceforapps"},"parameters":{"entityName":"ovs_cyactions","item/ovs_actionnumber":"1","item/subject":"@{outputs('Get_Work_Order_Details')?['body/msdyn_name']} - Notice of Direction To Remedy Non-Compliance","item/regardingobjectid_msdyn_workorder_ovs_cyaction@odata.bind":"/msdyn_workorders/@{triggerBody()?['entity']?['msdyn_workorderid']}","item/ovs_actiontype":918640001},"authentication":{"type":"Raw","value":"@json(decodeBase64(triggerOutputs().headers['X-MS-APIM-Tokens']))['$ConnectionKey']"}}},"Create_Note_on_Enforcement_Action":{"runAfter":{"Create_Enforcement_Action":["Succeeded"]},"type":"OpenApiConnection","inputs":{"host":{"connectionName":"shared_commondataserviceforapps","operationId":"CreateRecord","apiId":"/providers/Microsoft.PowerApps/apis/shared_commondataserviceforapps"},"parameters":{"entityName":"annotations","item/subject":"Notice Of Direction To Remedy Non-Compliance","item/isdocument":true,"item/documentbody":"@base64(outputs('Convert_Word_Document_to_PDF')?['body'])","item/filename":"NOTICE OF DIRECTION TO REMEDY NON-COMPLIANCE.pdf","item/objectid_ovs_cyaction@odata.bind":"/ovs_cyactions/@{outputs('Create_Enforcement_Action')?['body/activityid']}"},"authentication":{"type":"Raw","value":"@json(decodeBase64(triggerOutputs().headers['X-MS-APIM-Tokens']))['$ConnectionKey']"}}},"Get_Work_Order_Details":{"runAfter":{"Initialize_variable":["Succeeded"]},"type":"OpenApiConnection","inputs":{"host":{"connectionName":"shared_commondataserviceforapps","operationId":"GetItem","apiId":"/providers/Microsoft.PowerApps/apis/shared_commondataserviceforapps"},"parameters":{"entityName":"msdyn_workorders","recordId":"@triggerBody()?['entity']?['msdyn_workorderid']","$expand":"msdyn_serviceaccount($select=name,emailaddress1,telephone1,_primarycontactid_value,fax,address1_composite;$expand=primarycontactid($select=fullname))"},"authentication":{"type":"Raw","value":"@json(decodeBase64(triggerOutputs().headers['X-MS-APIM-Tokens']))['$ConnectionKey']"}}},"Get_List_of_Violations":{"runAfter":{"Get_Inspector_Details":["Succeeded"]},"type":"OpenApiConnection","inputs":{"host":{"connectionName":"shared_commondataserviceforapps","operationId":"ListRecords","apiId":"/providers/Microsoft.PowerApps/apis/shared_commondataserviceforapps"},"parameters":{"entityName":"qm_syresults","$select":"qm_violationcount,qm_externalcomments","$filter":"_qm_workorderid_value eq '@{outputs('Get_Work_Order_Details')?['body/msdyn_workorderid']}'","$expand":"qm_rclegislationId($select=qm_name)"},"authentication":{"type":"Raw","value":"@json(decodeBase64(triggerOutputs().headers['X-MS-APIM-Tokens']))['$ConnectionKey']"}}},"Apply_to_each":{"foreach":"@outputs('Get_List_of_Violations')?['body/value']","actions":{"Append_to_array_variable":{"runAfter":{},"type":"AppendToArrayVariable","inputs":{"name":"ViolationsArray","value":{"ViolationName":"@items('Apply_to_each')?['qm_rclegislationid/qm_name']","ViolationCount":"@items('Apply_to_each')?['qm_violationcount']","ExternalComment":"@items('Apply_to_each')?['qm_externalcomments']"}}}},"runAfter":{"Get_List_of_Violations":["Succeeded"]},"type":"Foreach"},"Initialize_variable":{"runAfter":{},"type":"InitializeVariable","inputs":{"variables":[{"name":"ViolationsArray","type":"array"}]}}}}},"schemaVersion":"1.0.0.0"}