<ImportExportXml version="9.2.23101.182" SolutionPackageVersion="9.2" languagecode="1033" generatedBy="CrmLive" xmlns:xsi="http://www.w3.org/2001/XMLSchema-instance">
  <SolutionManifest>
    <UniqueName>TC_GlobalCore_Patch_fea3a99d</UniqueName>
    <LocalizedNames>
      <LocalizedName description="TDG Core Schema" languagecode="1033" />
    </LocalizedNames>
    <Descriptions>
      <Description description="Patch for TDG Core Schema" languagecode="1033" />
    </Descriptions>
    <ParentUniqueName>TC_GlobalCore</ParentUniqueName>
    <Version>1.156.5.0</Version>
    <Managed>1</Managed>
    <Publisher>
      <UniqueName>oversightpublisher</UniqueName>
      <LocalizedNames>
        <LocalizedName description="Oversight" languagecode="1033" />
      </LocalizedNames>
      <Descriptions>
        <Description description="This is the common solution for AvSec Inspection and TDG Inspection." languagecode="1033" />
      </Descriptions>
      <EMailAddress xsi:nil="true"></EMailAddress>
      <SupportingWebsiteUrl xsi:nil="true"></SupportingWebsiteUrl>
      <CustomizationPrefix>ovs</CustomizationPrefix>
      <CustomizationOptionValuePrefix>91864</CustomizationOptionValuePrefix>
      <Addresses>
        <Address>
          <AddressNumber>1</AddressNumber>
          <AddressTypeCode>1</AddressTypeCode>
          <City xsi:nil="true"></City>
          <County xsi:nil="true"></County>
          <Country xsi:nil="true"></Country>
          <Fax xsi:nil="true"></Fax>
          <FreightTermsCode xsi:nil="true"></FreightTermsCode>
          <ImportSequenceNumber xsi:nil="true"></ImportSequenceNumber>
          <Latitude xsi:nil="true"></Latitude>
          <Line1 xsi:nil="true"></Line1>
          <Line2 xsi:nil="true"></Line2>
          <Line3 xsi:nil="true"></Line3>
          <Longitude xsi:nil="true"></Longitude>
          <Name xsi:nil="true"></Name>
          <PostalCode xsi:nil="true"></PostalCode>
          <PostOfficeBox xsi:nil="true"></PostOfficeBox>
          <PrimaryContactName xsi:nil="true"></PrimaryContactName>
          <ShippingMethodCode>1</ShippingMethodCode>
          <StateOrProvince xsi:nil="true"></StateOrProvince>
          <Telephone1 xsi:nil="true"></Telephone1>
          <Telephone2 xsi:nil="true"></Telephone2>
          <Telephone3 xsi:nil="true"></Telephone3>
          <TimeZoneRuleVersionNumber xsi:nil="true"></TimeZoneRuleVersionNumber>
          <UPSZone xsi:nil="true"></UPSZone>
          <UTCOffset xsi:nil="true"></UTCOffset>
          <UTCConversionTimeZoneCode xsi:nil="true"></UTCConversionTimeZoneCode>
        </Address>
        <Address>
          <AddressNumber>2</AddressNumber>
          <AddressTypeCode>1</AddressTypeCode>
          <City xsi:nil="true"></City>
          <County xsi:nil="true"></County>
          <Country xsi:nil="true"></Country>
          <Fax xsi:nil="true"></Fax>
          <FreightTermsCode xsi:nil="true"></FreightTermsCode>
          <ImportSequenceNumber xsi:nil="true"></ImportSequenceNumber>
          <Latitude xsi:nil="true"></Latitude>
          <Line1 xsi:nil="true"></Line1>
          <Line2 xsi:nil="true"></Line2>
          <Line3 xsi:nil="true"></Line3>
          <Longitude xsi:nil="true"></Longitude>
          <Name xsi:nil="true"></Name>
          <PostalCode xsi:nil="true"></PostalCode>
          <PostOfficeBox xsi:nil="true"></PostOfficeBox>
          <PrimaryContactName xsi:nil="true"></PrimaryContactName>
          <ShippingMethodCode>1</ShippingMethodCode>
          <StateOrProvince xsi:nil="true"></StateOrProvince>
          <Telephone1 xsi:nil="true"></Telephone1>
          <Telephone2 xsi:nil="true"></Telephone2>
          <Telephone3 xsi:nil="true"></Telephone3>
          <TimeZoneRuleVersionNumber xsi:nil="true"></TimeZoneRuleVersionNumber>
          <UPSZone xsi:nil="true"></UPSZone>
          <UTCOffset xsi:nil="true"></UTCOffset>
          <UTCConversionTimeZoneCode xsi:nil="true"></UTCConversionTimeZoneCode>
        </Address>
      </Addresses>
    </Publisher>
    <RootComponents>
      <RootComponent type="1" schemaName="fdr_servicerequestfunction" behavior="1" />
      <RootComponent type="20" id="{51cb2f5b-c7ae-ec11-983e-000d3a84adbc}" behavior="0" />
      <RootComponent type="61" schemaName="fdr_SRFunction_FDR_main.js" behavior="0" />
    </RootComponents>
    <MissingDependencies>
      <MissingDependency>
        <Required type="1" schemaName="fdr_certification" displayName="FDR Certification" solution="Active" />
        <Dependent type="60" displayName="SRF Main CRM form" parentDisplayName="Function" id="{ed1cc66c-4c5e-49aa-86f3-125152919325}" />
      </MissingDependency>
      <MissingDependency>
        <Required type="1" schemaName="fdr_design" displayName="Design" solution="Active" />
        <Dependent type="60" displayName="SRF Main CRM form" parentDisplayName="Function" id="{ed1cc66c-4c5e-49aa-86f3-125152919325}" />
      </MissingDependency>
      <MissingDependency>
        <Required type="1" schemaName="fdr_functionlimitation" displayName="Function Limitation" solution="Active" />
        <Dependent type="60" displayName="SRF Main CRM form" parentDisplayName="Function" id="{ed1cc66c-4c5e-49aa-86f3-125152919325}" />
      </MissingDependency>
      <MissingDependency>
        <Required type="1" schemaName="fdr_servicerequestfunction" displayName="Function" solution="Active" />
        <Dependent type="1" schemaName="fdr_servicerequestfunction" displayName="Function" />
      </MissingDependency>
      <MissingDependency>
        <Required type="1" schemaName="fdr_specification" displayName="Specification" solution="Active" />
        <Dependent type="60" displayName="SRF Main CRM form" parentDisplayName="Function" id="{ed1cc66c-4c5e-49aa-86f3-125152919325}" />
      </MissingDependency>
      <MissingDependency>
        <Required type="1" schemaName="ovs_mocregistration" displayName="Operation" solution="Active" />
        <Dependent type="60" displayName="SRF Main CRM form" parentDisplayName="Function" id="{ed1cc66c-4c5e-49aa-86f3-125152919325}" />
      </MissingDependency>
      <MissingDependency>
        <Required type="10" schemaName="fdr_ServiceRequestFunction_Certification" displayName="fdr_ServiceRequestFunction_Certification" parentSchemaName="fdr_certification" parentDisplayName="FDR Certification" solution="Active" />
        <Dependent type="60" displayName="SRF Main CRM form" parentDisplayName="Function" id="{ed1cc66c-4c5e-49aa-86f3-125152919325}" />
      </MissingDependency>
      <MissingDependency>
        <Required type="10" schemaName="fdr_ServiceRequestFunction_ContainerFunct" displayName="fdr_ServiceRequestFunction_ContainerFunct" parentSchemaName="fdr_containerfunction" parentDisplayName="Container Function" solution="Active" />
        <Dependent type="60" displayName="SRF Main CRM form" parentDisplayName="Function" id="{ed1cc66c-4c5e-49aa-86f3-125152919325}" />
      </MissingDependency>
      <MissingDependency>
        <Required type="10" schemaName="fdr_ServiceRequestFunction_ServiceRequest" displayName="fdr_ServiceRequestFunction_ServiceRequest" parentSchemaName="fdr_servicerequest" parentDisplayName="Service Request" solution="Active" />
        <Dependent type="60" displayName="SRF Main CRM form" parentDisplayName="Function" id="{ed1cc66c-4c5e-49aa-86f3-125152919325}" />
      </MissingDependency>
      <MissingDependency>
        <Required type="10" schemaName="fdr_Design_ServiceRequestFunction" displayName="fdr_Design_ServiceRequestFunction" parentSchemaName="fdr_servicerequestfunction" parentDisplayName="Function" solution="Active" />
        <Dependent type="60" displayName="SRF Main CRM form" parentDisplayName="Function" id="{ed1cc66c-4c5e-49aa-86f3-125152919325}" />
      </MissingDependency>
      <MissingDependency>
        <Required type="10" schemaName="fdr_fdr_servicerequestfunction_fdr_functionlimitation_servicerequestfunction" displayName="fdr_fdr_servicerequestfunction_fdr_functionlimitation_servicerequestfunction" parentSchemaName="fdr_servicerequestfunction" parentDisplayName="Function" solution="Active" />
        <Dependent type="60" displayName="SRF Main CRM form" parentDisplayName="Function" id="{ed1cc66c-4c5e-49aa-86f3-125152919325}" />
      </MissingDependency>
      <MissingDependency>
        <Required type="10" schemaName="fdr_fdr_servicerequestfunction_ovs_mocregistr" displayName="fdr_fdr_servicerequestfunction_ovs_mocregistr" parentSchemaName="fdr_servicerequestfunction" parentDisplayName="Function" solution="Active" />
        <Dependent type="60" displayName="SRF Main CRM form" parentDisplayName="Function" id="{ed1cc66c-4c5e-49aa-86f3-125152919325}" />
      </MissingDependency>
      <MissingDependency>
        <Required type="10" schemaName="fdr_ServiceRequestFunction_Specification" displayName="fdr_ServiceRequestFunction_Specification" parentSchemaName="fdr_specification" parentDisplayName="Specification" solution="Active" />
        <Dependent type="60" displayName="SRF Main CRM form" parentDisplayName="Function" id="{ed1cc66c-4c5e-49aa-86f3-125152919325}" />
      </MissingDependency>
      <MissingDependency>
        <Required type="2" schemaName="createdon" displayName="Created On" parentSchemaName="fdr_servicerequestfunction" parentDisplayName="Function" solution="Active" />
        <Dependent type="60" displayName="SRF Main CRM form" parentDisplayName="Function" id="{ed1cc66c-4c5e-49aa-86f3-125152919325}" />
      </MissingDependency>
      <MissingDependency>
        <Required type="2" schemaName="fdr_certificateexpirydate" displayName="EC Expiry Date" parentSchemaName="fdr_servicerequestfunction" parentDisplayName="Function" solution="Active" />
        <Dependent type="60" displayName="SRF Main CRM form" parentDisplayName="Function" id="{ed1cc66c-4c5e-49aa-86f3-125152919325}" />
      </MissingDependency>
      <MissingDependency>
        <Required type="2" schemaName="fdr_certificatenumber" displayName="EC Number" parentSchemaName="fdr_servicerequestfunction" parentDisplayName="Function" solution="Active" />
        <Dependent type="60" displayName="SRF Main CRM form" parentDisplayName="Function" id="{ed1cc66c-4c5e-49aa-86f3-125152919325}" />
      </MissingDependency>
      <MissingDependency>
        <Required type="2" schemaName="fdr_containerfunction" displayName="Container Function" parentSchemaName="fdr_servicerequestfunction" parentDisplayName="Function" solution="Active" />
        <Dependent type="60" displayName="SRF Main CRM form" parentDisplayName="Function" id="{ed1cc66c-4c5e-49aa-86f3-125152919325}" />
      </MissingDependency>
      <MissingDependency>
        <Required type="2" schemaName="fdr_limitations" displayName="Limitations" parentSchemaName="fdr_servicerequestfunction" parentDisplayName="Function" solution="Active" />
        <Dependent type="60" displayName="SRF Main CRM form" parentDisplayName="Function" id="{ed1cc66c-4c5e-49aa-86f3-125152919325}" />
      </MissingDependency>
      <MissingDependency>
        <Required type="2" schemaName="fdr_name" displayName="Name" parentSchemaName="fdr_servicerequestfunction" parentDisplayName="Function" solution="Active" />
        <Dependent type="60" displayName="SRF Main CRM form" parentDisplayName="Function" id="{ed1cc66c-4c5e-49aa-86f3-125152919325}" />
      </MissingDependency>
      <MissingDependency>
        <Required type="2" schemaName="fdr_servicerequest" displayName="Service Request" parentSchemaName="fdr_servicerequestfunction" parentDisplayName="Function" solution="Active" />
        <Dependent type="60" displayName="SRF Main CRM form" parentDisplayName="Function" id="{ed1cc66c-4c5e-49aa-86f3-125152919325}" />
      </MissingDependency>
      <MissingDependency>
        <Required type="2" schemaName="fdr_specifications" displayName="Specifications" parentSchemaName="fdr_servicerequestfunction" parentDisplayName="Function" solution="Active" />
        <Dependent type="60" displayName="SRF Main CRM form" parentDisplayName="Function" id="{ed1cc66c-4c5e-49aa-86f3-125152919325}" />
      </MissingDependency>
      <MissingDependency>
        <Required type="2" schemaName="fdr_supportsdesignregistration" displayName="Supports Design Registration" parentSchemaName="fdr_servicerequestfunction" parentDisplayName="Function" solution="Active" />
        <Dependent type="60" displayName="SRF Main CRM form" parentDisplayName="Function" id="{ed1cc66c-4c5e-49aa-86f3-125152919325}" />
      </MissingDependency>
      <MissingDependency>
        <Required type="2" schemaName="modifiedon" displayName="Modified On" parentSchemaName="fdr_servicerequestfunction" parentDisplayName="Function" solution="Active" />
        <Dependent type="60" displayName="SRF Main CRM form" parentDisplayName="Function" id="{ed1cc66c-4c5e-49aa-86f3-125152919325}" />
      </MissingDependency>
      <MissingDependency>
        <Required type="2" schemaName="ownerid" displayName="Owner" parentSchemaName="fdr_servicerequestfunction" parentDisplayName="Function" solution="Active" />
        <Dependent type="60" displayName="SRF Main CRM form" parentDisplayName="Function" id="{ed1cc66c-4c5e-49aa-86f3-125152919325}" />
      </MissingDependency>
      <MissingDependency>
        <Required type="2" schemaName="statecode" displayName="Status" parentSchemaName="fdr_servicerequestfunction" parentDisplayName="Function" solution="Active" />
        <Dependent type="60" displayName="SRF Main CRM form" parentDisplayName="Function" id="{ed1cc66c-4c5e-49aa-86f3-125152919325}" />
      </MissingDependency>
      <MissingDependency>
        <Required type="2" schemaName="statuscode" displayName="Status Reason" parentSchemaName="fdr_servicerequestfunction" parentDisplayName="Function" solution="Active" />
        <Dependent type="60" displayName="SRF Main CRM form" parentDisplayName="Function" id="{ed1cc66c-4c5e-49aa-86f3-125152919325}" />
      </MissingDependency>
      <MissingDependency>
        <Required type="26" schemaName="FDR - Active Authorized Locations" displayName="FDR - Active Authorized Locations" parentSchemaName="ovs_mocregistration" parentDisplayName="Operation" solution="Active" id="{00d793a4-1f0d-ed11-b83d-000d3a84cfdd}" />
        <Dependent type="60" displayName="SRF Main CRM form" parentDisplayName="Function" id="{ed1cc66c-4c5e-49aa-86f3-125152919325}" />
      </MissingDependency>
      <MissingDependency>
        <Required type="26" schemaName="Designs" displayName="Designs" parentSchemaName="fdr_design" parentDisplayName="Design" solution="Active" id="{33b1a6a6-03a7-41a6-aae7-7e39f6f62da2}" />
        <Dependent type="60" displayName="SRF Main CRM form" parentDisplayName="Function" id="{ed1cc66c-4c5e-49aa-86f3-125152919325}" />
      </MissingDependency>
      <MissingDependency>
        <Required type="26" schemaName="Active Certifications" displayName="Active Certifications" parentSchemaName="fdr_certification" parentDisplayName="FDR Certification" solution="Active" id="{63b55734-a2ba-484b-9e95-ee49df54b1ec}" />
        <Dependent type="60" displayName="SRF Main CRM form" parentDisplayName="Function" id="{ed1cc66c-4c5e-49aa-86f3-125152919325}" />
      </MissingDependency>
      <MissingDependency>
        <Required type="26" schemaName="Active Operations" displayName="Active Operations" parentSchemaName="ovs_mocregistration" parentDisplayName="Operation" solution="Active" id="{98c7fee1-1d9f-4226-89bb-26e6be7057f8}" />
        <Dependent type="60" displayName="SRF Main CRM form" parentDisplayName="Function" id="{ed1cc66c-4c5e-49aa-86f3-125152919325}" />
      </MissingDependency>
      <MissingDependency>
        <Required type="26" schemaName="Specifications" displayName="Specifications" parentSchemaName="fdr_specification" parentDisplayName="Specification" solution="Active" id="{a98731e3-2465-4443-8f21-0fbf658a726e}" />
        <Dependent type="60" displayName="SRF Main CRM form" parentDisplayName="Function" id="{ed1cc66c-4c5e-49aa-86f3-125152919325}" />
      </MissingDependency>
      <MissingDependency>
        <Required type="26" schemaName="FDR - Active Related Registrations" displayName="FDR - Active Related Registrations" parentSchemaName="ovs_mocregistration" parentDisplayName="Operation" solution="Active" id="{bb20c95b-1918-ed11-b83f-000d3a84cfdd}" />
        <Dependent type="60" displayName="SRF Main CRM form" parentDisplayName="Function" id="{ed1cc66c-4c5e-49aa-86f3-125152919325}" />
      </MissingDependency>
      <MissingDependency>
        <Required type="26" schemaName="Container Function Lookup View" displayName="Container Function Lookup View" parentSchemaName="fdr_containerfunction" parentDisplayName="Container Function" solution="Active" id="{c6bfb128-7fc1-4512-b5be-3e8b808ba15f}" />
        <Dependent type="60" displayName="SRF Main CRM form" parentDisplayName="Function" id="{ed1cc66c-4c5e-49aa-86f3-125152919325}" />
      </MissingDependency>
      <MissingDependency>
        <Required type="26" schemaName="Active Function Limitations" displayName="Active Function Limitations" parentSchemaName="fdr_functionlimitation" parentDisplayName="Function Limitation" solution="Active" id="{ec26a4f7-2290-4d5a-ba46-3c2799867b33}" />
        <Dependent type="60" displayName="SRF Main CRM form" parentDisplayName="Function" id="{ed1cc66c-4c5e-49aa-86f3-125152919325}" />
      </MissingDependency>
      <MissingDependency>
        <Required type="61" schemaName="qm_globalHelper.js" displayName="qm_globalHelper.js" solution="Active" />
        <Dependent type="60" displayName="SRF Main CRM form" parentDisplayName="Function" id="{ed1cc66c-4c5e-49aa-86f3-125152919325}" />
      </MissingDependency>
    </MissingDependencies>
  </SolutionManifest>
</ImportExportXml>