<ImportExportXml xmlns:xsi="http://www.w3.org/2001/XMLSchema-instance">
  <Entities></Entities>
  <Roles></Roles>
  <Workflows></Workflows>
  <FieldSecurityProfiles></FieldSecurityProfiles>
  <Templates />
  <EntityMaps />
  <EntityRelationships />
  <OrganizationSettings />
  <optionsets />
  <CustomControls />
  <SolutionPluginAssemblies>
    <PluginAssembly FullName="TC.PowerApps.Plugins, Version=1.0.0.0, Culture=neutral, PublicKeyToken=4b2d7e786232fae7" PluginAssemblyId="2df28fe0-0c70-44c3-b878-e6ffd33b4eb5" CustomizationLevel="1">
      <IsolationMode>2</IsolationMode>
      <SourceType>0</SourceType>
      <IntroducedVersion>1.0</IntroducedVersion>
      <FileName>/PluginAssemblies/TCPowerAppsPlugins-2DF28FE0-0C70-44C3-B878-E6FFD33B4EB5/TCPowerAppsPlugins.dll</FileName>
      <PluginTypes>
        <PluginType AssemblyQualifiedName="TC.PowerApps.Plugins.Entities.EnforcementAction.EnforcementAction_PostStateChange, TC.PowerApps.Plugins, Version=1.0.0.0, Culture=neutral, PublicKeyToken=4b2d7e786232fae7" PluginTypeId="97d1158f-50b5-48fd-a708-97607c5d97db" Name="TC.PowerApps.Plugins.Entities.EnforcementAction.EnforcementAction_PostStateChange">
          <FriendlyName>942be443-60bf-4702-83f4-ce1358f3660b</FriendlyName>
        </PluginType>
        <PluginType AssemblyQualifiedName="TC.PowerApps.Plugins.Entities.SafetyAssessment.SafetyAssessment_PostStateChange, TC.PowerApps.Plugins, Version=1.0.0.0, Culture=neutral, PublicKeyToken=4b2d7e786232fae7" PluginTypeId="93349301-396d-4e12-9af3-74a1f36bd48c" Name="TC.PowerApps.Plugins.Entities.SafetyAssessment.SafetyAssessment_PostStateChange">
          <FriendlyName>a2b1fdb5-9395-410c-8d8c-14bbca5e313b</FriendlyName>
        </PluginType>
        <PluginType AssemblyQualifiedName="TC.PowerApps.Plugins.Entities.SafetyAssessment.SafetyAssessment_PostUpdate, TC.PowerApps.Plugins, Version=1.0.0.0, Culture=neutral, PublicKeyToken=4b2d7e786232fae7" PluginTypeId="6d099396-1f3d-4e9b-8e0b-a27da9960666" Name="TC.PowerApps.Plugins.Entities.SafetyAssessment.SafetyAssessment_PostUpdate">
          <FriendlyName>612b1874-e37a-48d0-bf7c-34ebfbc900f1</FriendlyName>
        </PluginType>
        <PluginType AssemblyQualifiedName="TC.PowerApps.Plugins.Entities.ServiceTask.ServiceTask_PostStateChange, TC.PowerApps.Plugins, Version=1.0.0.0, Culture=neutral, PublicKeyToken=4b2d7e786232fae7" PluginTypeId="31513289-27bb-4fe4-b964-393f3f2c6cf7" Name="TC.PowerApps.Plugins.Entities.ServiceTask.ServiceTask_PostStateChange">
          <FriendlyName>7380a3a1-e71b-453c-94ab-62bf52f40274</FriendlyName>
        </PluginType>
        <PluginType AssemblyQualifiedName="TC.PowerApps.Plugins.Entities.Template.Template_PostCreate, TC.PowerApps.Plugins, Version=1.0.0.0, Culture=neutral, PublicKeyToken=4b2d7e786232fae7" PluginTypeId="02c63547-fa57-4bd9-b2c8-9af855dbb013" Name="TC.PowerApps.Plugins.Entities.Template.Template_PostCreate">
          <FriendlyName>a3b5403a-8904-4fd8-9752-2d349c64280e</FriendlyName>
        </PluginType>
        <PluginType AssemblyQualifiedName="TC.PowerApps.Plugins.Entities.Template.Template_PostStateChange, TC.PowerApps.Plugins, Version=1.0.0.0, Culture=neutral, PublicKeyToken=4b2d7e786232fae7" PluginTypeId="2082324a-9b4b-4a4c-92fe-fd94272d3661" Name="TC.PowerApps.Plugins.Entities.Template.Template_PostStateChange">
          <FriendlyName>a1a4161f-30f2-43e0-9b12-caef3197d98e</FriendlyName>
        </PluginType>
        <PluginType AssemblyQualifiedName="TC.PowerApps.Plugins.Entities.Template.Template_PreUpdate, TC.PowerApps.Plugins, Version=1.0.0.0, Culture=neutral, PublicKeyToken=4b2d7e786232fae7" PluginTypeId="b40e4419-a65a-4c33-9bfa-5aa1e8476c5a" Name="TC.PowerApps.Plugins.Entities.Template.Template_PreUpdate">
          <FriendlyName>72a73e66-9ba2-4ceb-a1be-12e55104deb3</FriendlyName>
        </PluginType>
        <PluginType AssemblyQualifiedName="TC.PowerApps.Plugins.Entities.Violation.Violation_PreCreate, TC.PowerApps.Plugins, Version=1.0.0.0, Culture=neutral, PublicKeyToken=4b2d7e786232fae7" PluginTypeId="769a6d26-9e3e-489c-844b-7cabe42fd55a" Name="TC.PowerApps.Plugins.Entities.Violation.Violation_PreCreate">
          <FriendlyName>105f3305-a794-4a68-9142-96d6f366b082</FriendlyName>
        </PluginType>
        <PluginType AssemblyQualifiedName="TC.PowerApps.Plugins.Entities.Violation.Violation_PreUpdate, TC.PowerApps.Plugins, Version=1.0.0.0, Culture=neutral, PublicKeyToken=4b2d7e786232fae7" PluginTypeId="d5ac5cfa-e80e-46f8-8a98-3ff9598fb9bf" Name="TC.PowerApps.Plugins.Entities.Violation.Violation_PreUpdate">
          <FriendlyName>0541f517-8cf7-4a25-9a20-36ecf9d3b670</FriendlyName>
        </PluginType>
        <PluginType AssemblyQualifiedName="TC.PowerApps.Plugins.Entities.WorkOrder.WorkOrder_PostCreateSetOwner, TC.PowerApps.Plugins, Version=1.0.0.0, Culture=neutral, PublicKeyToken=4b2d7e786232fae7" PluginTypeId="c411332c-e4e5-49f8-a1fa-2687dbb4e911" Name="TC.PowerApps.Plugins.Entities.WorkOrder.WorkOrder_PostCreateSetOwner">
          <FriendlyName>da77e68a-7e79-49f3-b2ff-6bf593378630</FriendlyName>
        </PluginType>
        <PluginType AssemblyQualifiedName="TC.PowerApps.Plugins.Entities.WorkOrder.WorkOrder_PostStateChangeCloseRelatedRecords, TC.PowerApps.Plugins, Version=1.0.0.0, Culture=neutral, PublicKeyToken=4b2d7e786232fae7" PluginTypeId="639b1a7e-f852-4695-8fac-1a3550dce11d" Name="TC.PowerApps.Plugins.Entities.WorkOrder.WorkOrder_PostStateChangeCloseRelatedRecords">
          <FriendlyName>812e5880-f74f-4a16-847f-d7990a1d1518</FriendlyName>
        </PluginType>
        <PluginType AssemblyQualifiedName="TC.PowerApps.Plugins.Entities.WorkOrder.WorkOrder_PostUpdateSetOwner, TC.PowerApps.Plugins, Version=1.0.0.0, Culture=neutral, PublicKeyToken=4b2d7e786232fae7" PluginTypeId="8150206a-c798-45d7-89f7-c4acab2b87f0" Name="TC.PowerApps.Plugins.Entities.WorkOrder.WorkOrder_PostUpdateSetOwner">
          <FriendlyName>1d2a8553-3a03-4094-8b4e-55cf28ee5b02</FriendlyName>
        </PluginType>
        <PluginType AssemblyQualifiedName="TC.PowerApps.Plugins.Entities.WorkOrder.WorkOrder_PreAssign, TC.PowerApps.Plugins, Version=1.0.0.0, Culture=neutral, PublicKeyToken=4b2d7e786232fae7" PluginTypeId="e46cac02-528e-4142-a6d4-540bcc46aa45" Name="TC.PowerApps.Plugins.Entities.WorkOrder.WorkOrder_PreAssign">
          <FriendlyName>45478051-2c98-41c6-967e-6245e92efc56</FriendlyName>
        </PluginType>
        <PluginType AssemblyQualifiedName="TC.PowerApps.Plugins.Entities.WorkOrder.WorkOrder_PreCreate, TC.PowerApps.Plugins, Version=1.0.0.0, Culture=neutral, PublicKeyToken=4b2d7e786232fae7" PluginTypeId="fb862afa-7355-44f7-9d08-816cf3b70b58" Name="TC.PowerApps.Plugins.Entities.WorkOrder.WorkOrder_PreCreate">
          <FriendlyName>8723dbf8-411c-4ffa-ae65-98650a179ccb</FriendlyName>
        </PluginType>
        <PluginType AssemblyQualifiedName="TC.PowerApps.Plugins.Entities.WorkOrder.WorkOrder_PreCreateFiscal, TC.PowerApps.Plugins, Version=1.0.0.0, Culture=neutral, PublicKeyToken=4b2d7e786232fae7" PluginTypeId="fc50a4b6-d46d-4804-924b-5cb57439420c" Name="TC.PowerApps.Plugins.Entities.WorkOrder.WorkOrder_PreCreateFiscal">
          <FriendlyName>f17884b5-ebfe-4a9b-a928-8419402ab4b6</FriendlyName>
        </PluginType>
        <PluginType AssemblyQualifiedName="TC.PowerApps.Plugins.Entities.WorkOrder.WorkOrder_PreUpdate, TC.PowerApps.Plugins, Version=1.0.0.0, Culture=neutral, PublicKeyToken=4b2d7e786232fae7" PluginTypeId="5903a24b-2b37-4711-81ba-c2cc361d0aa1" Name="TC.PowerApps.Plugins.Entities.WorkOrder.WorkOrder_PreUpdate">
          <FriendlyName>950ac260-07eb-4444-bd52-79ca651ee255</FriendlyName>
        </PluginType>
        <PluginType AssemblyQualifiedName="TC.PowerApps.Plugins.Entities.WorkOrder.WorkOrder_PreUpdateFiscal, TC.PowerApps.Plugins, Version=1.0.0.0, Culture=neutral, PublicKeyToken=4b2d7e786232fae7" PluginTypeId="3b87d407-5eb5-4332-9d8f-669cd9043b2f" Name="TC.PowerApps.Plugins.Entities.WorkOrder.WorkOrder_PreUpdateFiscal">
          <FriendlyName>9d1a2fd0-7410-46f5-84dd-899cad7352bd</FriendlyName>
        </PluginType>
      </PluginTypes>
    </PluginAssembly>
  </SolutionPluginAssemblies>
  <SdkMessageProcessingSteps>
    <SdkMessageProcessingStep Name="TC.PowerApps.Plugins.Entities.SafetyAssessment.SafetyAssessment_PostStateChange: Update of ovs_cysafetyassessment" SdkMessageProcessingStepId="{99032ce7-268b-eb11-b1ac-000d3ae92932}">
      <SdkMessageId>20bebb1b-ea3e-db11-86a7-000a3a5473e8</SdkMessageId>
      <PluginTypeName>TC.PowerApps.Plugins.Entities.SafetyAssessment.SafetyAssessment_PostStateChange, TC.PowerApps.Plugins, Version=1.0.0.0, Culture=neutral, PublicKeyToken=4b2d7e786232fae7</PluginTypeName>
      <PluginTypeId>93349301-396d-4e12-9af3-74a1f36bd48c</PluginTypeId>
      <PrimaryEntity>ovs_cysafetyassessment</PrimaryEntity>
      <AsyncAutoDelete>0</AsyncAutoDelete>
      <Description>TC.PowerApps.Plugins.Entities.SafetyAssessment.SafetyAssessment_PostStateChange: Update of ovs_cysafetyassessment</Description>
      <FilteringAttributes>statecode,statuscode</FilteringAttributes>
      <InvocationSource>1</InvocationSource>
      <Mode>0</Mode>
      <Rank>1</Rank>
      <EventHandlerTypeCode>4602</EventHandlerTypeCode>
      <Stage>40</Stage>
      <IsCustomizable>1</IsCustomizable>
      <IsHidden>0</IsHidden>
      <SupportedDeployment>0</SupportedDeployment>
      <IntroducedVersion>1.0</IntroducedVersion>
      <SdkMessageProcessingStepImages>
        <SdkMessageProcessingStepImage Name="ovs_cysafetyassessment_postImage">
          <SdkMessageProcessingStepImageId>{98d46cfc-268b-eb11-b1ac-000d3ae92932}</SdkMessageProcessingStepImageId>
          <Attributes></Attributes>
          <EntityAlias>ovs_cysafetyassessment_postImage</EntityAlias>
          <ImageType>1</ImageType>
          <MessagePropertyName>Target</MessagePropertyName>
          <IsCustomizable>1</IsCustomizable>
        </SdkMessageProcessingStepImage>
      </SdkMessageProcessingStepImages>
    </SdkMessageProcessingStep>
    <SdkMessageProcessingStep Name="TC.PowerApps.Plugins.Entities.ServiceTask.ServiceTask_PostStateChange: Update of msdyn_workorderservicetask" SdkMessageProcessingStepId="{9310d669-b569-eb11-a812-000d3a84129e}">
      <SdkMessageId>20bebb1b-ea3e-db11-86a7-000a3a5473e8</SdkMessageId>
      <PluginTypeName>TC.PowerApps.Plugins.Entities.ServiceTask.ServiceTask_PostStateChange, TC.PowerApps.Plugins, Version=1.0.0.0, Culture=neutral, PublicKeyToken=4b2d7e786232fae7</PluginTypeName>
      <PluginTypeId>31513289-27bb-4fe4-b964-393f3f2c6cf7</PluginTypeId>
      <PrimaryEntity>msdyn_workorderservicetask</PrimaryEntity>
      <AsyncAutoDelete>0</AsyncAutoDelete>
      <Description>TC.PowerApps.Plugins.Entities.ServiceTask.ServiceTask_PostStateChange: Update of msdyn_workorderservicetask</Description>
      <FilteringAttributes>statecode,statuscode</FilteringAttributes>
      <InvocationSource>1</InvocationSource>
      <Mode>0</Mode>
      <Rank>1</Rank>
      <EventHandlerTypeCode>4602</EventHandlerTypeCode>
      <Stage>40</Stage>
      <IsCustomizable>1</IsCustomizable>
      <IsHidden>0</IsHidden>
      <SupportedDeployment>0</SupportedDeployment>
      <IntroducedVersion>1.0</IntroducedVersion>
      <SdkMessageProcessingStepImages>
        <SdkMessageProcessingStepImage Name="msdyn_workorderservicetask_postImage">
          <SdkMessageProcessingStepImageId>{89b3bda0-b569-eb11-a812-000d3a84129e}</SdkMessageProcessingStepImageId>
          <Attributes></Attributes>
          <EntityAlias>msdyn_workorderservicetask_postImage</EntityAlias>
          <ImageType>1</ImageType>
          <MessagePropertyName>Target</MessagePropertyName>
          <IsCustomizable>1</IsCustomizable>
        </SdkMessageProcessingStepImage>
      </SdkMessageProcessingStepImages>
    </SdkMessageProcessingStep>
    <SdkMessageProcessingStep Name="TC.PowerApps.Plugins.Entities.Template.Template_PostCreate: Create of qm_sytemplate" SdkMessageProcessingStepId="{bdb7e315-297a-eb11-a812-000d3af31ad8}">
      <SdkMessageId>9ebdbb1b-ea3e-db11-86a7-000a3a5473e8</SdkMessageId>
      <PluginTypeName>TC.PowerApps.Plugins.Entities.Template.Template_PostCreate, TC.PowerApps.Plugins, Version=1.0.0.0, Culture=neutral, PublicKeyToken=4b2d7e786232fae7</PluginTypeName>
      <PluginTypeId>02c63547-fa57-4bd9-b2c8-9af855dbb013</PluginTypeId>
      <PrimaryEntity>qm_sytemplate</PrimaryEntity>
      <AsyncAutoDelete>0</AsyncAutoDelete>
      <Description>TC.PowerApps.Plugins.Entities.Template.Template_PostCreate: Create of qm_sytemplate</Description>
      <FilteringAttributes></FilteringAttributes>
      <InvocationSource>1</InvocationSource>
      <Mode>0</Mode>
      <Rank>1</Rank>
      <EventHandlerTypeCode>4602</EventHandlerTypeCode>
      <Stage>40</Stage>
      <IsCustomizable>1</IsCustomizable>
      <IsHidden>0</IsHidden>
      <SupportedDeployment>0</SupportedDeployment>
      <IntroducedVersion>1.0</IntroducedVersion>
      <SdkMessageProcessingStepImages />
    </SdkMessageProcessingStep>
    <SdkMessageProcessingStep Name="TC.PowerApps.Plugins.Entities.Template.Template_PostStateChange: Update of qm_sytemplate" SdkMessageProcessingStepId="{3359752f-297a-eb11-a812-000d3af31ad8}">
      <SdkMessageId>20bebb1b-ea3e-db11-86a7-000a3a5473e8</SdkMessageId>
      <PluginTypeName>TC.PowerApps.Plugins.Entities.Template.Template_PostStateChange, TC.PowerApps.Plugins, Version=1.0.0.0, Culture=neutral, PublicKeyToken=4b2d7e786232fae7</PluginTypeName>
      <PluginTypeId>2082324a-9b4b-4a4c-92fe-fd94272d3661</PluginTypeId>
      <PrimaryEntity>qm_sytemplate</PrimaryEntity>
      <AsyncAutoDelete>0</AsyncAutoDelete>
      <Description>TC.PowerApps.Plugins.Entities.Template.Template_PostStateChange: Update of qm_sytemplate</Description>
      <FilteringAttributes>statecode,statuscode</FilteringAttributes>
      <InvocationSource>1</InvocationSource>
      <Mode>0</Mode>
      <Rank>1</Rank>
      <EventHandlerTypeCode>4602</EventHandlerTypeCode>
      <Stage>40</Stage>
      <IsCustomizable>1</IsCustomizable>
      <IsHidden>0</IsHidden>
      <SupportedDeployment>0</SupportedDeployment>
      <IntroducedVersion>1.0</IntroducedVersion>
      <SdkMessageProcessingStepImages>
        <SdkMessageProcessingStepImage Name="qm_template_postImage">
          <SdkMessageProcessingStepImageId>{ecd1358b-297a-eb11-a812-000d3af31ad8}</SdkMessageProcessingStepImageId>
          <Attributes></Attributes>
          <EntityAlias>qm_template_postImage</EntityAlias>
          <ImageType>2</ImageType>
          <MessagePropertyName>Target</MessagePropertyName>
          <IsCustomizable>1</IsCustomizable>
        </SdkMessageProcessingStepImage>
      </SdkMessageProcessingStepImages>
    </SdkMessageProcessingStep>
    <SdkMessageProcessingStep Name="TC.PowerApps.Plugins.Entities.Template.Template_PreUpdate: Update of qm_sytemplate" SdkMessageProcessingStepId="{c04cc49e-297a-eb11-a812-000d3af31ad8}">
      <SdkMessageId>20bebb1b-ea3e-db11-86a7-000a3a5473e8</SdkMessageId>
      <PluginTypeName>TC.PowerApps.Plugins.Entities.Template.Template_PreUpdate, TC.PowerApps.Plugins, Version=1.0.0.0, Culture=neutral, PublicKeyToken=4b2d7e786232fae7</PluginTypeName>
      <PluginTypeId>b40e4419-a65a-4c33-9bfa-5aa1e8476c5a</PluginTypeId>
      <PrimaryEntity>qm_sytemplate</PrimaryEntity>
      <AsyncAutoDelete>0</AsyncAutoDelete>
      <Description>TC.PowerApps.Plugins.Entities.Template.Template_PreUpdate: Update of qm_sytemplate</Description>
      <FilteringAttributes></FilteringAttributes>
      <InvocationSource>1</InvocationSource>
      <Mode>0</Mode>
      <Rank>1</Rank>
      <EventHandlerTypeCode>4602</EventHandlerTypeCode>
      <Stage>20</Stage>
      <IsCustomizable>1</IsCustomizable>
      <IsHidden>0</IsHidden>
      <SupportedDeployment>0</SupportedDeployment>
      <IntroducedVersion>1.0</IntroducedVersion>
      <SdkMessageProcessingStepImages>
        <SdkMessageProcessingStepImage Name="QM_PreImage">
          <SdkMessageProcessingStepImageId>{505a71c1-297a-eb11-a812-000d3af31ad8}</SdkMessageProcessingStepImageId>
          <Attributes>qm_name</Attributes>
          <EntityAlias>QM_PreImage</EntityAlias>
          <ImageType>0</ImageType>
          <MessagePropertyName>Target</MessagePropertyName>
          <IsCustomizable>1</IsCustomizable>
        </SdkMessageProcessingStepImage>
      </SdkMessageProcessingStepImages>
    </SdkMessageProcessingStep>
    <SdkMessageProcessingStep Name="TC.PowerApps.Plugins.Entities.Violation.Violation_PreCreate: Create of qm_syresult" SdkMessageProcessingStepId="{242668b5-9ea3-eb11-b1ac-000d3ae8b8ae}">
      <SdkMessageId>9ebdbb1b-ea3e-db11-86a7-000a3a5473e8</SdkMessageId>
      <PluginTypeName>TC.PowerApps.Plugins.Entities.Violation.Violation_PreCreate, TC.PowerApps.Plugins, Version=1.0.0.0, Culture=neutral, PublicKeyToken=4b2d7e786232fae7</PluginTypeName>
      <PluginTypeId>769a6d26-9e3e-489c-844b-7cabe42fd55a</PluginTypeId>
      <PrimaryEntity>qm_syresult</PrimaryEntity>
      <AsyncAutoDelete>0</AsyncAutoDelete>
      <Description>TC.PowerApps.Plugins.Entities.Violation.Violation_PreCreate: Create of qm_syresult</Description>
      <FilteringAttributes></FilteringAttributes>
      <InvocationSource>1</InvocationSource>
      <Mode>0</Mode>
      <Rank>1</Rank>
      <EventHandlerTypeCode>4602</EventHandlerTypeCode>
      <Stage>20</Stage>
      <IsCustomizable>1</IsCustomizable>
      <IsHidden>0</IsHidden>
      <SupportedDeployment>0</SupportedDeployment>
      <IntroducedVersion>1.0</IntroducedVersion>
      <SdkMessageProcessingStepImages />
    </SdkMessageProcessingStep>
    <SdkMessageProcessingStep Name="TC.PowerApps.Plugins.Entities.Violation.Violation_PreUpdate: Update of qm_syresult" SdkMessageProcessingStepId="{928b51e9-9ea3-eb11-b1ac-000d3ae8b8ae}">
      <SdkMessageId>20bebb1b-ea3e-db11-86a7-000a3a5473e8</SdkMessageId>
      <PluginTypeName>TC.PowerApps.Plugins.Entities.Violation.Violation_PreUpdate, TC.PowerApps.Plugins, Version=1.0.0.0, Culture=neutral, PublicKeyToken=4b2d7e786232fae7</PluginTypeName>
      <PluginTypeId>d5ac5cfa-e80e-46f8-8a98-3ff9598fb9bf</PluginTypeId>
      <PrimaryEntity>qm_syresult</PrimaryEntity>
      <AsyncAutoDelete>0</AsyncAutoDelete>
      <Description>TC.PowerApps.Plugins.Entities.Violation.Violation_PreUpdate: Update of qm_syresult</Description>
      <FilteringAttributes>qm_blobpath,tdg_certificatenumber,tdg_certificatetypecd,qm_approximatetotal,ovs_duedate,createdby,createdonbehalfby,createdon,qm_enablingact,qm_enablingregulation,qm_externalcomments,importsequencenumber,qm_workorderid,qm_internalcomments,qm_isviolation,modifiedby,modifiedonbehalfby,modifiedon,qm_name,ownerid,owningbusinessunit,owningteam,owninguser,qm_questionid,overriddencreatedon,qm_referenceid,tdg_certificatesectionnumber,qm_responseid,qm_cysafetyassessmentid,qm_samplesize,tdg_templatenumber,timezoneruleversionnumber,utcconversiontimezonecode,qm_syresultid,qm_rclegislationid,qm_violationcount,qm_violationdisplayfrenchlabel,qm_violationdisplaylabel,qm_violationdisplaytext</FilteringAttributes>
      <InvocationSource>1</InvocationSource>
      <Mode>0</Mode>
      <Rank>1</Rank>
      <EventHandlerTypeCode>4602</EventHandlerTypeCode>
      <Stage>20</Stage>
      <IsCustomizable>1</IsCustomizable>
      <IsHidden>0</IsHidden>
      <SupportedDeployment>0</SupportedDeployment>
      <IntroducedVersion>1.0</IntroducedVersion>
      <SdkMessageProcessingStepImages>
        <SdkMessageProcessingStepImage Name="preImage">
          <SdkMessageProcessingStepImageId>{609ab31f-a8a3-eb11-b1ac-000d3ae8b93a}</SdkMessageProcessingStepImageId>
          <Attributes>qm_enablingact,qm_enablingregulation,qm_referenceid,qm_rclegislationid</Attributes>
          <EntityAlias>preImage</EntityAlias>
          <ImageType>0</ImageType>
          <MessagePropertyName>Target</MessagePropertyName>
          <IsCustomizable>1</IsCustomizable>
        </SdkMessageProcessingStepImage>
      </SdkMessageProcessingStepImages>
    </SdkMessageProcessingStep>
    <SdkMessageProcessingStep Name="TC.PowerApps.Plugins.Entities.WorkOrder.WorkOrder_PostCreateSetOwner: Create of msdyn_workorder" SdkMessageProcessingStepId="{d7d0ad8a-84bd-eb11-bacc-0022483bbb9e}">
      <SdkMessageId>9ebdbb1b-ea3e-db11-86a7-000a3a5473e8</SdkMessageId>
      <PluginTypeName>TC.PowerApps.Plugins.Entities.WorkOrder.WorkOrder_PostCreateSetOwner, TC.PowerApps.Plugins, Version=1.0.0.0, Culture=neutral, PublicKeyToken=4b2d7e786232fae7</PluginTypeName>
      <PluginTypeId>c411332c-e4e5-49f8-a1fa-2687dbb4e911</PluginTypeId>
      <PrimaryEntity>msdyn_workorder</PrimaryEntity>
      <AsyncAutoDelete>0</AsyncAutoDelete>
      <Description>TC.PowerApps.Plugins.Entities.WorkOrder.WorkOrder_PostCreateSetOwner: Create of msdyn_workorder</Description>
      <FilteringAttributes></FilteringAttributes>
      <InvocationSource>1</InvocationSource>
      <Mode>0</Mode>
      <Rank>1</Rank>
      <EventHandlerTypeCode>4602</EventHandlerTypeCode>
      <Stage>40</Stage>
      <IsCustomizable>1</IsCustomizable>
      <IsHidden>0</IsHidden>
      <SupportedDeployment>0</SupportedDeployment>
      <IntroducedVersion>1.0</IntroducedVersion>
      <SdkMessageProcessingStepImages />
    </SdkMessageProcessingStep>
    <SdkMessageProcessingStep Name="TC.PowerApps.Plugins.Entities.WorkOrder.WorkOrder_PostStateChangeCloseRelatedRecords: Update of msdyn_workorder" SdkMessageProcessingStepId="{fd9c2806-66d7-eb11-bacb-0022483c5afb}">
      <SdkMessageId>20bebb1b-ea3e-db11-86a7-000a3a5473e8</SdkMessageId>
      <PluginTypeName>TC.PowerApps.Plugins.Entities.WorkOrder.WorkOrder_PostStateChangeCloseRelatedRecords, TC.PowerApps.Plugins, Version=1.0.0.0, Culture=neutral, PublicKeyToken=4b2d7e786232fae7</PluginTypeName>
      <PluginTypeId>639b1a7e-f852-4695-8fac-1a3550dce11d</PluginTypeId>
      <PrimaryEntity>msdyn_workorder</PrimaryEntity>
      <AsyncAutoDelete>0</AsyncAutoDelete>
      <Description>TC.PowerApps.Plugins.Entities.WorkOrder.WorkOrder_PostStateChangeCloseRelatedRecords: Update of msdyn_workorder</Description>
      <FilteringAttributes>statecode,statuscode</FilteringAttributes>
      <InvocationSource>1</InvocationSource>
      <Mode>0</Mode>
      <Rank>1</Rank>
      <EventHandlerTypeCode>4602</EventHandlerTypeCode>
      <Stage>40</Stage>
      <IsCustomizable>1</IsCustomizable>
      <IsHidden>0</IsHidden>
      <SupportedDeployment>0</SupportedDeployment>
      <IntroducedVersion>1.0</IntroducedVersion>
      <SdkMessageProcessingStepImages>
        <SdkMessageProcessingStepImage Name="PostImage">
          <SdkMessageProcessingStepImageId>{60c1a0dc-66d7-eb11-bacb-0022483c5afb}</SdkMessageProcessingStepImageId>
          <Attributes>statecode,statuscode</Attributes>
          <EntityAlias>PostImage</EntityAlias>
          <ImageType>1</ImageType>
          <MessagePropertyName>Target</MessagePropertyName>
          <IsCustomizable>1</IsCustomizable>
        </SdkMessageProcessingStepImage>
      </SdkMessageProcessingStepImages>
    </SdkMessageProcessingStep>
    <SdkMessageProcessingStep Name="TC.PowerApps.Plugins.Entities.WorkOrder.WorkOrder_PostUpdateSetOwner: Update of msdyn_workorder" SdkMessageProcessingStepId="{72dc92db-83bd-eb11-bacc-0022483bbb9e}">
      <SdkMessageId>20bebb1b-ea3e-db11-86a7-000a3a5473e8</SdkMessageId>
      <PluginTypeName>TC.PowerApps.Plugins.Entities.WorkOrder.WorkOrder_PostUpdateSetOwner, TC.PowerApps.Plugins, Version=1.0.0.0, Culture=neutral, PublicKeyToken=4b2d7e786232fae7</PluginTypeName>
      <PluginTypeId>8150206a-c798-45d7-89f7-c4acab2b87f0</PluginTypeId>
      <PrimaryEntity>msdyn_workorder</PrimaryEntity>
      <AsyncAutoDelete>0</AsyncAutoDelete>
      <Description>TC.PowerApps.Plugins.Entities.WorkOrder.WorkOrder_PostUpdateSetOwner: Update of msdyn_workorder</Description>
      <FilteringAttributes>ovs_primaryinspector</FilteringAttributes>
      <InvocationSource>1</InvocationSource>
      <Mode>0</Mode>
      <Rank>1</Rank>
      <EventHandlerTypeCode>4602</EventHandlerTypeCode>
      <Stage>40</Stage>
      <IsCustomizable>1</IsCustomizable>
      <IsHidden>0</IsHidden>
      <SupportedDeployment>0</SupportedDeployment>
      <IntroducedVersion>1.0</IntroducedVersion>
      <SdkMessageProcessingStepImages />
    </SdkMessageProcessingStep>
    <SdkMessageProcessingStep Name="TC.PowerApps.Plugins.Entities.WorkOrder.WorkOrder_PreAssign: Assign of msdyn_workorder" SdkMessageProcessingStepId="{0994427e-0bb8-eb11-8236-0022483bc30f}">
      <SdkMessageId>8cbdbb1b-ea3e-db11-86a7-000a3a5473e8</SdkMessageId>
      <PluginTypeName>TC.PowerApps.Plugins.Entities.WorkOrder.WorkOrder_PreAssign, TC.PowerApps.Plugins, Version=1.0.0.0, Culture=neutral, PublicKeyToken=4b2d7e786232fae7</PluginTypeName>
      <PluginTypeId>e46cac02-528e-4142-a6d4-540bcc46aa45</PluginTypeId>
      <PrimaryEntity>msdyn_workorder</PrimaryEntity>
      <AsyncAutoDelete>0</AsyncAutoDelete>
      <Description>TC.PowerApps.Plugins.Entities.WorkOrder.WorkOrder_PreAssign: Assign of msdyn_workorder</Description>
      <FilteringAttributes></FilteringAttributes>
      <InvocationSource>0</InvocationSource>
      <Mode>0</Mode>
      <Rank>1</Rank>
      <EventHandlerTypeCode>4602</EventHandlerTypeCode>
      <Stage>20</Stage>
      <IsCustomizable>1</IsCustomizable>
      <IsHidden>0</IsHidden>
      <SupportedDeployment>0</SupportedDeployment>
      <IntroducedVersion>1.0</IntroducedVersion>
      <SdkMessageProcessingStepImages />
    </SdkMessageProcessingStep>
    <SdkMessageProcessingStep Name="TC.PowerApps.Plugins.Entities.WorkOrder.WorkOrder_PreCreate: Create of msdyn_workorder" SdkMessageProcessingStepId="{72f5d924-08a2-eb11-b1ac-000d3ae8b93a}">
      <SdkMessageId>9ebdbb1b-ea3e-db11-86a7-000a3a5473e8</SdkMessageId>
      <PluginTypeName>TC.PowerApps.Plugins.Entities.WorkOrder.WorkOrder_PreCreate, TC.PowerApps.Plugins, Version=1.0.0.0, Culture=neutral, PublicKeyToken=4b2d7e786232fae7</PluginTypeName>
      <PluginTypeId>fb862afa-7355-44f7-9d08-816cf3b70b58</PluginTypeId>
      <PrimaryEntity>msdyn_workorder</PrimaryEntity>
      <AsyncAutoDelete>0</AsyncAutoDelete>
      <Description>TC.PowerApps.Plugins.Entities.WorkOrder.WorkOrder_PreCreate: Create of msdyn_workorder</Description>
      <FilteringAttributes></FilteringAttributes>
      <InvocationSource>1</InvocationSource>
      <Mode>0</Mode>
      <Rank>1</Rank>
      <EventHandlerTypeCode>4602</EventHandlerTypeCode>
      <Stage>20</Stage>
      <IsCustomizable>1</IsCustomizable>
      <IsHidden>0</IsHidden>
      <SupportedDeployment>0</SupportedDeployment>
      <IntroducedVersion>1.0</IntroducedVersion>
      <SdkMessageProcessingStepImages />
    </SdkMessageProcessingStep>
    <SdkMessageProcessingStep Name="TC.PowerApps.Plugins.Entities.WorkOrder.WorkOrder_PreCreateFiscal: Create of msdyn_workorder" SdkMessageProcessingStepId="{58f69981-63c6-eb11-bacc-000d3af39889}">
      <SdkMessageId>9ebdbb1b-ea3e-db11-86a7-000a3a5473e8</SdkMessageId>
      <PluginTypeName>TC.PowerApps.Plugins.Entities.WorkOrder.WorkOrder_PreCreateFiscal, TC.PowerApps.Plugins, Version=1.0.0.0, Culture=neutral, PublicKeyToken=4b2d7e786232fae7</PluginTypeName>
      <PluginTypeId>fc50a4b6-d46d-4804-924b-5cb57439420c</PluginTypeId>
      <PrimaryEntity>msdyn_workorder</PrimaryEntity>
      <AsyncAutoDelete>0</AsyncAutoDelete>
      <Description>TC.PowerApps.Plugins.Entities.WorkOrder.WorkOrder_PreCreateFiscal: Create of msdyn_workorder</Description>
      <FilteringAttributes></FilteringAttributes>
      <InvocationSource>1</InvocationSource>
      <Mode>0</Mode>
      <Rank>5</Rank>
      <EventHandlerTypeCode>4602</EventHandlerTypeCode>
      <Stage>20</Stage>
      <IsCustomizable>1</IsCustomizable>
      <IsHidden>0</IsHidden>
      <SupportedDeployment>0</SupportedDeployment>
      <IntroducedVersion>1.0</IntroducedVersion>
      <SdkMessageProcessingStepImages />
    </SdkMessageProcessingStep>
    <SdkMessageProcessingStep Name="TC.PowerApps.Plugins.Entities.WorkOrder.WorkOrder_PreUpdate: Update of msdyn_workorder" SdkMessageProcessingStepId="{e5b5ed4e-08a2-eb11-b1ac-000d3ae8b93a}">
      <SdkMessageId>20bebb1b-ea3e-db11-86a7-000a3a5473e8</SdkMessageId>
      <PluginTypeName>TC.PowerApps.Plugins.Entities.WorkOrder.WorkOrder_PreUpdate, TC.PowerApps.Plugins, Version=1.0.0.0, Culture=neutral, PublicKeyToken=4b2d7e786232fae7</PluginTypeName>
      <PluginTypeId>5903a24b-2b37-4711-81ba-c2cc361d0aa1</PluginTypeId>
      <PrimaryEntity>msdyn_workorder</PrimaryEntity>
      <AsyncAutoDelete>0</AsyncAutoDelete>
      <Description>TC.PowerApps.Plugins.Entities.WorkOrder.WorkOrder_PreUpdate: Update of msdyn_workorder</Description>
      <FilteringAttributes>msdyn_systemstatus</FilteringAttributes>
      <InvocationSource>1</InvocationSource>
      <Mode>0</Mode>
      <Rank>1</Rank>
      <EventHandlerTypeCode>4602</EventHandlerTypeCode>
      <Stage>20</Stage>
      <IsCustomizable>1</IsCustomizable>
      <IsHidden>0</IsHidden>
      <SupportedDeployment>0</SupportedDeployment>
      <IntroducedVersion>1.0</IntroducedVersion>
      <SdkMessageProcessingStepImages>
        <SdkMessageProcessingStepImage Name="PreImage">
          <SdkMessageProcessingStepImageId>{ef2aa488-1aa2-eb11-b1ac-000d3ae8b93a}</SdkMessageProcessingStepImageId>
          <Attributes>msdyn_systemstatus</Attributes>
          <EntityAlias>PreImage</EntityAlias>
          <ImageType>0</ImageType>
          <MessagePropertyName>Target</MessagePropertyName>
          <IsCustomizable>1</IsCustomizable>
        </SdkMessageProcessingStepImage>
      </SdkMessageProcessingStepImages>
    </SdkMessageProcessingStep>
    <SdkMessageProcessingStep Name="TC.PowerApps.Plugins.Entities.WorkOrder.WorkOrder_PreUpdateFiscal: Update of msdyn_workorder" SdkMessageProcessingStepId="{e0201ab1-63c6-eb11-bacc-000d3af39889}">
      <SdkMessageId>20bebb1b-ea3e-db11-86a7-000a3a5473e8</SdkMessageId>
      <PluginTypeName>TC.PowerApps.Plugins.Entities.WorkOrder.WorkOrder_PreUpdateFiscal, TC.PowerApps.Plugins, Version=1.0.0.0, Culture=neutral, PublicKeyToken=4b2d7e786232fae7</PluginTypeName>
      <PluginTypeId>3b87d407-5eb5-4332-9d8f-669cd9043b2f</PluginTypeId>
      <PrimaryEntity>msdyn_workorder</PrimaryEntity>
      <AsyncAutoDelete>0</AsyncAutoDelete>
      <Description>TC.PowerApps.Plugins.Entities.WorkOrder.WorkOrder_PreUpdateFiscal: Update of msdyn_workorder</Description>
      <FilteringAttributes>ovs_fiscalquarter,ovs_revisedquarterid</FilteringAttributes>
      <InvocationSource>1</InvocationSource>
      <Mode>0</Mode>
      <Rank>5</Rank>
      <EventHandlerTypeCode>4602</EventHandlerTypeCode>
      <Stage>20</Stage>
      <IsCustomizable>1</IsCustomizable>
      <IsHidden>0</IsHidden>
      <SupportedDeployment>0</SupportedDeployment>
      <IntroducedVersion>1.0</IntroducedVersion>
      <SdkMessageProcessingStepImages>
        <SdkMessageProcessingStepImage Name="PreImage">
          <SdkMessageProcessingStepImageId>{67d320d4-65c6-eb11-bacc-000d3af39889}</SdkMessageProcessingStepImageId>
          <Attributes>ovs_currentfiscalquarter,ovs_fiscalquarter,ovs_revisedquarterid</Attributes>
          <EntityAlias>PreImage</EntityAlias>
          <ImageType>0</ImageType>
          <MessagePropertyName>Target</MessagePropertyName>
          <IsCustomizable>1</IsCustomizable>
        </SdkMessageProcessingStepImage>
      </SdkMessageProcessingStepImages>
    </SdkMessageProcessingStep>
  </SdkMessageProcessingSteps>
  <EntityDataProviders />
  <Languages>
    <Language>1033</Language>
    <Language>1036</Language>
  </Languages>
</ImportExportXml>