<ImportExportXml version="9.2.22031.131" SolutionPackageVersion="9.2" languagecode="1033" generatedBy="CrmLive" xmlns:xsi="http://www.w3.org/2001/XMLSchema-instance">
  <SolutionManifest>
    <UniqueName>TC_GlobalCore_Patch_168f05ba</UniqueName>
    <LocalizedNames>
      <LocalizedName description="TDG Core Schema" languagecode="1033" />
    </LocalizedNames>
    <Descriptions>
      <Description description="Patch for TDG Core Schema" languagecode="1033" />
    </Descriptions>
    <ParentUniqueName>TC_GlobalCore</ParentUniqueName>
    <Version>1.130.3.0</Version>
    <Managed>1</Managed>
    <Publisher>
      <UniqueName>oversightpublisher</UniqueName>
      <LocalizedNames>
        <LocalizedName description="Oversight" languagecode="1033" />
      </LocalizedNames>
      <Descriptions>
        <Description description="This is the common solution for AvSec Inspection and TDG Inspection." languagecode="1033" />
      </Descriptions>
      <EMailAddress xsi:nil="true"></EMailAddress>
      <SupportingWebsiteUrl xsi:nil="true"></SupportingWebsiteUrl>
      <CustomizationPrefix>ovs</CustomizationPrefix>
      <CustomizationOptionValuePrefix>91864</CustomizationOptionValuePrefix>
      <Addresses>
        <Address>
          <AddressNumber>1</AddressNumber>
          <AddressTypeCode>1</AddressTypeCode>
          <City xsi:nil="true"></City>
          <County xsi:nil="true"></County>
          <Country xsi:nil="true"></Country>
          <Fax xsi:nil="true"></Fax>
          <FreightTermsCode xsi:nil="true"></FreightTermsCode>
          <ImportSequenceNumber xsi:nil="true"></ImportSequenceNumber>
          <Latitude xsi:nil="true"></Latitude>
          <Line1 xsi:nil="true"></Line1>
          <Line2 xsi:nil="true"></Line2>
          <Line3 xsi:nil="true"></Line3>
          <Longitude xsi:nil="true"></Longitude>
          <Name xsi:nil="true"></Name>
          <PostalCode xsi:nil="true"></PostalCode>
          <PostOfficeBox xsi:nil="true"></PostOfficeBox>
          <PrimaryContactName xsi:nil="true"></PrimaryContactName>
          <ShippingMethodCode>1</ShippingMethodCode>
          <StateOrProvince xsi:nil="true"></StateOrProvince>
          <Telephone1 xsi:nil="true"></Telephone1>
          <Telephone2 xsi:nil="true"></Telephone2>
          <Telephone3 xsi:nil="true"></Telephone3>
          <TimeZoneRuleVersionNumber xsi:nil="true"></TimeZoneRuleVersionNumber>
          <UPSZone xsi:nil="true"></UPSZone>
          <UTCOffset xsi:nil="true"></UTCOffset>
          <UTCConversionTimeZoneCode xsi:nil="true"></UTCConversionTimeZoneCode>
        </Address>
        <Address>
          <AddressNumber>2</AddressNumber>
          <AddressTypeCode>1</AddressTypeCode>
          <City xsi:nil="true"></City>
          <County xsi:nil="true"></County>
          <Country xsi:nil="true"></Country>
          <Fax xsi:nil="true"></Fax>
          <FreightTermsCode xsi:nil="true"></FreightTermsCode>
          <ImportSequenceNumber xsi:nil="true"></ImportSequenceNumber>
          <Latitude xsi:nil="true"></Latitude>
          <Line1 xsi:nil="true"></Line1>
          <Line2 xsi:nil="true"></Line2>
          <Line3 xsi:nil="true"></Line3>
          <Longitude xsi:nil="true"></Longitude>
          <Name xsi:nil="true"></Name>
          <PostalCode xsi:nil="true"></PostalCode>
          <PostOfficeBox xsi:nil="true"></PostOfficeBox>
          <PrimaryContactName xsi:nil="true"></PrimaryContactName>
          <ShippingMethodCode>1</ShippingMethodCode>
          <StateOrProvince xsi:nil="true"></StateOrProvince>
          <Telephone1 xsi:nil="true"></Telephone1>
          <Telephone2 xsi:nil="true"></Telephone2>
          <Telephone3 xsi:nil="true"></Telephone3>
          <TimeZoneRuleVersionNumber xsi:nil="true"></TimeZoneRuleVersionNumber>
          <UPSZone xsi:nil="true"></UPSZone>
          <UTCOffset xsi:nil="true"></UTCOffset>
          <UTCConversionTimeZoneCode xsi:nil="true"></UTCConversionTimeZoneCode>
        </Address>
      </Addresses>
    </Publisher>
    <RootComponents>
      <RootComponent type="1" schemaName="ovs_cyaction" behavior="1" />
      <RootComponent type="1" schemaName="ovs_mocregistration" behavior="1" />
      <RootComponent type="29" id="{27ccfbed-eb9f-ec11-b3fe-000d3a0c84c3}" behavior="0" />
      <RootComponent type="29" id="{749d75f3-6aa4-ec11-b3fe-0022483c9e11}" behavior="0" />
      <RootComponent type="61" schemaName="ovs_RNOP_ValidationFunctions.js" behavior="0" />
      <RootComponent type="61" schemaName="qm_AccountTDG_main.js" behavior="0" />
    </RootComponents>
    <MissingDependencies>
      <MissingDependency>
        <Required type="1" schemaName="ovs_cancellationrequest" displayName="Cancellation Request" solution="Active" />
        <Dependent type="29" displayName="set replacement work order field to blank" id="{27ccfbed-eb9f-ec11-b3fe-000d3a0c84c3}" />
      </MissingDependency>
      <MissingDependency>
        <Required type="1" schemaName="ovs_cyaction" displayName="Enforcement Action" solution="Active" />
        <Dependent type="1" schemaName="ovs_cyaction" displayName="Enforcement Action" />
      </MissingDependency>
      <MissingDependency>
        <Required type="1" schemaName="ovs_enforcementactionviolation" displayName="Enforcement Action Violation" solution="Active" />
        <Dependent type="60" displayName=" main form" parentDisplayName="Enforcement Action" id="{6768019c-3b8e-eb11-b1ac-000d3ae92dbf}" />
      </MissingDependency>
      <MissingDependency>
        <Required type="1" schemaName="ovs_mocregistration" displayName="Operation" solution="Active" />
        <Dependent type="1" schemaName="ovs_mocregistration" displayName="Operation" />
      </MissingDependency>
      <MissingDependency>
        <Required type="10" schemaName="ovs_ovs_cyaction_ovs_enforcementactionviolation_cyactionid" displayName="ovs_ovs_cyaction_ovs_enforcementactionviolation_cyactionid" parentSchemaName="ovs_cyaction" parentDisplayName="Enforcement Action" solution="Active" />
        <Dependent type="60" displayName=" main form" parentDisplayName="Enforcement Action" id="{6768019c-3b8e-eb11-b1ac-000d3ae92dbf}" />
      </MissingDependency>
      <MissingDependency>
        <Required type="10" schemaName="ovs_ovs_cysafetyassessment_ovs_cyaction_safetyassessmentid" displayName="ovs_ovs_cysafetyassessment_ovs_cyaction_safetyassessmentid" parentSchemaName="ovs_cysafetyassessment" parentDisplayName="Safety Assessment" solution="Active" />
        <Dependent type="60" displayName=" main form" parentDisplayName="Enforcement Action" id="{6768019c-3b8e-eb11-b1ac-000d3ae92dbf}" />
      </MissingDependency>
      <MissingDependency>
        <Required type="2" schemaName="activityid" displayName="Activity" parentSchemaName="ovs_cancellationrequest" parentDisplayName="Cancellation Request" solution="Active" />
        <Dependent type="29" displayName="set replacement work order field to blank" id="{27ccfbed-eb9f-ec11-b3fe-000d3a0c84c3}" />
      </MissingDependency>
      <MissingDependency>
        <Required type="2" schemaName="ovs_replacementworkorder" displayName="Replacement Work Order" parentSchemaName="ovs_cancellationrequest" parentDisplayName="Cancellation Request" solution="Active" />
        <Dependent type="29" displayName="set replacement work order field to blank" id="{27ccfbed-eb9f-ec11-b3fe-000d3a0c84c3}" />
      </MissingDependency>
      <MissingDependency>
        <Required type="2" schemaName="regardingobjectid" displayName="Regarding" parentSchemaName="ovs_cancellationrequest" parentDisplayName="Cancellation Request" solution="Active" />
        <Dependent type="29" displayName="set replacement work order field to blank" id="{27ccfbed-eb9f-ec11-b3fe-000d3a0c84c3}" />
      </MissingDependency>
      <MissingDependency>
        <Required type="2" schemaName="subject" displayName="Subject" parentSchemaName="ovs_cancellationrequest" parentDisplayName="Cancellation Request" solution="Active" />
        <Dependent type="29" displayName="set replacement work order field to blank" id="{27ccfbed-eb9f-ec11-b3fe-000d3a0c84c3}" />
      </MissingDependency>
      <MissingDependency>
        <Required type="2" schemaName="activityid" displayName="Activity" parentSchemaName="ovs_cyaction" parentDisplayName="Enforcement Action" solution="Active" />
        <Dependent type="29" displayName="When Action Type is Detention Notice Ensure Only Type is Selected" id="{749d75f3-6aa4-ec11-b3fe-0022483c9e11}" />
      </MissingDependency>
      <MissingDependency>
        <Required type="2" schemaName="actualend" displayName="Date Resolved" parentSchemaName="ovs_cyaction" parentDisplayName="Enforcement Action" solution="Active" />
        <Dependent type="60" displayName=" main form" parentDisplayName="Enforcement Action" id="{6768019c-3b8e-eb11-b1ac-000d3ae92dbf}" />
      </MissingDependency>
      <MissingDependency>
        <Required type="2" schemaName="createdby" displayName="Created By" parentSchemaName="ovs_cyaction" parentDisplayName="Enforcement Action" solution="Active" />
        <Dependent type="60" displayName=" main form" parentDisplayName="Enforcement Action" id="{6768019c-3b8e-eb11-b1ac-000d3ae92dbf}" />
      </MissingDependency>
      <MissingDependency>
        <Required type="2" schemaName="createdon" displayName="Date Created" parentSchemaName="ovs_cyaction" parentDisplayName="Enforcement Action" solution="Active" />
        <Dependent type="60" displayName=" main form" parentDisplayName="Enforcement Action" id="{6768019c-3b8e-eb11-b1ac-000d3ae92dbf}" />
      </MissingDependency>
      <MissingDependency>
        <Required type="2" schemaName="modifiedby" displayName="Modified By" parentSchemaName="ovs_cyaction" parentDisplayName="Enforcement Action" solution="Active" />
        <Dependent type="60" displayName=" main form" parentDisplayName="Enforcement Action" id="{6768019c-3b8e-eb11-b1ac-000d3ae92dbf}" />
      </MissingDependency>
      <MissingDependency>
        <Required type="2" schemaName="modifiedon" displayName="Last Updated" parentSchemaName="ovs_cyaction" parentDisplayName="Enforcement Action" solution="Active" />
        <Dependent type="60" displayName=" main form" parentDisplayName="Enforcement Action" id="{6768019c-3b8e-eb11-b1ac-000d3ae92dbf}" />
      </MissingDependency>
      <MissingDependency>
        <Required type="2" schemaName="ovs_actiondate" displayName="Action Date" parentSchemaName="ovs_cyaction" parentDisplayName="Enforcement Action" solution="Active" />
        <Dependent type="60" displayName=" main form" parentDisplayName="Enforcement Action" id="{6768019c-3b8e-eb11-b1ac-000d3ae92dbf}" />
      </MissingDependency>
      <MissingDependency>
        <Required type="2" schemaName="ovs_actionnumber" displayName="Action Number" parentSchemaName="ovs_cyaction" parentDisplayName="Enforcement Action" solution="Active" />
        <Dependent type="60" displayName=" main form" parentDisplayName="Enforcement Action" id="{6768019c-3b8e-eb11-b1ac-000d3ae92dbf}" />
      </MissingDependency>
      <MissingDependency>
        <Required type="2" schemaName="ovs_actiontype" displayName="Action Type" parentSchemaName="ovs_cyaction" parentDisplayName="Enforcement Action" solution="Active" />
        <Dependent type="29" displayName="When Action Type is Detention Notice Ensure Only Type is Selected" id="{749d75f3-6aa4-ec11-b3fe-0022483c9e11}" />
      </MissingDependency>
      <MissingDependency>
        <Required type="2" schemaName="ovs_actiontype" displayName="Action Type" parentSchemaName="ovs_cyaction" parentDisplayName="Enforcement Action" solution="Active" />
        <Dependent type="60" displayName=" main form" parentDisplayName="Enforcement Action" id="{6768019c-3b8e-eb11-b1ac-000d3ae92dbf}" />
      </MissingDependency>
      <MissingDependency>
        <Required type="2" schemaName="ovs_casereportcourtorderind" displayName="Court Order" parentSchemaName="ovs_cyaction" parentDisplayName="Enforcement Action" solution="Active" />
        <Dependent type="60" displayName=" main form" parentDisplayName="Enforcement Action" id="{6768019c-3b8e-eb11-b1ac-000d3ae92dbf}" />
      </MissingDependency>
      <MissingDependency>
        <Required type="2" schemaName="ovs_casereportjudgecommentsind" displayName="Judge's Comments attached" parentSchemaName="ovs_cyaction" parentDisplayName="Enforcement Action" solution="Active" />
        <Dependent type="60" displayName=" main form" parentDisplayName="Enforcement Action" id="{6768019c-3b8e-eb11-b1ac-000d3ae92dbf}" />
      </MissingDependency>
      <MissingDependency>
        <Required type="2" schemaName="ovs_casereportjudgetxt" displayName="Department of Justice / Crown Attorney" parentSchemaName="ovs_cyaction" parentDisplayName="Enforcement Action" solution="Active" />
        <Dependent type="60" displayName=" main form" parentDisplayName="Enforcement Action" id="{6768019c-3b8e-eb11-b1ac-000d3ae92dbf}" />
      </MissingDependency>
      <MissingDependency>
        <Required type="2" schemaName="ovs_casereportnbr" displayName="Court Case Number" parentSchemaName="ovs_cyaction" parentDisplayName="Enforcement Action" solution="Active" />
        <Dependent type="60" displayName=" main form" parentDisplayName="Enforcement Action" id="{6768019c-3b8e-eb11-b1ac-000d3ae92dbf}" />
      </MissingDependency>
      <MissingDependency>
        <Required type="2" schemaName="ovs_casereporttrialdate" displayName="Trial Date" parentSchemaName="ovs_cyaction" parentDisplayName="Enforcement Action" solution="Active" />
        <Dependent type="60" displayName=" main form" parentDisplayName="Enforcement Action" id="{6768019c-3b8e-eb11-b1ac-000d3ae92dbf}" />
      </MissingDependency>
      <MissingDependency>
        <Required type="2" schemaName="ovs_designatedperson" displayName="Designated Person" parentSchemaName="ovs_cyaction" parentDisplayName="Enforcement Action" solution="Active" />
        <Dependent type="60" displayName=" main form" parentDisplayName="Enforcement Action" id="{6768019c-3b8e-eb11-b1ac-000d3ae92dbf}" />
      </MissingDependency>
      <MissingDependency>
        <Required type="2" schemaName="ovs_designatedpersontitle" displayName="Designated Person's Title" parentSchemaName="ovs_cyaction" parentDisplayName="Enforcement Action" solution="Active" />
        <Dependent type="60" displayName=" main form" parentDisplayName="Enforcement Action" id="{6768019c-3b8e-eb11-b1ac-000d3ae92dbf}" />
      </MissingDependency>
      <MissingDependency>
        <Required type="2" schemaName="ovs_dg_text_fr" displayName="Dangerous Goods Text - FR" parentSchemaName="ovs_cyaction" parentDisplayName="Enforcement Action" solution="Active" />
        <Dependent type="60" displayName=" main form" parentDisplayName="Enforcement Action" id="{6768019c-3b8e-eb11-b1ac-000d3ae92dbf}" />
      </MissingDependency>
      <MissingDependency>
        <Required type="2" schemaName="ovs_dgdescription" displayName="Description of the Dangerous Goods" parentSchemaName="ovs_cyaction" parentDisplayName="Enforcement Action" solution="Active" />
        <Dependent type="60" displayName=" main form" parentDisplayName="Enforcement Action" id="{6768019c-3b8e-eb11-b1ac-000d3ae92dbf}" />
      </MissingDependency>
      <MissingDependency>
        <Required type="2" schemaName="ovs_directiontxt" displayName="Inspector's Direction" parentSchemaName="ovs_cyaction" parentDisplayName="Enforcement Action" solution="Active" />
        <Dependent type="60" displayName=" main form" parentDisplayName="Enforcement Action" id="{6768019c-3b8e-eb11-b1ac-000d3ae92dbf}" />
      </MissingDependency>
      <MissingDependency>
        <Required type="2" schemaName="ovs_evidencedocuments" displayName="Documents" parentSchemaName="ovs_cyaction" parentDisplayName="Enforcement Action" solution="Active" />
        <Dependent type="60" displayName=" main form" parentDisplayName="Enforcement Action" id="{6768019c-3b8e-eb11-b1ac-000d3ae92dbf}" />
      </MissingDependency>
      <MissingDependency>
        <Required type="2" schemaName="ovs_evidencephotos" displayName="Photographs" parentSchemaName="ovs_cyaction" parentDisplayName="Enforcement Action" solution="Active" />
        <Dependent type="60" displayName=" main form" parentDisplayName="Enforcement Action" id="{6768019c-3b8e-eb11-b1ac-000d3ae92dbf}" />
      </MissingDependency>
      <MissingDependency>
        <Required type="2" schemaName="ovs_evidencesaamples" displayName="Samples" parentSchemaName="ovs_cyaction" parentDisplayName="Enforcement Action" solution="Active" />
        <Dependent type="60" displayName=" main form" parentDisplayName="Enforcement Action" id="{6768019c-3b8e-eb11-b1ac-000d3ae92dbf}" />
      </MissingDependency>
      <MissingDependency>
        <Required type="2" schemaName="ovs_evidencestatements" displayName="Statements" parentSchemaName="ovs_cyaction" parentDisplayName="Enforcement Action" solution="Active" />
        <Dependent type="60" displayName=" main form" parentDisplayName="Enforcement Action" id="{6768019c-3b8e-eb11-b1ac-000d3ae92dbf}" />
      </MissingDependency>
      <MissingDependency>
        <Required type="2" schemaName="ovs_fineamt" displayName="Fine" parentSchemaName="ovs_cyaction" parentDisplayName="Enforcement Action" solution="Active" />
        <Dependent type="60" displayName=" main form" parentDisplayName="Enforcement Action" id="{6768019c-3b8e-eb11-b1ac-000d3ae92dbf}" />
      </MissingDependency>
      <MissingDependency>
        <Required type="2" schemaName="ovs_interventionsummarytxt" displayName="Summary of Intervention" parentSchemaName="ovs_cyaction" parentDisplayName="Enforcement Action" solution="Active" />
        <Dependent type="60" displayName=" main form" parentDisplayName="Enforcement Action" id="{6768019c-3b8e-eb11-b1ac-000d3ae92dbf}" />
      </MissingDependency>
      <MissingDependency>
        <Required type="2" schemaName="ovs_investigationsynopsis" displayName="Synopsis" parentSchemaName="ovs_cyaction" parentDisplayName="Enforcement Action" solution="Active" />
        <Dependent type="60" displayName=" main form" parentDisplayName="Enforcement Action" id="{6768019c-3b8e-eb11-b1ac-000d3ae92dbf}" />
      </MissingDependency>
      <MissingDependency>
        <Required type="2" schemaName="ovs_localtime" displayName="Local Time" parentSchemaName="ovs_cyaction" parentDisplayName="Enforcement Action" solution="Active" />
        <Dependent type="60" displayName=" main form" parentDisplayName="Enforcement Action" id="{6768019c-3b8e-eb11-b1ac-000d3ae92dbf}" />
      </MissingDependency>
      <MissingDependency>
        <Required type="2" schemaName="ovs_moc_text_en" displayName="MOC Text - EN" parentSchemaName="ovs_cyaction" parentDisplayName="Enforcement Action" solution="Active" />
        <Dependent type="60" displayName=" main form" parentDisplayName="Enforcement Action" id="{6768019c-3b8e-eb11-b1ac-000d3ae92dbf}" />
      </MissingDependency>
      <MissingDependency>
        <Required type="2" schemaName="ovs_moc_text_fr" displayName="MOC Text - FR" parentSchemaName="ovs_cyaction" parentDisplayName="Enforcement Action" solution="Active" />
        <Dependent type="60" displayName=" main form" parentDisplayName="Enforcement Action" id="{6768019c-3b8e-eb11-b1ac-000d3ae92dbf}" />
      </MissingDependency>
      <MissingDependency>
        <Required type="2" schemaName="ovs_mocdescription" displayName="Description of the Means of Containment" parentSchemaName="ovs_cyaction" parentDisplayName="Enforcement Action" solution="Active" />
        <Dependent type="60" displayName=" main form" parentDisplayName="Enforcement Action" id="{6768019c-3b8e-eb11-b1ac-000d3ae92dbf}" />
      </MissingDependency>
      <MissingDependency>
        <Required type="2" schemaName="ovs_noncompliancedetailstxt" displayName="Details of Non-compliance" parentSchemaName="ovs_cyaction" parentDisplayName="Enforcement Action" solution="Active" />
        <Dependent type="60" displayName=" main form" parentDisplayName="Enforcement Action" id="{6768019c-3b8e-eb11-b1ac-000d3ae92dbf}" />
      </MissingDependency>
      <MissingDependency>
        <Required type="2" schemaName="ovs_releasedate" displayName="Release Date" parentSchemaName="ovs_cyaction" parentDisplayName="Enforcement Action" solution="Active" />
        <Dependent type="60" displayName=" main form" parentDisplayName="Enforcement Action" id="{6768019c-3b8e-eb11-b1ac-000d3ae92dbf}" />
      </MissingDependency>
      <MissingDependency>
        <Required type="2" schemaName="ovs_revocationjustificationtxt" displayName="Revocation Justification" parentSchemaName="ovs_cyaction" parentDisplayName="Enforcement Action" solution="Active" />
        <Dependent type="60" displayName=" main form" parentDisplayName="Enforcement Action" id="{6768019c-3b8e-eb11-b1ac-000d3ae92dbf}" />
      </MissingDependency>
      <MissingDependency>
        <Required type="2" schemaName="ovs_safetyassessmentid" displayName="Safety Assessment" parentSchemaName="ovs_cyaction" parentDisplayName="Enforcement Action" solution="Active" />
        <Dependent type="60" displayName=" main form" parentDisplayName="Enforcement Action" id="{6768019c-3b8e-eb11-b1ac-000d3ae92dbf}" />
      </MissingDependency>
      <MissingDependency>
        <Required type="2" schemaName="ovs_statusjustification" displayName="Justification" parentSchemaName="ovs_cyaction" parentDisplayName="Enforcement Action" solution="Active" />
        <Dependent type="60" displayName=" main form" parentDisplayName="Enforcement Action" id="{6768019c-3b8e-eb11-b1ac-000d3ae92dbf}" />
      </MissingDependency>
      <MissingDependency>
        <Required type="2" schemaName="ovs_ticketid" displayName="Ticket ID" parentSchemaName="ovs_cyaction" parentDisplayName="Enforcement Action" solution="Active" />
        <Dependent type="60" displayName=" main form" parentDisplayName="Enforcement Action" id="{6768019c-3b8e-eb11-b1ac-000d3ae92dbf}" />
      </MissingDependency>
      <MissingDependency>
        <Required type="2" schemaName="ownerid" displayName="Owner" parentSchemaName="ovs_cyaction" parentDisplayName="Enforcement Action" solution="Active" />
        <Dependent type="60" displayName=" main form" parentDisplayName="Enforcement Action" id="{6768019c-3b8e-eb11-b1ac-000d3ae92dbf}" />
      </MissingDependency>
      <MissingDependency>
        <Required type="2" schemaName="regardingobjectid" displayName="Regarding" parentSchemaName="ovs_cyaction" parentDisplayName="Enforcement Action" solution="Active" />
        <Dependent type="60" displayName=" main form" parentDisplayName="Enforcement Action" id="{6768019c-3b8e-eb11-b1ac-000d3ae92dbf}" />
      </MissingDependency>
      <MissingDependency>
        <Required type="2" schemaName="statecode" displayName="Activity Status" parentSchemaName="ovs_cyaction" parentDisplayName="Enforcement Action" solution="Active" />
        <Dependent type="60" displayName=" main form" parentDisplayName="Enforcement Action" id="{6768019c-3b8e-eb11-b1ac-000d3ae92dbf}" />
      </MissingDependency>
      <MissingDependency>
        <Required type="2" schemaName="statuscode" displayName="Status Reason" parentSchemaName="ovs_cyaction" parentDisplayName="Enforcement Action" solution="Active" />
        <Dependent type="60" displayName=" main form" parentDisplayName="Enforcement Action" id="{6768019c-3b8e-eb11-b1ac-000d3ae92dbf}" />
      </MissingDependency>
      <MissingDependency>
        <Required type="2" schemaName="subject" displayName="Subject" parentSchemaName="ovs_cyaction" parentDisplayName="Enforcement Action" solution="Active" />
        <Dependent type="29" displayName="When Action Type is Detention Notice Ensure Only Type is Selected" id="{749d75f3-6aa4-ec11-b3fe-0022483c9e11}" />
      </MissingDependency>
      <MissingDependency>
        <Required type="2" schemaName="subject" displayName="Subject" parentSchemaName="ovs_cyaction" parentDisplayName="Enforcement Action" solution="Active" />
        <Dependent type="60" displayName=" main form" parentDisplayName="Enforcement Action" id="{6768019c-3b8e-eb11-b1ac-000d3ae92dbf}" />
      </MissingDependency>
      <MissingDependency>
        <Required type="2" schemaName="modifiedon" displayName="Modified On" parentSchemaName="ovs_mocregistration" parentDisplayName="Operation" solution="Active" />
        <Dependent type="26" schemaName="CEP - Selection" displayName="CEP - Selection" parentSchemaName="ovs_mocregistration" parentDisplayName="Operation" id="{a83a7ea4-ba7e-ec11-8d20-0022483dbafc}" />
      </MissingDependency>
      <MissingDependency>
        <Required type="2" schemaName="ovs_cdriskcategory" displayName="Risk Category" parentSchemaName="ovs_mocregistration" parentDisplayName="Operation" solution="Active" />
        <Dependent type="26" schemaName="CEP - Frame" displayName="CEP - Frame" parentSchemaName="ovs_mocregistration" parentDisplayName="Operation" id="{6551506e-b87e-ec11-8d20-0022483e1408}" />
      </MissingDependency>
      <MissingDependency>
        <Required type="2" schemaName="ovs_cdriskcategory" displayName="Risk Category" parentSchemaName="ovs_mocregistration" parentDisplayName="Operation" solution="Active" />
        <Dependent type="26" schemaName="CEP - Selection" displayName="CEP - Selection" parentSchemaName="ovs_mocregistration" parentDisplayName="Operation" id="{a83a7ea4-ba7e-ec11-8d20-0022483dbafc}" />
      </MissingDependency>
      <MissingDependency>
        <Required type="2" schemaName="ovs_cdriskcategory" displayName="Risk Category" parentSchemaName="ovs_mocregistration" parentDisplayName="Operation" solution="Active" />
        <Dependent type="26" schemaName="CEP - Strata" displayName="CEP - Strata" parentSchemaName="ovs_mocregistration" parentDisplayName="Operation" id="{d9019d8c-bf7e-ec11-8d20-0022483e1408}" />
      </MissingDependency>
      <MissingDependency>
        <Required type="2" schemaName="ovs_cepind" displayName="CEP" parentSchemaName="ovs_mocregistration" parentDisplayName="Operation" solution="Active" />
        <Dependent type="26" schemaName="CEP - Frame" displayName="CEP - Frame" parentSchemaName="ovs_mocregistration" parentDisplayName="Operation" id="{6551506e-b87e-ec11-8d20-0022483e1408}" />
      </MissingDependency>
      <MissingDependency>
        <Required type="2" schemaName="ovs_cepind" displayName="CEP" parentSchemaName="ovs_mocregistration" parentDisplayName="Operation" solution="Active" />
        <Dependent type="26" schemaName="CEP - Selection" displayName="CEP - Selection" parentSchemaName="ovs_mocregistration" parentDisplayName="Operation" id="{a83a7ea4-ba7e-ec11-8d20-0022483dbafc}" />
      </MissingDependency>
      <MissingDependency>
        <Required type="2" schemaName="ovs_hubind" displayName="Hub" parentSchemaName="ovs_mocregistration" parentDisplayName="Operation" solution="Active" />
        <Dependent type="26" schemaName="CEP - Frame" displayName="CEP - Frame" parentSchemaName="ovs_mocregistration" parentDisplayName="Operation" id="{6551506e-b87e-ec11-8d20-0022483e1408}" />
      </MissingDependency>
      <MissingDependency>
        <Required type="2" schemaName="ovs_mocregistrationid" displayName="Operation Id" parentSchemaName="ovs_mocregistration" parentDisplayName="Operation" solution="Active" />
        <Dependent type="26" schemaName="CEP - Frame" displayName="CEP - Frame" parentSchemaName="ovs_mocregistration" parentDisplayName="Operation" id="{6551506e-b87e-ec11-8d20-0022483e1408}" />
      </MissingDependency>
      <MissingDependency>
        <Required type="2" schemaName="ovs_mocregistrationid" displayName="Operation Id" parentSchemaName="ovs_mocregistration" parentDisplayName="Operation" solution="Active" />
        <Dependent type="26" schemaName="CEP - Selection" displayName="CEP - Selection" parentSchemaName="ovs_mocregistration" parentDisplayName="Operation" id="{a83a7ea4-ba7e-ec11-8d20-0022483dbafc}" />
      </MissingDependency>
      <MissingDependency>
        <Required type="2" schemaName="ovs_mocregistrationid" displayName="Operation Id" parentSchemaName="ovs_mocregistration" parentDisplayName="Operation" solution="Active" />
        <Dependent type="26" schemaName="CEP - Strata" displayName="CEP - Strata" parentSchemaName="ovs_mocregistration" parentDisplayName="Operation" id="{d9019d8c-bf7e-ec11-8d20-0022483e1408}" />
      </MissingDependency>
      <MissingDependency>
        <Required type="2" schemaName="ovs_name" displayName="Operation ID" parentSchemaName="ovs_mocregistration" parentDisplayName="Operation" solution="Active" />
        <Dependent type="26" schemaName="CEP - Frame" displayName="CEP - Frame" parentSchemaName="ovs_mocregistration" parentDisplayName="Operation" id="{6551506e-b87e-ec11-8d20-0022483e1408}" />
      </MissingDependency>
      <MissingDependency>
        <Required type="2" schemaName="ovs_name" displayName="Operation ID" parentSchemaName="ovs_mocregistration" parentDisplayName="Operation" solution="Active" />
        <Dependent type="26" schemaName="CEP - Selection" displayName="CEP - Selection" parentSchemaName="ovs_mocregistration" parentDisplayName="Operation" id="{a83a7ea4-ba7e-ec11-8d20-0022483dbafc}" />
      </MissingDependency>
      <MissingDependency>
        <Required type="2" schemaName="ovs_operationtype" displayName="Operation Type" parentSchemaName="ovs_mocregistration" parentDisplayName="Operation" solution="Active" />
        <Dependent type="26" schemaName="CEP - Frame" displayName="CEP - Frame" parentSchemaName="ovs_mocregistration" parentDisplayName="Operation" id="{6551506e-b87e-ec11-8d20-0022483e1408}" />
      </MissingDependency>
      <MissingDependency>
        <Required type="2" schemaName="ovs_siteid" displayName="Site" parentSchemaName="ovs_mocregistration" parentDisplayName="Operation" solution="Active" />
        <Dependent type="26" schemaName="CEP - Frame" displayName="CEP - Frame" parentSchemaName="ovs_mocregistration" parentDisplayName="Operation" id="{6551506e-b87e-ec11-8d20-0022483e1408}" />
      </MissingDependency>
      <MissingDependency>
        <Required type="2" schemaName="statecode" displayName="Status" parentSchemaName="ovs_mocregistration" parentDisplayName="Operation" solution="Active" />
        <Dependent type="26" schemaName="CEP - Selection" displayName="CEP - Selection" parentSchemaName="ovs_mocregistration" parentDisplayName="Operation" id="{a83a7ea4-ba7e-ec11-8d20-0022483dbafc}" />
      </MissingDependency>
      <MissingDependency>
        <Required type="20" displayName="TDG Manager" solution="Active" id="{545418f6-d089-eb11-b1ac-000d3ae92dbf}" />
        <Dependent type="60" displayName=" main form" parentDisplayName="Enforcement Action" id="{6768019c-3b8e-eb11-b1ac-000d3ae92dbf}" />
      </MissingDependency>
      <MissingDependency>
        <Required type="20" displayName="TDG Analyst" solution="Active" id="{6ba72790-cf89-eb11-b1ac-000d3ae92dbf}" />
        <Dependent type="60" displayName=" main form" parentDisplayName="Enforcement Action" id="{6768019c-3b8e-eb11-b1ac-000d3ae92dbf}" />
      </MissingDependency>
      <MissingDependency>
        <Required type="20" displayName="TDG Base" solution="Active" id="{6ee20a40-2264-eb11-a812-000d3aff0dda}" />
        <Dependent type="60" displayName=" main form" parentDisplayName="Enforcement Action" id="{6768019c-3b8e-eb11-b1ac-000d3ae92dbf}" />
      </MissingDependency>
      <MissingDependency>
        <Required type="20" displayName="TDG Planner" solution="Active" id="{a8d3ef08-d189-eb11-b1ac-000d3ae92dbf}" />
        <Dependent type="60" displayName=" main form" parentDisplayName="Enforcement Action" id="{6768019c-3b8e-eb11-b1ac-000d3ae92dbf}" />
      </MissingDependency>
      <MissingDependency>
        <Required type="20" displayName="TDG Inspector" solution="Active" id="{de8e34ea-d189-eb11-b1ac-000d3ae92dbf}" />
        <Dependent type="60" displayName=" main form" parentDisplayName="Enforcement Action" id="{6768019c-3b8e-eb11-b1ac-000d3ae92dbf}" />
      </MissingDependency>
      <MissingDependency>
        <Required type="26" schemaName="Active Enforcement Action Violations" displayName="Active Enforcement Action Violations" parentSchemaName="ovs_enforcementactionviolation" parentDisplayName="Enforcement Action Violation" solution="Active" id="{0075562f-fb4b-48e4-926f-eb7b6c114630}" />
        <Dependent type="60" displayName=" main form" parentDisplayName="Enforcement Action" id="{6768019c-3b8e-eb11-b1ac-000d3ae92dbf}" />
      </MissingDependency>
      <MissingDependency>
        <Required type="61" schemaName="ovs_EnforcementActionMainForm" displayName="ovs_EnforcementActionMainForm" solution="Active" />
        <Dependent type="60" displayName=" main form" parentDisplayName="Enforcement Action" id="{6768019c-3b8e-eb11-b1ac-000d3ae92dbf}" />
      </MissingDependency>
      <MissingDependency>
        <Required type="61" schemaName="ovs_Labels.1033.resx" displayName="ovs_Labels.1033.resx" solution="Active" />
        <Dependent type="61" schemaName="ovs_RNOP_ValidationFunctions.js" displayName="ovs_RNOP_ValidationFunctions.js" />
      </MissingDependency>
      <MissingDependency>
        <Required type="61" schemaName="ovs_Labels.1036.resx" displayName="ovs_Labels.1036.resx" solution="Active" />
        <Dependent type="61" schemaName="ovs_RNOP_ValidationFunctions.js" displayName="ovs_RNOP_ValidationFunctions.js" />
      </MissingDependency>
      <MissingDependency>
        <Required type="61" schemaName="qm_globalHelper.js" displayName="qm_globalHelper.js" solution="Active" />
        <Dependent type="60" displayName=" main form" parentDisplayName="Enforcement Action" id="{6768019c-3b8e-eb11-b1ac-000d3ae92dbf}" />
      </MissingDependency>
    </MissingDependencies>
  </SolutionManifest>
</ImportExportXml>