<ImportExportXml xmlns:xsi="http://www.w3.org/2001/XMLSchema-instance">
  <Entities>
    <Entity>
      <Name LocalizedName="Legislation" OriginalName="Legislation">qm_rclegislation</Name>
      <EntityInfo>
        <entity Name="qm_rclegislation">
          <LocalizedNames>
            <LocalizedName description="Legislation" languagecode="1033" />
            <LocalizedName description="Législation" languagecode="1036" />
          </LocalizedNames>
          <LocalizedCollectionNames>
            <LocalizedCollectionName description="Legislations" languagecode="1033" />
            <LocalizedCollectionName description="Législations" languagecode="1036" />
          </LocalizedCollectionNames>
          <Descriptions>
            <Description description="" languagecode="1033" />
            <Description description="" languagecode="1036" />
          </Descriptions>
          <attributes />
          <EntitySetName>qm_rclegislations</EntitySetName>
          <IsDuplicateCheckSupported>1</IsDuplicateCheckSupported>
          <IsBusinessProcessEnabled>0</IsBusinessProcessEnabled>
          <IsRequiredOffline>0</IsRequiredOffline>
          <IsInteractionCentricEnabled>0</IsInteractionCentricEnabled>
          <IsCollaboration>0</IsCollaboration>
          <AutoRouteToOwnerQueue>0</AutoRouteToOwnerQueue>
          <IsConnectionsEnabled>0</IsConnectionsEnabled>
          <EntityColor></EntityColor>
          <IsDocumentManagementEnabled>0</IsDocumentManagementEnabled>
          <AutoCreateAccessTeams>0</AutoCreateAccessTeams>
          <IsOneNoteIntegrationEnabled>0</IsOneNoteIntegrationEnabled>
          <IsKnowledgeManagementEnabled>0</IsKnowledgeManagementEnabled>
          <IsSLAEnabled>0</IsSLAEnabled>
          <IsDocumentRecommendationsEnabled>0</IsDocumentRecommendationsEnabled>
          <IsBPFEntity>0</IsBPFEntity>
          <OwnershipTypeMask>OrgOwned</OwnershipTypeMask>
          <IsAuditEnabled>0</IsAuditEnabled>
          <IsRetrieveAuditEnabled>0</IsRetrieveAuditEnabled>
          <IsRetrieveMultipleAuditEnabled>0</IsRetrieveMultipleAuditEnabled>
          <IsActivity>0</IsActivity>
          <ActivityTypeMask></ActivityTypeMask>
          <IsActivityParty>0</IsActivityParty>
          <IsReplicated>0</IsReplicated>
          <IsReplicationUserFiltered>0</IsReplicationUserFiltered>
          <IsMailMergeEnabled>0</IsMailMergeEnabled>
          <IsVisibleInMobile>0</IsVisibleInMobile>
          <IsVisibleInMobileClient>0</IsVisibleInMobileClient>
          <IsReadOnlyInMobileClient>0</IsReadOnlyInMobileClient>
          <IsOfflineInMobileClient>0</IsOfflineInMobileClient>
          <DaysSinceRecordLastModified>0</DaysSinceRecordLastModified>
          <MobileOfflineFilters></MobileOfflineFilters>
          <IsMapiGridEnabled>1</IsMapiGridEnabled>
          <IsReadingPaneEnabled>1</IsReadingPaneEnabled>
          <IsQuickCreateEnabled>0</IsQuickCreateEnabled>
          <SyncToExternalSearchIndex>0</SyncToExternalSearchIndex>
          <IntroducedVersion>1.0.0.6</IntroducedVersion>
          <IsCustomizable>1</IsCustomizable>
          <IsRenameable>1</IsRenameable>
          <IsMappable>1</IsMappable>
          <CanModifyAuditSettings>1</CanModifyAuditSettings>
          <CanModifyMobileVisibility>1</CanModifyMobileVisibility>
          <CanModifyMobileClientVisibility>1</CanModifyMobileClientVisibility>
          <CanModifyMobileClientReadOnly>1</CanModifyMobileClientReadOnly>
          <CanModifyMobileClientOffline>1</CanModifyMobileClientOffline>
          <CanModifyConnectionSettings>1</CanModifyConnectionSettings>
          <CanModifyDuplicateDetectionSettings>1</CanModifyDuplicateDetectionSettings>
          <CanModifyMailMergeSettings>1</CanModifyMailMergeSettings>
          <CanModifyQueueSettings>1</CanModifyQueueSettings>
          <CanCreateAttributes>1</CanCreateAttributes>
          <CanCreateForms>1</CanCreateForms>
          <CanCreateCharts>1</CanCreateCharts>
          <CanCreateViews>1</CanCreateViews>
          <CanModifyAdditionalSettings>1</CanModifyAdditionalSettings>
          <CanEnableSyncToExternalSearchIndex>1</CanEnableSyncToExternalSearchIndex>
          <EnforceStateTransitions>0</EnforceStateTransitions>
          <CanChangeHierarchicalRelationship>1</CanChangeHierarchicalRelationship>
          <EntityHelpUrlEnabled>0</EntityHelpUrlEnabled>
          <ChangeTrackingEnabled>0</ChangeTrackingEnabled>
          <CanChangeTrackingBeEnabled>1</CanChangeTrackingBeEnabled>
          <IsEnabledForExternalChannels>0</IsEnabledForExternalChannels>
          <IsSolutionAware>0</IsSolutionAware>
        </entity>
      </EntityInfo>
      <FormXml>
        <forms type="main">
          <systemform>
            <formid>{d55caf0a-bae4-4d40-b008-b253ab4ce243}</formid>
            <IntroducedVersion>1.0.0.6</IntroducedVersion>
            <FormPresentation>1</FormPresentation>
            <FormActivationState>1</FormActivationState>
            <form headerdensity="HighWithControls">
              <tabs>
                <tab verticallayout="true" id="{6d31243c-4f4f-47f6-bc67-d6e87531eb7a}" IsUserDefined="1">
                  <labels>
                    <label description="General" languagecode="1033" />
                    <label description="Général" languagecode="1036" />
                  </labels>
                  <columns>
                    <column width="100%">
                      <sections>
                        <section showlabel="false" showbar="false" IsUserDefined="0" id="{e2fb0e3f-7448-4531-a803-767a37ce03b0}">
                          <labels>
                            <label description="General" languagecode="1033" />
                            <label description="Général" languagecode="1036" />
                          </labels>
                          <rows>
                            <row>
                              <cell id="{8f2b80f8-6425-46b6-9aee-e8e19a76b985}">
                                <labels>
                                  <label description="Name" languagecode="1033" />
                                  <label description="Nom" languagecode="1036" />
                                </labels>
                                <control id="qm_name" classid="{4273EDBD-AC1D-40d3-9FB2-095C621B552D}" datafieldname="qm_name" />
                              </cell>
                            </row>
                            <row>
                              <cell id="{692772a1-0c75-bc77-67c5-d21ae0286cd7}" showlabel="true" locklevel="0">
                                <labels>
                                  <label description="Legislation Source" languagecode="1033" />
                                  <label description="Émmeteur du règlement" languagecode="1036" />
                                </labels>
                                <control id="qm_tylegislationsourceid" classid="{270BD3DB-D9AF-4782-9025-509E298DEC0A}" datafieldname="qm_tylegislationsourceid" disabled="false" />
                              </cell>
                            </row>
                            <row>
                              <cell id="{acaca201-d831-96b8-435e-b05d1206d78a}" showlabel="true" locklevel="0">
                                <labels>
                                  <label description="Legislation Type" languagecode="1033" />
                                  <label description="Type de règlement" languagecode="1036" />
                                </labels>
                                <control id="qm_tylegislationtypeid" classid="{270BD3DB-D9AF-4782-9025-509E298DEC0A}" datafieldname="qm_tylegislationtypeid" disabled="false" />
                              </cell>
                            </row>
                            <row>
                              <cell id="{22c18e40-fb4b-40fa-a33a-6574798153e1}" locklevel="0">
                                <labels>
                                  <label description="Label" languagecode="1033" />
                                  <label description="Marque" languagecode="1036" />
                                </labels>
                                <control id="qm_legislationlbl" classid="{4273EDBD-AC1D-40D3-9FB2-095C621B552D}" datafieldname="qm_legislationlbl" disabled="false" />
                              </cell>
                            </row>
                            <row>
                              <cell id="{92023e24-299d-4ee8-b752-74d1d5bebb9f}" locklevel="0">
                                <labels>
                                  <label description="English" languagecode="1033" />
                                  <label description="anglais" languagecode="1036" />
                                </labels>
                                <control id="qm_legislationetxt" classid="{4273EDBD-AC1D-40D3-9FB2-095C621B552D}" datafieldname="qm_legislationetxt" disabled="false" />
                              </cell>
                            </row>
                            <row>
                              <cell id="{3c0d8ff5-046f-4c5e-8e83-bf795adaa966}" locklevel="0">
                                <labels>
                                  <label description="French" languagecode="1033" />
                                  <label description="français" languagecode="1036" />
                                </labels>
                                <control id="qm_legislationftxt" classid="{4273EDBD-AC1D-40D3-9FB2-095C621B552D}" datafieldname="qm_legislationftxt" disabled="false" />
                              </cell>
                            </row>
                            <row>
                              <cell id="{a68e0cd8-b59c-46fd-9426-c9c0e223cda1}" locklevel="0">
                                <labels>
                                  <label description="Last Amended Dte" languagecode="1033" />
                                  <label description="date de dernière mise à jour" languagecode="1036" />
                                </labels>
                                <control id="qm_lastamendeddte" classid="{5B773807-9FB2-42DB-97C3-7A91EFF8ADFF}" datafieldname="qm_lastamendeddte" disabled="false" />
                              </cell>
                            </row>
                            <row>
                              <cell id="{c73d3a25-7b21-4d00-a2f1-1268438a3fed}" locklevel="0">
                                <labels>
                                  <label description="Historical Note" languagecode="1033" />
                                  <label description="Note antécédante" languagecode="1036" />
                                </labels>
                                <control id="qm_historicalnoteetxt" classid="{4273EDBD-AC1D-40D3-9FB2-095C621B552D}" datafieldname="qm_historicalnoteetxt" disabled="false" />
                              </cell>
                            </row>
                            <row>
                              <cell id="{d4bd46b5-2449-4adc-bdda-bbb6d7887674}" locklevel="0">
                                <labels>
                                  <label description="qm_InforceDte" languagecode="1033" />
                                  <label description="qm_InforceDte" languagecode="1036" />
                                </labels>
                                <control id="qm_inforcedte" classid="{5B773807-9FB2-42DB-97C3-7A91EFF8ADFF}" datafieldname="qm_inforcedte" disabled="false" />
                              </cell>
                            </row>
                            <row>
                              <cell id="{9451d867-1e1f-4875-b171-4bfa8e647743}" locklevel="0">
                                <labels>
                                  <label description="qm_JusticeId" languagecode="1033" />
                                  <label description="qm_JusticeId" languagecode="1036" />
                                </labels>
                                <control id="qm_justiceid" classid="{C6D124CA-7EDA-4A60-AEA9-7FB8D318B68F}" datafieldname="qm_justiceid" disabled="false" />
                              </cell>
                            </row>
                            <row>
                              <cell id="{ddb11261-3535-42c2-846a-0fb4cf7aabfc}" locklevel="0">
                                <labels>
                                  <label description="qm_rcParentLegislationId" languagecode="1033" />
                                </labels>
                                <control id="qm_rcparentlegislationid" classid="{270BD3DB-D9AF-4782-9025-509E298DEC0A}" datafieldname="qm_rcparentlegislationid" disabled="false" />
                              </cell>
                            </row>
                          </rows>
                        </section>
                        <section name="null_section_3" id="77e24c85-5925-4b61-b76f-725c4b5b432c" IsUserDefined="0" locklevel="0" showlabel="true" showbar="false" layout="varwidth" celllabelalignment="Left" celllabelposition="Left" columns="1" labelwidth="115">
                          <labels>
                            <label description="Characteristics" languagecode="1033" />
                          </labels>
                          <rows>
                            <row>
                              <cell id="{cb110074-2900-e6ae-6ae7-9e3d355436d2}" showlabel="false" colspan="1" auto="false" rowspan="1">
                                <labels>
                                  <label description="tylegislationcharacteristics" languagecode="1033" />
                                  <label description="tylegislationcharacteristics" languagecode="1036" />
                                </labels>
                                <control id="Characteristics" classid="{E7A81278-8635-4d9e-8D4D-59480B391C5B}" indicationOfSubgrid="true">
                                  <parameters>
                                    <ViewId>{B1230891-1AA0-4D0C-9D11-B9C66319A0F5}</ViewId>
                                    <IsUserView>false</IsUserView>
                                    <RelationshipName>qm_rclegislation_tylegislationcharacteristic</RelationshipName>
                                    <TargetEntityType>qm_tylegislationcharacteristic</TargetEntityType>
                                    <AutoExpand>Fixed</AutoExpand>
                                    <EnableQuickFind>false</EnableQuickFind>
                                    <EnableViewPicker>false</EnableViewPicker>
                                    <ViewIds>{B1230891-1AA0-4D0C-9D11-B9C66319A0F5}</ViewIds>
                                    <EnableJumpBar>false</EnableJumpBar>
                                    <ChartGridMode>All</ChartGridMode>
                                    <VisualizationId />
                                    <IsUserChart>false</IsUserChart>
                                    <EnableChartPicker>true</EnableChartPicker>
                                    <RecordsPerPage>4</RecordsPerPage>
                                    <HeaderColorCode>#F3F3F3</HeaderColorCode>
                                    <RelationshipRoleOrdinal>1</RelationshipRoleOrdinal>
                                  </parameters>
                                </control>
                              </cell>
                            </row>
                          </rows>
                        </section>
                        <section name="null_section_4" id="ffff03c8-43bc-4818-a894-3969206c7d00" IsUserDefined="0" locklevel="0" showlabel="true" showbar="false" layout="varwidth" celllabelalignment="Left" celllabelposition="Left" columns="1" labelwidth="115">
                          <labels>
                            <label description="Associated Provisions" languagecode="1033" />
                          </labels>
                          <rows>
                            <row>
                              <cell locklevel="0" id="{cc553070-bf14-4407-98c0-f21ea7790eb4}" rowspan="1" colspan="1" showlabel="false">
                                <labels>
                                  <label description="New SG control 1611599990474" languagecode="1033" />
                                  <label description="Législations" languagecode="1036" />
                                </labels>
                                <control id="Subgrid_1" classid="{E7A81278-8635-4D9E-8D4D-59480B391C5B}" indicationOfSubgrid="true">
                                  <parameters>
                                    <TargetEntityType>qm_rclegislation</TargetEntityType>
                                    <ViewId>{4797655A-2612-4C5D-81BE-A514900A38EA}</ViewId>
                                    <ViewIds>{4797655A-2612-4C5D-81BE-A514900A38EA}</ViewIds>
                                    <EnableViewPicker>false</EnableViewPicker>
                                    <RelationshipName>qm_qm_rclegislation_qm_rclegislation</RelationshipName>
                                  </parameters>
                                </control>
                              </cell>
                            </row>
                          </rows>
                        </section>
                      </sections>
                    </column>
                  </columns>
                </tab>
              </tabs>
              <Navigation>
                <NavBar />
                <NavBarAreas>
                  <NavBarArea Id="Info">
                    <Titles>
                      <Title LCID="1033" Text="Common" />
                    </Titles>
                  </NavBarArea>
                  <NavBarArea Id="Sales">
                    <Titles>
                      <Title LCID="1033" Text="Sales" />
                    </Titles>
                  </NavBarArea>
                  <NavBarArea Id="Service">
                    <Titles>
                      <Title LCID="1033" Text="Service" />
                    </Titles>
                  </NavBarArea>
                  <NavBarArea Id="Marketing">
                    <Titles>
                      <Title LCID="1033" Text="Marketing" />
                    </Titles>
                  </NavBarArea>
                  <NavBarArea Id="ProcessCenter">
                    <Titles>
                      <Title LCID="1033" Text="Process Sessions" />
                    </Titles>
                  </NavBarArea>
                </NavBarAreas>
              </Navigation>
              <controlDescriptions />
              <header id="{2fdbe8e6-a5e2-4e18-9cee-d278892d77c9}" celllabelposition="Top" columns="111" labelwidth="115" celllabelalignment="Left">
                <rows>
                  <row>
                    <cell id="{63aeaa7d-6786-4e8e-8039-f10cdbf51965}" showlabel="false">
                      <labels>
                        <label description="" languagecode="1036" />
                      </labels>
                    </cell>
                    <cell id="{420ddada-5ee9-4328-b546-a09a95c92e8c}" showlabel="false">
                      <labels>
                        <label description="" languagecode="1036" />
                      </labels>
                    </cell>
                    <cell id="{0abec49e-fb9e-4d89-88d1-9b9e7e83b242}" showlabel="false">
                      <labels>
                        <label description="" languagecode="1036" />
                      </labels>
                    </cell>
                  </row>
                </rows>
              </header>
              <footer id="{729f0e8d-22d3-41b6-b4bf-93ab2fb5b67f}" celllabelposition="Top" columns="111" labelwidth="115" celllabelalignment="Left">
                <rows>
                  <row>
                    <cell id="{8fb95215-2acf-4c7b-aa66-4f5fa5361f9e}" showlabel="false">
                      <labels>
                        <label description="" languagecode="1036" />
                      </labels>
                    </cell>
                    <cell id="{87e5915f-2d94-4d63-8204-41fe80c798ae}" showlabel="false">
                      <labels>
                        <label description="" languagecode="1036" />
                      </labels>
                    </cell>
                    <cell id="{034f839f-d624-491f-a795-161fb0a71464}" showlabel="false">
                      <labels>
                        <label description="" languagecode="1036" />
                      </labels>
                    </cell>
                  </row>
                </rows>
              </footer>
              <DisplayConditions Order="0" FallbackForm="true">
                <Role Id="{4B00CD47-0217-EB11-A813-000D3AF3AC0D}" />
                <Role Id="{627090ff-40a3-4053-8790-584edc5be201}" />
                <Role Id="{119f245c-3cc8-4b62-b31c-d1a046ced15d}" />
              </DisplayConditions>
            </form>
            <IsCustomizable>1</IsCustomizable>
            <CanBeDeleted>1</CanBeDeleted>
            <LocalizedNames>
              <LocalizedName description="Information" languagecode="1033" />
              <LocalizedName description="Informations" languagecode="1036" />
            </LocalizedNames>
            <Descriptions>
              <Description description="A form for this entity." languagecode="1033" />
              <Description description="Formulaire pour cette entité." languagecode="1036" />
            </Descriptions>
          </systemform>
        </forms>
      </FormXml>
      <SavedQueries>
        <savedqueries>
          <savedquery>
            <IsCustomizable>1</IsCustomizable>
            <CanBeDeleted>0</CanBeDeleted>
            <isquickfindquery>0</isquickfindquery>
            <isprivate>0</isprivate>
            <isdefault>1</isdefault>
            <savedqueryid>{4797655a-2612-4c5d-81be-a514900a38ea}</savedqueryid>
            <layoutxml>
              <grid name="resultset" jump="qm_name" select="1" icon="1" preview="1">
                <row name="result" id="qm_rclegislationid">
                  <cell name="qm_name" width="100" />
                  <cell name="qm_tylegislationtypeid" width="100" />
                  <cell name="qm_legislationlbl" width="100" />
                  <cell name="qm_legislationetxt" width="300" />
                  <cell name="qm_lastamendeddte" width="142" />
                  <cell name="qm_ordernbr" width="25" />
                </row>
              </grid>
            </layoutxml>
            <querytype>0</querytype>
            <fetchxml>
              <fetch version="1.0" mapping="logical">
    <entity name="qm_rclegislation">
        <attribute name="qm_rclegislationid" />
        <attribute name="qm_tylegislationtypeid" />
        <attribute name="qm_lastamendeddte" />
        <attribute name="qm_legislationetxt" />
        
        <attribute name="qm_legislationlbl" />
        <attribute name="qm_ordernbr" />
        <order attribute="qm_ordernbr" descending="false" />
        <filter type="and">
            <condition attribute="qm_tylegislationtypeid" operator="ne" value="{b1015ef4-d729-eb11-a813-000d3af3a7a7}" uiname="Body" uitype="qm_tylegislationtype" />
        </filter>
    <attribute name="qm_name" /></entity>
</fetch>
            </fetchxml>
            <IntroducedVersion>1.0.0.6</IntroducedVersion>
            <LocalizedNames>
              <LocalizedName description="Active Legislations" languagecode="1033" />
              <LocalizedName description="Règlements en vigueur" languagecode="1036" />
            </LocalizedNames>
          </savedquery>
        </savedqueries>
      </SavedQueries>
      <RibbonDiffXml>
        <CustomActions />
        <Templates>
          <RibbonTemplates Id="Mscrm.Templates"></RibbonTemplates>
        </Templates>
        <CommandDefinitions />
        <RuleDefinitions>
          <TabDisplayRules />
          <DisplayRules />
          <EnableRules />
        </RuleDefinitions>
        <LocLabels />
      </RibbonDiffXml>
    </Entity>
    <Entity>
      <Name LocalizedName="Template Question" OriginalName="Question">qm_syquestion</Name>
      <EntityInfo>
        <entity Name="qm_syquestion" unmodified="1">
          <attributes />
        </entity>
      </EntityInfo>
      <FormXml>
        <forms type="main">
          <systemform>
            <formid>{c0dee925-5d72-408d-bcee-a569f3ad49be}</formid>
            <IntroducedVersion>1.0.0.6</IntroducedVersion>
            <FormPresentation>1</FormPresentation>
            <FormActivationState>1</FormActivationState>
            <form shownavigationbar="true" showImage="false" maxWidth="1920" headerdensity="HighWithControls">
              <tabs>
                <tab verticallayout="true" id="{243151ef-afcc-4c75-943b-02f44625d89e}" IsUserDefined="1">
                  <labels>
                    <label description="General" languagecode="1033" />
                    <label description="Général" languagecode="1036" />
                  </labels>
                  <columns>
                    <column width="100%">
                      <sections>
                        <section showlabel="false" showbar="false" IsUserDefined="0" id="{e1aadfa4-0adc-4744-8c88-8a1e4712caf0}">
                          <labels>
                            <label description="General" languagecode="1033" />
                            <label description="Général" languagecode="1036" />
                          </labels>
                          <rows>
                            <row>
                              <cell id="{498279c3-9019-893c-b483-c40ea02b25d1}" showlabel="true" locklevel="0">
                                <labels>
                                  <label description="Order Number" languagecode="1033" />
                                  <label description="Numéro de l'ordre" languagecode="1036" />
                                </labels>
                                <control id="qm_ordernbr" classid="{C6D124CA-7EDA-4a60-AEA9-7FB8D318B68F}" datafieldname="qm_ordernbr" disabled="false" />
                              </cell>
                            </row>
                            <row>
                              <cell id="{1d3c40f8-0d94-4971-8378-23631e61043b}">
                                <labels>
                                  <label description="Name" languagecode="1033" />
                                  <label description="Nom" languagecode="1036" />
                                </labels>
                                <control id="qm_name" classid="{4273EDBD-AC1D-40d3-9FB2-095C621B552D}" datafieldname="qm_name" />
                              </cell>
                            </row>
                            <row>
                              <cell id="{305bc8b8-43d1-752e-518e-97edd6c16a64}" showlabel="true" locklevel="0">
                                <labels>
                                  <label description="Question E" languagecode="1033" />
                                  <label description="Question E" languagecode="1036" />
                                </labels>
                                <control id="qm_questione" classid="{4273EDBD-AC1D-40d3-9FB2-095C621B552D}" datafieldname="qm_questione" disabled="false" />
                              </cell>
                            </row>
                            <row>
                              <cell id="{ecb0828c-38bd-03b6-0eda-26e608929254}" showlabel="true" locklevel="0">
                                <labels>
                                  <label description="Question F" languagecode="1033" />
                                  <label description="Question F" languagecode="1036" />
                                </labels>
                                <control id="qm_questionf" classid="{4273EDBD-AC1D-40d3-9FB2-095C621B552D}" datafieldname="qm_questionf" disabled="false" />
                              </cell>
                            </row>
                            <row>
                              <cell id="{0a908ea6-711c-5d46-40cc-3ba58ec8e648}" showlabel="true" locklevel="0">
                                <labels>
                                  <label description="Is Visible" languagecode="1033" />
                                  <label description="Est visible" languagecode="1036" />
                                </labels>
                                <control id="qm_isvisibleind" classid="{67FAC785-CD58-4f9f-ABB3-4B7DDC6ED5ED}" datafieldname="qm_isvisibleind" disabled="false" />
                              </cell>
                            </row>
                            <row>
                              <cell id="{c7e9a574-9729-4cdd-8166-867f90f56834}" locklevel="0">
                                <labels>
                                  <label description="Question Response Type" languagecode="1033" />
                                  <label description="Type de réponse question" languagecode="1036" />
                                </labels>
                                <control id="qm_questionresponsetypecd" classid="{3EF39988-22BB-4F0B-BBBE-64B5A3748AEE}" datafieldname="qm_questionresponsetypecd" disabled="false" />
                              </cell>
                            </row>
                          </rows>
                        </section>
                      </sections>
                    </column>
                  </columns>
                </tab>
                <tab name="tab_2" id="{1882b625-14d8-54b3-c07c-5b5bc098d216}" IsUserDefined="0" locklevel="0" showlabel="true" expanded="true">
                  <labels>
                    <label description="Sub Questions" languagecode="1033" />
                  </labels>
                  <columns>
                    <column width="34%">
                      <sections>
                        <section name="tab_2_section_1" showlabel="false" showbar="false" locklevel="0" id="{008ade97-dac2-3acc-2402-02dd9111ea4d}" IsUserDefined="0" layout="varwidth" columns="1" labelwidth="115">
                          <labels>
                            <label description="Section" languagecode="1033" />
                            <label description="Section" languagecode="1036" />
                          </labels>
                          <rows>
                            <row>
                              <cell id="{5d863235-ec31-0a6c-2527-8e6654cb5052}" showlabel="true" locklevel="0">
                                <labels>
                                  <label description="Group" languagecode="1033" />
                                  <label description="Groupe" languagecode="1036" />
                                </labels>
                                <control id="qm_sygroupid" classid="{270BD3DB-D9AF-4782-9025-509E298DEC0A}" datafieldname="qm_sygroupid" disabled="false" uniqueid="{c5967a77-c471-9160-80a6-3b8713a20cd5}" />
                              </cell>
                            </row>
                          </rows>
                        </section>
                      </sections>
                    </column>
                    <column width="66%">
                      <sections>
                        <section name="tab_2_section_2" showlabel="false" showbar="false" locklevel="0" id="{40ce0c6b-c501-9699-91d3-74754c664282}" IsUserDefined="0" layout="varwidth" columns="1" labelwidth="115">
                          <labels>
                            <label description="Section" languagecode="1033" />
                            <label description="Section" languagecode="1036" />
                          </labels>
                          <rows>
                            <row>
                              <cell id="{3ca3db59-4dc8-2413-bc72-a5a938405ecc}" showlabel="false" colspan="1" auto="false" rowspan="6">
                                <labels>
                                  <label description="Questions (Question)" languagecode="1033" />
                                  <label description="Questions (Question)" languagecode="1036" />
                                </labels>
                                <control id="ChildQuestions" classid="{E7A81278-8635-4d9e-8D4D-59480B391C5B}" indicationOfSubgrid="true">
                                  <parameters>
                                    <ViewId>{F2BDDA0C-B0E3-46D0-A393-E6C81D725293}</ViewId>
                                    <IsUserView>false</IsUserView>
                                    <RelationshipName>qm_syquestion_syquestion</RelationshipName>
                                    <TargetEntityType>qm_syquestion</TargetEntityType>
                                    <AutoExpand>Fixed</AutoExpand>
                                    <EnableQuickFind>false</EnableQuickFind>
                                    <EnableViewPicker>false</EnableViewPicker>
                                    <ViewIds>{F2BDDA0C-B0E3-46D0-A393-E6C81D725293}</ViewIds>
                                    <EnableJumpBar>false</EnableJumpBar>
                                    <ChartGridMode>All</ChartGridMode>
                                    <VisualizationId />
                                    <IsUserChart>false</IsUserChart>
                                    <EnableChartPicker>true</EnableChartPicker>
                                    <RecordsPerPage>4</RecordsPerPage>
                                    <HeaderColorCode>#F3F3F3</HeaderColorCode>
                                  </parameters>
                                </control>
                              </cell>
                            </row>
                            <row />
                            <row />
                            <row />
                            <row />
                            <row />
                          </rows>
                        </section>
                      </sections>
                    </column>
                  </columns>
                </tab>
              </tabs>
              <Navigation>
                <NavBar />
                <NavBarAreas>
                  <NavBarArea Id="Info">
                    <Titles>
                      <Title LCID="1033" Text="Common" />
                    </Titles>
                  </NavBarArea>
                  <NavBarArea Id="Sales">
                    <Titles>
                      <Title LCID="1033" Text="Sales" />
                    </Titles>
                  </NavBarArea>
                  <NavBarArea Id="Service">
                    <Titles>
                      <Title LCID="1033" Text="Service" />
                    </Titles>
                  </NavBarArea>
                  <NavBarArea Id="Marketing">
                    <Titles>
                      <Title LCID="1033" Text="Marketing" />
                    </Titles>
                  </NavBarArea>
                  <NavBarArea Id="ProcessCenter">
                    <Titles>
                      <Title LCID="1033" Text="Process Sessions" />
                    </Titles>
                  </NavBarArea>
                </NavBarAreas>
              </Navigation>
              <controlDescriptions />
              <DisplayConditions FallbackForm="true" Order="1">
                <Everyone />
              </DisplayConditions>
              <header id="{e8262483-a746-4ca2-9235-4fbe650d5559}" celllabelposition="Top" columns="111" labelwidth="115" celllabelalignment="Left">
                <rows>
                  <row>
                    <cell id="{645d98aa-c3ed-4a93-bd23-dd0b58c46e4b}" showlabel="false">
                      <labels>
                        <label description="" languagecode="1036" />
                      </labels>
                    </cell>
                    <cell id="{03bb4621-1a4c-4185-b80f-011cd28c462c}" showlabel="false">
                      <labels>
                        <label description="" languagecode="1036" />
                      </labels>
                    </cell>
                    <cell id="{454000fd-bc00-48c4-92be-341ba5855bcb}" showlabel="false">
                      <labels>
                        <label description="" languagecode="1036" />
                      </labels>
                    </cell>
                  </row>
                </rows>
              </header>
              <footer id="{64a8f1fd-eb8c-47eb-a411-9e3d1fcf9cd0}" celllabelposition="Top" columns="111" labelwidth="115" celllabelalignment="Left">
                <rows>
                  <row>
                    <cell id="{3c407815-ded5-4dbf-a5e2-b8b4c94dcade}" showlabel="false">
                      <labels>
                        <label description="" languagecode="1036" />
                      </labels>
                    </cell>
                    <cell id="{f3ac6e98-75b9-44fd-9eea-6afbe0f86001}" showlabel="false">
                      <labels>
                        <label description="" languagecode="1036" />
                      </labels>
                    </cell>
                    <cell id="{d9f76ee6-0875-4fce-9c27-a78418a7ce89}" showlabel="false">
                      <labels>
                        <label description="" languagecode="1036" />
                      </labels>
                    </cell>
                  </row>
                </rows>
              </footer>
            </form>
            <IsCustomizable>1</IsCustomizable>
            <CanBeDeleted>1</CanBeDeleted>
            <LocalizedNames>
              <LocalizedName description="Parent Question" languagecode="1033" />
              <LocalizedName description="Question parentale" languagecode="1036" />
            </LocalizedNames>
            <Descriptions>
              <Description description="A form for this entity." languagecode="1033" />
              <Description description="Un formulaire pour cette entité." languagecode="1036" />
            </Descriptions>
          </systemform>
        </forms>
      </FormXml>
      <RibbonDiffXml>
        <CustomActions />
        <Templates>
          <RibbonTemplates Id="Mscrm.Templates"></RibbonTemplates>
        </Templates>
        <CommandDefinitions />
        <RuleDefinitions>
          <TabDisplayRules />
          <DisplayRules />
          <EnableRules />
        </RuleDefinitions>
        <LocLabels />
      </RibbonDiffXml>
    </Entity>
    <Entity>
      <Name LocalizedName="Template" OriginalName="Template">qm_sytemplate</Name>
      <EntityInfo>
        <entity Name="qm_sytemplate">
          <LocalizedNames>
            <LocalizedName description="Template" languagecode="1033" />
            <LocalizedName description="Gabarit" languagecode="1036" />
          </LocalizedNames>
          <LocalizedCollectionNames>
            <LocalizedCollectionName description="Templates" languagecode="1033" />
            <LocalizedCollectionName description="Gabarits" languagecode="1036" />
          </LocalizedCollectionNames>
          <Descriptions>
            <Description description="" languagecode="1033" />
            <Description description="" languagecode="1036" />
          </Descriptions>
          <attributes />
          <EntitySetName>qm_sytemplates</EntitySetName>
          <IsDuplicateCheckSupported>1</IsDuplicateCheckSupported>
          <IsBusinessProcessEnabled>0</IsBusinessProcessEnabled>
          <IsRequiredOffline>0</IsRequiredOffline>
          <IsInteractionCentricEnabled>0</IsInteractionCentricEnabled>
          <IsCollaboration>0</IsCollaboration>
          <AutoRouteToOwnerQueue>0</AutoRouteToOwnerQueue>
          <IsConnectionsEnabled>0</IsConnectionsEnabled>
          <EntityColor></EntityColor>
          <IsDocumentManagementEnabled>0</IsDocumentManagementEnabled>
          <AutoCreateAccessTeams>0</AutoCreateAccessTeams>
          <IsOneNoteIntegrationEnabled>0</IsOneNoteIntegrationEnabled>
          <IsKnowledgeManagementEnabled>0</IsKnowledgeManagementEnabled>
          <IsSLAEnabled>0</IsSLAEnabled>
          <IsDocumentRecommendationsEnabled>0</IsDocumentRecommendationsEnabled>
          <IsBPFEntity>0</IsBPFEntity>
          <OwnershipTypeMask>OrgOwned</OwnershipTypeMask>
          <IsAuditEnabled>1</IsAuditEnabled>
          <IsRetrieveAuditEnabled>1</IsRetrieveAuditEnabled>
          <IsRetrieveMultipleAuditEnabled>0</IsRetrieveMultipleAuditEnabled>
          <IsActivity>0</IsActivity>
          <ActivityTypeMask></ActivityTypeMask>
          <IsActivityParty>0</IsActivityParty>
          <IsReplicated>0</IsReplicated>
          <IsReplicationUserFiltered>0</IsReplicationUserFiltered>
          <IsMailMergeEnabled>0</IsMailMergeEnabled>
          <IsVisibleInMobile>0</IsVisibleInMobile>
          <IsVisibleInMobileClient>1</IsVisibleInMobileClient>
          <IsReadOnlyInMobileClient>0</IsReadOnlyInMobileClient>
          <IsOfflineInMobileClient>1</IsOfflineInMobileClient>
          <DaysSinceRecordLastModified>0</DaysSinceRecordLastModified>
          <MobileOfflineFilters>&lt;fetch version="1.0" output-format="xml-platform" mapping="logical" distinct="false"&gt;&lt;entity name="qm_sytemplate"&gt;&lt;all-attributes/&gt;&lt;filter type="and"&gt;&lt;condition attribute="createdon" operator="on" value="2020-01-01"/&gt;&lt;/filter&gt;&lt;/entity&gt;&lt;/fetch&gt;</MobileOfflineFilters>
          <IsMapiGridEnabled>1</IsMapiGridEnabled>
          <IsReadingPaneEnabled>1</IsReadingPaneEnabled>
          <IsQuickCreateEnabled>0</IsQuickCreateEnabled>
          <SyncToExternalSearchIndex>0</SyncToExternalSearchIndex>
          <IntroducedVersion>1.0.0.6</IntroducedVersion>
          <IsCustomizable>1</IsCustomizable>
          <IsRenameable>1</IsRenameable>
          <IsMappable>1</IsMappable>
          <CanModifyAuditSettings>1</CanModifyAuditSettings>
          <CanModifyMobileVisibility>1</CanModifyMobileVisibility>
          <CanModifyMobileClientVisibility>1</CanModifyMobileClientVisibility>
          <CanModifyMobileClientReadOnly>1</CanModifyMobileClientReadOnly>
          <CanModifyMobileClientOffline>1</CanModifyMobileClientOffline>
          <CanModifyConnectionSettings>1</CanModifyConnectionSettings>
          <CanModifyDuplicateDetectionSettings>1</CanModifyDuplicateDetectionSettings>
          <CanModifyMailMergeSettings>1</CanModifyMailMergeSettings>
          <CanModifyQueueSettings>1</CanModifyQueueSettings>
          <CanCreateAttributes>1</CanCreateAttributes>
          <CanCreateForms>1</CanCreateForms>
          <CanCreateCharts>1</CanCreateCharts>
          <CanCreateViews>1</CanCreateViews>
          <CanModifyAdditionalSettings>1</CanModifyAdditionalSettings>
          <CanEnableSyncToExternalSearchIndex>1</CanEnableSyncToExternalSearchIndex>
          <EnforceStateTransitions>0</EnforceStateTransitions>
          <CanChangeHierarchicalRelationship>1</CanChangeHierarchicalRelationship>
          <EntityHelpUrlEnabled>0</EntityHelpUrlEnabled>
          <EntityHelpUrl></EntityHelpUrl>
          <ChangeTrackingEnabled>1</ChangeTrackingEnabled>
          <CanChangeTrackingBeEnabled>1</CanChangeTrackingBeEnabled>
          <IsEnabledForExternalChannels>0</IsEnabledForExternalChannels>
          <IsSolutionAware>0</IsSolutionAware>
        </entity>
      </EntityInfo>
      <FormXml>
        <forms type="main">
          <systemform>
            <formid>{5e40ccd7-d32a-eb11-a813-000d3af3a7a7}</formid>
            <IntroducedVersion>1.0.0.0</IntroducedVersion>
            <FormPresentation>1</FormPresentation>
            <FormActivationState>1</FormActivationState>
            <form headerdensity="HighWithControls" shownavigationbar="true" showImage="false" maxWidth="1920">
              <tabs>
                <tab verticallayout="true" id="{577b9b2e-1971-4cd6-8591-6663ff39b327}" IsUserDefined="1" name="{577b9b2e-1971-4cd6-8591-6663ff39b327}" locklevel="0" expanded="true" showlabel="true" labelid="{46cb1091-afc9-4b97-98c8-104044ae9dc9}">
                  <labels>
                    <label description="General" languagecode="1033" />
                    <label description="Général" languagecode="1036" />
                  </labels>
                  <columns>
                    <column width="100%">
                      <sections>
                        <section showlabel="false" showbar="false" IsUserDefined="0" id="{96d0ae62-4c3e-4d2c-b89e-bedefc0e9299}" name="{96d0ae62-4c3e-4d2c-b89e-bedefc0e9299}" columns="11" locklevel="0" labelwidth="70" celllabelalignment="Left" celllabelposition="Top" labelid="{9847c163-eb45-4b47-af8e-3646f279c4a1}">
                          <labels>
                            <label description="General" languagecode="1033" />
                            <label description="Général" languagecode="1036" />
                          </labels>
                          <rows>
                            <row>
                              <cell id="{0ba1fc61-5112-4ceb-95ff-cd61205285a6}" labelid="{61359dde-4dc5-4abe-a497-87949e1c9270}" showlabel="true" locklevel="0">
                                <labels>
                                  <label description="Name" languagecode="1033" />
                                  <label description="Nom" languagecode="1036" />
                                </labels>
                                <control id="qm_name" classid="{4273EDBD-AC1D-40d3-9FB2-095C621B552D}" datafieldname="qm_name" uniqueid="{7473ac72-ec7e-5ab0-09ac-32b655c91a1a}" disabled="false" />
                              </cell>
                              <cell locklevel="0" id="{9f48bd36-70c1-4eae-aa59-d92124a5c6ac}" showlabel="false" labelid="{19d9c722-46e4-4922-9745-1559218f3f37}">
                                <labels>
                                  <label description="" languagecode="1036" />
                                </labels>
                              </cell>
                            </row>
                            <row>
                              <cell id="{d99b5b9f-1f01-483b-bcef-3fa4449376a4}" locklevel="0" labelid="{235c69f6-7aa8-4187-b32f-e373c7c9451d}">
                                <labels>
                                  <label description="Template English Name" languagecode="1033" />
                                  <label description="Nom du modèle (anglais)" languagecode="1036" />
                                </labels>
                                <control id="qm_templateenm" classid="{4273EDBD-AC1D-40D3-9FB2-095C621B552D}" datafieldname="qm_templateenm" disabled="false" uniqueid="{8e6e8282-8135-7e7c-05bc-5cad98b33d31}" />
                              </cell>
                              <cell locklevel="0" id="{ea7e7916-c078-48f3-8489-c0e235000684}" showlabel="false" labelid="{8faaec6c-eb3b-4d6d-9f8c-4e7c106319f1}">
                                <labels>
                                  <label description="" languagecode="1036" />
                                </labels>
                              </cell>
                            </row>
                            <row>
                              <cell id="{c5e4e471-160a-4080-9b3f-a5079b1093cc}" locklevel="0" labelid="{bd769d7b-08f2-48f5-a655-cd6dd580706c}">
                                <labels>
                                  <label description="Template French Name" languagecode="1033" />
                                  <label description="Nom du modèle (français)" languagecode="1036" />
                                </labels>
                                <control id="qm_templatefnm" classid="{4273EDBD-AC1D-40D3-9FB2-095C621B552D}" datafieldname="qm_templatefnm" disabled="false" uniqueid="{a6da3b83-a899-0832-563c-e306b4c40264}" />
                              </cell>
                              <cell locklevel="0" id="{0e9a0bf7-8be2-475a-840b-8a743319fe01}" showlabel="false" labelid="{892833b4-18c8-4213-991d-a47207c6182d}">
                                <labels>
                                  <label description="" languagecode="1036" />
                                </labels>
                              </cell>
                            </row>
                            <row>
                              <cell id="{ece9931d-4c4e-48e6-888d-98f307f27534}" locklevel="0" labelid="{6d51f0e7-5699-40ff-9623-5966b0c51559}">
                                <labels>
                                  <label description="Template English Description" languagecode="1033" />
                                  <label description="Description du modèle (anglais)" languagecode="1036" />
                                </labels>
                                <control id="qm_templatedescetxt" classid="{4273EDBD-AC1D-40D3-9FB2-095C621B552D}" datafieldname="qm_templatedescetxt" disabled="false" uniqueid="{31689664-87ba-ec0e-8d51-681ca9128803}" />
                              </cell>
                              <cell locklevel="0" id="{0f83622b-2918-4dbf-87bd-382b5d24b5f9}" showlabel="false" labelid="{2636c169-b795-4830-8a50-be629caaf1b1}">
                                <labels>
                                  <label description="" languagecode="1036" />
                                </labels>
                              </cell>
                            </row>
                            <row>
                              <cell id="{6b8b6c1b-2221-427b-b77a-c9d51493e52a}" locklevel="0" labelid="{11a79e6a-e109-4cfe-9763-f5ef0962e5fd}">
                                <labels>
                                  <label description="Template French Description" languagecode="1033" />
                                  <label description="Description du modèle (français)" languagecode="1036" />
                                </labels>
                                <control id="qm_templatedescftxt" classid="{4273EDBD-AC1D-40D3-9FB2-095C621B552D}" datafieldname="qm_templatedescftxt" disabled="false" uniqueid="{a0651c05-b99e-4017-94aa-ac79e4aa25c4}" />
                              </cell>
                              <cell id="{c9b747c8-95b5-9743-53d6-598e1d9936a3}" showlabel="false" labelid="{d63eb14f-8a5b-4044-b85d-28960281b486}">
                                <labels>
                                  <label description="" languagecode="1036" />
                                </labels>
                              </cell>
                            </row>
                          </rows>
                        </section>
                      </sections>
                    </column>
                  </columns>
                </tab>
                <tab name="tab_2" id="be7a9946-bab7-4a7f-be6f-2c58d6bcb051" IsUserDefined="0" locklevel="0" showlabel="true" expanded="true" labelid="{f3be7e88-59ee-4f17-9448-60f8f9e5a2c8}">
                  <labels>
                    <label description="Builder" languagecode="1033" />
                  </labels>
                  <columns>
                    <column width="100%">
                      <sections>
                        <section name="tab_2_section_1" id="93ab8f82-84af-4b79-8028-2bac4d779435" IsUserDefined="0" locklevel="0" showlabel="false" showbar="false" layout="varwidth" celllabelalignment="Left" celllabelposition="Left" columns="1" labelwidth="115" height="auto" labelid="{03c42141-1076-4bd3-a1cb-cbf7d40d81ba}">
                          <labels>
                            <label description="New Section" languagecode="1033" />
                          </labels>
                          <rows>
                            <row>
                              <cell id="{6d3c72c4-9888-7696-5155-84a3e62bdb92}" showlabel="false" colspan="1" auto="true" rowspan="25" labelid="{20c9bd82-9386-4d2b-b44d-483ab248245e}">
                                <labels>
                                  <label description="Builder" languagecode="1033" />
                                  <label description="Constructeur" languagecode="1036" />
                                </labels>
                                <control id="WebResource_BuilderTemplateForm" classid="{9FDF5F91-88B1-47f4-AD53-C11EFC01A01D}">
                                  <parameters>
                                    <Url>qm_builder.html</Url>
                                    <PassParameters>true</PassParameters>
                                    <ShowOnMobileClient>false</ShowOnMobileClient>
                                    <Security>false</Security>
                                    <Scrolling>auto</Scrolling>
                                    <Border>false</Border>
                                    <WebResourceId>{981D984A-D22A-EB11-A813-000D3AF3A7A7}</WebResourceId>
                                  </parameters>
                                </control>
                                <events>
                                  <event name="onload" application="false">
                                    <dependencies />
                                  </event>
                                </events>
                              </cell>
                            </row>
                            <row />
                            <row />
                            <row />
                            <row />
                            <row />
                            <row />
                            <row />
                            <row />
                            <row />
                            <row />
                            <row />
                            <row />
                            <row />
                            <row />
                            <row />
                            <row />
                            <row />
                            <row />
                            <row />
                            <row />
                            <row />
                            <row />
                            <row />
                            <row height="auto" />
                          </rows>
                        </section>
                      </sections>
                    </column>
                  </columns>
                </tab>
                <tab name="tab_3" id="{c509ebd6-4e34-6722-d1b8-99a7ece42b5e}" IsUserDefined="0" locklevel="0" showlabel="true" expanded="false">
                  <labels>
                    <label description="JSON Preview" languagecode="1033" />
                    <label description="Aperçu JSON" languagecode="1036" />
                  </labels>
                  <columns>
                    <column width="100%">
                      <sections>
                        <section name="tab_3_section_1" showlabel="false" showbar="false" locklevel="0" id="{ca0baabb-1482-0116-a570-34a72aed8a62}" IsUserDefined="0" layout="varwidth" columns="11" labelwidth="115" celllabelalignment="Left" celllabelposition="Top" height="auto">
                          <labels>
                            <label description="Section" languagecode="1033" />
                            <label description="Section" languagecode="1036" />
                          </labels>
                          <rows>
                            <row>
                              <cell id="{d7196ec5-caeb-0273-5750-a0bbad07bdd0}" showlabel="true" locklevel="0" auto="true" rowspan="10" colspan="2">
                                <labels>
                                  <label description="Template JSON" languagecode="1033" />
                                  <label description="Modèle JSON" languagecode="1036" />
                                </labels>
                                <control id="qm_templatejsontxt" classid="{E0DECE4B-6FC8-4a8f-A065-082708572369}" datafieldname="qm_templatejsontxt" disabled="false" uniqueid="{a80657d1-ede5-ee74-32cd-4c56d4cee294}" />
                              </cell>
                            </row>
                            <row />
                            <row />
                            <row />
                            <row />
                            <row />
                            <row />
                            <row />
                            <row />
                            <row height="auto" />
                          </rows>
                        </section>
                      </sections>
                    </column>
                  </columns>
                </tab>
              </tabs>
              <Navigation>
                <NavBar></NavBar>
                <NavBarAreas>
                  <NavBarArea Id="Info">
                    <Titles>
                      <Title LCID="1033" Text="Common" />
                    </Titles>
                  </NavBarArea>
                  <NavBarArea Id="Sales">
                    <Titles>
                      <Title LCID="1033" Text="Sales" />
                    </Titles>
                  </NavBarArea>
                  <NavBarArea Id="Service">
                    <Titles>
                      <Title LCID="1033" Text="Service" />
                    </Titles>
                  </NavBarArea>
                  <NavBarArea Id="Marketing">
                    <Titles>
                      <Title LCID="1033" Text="Marketing" />
                    </Titles>
                  </NavBarArea>
                  <NavBarArea Id="ProcessCenter">
                    <Titles>
                      <Title LCID="1033" Text="Process Sessions" />
                    </Titles>
                  </NavBarArea>
                </NavBarAreas>
              </Navigation>
              <controlDescriptions />
              <header id="{23a97581-dc62-4e84-ad30-aa411e027636}" celllabelposition="Top" columns="111" labelwidth="115" celllabelalignment="Left">
                <rows>
                  <row>
                    <cell id="{883388e1-33ab-4f76-9714-3194f4f75e57}" showlabel="false" labelid="{ac1725a6-0d1c-4952-a472-823b85940acc}">
                      <labels>
                        <label description="" languagecode="1036" />
                      </labels>
                    </cell>
                    <cell id="{d088ddf8-0eba-462a-99b1-619c2cf13396}" showlabel="false" labelid="{12b37604-1a97-41c8-941b-1e93127d8987}">
                      <labels>
                        <label description="" languagecode="1036" />
                      </labels>
                    </cell>
                    <cell id="{42da0747-d540-43c2-a07e-2dac842a274f}" showlabel="false" labelid="{32b96a1f-a17a-462d-9d2f-4f60bbc69d36}">
                      <labels>
                        <label description="" languagecode="1036" />
                      </labels>
                    </cell>
                  </row>
                </rows>
              </header>
              <footer id="{edbf43c5-480d-419e-8b1b-ffa8d720ad64}" celllabelposition="Top" columns="111" labelwidth="115" celllabelalignment="Left">
                <rows>
                  <row>
                    <cell id="{eac66258-2998-4588-8e96-f33016403d86}" showlabel="false" labelid="{4000371d-8d00-4d16-a951-db87ff945996}">
                      <labels>
                        <label description="" languagecode="1036" />
                      </labels>
                    </cell>
                    <cell id="{da241a5e-99c3-4ba4-bd30-6a3a47e3bf19}" showlabel="false" labelid="{9156aeeb-c83d-483f-9b65-a172aaa79211}">
                      <labels>
                        <label description="" languagecode="1036" />
                      </labels>
                    </cell>
                    <cell id="{ebb04f7b-75d4-4d6c-8fbf-7f13d7f8f74d}" showlabel="false" labelid="{76c453a4-28da-4af2-aabd-1c803246e357}">
                      <labels>
                        <label description="" languagecode="1036" />
                      </labels>
                    </cell>
                  </row>
                </rows>
              </footer>
              <formLibraries>
                <Library name="qm_globalHelper.js" libraryUniqueId="{6a79c1b7-2c57-39c1-22d7-a1665837ce55}" />
                <Library name="qm_questionnaireFunctions.js" libraryUniqueId="{e36c4b38-886c-d4ba-7848-9322790e1d7b}" />
                <Library name="qm_templateForm.js" libraryUniqueId="{64e8d66c-9bb3-c700-c027-56071b3a9c9a}" />
              </formLibraries>
              <events>
                <event name="onload" application="false" active="false">
                  <Handlers>
                    <Handler functionName="TemplateMainForm.OnLoad" libraryName="qm_templateForm.js" handlerUniqueId="{674a3788-77b1-3744-d654-3dc5b69a1ee9}" enabled="true" parameters="" passExecutionContext="true" />
                  </Handlers>
                </event>
              </events>
              <DisplayConditions Order="1" FallbackForm="true">
                <Role Id="{4B00CD47-0217-EB11-A813-000D3AF3AC0D}" />
                <Role Id="{627090ff-40a3-4053-8790-584edc5be201}" />
                <Role Id="{119f245c-3cc8-4b62-b31c-d1a046ced15d}" />
              </DisplayConditions>
            </form>
            <IsCustomizable>1</IsCustomizable>
            <CanBeDeleted>1</CanBeDeleted>
            <LocalizedNames>
              <LocalizedName description="Template" languagecode="1033" />
              <LocalizedName description="Gabarit" languagecode="1036" />
            </LocalizedNames>
            <Descriptions>
              <Description description="A form for this entity." languagecode="1033" />
              <Description description="Un formulaire pour cette entité." languagecode="1036" />
            </Descriptions>
          </systemform>
        </forms>
      </FormXml>
      <RibbonDiffXml>
        <CustomActions />
        <Templates>
          <RibbonTemplates Id="Mscrm.Templates"></RibbonTemplates>
        </Templates>
        <CommandDefinitions />
        <RuleDefinitions>
          <TabDisplayRules />
          <DisplayRules />
          <EnableRules />
        </RuleDefinitions>
        <LocLabels />
      </RibbonDiffXml>
    </Entity>
    <Entity>
      <Name LocalizedName="Legislation Characteristic" OriginalName="tylegislationcharacteristic">qm_tylegislationcharacteristic</Name>
      <EntityInfo>
        <entity Name="qm_tylegislationcharacteristic">
          <LocalizedNames>
            <LocalizedName description="Legislation Characteristic" languagecode="1033" />
            <LocalizedName description="caractéristique législative" languagecode="1036" />
          </LocalizedNames>
          <LocalizedCollectionNames>
            <LocalizedCollectionName description="tylegislationcharacteristics" languagecode="1033" />
            <LocalizedCollectionName description="tylegislationcharacteristics" languagecode="1036" />
          </LocalizedCollectionNames>
          <Descriptions>
            <Description description="" languagecode="1033" />
            <Description description="" languagecode="1036" />
          </Descriptions>
          <attributes />
          <EntitySetName>qm_tylegislationcharacteristics</EntitySetName>
          <IsDuplicateCheckSupported>1</IsDuplicateCheckSupported>
          <IsBusinessProcessEnabled>0</IsBusinessProcessEnabled>
          <IsRequiredOffline>0</IsRequiredOffline>
          <IsInteractionCentricEnabled>0</IsInteractionCentricEnabled>
          <IsCollaboration>0</IsCollaboration>
          <AutoRouteToOwnerQueue>0</AutoRouteToOwnerQueue>
          <IsConnectionsEnabled>0</IsConnectionsEnabled>
          <IsDocumentManagementEnabled>0</IsDocumentManagementEnabled>
          <AutoCreateAccessTeams>0</AutoCreateAccessTeams>
          <IsOneNoteIntegrationEnabled>0</IsOneNoteIntegrationEnabled>
          <IsKnowledgeManagementEnabled>0</IsKnowledgeManagementEnabled>
          <IsSLAEnabled>0</IsSLAEnabled>
          <IsDocumentRecommendationsEnabled>0</IsDocumentRecommendationsEnabled>
          <IsBPFEntity>0</IsBPFEntity>
          <OwnershipTypeMask>OrgOwned</OwnershipTypeMask>
          <IsAuditEnabled>0</IsAuditEnabled>
          <IsRetrieveAuditEnabled>0</IsRetrieveAuditEnabled>
          <IsRetrieveMultipleAuditEnabled>0</IsRetrieveMultipleAuditEnabled>
          <IsActivity>0</IsActivity>
          <ActivityTypeMask>CommunicationActivity</ActivityTypeMask>
          <IsActivityParty>0</IsActivityParty>
          <IsReplicated>0</IsReplicated>
          <IsReplicationUserFiltered>0</IsReplicationUserFiltered>
          <IsMailMergeEnabled>1</IsMailMergeEnabled>
          <IsVisibleInMobile>0</IsVisibleInMobile>
          <IsVisibleInMobileClient>0</IsVisibleInMobileClient>
          <IsReadOnlyInMobileClient>0</IsReadOnlyInMobileClient>
          <IsOfflineInMobileClient>0</IsOfflineInMobileClient>
          <DaysSinceRecordLastModified>0</DaysSinceRecordLastModified>
          <MobileOfflineFilters></MobileOfflineFilters>
          <IsMapiGridEnabled>1</IsMapiGridEnabled>
          <IsReadingPaneEnabled>1</IsReadingPaneEnabled>
          <IsQuickCreateEnabled>0</IsQuickCreateEnabled>
          <SyncToExternalSearchIndex>0</SyncToExternalSearchIndex>
          <IntroducedVersion>1.0.0.6</IntroducedVersion>
          <IsCustomizable>1</IsCustomizable>
          <IsRenameable>1</IsRenameable>
          <IsMappable>1</IsMappable>
          <CanModifyAuditSettings>1</CanModifyAuditSettings>
          <CanModifyMobileVisibility>1</CanModifyMobileVisibility>
          <CanModifyMobileClientVisibility>1</CanModifyMobileClientVisibility>
          <CanModifyMobileClientReadOnly>1</CanModifyMobileClientReadOnly>
          <CanModifyMobileClientOffline>1</CanModifyMobileClientOffline>
          <CanModifyConnectionSettings>1</CanModifyConnectionSettings>
          <CanModifyDuplicateDetectionSettings>1</CanModifyDuplicateDetectionSettings>
          <CanModifyMailMergeSettings>1</CanModifyMailMergeSettings>
          <CanModifyQueueSettings>1</CanModifyQueueSettings>
          <CanCreateAttributes>1</CanCreateAttributes>
          <CanCreateForms>1</CanCreateForms>
          <CanCreateCharts>1</CanCreateCharts>
          <CanCreateViews>1</CanCreateViews>
          <CanModifyAdditionalSettings>1</CanModifyAdditionalSettings>
          <CanEnableSyncToExternalSearchIndex>1</CanEnableSyncToExternalSearchIndex>
          <EnforceStateTransitions>0</EnforceStateTransitions>
          <CanChangeHierarchicalRelationship>1</CanChangeHierarchicalRelationship>
          <EntityHelpUrlEnabled>0</EntityHelpUrlEnabled>
          <ChangeTrackingEnabled>0</ChangeTrackingEnabled>
          <CanChangeTrackingBeEnabled>1</CanChangeTrackingBeEnabled>
          <IsEnabledForExternalChannels>0</IsEnabledForExternalChannels>
          <IsSolutionAware>0</IsSolutionAware>
        </entity>
      </EntityInfo>
      <FormXml>
        <forms type="main">
          <systemform>
            <formid>{d0bffb7c-35e3-4cb7-a432-d9108ddfe680}</formid>
            <IntroducedVersion>1.0.0.6</IntroducedVersion>
            <FormPresentation>1</FormPresentation>
            <FormActivationState>1</FormActivationState>
            <form headerdensity="HighWithControls">
              <tabs>
                <tab verticallayout="true" id="{eff8a45d-0317-4b60-9065-865065b333c4}" IsUserDefined="1">
                  <labels>
                    <label description="General" languagecode="1033" />
                    <label description="Général" languagecode="1036" />
                  </labels>
                  <columns>
                    <column width="100%">
                      <sections>
                        <section showlabel="false" showbar="false" IsUserDefined="0" id="{8263f712-b9db-4bc2-a92a-44787acdbd85}">
                          <labels>
                            <label description="General" languagecode="1033" />
                            <label description="Général" languagecode="1036" />
                          </labels>
                          <rows>
                            <row>
                              <cell id="{39fbc0fb-ecd1-4319-bc9b-ee05104e39ef}">
                                <labels>
                                  <label description="Name" languagecode="1033" />
                                  <label description="Nom" languagecode="1036" />
                                </labels>
                                <control id="qm_name" classid="{4273EDBD-AC1D-40d3-9FB2-095C621B552D}" datafieldname="qm_name" />
                              </cell>
                            </row>
                            <row>
                              <cell id="{97a5b572-72a2-4757-aa2e-888f7633b9a9}" locklevel="0">
                                <labels>
                                  <label description="English Label" languagecode="1033" />
                                  <label description="Marque (anglais)" languagecode="1036" />
                                </labels>
                                <control id="qm_legislationcharacteristicelbl" classid="{4273EDBD-AC1D-40D3-9FB2-095C621B552D}" datafieldname="qm_legislationcharacteristicelbl" disabled="false" />
                              </cell>
                            </row>
                            <row>
                              <cell id="{1c4eba58-9f6b-4ee6-9a7d-fe003835e877}" locklevel="0">
                                <labels>
                                  <label description="French Label" languagecode="1033" />
                                  <label description="Marque (français)" languagecode="1036" />
                                </labels>
                                <control id="qm_legislationcharacteristicflbl" classid="{4273EDBD-AC1D-40D3-9FB2-095C621B552D}" datafieldname="qm_legislationcharacteristicflbl" disabled="false" />
                              </cell>
                            </row>
                            <row>
                              <cell id="{2f745f1a-fc9f-49af-861a-8e190172d568}" locklevel="0">
                                <labels>
                                  <label description="Created On" languagecode="1033" />
                                  <label description="Créé le" languagecode="1036" />
                                </labels>
                                <control id="createdon" classid="{5B773807-9FB2-42DB-97C3-7A91EFF8ADFF}" datafieldname="createdon" disabled="false" />
                              </cell>
                            </row>
                            <row>
                              <cell id="{fd9d2258-f64c-4d1e-99a3-f1a1f9b8a44f}" locklevel="0">
                                <labels>
                                  <label description="Created By" languagecode="1033" />
                                  <label description="Créé par" languagecode="1036" />
                                </labels>
                                <control id="createdby" classid="{270BD3DB-D9AF-4782-9025-509E298DEC0A}" datafieldname="createdby" disabled="false" />
                              </cell>
                            </row>
                            <row>
                              <cell id="{0b961b29-7cb9-448d-a07b-b113cbaa470b}" locklevel="0">
                                <labels>
                                  <label description="Modified On" languagecode="1033" />
                                  <label description="Modifié le" languagecode="1036" />
                                </labels>
                                <control id="modifiedon" classid="{5B773807-9FB2-42DB-97C3-7A91EFF8ADFF}" datafieldname="modifiedon" disabled="false" />
                              </cell>
                            </row>
                            <row>
                              <cell id="{a07c7fa5-2bae-4ee7-9721-1bfdcd59b6b3}" locklevel="0">
                                <labels>
                                  <label description="Modified By" languagecode="1033" />
                                  <label description="Modifié par" languagecode="1036" />
                                </labels>
                                <control id="modifiedby" classid="{270BD3DB-D9AF-4782-9025-509E298DEC0A}" datafieldname="modifiedby" disabled="false" />
                              </cell>
                            </row>
                            <row>
                              <cell id="{a63d8eec-4d80-cbd1-2705-8720204e0c55}" showlabel="true" locklevel="0">
                                <labels>
                                  <label description="Parent Category" languagecode="1033" />
                                  <label description="Maison mère" languagecode="1036" />
                                </labels>
                                <control id="qm_categoryid" classid="{270BD3DB-D9AF-4782-9025-509E298DEC0A}" datafieldname="qm_categoryid" disabled="true" uniqueid="{47a5594e-2e53-c182-b410-89a64b702d1c}">
                                  <parameters>
                                    <AutoResolve>true</AutoResolve>
                                    <DisableMru>true</DisableMru>
                                    <DisableQuickFind>false</DisableQuickFind>
                                    <DisableViewPicker>false</DisableViewPicker>
                                    <DefaultViewId>{4BF3D928-BAED-4B13-A814-00F71C79231F}</DefaultViewId>
                                    <AllowFilterOff>false</AllowFilterOff>
                                  </parameters>
                                </control>
                              </cell>
                            </row>
                            <row>
                              <cell id="{d8817a30-c7de-47a7-b367-7787eee4ab89}" locklevel="0">
                                <labels>
                                  <label description="Status" languagecode="1033" />
                                  <label description="Statut" languagecode="1036" />
                                </labels>
                                <control id="statecode" classid="{3EF39988-22BB-4F0B-BBBE-64B5A3748AEE}" datafieldname="statecode" disabled="false" />
                              </cell>
                            </row>
                          </rows>
                        </section>
                        <section name="null_section_3" id="81867eac-6ef1-4e86-bd11-3c128a1f5753" IsUserDefined="0" locklevel="0" showlabel="true" showbar="false" layout="varwidth" celllabelalignment="Left" celllabelposition="Left" columns="1" labelwidth="115">
                          <labels>
                            <label description="Legislation" languagecode="1033" />
                          </labels>
                          <rows>
                            <row>
                              <cell locklevel="0" id="{f770e738-4122-4fa6-b9c5-0c8d4c2621de}" rowspan="1" colspan="1" showlabel="false">
                                <labels>
                                  <label description="New SG control 1611346167743" languagecode="1033" />
                                  <label description="Législations" languagecode="1036" />
                                </labels>
                                <control id="Subgrid_1" classid="{E7A81278-8635-4D9E-8D4D-59480B391C5B}" indicationOfSubgrid="true">
                                  <parameters>
                                    <TargetEntityType>qm_rclegislation</TargetEntityType>
                                    <ViewId>{4797655A-2612-4C5D-81BE-A514900A38EA}</ViewId>
                                    <ViewIds>{4797655A-2612-4C5D-81BE-A514900A38EA}</ViewIds>
                                    <EnableViewPicker>false</EnableViewPicker>
                                    <RelationshipName>qm_rclegislation_tylegislationcharacteristic</RelationshipName>
                                  </parameters>
                                </control>
                              </cell>
                            </row>
                          </rows>
                        </section>
                      </sections>
                    </column>
                  </columns>
                </tab>
              </tabs>
              <header id="{f1346d1d-07e9-460e-91eb-91dd754dd55c}" celllabelposition="Top" columns="111" labelwidth="115" celllabelalignment="Left">
                <rows>
                  <row>
                    <cell id="{424d2220-0c37-4958-9383-70f4707a546a}" showlabel="false">
                      <labels>
                        <label description="" languagecode="1036" />
                      </labels>
                    </cell>
                    <cell id="{1bc06f9a-dc39-4a87-be9d-aa0c11921879}" showlabel="false">
                      <labels>
                        <label description="" languagecode="1036" />
                      </labels>
                    </cell>
                    <cell id="{13a1e763-95a9-ae06-3186-aa6c09a5950a}" showlabel="false">
                      <labels>
                        <label description="" languagecode="1036" />
                      </labels>
                    </cell>
                  </row>
                </rows>
              </header>
              <footer id="{97e5a2e3-3366-4c6c-9a75-87e7c72794a6}" celllabelposition="Top" columns="111" labelwidth="115" celllabelalignment="Left">
                <rows>
                  <row>
                    <cell id="{efdee671-b116-4b1f-b108-1d8690bea586}" showlabel="false">
                      <labels>
                        <label description="" languagecode="1036" />
                      </labels>
                    </cell>
                    <cell id="{769b4fba-660a-4505-ad49-9d459470d83d}" showlabel="false">
                      <labels>
                        <label description="" languagecode="1036" />
                      </labels>
                    </cell>
                    <cell id="{f83665ee-bcfb-45a2-b17e-c264aca0ff8e}" showlabel="false">
                      <labels>
                        <label description="" languagecode="1036" />
                      </labels>
                    </cell>
                  </row>
                </rows>
              </footer>
              <Navigation>
                <NavBar />
                <NavBarAreas>
                  <NavBarArea Id="Info">
                    <Titles>
                      <Title LCID="1033" Text="Common" />
                    </Titles>
                  </NavBarArea>
                  <NavBarArea Id="Sales">
                    <Titles>
                      <Title LCID="1033" Text="Sales" />
                    </Titles>
                  </NavBarArea>
                  <NavBarArea Id="Service">
                    <Titles>
                      <Title LCID="1033" Text="Service" />
                    </Titles>
                  </NavBarArea>
                  <NavBarArea Id="Marketing">
                    <Titles>
                      <Title LCID="1033" Text="Marketing" />
                    </Titles>
                  </NavBarArea>
                  <NavBarArea Id="ProcessCenter">
                    <Titles>
                      <Title LCID="1033" Text="Process Sessions" />
                    </Titles>
                  </NavBarArea>
                </NavBarAreas>
              </Navigation>
              <controlDescriptions />
              <DisplayConditions Order="0" FallbackForm="true">
                <Role Id="{4B00CD47-0217-EB11-A813-000D3AF3AC0D}" />
                <Role Id="{627090ff-40a3-4053-8790-584edc5be201}" />
                <Role Id="{119f245c-3cc8-4b62-b31c-d1a046ced15d}" />
              </DisplayConditions>
            </form>
            <IsCustomizable>1</IsCustomizable>
            <CanBeDeleted>1</CanBeDeleted>
            <LocalizedNames>
              <LocalizedName description="Information" languagecode="1033" />
              <LocalizedName description="Informations" languagecode="1036" />
            </LocalizedNames>
            <Descriptions>
              <Description description="A form for this entity." languagecode="1033" />
              <Description description="Un formulaire pour cette entité." languagecode="1036" />
            </Descriptions>
          </systemform>
        </forms>
      </FormXml>
      <RibbonDiffXml>
        <CustomActions />
        <Templates>
          <RibbonTemplates Id="Mscrm.Templates"></RibbonTemplates>
        </Templates>
        <CommandDefinitions />
        <RuleDefinitions>
          <TabDisplayRules />
          <DisplayRules />
          <EnableRules />
        </RuleDefinitions>
        <LocLabels />
      </RibbonDiffXml>
    </Entity>
  </Entities>
  <Roles></Roles>
  <Workflows></Workflows>
  <FieldSecurityProfiles></FieldSecurityProfiles>
  <Templates />
  <EntityMaps />
  <EntityRelationships />
  <OrganizationSettings />
  <optionsets />
  <WebResources>
    <WebResource>
      <WebResourceId>{981d984a-d22a-eb11-a813-000d3af3a7a7}</WebResourceId>
      <Name>qm_builder.html</Name>
      <DisplayName>Questionnaire Builder</DisplayName>
      <WebResourceType>1</WebResourceType>
      <IntroducedVersion>1.0.0.0</IntroducedVersion>
      <IsEnabledForMobileClient>0</IsEnabledForMobileClient>
      <IsAvailableForMobileOffline>0</IsAvailableForMobileOffline>
      <DependencyXml>&lt;Dependencies&gt;&lt;Dependency componentType="WebResource"/&gt;&lt;/Dependencies&gt;</DependencyXml>
      <IsCustomizable>1</IsCustomizable>
      <CanBeDeleted>1</CanBeDeleted>
      <IsHidden>0</IsHidden>
      <FileName>/WebResources/qm_builderhtml981D984A-D22A-EB11-A813-000D3AF3A7A7</FileName>
    </WebResource>
    <WebResource>
      <WebResourceId>{30158e64-d22a-eb11-a813-000d3af3a7a7}</WebResourceId>
      <Name>qm_render.html</Name>
      <DisplayName>Questionnaire Render</DisplayName>
      <WebResourceType>1</WebResourceType>
      <IntroducedVersion>1.0.0.0</IntroducedVersion>
      <IsEnabledForMobileClient>0</IsEnabledForMobileClient>
      <IsAvailableForMobileOffline>0</IsAvailableForMobileOffline>
      <DependencyXml>&lt;Dependencies&gt;&lt;Dependency componentType="WebResource"/&gt;&lt;/Dependencies&gt;</DependencyXml>
      <IsCustomizable>1</IsCustomizable>
      <CanBeDeleted>1</CanBeDeleted>
      <IsHidden>0</IsHidden>
      <FileName>/WebResources/qm_renderhtml30158E64-D22A-EB11-A813-000D3AF3A7A7</FileName>
    </WebResource>
    <WebResource>
      <WebResourceId>{6be8e99d-d22a-eb11-a813-000d3af3a7a7}</WebResourceId>
      <Name>qm_favicon.ico</Name>
      <WebResourceType>10</WebResourceType>
      <IntroducedVersion>1.0.0.0</IntroducedVersion>
      <IsEnabledForMobileClient>0</IsEnabledForMobileClient>
      <IsAvailableForMobileOffline>0</IsAvailableForMobileOffline>
      <DependencyXml>&lt;Dependencies&gt;&lt;Dependency componentType="WebResource"/&gt;&lt;/Dependencies&gt;</DependencyXml>
      <IsCustomizable>1</IsCustomizable>
      <CanBeDeleted>1</CanBeDeleted>
      <IsHidden>0</IsHidden>
      <FileName>/WebResources/qm_faviconico6BE8E99D-D22A-EB11-A813-000D3AF3A7A7</FileName>
    </WebResource>
    <WebResource>
      <WebResourceId>{e4a99e09-d32a-eb11-a813-000d3af3a7a7}</WebResourceId>
      <Name>qm_app.js</Name>
      <DisplayName>Questionnaire Management Application Javascript</DisplayName>
      <WebResourceType>3</WebResourceType>
      <IntroducedVersion>1.0.0.0</IntroducedVersion>
      <IsEnabledForMobileClient>0</IsEnabledForMobileClient>
      <IsAvailableForMobileOffline>0</IsAvailableForMobileOffline>
      <DependencyXml>&lt;Dependencies&gt;&lt;Dependency componentType="WebResource"/&gt;&lt;/Dependencies&gt;</DependencyXml>
      <IsCustomizable>1</IsCustomizable>
      <CanBeDeleted>1</CanBeDeleted>
      <IsHidden>0</IsHidden>
      <FileName>/WebResources/qm_appjsE4A99E09-D32A-EB11-A813-000D3AF3A7A7</FileName>
    </WebResource>
    <WebResource>
      <WebResourceId>{bf12f64f-d32a-eb11-a813-000d3af3a7a7}</WebResourceId>
      <Name>qm_chunk-vendors.js</Name>
      <WebResourceType>3</WebResourceType>
      <IntroducedVersion>1.0.0.0</IntroducedVersion>
      <IsEnabledForMobileClient>0</IsEnabledForMobileClient>
      <IsAvailableForMobileOffline>0</IsAvailableForMobileOffline>
      <DependencyXml>&lt;Dependencies&gt;&lt;Dependency componentType="WebResource"/&gt;&lt;/Dependencies&gt;</DependencyXml>
      <IsCustomizable>1</IsCustomizable>
      <CanBeDeleted>1</CanBeDeleted>
      <IsHidden>0</IsHidden>
      <FileName>/WebResources/qm_chunk-vendorsjsBF12F64F-D32A-EB11-A813-000D3AF3A7A7</FileName>
    </WebResource>
    <WebResource>
      <WebResourceId>{a823dc62-d32a-eb11-a813-000d3af3a7a7}</WebResourceId>
      <Name>qm_app.css</Name>
      <WebResourceType>2</WebResourceType>
      <IntroducedVersion>1.0.0.0</IntroducedVersion>
      <IsEnabledForMobileClient>0</IsEnabledForMobileClient>
      <IsAvailableForMobileOffline>0</IsAvailableForMobileOffline>
      <DependencyXml>&lt;Dependencies&gt;&lt;Dependency componentType="WebResource"/&gt;&lt;/Dependencies&gt;</DependencyXml>
      <IsCustomizable>1</IsCustomizable>
      <CanBeDeleted>1</CanBeDeleted>
      <IsHidden>0</IsHidden>
      <FileName>/WebResources/qm_appcssA823DC62-D32A-EB11-A813-000D3AF3A7A7</FileName>
    </WebResource>
    <WebResource>
      <WebResourceId>{964e7175-d32a-eb11-a813-000d3af3a7a7}</WebResourceId>
      <Name>qm_chunk-vendors.css</Name>
      <WebResourceType>2</WebResourceType>
      <IntroducedVersion>1.0.0.0</IntroducedVersion>
      <IsEnabledForMobileClient>0</IsEnabledForMobileClient>
      <IsAvailableForMobileOffline>0</IsAvailableForMobileOffline>
      <DependencyXml>&lt;Dependencies&gt;&lt;Dependency componentType="WebResource"/&gt;&lt;/Dependencies&gt;</DependencyXml>
      <IsCustomizable>1</IsCustomizable>
      <CanBeDeleted>1</CanBeDeleted>
      <IsHidden>0</IsHidden>
      <FileName>/WebResources/qm_chunk-vendorscss964E7175-D32A-EB11-A813-000D3AF3A7A7</FileName>
    </WebResource>
  </WebResources>
  <CustomControls />
  <EntityDataProviders />
  <Languages>
    <Language>1033</Language>
    <Language>1036</Language>
  </Languages>
</ImportExportXml>