<ImportExportXml version="9.2.21021.133" SolutionPackageVersion="9.2" languagecode="1033" generatedBy="CrmLive" xmlns:xsi="http://www.w3.org/2001/XMLSchema-instance">
  <SolutionManifest>
    <UniqueName>TC_GlobalCore_Patch_bf9702e6</UniqueName>
    <LocalizedNames>
      <LocalizedName description="TC.GlobalCore" languagecode="1033" />
      <LocalizedName description="TC.GlobalCore" languagecode="1036" />
    </LocalizedNames>
    <Descriptions>
      <Description description="Patch for TC.GlobalCore" languagecode="1033" />
      <Description description="Patch for TC.GlobalCore" languagecode="1036" />
    </Descriptions>
    <ParentUniqueName>TC_GlobalCore</ParentUniqueName>
    <Version>4.4.1.13</Version>
    <Managed>0</Managed>
    <Publisher>
      <UniqueName>oversightpublisher</UniqueName>
      <LocalizedNames>
        <LocalizedName description="Oversight" languagecode="1033" />
      </LocalizedNames>
      <Descriptions>
        <Description description="This is the common solution for AvSec Inspection and TDG Inspection." languagecode="1033" />
      </Descriptions>
      <EMailAddress xsi:nil="true"></EMailAddress>
      <SupportingWebsiteUrl xsi:nil="true"></SupportingWebsiteUrl>
      <CustomizationPrefix>ovs</CustomizationPrefix>
      <CustomizationOptionValuePrefix>91864</CustomizationOptionValuePrefix>
      <Addresses>
        <Address>
          <AddressNumber>1</AddressNumber>
          <AddressTypeCode>1</AddressTypeCode>
          <City xsi:nil="true"></City>
          <County xsi:nil="true"></County>
          <Country xsi:nil="true"></Country>
          <Fax xsi:nil="true"></Fax>
          <FreightTermsCode xsi:nil="true"></FreightTermsCode>
          <ImportSequenceNumber xsi:nil="true"></ImportSequenceNumber>
          <Latitude xsi:nil="true"></Latitude>
          <Line1 xsi:nil="true"></Line1>
          <Line2 xsi:nil="true"></Line2>
          <Line3 xsi:nil="true"></Line3>
          <Longitude xsi:nil="true"></Longitude>
          <Name xsi:nil="true"></Name>
          <PostalCode xsi:nil="true"></PostalCode>
          <PostOfficeBox xsi:nil="true"></PostOfficeBox>
          <PrimaryContactName xsi:nil="true"></PrimaryContactName>
          <ShippingMethodCode>1</ShippingMethodCode>
          <StateOrProvince xsi:nil="true"></StateOrProvince>
          <Telephone1 xsi:nil="true"></Telephone1>
          <Telephone2 xsi:nil="true"></Telephone2>
          <Telephone3 xsi:nil="true"></Telephone3>
          <TimeZoneRuleVersionNumber xsi:nil="true"></TimeZoneRuleVersionNumber>
          <UPSZone xsi:nil="true"></UPSZone>
          <UTCOffset xsi:nil="true"></UTCOffset>
          <UTCConversionTimeZoneCode xsi:nil="true"></UTCConversionTimeZoneCode>
        </Address>
        <Address>
          <AddressNumber>2</AddressNumber>
          <AddressTypeCode>1</AddressTypeCode>
          <City xsi:nil="true"></City>
          <County xsi:nil="true"></County>
          <Country xsi:nil="true"></Country>
          <Fax xsi:nil="true"></Fax>
          <FreightTermsCode xsi:nil="true"></FreightTermsCode>
          <ImportSequenceNumber xsi:nil="true"></ImportSequenceNumber>
          <Latitude xsi:nil="true"></Latitude>
          <Line1 xsi:nil="true"></Line1>
          <Line2 xsi:nil="true"></Line2>
          <Line3 xsi:nil="true"></Line3>
          <Longitude xsi:nil="true"></Longitude>
          <Name xsi:nil="true"></Name>
          <PostalCode xsi:nil="true"></PostalCode>
          <PostOfficeBox xsi:nil="true"></PostOfficeBox>
          <PrimaryContactName xsi:nil="true"></PrimaryContactName>
          <ShippingMethodCode>1</ShippingMethodCode>
          <StateOrProvince xsi:nil="true"></StateOrProvince>
          <Telephone1 xsi:nil="true"></Telephone1>
          <Telephone2 xsi:nil="true"></Telephone2>
          <Telephone3 xsi:nil="true"></Telephone3>
          <TimeZoneRuleVersionNumber xsi:nil="true"></TimeZoneRuleVersionNumber>
          <UPSZone xsi:nil="true"></UPSZone>
          <UTCOffset xsi:nil="true"></UTCOffset>
          <UTCConversionTimeZoneCode xsi:nil="true"></UTCConversionTimeZoneCode>
        </Address>
      </Addresses>
    </Publisher>
    <RootComponents>
      <RootComponent type="1" schemaName="ovs_finding" behavior="1" />
      <RootComponent type="60" id="{d8af1d58-3786-4ab4-9a35-3a1b85946c12}" />
      <RootComponent type="62" schemaName="ovs_ROM" behavior="0" />
      <RootComponent type="80" schemaName="ovs_ROM" behavior="0" />
    </RootComponents>
    <MissingDependencies>
      <MissingDependency>
        <Required key="0" type="1" schemaName="msdyn_workorder" displayName="Work Order" solution="FieldService (8.8.0.88)" />
        <Dependent key="1" type="62" schemaName="ovs_ROM" />
      </MissingDependency>
      <MissingDependency>
        <Required key="2" type="1" schemaName="qm_tylegislationsource" displayName="Legislation Source" solution="Active" />
        <Dependent key="1" type="62" schemaName="ovs_ROM" />
      </MissingDependency>
      <MissingDependency>
        <Required key="3" type="1" schemaName="ovs_questionnaire" displayName="Questionnaire" solution="Active" />
        <Dependent key="1" type="62" schemaName="ovs_ROM" />
      </MissingDependency>
      <MissingDependency>
        <Required key="4" type="1" schemaName="incident" displayName="Case" solution="msdynce_Service (9.0.5.56)" />
        <Dependent key="1" type="62" schemaName="ovs_ROM" />
      </MissingDependency>
      <MissingDependency>
        <Required key="5" type="1" schemaName="qm_rclegislation" displayName="Legislation" solution="Active" />
        <Dependent key="1" type="62" schemaName="ovs_ROM" />
      </MissingDependency>
      <MissingDependency>
        <Required key="6" type="1" schemaName="msdyn_incidenttype" displayName="Incident Type" solution="FieldService (8.8.0.88)" />
        <Dependent key="1" type="62" schemaName="ovs_ROM" />
      </MissingDependency>
      <MissingDependency>
        <Required key="7" type="1" schemaName="msdyn_servicetasktype" displayName="Service Task Type" solution="FieldService (8.8.0.88)" />
        <Dependent key="1" type="62" schemaName="ovs_ROM" />
      </MissingDependency>
      <MissingDependency>
        <Required key="8" type="1" schemaName="msdyn_bpf_d3d97bac8c294105840e99e37a9d1c39" displayName="Work Order Business Process" solution="FieldService (8.8.0.88)" />
        <Dependent key="9" type="80" schemaName="ovs_ROM" displayName="ROM" />
      </MissingDependency>
      <MissingDependency>
        <Required key="4" type="1" schemaName="incident" displayName="Case" solution="msdynce_Service (9.0.5.56)" />
        <Dependent key="9" type="80" schemaName="ovs_ROM" displayName="ROM" />
      </MissingDependency>
      <MissingDependency>
        <Required key="10" type="1" schemaName="tc_tcfiscalquarter" displayName="TCFiscalQuarter" solution="Active" />
        <Dependent key="9" type="80" schemaName="ovs_ROM" displayName="ROM" />
      </MissingDependency>
      <MissingDependency>
        <Required key="11" type="1" schemaName="msdyn_workorderincident" displayName="Work Order Incident" solution="FieldService (8.8.0.88)" />
        <Dependent key="9" type="80" schemaName="ovs_ROM" displayName="ROM" />
      </MissingDependency>
      <MissingDependency>
        <Required key="0" type="1" schemaName="msdyn_workorder" displayName="Work Order" solution="FieldService (8.8.0.88)" />
        <Dependent key="9" type="80" schemaName="ovs_ROM" displayName="ROM" />
      </MissingDependency>
      <MissingDependency>
        <Required key="12" type="1" schemaName="msdyn_agreementbookingsetup" displayName="Agreement Booking Setup" solution="FieldService (8.8.0.88)" />
        <Dependent key="9" type="80" schemaName="ovs_ROM" displayName="ROM" />
      </MissingDependency>
      <MissingDependency>
        <Required key="13" type="1" schemaName="msdyn_workordertype" displayName="Work Order Type" solution="FieldService (8.8.0.88)" />
        <Dependent key="9" type="80" schemaName="ovs_ROM" displayName="ROM" />
      </MissingDependency>
      <MissingDependency>
        <Required key="7" type="1" schemaName="msdyn_servicetasktype" displayName="Service Task Type" solution="FieldService (8.8.0.88)" />
        <Dependent key="9" type="80" schemaName="ovs_ROM" displayName="ROM" />
      </MissingDependency>
      <MissingDependency>
        <Required key="14" type="1" schemaName="bookableresourcecategoryassn" displayName="Bookable Resource Category Assn" solution="msdynce_Scheduling (9.0.0.0)" />
        <Dependent key="9" type="80" schemaName="ovs_ROM" displayName="ROM" />
      </MissingDependency>
      <MissingDependency>
        <Required key="15" type="1" schemaName="msdyn_inspection" displayName="Inspection" solution="msdyn_Inspections (1.0.4.19)" />
        <Dependent key="9" type="80" schemaName="ovs_ROM" displayName="ROM" />
      </MissingDependency>
      <MissingDependency>
        <Required key="3" type="1" schemaName="ovs_questionnaire" displayName="Questionnaire" solution="Active" />
        <Dependent key="9" type="80" schemaName="ovs_ROM" displayName="ROM" />
      </MissingDependency>
      <MissingDependency>
        <Required key="16" type="1" schemaName="qm_tylegislationtype" displayName="Legislation Section Type" solution="Active" />
        <Dependent key="9" type="80" schemaName="ovs_ROM" displayName="ROM" />
      </MissingDependency>
      <MissingDependency>
        <Required key="17" type="1" schemaName="msdyn_workorderservice" displayName="Work Order Service" solution="FieldService (8.8.0.88)" />
        <Dependent key="9" type="80" schemaName="ovs_ROM" displayName="ROM" />
      </MissingDependency>
      <MissingDependency>
        <Required key="18" type="1" schemaName="ovs_sitetype" displayName="SiteType" solution="Active" />
        <Dependent key="9" type="80" schemaName="ovs_ROM" displayName="ROM" />
      </MissingDependency>
      <MissingDependency>
        <Required key="19" type="1" schemaName="territory" displayName="Region" solution="msdynce_AppCommon (9.0.4.0066)" />
        <Dependent key="9" type="80" schemaName="ovs_ROM" displayName="ROM" />
      </MissingDependency>
      <MissingDependency>
        <Required key="20" type="1" schemaName="msdyn_bookingtimestamp" displayName="Booking Timestamp" solution="FieldService (8.8.0.88)" />
        <Dependent key="9" type="80" schemaName="ovs_ROM" displayName="ROM" />
      </MissingDependency>
      <MissingDependency>
        <Required key="21" type="1" schemaName="ovs_oversighttype" displayName="Oversight Type" solution="Active" />
        <Dependent key="9" type="80" schemaName="ovs_ROM" displayName="ROM" />
      </MissingDependency>
      <MissingDependency>
        <Required key="5" type="1" schemaName="qm_rclegislation" displayName="Legislation" solution="Active" />
        <Dependent key="9" type="80" schemaName="ovs_ROM" displayName="ROM" />
      </MissingDependency>
      <MissingDependency>
        <Required key="22" type="1" schemaName="qm_tylegislationcharacteristic" displayName="Legislation Characteristic" solution="Active" />
        <Dependent key="9" type="80" schemaName="ovs_ROM" displayName="ROM" />
      </MissingDependency>
      <MissingDependency>
        <Required key="23" type="1" schemaName="msdyn_assetcategorytemplateassociation" displayName="Asset Category Template Association" solution="msdyn_AssetCommon (1.0.7.50)" />
        <Dependent key="9" type="80" schemaName="ovs_ROM" displayName="ROM" />
      </MissingDependency>
      <MissingDependency>
        <Required key="24" type="1" schemaName="msdyn_bpf_baa0a411a239410cb8bded8b5fdd88e3" displayName="Agreement Business Process" solution="FieldService (8.8.0.88)" />
        <Dependent key="9" type="80" schemaName="ovs_ROM" displayName="ROM" />
      </MissingDependency>
      <MissingDependency>
        <Required key="25" type="1" schemaName="ovs_operation" displayName="Operation" solution="Active" />
        <Dependent key="9" type="80" schemaName="ovs_ROM" displayName="ROM" />
      </MissingDependency>
      <MissingDependency>
        <Required key="26" type="1" schemaName="tc_tcfiscalyear" displayName="TCFiscalYear" solution="Active" />
        <Dependent key="9" type="80" schemaName="ovs_ROM" displayName="ROM" />
      </MissingDependency>
      <MissingDependency>
        <Required key="27" type="1" schemaName="bookingstatus" displayName="Booking Status" solution="msdynce_Scheduling (9.0.0.0)" />
        <Dependent key="9" type="80" schemaName="ovs_ROM" displayName="ROM" />
      </MissingDependency>
      <MissingDependency>
        <Required key="28" type="1" schemaName="msdyn_resourcerequirement" displayName="Resource Requirement" solution="MicrosoftDynamicsScheduling (3.12.0.448)" />
        <Dependent key="9" type="80" schemaName="ovs_ROM" displayName="ROM" />
      </MissingDependency>
      <MissingDependency>
        <Required key="29" type="1" schemaName="ovs_tyrational" displayName="TYRational" solution="Active" />
        <Dependent key="9" type="80" schemaName="ovs_ROM" displayName="ROM" />
      </MissingDependency>
      <MissingDependency>
        <Required key="30" type="1" schemaName="msdyn_agreementbookingservicetask" displayName="Agreement Booking Service Task" solution="FieldService (8.8.0.88)" />
        <Dependent key="9" type="80" schemaName="ovs_ROM" displayName="ROM" />
      </MissingDependency>
      <MissingDependency>
        <Required key="31" type="1" schemaName="msdyn_agreement" displayName="Agreement" solution="FieldService (8.8.0.88)" />
        <Dependent key="9" type="80" schemaName="ovs_ROM" displayName="ROM" />
      </MissingDependency>
      <MissingDependency>
        <Required key="32" type="1" schemaName="msdyn_customerasset" displayName="Customer Asset" solution="msdyn_AssetCommon (1.0.7.50)" />
        <Dependent key="9" type="80" schemaName="ovs_ROM" displayName="ROM" />
      </MissingDependency>
      <MissingDependency>
        <Required key="33" type="1" schemaName="msdyn_workorderproduct" displayName="Work Order Product" solution="FieldService (8.8.0.88)" />
        <Dependent key="9" type="80" schemaName="ovs_ROM" displayName="ROM" />
      </MissingDependency>
      <MissingDependency>
        <Required key="34" type="1" schemaName="tc_tcfiscalperiod" displayName="TCFiscalPeriod" solution="Active" />
        <Dependent key="9" type="80" schemaName="ovs_ROM" displayName="ROM" />
      </MissingDependency>
      <MissingDependency>
        <Required key="6" type="1" schemaName="msdyn_incidenttype" displayName="Incident Type" solution="FieldService (8.8.0.88)" />
        <Dependent key="9" type="80" schemaName="ovs_ROM" displayName="ROM" />
      </MissingDependency>
      <MissingDependency>
        <Required key="35" type="1" schemaName="msdyn_workordersubstatus" displayName="Work Order Substatus" solution="FieldService (8.8.0.88)" />
        <Dependent key="9" type="80" schemaName="ovs_ROM" displayName="ROM" />
      </MissingDependency>
      <MissingDependency>
        <Required key="36" type="1" schemaName="msdyn_agreementinvoicesetup" displayName="Agreement Invoice Setup" solution="FieldService (8.8.0.88)" />
        <Dependent key="9" type="80" schemaName="ovs_ROM" displayName="ROM" />
      </MissingDependency>
      <MissingDependency>
        <Required key="37" type="1" schemaName="tc_country" displayName="Country" solution="Active" />
        <Dependent key="9" type="80" schemaName="ovs_ROM" displayName="ROM" />
      </MissingDependency>
      <MissingDependency>
        <Required key="38" type="1" schemaName="msdyn_iotalert" displayName="IoT Alert" solution="IoTConnector (1.8.10.11)" />
        <Dependent key="9" type="80" schemaName="ovs_ROM" displayName="ROM" />
      </MissingDependency>
      <MissingDependency>
        <Required key="39" type="1" schemaName="bookableresourcebooking" displayName="Bookable Resource Booking" solution="msdynce_Scheduling (9.0.0.0)" />
        <Dependent key="9" type="80" schemaName="ovs_ROM" displayName="ROM" />
      </MissingDependency>
      <MissingDependency>
        <Required key="40" type="1" schemaName="msdyn_customerassetcategory" displayName="Customer Asset Category" solution="msdyn_AssetCommon (1.0.7.50)" />
        <Dependent key="9" type="80" schemaName="ovs_ROM" displayName="ROM" />
      </MissingDependency>
      <MissingDependency>
        <Required key="41" type="1" schemaName="bookableresource" displayName="Bookable Resource" solution="msdynce_Scheduling (9.0.0.0)" />
        <Dependent key="9" type="80" schemaName="ovs_ROM" displayName="ROM" />
      </MissingDependency>
      <MissingDependency>
        <Required key="42" type="1" schemaName="bookableresourcecharacteristic" displayName="Bookable Resource Characteristic" solution="msdynce_Scheduling (9.0.0.0)" />
        <Dependent key="9" type="80" schemaName="ovs_ROM" displayName="ROM" />
      </MissingDependency>
      <MissingDependency>
        <Required key="2" type="1" schemaName="qm_tylegislationsource" displayName="Legislation Source" solution="Active" />
        <Dependent key="9" type="80" schemaName="ovs_ROM" displayName="ROM" />
      </MissingDependency>
      <MissingDependency>
        <Required key="43" type="1" schemaName="msdyn_workorderservicetask" displayName="Work Order Service Task" solution="FieldService (8.8.0.88)" />
        <Dependent key="9" type="80" schemaName="ovs_ROM" displayName="ROM" />
      </MissingDependency>
      <MissingDependency>
        <Required key="44" type="20" displayName="AvSec - Inspector" solution="Active" id="{d1c7e00c-4757-eb11-a812-000d3aff12c2}" />
        <Dependent key="9" type="80" schemaName="ovs_ROM" displayName="ROM" />
      </MissingDependency>
      <MissingDependency>
        <Required key="45" type="26" schemaName="Vue Recherche de secteurs de vente" displayName="Vue Recherche de secteurs de vente" parentSchemaName="territory" parentDisplayName="Region" solution="msdynce_AppCommon (9.0.4.0066)" id="{ad81b2ca-9789-4465-8c56-94c10830a6ed}" />
        <Dependent key="9" type="80" schemaName="ovs_ROM" displayName="ROM" />
      </MissingDependency>
      <MissingDependency>
        <Required key="46" type="26" schemaName="Alertes principales" displayName="Alertes principales" parentSchemaName="msdyn_iotalert" parentDisplayName="IoT Alert" solution="IoTConnector (1.8.10.11)" id="{b96d141d-a429-e611-8107-00155db9cd0a}" />
        <Dependent key="9" type="80" schemaName="ovs_ROM" displayName="ROM" />
      </MissingDependency>
      <MissingDependency>
        <Required key="47" type="26" schemaName="Tâches inactives relatives au service d'ordre de travail" displayName="Tâches inactives relatives au service d'ordre de travail" parentSchemaName="msdyn_workorderservicetask" parentDisplayName="Work Order Service Task" solution="FieldService (8.8.0.88)" id="{2f145106-bcb3-4f0f-9d02-e8c3b6bb25e8}" />
        <Dependent key="9" type="80" schemaName="ovs_ROM" displayName="ROM" />
      </MissingDependency>
      <MissingDependency>
        <Required key="48" type="26" schemaName="Entités règlementées" displayName="Entités règlementées" parentSchemaName="account" parentDisplayName="Account" solution="Active" id="{8965dc8d-460a-eb11-a813-000d3af3a7a7}" />
        <Dependent key="9" type="80" schemaName="ovs_ROM" displayName="ROM" />
      </MissingDependency>
      <MissingDependency>
        <Required key="49" type="26" schemaName="Opérations d'entitées règlementées" displayName="Opérations d'entitées règlementées" parentSchemaName="ovs_operation" parentDisplayName="Operation" solution="Active" id="{53f90006-6b18-eb11-a813-000d3af3a7a7}" />
        <Dependent key="9" type="80" schemaName="ovs_ROM" displayName="ROM" />
      </MissingDependency>
      <MissingDependency>
        <Required key="50" type="26" schemaName="Vue personnalisée Service d'ordre de travail" displayName="Vue personnalisée Service d'ordre de travail" parentSchemaName="msdyn_workorderservice" parentDisplayName="Work Order Service" solution="FieldService (8.8.0.88)" id="{637fd9ff-b25b-e111-b0e5-000c2959f9b8}" />
        <Dependent key="9" type="80" schemaName="ovs_ROM" displayName="ROM" />
      </MissingDependency>
      <MissingDependency>
        <Required key="51" type="26" schemaName="Inspection - Vue Tâche de service de l’ordre de travail" displayName="Inspection - Vue Tâche de service de l’ordre de travail" parentSchemaName="msdyn_workorderservicetask" parentDisplayName="Work Order Service Task" solution="FieldService (8.8.0.88)" id="{063662d0-db4c-e111-93b3-000c2959f9b8}" />
        <Dependent key="9" type="80" schemaName="ovs_ROM" displayName="ROM" />
      </MissingDependency>
      <MissingDependency>
        <Required key="52" type="26" schemaName="Opérations du site" displayName="Opérations du site" parentSchemaName="ovs_operation" parentDisplayName="Operation" solution="Active" id="{ad8cfbf3-6a18-eb11-a813-000d3af3a7a7}" />
        <Dependent key="9" type="80" schemaName="ovs_ROM" displayName="ROM" />
      </MissingDependency>
      <MissingDependency>
        <Required key="53" type="26" schemaName="Vue publique des contacts - TC" displayName="Vue publique des contacts - TC" parentSchemaName="contact" parentDisplayName="Contact" solution="Active" id="{e6cd19fd-2d03-eb11-a813-000d3af3a7a7}" />
        <Dependent key="9" type="80" schemaName="ovs_ROM" displayName="ROM" />
      </MissingDependency>
      <MissingDependency>
        <Required key="54" type="26" schemaName="Recherche AnnéeFiscaleTC" displayName="Recherche AnnéeFiscaleTC" parentSchemaName="tc_tcfiscalyear" parentDisplayName="TCFiscalYear" solution="Active" id="{c2b848e9-8d49-4972-8e80-06a8b98802a1}" />
        <Dependent key="9" type="80" schemaName="ovs_ROM" displayName="ROM" />
      </MissingDependency>
      <MissingDependency>
        <Required key="55" type="26" schemaName="Autoriser sur la recherche d'ordre de travail" displayName="Autoriser sur la recherche d'ordre de travail" parentSchemaName="msdyn_incidenttype" parentDisplayName="Incident Type" solution="FieldService (8.8.0.88)" id="{82e357fe-4361-e111-ac14-000c2959f9b8}" />
        <Dependent key="9" type="80" schemaName="ovs_ROM" displayName="ROM" />
      </MissingDependency>
      <MissingDependency>
        <Required key="56" type="26" schemaName="Réservations de ressources actives (informations de Field Service)" displayName="Réservations de ressources actives (informations de Field Service)" parentSchemaName="bookableresourcebooking" parentDisplayName="Bookable Resource Booking" solution="FieldService (8.8.0.88)" id="{8af53d0e-07fe-49d4-bbba-ca524dd6551b}" />
        <Dependent key="9" type="80" schemaName="ovs_ROM" displayName="ROM" />
      </MissingDependency>
      <MissingDependency>
        <Required key="57" type="26" schemaName="Associations de catégories de ressources actives" displayName="Associations de catégories de ressources actives" parentSchemaName="bookableresourcecategoryassn" parentDisplayName="Bookable Resource Category Assn" solution="msdynce_Scheduling (9.0.0.0)" id="{533d1548-1e86-49cb-8c06-bff8ca02591d}" />
        <Dependent key="9" type="80" schemaName="ovs_ROM" displayName="ROM" />
      </MissingDependency>
      <MissingDependency>
        <Required key="58" type="26" schemaName="Sites" displayName="Sites" parentSchemaName="account" parentDisplayName="Account" solution="Active" id="{e7ba8bd8-440a-eb11-a813-000d3af3a7a7}" />
        <Dependent key="9" type="80" schemaName="ovs_ROM" displayName="ROM" />
      </MissingDependency>
      <MissingDependency>
        <Required key="59" type="26" schemaName="Vue personnalisée Produits d'ordres de travail" displayName="Vue personnalisée Produits d'ordres de travail" parentSchemaName="msdyn_workorderproduct" parentDisplayName="Work Order Product" solution="FieldService (8.8.0.88)" id="{293498de-a23c-e311-974a-00155da8fa1b}" />
        <Dependent key="9" type="80" schemaName="ovs_ROM" displayName="ROM" />
      </MissingDependency>
      <MissingDependency>
        <Required key="60" type="26" schemaName="Vue Recherche Incidents" displayName="Vue Recherche Incidents" parentSchemaName="incident" parentDisplayName="Case" solution="msdynce_Service (9.0.5.56)" id="{9ac51863-58c7-49a0-adcc-afd9a4c3ee59}" />
        <Dependent key="9" type="80" schemaName="ovs_ROM" displayName="ROM" />
      </MissingDependency>
      <MissingDependency>
        <Required key="61" type="26" schemaName="Recherche rapide TrimestreFiscalTC" displayName="Recherche rapide TrimestreFiscalTC" parentSchemaName="tc_tcfiscalquarter" parentDisplayName="TCFiscalQuarter" solution="Active" id="{72cca668-4e5d-4ab1-afef-9b00703a5c41}" />
        <Dependent key="9" type="80" schemaName="ovs_ROM" displayName="ROM" />
      </MissingDependency>
      <MissingDependency>
        <Required key="62" type="26" schemaName="Sites avec opérations" displayName="Sites avec opérations" parentSchemaName="account" parentDisplayName="Account" solution="Active" id="{0680d40d-6657-eb11-a812-000d3aff1726}" />
        <Dependent key="9" type="80" schemaName="ovs_ROM" displayName="ROM" />
      </MissingDependency>
      <MissingDependency>
        <Required key="63" type="26" schemaName="Caractéristiques des ressources pouvant être réservées actives" displayName="Caractéristiques des ressources pouvant être réservées actives" parentSchemaName="bookableresourcecharacteristic" parentDisplayName="Bookable Resource Characteristic" solution="msdynce_Scheduling (9.0.0.0)" id="{7e7fe0be-277f-4f14-9484-261412680ab4}" />
        <Dependent key="9" type="80" schemaName="ovs_ROM" displayName="ROM" />
      </MissingDependency>
      <MissingDependency>
        <Required key="64" type="26" schemaName="Caractéristiques des ressources" displayName="Caractéristiques des ressources" parentSchemaName="bookableresourcecharacteristic" parentDisplayName="Bookable Resource Characteristic" solution="msdynce_Scheduling (9.0.0.0)" id="{ae9e5ee4-02a9-e511-80e8-00155db9c10d}" />
        <Dependent key="9" type="80" schemaName="ovs_ROM" displayName="ROM" />
      </MissingDependency>
      <MissingDependency>
        <Required key="65" type="26" schemaName="Country Lookup View(fr)" displayName="Country Lookup View(fr)" parentSchemaName="tc_country" parentDisplayName="Country" solution="Active" id="{f03304ab-1c4b-4922-8270-5a134bd054a9}" />
        <Dependent key="9" type="80" schemaName="ovs_ROM" displayName="ROM" />
      </MissingDependency>
      <MissingDependency>
        <Required key="66" type="26" schemaName="Vue Recherche Contrat" displayName="Vue Recherche Contrat" parentSchemaName="msdyn_agreement" parentDisplayName="Agreement" solution="FieldService (8.8.0.88)" id="{0e202e69-7e40-4559-bd44-d1c1029e84e1}" />
        <Dependent key="9" type="80" schemaName="ovs_ROM" displayName="ROM" />
      </MissingDependency>
      <MissingDependency>
        <Required key="67" type="26" schemaName="Comptes suivis" displayName="Comptes suivis" parentSchemaName="account" parentDisplayName="Account" solution="Active" id="{61273827-328e-e011-95ae-00155d9cfa03}" />
        <Dependent key="9" type="80" schemaName="ovs_ROM" displayName="ROM" />
      </MissingDependency>
      <MissingDependency>
        <Required key="68" type="26" schemaName="Services d'ordre de travail actif" displayName="Services d'ordre de travail actif" parentSchemaName="msdyn_workorderservice" parentDisplayName="Work Order Service" solution="FieldService (8.8.0.88)" id="{0312a55e-e22c-4afb-abff-4bdbf5cfd601}" />
        <Dependent key="9" type="80" schemaName="ovs_ROM" displayName="ROM" />
      </MissingDependency>
      <MissingDependency>
        <Required key="69" type="26" schemaName="Opérations actives" displayName="Opérations actives" parentSchemaName="ovs_operation" parentDisplayName="Operation" solution="Active" id="{cca2cae4-216e-46b5-934e-d9112870f36f}" />
        <Dependent key="9" type="80" schemaName="ovs_ROM" displayName="ROM" />
      </MissingDependency>
      <MissingDependency>
        <Required key="70" type="26" schemaName="Catégorie associée à une ressource" displayName="Catégorie associée à une ressource" parentSchemaName="bookableresourcecategoryassn" parentDisplayName="Bookable Resource Category Assn" solution="msdynce_Scheduling (9.0.0.0)" id="{207a3738-fb9d-e511-80e7-00155db9c10d}" />
        <Dependent key="9" type="80" schemaName="ovs_ROM" displayName="ROM" />
      </MissingDependency>
      <MissingDependency>
        <Required key="71" type="26" schemaName="Produits d'ordres de travail actifs" displayName="Produits d'ordres de travail actifs" parentSchemaName="msdyn_workorderproduct" parentDisplayName="Work Order Product" solution="FieldService (8.8.0.88)" id="{1662ced4-9bc6-4e77-90b2-6bbf2bef029f}" />
        <Dependent key="9" type="80" schemaName="ovs_ROM" displayName="ROM" />
      </MissingDependency>
      <MissingDependency>
        <Required key="72" type="26" schemaName="Vue Recherche Actif client" displayName="Vue Recherche Actif client" parentSchemaName="msdyn_customerasset" parentDisplayName="Customer Asset" solution="msdyn_AssetCommon (1.0.7.50)" id="{fd2fda4c-4b7f-4a68-a2cb-c1e1c6a31c8f}" />
        <Dependent key="9" type="80" schemaName="ovs_ROM" displayName="ROM" />
      </MissingDependency>
      <MissingDependency>
        <Required key="73" type="26" schemaName="Vue de l'inspecteur" displayName="Vue de l'inspecteur" parentSchemaName="bookableresource" parentDisplayName="Bookable Resource" solution="Active" id="{e69e584b-1af9-ea11-a815-000d3af3ac0d}" />
        <Dependent key="9" type="80" schemaName="ovs_ROM" displayName="ROM" />
      </MissingDependency>
      <MissingDependency>
        <Required key="74" type="26" schemaName="Tâches actives relatives au service d'ordre de travail" displayName="Tâches actives relatives au service d'ordre de travail" parentSchemaName="msdyn_workorderservicetask" parentDisplayName="Work Order Service Task" solution="FieldService (8.8.0.88)" id="{c9fd8f4d-8184-4ddb-a31a-89e66e8e710e}" />
        <Dependent key="9" type="80" schemaName="ovs_ROM" displayName="ROM" />
      </MissingDependency>
      <MissingDependency>
        <Required key="75" type="26" schemaName="Recherche types de surveillance" displayName="Recherche types de surveillance" parentSchemaName="ovs_oversighttype" parentDisplayName="Oversight Type" solution="Active" id="{e799195b-89c5-4ccf-835e-b61fb232f4eb}" />
        <Dependent key="9" type="80" schemaName="ovs_ROM" displayName="ROM" />
      </MissingDependency>
      <MissingDependency>
        <Required key="76" type="26" schemaName="Pays actifs" displayName="Pays actifs" parentSchemaName="tc_country" parentDisplayName="Country" solution="Active" id="{2670ab65-5fe1-441f-b0e1-b2056e6aa402}" />
        <Dependent key="9" type="80" schemaName="ovs_ROM" displayName="ROM" />
      </MissingDependency>
      <MissingDependency>
        <Required key="77" type="26" schemaName="Pays inactifs" displayName="Pays inactifs" parentSchemaName="tc_country" parentDisplayName="Country" solution="Active" id="{ba5148da-164f-46f5-93f4-744239f0ca2c}" />
        <Dependent key="9" type="80" schemaName="ovs_ROM" displayName="ROM" />
      </MissingDependency>
      <MissingDependency>
        <Required key="78" type="26" schemaName="Vue Recherche de sous-statuts d'ordre de travail" displayName="Vue Recherche de sous-statuts d'ordre de travail" parentSchemaName="msdyn_workordersubstatus" parentDisplayName="Work Order Substatus" solution="FieldService (8.8.0.88)" id="{90871801-b829-4f28-9fcd-70de41d716c8}" />
        <Dependent key="9" type="80" schemaName="ovs_ROM" displayName="ROM" />
      </MissingDependency>
      <MissingDependency>
        <Required key="79" type="26" schemaName="Recherche Opération" displayName="Recherche Opération" parentSchemaName="ovs_operation" parentDisplayName="Operation" solution="Active" id="{dfcac278-14e6-45d1-8e67-289f2c7082a1}" />
        <Dependent key="9" type="80" schemaName="ovs_ROM" displayName="ROM" />
      </MissingDependency>
      <MissingDependency>
        <Required key="80" type="26" schemaName="Incidents d'ordres de travail actifs" displayName="Incidents d'ordres de travail actifs" parentSchemaName="msdyn_workorderincident" parentDisplayName="Work Order Incident" solution="FieldService (8.8.0.88)" id="{869d188f-6b03-4e54-bb63-ae4a11c0324f}" />
        <Dependent key="9" type="80" schemaName="ovs_ROM" displayName="ROM" />
      </MissingDependency>
      <MissingDependency>
        <Required key="81" type="26" schemaName="Tous les comptes" displayName="Tous les comptes" parentSchemaName="account" parentDisplayName="Account" solution="msdynce_AppCommon (9.0.4.0066)" id="{65ffaf9a-e8c5-432d-860b-32f841b00d87}" />
        <Dependent key="9" type="80" schemaName="ovs_ROM" displayName="ROM" />
      </MissingDependency>
      <MissingDependency>
        <Required key="82" type="26" schemaName="Vue Recherche d'ordres de travail" displayName="Vue Recherche d'ordres de travail" parentSchemaName="msdyn_workorder" parentDisplayName="Work Order" solution="FieldService (8.8.0.88)" id="{c0c4fd32-f265-497d-bfae-546c88d5bb3b}" />
        <Dependent key="9" type="80" schemaName="ovs_ROM" displayName="ROM" />
      </MissingDependency>
      <MissingDependency>
        <Required key="83" type="26" schemaName="Mes Ordres de travail (TSIS)" displayName="Mes Ordres de travail (TSIS)" parentSchemaName="msdyn_workorder" parentDisplayName="Work Order" solution="Active" id="{ffe40a64-495b-eb11-a812-000d3a84db40}" />
        <Dependent key="9" type="80" schemaName="ovs_ROM" displayName="ROM" />
      </MissingDependency>
      <MissingDependency>
        <Required key="84" type="29" displayName="Work Order Business Process" solution="FieldService (8.8.0.88)" id="{d3d97bac-8c29-4105-840e-99e37a9d1c39}" />
        <Dependent key="9" type="80" schemaName="ovs_ROM" displayName="ROM" />
      </MissingDependency>
      <MissingDependency>
        <Required key="85" type="59" schemaName="Ordres de travail actifs par type" displayName="Ordres de travail actifs par type" parentSchemaName="msdyn_workorder" parentDisplayName="Work Order" solution="FieldService (8.8.0.88)" id="{8e746648-1a4e-e111-93b3-000c2959f9b8}" />
        <Dependent key="9" type="80" schemaName="ovs_ROM" displayName="ROM" />
      </MissingDependency>
      <MissingDependency>
        <Required key="86" type="59" schemaName="Comptes par secteur de vente" displayName="Comptes par secteur de vente" parentSchemaName="account" parentDisplayName="Account" solution="msdynce_Sales (9.0.4.0076)" id="{88de94cc-8b5e-df11-ae90-00155d2e3002}" />
        <Dependent key="9" type="80" schemaName="ovs_ROM" displayName="ROM" />
      </MissingDependency>
      <MissingDependency>
        <Required key="87" type="59" schemaName="Types d'incidents par mois" displayName="Types d'incidents par mois" parentSchemaName="msdyn_workorderincident" parentDisplayName="Work Order Incident" solution="FieldService (8.8.0.88)" id="{7ccd620f-294e-e111-93b3-000c2959f9b8}" />
        <Dependent key="9" type="80" schemaName="ovs_ROM" displayName="ROM" />
      </MissingDependency>
      <MissingDependency>
        <Required key="88" type="59" schemaName="Ordres de travail par secteur de service" displayName="Ordres de travail par secteur de service" parentSchemaName="msdyn_workorder" parentDisplayName="Work Order" solution="Active" id="{8a0cf5db-810d-eb11-a813-000d3af3ac0d}" />
        <Dependent key="9" type="80" schemaName="ovs_ROM" displayName="ROM" />
      </MissingDependency>
      <MissingDependency>
        <Required key="89" type="59" schemaName="Ordres de travail par ville" displayName="Ordres de travail par ville" parentSchemaName="msdyn_workorder" parentDisplayName="Work Order" solution="FieldService (8.8.0.88)" id="{c5bb56fd-90b0-e111-98ce-00155d28960b}" />
        <Dependent key="9" type="80" schemaName="ovs_ROM" displayName="ROM" />
      </MissingDependency>
      <MissingDependency>
        <Required key="90" type="59" schemaName="OA palnifié" displayName="OA palnifié" parentSchemaName="msdyn_workorder" parentDisplayName="Work Order" solution="Active" id="{5472ff64-c30f-eb11-a813-000d3af3a7a7}" />
        <Dependent key="9" type="80" schemaName="ovs_ROM" displayName="ROM" />
      </MissingDependency>
      <MissingDependency>
        <Required key="91" type="60" displayName="Vue Aperçu des organisations" parentDisplayName="Account" solution="Active" id="{097f6a5f-2777-402a-ba3b-e35fcbfaa145}" />
        <Dependent key="9" type="80" schemaName="ovs_ROM" displayName="ROM" />
      </MissingDependency>
      <MissingDependency>
        <Required key="92" type="60" displayName="carte de contact de compte" parentDisplayName="Contact" solution="msdynce_AppCommon (9.0.4.0066)" id="{29de27bc-a257-4f29-99cf-bab4a84e688f}" />
        <Dependent key="9" type="80" schemaName="ovs_ROM" displayName="ROM" />
      </MissingDependency>
      <MissingDependency>
        <Required key="93" type="60" displayName="Création rapide Contact - TC" parentDisplayName="Contact" solution="Active" id="{c0da77e9-2f03-eb11-a813-000d3af3ac0d}" />
        <Dependent key="9" type="80" schemaName="ovs_ROM" displayName="ROM" />
      </MissingDependency>
      <MissingDependency>
        <Required key="94" type="60" displayName="Informations" parentDisplayName="Operation" solution="Active" id="{a46438fc-76f0-4c58-922c-77e8c78ac7f3}" />
        <Dependent key="9" type="80" schemaName="ovs_ROM" displayName="ROM" />
      </MissingDependency>
      <MissingDependency>
        <Required key="95" type="60" displayName="Organisations" parentDisplayName="Account" solution="Active" id="{b6466851-a1fd-ea11-a813-000d3af3ac0d}" />
        <Dependent key="9" type="80" schemaName="ovs_ROM" displayName="ROM" />
      </MissingDependency>
      <MissingDependency>
        <Required key="96" type="60" displayName="Carte de résumé de compte" parentDisplayName="Account" solution="FieldService (8.8.0.88)" id="{894155a3-95d5-4881-b9c3-04444cef1bcc}" />
        <Dependent key="9" type="80" schemaName="ovs_ROM" displayName="ROM" />
      </MissingDependency>
      <MissingDependency>
        <Required key="97" type="60" displayName="Contacts - TC" parentDisplayName="Contact" solution="Active" id="{49fe6fbb-fa3b-4e22-92e3-c33aea674e12}" />
        <Dependent key="9" type="80" schemaName="ovs_ROM" displayName="ROM" />
      </MissingDependency>
      <MissingDependency>
        <Required key="98" type="60" displayName="Activité de surveillance TSIS" parentDisplayName="Work Order" solution="Active" id="{d8dc9595-c451-eb11-a812-000d3af3ac0d}" />
        <Dependent key="9" type="80" schemaName="ovs_ROM" displayName="ROM" />
      </MissingDependency>
      <MissingDependency>
        <Required key="99" type="60" displayName="Informations" parentDisplayName="Bookable Resource" solution="msdynce_Scheduling (9.0.0.0)" id="{3e8942a7-ff8e-4634-84ec-8ce174ab807c}" />
        <Dependent key="9" type="80" schemaName="ovs_ROM" displayName="ROM" />
      </MissingDependency>
      <MissingDependency>
        <Required key="100" type="60" displayName="Ressource pouvant être réservées - Mobile" parentDisplayName="Bookable Resource" solution="FieldService (8.8.0.88)" id="{7be43c5d-9556-4f96-a028-6e8d0c2ff940}" />
        <Dependent key="9" type="80" schemaName="ovs_ROM" displayName="ROM" />
      </MissingDependency>
      <MissingDependency>
        <Required key="101" type="60" displayName="Organisation" parentDisplayName="Account" solution="Active" id="{2dbe9c3a-901a-484d-9e68-8424cd897f8d}" />
        <Dependent key="9" type="80" schemaName="ovs_ROM" displayName="ROM" />
      </MissingDependency>
      <MissingDependency>
        <Required key="102" type="60" displayName="Vue Aperçu Contact - TC" parentDisplayName="Contact" solution="Active" id="{ec2f9560-2f03-eb11-a813-000d3af3a7a7}" />
        <Dependent key="9" type="80" schemaName="ovs_ROM" displayName="ROM" />
      </MissingDependency>
      <MissingDependency>
        <Required key="103" type="60" displayName="Rajouter/Modifier formulaire d'inspecteur" parentDisplayName="Bookable Resource" solution="Active" id="{eae25a08-d9fd-ea11-a813-000d3af3ac0d}" />
        <Dependent key="9" type="80" schemaName="ovs_ROM" displayName="ROM" />
      </MissingDependency>
      <MissingDependency>
        <Required key="104" type="60" displayName="Formulaire principal du contact" parentDisplayName="Contact" solution="Active" id="{2c961780-b9f9-ea11-a815-000d3af3ac0d}" />
        <Dependent key="9" type="80" schemaName="ovs_ROM" displayName="ROM" />
      </MissingDependency>
      <MissingDependency>
        <Required key="105" type="161" displayName="AvSec Inspector" solution="Active" id="{976e7aec-7e40-eb11-a813-000d3af3a7a7}" />
        <Dependent key="9" type="80" schemaName="ovs_ROM" displayName="ROM" />
      </MissingDependency>
      <MissingDependency>
        <Required key="106" type="61" schemaName="msdyn_/Images/AppModule_Default_Icon.png" displayName="msdyn_/Images/AppModule_Default_Icon.png" solution="AppModuleWebResources (2.5)" />
        <Dependent key="9" type="80" schemaName="ovs_ROM" displayName="ROM" />
      </MissingDependency>
      <MissingDependency>
        <Required key="107" type="1" schemaName="ovs_finding" displayName="Finding" solution="Active" />
        <Dependent key="107" type="1" schemaName="ovs_finding" displayName="Finding" />
      </MissingDependency>
      <MissingDependency>
        <Required key="108" type="2" schemaName="createdon" displayName="Created On" parentSchemaName="ovs_finding" parentDisplayName="Finding" solution="Active" />
        <Dependent key="109" type="26" schemaName="Active Findings" displayName="Active Findings" parentSchemaName="ovs_finding" parentDisplayName="Finding" id="{9711d0c3-7fcc-46da-a259-a722ba88af4d}" />
      </MissingDependency>
      <MissingDependency>
        <Required key="110" type="2" schemaName="ovs_workorderservicetaskid" displayName="Work Order Service Task" parentSchemaName="ovs_finding" parentDisplayName="Finding" solution="Active" />
        <Dependent key="109" type="26" schemaName="Active Findings" displayName="Active Findings" parentSchemaName="ovs_finding" parentDisplayName="Finding" id="{9711d0c3-7fcc-46da-a259-a722ba88af4d}" />
      </MissingDependency>
      <MissingDependency>
        <Required key="111" type="2" schemaName="statecode" displayName="Status" parentSchemaName="ovs_finding" parentDisplayName="Finding" solution="Active" />
        <Dependent key="109" type="26" schemaName="Active Findings" displayName="Active Findings" parentSchemaName="ovs_finding" parentDisplayName="Finding" id="{9711d0c3-7fcc-46da-a259-a722ba88af4d}" />
      </MissingDependency>
      <MissingDependency>
        <Required key="112" type="2" schemaName="ovs_findingid" displayName="Finding" parentSchemaName="ovs_finding" parentDisplayName="Finding" solution="Active" />
        <Dependent key="109" type="26" schemaName="Active Findings" displayName="Active Findings" parentSchemaName="ovs_finding" parentDisplayName="Finding" id="{9711d0c3-7fcc-46da-a259-a722ba88af4d}" />
      </MissingDependency>
      <MissingDependency>
        <Required key="113" type="2" schemaName="ovs_findingprovisionreference" displayName="Provision Reference" parentSchemaName="ovs_finding" parentDisplayName="Finding" solution="Active" />
        <Dependent key="109" type="26" schemaName="Active Findings" displayName="Active Findings" parentSchemaName="ovs_finding" parentDisplayName="Finding" id="{9711d0c3-7fcc-46da-a259-a722ba88af4d}" />
      </MissingDependency>
      <MissingDependency>
        <Required key="113" type="2" schemaName="ovs_findingprovisionreference" displayName="Provision Reference" parentSchemaName="ovs_finding" parentDisplayName="Finding" solution="Active" />
        <Dependent key="114" type="26" schemaName="Finding Associated View" displayName="Finding Associated View" parentSchemaName="ovs_finding" parentDisplayName="Finding" id="{311f3a1c-b0fc-4a26-a09a-5d91b2509b34}" />
      </MissingDependency>
      <MissingDependency>
        <Required key="110" type="2" schemaName="ovs_workorderservicetaskid" displayName="Work Order Service Task" parentSchemaName="ovs_finding" parentDisplayName="Finding" solution="Active" />
        <Dependent key="114" type="26" schemaName="Finding Associated View" displayName="Finding Associated View" parentSchemaName="ovs_finding" parentDisplayName="Finding" id="{311f3a1c-b0fc-4a26-a09a-5d91b2509b34}" />
      </MissingDependency>
      <MissingDependency>
        <Required key="108" type="2" schemaName="createdon" displayName="Created On" parentSchemaName="ovs_finding" parentDisplayName="Finding" solution="Active" />
        <Dependent key="114" type="26" schemaName="Finding Associated View" displayName="Finding Associated View" parentSchemaName="ovs_finding" parentDisplayName="Finding" id="{311f3a1c-b0fc-4a26-a09a-5d91b2509b34}" />
      </MissingDependency>
      <MissingDependency>
        <Required key="111" type="2" schemaName="statecode" displayName="Status" parentSchemaName="ovs_finding" parentDisplayName="Finding" solution="Active" />
        <Dependent key="114" type="26" schemaName="Finding Associated View" displayName="Finding Associated View" parentSchemaName="ovs_finding" parentDisplayName="Finding" id="{311f3a1c-b0fc-4a26-a09a-5d91b2509b34}" />
      </MissingDependency>
      <MissingDependency>
        <Required key="112" type="2" schemaName="ovs_findingid" displayName="Finding" parentSchemaName="ovs_finding" parentDisplayName="Finding" solution="Active" />
        <Dependent key="114" type="26" schemaName="Finding Associated View" displayName="Finding Associated View" parentSchemaName="ovs_finding" parentDisplayName="Finding" id="{311f3a1c-b0fc-4a26-a09a-5d91b2509b34}" />
      </MissingDependency>
      <MissingDependency>
        <Required key="110" type="2" schemaName="ovs_workorderservicetaskid" displayName="Work Order Service Task" parentSchemaName="ovs_finding" parentDisplayName="Finding" solution="Active" />
        <Dependent key="115" type="26" schemaName="Inactive Findings" displayName="Inactive Findings" parentSchemaName="ovs_finding" parentDisplayName="Finding" id="{91279973-978d-4c4d-be45-b08a95629329}" />
      </MissingDependency>
      <MissingDependency>
        <Required key="112" type="2" schemaName="ovs_findingid" displayName="Finding" parentSchemaName="ovs_finding" parentDisplayName="Finding" solution="Active" />
        <Dependent key="115" type="26" schemaName="Inactive Findings" displayName="Inactive Findings" parentSchemaName="ovs_finding" parentDisplayName="Finding" id="{91279973-978d-4c4d-be45-b08a95629329}" />
      </MissingDependency>
      <MissingDependency>
        <Required key="111" type="2" schemaName="statecode" displayName="Status" parentSchemaName="ovs_finding" parentDisplayName="Finding" solution="Active" />
        <Dependent key="115" type="26" schemaName="Inactive Findings" displayName="Inactive Findings" parentSchemaName="ovs_finding" parentDisplayName="Finding" id="{91279973-978d-4c4d-be45-b08a95629329}" />
      </MissingDependency>
      <MissingDependency>
        <Required key="108" type="2" schemaName="createdon" displayName="Created On" parentSchemaName="ovs_finding" parentDisplayName="Finding" solution="Active" />
        <Dependent key="115" type="26" schemaName="Inactive Findings" displayName="Inactive Findings" parentSchemaName="ovs_finding" parentDisplayName="Finding" id="{91279973-978d-4c4d-be45-b08a95629329}" />
      </MissingDependency>
      <MissingDependency>
        <Required key="113" type="2" schemaName="ovs_findingprovisionreference" displayName="Provision Reference" parentSchemaName="ovs_finding" parentDisplayName="Finding" solution="Active" />
        <Dependent key="115" type="26" schemaName="Inactive Findings" displayName="Inactive Findings" parentSchemaName="ovs_finding" parentDisplayName="Finding" id="{91279973-978d-4c4d-be45-b08a95629329}" />
      </MissingDependency>
      <MissingDependency>
        <Required key="116" type="2" schemaName="ovs_findingcomments" displayName="Finding Comments" parentSchemaName="ovs_finding" parentDisplayName="Finding" solution="Active" />
        <Dependent key="117" type="60" displayName="Information" parentDisplayName="Finding" id="{d8af1d58-3786-4ab4-9a35-3a1b85946c12}" />
      </MissingDependency>
      <MissingDependency>
        <Required key="118" type="2" schemaName="ownerid" displayName="Owner" parentSchemaName="ovs_finding" parentDisplayName="Finding" solution="Active" />
        <Dependent key="117" type="60" displayName="Information" parentDisplayName="Finding" id="{d8af1d58-3786-4ab4-9a35-3a1b85946c12}" />
      </MissingDependency>
      <MissingDependency>
        <Required key="119" type="2" schemaName="ovs_finding" displayName="Finding" parentSchemaName="ovs_finding" parentDisplayName="Finding" solution="Active" />
        <Dependent key="117" type="60" displayName="Information" parentDisplayName="Finding" id="{d8af1d58-3786-4ab4-9a35-3a1b85946c12}" />
      </MissingDependency>
      <MissingDependency>
        <Required key="120" type="2" schemaName="ovs_findingfile" displayName="Finding File" parentSchemaName="ovs_finding" parentDisplayName="Finding" solution="Active" />
        <Dependent key="117" type="60" displayName="Information" parentDisplayName="Finding" id="{d8af1d58-3786-4ab4-9a35-3a1b85946c12}" />
      </MissingDependency>
      <MissingDependency>
        <Required key="113" type="2" schemaName="ovs_findingprovisionreference" displayName="Provision Reference" parentSchemaName="ovs_finding" parentDisplayName="Finding" solution="Active" />
        <Dependent key="117" type="60" displayName="Information" parentDisplayName="Finding" id="{d8af1d58-3786-4ab4-9a35-3a1b85946c12}" />
      </MissingDependency>
    </MissingDependencies>
  </SolutionManifest>
</ImportExportXml>