{"properties":{"connectionReferences":{"shared_commondataserviceforapps":{"runtimeSource":"embedded","connection":{"connectionReferenceLogicalName":"ovs_sharedcommondataserviceforapps_463ed"},"api":{"name":"shared_commondataserviceforapps"}},"shared_sharepointonline":{"runtimeSource":"embedded","connection":{"connectionReferenceLogicalName":"ovs_sharedsharepointonline_06687"},"api":{"name":"shared_sharepointonline"}},"shared_wordonlinebusiness":{"runtimeSource":"embedded","connection":{"connectionReferenceLogicalName":"ovs_sharedwordonlinebusiness_93332"},"api":{"name":"shared_wordonlinebusiness"}},"shared_commondataservice":{"runtimeSource":"embedded","connection":{"connectionReferenceLogicalName":"ovs_sharedcommondataservice_09099"},"api":{"name":"shared_commondataservice"}},"shared_azureblob":{"runtimeSource":"embedded","connection":{"connectionReferenceLogicalName":"qm_sharedazureblob_3105f"},"api":{"name":"shared_azureblob"}}},"definition":{"$schema":"https://schema.management.azure.com/providers/Microsoft.Logic/schemas/2016-06-01/workflowdefinition.json#","contentVersion":"1.0.0.0","parameters":{"$connections":{"defaultValue":{},"type":"Object"},"$authentication":{"defaultValue":{},"type":"SecureObject"}},"triggers":{"manual":{"type":"Request","kind":"Http","inputs":{"schema":{"type":"object","properties":{"wo_id":{"type":"string"},"triggering_user_id":{"type":"string"},"triggering_user_name":{"type":"string"}}}}}},"actions":{"Booking_StartTime":{"runAfter":{"Is_French":["Succeeded"]},"type":"InitializeVariable","inputs":{"variables":[{"name":"bookingStartTime","type":"string"}]}},"Violations":{"runAfter":{"Booking_StartTime":["Succeeded"]},"type":"InitializeVariable","inputs":{"variables":[{"name":"violations","type":"array"}]}},"Get_Primary_Inspector":{"runAfter":{"Activity_Id":["Succeeded"]},"type":"OpenApiConnection","inputs":{"host":{"connectionName":"shared_commondataserviceforapps","operationId":"GetItem","apiId":"/providers/Microsoft.PowerApps/apis/shared_commondataserviceforapps"},"parameters":{"entityName":"bookableresources","recordId":"@outputs('Get_a_WO._All_fields')?['body/_ovs_primaryinspector_value']","$select":"name,msdyn_primaryemail,bookableresourceid,ovs_badgenumber,ovs_registeredinspectornumberrin","$expand":"UserId($select=lastname,firstname,systemuserid,fullname,address1_telephone1,domainname)"},"authentication":"@parameters('$authentication')"}},"Get_The_Single_Booking":{"runAfter":{"Second_Inspector_Badge":["Succeeded"]},"type":"OpenApiConnection","inputs":{"host":{"connectionName":"shared_commondataserviceforapps","operationId":"ListRecords","apiId":"/providers/Microsoft.PowerApps/apis/shared_commondataserviceforapps"},"parameters":{"entityName":"bookableresourcebookings","$select":"starttime","$filter":"(_msdyn_workorder_value eq @{outputs('Get_a_WO._All_fields')?['body/msdyn_workorderid']})","$orderby":"starttime desc","$top":1},"authentication":"@parameters('$authentication')"}},"Apply_StartTime_if_any":{"foreach":"@outputs('Get_The_Single_Booking')?['body/value']","actions":{"Set_StartTime":{"runAfter":{},"type":"SetVariable","inputs":{"name":"bookingStartTime","value":"@items('Apply_StartTime_if_any')?['starttime']"}}},"runAfter":{"Get_The_Single_Booking":["Succeeded"]},"type":"Foreach"},"Get_Violations(Results)":{"runAfter":{"Apply_StartTime_if_any":["Succeeded"]},"type":"OpenApiConnection","inputs":{"host":{"connectionName":"shared_commondataserviceforapps","operationId":"ListRecords","apiId":"/providers/Microsoft.PowerApps/apis/shared_commondataserviceforapps"},"parameters":{"entityName":"qm_syresults","$select":"qm_externalcomments,_qm_workorderid_value,_qm_rclegislationid_value,qm_violationcount,qm_syresultid,qm_referenceid,ovs_duedate,qm_violationdisplaylabel","$filter":"(_qm_rclegislationid_value ne null and statuscode eq 1 and _qm_workorderid_value eq @{outputs('Get_a_WO._All_fields')?['body/msdyn_workorderid']}) and (qm_rclegislationId/qm_rclegislationid ne null)","$expand":"qm_rclegislationId($select=qm_legislationftxt,qm_legislationetxt,qm_legislationlbl,qm_violationdisplaytexten,qm_violationdisplaytextfr)"},"authentication":"@parameters('$authentication')"}},"Loop_Violations":{"foreach":"@outputs('Get_Violations(Results)')?['body/value']","actions":{"Append_to_array_variable":{"runAfter":{},"type":"AppendToArrayVariable","inputs":{"name":"violations","value":{"Violation Display Label":"@{items('Loop_Violations')?['qm_violationdisplaylabel']}","Violation Display Text":"@{items('Loop_Violations')?['qm_rclegislationid/qm_violationdisplaytexten']}","Reference ID":"@{items('Loop_Violations')?['qm_referenceid']}","Violation External Comments ":"@{items('Loop_Violations')?['qm_externalcomments']}","Confirmation of Compliance Due Date":"@{items('Loop_Violations')?['ovs_duedate']}"}}}},"runAfter":{"Get_Violations(Results)":["Succeeded"]},"type":"Foreach"},"Is_Violations":{"runAfter":{"Loop_Violations":["Succeeded"]},"type":"InitializeVariable","inputs":{"variables":[{"name":"isViolations","type":"boolean","value":"@greater(length(variables('violations')), 0)"}]}},"Clean_WO_guid":{"runAfter":{"Is_Violations":["Succeeded"]},"type":"InitializeVariable","inputs":{"variables":[{"name":"WOid","type":"string","value":"@{toUpper(replace(triggerBody()?['wo_id'], '-', ''))}"}]}},"SP_Folder_Path":{"runAfter":{"Clean_WO_guid":["Succeeded"]},"type":"InitializeVariable","inputs":{"variables":[{"name":"SPfolderPath","type":"string","value":"/@{outputs('Get_a_WO._All_fields')?['body/msdyn_name']}_@{variables('WOid')}"}]}},"File_Name_SharePoint":{"runAfter":{"SP_Folder_Path":["Succeeded"]},"type":"InitializeVariable","inputs":{"variables":[{"name":"fileNameSP","type":"string","value":"@{outputs('Get_Site_and_Primary_Contact')?['body/name']}_@{formatDateTime(utcNow(),'yyyy-MM-dd')}.docx"}]}},"Is_French":{"runAfter":{"Location_Condition":["Succeeded"]},"type":"InitializeVariable","inputs":{"variables":[{"name":"isFrench","type":"boolean","value":"@equals(outputs('Get_a_WO._All_fields')?['body/ovs_reportlanguage'],918640002)"}]}},"Activity_Id":{"runAfter":{"Violations":["Succeeded"]},"type":"InitializeVariable","inputs":{"variables":[{"name":"activityid","type":"string"}]}},"removeLocation":{"runAfter":{"Get_Site_and_Primary_Contact":["Succeeded"]},"type":"InitializeVariable","inputs":{"variables":[{"name":"isAddressEqLocation","type":"boolean","value":"@true"}]}},"Location_Condition":{"actions":{"Set_Location_flag":{"runAfter":{},"type":"SetVariable","inputs":{"name":"isAddressEqLocation","value":"@false"}}},"runAfter":{"removeLocation":["Succeeded"]},"expression":{"and":[{"equals":["@toLower(trim(outputs('Get_Site_and_Primary_Contact')?['body/address1_line1']))","@toLower(trim(outputs('Get_a_WO._All_fields')?['body/msdyn_address1']))"]},{"equals":["@toLower(trim(outputs('Get_Site_and_Primary_Contact')?['body/address1_city']))","@toLower(trim(outputs('Get_a_WO._All_fields')?['body/msdyn_city']))"]},{"equals":["@toLower(trim(outputs('Get_Site_and_Primary_Contact')?['body/address1_postalcode']))","@toLower(trim(outputs('Get_a_WO._All_fields')?['body/msdyn_postalcode']))"]},{"equals":["@toLower(trim(outputs('Get_Site_and_Primary_Contact')?['body/address1_stateorprovince']))","@toLower(trim(outputs('Get_a_WO._All_fields')?['body/msdyn_stateorprovince']))"]}]},"type":"If"},"Second_Inspector_Name":{"runAfter":{"Get_Primary_Inspector":["Succeeded"]},"type":"InitializeVariable","inputs":{"variables":[{"name":"scndInspectorName","type":"string","value":"---"}]}},"Second_Inspector_Email":{"runAfter":{"Second_Inspector_Name":["Succeeded"]},"type":"InitializeVariable","inputs":{"variables":[{"name":"scndInspectorEmail","type":"string","value":"---"}]}},"Second_Inspector_Phone":{"runAfter":{"Second_Inspector_Email":["Succeeded"]},"type":"InitializeVariable","inputs":{"variables":[{"name":"scndInspectorPhone","type":"string","value":"---"}]}},"Second_Inspector__RIN":{"runAfter":{"Second_Inspector_Phone":["Succeeded"]},"type":"InitializeVariable","inputs":{"variables":[{"name":"scndInspectorRIN","type":"string","value":"---"}]}},"Second_Inspector_Badge":{"runAfter":{"Second_Inspector__RIN":["Succeeded"]},"type":"InitializeVariable","inputs":{"variables":[{"name":"scndInspectorBadge","type":"string","value":"---"}]}},"File_Path_Blob":{"runAfter":{"File_Name_SharePoint":["Succeeded"]},"type":"InitializeVariable","inputs":{"variables":[{"name":"filePathBlob","type":"string","value":"@{outputs('Get_a_WO._All_fields')?['body/msdyn_name']}_@{variables('WOid')}/InspectionReport/@{outputs('Get_Site_and_Primary_Contact')?['body/name']}_@{formatDateTime(utcNow(),'yyyy-MM-dd')}.pdf"}]}},"Get_Site_and_Primary_Contact":{"runAfter":{"Get_a_WO._All_fields":["Succeeded"]},"type":"OpenApiConnection","inputs":{"host":{"connectionName":"shared_commondataserviceforapps","operationId":"GetItem","apiId":"/providers/Microsoft.PowerApps/apis/shared_commondataserviceforapps"},"parameters":{"entityName":"accounts","recordId":"@outputs('Get_a_WO._All_fields')?['body/_msdyn_serviceaccount_value']","$select":"name,emailaddress1,accountid,address1_composite, address1_city,address1_stateorprovince,address1_line1,address1_postalcode,address1_country","$expand":"primarycontactid($select=jobtitle,fullname,emailaddress1,telephone1)"},"authentication":"@parameters('$authentication')"}},"Get_a_WO._All_fields":{"runAfter":{},"type":"OpenApiConnection","inputs":{"host":{"connectionName":"shared_commondataserviceforapps","operationId":"GetItem","apiId":"/providers/Microsoft.PowerApps/apis/shared_commondataserviceforapps"},"parameters":{"entityName":"msdyn_workorders","recordId":"@triggerBody()?['wo_id']"},"authentication":"@parameters('$authentication')"}},"try":{"actions":{"Create_new_folder__in_SharePoint":{"runAfter":{},"type":"OpenApiConnection","inputs":{"host":{"connectionName":"shared_sharepointonline","operationId":"CreateNewFolder","apiId":"/providers/Microsoft.PowerApps/apis/shared_sharepointonline"},"parameters":{"dataset":"https://034gc.sharepoint.com/sites/SamuraiTeam","table":"ddbec2ce-e3a5-4bf3-b065-23b0d1d0d395","parameters/path":"/Reports@{variables('SPfolderPath')}"},"authentication":"@parameters('$authentication')"}},"Email:_FR_or_EN":{"actions":{"Email_Fr":{"runAfter":{},"type":"OpenApiConnection","inputs":{"host":{"connectionName":"shared_commondataserviceforapps","operationId":"CreateRecord","apiId":"/providers/Microsoft.PowerApps/apis/shared_commondataserviceforapps"},"parameters":{"entityName":"emails","item/activitypointer_activity_parties":[{"participationtypemask":1,"partyid@odata.bind":"/systemusers(@{triggerBody()?['triggering_user_id']})"},{"participationtypemask":2,"partyid@odata.bind":"/accounts(@{outputs('Get_Site_and_Primary_Contact')?['body/accountid']})"},{"participationtypemask":3,"partyid@odata.bind":"/systemusers(@{outputs('Get_Primary_Inspector')?['body/userid/systemuserid']})"}],"item/description":"<p>Bonjour,</p>\n<p>Veuillez trouver ci-joint une copie du rapport d’inspection relatif à une inspection qui a eu lieu le @{variables('bookingStartTime')} par l'Inspecteur TMD @{outputs('Get_Primary_Inspector')?['body/userid/lastname']}. Le rapport détaille les observations faites lors de l'inspection et comprend toutes les mesures qui doivent être prises par @{outputs('Get_Site_and_Primary_Contact')?['body/name']}.</p>\n<p>Si vous avez des questions ou des préoccupations, veuillez contacter l'Inspecteur @{outputs('Get_Primary_Inspector')?['body/userid/lastname']} aux coordonnées ci-dessous.</p>\n</br>\nCordialement,","item/regardingobjectid_msdyn_workorder_email@odata.bind":"/msdyn_workorders(@{outputs('Get_a_WO._All_fields')?['body/msdyn_workorderid']})","item/subject":"Rapport d'inspection"},"authentication":"@parameters('$authentication')"}},"Set_email_Id_fr":{"runAfter":{"Email_Fr":["Succeeded"]},"type":"SetVariable","inputs":{"name":"activityid","value":"@outputs('Email_Fr')?['body/activityid']"}}},"runAfter":{"Create_new_folder__in_SharePoint":["Succeeded"]},"else":{"actions":{"Set_email_id_en":{"runAfter":{"Email_En":["Succeeded"]},"type":"SetVariable","inputs":{"name":"activityid","value":"@outputs('Email_En')?['body/activityid']"}},"Email_En":{"runAfter":{},"type":"OpenApiConnection","inputs":{"host":{"connectionName":"shared_commondataserviceforapps","operationId":"CreateRecord","apiId":"/providers/Microsoft.PowerApps/apis/shared_commondataserviceforapps"},"parameters":{"entityName":"emails","item/activitypointer_activity_parties":[{"participationtypemask":1,"partyid@odata.bind":"/systemusers(@{triggerBody()?['triggering_user_id']})"},{"participationtypemask":2,"partyid@odata.bind":"/accounts(@{outputs('Get_Site_and_Primary_Contact')?['body/accountid']})"},{"participationtypemask":3,"partyid@odata.bind":"/systemusers(@{outputs('Get_Primary_Inspector')?['body/userid/systemuserid']})"}],"item/description":"<p>Good day, </p>\n<p>Please find attached a copy of the report resulting from an inspection that took place on @{variables('bookingStartTime')} by TDG Inspector @{outputs('Get_Primary_Inspector')?['body/userid/lastname']}. The report details the findings of the inspection and includes any necessary actions that need to be taken by @{outputs('Get_Site_and_Primary_Contact')?['body/name']}.</p>\n<p> Should you have any questions or concerns, please contact Inspector  @{outputs('Get_Primary_Inspector')?['body/userid/lastname']} at the information found below.</p>\n\n</br>\nRegards,","item/regardingobjectid_msdyn_workorder_email@odata.bind":"/msdyn_workorders(@{outputs('Get_a_WO._All_fields')?['body/msdyn_workorderid']})","item/subject":"Rapport d'inspection"},"authentication":"@parameters('$authentication')"}}}},"expression":{"equals":["@variables('isFrench')","@true"]},"type":"If"},"Secondary_Inspector_condition":{"actions":{},"runAfter":{"Email:_FR_or_EN":["Succeeded"]},"else":{"actions":{"Get_Secondary_Inspector":{"runAfter":{},"type":"OpenApiConnection","inputs":{"host":{"connectionName":"shared_commondataserviceforapps","operationId":"GetItem","apiId":"/providers/Microsoft.PowerApps/apis/shared_commondataserviceforapps"},"parameters":{"entityName":"bookableresources","recordId":"@outputs('Get_a_WO._All_fields')?['body/_ovs_secondaryinspector_value']","$select":"name,msdyn_primaryemail,bookableresourceid,ovs_badgenumber,ovs_registeredinspectornumberrin","$expand":"UserId($select=lastname,firstname,systemuserid,fullname,address1_telephone1,domainname)"},"authentication":"@parameters('$authentication')"}},"Set_Name":{"runAfter":{"Get_Secondary_Inspector":["Succeeded"]},"type":"SetVariable","inputs":{"name":"scndInspectorName","value":"@outputs('Get_Secondary_Inspector')?['body/userid/fullname']"}},"Set_Badge":{"runAfter":{"Set_Name":["Succeeded"]},"type":"SetVariable","inputs":{"name":"scndInspectorBadge","value":"@outputs('Get_Secondary_Inspector')?['body/ovs_badgenumber']"}},"Set_RIN":{"runAfter":{"Set_Badge":["Succeeded"]},"type":"SetVariable","inputs":{"name":"scndInspectorRIN","value":"@outputs('Get_Secondary_Inspector')?['body/ovs_registeredinspectornumberrin']"}},"Set_Email":{"runAfter":{"Set_RIN":["Succeeded"]},"type":"SetVariable","inputs":{"name":"scndInspectorEmail","value":"@outputs('Get_Secondary_Inspector')?['body/msdyn_primaryemail']"}},"Set_Phone":{"runAfter":{"Set_Email":["Succeeded"]},"type":"SetVariable","inputs":{"name":"scndInspectorPhone","value":"@outputs('Get_Secondary_Inspector')?['body/userid/address1_telephone1']"}}}},"expression":{"equals":["@outputs('Get_a_WO._All_fields')?['body/_ovs_secondaryinspector_value']","@null"]},"type":"If"},"Populate._Is_French":{"actions":{"FR.Location":{"actions":{"FR.Location.Violations":{"actions":{"Populate_a_Microsoft_Word_template_FR.Location.Violation":{"runAfter":{},"metadata":{"01QZYBJ7AGKW353TY5MRBLALEQ2KXLIUXE":"/Inspection Report Templates/EN/NOMC Inspection Report  Violations Location EN.docx","01QZYBJ7A3PUOERLOYTFD3NGVNHKLSWOZL":"/Inspection Report Templates/EN/NOMC Inspection Report  Violations Location EN.docx","01QZYBJ7GJORJ436KLSRA3LPP32PWWITK6":"/Inspection Report Templates/FR/FR - NOMC Revised Inspection Violations Location.docx"},"type":"OpenApiConnection","inputs":{"host":{"connectionName":"shared_wordonlinebusiness","operationId":"CreateFileItem","apiId":"/providers/Microsoft.PowerApps/apis/shared_wordonlinebusiness"},"parameters":{"source":"sites/034gc.sharepoint.com,140da73b-4423-4443-a812-e623d6d857c4,f2a2589e-2eec-4642-9280-443640f88211","drive":"b!O6cNFCNEQ0SoEuYj1thXxJ5YovLsLkJGkoBENkD4ghHOwr7dpePzS7BlI7DR0NOV","file":"01QZYBJ7GJORJ436KLSRA3LPP32PWWITK6","dynamicFileSchema/195427893":"@outputs('Get_a_WO._All_fields')?['body/msdyn_name']","dynamicFileSchema/270129255":"@outputs('Get_a_WO._All_fields')?['body/msdyn_latitude']","dynamicFileSchema/275383476":"@outputs('Get_a_WO._All_fields')?['body/msdyn_longitude']","dynamicFileSchema/383832492":"@variables('scndInspectorEmail')","dynamicFileSchema/458229815":"@variables('bookingStartTime')","dynamicFileSchema/795868948":"@variables('scndInspectorBadge')","dynamicFileSchema/980343006":"@{outputs('Get_Site_and_Primary_Contact')?['body/address1_line1']}, @{outputs('Get_Site_and_Primary_Contact')?['body/address1_city']}, @{outputs('Get_Site_and_Primary_Contact')?['body/address1_stateorprovince']}, @{outputs('Get_Site_and_Primary_Contact')?['body/address1_postalcode']}","dynamicFileSchema/1401091317":"@variables('scndInspectorName')","dynamicFileSchema/1600681763":"@variables('scndInspectorPhone')","dynamicFileSchema/1705523509":"@variables('violations')","dynamicFileSchema/1895699130":"@outputs('Get_a_WO._All_fields')?['body/qm_remote']","dynamicFileSchema/1966544364":"@outputs('Get_Primary_Inspector')?['body/ovs_badgenumber']","dynamicFileSchema/2014261285":"@outputs('Get_Primary_Inspector')?['body/userid/address1_telephone1']","dynamicFileSchema/2092892383":"@{outputs('Get_a_WO._All_fields')?['body/msdyn_address1']}, @{outputs('Get_a_WO._All_fields')?['body/msdyn_city']}, @{outputs('Get_a_WO._All_fields')?['body/msdyn_stateorprovince']}. @{outputs('Get_a_WO._All_fields')?['body/msdyn_postalcode']}","dynamicFileSchema/2117092899":"@outputs('Get_a_WO._All_fields')?['body/ovs_generalcomments']","dynamicFileSchema/-2132464357":"@outputs('Get_Site_and_Primary_Contact')?['body/name']","dynamicFileSchema/-96106577":"@outputs('Get_Site_and_Primary_Contact')?['body/primarycontactid/fullname']","dynamicFileSchema/-638495335":"@outputs('Get_Site_and_Primary_Contact')?['body/primarycontactid/jobtitle']","dynamicFileSchema/-1131555099":"@outputs('Get_Site_and_Primary_Contact')?['body/primarycontactid/telephone1']","dynamicFileSchema/-1099405683":"@outputs('Get_Site_and_Primary_Contact')?['body/primarycontactid/emailaddress1']","dynamicFileSchema/-1367443116":"@outputs('Get_Primary_Inspector')?['body/userid/fullname']","dynamicFileSchema/-217049391":"@outputs('Get_Primary_Inspector')?['body/ovs_registeredinspectornumberrin']","dynamicFileSchema/-722680123":"@variables('scndInspectorRIN')","dynamicFileSchema/-1231235283":"@outputs('Get_Primary_Inspector')?['body/msdyn_primaryemail']"},"authentication":"@parameters('$authentication')"}},"Create_file_in_SP_FR.Location.Violation":{"runAfter":{"Populate_a_Microsoft_Word_template_FR.Location.Violation":["Succeeded"]},"type":"OpenApiConnection","inputs":{"host":{"connectionName":"shared_sharepointonline","operationId":"CreateFile","apiId":"/providers/Microsoft.PowerApps/apis/shared_sharepointonline"},"parameters":{"dataset":"https://034gc.sharepoint.com/sites/SamuraiTeam","folderPath":"@outputs('Create_new_folder__in_SharePoint')?['body/{FullPath}']","name":"@variables('fileNameSP')","body":"@outputs('Populate_a_Microsoft_Word_template_FR.Location.Violation')?['body']"},"authentication":"@parameters('$authentication')"},"runtimeConfiguration":{"contentTransfer":{"transferMode":"Chunked"}}}},"runAfter":{},"else":{"actions":{"Populate_a_Microsoft_Word_template_FR.Location.NoViolation":{"runAfter":{},"metadata":{"01QZYBJ7AGKW353TY5MRBLALEQ2KXLIUXE":"/Inspection Report Templates/EN/NOMC Inspection Report  Violations Location EN.docx","01QZYBJ7AKBQYQIZOAEBHL42GI5XVV7YI6":"/Inspection Report Templates/EN/NOMC Inspection Report  NoV Location EN .docx","01QZYBJ7AVG4KP4SNSJ5DL4GY4E3A6PK42":"/Inspection Report Templates/EN/NOMC Inspection Report  NoV Location EN .docx","01QZYBJ7B3IVQC6V5IGJCJJG3MRND4IKAD":"/Inspection Report Templates/FR/FR - NOMC Revised Inspection Report NoV Location.docx"},"type":"OpenApiConnection","inputs":{"host":{"connectionName":"shared_wordonlinebusiness","operationId":"CreateFileItem","apiId":"/providers/Microsoft.PowerApps/apis/shared_wordonlinebusiness"},"parameters":{"source":"sites/034gc.sharepoint.com,140da73b-4423-4443-a812-e623d6d857c4,f2a2589e-2eec-4642-9280-443640f88211","drive":"b!O6cNFCNEQ0SoEuYj1thXxJ5YovLsLkJGkoBENkD4ghHOwr7dpePzS7BlI7DR0NOV","file":"01QZYBJ7B3IVQC6V5IGJCJJG3MRND4IKAD","dynamicFileSchema/195427893":"@outputs('Get_a_WO._All_fields')?['body/msdyn_name']","dynamicFileSchema/270129255":"@outputs('Get_a_WO._All_fields')?['body/msdyn_latitude']","dynamicFileSchema/275383476":"@outputs('Get_a_WO._All_fields')?['body/msdyn_longitude']","dynamicFileSchema/383832492":"@variables('scndInspectorEmail')","dynamicFileSchema/458229815":"@variables('bookingStartTime')","dynamicFileSchema/795868948":"@variables('scndInspectorBadge')","dynamicFileSchema/980343006":"@{outputs('Get_Site_and_Primary_Contact')?['body/address1_line1']}, @{outputs('Get_Site_and_Primary_Contact')?['body/address1_city']}, @{outputs('Get_Site_and_Primary_Contact')?['body/address1_stateorprovince']}, @{outputs('Get_Site_and_Primary_Contact')?['body/address1_postalcode']}","dynamicFileSchema/1401091317":"@variables('scndInspectorName')","dynamicFileSchema/1600681763":"@variables('scndInspectorPhone')","dynamicFileSchema/1895699130":"@outputs('Get_a_WO._All_fields')?['body/qm_remote']","dynamicFileSchema/1966544364":"@outputs('Get_Primary_Inspector')?['body/ovs_badgenumber']","dynamicFileSchema/2014261285":"@outputs('Get_Primary_Inspector')?['body/userid/address1_telephone1']","dynamicFileSchema/2092892383":"@{outputs('Get_a_WO._All_fields')?['body/msdyn_address1']}, @{outputs('Get_a_WO._All_fields')?['body/msdyn_city']}, @{outputs('Get_a_WO._All_fields')?['body/msdyn_stateorprovince']}. @{outputs('Get_a_WO._All_fields')?['body/msdyn_postalcode']}","dynamicFileSchema/2117092899":"@outputs('Get_a_WO._All_fields')?['body/ovs_generalcomments']","dynamicFileSchema/-2132464357":"@outputs('Get_Site_and_Primary_Contact')?['body/name']","dynamicFileSchema/-96106577":"@outputs('Get_Site_and_Primary_Contact')?['body/primarycontactid/fullname']","dynamicFileSchema/-638495335":"@outputs('Get_Site_and_Primary_Contact')?['body/primarycontactid/jobtitle']","dynamicFileSchema/-1131555099":"@outputs('Get_Site_and_Primary_Contact')?['body/primarycontactid/telephone1']","dynamicFileSchema/-1099405683":"@outputs('Get_Site_and_Primary_Contact')?['body/primarycontactid/emailaddress1']","dynamicFileSchema/-1367443116":"@outputs('Get_Primary_Inspector')?['body/userid/fullname']","dynamicFileSchema/-217049391":"@outputs('Get_Primary_Inspector')?['body/ovs_registeredinspectornumberrin']","dynamicFileSchema/-722680123":"@variables('scndInspectorRIN')","dynamicFileSchema/-1231235283":"@outputs('Get_Primary_Inspector')?['body/msdyn_primaryemail']"},"authentication":"@parameters('$authentication')"}},"Create_file_in_SP_FR.Location.NoViolation":{"runAfter":{"Populate_a_Microsoft_Word_template_FR.Location.NoViolation":["Succeeded"]},"type":"OpenApiConnection","inputs":{"host":{"connectionName":"shared_sharepointonline","operationId":"CreateFile","apiId":"/providers/Microsoft.PowerApps/apis/shared_sharepointonline"},"parameters":{"dataset":"https://034gc.sharepoint.com/sites/SamuraiTeam","folderPath":"@outputs('Create_new_folder__in_SharePoint')?['body/{FullPath}']","name":"@variables('fileNameSP')","body":"@outputs('Populate_a_Microsoft_Word_template_FR.Location.NoViolation')?['body']"},"authentication":"@parameters('$authentication')"},"runtimeConfiguration":{"contentTransfer":{"transferMode":"Chunked"}}}}},"expression":{"equals":["@variables('isViolations')","@true"]},"type":"If"}},"runAfter":{},"else":{"actions":{"FR.NoLocation.Violations":{"actions":{"Populate_a_Microsoft_Word_template_FR.NoLocation.Violation":{"runAfter":{},"metadata":{"01QZYBJ7AGKW353TY5MRBLALEQ2KXLIUXE":"/Inspection Report Templates/EN/NOMC Inspection Report  Violations Location EN.docx","01QZYBJ7DALPYQWWC36VD3WDAWZ4KBZDDY":"/Inspection Report Templates/EN/NOMC Inspection Report  Violations NoLocation EN.docx","01QZYBJ7C2LL5VVAXLOZFJ3PIRWB5YLK2C":"/Inspection Report Templates/EN/NOMC Inspection Report  Violations NoLocation EN.docx","01QZYBJ7CXEMGYSZ7V2FHK4BYLSQSDSENW":"/Inspection Report Templates/FR/FR - NOMC Revised Inspection Violations NoLocation.docx"},"type":"OpenApiConnection","inputs":{"host":{"connectionName":"shared_wordonlinebusiness","operationId":"CreateFileItem","apiId":"/providers/Microsoft.PowerApps/apis/shared_wordonlinebusiness"},"parameters":{"source":"sites/034gc.sharepoint.com,140da73b-4423-4443-a812-e623d6d857c4,f2a2589e-2eec-4642-9280-443640f88211","drive":"b!O6cNFCNEQ0SoEuYj1thXxJ5YovLsLkJGkoBENkD4ghHOwr7dpePzS7BlI7DR0NOV","file":"01QZYBJ7CXEMGYSZ7V2FHK4BYLSQSDSENW","dynamicFileSchema/195427893":"@outputs('Get_a_WO._All_fields')?['body/msdyn_name']","dynamicFileSchema/383832492":"@variables('scndInspectorEmail')","dynamicFileSchema/458229815":"@variables('bookingStartTime')","dynamicFileSchema/795868948":"@variables('scndInspectorBadge')","dynamicFileSchema/980343006":"@{outputs('Get_Site_and_Primary_Contact')?['body/address1_line1']}, @{outputs('Get_Site_and_Primary_Contact')?['body/address1_city']}, @{outputs('Get_Site_and_Primary_Contact')?['body/address1_stateorprovince']}, @{outputs('Get_Site_and_Primary_Contact')?['body/address1_postalcode']}","dynamicFileSchema/1401091317":"@variables('scndInspectorName')","dynamicFileSchema/1600681763":"@variables('scndInspectorPhone')","dynamicFileSchema/1705523509":"@variables('violations')","dynamicFileSchema/1895699130":"@outputs('Get_a_WO._All_fields')?['body/qm_remote']","dynamicFileSchema/1966544364":"@outputs('Get_Primary_Inspector')?['body/ovs_badgenumber']","dynamicFileSchema/2014261285":"@outputs('Get_Primary_Inspector')?['body/userid/address1_telephone1']","dynamicFileSchema/2117092899":"@outputs('Get_a_WO._All_fields')?['body/ovs_generalcomments']","dynamicFileSchema/-2132464357":"@outputs('Get_Site_and_Primary_Contact')?['body/name']","dynamicFileSchema/-96106577":"@outputs('Get_Site_and_Primary_Contact')?['body/primarycontactid/fullname']","dynamicFileSchema/-638495335":"@outputs('Get_Site_and_Primary_Contact')?['body/primarycontactid/jobtitle']","dynamicFileSchema/-1131555099":"@outputs('Get_Site_and_Primary_Contact')?['body/primarycontactid/telephone1']","dynamicFileSchema/-1099405683":"@outputs('Get_Site_and_Primary_Contact')?['body/primarycontactid/emailaddress1']","dynamicFileSchema/-1367443116":"@outputs('Get_Primary_Inspector')?['body/userid/fullname']","dynamicFileSchema/-217049391":"@outputs('Get_Primary_Inspector')?['body/ovs_registeredinspectornumberrin']","dynamicFileSchema/-722680123":"@variables('scndInspectorRIN')","dynamicFileSchema/-1231235283":"@outputs('Get_Primary_Inspector')?['body/msdyn_primaryemail']"},"authentication":"@parameters('$authentication')"}},"Create_file_in_SP_FR.NoLocation.Violation":{"runAfter":{"Populate_a_Microsoft_Word_template_FR.NoLocation.Violation":["Succeeded"]},"type":"OpenApiConnection","inputs":{"host":{"connectionName":"shared_sharepointonline","operationId":"CreateFile","apiId":"/providers/Microsoft.PowerApps/apis/shared_sharepointonline"},"parameters":{"dataset":"https://034gc.sharepoint.com/sites/SamuraiTeam","folderPath":"@outputs('Create_new_folder__in_SharePoint')?['body/{FullPath}']","name":"@variables('fileNameSP')","body":"@outputs('Populate_a_Microsoft_Word_template_FR.NoLocation.Violation')?['body']"},"authentication":"@parameters('$authentication')"},"runtimeConfiguration":{"contentTransfer":{"transferMode":"Chunked"}}}},"runAfter":{},"else":{"actions":{"Populate_a_Microsoft_Word_template_FR.NoLocation.NoViolation_":{"runAfter":{},"metadata":{"01QZYBJ7AGKW353TY5MRBLALEQ2KXLIUXE":"/Inspection Report Templates/EN/NOMC Inspection Report  Violations Location EN.docx","01QZYBJ7FG4MD6T7ZSBRCIHCC62OVLVA62":"/Inspection Report Templates/EN/NOMC Inspection Report  NoV NoLocation EN.docx","01QZYBJ7F7RTRFIWMZG5HYP53KQKLUIMTJ":"/Inspection Report Templates/EN/NOMC Inspection Report  NoV NoLocation EN.docx","01QZYBJ7HLUMXAAIOQQBG3KX47S6XKNPKI":"/Inspection Report Templates/FR/FR - NOMC Revised Inspection Report NoV NoLocation.docx"},"type":"OpenApiConnection","inputs":{"host":{"connectionName":"shared_wordonlinebusiness","operationId":"CreateFileItem","apiId":"/providers/Microsoft.PowerApps/apis/shared_wordonlinebusiness"},"parameters":{"source":"sites/034gc.sharepoint.com,140da73b-4423-4443-a812-e623d6d857c4,f2a2589e-2eec-4642-9280-443640f88211","drive":"b!O6cNFCNEQ0SoEuYj1thXxJ5YovLsLkJGkoBENkD4ghHOwr7dpePzS7BlI7DR0NOV","file":"01QZYBJ7HLUMXAAIOQQBG3KX47S6XKNPKI","dynamicFileSchema/195427893":"@outputs('Get_a_WO._All_fields')?['body/msdyn_name']","dynamicFileSchema/383832492":"@variables('scndInspectorEmail')","dynamicFileSchema/458229815":"@variables('bookingStartTime')","dynamicFileSchema/795868948":"@variables('scndInspectorBadge')","dynamicFileSchema/980343006":"@{outputs('Get_Site_and_Primary_Contact')?['body/address1_line1']}, @{outputs('Get_Site_and_Primary_Contact')?['body/address1_city']}, @{outputs('Get_Site_and_Primary_Contact')?['body/address1_stateorprovince']}, @{outputs('Get_Site_and_Primary_Contact')?['body/address1_postalcode']}","dynamicFileSchema/1401091317":"@variables('scndInspectorName')","dynamicFileSchema/1600681763":"@variables('scndInspectorPhone')","dynamicFileSchema/1895699130":"@outputs('Get_a_WO._All_fields')?['body/qm_remote']","dynamicFileSchema/1966544364":"@outputs('Get_Primary_Inspector')?['body/ovs_badgenumber']","dynamicFileSchema/2014261285":"@outputs('Get_Primary_Inspector')?['body/userid/address1_telephone1']","dynamicFileSchema/2117092899":"@outputs('Get_a_WO._All_fields')?['body/ovs_generalcomments']","dynamicFileSchema/-2132464357":"@outputs('Get_Site_and_Primary_Contact')?['body/name']","dynamicFileSchema/-96106577":"@outputs('Get_Site_and_Primary_Contact')?['body/primarycontactid/fullname']","dynamicFileSchema/-638495335":"@outputs('Get_Site_and_Primary_Contact')?['body/primarycontactid/jobtitle']","dynamicFileSchema/-1131555099":"@outputs('Get_Site_and_Primary_Contact')?['body/primarycontactid/telephone1']","dynamicFileSchema/-1099405683":"@outputs('Get_Site_and_Primary_Contact')?['body/primarycontactid/emailaddress1']","dynamicFileSchema/-1367443116":"@outputs('Get_Primary_Inspector')?['body/userid/fullname']","dynamicFileSchema/-217049391":"@outputs('Get_Primary_Inspector')?['body/ovs_registeredinspectornumberrin']","dynamicFileSchema/-722680123":"@variables('scndInspectorRIN')","dynamicFileSchema/-1231235283":"@outputs('Get_Primary_Inspector')?['body/msdyn_primaryemail']"},"authentication":"@parameters('$authentication')"}},"Create_file_in_SP_FR.NoLocation.NoViolation":{"runAfter":{"Populate_a_Microsoft_Word_template_FR.NoLocation.NoViolation_":["Succeeded"]},"type":"OpenApiConnection","inputs":{"host":{"connectionName":"shared_sharepointonline","operationId":"CreateFile","apiId":"/providers/Microsoft.PowerApps/apis/shared_sharepointonline"},"parameters":{"dataset":"https://034gc.sharepoint.com/sites/SamuraiTeam","folderPath":"@outputs('Create_new_folder__in_SharePoint')?['body/{FullPath}']","name":"@variables('fileNameSP')","body":"@outputs('Populate_a_Microsoft_Word_template_FR.NoLocation.NoViolation_')?['body']"},"authentication":"@parameters('$authentication')"},"runtimeConfiguration":{"contentTransfer":{"transferMode":"Chunked"}}}}},"expression":{"equals":["@variables('isViolations')","@true"]},"type":"If"}}},"expression":{"equals":["@variables('isAddressEqLocation')","@true"]},"type":"If"}},"runAfter":{"Secondary_Inspector_condition":["Succeeded"]},"else":{"actions":{"EN.Location":{"actions":{"EN.Location.Violation":{"actions":{"Populate_a_Microsoft_Word_template_EN.Location.Violation":{"runAfter":{},"metadata":{"01QZYBJ7AGKW353TY5MRBLALEQ2KXLIUXE":"/Inspection Report Templates/EN/NOMC Inspection Report  Violations Location EN.docx","01QZYBJ7A3PUOERLOYTFD3NGVNHKLSWOZL":"/Inspection Report Templates/EN/NOMC Inspection Report  Violations Location EN.docx"},"type":"OpenApiConnection","inputs":{"host":{"connectionName":"shared_wordonlinebusiness","operationId":"CreateFileItem","apiId":"/providers/Microsoft.PowerApps/apis/shared_wordonlinebusiness"},"parameters":{"source":"sites/034gc.sharepoint.com,140da73b-4423-4443-a812-e623d6d857c4,f2a2589e-2eec-4642-9280-443640f88211","drive":"b!O6cNFCNEQ0SoEuYj1thXxJ5YovLsLkJGkoBENkD4ghHOwr7dpePzS7BlI7DR0NOV","file":"01QZYBJ7A3PUOERLOYTFD3NGVNHKLSWOZL","dynamicFileSchema/195427893":"@outputs('Get_a_WO._All_fields')?['body/msdyn_name']","dynamicFileSchema/270129255":"@outputs('Get_a_WO._All_fields')?['body/msdyn_latitude']","dynamicFileSchema/275383476":"@outputs('Get_a_WO._All_fields')?['body/msdyn_longitude']","dynamicFileSchema/383832492":"@variables('scndInspectorEmail')","dynamicFileSchema/458229815":"@variables('bookingStartTime')","dynamicFileSchema/795868948":"@variables('scndInspectorBadge')","dynamicFileSchema/980343006":"@{outputs('Get_Site_and_Primary_Contact')?['body/address1_line1']}, @{outputs('Get_Site_and_Primary_Contact')?['body/address1_city']}, @{outputs('Get_Site_and_Primary_Contact')?['body/address1_stateorprovince']}, @{outputs('Get_Site_and_Primary_Contact')?['body/address1_postalcode']}","dynamicFileSchema/1401091317":"@variables('scndInspectorName')","dynamicFileSchema/1600681763":"@variables('scndInspectorPhone')","dynamicFileSchema/1705523509":"@variables('violations')","dynamicFileSchema/1895699130":"@outputs('Get_a_WO._All_fields')?['body/qm_remote']","dynamicFileSchema/1966544364":"@outputs('Get_Primary_Inspector')?['body/ovs_badgenumber']","dynamicFileSchema/2014261285":"@outputs('Get_Primary_Inspector')?['body/userid/address1_telephone1']","dynamicFileSchema/2092892383":"@{outputs('Get_a_WO._All_fields')?['body/msdyn_address1']}, @{outputs('Get_a_WO._All_fields')?['body/msdyn_city']}, @{outputs('Get_a_WO._All_fields')?['body/msdyn_stateorprovince']}. @{outputs('Get_a_WO._All_fields')?['body/msdyn_postalcode']}","dynamicFileSchema/2117092899":"@outputs('Get_a_WO._All_fields')?['body/ovs_generalcomments']","dynamicFileSchema/-2132464357":"@outputs('Get_Site_and_Primary_Contact')?['body/name']","dynamicFileSchema/-96106577":"@outputs('Get_Site_and_Primary_Contact')?['body/primarycontactid/fullname']","dynamicFileSchema/-638495335":"@outputs('Get_Site_and_Primary_Contact')?['body/primarycontactid/jobtitle']","dynamicFileSchema/-1131555099":"@outputs('Get_Site_and_Primary_Contact')?['body/primarycontactid/telephone1']","dynamicFileSchema/-1099405683":"@outputs('Get_Site_and_Primary_Contact')?['body/primarycontactid/emailaddress1']","dynamicFileSchema/-1367443116":"@outputs('Get_Primary_Inspector')?['body/userid/fullname']","dynamicFileSchema/-217049391":"@outputs('Get_Primary_Inspector')?['body/ovs_registeredinspectornumberrin']","dynamicFileSchema/-722680123":"@variables('scndInspectorRIN')","dynamicFileSchema/-1231235283":"@outputs('Get_Primary_Inspector')?['body/msdyn_primaryemail']"},"authentication":"@parameters('$authentication')"}},"Create_file_in_SP_EN.Location.Violation":{"runAfter":{"Populate_a_Microsoft_Word_template_EN.Location.Violation":["Succeeded"]},"type":"OpenApiConnection","inputs":{"host":{"connectionName":"shared_sharepointonline","operationId":"CreateFile","apiId":"/providers/Microsoft.PowerApps/apis/shared_sharepointonline"},"parameters":{"dataset":"https://034gc.sharepoint.com/sites/SamuraiTeam","folderPath":"@outputs('Create_new_folder__in_SharePoint')?['body/{FullPath}']","name":"@variables('fileNameSP')","body":"@outputs('Populate_a_Microsoft_Word_template_EN.Location.Violation')?['body']"},"authentication":"@parameters('$authentication')"},"runtimeConfiguration":{"contentTransfer":{"transferMode":"Chunked"}}}},"runAfter":{},"else":{"actions":{"Populate_a_Microsoft_Word_template_EN.Location.NoViolation":{"runAfter":{},"metadata":{"01QZYBJ7AGKW353TY5MRBLALEQ2KXLIUXE":"/Inspection Report Templates/EN/NOMC Inspection Report  Violations Location EN.docx","01QZYBJ7AKBQYQIZOAEBHL42GI5XVV7YI6":"/Inspection Report Templates/EN/NOMC Inspection Report  NoV Location EN .docx","01QZYBJ7AVG4KP4SNSJ5DL4GY4E3A6PK42":"/Inspection Report Templates/EN/NOMC Inspection Report  NoV Location EN .docx"},"type":"OpenApiConnection","inputs":{"host":{"connectionName":"shared_wordonlinebusiness","operationId":"CreateFileItem","apiId":"/providers/Microsoft.PowerApps/apis/shared_wordonlinebusiness"},"parameters":{"source":"sites/034gc.sharepoint.com,140da73b-4423-4443-a812-e623d6d857c4,f2a2589e-2eec-4642-9280-443640f88211","drive":"b!O6cNFCNEQ0SoEuYj1thXxJ5YovLsLkJGkoBENkD4ghHOwr7dpePzS7BlI7DR0NOV","file":"01QZYBJ7AVG4KP4SNSJ5DL4GY4E3A6PK42","dynamicFileSchema/195427893":"@outputs('Get_a_WO._All_fields')?['body/msdyn_name']","dynamicFileSchema/270129255":"@outputs('Get_a_WO._All_fields')?['body/msdyn_latitude']","dynamicFileSchema/275383476":"@outputs('Get_a_WO._All_fields')?['body/msdyn_longitude']","dynamicFileSchema/383832492":"@variables('scndInspectorEmail')","dynamicFileSchema/458229815":"@variables('bookingStartTime')","dynamicFileSchema/795868948":"@variables('scndInspectorBadge')","dynamicFileSchema/980343006":"@{outputs('Get_Site_and_Primary_Contact')?['body/address1_line1']}, @{outputs('Get_Site_and_Primary_Contact')?['body/address1_city']}, @{outputs('Get_Site_and_Primary_Contact')?['body/address1_stateorprovince']}, @{outputs('Get_Site_and_Primary_Contact')?['body/address1_postalcode']}","dynamicFileSchema/1401091317":"@variables('scndInspectorName')","dynamicFileSchema/1600681763":"@variables('scndInspectorPhone')","dynamicFileSchema/1895699130":"@outputs('Get_a_WO._All_fields')?['body/qm_remote']","dynamicFileSchema/1966544364":"@outputs('Get_Primary_Inspector')?['body/ovs_badgenumber']","dynamicFileSchema/2014261285":"@outputs('Get_Primary_Inspector')?['body/userid/address1_telephone1']","dynamicFileSchema/2092892383":"@{outputs('Get_a_WO._All_fields')?['body/msdyn_address1']}, @{outputs('Get_a_WO._All_fields')?['body/msdyn_city']}, @{outputs('Get_a_WO._All_fields')?['body/msdyn_stateorprovince']}. @{outputs('Get_a_WO._All_fields')?['body/msdyn_postalcode']}","dynamicFileSchema/2117092899":"@outputs('Get_a_WO._All_fields')?['body/ovs_generalcomments']","dynamicFileSchema/-2132464357":"@outputs('Get_Site_and_Primary_Contact')?['body/name']","dynamicFileSchema/-96106577":"@outputs('Get_Site_and_Primary_Contact')?['body/primarycontactid/fullname']","dynamicFileSchema/-638495335":"@outputs('Get_Site_and_Primary_Contact')?['body/primarycontactid/jobtitle']","dynamicFileSchema/-1131555099":"@outputs('Get_Site_and_Primary_Contact')?['body/primarycontactid/telephone1']","dynamicFileSchema/-1099405683":"@outputs('Get_Site_and_Primary_Contact')?['body/primarycontactid/emailaddress1']","dynamicFileSchema/-1367443116":"@outputs('Get_Primary_Inspector')?['body/userid/fullname']","dynamicFileSchema/-217049391":"@outputs('Get_Primary_Inspector')?['body/ovs_registeredinspectornumberrin']","dynamicFileSchema/-722680123":"@variables('scndInspectorRIN')","dynamicFileSchema/-1231235283":"@outputs('Get_Primary_Inspector')?['body/msdyn_primaryemail']"},"authentication":"@parameters('$authentication')"}},"Create_file_in_SP_EN.Location.NoViolation":{"runAfter":{"Populate_a_Microsoft_Word_template_EN.Location.NoViolation":["Succeeded"]},"type":"OpenApiConnection","inputs":{"host":{"connectionName":"shared_sharepointonline","operationId":"CreateFile","apiId":"/providers/Microsoft.PowerApps/apis/shared_sharepointonline"},"parameters":{"dataset":"https://034gc.sharepoint.com/sites/SamuraiTeam","folderPath":"@outputs('Create_new_folder__in_SharePoint')?['body/{FullPath}']","name":"@variables('fileNameSP')","body":"@outputs('Populate_a_Microsoft_Word_template_EN.Location.NoViolation')?['body']"},"authentication":"@parameters('$authentication')"},"runtimeConfiguration":{"contentTransfer":{"transferMode":"Chunked"}}}}},"expression":{"equals":["@variables('isViolations')","@true"]},"type":"If"}},"runAfter":{},"else":{"actions":{"EN.NoLocation.Violations":{"actions":{"Populate_a_Microsoft_Word_template_EN.NoLocation.Violation":{"runAfter":{},"metadata":{"01QZYBJ7AGKW353TY5MRBLALEQ2KXLIUXE":"/Inspection Report Templates/EN/NOMC Inspection Report  Violations Location EN.docx","01QZYBJ7DALPYQWWC36VD3WDAWZ4KBZDDY":"/Inspection Report Templates/EN/NOMC Inspection Report  Violations NoLocation EN.docx","01QZYBJ7C2LL5VVAXLOZFJ3PIRWB5YLK2C":"/Inspection Report Templates/EN/NOMC Inspection Report  Violations NoLocation EN.docx"},"type":"OpenApiConnection","inputs":{"host":{"connectionName":"shared_wordonlinebusiness","operationId":"CreateFileItem","apiId":"/providers/Microsoft.PowerApps/apis/shared_wordonlinebusiness"},"parameters":{"source":"sites/034gc.sharepoint.com,140da73b-4423-4443-a812-e623d6d857c4,f2a2589e-2eec-4642-9280-443640f88211","drive":"b!O6cNFCNEQ0SoEuYj1thXxJ5YovLsLkJGkoBENkD4ghHOwr7dpePzS7BlI7DR0NOV","file":"01QZYBJ7C2LL5VVAXLOZFJ3PIRWB5YLK2C","dynamicFileSchema/195427893":"@outputs('Get_a_WO._All_fields')?['body/msdyn_name']","dynamicFileSchema/383832492":"@variables('scndInspectorEmail')","dynamicFileSchema/458229815":"@variables('bookingStartTime')","dynamicFileSchema/795868948":"@variables('scndInspectorBadge')","dynamicFileSchema/980343006":"@{outputs('Get_Site_and_Primary_Contact')?['body/address1_line1']}, @{outputs('Get_Site_and_Primary_Contact')?['body/address1_city']}, @{outputs('Get_Site_and_Primary_Contact')?['body/address1_stateorprovince']}, @{outputs('Get_Site_and_Primary_Contact')?['body/address1_postalcode']}","dynamicFileSchema/1401091317":"@variables('scndInspectorName')","dynamicFileSchema/1600681763":"@variables('scndInspectorPhone')","dynamicFileSchema/1705523509":"@variables('violations')","dynamicFileSchema/1895699130":"@outputs('Get_a_WO._All_fields')?['body/qm_remote']","dynamicFileSchema/1966544364":"@outputs('Get_Primary_Inspector')?['body/ovs_badgenumber']","dynamicFileSchema/2014261285":"@outputs('Get_Primary_Inspector')?['body/userid/address1_telephone1']","dynamicFileSchema/2117092899":"@outputs('Get_a_WO._All_fields')?['body/ovs_generalcomments']","dynamicFileSchema/-2132464357":"@outputs('Get_Site_and_Primary_Contact')?['body/name']","dynamicFileSchema/-96106577":"@outputs('Get_Site_and_Primary_Contact')?['body/primarycontactid/fullname']","dynamicFileSchema/-638495335":"@outputs('Get_Site_and_Primary_Contact')?['body/primarycontactid/jobtitle']","dynamicFileSchema/-1131555099":"@outputs('Get_Site_and_Primary_Contact')?['body/primarycontactid/telephone1']","dynamicFileSchema/-1099405683":"@outputs('Get_Site_and_Primary_Contact')?['body/primarycontactid/emailaddress1']","dynamicFileSchema/-1367443116":"@outputs('Get_Primary_Inspector')?['body/userid/fullname']","dynamicFileSchema/-217049391":"@outputs('Get_Primary_Inspector')?['body/ovs_registeredinspectornumberrin']","dynamicFileSchema/-722680123":"@variables('scndInspectorRIN')","dynamicFileSchema/-1231235283":"@outputs('Get_Primary_Inspector')?['body/msdyn_primaryemail']"},"authentication":"@parameters('$authentication')"}},"Create_file_in_SP_EN.NoLocation.Violation":{"runAfter":{"Populate_a_Microsoft_Word_template_EN.NoLocation.Violation":["Succeeded"]},"type":"OpenApiConnection","inputs":{"host":{"connectionName":"shared_sharepointonline","operationId":"CreateFile","apiId":"/providers/Microsoft.PowerApps/apis/shared_sharepointonline"},"parameters":{"dataset":"https://034gc.sharepoint.com/sites/SamuraiTeam","folderPath":"@outputs('Create_new_folder__in_SharePoint')?['body/{FullPath}']","name":"@variables('fileNameSP')","body":"@outputs('Populate_a_Microsoft_Word_template_EN.NoLocation.Violation')?['body']"},"authentication":"@parameters('$authentication')"},"runtimeConfiguration":{"contentTransfer":{"transferMode":"Chunked"}}}},"runAfter":{},"else":{"actions":{"Populate_a_Microsoft_Word_template_EN.NoLocation.NoViolation":{"runAfter":{},"metadata":{"01QZYBJ7AGKW353TY5MRBLALEQ2KXLIUXE":"/Inspection Report Templates/EN/NOMC Inspection Report  Violations Location EN.docx","01QZYBJ7FG4MD6T7ZSBRCIHCC62OVLVA62":"/Inspection Report Templates/EN/NOMC Inspection Report  NoV NoLocation EN.docx","01QZYBJ7F7RTRFIWMZG5HYP53KQKLUIMTJ":"/Inspection Report Templates/EN/NOMC Inspection Report  NoV NoLocation EN.docx"},"type":"OpenApiConnection","inputs":{"host":{"connectionName":"shared_wordonlinebusiness","operationId":"CreateFileItem","apiId":"/providers/Microsoft.PowerApps/apis/shared_wordonlinebusiness"},"parameters":{"source":"sites/034gc.sharepoint.com,140da73b-4423-4443-a812-e623d6d857c4,f2a2589e-2eec-4642-9280-443640f88211","drive":"b!O6cNFCNEQ0SoEuYj1thXxJ5YovLsLkJGkoBENkD4ghHOwr7dpePzS7BlI7DR0NOV","file":"01QZYBJ7F7RTRFIWMZG5HYP53KQKLUIMTJ","dynamicFileSchema/195427893":"@outputs('Get_a_WO._All_fields')?['body/msdyn_name']","dynamicFileSchema/383832492":"@variables('scndInspectorEmail')","dynamicFileSchema/458229815":"@variables('bookingStartTime')","dynamicFileSchema/795868948":"@variables('scndInspectorBadge')","dynamicFileSchema/980343006":"@{outputs('Get_Site_and_Primary_Contact')?['body/address1_line1']}, @{outputs('Get_Site_and_Primary_Contact')?['body/address1_city']}, @{outputs('Get_Site_and_Primary_Contact')?['body/address1_stateorprovince']}, @{outputs('Get_Site_and_Primary_Contact')?['body/address1_postalcode']}","dynamicFileSchema/1401091317":"@variables('scndInspectorName')","dynamicFileSchema/1600681763":"@variables('scndInspectorPhone')","dynamicFileSchema/1895699130":"@outputs('Get_a_WO._All_fields')?['body/qm_remote']","dynamicFileSchema/1966544364":"@outputs('Get_Primary_Inspector')?['body/ovs_badgenumber']","dynamicFileSchema/2014261285":"@outputs('Get_Primary_Inspector')?['body/userid/address1_telephone1']","dynamicFileSchema/2117092899":"@outputs('Get_a_WO._All_fields')?['body/ovs_generalcomments']","dynamicFileSchema/-2132464357":"@outputs('Get_Site_and_Primary_Contact')?['body/name']","dynamicFileSchema/-96106577":"@outputs('Get_Site_and_Primary_Contact')?['body/primarycontactid/fullname']","dynamicFileSchema/-638495335":"@outputs('Get_Site_and_Primary_Contact')?['body/primarycontactid/jobtitle']","dynamicFileSchema/-1131555099":"@outputs('Get_Site_and_Primary_Contact')?['body/primarycontactid/telephone1']","dynamicFileSchema/-1099405683":"@outputs('Get_Site_and_Primary_Contact')?['body/primarycontactid/emailaddress1']","dynamicFileSchema/-1367443116":"@outputs('Get_Primary_Inspector')?['body/userid/fullname']","dynamicFileSchema/-217049391":"@outputs('Get_Primary_Inspector')?['body/ovs_registeredinspectornumberrin']","dynamicFileSchema/-722680123":"@variables('scndInspectorRIN')","dynamicFileSchema/-1231235283":"@outputs('Get_Primary_Inspector')?['body/msdyn_primaryemail']"},"authentication":"@parameters('$authentication')"}},"Create_file_in_SP_EN.NoLocation.NoViolation":{"runAfter":{"Populate_a_Microsoft_Word_template_EN.NoLocation.NoViolation":["Succeeded"]},"type":"OpenApiConnection","inputs":{"host":{"connectionName":"shared_sharepointonline","operationId":"CreateFile","apiId":"/providers/Microsoft.PowerApps/apis/shared_sharepointonline"},"parameters":{"dataset":"https://034gc.sharepoint.com/sites/SamuraiTeam","folderPath":"@outputs('Create_new_folder__in_SharePoint')?['body/{FullPath}']","name":"@variables('fileNameSP')","body":"@outputs('Populate_a_Microsoft_Word_template_EN.NoLocation.NoViolation')?['body']"},"authentication":"@parameters('$authentication')"},"runtimeConfiguration":{"contentTransfer":{"transferMode":"Chunked"}}}}},"expression":{"equals":["@variables('isViolations')","@true"]},"type":"If"}}},"expression":{"equals":["@variables('isAddressEqLocation')","@true"]},"type":"If"}}},"expression":{"equals":["@variables('isFrench')","@true"]},"type":"If"},"Create_activity_attachment":{"runAfter":{"Populate._Is_French":["Succeeded"]},"type":"OpenApiConnection","inputs":{"host":{"connectionName":"shared_commondataservice","operationId":"PostItem_V2","apiId":"/providers/Microsoft.PowerApps/apis/shared_commondataservice"},"parameters":{"dataset":"default.cds","table":"activitymimeattachments","item/_attachmentid_value":"@null","item/objecttypecode":"email","item/_objectid_value":"@variables('activityid')","item/_objectid_type":"emails"},"authentication":"@parameters('$authentication')"}},"Convert_Word_Document_to_PDF":{"runAfter":{"Create_activity_attachment":["Succeeded"]},"type":"OpenApiConnection","inputs":{"host":{"connectionName":"shared_wordonlinebusiness","operationId":"GetFilePDF","apiId":"/providers/Microsoft.PowerApps/apis/shared_wordonlinebusiness"},"parameters":{"source":"sites/034gc.sharepoint.com,140da73b-4423-4443-a812-e623d6d857c4,f2a2589e-2eec-4642-9280-443640f88211","drive":"b!O6cNFCNEQ0SoEuYj1thXxJ5YovLsLkJGkoBENkD4ghHOwr7dpePzS7BlI7DR0NOV","file":"/Reports@{variables('SPfolderPath')}/@{variables('fileNameSP')}"},"authentication":"@parameters('$authentication')"}},"Create_PDF_file_blob":{"runAfter":{"Convert_Word_Document_to_PDF":["Succeeded"]},"type":"OpenApiConnection","inputs":{"host":{"connectionName":"shared_azureblob","operationId":"CreateFile","apiId":"/providers/Microsoft.PowerApps/apis/shared_azureblob"},"parameters":{"folderPath":"/msdynworkorder","name":"@variables('filePathBlob')","body":"@outputs('Convert_Word_Document_to_PDF')?['body']","Content-Type":"application/pdf"},"authentication":"@parameters('$authentication')"},"runtimeConfiguration":{"contentTransfer":{"transferMode":"Chunked"}}},"Update_attachment":{"runAfter":{"Create_PDF_file_blob":["Succeeded"]},"type":"OpenApiConnection","inputs":{"host":{"connectionName":"shared_commondataserviceforapps","operationId":"UpdateRecord","apiId":"/providers/Microsoft.PowerApps/apis/shared_commondataserviceforapps"},"parameters":{"entityName":"activitymimeattachments","recordId":"@outputs('Create_activity_attachment')?['body/activitymimeattachmentid']","item/body":"@base64(outputs('Convert_Word_Document_to_PDF')?['body'])","item/filename":"Report_@{outputs('Get_Site_and_Primary_Contact')?['body/name']}_@{variables('bookingStartTime')}.pdf","item/mimetype":"application/pdf","item/subject":"@if(variables('isFrench'),'Rapport inspection','Inspection Report')"},"authentication":"@parameters('$authentication')"}},"Delete_word_from_SharePoint":{"runAfter":{"Update_attachment":["Succeeded"]},"type":"OpenApiConnection","inputs":{"host":{"connectionName":"shared_sharepointonline","operationId":"DeleteItem","apiId":"/providers/Microsoft.PowerApps/apis/shared_sharepointonline"},"parameters":{"dataset":"https://034gc.sharepoint.com/sites/SamuraiTeam","table":"Documents","id":"@outputs('Create_new_folder__in_SharePoint')?['body/ID']"},"authentication":"@parameters('$authentication')"}},"Update_the_Work_Order":{"runAfter":{"Delete_word_from_SharePoint":["Succeeded"]},"type":"OpenApiConnection","inputs":{"host":{"connectionName":"shared_commondataserviceforapps","operationId":"UpdateRecord","apiId":"/providers/Microsoft.PowerApps/apis/shared_commondataserviceforapps"},"parameters":{"entityName":"msdyn_workorders","recordId":"@outputs('Get_a_WO._All_fields')?['body/msdyn_workorderid']","item/msdyn_systemstatus":690970003},"authentication":"@parameters('$authentication')"}},"Apply_to_each_Violation":{"foreach":"@outputs('Get_Violations(Results)')?['body/value']","actions":{"Create_a_Confirmation_Team":{"runAfter":{"Create_a_Confirmation_User":["Failed","Skipped"]},"type":"OpenApiConnection","inputs":{"host":{"connectionName":"shared_commondataserviceforapps","operationId":"CreateRecord","apiId":"/providers/Microsoft.PowerApps/apis/shared_commondataserviceforapps"},"parameters":{"entityName":"ovs_confirmationofcompliances","item/ovs_daterequested":"@variables('bookingStartTime')","item/statuscode":1,"item/subject":"Confirmation of Compliance - @{items('Apply_to_each_Violation')?['qm_rclegislationid/qm_legislationlbl']}","item/ovs_Violation_ovs_confirmationofcompliance@odata.bind":"/qm_syresults(@{items('Apply_to_each_Violation')?['qm_syresultid']})","item/ownerid_ovs_confirmationofcompliance@odata.bind":"/teams(@{outputs('Get_a_WO._All_fields')?['body/_ownerid_value']})","item/regardingobjectid_msdyn_workorder_ovs_confirmationofcompliance@odata.bind":"/msdyn_workorders(@{outputs('Get_a_WO._All_fields')?['body/msdyn_workorderid']})"},"authentication":"@parameters('$authentication')"}},"Create_a_Confirmation_User":{"runAfter":{},"type":"OpenApiConnection","inputs":{"host":{"connectionName":"shared_commondataserviceforapps","operationId":"CreateRecord","apiId":"/providers/Microsoft.PowerApps/apis/shared_commondataserviceforapps"},"parameters":{"entityName":"ovs_confirmationofcompliances","item/ovs_daterequested":"@variables('bookingStartTime')","item/statuscode":1,"item/subject":"Confirmation of Compliance - @{items('Apply_to_each_Violation')?['qm_rclegislationid/qm_legislationlbl']}","item/ovs_Violation_ovs_confirmationofcompliance@odata.bind":"/qm_syresults(@{items('Apply_to_each_Violation')?['qm_syresultid']})","item/ownerid_ovs_confirmationofcompliance@odata.bind":"/systemusers(@{outputs('Get_a_WO._All_fields')?['body/_ownerid_value']})","item/regardingobjectid_msdyn_workorder_ovs_confirmationofcompliance@odata.bind":"/msdyn_workorders(@{outputs('Get_a_WO._All_fields')?['body/msdyn_workorderid']})"},"authentication":"@parameters('$authentication')"}}},"runAfter":{"Update_the_Work_Order":["Succeeded"]},"type":"Foreach"},"Response":{"runAfter":{"Apply_to_each_Violation":["Succeeded"]},"type":"Response","kind":"Http","inputs":{"statusCode":200,"headers":{"ContentType":"application/json"},"body":{"container":"msdynworkorder","name_guid":"@{outputs('Get_a_WO._All_fields')?['body/msdyn_name']}_@{variables('WOid')}/InspectionReport","file_name":"@{outputs('Get_Site_and_Primary_Contact')?['body/name']}_@{formatDateTime(utcNow(),'yyyy-MM-dd')}.pdf"},"schema":{"type":"object","properties":{"container":{"type":"string"},"name_guid":{"type":"string"},"file_name":{"type":"string"}}}}}},"runAfter":{"File_Path_Blob":["Succeeded"]},"type":"Scope"},"catch":{"actions":{"Get_errors":{"runAfter":{},"type":"Compose","inputs":"@result('try')"},"Internal_Error_Response":{"runAfter":{"Filter_array":["Succeeded"]},"type":"Response","kind":"Http","inputs":{"statusCode":"@if(greater(length(body('Filter_array')), 0),500,200)","headers":{"ContentType":"application/json"},"body":"@body('Filter_array')"}},"Filter_array":{"runAfter":{"Get_errors":["Succeeded"]},"type":"Query","inputs":{"from":"@outputs('Get_errors')","where":"@equals(item()?['status'], 'Failed')"}}},"runAfter":{"try":["Failed","TimedOut"]},"type":"Scope"}},"outputs":{}}},"schemaVersion":"1.0.0.0"}