{"properties":{"connectionReferences":{"shared_commondataservice_1":{"runtimeSource":"embedded","connection":{"connectionReferenceLogicalName":"ovs_sharedcommondataservice_09099"},"api":{"name":"shared_commondataservice"}},"shared_commondataserviceforapps_1":{"impersonation":{},"runtimeSource":"embedded","connection":{"connectionReferenceLogicalName":"ovs_sharedcommondataserviceforapps_463ed"},"api":{"name":"shared_commondataserviceforapps"}},"shared_commondataserviceforapps":{"impersonation":{},"runtimeSource":"embedded","connection":{"connectionReferenceLogicalName":"qm_sharedcommondataserviceforapps_681c2"},"api":{"name":"shared_commondataserviceforapps"}},"shared_wordonlinebusiness_1":{"runtimeSource":"embedded","connection":{"connectionReferenceLogicalName":"ovs_sharedwordonlinebusiness_93332"},"api":{"name":"shared_wordonlinebusiness"}},"shared_sharepointonline_1":{"runtimeSource":"embedded","connection":{"connectionReferenceLogicalName":"ovs_sharedsharepointonline_06687"},"api":{"name":"shared_sharepointonline"}},"shared_azureblob":{"runtimeSource":"embedded","connection":{"connectionReferenceLogicalName":"qm_sharedazureblob_3105f"},"api":{"name":"shared_azureblob"}}},"definition":{"$schema":"https://schema.management.azure.com/providers/Microsoft.Logic/schemas/2016-06-01/workflowdefinition.json#","contentVersion":"1.0.0.0","parameters":{"$connections":{"defaultValue":{},"type":"Object"},"$authentication":{"defaultValue":{},"type":"SecureObject"}},"triggers":{"manual":{"splitOn":"@triggerBody()['rows']","type":"Request","kind":"ApiConnection","inputs":{"schema":{"type":"object","properties":{"rows":{"type":"array","items":{"type":"object","properties":{"date":{"title":"Report date","type":"string","format":"date","x-ms-dynamically-added":true,"description":"Please enter or select a date (YYYY-MM-DD)","x-ms-content-hint":"DATE"},"number":{"title":"Number of calendar days","type":"number","x-ms-dynamically-added":true,"description":"Please enter a number","x-ms-content-hint":"NUMBER"},"entity":{"type":"object","properties":{"_msdyn_serviceaccount_value":{"title":"Site","type":"string","format":"guid"},"_ovs_primaryinspector_value":{"title":"Primary Inspector","type":"string","format":"guid"},"msdyn_name":{"title":"Work Order Number","type":"string"},"msdyn_workorderid":{"title":"Numéro d'ordre de travail","type":"string","format":"guid"},"_ovs_secondaryinspector_value":{"title":"Inspecteur secondaire","type":"string","format":"guid"}},"required":["_msdyn_serviceaccount_value","_ovs_primaryinspector_value","msdyn_name","msdyn_workorderid","_ovs_secondaryinspector_value"]}},"required":["entity"]}}},"required":["rows"]},"host":{"connection":{"name":"@parameters('$connections')['shared_commondataservice_1']['connectionId']"}},"operationId":"GetOnNewItems_V2","parameters":{"dataset":"default.cds","table":"msdyn_workorders"}}}},"actions":{"Clean_WO_guid":{"runAfter":{},"type":"InitializeVariable","inputs":{"variables":[{"name":"WOid","type":"string","value":"@{toUpper(replace(triggerBody()?['entity']?['msdyn_workorderid'],'-',''))}"}]}},"Get_Site_and_Primary_Contact":{"runAfter":{"Booking_StartTime":["Succeeded"]},"type":"OpenApiConnection","inputs":{"host":{"apiId":"/providers/Microsoft.PowerApps/apis/shared_commondataserviceforapps","connectionName":"shared_commondataserviceforapps_1","operationId":"GetItem"},"parameters":{"entityName":"accounts","recordId":"@triggerBody()?['entity']?['_msdyn_serviceaccount_value']","$select":"name,address1_composite","$expand":"primarycontactid($select=jobtitle,fullname,emailaddress1,telephone1)"},"authentication":"@parameters('$authentication')"}},"Get_Primary_Inspector":{"runAfter":{"Get_Site_and_Primary_Contact":["Succeeded"]},"type":"OpenApiConnection","inputs":{"host":{"apiId":"/providers/Microsoft.PowerApps/apis/shared_commondataserviceforapps","connectionName":"shared_commondataserviceforapps_1","operationId":"GetItem"},"parameters":{"entityName":"bookableresources","recordId":"@triggerBody()?['entity']?['_ovs_primaryinspector_value']","$select":"name,ovs_badgenumber,ovs_registeredinspectornumberrin"},"authentication":"@parameters('$authentication')"}},"Get_Violations(Results)":{"runAfter":{"Apply_StartTime_if_any":["Succeeded"]},"type":"OpenApiConnection","inputs":{"host":{"apiId":"/providers/Microsoft.PowerApps/apis/shared_commondataserviceforapps","connectionName":"shared_commondataserviceforapps","operationId":"ListRecords"},"parameters":{"entityName":"qm_syresults","$select":"qm_internalcomments,qm_externalcomments,_qm_workorderid_value,_qm_rclegislationid_value,qm_violationcount","$filter":"(_qm_rclegislationid_value ne null and _qm_workorderid_value eq @{triggerBody()?['entity']?['msdyn_workorderid']}) and (qm_rclegislationId/qm_rclegislationid ne null)","$expand":"qm_rclegislationId($select=qm_legislationftxt,qm_legislationetxt,qm_legislationlbl,qm_violationdisplaytexten,qm_violationdisplaytextfr)"},"authentication":"@parameters('$authentication')"}},"Loop_Violations":{"foreach":"@outputs('Get_Violations(Results)')?['body/value']","actions":{"Append_to_array_variable":{"runAfter":{},"type":"AppendToArrayVariable","inputs":{"name":"violations","value":{"Display Text":"@{items('Loop_Violations')?['qm_rclegislationid/qm_violationdisplaytexten']}","Label":"@{items('Loop_Violations')?['qm_rclegislationid/qm_legislationlbl']}","LegislativeText":"@{items('Loop_Violations')?['qm_rclegislationid/qm_legislationetxt']}","Count":"@{items('Loop_Violations')?['qm_violationcount']}","ExtComments":"@{items('Loop_Violations')?['qm_externalcomments']}"}}}},"runAfter":{"Get_Violations(Results)":["Succeeded"]},"type":"Foreach"},"Violations":{"runAfter":{"Clean_WO_guid":["Succeeded"]},"type":"InitializeVariable","inputs":{"variables":[{"name":"violations","type":"array"}]}},"Get_The_Single_Booking":{"runAfter":{"Get_Primary_Inspector":["Succeeded"]},"type":"OpenApiConnection","inputs":{"host":{"apiId":"/providers/Microsoft.PowerApps/apis/shared_commondataserviceforapps","connectionName":"shared_commondataserviceforapps_1","operationId":"ListRecords"},"parameters":{"entityName":"bookableresourcebookings","$select":"starttime","$filter":"(_msdyn_workorder_value eq @{triggerBody()?['entity']?['msdyn_workorderid']})","$orderby":"starttime desc","$top":1},"authentication":"@parameters('$authentication')"}},"Apply_StartTime_if_any":{"foreach":"@outputs('Get_The_Single_Booking')?['body/value']","actions":{"Set_StartTime":{"runAfter":{},"type":"SetVariable","inputs":{"name":"bookingStartTime","value":"@items('Apply_StartTime_if_any')?['starttime']"}}},"runAfter":{"Get_The_Single_Booking":["Succeeded"]},"type":"Foreach"},"Booking_StartTime":{"runAfter":{"Violations":["Succeeded"]},"type":"InitializeVariable","inputs":{"variables":[{"name":"bookingStartTime","type":"string"}]}},"Is_there_Secondary_Inspector":{"actions":{"Get_Secondary_Inspector":{"runAfter":{},"type":"OpenApiConnection","inputs":{"host":{"apiId":"/providers/Microsoft.PowerApps/apis/shared_commondataserviceforapps","connectionName":"shared_commondataserviceforapps","operationId":"GetItem"},"parameters":{"entityName":"bookableresources","recordId":"@triggerBody()?['entity']?['_ovs_secondaryinspector_value']","$select":"name,ovs_badgenumber,ovs_registeredinspectornumberrin"},"authentication":"@parameters('$authentication')"}},"Word_template_Secondary_Inspector":{"runAfter":{"Get_Secondary_Inspector":["Succeeded"]},"metadata":{"01QZYBJ7GRWYXCX6VW4NFISRDG7YVKCO3G":"/Inspection Report Templates/Inspection report with violations.docx","01QZYBJ7EESZCKK4JMBJHKBW2PFPWQUUCO":"/Inspection Report Templates/Inspection report with violations.docx","01QZYBJ7AO6FWPAJESYFBYKY6DZQXS6KS4":"/Inspection Report Templates/Inspection report with violations.docx","01QZYBJ7FIN5LSFZ3XJZG2DSJYKHVPJOGA":"/Inspection Report Templates/Inspection report with violations EN.docx","01QZYBJ7BAFMC2JHQODNGY2PJODVXB5ETR":"/Inspection Report Templates/EN Inspection report with violations V1.docx","01QZYBJ7BFEEGKP23TTNB3LDEP32F4O2IY":"/Inspection Report Templates/EN Inspection report with violations V2.docx","01QZYBJ7CVUMV27CQVNVD3JA45EGEFHNXZ":"/Inspection Report Templates/EN Inspection report with violations V3.docx","01QZYBJ7DIRD4FGCUTNFC3VLJOR5M2KC2Y":"/Inspection Report Templates/EN Inspection report with violations V4.docx","01QZYBJ7FTXLQ7OZUEBFD3J4RUWC2FLISA":"/Inspection Report Templates/EN Inspection report with violations V5.docx"},"type":"OpenApiConnection","inputs":{"host":{"apiId":"/providers/Microsoft.PowerApps/apis/shared_wordonlinebusiness","connectionName":"shared_wordonlinebusiness_1","operationId":"CreateFileItem"},"parameters":{"source":"sites/034gc.sharepoint.com,140da73b-4423-4443-a812-e623d6d857c4,f2a2589e-2eec-4642-9280-443640f88211","drive":"b!O6cNFCNEQ0SoEuYj1thXxJ5YovLsLkJGkoBENkD4ghHOwr7dpePzS7BlI7DR0NOV","file":"01QZYBJ7FTXLQ7OZUEBFD3J4RUWC2FLISA","dynamicFileSchema/53198888":"@outputs('Get_Primary_Inspector')?['body/ovs_badgenumber']","dynamicFileSchema/72472949":"@outputs('Get_Secondary_Inspector')?['body/ovs_registeredinspectornumberrin']","dynamicFileSchema/141635726":"@variables('bookingStartTime')","dynamicFileSchema/225729546":"@outputs('Get_Site_and_Primary_Contact')?['body/primarycontactid/fullname']","dynamicFileSchema/323562900":"@variables('bookingStartTime')","dynamicFileSchema/423229222":"@outputs('Get_Site_and_Primary_Contact')?['body/name']","dynamicFileSchema/545414885":"@outputs('Get_Site_and_Primary_Contact')?['body/primarycontactid/fullname']","dynamicFileSchema/582654736":"@outputs('Get_Secondary_Inspector')?['body/name']","dynamicFileSchema/1154881963":"@outputs('Get_Primary_Inspector')?['body/name']","dynamicFileSchema/1181557033":"@outputs('Get_Site_and_Primary_Contact')?['body/address1_composite']","dynamicFileSchema/1246770101":"@triggerBody()?['number']","dynamicFileSchema/1286003376":"@outputs('Get_Site_and_Primary_Contact')?['body/primarycontactid/telephone1']","dynamicFileSchema/1574934516":"@outputs('Get_Site_and_Primary_Contact')?['body/name']","dynamicFileSchema/1630673486":"@outputs('Get_Site_and_Primary_Contact')?['body/primarycontactid/jobtitle']","dynamicFileSchema/1970781344":"@outputs('Get_Secondary_Inspector')?['body/ovs_badgenumber']","dynamicFileSchema/2108610231":"@variables('bookingStartTime')","dynamicFileSchema/2139766460":"@outputs('Get_Site_and_Primary_Contact')?['body/primarycontactid/jobtitle']","dynamicFileSchema/-210270181":"@triggerBody()?['entity']?['msdyn_name']","dynamicFileSchema/-644197997":"@outputs('Get_Site_and_Primary_Contact')?['body/primarycontactid/emailaddress1']","dynamicFileSchema/-415325626":"@outputs('Get_Site_and_Primary_Contact')?['body/name']","dynamicFileSchema/-446547066":"@outputs('Get_Site_and_Primary_Contact')?['body/address1_composite']","dynamicFileSchema/-1877233892":"@outputs('Get_Site_and_Primary_Contact')?['body/primarycontactid/fullname']","dynamicFileSchema/-1026567373":"@variables('violations')","dynamicFileSchema/-1078213356":"@outputs('Get_Site_and_Primary_Contact')?['body/name']","dynamicFileSchema/-1909918164":"@outputs('Get_Primary_Inspector')?['body/name']","dynamicFileSchema/-1738932673":"@outputs('Get_Primary_Inspector')?['body/ovs_registeredinspectornumberrin']"},"authentication":{"value":"@json(decodeBase64(triggerOutputs().headers['X-MS-APIM-Tokens']))['$ConnectionKey']","type":"Raw"}}},"Create_file_With_SI":{"runAfter":{"Word_template_Secondary_Inspector":["Succeeded"]},"type":"OpenApiConnection","inputs":{"host":{"apiId":"/providers/Microsoft.PowerApps/apis/shared_sharepointonline","connectionName":"shared_sharepointonline_1","operationId":"CreateFile"},"parameters":{"dataset":"https://034gc.sharepoint.com/sites/SamuraiTeam","folderPath":"@outputs('Create_new_folder__in_SharePoint')?['body/{FullPath}']","name":"@variables('fileNameSP')","body":"@outputs('Word_template_Secondary_Inspector')?['body']"},"authentication":{"value":"@json(decodeBase64(triggerOutputs().headers['X-MS-APIM-Tokens']))['$ConnectionKey']","type":"Raw"}},"runtimeConfiguration":{"contentTransfer":{"transferMode":"Chunked"}}},"Convert_Word_Document_to_PDF_SI":{"runAfter":{"Create_file_With_SI":["Succeeded"]},"type":"OpenApiConnection","inputs":{"host":{"apiId":"/providers/Microsoft.PowerApps/apis/shared_wordonlinebusiness","connectionName":"shared_wordonlinebusiness_1","operationId":"GetFilePDF"},"parameters":{"source":"sites/034gc.sharepoint.com,140da73b-4423-4443-a812-e623d6d857c4,f2a2589e-2eec-4642-9280-443640f88211","drive":"b!O6cNFCNEQ0SoEuYj1thXxJ5YovLsLkJGkoBENkD4ghHOwr7dpePzS7BlI7DR0NOV","file":"/Reports@{variables('SPfolderPath')}/@{variables('fileNameSP')}"},"authentication":{"value":"@json(decodeBase64(triggerOutputs().headers['X-MS-APIM-Tokens']))['$ConnectionKey']","type":"Raw"}}},"Create_PDF_file_blob":{"runAfter":{"Convert_Word_Document_to_PDF_SI":["Succeeded"]},"type":"OpenApiConnection","inputs":{"host":{"apiId":"/providers/Microsoft.PowerApps/apis/shared_azureblob","connectionName":"shared_azureblob","operationId":"CreateFile"},"parameters":{"folderPath":"/msdynworkorder","name":"@variables('filePathBlob')","body":"@outputs('Convert_Word_Document_to_PDF_SI')?['body']","Content-Type":"application/pdf"},"authentication":"@parameters('$authentication')"},"runtimeConfiguration":{"contentTransfer":{"transferMode":"Chunked"}}},"Delete_word_from_SharePoint":{"runAfter":{"Create_PDF_file_blob":["Succeeded"]},"type":"OpenApiConnection","inputs":{"host":{"apiId":"/providers/Microsoft.PowerApps/apis/shared_sharepointonline","connectionName":"shared_sharepointonline_1","operationId":"DeleteItem"},"parameters":{"dataset":"https://034gc.sharepoint.com/sites/SamuraiTeam","table":"Documents","id":"@outputs('Create_new_folder__in_SharePoint')?['body/ID']"},"authentication":{"value":"@json(decodeBase64(triggerOutputs().headers['X-MS-APIM-Tokens']))['$ConnectionKey']","type":"Raw"}}}},"runAfter":{"Create_new_folder__in_SharePoint":["Succeeded"]},"else":{"actions":{"Word_template_No_Secondary_Inspector":{"runAfter":{},"metadata":{"01QZYBJ7GRWYXCX6VW4NFISRDG7YVKCO3G":"/Inspection Report Templates/Inspection report with violations.docx","01QZYBJ7EESZCKK4JMBJHKBW2PFPWQUUCO":"/Inspection Report Templates/Inspection report with violations.docx","01QZYBJ7AO6FWPAJESYFBYKY6DZQXS6KS4":"/Inspection Report Templates/Inspection report with violations.docx","01QZYBJ7FIN5LSFZ3XJZG2DSJYKHVPJOGA":"/Inspection Report Templates/Inspection report with violations EN.docx","01QZYBJ7BAFMC2JHQODNGY2PJODVXB5ETR":"/Inspection Report Templates/EN Inspection report with violations V1.docx","01QZYBJ7BFEEGKP23TTNB3LDEP32F4O2IY":"/Inspection Report Templates/EN Inspection report with violations V2.docx","01QZYBJ7CVUMV27CQVNVD3JA45EGEFHNXZ":"/Inspection Report Templates/EN Inspection report with violations V3.docx","01QZYBJ7DIRD4FGCUTNFC3VLJOR5M2KC2Y":"/Inspection Report Templates/EN Inspection report with violations V4.docx","01QZYBJ7FTXLQ7OZUEBFD3J4RUWC2FLISA":"/Inspection Report Templates/EN Inspection report with violations V5.docx"},"type":"OpenApiConnection","inputs":{"host":{"apiId":"/providers/Microsoft.PowerApps/apis/shared_wordonlinebusiness","connectionName":"shared_wordonlinebusiness_1","operationId":"CreateFileItem"},"parameters":{"source":"sites/034gc.sharepoint.com,140da73b-4423-4443-a812-e623d6d857c4,f2a2589e-2eec-4642-9280-443640f88211","drive":"b!O6cNFCNEQ0SoEuYj1thXxJ5YovLsLkJGkoBENkD4ghHOwr7dpePzS7BlI7DR0NOV","file":"01QZYBJ7FTXLQ7OZUEBFD3J4RUWC2FLISA","dynamicFileSchema/53198888":"@outputs('Get_Primary_Inspector')?['body/ovs_badgenumber']","dynamicFileSchema/72472949":"N/A","dynamicFileSchema/141635726":"@variables('bookingStartTime')","dynamicFileSchema/225729546":"@outputs('Get_Site_and_Primary_Contact')?['body/primarycontactid/fullname']","dynamicFileSchema/323562900":"@variables('bookingStartTime')","dynamicFileSchema/423229222":"@outputs('Get_Site_and_Primary_Contact')?['body/name']","dynamicFileSchema/545414885":"@outputs('Get_Site_and_Primary_Contact')?['body/primarycontactid/fullname']","dynamicFileSchema/582654736":"N/A","dynamicFileSchema/1154881963":"@outputs('Get_Primary_Inspector')?['body/name']","dynamicFileSchema/1181557033":"@outputs('Get_Site_and_Primary_Contact')?['body/address1_composite']","dynamicFileSchema/1246770101":"@triggerBody()?['number']","dynamicFileSchema/1286003376":"@outputs('Get_Site_and_Primary_Contact')?['body/primarycontactid/telephone1']","dynamicFileSchema/1574934516":"@outputs('Get_Site_and_Primary_Contact')?['body/name']","dynamicFileSchema/1630673486":"@outputs('Get_Site_and_Primary_Contact')?['body/primarycontactid/jobtitle']","dynamicFileSchema/1970781344":"N/A","dynamicFileSchema/2108610231":"@variables('bookingStartTime')","dynamicFileSchema/2139766460":"@outputs('Get_Site_and_Primary_Contact')?['body/primarycontactid/jobtitle']","dynamicFileSchema/-210270181":"@triggerBody()?['entity']?['msdyn_name']","dynamicFileSchema/-644197997":"@outputs('Get_Site_and_Primary_Contact')?['body/primarycontactid/emailaddress1']","dynamicFileSchema/-415325626":"@outputs('Get_Site_and_Primary_Contact')?['body/name']","dynamicFileSchema/-446547066":"@outputs('Get_Site_and_Primary_Contact')?['body/address1_composite']","dynamicFileSchema/-1877233892":"@outputs('Get_Site_and_Primary_Contact')?['body/primarycontactid/fullname']","dynamicFileSchema/-1026567373":"@variables('violations')","dynamicFileSchema/-1078213356":"@outputs('Get_Site_and_Primary_Contact')?['body/name']","dynamicFileSchema/-1909918164":"@outputs('Get_Primary_Inspector')?['body/name']","dynamicFileSchema/-1738932673":"@outputs('Get_Primary_Inspector')?['body/ovs_registeredinspectornumberrin']"},"authentication":{"value":"@json(decodeBase64(triggerOutputs().headers['X-MS-APIM-Tokens']))['$ConnectionKey']","type":"Raw"}}},"Create_file_No_SI":{"runAfter":{"Word_template_No_Secondary_Inspector":["Succeeded"]},"type":"OpenApiConnection","inputs":{"host":{"apiId":"/providers/Microsoft.PowerApps/apis/shared_sharepointonline","connectionName":"shared_sharepointonline_1","operationId":"CreateFile"},"parameters":{"dataset":"https://034gc.sharepoint.com/sites/SamuraiTeam","folderPath":"@outputs('Create_new_folder__in_SharePoint')?['body/{FullPath}']","name":"@variables('fileNameSP')","body":"@outputs('Word_template_No_Secondary_Inspector')?['body']"},"authentication":{"value":"@json(decodeBase64(triggerOutputs().headers['X-MS-APIM-Tokens']))['$ConnectionKey']","type":"Raw"}},"runtimeConfiguration":{"contentTransfer":{"transferMode":"Chunked"}}},"Convert_Word_Document_to_PDF_No_SI":{"runAfter":{"Create_file_No_SI":["Succeeded"]},"type":"OpenApiConnection","inputs":{"host":{"apiId":"/providers/Microsoft.PowerApps/apis/shared_wordonlinebusiness","connectionName":"shared_wordonlinebusiness_1","operationId":"GetFilePDF"},"parameters":{"source":"sites/034gc.sharepoint.com,140da73b-4423-4443-a812-e623d6d857c4,f2a2589e-2eec-4642-9280-443640f88211","drive":"b!O6cNFCNEQ0SoEuYj1thXxJ5YovLsLkJGkoBENkD4ghHOwr7dpePzS7BlI7DR0NOV","file":"/Reports@{variables('SPfolderPath')}/@{variables('fileNameSP')}"},"authentication":{"value":"@json(decodeBase64(triggerOutputs().headers['X-MS-APIM-Tokens']))['$ConnectionKey']","type":"Raw"}}},"Create_PDF_file_blob_No_SI":{"runAfter":{"Convert_Word_Document_to_PDF_No_SI":["Succeeded"]},"type":"OpenApiConnection","inputs":{"host":{"apiId":"/providers/Microsoft.PowerApps/apis/shared_azureblob","connectionName":"shared_azureblob","operationId":"CreateFile"},"parameters":{"folderPath":"/msdynworkorder","name":"@variables('filePathBlob')","body":"@outputs('Convert_Word_Document_to_PDF_No_SI')?['body']","Content-Type":"application/pdf"},"authentication":"@parameters('$authentication')"},"runtimeConfiguration":{"contentTransfer":{"transferMode":"Chunked"}}},"Delete_word_from_SharePoint_2":{"runAfter":{"Create_PDF_file_blob_No_SI":["Succeeded"]},"type":"OpenApiConnection","inputs":{"host":{"apiId":"/providers/Microsoft.PowerApps/apis/shared_sharepointonline","connectionName":"shared_sharepointonline_1","operationId":"DeleteItem"},"parameters":{"dataset":"https://034gc.sharepoint.com/sites/SamuraiTeam","table":"Documents","id":"@outputs('Create_new_folder__in_SharePoint')?['body/ID']"},"authentication":{"value":"@json(decodeBase64(triggerOutputs().headers['X-MS-APIM-Tokens']))['$ConnectionKey']","type":"Raw"}}}}},"expression":{"equals":["@empty(triggerBody()?['entity']?['_ovs_secondaryinspector_value'])","@false"]},"type":"If"},"File_Path_Blob":{"runAfter":{"Loop_Violations":["Succeeded"]},"type":"InitializeVariable","inputs":{"variables":[{"name":"filePathBlob","type":"string","value":"@{triggerBody()?['entity']?['msdyn_name']}_@{variables('WOid')}/InspectionReport/@{outputs('Get_Site_and_Primary_Contact')?['body/name']}_@{triggerBody()['date']}.pdf"}]}},"SP_Folder_Path":{"runAfter":{"File_Path_Blob":["Succeeded"]},"type":"InitializeVariable","inputs":{"variables":[{"name":"SPfolderPath","type":"string","value":"/@{triggerBody()?['entity']?['msdyn_name']}_@{variables('WOid')}"}]}},"File_Name_SharePoint":{"runAfter":{"SP_Folder_Path":["Succeeded"]},"type":"InitializeVariable","inputs":{"variables":[{"name":"fileNameSP","type":"string","value":"@{outputs('Get_Site_and_Primary_Contact')?['body/name']}_@{triggerBody()['date']}.docx"}]}},"Create_new_folder__in_SharePoint":{"runAfter":{"File_Name_SharePoint":["Succeeded"]},"type":"OpenApiConnection","inputs":{"host":{"apiId":"/providers/Microsoft.PowerApps/apis/shared_sharepointonline","connectionName":"shared_sharepointonline_1","operationId":"CreateNewFolder"},"parameters":{"dataset":"https://034gc.sharepoint.com/sites/SamuraiTeam","table":"ddbec2ce-e3a5-4bf3-b065-23b0d1d0d395","parameters/path":"/Reports@{variables('SPfolderPath')}"},"authentication":{"value":"@json(decodeBase64(triggerOutputs().headers['X-MS-APIM-Tokens']))['$ConnectionKey']","type":"Raw"}}}},"outputs":{}}},"schemaVersion":"1.0.0.0"}