{"properties":{"connectionReferences":{"shared_sharepointonline":{"runtimeSource":"embedded","connection":{"connectionReferenceLogicalName":"ovs_sharedsharepointonline_06687"},"api":{"name":"shared_sharepointonline"}},"shared_commondataserviceforapps":{"runtimeSource":"embedded","connection":{"connectionReferenceLogicalName":"ovs_sharedcommondataserviceforapps_463ed"},"api":{"name":"shared_commondataserviceforapps"}},"shared_wordonlinebusiness":{"runtimeSource":"embedded","connection":{"connectionReferenceLogicalName":"ovs_sharedwordonlinebusiness_93332"},"api":{"name":"shared_wordonlinebusiness"}}},"definition":{"$schema":"https://schema.management.azure.com/providers/Microsoft.Logic/schemas/2016-06-01/workflowdefinition.json#","contentVersion":"1.0.0.0","parameters":{"$connections":{"defaultValue":{},"type":"Object"},"$authentication":{"defaultValue":{},"type":"SecureObject"}},"triggers":{"When_a_row_is_added,_modified_or_deleted":{"type":"OpenApiConnectionWebhook","inputs":{"host":{"connectionName":"shared_commondataserviceforapps","operationId":"SubscribeWebhookTrigger","apiId":"/providers/Microsoft.PowerApps/apis/shared_commondataserviceforapps"},"parameters":{"subscriptionRequest/message":4,"subscriptionRequest/entityname":"ovs_cyaction","subscriptionRequest/scope":4},"authentication":"@parameters('$authentication')"},"conditions":[{"expression":"@and(equals(triggerBody()?['ovs_actiontype'],918640002),or(equals(triggerBody()?['statuscode'],4),equals(triggerBody()?['statuscode'],918640000),equals(triggerBody()?['statuscode'],918640001)))"}],"runtimeConfiguration":{"concurrency":{"runs":1}}}},"actions":{"Clean_EA_guid":{"runAfter":{},"type":"InitializeVariable","inputs":{"variables":[{"name":"RegardingId","type":"string","value":"@toUpper(replace(triggerOutputs()?['body/_regardingobjectid_value'], '-', ''))"}]}},"Regarding_Type":{"runAfter":{"Clean_EA_guid":["Succeeded"]},"type":"InitializeVariable","inputs":{"variables":[{"name":"RegardingType","type":"string","value":"@{triggerOutputs()?['body/_regardingobjectid_type']}"}]}},"SP_Folder_Path":{"runAfter":{"Regarding_Type":["Succeeded"]},"type":"InitializeVariable","inputs":{"variables":[{"name":"SPfolderPath","type":"string","value":"/@{variables('RegardingId')}"}]}},"File_Name_SharePoint":{"runAfter":{"SP_Folder_Path":["Succeeded"]},"type":"InitializeVariable","inputs":{"variables":[{"name":"fileNameSP","type":"string","value":"_@{variables('RegardingId')}.docx"}]}},"Booking_StartTime":{"runAfter":{"File_Name_SharePoint":["Succeeded"]},"type":"InitializeVariable","inputs":{"variables":[{"name":"bookingStartTime","type":"string"}]}},"Violations":{"runAfter":{"Booking_StartTime":["Succeeded"]},"type":"InitializeVariable","inputs":{"variables":[{"name":"violations","type":"array"}]}},"Create_new_folder_in_SP":{"runAfter":{"Violations":["Succeeded"]},"type":"OpenApiConnection","inputs":{"host":{"connectionName":"shared_sharepointonline","operationId":"CreateNewFolder","apiId":"/providers/Microsoft.PowerApps/apis/shared_sharepointonline"},"parameters":{"dataset":"https://034gc.sharepoint.com/sites/SamuraiTeam","table":"ddbec2ce-e3a5-4bf3-b065-23b0d1d0d395","parameters/path":"/Reports@{variables('SPfolderPath')}"},"authentication":"@parameters('$authentication')"}},"Is_work_order":{"actions":{"Get_a_WO._All_fields":{"runAfter":{},"type":"OpenApiConnection","inputs":{"host":{"connectionName":"shared_commondataserviceforapps","operationId":"GetItem","apiId":"/providers/Microsoft.PowerApps/apis/shared_commondataserviceforapps"},"parameters":{"entityName":"msdyn_workorders","recordId":"@triggerOutputs()?['body/_regardingobjectid_value']"},"authentication":"@parameters('$authentication')"}},"Get_Site_and_Primary_Contact":{"runAfter":{"Get_a_WO._All_fields":["Succeeded"]},"type":"OpenApiConnection","inputs":{"host":{"connectionName":"shared_commondataserviceforapps","operationId":"GetItem","apiId":"/providers/Microsoft.PowerApps/apis/shared_commondataserviceforapps"},"parameters":{"entityName":"accounts","recordId":"@outputs('Get_a_WO._All_fields')?['body/_msdyn_serviceaccount_value']","$select":"name,emailaddress1,accountid,address1_composite,address1_city,address1_postalcode","$expand":"primarycontactid($select=jobtitle,fullname,emailaddress1,telephone1,fax)"},"authentication":"@parameters('$authentication')"}},"Get_The_Single_Booking":{"runAfter":{"Get_Primary_Inspector":["Succeeded"]},"type":"OpenApiConnection","inputs":{"host":{"connectionName":"shared_commondataserviceforapps","operationId":"ListRecords","apiId":"/providers/Microsoft.PowerApps/apis/shared_commondataserviceforapps"},"parameters":{"entityName":"bookableresourcebookings","$select":"starttime","$filter":"(_msdyn_workorder_value eq @{outputs('Get_a_WO._All_fields')?['body/msdyn_workorderid']})","$orderby":"starttime desc","$top":1},"authentication":"@parameters('$authentication')"}},"Apply_StartTime_if_any":{"foreach":"@outputs('Get_The_Single_Booking')?['body/value']","actions":{"Set_StartTime":{"runAfter":{},"type":"SetVariable","inputs":{"name":"bookingStartTime","value":"@items('Apply_StartTime_if_any')?['starttime']"}}},"runAfter":{"Get_The_Single_Booking":["Succeeded"]},"type":"Foreach"},"Check_status_reason":{"actions":{"Create_file":{"runAfter":{"Populate_a_Microsoft_Word_template":["Succeeded"]},"type":"OpenApiConnection","inputs":{"host":{"connectionName":"shared_sharepointonline","operationId":"CreateFile","apiId":"/providers/Microsoft.PowerApps/apis/shared_sharepointonline"},"parameters":{"dataset":"https://034gc.sharepoint.com/sites/SamuraiTeam","folderPath":"@outputs('Create_new_folder_in_SP')?['body/{FullPath}']","name":"@variables('fileNameSP')","body":"@outputs('Populate_a_Microsoft_Word_template')?['body']"},"authentication":"@parameters('$authentication')"},"runtimeConfiguration":{"contentTransfer":{"transferMode":"Chunked"}}},"Populate_a_Microsoft_Word_template":{"runAfter":{},"metadata":{"01QZYBJ7DF7YVBF6G3VFAZ3ZXSQP4XQ4JV":"/Inspection Report Templates/NOTICE_OF_DIRECTION_NOT_TO_IMPORT_OR_TO_RETURN_TO_PLACE_OF_ORIGIN_v1.docx"},"type":"OpenApiConnection","inputs":{"host":{"connectionName":"shared_wordonlinebusiness","operationId":"CreateFileItem","apiId":"/providers/Microsoft.PowerApps/apis/shared_wordonlinebusiness"},"parameters":{"source":"sites/034gc.sharepoint.com,140da73b-4423-4443-a812-e623d6d857c4,f2a2589e-2eec-4642-9280-443640f88211","drive":"b!O6cNFCNEQ0SoEuYj1thXxJ5YovLsLkJGkoBENkD4ghHOwr7dpePzS7BlI7DR0NOV","file":"01QZYBJ7DF7YVBF6G3VFAZ3ZXSQP4XQ4JV","dynamicFileSchema/191348481":"@outputs('Get_Primary_Inspector')?['body/userid/address1_postalcode']","dynamicFileSchema/225729291":"@triggerOutputs()?['body/ovs_noncompliancedetailstxt']","dynamicFileSchema/445518840":"@outputs('Get_Site_and_Primary_Contact')?['body/primarycontactid/emailaddress1']","dynamicFileSchema/485665884":"@outputs('Get_Site_and_Primary_Contact')?['body/primarycontactid/fax']","dynamicFileSchema/1080641209":"@outputs('Get_Site_and_Primary_Contact')?['body/address1_city']","dynamicFileSchema/1311362262":"@outputs('Get_Site_and_Primary_Contact')?['body/address1_composite']","dynamicFileSchema/1963690155":"@outputs('Get_Primary_Inspector')?['body/userid/address1_fax']","dynamicFileSchema/2052186973":"@triggerOutputs()?['body/ovs_mocdescription']","dynamicFileSchema/2127340467":"@outputs('Get_Site_and_Primary_Contact')?['body/primarycontactid/telephone1']","dynamicFileSchema/-200784987":"@{outputs('Get_a_WO._All_fields')?['body/msdyn_name']}-@{triggerOutputs()?['body/ovs_actionnumber']}","dynamicFileSchema/-1969803082":"@outputs('Get_a_WO._All_fields')?['body/msdyn_name']","dynamicFileSchema/-2136938967":"@outputs('Get_Site_and_Primary_Contact')?['body/primarycontactid/fullname']","dynamicFileSchema/-918322226":"@outputs('Get_Site_and_Primary_Contact')?['body/primarycontactid/jobtitle']","dynamicFileSchema/-1217657901":"@outputs('Get_Site_and_Primary_Contact')?['body/address1_postalcode']","dynamicFileSchema/-630020445":"@outputs('Get_Primary_Inspector')?['body/userid/fullname']","dynamicFileSchema/-446852119":"@outputs('Get_Primary_Inspector')?['body/userid/jobtitle']","dynamicFileSchema/-414327226":"@outputs('Get_Primary_Inspector')?['body/userid/address1_composite']","dynamicFileSchema/-1819880478":"@outputs('Get_Primary_Inspector')?['body/msdyn_primaryemail']","dynamicFileSchema/-1374385098":"@outputs('Get_Primary_Inspector')?['body/userid/address1_telephone1']","dynamicFileSchema/-685444794":"@triggerOutputs()?['body/ovs_actiondate']","dynamicFileSchema/-1284492035":"@outputs('Get_Primary_Inspector')?['body/ovs_registeredinspectornumberrin']","dynamicFileSchema/-1558931548":"@outputs('Get_Primary_Inspector')?['body/ovs_badgenumber']","dynamicFileSchema/-1092318325":"@triggerOutputs()?['body/ovs_dgdescription']"},"authentication":"@parameters('$authentication')"}}},"runAfter":{"Apply_StartTime_if_any":["Succeeded"]},"else":{"actions":{"Create_file_with_second_section":{"runAfter":{"Populate_a_Microsoft_Word_template_with_second_section":["Succeeded"]},"type":"OpenApiConnection","inputs":{"host":{"connectionName":"shared_sharepointonline","operationId":"CreateFile","apiId":"/providers/Microsoft.PowerApps/apis/shared_sharepointonline"},"parameters":{"dataset":"https://034gc.sharepoint.com/sites/SamuraiTeam","folderPath":"@outputs('Create_new_folder_in_SP')?['body/{FullPath}']","name":"@variables('fileNameSP')","body":"@outputs('Populate_a_Microsoft_Word_template_with_second_section')?['body']"},"authentication":"@parameters('$authentication')"},"runtimeConfiguration":{"contentTransfer":{"transferMode":"Chunked"}}},"Populate_a_Microsoft_Word_template_with_second_section":{"runAfter":{},"metadata":{"01QZYBJ7DF7YVBF6G3VFAZ3ZXSQP4XQ4JV":"/Inspection Report Templates/NOTICE_OF_DIRECTION_NOT_TO_IMPORT_OR_TO_RETURN_TO_PLACE_OF_ORIGIN_v1.docx"},"type":"OpenApiConnection","inputs":{"host":{"connectionName":"shared_wordonlinebusiness","operationId":"CreateFileItem","apiId":"/providers/Microsoft.PowerApps/apis/shared_wordonlinebusiness"},"parameters":{"source":"sites/034gc.sharepoint.com,140da73b-4423-4443-a812-e623d6d857c4,f2a2589e-2eec-4642-9280-443640f88211","drive":"b!O6cNFCNEQ0SoEuYj1thXxJ5YovLsLkJGkoBENkD4ghHOwr7dpePzS7BlI7DR0NOV","file":"01QZYBJ7DF7YVBF6G3VFAZ3ZXSQP4XQ4JV","dynamicFileSchema/144640128":"@outputs('Get_Primary_Inspector')?['body/ovs_badgenumber']","dynamicFileSchema/191348481":"@outputs('Get_Primary_Inspector')?['body/userid/address1_postalcode']","dynamicFileSchema/225729291":"@triggerOutputs()?['body/ovs_noncompliancedetailstxt']","dynamicFileSchema/445518840":"@outputs('Get_Site_and_Primary_Contact')?['body/primarycontactid/emailaddress1']","dynamicFileSchema/485665884":"@outputs('Get_Site_and_Primary_Contact')?['body/primarycontactid/fax']","dynamicFileSchema/624425209":"@outputs('Get_Primary_Inspector')?['body/userid/fullname']","dynamicFileSchema/988830145":"@outputs('Get_Primary_Inspector')?['body/ovs_registeredinspectornumberrin']","dynamicFileSchema/1080641209":"@outputs('Get_Site_and_Primary_Contact')?['body/address1_city']","dynamicFileSchema/1311362262":"@outputs('Get_Site_and_Primary_Contact')?['body/address1_composite']","dynamicFileSchema/1410193656":"@triggerOutputs()?['body/ovs_releasedate']","dynamicFileSchema/1963690155":"@outputs('Get_Primary_Inspector')?['body/userid/address1_fax']","dynamicFileSchema/2052186973":"@triggerOutputs()?['body/ovs_mocdescription']","dynamicFileSchema/2106923732":"@outputs('Get_Primary_Inspector')?['body/userid/jobtitle']","dynamicFileSchema/2127340467":"@outputs('Get_Site_and_Primary_Contact')?['body/primarycontactid/telephone1']","dynamicFileSchema/-200784987":"@{outputs('Get_a_WO._All_fields')?['body/msdyn_name']}-@{triggerOutputs()?['body/ovs_actionnumber']}","dynamicFileSchema/-1969803082":"@outputs('Get_a_WO._All_fields')?['body/msdyn_name']","dynamicFileSchema/-2136938967":"@outputs('Get_Site_and_Primary_Contact')?['body/primarycontactid/fullname']","dynamicFileSchema/-918322226":"@outputs('Get_Site_and_Primary_Contact')?['body/primarycontactid/jobtitle']","dynamicFileSchema/-1217657901":"@outputs('Get_Site_and_Primary_Contact')?['body/address1_postalcode']","dynamicFileSchema/-630020445":"@outputs('Get_Primary_Inspector')?['body/userid/fullname']","dynamicFileSchema/-446852119":"@outputs('Get_Primary_Inspector')?['body/userid/jobtitle']","dynamicFileSchema/-414327226":"@outputs('Get_Primary_Inspector')?['body/userid/address1_composite']","dynamicFileSchema/-1819880478":"@outputs('Get_Primary_Inspector')?['body/msdyn_primaryemail']","dynamicFileSchema/-1374385098":"@outputs('Get_Primary_Inspector')?['body/userid/address1_telephone1']","dynamicFileSchema/-685444794":"@triggerOutputs()?['body/ovs_actiondate']","dynamicFileSchema/-1284492035":"@outputs('Get_Primary_Inspector')?['body/ovs_registeredinspectornumberrin']","dynamicFileSchema/-1558931548":"@outputs('Get_Primary_Inspector')?['body/ovs_badgenumber']","dynamicFileSchema/-1092318325":"@triggerOutputs()?['body/ovs_dgdescription']","dynamicFileSchema/-857280458":"@triggerOutputs()?['body/ovs_revocationjustificationtxt']"},"authentication":"@parameters('$authentication')"}}}},"expression":{"equals":["@triggerOutputs()?['body/statuscode']",4]},"type":"If"},"Add_Annotation_file":{"runAfter":{"Convert_Word_Document_to_PDF":["Succeeded"]},"type":"OpenApiConnection","inputs":{"host":{"connectionName":"shared_commondataserviceforapps","operationId":"CreateRecord","apiId":"/providers/Microsoft.PowerApps/apis/shared_commondataserviceforapps"},"parameters":{"entityName":"annotations","item/subject":"WO @{outputs('Get_a_WO._All_fields')?['body/msdyn_name']}- Notice of Infraction","item/isdocument":true,"item/documentbody":"@base64(outputs('Convert_Word_Document_to_PDF')?['body'])","item/filename":"WO @{outputs('Get_a_WO._All_fields')?['body/msdyn_name']}- Notice of Infraction.pdf","item/objectid_ovs_cyaction@odata.bind":"/ovs_cyactions/@{triggerOutputs()?['body/activityid']}"},"authentication":"@parameters('$authentication')"}},"Convert_Word_Document_to_PDF":{"runAfter":{"Check_status_reason":["Succeeded"]},"type":"OpenApiConnection","inputs":{"host":{"connectionName":"shared_wordonlinebusiness","operationId":"GetFilePDF","apiId":"/providers/Microsoft.PowerApps/apis/shared_wordonlinebusiness"},"parameters":{"source":"sites/034gc.sharepoint.com,140da73b-4423-4443-a812-e623d6d857c4,f2a2589e-2eec-4642-9280-443640f88211","drive":"b!O6cNFCNEQ0SoEuYj1thXxJ5YovLsLkJGkoBENkD4ghHOwr7dpePzS7BlI7DR0NOV","file":"/Reports@{variables('SPfolderPath')}/@{variables('fileNameSP')}"},"authentication":"@parameters('$authentication')"}},"Get_Primary_Inspector":{"runAfter":{"Get_Site_and_Primary_Contact":["Succeeded"]},"type":"OpenApiConnection","inputs":{"host":{"connectionName":"shared_commondataserviceforapps","operationId":"GetItem","apiId":"/providers/Microsoft.PowerApps/apis/shared_commondataserviceforapps"},"parameters":{"entityName":"bookableresources","recordId":"@outputs('Get_a_WO._All_fields')?['body/_ovs_primaryinspector_value']","$select":"name,msdyn_primaryemail,bookableresourceid,ovs_badgenumber,ovs_registeredinspectornumberrin","$expand":"UserId($select=lastname,firstname,systemuserid,fullname,address1_postalcode,address1_composite,address1_telephone1,domainname,jobtitle,address1_fax)"},"authentication":"@parameters('$authentication')"}}},"runAfter":{"Create_new_folder_in_SP":["Succeeded"]},"expression":{"equals":["@variables('RegardingType')","msdyn_workorders"]},"type":"If"},"Delete_folder":{"runAfter":{"Is_work_order":["Succeeded"]},"type":"OpenApiConnection","inputs":{"host":{"connectionName":"shared_sharepointonline","operationId":"DeleteItem","apiId":"/providers/Microsoft.PowerApps/apis/shared_sharepointonline"},"parameters":{"dataset":"https://034gc.sharepoint.com/sites/SamuraiTeam","table":"Documents","id":"@outputs('Create_new_folder_in_SP')?['body/ID']"},"authentication":"@parameters('$authentication')"}}},"outputs":{}}},"schemaVersion":"1.0.0.0"}