<ImportExportXml version="9.2.22081.162" SolutionPackageVersion="9.2" languagecode="1033" generatedBy="CrmLive" xmlns:xsi="http://www.w3.org/2001/XMLSchema-instance">
  <SolutionManifest>
    <UniqueName>TC_GlobalCore_Patch_0ee31c9e</UniqueName>
    <LocalizedNames>
      <LocalizedName description="TDG Core Schema" languagecode="1033" />
    </LocalizedNames>
    <Descriptions>
      <Description description="Patch for TDG Core Schema" languagecode="1033" />
    </Descriptions>
    <ParentUniqueName>TC_GlobalCore</ParentUniqueName>
    <Version>1.137.13.0</Version>
    <Managed>0</Managed>
    <Publisher>
      <UniqueName>oversightpublisher</UniqueName>
      <LocalizedNames>
        <LocalizedName description="Oversight" languagecode="1033" />
      </LocalizedNames>
      <Descriptions>
        <Description description="This is the common solution for AvSec Inspection and TDG Inspection." languagecode="1033" />
      </Descriptions>
      <EMailAddress xsi:nil="true"></EMailAddress>
      <SupportingWebsiteUrl xsi:nil="true"></SupportingWebsiteUrl>
      <CustomizationPrefix>ovs</CustomizationPrefix>
      <CustomizationOptionValuePrefix>91864</CustomizationOptionValuePrefix>
      <Addresses>
        <Address>
          <AddressNumber>1</AddressNumber>
          <AddressTypeCode>1</AddressTypeCode>
          <City xsi:nil="true"></City>
          <County xsi:nil="true"></County>
          <Country xsi:nil="true"></Country>
          <Fax xsi:nil="true"></Fax>
          <FreightTermsCode xsi:nil="true"></FreightTermsCode>
          <ImportSequenceNumber xsi:nil="true"></ImportSequenceNumber>
          <Latitude xsi:nil="true"></Latitude>
          <Line1 xsi:nil="true"></Line1>
          <Line2 xsi:nil="true"></Line2>
          <Line3 xsi:nil="true"></Line3>
          <Longitude xsi:nil="true"></Longitude>
          <Name xsi:nil="true"></Name>
          <PostalCode xsi:nil="true"></PostalCode>
          <PostOfficeBox xsi:nil="true"></PostOfficeBox>
          <PrimaryContactName xsi:nil="true"></PrimaryContactName>
          <ShippingMethodCode>1</ShippingMethodCode>
          <StateOrProvince xsi:nil="true"></StateOrProvince>
          <Telephone1 xsi:nil="true"></Telephone1>
          <Telephone2 xsi:nil="true"></Telephone2>
          <Telephone3 xsi:nil="true"></Telephone3>
          <TimeZoneRuleVersionNumber xsi:nil="true"></TimeZoneRuleVersionNumber>
          <UPSZone xsi:nil="true"></UPSZone>
          <UTCOffset xsi:nil="true"></UTCOffset>
          <UTCConversionTimeZoneCode xsi:nil="true"></UTCConversionTimeZoneCode>
        </Address>
        <Address>
          <AddressNumber>2</AddressNumber>
          <AddressTypeCode>1</AddressTypeCode>
          <City xsi:nil="true"></City>
          <County xsi:nil="true"></County>
          <Country xsi:nil="true"></Country>
          <Fax xsi:nil="true"></Fax>
          <FreightTermsCode xsi:nil="true"></FreightTermsCode>
          <ImportSequenceNumber xsi:nil="true"></ImportSequenceNumber>
          <Latitude xsi:nil="true"></Latitude>
          <Line1 xsi:nil="true"></Line1>
          <Line2 xsi:nil="true"></Line2>
          <Line3 xsi:nil="true"></Line3>
          <Longitude xsi:nil="true"></Longitude>
          <Name xsi:nil="true"></Name>
          <PostalCode xsi:nil="true"></PostalCode>
          <PostOfficeBox xsi:nil="true"></PostOfficeBox>
          <PrimaryContactName xsi:nil="true"></PrimaryContactName>
          <ShippingMethodCode>1</ShippingMethodCode>
          <StateOrProvince xsi:nil="true"></StateOrProvince>
          <Telephone1 xsi:nil="true"></Telephone1>
          <Telephone2 xsi:nil="true"></Telephone2>
          <Telephone3 xsi:nil="true"></Telephone3>
          <TimeZoneRuleVersionNumber xsi:nil="true"></TimeZoneRuleVersionNumber>
          <UPSZone xsi:nil="true"></UPSZone>
          <UTCOffset xsi:nil="true"></UTCOffset>
          <UTCConversionTimeZoneCode xsi:nil="true"></UTCConversionTimeZoneCode>
        </Address>
      </Addresses>
    </Publisher>
    <RootComponents>
      <RootComponent type="1" schemaName="msdyn_workorder" behavior="2" />
    </RootComponents>
    <MissingDependencies>
      <MissingDependency>
        <Required type="1" schemaName="bookableresourcebooking" displayName="Booking" solution="msdynce_Scheduling (9.0.0.0)" />
        <Dependent type="60" displayName="Activité de surveillance TMD" parentDisplayName="Work Order" id="{66cddb3b-b9ca-4552-ac5e-f4d726a35268}" />
      </MissingDependency>
      <MissingDependency>
        <Required type="1" schemaName="msdyn_workorder" displayName="Work Order" solution="FieldService (8.8.0.88)">
          <package>FieldService_Anchor (8.8.71.41)</package>
        </Required>
        <Dependent type="1" schemaName="msdyn_workorder" displayName="Work Order" />
      </MissingDependency>
      <MissingDependency>
        <Required type="1" schemaName="msdyn_workorderproduct" displayName="Work Order Product" solution="FieldService (8.8.0.88)">
          <package>FieldService_Anchor (8.8.71.41)</package>
        </Required>
        <Dependent type="60" displayName="Activité de surveillance TMD" parentDisplayName="Work Order" id="{66cddb3b-b9ca-4552-ac5e-f4d726a35268}" />
      </MissingDependency>
      <MissingDependency>
        <Required type="1" schemaName="msdyn_workorderservice" displayName="Work Order Service" solution="FieldService (8.8.0.88)">
          <package>FieldService_Anchor (8.8.71.41)</package>
        </Required>
        <Dependent type="60" displayName="Activité de surveillance TMD" parentDisplayName="Work Order" id="{66cddb3b-b9ca-4552-ac5e-f4d726a35268}" />
      </MissingDependency>
      <MissingDependency>
        <Required type="1" schemaName="msdyn_workorderservicetask" displayName="Work Order Service Task" solution="FieldService (8.8.0.88)">
          <package>FieldService_Anchor (8.8.71.41)</package>
        </Required>
        <Dependent type="60" displayName="Activité de surveillance TMD" parentDisplayName="Work Order" id="{66cddb3b-b9ca-4552-ac5e-f4d726a35268}" />
      </MissingDependency>
      <MissingDependency>
        <Required type="1" schemaName="msdyn_workordertype" displayName="Work Order Type" solution="FieldService (8.8.0.88)">
          <package>FieldService_Anchor (8.8.71.41)</package>
        </Required>
        <Dependent type="60" displayName="Activité de surveillance TMD" parentDisplayName="Work Order" id="{66cddb3b-b9ca-4552-ac5e-f4d726a35268}" />
      </MissingDependency>
      <MissingDependency>
        <Required type="1" schemaName="ovs_confirmationofcompliance" displayName="Confirmation of Compliance" solution="Active" />
        <Dependent type="60" displayName="Activité de surveillance TMD" parentDisplayName="Work Order" id="{66cddb3b-b9ca-4552-ac5e-f4d726a35268}" />
      </MissingDependency>
      <MissingDependency>
        <Required type="1" schemaName="ovs_cyaction" displayName="Enforcement Action" solution="Active" />
        <Dependent type="60" displayName="Activité de surveillance TMD" parentDisplayName="Work Order" id="{66cddb3b-b9ca-4552-ac5e-f4d726a35268}" />
      </MissingDependency>
      <MissingDependency>
        <Required type="1" schemaName="ovs_cysafetyassessment" displayName="Safety Assessment" solution="Active" />
        <Dependent type="60" displayName="Activité de surveillance TMD" parentDisplayName="Work Order" id="{66cddb3b-b9ca-4552-ac5e-f4d726a35268}" />
      </MissingDependency>
      <MissingDependency>
        <Required type="1" schemaName="ovs_tdginspectionreport" displayName="TDG Inspection Report" solution="Active" />
        <Dependent type="60" displayName="Activité de surveillance TMD" parentDisplayName="Work Order" id="{66cddb3b-b9ca-4552-ac5e-f4d726a35268}" />
      </MissingDependency>
      <MissingDependency>
        <Required type="1" schemaName="qm_cepdata" displayName="CEP Data" solution="Active" />
        <Dependent type="60" displayName="Activité de surveillance TMD" parentDisplayName="Work Order" id="{66cddb3b-b9ca-4552-ac5e-f4d726a35268}" />
      </MissingDependency>
      <MissingDependency>
        <Required type="1" schemaName="qm_syresult" displayName="Violation" solution="Active" />
        <Dependent type="60" displayName="Activité de surveillance TMD" parentDisplayName="Work Order" id="{66cddb3b-b9ca-4552-ac5e-f4d726a35268}" />
      </MissingDependency>
      <MissingDependency>
        <Required type="1" schemaName="tc_tcfiscalyear" displayName="TCFiscalYear" solution="Active" />
        <Dependent type="60" displayName="Activité de surveillance TMD" parentDisplayName="Work Order" id="{66cddb3b-b9ca-4552-ac5e-f4d726a35268}" />
      </MissingDependency>
      <MissingDependency>
        <Required type="10" schemaName="msdyn_account_msdyn_agreement_ServiceAccount" displayName="msdyn_account_msdyn_agreement_ServiceAccount" parentSchemaName="account" parentDisplayName="Account" solution="FieldService (8.8.0.88)">
          <package>FieldService_Anchor (8.8.71.41)</package>
        </Required>
        <Dependent type="60" displayName="Activité de surveillance TMD" parentDisplayName="Work Order" id="{66cddb3b-b9ca-4552-ac5e-f4d726a35268}" />
      </MissingDependency>
      <MissingDependency>
        <Required type="10" schemaName="msdyn_account_msdyn_workorder_ServiceAccount" displayName="msdyn_account_msdyn_workorder_ServiceAccount" parentSchemaName="account" parentDisplayName="Account" solution="FieldService (8.8.0.88)">
          <package>FieldService_Anchor (8.8.71.41)</package>
        </Required>
        <Dependent type="60" displayName="Activité de surveillance TMD" parentDisplayName="Work Order" id="{66cddb3b-b9ca-4552-ac5e-f4d726a35268}" />
      </MissingDependency>
      <MissingDependency>
        <Required type="10" schemaName="ovs_MOCRegistration_Site" displayName="ovs_MOCRegistration_Site" parentSchemaName="account" parentDisplayName="Account" solution="Active" />
        <Dependent type="60" displayName="Activité de surveillance TMD" parentDisplayName="Work Order" id="{66cddb3b-b9ca-4552-ac5e-f4d726a35268}" />
      </MissingDependency>
      <MissingDependency>
        <Required type="10" schemaName="msdyn_bookableresource_msdyn_workorder_SupportContact" displayName="msdyn_bookableresource_msdyn_workorder_SupportContact" parentSchemaName="bookableresource" parentDisplayName="Bookable Resource" solution="FieldService (8.8.0.88)">
          <package>FieldService_Anchor (8.8.71.41)</package>
        </Required>
        <Dependent type="60" displayName="Activité de surveillance TMD" parentDisplayName="Work Order" id="{66cddb3b-b9ca-4552-ac5e-f4d726a35268}" />
      </MissingDependency>
      <MissingDependency>
        <Required type="10" schemaName="ovs_msdyn_workorder_PrimaryInspector_Bookable" displayName="ovs_msdyn_workorder_PrimaryInspector_Bookable" parentSchemaName="bookableresource" parentDisplayName="Bookable Resource" solution="Active" />
        <Dependent type="60" displayName="Activité de surveillance TMD" parentDisplayName="Work Order" id="{66cddb3b-b9ca-4552-ac5e-f4d726a35268}" />
      </MissingDependency>
      <MissingDependency>
        <Required type="10" schemaName="ovs_msdyn_workorder_SecondaryInspector_Bookab" displayName="ovs_msdyn_workorder_SecondaryInspector_Bookab" parentSchemaName="bookableresource" parentDisplayName="Bookable Resource" solution="Active" />
        <Dependent type="60" displayName="Activité de surveillance TMD" parentDisplayName="Work Order" id="{66cddb3b-b9ca-4552-ac5e-f4d726a35268}" />
      </MissingDependency>
      <MissingDependency>
        <Required type="10" schemaName="msdyn_contact_msdyn_workorder_ReportedByContact" displayName="msdyn_contact_msdyn_workorder_ReportedByContact" parentSchemaName="contact" parentDisplayName="Contact" solution="FieldService (8.8.0.88)">
          <package>FieldService_Anchor (8.8.71.41)</package>
        </Required>
        <Dependent type="60" displayName="Activité de surveillance TMD" parentDisplayName="Work Order" id="{66cddb3b-b9ca-4552-ac5e-f4d726a35268}" />
      </MissingDependency>
      <MissingDependency>
        <Required type="10" schemaName="msdyn_incident_msdyn_workorder_ServiceRequest" displayName="msdyn_incident_msdyn_workorder_ServiceRequest" parentSchemaName="incident" parentDisplayName="Case" solution="FieldService (8.8.0.88)">
          <package>FieldService_Anchor (8.8.71.41)</package>
        </Required>
        <Dependent type="60" displayName="Activité de surveillance TMD" parentDisplayName="Work Order" id="{66cddb3b-b9ca-4552-ac5e-f4d726a35268}" />
      </MissingDependency>
      <MissingDependency>
        <Required type="10" schemaName="msdyn_msdyn_agreement_msdyn_workorder_Agreement" displayName="msdyn_msdyn_agreement_msdyn_workorder_Agreement" parentSchemaName="msdyn_agreement" parentDisplayName="Agreement" solution="FieldService (8.8.0.88)">
          <package>FieldService_Anchor (8.8.71.41)</package>
        </Required>
        <Dependent type="60" displayName="Activité de surveillance TMD" parentDisplayName="Work Order" id="{66cddb3b-b9ca-4552-ac5e-f4d726a35268}" />
      </MissingDependency>
      <MissingDependency>
        <Required type="10" schemaName="msdyn_msdyn_customerasset_msdyn_workorder_CustomerAsset" displayName="msdyn_msdyn_customerasset_msdyn_workorder_CustomerAsset" parentSchemaName="msdyn_customerasset" parentDisplayName="Customer Asset" solution="FieldService (8.8.0.88)">
          <package>FieldService_Anchor (8.8.71.41)</package>
        </Required>
        <Dependent type="60" displayName="Activité de surveillance TMD" parentDisplayName="Work Order" id="{66cddb3b-b9ca-4552-ac5e-f4d726a35268}" />
      </MissingDependency>
      <MissingDependency>
        <Required type="10" schemaName="msdyn_msdyn_incidenttype_msdyn_workorder_PrimaryIncidentType" displayName="msdyn_msdyn_incidenttype_msdyn_workorder_PrimaryIncidentType" parentSchemaName="msdyn_incidenttype" parentDisplayName="Incident Type" solution="FieldService (8.8.0.88)">
          <package>FieldService_Anchor (8.8.71.41)</package>
        </Required>
        <Dependent type="60" displayName="Activité de surveillance TMD" parentDisplayName="Work Order" id="{66cddb3b-b9ca-4552-ac5e-f4d726a35268}" />
      </MissingDependency>
      <MissingDependency>
        <Required type="10" schemaName="msdyn_msdyn_priority_msdyn_workorder_Priority" displayName="msdyn_msdyn_priority_msdyn_workorder_Priority" parentSchemaName="msdyn_priority" parentDisplayName="Priority" solution="FieldService (8.8.0.88)">
          <package>FieldService_Anchor (8.8.71.41)</package>
        </Required>
        <Dependent type="60" displayName="Activité de surveillance TMD" parentDisplayName="Work Order" id="{66cddb3b-b9ca-4552-ac5e-f4d726a35268}" />
      </MissingDependency>
      <MissingDependency>
        <Required type="10" schemaName="msdyn_msdyn_taxcode_msdyn_workorder_TaxCode" displayName="msdyn_msdyn_taxcode_msdyn_workorder_TaxCode" parentSchemaName="msdyn_taxcode" parentDisplayName="Tax Code" solution="FieldService (8.8.0.88)">
          <package>FieldService_Anchor (8.8.71.41)</package>
        </Required>
        <Dependent type="60" displayName="Activité de surveillance TMD" parentDisplayName="Work Order" id="{66cddb3b-b9ca-4552-ac5e-f4d726a35268}" />
      </MissingDependency>
      <MissingDependency>
        <Required type="10" schemaName="msdyn_msdyn_timegroup_msdyn_workorder_TimeGroup" displayName="msdyn_msdyn_timegroup_msdyn_workorder_TimeGroup" parentSchemaName="msdyn_timegroup" parentDisplayName="Fulfillment Preference" solution="FieldService (8.8.0.88)">
          <package>FieldService_Anchor (8.8.71.41)</package>
        </Required>
        <Dependent type="60" displayName="Activité de surveillance TMD" parentDisplayName="Work Order" id="{66cddb3b-b9ca-4552-ac5e-f4d726a35268}" />
      </MissingDependency>
      <MissingDependency>
        <Required type="10" schemaName="msdyn_msdyn_iotalert_msdyn_workorder_IoTAlert" displayName="msdyn_msdyn_iotalert_msdyn_workorder_IoTAlert" parentSchemaName="msdyn_workorder" parentDisplayName="Work Order" solution="ConnectedFieldService (1.8.35.0)">
          <package>FieldService_Anchor (8.8.71.41)</package>
        </Required>
        <Dependent type="60" displayName="Activité de surveillance TMD" parentDisplayName="Work Order" id="{66cddb3b-b9ca-4552-ac5e-f4d726a35268}" />
      </MissingDependency>
      <MissingDependency>
        <Required type="10" schemaName="msdyn_msdyn_workorder_bookableresourcebooking_WorkOrder" displayName="msdyn_msdyn_workorder_bookableresourcebooking_WorkOrder" parentSchemaName="msdyn_workorder" parentDisplayName="Work Order" solution="FieldService (8.8.0.88)">
          <package>FieldService_Anchor (8.8.71.41)</package>
        </Required>
        <Dependent type="60" displayName="Activité de surveillance TMD" parentDisplayName="Work Order" id="{66cddb3b-b9ca-4552-ac5e-f4d726a35268}" />
      </MissingDependency>
      <MissingDependency>
        <Required type="10" schemaName="msdyn_msdyn_workorder_invoicedetail" displayName="msdyn_msdyn_workorder_invoicedetail" parentSchemaName="msdyn_workorder" parentDisplayName="Work Order" solution="FieldService (8.8.0.88)">
          <package>FieldService_Anchor (8.8.71.41)</package>
        </Required>
        <Dependent type="60" displayName="Activité de surveillance TMD" parentDisplayName="Work Order" id="{66cddb3b-b9ca-4552-ac5e-f4d726a35268}" />
      </MissingDependency>
      <MissingDependency>
        <Required type="10" schemaName="msdyn_msdyn_workorder_msdyn_purchaseorder_WorkOrder" displayName="msdyn_msdyn_workorder_msdyn_purchaseorder_WorkOrder" parentSchemaName="msdyn_workorder" parentDisplayName="Work Order" solution="FieldService (8.8.0.88)">
          <package>FieldService_Anchor (8.8.71.41)</package>
        </Required>
        <Dependent type="60" displayName="Activité de surveillance TMD" parentDisplayName="Work Order" id="{66cddb3b-b9ca-4552-ac5e-f4d726a35268}" />
      </MissingDependency>
      <MissingDependency>
        <Required type="10" schemaName="msdyn_msdyn_workorder_msdyn_rma_WorkOrder" displayName="msdyn_msdyn_workorder_msdyn_rma_WorkOrder" parentSchemaName="msdyn_workorder" parentDisplayName="Work Order" solution="FieldService (8.8.0.88)">
          <package>FieldService_Anchor (8.8.71.41)</package>
        </Required>
        <Dependent type="60" displayName="Activité de surveillance TMD" parentDisplayName="Work Order" id="{66cddb3b-b9ca-4552-ac5e-f4d726a35268}" />
      </MissingDependency>
      <MissingDependency>
        <Required type="10" schemaName="msdyn_msdyn_workorder_msdyn_rtv_WorkOrder" displayName="msdyn_msdyn_workorder_msdyn_rtv_WorkOrder" parentSchemaName="msdyn_workorder" parentDisplayName="Work Order" solution="FieldService (8.8.0.88)">
          <package>FieldService_Anchor (8.8.71.41)</package>
        </Required>
        <Dependent type="60" displayName="Activité de surveillance TMD" parentDisplayName="Work Order" id="{66cddb3b-b9ca-4552-ac5e-f4d726a35268}" />
      </MissingDependency>
      <MissingDependency>
        <Required type="10" schemaName="msdyn_msdyn_workorder_msdyn_workorder_ParentWorkOrder" displayName="msdyn_msdyn_workorder_msdyn_workorder_ParentWorkOrder" parentSchemaName="msdyn_workorder" parentDisplayName="Work Order" solution="FieldService (8.8.0.88)">
          <package>FieldService_Anchor (8.8.71.41)</package>
        </Required>
        <Dependent type="60" displayName="Activité de surveillance TMD" parentDisplayName="Work Order" id="{66cddb3b-b9ca-4552-ac5e-f4d726a35268}" />
      </MissingDependency>
      <MissingDependency>
        <Required type="10" schemaName="msdyn_msdyn_workorder_msdyn_workorderincident_WorkOrder" displayName="msdyn_msdyn_workorder_msdyn_workorderincident_WorkOrder" parentSchemaName="msdyn_workorder" parentDisplayName="Work Order" solution="FieldService (8.8.0.88)">
          <package>FieldService_Anchor (8.8.71.41)</package>
        </Required>
        <Dependent type="60" displayName="Activité de surveillance TMD" parentDisplayName="Work Order" id="{66cddb3b-b9ca-4552-ac5e-f4d726a35268}" />
      </MissingDependency>
      <MissingDependency>
        <Required type="10" schemaName="msdyn_msdyn_workorder_msdyn_workorderproduct_WorkOrder" displayName="msdyn_msdyn_workorder_msdyn_workorderproduct_WorkOrder" parentSchemaName="msdyn_workorder" parentDisplayName="Work Order" solution="FieldService (8.8.0.88)">
          <package>FieldService_Anchor (8.8.71.41)</package>
        </Required>
        <Dependent type="60" displayName="Activité de surveillance TMD" parentDisplayName="Work Order" id="{66cddb3b-b9ca-4552-ac5e-f4d726a35268}" />
      </MissingDependency>
      <MissingDependency>
        <Required type="10" schemaName="msdyn_msdyn_workorder_msdyn_workorderservice_WorkOrder" displayName="msdyn_msdyn_workorder_msdyn_workorderservice_WorkOrder" parentSchemaName="msdyn_workorder" parentDisplayName="Work Order" solution="FieldService (8.8.0.88)">
          <package>FieldService_Anchor (8.8.71.41)</package>
        </Required>
        <Dependent type="60" displayName="Activité de surveillance TMD" parentDisplayName="Work Order" id="{66cddb3b-b9ca-4552-ac5e-f4d726a35268}" />
      </MissingDependency>
      <MissingDependency>
        <Required type="10" schemaName="msdyn_msdyn_workorder_msdyn_workorderservicetask_WorkOrder" displayName="msdyn_msdyn_workorder_msdyn_workorderservicetask_WorkOrder" parentSchemaName="msdyn_workorder" parentDisplayName="Work Order" solution="FieldService (8.8.0.88)">
          <package>FieldService_Anchor (8.8.71.41)</package>
        </Required>
        <Dependent type="60" displayName="Activité de surveillance TMD" parentDisplayName="Work Order" id="{66cddb3b-b9ca-4552-ac5e-f4d726a35268}" />
      </MissingDependency>
      <MissingDependency>
        <Required type="10" schemaName="ovs_workorder_cysafetyassessment" displayName="ovs_workorder_cysafetyassessment" parentSchemaName="msdyn_workorder" parentDisplayName="Work Order" solution="Active" />
        <Dependent type="60" displayName="Activité de surveillance TMD" parentDisplayName="Work Order" id="{66cddb3b-b9ca-4552-ac5e-f4d726a35268}" />
      </MissingDependency>
      <MissingDependency>
        <Required type="10" schemaName="ovs_workorder_tdginspectionreport" displayName="ovs_workorder_tdginspectionreport" parentSchemaName="msdyn_workorder" parentDisplayName="Work Order" solution="Active" />
        <Dependent type="60" displayName="Activité de surveillance TMD" parentDisplayName="Work Order" id="{66cddb3b-b9ca-4552-ac5e-f4d726a35268}" />
      </MissingDependency>
      <MissingDependency>
        <Required type="10" schemaName="qm_workorder_syresult" displayName="qm_workorder_syresult" parentSchemaName="msdyn_workorder" parentDisplayName="Work Order" solution="Active" />
        <Dependent type="60" displayName="Activité de surveillance TMD" parentDisplayName="Work Order" id="{66cddb3b-b9ca-4552-ac5e-f4d726a35268}" />
      </MissingDependency>
      <MissingDependency>
        <Required type="10" schemaName="msdyn_msdyn_workordersubstatus_msdyn_workorder_Status" displayName="msdyn_msdyn_workordersubstatus_msdyn_workorder_Status" parentSchemaName="msdyn_workordersubstatus" parentDisplayName="Work Order Substatus" solution="FieldService (8.8.0.88)">
          <package>FieldService_Anchor (8.8.71.41)</package>
        </Required>
        <Dependent type="60" displayName="Activité de surveillance TMD" parentDisplayName="Work Order" id="{66cddb3b-b9ca-4552-ac5e-f4d726a35268}" />
      </MissingDependency>
      <MissingDependency>
        <Required type="10" schemaName="msdyn_msdyn_workordertype_msdyn_incidenttype_DefaultWorkOrderType" displayName="msdyn_msdyn_workordertype_msdyn_incidenttype_DefaultWorkOrderType" parentSchemaName="msdyn_workordertype" parentDisplayName="Work Order Type" solution="FieldService (8.8.0.88)">
          <package>FieldService_Anchor (8.8.71.41)</package>
        </Required>
        <Dependent type="60" displayName="Activité de surveillance TMD" parentDisplayName="Work Order" id="{66cddb3b-b9ca-4552-ac5e-f4d726a35268}" />
      </MissingDependency>
      <MissingDependency>
        <Required type="10" schemaName="msdyn_msdyn_workordertype_msdyn_workorder_WorkOrderType" displayName="msdyn_msdyn_workordertype_msdyn_workorder_WorkOrderType" parentSchemaName="msdyn_workordertype" parentDisplayName="Work Order Type" solution="FieldService (8.8.0.88)">
          <package>FieldService_Anchor (8.8.71.41)</package>
        </Required>
        <Dependent type="60" displayName="Activité de surveillance TMD" parentDisplayName="Work Order" id="{66cddb3b-b9ca-4552-ac5e-f4d726a35268}" />
      </MissingDependency>
      <MissingDependency>
        <Required type="10" schemaName="msdyn_opportunity_msdyn_workorder" displayName="msdyn_opportunity_msdyn_workorder" parentSchemaName="opportunity" parentDisplayName="Opportunity" solution="FieldService (8.8.0.88)">
          <package>FieldService_Anchor (8.8.71.41)</package>
        </Required>
        <Dependent type="60" displayName="Activité de surveillance TMD" parentDisplayName="Work Order" id="{66cddb3b-b9ca-4552-ac5e-f4d726a35268}" />
      </MissingDependency>
      <MissingDependency>
        <Required type="10" schemaName="ovs_mocregistration_workorder" displayName="ovs_mocregistration_workorder" parentSchemaName="ovs_mocregistration" parentDisplayName="Operation" solution="Active" />
        <Dependent type="60" displayName="Activité de surveillance TMD" parentDisplayName="Work Order" id="{66cddb3b-b9ca-4552-ac5e-f4d726a35268}" />
      </MissingDependency>
      <MissingDependency>
        <Required type="10" schemaName="msdyn_workorder_OversightType_ovs_Oversig" displayName="msdyn_workorder_OversightType_ovs_Oversig" parentSchemaName="ovs_oversighttype" parentDisplayName="Oversight Type" solution="Active" />
        <Dependent type="60" displayName="Activité de surveillance TMD" parentDisplayName="Work Order" id="{66cddb3b-b9ca-4552-ac5e-f4d726a35268}" />
      </MissingDependency>
      <MissingDependency>
        <Required type="10" schemaName="ovs_msdyn_workorder_Rational_ovs_TYRational" displayName="ovs_msdyn_workorder_Rational_ovs_TYRational" parentSchemaName="ovs_tyrational" parentDisplayName="Rationale" solution="Active" />
        <Dependent type="60" displayName="Activité de surveillance TMD" parentDisplayName="Work Order" id="{66cddb3b-b9ca-4552-ac5e-f4d726a35268}" />
      </MissingDependency>
      <MissingDependency>
        <Required type="10" schemaName="msdyn_systemuser_msdyn_workorder_ClosedBy" displayName="msdyn_systemuser_msdyn_workorder_ClosedBy" parentSchemaName="systemuser" parentDisplayName="User" solution="FieldService (8.8.0.88)">
          <package>FieldService_Anchor (8.8.71.41)</package>
        </Required>
        <Dependent type="60" displayName="Activité de surveillance TMD" parentDisplayName="Work Order" id="{66cddb3b-b9ca-4552-ac5e-f4d726a35268}" />
      </MissingDependency>
      <MissingDependency>
        <Required type="10" schemaName="ovs_msdyn_workorder_FiscalQuarter_tc_TCFiscal" displayName="ovs_msdyn_workorder_FiscalQuarter_tc_TCFiscal" parentSchemaName="tc_tcfiscalquarter" parentDisplayName="TCFiscalQuarter" solution="Active" />
        <Dependent type="60" displayName="Activité de surveillance TMD" parentDisplayName="Work Order" id="{66cddb3b-b9ca-4552-ac5e-f4d726a35268}" />
      </MissingDependency>
      <MissingDependency>
        <Required type="10" schemaName="ovs_tc_tcfiscalquarter_msdyn_workorder" displayName="ovs_tc_tcfiscalquarter_msdyn_workorder" parentSchemaName="tc_tcfiscalquarter" parentDisplayName="TCFiscalQuarter" solution="Active" />
        <Dependent type="60" displayName="Activité de surveillance TMD" parentDisplayName="Work Order" id="{66cddb3b-b9ca-4552-ac5e-f4d726a35268}" />
      </MissingDependency>
      <MissingDependency>
        <Required type="10" schemaName="ovs_msdyn_workorder_FiscalYear_tc_TCFiscalYea" displayName="ovs_msdyn_workorder_FiscalYear_tc_TCFiscalYea" parentSchemaName="tc_tcfiscalyear" parentDisplayName="TCFiscalYear" solution="Active" />
        <Dependent type="60" displayName="Activité de surveillance TMD" parentDisplayName="Work Order" id="{66cddb3b-b9ca-4552-ac5e-f4d726a35268}" />
      </MissingDependency>
      <MissingDependency>
        <Required type="10" schemaName="tc_TCFiscalQuarter_TCFiscalYear" displayName="tc_TCFiscalQuarter_TCFiscalYear" parentSchemaName="tc_tcfiscalyear" parentDisplayName="TCFiscalYear" solution="Active" />
        <Dependent type="60" displayName="Activité de surveillance TMD" parentDisplayName="Work Order" id="{66cddb3b-b9ca-4552-ac5e-f4d726a35268}" />
      </MissingDependency>
      <MissingDependency>
        <Required type="10" schemaName="msdyn_territory_msdyn_workorder_ServiceTerritory" displayName="msdyn_territory_msdyn_workorder_ServiceTerritory" parentSchemaName="territory" parentDisplayName="Region" solution="FieldService (8.8.0.88)">
          <package>FieldService_Anchor (8.8.71.41)</package>
        </Required>
        <Dependent type="60" displayName="Activité de surveillance TMD" parentDisplayName="Work Order" id="{66cddb3b-b9ca-4552-ac5e-f4d726a35268}" />
      </MissingDependency>
      <MissingDependency>
        <Required type="2" schemaName="createdby" displayName="Created By" parentSchemaName="msdyn_workorder" parentDisplayName="Work Order" solution="Active" />
        <Dependent type="60" displayName="Activité de surveillance TMD" parentDisplayName="Work Order" id="{66cddb3b-b9ca-4552-ac5e-f4d726a35268}" />
      </MissingDependency>
      <MissingDependency>
        <Required type="2" schemaName="createdon" displayName="Created On" parentSchemaName="msdyn_workorder" parentDisplayName="Work Order" solution="FieldService (8.8.0.88)">
          <package>FieldService_Anchor (8.8.71.41)</package>
        </Required>
        <Dependent type="60" displayName="Activité de surveillance TMD" parentDisplayName="Work Order" id="{66cddb3b-b9ca-4552-ac5e-f4d726a35268}" />
      </MissingDependency>
      <MissingDependency>
        <Required type="2" schemaName="modifiedby" displayName="Modified By" parentSchemaName="msdyn_workorder" parentDisplayName="Work Order" solution="Active" />
        <Dependent type="60" displayName="Activité de surveillance TMD" parentDisplayName="Work Order" id="{66cddb3b-b9ca-4552-ac5e-f4d726a35268}" />
      </MissingDependency>
      <MissingDependency>
        <Required type="2" schemaName="modifiedon" displayName="Modified On" parentSchemaName="msdyn_workorder" parentDisplayName="Work Order" solution="FieldService (8.8.0.88)">
          <package>FieldService_Anchor (8.8.71.41)</package>
        </Required>
        <Dependent type="60" displayName="Activité de surveillance TMD" parentDisplayName="Work Order" id="{66cddb3b-b9ca-4552-ac5e-f4d726a35268}" />
      </MissingDependency>
      <MissingDependency>
        <Required type="2" schemaName="msdyn_address1" displayName="Street 1" parentSchemaName="msdyn_workorder" parentDisplayName="Work Order" solution="FieldService (8.8.0.88)">
          <package>FieldService_Anchor (8.8.71.41)</package>
        </Required>
        <Dependent type="60" displayName="Activité de surveillance TMD" parentDisplayName="Work Order" id="{66cddb3b-b9ca-4552-ac5e-f4d726a35268}" />
      </MissingDependency>
      <MissingDependency>
        <Required type="2" schemaName="msdyn_address2" displayName="Street 2" parentSchemaName="msdyn_workorder" parentDisplayName="Work Order" solution="FieldService (8.8.0.88)">
          <package>FieldService_Anchor (8.8.71.41)</package>
        </Required>
        <Dependent type="60" displayName="Activité de surveillance TMD" parentDisplayName="Work Order" id="{66cddb3b-b9ca-4552-ac5e-f4d726a35268}" />
      </MissingDependency>
      <MissingDependency>
        <Required type="2" schemaName="msdyn_address3" displayName="Street 3" parentSchemaName="msdyn_workorder" parentDisplayName="Work Order" solution="FieldService (8.8.0.88)">
          <package>FieldService_Anchor (8.8.71.41)</package>
        </Required>
        <Dependent type="60" displayName="Activité de surveillance TMD" parentDisplayName="Work Order" id="{66cddb3b-b9ca-4552-ac5e-f4d726a35268}" />
      </MissingDependency>
      <MissingDependency>
        <Required type="2" schemaName="msdyn_addressname" displayName="Address Name" parentSchemaName="msdyn_workorder" parentDisplayName="Work Order" solution="FieldService (8.8.0.88)">
          <package>FieldService_Anchor (8.8.71.41)</package>
        </Required>
        <Dependent type="60" displayName="Activité de surveillance TMD" parentDisplayName="Work Order" id="{66cddb3b-b9ca-4552-ac5e-f4d726a35268}" />
      </MissingDependency>
      <MissingDependency>
        <Required type="2" schemaName="msdyn_agreement" displayName="Agreement" parentSchemaName="msdyn_workorder" parentDisplayName="Work Order" solution="FieldService (8.8.0.88)">
          <package>FieldService_Anchor (8.8.71.41)</package>
        </Required>
        <Dependent type="60" displayName="Activité de surveillance TMD" parentDisplayName="Work Order" id="{66cddb3b-b9ca-4552-ac5e-f4d726a35268}" />
      </MissingDependency>
      <MissingDependency>
        <Required type="2" schemaName="msdyn_city" displayName="City" parentSchemaName="msdyn_workorder" parentDisplayName="Work Order" solution="FieldService (8.8.0.88)">
          <package>FieldService_Anchor (8.8.71.41)</package>
        </Required>
        <Dependent type="60" displayName="Activité de surveillance TMD" parentDisplayName="Work Order" id="{66cddb3b-b9ca-4552-ac5e-f4d726a35268}" />
      </MissingDependency>
      <MissingDependency>
        <Required type="2" schemaName="msdyn_closedby" displayName="Closed By" parentSchemaName="msdyn_workorder" parentDisplayName="Work Order" solution="FieldService (8.8.0.88)">
          <package>FieldService_Anchor (8.8.71.41)</package>
        </Required>
        <Dependent type="60" displayName="Activité de surveillance TMD" parentDisplayName="Work Order" id="{66cddb3b-b9ca-4552-ac5e-f4d726a35268}" />
      </MissingDependency>
      <MissingDependency>
        <Required type="2" schemaName="msdyn_country" displayName="Country/Region" parentSchemaName="msdyn_workorder" parentDisplayName="Work Order" solution="FieldService (8.8.0.88)">
          <package>FieldService_Anchor (8.8.71.41)</package>
        </Required>
        <Dependent type="60" displayName="Activité de surveillance TMD" parentDisplayName="Work Order" id="{66cddb3b-b9ca-4552-ac5e-f4d726a35268}" />
      </MissingDependency>
      <MissingDependency>
        <Required type="2" schemaName="msdyn_customerasset" displayName="Primary Incident Customer Asset" parentSchemaName="msdyn_workorder" parentDisplayName="Work Order" solution="FieldService (8.8.0.88)">
          <package>FieldService_Anchor (8.8.71.41)</package>
        </Required>
        <Dependent type="60" displayName="Activité de surveillance TMD" parentDisplayName="Work Order" id="{66cddb3b-b9ca-4552-ac5e-f4d726a35268}" />
      </MissingDependency>
      <MissingDependency>
        <Required type="2" schemaName="msdyn_datewindowend" displayName="Date Window End" parentSchemaName="msdyn_workorder" parentDisplayName="Work Order" solution="FieldService (8.8.0.88)">
          <package>FieldService_Anchor (8.8.71.41)</package>
        </Required>
        <Dependent type="60" displayName="Activité de surveillance TMD" parentDisplayName="Work Order" id="{66cddb3b-b9ca-4552-ac5e-f4d726a35268}" />
      </MissingDependency>
      <MissingDependency>
        <Required type="2" schemaName="msdyn_datewindowstart" displayName="Date Window Start" parentSchemaName="msdyn_workorder" parentDisplayName="Work Order" solution="FieldService (8.8.0.88)">
          <package>FieldService_Anchor (8.8.71.41)</package>
        </Required>
        <Dependent type="60" displayName="Activité de surveillance TMD" parentDisplayName="Work Order" id="{66cddb3b-b9ca-4552-ac5e-f4d726a35268}" />
      </MissingDependency>
      <MissingDependency>
        <Required type="2" schemaName="msdyn_estimatesubtotalamount" displayName="Estimate Subtotal Amount" parentSchemaName="msdyn_workorder" parentDisplayName="Work Order" solution="FieldService (8.8.0.88)">
          <package>FieldService_Anchor (8.8.71.41)</package>
        </Required>
        <Dependent type="60" displayName="Activité de surveillance TMD" parentDisplayName="Work Order" id="{66cddb3b-b9ca-4552-ac5e-f4d726a35268}" />
      </MissingDependency>
      <MissingDependency>
        <Required type="2" schemaName="msdyn_instructions" displayName="Instructions" parentSchemaName="msdyn_workorder" parentDisplayName="Work Order" solution="FieldService (8.8.0.88)">
          <package>FieldService_Anchor (8.8.71.41)</package>
        </Required>
        <Dependent type="60" displayName="Activité de surveillance TMD" parentDisplayName="Work Order" id="{66cddb3b-b9ca-4552-ac5e-f4d726a35268}" />
      </MissingDependency>
      <MissingDependency>
        <Required type="2" schemaName="msdyn_iotalert" displayName="IoT Alert" parentSchemaName="msdyn_workorder" parentDisplayName="Work Order" solution="ConnectedFieldService (1.8.35.0)">
          <package>FieldService_Anchor (8.8.71.41)</package>
        </Required>
        <Dependent type="60" displayName="Activité de surveillance TMD" parentDisplayName="Work Order" id="{66cddb3b-b9ca-4552-ac5e-f4d726a35268}" />
      </MissingDependency>
      <MissingDependency>
        <Required type="2" schemaName="msdyn_latitude" displayName="Latitude" parentSchemaName="msdyn_workorder" parentDisplayName="Work Order" solution="FieldService (8.8.0.88)">
          <package>FieldService_Anchor (8.8.71.41)</package>
        </Required>
        <Dependent type="60" displayName="Activité de surveillance TMD" parentDisplayName="Work Order" id="{66cddb3b-b9ca-4552-ac5e-f4d726a35268}" />
      </MissingDependency>
      <MissingDependency>
        <Required type="2" schemaName="msdyn_longitude" displayName="Longitude" parentSchemaName="msdyn_workorder" parentDisplayName="Work Order" solution="FieldService (8.8.0.88)">
          <package>FieldService_Anchor (8.8.71.41)</package>
        </Required>
        <Dependent type="60" displayName="Activité de surveillance TMD" parentDisplayName="Work Order" id="{66cddb3b-b9ca-4552-ac5e-f4d726a35268}" />
      </MissingDependency>
      <MissingDependency>
        <Required type="2" schemaName="msdyn_mapcontrol" displayName="This field should only be used to load the custom map control" parentSchemaName="msdyn_workorder" parentDisplayName="Work Order" solution="FieldService (8.8.0.88)">
          <package>FieldService_Anchor (8.8.71.41)</package>
        </Required>
        <Dependent type="60" displayName="Activité de surveillance TMD" parentDisplayName="Work Order" id="{66cddb3b-b9ca-4552-ac5e-f4d726a35268}" />
      </MissingDependency>
      <MissingDependency>
        <Required type="2" schemaName="msdyn_name" displayName="Work Order Number" parentSchemaName="msdyn_workorder" parentDisplayName="Work Order" solution="FieldService (8.8.0.88)">
          <package>FieldService_Anchor (8.8.71.41)</package>
        </Required>
        <Dependent type="60" displayName="Activité de surveillance TMD" parentDisplayName="Work Order" id="{66cddb3b-b9ca-4552-ac5e-f4d726a35268}" />
      </MissingDependency>
      <MissingDependency>
        <Required type="2" schemaName="msdyn_opportunityid" displayName="Opportunity" parentSchemaName="msdyn_workorder" parentDisplayName="Work Order" solution="FieldService (8.8.0.88)">
          <package>FieldService_Anchor (8.8.71.41)</package>
        </Required>
        <Dependent type="60" displayName="Activité de surveillance TMD" parentDisplayName="Work Order" id="{66cddb3b-b9ca-4552-ac5e-f4d726a35268}" />
      </MissingDependency>
      <MissingDependency>
        <Required type="2" schemaName="msdyn_parentworkorder" displayName="Parent Work Order" parentSchemaName="msdyn_workorder" parentDisplayName="Work Order" solution="FieldService (8.8.0.88)">
          <package>FieldService_Anchor (8.8.71.41)</package>
        </Required>
        <Dependent type="60" displayName="Activité de surveillance TMD" parentDisplayName="Work Order" id="{66cddb3b-b9ca-4552-ac5e-f4d726a35268}" />
      </MissingDependency>
      <MissingDependency>
        <Required type="2" schemaName="msdyn_postalcode" displayName="Postal Code" parentSchemaName="msdyn_workorder" parentDisplayName="Work Order" solution="FieldService (8.8.0.88)">
          <package>FieldService_Anchor (8.8.71.41)</package>
        </Required>
        <Dependent type="60" displayName="Activité de surveillance TMD" parentDisplayName="Work Order" id="{66cddb3b-b9ca-4552-ac5e-f4d726a35268}" />
      </MissingDependency>
      <MissingDependency>
        <Required type="2" schemaName="msdyn_primaryincidentdescription" displayName="Primary Incident Description" parentSchemaName="msdyn_workorder" parentDisplayName="Work Order" solution="FieldService (8.8.0.88)">
          <package>FieldService_Anchor (8.8.71.41)</package>
        </Required>
        <Dependent type="60" displayName="Activité de surveillance TMD" parentDisplayName="Work Order" id="{66cddb3b-b9ca-4552-ac5e-f4d726a35268}" />
      </MissingDependency>
      <MissingDependency>
        <Required type="2" schemaName="msdyn_primaryincidentestimatedduration" displayName="Primary Incident Estimated Duration" parentSchemaName="msdyn_workorder" parentDisplayName="Work Order" solution="FieldService (8.8.0.88)">
          <package>FieldService_Anchor (8.8.71.41)</package>
        </Required>
        <Dependent type="60" displayName="Activité de surveillance TMD" parentDisplayName="Work Order" id="{66cddb3b-b9ca-4552-ac5e-f4d726a35268}" />
      </MissingDependency>
      <MissingDependency>
        <Required type="2" schemaName="msdyn_primaryincidenttype" displayName="Primary Incident Type" parentSchemaName="msdyn_workorder" parentDisplayName="Work Order" solution="FieldService (8.8.0.88)">
          <package>FieldService_Anchor (8.8.71.41)</package>
        </Required>
        <Dependent type="60" displayName="Activité de surveillance TMD" parentDisplayName="Work Order" id="{66cddb3b-b9ca-4552-ac5e-f4d726a35268}" />
      </MissingDependency>
      <MissingDependency>
        <Required type="2" schemaName="msdyn_priority" displayName="Priority" parentSchemaName="msdyn_workorder" parentDisplayName="Work Order" solution="FieldService (8.8.0.88)">
          <package>FieldService_Anchor (8.8.71.41)</package>
        </Required>
        <Dependent type="60" displayName="Activité de surveillance TMD" parentDisplayName="Work Order" id="{66cddb3b-b9ca-4552-ac5e-f4d726a35268}" />
      </MissingDependency>
      <MissingDependency>
        <Required type="2" schemaName="msdyn_reportedbycontact" displayName="Reported By Contact" parentSchemaName="msdyn_workorder" parentDisplayName="Work Order" solution="FieldService (8.8.0.88)">
          <package>FieldService_Anchor (8.8.71.41)</package>
        </Required>
        <Dependent type="60" displayName="Activité de surveillance TMD" parentDisplayName="Work Order" id="{66cddb3b-b9ca-4552-ac5e-f4d726a35268}" />
      </MissingDependency>
      <MissingDependency>
        <Required type="2" schemaName="msdyn_serviceaccount" displayName="Site" parentSchemaName="msdyn_workorder" parentDisplayName="Work Order" solution="FieldService (8.8.0.88)">
          <package>FieldService_Anchor (8.8.71.41)</package>
        </Required>
        <Dependent type="60" displayName="Activité de surveillance TMD" parentDisplayName="Work Order" id="{66cddb3b-b9ca-4552-ac5e-f4d726a35268}" />
      </MissingDependency>
      <MissingDependency>
        <Required type="2" schemaName="msdyn_servicerequest" displayName="Case" parentSchemaName="msdyn_workorder" parentDisplayName="Work Order" solution="FieldService (8.8.0.88)">
          <package>FieldService_Anchor (8.8.71.41)</package>
        </Required>
        <Dependent type="60" displayName="Activité de surveillance TMD" parentDisplayName="Work Order" id="{66cddb3b-b9ca-4552-ac5e-f4d726a35268}" />
      </MissingDependency>
      <MissingDependency>
        <Required type="2" schemaName="msdyn_serviceterritory" displayName="Region" parentSchemaName="msdyn_workorder" parentDisplayName="Work Order" solution="FieldService (8.8.0.88)">
          <package>FieldService_Anchor (8.8.71.41)</package>
        </Required>
        <Dependent type="60" displayName="Activité de surveillance TMD" parentDisplayName="Work Order" id="{66cddb3b-b9ca-4552-ac5e-f4d726a35268}" />
      </MissingDependency>
      <MissingDependency>
        <Required type="2" schemaName="msdyn_stateorprovince" displayName="Province" parentSchemaName="msdyn_workorder" parentDisplayName="Work Order" solution="FieldService (8.8.0.88)">
          <package>FieldService_Anchor (8.8.71.41)</package>
        </Required>
        <Dependent type="60" displayName="Activité de surveillance TMD" parentDisplayName="Work Order" id="{66cddb3b-b9ca-4552-ac5e-f4d726a35268}" />
      </MissingDependency>
      <MissingDependency>
        <Required type="2" schemaName="msdyn_substatus" displayName="Substatus" parentSchemaName="msdyn_workorder" parentDisplayName="Work Order" solution="FieldService (8.8.0.88)">
          <package>FieldService_Anchor (8.8.71.41)</package>
        </Required>
        <Dependent type="60" displayName="Activité de surveillance TMD" parentDisplayName="Work Order" id="{66cddb3b-b9ca-4552-ac5e-f4d726a35268}" />
      </MissingDependency>
      <MissingDependency>
        <Required type="2" schemaName="msdyn_subtotalamount" displayName="Subtotal Amount" parentSchemaName="msdyn_workorder" parentDisplayName="Work Order" solution="FieldService (8.8.0.88)">
          <package>FieldService_Anchor (8.8.71.41)</package>
        </Required>
        <Dependent type="60" displayName="Activité de surveillance TMD" parentDisplayName="Work Order" id="{66cddb3b-b9ca-4552-ac5e-f4d726a35268}" />
      </MissingDependency>
      <MissingDependency>
        <Required type="2" schemaName="msdyn_supportcontact" displayName="Support Contact" parentSchemaName="msdyn_workorder" parentDisplayName="Work Order" solution="FieldService (8.8.0.88)">
          <package>FieldService_Anchor (8.8.71.41)</package>
        </Required>
        <Dependent type="60" displayName="Activité de surveillance TMD" parentDisplayName="Work Order" id="{66cddb3b-b9ca-4552-ac5e-f4d726a35268}" />
      </MissingDependency>
      <MissingDependency>
        <Required type="2" schemaName="msdyn_systemstatus" displayName="Record Status" parentSchemaName="msdyn_workorder" parentDisplayName="Work Order" solution="FieldService (8.8.0.88)">
          <package>FieldService_Anchor (8.8.71.41)</package>
        </Required>
        <Dependent type="60" displayName="Activité de surveillance TMD" parentDisplayName="Work Order" id="{66cddb3b-b9ca-4552-ac5e-f4d726a35268}" />
      </MissingDependency>
      <MissingDependency>
        <Required type="2" schemaName="msdyn_taxable" displayName="Taxable" parentSchemaName="msdyn_workorder" parentDisplayName="Work Order" solution="FieldService (8.8.0.88)">
          <package>FieldService_Anchor (8.8.71.41)</package>
        </Required>
        <Dependent type="60" displayName="Activité de surveillance TMD" parentDisplayName="Work Order" id="{66cddb3b-b9ca-4552-ac5e-f4d726a35268}" />
      </MissingDependency>
      <MissingDependency>
        <Required type="2" schemaName="msdyn_taxcode" displayName="Sales Tax Code" parentSchemaName="msdyn_workorder" parentDisplayName="Work Order" solution="FieldService (8.8.0.88)">
          <package>FieldService_Anchor (8.8.71.41)</package>
        </Required>
        <Dependent type="60" displayName="Activité de surveillance TMD" parentDisplayName="Work Order" id="{66cddb3b-b9ca-4552-ac5e-f4d726a35268}" />
      </MissingDependency>
      <MissingDependency>
        <Required type="2" schemaName="msdyn_timeclosed" displayName="Closed On" parentSchemaName="msdyn_workorder" parentDisplayName="Work Order" solution="FieldService (8.8.0.88)">
          <package>FieldService_Anchor (8.8.71.41)</package>
        </Required>
        <Dependent type="60" displayName="Activité de surveillance TMD" parentDisplayName="Work Order" id="{66cddb3b-b9ca-4552-ac5e-f4d726a35268}" />
      </MissingDependency>
      <MissingDependency>
        <Required type="2" schemaName="msdyn_timefrompromised" displayName="Time From Promised" parentSchemaName="msdyn_workorder" parentDisplayName="Work Order" solution="FieldService (8.8.0.88)">
          <package>FieldService_Anchor (8.8.71.41)</package>
        </Required>
        <Dependent type="60" displayName="Activité de surveillance TMD" parentDisplayName="Work Order" id="{66cddb3b-b9ca-4552-ac5e-f4d726a35268}" />
      </MissingDependency>
      <MissingDependency>
        <Required type="2" schemaName="msdyn_timegroup" displayName="Fulfillment Preference" parentSchemaName="msdyn_workorder" parentDisplayName="Work Order" solution="FieldService (8.8.0.88)">
          <package>FieldService_Anchor (8.8.71.41)</package>
        </Required>
        <Dependent type="60" displayName="Activité de surveillance TMD" parentDisplayName="Work Order" id="{66cddb3b-b9ca-4552-ac5e-f4d726a35268}" />
      </MissingDependency>
      <MissingDependency>
        <Required type="2" schemaName="msdyn_timetopromised" displayName="Time To Promised" parentSchemaName="msdyn_workorder" parentDisplayName="Work Order" solution="FieldService (8.8.0.88)">
          <package>FieldService_Anchor (8.8.71.41)</package>
        </Required>
        <Dependent type="60" displayName="Activité de surveillance TMD" parentDisplayName="Work Order" id="{66cddb3b-b9ca-4552-ac5e-f4d726a35268}" />
      </MissingDependency>
      <MissingDependency>
        <Required type="2" schemaName="msdyn_timewindowend" displayName="Time Window End" parentSchemaName="msdyn_workorder" parentDisplayName="Work Order" solution="FieldService (8.8.0.88)">
          <package>FieldService_Anchor (8.8.71.41)</package>
        </Required>
        <Dependent type="60" displayName="Activité de surveillance TMD" parentDisplayName="Work Order" id="{66cddb3b-b9ca-4552-ac5e-f4d726a35268}" />
      </MissingDependency>
      <MissingDependency>
        <Required type="2" schemaName="msdyn_timewindowstart" displayName="Time Window Start" parentSchemaName="msdyn_workorder" parentDisplayName="Work Order" solution="FieldService (8.8.0.88)">
          <package>FieldService_Anchor (8.8.71.41)</package>
        </Required>
        <Dependent type="60" displayName="Activité de surveillance TMD" parentDisplayName="Work Order" id="{66cddb3b-b9ca-4552-ac5e-f4d726a35268}" />
      </MissingDependency>
      <MissingDependency>
        <Required type="2" schemaName="msdyn_totalamount" displayName="Total Amount" parentSchemaName="msdyn_workorder" parentDisplayName="Work Order" solution="FieldService (8.8.0.88)">
          <package>FieldService_Anchor (8.8.71.41)</package>
        </Required>
        <Dependent type="60" displayName="Activité de surveillance TMD" parentDisplayName="Work Order" id="{66cddb3b-b9ca-4552-ac5e-f4d726a35268}" />
      </MissingDependency>
      <MissingDependency>
        <Required type="2" schemaName="msdyn_totalsalestax" displayName="Total Sales Tax" parentSchemaName="msdyn_workorder" parentDisplayName="Work Order" solution="FieldService (8.8.0.88)">
          <package>FieldService_Anchor (8.8.71.41)</package>
        </Required>
        <Dependent type="60" displayName="Activité de surveillance TMD" parentDisplayName="Work Order" id="{66cddb3b-b9ca-4552-ac5e-f4d726a35268}" />
      </MissingDependency>
      <MissingDependency>
        <Required type="2" schemaName="msdyn_worklocation" displayName="Work Location" parentSchemaName="msdyn_workorder" parentDisplayName="Work Order" solution="FieldService (8.8.0.88)">
          <package>FieldService_Anchor (8.8.71.41)</package>
        </Required>
        <Dependent type="60" displayName="Activité de surveillance TMD" parentDisplayName="Work Order" id="{66cddb3b-b9ca-4552-ac5e-f4d726a35268}" />
      </MissingDependency>
      <MissingDependency>
        <Required type="2" schemaName="msdyn_workordertype" displayName="Work Order Type" parentSchemaName="msdyn_workorder" parentDisplayName="Work Order" solution="FieldService (8.8.0.88)">
          <package>FieldService_Anchor (8.8.71.41)</package>
        </Required>
        <Dependent type="60" displayName="Activité de surveillance TMD" parentDisplayName="Work Order" id="{66cddb3b-b9ca-4552-ac5e-f4d726a35268}" />
      </MissingDependency>
      <MissingDependency>
        <Required type="2" schemaName="ovs_fiscalquarter" displayName="Planned Fiscal Quarter" parentSchemaName="msdyn_workorder" parentDisplayName="Work Order" solution="Active" />
        <Dependent type="60" displayName="Activité de surveillance TMD" parentDisplayName="Work Order" id="{66cddb3b-b9ca-4552-ac5e-f4d726a35268}" />
      </MissingDependency>
      <MissingDependency>
        <Required type="2" schemaName="ovs_fiscalyear" displayName="Planned Fiscal Year" parentSchemaName="msdyn_workorder" parentDisplayName="Work Order" solution="Active" />
        <Dependent type="60" displayName="Activité de surveillance TMD" parentDisplayName="Work Order" id="{66cddb3b-b9ca-4552-ac5e-f4d726a35268}" />
      </MissingDependency>
      <MissingDependency>
        <Required type="2" schemaName="ovs_mocoperationid" displayName="Operation" parentSchemaName="msdyn_workorder" parentDisplayName="Work Order" solution="Active" />
        <Dependent type="60" displayName="Activité de surveillance TMD" parentDisplayName="Work Order" id="{66cddb3b-b9ca-4552-ac5e-f4d726a35268}" />
      </MissingDependency>
      <MissingDependency>
        <Required type="2" schemaName="ovs_oversighttype" displayName="Oversight Type" parentSchemaName="msdyn_workorder" parentDisplayName="Work Order" solution="Active" />
        <Dependent type="60" displayName="Activité de surveillance TMD" parentDisplayName="Work Order" id="{66cddb3b-b9ca-4552-ac5e-f4d726a35268}" />
      </MissingDependency>
      <MissingDependency>
        <Required type="2" schemaName="ovs_primaryinspector" displayName="Primary Inspector" parentSchemaName="msdyn_workorder" parentDisplayName="Work Order" solution="Active" />
        <Dependent type="60" displayName="Activité de surveillance TMD" parentDisplayName="Work Order" id="{66cddb3b-b9ca-4552-ac5e-f4d726a35268}" />
      </MissingDependency>
      <MissingDependency>
        <Required type="2" schemaName="ovs_qcreviewcomments" displayName="QC Review Comments" parentSchemaName="msdyn_workorder" parentDisplayName="Work Order" solution="Active" />
        <Dependent type="60" displayName="Activité de surveillance TMD" parentDisplayName="Work Order" id="{66cddb3b-b9ca-4552-ac5e-f4d726a35268}" />
      </MissingDependency>
      <MissingDependency>
        <Required type="2" schemaName="ovs_qcreviewcompletedind" displayName="QC Review" parentSchemaName="msdyn_workorder" parentDisplayName="Work Order" solution="Active" />
        <Dependent type="60" displayName="Activité de surveillance TMD" parentDisplayName="Work Order" id="{66cddb3b-b9ca-4552-ac5e-f4d726a35268}" />
      </MissingDependency>
      <MissingDependency>
        <Required type="2" schemaName="ovs_rational" displayName="Rationale" parentSchemaName="msdyn_workorder" parentDisplayName="Work Order" solution="Active" />
        <Dependent type="60" displayName="Activité de surveillance TMD" parentDisplayName="Work Order" id="{66cddb3b-b9ca-4552-ac5e-f4d726a35268}" />
      </MissingDependency>
      <MissingDependency>
        <Required type="2" schemaName="ovs_revisedquarterid" displayName="Revised Quarter" parentSchemaName="msdyn_workorder" parentDisplayName="Work Order" solution="Active" />
        <Dependent type="60" displayName="Activité de surveillance TMD" parentDisplayName="Work Order" id="{66cddb3b-b9ca-4552-ac5e-f4d726a35268}" />
      </MissingDependency>
      <MissingDependency>
        <Required type="2" schemaName="ovs_secondaryinspector" displayName="Secondary Inspector" parentSchemaName="msdyn_workorder" parentDisplayName="Work Order" solution="Active" />
        <Dependent type="60" displayName="Activité de surveillance TMD" parentDisplayName="Work Order" id="{66cddb3b-b9ca-4552-ac5e-f4d726a35268}" />
      </MissingDependency>
      <MissingDependency>
        <Required type="2" schemaName="ovs_source" displayName="Was part of the initial NOP" parentSchemaName="msdyn_workorder" parentDisplayName="Work Order" solution="Active" />
        <Dependent type="60" displayName="Activité de surveillance TMD" parentDisplayName="Work Order" id="{66cddb3b-b9ca-4552-ac5e-f4d726a35268}" />
      </MissingDependency>
      <MissingDependency>
        <Required type="2" schemaName="ownerid" displayName="Owner" parentSchemaName="msdyn_workorder" parentDisplayName="Work Order" solution="Active" />
        <Dependent type="60" displayName="Activité de surveillance TMD" parentDisplayName="Work Order" id="{66cddb3b-b9ca-4552-ac5e-f4d726a35268}" />
      </MissingDependency>
      <MissingDependency>
        <Required type="2" schemaName="qm_remote" displayName="Remote" parentSchemaName="msdyn_workorder" parentDisplayName="Work Order" solution="Active" />
        <Dependent type="60" displayName="Activité de surveillance TMD" parentDisplayName="Work Order" id="{66cddb3b-b9ca-4552-ac5e-f4d726a35268}" />
      </MissingDependency>
      <MissingDependency>
        <Required type="2" schemaName="statuscode" displayName="Status Reason" parentSchemaName="msdyn_workorder" parentDisplayName="Work Order" solution="FieldService (8.8.0.88)">
          <package>FieldService_Anchor (8.8.71.41)</package>
        </Required>
        <Dependent type="60" displayName="Activité de surveillance TMD" parentDisplayName="Work Order" id="{66cddb3b-b9ca-4552-ac5e-f4d726a35268}" />
      </MissingDependency>
      <MissingDependency>
        <Required type="2" schemaName="transactioncurrencyid" displayName="Currency" parentSchemaName="msdyn_workorder" parentDisplayName="Work Order" solution="Active" />
        <Dependent type="60" displayName="Activité de surveillance TMD" parentDisplayName="Work Order" id="{66cddb3b-b9ca-4552-ac5e-f4d726a35268}" />
      </MissingDependency>
      <MissingDependency>
        <Required type="20" displayName="TDG Manager" solution="Active" id="{545418f6-d089-eb11-b1ac-000d3ae92dbf}" />
        <Dependent type="60" displayName="Activité de surveillance TMD" parentDisplayName="Work Order" id="{66cddb3b-b9ca-4552-ac5e-f4d726a35268}" />
      </MissingDependency>
      <MissingDependency>
        <Required type="20" displayName="TDG Analyst" solution="Active" id="{6ba72790-cf89-eb11-b1ac-000d3ae92dbf}" />
        <Dependent type="60" displayName="Activité de surveillance TMD" parentDisplayName="Work Order" id="{66cddb3b-b9ca-4552-ac5e-f4d726a35268}" />
      </MissingDependency>
      <MissingDependency>
        <Required type="20" displayName="TDG Planner" solution="Active" id="{a8d3ef08-d189-eb11-b1ac-000d3ae92dbf}" />
        <Dependent type="60" displayName="Activité de surveillance TMD" parentDisplayName="Work Order" id="{66cddb3b-b9ca-4552-ac5e-f4d726a35268}" />
      </MissingDependency>
      <MissingDependency>
        <Required type="20" displayName="TDG Inspector" solution="Active" id="{de8e34ea-d189-eb11-b1ac-000d3ae92dbf}" />
        <Dependent type="60" displayName="Activité de surveillance TMD" parentDisplayName="Work Order" id="{66cddb3b-b9ca-4552-ac5e-f4d726a35268}" />
      </MissingDependency>
      <MissingDependency>
        <Required type="26" schemaName="Active Work Order Services" displayName="Active Work Order Services" parentSchemaName="msdyn_workorderservice" parentDisplayName="Work Order Service" solution="FieldService (8.8.0.88)" id="{0312a55e-e22c-4afb-abff-4bdbf5cfd601}">
          <package>FieldService_Anchor (8.8.71.41)</package>
        </Required>
        <Dependent type="60" displayName="Activité de surveillance TMD" parentDisplayName="Work Order" id="{66cddb3b-b9ca-4552-ac5e-f4d726a35268}" />
      </MissingDependency>
      <MissingDependency>
        <Required type="26" schemaName="Inspection - Work Order Service Task View" displayName="Inspection - Work Order Service Task View" parentSchemaName="msdyn_workorderservicetask" parentDisplayName="Work Order Service Task" solution="FieldService (8.8.0.88)" id="{063662d0-db4c-e111-93b3-000c2959f9b8}">
          <package>FieldService_Anchor (8.8.71.41)</package>
        </Required>
        <Dependent type="60" displayName="Activité de surveillance TMD" parentDisplayName="Work Order" id="{66cddb3b-b9ca-4552-ac5e-f4d726a35268}" />
      </MissingDependency>
      <MissingDependency>
        <Required type="26" schemaName="Agreement Lookup View" displayName="Agreement Lookup View" parentSchemaName="msdyn_agreement" parentDisplayName="Agreement" solution="FieldService (8.8.0.88)" id="{0e202e69-7e40-4559-bd44-d1c1029e84e1}">
          <package>FieldService_Anchor (8.8.71.41)</package>
        </Required>
        <Dependent type="60" displayName="Activité de surveillance TMD" parentDisplayName="Work Order" id="{66cddb3b-b9ca-4552-ac5e-f4d726a35268}" />
      </MissingDependency>
      <MissingDependency>
        <Required type="26" schemaName="Active Work Order Products" displayName="Active Work Order Products" parentSchemaName="msdyn_workorderproduct" parentDisplayName="Work Order Product" solution="FieldService (8.8.0.88)" id="{1662ced4-9bc6-4e77-90b2-6bbf2bef029f}">
          <package>FieldService_Anchor (8.8.71.41)</package>
        </Required>
        <Dependent type="60" displayName="Activité de surveillance TMD" parentDisplayName="Work Order" id="{66cddb3b-b9ca-4552-ac5e-f4d726a35268}" />
      </MissingDependency>
      <MissingDependency>
        <Required type="26" schemaName="Custom Work Order Products View" displayName="Custom Work Order Products View" parentSchemaName="msdyn_workorderproduct" parentDisplayName="Work Order Product" solution="FieldService (8.8.0.88)" id="{293498de-a23c-e311-974a-00155da8fa1b}">
          <package>FieldService_Anchor (8.8.71.41)</package>
        </Required>
        <Dependent type="60" displayName="Activité de surveillance TMD" parentDisplayName="Work Order" id="{66cddb3b-b9ca-4552-ac5e-f4d726a35268}" />
      </MissingDependency>
      <MissingDependency>
        <Required type="26" schemaName="All ROM Safety Assessments" displayName="All ROM Safety Assessments" parentSchemaName="ovs_cysafetyassessment" parentDisplayName="Safety Assessment" solution="Active" id="{43d03694-3dcd-eb11-bacc-0022483c0d29}" />
        <Dependent type="60" displayName="Activité de surveillance TMD" parentDisplayName="Work Order" id="{66cddb3b-b9ca-4552-ac5e-f4d726a35268}" />
      </MissingDependency>
      <MissingDependency>
        <Required type="26" schemaName="Time Tracking" displayName="Time Tracking" parentSchemaName="msdyn_workorderservicetask" parentDisplayName="Work Order Service Task" solution="Active" id="{4eb0e3ba-061b-ec11-b6e7-000d3ae9b59b}" />
        <Dependent type="60" displayName="Activité de surveillance TMD" parentDisplayName="Work Order" id="{66cddb3b-b9ca-4552-ac5e-f4d726a35268}" />
      </MissingDependency>
      <MissingDependency>
        <Required type="26" schemaName="All Enforcement Actions" displayName="All Enforcement Actions" parentSchemaName="ovs_cyaction" parentDisplayName="Enforcement Action" solution="Active" id="{57b64b1a-f79e-4754-a9df-8a1f9b836287}" />
        <Dependent type="60" displayName="Activité de surveillance TMD" parentDisplayName="Work Order" id="{66cddb3b-b9ca-4552-ac5e-f4d726a35268}" />
      </MissingDependency>
      <MissingDependency>
        <Required type="26" schemaName="Active Bookable Resource Bookings" displayName="Active Bookable Resource Bookings" parentSchemaName="bookableresourcebooking" parentDisplayName="Booking" solution="msdynce_Scheduling (9.0.0.0)" id="{5e97b27e-8ae9-4b14-89fe-3d5ad7ccec9c}" />
        <Dependent type="60" displayName="Activité de surveillance TMD" parentDisplayName="Work Order" id="{66cddb3b-b9ca-4552-ac5e-f4d726a35268}" />
      </MissingDependency>
      <MissingDependency>
        <Required type="26" schemaName="Custom Work Order Service View" displayName="Custom Work Order Service View" parentSchemaName="msdyn_workorderservice" parentDisplayName="Work Order Service" solution="FieldService (8.8.0.88)" id="{637fd9ff-b25b-e111-b0e5-000c2959f9b8}">
          <package>FieldService_Anchor (8.8.71.41)</package>
        </Required>
        <Dependent type="60" displayName="Activité de surveillance TMD" parentDisplayName="Work Order" id="{66cddb3b-b9ca-4552-ac5e-f4d726a35268}" />
      </MissingDependency>
      <MissingDependency>
        <Required type="26" schemaName="CEP Data" displayName="CEP Data" parentSchemaName="qm_cepdata" parentDisplayName="CEP Data" solution="Active" id="{729258b1-b909-ec11-b6e6-000d3ae8f2bd}" />
        <Dependent type="60" displayName="Activité de surveillance TMD" parentDisplayName="Work Order" id="{66cddb3b-b9ca-4552-ac5e-f4d726a35268}" />
      </MissingDependency>
      <MissingDependency>
        <Required type="26" schemaName="TCFiscalQuarter Lookup View" displayName="TCFiscalQuarter Lookup View" parentSchemaName="tc_tcfiscalquarter" parentDisplayName="TCFiscalQuarter" solution="Active" id="{72cca668-4e5d-4ab1-afef-9b00703a5c41}" />
        <Dependent type="60" displayName="Activité de surveillance TMD" parentDisplayName="Work Order" id="{66cddb3b-b9ca-4552-ac5e-f4d726a35268}" />
      </MissingDependency>
      <MissingDependency>
        <Required type="26" schemaName="TDG Service Tasks" displayName="TDG Service Tasks" parentSchemaName="msdyn_workorderservicetask" parentDisplayName="Work Order Service Task" solution="Active" id="{7853b222-368c-eb11-b1ac-000d3ae92932}" />
        <Dependent type="60" displayName="Activité de surveillance TMD" parentDisplayName="Work Order" id="{66cddb3b-b9ca-4552-ac5e-f4d726a35268}" />
      </MissingDependency>
      <MissingDependency>
        <Required type="26" schemaName="Site Lookup View" displayName="Site Lookup View" parentSchemaName="account" parentDisplayName="Account" solution="Active" id="{7b62c6ee-865b-eb11-a812-000d3a84db40}" />
        <Dependent type="60" displayName="Activité de surveillance TMD" parentDisplayName="Work Order" id="{66cddb3b-b9ca-4552-ac5e-f4d726a35268}" />
      </MissingDependency>
      <MissingDependency>
        <Required type="26" schemaName="Operations Lookup View" displayName="Operations Lookup View" parentSchemaName="ovs_mocregistration" parentDisplayName="Operation" solution="Active" id="{7e35f6a5-af6d-40f3-b3aa-3369350f8c35}" />
        <Dependent type="60" displayName="Activité de surveillance TMD" parentDisplayName="Work Order" id="{66cddb3b-b9ca-4552-ac5e-f4d726a35268}" />
      </MissingDependency>
      <MissingDependency>
        <Required type="26" schemaName="Allow On Work Order Lookup" displayName="Allow On Work Order Lookup" parentSchemaName="msdyn_incidenttype" parentDisplayName="Incident Type" solution="FieldService (8.8.0.88)" id="{82e357fe-4361-e111-ac14-000c2959f9b8}">
          <package>FieldService_Anchor (8.8.71.41)</package>
        </Required>
        <Dependent type="60" displayName="Activité de surveillance TMD" parentDisplayName="Work Order" id="{66cddb3b-b9ca-4552-ac5e-f4d726a35268}" />
      </MissingDependency>
      <MissingDependency>
        <Required type="26" schemaName="Violations" displayName="Violations" parentSchemaName="qm_syresult" parentDisplayName="Violation" solution="Active" id="{8907b66d-f15f-eb11-a812-000d3a84fd7b}" />
        <Dependent type="60" displayName="Activité de surveillance TMD" parentDisplayName="Work Order" id="{66cddb3b-b9ca-4552-ac5e-f4d726a35268}" />
      </MissingDependency>
      <MissingDependency>
        <Required type="26" schemaName="All ROM Enforcement Actions" displayName="All ROM Enforcement Actions" parentSchemaName="ovs_cyaction" parentDisplayName="Enforcement Action" solution="Active" id="{8a8ad56d-43cd-eb11-bacc-0022483c0d29}" />
        <Dependent type="60" displayName="Activité de surveillance TMD" parentDisplayName="Work Order" id="{66cddb3b-b9ca-4552-ac5e-f4d726a35268}" />
      </MissingDependency>
      <MissingDependency>
        <Required type="26" schemaName="Work Order Substatus Lookup View" displayName="Work Order Substatus Lookup View" parentSchemaName="msdyn_workordersubstatus" parentDisplayName="Work Order Substatus" solution="FieldService (8.8.0.88)" id="{90871801-b829-4f28-9fcd-70de41d716c8}">
          <package>FieldService_Anchor (8.8.71.41)</package>
        </Required>
        <Dependent type="60" displayName="Activité de surveillance TMD" parentDisplayName="Work Order" id="{66cddb3b-b9ca-4552-ac5e-f4d726a35268}" />
      </MissingDependency>
      <MissingDependency>
        <Required type="26" schemaName="Unplanned Oversight Types" displayName="Unplanned Oversight Types" parentSchemaName="ovs_oversighttype" parentDisplayName="Oversight Type" solution="Active" id="{920688a2-94a7-eb11-9442-000d3ae99322}" />
        <Dependent type="60" displayName="Activité de surveillance TMD" parentDisplayName="Work Order" id="{66cddb3b-b9ca-4552-ac5e-f4d726a35268}" />
      </MissingDependency>
      <MissingDependency>
        <Required type="26" schemaName="All Safety Assessments" displayName="All Safety Assessments" parentSchemaName="ovs_cysafetyassessment" parentDisplayName="Safety Assessment" solution="Active" id="{9475b7b3-fe71-eb11-a812-000d3af399b3}" />
        <Dependent type="60" displayName="Activité de surveillance TMD" parentDisplayName="Work Order" id="{66cddb3b-b9ca-4552-ac5e-f4d726a35268}" />
      </MissingDependency>
      <MissingDependency>
        <Required type="26" schemaName="Case Lookup View" displayName="Case Lookup View" parentSchemaName="incident" parentDisplayName="Case" solution="msdynce_Service (9.0.5.56)" id="{9ac51863-58c7-49a0-adcc-afd9a4c3ee59}">
          <package>msdynce_ServiceAnchor (9.0.22074.1011)</package>
        </Required>
        <Dependent type="60" displayName="Activité de surveillance TMD" parentDisplayName="Work Order" id="{66cddb3b-b9ca-4552-ac5e-f4d726a35268}" />
      </MissingDependency>
      <MissingDependency>
        <Required type="26" schemaName="Active Questionnaire Result" displayName="Active Questionnaire Result" parentSchemaName="qm_syresult" parentDisplayName="Violation" solution="Active" id="{9befd676-51a6-42a8-888a-980ac9610fb6}" />
        <Dependent type="60" displayName="Activité de surveillance TMD" parentDisplayName="Work Order" id="{66cddb3b-b9ca-4552-ac5e-f4d726a35268}" />
      </MissingDependency>
      <MissingDependency>
        <Required type="26" schemaName="Territories Lookup View" displayName="Territories Lookup View" parentSchemaName="territory" parentDisplayName="Region" solution="msdynce_AppCommon (9.0.4.0066)" id="{ad81b2ca-9789-4465-8c56-94c10830a6ed}">
          <package>msdynce_AppCommonAnchor (9.0.22074.10001)</package>
        </Required>
        <Dependent type="60" displayName="Activité de surveillance TMD" parentDisplayName="Work Order" id="{66cddb3b-b9ca-4552-ac5e-f4d726a35268}" />
      </MissingDependency>
      <MissingDependency>
        <Required type="26" schemaName="My Inactive Safety Assessments" displayName="My Inactive Safety Assessments" parentSchemaName="ovs_cysafetyassessment" parentDisplayName="Safety Assessment" solution="Active" id="{bfde40a8-55f9-461d-bac9-ce87580558a0}" />
        <Dependent type="60" displayName="Activité de surveillance TMD" parentDisplayName="Work Order" id="{66cddb3b-b9ca-4552-ac5e-f4d726a35268}" />
      </MissingDependency>
      <MissingDependency>
        <Required type="26" schemaName="Work Order Lookup View" displayName="Work Order Lookup View" parentSchemaName="msdyn_workorder" parentDisplayName="Work Order" solution="FieldService (8.8.0.88)" id="{c0c4fd32-f265-497d-bfae-546c88d5bb3b}">
          <package>FieldService_Anchor (8.8.71.41)</package>
        </Required>
        <Dependent type="60" displayName="Activité de surveillance TMD" parentDisplayName="Work Order" id="{66cddb3b-b9ca-4552-ac5e-f4d726a35268}" />
      </MissingDependency>
      <MissingDependency>
        <Required type="26" schemaName="TCFiscalYear Lookup View" displayName="TCFiscalYear Lookup View" parentSchemaName="tc_tcfiscalyear" parentDisplayName="TCFiscalYear" solution="Active" id="{c2b848e9-8d49-4972-8e80-06a8b98802a1}" />
        <Dependent type="60" displayName="Activité de surveillance TMD" parentDisplayName="Work Order" id="{66cddb3b-b9ca-4552-ac5e-f4d726a35268}" />
      </MissingDependency>
      <MissingDependency>
        <Required type="26" schemaName="Active TDG Inspection Reports" displayName="Active TDG Inspection Reports" parentSchemaName="ovs_tdginspectionreport" parentDisplayName="TDG Inspection Report" solution="Active" id="{c8e9240b-5a59-4442-8b6b-1a616a0c9a96}" />
        <Dependent type="60" displayName="Activité de surveillance TMD" parentDisplayName="Work Order" id="{66cddb3b-b9ca-4552-ac5e-f4d726a35268}" />
      </MissingDependency>
      <MissingDependency>
        <Required type="26" schemaName="Planned Oversight Types" displayName="Planned Oversight Types" parentSchemaName="ovs_oversighttype" parentDisplayName="Oversight Type" solution="Active" id="{d54acdca-91a7-eb11-9442-000d3ae99322}" />
        <Dependent type="60" displayName="Activité de surveillance TMD" parentDisplayName="Work Order" id="{66cddb3b-b9ca-4552-ac5e-f4d726a35268}" />
      </MissingDependency>
      <MissingDependency>
        <Required type="26" schemaName="Bookings View - Work Order Form" displayName="Bookings View - Work Order Form" parentSchemaName="bookableresourcebooking" parentDisplayName="Booking" solution="Active" id="{d8d2c355-71a4-eb11-b1ac-000d3ae8b93a}" />
        <Dependent type="60" displayName="Activité de surveillance TMD" parentDisplayName="Work Order" id="{66cddb3b-b9ca-4552-ac5e-f4d726a35268}" />
      </MissingDependency>
      <MissingDependency>
        <Required type="26" schemaName="TDG Bookings View - Work Order Form" displayName="TDG Bookings View - Work Order Form" parentSchemaName="bookableresourcebooking" parentDisplayName="Booking" solution="Active" id="{db3b9916-5df1-eb11-94ef-000d3ae99373}" />
        <Dependent type="60" displayName="Activité de surveillance TMD" parentDisplayName="Work Order" id="{66cddb3b-b9ca-4552-ac5e-f4d726a35268}" />
      </MissingDependency>
      <MissingDependency>
        <Required type="26" schemaName="Inspector View" displayName="Inspector View" parentSchemaName="bookableresource" parentDisplayName="Bookable Resource" solution="Active" id="{e69e584b-1af9-ea11-a815-000d3af3ac0d}" />
        <Dependent type="60" displayName="Activité de surveillance TMD" parentDisplayName="Work Order" id="{66cddb3b-b9ca-4552-ac5e-f4d726a35268}" />
      </MissingDependency>
      <MissingDependency>
        <Required type="26" schemaName="Closed Duplicated Enforcement Actions" displayName="Closed Duplicated Enforcement Actions" parentSchemaName="ovs_cyaction" parentDisplayName="Enforcement Action" solution="Active" id="{e77b53c7-57d0-eb11-bacc-0022483c0d29}" />
        <Dependent type="60" displayName="Activité de surveillance TMD" parentDisplayName="Work Order" id="{66cddb3b-b9ca-4552-ac5e-f4d726a35268}" />
      </MissingDependency>
      <MissingDependency>
        <Required type="26" schemaName="All WO Enforcement Actions" displayName="All WO Enforcement Actions" parentSchemaName="ovs_cyaction" parentDisplayName="Enforcement Action" solution="Active" id="{eb877d39-13d5-eb11-bacc-000d3af3999c}" />
        <Dependent type="60" displayName="Activité de surveillance TMD" parentDisplayName="Work Order" id="{66cddb3b-b9ca-4552-ac5e-f4d726a35268}" />
      </MissingDependency>
      <MissingDependency>
        <Required type="26" schemaName="TDG Inspection Reports" displayName="TDG Inspection Reports" parentSchemaName="ovs_tdginspectionreport" parentDisplayName="TDG Inspection Report" solution="Active" id="{edb20d1c-a7c7-eb11-bacc-000d3af390da}" />
        <Dependent type="60" displayName="Activité de surveillance TMD" parentDisplayName="Work Order" id="{66cddb3b-b9ca-4552-ac5e-f4d726a35268}" />
      </MissingDependency>
      <MissingDependency>
        <Required type="26" schemaName="My Open Confirmation of Compliances" displayName="My Open Confirmation of Compliances" parentSchemaName="ovs_confirmationofcompliance" parentDisplayName="Confirmation of Compliance" solution="Active" id="{fbcb54ab-540f-4596-bd16-070facaa5255}" />
        <Dependent type="60" displayName="Activité de surveillance TMD" parentDisplayName="Work Order" id="{66cddb3b-b9ca-4552-ac5e-f4d726a35268}" />
      </MissingDependency>
      <MissingDependency>
        <Required type="26" schemaName="All WO Confirmation of Compliances" displayName="All WO Confirmation of Compliances" parentSchemaName="ovs_confirmationofcompliance" parentDisplayName="Confirmation of Compliance" solution="Active" id="{fd007bba-13d5-eb11-bacc-000d3af3999c}" />
        <Dependent type="60" displayName="Activité de surveillance TMD" parentDisplayName="Work Order" id="{66cddb3b-b9ca-4552-ac5e-f4d726a35268}" />
      </MissingDependency>
      <MissingDependency>
        <Required type="60" displayName="OHS Equipment Types Quick Form" parentDisplayName="Account" solution="Active" id="{0cc5dd73-e311-4f4f-a98f-079f30e8b5c6}" />
        <Dependent type="60" displayName="Activité de surveillance TMD" parentDisplayName="Work Order" id="{66cddb3b-b9ca-4552-ac5e-f4d726a35268}" />
      </MissingDependency>
      <MissingDependency>
        <Required type="60" displayName="Legal Name" parentDisplayName="Account" solution="Active" id="{b0dc190e-9603-444b-94b3-07b98a8f1d60}" />
        <Dependent type="60" displayName="Activité de surveillance TMD" parentDisplayName="Work Order" id="{66cddb3b-b9ca-4552-ac5e-f4d726a35268}" />
      </MissingDependency>
      <MissingDependency>
        <Required type="60" displayName="OHS Notes Quick Form" parentDisplayName="Account" solution="Active" id="{d76f196a-9e9c-eb11-b1ac-000d3ae924d1}" />
        <Dependent type="60" displayName="Activité de surveillance TMD" parentDisplayName="Work Order" id="{66cddb3b-b9ca-4552-ac5e-f4d726a35268}" />
      </MissingDependency>
      <MissingDependency>
        <Required type="61" schemaName="ikl_/Attach2Dynamics/Library/index.html" displayName="ikl_/Attach2Dynamics/Library/index.html" solution="Attach2Dynamics (9.0.0.24)">
          <package>Attach2Dynamics (9.0.0.24)</package>
        </Required>
        <Dependent type="60" displayName="Activité de surveillance TMD" parentDisplayName="Work Order" id="{66cddb3b-b9ca-4552-ac5e-f4d726a35268}" />
      </MissingDependency>
      <MissingDependency>
        <Required type="61" schemaName="msdyn_/CFS/Utils/RibbonUtils.js" displayName="msdyn_/CFS/Utils/RibbonUtils.js" solution="ConnectedFieldService (1.8.35.0)">
          <package>FieldService_Anchor (8.8.71.41)</package>
        </Required>
        <Dependent type="60" displayName="Activité de surveillance TMD" parentDisplayName="Work Order" id="{66cddb3b-b9ca-4552-ac5e-f4d726a35268}" />
      </MissingDependency>
      <MissingDependency>
        <Required type="61" schemaName="msdyn_/CFS/WorkOrder/WorkOrderForm.js" displayName="msdyn_/CFS/WorkOrder/WorkOrderForm.js" solution="ConnectedFieldService (1.8.35.0)">
          <package>FieldService_Anchor (8.8.71.41)</package>
        </Required>
        <Dependent type="60" displayName="Activité de surveillance TMD" parentDisplayName="Work Order" id="{66cddb3b-b9ca-4552-ac5e-f4d726a35268}" />
      </MissingDependency>
      <MissingDependency>
        <Required type="61" schemaName="msdyn_/fps/CrmControls/TimeField.html" displayName="msdyn_/fps/CrmControls/TimeField.html" solution="MicrosoftDynamicsScheduling (3.12.0.448)">
          <package>FieldService_Anchor (8.8.71.41)</package>
          <package>msdynce_CoreServiceSchedulingAnchor (9.0.21104.1006)</package>
        </Required>
        <Dependent type="60" displayName="Activité de surveillance TMD" parentDisplayName="Work Order" id="{66cddb3b-b9ca-4552-ac5e-f4d726a35268}" />
      </MissingDependency>
      <MissingDependency>
        <Required type="61" schemaName="msdyn_/Icons/Entity/WorkOrder_16.png" displayName="msdyn_/Icons/Entity/WorkOrder_16.png" solution="FieldService (8.8.0.88)">
          <package>FieldService_Anchor (8.8.71.41)</package>
        </Required>
        <Dependent type="1" schemaName="msdyn_workorder" displayName="Work Order" />
      </MissingDependency>
      <MissingDependency>
        <Required type="61" schemaName="msdyn_/Icons/Entity/WorkOrder_32/_imgs/NavBar/Invisible.gif" displayName="msdyn_/Icons/Entity/WorkOrder_32/_imgs/NavBar/Invisible.gif" solution="FieldService (8.8.0.88)">
          <package>FieldService_Anchor (8.8.71.41)</package>
        </Required>
        <Dependent type="1" schemaName="msdyn_workorder" displayName="Work Order" />
      </MissingDependency>
      <MissingDependency>
        <Required type="61" schemaName="msdyn_/Icons/SVG/WorkOrders.svg" displayName="msdyn_/Icons/SVG/WorkOrders.svg" solution="FieldService (8.8.0.88)">
          <package>FieldService_Anchor (8.8.71.41)</package>
        </Required>
        <Dependent type="1" schemaName="msdyn_workorder" displayName="Work Order" />
      </MissingDependency>
      <MissingDependency>
        <Required type="61" schemaName="msdyn_/Utils/FieldServiceTrial.js" displayName="msdyn_/Utils/FieldServiceTrial.js" solution="FieldService (8.8.0.88)">
          <package>FieldService_Anchor (8.8.71.41)</package>
        </Required>
        <Dependent type="60" displayName="Activité de surveillance TMD" parentDisplayName="Work Order" id="{66cddb3b-b9ca-4552-ac5e-f4d726a35268}" />
      </MissingDependency>
      <MissingDependency>
        <Required type="61" schemaName="msdyn_/WorkOrder/WorkOrder.Library.js" displayName="msdyn_/WorkOrder/WorkOrder.Library.js" solution="FieldService (8.8.0.88)">
          <package>FieldService_Anchor (8.8.71.41)</package>
        </Required>
        <Dependent type="60" displayName="Activité de surveillance TMD" parentDisplayName="Work Order" id="{66cddb3b-b9ca-4552-ac5e-f4d726a35268}" />
      </MissingDependency>
      <MissingDependency>
        <Required type="61" schemaName="ovs_/ComplianceScaleLegendMessage.html" displayName="ovs_/ComplianceScaleLegendMessage.html" solution="Active" />
        <Dependent type="60" displayName="Activité de surveillance TMD" parentDisplayName="Work Order" id="{66cddb3b-b9ca-4552-ac5e-f4d726a35268}" />
      </MissingDependency>
      <MissingDependency>
        <Required type="61" schemaName="ovs_/DocumentTitleLimitation.html" displayName="ovs_/DocumentTitleLimitation.html" solution="Active" />
        <Dependent type="60" displayName="Activité de surveillance TMD" parentDisplayName="Work Order" id="{66cddb3b-b9ca-4552-ac5e-f4d726a35268}" />
      </MissingDependency>
      <MissingDependency>
        <Required type="61" schemaName="ovs_ROMCommonFunctions" displayName="ovs_ROMCommonFunctions" solution="Active" />
        <Dependent type="60" displayName="Activité de surveillance TMD" parentDisplayName="Work Order" id="{66cddb3b-b9ca-4552-ac5e-f4d726a35268}" />
      </MissingDependency>
      <MissingDependency>
        <Required type="61" schemaName="ovs_WO_TDG_ReportHelper.js" displayName="ovs_WO_TDG_ReportHelper.js" solution="Active" />
        <Dependent type="60" displayName="Activité de surveillance TMD" parentDisplayName="Work Order" id="{66cddb3b-b9ca-4552-ac5e-f4d726a35268}" />
      </MissingDependency>
      <MissingDependency>
        <Required type="61" schemaName="ovs_WO_TDG_TimeTrack" displayName="ovs_WO_TDG_TimeTrack" solution="Active" />
        <Dependent type="60" displayName="Activité de surveillance TMD" parentDisplayName="Work Order" id="{66cddb3b-b9ca-4552-ac5e-f4d726a35268}" />
      </MissingDependency>
      <MissingDependency>
        <Required type="61" schemaName="qm_globalHelper.js" displayName="qm_globalHelper.js" solution="Active" />
        <Dependent type="60" displayName="Activité de surveillance TMD" parentDisplayName="Work Order" id="{66cddb3b-b9ca-4552-ac5e-f4d726a35268}" />
      </MissingDependency>
      <MissingDependency>
        <Required type="61" schemaName="qm_WO_TDG_main.js" displayName="qm_WO_TDG_main.js" solution="Active" />
        <Dependent type="60" displayName="Activité de surveillance TMD" parentDisplayName="Work Order" id="{66cddb3b-b9ca-4552-ac5e-f4d726a35268}" />
      </MissingDependency>
      <MissingDependency>
        <Required type="66" schemaName="MicrosoftDynamicsFPS.TimeControl" displayName="MicrosoftDynamicsFPS.TimeControl" solution="MicrosoftDynamicsScheduling (3.12.0.448)">
          <package>FieldService_Anchor (8.8.71.41)</package>
          <package>msdynce_CoreServiceSchedulingAnchor (9.0.21104.1006)</package>
        </Required>
        <Dependent type="60" displayName="Activité de surveillance TMD" parentDisplayName="Work Order" id="{66cddb3b-b9ca-4552-ac5e-f4d726a35268}" />
      </MissingDependency>
      <MissingDependency>
        <Required type="66" schemaName="MscrmControls.DeviceInsights.DeviceInsightsControl" displayName="MscrmControls.DeviceInsights.DeviceInsightsControl" solution="IoTConnector (1.8.35.0)">
          <package>FieldService_Anchor (8.8.71.41)</package>
          <package>msdynce_ServiceAnchor (9.0.22074.1011)</package>
        </Required>
        <Dependent type="60" displayName="Activité de surveillance TMD" parentDisplayName="Work Order" id="{66cddb3b-b9ca-4552-ac5e-f4d726a35268}" />
      </MissingDependency>
      <MissingDependency>
        <Required type="66" schemaName="MscrmControls.Grid.GridControl" displayName="MscrmControls.Grid.GridControl" solution="BaseCustomControlsCore (9.0.2208.1009)" />
        <Dependent type="60" displayName="Activité de surveillance TMD" parentDisplayName="Work Order" id="{66cddb3b-b9ca-4552-ac5e-f4d726a35268}" />
      </MissingDependency>
      <MissingDependency>
        <Required type="66" schemaName="MscrmControls.Map.MapControl" displayName="MscrmControls.Map.MapControl" solution="BaseCustomControlsCore (9.0.2208.1009)" />
        <Dependent type="60" displayName="Activité de surveillance TMD" parentDisplayName="Work Order" id="{66cddb3b-b9ca-4552-ac5e-f4d726a35268}" />
      </MissingDependency>
    </MissingDependencies>
  </SolutionManifest>
</ImportExportXml>