<ImportExportXml version="9.2.24084.170" SolutionPackageVersion="9.2" languagecode="1033" generatedBy="CrmLive" xmlns:xsi="http://www.w3.org/2001/XMLSchema-instance" OrganizationVersion="9.2.24084.170" OrganizationSchemaType="Full" CRMServerServiceabilityVersion="9.2.24084.00170">
  <SolutionManifest>
    <UniqueName>TC_GlobalCore_Patch_c24cc893</UniqueName>
    <LocalizedNames>
      <LocalizedName description="TDG Core Schema" languagecode="1033" />
    </LocalizedNames>
    <Descriptions>
      <Description description="Patch for TDG Core Schema" languagecode="1033" />
    </Descriptions>
    <ParentUniqueName>TC_GlobalCore</ParentUniqueName>
    <Version>1.166.4.0</Version>
    <Managed>1</Managed>
    <Publisher>
      <UniqueName>oversightpublisher</UniqueName>
      <LocalizedNames>
        <LocalizedName description="Oversight" languagecode="1033" />
      </LocalizedNames>
      <Descriptions>
        <Description description="This is the common solution for AvSec Inspection and TDG Inspection." languagecode="1033" />
      </Descriptions>
      <EMailAddress xsi:nil="true"></EMailAddress>
      <SupportingWebsiteUrl xsi:nil="true"></SupportingWebsiteUrl>
      <CustomizationPrefix>ovs</CustomizationPrefix>
      <CustomizationOptionValuePrefix>91864</CustomizationOptionValuePrefix>
      <Addresses>
        <Address>
          <AddressNumber>1</AddressNumber>
          <AddressTypeCode>1</AddressTypeCode>
          <City xsi:nil="true"></City>
          <County xsi:nil="true"></County>
          <Country xsi:nil="true"></Country>
          <Fax xsi:nil="true"></Fax>
          <FreightTermsCode xsi:nil="true"></FreightTermsCode>
          <ImportSequenceNumber xsi:nil="true"></ImportSequenceNumber>
          <Latitude xsi:nil="true"></Latitude>
          <Line1 xsi:nil="true"></Line1>
          <Line2 xsi:nil="true"></Line2>
          <Line3 xsi:nil="true"></Line3>
          <Longitude xsi:nil="true"></Longitude>
          <Name xsi:nil="true"></Name>
          <PostalCode xsi:nil="true"></PostalCode>
          <PostOfficeBox xsi:nil="true"></PostOfficeBox>
          <PrimaryContactName xsi:nil="true"></PrimaryContactName>
          <ShippingMethodCode>1</ShippingMethodCode>
          <StateOrProvince xsi:nil="true"></StateOrProvince>
          <Telephone1 xsi:nil="true"></Telephone1>
          <Telephone2 xsi:nil="true"></Telephone2>
          <Telephone3 xsi:nil="true"></Telephone3>
          <TimeZoneRuleVersionNumber xsi:nil="true"></TimeZoneRuleVersionNumber>
          <UPSZone xsi:nil="true"></UPSZone>
          <UTCOffset xsi:nil="true"></UTCOffset>
          <UTCConversionTimeZoneCode xsi:nil="true"></UTCConversionTimeZoneCode>
        </Address>
        <Address>
          <AddressNumber>2</AddressNumber>
          <AddressTypeCode>1</AddressTypeCode>
          <City xsi:nil="true"></City>
          <County xsi:nil="true"></County>
          <Country xsi:nil="true"></Country>
          <Fax xsi:nil="true"></Fax>
          <FreightTermsCode xsi:nil="true"></FreightTermsCode>
          <ImportSequenceNumber xsi:nil="true"></ImportSequenceNumber>
          <Latitude xsi:nil="true"></Latitude>
          <Line1 xsi:nil="true"></Line1>
          <Line2 xsi:nil="true"></Line2>
          <Line3 xsi:nil="true"></Line3>
          <Longitude xsi:nil="true"></Longitude>
          <Name xsi:nil="true"></Name>
          <PostalCode xsi:nil="true"></PostalCode>
          <PostOfficeBox xsi:nil="true"></PostOfficeBox>
          <PrimaryContactName xsi:nil="true"></PrimaryContactName>
          <ShippingMethodCode>1</ShippingMethodCode>
          <StateOrProvince xsi:nil="true"></StateOrProvince>
          <Telephone1 xsi:nil="true"></Telephone1>
          <Telephone2 xsi:nil="true"></Telephone2>
          <Telephone3 xsi:nil="true"></Telephone3>
          <TimeZoneRuleVersionNumber xsi:nil="true"></TimeZoneRuleVersionNumber>
          <UPSZone xsi:nil="true"></UPSZone>
          <UTCOffset xsi:nil="true"></UTCOffset>
          <UTCConversionTimeZoneCode xsi:nil="true"></UTCConversionTimeZoneCode>
        </Address>
      </Addresses>
    </Publisher>
    <RootComponents>
      <RootComponent type="1" schemaName="ovs_incident" behavior="2" />
      <RootComponent type="1" schemaName="ovs_moc" behavior="2" />
      <RootComponent type="61" schemaName="ovs_Incident_MainForm.js" behavior="0" />
      <RootComponent type="62" schemaName="ovs_OversightPlanning" behavior="0" />
      <RootComponent type="62" schemaName="ovs_TDGIncidentsIncidentsTMD" behavior="0" />
      <RootComponent type="80" schemaName="ovs_TDGIncidentsIncidentsTMD" behavior="0" />
    </RootComponents>
    <MissingDependencies>
      <MissingDependency>
        <Required type="1" schemaName="adx_invitation" displayName="Invitation" solution="PowerPages_RuntimeCore (1.0.2402.1)">
          <package>PowerPages_Core (1.0.2407.112)</package>
        </Required>
        <Dependent type="80" schemaName="ovs_TDGIncidentsIncidentsTMD" displayName="TDG Incidents / Incidents TMD" />
      </MissingDependency>
      <MissingDependency>
        <Required type="1" schemaName="bookableresource" displayName="Bookable Resource" solution="msdynce_Scheduling (9.0.0.0)" />
        <Dependent type="62" schemaName="ovs_OversightPlanning" />
      </MissingDependency>
      <MissingDependency>
        <Required type="1" schemaName="msdyn_workorder" displayName="Work Order" solution="FieldService (8.8.0.88)">
          <package>FieldService_Anchor (8.8.124.20)</package>
        </Required>
        <Dependent type="62" schemaName="ovs_OversightPlanning" />
      </MissingDependency>
      <MissingDependency>
        <Required type="1" schemaName="ovs_cancellationrequest" displayName="Cancellation Request" solution="Active" />
        <Dependent type="62" schemaName="ovs_OversightPlanning" />
      </MissingDependency>
      <MissingDependency>
        <Required type="1" schemaName="ovs_cdnop" displayName="NOP" solution="Active" />
        <Dependent type="62" schemaName="ovs_OversightPlanning" />
      </MissingDependency>
      <MissingDependency>
        <Required type="1" schemaName="ovs_cdregionalnop" displayName="Regional NOP" solution="Active" />
        <Dependent type="62" schemaName="ovs_OversightPlanning" />
      </MissingDependency>
      <MissingDependency>
        <Required type="1" schemaName="ovs_confirmationofcompliance" displayName="Confirmation of Compliance" solution="Active" />
        <Dependent type="62" schemaName="ovs_OversightPlanning" />
      </MissingDependency>
      <MissingDependency>
        <Required type="1" schemaName="ovs_cyaction" displayName="Enforcement Action" solution="Active" />
        <Dependent type="62" schemaName="ovs_OversightPlanning" />
      </MissingDependency>
      <MissingDependency>
        <Required type="1" schemaName="ovs_cysafetyassessment" displayName="Safety Assessment" solution="Active" />
        <Dependent type="62" schemaName="ovs_OversightPlanning" />
      </MissingDependency>
      <MissingDependency>
        <Required type="1" schemaName="ovs_followuprequest" displayName="Follow Up Inspection Request" solution="Active" />
        <Dependent type="62" schemaName="ovs_OversightPlanning" />
      </MissingDependency>
      <MissingDependency>
        <Required type="1" schemaName="ovs_incident" displayName="Incident" solution="Active" />
        <Dependent type="1" schemaName="ovs_incident" displayName="Incident" />
      </MissingDependency>
      <MissingDependency>
        <Required type="1" schemaName="ovs_incident_report" displayName="Incident Report" solution="Active" />
        <Dependent type="60" displayName="Information" parentDisplayName="Incident" id="{a58c2822-51b7-4919-b85c-d94204f76f09}" />
      </MissingDependency>
      <MissingDependency>
        <Required type="1" schemaName="ovs_incident_report" displayName="Incident Report" solution="Active" />
        <Dependent type="62" schemaName="ovs_TDGIncidentsIncidentsTMD" />
      </MissingDependency>
      <MissingDependency>
        <Required type="1" schemaName="ovs_incident_report" displayName="Incident Report" solution="Active" />
        <Dependent type="80" schemaName="ovs_TDGIncidentsIncidentsTMD" displayName="TDG Incidents / Incidents TMD" />
      </MissingDependency>
      <MissingDependency>
        <Required type="1" schemaName="ovs_invitation" displayName="Invitation" solution="Active" />
        <Dependent type="62" schemaName="ovs_TDGIncidentsIncidentsTMD" />
      </MissingDependency>
      <MissingDependency>
        <Required type="1" schemaName="ovs_invitation" displayName="Invitation" solution="Active" />
        <Dependent type="80" schemaName="ovs_TDGIncidentsIncidentsTMD" displayName="TDG Incidents / Incidents TMD" />
      </MissingDependency>
      <MissingDependency>
        <Required type="1" schemaName="ovs_moc" displayName="MOC" solution="Active" />
        <Dependent type="1" schemaName="ovs_moc" displayName="MOC" />
      </MissingDependency>
      <MissingDependency>
        <Required type="1" schemaName="ovs_mocregistration" displayName="Operation" solution="Active" />
        <Dependent type="62" schemaName="ovs_OversightPlanning" />
      </MissingDependency>
      <MissingDependency>
        <Required type="1" schemaName="ovs_operationunnumber" displayName="Site UN Number" solution="Active" />
        <Dependent type="62" schemaName="ovs_OversightPlanning" />
      </MissingDependency>
      <MissingDependency>
        <Required type="1" schemaName="ovs_organization_contact" displayName="Organization Contact" solution="Active" />
        <Dependent type="62" schemaName="ovs_TDGIncidentsIncidentsTMD" />
      </MissingDependency>
      <MissingDependency>
        <Required type="1" schemaName="ovs_organization_contact" displayName="Organization Contact" solution="Active" />
        <Dependent type="80" schemaName="ovs_TDGIncidentsIncidentsTMD" displayName="TDG Incidents / Incidents TMD" />
      </MissingDependency>
      <MissingDependency>
        <Required type="1" schemaName="ovs_siteclass" displayName="Site Class" solution="Active" />
        <Dependent type="62" schemaName="ovs_OversightPlanning" />
      </MissingDependency>
      <MissingDependency>
        <Required type="1" schemaName="ovs_supportrequest" displayName="Support Request" solution="Active" />
        <Dependent type="62" schemaName="ovs_TDGIncidentsIncidentsTMD" />
      </MissingDependency>
      <MissingDependency>
        <Required type="1" schemaName="ovs_supportrequest" displayName="Support Request" solution="Active" />
        <Dependent type="80" schemaName="ovs_TDGIncidentsIncidentsTMD" displayName="TDG Incidents / Incidents TMD" />
      </MissingDependency>
      <MissingDependency>
        <Required type="1" schemaName="ovs_tdginspectionreport" displayName="TDG Inspection Report" solution="Active" />
        <Dependent type="62" schemaName="ovs_OversightPlanning" />
      </MissingDependency>
      <MissingDependency>
        <Required type="1" schemaName="ovs_workordercandidate" displayName="Work Order Candidate" solution="Active" />
        <Dependent type="62" schemaName="ovs_OversightPlanning" />
      </MissingDependency>
      <MissingDependency>
        <Required type="10" schemaName="ovs_incident_site_account" displayName="ovs_incident_site_account" parentSchemaName="account" parentDisplayName="Account" solution="Active" />
        <Dependent type="60" displayName="Information" parentDisplayName="Incident" id="{a58c2822-51b7-4919-b85c-d94204f76f09}" />
      </MissingDependency>
      <MissingDependency>
        <Required type="10" schemaName="ovs_moc_specification_fdr_specification" displayName="ovs_moc_specification_fdr_specification" parentSchemaName="fdr_specification" parentDisplayName="Specification" solution="Active" />
        <Dependent type="60" displayName="Information" parentDisplayName="MOC" id="{ab7a68cf-1d72-4c50-a098-b985866dadf1}" />
      </MissingDependency>
      <MissingDependency>
        <Required type="10" schemaName="ovs_incident_incident_report" displayName="ovs_incident_incident_report" parentSchemaName="ovs_incident" parentDisplayName="Incident" solution="Active" />
        <Dependent type="60" displayName="Information" parentDisplayName="Incident" id="{a58c2822-51b7-4919-b85c-d94204f76f09}" />
      </MissingDependency>
      <MissingDependency>
        <Required type="10" schemaName="ovs_incident_report_moc" displayName="ovs_incident_report_moc" parentSchemaName="ovs_incident_report" parentDisplayName="Incident Report" solution="Active" />
        <Dependent type="60" displayName="Information" parentDisplayName="MOC" id="{ab7a68cf-1d72-4c50-a098-b985866dadf1}" />
      </MissingDependency>
      <MissingDependency>
        <Required type="10" schemaName="ovs_moc_un_number_tdg_unnumber" displayName="ovs_moc_un_number_tdg_unnumber" parentSchemaName="tdg_unnumber" parentDisplayName="UN Number" solution="Active" />
        <Dependent type="60" displayName="Information" parentDisplayName="MOC" id="{ab7a68cf-1d72-4c50-a098-b985866dadf1}" />
      </MissingDependency>
      <MissingDependency>
        <Required type="10" schemaName="ovs_incident_region_territory" displayName="ovs_incident_region_territory" parentSchemaName="territory" parentDisplayName="Region" solution="Active" />
        <Dependent type="60" displayName="Information" parentDisplayName="Incident" id="{a58c2822-51b7-4919-b85c-d94204f76f09}" />
      </MissingDependency>
      <MissingDependency>
        <Required type="2" schemaName="createdon" displayName="Created On" parentSchemaName="ovs_incident" parentDisplayName="Incident" solution="Active" />
        <Dependent type="60" displayName="Information" parentDisplayName="Incident" id="{a58c2822-51b7-4919-b85c-d94204f76f09}" />
      </MissingDependency>
      <MissingDependency>
        <Required type="2" schemaName="ovs_address_type_cd" displayName="Input Address Type" parentSchemaName="ovs_incident" parentDisplayName="Incident" solution="Active" />
        <Dependent type="60" displayName="Information" parentDisplayName="Incident" id="{a58c2822-51b7-4919-b85c-d94204f76f09}" />
      </MissingDependency>
      <MissingDependency>
        <Required type="2" schemaName="ovs_anticipated_release_ind" displayName="Anticipated Release" parentSchemaName="ovs_incident" parentDisplayName="Incident" solution="Active" />
        <Dependent type="60" displayName="Information" parentDisplayName="Incident" id="{a58c2822-51b7-4919-b85c-d94204f76f09}" />
      </MissingDependency>
      <MissingDependency>
        <Required type="2" schemaName="ovs_below_threshold_ind" displayName="Released quantity below threshold" parentSchemaName="ovs_incident" parentDisplayName="Incident" solution="Active" />
        <Dependent type="60" displayName="Information" parentDisplayName="Incident" id="{a58c2822-51b7-4919-b85c-d94204f76f09}" />
      </MissingDependency>
      <MissingDependency>
        <Required type="2" schemaName="ovs_canutec_reference_number_txt" displayName="Canutec Reference Number" parentSchemaName="ovs_incident" parentDisplayName="Incident" solution="Active" />
        <Dependent type="60" displayName="Information" parentDisplayName="Incident" id="{a58c2822-51b7-4919-b85c-d94204f76f09}" />
      </MissingDependency>
      <MissingDependency>
        <Required type="2" schemaName="ovs_city_txt" displayName="City" parentSchemaName="ovs_incident" parentDisplayName="Incident" solution="Active" />
        <Dependent type="60" displayName="Information" parentDisplayName="Incident" id="{a58c2822-51b7-4919-b85c-d94204f76f09}" />
      </MissingDependency>
      <MissingDependency>
        <Required type="2" schemaName="ovs_closure_ind" displayName="Closure" parentSchemaName="ovs_incident" parentDisplayName="Incident" solution="Active" />
        <Dependent type="60" displayName="Information" parentDisplayName="Incident" id="{a58c2822-51b7-4919-b85c-d94204f76f09}" />
      </MissingDependency>
      <MissingDependency>
        <Required type="2" schemaName="ovs_contributing_factor_other_txt" displayName="Other Contributing Factor" parentSchemaName="ovs_incident" parentDisplayName="Incident" solution="Active" />
        <Dependent type="60" displayName="Information" parentDisplayName="Incident" id="{a58c2822-51b7-4919-b85c-d94204f76f09}" />
      </MissingDependency>
      <MissingDependency>
        <Required type="2" schemaName="ovs_contributing_factors_cds" displayName="Contributing Factors" parentSchemaName="ovs_incident" parentDisplayName="Incident" solution="Active" />
        <Dependent type="60" displayName="Information" parentDisplayName="Incident" id="{a58c2822-51b7-4919-b85c-d94204f76f09}" />
      </MissingDependency>
      <MissingDependency>
        <Required type="2" schemaName="ovs_country_txt" displayName="Country" parentSchemaName="ovs_incident" parentDisplayName="Incident" solution="Active" />
        <Dependent type="60" displayName="Information" parentDisplayName="Incident" id="{a58c2822-51b7-4919-b85c-d94204f76f09}" />
      </MissingDependency>
      <MissingDependency>
        <Required type="2" schemaName="ovs_damage_ind" displayName="Damage" parentSchemaName="ovs_incident" parentDisplayName="Incident" solution="Active" />
        <Dependent type="60" displayName="Information" parentDisplayName="Incident" id="{a58c2822-51b7-4919-b85c-d94204f76f09}" />
      </MissingDependency>
      <MissingDependency>
        <Required type="2" schemaName="ovs_date_30day_requested_dte" displayName="30-Day Requested" parentSchemaName="ovs_incident" parentDisplayName="Incident" solution="Active" />
        <Dependent type="60" displayName="Information" parentDisplayName="Incident" id="{a58c2822-51b7-4919-b85c-d94204f76f09}" />
      </MissingDependency>
      <MissingDependency>
        <Required type="2" schemaName="ovs_date_canutec_dte" displayName="Canutec" parentSchemaName="ovs_incident" parentDisplayName="Incident" solution="Active" />
        <Dependent type="60" displayName="Information" parentDisplayName="Incident" id="{a58c2822-51b7-4919-b85c-d94204f76f09}" />
      </MissingDependency>
      <MissingDependency>
        <Required type="2" schemaName="ovs_date_declared_completion_dte" displayName="Declared Completion (Legacy)" parentSchemaName="ovs_incident" parentDisplayName="Incident" solution="Active" />
        <Dependent type="60" displayName="Information" parentDisplayName="Incident" id="{a58c2822-51b7-4919-b85c-d94204f76f09}" />
      </MissingDependency>
      <MissingDependency>
        <Required type="2" schemaName="ovs_date_received_dte" displayName="Received" parentSchemaName="ovs_incident" parentDisplayName="Incident" solution="Active" />
        <Dependent type="60" displayName="Information" parentDisplayName="Incident" id="{a58c2822-51b7-4919-b85c-d94204f76f09}" />
      </MissingDependency>
      <MissingDependency>
        <Required type="2" schemaName="ovs_days_2report_num" displayName="Days to Report" parentSchemaName="ovs_incident" parentDisplayName="Incident" solution="Active" />
        <Dependent type="60" displayName="Information" parentDisplayName="Incident" id="{a58c2822-51b7-4919-b85c-d94204f76f09}" />
      </MissingDependency>
      <MissingDependency>
        <Required type="2" schemaName="ovs_destination_txt" displayName="Destination" parentSchemaName="ovs_incident" parentDisplayName="Incident" solution="Active" />
        <Dependent type="60" displayName="Information" parentDisplayName="Incident" id="{a58c2822-51b7-4919-b85c-d94204f76f09}" />
      </MissingDependency>
      <MissingDependency>
        <Required type="2" schemaName="ovs_estimated_temperature_num" displayName="Estimated Temperature(Celcius)" parentSchemaName="ovs_incident" parentDisplayName="Incident" solution="Active" />
        <Dependent type="60" displayName="Information" parentDisplayName="Incident" id="{a58c2822-51b7-4919-b85c-d94204f76f09}" />
      </MissingDependency>
      <MissingDependency>
        <Required type="2" schemaName="ovs_evacuation_due_incident_ind" displayName="Evacuation Due Incident" parentSchemaName="ovs_incident" parentDisplayName="Incident" solution="Active" />
        <Dependent type="60" displayName="Information" parentDisplayName="Incident" id="{a58c2822-51b7-4919-b85c-d94204f76f09}" />
      </MissingDependency>
      <MissingDependency>
        <Required type="2" schemaName="ovs_exception_reason_txt" displayName="Reason for exception" parentSchemaName="ovs_incident" parentDisplayName="Incident" solution="Active" />
        <Dependent type="60" displayName="Information" parentDisplayName="Incident" id="{a58c2822-51b7-4919-b85c-d94204f76f09}" />
      </MissingDependency>
      <MissingDependency>
        <Required type="2" schemaName="ovs_exemption_ind" displayName="Exception/Exemption" parentSchemaName="ovs_incident" parentDisplayName="Incident" solution="Active" />
        <Dependent type="60" displayName="Information" parentDisplayName="Incident" id="{a58c2822-51b7-4919-b85c-d94204f76f09}" />
      </MissingDependency>
      <MissingDependency>
        <Required type="2" schemaName="ovs_facility_type_cd" displayName="Facility Type" parentSchemaName="ovs_incident" parentDisplayName="Incident" solution="Active" />
        <Dependent type="60" displayName="Information" parentDisplayName="Incident" id="{a58c2822-51b7-4919-b85c-d94204f76f09}" />
      </MissingDependency>
      <MissingDependency>
        <Required type="2" schemaName="ovs_fatalities_ind" displayName="Fatalities" parentSchemaName="ovs_incident" parentDisplayName="Incident" solution="Active" />
        <Dependent type="60" displayName="Information" parentDisplayName="Incident" id="{a58c2822-51b7-4919-b85c-d94204f76f09}" />
      </MissingDependency>
      <MissingDependency>
        <Required type="2" schemaName="ovs_geographic_area_cd" displayName="Geographic Area" parentSchemaName="ovs_incident" parentDisplayName="Incident" solution="Active" />
        <Dependent type="60" displayName="Information" parentDisplayName="Incident" id="{a58c2822-51b7-4919-b85c-d94204f76f09}" />
      </MissingDependency>
      <MissingDependency>
        <Required type="2" schemaName="ovs_incident_date_dte" displayName="Incident Date &amp; Time" parentSchemaName="ovs_incident" parentDisplayName="Incident" solution="Active" />
        <Dependent type="60" displayName="Information" parentDisplayName="Incident" id="{a58c2822-51b7-4919-b85c-d94204f76f09}" />
      </MissingDependency>
      <MissingDependency>
        <Required type="2" schemaName="ovs_injuries_ind" displayName="Injuries" parentSchemaName="ovs_incident" parentDisplayName="Incident" solution="Active" />
        <Dependent type="60" displayName="Information" parentDisplayName="Incident" id="{a58c2822-51b7-4919-b85c-d94204f76f09}" />
      </MissingDependency>
      <MissingDependency>
        <Required type="2" schemaName="ovs_latitude_num" displayName="Latitude" parentSchemaName="ovs_incident" parentDisplayName="Incident" solution="Active" />
        <Dependent type="60" displayName="Information" parentDisplayName="Incident" id="{a58c2822-51b7-4919-b85c-d94204f76f09}" />
      </MissingDependency>
      <MissingDependency>
        <Required type="2" schemaName="ovs_longitude_num" displayName="Longitude" parentSchemaName="ovs_incident" parentDisplayName="Incident" solution="Active" />
        <Dependent type="60" displayName="Information" parentDisplayName="Incident" id="{a58c2822-51b7-4919-b85c-d94204f76f09}" />
      </MissingDependency>
      <MissingDependency>
        <Required type="2" schemaName="ovs_loss_theft_ind" displayName="Loss/Theft" parentSchemaName="ovs_incident" parentDisplayName="Incident" solution="Active" />
        <Dependent type="60" displayName="Information" parentDisplayName="Incident" id="{a58c2822-51b7-4919-b85c-d94204f76f09}" />
      </MissingDependency>
      <MissingDependency>
        <Required type="2" schemaName="ovs_mileage_txt" displayName="Mileage" parentSchemaName="ovs_incident" parentDisplayName="Incident" solution="Active" />
        <Dependent type="60" displayName="Information" parentDisplayName="Incident" id="{a58c2822-51b7-4919-b85c-d94204f76f09}" />
      </MissingDependency>
      <MissingDependency>
        <Required type="2" schemaName="ovs_misdeclared_ind" displayName="Misdeclared/Undeclared" parentSchemaName="ovs_incident" parentDisplayName="Incident" solution="Active" />
        <Dependent type="60" displayName="Information" parentDisplayName="Incident" id="{a58c2822-51b7-4919-b85c-d94204f76f09}" />
      </MissingDependency>
      <MissingDependency>
        <Required type="2" schemaName="ovs_moc_capacity_cd" displayName="MOC Capacity" parentSchemaName="ovs_incident" parentDisplayName="Incident" solution="Active" />
        <Dependent type="60" displayName="Information" parentDisplayName="Incident" id="{a58c2822-51b7-4919-b85c-d94204f76f09}" />
      </MissingDependency>
      <MissingDependency>
        <Required type="2" schemaName="ovs_mode_cd" displayName="Mode" parentSchemaName="ovs_incident" parentDisplayName="Incident" solution="Active" />
        <Dependent type="60" displayName="Information" parentDisplayName="Incident" id="{a58c2822-51b7-4919-b85c-d94204f76f09}" />
      </MissingDependency>
      <MissingDependency>
        <Required type="2" schemaName="ovs_name" displayName="Name" parentSchemaName="ovs_incident" parentDisplayName="Incident" solution="Active" />
        <Dependent type="60" displayName="Information" parentDisplayName="Incident" id="{a58c2822-51b7-4919-b85c-d94204f76f09}" />
      </MissingDependency>
      <MissingDependency>
        <Required type="2" schemaName="ovs_origin_txt" displayName="Origin" parentSchemaName="ovs_incident" parentDisplayName="Incident" solution="Active" />
        <Dependent type="60" displayName="Information" parentDisplayName="Incident" id="{a58c2822-51b7-4919-b85c-d94204f76f09}" />
      </MissingDependency>
      <MissingDependency>
        <Required type="2" schemaName="ovs_other_physical_impact_txt" displayName="Other Physical Impact" parentSchemaName="ovs_incident" parentDisplayName="Incident" solution="Active" />
        <Dependent type="60" displayName="Information" parentDisplayName="Incident" id="{a58c2822-51b7-4919-b85c-d94204f76f09}" />
      </MissingDependency>
      <MissingDependency>
        <Required type="2" schemaName="ovs_other_source_txt" displayName="Other Source" parentSchemaName="ovs_incident" parentDisplayName="Incident" solution="Active" />
        <Dependent type="60" displayName="Information" parentDisplayName="Incident" id="{a58c2822-51b7-4919-b85c-d94204f76f09}" />
      </MissingDependency>
      <MissingDependency>
        <Required type="2" schemaName="ovs_phase_cd" displayName="Phase" parentSchemaName="ovs_incident" parentDisplayName="Incident" solution="Active" />
        <Dependent type="60" displayName="Information" parentDisplayName="Incident" id="{a58c2822-51b7-4919-b85c-d94204f76f09}" />
      </MissingDependency>
      <MissingDependency>
        <Required type="2" schemaName="ovs_physical_impact_cds" displayName="Physical Impact" parentSchemaName="ovs_incident" parentDisplayName="Incident" solution="Active" />
        <Dependent type="60" displayName="Information" parentDisplayName="Incident" id="{a58c2822-51b7-4919-b85c-d94204f76f09}" />
      </MissingDependency>
      <MissingDependency>
        <Required type="2" schemaName="ovs_physical_impact_flag_ind" displayName="Physical Impact Flag" parentSchemaName="ovs_incident" parentDisplayName="Incident" solution="Active" />
        <Dependent type="60" displayName="Information" parentDisplayName="Incident" id="{a58c2822-51b7-4919-b85c-d94204f76f09}" />
      </MissingDependency>
      <MissingDependency>
        <Required type="2" schemaName="ovs_pi_damage_ind" displayName="Property &amp; Infrastructure Damage" parentSchemaName="ovs_incident" parentDisplayName="Incident" solution="Active" />
        <Dependent type="60" displayName="Information" parentDisplayName="Incident" id="{a58c2822-51b7-4919-b85c-d94204f76f09}" />
      </MissingDependency>
      <MissingDependency>
        <Required type="2" schemaName="ovs_quarter_lsd_cd" displayName="Quarter / LSD" parentSchemaName="ovs_incident" parentDisplayName="Incident" solution="Active" />
        <Dependent type="60" displayName="Information" parentDisplayName="Incident" id="{a58c2822-51b7-4919-b85c-d94204f76f09}" />
      </MissingDependency>
      <MissingDependency>
        <Required type="2" schemaName="ovs_range_cd" displayName="Range" parentSchemaName="ovs_incident" parentDisplayName="Incident" solution="Active" />
        <Dependent type="60" displayName="Information" parentDisplayName="Incident" id="{a58c2822-51b7-4919-b85c-d94204f76f09}" />
      </MissingDependency>
      <MissingDependency>
        <Required type="2" schemaName="ovs_region_id" displayName="Region" parentSchemaName="ovs_incident" parentDisplayName="Incident" solution="Active" />
        <Dependent type="60" displayName="Information" parentDisplayName="Incident" id="{a58c2822-51b7-4919-b85c-d94204f76f09}" />
      </MissingDependency>
      <MissingDependency>
        <Required type="2" schemaName="ovs_regulatory_scope_ind" displayName="Regulatory Scope" parentSchemaName="ovs_incident" parentDisplayName="Incident" solution="Active" />
        <Dependent type="60" displayName="Information" parentDisplayName="Incident" id="{a58c2822-51b7-4919-b85c-d94204f76f09}" />
      </MissingDependency>
      <MissingDependency>
        <Required type="2" schemaName="ovs_release_ind" displayName="Release" parentSchemaName="ovs_incident" parentDisplayName="Incident" solution="Active" />
        <Dependent type="60" displayName="Information" parentDisplayName="Incident" id="{a58c2822-51b7-4919-b85c-d94204f76f09}" />
      </MissingDependency>
      <MissingDependency>
        <Required type="2" schemaName="ovs_reportable_ind" displayName="Reportable" parentSchemaName="ovs_incident" parentDisplayName="Incident" solution="Active" />
        <Dependent type="60" displayName="Information" parentDisplayName="Incident" id="{a58c2822-51b7-4919-b85c-d94204f76f09}" />
      </MissingDependency>
      <MissingDependency>
        <Required type="2" schemaName="ovs_section_cd" displayName="Section" parentSchemaName="ovs_incident" parentDisplayName="Incident" solution="Active" />
        <Dependent type="60" displayName="Information" parentDisplayName="Incident" id="{a58c2822-51b7-4919-b85c-d94204f76f09}" />
      </MissingDependency>
      <MissingDependency>
        <Required type="2" schemaName="ovs_site_id" displayName="Site" parentSchemaName="ovs_incident" parentDisplayName="Incident" solution="Active" />
        <Dependent type="60" displayName="Information" parentDisplayName="Incident" id="{a58c2822-51b7-4919-b85c-d94204f76f09}" />
      </MissingDependency>
      <MissingDependency>
        <Required type="2" schemaName="ovs_source_cds" displayName="Source" parentSchemaName="ovs_incident" parentDisplayName="Incident" solution="Active" />
        <Dependent type="60" displayName="Information" parentDisplayName="Incident" id="{a58c2822-51b7-4919-b85c-d94204f76f09}" />
      </MissingDependency>
      <MissingDependency>
        <Required type="2" schemaName="ovs_ss_crack_ind" displayName="Stub Sill Crack (Greater than 15cm/6in)" parentSchemaName="ovs_incident" parentDisplayName="Incident" solution="Active" />
        <Dependent type="60" displayName="Information" parentDisplayName="Incident" id="{a58c2822-51b7-4919-b85c-d94204f76f09}" />
      </MissingDependency>
      <MissingDependency>
        <Required type="2" schemaName="ovs_state_province_txt" displayName="State/Province​/Territory" parentSchemaName="ovs_incident" parentDisplayName="Incident" solution="Active" />
        <Dependent type="60" displayName="Information" parentDisplayName="Incident" id="{a58c2822-51b7-4919-b85c-d94204f76f09}" />
      </MissingDependency>
      <MissingDependency>
        <Required type="2" schemaName="ovs_street1_txt" displayName="Street 1" parentSchemaName="ovs_incident" parentDisplayName="Incident" solution="Active" />
        <Dependent type="60" displayName="Information" parentDisplayName="Incident" id="{a58c2822-51b7-4919-b85c-d94204f76f09}" />
      </MissingDependency>
      <MissingDependency>
        <Required type="2" schemaName="ovs_street2_txt" displayName="Street 2" parentSchemaName="ovs_incident" parentDisplayName="Incident" solution="Active" />
        <Dependent type="60" displayName="Information" parentDisplayName="Incident" id="{a58c2822-51b7-4919-b85c-d94204f76f09}" />
      </MissingDependency>
      <MissingDependency>
        <Required type="2" schemaName="ovs_street3_txt" displayName="Street 3" parentSchemaName="ovs_incident" parentDisplayName="Incident" solution="Active" />
        <Dependent type="60" displayName="Information" parentDisplayName="Incident" id="{a58c2822-51b7-4919-b85c-d94204f76f09}" />
      </MissingDependency>
      <MissingDependency>
        <Required type="2" schemaName="ovs_subdivision_txt" displayName="Subdivision" parentSchemaName="ovs_incident" parentDisplayName="Incident" solution="Active" />
        <Dependent type="60" displayName="Information" parentDisplayName="Incident" id="{a58c2822-51b7-4919-b85c-d94204f76f09}" />
      </MissingDependency>
      <MissingDependency>
        <Required type="2" schemaName="ovs_township_cd" displayName="Township" parentSchemaName="ovs_incident" parentDisplayName="Incident" solution="Active" />
        <Dependent type="60" displayName="Information" parentDisplayName="Incident" id="{a58c2822-51b7-4919-b85c-d94204f76f09}" />
      </MissingDependency>
      <MissingDependency>
        <Required type="2" schemaName="ovs_undeclared_release_ind" displayName="Misdeclared/Undeclared without Release" parentSchemaName="ovs_incident" parentDisplayName="Incident" solution="Active" />
        <Dependent type="60" displayName="Information" parentDisplayName="Incident" id="{a58c2822-51b7-4919-b85c-d94204f76f09}" />
      </MissingDependency>
      <MissingDependency>
        <Required type="2" schemaName="ovs_vandalism_terrorism_ind" displayName="Vandalism/Terrorism" parentSchemaName="ovs_incident" parentDisplayName="Incident" solution="Active" />
        <Dependent type="60" displayName="Information" parentDisplayName="Incident" id="{a58c2822-51b7-4919-b85c-d94204f76f09}" />
      </MissingDependency>
      <MissingDependency>
        <Required type="2" schemaName="ovs_weather_cd" displayName="Weather" parentSchemaName="ovs_incident" parentDisplayName="Incident" solution="Active" />
        <Dependent type="60" displayName="Information" parentDisplayName="Incident" id="{a58c2822-51b7-4919-b85c-d94204f76f09}" />
      </MissingDependency>
      <MissingDependency>
        <Required type="2" schemaName="ovs_zip_postalcode_txt" displayName="ZIP/Postal Code" parentSchemaName="ovs_incident" parentDisplayName="Incident" solution="Active" />
        <Dependent type="60" displayName="Information" parentDisplayName="Incident" id="{a58c2822-51b7-4919-b85c-d94204f76f09}" />
      </MissingDependency>
      <MissingDependency>
        <Required type="2" schemaName="ownerid" displayName="Owner" parentSchemaName="ovs_incident" parentDisplayName="Incident" solution="Active" />
        <Dependent type="60" displayName="Information" parentDisplayName="Incident" id="{a58c2822-51b7-4919-b85c-d94204f76f09}" />
      </MissingDependency>
      <MissingDependency>
        <Required type="2" schemaName="ovs_aar_certificateof_construction_number_txt" displayName="AAR Certificate of Construction Number" parentSchemaName="ovs_moc" parentDisplayName="MOC" solution="Active" />
        <Dependent type="60" displayName="Information" parentDisplayName="MOC" id="{ab7a68cf-1d72-4c50-a098-b985866dadf1}" />
      </MissingDependency>
      <MissingDependency>
        <Required type="2" schemaName="ovs_capacity_txt" displayName="Capacity" parentSchemaName="ovs_moc" parentDisplayName="MOC" solution="Active" />
        <Dependent type="60" displayName="Information" parentDisplayName="MOC" id="{ab7a68cf-1d72-4c50-a098-b985866dadf1}" />
      </MissingDependency>
      <MissingDependency>
        <Required type="2" schemaName="ovs_certification_date_dte" displayName="Certification Date" parentSchemaName="ovs_moc" parentDisplayName="MOC" solution="Active" />
        <Dependent type="60" displayName="Information" parentDisplayName="MOC" id="{ab7a68cf-1d72-4c50-a098-b985866dadf1}" />
      </MissingDependency>
      <MissingDependency>
        <Required type="2" schemaName="ovs_city_txt" displayName="City" parentSchemaName="ovs_moc" parentDisplayName="MOC" solution="Active" />
        <Dependent type="60" displayName="Information" parentDisplayName="MOC" id="{ab7a68cf-1d72-4c50-a098-b985866dadf1}" />
      </MissingDependency>
      <MissingDependency>
        <Required type="2" schemaName="ovs_container_qualification_date_dte" displayName="Container Qualification Date" parentSchemaName="ovs_moc" parentDisplayName="MOC" solution="Active" />
        <Dependent type="60" displayName="Information" parentDisplayName="MOC" id="{ab7a68cf-1d72-4c50-a098-b985866dadf1}" />
      </MissingDependency>
      <MissingDependency>
        <Required type="2" schemaName="ovs_country_cd" displayName="Country" parentSchemaName="ovs_moc" parentDisplayName="MOC" solution="Active" />
        <Dependent type="60" displayName="Information" parentDisplayName="MOC" id="{ab7a68cf-1d72-4c50-a098-b985866dadf1}" />
      </MissingDependency>
      <MissingDependency>
        <Required type="2" schemaName="ovs_damage_ind" displayName="Damage" parentSchemaName="ovs_moc" parentDisplayName="MOC" solution="Active" />
        <Dependent type="60" displayName="Information" parentDisplayName="MOC" id="{ab7a68cf-1d72-4c50-a098-b985866dadf1}" />
      </MissingDependency>
      <MissingDependency>
        <Required type="2" schemaName="ovs_damage_location_cds" displayName="Damage Location" parentSchemaName="ovs_moc" parentDisplayName="MOC" solution="Active" />
        <Dependent type="60" displayName="Information" parentDisplayName="MOC" id="{ab7a68cf-1d72-4c50-a098-b985866dadf1}" />
      </MissingDependency>
      <MissingDependency>
        <Required type="2" schemaName="ovs_damage_type_cds" displayName="Damage Type" parentSchemaName="ovs_moc" parentDisplayName="MOC" solution="Active" />
        <Dependent type="60" displayName="Information" parentDisplayName="MOC" id="{ab7a68cf-1d72-4c50-a098-b985866dadf1}" />
      </MissingDependency>
      <MissingDependency>
        <Required type="2" schemaName="ovs_date_manufactured_dte" displayName="Date Manufactured" parentSchemaName="ovs_moc" parentDisplayName="MOC" solution="Active" />
        <Dependent type="60" displayName="Information" parentDisplayName="MOC" id="{ab7a68cf-1d72-4c50-a098-b985866dadf1}" />
      </MissingDependency>
      <MissingDependency>
        <Required type="2" schemaName="ovs_date_of_modification_dte" displayName="Date of Modification" parentSchemaName="ovs_moc" parentDisplayName="MOC" solution="Active" />
        <Dependent type="60" displayName="Information" parentDisplayName="MOC" id="{ab7a68cf-1d72-4c50-a098-b985866dadf1}" />
      </MissingDependency>
      <MissingDependency>
        <Required type="2" schemaName="ovs_dot_exemption_number_num" displayName="DOT Exemption Number (DOT-E)" parentSchemaName="ovs_moc" parentDisplayName="MOC" solution="Active" />
        <Dependent type="60" displayName="Information" parentDisplayName="MOC" id="{ab7a68cf-1d72-4c50-a098-b985866dadf1}" />
      </MissingDependency>
      <MissingDependency>
        <Required type="2" schemaName="ovs_dot_special_permit_number_num" displayName="DOT Special Permit Number(DOT SP)" parentSchemaName="ovs_moc" parentDisplayName="MOC" solution="Active" />
        <Dependent type="60" displayName="Information" parentDisplayName="MOC" id="{ab7a68cf-1d72-4c50-a098-b985866dadf1}" />
      </MissingDependency>
      <MissingDependency>
        <Required type="2" schemaName="ovs_erap_number_txt" displayName="ERAP Number" parentSchemaName="ovs_moc" parentDisplayName="MOC" solution="Active" />
        <Dependent type="60" displayName="Information" parentDisplayName="MOC" id="{ab7a68cf-1d72-4c50-a098-b985866dadf1}" />
      </MissingDependency>
      <MissingDependency>
        <Required type="2" schemaName="ovs_incident_report_id" displayName="Incident Report" parentSchemaName="ovs_moc" parentDisplayName="MOC" solution="Active" />
        <Dependent type="60" displayName="Information" parentDisplayName="MOC" id="{ab7a68cf-1d72-4c50-a098-b985866dadf1}" />
      </MissingDependency>
      <MissingDependency>
        <Required type="2" schemaName="ovs_load_limit_txt" displayName="Load Limit" parentSchemaName="ovs_moc" parentDisplayName="MOC" solution="Active" />
        <Dependent type="60" displayName="Information" parentDisplayName="MOC" id="{ab7a68cf-1d72-4c50-a098-b985866dadf1}" />
      </MissingDependency>
      <MissingDependency>
        <Required type="2" schemaName="ovs_manufacturer_txt" displayName="Manufacturer" parentSchemaName="ovs_moc" parentDisplayName="MOC" solution="Active" />
        <Dependent type="60" displayName="Information" parentDisplayName="MOC" id="{ab7a68cf-1d72-4c50-a098-b985866dadf1}" />
      </MissingDependency>
      <MissingDependency>
        <Required type="2" schemaName="ovs_manufacturing_facility_location_txt" displayName="Manufacturing Facility Location" parentSchemaName="ovs_moc" parentDisplayName="MOC" solution="Active" />
        <Dependent type="60" displayName="Information" parentDisplayName="MOC" id="{ab7a68cf-1d72-4c50-a098-b985866dadf1}" />
      </MissingDependency>
      <MissingDependency>
        <Required type="2" schemaName="ovs_maximum_allowable_working_pressure_txt" displayName="Maximum Allowable Working Pressure(MAWTP) or Design Pressure" parentSchemaName="ovs_moc" parentDisplayName="MOC" solution="Active" />
        <Dependent type="60" displayName="Information" parentDisplayName="MOC" id="{ab7a68cf-1d72-4c50-a098-b985866dadf1}" />
      </MissingDependency>
      <MissingDependency>
        <Required type="2" schemaName="ovs_moc_built_in_canada_ind" displayName="MOC Built in Canada?" parentSchemaName="ovs_moc" parentDisplayName="MOC" solution="Active" />
        <Dependent type="60" displayName="Information" parentDisplayName="MOC" id="{ab7a68cf-1d72-4c50-a098-b985866dadf1}" />
      </MissingDependency>
      <MissingDependency>
        <Required type="2" schemaName="ovs_moc_form_cd" displayName="MOC Form" parentSchemaName="ovs_moc" parentDisplayName="MOC" solution="Active" />
        <Dependent type="60" displayName="Information" parentDisplayName="MOC" id="{ab7a68cf-1d72-4c50-a098-b985866dadf1}" />
      </MissingDependency>
      <MissingDependency>
        <Required type="2" schemaName="ovs_n_of_units_num" displayName="No. of Units" parentSchemaName="ovs_moc" parentDisplayName="MOC" solution="Active" />
        <Dependent type="60" displayName="Information" parentDisplayName="MOC" id="{ab7a68cf-1d72-4c50-a098-b985866dadf1}" />
      </MissingDependency>
      <MissingDependency>
        <Required type="2" schemaName="ovs_name" displayName="Name" parentSchemaName="ovs_moc" parentDisplayName="MOC" solution="Active" />
        <Dependent type="60" displayName="Information" parentDisplayName="MOC" id="{ab7a68cf-1d72-4c50-a098-b985866dadf1}" />
      </MissingDependency>
      <MissingDependency>
        <Required type="2" schemaName="ovs_other_code_txt" displayName="Other Code" parentSchemaName="ovs_moc" parentDisplayName="MOC" solution="Active" />
        <Dependent type="60" displayName="Information" parentDisplayName="MOC" id="{ab7a68cf-1d72-4c50-a098-b985866dadf1}" />
      </MissingDependency>
      <MissingDependency>
        <Required type="2" schemaName="ovs_other_damage_location_txt" displayName="Other Damage Location" parentSchemaName="ovs_moc" parentDisplayName="MOC" solution="Active" />
        <Dependent type="60" displayName="Information" parentDisplayName="MOC" id="{ab7a68cf-1d72-4c50-a098-b985866dadf1}" />
      </MissingDependency>
      <MissingDependency>
        <Required type="2" schemaName="ovs_other_damage_txt" displayName="Other Damage Type" parentSchemaName="ovs_moc" parentDisplayName="MOC" solution="Active" />
        <Dependent type="60" displayName="Information" parentDisplayName="MOC" id="{ab7a68cf-1d72-4c50-a098-b985866dadf1}" />
      </MissingDependency>
      <MissingDependency>
        <Required type="2" schemaName="ovs_postalcode_zipcode_txt" displayName="Postal Code/Zip Code" parentSchemaName="ovs_moc" parentDisplayName="MOC" solution="Active" />
        <Dependent type="60" displayName="Information" parentDisplayName="MOC" id="{ab7a68cf-1d72-4c50-a098-b985866dadf1}" />
      </MissingDependency>
      <MissingDependency>
        <Required type="2" schemaName="ovs_pressure_relief_device_typeandsetting_txt" displayName="Pressure Relief Device Type and Setting" parentSchemaName="ovs_moc" parentDisplayName="MOC" solution="Active" />
        <Dependent type="60" displayName="Information" parentDisplayName="MOC" id="{ab7a68cf-1d72-4c50-a098-b985866dadf1}" />
      </MissingDependency>
      <MissingDependency>
        <Required type="2" schemaName="ovs_province_territory_cd" displayName="Province / Territory" parentSchemaName="ovs_moc" parentDisplayName="MOC" solution="Active" />
        <Dependent type="60" displayName="Information" parentDisplayName="MOC" id="{ab7a68cf-1d72-4c50-a098-b985866dadf1}" />
      </MissingDependency>
      <MissingDependency>
        <Required type="2" schemaName="ovs_release_ind" displayName="Release" parentSchemaName="ovs_moc" parentDisplayName="MOC" solution="Active" />
        <Dependent type="60" displayName="Information" parentDisplayName="MOC" id="{ab7a68cf-1d72-4c50-a098-b985866dadf1}" />
      </MissingDependency>
      <MissingDependency>
        <Required type="2" schemaName="ovs_release_location_mcd" displayName="Release Location" parentSchemaName="ovs_moc" parentDisplayName="MOC" solution="Active" />
        <Dependent type="60" displayName="Information" parentDisplayName="MOC" id="{ab7a68cf-1d72-4c50-a098-b985866dadf1}" />
      </MissingDependency>
      <MissingDependency>
        <Required type="2" schemaName="ovs_release_location_other_txt" displayName="Other Release Location" parentSchemaName="ovs_moc" parentDisplayName="MOC" solution="Active" />
        <Dependent type="60" displayName="Information" parentDisplayName="MOC" id="{ab7a68cf-1d72-4c50-a098-b985866dadf1}" />
      </MissingDependency>
      <MissingDependency>
        <Required type="2" schemaName="ovs_released_quantity_num" displayName="Released Quantity" parentSchemaName="ovs_moc" parentDisplayName="MOC" solution="Active" />
        <Dependent type="60" displayName="Information" parentDisplayName="MOC" id="{ab7a68cf-1d72-4c50-a098-b985866dadf1}" />
      </MissingDependency>
      <MissingDependency>
        <Required type="2" schemaName="ovs_reportable_moc_ind" displayName="Reportable MoC" parentSchemaName="ovs_moc" parentDisplayName="MOC" solution="Active" />
        <Dependent type="60" displayName="Information" parentDisplayName="MOC" id="{ab7a68cf-1d72-4c50-a098-b985866dadf1}" />
      </MissingDependency>
      <MissingDependency>
        <Required type="2" schemaName="ovs_service_equipment_qualification_date_dte" displayName="Service Equipment Qualification Date" parentSchemaName="ovs_moc" parentDisplayName="MOC" solution="Active" />
        <Dependent type="60" displayName="Information" parentDisplayName="MOC" id="{ab7a68cf-1d72-4c50-a098-b985866dadf1}" />
      </MissingDependency>
      <MissingDependency>
        <Required type="2" schemaName="ovs_specification_id" displayName="Specification" parentSchemaName="ovs_moc" parentDisplayName="MOC" solution="Active" />
        <Dependent type="60" displayName="Information" parentDisplayName="MOC" id="{ab7a68cf-1d72-4c50-a098-b985866dadf1}" />
      </MissingDependency>
      <MissingDependency>
        <Required type="2" schemaName="ovs_state_cd" displayName="State" parentSchemaName="ovs_moc" parentDisplayName="MOC" solution="Active" />
        <Dependent type="60" displayName="Information" parentDisplayName="MOC" id="{ab7a68cf-1d72-4c50-a098-b985866dadf1}" />
      </MissingDependency>
      <MissingDependency>
        <Required type="2" schemaName="ovs_tank_assembler_txt" displayName="Tank Assembler" parentSchemaName="ovs_moc" parentDisplayName="MOC" solution="Active" />
        <Dependent type="60" displayName="Information" parentDisplayName="MOC" id="{ab7a68cf-1d72-4c50-a098-b985866dadf1}" />
      </MissingDependency>
      <MissingDependency>
        <Required type="2" schemaName="ovs_tank_capacity_of_each_compartment_txt" displayName="Tank Capacity of Each Compartment" parentSchemaName="ovs_moc" parentDisplayName="MOC" solution="Active" />
        <Dependent type="60" displayName="Information" parentDisplayName="MOC" id="{ab7a68cf-1d72-4c50-a098-b985866dadf1}" />
      </MissingDependency>
      <MissingDependency>
        <Required type="2" schemaName="ovs_tank_car_manufacturer_txt" displayName="Tank Car Manufacturer" parentSchemaName="ovs_moc" parentDisplayName="MOC" solution="Active" />
        <Dependent type="60" displayName="Information" parentDisplayName="MOC" id="{ab7a68cf-1d72-4c50-a098-b985866dadf1}" />
      </MissingDependency>
      <MissingDependency>
        <Required type="2" schemaName="ovs_tank_manufacturer_txt" displayName="Tank Manufacturer" parentSchemaName="ovs_moc" parentDisplayName="MOC" solution="Active" />
        <Dependent type="60" displayName="Information" parentDisplayName="MOC" id="{ab7a68cf-1d72-4c50-a098-b985866dadf1}" />
      </MissingDependency>
      <MissingDependency>
        <Required type="2" schemaName="ovs_tank_modifier_txt" displayName="Tank Modifier" parentSchemaName="ovs_moc" parentDisplayName="MOC" solution="Active" />
        <Dependent type="60" displayName="Information" parentDisplayName="MOC" id="{ab7a68cf-1d72-4c50-a098-b985866dadf1}" />
      </MissingDependency>
      <MissingDependency>
        <Required type="2" schemaName="ovs_tank_qualification_date_dte" displayName="Tank Qualification Date" parentSchemaName="ovs_moc" parentDisplayName="MOC" solution="Active" />
        <Dependent type="60" displayName="Information" parentDisplayName="MOC" id="{ab7a68cf-1d72-4c50-a098-b985866dadf1}" />
      </MissingDependency>
      <MissingDependency>
        <Required type="2" schemaName="ovs_tank_serial_number_txt" displayName="Tank Serial Number" parentSchemaName="ovs_moc" parentDisplayName="MOC" solution="Active" />
        <Dependent type="60" displayName="Information" parentDisplayName="MOC" id="{ab7a68cf-1d72-4c50-a098-b985866dadf1}" />
      </MissingDependency>
      <MissingDependency>
        <Required type="2" schemaName="ovs_tank_vehicle_configuration_txt" displayName="Tank Vehicle Configuration" parentSchemaName="ovs_moc" parentDisplayName="MOC" solution="Active" />
        <Dependent type="60" displayName="Information" parentDisplayName="MOC" id="{ab7a68cf-1d72-4c50-a098-b985866dadf1}" />
      </MissingDependency>
      <MissingDependency>
        <Required type="2" schemaName="ovs_tare_weight_txt" displayName="Tare Weight" parentSchemaName="ovs_moc" parentDisplayName="MOC" solution="Active" />
        <Dependent type="60" displayName="Information" parentDisplayName="MOC" id="{ab7a68cf-1d72-4c50-a098-b985866dadf1}" />
      </MissingDependency>
      <MissingDependency>
        <Required type="2" schemaName="ovs_tc_equivalency_certificate_number_txt" displayName="TC Equivalency Certificate Number" parentSchemaName="ovs_moc" parentDisplayName="MOC" solution="Active" />
        <Dependent type="60" displayName="Information" parentDisplayName="MOC" id="{ab7a68cf-1d72-4c50-a098-b985866dadf1}" />
      </MissingDependency>
      <MissingDependency>
        <Required type="2" schemaName="ovs_tcequivalence_certificatepermitnumber_txt" displayName="TC Equivalence Certificate(Permit) Number" parentSchemaName="ovs_moc" parentDisplayName="MOC" solution="Active" />
        <Dependent type="60" displayName="Information" parentDisplayName="MOC" id="{ab7a68cf-1d72-4c50-a098-b985866dadf1}" />
      </MissingDependency>
      <MissingDependency>
        <Required type="2" schemaName="ovs_test_date_dte" displayName="Test Date" parentSchemaName="ovs_moc" parentDisplayName="MOC" solution="Active" />
        <Dependent type="60" displayName="Information" parentDisplayName="MOC" id="{ab7a68cf-1d72-4c50-a098-b985866dadf1}" />
      </MissingDependency>
      <MissingDependency>
        <Required type="2" schemaName="ovs_test_inspection_markings_txt" displayName="Test/Inspection Markings" parentSchemaName="ovs_moc" parentDisplayName="MOC" solution="Active" />
        <Dependent type="60" displayName="Information" parentDisplayName="MOC" id="{ab7a68cf-1d72-4c50-a098-b985866dadf1}" />
      </MissingDependency>
      <MissingDependency>
        <Required type="2" schemaName="ovs_transport_canada_registration_number_txt" displayName="Transport Canada Registration Number(TCRN); or Manufacturer Design Identification Number(MIDIN)" parentSchemaName="ovs_moc" parentDisplayName="MOC" solution="Active" />
        <Dependent type="60" displayName="Information" parentDisplayName="MOC" id="{ab7a68cf-1d72-4c50-a098-b985866dadf1}" />
      </MissingDependency>
      <MissingDependency>
        <Required type="2" schemaName="ovs_transported_quantity_num" displayName="Transported Quantity" parentSchemaName="ovs_moc" parentDisplayName="MOC" solution="Active" />
        <Dependent type="60" displayName="Information" parentDisplayName="MOC" id="{ab7a68cf-1d72-4c50-a098-b985866dadf1}" />
      </MissingDependency>
      <MissingDependency>
        <Required type="2" schemaName="ovs_un_number_id" displayName="UN Number" parentSchemaName="ovs_moc" parentDisplayName="MOC" solution="Active" />
        <Dependent type="60" displayName="Information" parentDisplayName="MOC" id="{ab7a68cf-1d72-4c50-a098-b985866dadf1}" />
      </MissingDependency>
      <MissingDependency>
        <Required type="2" schemaName="ovs_underframe_stub_sill_type_txt" displayName="Underframe/Stub Sill Type" parentSchemaName="ovs_moc" parentDisplayName="MOC" solution="Active" />
        <Dependent type="60" displayName="Information" parentDisplayName="MOC" id="{ab7a68cf-1d72-4c50-a098-b985866dadf1}" />
      </MissingDependency>
      <MissingDependency>
        <Required type="2" schemaName="ovs_units" displayName="Units" parentSchemaName="ovs_moc" parentDisplayName="MOC" solution="Active" />
        <Dependent type="60" displayName="Information" parentDisplayName="MOC" id="{ab7a68cf-1d72-4c50-a098-b985866dadf1}" />
      </MissingDependency>
      <MissingDependency>
        <Required type="2" schemaName="ovs_vehicle_configuration_cd" displayName="Vehicle Configuration" parentSchemaName="ovs_moc" parentDisplayName="MOC" solution="Active" />
        <Dependent type="60" displayName="Information" parentDisplayName="MOC" id="{ab7a68cf-1d72-4c50-a098-b985866dadf1}" />
      </MissingDependency>
      <MissingDependency>
        <Required type="2" schemaName="ovs_vehicle_type_cd" displayName="Vehicle Type" parentSchemaName="ovs_moc" parentDisplayName="MOC" solution="Active" />
        <Dependent type="60" displayName="Information" parentDisplayName="MOC" id="{ab7a68cf-1d72-4c50-a098-b985866dadf1}" />
      </MissingDependency>
      <MissingDependency>
        <Required type="2" schemaName="ownerid" displayName="Owner" parentSchemaName="ovs_moc" parentDisplayName="MOC" solution="Active" />
        <Dependent type="60" displayName="Information" parentDisplayName="MOC" id="{ab7a68cf-1d72-4c50-a098-b985866dadf1}" />
      </MissingDependency>
      <MissingDependency>
        <Required type="20" displayName="Incident Analyst" solution="Active" id="{dcd94023-b82c-ef11-8e50-000d3a0c4626}" />
        <Dependent type="60" displayName="Information" parentDisplayName="Incident" id="{a58c2822-51b7-4919-b85c-d94204f76f09}" />
      </MissingDependency>
      <MissingDependency>
        <Required type="20" displayName="Incident Analyst" solution="Active" id="{dcd94023-b82c-ef11-8e50-000d3a0c4626}" />
        <Dependent type="80" schemaName="ovs_TDGIncidentsIncidentsTMD" displayName="TDG Incidents / Incidents TMD" />
      </MissingDependency>
      <MissingDependency>
        <Required type="26" schemaName="CID Portal - Validation - Sites" displayName="CID Portal - Validation - Sites" parentSchemaName="account" parentDisplayName="Account" solution="Active" id="{048f4d4f-c892-ec11-b3fe-000d3a0c187c}" />
        <Dependent type="60" displayName="Information" parentDisplayName="Incident" id="{a58c2822-51b7-4919-b85c-d94204f76f09}" />
      </MissingDependency>
      <MissingDependency>
        <Required type="26" schemaName="All Contacts" displayName="All Contacts" parentSchemaName="contact" parentDisplayName="Contact" solution="msdynce_AppCommon (9.0.4.0066)" id="{0d5d377b-5e7c-47b5-bab1-a5cb8b4ac105}">
          <package>msdynce_AppCommonAnchor (9.0.24083.10001)</package>
        </Required>
        <Dependent type="80" schemaName="ovs_TDGIncidentsIncidentsTMD" displayName="TDG Incidents / Incidents TMD" />
      </MissingDependency>
      <MissingDependency>
        <Required type="26" schemaName="Service Account" displayName="Service Account" parentSchemaName="account" parentDisplayName="Account" solution="FieldService (8.8.0.88)" id="{0f928982-20d3-e811-815b-000d3afd1036}">
          <package>FieldService_Anchor (8.8.124.20)</package>
        </Required>
        <Dependent type="60" displayName="Information" parentDisplayName="Incident" id="{a58c2822-51b7-4919-b85c-d94204f76f09}" />
      </MissingDependency>
      <MissingDependency>
        <Required type="26" schemaName="CID Portal - In year Company Sites" displayName="CID Portal - In year Company Sites" parentSchemaName="account" parentDisplayName="Account" solution="Active" id="{153aa606-2043-ed11-bba3-0022483d0343}" />
        <Dependent type="60" displayName="Information" parentDisplayName="Incident" id="{a58c2822-51b7-4919-b85c-d94204f76f09}" />
      </MissingDependency>
      <MissingDependency>
        <Required type="26" schemaName="Support Request Advanced Find View" displayName="Support Request Advanced Find View" parentSchemaName="ovs_supportrequest" parentDisplayName="Support Request" solution="Active" id="{1dc074b9-e8e4-470c-9a17-ff58d823a630}" />
        <Dependent type="80" schemaName="ovs_TDGIncidentsIncidentsTMD" displayName="TDG Incidents / Incidents TMD" />
      </MissingDependency>
      <MissingDependency>
        <Required type="26" schemaName="All Associated Sites" displayName="All Associated Sites" parentSchemaName="account" parentDisplayName="Account" solution="Active" id="{2225cdfb-321f-ee11-9966-0022483d0343}" />
        <Dependent type="60" displayName="Information" parentDisplayName="Incident" id="{a58c2822-51b7-4919-b85c-d94204f76f09}" />
      </MissingDependency>
      <MissingDependency>
        <Required type="26" schemaName="My Region's Inactive Sites" displayName="My Region's Inactive Sites" parentSchemaName="account" parentDisplayName="Account" solution="Active" id="{2253be98-5ad4-eb11-bacc-000d3af38cd4}" />
        <Dependent type="60" displayName="Information" parentDisplayName="Incident" id="{a58c2822-51b7-4919-b85c-d94204f76f09}" />
      </MissingDependency>
      <MissingDependency>
        <Required type="26" schemaName="CID - Parent Organizations (ROM &amp; CID)" displayName="CID - Parent Organizations (ROM &amp; CID)" parentSchemaName="account" parentDisplayName="Account" solution="Active" id="{27025ebd-1817-ed11-b83f-000d3a84cfdd}" />
        <Dependent type="60" displayName="Information" parentDisplayName="Incident" id="{a58c2822-51b7-4919-b85c-d94204f76f09}" />
      </MissingDependency>
      <MissingDependency>
        <Required type="26" schemaName="CID Account Associated View" displayName="CID Account Associated View" parentSchemaName="account" parentDisplayName="Account" solution="Active" id="{28d5ab71-642a-ee11-bdf4-0022483d0c87}" />
        <Dependent type="60" displayName="Information" parentDisplayName="Incident" id="{a58c2822-51b7-4919-b85c-d94204f76f09}" />
      </MissingDependency>
      <MissingDependency>
        <Required type="26" schemaName="Inactive Invitations" displayName="Inactive Invitations" parentSchemaName="ovs_invitation" parentDisplayName="Invitation" solution="Active" id="{301e7af2-7676-4e90-90dd-100be894a4b7}" />
        <Dependent type="80" schemaName="ovs_TDGIncidentsIncidentsTMD" displayName="TDG Incidents / Incidents TMD" />
      </MissingDependency>
      <MissingDependency>
        <Required type="26" schemaName="CRS Active Accounts" displayName="CRS Active Accounts" parentSchemaName="account" parentDisplayName="Account" solution="Active" id="{37150390-5002-ef11-9f89-002248b0d3d6}" />
        <Dependent type="60" displayName="Information" parentDisplayName="Incident" id="{a58c2822-51b7-4919-b85c-d94204f76f09}" />
      </MissingDependency>
      <MissingDependency>
        <Required type="26" schemaName="Incident grid - Active Incident Reports " displayName="Incident grid - Active Incident Reports " parentSchemaName="ovs_incident_report" parentDisplayName="Incident Report" solution="Active" id="{386bccfe-f869-ef11-a671-000d3a843b46}" />
        <Dependent type="60" displayName="Information" parentDisplayName="Incident" id="{a58c2822-51b7-4919-b85c-d94204f76f09}" />
      </MissingDependency>
      <MissingDependency>
        <Required type="26" schemaName="CID Portal - Validation - Unclaimed Sites" displayName="CID Portal - Validation - Unclaimed Sites" parentSchemaName="account" parentDisplayName="Account" solution="Active" id="{3fffabcb-74c0-ec11-983e-0022483db9d8}" />
        <Dependent type="60" displayName="Information" parentDisplayName="Incident" id="{a58c2822-51b7-4919-b85c-d94204f76f09}" />
      </MissingDependency>
      <MissingDependency>
        <Required type="26" schemaName="DGAIS Active Invitations" displayName="DGAIS Active Invitations" parentSchemaName="ovs_invitation" parentDisplayName="Invitation" solution="Active" id="{400d5f47-3e4f-ef11-accd-0022483bb3a9}" />
        <Dependent type="80" schemaName="ovs_TDGIncidentsIncidentsTMD" displayName="TDG Incidents / Incidents TMD" />
      </MissingDependency>
      <MissingDependency>
        <Required type="26" schemaName="CID Portal - OData - Parent Companies" displayName="CID Portal - OData - Parent Companies" parentSchemaName="account" parentDisplayName="Account" solution="Active" id="{40662d0e-d694-ec11-b3fe-000d3a0c829e}" />
        <Dependent type="60" displayName="Information" parentDisplayName="Incident" id="{a58c2822-51b7-4919-b85c-d94204f76f09}" />
      </MissingDependency>
      <MissingDependency>
        <Required type="26" schemaName="My Active Accounts by Relationship" displayName="My Active Accounts by Relationship" parentSchemaName="account" parentDisplayName="Account" solution="RelationshipAnalytics (9.0.24083.10001)" id="{4bfea08c-9a4d-e611-80fc-0024e84720c6}">
          <package>msdynce_SalesInsightsAnchor (9.0.24083.10006)</package>
        </Required>
        <Dependent type="60" displayName="Information" parentDisplayName="Incident" id="{a58c2822-51b7-4919-b85c-d94204f76f09}" />
      </MissingDependency>
      <MissingDependency>
        <Required type="26" schemaName="Invitation Associated View" displayName="Invitation Associated View" parentSchemaName="ovs_invitation" parentDisplayName="Invitation" solution="Active" id="{4cd8a034-b1e4-4225-9637-808f143a1bb7}" />
        <Dependent type="80" schemaName="ovs_TDGIncidentsIncidentsTMD" displayName="TDG Incidents / Incidents TMD" />
      </MissingDependency>
      <MissingDependency>
        <Required type="26" schemaName="Transportation of Dangerous Goods" displayName="Transportation of Dangerous Goods" parentSchemaName="account" parentDisplayName="Account" solution="Active" id="{57962920-5929-eb11-a813-000d3af3a7a7}" />
        <Dependent type="60" displayName="Information" parentDisplayName="Incident" id="{a58c2822-51b7-4919-b85c-d94204f76f09}" />
      </MissingDependency>
      <MissingDependency>
        <Required type="26" schemaName="Accounts I Follow" displayName="Accounts I Follow" parentSchemaName="account" parentDisplayName="Account" solution="Active" id="{61273827-328e-e011-95ae-00155d9cfa02}" />
        <Dependent type="60" displayName="Information" parentDisplayName="Incident" id="{a58c2822-51b7-4919-b85c-d94204f76f09}" />
      </MissingDependency>
      <MissingDependency>
        <Required type="26" schemaName="Accounts Being Followed" displayName="Accounts Being Followed" parentSchemaName="account" parentDisplayName="Account" solution="Active" id="{61273827-328e-e011-95ae-00155d9cfa03}" />
        <Dependent type="60" displayName="Information" parentDisplayName="Incident" id="{a58c2822-51b7-4919-b85c-d94204f76f09}" />
      </MissingDependency>
      <MissingDependency>
        <Required type="26" schemaName="All Sites" displayName="All Sites" parentSchemaName="account" parentDisplayName="Account" solution="Active" id="{631f1f30-1bff-ed11-8f6d-0022483d0343}" />
        <Dependent type="60" displayName="Information" parentDisplayName="Incident" id="{a58c2822-51b7-4919-b85c-d94204f76f09}" />
      </MissingDependency>
      <MissingDependency>
        <Required type="26" schemaName="All Sites" displayName="All Sites" parentSchemaName="account" parentDisplayName="Account" solution="Active" id="{631f1f30-1bff-ed11-8f6d-0022483d0343}" />
        <Dependent type="80" schemaName="ovs_TDGIncidentsIncidentsTMD" displayName="TDG Incidents / Incidents TMD" />
      </MissingDependency>
      <MissingDependency>
        <Required type="26" schemaName="All Accounts" displayName="All Accounts" parentSchemaName="account" parentDisplayName="Account" solution="msdynce_AppCommon (9.0.4.0066)" id="{65ffaf9a-e8c5-432d-860b-32f841b00d87}">
          <package>msdynce_AppCommonAnchor (9.0.24083.10001)</package>
        </Required>
        <Dependent type="60" displayName="Information" parentDisplayName="Incident" id="{a58c2822-51b7-4919-b85c-d94204f76f09}" />
      </MissingDependency>
      <MissingDependency>
        <Required type="26" schemaName="Quick Find Active Support Requests" displayName="Quick Find Active Support Requests" parentSchemaName="ovs_supportrequest" parentDisplayName="Support Request" solution="Active" id="{6a94cfdf-2549-4143-91aa-a68ac73b4ab5}" />
        <Dependent type="80" schemaName="ovs_TDGIncidentsIncidentsTMD" displayName="TDG Incidents / Incidents TMD" />
      </MissingDependency>
      <MissingDependency>
        <Required type="26" schemaName="CID - Not Claim Sites" displayName="CID - Not Claim Sites" parentSchemaName="account" parentDisplayName="Account" solution="Active" id="{6e812d65-8725-ec11-b6e6-0022483cb5cd}" />
        <Dependent type="60" displayName="Information" parentDisplayName="Incident" id="{a58c2822-51b7-4919-b85c-d94204f76f09}" />
      </MissingDependency>
      <MissingDependency>
        <Required type="26" schemaName="Account Lookup View - Organizations" displayName="Account Lookup View - Organizations" parentSchemaName="account" parentDisplayName="Account" solution="Active" id="{71537ab2-06cd-ee11-9079-0022483cceb8}" />
        <Dependent type="60" displayName="Information" parentDisplayName="Incident" id="{a58c2822-51b7-4919-b85c-d94204f76f09}" />
      </MissingDependency>
      <MissingDependency>
        <Required type="26" schemaName="Support Request Associated View" displayName="Support Request Associated View" parentSchemaName="ovs_supportrequest" parentDisplayName="Support Request" solution="Active" id="{716d0412-9552-4b98-b77d-d37df4f62a6c}" />
        <Dependent type="80" schemaName="ovs_TDGIncidentsIncidentsTMD" displayName="TDG Incidents / Incidents TMD" />
      </MissingDependency>
      <MissingDependency>
        <Required type="26" schemaName="All Organizations" displayName="All Organizations" parentSchemaName="account" parentDisplayName="Account" solution="Active" id="{74bbeebe-f9fe-ed11-8f6d-0022483e130e}" />
        <Dependent type="60" displayName="Information" parentDisplayName="Incident" id="{a58c2822-51b7-4919-b85c-d94204f76f09}" />
      </MissingDependency>
      <MissingDependency>
        <Required type="26" schemaName="All Organizations" displayName="All Organizations" parentSchemaName="account" parentDisplayName="Account" solution="Active" id="{74bbeebe-f9fe-ed11-8f6d-0022483e130e}" />
        <Dependent type="80" schemaName="ovs_TDGIncidentsIncidentsTMD" displayName="TDG Incidents / Incidents TMD" />
      </MissingDependency>
      <MissingDependency>
        <Required type="26" schemaName="Site Lookup View" displayName="Site Lookup View" parentSchemaName="account" parentDisplayName="Account" solution="Active" id="{7b62c6ee-865b-eb11-a812-000d3a84db40}" />
        <Dependent type="60" displayName="Information" parentDisplayName="Incident" id="{a58c2822-51b7-4919-b85c-d94204f76f09}" />
      </MissingDependency>
      <MissingDependency>
        <Required type="26" schemaName="Sites" displayName="Sites" parentSchemaName="account" parentDisplayName="Account" solution="Active" id="{7c363e5f-5bd4-eb11-bacc-000d3af3999c}" />
        <Dependent type="60" displayName="Information" parentDisplayName="Incident" id="{a58c2822-51b7-4919-b85c-d94204f76f09}" />
      </MissingDependency>
      <MissingDependency>
        <Required type="26" schemaName="Excluded Accounts Campaigns" displayName="Excluded Accounts Campaigns" parentSchemaName="account" parentDisplayName="Account" solution="msdynce_MarketingPatch (9.0.1904.1019)" id="{7de498c2-508f-49a4-b2e8-d550d5b1b9ee}">
          <package>msdynce_MarketingAnchor (9.0.24083.10001)</package>
        </Required>
        <Dependent type="60" displayName="Information" parentDisplayName="Incident" id="{a58c2822-51b7-4919-b85c-d94204f76f09}" />
      </MissingDependency>
      <MissingDependency>
        <Required type="26" schemaName="TDG Core Sites" displayName="TDG Core Sites" parentSchemaName="account" parentDisplayName="Account" solution="Active" id="{7fa4b59f-485d-ee11-8df0-0022483d0c87}" />
        <Dependent type="60" displayName="Information" parentDisplayName="Incident" id="{a58c2822-51b7-4919-b85c-d94204f76f09}" />
      </MissingDependency>
      <MissingDependency>
        <Required type="26" schemaName="Parent Lookup View" displayName="Parent Lookup View" parentSchemaName="account" parentDisplayName="Account" solution="Active" id="{80d24aa0-2b6c-ed11-81ac-0022483d0343}" />
        <Dependent type="60" displayName="Information" parentDisplayName="Incident" id="{a58c2822-51b7-4919-b85c-d94204f76f09}" />
      </MissingDependency>
      <MissingDependency>
        <Required type="26" schemaName="Active Child Accounts" displayName="Active Child Accounts" parentSchemaName="account" parentDisplayName="Account" solution="Active" id="{82cc4863-aa98-eb11-b1ac-000d3ae93a4f}" />
        <Dependent type="60" displayName="Information" parentDisplayName="Incident" id="{a58c2822-51b7-4919-b85c-d94204f76f09}" />
      </MissingDependency>
      <MissingDependency>
        <Required type="26" schemaName="CID Portal - Parent Companies" displayName="CID Portal - Parent Companies" parentSchemaName="account" parentDisplayName="Account" solution="Active" id="{84f03662-9e28-ec11-b6e6-0022483cb5cd}" />
        <Dependent type="60" displayName="Information" parentDisplayName="Incident" id="{a58c2822-51b7-4919-b85c-d94204f76f09}" />
      </MissingDependency>
      <MissingDependency>
        <Required type="26" schemaName="Companies" displayName="Companies" parentSchemaName="account" parentDisplayName="Account" solution="Active" id="{8965dc8d-460a-eb11-a813-000d3af3a7a7}" />
        <Dependent type="60" displayName="Information" parentDisplayName="Incident" id="{a58c2822-51b7-4919-b85c-d94204f76f09}" />
      </MissingDependency>
      <MissingDependency>
        <Required type="26" schemaName="Invitation Lookup View" displayName="Invitation Lookup View" parentSchemaName="ovs_invitation" parentDisplayName="Invitation" solution="Active" id="{8a2044ca-88c7-47b0-9c0c-cae30c745d54}" />
        <Dependent type="80" schemaName="ovs_TDGIncidentsIncidentsTMD" displayName="TDG Incidents / Incidents TMD" />
      </MissingDependency>
      <MissingDependency>
        <Required type="26" schemaName="Sites With No Operations" displayName="Sites With No Operations" parentSchemaName="account" parentDisplayName="Account" solution="Active" id="{906591f6-654c-ec11-8f8e-000d3ae8e96e}" />
        <Dependent type="60" displayName="Information" parentDisplayName="Incident" id="{a58c2822-51b7-4919-b85c-d94204f76f09}" />
      </MissingDependency>
      <MissingDependency>
        <Required type="26" schemaName="Legal Name" displayName="Legal Name" parentSchemaName="account" parentDisplayName="Account" solution="Active" id="{92f36027-a3e0-ee11-904c-000d3ae9455d}" />
        <Dependent type="60" displayName="Information" parentDisplayName="Incident" id="{a58c2822-51b7-4919-b85c-d94204f76f09}" />
      </MissingDependency>
      <MissingDependency>
        <Required type="26" schemaName="Account Duplicated per Customer request" displayName="Account Duplicated per Customer request" parentSchemaName="account" parentDisplayName="Account" solution="Active" id="{9b760bd0-0437-ee11-bdf4-0022483d0343}" />
        <Dependent type="60" displayName="Information" parentDisplayName="Incident" id="{a58c2822-51b7-4919-b85c-d94204f76f09}" />
      </MissingDependency>
      <MissingDependency>
        <Required type="26" schemaName="CID - Claim Sites" displayName="CID - Claim Sites" parentSchemaName="account" parentDisplayName="Account" solution="Active" id="{a0be1cb3-8525-ec11-b6e6-0022483cb5cd}" />
        <Dependent type="60" displayName="Information" parentDisplayName="Incident" id="{a58c2822-51b7-4919-b85c-d94204f76f09}" />
      </MissingDependency>
      <MissingDependency>
        <Required type="26" schemaName="Quick Find Active Invitations" displayName="Quick Find Active Invitations" parentSchemaName="ovs_invitation" parentDisplayName="Invitation" solution="Active" id="{a13681d9-1251-432e-b952-51e8ea725865}" />
        <Dependent type="80" schemaName="ovs_TDGIncidentsIncidentsTMD" displayName="TDG Incidents / Incidents TMD" />
      </MissingDependency>
      <MissingDependency>
        <Required type="26" schemaName="TDG Core Organizations" displayName="TDG Core Organizations" parentSchemaName="account" parentDisplayName="Account" solution="Active" id="{a5a9b46c-475d-ee11-8df0-0022483e130e}" />
        <Dependent type="60" displayName="Information" parentDisplayName="Incident" id="{a58c2822-51b7-4919-b85c-d94204f76f09}" />
      </MissingDependency>
      <MissingDependency>
        <Required type="26" schemaName="My Region's Contacts" displayName="My Region's Contacts" parentSchemaName="contact" parentDisplayName="Contact" solution="Active" id="{a8d4d8d3-71db-eb11-bacb-0022483c561b}" />
        <Dependent type="80" schemaName="ovs_TDGIncidentsIncidentsTMD" displayName="TDG Incidents / Incidents TMD" />
      </MissingDependency>
      <MissingDependency>
        <Required type="26" schemaName="My Region's Active Sites" displayName="My Region's Active Sites" parentSchemaName="account" parentDisplayName="Account" solution="Active" id="{aa2ba086-5ad4-eb11-bacc-000d3af3999c}" />
        <Dependent type="60" displayName="Information" parentDisplayName="Incident" id="{a58c2822-51b7-4919-b85c-d94204f76f09}" />
      </MissingDependency>
      <MissingDependency>
        <Required type="26" schemaName="HOTI / HOTI GOA Sites" displayName="HOTI / HOTI GOA Sites" parentSchemaName="account" parentDisplayName="Account" solution="Active" id="{aba6669f-1cff-ed11-8f6d-0022483d0343}" />
        <Dependent type="60" displayName="Information" parentDisplayName="Incident" id="{a58c2822-51b7-4919-b85c-d94204f76f09}" />
      </MissingDependency>
      <MissingDependency>
        <Required type="26" schemaName="Support Request Lookup View" displayName="Support Request Lookup View" parentSchemaName="ovs_supportrequest" parentDisplayName="Support Request" solution="Active" id="{ae9d977e-ae60-424a-8718-dacd211e93b9}" />
        <Dependent type="80" schemaName="ovs_TDGIncidentsIncidentsTMD" displayName="TDG Incidents / Incidents TMD" />
      </MissingDependency>
      <MissingDependency>
        <Required type="26" schemaName="Active Incident Reports" displayName="Active Incident Reports" parentSchemaName="ovs_incident_report" parentDisplayName="Incident Report" solution="Active" id="{be024552-2b68-4f53-8862-dfea76562bfb}" />
        <Dependent type="60" displayName="Information" parentDisplayName="Incident" id="{a58c2822-51b7-4919-b85c-d94204f76f09}" />
      </MissingDependency>
      <MissingDependency>
        <Required type="26" schemaName="CID Portal - Sites" displayName="CID Portal - Sites" parentSchemaName="account" parentDisplayName="Account" solution="Active" id="{c8db5060-4a4d-ec11-8f8e-000d3ae9a753}" />
        <Dependent type="60" displayName="Information" parentDisplayName="Incident" id="{a58c2822-51b7-4919-b85c-d94204f76f09}" />
      </MissingDependency>
      <MissingDependency>
        <Required type="26" schemaName="Selected Accounts Campaigns" displayName="Selected Accounts Campaigns" parentSchemaName="account" parentDisplayName="Account" solution="msdynce_MarketingPatch (9.0.1904.1019)" id="{d15e48f6-e8fe-e811-8165-000d3af92c6e}">
          <package>msdynce_MarketingAnchor (9.0.24083.10001)</package>
        </Required>
        <Dependent type="60" displayName="Information" parentDisplayName="Incident" id="{a58c2822-51b7-4919-b85c-d94204f76f09}" />
      </MissingDependency>
      <MissingDependency>
        <Required type="26" schemaName="CID Portal - Validation - Attested Sites" displayName="CID Portal - Validation - Attested Sites" parentSchemaName="account" parentDisplayName="Account" solution="Active" id="{d540e97a-c892-ec11-b3fe-000d3a0c187c}" />
        <Dependent type="60" displayName="Information" parentDisplayName="Incident" id="{a58c2822-51b7-4919-b85c-d94204f76f09}" />
      </MissingDependency>
      <MissingDependency>
        <Required type="26" schemaName="CID Sites with Unknown CID Flag" displayName="CID Sites with Unknown CID Flag" parentSchemaName="account" parentDisplayName="Account" solution="Active" id="{e2298c2d-12c1-ee11-9078-0022483cceb8}" />
        <Dependent type="60" displayName="Information" parentDisplayName="Incident" id="{a58c2822-51b7-4919-b85c-d94204f76f09}" />
      </MissingDependency>
      <MissingDependency>
        <Required type="26" schemaName="Active Support Requests DGAIS" displayName="Active Support Requests DGAIS" parentSchemaName="ovs_supportrequest" parentDisplayName="Support Request" solution="Active" id="{e31dea5a-1250-ef11-accd-0022483c7e68}" />
        <Dependent type="80" schemaName="ovs_TDGIncidentsIncidentsTMD" displayName="TDG Incidents / Incidents TMD" />
      </MissingDependency>
      <MissingDependency>
        <Required type="26" schemaName="HOTI / HOTI GOA Organizations" displayName="HOTI / HOTI GOA Organizations" parentSchemaName="account" parentDisplayName="Account" solution="Active" id="{e3847669-10ff-ed11-8f6d-0022483d0343}" />
        <Dependent type="60" displayName="Information" parentDisplayName="Incident" id="{a58c2822-51b7-4919-b85c-d94204f76f09}" />
      </MissingDependency>
      <MissingDependency>
        <Required type="26" schemaName="All Child Accounts" displayName="All Child Accounts" parentSchemaName="account" parentDisplayName="Account" solution="Active" id="{e7292e30-4fd2-ee11-904d-0022483cc3b7}" />
        <Dependent type="60" displayName="Information" parentDisplayName="Incident" id="{a58c2822-51b7-4919-b85c-d94204f76f09}" />
      </MissingDependency>
      <MissingDependency>
        <Required type="26" schemaName="Sites" displayName="Sites" parentSchemaName="account" parentDisplayName="Account" solution="Active" id="{e7ba8bd8-440a-eb11-a813-000d3af3a7a7}" />
        <Dependent type="60" displayName="Information" parentDisplayName="Incident" id="{a58c2822-51b7-4919-b85c-d94204f76f09}" />
      </MissingDependency>
      <MissingDependency>
        <Required type="26" schemaName="Sites" displayName="Sites" parentSchemaName="account" parentDisplayName="Account" solution="Active" id="{e7ba8bd8-440a-eb11-a813-000d3af3a7a7}" />
        <Dependent type="80" schemaName="ovs_TDGIncidentsIncidentsTMD" displayName="TDG Incidents / Incidents TMD" />
      </MissingDependency>
      <MissingDependency>
        <Required type="26" schemaName="CID Portal - Portal Created Sites" displayName="CID Portal - Portal Created Sites" parentSchemaName="account" parentDisplayName="Account" solution="Active" id="{efe63e51-3040-ed11-bba2-0022483d0343}" />
        <Dependent type="60" displayName="Information" parentDisplayName="Incident" id="{a58c2822-51b7-4919-b85c-d94204f76f09}" />
      </MissingDependency>
      <MissingDependency>
        <Required type="26" schemaName="Organizations" displayName="Organizations" parentSchemaName="account" parentDisplayName="Account" solution="Active" id="{fdbc939a-2403-eb11-a813-000d3af3ac0d}" />
        <Dependent type="60" displayName="Information" parentDisplayName="Incident" id="{a58c2822-51b7-4919-b85c-d94204f76f09}" />
      </MissingDependency>
      <MissingDependency>
        <Required type="26" schemaName="Organizations" displayName="Organizations" parentSchemaName="account" parentDisplayName="Account" solution="Active" id="{fdbc939a-2403-eb11-a813-000d3af3ac0d}" />
        <Dependent type="80" schemaName="ovs_TDGIncidentsIncidentsTMD" displayName="TDG Incidents / Incidents TMD" />
      </MissingDependency>
      <MissingDependency>
        <Required type="26" schemaName="Invitation Advanced Find View" displayName="Invitation Advanced Find View" parentSchemaName="ovs_invitation" parentDisplayName="Invitation" solution="Active" id="{fefc25ee-b554-40a7-a044-0815caae218a}" />
        <Dependent type="80" schemaName="ovs_TDGIncidentsIncidentsTMD" displayName="TDG Incidents / Incidents TMD" />
      </MissingDependency>
      <MissingDependency>
        <Required type="26" schemaName="Site Population Density" displayName="Site Population Density" parentSchemaName="account" parentDisplayName="Account" solution="Active" id="{ff211cb9-117a-ec11-8d20-000d3aff1221}" />
        <Dependent type="60" displayName="Information" parentDisplayName="Incident" id="{a58c2822-51b7-4919-b85c-d94204f76f09}" />
      </MissingDependency>
      <MissingDependency>
        <Required type="59" schemaName="Accounts By Territories" displayName="Accounts By Territories" parentSchemaName="account" parentDisplayName="Account" solution="msdynce_Sales (9.0.4.0076)" id="{88de94cc-8b5e-df11-ae90-00155d2e3002}">
          <package>msdynce_SalesAnchor (9.0.24083.10004)</package>
        </Required>
        <Dependent type="80" schemaName="ovs_TDGIncidentsIncidentsTMD" displayName="TDG Incidents / Incidents TMD" />
      </MissingDependency>
      <MissingDependency>
        <Required type="60" displayName="Site Address DGAIS" parentDisplayName="Account" solution="Active" id="{0ccb75e7-363d-ef11-a316-002248adc0af}" />
        <Dependent type="60" displayName="Information" parentDisplayName="Incident" id="{a58c2822-51b7-4919-b85c-d94204f76f09}" />
      </MissingDependency>
      <MissingDependency>
        <Required type="60" displayName="Information" parentDisplayName="Support Request" solution="Active" id="{6c911b68-d5ab-48b1-ade7-3ef39e39dd97}" />
        <Dependent type="80" schemaName="ovs_TDGIncidentsIncidentsTMD" displayName="TDG Incidents / Incidents TMD" />
      </MissingDependency>
      <MissingDependency>
        <Required type="60" displayName="DGAIS Organization" parentDisplayName="Account" solution="Active" id="{6cfff89f-351c-ef11-840a-6045bd614ecd}" />
        <Dependent type="80" schemaName="ovs_TDGIncidentsIncidentsTMD" displayName="TDG Incidents / Incidents TMD" />
      </MissingDependency>
      <MissingDependency>
        <Required type="60" displayName="DGAIS Site Profile" parentDisplayName="Account" solution="Active" id="{8e8ef593-361c-ef11-840a-000d3a0c4626}" />
        <Dependent type="80" schemaName="ovs_TDGIncidentsIncidentsTMD" displayName="TDG Incidents / Incidents TMD" />
      </MissingDependency>
      <MissingDependency>
        <Required type="60" displayName="TDG Incident Contact" parentDisplayName="Contact" solution="Active" id="{9f0eda25-2c1d-ef11-840a-6045bd614ecd}" />
        <Dependent type="80" schemaName="ovs_TDGIncidentsIncidentsTMD" displayName="TDG Incidents / Incidents TMD" />
      </MissingDependency>
      <MissingDependency>
        <Required type="60" displayName="Information" parentDisplayName="Incident" solution="Active" id="{b8315c28-e2b0-4d15-aec8-5fa434056f2d}" />
        <Dependent type="80" schemaName="ovs_TDGIncidentsIncidentsTMD" displayName="TDG Incidents / Incidents TMD" />
      </MissingDependency>
      <MissingDependency>
        <Required type="60" displayName="DGAIS Invitation form" parentDisplayName="Invitation" solution="Active" id="{c18e41da-404f-ef11-accd-000d3a843b46}" />
        <Dependent type="80" schemaName="ovs_TDGIncidentsIncidentsTMD" displayName="TDG Incidents / Incidents TMD" />
      </MissingDependency>
      <MissingDependency>
        <Required type="60" displayName="Information" parentDisplayName="Invitation" solution="Active" id="{c29522e7-6f88-4e01-94fc-52afb598ffb6}" />
        <Dependent type="80" schemaName="ovs_TDGIncidentsIncidentsTMD" displayName="TDG Incidents / Incidents TMD" />
      </MissingDependency>
      <MissingDependency>
        <Required type="60" displayName="UN Number QV" parentDisplayName="UN Number" solution="Active" id="{c8784081-f353-ef11-bfe3-0022483bb3a9}" />
        <Dependent type="60" displayName="Information" parentDisplayName="MOC" id="{ab7a68cf-1d72-4c50-a098-b985866dadf1}" />
      </MissingDependency>
      <MissingDependency>
        <Required type="60" displayName="Incident Organization Contact" parentDisplayName="Organization Contact" solution="Active" id="{e038b892-2d1d-ef11-840a-000d3a0c4626}" />
        <Dependent type="80" schemaName="ovs_TDGIncidentsIncidentsTMD" displayName="TDG Incidents / Incidents TMD" />
      </MissingDependency>
      <MissingDependency>
        <Required type="60" displayName="Information" parentDisplayName="Support Request" solution="Active" id="{f9813d7a-892a-476d-b4d9-30abdf8de48e}" />
        <Dependent type="80" schemaName="ovs_TDGIncidentsIncidentsTMD" displayName="TDG Incidents / Incidents TMD" />
      </MissingDependency>
      <MissingDependency>
        <Required type="61" schemaName="msdyn_/Images/AppModule_Default_Icon.png" displayName="msdyn_/Images/AppModule_Default_Icon.png" solution="AppModuleWebResources (2.5)" />
        <Dependent type="80" schemaName="ovs_TDGIncidentsIncidentsTMD" displayName="TDG Incidents / Incidents TMD" />
      </MissingDependency>
      <MissingDependency>
        <Required type="61" schemaName="ovs_/CopyAddressButton.html" displayName="ovs_/CopyAddressButton.html" solution="Active" />
        <Dependent type="60" displayName="Information" parentDisplayName="Incident" id="{a58c2822-51b7-4919-b85c-d94204f76f09}" />
      </MissingDependency>
      <MissingDependency>
        <Required type="61" schemaName="ovs_DGAIS_MOC_MainForm.js" displayName="ovs_DGAIS_MOC_MainForm.js" solution="Active" />
        <Dependent type="60" displayName="Information" parentDisplayName="MOC" id="{ab7a68cf-1d72-4c50-a098-b985866dadf1}" />
      </MissingDependency>
      <MissingDependency>
        <Required type="61" schemaName="qm_/CustomerServiceCall.html" displayName="qm_/CustomerServiceCall.html" solution="Active" />
        <Dependent type="62" schemaName="ovs_OversightPlanning" />
      </MissingDependency>
      <MissingDependency>
        <Required type="61" schemaName="qm_globalHelper.js" displayName="qm_globalHelper.js" solution="Active" />
        <Dependent type="60" displayName="Information" parentDisplayName="Incident" id="{a58c2822-51b7-4919-b85c-d94204f76f09}" />
      </MissingDependency>
      <MissingDependency>
        <Required type="61" schemaName="qm_globalHelper.js" displayName="qm_globalHelper.js" solution="Active" />
        <Dependent type="60" displayName="Information" parentDisplayName="MOC" id="{ab7a68cf-1d72-4c50-a098-b985866dadf1}" />
      </MissingDependency>
      <MissingDependency>
        <Required type="66" schemaName="fdn_Canadapost.addressComplete" displayName="fdn_Canadapost.addressComplete" solution="CanadaPostAddressComplete (6.0)" />
        <Dependent type="60" displayName="Information" parentDisplayName="Incident" id="{a58c2822-51b7-4919-b85c-d94204f76f09}" />
      </MissingDependency>
      <MissingDependency>
        <Required type="66" schemaName="MscrmControls.FieldControls.ToggleControl" displayName="MscrmControls.FieldControls.ToggleControl" solution="BaseCustomControlsCore (9.0.2408.4011)" />
        <Dependent type="60" displayName="Information" parentDisplayName="Incident" id="{a58c2822-51b7-4919-b85c-d94204f76f09}" />
      </MissingDependency>
      <MissingDependency>
        <Required type="66" schemaName="MscrmControls.FieldControls.ToggleControl" displayName="MscrmControls.FieldControls.ToggleControl" solution="BaseCustomControlsCore (9.0.2408.4011)" />
        <Dependent type="60" displayName="Information" parentDisplayName="MOC" id="{ab7a68cf-1d72-4c50-a098-b985866dadf1}" />
      </MissingDependency>
      <MissingDependency>
        <Required type="SettingDefinition" displayName="AppChannel" solution="msdyn_AppFrameworkInfraExtensions (1.0.0.12)" id.uniquename="AppChannel" />
        <Dependent type="AppSetting" displayName="parentappmoduleid.uniquename=ovs_TDGIncidentsIncidentsTMD,settingdefinitionid.uniquename=AppChannel" id.parentappmoduleid.uniquename="ovs_TDGIncidentsIncidentsTMD" id.settingdefinitionid.uniquename="AppChannel" />
      </MissingDependency>
    </MissingDependencies>
  </SolutionManifest>
</ImportExportXml>