<ImportExportXml xmlns:xsi="http://www.w3.org/2001/XMLSchema-instance">
  <Entities>
    <Entity>
      <Name LocalizedName="Service Request" OriginalName="Service Request">fdr_ServiceRequest</Name>
      <FormXml>
        <forms type="main">
          <systemform>
            <formid>{337e6783-6be4-4278-82d0-ee57257802dc}</formid>
            <IntroducedVersion>1.0.0.0</IntroducedVersion>
            <FormPresentation>1</FormPresentation>
            <FormActivationState>1</FormActivationState>
            <form headerdensity="HighWithControls" shownavigationbar="true" showImage="false" maxWidth="1920">
              <tabs>
                <tab verticallayout="true" id="{ff127529-3ddd-471a-b98e-ea0e68fb1e34}" IsUserDefined="1" name="General">
                  <labels>
                    <label description="General" languagecode="1033" />
                    <label description="Général" languagecode="1036" />
                  </labels>
                  <columns>
                    <column width="100%">
                      <sections>
                        <section showlabel="false" showbar="false" IsUserDefined="0" id="{8f1d4962-fb41-44f5-a82e-52e22d8a5889}" name="General" columns="11">
                          <labels>
                            <label description="General" languagecode="1033" />
                            <label description="Général" languagecode="1036" />
                          </labels>
                          <rows>
                            <row>
                              <cell id="{e5b5f41a-48f3-46c2-89a9-dd34d011655d}">
                                <labels>
                                  <label description="Name" languagecode="1033" />
                                </labels>
                                <control id="fdr_name" classid="{4273EDBD-AC1D-40d3-9FB2-095C621B552D}" datafieldname="fdr_name" />
                              </cell>
                              <cell locklevel="0" id="{f9dfd5a1-d644-4369-9327-37ca1bfeba73}" rowspan="15" colspan="1">
                                <labels>
                                  <label description="Note Text" languagecode="1033" />
                                </labels>
                                <control id="notescontrol" classid="{06375649-C143-495E-A496-C962E5B4488E}" disabled="false" />
                              </cell>
                            </row>
                            <row />
                            <row />
                            <row />
                            <row />
                            <row />
                            <row />
                            <row />
                            <row />
                            <row />
                            <row />
                            <row />
                            <row />
                            <row />
                            <row />
                            <row>
                              <cell id="{571260de-84d6-6e03-3434-5509ac122d65}" showlabel="true" locklevel="0">
                                <labels>
                                  <label description="Service Request Type" languagecode="1033" />
                                </labels>
                                <control id="fdr_srtype" classid="{3EF39988-22BB-4f0b-BBBE-64B5A3748AEE}" datafieldname="fdr_srtype" disabled="false" uniqueid="{a26e9d00-8a31-0042-b619-2ced884dbdab}" />
                              </cell>
                              <cell locklevel="0" id="{ef18b3e4-9213-4d6c-be51-7e5b95bc0a38}">
                                <labels>
                                  <label description="" languagecode="1033" />
                                </labels>
                              </cell>
                            </row>
                            <row>
                              <cell id="{c1993fcb-f2a2-4c53-9d5f-643fe6c4515a}" locklevel="0" colspan="1" rowspan="1">
                                <labels>
                                  <label description="Container Type" languagecode="1033" />
                                </labels>
                                <control id="fdr_containertype" classid="{270BD3DB-D9AF-4782-9025-509E298DEC0A}" datafieldname="fdr_containertype" disabled="false" />
                              </cell>
                              <cell locklevel="0" id="{17b0f588-091a-4190-9280-cd1949bc3ed7}">
                                <labels>
                                  <label description="" languagecode="1033" />
                                </labels>
                              </cell>
                            </row>
                            <row>
                              <cell locklevel="0" id="{ff481cdb-0069-4a8c-b621-c1f7556f6275}" colspan="1" rowspan="1">
                                <labels>
                                  <label description="New QV control 1650506799661" languagecode="1033" />
                                </labels>
                                <control id="QuickviewControl1650506799661" classid="{5C5600E0-1D6E-4205-A272-BE80DA87FD42}" datafieldname="fdr_containertype" disabled="false">
                                  <parameters>
                                    <DisplayAsCustomer360Tile>false</DisplayAsCustomer360Tile>
                                    <QuickForms>&lt;QuickFormIds&gt;&lt;QuickFormId entityname="fdr_containertype"&gt;366bdbda-af80-4f4b-8ef7-2378d8239b70&lt;/QuickFormId&gt;&lt;/QuickFormIds&gt;</QuickForms>
                                  </parameters>
                                </control>
                              </cell>
                              <cell locklevel="0" id="{f3e6fdf1-581f-4c4e-b48c-dfdb7c9f6d0f}">
                                <labels>
                                  <label description="" languagecode="1033" />
                                </labels>
                              </cell>
                            </row>
                            <row>
                              <cell id="{9f1624f0-f6b1-43cf-b285-552b9dee3e40}" locklevel="0" colspan="1" rowspan="1">
                                <labels>
                                  <label description="Service Request Submission Date" languagecode="1033" />
                                </labels>
                                <control id="fdr_submissiondate" classid="{5B773807-9FB2-42DB-97C3-7A91EFF8ADFF}" datafieldname="fdr_submissiondate" disabled="true" />
                              </cell>
                              <cell locklevel="0" id="{c5792cf1-1ffb-4a24-9294-20a2046a7602}">
                                <labels>
                                  <label description="" languagecode="1033" />
                                </labels>
                              </cell>
                            </row>
                            <row>
                              <cell id="{f9d5907f-3980-404f-a3f9-cc23612a3304}" locklevel="0" colspan="1" rowspan="1">
                                <labels>
                                  <label description="Related Work Order" languagecode="1033" />
                                </labels>
                                <control id="fdr_relatedworkorder" classid="{270BD3DB-D9AF-4782-9025-509E298DEC0A}" datafieldname="fdr_relatedworkorder" disabled="true" />
                              </cell>
                              <cell locklevel="0" id="{05283cbe-b525-4ad8-927e-80fde3f93fad}">
                                <labels>
                                  <label description="" languagecode="1033" />
                                </labels>
                              </cell>
                            </row>
                            <row>
                              <cell id="{bc1bc87e-a3e9-47a1-9f08-66ebfcc7a964}" colspan="1" rowspan="1">
                                <labels>
                                  <label description="Owner" languagecode="1033" />
                                  <label description="Propriétaire" languagecode="1036" />
                                </labels>
                                <control id="header_ownerid" classid="{270BD3DB-D9AF-4782-9025-509E298DEC0A}" datafieldname="ownerid" disabled="true" />
                              </cell>
                              <cell locklevel="0" id="{dc161c4e-a355-4b3a-89df-44664be4b52c}">
                                <labels>
                                  <label description="" languagecode="1033" />
                                </labels>
                              </cell>
                            </row>
                          </rows>
                        </section>
                        <section name="null_section_5" id="f4e5dc87-c297-4fda-b61c-481adf73dc97" IsUserDefined="0" locklevel="0" showlabel="true" showbar="false" layout="varwidth" celllabelalignment="Left" celllabelposition="Left" columns="1" labelwidth="115">
                          <labels>
                            <label description="REGISTERED MARKS" languagecode="1033" />
                          </labels>
                          <rows>
                            <row>
                              <cell locklevel="0" id="{380b835c-94f2-46e3-926e-057755be2e2b}" rowspan="1" colspan="1" auto="false" showlabel="false">
                                <labels>
                                  <label description="New SG control 1652808101492" languagecode="1033" />
                                </labels>
                                <control id="Subgrid_3" classid="{E7A81278-8635-4D9E-8D4D-59480B391C5B}" indicationOfSubgrid="true">
                                  <parameters>
                                    <RecordsPerPage>4</RecordsPerPage>
                                    <AutoExpand>Fixed</AutoExpand>
                                    <EnableQuickFind>false</EnableQuickFind>
                                    <EnableViewPicker>false</EnableViewPicker>
                                    <EnableChartPicker>true</EnableChartPicker>
                                    <ChartGridMode>All</ChartGridMode>
                                    <TargetEntityType>fdr_registeredmark</TargetEntityType>
                                    <ViewId>{40475B8A-3345-413B-8FD6-E80ED986C2DE}</ViewId>
                                    <ViewIds>{40475B8A-3345-413B-8FD6-E80ED986C2DE}</ViewIds>
                                    <RelationshipName>fdr_ServiceRequest_fdr_ServiceRequest_fdr</RelationshipName>
                                  </parameters>
                                </control>
                              </cell>
                            </row>
                          </rows>
                        </section>
                        <section name="null_section_3" id="e8265ac9-e4ee-4825-a58a-a61f11d78e0b" IsUserDefined="0" locklevel="0" showlabel="true" showbar="false" layout="varwidth" celllabelalignment="Left" celllabelposition="Left" columns="1" labelwidth="115">
                          <labels>
                            <label description="FUNCTIONS" languagecode="1033" />
                          </labels>
                          <rows>
                            <row>
                              <cell locklevel="0" id="{997b9cd2-b719-40ea-9fd3-63f7abd5fad1}" rowspan="1" colspan="1" auto="false" showlabel="false">
                                <labels>
                                  <label description="New SG control 1650384953656" languagecode="1033" />
                                </labels>
                                <control id="Subgrid_1" classid="{E7A81278-8635-4D9E-8D4D-59480B391C5B}" indicationOfSubgrid="true">
                                  <parameters>
                                    <RecordsPerPage>10</RecordsPerPage>
                                    <AutoExpand>Fixed</AutoExpand>
                                    <EnableQuickFind>false</EnableQuickFind>
                                    <TargetEntityType>fdr_servicerequestfunction</TargetEntityType>
                                    <ViewId>{F402F873-F5EE-434B-84EB-296D66A04C39}</ViewId>
                                    <ViewIds>{F402F873-F5EE-434B-84EB-296D66A04C39}</ViewIds>
                                    <EnableViewPicker>false</EnableViewPicker>
                                    <RelationshipName>fdr_ServiceRequestFunction_ServiceRequest</RelationshipName>
                                  </parameters>
                                </control>
                              </cell>
                            </row>
                          </rows>
                        </section>
                        <section name="{ff127529-3ddd-471a-b98e-ea0e68fb1e34}_section_5" showlabel="true" showbar="false" locklevel="0" id="{e8c0ccd0-aa40-730a-2cec-40c3162db0a3}" IsUserDefined="0" layout="varwidth" columns="1" labelwidth="115" celllabelalignment="Left" celllabelposition="Left">
                          <labels>
                            <label description="EQUIVALENCY CERTIFICATES" languagecode="1033" />
                          </labels>
                          <rows>
                            <row>
                              <cell id="{cb6477de-a422-8d62-67ce-590713e81228}" showlabel="false" colspan="1" auto="false" rowspan="6">
                                <labels>
                                  <label description="Request Equivalency Certificate (Service Request)" languagecode="1033" />
                                </labels>
                                <control id="grdEquivalencyCertificates" classid="{E7A81278-8635-4d9e-8D4D-59480B391C5B}" indicationOfSubgrid="true">
                                  <parameters>
                                    <ViewId>{7F272FDB-6E12-4C73-9CCD-8634970E4D35}</ViewId>
                                    <IsUserView>false</IsUserView>
                                    <RelationshipName>fdr_fdr_servicerequest_fdr_requestequivalencycertificate_servicerequest</RelationshipName>
                                    <TargetEntityType>fdr_requestequivalencycertificate</TargetEntityType>
                                    <AutoExpand>Fixed</AutoExpand>
                                    <EnableQuickFind>false</EnableQuickFind>
                                    <EnableViewPicker>false</EnableViewPicker>
                                    <ViewIds>{7F272FDB-6E12-4C73-9CCD-8634970E4D35}</ViewIds>
                                    <EnableJumpBar>false</EnableJumpBar>
                                    <ChartGridMode>All</ChartGridMode>
                                    <VisualizationId />
                                    <IsUserChart>false</IsUserChart>
                                    <EnableChartPicker>true</EnableChartPicker>
                                    <RecordsPerPage>4</RecordsPerPage>
                                    <HeaderColorCode>#F3F3F3</HeaderColorCode>
                                  </parameters>
                                </control>
                              </cell>
                            </row>
                            <row />
                            <row />
                            <row />
                            <row />
                            <row />
                          </rows>
                        </section>
                        <section name="General_section_5" showlabel="true" showbar="false" locklevel="0" id="{0177d059-8488-5abe-b87d-d8e7258d9250}" IsUserDefined="0" layout="varwidth" columns="1" labelwidth="115" celllabelalignment="Left" celllabelposition="Left">
                          <labels>
                            <label description="CONDITIONS" languagecode="1033" />
                          </labels>
                          <rows>
                            <row>
                              <cell id="{4113c671-0a55-6312-cd94-261bd5b46b66}" showlabel="false" colspan="1" auto="false" rowspan="6">
                                <labels>
                                  <label description="Conditions (Service Request)" languagecode="1033" />
                                </labels>
                                <control id="grdConditions" classid="{E7A81278-8635-4d9e-8D4D-59480B391C5B}" indicationOfSubgrid="true">
                                  <parameters>
                                    <ViewId>{0AD6EDE1-7118-4815-BFCE-DAF18D2D8DC0}</ViewId>
                                    <IsUserView>false</IsUserView>
                                    <RelationshipName>fdr_fdr_servicerequest_fdr_condition_servicerequest</RelationshipName>
                                    <TargetEntityType>fdr_condition</TargetEntityType>
                                    <AutoExpand>Fixed</AutoExpand>
                                    <EnableQuickFind>false</EnableQuickFind>
                                    <EnableViewPicker>false</EnableViewPicker>
                                    <ViewIds>{0AD6EDE1-7118-4815-BFCE-DAF18D2D8DC0}</ViewIds>
                                    <EnableJumpBar>false</EnableJumpBar>
                                    <ChartGridMode>All</ChartGridMode>
                                    <VisualizationId />
                                    <IsUserChart>false</IsUserChart>
                                    <EnableChartPicker>true</EnableChartPicker>
                                    <RecordsPerPage>4</RecordsPerPage>
                                    <HeaderColorCode>#F3F3F3</HeaderColorCode>
                                  </parameters>
                                </control>
                              </cell>
                            </row>
                            <row />
                            <row />
                            <row />
                            <row />
                            <row />
                          </rows>
                        </section>
                      </sections>
                    </column>
                  </columns>
                </tab>
                <tab name="tab_6" id="38933dbd-1809-4a50-ac01-9ef2352c8bcd" IsUserDefined="0" locklevel="0" showlabel="true">
                  <labels>
                    <label description="Integration" languagecode="1033" />
                  </labels>
                  <columns>
                    <column width="100%">
                      <sections>
                        <section name="Integration_Section" id="648fd0eb-a185-4224-ae51-2d2f0f6bf990" IsUserDefined="0" locklevel="0" showlabel="false" showbar="false" layout="varwidth" celllabelalignment="Left" celllabelposition="Left" columns="1" labelwidth="115">
                          <labels>
                            <label description="IntegrationSection" languagecode="1033" />
                          </labels>
                          <rows>
                            <row>
                              <cell id="{4d93806d-d267-4885-b5a8-686da36edd3c}" locklevel="0" colspan="1" rowspan="1">
                                <labels>
                                  <label description="MTOA SR ID" languagecode="1033" />
                                </labels>
                                <control id="fdr_mtoa_sr_id" classid="{C6D124CA-7EDA-4A60-AEA9-7FB8D318B68F}" datafieldname="fdr_mtoa_sr_id" disabled="true" />
                              </cell>
                            </row>
                            <row>
                              <cell id="{23de3e88-0d08-4421-96a9-7caa9de7f6f3}" locklevel="0" colspan="1" rowspan="1">
                                <labels>
                                  <label description="CRSD Status" languagecode="1033" />
                                </labels>
                                <control id="fdr_crsd_status" classid="{3EF39988-22BB-4F0B-BBBE-64B5A3748AEE}" datafieldname="fdr_crsd_status" disabled="true" />
                              </cell>
                            </row>
                            <row>
                              <cell id="{6a04dbec-827b-47a4-84e5-76917357150e}" locklevel="0" colspan="1" rowspan="1">
                                <labels>
                                  <label description="Portal Contact" languagecode="1033" />
                                </labels>
                                <control id="fdr_portalcontact" classid="{270BD3DB-D9AF-4782-9025-509E298DEC0A}" datafieldname="fdr_portalcontact" disabled="false" />
                              </cell>
                            </row>
                            <row>
                              <cell locklevel="0" id="{9d510c58-5f8e-4af5-bf14-5fcd1ec619fe}" colspan="1" rowspan="1">
                                <labels>
                                  <label description="New QV control 1656517516992" languagecode="1033" />
                                </labels>
                                <control id="QuickviewControl1656517516992" classid="{5C5600E0-1D6E-4205-A272-BE80DA87FD42}" datafieldname="fdr_portalcontact">
                                  <parameters>
                                    <DisplayAsCustomer360Tile>false</DisplayAsCustomer360Tile>
                                    <QuickForms>&lt;QuickFormIds&gt;&lt;QuickFormId entityname="contact"&gt;26994126-c2f7-ec11-82e4-000d3a8483f6&lt;/QuickFormId&gt;&lt;/QuickFormIds&gt;</QuickForms>
                                  </parameters>
                                </control>
                              </cell>
                            </row>
                            <row>
                              <cell id="{bf34abe7-581d-4266-aeca-372722890a5d}" locklevel="0" colspan="1" rowspan="1">
                                <labels>
                                  <label description="Cost Recovery Attribute" languagecode="1033" />
                                </labels>
                                <control id="fdr_costrecoveryattribute" classid="{270BD3DB-D9AF-4782-9025-509E298DEC0A}" datafieldname="fdr_costrecoveryattribute" disabled="false" />
                              </cell>
                            </row>
                            <row>
                              <cell locklevel="0" id="{563bcf10-f6c7-4590-8a1e-bf8964f030a9}" colspan="1" rowspan="1">
                                <labels>
                                  <label description="New QV control 1656517110516" languagecode="1033" />
                                </labels>
                                <control id="QuickviewControl1656517110516" classid="{5C5600E0-1D6E-4205-A272-BE80DA87FD42}" datafieldname="fdr_costrecoveryattribute" disabled="false">
                                  <parameters>
                                    <DisplayAsCustomer360Tile>false</DisplayAsCustomer360Tile>
                                    <QuickForms>&lt;QuickFormIds&gt;&lt;QuickFormId entityname="fdr_costrecoveryattribute"&gt;0db7a267-3e98-40b9-b047-14b4092b93f8&lt;/QuickFormId&gt;&lt;/QuickFormIds&gt;</QuickForms>
                                  </parameters>
                                </control>
                              </cell>
                            </row>
                          </rows>
                        </section>
                      </sections>
                    </column>
                  </columns>
                </tab>
                <tab name="tab_4" id="1e830012-4c84-459e-94f3-9ffd97c53bdb" IsUserDefined="0" locklevel="0" showlabel="true">
                  <labels>
                    <label description="Documents" languagecode="1033" />
                  </labels>
                  <columns>
                    <column width="100%">
                      <sections>
                        <section name="tab_4_section_1" id="5c873813-13d9-4f1d-b4b6-d42d109f108f" IsUserDefined="0" locklevel="0" showlabel="false" showbar="false" layout="varwidth" celllabelalignment="Left" celllabelposition="Left" columns="1" labelwidth="115">
                          <labels>
                            <label description="New Section" languagecode="1033" />
                          </labels>
                          <rows>
                            <row>
                              <cell id="{89186abe-2cc3-0e55-5d65-1eb743e48613}" showlabel="false" colspan="1" auto="false" rowspan="6">
                                <labels>
                                  <label description="Attach2Dynamics" languagecode="1033" />
                                </labels>
                                <control id="WebResource_Attach2Dynamics" classid="{9FDF5F91-88B1-47f4-AD53-C11EFC01A01D}">
                                  <parameters>
                                    <Url>ikl_/Attach2Dynamics/Library/index.html</Url>
                                    <PassParameters>true</PassParameters>
                                    <Security>false</Security>
                                    <Scrolling>auto</Scrolling>
                                    <Border>true</Border>
                                    <ShowOnMobileClient>true</ShowOnMobileClient>
                                    <WebResourceId>{AF16C0DE-3904-E911-80D1-00155D060713}</WebResourceId>
                                  </parameters>
                                </control>
                              </cell>
                            </row>
                            <row />
                            <row />
                            <row />
                            <row />
                            <row />
                          </rows>
                        </section>
                      </sections>
                    </column>
                  </columns>
                </tab>
                <tab name="tab_5" id="{9beac76c-c3d8-ad9b-5d1d-23173b780288}" IsUserDefined="0" locklevel="0" showlabel="true" expanded="true" visible="false">
                  <labels>
                    <label description="TSS TDGS duration test" languagecode="1033" />
                  </labels>
                  <columns>
                    <column width="100%">
                      <sections>
                        <section name="tab_5_section_1" showlabel="false" showbar="false" locklevel="0" id="{116793bc-6d75-5cb0-d74a-3664b8b006ac}" IsUserDefined="0" layout="varwidth" columns="1" labelwidth="115">
                          <labels>
                            <label description="Section" languagecode="1033" />
                          </labels>
                          <rows>
                            <row>
                              <cell id="{32e1b633-037b-3b2d-9ca5-778e4c228b38}" showlabel="true" locklevel="0">
                                <labels>
                                  <label description="Tracking General Service Duration" languagecode="1033" />
                                </labels>
                                <control id="fdr_tgs_duration" classid="{AA987274-CE4E-4271-A803-66164311A958}" datafieldname="fdr_tgs_duration" disabled="false" />
                              </cell>
                            </row>
                            <row>
                              <cell id="{8d7b6764-4d77-2d1b-d328-6c8d5b63add0}" showlabel="true" locklevel="0">
                                <labels>
                                  <label description="Tracking General Service Performance Start" languagecode="1033" />
                                </labels>
                                <control id="fdr_tgs_start" classid="{5B773807-9FB2-42db-97C3-7A91EFF8ADFF}" datafieldname="fdr_tgs_start" disabled="false" />
                              </cell>
                            </row>
                            <row>
                              <cell id="{b1be5abc-cc20-45c2-8e16-62a2e0aa50d8}" showlabel="true" locklevel="0">
                                <labels>
                                  <label description="Tracking Service Standard Duration" languagecode="1033" />
                                </labels>
                                <control id="fdr_tss_duration" classid="{AA987274-CE4E-4271-A803-66164311A958}" datafieldname="fdr_tss_duration" disabled="false" />
                              </cell>
                            </row>
                            <row>
                              <cell id="{a41da547-59d5-4134-5e37-29126297a4cc}" showlabel="true" locklevel="0">
                                <labels>
                                  <label description="Tracking Service Standard Performance Start" languagecode="1033" />
                                </labels>
                                <control id="fdr_tss_start" classid="{5B773807-9FB2-42db-97C3-7A91EFF8ADFF}" datafieldname="fdr_tss_start" disabled="false" />
                              </cell>
                            </row>
                          </rows>
                        </section>
                      </sections>
                    </column>
                  </columns>
                </tab>
                <tab name="tab_TimeTracking" id="efab1a7e-e076-4d6f-bd97-48263e400a96" IsUserDefined="0" locklevel="0" showlabel="true">
                  <labels>
                    <label description="Time Tracking" languagecode="1033" />
                  </labels>
                  <columns>
                    <column width="100%">
                      <sections>
                        <section name="tab_6_section_1" id="8716442d-c849-42fe-b176-b1850a70aba7" IsUserDefined="0" locklevel="0" showlabel="true" showbar="false" layout="varwidth" celllabelalignment="Left" celllabelposition="Left" columns="1" labelwidth="115">
                          <labels>
                            <label description="TIME TRACKING" languagecode="1033" />
                          </labels>
                          <rows>
                            <row>
                              <cell locklevel="0" id="{e8316eaf-fe3b-4446-bad7-ad32e8540218}" rowspan="6" colspan="1" auto="false" showlabel="false">
                                <labels>
                                  <label description="TIME TRACKING" languagecode="1033" />
                                </labels>
                                <control indicationOfSubgrid="true" id="Subgrid_new_4" classid="{F9A8A302-114E-466A-B582-6771B2AE0D92}" uniqueid="{3dbd13e0-7172-89cd-b79e-3073933140e5}">
                                  <parameters>
                                    <RecordsPerPage>4</RecordsPerPage>
                                    <AutoExpand>Fixed</AutoExpand>
                                    <EnableQuickFind>false</EnableQuickFind>
                                    <EnableViewPicker>false</EnableViewPicker>
                                    <EnableChartPicker>true</EnableChartPicker>
                                    <ChartGridMode>All</ChartGridMode>
                                    <TargetEntityType>fdr_servicerequestservicetask</TargetEntityType>
                                    <ViewId>{F1130ECD-3C0E-42E4-AB04-FE5417F21D6E}</ViewId>
                                    <ViewIds>{F1130ECD-3C0E-42E4-AB04-FE5417F21D6E}</ViewIds>
                                    <RelationshipName>fdr_fdr_servicerequestservicetask_servicerequ</RelationshipName>
                                    <HeaderColorCode>#F3F3F3</HeaderColorCode>
                                    <IsUserView>false</IsUserView>
                                    <EnableJumpBar>false</EnableJumpBar>
                                    <VisualizationId />
                                    <IsUserChart>false</IsUserChart>
                                  </parameters>
                                </control>
                              </cell>
                            </row>
                            <row />
                            <row />
                            <row />
                            <row />
                            <row />
                          </rows>
                        </section>
                      </sections>
                    </column>
                  </columns>
                </tab>
                <tab name="tab_2" id="7c42c1da-0d4f-4b38-bff6-9e1b41294c38" IsUserDefined="0" locklevel="0" showlabel="true">
                  <labels>
                    <label description="Record Log" languagecode="1033" />
                  </labels>
                  <columns>
                    <column width="100%">
                      <sections>
                        <section name="tab_2_section_1" id="92949eb7-c80e-4bee-9da3-6f7da8d116b1" IsUserDefined="0" locklevel="0" showlabel="false" showbar="false" layout="varwidth" celllabelalignment="Left" celllabelposition="Left" columns="11" labelwidth="115">
                          <labels>
                            <label description="New Section" languagecode="1033" />
                          </labels>
                          <rows>
                            <row>
                              <cell id="{f54e1f3c-541c-4ee6-b867-200389525331}" locklevel="0" colspan="1" rowspan="1">
                                <labels>
                                  <label description="Created By" languagecode="1033" />
                                  <label description="Créé par" languagecode="1036" />
                                </labels>
                                <control id="createdby" classid="{270BD3DB-D9AF-4782-9025-509E298DEC0A}" datafieldname="createdby" disabled="false" />
                              </cell>
                              <cell id="{b3e5e731-ac4f-4ff1-b59d-d4d9b1fd682c}" locklevel="0" colspan="1" rowspan="1">
                                <labels>
                                  <label description="Created On" languagecode="1033" />
                                  <label description="Créé le" languagecode="1036" />
                                </labels>
                                <control id="createdon" classid="{5B773807-9FB2-42DB-97C3-7A91EFF8ADFF}" datafieldname="createdon" disabled="false" />
                              </cell>
                            </row>
                            <row>
                              <cell id="{1422fe5a-33ce-4c64-b910-7afcca4d3eab}" locklevel="0" colspan="1" rowspan="1">
                                <labels>
                                  <label description="Modified By" languagecode="1033" />
                                  <label description="Modifié par" languagecode="1036" />
                                </labels>
                                <control id="modifiedby" classid="{270BD3DB-D9AF-4782-9025-509E298DEC0A}" datafieldname="modifiedby" disabled="false" />
                              </cell>
                              <cell id="{6205a9c5-ef20-4dbf-b011-b2cdfa6151b1}" locklevel="0" colspan="1" rowspan="1">
                                <labels>
                                  <label description="Modified On" languagecode="1033" />
                                  <label description="Modifié le" languagecode="1036" />
                                </labels>
                                <control id="modifiedon" classid="{5B773807-9FB2-42DB-97C3-7A91EFF8ADFF}" datafieldname="modifiedon" disabled="false" />
                              </cell>
                            </row>
                          </rows>
                        </section>
                      </sections>
                    </column>
                  </columns>
                </tab>
              </tabs>
              <header id="{ddf7e997-54fc-484e-a772-78a3b90019bd}" celllabelposition="Top" columns="111" labelwidth="115" celllabelalignment="Left">
                <rows>
                  <row>
                    <cell id="{aa5aa4d7-b4ea-425a-bb83-d89b47ca9d72}" showlabel="false">
                      <labels>
                        <label description="" languagecode="1033" />
                      </labels>
                    </cell>
                    <cell id="{2231d506-49ca-4ac8-b50a-dd3c41a74154}" showlabel="false">
                      <labels>
                        <label description="" languagecode="1033" />
                      </labels>
                    </cell>
                    <cell id="{c91d05af-0fa6-4fcc-aff3-b362321761ef}" showlabel="false">
                      <labels>
                        <label description="" languagecode="1033" />
                      </labels>
                    </cell>
                    <cell id="{16577e36-9094-41c1-a8bc-205877982c56}" locklevel="0" colspan="1" rowspan="1">
                      <labels>
                        <label description="Account" languagecode="1033" />
                      </labels>
                      <control id="header_fdr_site" classid="{270BD3DB-D9AF-4782-9025-509E298DEC0A}" datafieldname="fdr_site" disabled="false" />
                    </cell>
                    <cell id="{47266b73-9072-49d0-8817-6d5691246040}" locklevel="0" colspan="1" rowspan="1">
                      <labels>
                        <label description="Operation" languagecode="1033" />
                      </labels>
                      <control id="header_fdr_operation" classid="{270BD3DB-D9AF-4782-9025-509E298DEC0A}" datafieldname="fdr_operation" disabled="false" />
                    </cell>
                    <cell id="{a1bfbb70-f34d-4870-90a2-dc52fc01596d}" locklevel="0" colspan="1" rowspan="1">
                      <labels>
                        <label description="Current Operation Status" languagecode="1033" />
                      </labels>
                      <control id="header_fdr_operationstatus" classid="{3EF39988-22BB-4F0B-BBBE-64B5A3748AEE}" datafieldname="fdr_operationstatus" disabled="false" />
                    </cell>
                    <cell id="{7e0b3029-ed87-49a8-91e8-e857f71e6e35}" locklevel="0" colspan="1" rowspan="1">
                      <labels>
                        <label description="Status Reason" languagecode="1033" />
                        <label description="Raison du statut" languagecode="1036" />
                      </labels>
                      <control id="header_statuscode" classid="{3EF39988-22BB-4F0B-BBBE-64B5A3748AEE}" datafieldname="statuscode" disabled="false" />
                    </cell>
                    <cell id="{cd9a8c4d-2e8d-4ee8-9b15-540728a50978}" locklevel="0" colspan="1" rowspan="1">
                      <labels>
                        <label description="Status" languagecode="1033" />
                        <label description="Statut" languagecode="1036" />
                      </labels>
                      <control id="header_statecode" classid="{3EF39988-22BB-4F0B-BBBE-64B5A3748AEE}" datafieldname="statecode" disabled="false" />
                    </cell>
                    <cell locklevel="0" id="{2d4dfa2e-c74a-4f5e-9351-1a81a1da1fcf}" showlabel="false">
                      <labels>
                        <label description="" languagecode="1033" />
                      </labels>
                    </cell>
                    <cell locklevel="0" id="{ef08cacb-db2a-4b6b-9cf8-2aaaa6433ebf}" showlabel="false">
                      <labels>
                        <label description="" languagecode="1033" />
                      </labels>
                    </cell>
                  </row>
                </rows>
              </header>
              <footer id="{0aaa7f88-d50c-45ae-a8d7-e50efe710eff}" celllabelposition="Top" columns="111" labelwidth="115" celllabelalignment="Left">
                <rows>
                  <row>
                    <cell id="{2a7ae789-dd42-4131-a095-ae1257684ccc}" showlabel="false">
                      <labels>
                        <label description="" languagecode="1033" />
                      </labels>
                    </cell>
                    <cell id="{9ceabab0-20de-4ce1-95b9-d3a4b39e4489}" showlabel="false">
                      <labels>
                        <label description="" languagecode="1033" />
                      </labels>
                    </cell>
                    <cell id="{348583d5-da8e-4805-bc37-53d1fbc0a080}" showlabel="false">
                      <labels>
                        <label description="" languagecode="1033" />
                      </labels>
                    </cell>
                  </row>
                </rows>
              </footer>
              <Navigation>
                <NavBar />
                <NavBarAreas>
                  <NavBarArea Id="Info">
                    <Titles>
                      <Title LCID="1033" Text="Common" />
                    </Titles>
                  </NavBarArea>
                  <NavBarArea Id="Sales">
                    <Titles>
                      <Title LCID="1033" Text="Sales" />
                    </Titles>
                  </NavBarArea>
                  <NavBarArea Id="Service">
                    <Titles>
                      <Title LCID="1033" Text="Service" />
                    </Titles>
                  </NavBarArea>
                  <NavBarArea Id="Marketing">
                    <Titles>
                      <Title LCID="1033" Text="Marketing" />
                    </Titles>
                  </NavBarArea>
                  <NavBarArea Id="ProcessCenter">
                    <Titles>
                      <Title LCID="1033" Text="Process Sessions" />
                    </Titles>
                  </NavBarArea>
                </NavBarAreas>
              </Navigation>
              <controlDescriptions>
                <controlDescription forControl="{3dbd13e0-7172-89cd-b79e-3073933140e5}">
                  <customControl id="{E7A81278-8635-4D9E-8D4D-59480B391C5B}" formFactor="0">
                    <parameters />
                  </customControl>
                  <customControl formFactor="1" name="MscrmControls.Grid.GridControl">
                    <parameters>
                      <data-set name="Grid">
                        <ViewId>{F1130ECD-3C0E-42E4-AB04-FE5417F21D6E}</ViewId>
                        <columnsDefaultView />
                        <IsUserView>false</IsUserView>
                        <RelationshipName>fdr_fdr_servicerequestservicetask_servicerequ</RelationshipName>
                        <TargetEntityType>fdr_servicerequestservicetask</TargetEntityType>
                        <EnableViewPicker>false</EnableViewPicker>
                        <FilteredViewIds>{F1130ECD-3C0E-42E4-AB04-FE5417F21D6E}</FilteredViewIds>
                      </data-set>
                      <EnableGroupBy static="true" type="Enum">yes</EnableGroupBy>
                      <EnableEditing static="true" type="Enum">yes</EnableEditing>
                      <ReflowBehavior static="true" type="Enum">GridOnly</ReflowBehavior>
                      <ListLayoutDirection static="true" type="Enum">Vertical</ListLayoutDirection>
                      <EnableSubGridAutoCollapse static="true" type="Enum">false</EnableSubGridAutoCollapse>
                      <EnableFiltering static="true" type="Enum">yes</EnableFiltering>
                      <HideNestedGridColumnHeader static="true" type="Enum">no</HideNestedGridColumnHeader>
                      <EnableJumpBar static="true" type="Enum">yes</EnableJumpBar>
                    </parameters>
                  </customControl>
                  <customControl formFactor="2" name="MscrmControls.Grid.GridControl">
                    <parameters>
                      <data-set name="Grid">
                        <ViewId>{F1130ECD-3C0E-42E4-AB04-FE5417F21D6E}</ViewId>
                        <columnsDefaultView />
                        <IsUserView>false</IsUserView>
                        <RelationshipName>fdr_fdr_servicerequestservicetask_servicerequ</RelationshipName>
                        <TargetEntityType>fdr_servicerequestservicetask</TargetEntityType>
                        <EnableViewPicker>false</EnableViewPicker>
                        <FilteredViewIds>{F1130ECD-3C0E-42E4-AB04-FE5417F21D6E}</FilteredViewIds>
                      </data-set>
                      <EnableGroupBy static="true" type="Enum">yes</EnableGroupBy>
                      <EnableEditing static="true" type="Enum">yes</EnableEditing>
                      <ReflowBehavior static="true" type="Enum">GridOnly</ReflowBehavior>
                      <ListLayoutDirection static="true" type="Enum">Vertical</ListLayoutDirection>
                      <EnableSubGridAutoCollapse static="true" type="Enum">false</EnableSubGridAutoCollapse>
                      <EnableFiltering static="true" type="Enum">yes</EnableFiltering>
                      <HideNestedGridColumnHeader static="true" type="Enum">no</HideNestedGridColumnHeader>
                      <EnableJumpBar static="true" type="Enum">yes</EnableJumpBar>
                    </parameters>
                  </customControl>
                </controlDescription>
              </controlDescriptions>
              <formLibraries>
                <Library name="qm_globalHelper.js" libraryUniqueId="{98524737-ebc2-8612-bc84-7b6c344c3817}" />
              </formLibraries>
              <DisplayConditions Order="0" FallbackForm="true">
                <Everyone />
              </DisplayConditions>
            </form>
            <IsCustomizable>1</IsCustomizable>
            <CanBeDeleted>1</CanBeDeleted>
            <LocalizedNames>
              <LocalizedName description="Information" languagecode="1033" />
            </LocalizedNames>
            <Descriptions>
              <Description description="A form for this entity." languagecode="1033" />
            </Descriptions>
          </systemform>
        </forms>
      </FormXml>
      <RibbonDiffXml>
        <CustomActions />
        <Templates>
          <RibbonTemplates Id="Mscrm.Templates"></RibbonTemplates>
        </Templates>
        <CommandDefinitions />
        <RuleDefinitions>
          <TabDisplayRules />
          <DisplayRules />
          <EnableRules />
        </RuleDefinitions>
        <LocLabels />
      </RibbonDiffXml>
    </Entity>
  </Entities>
  <Roles></Roles>
  <Workflows></Workflows>
  <FieldSecurityProfiles></FieldSecurityProfiles>
  <Templates />
  <EntityMaps />
  <EntityRelationships />
  <OrganizationSettings />
  <optionsets />
  <CustomControls />
  <EntityDataProviders />
  <Languages>
    <Language>1033</Language>
    <Language>1036</Language>
  </Languages>
</ImportExportXml>