{"properties":{"connectionReferences":{"shared_commondataservice_1":{"runtimeSource":"embedded","connection":{"connectionReferenceLogicalName":"ovs_sharedcommondataservice_09099"},"api":{"name":"shared_commondataservice"}},"shared_commondataserviceforapps_1":{"runtimeSource":"embedded","connection":{"connectionReferenceLogicalName":"ovs_sharedcommondataserviceforapps_463ed"},"api":{"name":"shared_commondataserviceforapps"}},"shared_wordonlinebusiness_1":{"runtimeSource":"embedded","connection":{"connectionReferenceLogicalName":"ovs_sharedwordonlinebusiness_93332"},"api":{"name":"shared_wordonlinebusiness"}},"shared_sharepointonline":{"runtimeSource":"embedded","connection":{"connectionReferenceLogicalName":"qm_sharedsharepointonline_7b0bb"},"api":{"name":"shared_sharepointonline"}},"shared_sharepointonline_1":{"runtimeSource":"embedded","connection":{"connectionReferenceLogicalName":"ovs_sharedsharepointonline_06687"},"api":{"name":"shared_sharepointonline"}},"shared_azureblob":{"runtimeSource":"embedded","connection":{"connectionReferenceLogicalName":"qm_sharedazureblob_3105f"},"api":{"name":"shared_azureblob"}}},"definition":{"$schema":"https://schema.management.azure.com/providers/Microsoft.Logic/schemas/2016-06-01/workflowdefinition.json#","contentVersion":"1.0.0.0","parameters":{"$connections":{"defaultValue":{},"type":"Object"},"$authentication":{"defaultValue":{},"type":"SecureObject"}},"triggers":{"manual":{"splitOn":"@triggerBody()['rows']","type":"Request","kind":"ApiConnection","inputs":{"schema":{"type":"object","properties":{"rows":{"type":"array","items":{"type":"object","properties":{"date":{"title":"Report date","type":"string","format":"date","x-ms-dynamically-added":true,"description":"Please enter or select a date (YYYY-MM-DD)","x-ms-content-hint":"DATE"},"number":{"title":"Number of calendar days","type":"number","x-ms-dynamically-added":true,"description":"Please enter a number","x-ms-content-hint":"NUMBER"},"entity":{"type":"object","properties":{"_msdyn_serviceaccount_value":{"title":"Site","type":"string","format":"guid"},"_ovs_primaryinspector_value":{"title":"Primary Inspector","type":"string","format":"guid"},"msdyn_name":{"title":"Work Order Number","type":"string"}},"required":["_msdyn_serviceaccount_value","_ovs_primaryinspector_value","msdyn_name"]}},"required":["date","number","entity"]}}},"required":["rows"]},"host":{"connection":{"name":"@parameters('$connections')['shared_commondataservice_1']['connectionId']"}},"operationId":"GetOnNewItems_V2","parameters":{"dataset":"default.cds","table":"msdyn_workorders"}}}},"actions":{"Clean_WO_guid":{"runAfter":{},"type":"InitializeVariable","inputs":{"variables":[{"name":"WOid","type":"string","value":"@{toUpper(replace(triggerBody()?['entity']?['msdyn_workorderid'],'-',''))}"}]}},"Get_Site_and_Primary_Contact":{"runAfter":{"Clean_WO_guid":["Succeeded"]},"type":"OpenApiConnection","inputs":{"host":{"connectionName":"shared_commondataserviceforapps_1","operationId":"GetItem","apiId":"/providers/Microsoft.PowerApps/apis/shared_commondataserviceforapps"},"parameters":{"entityName":"accounts","recordId":"@triggerBody()?['entity']?['_msdyn_serviceaccount_value']","$select":"name,address1_composite","$expand":"primarycontactid($select=jobtitle,fullname)"},"authentication":{"type":"Raw","value":"@json(decodeBase64(triggerOutputs().headers['X-MS-APIM-Tokens']))['$ConnectionKey']"}}},"Get_Primary_Inspector":{"runAfter":{"Get_Site_and_Primary_Contact":["Succeeded"]},"type":"OpenApiConnection","inputs":{"host":{"connectionName":"shared_commondataserviceforapps_1","operationId":"GetItem","apiId":"/providers/Microsoft.PowerApps/apis/shared_commondataserviceforapps"},"parameters":{"entityName":"bookableresources","recordId":"@triggerBody()?['entity']?['_ovs_primaryinspector_value']","$select":"name"},"authentication":{"type":"Raw","value":"@json(decodeBase64(triggerOutputs().headers['X-MS-APIM-Tokens']))['$ConnectionKey']"}}},"Populate_a_Microsoft_Word_template":{"runAfter":{"Get_Primary_Inspector":["Succeeded"]},"metadata":{"01QZYBJ7DUIHXMEBBFMNDILEUUO6X3CGWD":"/Inspection Report Templates/InspectionReportWO_Violations_NoCrmBinding_V1.docx","01QZYBJ7ASBAGEM5CVJVGJ2DVOJNG6TG37":"/Inspection Report Templates/Inspection report without violations EN.docx"},"type":"OpenApiConnection","inputs":{"host":{"connectionName":"shared_wordonlinebusiness_1","operationId":"CreateFileItem","apiId":"/providers/Microsoft.PowerApps/apis/shared_wordonlinebusiness"},"parameters":{"source":"sites/034gc.sharepoint.com,140da73b-4423-4443-a812-e623d6d857c4,f2a2589e-2eec-4642-9280-443640f88211","drive":"b!O6cNFCNEQ0SoEuYj1thXxJ5YovLsLkJGkoBENkD4ghHOwr7dpePzS7BlI7DR0NOV","file":"01QZYBJ7ASBAGEM5CVJVGJ2DVOJNG6TG37"},"authentication":{"type":"Raw","value":"@json(decodeBase64(triggerOutputs().headers['X-MS-APIM-Tokens']))['$ConnectionKey']"}}},"File_Path_Blob":{"runAfter":{"Populate_a_Microsoft_Word_template":["Succeeded"]},"type":"InitializeVariable","inputs":{"variables":[{"name":"filePathBlob","type":"string","value":"@{triggerBody()?['entity']?['msdyn_name']}_@{variables('WOid')}/InspectionReport/@{outputs('Get_Site_and_Primary_Contact')?['body/name']}_@{triggerBody()['date']}.pdf"}]}},"SP_Folder_Path":{"runAfter":{"File_Path_Blob":["Succeeded"]},"type":"InitializeVariable","inputs":{"variables":[{"name":"SPfolderPath","type":"string","value":"/@{triggerBody()?['entity']?['msdyn_name']}_@{variables('WOid')}"}]}},"File_Name_SharePoint":{"runAfter":{"SP_Folder_Path":["Succeeded"]},"type":"InitializeVariable","inputs":{"variables":[{"name":"fileNameSP","type":"string","value":"@{outputs('Get_Site_and_Primary_Contact')?['body/name']}_@{triggerBody()['date']}.docx"}]}},"Create_new_folder__in_SharePoint":{"runAfter":{"File_Name_SharePoint":["Succeeded"]},"type":"OpenApiConnection","inputs":{"host":{"connectionName":"shared_sharepointonline","operationId":"CreateNewFolder","apiId":"/providers/Microsoft.PowerApps/apis/shared_sharepointonline"},"parameters":{"dataset":"https://034gc.sharepoint.com/sites/SamuraiTeam","table":"ddbec2ce-e3a5-4bf3-b065-23b0d1d0d395","parameters/path":"/Reports@{variables('SPfolderPath')}"},"authentication":{"type":"Raw","value":"@json(decodeBase64(triggerOutputs().headers['X-MS-APIM-Tokens']))['$ConnectionKey']"}}},"Create_file_in_SharePoint":{"runAfter":{"Create_new_folder__in_SharePoint":["Succeeded"]},"type":"OpenApiConnection","inputs":{"host":{"connectionName":"shared_sharepointonline_1","operationId":"CreateFile","apiId":"/providers/Microsoft.PowerApps/apis/shared_sharepointonline"},"parameters":{"dataset":"https://034gc.sharepoint.com/sites/SamuraiTeam","folderPath":"@outputs('Create_new_folder__in_SharePoint')?['body/{FullPath}']","name":"@variables('fileNameSP')","body":"@outputs('Populate_a_Microsoft_Word_template')?['body']"},"authentication":{"type":"Raw","value":"@json(decodeBase64(triggerOutputs().headers['X-MS-APIM-Tokens']))['$ConnectionKey']"}},"runtimeConfiguration":{"contentTransfer":{"transferMode":"Chunked"}}},"Convert_Word_Document_to_PDF":{"runAfter":{"Create_file_in_SharePoint":["Succeeded"]},"type":"OpenApiConnection","inputs":{"host":{"connectionName":"shared_wordonlinebusiness_1","operationId":"GetFilePDF","apiId":"/providers/Microsoft.PowerApps/apis/shared_wordonlinebusiness"},"parameters":{"source":"sites/034gc.sharepoint.com,140da73b-4423-4443-a812-e623d6d857c4,f2a2589e-2eec-4642-9280-443640f88211","drive":"b!O6cNFCNEQ0SoEuYj1thXxJ5YovLsLkJGkoBENkD4ghHOwr7dpePzS7BlI7DR0NOV","file":"/Reports@{variables('SPfolderPath')}/@{variables('fileNameSP')}"},"authentication":{"type":"Raw","value":"@json(decodeBase64(triggerOutputs().headers['X-MS-APIM-Tokens']))['$ConnectionKey']"}}},"Create_PDF_file_blob":{"runAfter":{"Convert_Word_Document_to_PDF":["Succeeded"]},"type":"OpenApiConnection","inputs":{"host":{"connectionName":"shared_azureblob","operationId":"CreateFile","apiId":"/providers/Microsoft.PowerApps/apis/shared_azureblob"},"parameters":{"folderPath":"/msdynworkorder","name":"@variables('filePathBlob')","body":"@outputs('Convert_Word_Document_to_PDF')?['body']","Content-Type":"application/pdf"},"authentication":{"type":"Raw","value":"@json(decodeBase64(triggerOutputs().headers['X-MS-APIM-Tokens']))['$ConnectionKey']"}},"runtimeConfiguration":{"contentTransfer":{"transferMode":"Chunked"}}},"Delete_word_from_SharePoint":{"runAfter":{"Create_PDF_file_blob":["Succeeded"]},"type":"OpenApiConnection","inputs":{"host":{"connectionName":"shared_sharepointonline_1","operationId":"DeleteItem","apiId":"/providers/Microsoft.PowerApps/apis/shared_sharepointonline"},"parameters":{"dataset":"https://034gc.sharepoint.com/sites/SamuraiTeam","table":"Documents","id":"@outputs('Create_new_folder__in_SharePoint')?['body/ID']"},"authentication":{"type":"Raw","value":"@json(decodeBase64(triggerOutputs().headers['X-MS-APIM-Tokens']))['$ConnectionKey']"}}}},"outputs":{}}},"schemaVersion":"1.0.0.0"}