<ImportExportXml xmlns:xsi="http://www.w3.org/2001/XMLSchema-instance">
  <Entities>
    <Entity>
      <Name LocalizedName="CID Invitation " OriginalName="CID Invitation ">cid_invitation</Name>
      <FormXml>
        <forms type="main">
          <systemform>
            <formid>{d0f2f418-fe55-44ac-b334-f5bd1b2f9e72}</formid>
            <IntroducedVersion>1.0</IntroducedVersion>
            <FormPresentation>1</FormPresentation>
            <FormActivationState>1</FormActivationState>
            <form headerdensity="HighWithControls">
              <tabs>
                <tab verticallayout="true" id="{78494ced-1bc0-4970-936b-89f1467b79c4}" IsUserDefined="1">
                  <labels>
                    <label description="General" languagecode="1033" />
                    <label description="Général" languagecode="1036" />
                  </labels>
                  <columns>
                    <column width="100%">
                      <sections>
                        <section showlabel="false" showbar="false" IsUserDefined="0" id="{c3fc37a0-644e-4727-948d-c88e8de48384}" columns="11">
                          <labels>
                            <label description="General" languagecode="1033" />
                            <label description="Général" languagecode="1036" />
                          </labels>
                          <rows>
                            <row>
                              <cell id="{abbd084c-31df-48b9-ac03-2751b750b398}">
                                <labels>
                                  <label description="Name" languagecode="1033" />
                                </labels>
                                <control id="cid_name" classid="{4273EDBD-AC1D-40d3-9FB2-095C621B552D}" datafieldname="cid_name" />
                              </cell>
                              <cell id="{ba8677aa-43f9-4ab5-934e-93a6e6fe2141}" locklevel="0" colspan="1" rowspan="1">
                                <labels>
                                  <label description="Company Name" languagecode="1033" />
                                </labels>
                                <control id="cid_companyname" classid="{270BD3DB-D9AF-4782-9025-509E298DEC0A}" datafieldname="cid_companyname" disabled="true" />
                              </cell>
                            </row>
                            <row>
                              <cell id="{1e287bbb-3a76-47aa-9f96-2ff16116ed25}" locklevel="0" colspan="1" rowspan="1">
                                <labels>
                                  <label description="Invitation" languagecode="1033" />
                                </labels>
                                <control id="cid_invitation" classid="{270BD3DB-D9AF-4782-9025-509E298DEC0A}" datafieldname="cid_invitation" disabled="true" />
                              </cell>
                              <cell id="{8112bace-69ec-47e0-816f-2c91de36c7b4}" locklevel="0" colspan="1" rowspan="1">
                                <labels>
                                  <label description="Company Address" languagecode="1033" />
                                </labels>
                                <control id="cid_companyaddress" classid="{4273EDBD-AC1D-40D3-9FB2-095C621B552D}" datafieldname="cid_companyaddress" disabled="true" />
                              </cell>
                            </row>
                            <row>
                              <cell id="{9619f2eb-13b4-435f-8194-8748aa81825e}" locklevel="0" colspan="1" rowspan="1">
                                <labels>
                                  <label description="Invited Contact" languagecode="1033" />
                                </labels>
                                <control id="cid_invitedcontact" classid="{270BD3DB-D9AF-4782-9025-509E298DEC0A}" datafieldname="cid_invitedcontact" disabled="true" />
                              </cell>
                              <cell id="{f51c1df7-bbfd-4db1-8da5-51f77f036c49}" locklevel="0" colspan="1" rowspan="1">
                                <labels>
                                  <label description="Company Status" languagecode="1033" />
                                </labels>
                                <control id="cid_companystatus" classid="{3EF39988-22BB-4F0B-BBBE-64B5A3748AEE}" datafieldname="cid_companystatus" disabled="true" />
                              </cell>
                            </row>
                            <row>
                              <cell id="{bed3e6fd-0973-4da9-98c3-b9caae05238f}" locklevel="0" colspan="1" rowspan="1">
                                <labels>
                                  <label description="Invitation Sent On" languagecode="1033" />
                                </labels>
                                <control id="cid_invitationsenton" classid="{5B773807-9FB2-42DB-97C3-7A91EFF8ADFF}" datafieldname="cid_invitationsenton" disabled="true" />
                              </cell>
                              <cell id="{b8391b69-029c-4939-ab76-8003b3c13843}" locklevel="0" colspan="1" rowspan="1">
                                <labels>
                                  <label description="Company Province" languagecode="1033" />
                                </labels>
                                <control id="cid_companyprovince" classid="{3EF39988-22BB-4F0B-BBBE-64B5A3748AEE}" datafieldname="cid_companyprovince" disabled="true" />
                              </cell>
                            </row>
                            <row>
                              <cell id="{d715e09d-8149-4aaa-9a3e-597da460629f}" locklevel="0" colspan="1" rowspan="1">
                                <labels>
                                  <label description="Invited Contact Email" languagecode="1033" />
                                </labels>
                                <control id="cid_invitedcontactemail" classid="{ADA2203E-B4CD-49BE-9DDF-234642B43B52}" datafieldname="cid_invitedcontactemail" disabled="true" />
                              </cell>
                              <cell id="{0a62bf73-1f01-42b5-91bf-7d43b2af965e}" locklevel="0" colspan="1" rowspan="1">
                                <labels>
                                  <label description="Invitation Valid Until" languagecode="1033" />
                                </labels>
                                <control id="cid_invitationvaliduntil" classid="{5B773807-9FB2-42DB-97C3-7A91EFF8ADFF}" datafieldname="cid_invitationvaliduntil" disabled="true" />
                              </cell>
                            </row>
                            <row>
                              <cell id="{276b0dd0-db94-4e24-ab68-b9abf0a7c9c1}">
                                <labels>
                                  <label description="Owner" languagecode="1033" />
                                </labels>
                                <control id="ownerid" classid="{270BD3DB-D9AF-4782-9025-509E298DEC0A}" datafieldname="ownerid" />
                              </cell>
                              <cell locklevel="0" id="{f09c9812-4407-4c7a-9c14-28664b575cec}">
                                <labels>
                                  <label description="" languagecode="1036" />
                                </labels>
                              </cell>
                            </row>
                          </rows>
                        </section>
                      </sections>
                    </column>
                  </columns>
                </tab>
              </tabs>
              <header id="{9e0f00bc-fb31-48f5-a6d0-e2163e4ea3fa}" celllabelposition="Top" columns="111" labelwidth="115" celllabelalignment="Left">
                <rows>
                  <row>
                    <cell id="{c27bbda5-75f9-4b98-b45c-65a0c9abdc5c}" showlabel="false">
                      <labels>
                        <label description="" languagecode="1036" />
                      </labels>
                    </cell>
                    <cell id="{61ef20d8-969d-4cd8-b71c-b66bbd98db8d}" showlabel="false">
                      <labels>
                        <label description="" languagecode="1036" />
                      </labels>
                    </cell>
                    <cell id="{4a975c1a-aa37-4b44-9950-748e6fe65484}" showlabel="false">
                      <labels>
                        <label description="" languagecode="1036" />
                      </labels>
                    </cell>
                  </row>
                </rows>
              </header>
              <footer id="{08533959-a9fb-46c0-9846-fd13286e05b0}" celllabelposition="Top" columns="111" labelwidth="115" celllabelalignment="Left">
                <rows>
                  <row>
                    <cell id="{37280955-590e-4200-a958-2747d550bfaa}" showlabel="false">
                      <labels>
                        <label description="" languagecode="1036" />
                      </labels>
                    </cell>
                    <cell id="{99e5e8ca-2888-4492-919b-43faacf9a847}" showlabel="false">
                      <labels>
                        <label description="" languagecode="1036" />
                      </labels>
                    </cell>
                    <cell id="{b7a7f3ab-d45c-433a-949d-92eb2654b606}" showlabel="false">
                      <labels>
                        <label description="" languagecode="1036" />
                      </labels>
                    </cell>
                  </row>
                </rows>
              </footer>
              <DisplayConditions Order="0" FallbackForm="true">
                <Everyone />
              </DisplayConditions>
            </form>
            <IsCustomizable>1</IsCustomizable>
            <CanBeDeleted>1</CanBeDeleted>
            <LocalizedNames>
              <LocalizedName description="Information" languagecode="1033" />
            </LocalizedNames>
            <Descriptions>
              <Description description="A form for this entity." languagecode="1033" />
            </Descriptions>
          </systemform>
        </forms>
      </FormXml>
      <RibbonDiffXml>
        <CustomActions>
          <CustomAction Id="cid.cid_invitation.Button2.Button.cid.cid_invitation.SendInvitation.Button.CustomAction" Location="Mscrm.Form.cid_invitation.MainTab.Save.Controls._children" Sequence="49">
            <CommandUIDefinition>
              <Button Command="cid.cid_invitation.Button2.Button.cid.cid_invitation.SendInvitation.Button" Id="cid.cid_invitation.Button2.Button.cid.cid_invitation.SendInvitation.Button" Image16by16="" LabelText="$LocLabels:cid.cid_invitation.Button2.Button.cid.cid_invitation.SendInvitation.Button.LabelText" Sequence="49" TemplateAlias="o1" ToolTipTitle="$LocLabels:cid.cid_invitation.Button2.Button.cid.cid_invitation.SendInvitation.Button.ToolTipTitle" ToolTipDescription="$LocLabels:cid.cid_invitation.Button2.Button.cid.cid_invitation.SendInvitation.Button.ToolTipDescription" ModernImage="$webresource:adx_create_invitation.svg" />
            </CommandUIDefinition>
          </CustomAction>
          <CustomAction Id="cid.cid_invitation.Button4.Button.Mscrm.HomepageGrid.cid_invitation.NewRecord.CustomAction" Location="Mscrm.HomepageGrid.cid_invitation.MainTab.Management.Controls._children" Sequence="10">
            <CommandUIDefinition>
              <Button Alt="$Resources:Ribbon.HomepageGrid.MainTab.New" Command="cid.cid_invitation.Button4.Button.Mscrm.HomepageGrid.cid_invitation.NewRecord" Id="cid.cid_invitation.Button4.Button.Mscrm.HomepageGrid.cid_invitation.NewRecord" Image32by32="/_imgs/ribbon/newrecord32.png" Image16by16="/_imgs/ribbon/New_16.png" LabelText="$Resources:Ribbon.HomepageGrid.MainTab.New" Sequence="10" TemplateAlias="o1" ToolTipTitle="$Resources:Ribbon.HomepageGrid.MainTab.New" ToolTipDescription="$Resources(EntityDisplayName):Ribbon.Tooltip.New" ModernImage="New" />
            </CommandUIDefinition>
          </CustomAction>
          <CustomAction Id="cid.cid_invitation.SendInvitation.Button.CustomAction" Location="Mscrm.HomepageGrid.cid_invitation.MainTab.Management.Controls._children" Sequence="41">
            <CommandUIDefinition>
              <Button Command="cid.cid_invitation.SendInvitation.Command" Id="cid.cid_invitation.SendInvitation.Button" Image16by16="" LabelText="$LocLabels:cid.cid_invitation.SendInvitation.Button.LabelText" Sequence="41" TemplateAlias="o2" ToolTipTitle="$LocLabels:cid.cid_invitation.SendInvitation.Button.ToolTipTitle" ToolTipDescription="$LocLabels:cid.cid_invitation.SendInvitation.Button.ToolTipDescription" ModernImage="$webresource:adx_create_invitation.svg" />
            </CommandUIDefinition>
          </CustomAction>
          <HideCustomAction HideActionId="cid.Mscrm.HomepageGrid.cid_invitation.NewRecord.Hide" Location="Mscrm.HomepageGrid.cid_invitation.NewRecord" />
          <HideCustomAction HideActionId="cid.Mscrm.HomepageGrid.cid_invitation.NewRecordForBPFEntity.Hide" Location="Mscrm.HomepageGrid.cid_invitation.NewRecordForBPFEntity" />
          <CustomAction Id="cid.Mscrm.SubGrid.cid_invitation.Edit.CustomAction" Location="Mscrm.SubGrid.cid_invitation.MainTab.Management.Controls._children" Sequence="50">
            <CommandUIDefinition>
              <Button Alt="$Resources:Ribbon.HomepageGrid.MainTab.Management.Edit" Command="Mscrm.EditSelectedRecord" Id="Mscrm.SubGrid.cid_invitation.Edit" Image32by32="/_imgs/ribbon/edit32.png" Image16by16="/_imgs/ribbon/Edit_16.png" LabelText="$Resources:Ribbon.HomepageGrid.MainTab.Management.Edit" Sequence="50" TemplateAlias="o1" ToolTipTitle="$Resources:Ribbon.HomepageGrid.MainTab.Management.Edit" ToolTipDescription="$Resources(EntityDisplayName):Ribbon.Tooltip.Edit" ModernImage="Edit" />
            </CommandUIDefinition>
          </CustomAction>
        </CustomActions>
        <Templates>
          <RibbonTemplates Id="Mscrm.Templates"></RibbonTemplates>
        </Templates>
        <CommandDefinitions>
          <CommandDefinition Id="cid.cid_invitation.Button2.Button.cid.cid_invitation.SendInvitation.Button">
            <EnableRules>
              <EnableRule Id="Mscrm.AvailableOnForm" />
            </EnableRules>
            <DisplayRules>
              <DisplayRule Id="Mscrm.PrimaryEntityIsNotBPFEntity" />
              <DisplayRule Id="Mscrm.HideInLegacyRibbon" />
              <DisplayRule Id="cid.cid_invitation.CanWriteSelected.DisplayRule" />
            </DisplayRules>
            <Actions>
              <JavaScriptFunction FunctionName="ResendInvitationByInvitationId" Library="$webresource:cid_invitation">
                <CrmParameter Value="PrimaryItemIds" />
              </JavaScriptFunction>
            </Actions>
          </CommandDefinition>
          <CommandDefinition Id="cid.cid_invitation.Button4.Button.Mscrm.HomepageGrid.cid_invitation.NewRecord">
            <EnableRules>
              <EnableRule Id="Mscrm.IsValidForHierarchyView" />
              <EnableRule Id="Mscrm.IsValidForHierarchyPageInUC" />
              <EnableRule Id="Mscrm.IsEntityAvailableForUserInMocaOffline" />
              <EnableRule Id="Mscrm.PrimaryIsNotActivityHomePageGrid" />
            </EnableRules>
            <DisplayRules>
              <DisplayRule Id="Mscrm.CreateSelectedEntityPermission" />
              <DisplayRule Id="Mscrm.ShowForNonRelationshipBoundGrids" />
              <DisplayRule Id="Mscrm.HideNewForChildEntities" />
              <DisplayRule Id="Mscrm.HideAddressEntities" />
              <DisplayRule Id="Mscrm.SelectedEntityIsNotBPFEntity" />
              <DisplayRule Id="Mscrm.IsNotActivityPointer" />
            </DisplayRules>
            <Actions>
              <JavaScriptFunction FunctionName="XrmCore.Commands.Open.openNewRecord" Library="$webresource:Main_system_library.js">
                <StringParameter Value="adx_invitation" />
                <CrmParameter Value="SelectedControl" />
              </JavaScriptFunction>
            </Actions>
          </CommandDefinition>
          <CommandDefinition Id="cid.cid_invitation.Command4.Command">
            <EnableRules>
              <EnableRule Id="Mscrm.AvailableOnForm" />
              <EnableRule Id="Mscrm.IsEntityAvailableForUserInMocaOffline" />
            </EnableRules>
            <DisplayRules />
            <Actions>
              <JavaScriptFunction FunctionName="XrmCore.Commands.Open.openNewRecord" Library="$webresource:Main_system_library.js">
                <StringParameter Value="&quot;adx_invitation&quot;" />
              </JavaScriptFunction>
            </Actions>
          </CommandDefinition>
          <CommandDefinition Id="cid.cid_invitation.SendInvitation.Command">
            <EnableRules>
              <EnableRule Id="cid.cid_invitation.SelectionCountAtLeastOne.EnableRule" />
            </EnableRules>
            <DisplayRules>
              <DisplayRule Id="cid.cid_invitation.CanWriteSelected.DisplayRule" />
              <DisplayRule Id="cid.cid_invitation.SelectedEntityHasStatecode.DisplayRule" />
            </DisplayRules>
            <Actions>
              <JavaScriptFunction FunctionName="ResendInvitationByInvitationId" Library="$webresource:cid_invitation">
                <CrmParameter Value="SelectedControlSelectedItemIds" />
              </JavaScriptFunction>
            </Actions>
          </CommandDefinition>
          <CommandDefinition Id="Mscrm.NewRecordFromForm">
            <EnableRules>
              <EnableRule Id="Mscrm.AvailableOnForm" />
              <EnableRule Id="Mscrm.IsEntityAvailableForUserInMocaOffline" />
            </EnableRules>
            <DisplayRules>
              <DisplayRule Id="Mscrm.HideInLegacyRibbon" />
              <DisplayRule Id="Mscrm.CreatePrimaryEntityPermission" />
              <DisplayRule Id="Mscrm.PrimaryEntityIsNotBPFEntity" />
            </DisplayRules>
            <Actions>
              <JavaScriptFunction FunctionName="XrmCore.Commands.Open.openNewRecord" Library="$webresource:Main_system_library.js">
                <CrmParameter Value="PrimaryEntityTypeName" />
              </JavaScriptFunction>
            </Actions>
          </CommandDefinition>
          <CommandDefinition Id="Mscrm.NewRecordFromGrid">
            <EnableRules>
              <EnableRule Id="Mscrm.IsValidForHierarchyView" />
              <EnableRule Id="Mscrm.IsValidForHierarchyPageInUC" />
              <EnableRule Id="Mscrm.IsEntityAvailableForUserInMocaOffline" />
              <EnableRule Id="Mscrm.PrimaryIsNotActivityHomePageGrid" />
            </EnableRules>
            <DisplayRules>
              <DisplayRule Id="Mscrm.CreateSelectedEntityPermission" />
              <DisplayRule Id="Mscrm.ShowForNonRelationshipBoundGrids" />
              <DisplayRule Id="Mscrm.HideNewForChildEntities" />
              <DisplayRule Id="Mscrm.HideAddressEntities" />
              <DisplayRule Id="Mscrm.SelectedEntityIsNotBPFEntity" />
              <DisplayRule Id="Mscrm.IsNotActivityPointer" />
            </DisplayRules>
            <Actions>
              <JavaScriptFunction FunctionName="XrmCore.Commands.Open.openNewRecord" Library="$webresource:Main_system_library.js">
                <CrmParameter Value="SelectedEntityTypeName" />
                <CrmParameter Value="SelectedControl" />
              </JavaScriptFunction>
            </Actions>
          </CommandDefinition>
        </CommandDefinitions>
        <RuleDefinitions>
          <TabDisplayRules />
          <DisplayRules>
            <DisplayRule Id="cid.cid_invitation.CanWriteSelected.DisplayRule">
              <EntityPrivilegeRule PrivilegeType="Write" PrivilegeDepth="Basic" AppliesTo="SelectedEntity" />
            </DisplayRule>
            <DisplayRule Id="cid.cid_invitation.SelectedEntityHasStatecode.DisplayRule">
              <EntityPropertyRule AppliesTo="SelectedEntity" PropertyName="HasStateCode" PropertyValue="true" />
            </DisplayRule>
            <DisplayRule Id="Mscrm.CreatePrimaryEntityPermission">
              <EntityPrivilegeRule PrivilegeType="Create" PrivilegeDepth="Basic" AppliesTo="PrimaryEntity" />
            </DisplayRule>
            <DisplayRule Id="Mscrm.CreateSelectedEntityPermission">
              <EntityPrivilegeRule PrivilegeType="Create" PrivilegeDepth="Basic" AppliesTo="SelectedEntity" />
            </DisplayRule>
            <DisplayRule Id="Mscrm.HideAddressEntities">
              <EntityRule EntityName="customeraddress" AppliesTo="SelectedEntity" Default="false" InvertResult="true" />
            </DisplayRule>
            <DisplayRule Id="Mscrm.HideInLegacyRibbon">
              <CommandClientTypeRule Type="Legacy" InvertResult="true" />
              <PageRule Address="/userdefined/edit.aspx" InvertResult="true" />
              <PageRule Address="/advancedfind/advfind.aspx" InvertResult="true" />
              <PageRule Address="/advancedfind/fetchData.aspx" InvertResult="true" />
              <PageRule Address="/tools/formeditor/formeditor.aspx" InvertResult="true" />
              <PageRule Address="/tools/visualizationdesigner/visualizationdesigner.aspx" InvertResult="true" />
            </DisplayRule>
            <DisplayRule Id="Mscrm.HideNewForChildEntities">
              <EntityPropertyRule AppliesTo="SelectedEntity" PropertyName="IsChildEntity" PropertyValue="false" />
            </DisplayRule>
            <DisplayRule Id="Mscrm.IsNotActivityPointer">
              <EntityRule EntityName="activitypointer" AppliesTo="SelectedEntity" InvertResult="true" />
            </DisplayRule>
            <DisplayRule Id="Mscrm.PrimaryEntityIsNotBPFEntity">
              <EntityPropertyRule AppliesTo="PrimaryEntity" PropertyName="IsBPFEntity" PropertyValue="false" />
            </DisplayRule>
            <DisplayRule Id="Mscrm.SelectedEntityIsNotBPFEntity">
              <EntityPropertyRule AppliesTo="SelectedEntity" PropertyName="IsBPFEntity" PropertyValue="false" />
            </DisplayRule>
            <DisplayRule Id="Mscrm.ShowForNonRelationshipBoundGrids">
              <RelationshipTypeRule AppliesTo="SelectedEntity" RelationshipType="NoRelationship" />
            </DisplayRule>
          </DisplayRules>
          <EnableRules>
            <EnableRule Id="cid.cid_invitation.SelectionCountAtLeastOne.EnableRule">
              <SelectionCountRule AppliesTo="PrimaryEntity" Minimum="1" />
            </EnableRule>
            <EnableRule Id="Mscrm.AvailableOnForm">
              <EntityRule AppliesTo="PrimaryEntity" Context="Form" Default="false" />
            </EnableRule>
            <EnableRule Id="Mscrm.IsEntityAvailableForUserInMocaOffline">
              <CustomRule FunctionName="XrmCore.Rules.Online.IsEntityAvailableForUserInMocaOffline" Library="$webresource:Main_system_library.js">
                <CrmParameter Value="SelectedEntityTypeName" />
              </CustomRule>
            </EnableRule>
            <EnableRule Id="Mscrm.IsValidForHierarchyPageInUC">
              <CustomRule FunctionName="XrmCore.Rules.HierarchyView.isValidForHierarchyPageInUC" Library="$webresource:Main_system_library.js" />
            </EnableRule>
            <EnableRule Id="Mscrm.IsValidForHierarchyView">
              <CustomRule FunctionName="XrmCore.Rules.HierarchyView.isValidForHierarchyView" Library="$webresource:Main_system_library.js" />
            </EnableRule>
            <EnableRule Id="Mscrm.PrimaryIsNotActivityHomePageGrid">
              <CustomRule FunctionName="XrmCore.Rules.Enabled.PrimaryIsNotActivityHomePageGrid" Library="$webresource:Main_system_library.js">
                <CrmParameter Value="SelectedEntityTypeName" />
                <CrmParameter Value="SelectedControl" />
              </CustomRule>
            </EnableRule>
          </EnableRules>
        </RuleDefinitions>
        <LocLabels>
          <LocLabel Id="cid.cid_invitation.Button2.Button.cid.cid_invitation.SendInvitation.Button.LabelText">
            <Titles>
              <Title description="Send Invitation" languagecode="1033" />
            </Titles>
          </LocLabel>
          <LocLabel Id="cid.cid_invitation.Button2.Button.cid.cid_invitation.SendInvitation.Button.ToolTipDescription">
            <Titles>
              <Title description="Send Invitation" languagecode="1033" />
            </Titles>
          </LocLabel>
          <LocLabel Id="cid.cid_invitation.Button2.Button.cid.cid_invitation.SendInvitation.Button.ToolTipTitle">
            <Titles>
              <Title description="Send Invitation" languagecode="1033" />
            </Titles>
          </LocLabel>
          <LocLabel Id="cid.cid_invitation.SendInvitation.Button.LabelText">
            <Titles>
              <Title description="Send Invitation" languagecode="1033" />
            </Titles>
          </LocLabel>
          <LocLabel Id="cid.cid_invitation.SendInvitation.Button.ToolTipDescription">
            <Titles>
              <Title description="Send Invitation" languagecode="1033" />
            </Titles>
          </LocLabel>
          <LocLabel Id="cid.cid_invitation.SendInvitation.Button.ToolTipTitle">
            <Titles>
              <Title description="Send Invitation" languagecode="1033" />
            </Titles>
          </LocLabel>
        </LocLabels>
      </RibbonDiffXml>
    </Entity>
    <Entity>
      <Name LocalizedName="Service Request" OriginalName="Service Request">fdr_ServiceRequest</Name>
      <EntityInfo>
        <entity Name="fdr_ServiceRequest">
          <attributes>
            <attribute PhysicalName="fdr_CRSD_Status">
              <Type>picklist</Type>
              <Name>fdr_crsd_status</Name>
              <LogicalName>fdr_crsd_status</LogicalName>
              <RequiredLevel>none</RequiredLevel>
              <DisplayMask>ValidForAdvancedFind|ValidForForm|ValidForGrid</DisplayMask>
              <ImeMode>auto</ImeMode>
              <ValidForUpdateApi>1</ValidForUpdateApi>
              <ValidForReadApi>1</ValidForReadApi>
              <ValidForCreateApi>1</ValidForCreateApi>
              <IsCustomField>1</IsCustomField>
              <IsAuditEnabled>1</IsAuditEnabled>
              <IsSecured>0</IsSecured>
              <IntroducedVersion>1.0.0.0</IntroducedVersion>
              <IsCustomizable>1</IsCustomizable>
              <IsRenameable>1</IsRenameable>
              <CanModifySearchSettings>1</CanModifySearchSettings>
              <CanModifyRequirementLevelSettings>1</CanModifyRequirementLevelSettings>
              <CanModifyAdditionalSettings>1</CanModifyAdditionalSettings>
              <SourceType>0</SourceType>
              <IsGlobalFilterEnabled>0</IsGlobalFilterEnabled>
              <IsSortableEnabled>0</IsSortableEnabled>
              <CanModifyGlobalFilterSettings>1</CanModifyGlobalFilterSettings>
              <CanModifyIsSortableSettings>1</CanModifyIsSortableSettings>
              <IsDataSourceSecret>0</IsDataSourceSecret>
              <AutoNumberFormat></AutoNumberFormat>
              <IsSearchable>0</IsSearchable>
              <IsFilterable>0</IsFilterable>
              <IsRetrievable>0</IsRetrievable>
              <IsLocalizable>0</IsLocalizable>
              <AppDefaultValue>-1</AppDefaultValue>
              <OptionSetName>fdr_crsdstatus</OptionSetName>
              <displaynames>
                <displayname description="CRSD Status" languagecode="1033" />
                <displayname description="Statut de PSRC" languagecode="1036" />
              </displaynames>
              <Descriptions>
                <Description description="" languagecode="1033" />
                <Description description="" languagecode="1036" />
              </Descriptions>
            </attribute>
          </attributes>
        </entity>
      </EntityInfo>
      <RibbonDiffXml>
        <CustomActions>
          <HideCustomAction HideActionId="fdr.Mscrm.Form.fdr_servicerequest.Activate.Hide" Location="Mscrm.Form.fdr_servicerequest.Activate" />
          <HideCustomAction HideActionId="fdr.Mscrm.Form.fdr_servicerequest.Deactivate.Hide" Location="Mscrm.Form.fdr_servicerequest.Deactivate" />
          <HideCustomAction HideActionId="fdr.Mscrm.HomepageGrid.fdr_servicerequest.Activate.Hide" Location="Mscrm.HomepageGrid.fdr_servicerequest.Activate" />
          <HideCustomAction HideActionId="fdr.Mscrm.HomepageGrid.fdr_servicerequest.Deactivate.Hide" Location="Mscrm.HomepageGrid.fdr_servicerequest.Deactivate" />
          <HideCustomAction HideActionId="fdr.Mscrm.SubGrid.fdr_servicerequest.Activate.Hide" Location="Mscrm.SubGrid.fdr_servicerequest.Activate" />
          <HideCustomAction HideActionId="fdr.Mscrm.SubGrid.fdr_servicerequest.Deactivate.Hide" Location="Mscrm.SubGrid.fdr_servicerequest.Deactivate" />
          <CustomAction Id="ovs.fdr.fdr_servicerequest.HomeGridButton.AdjustPerformance.CustomAction" Location="Mscrm.HomepageGrid.fdr_servicerequest.MainTab.Collaborate.Controls._children" Sequence="25">
            <CommandUIDefinition>
              <Button Alt="$LocLabels:fdr.fdr_servicerequest.HomeGridButton.AdjustPerformance.Alt" Command="fdr.fdr_servicerequest.AdjustPerformanceHomeGridButton.Command" Id="fdr.fdr_servicerequest.HomeGridButton.AdjustPerformance" LabelText="$LocLabels:fdr.fdr_servicerequest.HomeGridButton.AdjustPerformance.LabelText" Sequence="25" TemplateAlias="o1" ToolTipTitle="$LocLabels:fdr.fdr_servicerequest.HomeGridButton.AdjustPerformance.ToolTipTitle" ToolTipDescription="$LocLabels:fdr.fdr_servicerequest.HomeGridButton.AdjustPerformance.ToolTipDescription" />
            </CommandUIDefinition>
          </CustomAction>
          <CustomAction Id="ovs.fdr.fdr_servicerequest.HomeGridButton.ApprovePerformance.CustomAction" Location="Mscrm.HomepageGrid.fdr_servicerequest.MainTab.Collaborate.Controls._children" Sequence="33">
            <CommandUIDefinition>
              <Button Alt="$LocLabels:fdr.fdr_servicerequest.HomeGridButton.ApprovePerformance.Alt" Command="fdr.fdr_servicerequest.ApprovePerformanceHomeGridButton.Command" Id="fdr.fdr_servicerequest.HomeGridButton.ApprovePerformance" LabelText="$LocLabels:fdr.fdr_servicerequest.HomeGridButton.ApprovePerformance.LabelText" Sequence="33" TemplateAlias="o1" ToolTipTitle="$LocLabels:fdr.fdr_servicerequest.HomeGridButton.ApprovePerformance.ToolTipTitle" ToolTipDescription="$LocLabels:fdr.fdr_servicerequest.HomeGridButton.ApprovePerformance.ToolTipDescription" />
            </CommandUIDefinition>
          </CustomAction>
          <CustomAction Id="ovs.fdr_servicerequest.Button.GenerateFunctions.CustomAction" Location="Mscrm.Form.fdr_servicerequest.MainTab.Save.Controls._children" Sequence="40">
            <CommandUIDefinition>
              <Button Alt="$LocLabels:fdr_servicerequest.Button.GenerateFunctions.Alt" Command="fdr_servicerequest.Commands.GenerateFunctions" Id="fdr_servicerequest.Button.GenerateFunctions" Image32by32="/_imgs/ribbon/CustomizeEntity_32.png" Image16by16="/_imgs/ribbon/CustomEntity_16.png" LabelText="$LocLabels:fdr_servicerequest.Button.GenerateFunctions.LabelText" Sequence="40" TemplateAlias="o1" ToolTipTitle="$LocLabels:fdr_servicerequest.Button.GenerateFunctions.ToolTipTitle" ToolTipDescription="$LocLabels:fdr_servicerequest.Button.GenerateFunctions.ToolTipDescription" ModernImage="" />
            </CommandUIDefinition>
          </CustomAction>
        </CustomActions>
        <Templates>
          <RibbonTemplates Id="Mscrm.Templates"></RibbonTemplates>
        </Templates>
        <CommandDefinitions>
          <CommandDefinition Id="fdr.fdr_servicerequest.AdjustPerformanceHomeGridButton.Command">
            <EnableRules>
              <EnableRule Id="fdr.fdr_servicerequest.SelectCountGreaterThan1.EnableRule" />
              <EnableRule Id="fdr.fdr_servicerequest.EnableForPerformanceView.EnableRule" />
            </EnableRules>
            <DisplayRules />
            <Actions>
              <JavaScriptFunction FunctionName="ServiceRequestPerformance_Ribbon.adjustPerformance" Library="$webresource:fdr_ServiceRequestPerformance_Ribbon.js">
                <CrmParameter Value="SelectedControlSelectedItemIds" />
                <CrmParameter Value="SelectedControl" />
                <BoolParameter Value="true" />
                <CrmParameter Value="PrimaryEntityTypeName" />
              </JavaScriptFunction>
            </Actions>
          </CommandDefinition>
          <CommandDefinition Id="fdr.fdr_servicerequest.ApprovePerformanceHomeGridButton.Command">
            <EnableRules>
              <EnableRule Id="fdr.fdr_servicerequest.SelectCountGreaterThan1.EnableRule" />
              <EnableRule Id="fdr.fdr_servicerequest.EnableForPerformanceView.EnableRule" />
            </EnableRules>
            <DisplayRules />
            <Actions>
              <JavaScriptFunction FunctionName="ServiceRequestPerformance_Ribbon.approvePerformance" Library="$webresource:fdr_ServiceRequestPerformance_Ribbon.js">
                <CrmParameter Value="SelectedControlSelectedItemIds" />
                <CrmParameter Value="SelectedControl" />
                <BoolParameter Value="true" />
                <CrmParameter Value="PrimaryEntityTypeName" />
              </JavaScriptFunction>
            </Actions>
          </CommandDefinition>
          <CommandDefinition Id="fdr_servicerequest.Command.CloneServiceRequest">
            <EnableRules />
            <DisplayRules />
            <Actions>
              <JavaScriptFunction FunctionName="cloneServiceRequest" Library="$webresource:fdr_servicerequest_ribbon">
                <CrmParameter Value="SelectedControlAllItemIds" />
                <CrmParameter Value="SelectedControl" />
              </JavaScriptFunction>
            </Actions>
          </CommandDefinition>
          <CommandDefinition Id="fdr_servicerequest.Commands.GenerateFunctions">
            <EnableRules>
              <EnableRule Id="Mscrm.EntityFormIsEnabled" />
              <EnableRule Id="fdr.fdr_specification.EnableRule.ShowAddExisting_4_ServiceRequestFunction" />
            </EnableRules>
            <DisplayRules>
              <DisplayRule Id="fdr.fdr_specification.ShowAddExisting_4_ServiceRequestFunction" />
            </DisplayRules>
            <Actions>
              <JavaScriptFunction FunctionName="ServiceRequestRibbon.openFunctionPanel" Library="$webresource:fdr_SR_AutoGenerateFunctions">
                <CrmParameter Value="FirstPrimaryItemId" />
                <CrmParameter Value="UserLcid" />
                <CrmParameter Value="SelectedControl" />
                <CrmParameter Value="PrimaryControl" />
              </JavaScriptFunction>
            </Actions>
          </CommandDefinition>
          <CommandDefinition Id="Mscrm.Form.Deactivate">
            <EnableRules>
              <EnableRule Id="Mscrm.CanWritePrimary" />
            </EnableRules>
            <DisplayRules>
              <DisplayRule Id="Mscrm.CanWritePrimary" />
              <DisplayRule Id="Mscrm.PrimaryIsActive" />
              <DisplayRule Id="Mscrm.PrimaryEntityHasStatecode" />
              <DisplayRule Id="Mscrm.PrimaryIsNotActivity" />
              <DisplayRule Id="fdr.fdr_servicerequest.Form.Deactivate.DisplayRule." />
            </DisplayRules>
            <Actions>
              <JavaScriptFunction FunctionName="XrmCore.Commands.Deactivate.deactivatePrimaryRecord" Library="$webresource:Main_system_library.js">
                <CrmParameter Value="FirstPrimaryItemId" />
                <CrmParameter Value="PrimaryEntityTypeName" />
              </JavaScriptFunction>
            </Actions>
          </CommandDefinition>
        </CommandDefinitions>
        <RuleDefinitions>
          <TabDisplayRules />
          <DisplayRules>
            <DisplayRule Id="fdr.fdr_servicerequest.Form.Deactivate.DisplayRule.">
              <OrRule>
                <Or>
                  <ValueRule Field="statuscode" Value="1" />
                </Or>
                <Or>
                  <ValueRule Field="statuscode" Value="794600000" />
                </Or>
                <Or>
                  <ValueRule Field="statuscode" Value="794600001" />
                </Or>
                <Or>
                  <ValueRule Field="statuscode" Value="794600002" />
                </Or>
                <Or>
                  <ValueRule Field="statuscode" Value="794600003" />
                </Or>
                <Or>
                  <ValueRule Field="statuscode" Value="794600004" />
                </Or>
                <Or>
                  <ValueRule Field="statuscode" Value="794600006" />
                </Or>
                <Or>
                  <ValueRule Field="statuscode" Value="794600009" />
                </Or>
                <Or>
                  <ValueRule Field="statuscode" Value="794600010" />
                </Or>
                <Or>
                  <ValueRule Field="statuscode" Value="794600011" />
                </Or>
              </OrRule>
            </DisplayRule>
          </DisplayRules>
          <EnableRules>
            <EnableRule Id="fdr.fdr_servicerequest.EnableForPerformanceView.EnableRule">
              <CustomRule FunctionName="ServiceRequestPerformance_Ribbon.displayForPerformanceView" Library="$webresource:fdr_ServiceRequestPerformance_Ribbon.js">
                <CrmParameter Value="SelectedControl" />
              </CustomRule>
            </EnableRule>
            <EnableRule Id="fdr.fdr_servicerequest.SelectCountGreaterThan1.EnableRule">
              <SelectionCountRule Minimum="1" />
            </EnableRule>
            <EnableRule Id="fdr.fdr_specification.EnableRule.ShowAddExisting_4_ServiceRequestFunction">
              <EntityRule EntityName="fdr_servicerequest" AppliesTo="PrimaryEntity" Default="false" InvertResult="false" />
            </EnableRule>
          </EnableRules>
        </RuleDefinitions>
        <LocLabels>
          <LocLabel Id="fdr.fdr_servicerequest.HomeGridButton.AdjustPerformance.Alt">
            <Titles>
              <Title description="Adjust Performance" languagecode="1033" />
              <Title description="Ajustement de la norme de service" languagecode="1036" />
            </Titles>
          </LocLabel>
          <LocLabel Id="fdr.fdr_servicerequest.HomeGridButton.AdjustPerformance.LabelText">
            <Titles>
              <Title description="Adjust Performance" languagecode="1033" />
              <Title description="Ajustement de la norme de service" languagecode="1036" />
            </Titles>
          </LocLabel>
          <LocLabel Id="fdr.fdr_servicerequest.HomeGridButton.AdjustPerformance.ToolTipDescription">
            <Titles>
              <Title description="Adjust Performance" languagecode="1033" />
              <Title description="Ajustement de la norme de service" languagecode="1036" />
            </Titles>
          </LocLabel>
          <LocLabel Id="fdr.fdr_servicerequest.HomeGridButton.AdjustPerformance.ToolTipTitle">
            <Titles>
              <Title description="Adjust Performance" languagecode="1033" />
              <Title description="Ajustement de la norme de service" languagecode="1036" />
            </Titles>
          </LocLabel>
          <LocLabel Id="fdr.fdr_servicerequest.HomeGridButton.ApprovePerformance.Alt">
            <Titles>
              <Title description="Approve Performance" languagecode="1033" />
              <Title description="Approbation de la norme de service" languagecode="1036" />
            </Titles>
          </LocLabel>
          <LocLabel Id="fdr.fdr_servicerequest.HomeGridButton.ApprovePerformance.LabelText">
            <Titles>
              <Title description="Approve Performance" languagecode="1033" />
              <Title description="Approbation de la norme de service" languagecode="1036" />
            </Titles>
          </LocLabel>
          <LocLabel Id="fdr.fdr_servicerequest.HomeGridButton.ApprovePerformance.ToolTipDescription">
            <Titles>
              <Title description="Approve Performance" languagecode="1033" />
              <Title description="Approbation de la norme de service" languagecode="1036" />
            </Titles>
          </LocLabel>
          <LocLabel Id="fdr.fdr_servicerequest.HomeGridButton.ApprovePerformance.ToolTipTitle">
            <Titles>
              <Title description="Approve Performance" languagecode="1033" />
              <Title description="Approbation de la norme de service" languagecode="1036" />
            </Titles>
          </LocLabel>
          <LocLabel Id="fdr_servicerequest.Button.GenerateFunctions.Alt">
            <Titles>
              <Title description="Generate Functions" languagecode="1033" />
            </Titles>
          </LocLabel>
          <LocLabel Id="fdr_servicerequest.Button.GenerateFunctions.LabelText">
            <Titles>
              <Title description="Generate Functions" languagecode="1033" />
              <Title description="Générer des fonctions" languagecode="1036" />
            </Titles>
          </LocLabel>
          <LocLabel Id="fdr_servicerequest.Button.GenerateFunctions.ToolTipDescription">
            <Titles>
              <Title description="Auto Generate Container Functions Based On Registration Type" languagecode="1033" />
              <Title description="Générer automatiquement des fonctions de conteneur en fonction du type d'enregistrement" languagecode="1036" />
            </Titles>
          </LocLabel>
          <LocLabel Id="fdr_servicerequest.Button.GenerateFunctions.ToolTipTitle">
            <Titles>
              <Title description="Generate Functions" languagecode="1033" />
              <Title description="Générer des fonctions" languagecode="1036" />
            </Titles>
          </LocLabel>
        </LocLabels>
      </RibbonDiffXml>
    </Entity>
  </Entities>
  <Roles></Roles>
  <Workflows></Workflows>
  <FieldSecurityProfiles></FieldSecurityProfiles>
  <Templates />
  <EntityMaps />
  <EntityRelationships />
  <OrganizationSettings />
  <optionsets>
    <optionset Name="fdr_crsdstatus" localizedName="CRSD Status">
      <OptionSetType>picklist</OptionSetType>
      <IsGlobal>1</IsGlobal>
      <IntroducedVersion>1.0.0.0</IntroducedVersion>
      <IsCustomizable>1</IsCustomizable>
      <ExternalTypeName></ExternalTypeName>
      <displaynames>
        <displayname description="CRSD Status" languagecode="1033" />
      </displaynames>
      <Descriptions>
        <Description description="" languagecode="1033" />
      </Descriptions>
      <options>
        <option value="794600000" ExternalValue="" Color="">
          <labels>
            <label description="Draft" languagecode="1033" />
            <label description="Ébauche" languagecode="1036" />
          </labels>
          <Descriptions>
            <Description description="" languagecode="1033" />
          </Descriptions>
        </option>
        <option value="794600001" ExternalValue="" Color="">
          <labels>
            <label description="Submitted" languagecode="1033" />
            <label description="Soumise" languagecode="1036" />
          </labels>
          <Descriptions>
            <Description description="" languagecode="1033" />
          </Descriptions>
        </option>
        <option value="794600002" ExternalValue="" Color="">
          <labels>
            <label description="Assigned" languagecode="1033" />
            <label description="Assigné" languagecode="1036" />
          </labels>
          <Descriptions>
            <Description description="" languagecode="1033" />
          </Descriptions>
        </option>
        <option value="794600003" ExternalValue="" Color="">
          <labels>
            <label description="Information Required" languagecode="1033" />
            <label description="Information requise" languagecode="1036" />
          </labels>
          <Descriptions>
            <Description description="" languagecode="1033" />
          </Descriptions>
        </option>
        <option value="794600004" ExternalValue="" Color="">
          <labels>
            <label description="Updated" languagecode="1033" />
            <label description="Mis à jour" languagecode="1036" />
          </labels>
          <Descriptions>
            <Description description="" languagecode="1033" />
          </Descriptions>
        </option>
        <option value="794600005" ExternalValue="" Color="">
          <labels>
            <label description="In Review" languagecode="1033" />
            <label description="en revue" languagecode="1036" />
          </labels>
          <Descriptions>
            <Description description="" languagecode="1033" />
          </Descriptions>
        </option>
        <option value="794600006" ExternalValue="" Color="">
          <labels>
            <label description="Pending Insp" languagecode="1033" />
            <label description="Inspection en attente" languagecode="1036" />
          </labels>
          <Descriptions>
            <Description description="" languagecode="1033" />
          </Descriptions>
        </option>
        <option value="794600007" ExternalValue="" Color="">
          <labels>
            <label description="Post Insp Review" languagecode="1033" />
            <label description="Examen post-inspection" languagecode="1036" />
          </labels>
          <Descriptions>
            <Description description="" languagecode="1033" />
          </Descriptions>
        </option>
        <option value="794600008" ExternalValue="" Color="">
          <labels>
            <label description="Document Issued" languagecode="1033" />
            <label description="Document émis" languagecode="1036" />
          </labels>
          <Descriptions>
            <Description description="" languagecode="1033" />
          </Descriptions>
        </option>
        <option value="794600009" ExternalValue="" Color="">
          <labels>
            <label description="On Hold" languagecode="1033" />
            <label description="en attente" languagecode="1036" />
          </labels>
          <Descriptions>
            <Description description="" languagecode="1033" />
          </Descriptions>
        </option>
        <option value="794600010" ExternalValue="" Color="">
          <labels>
            <label description="Completed" languagecode="1033" />
            <label description="Complétée" languagecode="1036" />
          </labels>
          <Descriptions>
            <Description description="" languagecode="1033" />
          </Descriptions>
        </option>
        <option value="794600011" ExternalValue="" Color="">
          <labels>
            <label description="Closed" languagecode="1033" />
            <label description="Inactif" languagecode="1036" />
          </labels>
          <Descriptions>
            <Description description="" languagecode="1033" />
          </Descriptions>
        </option>
        <option value="794600012" ExternalValue="" Color="">
          <labels>
            <label description="Canceled" languagecode="1033" />
            <label description="Annulée" languagecode="1036" />
          </labels>
          <Descriptions>
            <Description description="" languagecode="1033" />
          </Descriptions>
        </option>
        <option value="794600013" ExternalValue="" Color="">
          <labels>
            <label description="Approved" languagecode="1033" />
            <label description="Approuvé" languagecode="1036" />
          </labels>
          <Descriptions>
            <Description description="" languagecode="1033" />
          </Descriptions>
        </option>
        <option value="794600014" ExternalValue="" Color="">
          <labels>
            <label description="Rejected" languagecode="1033" />
            <label description="rejeté" languagecode="1036" />
          </labels>
          <Descriptions>
            <Description description="" languagecode="1033" />
          </Descriptions>
        </option>
        <option value="794600015" ExternalValue="" Color="">
          <labels>
            <label description="CancelPending" languagecode="1033" />
            <label description="Annulation en attente" languagecode="1036" />
          </labels>
          <Descriptions>
            <Description description="" languagecode="1033" />
          </Descriptions>
        </option>
        <option value="794600016" ExternalValue="" Color="">
          <labels>
            <label description="PostInspInfoReqd" languagecode="1033" />
          </labels>
          <Descriptions>
            <Description description="" languagecode="1033" />
          </Descriptions>
        </option>
      </options>
    </optionset>
  </optionsets>
  <CustomControls />
  <EntityDataProviders />
  <Languages>
    <Language>1033</Language>
    <Language>1036</Language>
  </Languages>
</ImportExportXml>