<ImportExportXml xmlns:xsi="http://www.w3.org/2001/XMLSchema-instance">
  <Entities>
    <Entity>
      <Name LocalizedName="Enforcement Action" OriginalName="Enforcement Action">ovs_CYAction</Name>
      <EntityInfo>
        <entity Name="ovs_CYAction">
          <LocalizedNames>
            <LocalizedName description="Enforcement Action" languagecode="1033" />
            <LocalizedName description="Mesure d’application de la loi" languagecode="1036" />
          </LocalizedNames>
          <LocalizedCollectionNames>
            <LocalizedCollectionName description="Enforcement Actions" languagecode="1033" />
            <LocalizedCollectionName description="Mesures d’application de la loi" languagecode="1036" />
          </LocalizedCollectionNames>
          <Descriptions>
            <Description description="" languagecode="1033" />
            <Description description="" languagecode="1036" />
          </Descriptions>
          <attributes>
            <attribute PhysicalName="StatusCode">
              <Type>status</Type>
              <Name>statuscode</Name>
              <LogicalName>statuscode</LogicalName>
              <RequiredLevel>none</RequiredLevel>
              <DisplayMask>ValidForAdvancedFind|ValidForForm|ValidForGrid</DisplayMask>
              <ImeMode>auto</ImeMode>
              <ValidForUpdateApi>1</ValidForUpdateApi>
              <ValidForReadApi>1</ValidForReadApi>
              <ValidForCreateApi>1</ValidForCreateApi>
              <IsCustomField>0</IsCustomField>
              <IsAuditEnabled>1</IsAuditEnabled>
              <IsSecured>0</IsSecured>
              <IntroducedVersion>5.0.0.0</IntroducedVersion>
              <IsCustomizable>1</IsCustomizable>
              <IsRenameable>1</IsRenameable>
              <CanModifySearchSettings>1</CanModifySearchSettings>
              <CanModifyRequirementLevelSettings>1</CanModifyRequirementLevelSettings>
              <CanModifyAdditionalSettings>1</CanModifyAdditionalSettings>
              <SourceType>0</SourceType>
              <IsGlobalFilterEnabled>0</IsGlobalFilterEnabled>
              <IsSortableEnabled>0</IsSortableEnabled>
              <CanModifyGlobalFilterSettings>1</CanModifyGlobalFilterSettings>
              <CanModifyIsSortableSettings>1</CanModifyIsSortableSettings>
              <IsDataSourceSecret>0</IsDataSourceSecret>
              <AutoNumberFormat></AutoNumberFormat>
              <IsSearchable>0</IsSearchable>
              <IsFilterable>0</IsFilterable>
              <IsRetrievable>0</IsRetrievable>
              <IsLocalizable>0</IsLocalizable>
              <optionset Name="ovs_cyaction_statuscode">
                <OptionSetType>status</OptionSetType>
                <IntroducedVersion>1.115.0.0</IntroducedVersion>
                <IsCustomizable>1</IsCustomizable>
                <displaynames>
                  <displayname description="Status Reason" languagecode="1033" />
                  <displayname description="Raison du statut" languagecode="1036" />
                </displaynames>
                <Descriptions>
                  <Description description="Reason for the status of the activity." languagecode="1033" />
                  <Description description="Raison du statut de l'activité." languagecode="1036" />
                </Descriptions>
                <statuses>
                  <status value="1" state="0" TransitionData="" Color="#0000ff">
                    <labels>
                      <label description="Draft" languagecode="1033" />
                      <label description="Brouillon" languagecode="1036" />
                    </labels>
                  </status>
                  <status value="2" state="1" TransitionData="" Color="#0000ff">
                    <labels>
                      <label description="Closed" languagecode="1033" />
                      <label description="Fermé" languagecode="1036" />
                    </labels>
                  </status>
                  <status value="918640014" state="1" TransitionData="" Color="#0000ff">
                    <labels>
                      <label description="Cancelled" languagecode="1033" />
                      <label description="Annulé" languagecode="1036" />
                    </labels>
                  </status>
                  <status value="918640011" state="1" TransitionData="" Color="#0000ff">
                    <labels>
                      <label description="Closed - Duplicate" languagecode="1033" />
                      <label description="Déactiver - Doublon" languagecode="1036" />
                    </labels>
                  </status>
                  <status value="918640000" state="1" TransitionData="" Color="#0000ff">
                    <labels>
                      <label description="Confirmation Received - On Time" languagecode="1033" />
                      <label description="Confirmation reçue - À temps" languagecode="1036" />
                    </labels>
                  </status>
                  <status value="918640001" state="1" TransitionData="" Color="#0000ff">
                    <labels>
                      <label description="Confirmation Received - Late" languagecode="1033" />
                      <label description="Confirmation reçue - En retard" languagecode="1036" />
                    </labels>
                  </status>
                  <status value="918640002" state="1" TransitionData="" Color="#0000ff">
                    <labels>
                      <label description="Expired" languagecode="1033" />
                      <label description="Expiré / En retard" languagecode="1036" />
                    </labels>
                  </status>
                  <status value="918640003" state="1" TransitionData="" Color="#0000ff">
                    <labels>
                      <label description="Alternative Measures Taken" languagecode="1033" />
                      <label description="Mesures alternatives prises" languagecode="1036" />
                    </labels>
                  </status>
                  <status value="918640004" state="1" TransitionData="" Color="#0000ff">
                    <labels>
                      <label description="Unresolved" languagecode="1033" />
                      <label description="Non résolu" languagecode="1036" />
                    </labels>
                  </status>
                  <status value="918640005" state="1" TransitionData="" Color="#0000ff">
                    <labels>
                      <label description="Escalated" languagecode="1033" />
                      <label description="Renforcement des mesures" languagecode="1036" />
                    </labels>
                  </status>
                  <status value="918640013" state="1" TransitionData="" Color="#0000ff">
                    <labels>
                      <label description="Revoked" languagecode="1033" />
                      <label description="Mainlevée" languagecode="1036" />
                    </labels>
                  </status>
                  <status value="918640006" state="1" TransitionData="" Color="#0000ff">
                    <labels>
                      <label description="Conclusion of Case Report Completed" languagecode="1033" />
                      <label description="Conclusion du rapport de cas terminée" languagecode="1036" />
                    </labels>
                  </status>
                  <status value="918640007" state="1" TransitionData="" Color="#0000ff">
                    <labels>
                      <label description="Investigation Declined - Insufficient Evidence" languagecode="1033" />
                      <label description="Enquête refusée - Preuves insuffisantes" languagecode="1036" />
                    </labels>
                  </status>
                  <status value="918640010" state="1" TransitionData="" Color="#0000ff">
                    <labels>
                      <label description="Investigation Declined - Not in Public Interest" languagecode="1033" />
                      <label description="Enquête refusée - Non dans l'intérêt public" languagecode="1036" />
                    </labels>
                  </status>
                  <status value="3" state="2" TransitionData="" Color="#0000ff">
                    <labels>
                      <label description="Canceled" languagecode="1033" />
                      <label description="Annulé" languagecode="1036" />
                    </labels>
                  </status>
                  <status value="4" state="3" TransitionData="" Color="#0000ff">
                    <labels>
                      <label description="Active" languagecode="1033" />
                      <label description="Actif" languagecode="1036" />
                    </labels>
                  </status>
                  <status value="918640008" state="3" TransitionData="" Color="#0000ff">
                    <labels>
                      <label description="Recommendation for Prosecution Completed" languagecode="1033" />
                      <label description="Recommandation pour poursuites complétée" languagecode="1036" />
                    </labels>
                  </status>
                  <status value="918640009" state="3" TransitionData="" Color="#0000ff">
                    <labels>
                      <label description="Investigation In Progress" languagecode="1033" />
                      <label description="Enquête en cours" languagecode="1036" />
                    </labels>
                  </status>
                </statuses>
              </optionset>
              <displaynames>
                <displayname description="Status Reason" languagecode="1033" />
                <displayname description="Raison du statut" languagecode="1036" />
              </displaynames>
              <Descriptions>
                <Description description="Reason for the status of the activity." languagecode="1033" />
                <Description description="Raison du statut de l'activité." languagecode="1036" />
              </Descriptions>
            </attribute>
          </attributes>
          <EntitySetName>ovs_cyactions</EntitySetName>
          <IsDuplicateCheckSupported>0</IsDuplicateCheckSupported>
          <IsBusinessProcessEnabled>1</IsBusinessProcessEnabled>
          <IsRequiredOffline>0</IsRequiredOffline>
          <IsInteractionCentricEnabled>0</IsInteractionCentricEnabled>
          <IsCollaboration>1</IsCollaboration>
          <AutoRouteToOwnerQueue>0</AutoRouteToOwnerQueue>
          <IsConnectionsEnabled>1</IsConnectionsEnabled>
          <EntityColor></EntityColor>
          <IsDocumentManagementEnabled>0</IsDocumentManagementEnabled>
          <AutoCreateAccessTeams>0</AutoCreateAccessTeams>
          <IsOneNoteIntegrationEnabled>0</IsOneNoteIntegrationEnabled>
          <IsKnowledgeManagementEnabled>0</IsKnowledgeManagementEnabled>
          <IsSLAEnabled>0</IsSLAEnabled>
          <IsDocumentRecommendationsEnabled>0</IsDocumentRecommendationsEnabled>
          <IsBPFEntity>0</IsBPFEntity>
          <OwnershipTypeMask>UserOwned</OwnershipTypeMask>
          <IsAuditEnabled>0</IsAuditEnabled>
          <IsRetrieveAuditEnabled>0</IsRetrieveAuditEnabled>
          <IsRetrieveMultipleAuditEnabled>0</IsRetrieveMultipleAuditEnabled>
          <IsActivity>1</IsActivity>
          <ActivityTypeMask>CommunicationActivity</ActivityTypeMask>
          <IsActivityParty>0</IsActivityParty>
          <IsReplicated>1</IsReplicated>
          <IsReplicationUserFiltered>1</IsReplicationUserFiltered>
          <IsMailMergeEnabled>0</IsMailMergeEnabled>
          <IsVisibleInMobile>0</IsVisibleInMobile>
          <IsVisibleInMobileClient>1</IsVisibleInMobileClient>
          <IsReadOnlyInMobileClient>0</IsReadOnlyInMobileClient>
          <IsOfflineInMobileClient>1</IsOfflineInMobileClient>
          <DaysSinceRecordLastModified>0</DaysSinceRecordLastModified>
          <MobileOfflineFilters></MobileOfflineFilters>
          <IsMapiGridEnabled>1</IsMapiGridEnabled>
          <IsReadingPaneEnabled>1</IsReadingPaneEnabled>
          <IsQuickCreateEnabled>1</IsQuickCreateEnabled>
          <SyncToExternalSearchIndex>0</SyncToExternalSearchIndex>
          <IntroducedVersion>5.0.0.0</IntroducedVersion>
          <IsCustomizable>1</IsCustomizable>
          <IsRenameable>1</IsRenameable>
          <IsMappable>1</IsMappable>
          <CanModifyAuditSettings>1</CanModifyAuditSettings>
          <CanModifyMobileVisibility>1</CanModifyMobileVisibility>
          <CanModifyMobileClientVisibility>1</CanModifyMobileClientVisibility>
          <CanModifyMobileClientReadOnly>1</CanModifyMobileClientReadOnly>
          <CanModifyMobileClientOffline>1</CanModifyMobileClientOffline>
          <CanModifyConnectionSettings>1</CanModifyConnectionSettings>
          <CanModifyDuplicateDetectionSettings>1</CanModifyDuplicateDetectionSettings>
          <CanModifyMailMergeSettings>1</CanModifyMailMergeSettings>
          <CanModifyQueueSettings>1</CanModifyQueueSettings>
          <CanCreateAttributes>1</CanCreateAttributes>
          <CanCreateForms>1</CanCreateForms>
          <CanCreateCharts>1</CanCreateCharts>
          <CanCreateViews>1</CanCreateViews>
          <CanModifyAdditionalSettings>1</CanModifyAdditionalSettings>
          <CanEnableSyncToExternalSearchIndex>1</CanEnableSyncToExternalSearchIndex>
          <EnforceStateTransitions>0</EnforceStateTransitions>
          <CanChangeHierarchicalRelationship>1</CanChangeHierarchicalRelationship>
          <EntityHelpUrlEnabled>0</EntityHelpUrlEnabled>
          <ChangeTrackingEnabled>1</ChangeTrackingEnabled>
          <CanChangeTrackingBeEnabled>1</CanChangeTrackingBeEnabled>
          <IsEnabledForExternalChannels>0</IsEnabledForExternalChannels>
          <IsMSTeamsIntegrationEnabled>0</IsMSTeamsIntegrationEnabled>
          <IsSolutionAware>0</IsSolutionAware>
          <HasRelatedNotes>True</HasRelatedNotes>
          <HasRelatedFeedback>True</HasRelatedFeedback>
        </entity>
      </EntityInfo>
      <RibbonDiffXml>
        <CustomActions>
          <CustomAction Id="ovs.Form.ovs_cyaction.Delete.CustomAction" Location="Mscrm.Form.ovs_cyaction.MainTab.ModernClient.Controls._children" Sequence="0">
            <CommandUIDefinition>
              <Button Alt="$Resources:Ribbon.HomepageGrid.MainTab.Management.Delete" Command="ovs.Form.ovs_cyaction.Delete" Id="ovs.Form.ovs_cyaction.Delete" Image32by32="/_imgs/Workplace/remove_32.png" Image16by16="/_imgs/ribbon/Delete_16.png" LabelText="$Resources:Ribbon.HomepageGrid.MainTab.Management.Delete" Sequence="0" ToolTipTitle="$Resources:Mscrm_Form_Other_MainTab_Management_Delete_ToolTipTitle" ToolTipDescription="$Resources(EntityDisplayName):Ribbon.Form.Tooltip.Delete" ModernImage="Remove" />
            </CommandUIDefinition>
          </CustomAction>
          <CustomAction Id="ovs.Mscrm.Form.ovs_cyaction.Activate.CustomAction" Location="Mscrm.Form.ovs_cyaction.MainTab.Save.Controls._children" Sequence="50">
            <CommandUIDefinition>
              <Button Alt="$Resources:Ribbon.HomepageGrid.account.Record.Status.Activate" Command="Mscrm.Form.Activate" Id="Mscrm.Form.ovs_cyaction.Activate" Image32by32="/_imgs/ribbon/Activate_32.png" Image16by16="/_imgs/ribbon/Activate_16.png" LabelText="$Resources:Ribbon.HomepageGrid.account.Record.Status.Activate" Sequence="50" TemplateAlias="o2" ToolTipTitle="$Resources:Ribbon.HomepageGrid.account.Record.Status.Activate" ToolTipDescription="$Resources(EntityPluralDisplayName):Ribbon.Tooltip.Activate" ModernImage="Activate" />
            </CommandUIDefinition>
          </CustomAction>
          <HideCustomAction HideActionId="ovs.Mscrm.Form.ovs_cyaction.Close.Hide" Location="Mscrm.Form.ovs_cyaction.Close" />
          <CustomAction Id="ovs.Mscrm.Form.ovs_cyaction.Deactivate.CustomAction" Location="Mscrm.Form.ovs_cyaction.MainTab.Save.Controls._children" Sequence="60">
            <CommandUIDefinition>
              <Button Alt="$Resources:Ribbon.HomepageGrid.account.Record.Status.Deactivate" Command="Mscrm.Form.Deactivate" Id="Mscrm.Form.ovs_cyaction.Deactivate" Image32by32="/_imgs/ribbon/Deactivate_32.png" Image16by16="/_imgs/ribbon/Deactivate_16.png" LabelText="$Resources:Ribbon.HomepageGrid.account.Record.Status.Deactivate" Sequence="60" TemplateAlias="o2" ToolTipTitle="$Resources:Ribbon.HomepageGrid.account.Record.Status.Deactivate" ToolTipDescription="$Resources(EntityPluralDisplayName):Ribbon.Tooltip.Deactivate" ModernImage="DeActivate" />
            </CommandUIDefinition>
          </CustomAction>
          <HideCustomAction HideActionId="ovs.Mscrm.Form.ovs_cyaction.Delete.Hide" Location="Mscrm.Form.ovs_cyaction.Delete" />
          <CustomAction Id="ovs.Mscrm.HomepageGrid.ovs_cyaction.Activate.CustomAction" Location="Mscrm.HomepageGrid.ovs_cyaction.MainTab.Management.Controls._children" Sequence="30">
            <CommandUIDefinition>
              <Button Alt="$Resources:Ribbon.HomepageGrid.account.Record.Status.Activate" Command="Mscrm.HomepageGrid.Activate" Id="Mscrm.HomepageGrid.ovs_cyaction.Activate" Image32by32="/_imgs/ribbon/Activate_32.png" Image16by16="/_imgs/ribbon/Activate_16.png" LabelText="$Resources:Ribbon.HomepageGrid.account.Record.Status.Activate" Sequence="30" TemplateAlias="o2" ToolTipTitle="$Resources:Ribbon.HomepageGrid.account.Record.Status.Activate" ToolTipDescription="$Resources(EntityPluralDisplayName):Ribbon.Tooltip.Activate" ModernImage="Activate" />
            </CommandUIDefinition>
          </CustomAction>
          <CustomAction Id="ovs.Mscrm.HomepageGrid.ovs_cyaction.Deactivate.CustomAction" Location="Mscrm.HomepageGrid.ovs_cyaction.MainTab.Management.Controls._children" Sequence="40">
            <CommandUIDefinition>
              <Button Alt="$Resources:Ribbon.HomepageGrid.account.Record.Status.Deactivate" Command="Mscrm.HomepageGrid.Deactivate" Id="Mscrm.HomepageGrid.ovs_cyaction.Deactivate" Image32by32="/_imgs/ribbon/Deactivate_32.png" Image16by16="/_imgs/ribbon/Deactivate_16.png" LabelText="$Resources:Ribbon.HomepageGrid.account.Record.Status.Deactivate" Sequence="40" TemplateAlias="o2" ToolTipTitle="$Resources:Ribbon.HomepageGrid.account.Record.Status.Deactivate" ToolTipDescription="$Resources(EntityPluralDisplayName):Ribbon.Tooltip.Deactivate" ModernImage="DeActivate" />
            </CommandUIDefinition>
          </CustomAction>
          <CustomAction Id="ovs.Mscrm.SubGrid.ovs_cyaction.Activate.CustomAction" Location="Mscrm.SubGrid.ovs_cyaction.MainTab.Management.Controls._children" Sequence="60">
            <CommandUIDefinition>
              <Button Alt="$Resources:Ribbon.HomepageGrid.account.Record.Status.Activate" Command="Mscrm.HomepageGrid.Activate" Id="Mscrm.SubGrid.ovs_cyaction.Activate" Image32by32="/_imgs/ribbon/Activate_32.png" Image16by16="/_imgs/ribbon/Activate_16.png" LabelText="$Resources:Ribbon.HomepageGrid.account.Record.Status.Activate" Sequence="60" TemplateAlias="o2" ToolTipTitle="$Resources:Ribbon.HomepageGrid.account.Record.Status.Activate" ToolTipDescription="$Resources(EntityPluralDisplayName):Ribbon.Tooltip.Activate" ModernImage="Activate" />
            </CommandUIDefinition>
          </CustomAction>
          <HideCustomAction HideActionId="ovs.Mscrm.SubGrid.ovs_cyaction.Deactivate.Hide" Location="Mscrm.SubGrid.ovs_cyaction.Deactivate" />
          <HideCustomAction HideActionId="ovs.Mscrm.SubGrid.ovs_cyaction.Delete.Hide" Location="Mscrm.SubGrid.ovs_cyaction.Delete" />
          <HideCustomAction HideActionId="ovs.Mscrm.SubGrid.ovs_cyaction.Flows.RefreshCommandBar.Hide" Location="Mscrm.SubGrid.ovs_cyaction.Flows.RefreshCommandBar" />
          <HideCustomAction HideActionId="ovs.Mscrm.SubGrid.ovs_cyaction.RunReport.Hide" Location="Mscrm.SubGrid.ovs_cyaction.RunReport" />
          <CustomAction Id="ovs.ovs_cyaction.Button4.Button.Mscrm.Form.ovs_cyaction.Close.CustomAction" Location="Mscrm.Form.ovs_cyaction.MainTab.Management.Controls._children" Sequence="0">
            <CommandUIDefinition>
              <Button Alt="$Resources(EntityDisplayName):Ribbon.HomepageGrid.MainTab.Actions.Close" Command="ovs.ovs_cyaction.Form.CloseActivity" Id="ovs.ovs_cyaction.Button4.Button.Mscrm.Form.ovs_cyaction.Close" Image32by32="/_imgs/ribbon/ActivtiyClose_32.png" Image16by16="/_imgs/ribbon/Close_16.png" LabelText="$Resources(EntityDisplayName):Ribbon.HomepageGrid.MainTab.Actions.Close" Sequence="0" TemplateAlias="o1" ToolTipTitle="$Resources(EntityDisplayName):Ribbon.HomepageGrid.MainTab.Actions.Close" ToolTipDescription="$Resources(EntityDisplayName):Mscrm_Form_EntityLogicalName_MainTab_Actions_Close_ToolTipDescription" ModernImage="Close" />
            </CommandUIDefinition>
          </CustomAction>
          <CustomAction Id="ovs.SubGrid.ovs_cyaction.Delete.CustomAction" Location="Mscrm.SubGrid.ovs_cyaction.MainTab.Actions.Controls._children" Sequence="0">
            <CommandUIDefinition>
              <Button Alt="$Resources:Ribbon.HomepageGrid.MainTab.Management.Delete" Command="ovs.SubGrid.ovs_cyaction.Delete" Id="ovs.SubGrid.ovs_cyaction.Delete" Image32by32="/_imgs/Workplace/remove_32.png" Image16by16="/_imgs/ribbon/Delete_16.png" LabelText="$Resources(EntityDisplayName):Ribbon.SubGrid.MainTab.Management.Delete" Sequence="0" TemplateAlias="o1" ToolTipTitle="$Resources(EntityDisplayName):Mscrm_SubGrid_EntityLogicalName_MainTab_Management_Delete_ToolTipTitle" ToolTipDescription="$Resources(EntityPluralDisplayName):Ribbon.HomepageGrid.Tooltip.Delete" ModernImage="Remove" />
            </CommandUIDefinition>
          </CustomAction>
          <CustomAction Id="ovs.tc.ovs_cyaction.Button2.Button.Mscrm.SubGrid.ovs_cyaction.AddNewStandard.CustomAction" Location="Mscrm.SubGrid.ovs_cyaction.MainTab.Management.Controls._children" Sequence="0">
            <CommandUIDefinition>
              <Button Alt="$LocLabels:tc.ovs_cyaction.Button2.Button.Mscrm.SubGrid.ovs_cyaction.AddNewStandard.Alt" Command="Mscrm.AddNewRecordFromSubGridStandard" Id="tc.ovs_cyaction.Button2.Button.Mscrm.SubGrid.ovs_cyaction.AddNewStandard" Image32by32="/_imgs/ribbon/newrecord32.png" Image16by16="/_imgs/ribbon/New_16.png" LabelText="$LocLabels:tc.ovs_cyaction.Button2.Button.Mscrm.SubGrid.ovs_cyaction.AddNewStandard.LabelText" Sequence="0" TemplateAlias="o1" ToolTipTitle="$LocLabels:tc.ovs_cyaction.Button2.Button.Mscrm.SubGrid.ovs_cyaction.AddNewStandard.ToolTipTitle" ToolTipDescription="$Resources(EntityDisplayName):Mscrm_SubGrid_EntityLogicalName_MainTab_Management_AddNewStandard_ToolTipDescription" ModernImage="New" />
            </CommandUIDefinition>
          </CustomAction>
          <HideCustomAction HideActionId="tc.Mscrm.Form.ovs_cyaction.SaveAsComplete.Hide" Location="Mscrm.Form.ovs_cyaction.SaveAsComplete" />
          <HideCustomAction HideActionId="tc.Mscrm.SubGrid.ovs_cyaction.AddNewStandard.Hide" Location="Mscrm.SubGrid.ovs_cyaction.AddNewStandard" />
        </CustomActions>
        <Templates>
          <RibbonTemplates Id="Mscrm.Templates"></RibbonTemplates>
        </Templates>
        <CommandDefinitions>
          <CommandDefinition Id="Mscrm.AddNewRecordFromSubGridStandard">
            <EnableRules>
              <EnableRule Id="tc.ovs_cyaction.EnableRule0.HideButtonIfFormIsReadOnly" />
            </EnableRules>
            <DisplayRules />
            <Actions>
              <JavaScriptFunction FunctionName="XrmCore.Commands.Open.addNewFromSubGridStandard" Library="$webresource:Main_system_library.js">
                <CrmParameter Value="SelectedEntityTypeName" />
                <CrmParameter Value="PrimaryEntityTypeName" />
                <CrmParameter Value="FirstPrimaryItemId" />
                <CrmParameter Value="PrimaryControl" />
                <CrmParameter Value="SelectedControl" />
              </JavaScriptFunction>
            </Actions>
          </CommandDefinition>
          <CommandDefinition Id="Mscrm.DeletePrimaryRecord">
            <EnableRules>
              <EnableRule Id="Mscrm.FormStateNotNew" />
              <EnableRule Id="Mscrm.CanDeletePrimary" />
              <EnableRule Id="Mscrm.IsEntityAvailableForUserInMocaOffline" />
            </EnableRules>
            <DisplayRules>
              <DisplayRule Id="Mscrm.DeletePrimaryEntityPermission" />
            </DisplayRules>
            <Actions>
              <JavaScriptFunction FunctionName="XrmCore.Commands.Delete.deletePrimaryRecord" Library="$webresource:Main_system_library.js">
                <CrmParameter Value="FirstPrimaryItemId" />
                <CrmParameter Value="PrimaryEntityTypeName" />
              </JavaScriptFunction>
            </Actions>
          </CommandDefinition>
          <CommandDefinition Id="Mscrm.DeleteSelectedRecord">
            <EnableRules>
              <EnableRule Id="Mscrm.SelectionCountAtLeastOne" />
              <EnableRule Id="Mscrm.VisualizationPaneNotMaximized" />
              <EnableRule Id="Mscrm.IsEntityAvailableForUserInMocaOffline" />
            </EnableRules>
            <DisplayRules>
              <DisplayRule Id="Mscrm.NotShowForManyToManyGrids" />
              <DisplayRule Id="Mscrm.DeleteSelectedEntityPermission" />
            </DisplayRules>
            <Actions>
              <JavaScriptFunction FunctionName="XrmCore.Commands.Delete.deleteRecords" Library="$Webresource:Main_system_library.js">
                <CrmParameter Value="SelectedControl" />
                <CrmParameter Value="SelectedControlSelectedItemReferences" />
                <CrmParameter Value="SelectedEntityTypeName" />
              </JavaScriptFunction>
            </Actions>
          </CommandDefinition>
          <CommandDefinition Id="Mscrm.EditSelectedRecord">
            <EnableRules>
              <EnableRule Id="Mscrm.CheckBulkEditSupportForEntity" />
              <EnableRule Id="Mscrm.VisualizationPaneNotMaximized" />
              <EnableRule Id="Mscrm.IsValidForHierarchyView" />
              <EnableRule Id="Mscrm.ShowOnNonModernAndModernIfAllowed" />
              <EnableRule Id="tc.ovs_cyaction.EnableRule0.HideButtonIfFormIsReadOnly" />
            </EnableRules>
            <DisplayRules>
              <DisplayRule Id="Mscrm.BulkEditPrivilege" />
              <DisplayRule Id="Mscrm.WriteSelectedEntityPermission" />
              <DisplayRule Id="Mscrm.HybridDialogBulkEditEnabled" />
            </DisplayRules>
            <Actions>
              <JavaScriptFunction FunctionName="XrmCore.Commands.BulkEdit.bulkEditRecords" Library="$webresource:Main_system_library.js">
                <CrmParameter Value="SelectedControl" />
                <CrmParameter Value="SelectedControlSelectedItemReferences" />
                <CrmParameter Value="SelectedEntityTypeName" />
              </JavaScriptFunction>
            </Actions>
          </CommandDefinition>
          <CommandDefinition Id="Mscrm.Form.Activate">
            <EnableRules>
              <EnableRule Id="Mscrm.CanWritePrimary" />
            </EnableRules>
            <DisplayRules>
              <DisplayRule Id="Mscrm.CanWritePrimary" />
              <DisplayRule Id="Mscrm.PrimaryIsInactive" />
              <DisplayRule Id="Mscrm.PrimaryEntityHasStatecode" />
            </DisplayRules>
            <Actions>
              <JavaScriptFunction FunctionName="XrmCore.Commands.Activate.activatePrimaryRecord" Library="$webresource:Main_system_library.js">
                <CrmParameter Value="FirstPrimaryItemId" />
                <CrmParameter Value="PrimaryEntityTypeName" />
              </JavaScriptFunction>
            </Actions>
          </CommandDefinition>
          <CommandDefinition Id="Mscrm.Form.CloseActivity">
            <EnableRules>
              <EnableRule Id="Mscrm.CanWritePrimary" />
            </EnableRules>
            <DisplayRules>
              <DisplayRule Id="Mscrm.CanWritePrimary" />
              <DisplayRule Id="Mscrm.PrimaryIsActive" />
              <DisplayRule Id="Mscrm.PrimaryEntityHasStatecode" />
              <DisplayRule Id="Mscrm.PrimaryIsActivity" />
            </DisplayRules>
            <Actions>
              <JavaScriptFunction FunctionName="XrmCore.Commands.ChangeState.changeState" Library="$webresource:Main_system_library.js">
                <StringParameter Value="deactivate" />
                <CrmParameter Value="PrimaryEntityTypeCode" />
                <StringParameter Value="5" />
              </JavaScriptFunction>
            </Actions>
          </CommandDefinition>
          <CommandDefinition Id="Mscrm.Form.Deactivate">
            <EnableRules>
              <EnableRule Id="Mscrm.CanWritePrimary" />
              <EnableRule Id="ovs.ovs_cyaction.InspectorRole.EnableRule" />
            </EnableRules>
            <DisplayRules>
              <DisplayRule Id="Mscrm.CanWritePrimary" />
              <DisplayRule Id="Mscrm.PrimaryIsActive" />
              <DisplayRule Id="Mscrm.PrimaryEntityHasStatecode" />
            </DisplayRules>
            <Actions>
              <JavaScriptFunction FunctionName="XrmCore.Commands.Deactivate.deactivatePrimaryRecord" Library="$webresource:Main_system_library.js">
                <CrmParameter Value="FirstPrimaryItemId" />
                <CrmParameter Value="PrimaryEntityTypeName" />
              </JavaScriptFunction>
            </Actions>
          </CommandDefinition>
          <CommandDefinition Id="Mscrm.HomepageGrid.Activate">
            <EnableRules>
              <EnableRule Id="Mscrm.VisualizationPaneNotMaximized" />
              <EnableRule Id="Mscrm.SelectionCountAtLeastOne" />
            </EnableRules>
            <DisplayRules>
              <DisplayRule Id="Mscrm.CanWriteSelected" />
              <DisplayRule Id="Mscrm.SelectedEntityHasStatecode" />
            </DisplayRules>
            <Actions>
              <JavaScriptFunction FunctionName="XrmCore.Commands.Activate.activateRecords" Library="$webresource:Main_system_library.js">
                <CrmParameter Value="SelectedControl" />
                <CrmParameter Value="SelectedControlSelectedItemReferences" />
                <CrmParameter Value="SelectedEntityTypeName" />
              </JavaScriptFunction>
            </Actions>
          </CommandDefinition>
          <CommandDefinition Id="Mscrm.HomepageGrid.Deactivate">
            <EnableRules>
              <EnableRule Id="Mscrm.VisualizationPaneNotMaximized" />
              <EnableRule Id="Mscrm.SelectionCountAtLeastOne" />
            </EnableRules>
            <DisplayRules>
              <DisplayRule Id="Mscrm.CanWriteSelected" />
              <DisplayRule Id="Mscrm.SelectedEntityHasStatecode" />
            </DisplayRules>
            <Actions>
              <JavaScriptFunction FunctionName="XrmCore.Commands.Deactivate.deactivateRecords" Library="$webresource:Main_system_library.js">
                <CrmParameter Value="SelectedControl" />
                <CrmParameter Value="SelectedControlSelectedItemReferences" />
                <CrmParameter Value="SelectedEntityTypeName" />
              </JavaScriptFunction>
            </Actions>
          </CommandDefinition>
          <CommandDefinition Id="ovs.Form.ovs_cyaction.Delete">
            <EnableRules>
              <EnableRule Id="Mscrm.FormStateNotNew" />
              <EnableRule Id="Mscrm.CanDeletePrimary" />
              <EnableRule Id="Mscrm.IsEntityAvailableForUserInMocaOffline" />
            </EnableRules>
            <DisplayRules>
              <DisplayRule Id="Mscrm.DeletePrimaryEntityPermission" />
              <DisplayRule Id="ovs.ovs_cyaction.Form.DeletePrimaryEntityPermission" />
            </DisplayRules>
            <Actions>
              <JavaScriptFunction FunctionName="XrmCore.Commands.Delete.deletePrimaryRecord" Library="$webresource:Main_system_library.js">
                <CrmParameter Value="FirstPrimaryItemId" />
                <CrmParameter Value="PrimaryEntityTypeName" />
              </JavaScriptFunction>
            </Actions>
          </CommandDefinition>
          <CommandDefinition Id="ovs.ovs_cyaction.Form.CloseActivity">
            <EnableRules>
              <EnableRule Id="Mscrm.CanWritePrimary" />
              <EnableRule Id="ovs.ovs_cyaction.CanWritePrimeray" />
            </EnableRules>
            <DisplayRules>
              <DisplayRule Id="Mscrm.CanWritePrimary" />
              <DisplayRule Id="Mscrm.PrimaryIsActive" />
              <DisplayRule Id="Mscrm.PrimaryEntityHasStatecode" />
              <DisplayRule Id="Mscrm.PrimaryIsActivity" />
              <DisplayRule Id="ovs.ovs_cyaction.CanHide.CloseActivity" />
            </DisplayRules>
            <Actions>
              <JavaScriptFunction FunctionName="XrmCore.Commands.ChangeState.changeState" Library="$webresource:Main_system_library.js">
                <StringParameter Value="deactivate" />
                <CrmParameter Value="PrimaryEntityTypeCode" />
                <StringParameter Value="5" />
              </JavaScriptFunction>
            </Actions>
          </CommandDefinition>
          <CommandDefinition Id="ovs.SubGrid.ovs_cyaction.Delete">
            <EnableRules>
              <EnableRule Id="Mscrm.SelectionCountAtLeastOne" />
              <EnableRule Id="Mscrm.VisualizationPaneNotMaximized" />
              <EnableRule Id="Mscrm.IsEntityAvailableForUserInMocaOffline" />
            </EnableRules>
            <DisplayRules>
              <DisplayRule Id="Mscrm.NotShowForManyToManyGrids" />
              <DisplayRule Id="Mscrm.DeleteSelectedEntityPermission" />
              <DisplayRule Id="ovs.ovs_cyaction.Subgrid.DeleteSeletedEntityPermission" />
            </DisplayRules>
            <Actions>
              <JavaScriptFunction FunctionName="XrmCore.Commands.Delete.deleteRecords" Library="$Webresource:Main_system_library.js">
                <CrmParameter Value="SelectedControl" />
                <CrmParameter Value="SelectedControlSelectedItemReferences" />
                <CrmParameter Value="SelectedEntityTypeName" />
              </JavaScriptFunction>
            </Actions>
          </CommandDefinition>
        </CommandDefinitions>
        <RuleDefinitions>
          <TabDisplayRules />
          <DisplayRules>
            <DisplayRule Id="Mscrm.CanWriteSelected">
              <EntityPrivilegeRule PrivilegeType="Write" PrivilegeDepth="Basic" AppliesTo="SelectedEntity" />
            </DisplayRule>
            <DisplayRule Id="Mscrm.NotShowForManyToManyGrids">
              <RelationshipTypeRule AppliesTo="SelectedEntity" RelationshipType="ManyToMany" InvertResult="true" />
            </DisplayRule>
            <DisplayRule Id="Mscrm.PrimaryEntityHasStatecode">
              <EntityPropertyRule AppliesTo="PrimaryEntity" PropertyName="HasStateCode" PropertyValue="true" />
            </DisplayRule>
            <DisplayRule Id="Mscrm.PrimaryIsInactive">
              <FormStateRule State="Disabled" />
            </DisplayRule>
            <DisplayRule Id="Mscrm.PrimaryIsNotActivity">
              <EntityPropertyRule AppliesTo="PrimaryEntity" PropertyName="IsActivity" PropertyValue="false" />
            </DisplayRule>
            <DisplayRule Id="Mscrm.SelectedEntityHasStatecode">
              <EntityPropertyRule AppliesTo="SelectedEntity" PropertyName="HasStateCode" PropertyValue="true" />
            </DisplayRule>
            <DisplayRule Id="ovs.ovs_cyaction.CanHide.CloseActivity">
              <EntityPrivilegeRule PrivilegeType="Write" PrivilegeDepth="Global" AppliesTo="PrimaryEntity" EntityName="account" />
            </DisplayRule>
            <DisplayRule Id="ovs.ovs_cyaction.DisplayRule12.DisplayRule">
              <EntityPrivilegeRule PrivilegeType="Write" PrivilegeDepth="Basic" AppliesTo="PrimaryEntity" EntityName="ovs_unplannedforecast" />
            </DisplayRule>
            <DisplayRule Id="ovs.ovs_cyaction.Form.DeletePrimaryEntityPermission">
              <EntityPrivilegeRule PrivilegeType="Delete" PrivilegeDepth="Global" AppliesTo="PrimaryEntity" EntityName="account" />
            </DisplayRule>
            <DisplayRule Id="ovs.ovs_cyaction.Subgrid.DeleteSeletedEntityPermission">
              <EntityPrivilegeRule PrivilegeType="Delete" PrivilegeDepth="Global" AppliesTo="SelectedEntity" EntityName="account" />
            </DisplayRule>
            <DisplayRule Id="ovs.SelectedIsInactive">
              <EntityPropertyRule AppliesTo="SelectedEntity" PropertyName="IsActivity" PropertyValue="false" />
            </DisplayRule>
          </DisplayRules>
          <EnableRules>
            <EnableRule Id="ovs.ovs_cyaction.InspectorRole.EnableRule">
              <CustomRule FunctionName="isInspectorRole" Library="$webresource:ovs_ROMCommonFunctions" InvertResult="true">
                <CrmParameter Value="PrimaryControl" />
              </CustomRule>
            </EnableRule>
            <EnableRule Id="tc.ovs_cyaction.EnableRule0.HideButtonIfFormIsReadOnly">
              <CustomRule FunctionName="HideButtonIfFormIsReadOnly" Library="$webresource:ovs_ROMCommonFunctions">
                <CrmParameter Value="PrimaryControl" />
              </CustomRule>
            </EnableRule>
          </EnableRules>
        </RuleDefinitions>
        <LocLabels>
          <LocLabel Id="tc.ovs_cyaction.Button2.Button.Mscrm.SubGrid.ovs_cyaction.AddNewStandard.Alt">
            <Titles>
              <Title description="Add New {0}" languagecode="1033" />
              <Title description="Nouvelle {0}" languagecode="1036" />
            </Titles>
          </LocLabel>
          <LocLabel Id="tc.ovs_cyaction.Button2.Button.Mscrm.SubGrid.ovs_cyaction.AddNewStandard.LabelText">
            <Titles>
              <Title description="Add New {0}" languagecode="1033" />
              <Title description="Nouvelle {0}" languagecode="1036" />
            </Titles>
          </LocLabel>
          <LocLabel Id="tc.ovs_cyaction.Button2.Button.Mscrm.SubGrid.ovs_cyaction.AddNewStandard.ToolTipTitle">
            <Titles>
              <Title description="Add New {0}" languagecode="1033" />
              <Title description="Nouvelle {0}" languagecode="1036" />
            </Titles>
          </LocLabel>
        </LocLabels>
      </RibbonDiffXml>
    </Entity>
    <Entity>
      <Name LocalizedName="Emergency Contact" OriginalName="Registration Contact">ovs_registration_contact</Name>
      <EntityInfo>
        <entity Name="ovs_registration_contact">
          <LocalizedNames>
            <LocalizedName description="Emergency Contact" languagecode="1033" />
          </LocalizedNames>
          <LocalizedCollectionNames>
            <LocalizedCollectionName description="Emergency Contacts" languagecode="1033" />
          </LocalizedCollectionNames>
          <Descriptions>
            <Description description="Registration specific information of contacts. Examples: call priority, emergency contact indicators." languagecode="1033" />
          </Descriptions>
          <attributes />
          <EntitySetName>ovs_registration_contacts</EntitySetName>
          <IsDuplicateCheckSupported>0</IsDuplicateCheckSupported>
          <IsBusinessProcessEnabled>0</IsBusinessProcessEnabled>
          <IsRequiredOffline>0</IsRequiredOffline>
          <IsInteractionCentricEnabled>0</IsInteractionCentricEnabled>
          <IsCollaboration>0</IsCollaboration>
          <AutoRouteToOwnerQueue>0</AutoRouteToOwnerQueue>
          <IsConnectionsEnabled>0</IsConnectionsEnabled>
          <EntityColor></EntityColor>
          <IsDocumentManagementEnabled>0</IsDocumentManagementEnabled>
          <AutoCreateAccessTeams>0</AutoCreateAccessTeams>
          <IsOneNoteIntegrationEnabled>0</IsOneNoteIntegrationEnabled>
          <IsKnowledgeManagementEnabled>0</IsKnowledgeManagementEnabled>
          <IsSLAEnabled>0</IsSLAEnabled>
          <IsDocumentRecommendationsEnabled>0</IsDocumentRecommendationsEnabled>
          <IsBPFEntity>0</IsBPFEntity>
          <OwnershipTypeMask>UserOwned</OwnershipTypeMask>
          <IsAuditEnabled>0</IsAuditEnabled>
          <IsRetrieveAuditEnabled>0</IsRetrieveAuditEnabled>
          <IsRetrieveMultipleAuditEnabled>0</IsRetrieveMultipleAuditEnabled>
          <IsActivity>0</IsActivity>
          <ActivityTypeMask></ActivityTypeMask>
          <IsActivityParty>0</IsActivityParty>
          <IsReplicated>0</IsReplicated>
          <IsReplicationUserFiltered>0</IsReplicationUserFiltered>
          <IsMailMergeEnabled>0</IsMailMergeEnabled>
          <IsVisibleInMobile>0</IsVisibleInMobile>
          <IsVisibleInMobileClient>0</IsVisibleInMobileClient>
          <IsReadOnlyInMobileClient>0</IsReadOnlyInMobileClient>
          <IsOfflineInMobileClient>0</IsOfflineInMobileClient>
          <DaysSinceRecordLastModified>0</DaysSinceRecordLastModified>
          <MobileOfflineFilters></MobileOfflineFilters>
          <IsMapiGridEnabled>1</IsMapiGridEnabled>
          <IsReadingPaneEnabled>1</IsReadingPaneEnabled>
          <IsQuickCreateEnabled>0</IsQuickCreateEnabled>
          <SyncToExternalSearchIndex>0</SyncToExternalSearchIndex>
          <IntroducedVersion>1.0</IntroducedVersion>
          <IsCustomizable>1</IsCustomizable>
          <IsRenameable>1</IsRenameable>
          <IsMappable>1</IsMappable>
          <CanModifyAuditSettings>1</CanModifyAuditSettings>
          <CanModifyMobileVisibility>1</CanModifyMobileVisibility>
          <CanModifyMobileClientVisibility>1</CanModifyMobileClientVisibility>
          <CanModifyMobileClientReadOnly>1</CanModifyMobileClientReadOnly>
          <CanModifyMobileClientOffline>1</CanModifyMobileClientOffline>
          <CanModifyConnectionSettings>1</CanModifyConnectionSettings>
          <CanModifyDuplicateDetectionSettings>1</CanModifyDuplicateDetectionSettings>
          <CanModifyMailMergeSettings>1</CanModifyMailMergeSettings>
          <CanModifyQueueSettings>1</CanModifyQueueSettings>
          <CanCreateAttributes>1</CanCreateAttributes>
          <CanCreateForms>1</CanCreateForms>
          <CanCreateCharts>1</CanCreateCharts>
          <CanCreateViews>1</CanCreateViews>
          <CanModifyAdditionalSettings>1</CanModifyAdditionalSettings>
          <CanEnableSyncToExternalSearchIndex>1</CanEnableSyncToExternalSearchIndex>
          <IconVectorName>ovs_icon_registration_contact</IconVectorName>
          <EnforceStateTransitions>0</EnforceStateTransitions>
          <CanChangeHierarchicalRelationship>1</CanChangeHierarchicalRelationship>
          <EntityHelpUrlEnabled>0</EntityHelpUrlEnabled>
          <EntityHelpUrl></EntityHelpUrl>
          <ChangeTrackingEnabled>0</ChangeTrackingEnabled>
          <CanChangeTrackingBeEnabled>1</CanChangeTrackingBeEnabled>
          <IsEnabledForExternalChannels>0</IsEnabledForExternalChannels>
          <IsMSTeamsIntegrationEnabled>0</IsMSTeamsIntegrationEnabled>
          <IsSolutionAware>0</IsSolutionAware>
        </entity>
      </EntityInfo>
      <FormXml>
        <forms type="main">
          <systemform>
            <formid>{01878e57-47cf-ee11-904d-002248b0ab18}</formid>
            <IntroducedVersion>1.0.0.0</IntroducedVersion>
            <FormPresentation>1</FormPresentation>
            <FormActivationState>1</FormActivationState>
            <form headerdensity="HighWithControls">
              <tabs>
                <tab verticallayout="true" id="{05947ffa-212d-43f1-918a-dec3a95348b6}" IsUserDefined="1" labelid="{050821e5-1f48-4c53-afbc-7ce139458f35}">
                  <labels>
                    <label description="General" languagecode="1033" />
                  </labels>
                  <columns>
                    <column width="50%">
                      <sections>
                        <section showlabel="true" showbar="false" IsUserDefined="0" id="{d443011c-4878-4dcf-9c3f-7a3048f0a0c1}" name="section_registration_contact_contact" labelid="{c518de21-76cc-4742-ad9a-86169ccc9962}">
                          <labels>
                            <label description="EMERGENCY CONTACT DETAILS" languagecode="1033" />
                          </labels>
                          <rows>
                            <row>
                              <cell id="{9e9ea383-3089-4df2-8d3f-759475653581}" visible="false" labelid="{ec0808a4-b495-4985-8210-4de48ea1ca3f}">
                                <labels>
                                  <label description="Name" languagecode="1033" />
                                </labels>
                                <control id="ovs_name" classid="{4273EDBD-AC1D-40d3-9FB2-095C621B552D}" datafieldname="ovs_name" />
                              </cell>
                            </row>
                            <row>
                              <cell id="{722a6dc0-f26b-4c91-8de2-173b1c27fd19}" visible="false" labelid="{ec227fe2-2256-43d8-8776-328da770a7f1}">
                                <labels>
                                  <label description="Owner" languagecode="1033" />
                                  <label description="Propriétaire" languagecode="1036" />
                                </labels>
                                <control id="ownerid" classid="{270BD3DB-D9AF-4782-9025-509E298DEC0A}" datafieldname="ownerid" />
                              </cell>
                            </row>
                            <row>
                              <cell id="{151c4e82-6fee-4ed2-82d6-00b3931ed66c}" locklevel="0" colspan="1" rowspan="1" labelid="{3e604e93-daa9-478e-90fd-026b902c3724}">
                                <labels>
                                  <label description="Contact" languagecode="1033" />
                                </labels>
                                <control id="ovs_contact_id" classid="{270BD3DB-D9AF-4782-9025-509E298DEC0A}" datafieldname="ovs_contact_id" disabled="false">
                                  <parameters>
                                    <DefaultViewId>{A2D479C5-53E3-4C69-ADDD-802327E67A0D}</DefaultViewId>
                                  </parameters>
                                </control>
                              </cell>
                            </row>
                            <row>
                              <cell id="{600d8b2a-7bb3-4d93-bfc3-922c7d0306bf}" locklevel="0" colspan="1" rowspan="1" labelid="{348f04d4-e759-4e87-868e-3ea0ec5bb907}">
                                <labels>
                                  <label description="Call Priority" languagecode="1033" />
                                </labels>
                                <control id="ovs_call_priority_nbr" classid="{C6D124CA-7EDA-4A60-AEA9-7FB8D318B68F}" datafieldname="ovs_call_priority_nbr" disabled="false" />
                              </cell>
                            </row>
                            <row>
                              <cell id="{fbb82709-c74b-4af9-abe5-37e7837e3e99}" locklevel="0" colspan="1" rowspan="1" visible="false">
                                <labels>
                                  <label description="" languagecode="1033" />
                                </labels>
                                <control id="ovs_emergency_ind" classid="{67FAC785-CD58-4F9F-ABB3-4B7DDC6ED5ED}" datafieldname="ovs_emergency_ind" disabled="false" />
                              </cell>
                            </row>
                          </rows>
                        </section>
                        <section name="section_registration_contact_recordlog" id="7fdc5804-05ab-400b-817c-6d34afea48c6" IsUserDefined="0" locklevel="0" showlabel="true" showbar="false" layout="varwidth" celllabelalignment="Left" celllabelposition="Left" columns="11" labelwidth="115" labelid="{8cb5761e-21b0-49ad-b556-f390ac28baf2}">
                          <labels>
                            <label description="RECORD LOG" languagecode="1033" />
                          </labels>
                          <rows>
                            <row>
                              <cell id="{fd646c18-3d6c-4d46-8f8c-39a39fa78c12}" locklevel="0" colspan="1" rowspan="1" labelid="{6c016b96-0399-4599-892f-a7b7fe547599}">
                                <labels>
                                  <label description="Created By" languagecode="1033" />
                                  <label description="Créé par" languagecode="1036" />
                                </labels>
                                <control id="createdby" classid="{270BD3DB-D9AF-4782-9025-509E298DEC0A}" datafieldname="createdby" disabled="false" />
                              </cell>
                            </row>
                            <row>
                              <cell id="{e30a540e-3f31-4f9a-b099-96a458e939b3}" locklevel="0" colspan="1" rowspan="1" labelid="{737a8870-dc22-4b14-9fee-eb05e934a0d5}">
                                <labels>
                                  <label description="Modified By" languagecode="1033" />
                                  <label description="Modifié par" languagecode="1036" />
                                </labels>
                                <control id="modifiedby" classid="{270BD3DB-D9AF-4782-9025-509E298DEC0A}" datafieldname="modifiedby" disabled="false" />
                              </cell>
                              <cell id="{e1ebb4ae-389d-4881-83a0-b2c699362a66}" locklevel="0" colspan="1" rowspan="1" labelid="{428ab7f2-64a5-450d-a19f-63ef4f080479}">
                                <labels>
                                  <label description="Created On" languagecode="1033" />
                                  <label description="Créé le" languagecode="1036" />
                                </labels>
                                <control id="createdon" classid="{5B773807-9FB2-42DB-97C3-7A91EFF8ADFF}" datafieldname="createdon" disabled="false" />
                              </cell>
                            </row>
                            <row>
                              <cell locklevel="0" id="{876e5746-8bac-4273-9212-0b2402032987}" labelid="{70ee9948-3340-442f-a6c0-42bd818891ee}">
                                <labels>
                                  <label description="" languagecode="1033" />
                                </labels>
                              </cell>
                              <cell id="{a56c96e0-fc6e-4334-8937-3ae776a17da3}" locklevel="0" colspan="1" rowspan="1" labelid="{d78c3fd5-4849-46e4-95a2-90f2fc9bd088}">
                                <labels>
                                  <label description="Modified On" languagecode="1033" />
                                  <label description="Modifié le" languagecode="1036" />
                                </labels>
                                <control id="modifiedon" classid="{5B773807-9FB2-42DB-97C3-7A91EFF8ADFF}" datafieldname="modifiedon" disabled="false" />
                              </cell>
                            </row>
                          </rows>
                        </section>
                      </sections>
                    </column>
                    <column width="50%">
                      <sections>
                        <section name="_section_401" id="c5c7e9ec-bbf7-44c0-9947-12ee191900c1" IsUserDefined="0" locklevel="0" showlabel="true" showbar="false" layout="varwidth" celllabelalignment="Left" celllabelposition="Left" columns="1" labelwidth="115" labelid="{995bc314-60bb-43f3-9c09-1c1d21566a71}">
                          <labels>
                            <label description="CONTACT INFORMATION" languagecode="1033" />
                          </labels>
                          <rows>
                            <row />
                            <row>
                              <cell locklevel="0" id="{2c25f693-251f-4083-8623-bb0418ca4033}" colspan="1" rowspan="1" labelid="{c81539ff-0700-418b-8643-59d5ae338ec4}">
                                <labels>
                                  <label description="New QV control 1708361505018" languagecode="1033" />
                                </labels>
                                <control id="QuickviewControl1708361505018" classid="{5C5600E0-1D6E-4205-A272-BE80DA87FD42}" datafieldname="ovs_contact_id">
                                  <parameters>
                                    <DisplayAsCustomer360Tile>false</DisplayAsCustomer360Tile>
                                    <QuickForms>&lt;QuickFormIds&gt;&lt;QuickFormId entityname="contact"&gt;e10af52f-87c3-ee11-9079-6045bd60dfd7&lt;/QuickFormId&gt;&lt;/QuickFormIds&gt;</QuickForms>
                                    <HideQuickFormBorder>false</HideQuickFormBorder>
                                  </parameters>
                                </control>
                              </cell>
                            </row>
                          </rows>
                        </section>
                      </sections>
                    </column>
                  </columns>
                </tab>
              </tabs>
              <header id="{8d851ccc-ea2b-4e8b-ac8a-0d03db70d0a5}" celllabelposition="Top" columns="111" labelwidth="115" celllabelalignment="Left">
                <rows>
                  <row>
                    <cell id="{ac43606c-0d54-4ffd-8aed-0b7020eee3a0}" showlabel="false" labelid="{25f5d96d-6504-479a-aa9a-6cc8c9be2c77}">
                      <labels>
                        <label description="" languagecode="1033" />
                      </labels>
                    </cell>
                    <cell id="{2401592b-9220-4561-8a54-163dfa4d39bc}" showlabel="false" labelid="{cc59f981-1782-450e-a69a-655668e9213f}">
                      <labels>
                        <label description="" languagecode="1033" />
                      </labels>
                    </cell>
                    <cell id="{f4da65b7-401a-4a56-bfd5-2eb90b58a1f3}" showlabel="false" labelid="{c05ae0a6-a769-4d3c-a6e7-9cbc9d416b26}">
                      <labels>
                        <label description="" languagecode="1033" />
                      </labels>
                    </cell>
                    <cell id="{d96e6f46-1a19-4867-a42a-56c9bd77783d}" locklevel="0" colspan="1" rowspan="1" labelid="{1d4f8343-120a-4b0f-b1de-e7172e8de793}">
                      <labels>
                        <label description="Registration" languagecode="1033" />
                      </labels>
                      <control id="header_ovs_registration_id" classid="{270BD3DB-D9AF-4782-9025-509E298DEC0A}" datafieldname="ovs_registration_id" disabled="true" />
                    </cell>
                  </row>
                </rows>
              </header>
              <footer id="{bf8691d6-e399-40be-9b88-1bf884375ae5}" celllabelposition="Top" columns="111" labelwidth="115" celllabelalignment="Left">
                <rows>
                  <row>
                    <cell id="{8633f53d-1b1b-4a9a-98a6-82491307f66d}" showlabel="false" labelid="{d0d45ac7-99fb-423b-801f-3a32cf08d4e9}">
                      <labels>
                        <label description="" languagecode="1033" />
                      </labels>
                    </cell>
                    <cell id="{be2e4ea7-aea7-45f7-96c4-70d9a4aad387}" showlabel="false" labelid="{14c0c12a-f6f8-49bb-9399-c3a131cf66b6}">
                      <labels>
                        <label description="" languagecode="1033" />
                      </labels>
                    </cell>
                    <cell id="{634d9eff-c7b1-4c46-8af7-f74ae979b471}" showlabel="false" labelid="{582f8004-372e-4bf9-aaf5-a5e1e5b31a3d}">
                      <labels>
                        <label description="" languagecode="1033" />
                      </labels>
                    </cell>
                  </row>
                </rows>
              </footer>
              <DisplayConditions Order="1" FallbackForm="true">
                <Role Id="{682094A5-178A-EE11-8179-000D3AF35F84}" />
                <Role Id="{627090ff-40a3-4053-8790-584edc5be201}" />
                <Role Id="{119f245c-3cc8-4b62-b31c-d1a046ced15d}" />
              </DisplayConditions>
              <controlDescriptions />
            </form>
            <IsCustomizable>1</IsCustomizable>
            <CanBeDeleted>1</CanBeDeleted>
            <LocalizedNames>
              <LocalizedName description="CRS Registration Contact" languagecode="1033" />
            </LocalizedNames>
            <Descriptions>
              <Description description="A form for this entity." languagecode="1033" />
            </Descriptions>
          </systemform>
          <systemform>
            <formid>{4b7d9096-2a4d-4f11-b2fc-520bca01989d}</formid>
            <IntroducedVersion>1.0</IntroducedVersion>
            <FormPresentation>1</FormPresentation>
            <FormActivationState>1</FormActivationState>
            <form>
              <tabs>
                <tab verticallayout="true" id="{05947ffa-212d-43f1-918a-dec3a95348b6}" IsUserDefined="1">
                  <labels>
                    <label description="General" languagecode="1033" />
                    <label description="Général" languagecode="1036" />
                  </labels>
                  <columns>
                    <column width="100%">
                      <sections>
                        <section showlabel="false" showbar="false" IsUserDefined="0" id="{d443011c-4878-4dcf-9c3f-7a3048f0a0c1}">
                          <labels>
                            <label description="General" languagecode="1033" />
                            <label description="Général" languagecode="1036" />
                          </labels>
                          <rows>
                            <row>
                              <cell id="{9e9ea383-3089-4df2-8d3f-759475653581}">
                                <labels>
                                  <label description="" languagecode="1033" />
                                </labels>
                                <control id="ovs_name" classid="{4273EDBD-AC1D-40d3-9FB2-095C621B552D}" datafieldname="ovs_name" />
                              </cell>
                            </row>
                            <row>
                              <cell id="{722a6dc0-f26b-4c91-8de2-173b1c27fd19}">
                                <labels>
                                  <label description="" languagecode="1033" />
                                </labels>
                                <control id="ownerid" classid="{270BD3DB-D9AF-4782-9025-509E298DEC0A}" datafieldname="ownerid" />
                              </cell>
                            </row>
                          </rows>
                        </section>
                      </sections>
                    </column>
                  </columns>
                </tab>
              </tabs>
              <DisplayConditions FallbackForm="true" Order="0">
                <Role Id="{627090ff-40a3-4053-8790-584edc5be201}" />
                <Role Id="{119f245c-3cc8-4b62-b31c-d1a046ced15d}" />
              </DisplayConditions>
            </form>
            <IsCustomizable>1</IsCustomizable>
            <CanBeDeleted>1</CanBeDeleted>
            <LocalizedNames>
              <LocalizedName description="Information" languagecode="1033" />
            </LocalizedNames>
            <Descriptions>
              <Description description="A form for this entity." languagecode="1033" />
            </Descriptions>
          </systemform>
        </forms>
      </FormXml>
      <RibbonDiffXml>
        <CustomActions />
        <Templates>
          <RibbonTemplates Id="Mscrm.Templates"></RibbonTemplates>
        </Templates>
        <CommandDefinitions />
        <RuleDefinitions>
          <TabDisplayRules />
          <DisplayRules />
          <EnableRules />
        </RuleDefinitions>
        <LocLabels />
      </RibbonDiffXml>
    </Entity>
  </Entities>
  <Roles></Roles>
  <Workflows></Workflows>
  <FieldSecurityProfiles></FieldSecurityProfiles>
  <Templates />
  <EntityMaps />
  <EntityRelationships />
  <OrganizationSettings />
  <optionsets />
  <CustomControls />
  <EntityDataProviders />
  <Languages>
    <Language>1033</Language>
    <Language>1036</Language>
  </Languages>
</ImportExportXml>