<ImportExportXml version="9.2.24034.218" SolutionPackageVersion="9.2" languagecode="1033" generatedBy="CrmLive" xmlns:xsi="http://www.w3.org/2001/XMLSchema-instance">
  <SolutionManifest>
    <UniqueName>TC_GlobalCore_Patch_479e4cd9</UniqueName>
    <LocalizedNames>
      <LocalizedName description="TDG Core Schema" languagecode="1033" />
    </LocalizedNames>
    <Descriptions>
      <Description description="Patch for TDG Core Schema" languagecode="1033" />
    </Descriptions>
    <ParentUniqueName>TC_GlobalCore</ParentUniqueName>
    <Version>1.161.10.0</Version>
    <Managed>1</Managed>
    <Publisher>
      <UniqueName>oversightpublisher</UniqueName>
      <LocalizedNames>
        <LocalizedName description="Oversight" languagecode="1033" />
      </LocalizedNames>
      <Descriptions>
        <Description description="This is the common solution for AvSec Inspection and TDG Inspection." languagecode="1033" />
      </Descriptions>
      <EMailAddress xsi:nil="true"></EMailAddress>
      <SupportingWebsiteUrl xsi:nil="true"></SupportingWebsiteUrl>
      <CustomizationPrefix>ovs</CustomizationPrefix>
      <CustomizationOptionValuePrefix>91864</CustomizationOptionValuePrefix>
      <Addresses>
        <Address>
          <AddressNumber>1</AddressNumber>
          <AddressTypeCode>1</AddressTypeCode>
          <City xsi:nil="true"></City>
          <County xsi:nil="true"></County>
          <Country xsi:nil="true"></Country>
          <Fax xsi:nil="true"></Fax>
          <FreightTermsCode xsi:nil="true"></FreightTermsCode>
          <ImportSequenceNumber xsi:nil="true"></ImportSequenceNumber>
          <Latitude xsi:nil="true"></Latitude>
          <Line1 xsi:nil="true"></Line1>
          <Line2 xsi:nil="true"></Line2>
          <Line3 xsi:nil="true"></Line3>
          <Longitude xsi:nil="true"></Longitude>
          <Name xsi:nil="true"></Name>
          <PostalCode xsi:nil="true"></PostalCode>
          <PostOfficeBox xsi:nil="true"></PostOfficeBox>
          <PrimaryContactName xsi:nil="true"></PrimaryContactName>
          <ShippingMethodCode>1</ShippingMethodCode>
          <StateOrProvince xsi:nil="true"></StateOrProvince>
          <Telephone1 xsi:nil="true"></Telephone1>
          <Telephone2 xsi:nil="true"></Telephone2>
          <Telephone3 xsi:nil="true"></Telephone3>
          <TimeZoneRuleVersionNumber xsi:nil="true"></TimeZoneRuleVersionNumber>
          <UPSZone xsi:nil="true"></UPSZone>
          <UTCOffset xsi:nil="true"></UTCOffset>
          <UTCConversionTimeZoneCode xsi:nil="true"></UTCConversionTimeZoneCode>
        </Address>
        <Address>
          <AddressNumber>2</AddressNumber>
          <AddressTypeCode>1</AddressTypeCode>
          <City xsi:nil="true"></City>
          <County xsi:nil="true"></County>
          <Country xsi:nil="true"></Country>
          <Fax xsi:nil="true"></Fax>
          <FreightTermsCode xsi:nil="true"></FreightTermsCode>
          <ImportSequenceNumber xsi:nil="true"></ImportSequenceNumber>
          <Latitude xsi:nil="true"></Latitude>
          <Line1 xsi:nil="true"></Line1>
          <Line2 xsi:nil="true"></Line2>
          <Line3 xsi:nil="true"></Line3>
          <Longitude xsi:nil="true"></Longitude>
          <Name xsi:nil="true"></Name>
          <PostalCode xsi:nil="true"></PostalCode>
          <PostOfficeBox xsi:nil="true"></PostOfficeBox>
          <PrimaryContactName xsi:nil="true"></PrimaryContactName>
          <ShippingMethodCode>1</ShippingMethodCode>
          <StateOrProvince xsi:nil="true"></StateOrProvince>
          <Telephone1 xsi:nil="true"></Telephone1>
          <Telephone2 xsi:nil="true"></Telephone2>
          <Telephone3 xsi:nil="true"></Telephone3>
          <TimeZoneRuleVersionNumber xsi:nil="true"></TimeZoneRuleVersionNumber>
          <UPSZone xsi:nil="true"></UPSZone>
          <UTCOffset xsi:nil="true"></UTCOffset>
          <UTCConversionTimeZoneCode xsi:nil="true"></UTCConversionTimeZoneCode>
        </Address>
      </Addresses>
    </Publisher>
    <RootComponents>
      <RootComponent type="1" schemaName="ovs_cyaction" behavior="1" />
      <RootComponent type="1" schemaName="ovs_registration_contact" behavior="1" />
    </RootComponents>
    <MissingDependencies>
      <MissingDependency>
        <Required type="1" schemaName="ovs_cyaction" displayName="Enforcement Action" solution="Active" />
        <Dependent type="1" schemaName="ovs_cyaction" displayName="Enforcement Action" />
      </MissingDependency>
      <MissingDependency>
        <Required type="1" schemaName="ovs_registration_contact" displayName="Emergency Contact" solution="Active" />
        <Dependent type="1" schemaName="ovs_registration_contact" displayName="Emergency Contact" />
      </MissingDependency>
      <MissingDependency>
        <Required type="10" schemaName="ovs_registration_contact_contact" displayName="ovs_registration_contact_contact" parentSchemaName="contact" parentDisplayName="Contact" solution="Active" />
        <Dependent type="60" displayName="CRS Registration Contact" parentDisplayName="Emergency Contact" id="{01878e57-47cf-ee11-904d-002248b0ab18}" />
      </MissingDependency>
      <MissingDependency>
        <Required type="10" schemaName="ovs_registration_contact_registration" displayName="ovs_registration_contact_registration" parentSchemaName="ovs_registration" parentDisplayName="Registration" solution="Active" />
        <Dependent type="60" displayName="CRS Registration Contact" parentDisplayName="Emergency Contact" id="{01878e57-47cf-ee11-904d-002248b0ab18}" />
      </MissingDependency>
      <MissingDependency>
        <Required type="2" schemaName="createdby" displayName="Created By" parentSchemaName="ovs_registration_contact" parentDisplayName="Emergency Contact" solution="Active" />
        <Dependent type="60" displayName="CRS Registration Contact" parentDisplayName="Emergency Contact" id="{01878e57-47cf-ee11-904d-002248b0ab18}" />
      </MissingDependency>
      <MissingDependency>
        <Required type="2" schemaName="createdon" displayName="Created On" parentSchemaName="ovs_registration_contact" parentDisplayName="Emergency Contact" solution="Active" />
        <Dependent type="60" displayName="CRS Registration Contact" parentDisplayName="Emergency Contact" id="{01878e57-47cf-ee11-904d-002248b0ab18}" />
      </MissingDependency>
      <MissingDependency>
        <Required type="2" schemaName="modifiedby" displayName="Modified By" parentSchemaName="ovs_registration_contact" parentDisplayName="Emergency Contact" solution="Active" />
        <Dependent type="60" displayName="CRS Registration Contact" parentDisplayName="Emergency Contact" id="{01878e57-47cf-ee11-904d-002248b0ab18}" />
      </MissingDependency>
      <MissingDependency>
        <Required type="2" schemaName="modifiedon" displayName="Modified On" parentSchemaName="ovs_registration_contact" parentDisplayName="Emergency Contact" solution="Active" />
        <Dependent type="60" displayName="CRS Registration Contact" parentDisplayName="Emergency Contact" id="{01878e57-47cf-ee11-904d-002248b0ab18}" />
      </MissingDependency>
      <MissingDependency>
        <Required type="2" schemaName="ovs_call_priority_nbr" displayName="Call Priority" parentSchemaName="ovs_registration_contact" parentDisplayName="Emergency Contact" solution="Active" />
        <Dependent type="60" displayName="CRS Registration Contact" parentDisplayName="Emergency Contact" id="{01878e57-47cf-ee11-904d-002248b0ab18}" />
      </MissingDependency>
      <MissingDependency>
        <Required type="2" schemaName="ovs_contact_id" displayName="Contact" parentSchemaName="ovs_registration_contact" parentDisplayName="Emergency Contact" solution="Active" />
        <Dependent type="60" displayName="CRS Registration Contact" parentDisplayName="Emergency Contact" id="{01878e57-47cf-ee11-904d-002248b0ab18}" />
      </MissingDependency>
      <MissingDependency>
        <Required type="2" schemaName="ovs_emergency_ind" displayName="Emergency" parentSchemaName="ovs_registration_contact" parentDisplayName="Emergency Contact" solution="Active" />
        <Dependent type="60" displayName="CRS Registration Contact" parentDisplayName="Emergency Contact" id="{01878e57-47cf-ee11-904d-002248b0ab18}" />
      </MissingDependency>
      <MissingDependency>
        <Required type="2" schemaName="ovs_name" displayName="Name" parentSchemaName="ovs_registration_contact" parentDisplayName="Emergency Contact" solution="Active" />
        <Dependent type="60" displayName="CRS Registration Contact" parentDisplayName="Emergency Contact" id="{01878e57-47cf-ee11-904d-002248b0ab18}" />
      </MissingDependency>
      <MissingDependency>
        <Required type="2" schemaName="ovs_name" displayName="Name" parentSchemaName="ovs_registration_contact" parentDisplayName="Emergency Contact" solution="Active" />
        <Dependent type="60" displayName="Information" parentDisplayName="Emergency Contact" id="{4b7d9096-2a4d-4f11-b2fc-520bca01989d}" />
      </MissingDependency>
      <MissingDependency>
        <Required type="2" schemaName="ovs_registration_id" displayName="Registration" parentSchemaName="ovs_registration_contact" parentDisplayName="Emergency Contact" solution="Active" />
        <Dependent type="60" displayName="CRS Registration Contact" parentDisplayName="Emergency Contact" id="{01878e57-47cf-ee11-904d-002248b0ab18}" />
      </MissingDependency>
      <MissingDependency>
        <Required type="2" schemaName="ownerid" displayName="Owner" parentSchemaName="ovs_registration_contact" parentDisplayName="Emergency Contact" solution="Active" />
        <Dependent type="60" displayName="CRS Registration Contact" parentDisplayName="Emergency Contact" id="{01878e57-47cf-ee11-904d-002248b0ab18}" />
      </MissingDependency>
      <MissingDependency>
        <Required type="2" schemaName="ownerid" displayName="Owner" parentSchemaName="ovs_registration_contact" parentDisplayName="Emergency Contact" solution="Active" />
        <Dependent type="60" displayName="Information" parentDisplayName="Emergency Contact" id="{4b7d9096-2a4d-4f11-b2fc-520bca01989d}" />
      </MissingDependency>
      <MissingDependency>
        <Required type="20" displayName="Stakeholder Management User" solution="Active" id="{682094a5-178a-ee11-8179-000d3af35f84}" />
        <Dependent type="60" displayName="CRS Registration Contact" parentDisplayName="Emergency Contact" id="{01878e57-47cf-ee11-904d-002248b0ab18}" />
      </MissingDependency>
      <MissingDependency>
        <Required type="60" displayName="CRS - Contact Quick View" parentDisplayName="Contact" solution="Active" id="{e10af52f-87c3-ee11-9079-6045bd60dfd7}" />
        <Dependent type="60" displayName="CRS Registration Contact" parentDisplayName="Emergency Contact" id="{01878e57-47cf-ee11-904d-002248b0ab18}" />
      </MissingDependency>
      <MissingDependency>
        <Required type="61" schemaName="ovs_icon_registration_contact" displayName="ovs_icon_registration_contact" solution="Active" />
        <Dependent type="1" schemaName="ovs_registration_contact" displayName="Emergency Contact" />
      </MissingDependency>
    </MissingDependencies>
  </SolutionManifest>
</ImportExportXml>