<ImportExportXml version="9.2.22032.142" SolutionPackageVersion="9.2" languagecode="1033" generatedBy="CrmLive" xmlns:xsi="http://www.w3.org/2001/XMLSchema-instance">
  <SolutionManifest>
    <UniqueName>TC_GlobalCore_Patch_9834436f</UniqueName>
    <LocalizedNames>
      <LocalizedName description="TDG Core Schema" languagecode="1033" />
    </LocalizedNames>
    <Descriptions>
      <Description description="Patch for TDG Core Schema" languagecode="1033" />
    </Descriptions>
    <ParentUniqueName>TC_GlobalCore</ParentUniqueName>
    <Version>1.130.15.0</Version>
    <Managed>0</Managed>
    <Publisher>
      <UniqueName>oversightpublisher</UniqueName>
      <LocalizedNames>
        <LocalizedName description="Oversight" languagecode="1033" />
      </LocalizedNames>
      <Descriptions>
        <Description description="This is the common solution for AvSec Inspection and TDG Inspection." languagecode="1033" />
      </Descriptions>
      <EMailAddress xsi:nil="true"></EMailAddress>
      <SupportingWebsiteUrl xsi:nil="true"></SupportingWebsiteUrl>
      <CustomizationPrefix>ovs</CustomizationPrefix>
      <CustomizationOptionValuePrefix>91864</CustomizationOptionValuePrefix>
      <Addresses>
        <Address>
          <AddressNumber>1</AddressNumber>
          <AddressTypeCode>1</AddressTypeCode>
          <City xsi:nil="true"></City>
          <County xsi:nil="true"></County>
          <Country xsi:nil="true"></Country>
          <Fax xsi:nil="true"></Fax>
          <FreightTermsCode xsi:nil="true"></FreightTermsCode>
          <ImportSequenceNumber xsi:nil="true"></ImportSequenceNumber>
          <Latitude xsi:nil="true"></Latitude>
          <Line1 xsi:nil="true"></Line1>
          <Line2 xsi:nil="true"></Line2>
          <Line3 xsi:nil="true"></Line3>
          <Longitude xsi:nil="true"></Longitude>
          <Name xsi:nil="true"></Name>
          <PostalCode xsi:nil="true"></PostalCode>
          <PostOfficeBox xsi:nil="true"></PostOfficeBox>
          <PrimaryContactName xsi:nil="true"></PrimaryContactName>
          <ShippingMethodCode>1</ShippingMethodCode>
          <StateOrProvince xsi:nil="true"></StateOrProvince>
          <Telephone1 xsi:nil="true"></Telephone1>
          <Telephone2 xsi:nil="true"></Telephone2>
          <Telephone3 xsi:nil="true"></Telephone3>
          <TimeZoneRuleVersionNumber xsi:nil="true"></TimeZoneRuleVersionNumber>
          <UPSZone xsi:nil="true"></UPSZone>
          <UTCOffset xsi:nil="true"></UTCOffset>
          <UTCConversionTimeZoneCode xsi:nil="true"></UTCConversionTimeZoneCode>
        </Address>
        <Address>
          <AddressNumber>2</AddressNumber>
          <AddressTypeCode>1</AddressTypeCode>
          <City xsi:nil="true"></City>
          <County xsi:nil="true"></County>
          <Country xsi:nil="true"></Country>
          <Fax xsi:nil="true"></Fax>
          <FreightTermsCode xsi:nil="true"></FreightTermsCode>
          <ImportSequenceNumber xsi:nil="true"></ImportSequenceNumber>
          <Latitude xsi:nil="true"></Latitude>
          <Line1 xsi:nil="true"></Line1>
          <Line2 xsi:nil="true"></Line2>
          <Line3 xsi:nil="true"></Line3>
          <Longitude xsi:nil="true"></Longitude>
          <Name xsi:nil="true"></Name>
          <PostalCode xsi:nil="true"></PostalCode>
          <PostOfficeBox xsi:nil="true"></PostOfficeBox>
          <PrimaryContactName xsi:nil="true"></PrimaryContactName>
          <ShippingMethodCode>1</ShippingMethodCode>
          <StateOrProvince xsi:nil="true"></StateOrProvince>
          <Telephone1 xsi:nil="true"></Telephone1>
          <Telephone2 xsi:nil="true"></Telephone2>
          <Telephone3 xsi:nil="true"></Telephone3>
          <TimeZoneRuleVersionNumber xsi:nil="true"></TimeZoneRuleVersionNumber>
          <UPSZone xsi:nil="true"></UPSZone>
          <UTCOffset xsi:nil="true"></UTCOffset>
          <UTCConversionTimeZoneCode xsi:nil="true"></UTCConversionTimeZoneCode>
        </Address>
      </Addresses>
    </Publisher>
    <RootComponents>
      <RootComponent type="1" schemaName="ovs_cdregionalnop" behavior="0" />
      <RootComponent type="1" schemaName="ovs_mocregistration" behavior="1" />
      <RootComponent type="1" schemaName="ovs_workordercandidate" behavior="1" />
      <RootComponent type="20" id="{de8e34ea-d189-eb11-b1ac-000d3ae92dbf}" behavior="0" />
      <RootComponent type="29" id="{06333f26-c8ab-ec11-983e-0022483d8060}" behavior="0" />
      <RootComponent type="61" schemaName="ovs_Labels.1033.resx" behavior="0" />
      <RootComponent type="61" schemaName="ovs_RegionalNOPMainForm" behavior="0" />
      <RootComponent type="61" schemaName="ovs_RegionalNOP_Ribbon" behavior="0" />
      <RootComponent type="61" schemaName="ovs_RNOP_ValidationFunctions.js" behavior="0" />
    </RootComponents>
    <MissingDependencies>
      <MissingDependency>
        <Required type="1" schemaName="ovs_cdnop" displayName="NOP" solution="Active" />
        <Dependent type="10" schemaName="ovs_ovs_cdnop_ovs_cdregionalnop_CDNOPId" displayName="ovs_ovs_cdnop_ovs_cdregionalnop_CDNOPId" parentSchemaName="ovs_cdnop" parentDisplayName="NOP" />
      </MissingDependency>
      <MissingDependency>
        <Required type="1" schemaName="ovs_mocregistration" displayName="Operation" solution="Active" />
        <Dependent type="1" schemaName="ovs_mocregistration" displayName="Operation" />
      </MissingDependency>
      <MissingDependency>
        <Required type="1" schemaName="ovs_regionalnopprocessflow" displayName="Regional NOP Process Flow" solution="Active" />
        <Dependent type="1" schemaName="ovs_cdregionalnop" displayName="Regional NOP" />
      </MissingDependency>
      <MissingDependency>
        <Required type="1" schemaName="ovs_workordercandidate" displayName="Work Order Candidate" solution="Active" />
        <Dependent type="1" schemaName="ovs_workordercandidate" displayName="Work Order Candidate" />
      </MissingDependency>
      <MissingDependency>
        <Required type="1" schemaName="tc_tcfiscalyear" displayName="TCFiscalYear" solution="Active" />
        <Dependent type="10" schemaName="ovs_tc_tcfiscalyear_ovs_cdregionalnop_CDFiscalYearId" displayName="ovs_tc_tcfiscalyear_ovs_cdregionalnop_CDFiscalYearId" parentSchemaName="tc_tcfiscalyear" parentDisplayName="TCFiscalYear" />
      </MissingDependency>
      <MissingDependency>
        <Required type="1" schemaName="territory" displayName="Region" solution="msdynce_AppCommon (9.0.4.0066)">
          <package>msdynce_AppCommonAnchor (9.0.22033.10001)</package>
        </Required>
        <Dependent type="10" schemaName="ovs_territory_ovs_cdregionalnop_CDProvinceId" displayName="ovs_territory_ovs_cdregionalnop_CDProvinceId" parentSchemaName="territory" parentDisplayName="Region" />
      </MissingDependency>
      <MissingDependency>
        <Required type="10" schemaName="ovs_CDRegionalNOP_WorkOrderCandidate" displayName="ovs_CDRegionalNOP_WorkOrderCandidate" parentSchemaName="ovs_cdregionalnop" parentDisplayName="Regional NOP" solution="Active" />
        <Dependent type="2" schemaName="ovs_cdwoccount" displayName="Region Count" parentSchemaName="ovs_cdregionalnop" parentDisplayName="Regional NOP" />
      </MissingDependency>
      <MissingDependency>
        <Required type="10" schemaName="ovs_CDRegionalNOP_WorkOrderCandidate" displayName="ovs_CDRegionalNOP_WorkOrderCandidate" parentSchemaName="ovs_cdregionalnop" parentDisplayName="Regional NOP" solution="Active" />
        <Dependent type="2" schemaName="ovs_hqrollup" displayName="HQ Rollup" parentSchemaName="ovs_cdregionalnop" parentDisplayName="Regional NOP" />
      </MissingDependency>
      <MissingDependency>
        <Required type="2" schemaName="ovs_cdnopid" displayName="NOP" parentSchemaName="ovs_cdnop" parentDisplayName="NOP" solution="Active" />
        <Dependent type="10" schemaName="ovs_ovs_cdnop_ovs_cdregionalnop_CDNOPId" displayName="ovs_ovs_cdnop_ovs_cdregionalnop_CDNOPId" parentSchemaName="ovs_cdnop" parentDisplayName="NOP" />
      </MissingDependency>
      <MissingDependency>
        <Required type="2" schemaName="ovs_name" displayName="Name" parentSchemaName="ovs_cdnop" parentDisplayName="NOP" solution="Active" />
        <Dependent type="10" schemaName="ovs_ovs_cdnop_ovs_cdregionalnop_CDNOPId" displayName="ovs_ovs_cdnop_ovs_cdregionalnop_CDNOPId" parentSchemaName="ovs_cdnop" parentDisplayName="NOP" />
      </MissingDependency>
      <MissingDependency>
        <Required type="2" schemaName="modifiedon" displayName="Modified On" parentSchemaName="ovs_mocregistration" parentDisplayName="Operation" solution="Active" />
        <Dependent type="26" schemaName="CEP - Selection" displayName="CEP - Selection" parentSchemaName="ovs_mocregistration" parentDisplayName="Operation" id="{a83a7ea4-ba7e-ec11-8d20-0022483dbafc}" />
      </MissingDependency>
      <MissingDependency>
        <Required type="2" schemaName="ovs_cdriskcategory" displayName="Risk Category" parentSchemaName="ovs_mocregistration" parentDisplayName="Operation" solution="Active" />
        <Dependent type="26" schemaName="CEP - Frame" displayName="CEP - Frame" parentSchemaName="ovs_mocregistration" parentDisplayName="Operation" id="{6551506e-b87e-ec11-8d20-0022483e1408}" />
      </MissingDependency>
      <MissingDependency>
        <Required type="2" schemaName="ovs_cdriskcategory" displayName="Risk Category" parentSchemaName="ovs_mocregistration" parentDisplayName="Operation" solution="Active" />
        <Dependent type="26" schemaName="CEP - Selection" displayName="CEP - Selection" parentSchemaName="ovs_mocregistration" parentDisplayName="Operation" id="{a83a7ea4-ba7e-ec11-8d20-0022483dbafc}" />
      </MissingDependency>
      <MissingDependency>
        <Required type="2" schemaName="ovs_cepind" displayName="CEP" parentSchemaName="ovs_mocregistration" parentDisplayName="Operation" solution="Active" />
        <Dependent type="26" schemaName="CEP - Frame" displayName="CEP - Frame" parentSchemaName="ovs_mocregistration" parentDisplayName="Operation" id="{6551506e-b87e-ec11-8d20-0022483e1408}" />
      </MissingDependency>
      <MissingDependency>
        <Required type="2" schemaName="ovs_cepind" displayName="CEP" parentSchemaName="ovs_mocregistration" parentDisplayName="Operation" solution="Active" />
        <Dependent type="26" schemaName="CEP - Selection" displayName="CEP - Selection" parentSchemaName="ovs_mocregistration" parentDisplayName="Operation" id="{a83a7ea4-ba7e-ec11-8d20-0022483dbafc}" />
      </MissingDependency>
      <MissingDependency>
        <Required type="2" schemaName="ovs_cepsampling_area" displayName="Area" parentSchemaName="ovs_mocregistration" parentDisplayName="Operation" solution="Active" />
        <Dependent type="26" schemaName="CEP - Frame" displayName="CEP - Frame" parentSchemaName="ovs_mocregistration" parentDisplayName="Operation" id="{6551506e-b87e-ec11-8d20-0022483e1408}" />
      </MissingDependency>
      <MissingDependency>
        <Required type="2" schemaName="ovs_cepsampling_area" displayName="Area" parentSchemaName="ovs_mocregistration" parentDisplayName="Operation" solution="Active" />
        <Dependent type="26" schemaName="CEP - Selection" displayName="CEP - Selection" parentSchemaName="ovs_mocregistration" parentDisplayName="Operation" id="{a83a7ea4-ba7e-ec11-8d20-0022483dbafc}" />
      </MissingDependency>
      <MissingDependency>
        <Required type="2" schemaName="ovs_cepsampling_inspectedinprevfiscalyear" displayName="Inspected in Previous Fiscal Year" parentSchemaName="ovs_mocregistration" parentDisplayName="Operation" solution="Active" />
        <Dependent type="26" schemaName="CEP - Frame" displayName="CEP - Frame" parentSchemaName="ovs_mocregistration" parentDisplayName="Operation" id="{6551506e-b87e-ec11-8d20-0022483e1408}" />
      </MissingDependency>
      <MissingDependency>
        <Required type="2" schemaName="ovs_cepsampling_inspectedinprevfiscalyear" displayName="Inspected in Previous Fiscal Year" parentSchemaName="ovs_mocregistration" parentDisplayName="Operation" solution="Active" />
        <Dependent type="26" schemaName="CEP - Selection" displayName="CEP - Selection" parentSchemaName="ovs_mocregistration" parentDisplayName="Operation" id="{a83a7ea4-ba7e-ec11-8d20-0022483dbafc}" />
      </MissingDependency>
      <MissingDependency>
        <Required type="2" schemaName="ovs_cepsampling_n" displayName="n" parentSchemaName="ovs_mocregistration" parentDisplayName="Operation" solution="Active" />
        <Dependent type="26" schemaName="CEP - Frame" displayName="CEP - Frame" parentSchemaName="ovs_mocregistration" parentDisplayName="Operation" id="{6551506e-b87e-ec11-8d20-0022483e1408}" />
      </MissingDependency>
      <MissingDependency>
        <Required type="2" schemaName="ovs_cepsampling_n1" displayName="N1" parentSchemaName="ovs_mocregistration" parentDisplayName="Operation" solution="Active" />
        <Dependent type="26" schemaName="CEP - Frame" displayName="CEP - Frame" parentSchemaName="ovs_mocregistration" parentDisplayName="Operation" id="{6551506e-b87e-ec11-8d20-0022483e1408}" />
      </MissingDependency>
      <MissingDependency>
        <Required type="2" schemaName="ovs_cepsampling_n1" displayName="N1" parentSchemaName="ovs_mocregistration" parentDisplayName="Operation" solution="Active" />
        <Dependent type="26" schemaName="CEP - Selection" displayName="CEP - Selection" parentSchemaName="ovs_mocregistration" parentDisplayName="Operation" id="{a83a7ea4-ba7e-ec11-8d20-0022483dbafc}" />
      </MissingDependency>
      <MissingDependency>
        <Required type="2" schemaName="ovs_cepsampling_n2" displayName="n2" parentSchemaName="ovs_mocregistration" parentDisplayName="Operation" solution="Active" />
        <Dependent type="26" schemaName="CEP - Frame" displayName="CEP - Frame" parentSchemaName="ovs_mocregistration" parentDisplayName="Operation" id="{6551506e-b87e-ec11-8d20-0022483e1408}" />
      </MissingDependency>
      <MissingDependency>
        <Required type="2" schemaName="ovs_cepsampling_n2" displayName="n2" parentSchemaName="ovs_mocregistration" parentDisplayName="Operation" solution="Active" />
        <Dependent type="26" schemaName="CEP - Selection" displayName="CEP - Selection" parentSchemaName="ovs_mocregistration" parentDisplayName="Operation" id="{a83a7ea4-ba7e-ec11-8d20-0022483dbafc}" />
      </MissingDependency>
      <MissingDependency>
        <Required type="2" schemaName="ovs_cepsampling_randomlyselectedbysystem" displayName="Randomly Selected by System" parentSchemaName="ovs_mocregistration" parentDisplayName="Operation" solution="Active" />
        <Dependent type="26" schemaName="CEP - Frame" displayName="CEP - Frame" parentSchemaName="ovs_mocregistration" parentDisplayName="Operation" id="{6551506e-b87e-ec11-8d20-0022483e1408}" />
      </MissingDependency>
      <MissingDependency>
        <Required type="2" schemaName="ovs_cepsampling_randomlyselectedbysystem" displayName="Randomly Selected by System" parentSchemaName="ovs_mocregistration" parentDisplayName="Operation" solution="Active" />
        <Dependent type="26" schemaName="CEP - Selection" displayName="CEP - Selection" parentSchemaName="ovs_mocregistration" parentDisplayName="Operation" id="{a83a7ea4-ba7e-ec11-8d20-0022483dbafc}" />
      </MissingDependency>
      <MissingDependency>
        <Required type="2" schemaName="ovs_cepsampling_recidivism" displayName="Recidivism" parentSchemaName="ovs_mocregistration" parentDisplayName="Operation" solution="Active" />
        <Dependent type="26" schemaName="CEP - Frame" displayName="CEP - Frame" parentSchemaName="ovs_mocregistration" parentDisplayName="Operation" id="{6551506e-b87e-ec11-8d20-0022483e1408}" />
      </MissingDependency>
      <MissingDependency>
        <Required type="2" schemaName="ovs_cepsampling_recidivism" displayName="Recidivism" parentSchemaName="ovs_mocregistration" parentDisplayName="Operation" solution="Active" />
        <Dependent type="26" schemaName="CEP - Selection" displayName="CEP - Selection" parentSchemaName="ovs_mocregistration" parentDisplayName="Operation" id="{a83a7ea4-ba7e-ec11-8d20-0022483dbafc}" />
      </MissingDependency>
      <MissingDependency>
        <Required type="2" schemaName="ovs_cepsampling_recidivismcount" displayName="Recidivism Count" parentSchemaName="ovs_mocregistration" parentDisplayName="Operation" solution="Active" />
        <Dependent type="26" schemaName="CEP - Frame" displayName="CEP - Frame" parentSchemaName="ovs_mocregistration" parentDisplayName="Operation" id="{6551506e-b87e-ec11-8d20-0022483e1408}" />
      </MissingDependency>
      <MissingDependency>
        <Required type="2" schemaName="ovs_cepsampling_recidivismcount" displayName="Recidivism Count" parentSchemaName="ovs_mocregistration" parentDisplayName="Operation" solution="Active" />
        <Dependent type="26" schemaName="CEP - Selection" displayName="CEP - Selection" parentSchemaName="ovs_mocregistration" parentDisplayName="Operation" id="{a83a7ea4-ba7e-ec11-8d20-0022483dbafc}" />
      </MissingDependency>
      <MissingDependency>
        <Required type="2" schemaName="ovs_cepsampling_strata" displayName="Strata" parentSchemaName="ovs_mocregistration" parentDisplayName="Operation" solution="Active" />
        <Dependent type="26" schemaName="CEP - Frame" displayName="CEP - Frame" parentSchemaName="ovs_mocregistration" parentDisplayName="Operation" id="{6551506e-b87e-ec11-8d20-0022483e1408}" />
      </MissingDependency>
      <MissingDependency>
        <Required type="2" schemaName="ovs_cepsampling_strata" displayName="Strata" parentSchemaName="ovs_mocregistration" parentDisplayName="Operation" solution="Active" />
        <Dependent type="26" schemaName="CEP - Selection" displayName="CEP - Selection" parentSchemaName="ovs_mocregistration" parentDisplayName="Operation" id="{a83a7ea4-ba7e-ec11-8d20-0022483dbafc}" />
      </MissingDependency>
      <MissingDependency>
        <Required type="2" schemaName="ovs_cepsampling_strataname" displayName="Strata Name" parentSchemaName="ovs_mocregistration" parentDisplayName="Operation" solution="Active" />
        <Dependent type="26" schemaName="CEP - Frame" displayName="CEP - Frame" parentSchemaName="ovs_mocregistration" parentDisplayName="Operation" id="{6551506e-b87e-ec11-8d20-0022483e1408}" />
      </MissingDependency>
      <MissingDependency>
        <Required type="2" schemaName="ovs_cepsampling_strataname" displayName="Strata Name" parentSchemaName="ovs_mocregistration" parentDisplayName="Operation" solution="Active" />
        <Dependent type="26" schemaName="CEP - Selection" displayName="CEP - Selection" parentSchemaName="ovs_mocregistration" parentDisplayName="Operation" id="{a83a7ea4-ba7e-ec11-8d20-0022483dbafc}" />
      </MissingDependency>
      <MissingDependency>
        <Required type="2" schemaName="ovs_hubind" displayName="Hub" parentSchemaName="ovs_mocregistration" parentDisplayName="Operation" solution="Active" />
        <Dependent type="26" schemaName="CEP - Frame" displayName="CEP - Frame" parentSchemaName="ovs_mocregistration" parentDisplayName="Operation" id="{6551506e-b87e-ec11-8d20-0022483e1408}" />
      </MissingDependency>
      <MissingDependency>
        <Required type="2" schemaName="ovs_mocregistrationid" displayName="Operation Id" parentSchemaName="ovs_mocregistration" parentDisplayName="Operation" solution="Active" />
        <Dependent type="26" schemaName="CEP - Frame" displayName="CEP - Frame" parentSchemaName="ovs_mocregistration" parentDisplayName="Operation" id="{6551506e-b87e-ec11-8d20-0022483e1408}" />
      </MissingDependency>
      <MissingDependency>
        <Required type="2" schemaName="ovs_mocregistrationid" displayName="Operation Id" parentSchemaName="ovs_mocregistration" parentDisplayName="Operation" solution="Active" />
        <Dependent type="26" schemaName="CEP - Selection" displayName="CEP - Selection" parentSchemaName="ovs_mocregistration" parentDisplayName="Operation" id="{a83a7ea4-ba7e-ec11-8d20-0022483dbafc}" />
      </MissingDependency>
      <MissingDependency>
        <Required type="2" schemaName="ovs_name" displayName="Operation ID" parentSchemaName="ovs_mocregistration" parentDisplayName="Operation" solution="Active" />
        <Dependent type="26" schemaName="CEP - Frame" displayName="CEP - Frame" parentSchemaName="ovs_mocregistration" parentDisplayName="Operation" id="{6551506e-b87e-ec11-8d20-0022483e1408}" />
      </MissingDependency>
      <MissingDependency>
        <Required type="2" schemaName="ovs_name" displayName="Operation ID" parentSchemaName="ovs_mocregistration" parentDisplayName="Operation" solution="Active" />
        <Dependent type="26" schemaName="CEP - Selection" displayName="CEP - Selection" parentSchemaName="ovs_mocregistration" parentDisplayName="Operation" id="{a83a7ea4-ba7e-ec11-8d20-0022483dbafc}" />
      </MissingDependency>
      <MissingDependency>
        <Required type="2" schemaName="ovs_operationtype" displayName="Operation Type" parentSchemaName="ovs_mocregistration" parentDisplayName="Operation" solution="Active" />
        <Dependent type="26" schemaName="CEP - Frame" displayName="CEP - Frame" parentSchemaName="ovs_mocregistration" parentDisplayName="Operation" id="{6551506e-b87e-ec11-8d20-0022483e1408}" />
      </MissingDependency>
      <MissingDependency>
        <Required type="2" schemaName="ovs_ovs_cepsampling_n2sum" displayName="n2 sum" parentSchemaName="ovs_mocregistration" parentDisplayName="Operation" solution="Active" />
        <Dependent type="26" schemaName="CEP - Frame" displayName="CEP - Frame" parentSchemaName="ovs_mocregistration" parentDisplayName="Operation" id="{6551506e-b87e-ec11-8d20-0022483e1408}" />
      </MissingDependency>
      <MissingDependency>
        <Required type="2" schemaName="ovs_ovs_cepsampling_n2sum" displayName="n2 sum" parentSchemaName="ovs_mocregistration" parentDisplayName="Operation" solution="Active" />
        <Dependent type="26" schemaName="CEP - Selection" displayName="CEP - Selection" parentSchemaName="ovs_mocregistration" parentDisplayName="Operation" id="{a83a7ea4-ba7e-ec11-8d20-0022483dbafc}" />
      </MissingDependency>
      <MissingDependency>
        <Required type="2" schemaName="ovs_siteid" displayName="Site" parentSchemaName="ovs_mocregistration" parentDisplayName="Operation" solution="Active" />
        <Dependent type="26" schemaName="CEP - Frame" displayName="CEP - Frame" parentSchemaName="ovs_mocregistration" parentDisplayName="Operation" id="{6551506e-b87e-ec11-8d20-0022483e1408}" />
      </MissingDependency>
      <MissingDependency>
        <Required type="2" schemaName="ovs_siteid" displayName="Site" parentSchemaName="ovs_mocregistration" parentDisplayName="Operation" solution="Active" />
        <Dependent type="26" schemaName="CEP - Selection" displayName="CEP - Selection" parentSchemaName="ovs_mocregistration" parentDisplayName="Operation" id="{a83a7ea4-ba7e-ec11-8d20-0022483dbafc}" />
      </MissingDependency>
      <MissingDependency>
        <Required type="2" schemaName="statecode" displayName="Status" parentSchemaName="ovs_mocregistration" parentDisplayName="Operation" solution="Active" />
        <Dependent type="26" schemaName="CEP - Frame" displayName="CEP - Frame" parentSchemaName="ovs_mocregistration" parentDisplayName="Operation" id="{6551506e-b87e-ec11-8d20-0022483e1408}" />
      </MissingDependency>
      <MissingDependency>
        <Required type="2" schemaName="statecode" displayName="Status" parentSchemaName="ovs_mocregistration" parentDisplayName="Operation" solution="Active" />
        <Dependent type="26" schemaName="CEP - Selection" displayName="CEP - Selection" parentSchemaName="ovs_mocregistration" parentDisplayName="Operation" id="{a83a7ea4-ba7e-ec11-8d20-0022483dbafc}" />
      </MissingDependency>
      <MissingDependency>
        <Required type="2" schemaName="ovs_hqflag" displayName="HQ Flag" parentSchemaName="ovs_workordercandidate" parentDisplayName="Work Order Candidate" solution="Active" />
        <Dependent type="2" schemaName="ovs_hqrollup" displayName="HQ Rollup" parentSchemaName="ovs_cdregionalnop" parentDisplayName="Regional NOP" />
      </MissingDependency>
      <MissingDependency>
        <Required type="2" schemaName="ovs_hqflag" displayName="HQ Flag" parentSchemaName="ovs_workordercandidate" parentDisplayName="Work Order Candidate" solution="Active" />
        <Dependent type="26" schemaName="WOC Missing Justifications" displayName="WOC Missing Justifications" parentSchemaName="ovs_workordercandidate" parentDisplayName="Work Order Candidate" id="{7738c3d9-49ac-ec11-983e-0022483d8060}" />
      </MissingDependency>
      <MissingDependency>
        <Required type="2" schemaName="ovs_justification" displayName="Justification" parentSchemaName="ovs_workordercandidate" parentDisplayName="Work Order Candidate" solution="Active" />
        <Dependent type="26" schemaName="WOC Missing Justifications" displayName="WOC Missing Justifications" parentSchemaName="ovs_workordercandidate" parentDisplayName="Work Order Candidate" id="{7738c3d9-49ac-ec11-983e-0022483d8060}" />
      </MissingDependency>
      <MissingDependency>
        <Required type="2" schemaName="ovs_justification" displayName="Justification" parentSchemaName="ovs_workordercandidate" parentDisplayName="Work Order Candidate" solution="Active" />
        <Dependent type="29" displayName="Justification Required flag" id="{06333f26-c8ab-ec11-983e-0022483d8060}" />
      </MissingDependency>
      <MissingDependency>
        <Required type="2" schemaName="ovs_justificationrequired" displayName="Justification Required" parentSchemaName="ovs_workordercandidate" parentDisplayName="Work Order Candidate" solution="Active" />
        <Dependent type="26" schemaName="WOC Missing Justifications" displayName="WOC Missing Justifications" parentSchemaName="ovs_workordercandidate" parentDisplayName="Work Order Candidate" id="{7738c3d9-49ac-ec11-983e-0022483d8060}" />
      </MissingDependency>
      <MissingDependency>
        <Required type="2" schemaName="ovs_justificationrequired" displayName="Justification Required" parentSchemaName="ovs_workordercandidate" parentDisplayName="Work Order Candidate" solution="Active" />
        <Dependent type="29" displayName="Justification Required flag" id="{06333f26-c8ab-ec11-983e-0022483d8060}" />
      </MissingDependency>
      <MissingDependency>
        <Required type="2" schemaName="ovs_name" displayName="Name" parentSchemaName="ovs_workordercandidate" parentDisplayName="Work Order Candidate" solution="Active" />
        <Dependent type="26" schemaName="WOC Missing Justifications" displayName="WOC Missing Justifications" parentSchemaName="ovs_workordercandidate" parentDisplayName="Work Order Candidate" id="{7738c3d9-49ac-ec11-983e-0022483d8060}" />
      </MissingDependency>
      <MissingDependency>
        <Required type="2" schemaName="ovs_name" displayName="Name" parentSchemaName="ovs_workordercandidate" parentDisplayName="Work Order Candidate" solution="Active" />
        <Dependent type="29" displayName="Justification Required flag" id="{06333f26-c8ab-ec11-983e-0022483d8060}" />
      </MissingDependency>
      <MissingDependency>
        <Required type="2" schemaName="ovs_operationid" displayName="Operation" parentSchemaName="ovs_workordercandidate" parentDisplayName="Work Order Candidate" solution="Active" />
        <Dependent type="26" schemaName="WOC Missing Justifications" displayName="WOC Missing Justifications" parentSchemaName="ovs_workordercandidate" parentDisplayName="Work Order Candidate" id="{7738c3d9-49ac-ec11-983e-0022483d8060}" />
      </MissingDependency>
      <MissingDependency>
        <Required type="2" schemaName="ovs_oversighttype" displayName="Oversight Type" parentSchemaName="ovs_workordercandidate" parentDisplayName="Work Order Candidate" solution="Active" />
        <Dependent type="26" schemaName="WOC Missing Justifications" displayName="WOC Missing Justifications" parentSchemaName="ovs_workordercandidate" parentDisplayName="Work Order Candidate" id="{7738c3d9-49ac-ec11-983e-0022483d8060}" />
      </MissingDependency>
      <MissingDependency>
        <Required type="2" schemaName="ovs_regionflag" displayName="Region Flag" parentSchemaName="ovs_workordercandidate" parentDisplayName="Work Order Candidate" solution="Active" />
        <Dependent type="2" schemaName="ovs_cdwoccount" displayName="Region Count" parentSchemaName="ovs_cdregionalnop" parentDisplayName="Regional NOP" />
      </MissingDependency>
      <MissingDependency>
        <Required type="2" schemaName="ovs_regionflag" displayName="Region Flag" parentSchemaName="ovs_workordercandidate" parentDisplayName="Work Order Candidate" solution="Active" />
        <Dependent type="26" schemaName="WOC Missing Justifications" displayName="WOC Missing Justifications" parentSchemaName="ovs_workordercandidate" parentDisplayName="Work Order Candidate" id="{7738c3d9-49ac-ec11-983e-0022483d8060}" />
      </MissingDependency>
      <MissingDependency>
        <Required type="2" schemaName="ovs_site" displayName="Site" parentSchemaName="ovs_workordercandidate" parentDisplayName="Work Order Candidate" solution="Active" />
        <Dependent type="26" schemaName="WOC Missing Justifications" displayName="WOC Missing Justifications" parentSchemaName="ovs_workordercandidate" parentDisplayName="Work Order Candidate" id="{7738c3d9-49ac-ec11-983e-0022483d8060}" />
      </MissingDependency>
      <MissingDependency>
        <Required type="2" schemaName="ovs_workordercandidateid" displayName="Work Order Candidate" parentSchemaName="ovs_workordercandidate" parentDisplayName="Work Order Candidate" solution="Active" />
        <Dependent type="2" schemaName="ovs_cdwoccount" displayName="Region Count" parentSchemaName="ovs_cdregionalnop" parentDisplayName="Regional NOP" />
      </MissingDependency>
      <MissingDependency>
        <Required type="2" schemaName="ovs_workordercandidateid" displayName="Work Order Candidate" parentSchemaName="ovs_workordercandidate" parentDisplayName="Work Order Candidate" solution="Active" />
        <Dependent type="2" schemaName="ovs_hqrollup" displayName="HQ Rollup" parentSchemaName="ovs_cdregionalnop" parentDisplayName="Regional NOP" />
      </MissingDependency>
      <MissingDependency>
        <Required type="2" schemaName="ovs_workordercandidateid" displayName="Work Order Candidate" parentSchemaName="ovs_workordercandidate" parentDisplayName="Work Order Candidate" solution="Active" />
        <Dependent type="26" schemaName="WOC Missing Justifications" displayName="WOC Missing Justifications" parentSchemaName="ovs_workordercandidate" parentDisplayName="Work Order Candidate" id="{7738c3d9-49ac-ec11-983e-0022483d8060}" />
      </MissingDependency>
      <MissingDependency>
        <Required type="2" schemaName="ovs_workordercandidateid" displayName="Work Order Candidate" parentSchemaName="ovs_workordercandidate" parentDisplayName="Work Order Candidate" solution="Active" />
        <Dependent type="29" displayName="Justification Required flag" id="{06333f26-c8ab-ec11-983e-0022483d8060}" />
      </MissingDependency>
      <MissingDependency>
        <Required type="2" schemaName="statecode" displayName="Status" parentSchemaName="ovs_workordercandidate" parentDisplayName="Work Order Candidate" solution="Active" />
        <Dependent type="2" schemaName="ovs_cdwoccount" displayName="Region Count" parentSchemaName="ovs_cdregionalnop" parentDisplayName="Regional NOP" />
      </MissingDependency>
      <MissingDependency>
        <Required type="2" schemaName="statecode" displayName="Status" parentSchemaName="ovs_workordercandidate" parentDisplayName="Work Order Candidate" solution="Active" />
        <Dependent type="2" schemaName="ovs_hqrollup" displayName="HQ Rollup" parentSchemaName="ovs_cdregionalnop" parentDisplayName="Regional NOP" />
      </MissingDependency>
      <MissingDependency>
        <Required type="2" schemaName="statecode" displayName="Status" parentSchemaName="ovs_workordercandidate" parentDisplayName="Work Order Candidate" solution="Active" />
        <Dependent type="26" schemaName="WOC Missing Justifications" displayName="WOC Missing Justifications" parentSchemaName="ovs_workordercandidate" parentDisplayName="Work Order Candidate" id="{7738c3d9-49ac-ec11-983e-0022483d8060}" />
      </MissingDependency>
      <MissingDependency>
        <Required type="2" schemaName="tc_name" displayName="Name" parentSchemaName="tc_tcfiscalyear" parentDisplayName="TCFiscalYear" solution="Active" />
        <Dependent type="10" schemaName="ovs_tc_tcfiscalyear_ovs_cdregionalnop_CDFiscalYearId" displayName="ovs_tc_tcfiscalyear_ovs_cdregionalnop_CDFiscalYearId" parentSchemaName="tc_tcfiscalyear" parentDisplayName="TCFiscalYear" />
      </MissingDependency>
      <MissingDependency>
        <Required type="2" schemaName="tc_tcfiscalyearid" displayName="TCFiscalYearId" parentSchemaName="tc_tcfiscalyear" parentDisplayName="TCFiscalYear" solution="Active" />
        <Dependent type="10" schemaName="ovs_tc_tcfiscalyear_ovs_cdregionalnop_CDFiscalYearId" displayName="ovs_tc_tcfiscalyear_ovs_cdregionalnop_CDFiscalYearId" parentSchemaName="tc_tcfiscalyear" parentDisplayName="TCFiscalYear" />
      </MissingDependency>
      <MissingDependency>
        <Required type="2" schemaName="name" displayName="Territory Name" parentSchemaName="territory" parentDisplayName="Region" solution="msdynce_AppCommon (9.0.4.0066)">
          <package>msdynce_AppCommonAnchor (9.0.22033.10001)</package>
        </Required>
        <Dependent type="10" schemaName="ovs_territory_ovs_cdregionalnop_CDProvinceId" displayName="ovs_territory_ovs_cdregionalnop_CDProvinceId" parentSchemaName="territory" parentDisplayName="Region" />
      </MissingDependency>
      <MissingDependency>
        <Required type="2" schemaName="territoryid" displayName="Territory" parentSchemaName="territory" parentDisplayName="Region" solution="msdynce_AppCommon (9.0.4.0066)">
          <package>msdynce_AppCommonAnchor (9.0.22033.10001)</package>
        </Required>
        <Dependent type="10" schemaName="ovs_territory_ovs_cdregionalnop_CDProvinceId" displayName="ovs_territory_ovs_cdregionalnop_CDProvinceId" parentSchemaName="territory" parentDisplayName="Region" />
      </MissingDependency>
      <MissingDependency>
        <Required type="26" schemaName="Territories Lookup View" displayName="Territories Lookup View" parentSchemaName="territory" parentDisplayName="Region" solution="msdynce_AppCommon (9.0.4.0066)" id="{ad81b2ca-9789-4465-8c56-94c10830a6ed}">
          <package>msdynce_AppCommonAnchor (9.0.22033.10001)</package>
        </Required>
        <Dependent type="60" displayName="Information" parentDisplayName="Regional NOP" id="{72439443-0dce-4ea0-8afe-d2cb17c679bc}" />
      </MissingDependency>
      <MissingDependency>
        <Required type="26" schemaName="Import Work Order Candidates" displayName="Import Work Order Candidates" parentSchemaName="ovs_workordercandidate" parentDisplayName="Work Order Candidate" solution="Active" id="{ba8a6646-0c52-ec11-8f8e-000d3ae8eddc}" />
        <Dependent type="60" displayName="Information" parentDisplayName="Regional NOP" id="{72439443-0dce-4ea0-8afe-d2cb17c679bc}" />
      </MissingDependency>
      <MissingDependency>
        <Required type="26" schemaName="TCFiscalYear Lookup View" displayName="TCFiscalYear Lookup View" parentSchemaName="tc_tcfiscalyear" parentDisplayName="TCFiscalYear" solution="Active" id="{c2b848e9-8d49-4972-8e80-06a8b98802a1}" />
        <Dependent type="60" displayName="Information" parentDisplayName="Regional NOP" id="{72439443-0dce-4ea0-8afe-d2cb17c679bc}" />
      </MissingDependency>
      <MissingDependency>
        <Required type="26" schemaName="NOP Lookup View" displayName="NOP Lookup View" parentSchemaName="ovs_cdnop" parentDisplayName="NOP" solution="Active" id="{dc4e3577-07b5-4ee7-8c7f-2d6ac3df3d00}" />
        <Dependent type="60" displayName="Information" parentDisplayName="Regional NOP" id="{72439443-0dce-4ea0-8afe-d2cb17c679bc}" />
      </MissingDependency>
      <MissingDependency>
        <Required type="61" schemaName="ovs_Labels.1036.resx" displayName="ovs_Labels.1036.resx" solution="Active" />
        <Dependent type="61" schemaName="ovs_RegionalNOP_Ribbon" displayName="ovs_RegionalNOP_Ribbon" />
      </MissingDependency>
      <MissingDependency>
        <Required type="61" schemaName="ovs_Labels.1036.resx" displayName="ovs_Labels.1036.resx" solution="Active" />
        <Dependent type="61" schemaName="ovs_RNOP_ValidationFunctions.js" displayName="ovs_RNOP_ValidationFunctions.js" />
      </MissingDependency>
      <MissingDependency>
        <Required type="61" schemaName="qm_globalHelper.js" displayName="qm_globalHelper.js" solution="Active" />
        <Dependent type="60" displayName="Information" parentDisplayName="Regional NOP" id="{72439443-0dce-4ea0-8afe-d2cb17c679bc}" />
      </MissingDependency>
      <MissingDependency>
        <Required type="66" schemaName="MscrmControls.Grid.GridControl" displayName="MscrmControls.Grid.GridControl" solution="BaseCustomControlsCore (9.0.2203.2011)" />
        <Dependent type="60" displayName="Information" parentDisplayName="Regional NOP" id="{72439443-0dce-4ea0-8afe-d2cb17c679bc}" />
      </MissingDependency>
    </MissingDependencies>
  </SolutionManifest>
</ImportExportXml>