<ImportExportXml version="9.2.21012.130" SolutionPackageVersion="9.2" languagecode="1033" generatedBy="CrmLive" xmlns:xsi="http://www.w3.org/2001/XMLSchema-instance">
  <SolutionManifest>
    <UniqueName>TC_GlobalCore_Patch_2d3a3554</UniqueName>
    <LocalizedNames>
      <LocalizedName description="TC.GlobalCore" languagecode="1033" />
      <LocalizedName description="TC.GlobalCore" languagecode="1036" />
    </LocalizedNames>
    <Descriptions>
      <Description description="Patch for TC.GlobalCore" languagecode="1033" />
      <Description description="Patch for TC.GlobalCore" languagecode="1036" />
    </Descriptions>
    <ParentUniqueName>TC_GlobalCore</ParentUniqueName>
    <Version>4.2.1.4</Version>
    <Managed>1</Managed>
    <Publisher>
      <UniqueName>oversightpublisher</UniqueName>
      <LocalizedNames>
        <LocalizedName description="Oversight" languagecode="1033" />
      </LocalizedNames>
      <Descriptions>
        <Description description="This is the common solution for AvSec Inspection and TDG Inspection." languagecode="1033" />
      </Descriptions>
      <EMailAddress xsi:nil="true"></EMailAddress>
      <SupportingWebsiteUrl xsi:nil="true"></SupportingWebsiteUrl>
      <CustomizationPrefix>ovs</CustomizationPrefix>
      <CustomizationOptionValuePrefix>91864</CustomizationOptionValuePrefix>
      <Addresses>
        <Address>
          <AddressNumber>1</AddressNumber>
          <AddressTypeCode>1</AddressTypeCode>
          <City xsi:nil="true"></City>
          <County xsi:nil="true"></County>
          <Country xsi:nil="true"></Country>
          <Fax xsi:nil="true"></Fax>
          <FreightTermsCode xsi:nil="true"></FreightTermsCode>
          <ImportSequenceNumber xsi:nil="true"></ImportSequenceNumber>
          <Latitude xsi:nil="true"></Latitude>
          <Line1 xsi:nil="true"></Line1>
          <Line2 xsi:nil="true"></Line2>
          <Line3 xsi:nil="true"></Line3>
          <Longitude xsi:nil="true"></Longitude>
          <Name xsi:nil="true"></Name>
          <PostalCode xsi:nil="true"></PostalCode>
          <PostOfficeBox xsi:nil="true"></PostOfficeBox>
          <PrimaryContactName xsi:nil="true"></PrimaryContactName>
          <ShippingMethodCode>1</ShippingMethodCode>
          <StateOrProvince xsi:nil="true"></StateOrProvince>
          <Telephone1 xsi:nil="true"></Telephone1>
          <Telephone2 xsi:nil="true"></Telephone2>
          <Telephone3 xsi:nil="true"></Telephone3>
          <TimeZoneRuleVersionNumber xsi:nil="true"></TimeZoneRuleVersionNumber>
          <UPSZone xsi:nil="true"></UPSZone>
          <UTCOffset xsi:nil="true"></UTCOffset>
          <UTCConversionTimeZoneCode xsi:nil="true"></UTCConversionTimeZoneCode>
        </Address>
        <Address>
          <AddressNumber>2</AddressNumber>
          <AddressTypeCode>1</AddressTypeCode>
          <City xsi:nil="true"></City>
          <County xsi:nil="true"></County>
          <Country xsi:nil="true"></Country>
          <Fax xsi:nil="true"></Fax>
          <FreightTermsCode xsi:nil="true"></FreightTermsCode>
          <ImportSequenceNumber xsi:nil="true"></ImportSequenceNumber>
          <Latitude xsi:nil="true"></Latitude>
          <Line1 xsi:nil="true"></Line1>
          <Line2 xsi:nil="true"></Line2>
          <Line3 xsi:nil="true"></Line3>
          <Longitude xsi:nil="true"></Longitude>
          <Name xsi:nil="true"></Name>
          <PostalCode xsi:nil="true"></PostalCode>
          <PostOfficeBox xsi:nil="true"></PostOfficeBox>
          <PrimaryContactName xsi:nil="true"></PrimaryContactName>
          <ShippingMethodCode>1</ShippingMethodCode>
          <StateOrProvince xsi:nil="true"></StateOrProvince>
          <Telephone1 xsi:nil="true"></Telephone1>
          <Telephone2 xsi:nil="true"></Telephone2>
          <Telephone3 xsi:nil="true"></Telephone3>
          <TimeZoneRuleVersionNumber xsi:nil="true"></TimeZoneRuleVersionNumber>
          <UPSZone xsi:nil="true"></UPSZone>
          <UTCOffset xsi:nil="true"></UTCOffset>
          <UTCConversionTimeZoneCode xsi:nil="true"></UTCConversionTimeZoneCode>
        </Address>
      </Addresses>
    </Publisher>
    <RootComponents>
      <RootComponent type="1" schemaName="qm_rclegislation" behavior="1" />
      <RootComponent type="1" schemaName="qm_syquestion" behavior="2" />
      <RootComponent type="1" schemaName="qm_sytemplate" behavior="1" />
      <RootComponent type="1" schemaName="qm_tylegislationcharacteristic" behavior="1" />
      <RootComponent type="60" id="{5e40ccd7-d32a-eb11-a813-000d3af3a7a7}" />
      <RootComponent type="60" id="{c0dee925-5d72-408d-bcee-a569f3ad49be}" />
      <RootComponent type="60" id="{d0bffb7c-35e3-4cb7-a432-d9108ddfe680}" />
      <RootComponent type="60" id="{d55caf0a-bae4-4d40-b008-b253ab4ce243}" />
      <RootComponent type="61" schemaName="qm_app.css" behavior="0" />
      <RootComponent type="61" schemaName="qm_app.js" behavior="0" />
      <RootComponent type="61" schemaName="qm_builder.html" behavior="0" />
      <RootComponent type="61" schemaName="qm_chunk-vendors.css" behavior="0" />
      <RootComponent type="61" schemaName="qm_chunk-vendors.js" behavior="0" />
      <RootComponent type="61" schemaName="qm_favicon.ico" behavior="0" />
      <RootComponent type="61" schemaName="qm_render.html" behavior="0" />
    </RootComponents>
    <MissingDependencies>
      <MissingDependency>
        <Required key="0" type="1" schemaName="qm_sytemplate" displayName="Template" solution="Active" />
        <Dependent key="0" type="1" schemaName="qm_sytemplate" displayName="Template" />
      </MissingDependency>
      <MissingDependency>
        <Required key="1" type="1" schemaName="qm_tylegislationcharacteristic" displayName="Legislation Characteristic" solution="Active" />
        <Dependent key="1" type="1" schemaName="qm_tylegislationcharacteristic" displayName="Legislation Characteristic" />
      </MissingDependency>
      <MissingDependency>
        <Required key="2" type="1" schemaName="qm_rclegislation" displayName="Legislation" solution="Active" />
        <Dependent key="2" type="1" schemaName="qm_rclegislation" displayName="Legislation" />
      </MissingDependency>
      <MissingDependency>
        <Required key="3" type="1" schemaName="qm_syquestion" displayName="Template Question" solution="Active" />
        <Dependent key="3" type="1" schemaName="qm_syquestion" displayName="Template Question" />
      </MissingDependency>
      <MissingDependency>
        <Required key="4" type="2" schemaName="qm_questionresponsetypecd" displayName="Question Response Type" parentSchemaName="qm_syquestion" parentDisplayName="Template Question" solution="Active" />
        <Dependent key="5" type="60" displayName="Question parentale" parentDisplayName="Template Question" id="{c0dee925-5d72-408d-bcee-a569f3ad49be}" />
      </MissingDependency>
      <MissingDependency>
        <Required key="6" type="2" schemaName="qm_ordernbr" displayName="Order Number" parentSchemaName="qm_syquestion" parentDisplayName="Template Question" solution="Active" />
        <Dependent key="5" type="60" displayName="Question parentale" parentDisplayName="Template Question" id="{c0dee925-5d72-408d-bcee-a569f3ad49be}" />
      </MissingDependency>
      <MissingDependency>
        <Required key="7" type="2" schemaName="qm_sygroupid" displayName="Group" parentSchemaName="qm_syquestion" parentDisplayName="Template Question" solution="Active" />
        <Dependent key="5" type="60" displayName="Question parentale" parentDisplayName="Template Question" id="{c0dee925-5d72-408d-bcee-a569f3ad49be}" />
      </MissingDependency>
      <MissingDependency>
        <Required key="8" type="2" schemaName="qm_questionf" displayName="Question F" parentSchemaName="qm_syquestion" parentDisplayName="Template Question" solution="Active" />
        <Dependent key="5" type="60" displayName="Question parentale" parentDisplayName="Template Question" id="{c0dee925-5d72-408d-bcee-a569f3ad49be}" />
      </MissingDependency>
      <MissingDependency>
        <Required key="9" type="2" schemaName="qm_questione" displayName="Question E" parentSchemaName="qm_syquestion" parentDisplayName="Template Question" solution="Active" />
        <Dependent key="5" type="60" displayName="Question parentale" parentDisplayName="Template Question" id="{c0dee925-5d72-408d-bcee-a569f3ad49be}" />
      </MissingDependency>
      <MissingDependency>
        <Required key="10" type="2" schemaName="qm_isvisibleind" displayName="Is Visible" parentSchemaName="qm_syquestion" parentDisplayName="Template Question" solution="Active" />
        <Dependent key="5" type="60" displayName="Question parentale" parentDisplayName="Template Question" id="{c0dee925-5d72-408d-bcee-a569f3ad49be}" />
      </MissingDependency>
      <MissingDependency>
        <Required key="11" type="2" schemaName="qm_name" displayName="Name" parentSchemaName="qm_syquestion" parentDisplayName="Template Question" solution="Active" />
        <Dependent key="5" type="60" displayName="Question parentale" parentDisplayName="Template Question" id="{c0dee925-5d72-408d-bcee-a569f3ad49be}" />
      </MissingDependency>
      <MissingDependency>
        <Required key="12" type="10" schemaName="qm_sygroup_syquestion" displayName="qm_sygroup_syquestion" parentSchemaName="qm_sygroup" parentDisplayName="Group" solution="Active" />
        <Dependent key="5" type="60" displayName="Question parentale" parentDisplayName="Template Question" id="{c0dee925-5d72-408d-bcee-a569f3ad49be}" />
      </MissingDependency>
      <MissingDependency>
        <Required key="13" type="10" schemaName="qm_syquestion_syquestion" displayName="qm_syquestion_syquestion" parentSchemaName="qm_syquestion" parentDisplayName="Template Question" solution="Active" />
        <Dependent key="5" type="60" displayName="Question parentale" parentDisplayName="Template Question" id="{c0dee925-5d72-408d-bcee-a569f3ad49be}" />
      </MissingDependency>
      <MissingDependency>
        <Required key="14" type="26" schemaName="Questions en cours" displayName="Questions en cours" parentSchemaName="qm_syquestion" parentDisplayName="Template Question" solution="Active" id="{f2bdda0c-b0e3-46d0-a393-e6c81d725293}" />
        <Dependent key="5" type="60" displayName="Question parentale" parentDisplayName="Template Question" id="{c0dee925-5d72-408d-bcee-a569f3ad49be}" />
      </MissingDependency>
      <MissingDependency>
        <Required key="15" type="2" schemaName="qm_templatefnm" displayName="French Name" parentSchemaName="qm_sytemplate" parentDisplayName="Template" solution="Active" />
        <Dependent key="16" type="60" displayName="Gabarit" parentDisplayName="Template" id="{5e40ccd7-d32a-eb11-a813-000d3af3a7a7}" />
      </MissingDependency>
      <MissingDependency>
        <Required key="17" type="2" schemaName="qm_templateenm" displayName="English Name" parentSchemaName="qm_sytemplate" parentDisplayName="Template" solution="Active" />
        <Dependent key="16" type="60" displayName="Gabarit" parentDisplayName="Template" id="{5e40ccd7-d32a-eb11-a813-000d3af3a7a7}" />
      </MissingDependency>
      <MissingDependency>
        <Required key="18" type="2" schemaName="qm_templatedescetxt" displayName="Description" parentSchemaName="qm_sytemplate" parentDisplayName="Template" solution="Active" />
        <Dependent key="16" type="60" displayName="Gabarit" parentDisplayName="Template" id="{5e40ccd7-d32a-eb11-a813-000d3af3a7a7}" />
      </MissingDependency>
      <MissingDependency>
        <Required key="19" type="2" schemaName="qm_templatejsontxt" displayName="Template JSON" parentSchemaName="qm_sytemplate" parentDisplayName="Template" solution="Active" />
        <Dependent key="16" type="60" displayName="Gabarit" parentDisplayName="Template" id="{5e40ccd7-d32a-eb11-a813-000d3af3a7a7}" />
      </MissingDependency>
      <MissingDependency>
        <Required key="20" type="2" schemaName="qm_templatedescftxt" displayName="French Description" parentSchemaName="qm_sytemplate" parentDisplayName="Template" solution="Active" />
        <Dependent key="16" type="60" displayName="Gabarit" parentDisplayName="Template" id="{5e40ccd7-d32a-eb11-a813-000d3af3a7a7}" />
      </MissingDependency>
      <MissingDependency>
        <Required key="21" type="2" schemaName="qm_name" displayName="Name" parentSchemaName="qm_sytemplate" parentDisplayName="Template" solution="Active" />
        <Dependent key="16" type="60" displayName="Gabarit" parentDisplayName="Template" id="{5e40ccd7-d32a-eb11-a813-000d3af3a7a7}" />
      </MissingDependency>
      <MissingDependency>
        <Required key="22" type="20" displayName="Questionnaire Administrator" solution="Active" id="{4b00cd47-0217-eb11-a813-000d3af3ac0d}" />
        <Dependent key="16" type="60" displayName="Gabarit" parentDisplayName="Template" id="{5e40ccd7-d32a-eb11-a813-000d3af3a7a7}" />
      </MissingDependency>
      <MissingDependency>
        <Required key="23" type="61" schemaName="qm_questionnaireFunctions.js" displayName="qm_questionnaireFunctions.js" solution="Active" />
        <Dependent key="16" type="60" displayName="Gabarit" parentDisplayName="Template" id="{5e40ccd7-d32a-eb11-a813-000d3af3a7a7}" />
      </MissingDependency>
      <MissingDependency>
        <Required key="24" type="61" schemaName="qm_globalHelper.js" displayName="qm_globalHelper.js" solution="Active" />
        <Dependent key="16" type="60" displayName="Gabarit" parentDisplayName="Template" id="{5e40ccd7-d32a-eb11-a813-000d3af3a7a7}" />
      </MissingDependency>
      <MissingDependency>
        <Required key="25" type="61" schemaName="qm_templateForm.js" displayName="qm_templateForm.js" solution="Active" />
        <Dependent key="16" type="60" displayName="Gabarit" parentDisplayName="Template" id="{5e40ccd7-d32a-eb11-a813-000d3af3a7a7}" />
      </MissingDependency>
      <MissingDependency>
        <Required key="26" type="2" schemaName="qm_name" displayName="Name" parentSchemaName="qm_rclegislation" parentDisplayName="Legislation" solution="Active" />
        <Dependent key="27" type="60" displayName="Informations" parentDisplayName="Legislation" id="{d55caf0a-bae4-4d40-b008-b253ab4ce243}" />
      </MissingDependency>
      <MissingDependency>
        <Required key="28" type="2" schemaName="qm_legislationftxt" displayName="French" parentSchemaName="qm_rclegislation" parentDisplayName="Legislation" solution="Active" />
        <Dependent key="27" type="60" displayName="Informations" parentDisplayName="Legislation" id="{d55caf0a-bae4-4d40-b008-b253ab4ce243}" />
      </MissingDependency>
      <MissingDependency>
        <Required key="29" type="2" schemaName="qm_tylegislationsourceid" displayName="Legislation Source" parentSchemaName="qm_rclegislation" parentDisplayName="Legislation" solution="Active" />
        <Dependent key="27" type="60" displayName="Informations" parentDisplayName="Legislation" id="{d55caf0a-bae4-4d40-b008-b253ab4ce243}" />
      </MissingDependency>
      <MissingDependency>
        <Required key="30" type="2" schemaName="qm_rcparentlegislationid" displayName="qm_rcParentLegislationId" parentSchemaName="qm_rclegislation" parentDisplayName="Legislation" solution="Active" />
        <Dependent key="27" type="60" displayName="Informations" parentDisplayName="Legislation" id="{d55caf0a-bae4-4d40-b008-b253ab4ce243}" />
      </MissingDependency>
      <MissingDependency>
        <Required key="31" type="2" schemaName="qm_legislationlbl" displayName="Label" parentSchemaName="qm_rclegislation" parentDisplayName="Legislation" solution="Active" />
        <Dependent key="27" type="60" displayName="Informations" parentDisplayName="Legislation" id="{d55caf0a-bae4-4d40-b008-b253ab4ce243}" />
      </MissingDependency>
      <MissingDependency>
        <Required key="32" type="2" schemaName="qm_justiceid" displayName="qm_JusticeId" parentSchemaName="qm_rclegislation" parentDisplayName="Legislation" solution="Active" />
        <Dependent key="27" type="60" displayName="Informations" parentDisplayName="Legislation" id="{d55caf0a-bae4-4d40-b008-b253ab4ce243}" />
      </MissingDependency>
      <MissingDependency>
        <Required key="33" type="2" schemaName="qm_historicalnoteetxt" displayName="qm_HistoricalNoteEtxt" parentSchemaName="qm_rclegislation" parentDisplayName="Legislation" solution="Active" />
        <Dependent key="27" type="60" displayName="Informations" parentDisplayName="Legislation" id="{d55caf0a-bae4-4d40-b008-b253ab4ce243}" />
      </MissingDependency>
      <MissingDependency>
        <Required key="34" type="2" schemaName="qm_inforcedte" displayName="qm_InforceDte" parentSchemaName="qm_rclegislation" parentDisplayName="Legislation" solution="Active" />
        <Dependent key="27" type="60" displayName="Informations" parentDisplayName="Legislation" id="{d55caf0a-bae4-4d40-b008-b253ab4ce243}" />
      </MissingDependency>
      <MissingDependency>
        <Required key="35" type="2" schemaName="qm_tylegislationtypeid" displayName="Legislation Type" parentSchemaName="qm_rclegislation" parentDisplayName="Legislation" solution="Active" />
        <Dependent key="27" type="60" displayName="Informations" parentDisplayName="Legislation" id="{d55caf0a-bae4-4d40-b008-b253ab4ce243}" />
      </MissingDependency>
      <MissingDependency>
        <Required key="36" type="2" schemaName="qm_lastamendeddte" displayName="Last Amended Dte" parentSchemaName="qm_rclegislation" parentDisplayName="Legislation" solution="Active" />
        <Dependent key="27" type="60" displayName="Informations" parentDisplayName="Legislation" id="{d55caf0a-bae4-4d40-b008-b253ab4ce243}" />
      </MissingDependency>
      <MissingDependency>
        <Required key="37" type="2" schemaName="qm_legislationetxt" displayName="English" parentSchemaName="qm_rclegislation" parentDisplayName="Legislation" solution="Active" />
        <Dependent key="27" type="60" displayName="Informations" parentDisplayName="Legislation" id="{d55caf0a-bae4-4d40-b008-b253ab4ce243}" />
      </MissingDependency>
      <MissingDependency>
        <Required key="38" type="10" schemaName="qm_tylegislationsource_rclegislation" displayName="qm_tylegislationsource_rclegislation" parentSchemaName="qm_tylegislationsource" parentDisplayName="Legislation Source" solution="Active" />
        <Dependent key="27" type="60" displayName="Informations" parentDisplayName="Legislation" id="{d55caf0a-bae4-4d40-b008-b253ab4ce243}" />
      </MissingDependency>
      <MissingDependency>
        <Required key="39" type="10" schemaName="qm_qm_rclegislation_qm_rclegislation" displayName="qm_qm_rclegislation_qm_rclegislation" parentSchemaName="qm_rclegislation" parentDisplayName="Legislation" solution="Active" />
        <Dependent key="27" type="60" displayName="Informations" parentDisplayName="Legislation" id="{d55caf0a-bae4-4d40-b008-b253ab4ce243}" />
      </MissingDependency>
      <MissingDependency>
        <Required key="40" type="10" schemaName="qm_rclegislation_tylegislationcharacteristic" displayName="qm_rclegislation_tylegislationcharacteristic" parentSchemaName="qm_rclegislation" parentDisplayName="Legislation" solution="Active" />
        <Dependent key="27" type="60" displayName="Informations" parentDisplayName="Legislation" id="{d55caf0a-bae4-4d40-b008-b253ab4ce243}" />
      </MissingDependency>
      <MissingDependency>
        <Required key="41" type="10" schemaName="qm_tylegislationtype_rclegislation" displayName="qm_tylegislationtype_rclegislation" parentSchemaName="qm_tylegislationtype" parentDisplayName="Legislation Section Type" solution="Active" />
        <Dependent key="27" type="60" displayName="Informations" parentDisplayName="Legislation" id="{d55caf0a-bae4-4d40-b008-b253ab4ce243}" />
      </MissingDependency>
      <MissingDependency>
        <Required key="22" type="20" displayName="Questionnaire Administrator" solution="Active" id="{4b00cd47-0217-eb11-a813-000d3af3ac0d}" />
        <Dependent key="27" type="60" displayName="Informations" parentDisplayName="Legislation" id="{d55caf0a-bae4-4d40-b008-b253ab4ce243}" />
      </MissingDependency>
      <MissingDependency>
        <Required key="42" type="26" schemaName="Caractéristiques de la législation" displayName="Caractéristiques de la législation" parentSchemaName="qm_tylegislationcharacteristic" parentDisplayName="Legislation Characteristic" solution="Active" id="{b1230891-1aa0-4d0c-9d11-b9c66319a0f5}" />
        <Dependent key="27" type="60" displayName="Informations" parentDisplayName="Legislation" id="{d55caf0a-bae4-4d40-b008-b253ab4ce243}" />
      </MissingDependency>
      <MissingDependency>
        <Required key="43" type="2" schemaName="qm_categoryid" displayName="Parent Category" parentSchemaName="qm_tylegislationcharacteristic" parentDisplayName="Legislation Characteristic" solution="Active" />
        <Dependent key="44" type="60" displayName="Informations" parentDisplayName="Legislation Characteristic" id="{d0bffb7c-35e3-4cb7-a432-d9108ddfe680}" />
      </MissingDependency>
      <MissingDependency>
        <Required key="45" type="2" schemaName="qm_legislationcharacteristicelbl" displayName="English Label" parentSchemaName="qm_tylegislationcharacteristic" parentDisplayName="Legislation Characteristic" solution="Active" />
        <Dependent key="44" type="60" displayName="Informations" parentDisplayName="Legislation Characteristic" id="{d0bffb7c-35e3-4cb7-a432-d9108ddfe680}" />
      </MissingDependency>
      <MissingDependency>
        <Required key="46" type="2" schemaName="modifiedon" displayName="Modified On" parentSchemaName="qm_tylegislationcharacteristic" parentDisplayName="Legislation Characteristic" solution="Active" />
        <Dependent key="44" type="60" displayName="Informations" parentDisplayName="Legislation Characteristic" id="{d0bffb7c-35e3-4cb7-a432-d9108ddfe680}" />
      </MissingDependency>
      <MissingDependency>
        <Required key="47" type="2" schemaName="qm_name" displayName="Name" parentSchemaName="qm_tylegislationcharacteristic" parentDisplayName="Legislation Characteristic" solution="Active" />
        <Dependent key="44" type="60" displayName="Informations" parentDisplayName="Legislation Characteristic" id="{d0bffb7c-35e3-4cb7-a432-d9108ddfe680}" />
      </MissingDependency>
      <MissingDependency>
        <Required key="48" type="2" schemaName="createdby" displayName="Created By" parentSchemaName="qm_tylegislationcharacteristic" parentDisplayName="Legislation Characteristic" solution="Active" />
        <Dependent key="44" type="60" displayName="Informations" parentDisplayName="Legislation Characteristic" id="{d0bffb7c-35e3-4cb7-a432-d9108ddfe680}" />
      </MissingDependency>
      <MissingDependency>
        <Required key="49" type="2" schemaName="modifiedby" displayName="Modified By" parentSchemaName="qm_tylegislationcharacteristic" parentDisplayName="Legislation Characteristic" solution="Active" />
        <Dependent key="44" type="60" displayName="Informations" parentDisplayName="Legislation Characteristic" id="{d0bffb7c-35e3-4cb7-a432-d9108ddfe680}" />
      </MissingDependency>
      <MissingDependency>
        <Required key="50" type="2" schemaName="createdon" displayName="Created On" parentSchemaName="qm_tylegislationcharacteristic" parentDisplayName="Legislation Characteristic" solution="Active" />
        <Dependent key="44" type="60" displayName="Informations" parentDisplayName="Legislation Characteristic" id="{d0bffb7c-35e3-4cb7-a432-d9108ddfe680}" />
      </MissingDependency>
      <MissingDependency>
        <Required key="51" type="2" schemaName="statecode" displayName="Status" parentSchemaName="qm_tylegislationcharacteristic" parentDisplayName="Legislation Characteristic" solution="Active" />
        <Dependent key="44" type="60" displayName="Informations" parentDisplayName="Legislation Characteristic" id="{d0bffb7c-35e3-4cb7-a432-d9108ddfe680}" />
      </MissingDependency>
      <MissingDependency>
        <Required key="52" type="2" schemaName="qm_legislationcharacteristicflbl" displayName="French Label" parentSchemaName="qm_tylegislationcharacteristic" parentDisplayName="Legislation Characteristic" solution="Active" />
        <Dependent key="44" type="60" displayName="Informations" parentDisplayName="Legislation Characteristic" id="{d0bffb7c-35e3-4cb7-a432-d9108ddfe680}" />
      </MissingDependency>
      <MissingDependency>
        <Required key="40" type="10" schemaName="qm_rclegislation_tylegislationcharacteristic" displayName="qm_rclegislation_tylegislationcharacteristic" parentSchemaName="qm_rclegislation" parentDisplayName="Legislation" solution="Active" />
        <Dependent key="44" type="60" displayName="Informations" parentDisplayName="Legislation Characteristic" id="{d0bffb7c-35e3-4cb7-a432-d9108ddfe680}" />
      </MissingDependency>
      <MissingDependency>
        <Required key="53" type="10" schemaName="qm_tylegislationcharacteristic_itself" displayName="qm_tylegislationcharacteristic_itself" parentSchemaName="qm_tylegislationcharacteristic" parentDisplayName="Legislation Characteristic" solution="Active" />
        <Dependent key="44" type="60" displayName="Informations" parentDisplayName="Legislation Characteristic" id="{d0bffb7c-35e3-4cb7-a432-d9108ddfe680}" />
      </MissingDependency>
      <MissingDependency>
        <Required key="22" type="20" displayName="Questionnaire Administrator" solution="Active" id="{4b00cd47-0217-eb11-a813-000d3af3ac0d}" />
        <Dependent key="44" type="60" displayName="Informations" parentDisplayName="Legislation Characteristic" id="{d0bffb7c-35e3-4cb7-a432-d9108ddfe680}" />
      </MissingDependency>
      <MissingDependency>
        <Required key="54" type="26" schemaName="?" displayName="?" parentSchemaName="qm_tylegislationcharacteristic" parentDisplayName="Legislation Characteristic" solution="Active" id="{4bf3d928-baed-4b13-a814-00f71c79231f}" />
        <Dependent key="44" type="60" displayName="Informations" parentDisplayName="Legislation Characteristic" id="{d0bffb7c-35e3-4cb7-a432-d9108ddfe680}" />
      </MissingDependency>
      <MissingDependency>
        <Required key="37" type="2" schemaName="qm_legislationetxt" displayName="English" parentSchemaName="qm_rclegislation" parentDisplayName="Legislation" solution="Active" />
        <Dependent key="55" type="26" schemaName="Règlements en vigueur" displayName="Règlements en vigueur" parentSchemaName="qm_rclegislation" parentDisplayName="Legislation" id="{4797655a-2612-4c5d-81be-a514900a38ea}" />
      </MissingDependency>
      <MissingDependency>
        <Required key="56" type="2" schemaName="qm_ordernbr" displayName="Order" parentSchemaName="qm_rclegislation" parentDisplayName="Legislation" solution="Active" />
        <Dependent key="55" type="26" schemaName="Règlements en vigueur" displayName="Règlements en vigueur" parentSchemaName="qm_rclegislation" parentDisplayName="Legislation" id="{4797655a-2612-4c5d-81be-a514900a38ea}" />
      </MissingDependency>
      <MissingDependency>
        <Required key="26" type="2" schemaName="qm_name" displayName="Name" parentSchemaName="qm_rclegislation" parentDisplayName="Legislation" solution="Active" />
        <Dependent key="55" type="26" schemaName="Règlements en vigueur" displayName="Règlements en vigueur" parentSchemaName="qm_rclegislation" parentDisplayName="Legislation" id="{4797655a-2612-4c5d-81be-a514900a38ea}" />
      </MissingDependency>
      <MissingDependency>
        <Required key="57" type="2" schemaName="qm_rclegislationid" displayName="Legislation" parentSchemaName="qm_rclegislation" parentDisplayName="Legislation" solution="Active" />
        <Dependent key="55" type="26" schemaName="Règlements en vigueur" displayName="Règlements en vigueur" parentSchemaName="qm_rclegislation" parentDisplayName="Legislation" id="{4797655a-2612-4c5d-81be-a514900a38ea}" />
      </MissingDependency>
      <MissingDependency>
        <Required key="35" type="2" schemaName="qm_tylegislationtypeid" displayName="Legislation Type" parentSchemaName="qm_rclegislation" parentDisplayName="Legislation" solution="Active" />
        <Dependent key="55" type="26" schemaName="Règlements en vigueur" displayName="Règlements en vigueur" parentSchemaName="qm_rclegislation" parentDisplayName="Legislation" id="{4797655a-2612-4c5d-81be-a514900a38ea}" />
      </MissingDependency>
      <MissingDependency>
        <Required key="36" type="2" schemaName="qm_lastamendeddte" displayName="Last Amended Dte" parentSchemaName="qm_rclegislation" parentDisplayName="Legislation" solution="Active" />
        <Dependent key="55" type="26" schemaName="Règlements en vigueur" displayName="Règlements en vigueur" parentSchemaName="qm_rclegislation" parentDisplayName="Legislation" id="{4797655a-2612-4c5d-81be-a514900a38ea}" />
      </MissingDependency>
      <MissingDependency>
        <Required key="31" type="2" schemaName="qm_legislationlbl" displayName="Label" parentSchemaName="qm_rclegislation" parentDisplayName="Legislation" solution="Active" />
        <Dependent key="55" type="26" schemaName="Règlements en vigueur" displayName="Règlements en vigueur" parentSchemaName="qm_rclegislation" parentDisplayName="Legislation" id="{4797655a-2612-4c5d-81be-a514900a38ea}" />
      </MissingDependency>
    </MissingDependencies>
  </SolutionManifest>
</ImportExportXml>