<entities >
  <entity name="tc_tcfacilitytype" displayname="TCFacilityType" etc="10284" primaryidfield="tc_tcfacilitytypeid" primarynamefield="tc_name" disableplugins="false">
    <fields>
      <field displayname="FacilityTypeElbl" name="tc_facilitytypeelbl" type="string" customfield="true" />
      <field displayname="FacilityTypeFlbl" name="tc_facilitytypeflbl" type="string" customfield="true" />
      <field displayname="Name" name="tc_name" type="string" customfield="true" />
      <field displayname="Owning Business Unit" name="owningbusinessunit" type="entityreference" lookupType="businessunit" />
      <field displayname="Owning Team" name="owningteam" type="entityreference" lookupType="team" />
      <field displayname="Status" name="statecode" type="state" />
      <field displayname="Status Reason" name="statuscode" type="status" />
      <field displayname="TCFacilityType" name="tc_tcfacilitytypeid" type="guid" primaryKey="true" />
      <field displayname="Version Number" name="versionnumber" type="bigint" />
    </fields>
    <relationships />
  </entity>
  <entity name="tc_tclocationtype" displayname="TCLocationType" etc="10281" primaryidfield="tc_tclocationtypeid" primarynamefield="tc_name" disableplugins="false">
    <fields>
      <field displayname="LocationTypeElbl" name="tc_locationtypeelbl" type="string" customfield="true" />
      <field displayname="LocationTypeFlbl" name="tc_locationtypeflbl" type="string" customfield="true" />
      <field displayname="Name" name="tc_name" type="string" customfield="true" />
      <field displayname="Owning Business Unit" name="owningbusinessunit" type="entityreference" lookupType="businessunit" />
      <field displayname="Owning Team" name="owningteam" type="entityreference" lookupType="team" />
      <field displayname="Status" name="statecode" type="state" />
      <field displayname="Status Reason" name="statuscode" type="status" />
      <field displayname="tc_TCLocationType" name="tc_tclocationtypeid" type="guid" primaryKey="true" />
      <field displayname="Version Number" name="versionnumber" type="bigint" />
    </fields>
    <relationships />
  </entity>
  <entity name="ovs_tyrational" displayname="TYRational" etc="10364" primaryidfield="ovs_tyrationalid" primarynamefield="ovs_name" disableplugins="false">
    <fields>
      <field displayname="Name" name="ovs_name" type="string" customfield="true" />
      <field displayname="Owning Business Unit" name="owningbusinessunit" type="entityreference" lookupType="businessunit" />
      <field displayname="Owning Team" name="owningteam" type="entityreference" lookupType="team" />
      <field displayname="RationalElbl" name="ovs_rationalelbl" type="string" customfield="true" />
      <field displayname="RationalFlbl" name="ovs_rationalflbl" type="string" customfield="true" />
      <field displayname="Status" name="statecode" type="state" />
      <field displayname="Status Reason" name="statuscode" type="status" />
      <field displayname="TYRational" name="ovs_tyrationalid" type="guid" primaryKey="true" />
      <field displayname="Version Number" name="versionnumber" type="bigint" />
    </fields>
    <relationships />
  </entity>
  <entity name="territory" displayname="Territory" etc="2013" primaryidfield="territoryid" primarynamefield="name" disableplugins="false">
    <fields>
      <field displayname="Currency" name="transactioncurrencyid" type="entityreference" lookupType="transactioncurrency" />
      <field displayname="Description" name="description" type="string" />
      <field displayname="Entity Image" name="entityimage" type="imagedata" />
      <field displayname="entityimageid" name="entityimageid" type="guid" />
      <field displayname="Exchange Rate" name="exchangerate" type="decimal" />
      <field displayname="Manager" name="managerid" type="entityreference" lookupType="systemuser" />
      <field displayname="Parent" name="parentterritoryid" type="entityreference" lookupType="territory" />
      <field displayname="Territory" name="territoryid" type="guid" primaryKey="true" />
      <field displayname="Territory Name" name="name" type="string" />
    </fields>
    <relationships />
  </entity>
  <entity name="ovs_oversighttype" displayname="Oversight Type" etc="10261" primaryidfield="ovs_oversighttypeid" primarynamefield="ovs_name" disableplugins="false">
    <fields>
      <field displayname="Name" name="ovs_name" type="string" customfield="true" />
      <field displayname="Oversight Type" name="ovs_oversighttypeid" type="guid" primaryKey="true" />
      <field displayname="Owning Business Unit" name="owningbusinessunit" type="entityreference" lookupType="businessunit" />
      <field displayname="Owning Team" name="owningteam" type="entityreference" lookupType="team" />
      <field displayname="Status" name="statecode" type="state" />
      <field displayname="Status Reason" name="statuscode" type="status" />
      <field displayname="Version Number" name="versionnumber" type="bigint" />
    </fields>
    <relationships />
  </entity>
  <entity name="tc_tcaccountfacilityrelationtype" displayname="TCAccountFacilityRelationType" etc="10368" primaryidfield="tc_tcaccountfacilityrelationtypeid" primarynamefield="tc_name" disableplugins="false">
    <fields>
      <field displayname="AccountFacilityRelationTypeElbl" name="tc_accountfacilityrelationtypeelbl" type="string" customfield="true" />
      <field displayname="AccountFacilityRelationTypeFlbl" name="tc_accountfacilityrelationtypeflbl" type="string" customfield="true" />
      <field displayname="Name" name="tc_name" type="string" customfield="true" />
      <field displayname="Owning Business Unit" name="owningbusinessunit" type="entityreference" lookupType="businessunit" />
      <field displayname="Owning Team" name="owningteam" type="entityreference" lookupType="team" />
      <field displayname="Status" name="statecode" type="state" />
      <field displayname="Status Reason" name="statuscode" type="status" />
      <field displayname="TCAccountFacilityRelationType" name="tc_tcaccountfacilityrelationtypeid" type="guid" primaryKey="true" />
      <field displayname="Version Number" name="versionnumber" type="bigint" />
    </fields>
    <relationships />
  </entity>
  <entity name="msdyn_workordertype" displayname="Work Order Type" etc="10250" primaryidfield="msdyn_workordertypeid" primarynamefield="msdyn_name" disableplugins="false">
    <fields>
      <field displayname="Incident Required" name="msdyn_incidentrequired" type="bool" customfield="true" />
      <field displayname="Name" name="msdyn_name" type="string" customfield="true" />
      <field displayname="Owning Business Unit" name="owningbusinessunit" type="entityreference" lookupType="businessunit" />
      <field displayname="Owning Team" name="owningteam" type="entityreference" lookupType="team" />
      <field displayname="Price List" name="msdyn_pricelist" type="entityreference" lookupType="pricelevel" customfield="true" />
      <field displayname="Status" name="statecode" type="state" />
      <field displayname="Status Reason" name="statuscode" type="status" />
      <field displayname="Taxable" name="msdyn_taxable" type="bool" customfield="true" />
      <field displayname="Version Number" name="versionnumber" type="bigint" />
      <field displayname="Work Order Type" name="msdyn_workordertypeid" type="guid" primaryKey="true" />
    </fields>
    <relationships />
  </entity>
  <entity name="pricelevel" displayname="Price List" etc="1022" primaryidfield="pricelevelid" primarynamefield="name" disableplugins="false">
    <fields>
      <field displayname="Break Hours Billable" name="msdyn_breakhoursbillable" type="bool" customfield="true" />
      <field displayname="Currency" name="transactioncurrencyid" type="entityreference" lookupType="transactioncurrency" />
      <field displayname="Description" name="description" type="string" />
      <field displayname="End Date" name="enddate" type="datetime" />
      <field displayname="Exchange Rate" name="exchangerate" type="decimal" />
      <field displayname="Freight Terms" name="freighttermscode" type="optionsetvalue" />
      <field displayname="Name" name="name" type="string" />
      <field displayname="Payment Method " name="paymentmethodcode" type="optionsetvalue" />
      <field displayname="Price List" name="pricelevelid" type="guid" primaryKey="true" />
      <field displayname="Shipping Method" name="shippingmethodcode" type="optionsetvalue" />
      <field displayname="Start Date" name="begindate" type="datetime" />
      <field displayname="Status " name="statecode" type="state" />
      <field displayname="Status Reason" name="statuscode" type="status" />
    </fields>
    <relationships />
  </entity>
  <entity name="characteristic" displayname="Characteristic" etc="1141" primaryidfield="characteristicid" primarynamefield="name" disableplugins="false">
    <fields>
      <field displayname="Characteristic" name="characteristicid" type="guid" primaryKey="true" />
      <field displayname="Characteristic Type" name="characteristictype" type="optionsetvalue" />
      <field displayname="Description" name="description" type="string" />
      <field displayname="Name" name="name" type="string" />
      <field displayname="Status" name="statecode" type="state" />
      <field displayname="Status Reason" name="statuscode" type="status" />
    </fields>
  </entity>
</entities>