<ImportExportXml version="9.2.22012.133" SolutionPackageVersion="9.2" languagecode="1033" generatedBy="CrmLive" xmlns:xsi="http://www.w3.org/2001/XMLSchema-instance">
  <SolutionManifest>
    <UniqueName>RDCIDWorkflows</UniqueName>
    <LocalizedNames>
      <LocalizedName description="RD.CID.Workflows" languagecode="1033" />
    </LocalizedNames>
    <Descriptions />
    <Version>1.0.0.3</Version>
    <Managed>1</Managed>
    <Publisher>
      <UniqueName>CID_Solution</UniqueName>
      <LocalizedNames>
        <LocalizedName description="CID Solution" languagecode="1033" />
      </LocalizedNames>
      <Descriptions />
      <EMailAddress xsi:nil="true"></EMailAddress>
      <SupportingWebsiteUrl xsi:nil="true"></SupportingWebsiteUrl>
      <CustomizationPrefix>cid</CustomizationPrefix>
      <CustomizationOptionValuePrefix>10000</CustomizationOptionValuePrefix>
      <Addresses>
        <Address>
          <AddressNumber>1</AddressNumber>
          <AddressTypeCode>1</AddressTypeCode>
          <City xsi:nil="true"></City>
          <County xsi:nil="true"></County>
          <Country xsi:nil="true"></Country>
          <Fax xsi:nil="true"></Fax>
          <FreightTermsCode xsi:nil="true"></FreightTermsCode>
          <ImportSequenceNumber xsi:nil="true"></ImportSequenceNumber>
          <Latitude xsi:nil="true"></Latitude>
          <Line1 xsi:nil="true"></Line1>
          <Line2 xsi:nil="true"></Line2>
          <Line3 xsi:nil="true"></Line3>
          <Longitude xsi:nil="true"></Longitude>
          <Name xsi:nil="true"></Name>
          <PostalCode xsi:nil="true"></PostalCode>
          <PostOfficeBox xsi:nil="true"></PostOfficeBox>
          <PrimaryContactName xsi:nil="true"></PrimaryContactName>
          <ShippingMethodCode>1</ShippingMethodCode>
          <StateOrProvince xsi:nil="true"></StateOrProvince>
          <Telephone1 xsi:nil="true"></Telephone1>
          <Telephone2 xsi:nil="true"></Telephone2>
          <Telephone3 xsi:nil="true"></Telephone3>
          <TimeZoneRuleVersionNumber xsi:nil="true"></TimeZoneRuleVersionNumber>
          <UPSZone xsi:nil="true"></UPSZone>
          <UTCOffset xsi:nil="true"></UTCOffset>
          <UTCConversionTimeZoneCode xsi:nil="true"></UTCConversionTimeZoneCode>
        </Address>
        <Address>
          <AddressNumber>2</AddressNumber>
          <AddressTypeCode>1</AddressTypeCode>
          <City xsi:nil="true"></City>
          <County xsi:nil="true"></County>
          <Country xsi:nil="true"></Country>
          <Fax xsi:nil="true"></Fax>
          <FreightTermsCode xsi:nil="true"></FreightTermsCode>
          <ImportSequenceNumber xsi:nil="true"></ImportSequenceNumber>
          <Latitude xsi:nil="true"></Latitude>
          <Line1 xsi:nil="true"></Line1>
          <Line2 xsi:nil="true"></Line2>
          <Line3 xsi:nil="true"></Line3>
          <Longitude xsi:nil="true"></Longitude>
          <Name xsi:nil="true"></Name>
          <PostalCode xsi:nil="true"></PostalCode>
          <PostOfficeBox xsi:nil="true"></PostOfficeBox>
          <PrimaryContactName xsi:nil="true"></PrimaryContactName>
          <ShippingMethodCode>1</ShippingMethodCode>
          <StateOrProvince xsi:nil="true"></StateOrProvince>
          <Telephone1 xsi:nil="true"></Telephone1>
          <Telephone2 xsi:nil="true"></Telephone2>
          <Telephone3 xsi:nil="true"></Telephone3>
          <TimeZoneRuleVersionNumber xsi:nil="true"></TimeZoneRuleVersionNumber>
          <UPSZone xsi:nil="true"></UPSZone>
          <UTCOffset xsi:nil="true"></UTCOffset>
          <UTCConversionTimeZoneCode xsi:nil="true"></UTCConversionTimeZoneCode>
        </Address>
      </Addresses>
    </Publisher>
    <RootComponents>
      <RootComponent type="29" id="{1810a236-338c-4f9b-a412-045ee3a9f651}" behavior="0" />
      <RootComponent type="29" id="{21028630-9715-48d4-b000-5215e1e9d737}" behavior="0" />
      <RootComponent type="29" id="{744d873c-de3f-4845-b1b6-9d01f51241d0}" behavior="0" />
      <RootComponent type="29" id="{77cbb758-143d-42fb-894e-5bcb5a67de7d}" behavior="0" />
      <RootComponent type="29" id="{8cb3f20e-ed97-41c1-a3c1-bc8ea69f5699}" behavior="0" />
      <RootComponent type="29" id="{8e225f6e-3466-4019-8a6d-6ffaafd4bed5}" behavior="0" />
      <RootComponent type="29" id="{f2732764-5261-4af7-bfc6-b25e2a71a54b}" behavior="0" />
      <RootComponent type="29" id="{f37ccd28-9e54-48cb-8889-810280cb6840}" behavior="0" />
      <RootComponent type="29" id="{fdb7a254-de5e-407a-8d0f-61688785c886}" behavior="0" />
    </RootComponents>
    <MissingDependencies>
      <MissingDependency>
        <Required type="1" schemaName="cid_modeoftransportation" displayName="Mode of Transportation (CID)" solution="Active" />
        <Dependent type="29" displayName="Mode of Transportation" id="{77cbb758-143d-42fb-894e-5bcb5a67de7d}" />
      </MissingDependency>
      <MissingDependency>
        <Required type="1" schemaName="ovs_accountun" displayName="Account UN Number" solution="Active" />
        <Dependent type="29" displayName="CID_Account UN Number" id="{8cb3f20e-ed97-41c1-a3c1-bc8ea69f5699}" />
      </MissingDependency>
      <MissingDependency>
        <Required type="1" schemaName="ovs_modes" displayName="Modes" solution="Active" />
        <Dependent type="29" displayName="Mode of Transportation" id="{77cbb758-143d-42fb-894e-5bcb5a67de7d}" />
      </MissingDependency>
      <MissingDependency>
        <Required type="10" schemaName="cid_account_cid_modeoftransportation_Site" displayName="cid_account_cid_modeoftransportation_Site" parentSchemaName="account" parentDisplayName="Account" solution="Active" />
        <Dependent type="29" displayName="Mode of Transportation" id="{77cbb758-143d-42fb-894e-5bcb5a67de7d}" />
      </MissingDependency>
      <MissingDependency>
        <Required type="10" schemaName="cid_ovs_modes_cid_modeoftransportation_Mode" displayName="cid_ovs_modes_cid_modeoftransportation_Mode" parentSchemaName="ovs_modes" parentDisplayName="Modes" solution="Active" />
        <Dependent type="29" displayName="Mode of Transportation" id="{77cbb758-143d-42fb-894e-5bcb5a67de7d}" />
      </MissingDependency>
      <MissingDependency>
        <Required type="2" schemaName="cid_siteclaim" displayName="Site Claim" parentSchemaName="account" parentDisplayName="Account" solution="Active" />
        <Dependent type="29" displayName="CID Portal - Site Claim - My Site Inactive" id="{1810a236-338c-4f9b-a412-045ee3a9f651}" />
      </MissingDependency>
      <MissingDependency>
        <Required type="2" schemaName="cid_siteclaim" displayName="Site Claim" parentSchemaName="account" parentDisplayName="Account" solution="Active" />
        <Dependent type="29" displayName="CID Portal - Site Claim - My Site Active" id="{21028630-9715-48d4-b000-5215e1e9d737}" />
      </MissingDependency>
      <MissingDependency>
        <Required type="2" schemaName="cid_siteclaim" displayName="Site Claim" parentSchemaName="account" parentDisplayName="Account" solution="Active" />
        <Dependent type="29" displayName="CID Portal - Site Claim - Not My Site" id="{f37ccd28-9e54-48cb-8889-810280cb6840}" />
      </MissingDependency>
      <MissingDependency>
        <Required type="2" schemaName="ovs_accountnameenglish" displayName="Account Name (English)" parentSchemaName="account" parentDisplayName="Account" solution="Active" />
        <Dependent type="29" displayName="Update Site Legal and Operating Name" id="{fdb7a254-de5e-407a-8d0f-61688785c886}" />
      </MissingDependency>
      <MissingDependency>
        <Required type="2" schemaName="ovs_accountnamefrench" displayName="Account Name (French)" parentSchemaName="account" parentDisplayName="Account" solution="Active" />
        <Dependent type="29" displayName="Update Site Legal and Operating Name" id="{fdb7a254-de5e-407a-8d0f-61688785c886}" />
      </MissingDependency>
      <MissingDependency>
        <Required type="2" schemaName="ovs_legalname" displayName="Legal Name" parentSchemaName="account" parentDisplayName="Account" solution="Active" />
        <Dependent type="29" displayName="Update Site Legal and Operating Name" id="{fdb7a254-de5e-407a-8d0f-61688785c886}" />
      </MissingDependency>
      <MissingDependency>
        <Required type="2" schemaName="cid_company" displayName="Company" parentSchemaName="cid_modeoftransportation" parentDisplayName="Mode of Transportation (CID)" solution="Active" />
        <Dependent type="29" displayName="Mode of Transportation" id="{77cbb758-143d-42fb-894e-5bcb5a67de7d}" />
      </MissingDependency>
      <MissingDependency>
        <Required type="2" schemaName="cid_mode" displayName="Mode" parentSchemaName="cid_modeoftransportation" parentDisplayName="Mode of Transportation (CID)" solution="Active" />
        <Dependent type="29" displayName="Mode of Transportation" id="{77cbb758-143d-42fb-894e-5bcb5a67de7d}" />
      </MissingDependency>
      <MissingDependency>
        <Required type="2" schemaName="cid_modeoftransportationid" displayName="Mode of Transportation (CID)" parentSchemaName="cid_modeoftransportation" parentDisplayName="Mode of Transportation (CID)" solution="Active" />
        <Dependent type="29" displayName="Mode of Transportation" id="{77cbb758-143d-42fb-894e-5bcb5a67de7d}" />
      </MissingDependency>
      <MissingDependency>
        <Required type="2" schemaName="cid_name" displayName="Name" parentSchemaName="cid_modeoftransportation" parentDisplayName="Mode of Transportation (CID)" solution="Active" />
        <Dependent type="29" displayName="Mode of Transportation" id="{77cbb758-143d-42fb-894e-5bcb5a67de7d}" />
      </MissingDependency>
      <MissingDependency>
        <Required type="2" schemaName="cid_site" displayName="Site" parentSchemaName="cid_modeoftransportation" parentDisplayName="Mode of Transportation (CID)" solution="Active" />
        <Dependent type="29" displayName="Mode of Transportation" id="{77cbb758-143d-42fb-894e-5bcb5a67de7d}" />
      </MissingDependency>
      <MissingDependency>
        <Required type="2" schemaName="cid_contacttype" displayName="Contact Type" parentSchemaName="contact" parentDisplayName="Contact" solution="Active" />
        <Dependent type="29" displayName="Set company primary contact" id="{744d873c-de3f-4845-b1b6-9d01f51241d0}" />
      </MissingDependency>
      <MissingDependency>
        <Required type="2" schemaName="cid_companyun" displayName="Site" parentSchemaName="ovs_accountun" parentDisplayName="Account UN Number" solution="Active" />
        <Dependent type="29" displayName="CID_Account UN Number" id="{8cb3f20e-ed97-41c1-a3c1-bc8ea69f5699}" />
      </MissingDependency>
      <MissingDependency>
        <Required type="2" schemaName="ovs_accountunid" displayName="Account UN" parentSchemaName="ovs_accountun" parentDisplayName="Account UN Number" solution="Active" />
        <Dependent type="29" displayName="CID_Account UN Number" id="{8cb3f20e-ed97-41c1-a3c1-bc8ea69f5699}" />
      </MissingDependency>
      <MissingDependency>
        <Required type="2" schemaName="ovs_accountunnumber" displayName="Account UN Number" parentSchemaName="ovs_accountun" parentDisplayName="Account UN Number" solution="Active" />
        <Dependent type="29" displayName="CID_Account UN Number" id="{8cb3f20e-ed97-41c1-a3c1-bc8ea69f5699}" />
      </MissingDependency>
      <MissingDependency>
        <Required type="2" schemaName="ovs_name" displayName="Name" parentSchemaName="ovs_accountun" parentDisplayName="Account UN Number" solution="Active" />
        <Dependent type="29" displayName="CID_Account UN Number" id="{8cb3f20e-ed97-41c1-a3c1-bc8ea69f5699}" />
      </MissingDependency>
      <MissingDependency>
        <Required type="2" schemaName="ovs_modesid" displayName="Modes" parentSchemaName="ovs_modes" parentDisplayName="Modes" solution="Active" />
        <Dependent type="29" displayName="Mode of Transportation" id="{77cbb758-143d-42fb-894e-5bcb5a67de7d}" />
      </MissingDependency>
      <MissingDependency>
        <Required type="2" schemaName="ovs_name" displayName="Name" parentSchemaName="ovs_modes" parentDisplayName="Modes" solution="Active" />
        <Dependent type="29" displayName="Mode of Transportation" id="{77cbb758-143d-42fb-894e-5bcb5a67de7d}" />
      </MissingDependency>
    </MissingDependencies>
  </SolutionManifest>
</ImportExportXml>