<ImportExportXml version="9.2.22103.172" SolutionPackageVersion="9.2" languagecode="1033" generatedBy="CrmLive" xmlns:xsi="http://www.w3.org/2001/XMLSchema-instance">
  <SolutionManifest>
    <UniqueName>RDCIDWorkflows</UniqueName>
    <LocalizedNames>
      <LocalizedName description="RD.CID.Workflows" languagecode="1033" />
    </LocalizedNames>
    <Descriptions />
    <Version>1.0.0.21</Version>
    <Managed>1</Managed>
    <Publisher>
      <UniqueName>CID_Solution</UniqueName>
      <LocalizedNames>
        <LocalizedName description="CID Solution" languagecode="1033" />
      </LocalizedNames>
      <Descriptions />
      <EMailAddress xsi:nil="true"></EMailAddress>
      <SupportingWebsiteUrl xsi:nil="true"></SupportingWebsiteUrl>
      <CustomizationPrefix>cid</CustomizationPrefix>
      <CustomizationOptionValuePrefix>10000</CustomizationOptionValuePrefix>
      <Addresses>
        <Address>
          <AddressNumber>1</AddressNumber>
          <AddressTypeCode>1</AddressTypeCode>
          <City xsi:nil="true"></City>
          <County xsi:nil="true"></County>
          <Country xsi:nil="true"></Country>
          <Fax xsi:nil="true"></Fax>
          <FreightTermsCode xsi:nil="true"></FreightTermsCode>
          <ImportSequenceNumber xsi:nil="true"></ImportSequenceNumber>
          <Latitude xsi:nil="true"></Latitude>
          <Line1 xsi:nil="true"></Line1>
          <Line2 xsi:nil="true"></Line2>
          <Line3 xsi:nil="true"></Line3>
          <Longitude xsi:nil="true"></Longitude>
          <Name xsi:nil="true"></Name>
          <PostalCode xsi:nil="true"></PostalCode>
          <PostOfficeBox xsi:nil="true"></PostOfficeBox>
          <PrimaryContactName xsi:nil="true"></PrimaryContactName>
          <ShippingMethodCode>1</ShippingMethodCode>
          <StateOrProvince xsi:nil="true"></StateOrProvince>
          <Telephone1 xsi:nil="true"></Telephone1>
          <Telephone2 xsi:nil="true"></Telephone2>
          <Telephone3 xsi:nil="true"></Telephone3>
          <TimeZoneRuleVersionNumber xsi:nil="true"></TimeZoneRuleVersionNumber>
          <UPSZone xsi:nil="true"></UPSZone>
          <UTCOffset xsi:nil="true"></UTCOffset>
          <UTCConversionTimeZoneCode xsi:nil="true"></UTCConversionTimeZoneCode>
        </Address>
        <Address>
          <AddressNumber>2</AddressNumber>
          <AddressTypeCode>1</AddressTypeCode>
          <City xsi:nil="true"></City>
          <County xsi:nil="true"></County>
          <Country xsi:nil="true"></Country>
          <Fax xsi:nil="true"></Fax>
          <FreightTermsCode xsi:nil="true"></FreightTermsCode>
          <ImportSequenceNumber xsi:nil="true"></ImportSequenceNumber>
          <Latitude xsi:nil="true"></Latitude>
          <Line1 xsi:nil="true"></Line1>
          <Line2 xsi:nil="true"></Line2>
          <Line3 xsi:nil="true"></Line3>
          <Longitude xsi:nil="true"></Longitude>
          <Name xsi:nil="true"></Name>
          <PostalCode xsi:nil="true"></PostalCode>
          <PostOfficeBox xsi:nil="true"></PostOfficeBox>
          <PrimaryContactName xsi:nil="true"></PrimaryContactName>
          <ShippingMethodCode>1</ShippingMethodCode>
          <StateOrProvince xsi:nil="true"></StateOrProvince>
          <Telephone1 xsi:nil="true"></Telephone1>
          <Telephone2 xsi:nil="true"></Telephone2>
          <Telephone3 xsi:nil="true"></Telephone3>
          <TimeZoneRuleVersionNumber xsi:nil="true"></TimeZoneRuleVersionNumber>
          <UPSZone xsi:nil="true"></UPSZone>
          <UTCOffset xsi:nil="true"></UTCOffset>
          <UTCConversionTimeZoneCode xsi:nil="true"></UTCConversionTimeZoneCode>
        </Address>
      </Addresses>
    </Publisher>
    <RootComponents>
      <RootComponent type="29" id="{08d626bd-7eac-493f-abdf-f5eb6a2ac49e}" behavior="0" />
      <RootComponent type="29" id="{0ca318d6-11bf-49e7-bc0f-412f72bd394e}" behavior="0" />
      <RootComponent type="29" id="{110bea79-43da-4093-a476-e0cb46f863b7}" behavior="0" />
      <RootComponent type="29" id="{1810a236-338c-4f9b-a412-045ee3a9f651}" behavior="0" />
      <RootComponent type="29" id="{21028630-9715-48d4-b000-5215e1e9d737}" behavior="0" />
      <RootComponent type="29" id="{3018d500-4c9e-ec11-b3fe-000d3a842be7}" behavior="0" />
      <RootComponent type="29" id="{39c0446d-f08a-4c6d-8c4e-d5218fd8681c}" behavior="0" />
      <RootComponent type="29" id="{3f4ca60c-51d3-482e-978b-267564d36b27}" behavior="0" />
      <RootComponent type="29" id="{4e63a6c3-6329-4a86-ba15-af9675558f6d}" behavior="0" />
      <RootComponent type="29" id="{62be25a8-351b-4eed-82da-a15a047afb59}" behavior="0" />
      <RootComponent type="29" id="{712cb931-8b12-44c0-8f2b-a765346f7efb}" behavior="0" />
      <RootComponent type="29" id="{744d873c-de3f-4845-b1b6-9d01f51241d0}" behavior="0" />
      <RootComponent type="29" id="{77cbb758-143d-42fb-894e-5bcb5a67de7d}" behavior="0" />
      <RootComponent type="29" id="{8231c7b5-f207-42c3-b577-a04b19abcf63}" behavior="0" />
      <RootComponent type="29" id="{8e225f6e-3466-4019-8a6d-6ffaafd4bed5}" behavior="0" />
      <RootComponent type="29" id="{8e2fd2fe-a5b4-4d59-a651-24a81cf732b4}" behavior="0" />
      <RootComponent type="29" id="{9a344c93-7da0-ec11-b3fe-000d3a0c84c3}" behavior="0" />
      <RootComponent type="29" id="{bfaa9bdd-318d-4f7b-bfa3-4d8d08bb5bfe}" behavior="0" />
      <RootComponent type="29" id="{c479cd08-e1ee-42da-932f-ef62813bd7d0}" behavior="0" />
      <RootComponent type="29" id="{ccb176f4-79bf-483c-b4d5-8c1301852138}" behavior="0" />
      <RootComponent type="29" id="{d0d14458-6662-4924-8151-4ea975809532}" behavior="0" />
      <RootComponent type="29" id="{ea7764b9-872b-454e-97d5-1e5e48b69f50}" behavior="0" />
      <RootComponent type="29" id="{eaec9a32-702f-4e13-b358-02b06cfbb885}" behavior="0" />
      <RootComponent type="29" id="{f37ccd28-9e54-48cb-8889-810280cb6840}" behavior="0" />
      <RootComponent type="29" id="{f82f3099-61c7-4248-b7a0-a7994b432061}" behavior="0" />
      <RootComponent type="29" id="{fdb7a254-de5e-407a-8d0f-61688785c886}" behavior="0" />
    </RootComponents>
    <MissingDependencies>
      <MissingDependency>
        <Required type="1" schemaName="adx_invitation" displayName="Invitation" solution="MicrosoftPortalBase (9.2.2103.1)">
          <package>CDSBasePortal (9.3.2109.20)</package>
        </Required>
        <Dependent type="29" displayName="CID Portal - Invitation - Set Expiry Date on Deactivation" id="{110bea79-43da-4093-a476-e0cb46f863b7}" />
      </MissingDependency>
      <MissingDependency>
        <Required type="1" schemaName="adx_invitation" displayName="Invitation" solution="MicrosoftPortalBase (9.2.2103.1)">
          <package>CDSBasePortal (9.3.2109.20)</package>
        </Required>
        <Dependent type="29" displayName="CID Portal - Send Email Invitation for Register" id="{4e63a6c3-6329-4a86-ba15-af9675558f6d}" />
      </MissingDependency>
      <MissingDependency>
        <Required type="1" schemaName="adx_website" displayName="Website" solution="MicrosoftPortalDependencies (9.2.2103.0)">
          <package>CDSBasePortal (9.3.2109.20)</package>
        </Required>
        <Dependent type="29" displayName="CID Portal - Send Email Invitation for Register" id="{4e63a6c3-6329-4a86-ba15-af9675558f6d}" />
      </MissingDependency>
      <MissingDependency>
        <Required type="1" schemaName="cid_audithistorycode" displayName="Audit History Code" solution="Active" />
        <Dependent type="29" displayName="CID Portal - Attest Company" id="{8e2fd2fe-a5b4-4d59-a651-24a81cf732b4}" />
      </MissingDependency>
      <MissingDependency>
        <Required type="1" schemaName="cid_audithistorycode" displayName="Audit History Code" solution="Active" />
        <Dependent type="29" displayName="CID Portal - Attest Site" id="{eaec9a32-702f-4e13-b358-02b06cfbb885}" />
      </MissingDependency>
      <MissingDependency>
        <Required type="1" schemaName="cid_audithistorylog" displayName="History Log" solution="Active" />
        <Dependent type="29" displayName="CID Portal - Attest Company" id="{8e2fd2fe-a5b4-4d59-a651-24a81cf732b4}" />
      </MissingDependency>
      <MissingDependency>
        <Required type="1" schemaName="cid_audithistorylog" displayName="History Log" solution="Active" />
        <Dependent type="29" displayName="CID Portal - Attest Site" id="{eaec9a32-702f-4e13-b358-02b06cfbb885}" />
      </MissingDependency>
      <MissingDependency>
        <Required type="1" schemaName="cid_companyerap" displayName="Company ERAP" solution="Active" />
        <Dependent type="29" displayName="CID Portal - Company Re-Attestation - ERAPs" id="{ea7764b9-872b-454e-97d5-1e5e48b69f50}" />
      </MissingDependency>
      <MissingDependency>
        <Required type="1" schemaName="cid_companynaicscode" displayName="Company NAICS Code" solution="Active" />
        <Dependent type="29" displayName="CID Portal - Company Re-Attestation - NAICS Codes" id="{0ca318d6-11bf-49e7-bc0f-412f72bd394e}" />
      </MissingDependency>
      <MissingDependency>
        <Required type="1" schemaName="cid_modeoftransportation" displayName="Mode of Transportation (CID)" solution="Active" />
        <Dependent type="29" displayName="Mode of Transportation" id="{77cbb758-143d-42fb-894e-5bcb5a67de7d}" />
      </MissingDependency>
      <MissingDependency>
        <Required type="1" schemaName="ovs_mocregistration" displayName="Operation" solution="Active" />
        <Dependent type="29" displayName="CID Portal - Site Re-Attestation - Modes of transportation" id="{bfaa9bdd-318d-4f7b-bfa3-4d8d08bb5bfe}" />
      </MissingDependency>
      <MissingDependency>
        <Required type="1" schemaName="ovs_mocregistration" displayName="Operation" solution="Active" />
        <Dependent type="29" displayName="Populate Site in operation UN number" id="{ccb176f4-79bf-483c-b4d5-8c1301852138}" />
      </MissingDependency>
      <MissingDependency>
        <Required type="1" schemaName="ovs_mocregistration" displayName="Operation" solution="Active" />
        <Dependent type="29" displayName="Populate Site in operation class" id="{f82f3099-61c7-4248-b7a0-a7994b432061}" />
      </MissingDependency>
      <MissingDependency>
        <Required type="1" schemaName="ovs_modes" displayName="Modes" solution="Active" />
        <Dependent type="29" displayName="Mode of Transportation" id="{77cbb758-143d-42fb-894e-5bcb5a67de7d}" />
      </MissingDependency>
      <MissingDependency>
        <Required type="1" schemaName="ovs_operationclass" displayName="Operation Class" solution="Active" />
        <Dependent type="29" displayName="CID Portal - Site Re-Attestation - Classes" id="{08d626bd-7eac-493f-abdf-f5eb6a2ac49e}" />
      </MissingDependency>
      <MissingDependency>
        <Required type="1" schemaName="ovs_operationclass" displayName="Operation Class" solution="Active" />
        <Dependent type="29" displayName="Populate Site in operation class" id="{f82f3099-61c7-4248-b7a0-a7994b432061}" />
      </MissingDependency>
      <MissingDependency>
        <Required type="1" schemaName="ovs_operationunnumber" displayName="Operation UN Number" solution="Active" />
        <Dependent type="29" displayName="CID Portal - Site Re-Attestation - UN Numbers" id="{62be25a8-351b-4eed-82da-a15a047afb59}" />
      </MissingDependency>
      <MissingDependency>
        <Required type="1" schemaName="ovs_operationunnumber" displayName="Operation UN Number" solution="Active" />
        <Dependent type="29" displayName="Populate Site in operation UN number" id="{ccb176f4-79bf-483c-b4d5-8c1301852138}" />
      </MissingDependency>
      <MissingDependency>
        <Required type="10" schemaName="cid_account_cid_modeoftransportation_Site" displayName="cid_account_cid_modeoftransportation_Site" parentSchemaName="account" parentDisplayName="Account" solution="Active" />
        <Dependent type="29" displayName="Mode of Transportation" id="{77cbb758-143d-42fb-894e-5bcb5a67de7d}" />
      </MissingDependency>
      <MissingDependency>
        <Required type="10" schemaName="cid_account_companynaicscode" displayName="cid_account_companynaicscode" parentSchemaName="account" parentDisplayName="Account" solution="Active" />
        <Dependent type="29" displayName="CID Portal - Company Re-Attestation - NAICS Codes" id="{0ca318d6-11bf-49e7-bc0f-412f72bd394e}" />
      </MissingDependency>
      <MissingDependency>
        <Required type="10" schemaName="cid_account_ovs_operationclass_Site" displayName="cid_account_ovs_operationclass_Site" parentSchemaName="account" parentDisplayName="Account" solution="Active" />
        <Dependent type="29" displayName="CID Portal - Site Re-Attestation - Classes" id="{08d626bd-7eac-493f-abdf-f5eb6a2ac49e}" />
      </MissingDependency>
      <MissingDependency>
        <Required type="10" schemaName="cid_account_ovs_operationunnumber_Site" displayName="cid_account_ovs_operationunnumber_Site" parentSchemaName="account" parentDisplayName="Account" solution="Active" />
        <Dependent type="29" displayName="CID Portal - Site Re-Attestation - UN Numbers" id="{62be25a8-351b-4eed-82da-a15a047afb59}" />
      </MissingDependency>
      <MissingDependency>
        <Required type="10" schemaName="cid_CompanyERAP_Company_Account" displayName="cid_CompanyERAP_Company_Account" parentSchemaName="account" parentDisplayName="Account" solution="Active" />
        <Dependent type="29" displayName="CID Portal - Company Re-Attestation - ERAPs" id="{ea7764b9-872b-454e-97d5-1e5e48b69f50}" />
      </MissingDependency>
      <MissingDependency>
        <Required type="10" schemaName="ovs_MOCRegistration_Site" displayName="ovs_MOCRegistration_Site" parentSchemaName="account" parentDisplayName="Account" solution="Active" />
        <Dependent type="29" displayName="CID Portal - Site Re-Attestation - Modes of transportation" id="{bfaa9bdd-318d-4f7b-bfa3-4d8d08bb5bfe}" />
      </MissingDependency>
      <MissingDependency>
        <Required type="10" schemaName="adx_invitation_website" displayName="adx_invitation_website" parentSchemaName="adx_website" parentDisplayName="Website" solution="MicrosoftPortalBase (9.2.2103.1)">
          <package>CDSBasePortal (9.3.2109.20)</package>
        </Required>
        <Dependent type="29" displayName="CID Portal - Send Email Invitation for Register" id="{4e63a6c3-6329-4a86-ba15-af9675558f6d}" />
      </MissingDependency>
      <MissingDependency>
        <Required type="10" schemaName="adx_invitation_invitecontact" displayName="adx_invitation_invitecontact" parentSchemaName="contact" parentDisplayName="Contact" solution="MicrosoftPortalBase (9.2.2103.1)">
          <package>CDSBasePortal (9.3.2109.20)</package>
        </Required>
        <Dependent type="29" displayName="CID Portal - Send Email Invitation for Register" id="{4e63a6c3-6329-4a86-ba15-af9675558f6d}" />
      </MissingDependency>
      <MissingDependency>
        <Required type="10" schemaName="ovs_OperationUNNumber_OperationUNNumber_o" displayName="ovs_OperationUNNumber_OperationUNNumber_o" parentSchemaName="ovs_mocregistration" parentDisplayName="Operation" solution="Active" />
        <Dependent type="29" displayName="Populate Site in operation UN number" id="{ccb176f4-79bf-483c-b4d5-8c1301852138}" />
      </MissingDependency>
      <MissingDependency>
        <Required type="10" schemaName="ovs_ovs_mocregistration_ovs_operationclass_OperationClass" displayName="ovs_ovs_mocregistration_ovs_operationclass_OperationClass" parentSchemaName="ovs_mocregistration" parentDisplayName="Operation" solution="Active" />
        <Dependent type="29" displayName="Populate Site in operation class" id="{f82f3099-61c7-4248-b7a0-a7994b432061}" />
      </MissingDependency>
      <MissingDependency>
        <Required type="10" schemaName="cid_ovs_modes_cid_modeoftransportation_Mode" displayName="cid_ovs_modes_cid_modeoftransportation_Mode" parentSchemaName="ovs_modes" parentDisplayName="Modes" solution="Active" />
        <Dependent type="29" displayName="Mode of Transportation" id="{77cbb758-143d-42fb-894e-5bcb5a67de7d}" />
      </MissingDependency>
      <MissingDependency>
        <Required type="2" schemaName="cid_attestationdate" displayName="Attestation Date" parentSchemaName="account" parentDisplayName="Account" solution="Active" />
        <Dependent type="29" displayName="CID Portal - Site Re-Attestation - Classes" id="{08d626bd-7eac-493f-abdf-f5eb6a2ac49e}" />
      </MissingDependency>
      <MissingDependency>
        <Required type="2" schemaName="cid_attestationdate" displayName="Attestation Date" parentSchemaName="account" parentDisplayName="Account" solution="Active" />
        <Dependent type="29" displayName="CID Portal - Company Re-Attestation - NAICS Codes" id="{0ca318d6-11bf-49e7-bc0f-412f72bd394e}" />
      </MissingDependency>
      <MissingDependency>
        <Required type="2" schemaName="cid_attestationdate" displayName="Attestation Date" parentSchemaName="account" parentDisplayName="Account" solution="Active" />
        <Dependent type="29" displayName="CID Portal - Site Claim - My Site Inactive" id="{1810a236-338c-4f9b-a412-045ee3a9f651}" />
      </MissingDependency>
      <MissingDependency>
        <Required type="2" schemaName="cid_attestationdate" displayName="Attestation Date" parentSchemaName="account" parentDisplayName="Account" solution="Active" />
        <Dependent type="29" displayName="CID Portal - Site Claim - My Site Active" id="{21028630-9715-48d4-b000-5215e1e9d737}" />
      </MissingDependency>
      <MissingDependency>
        <Required type="2" schemaName="cid_attestationdate" displayName="Attestation Date" parentSchemaName="account" parentDisplayName="Account" solution="Active" />
        <Dependent type="29" displayName="CID Portal - Site Re-Attestation - UN Numbers" id="{62be25a8-351b-4eed-82da-a15a047afb59}" />
      </MissingDependency>
      <MissingDependency>
        <Required type="2" schemaName="cid_attestationdate" displayName="Attestation Date" parentSchemaName="account" parentDisplayName="Account" solution="Active" />
        <Dependent type="29" displayName="TO BE REVISED - CID Portal - Site Re-Attestation - Site tombstone data" id="{712cb931-8b12-44c0-8f2b-a765346f7efb}" />
      </MissingDependency>
      <MissingDependency>
        <Required type="2" schemaName="cid_attestationdate" displayName="Attestation Date" parentSchemaName="account" parentDisplayName="Account" solution="Active" />
        <Dependent type="29" displayName="CID Portal - Attest Company" id="{8e2fd2fe-a5b4-4d59-a651-24a81cf732b4}" />
      </MissingDependency>
      <MissingDependency>
        <Required type="2" schemaName="cid_attestationdate" displayName="Attestation Date" parentSchemaName="account" parentDisplayName="Account" solution="Active" />
        <Dependent type="29" displayName="CID Portal - Site Re-Attestation - Modes of transportation" id="{bfaa9bdd-318d-4f7b-bfa3-4d8d08bb5bfe}" />
      </MissingDependency>
      <MissingDependency>
        <Required type="2" schemaName="cid_attestationdate" displayName="Attestation Date" parentSchemaName="account" parentDisplayName="Account" solution="Active" />
        <Dependent type="29" displayName="CID Portal - Company Re-Attestation - ERAPs" id="{ea7764b9-872b-454e-97d5-1e5e48b69f50}" />
      </MissingDependency>
      <MissingDependency>
        <Required type="2" schemaName="cid_attestationdate" displayName="Attestation Date" parentSchemaName="account" parentDisplayName="Account" solution="Active" />
        <Dependent type="29" displayName="CID Portal - Attest Site" id="{eaec9a32-702f-4e13-b358-02b06cfbb885}" />
      </MissingDependency>
      <MissingDependency>
        <Required type="2" schemaName="cid_attestationdate" displayName="Attestation Date" parentSchemaName="account" parentDisplayName="Account" solution="Active" />
        <Dependent type="29" displayName="CID Portal - Site Claim - Not My Site" id="{f37ccd28-9e54-48cb-8889-810280cb6840}" />
      </MissingDependency>
      <MissingDependency>
        <Required type="2" schemaName="cid_cidcompanystatus" displayName="CID Company Status" parentSchemaName="account" parentDisplayName="Account" solution="Active" />
        <Dependent type="29" displayName="CID Portal - Activate Company/Site" id="{8231c7b5-f207-42c3-b577-a04b19abcf63}" />
      </MissingDependency>
      <MissingDependency>
        <Required type="2" schemaName="cid_cidcompanystatus" displayName="CID Company Status" parentSchemaName="account" parentDisplayName="Account" solution="Active" />
        <Dependent type="29" displayName="CID Portal - Attest Company" id="{8e2fd2fe-a5b4-4d59-a651-24a81cf732b4}" />
      </MissingDependency>
      <MissingDependency>
        <Required type="2" schemaName="cid_cidcompanystatus" displayName="CID Company Status" parentSchemaName="account" parentDisplayName="Account" solution="Active" />
        <Dependent type="29" displayName="CID Portal - Site Re-Attestation" id="{d0d14458-6662-4924-8151-4ea975809532}" />
      </MissingDependency>
      <MissingDependency>
        <Required type="2" schemaName="cid_cidsitestatus" displayName="Site Status" parentSchemaName="account" parentDisplayName="Account" solution="Active" />
        <Dependent type="29" displayName="CID Portal - Site Re-Attestation - Classes" id="{08d626bd-7eac-493f-abdf-f5eb6a2ac49e}" />
      </MissingDependency>
      <MissingDependency>
        <Required type="2" schemaName="cid_cidsitestatus" displayName="Site Status" parentSchemaName="account" parentDisplayName="Account" solution="Active" />
        <Dependent type="29" displayName="CID Portal - Site Re-Attestation - UN Numbers" id="{62be25a8-351b-4eed-82da-a15a047afb59}" />
      </MissingDependency>
      <MissingDependency>
        <Required type="2" schemaName="cid_cidsitestatus" displayName="Site Status" parentSchemaName="account" parentDisplayName="Account" solution="Active" />
        <Dependent type="29" displayName="TO BE REVISED - CID Portal - Site Re-Attestation - Site tombstone data" id="{712cb931-8b12-44c0-8f2b-a765346f7efb}" />
      </MissingDependency>
      <MissingDependency>
        <Required type="2" schemaName="cid_cidsitestatus" displayName="Site Status" parentSchemaName="account" parentDisplayName="Account" solution="Active" />
        <Dependent type="29" displayName="CID Portal - Activate Company/Site" id="{8231c7b5-f207-42c3-b577-a04b19abcf63}" />
      </MissingDependency>
      <MissingDependency>
        <Required type="2" schemaName="cid_cidsitestatus" displayName="Site Status" parentSchemaName="account" parentDisplayName="Account" solution="Active" />
        <Dependent type="29" displayName="CID Portal - Site Re-Attestation - Modes of transportation" id="{bfaa9bdd-318d-4f7b-bfa3-4d8d08bb5bfe}" />
      </MissingDependency>
      <MissingDependency>
        <Required type="2" schemaName="cid_cidsitestatus" displayName="Site Status" parentSchemaName="account" parentDisplayName="Account" solution="Active" />
        <Dependent type="29" displayName="CID Portal - Site Re-Attestation" id="{d0d14458-6662-4924-8151-4ea975809532}" />
      </MissingDependency>
      <MissingDependency>
        <Required type="2" schemaName="cid_createdbyregistrant" displayName="Created By" parentSchemaName="account" parentDisplayName="Account" solution="Active" />
        <Dependent type="29" displayName="TO BE REVISED - CID Portal - Site Re-Attestation - Site tombstone data" id="{712cb931-8b12-44c0-8f2b-a765346f7efb}" />
      </MissingDependency>
      <MissingDependency>
        <Required type="2" schemaName="cid_handlingsitetype" displayName="Handle" parentSchemaName="account" parentDisplayName="Account" solution="Active" />
        <Dependent type="29" displayName="TO BE REVISED - CID Portal - Site Re-Attestation - Site tombstone data" id="{712cb931-8b12-44c0-8f2b-a765346f7efb}" />
      </MissingDependency>
      <MissingDependency>
        <Required type="2" schemaName="cid_importingsitetype" displayName="Import" parentSchemaName="account" parentDisplayName="Account" solution="Active" />
        <Dependent type="29" displayName="TO BE REVISED - CID Portal - Site Re-Attestation - Site tombstone data" id="{712cb931-8b12-44c0-8f2b-a765346f7efb}" />
      </MissingDependency>
      <MissingDependency>
        <Required type="2" schemaName="cid_iscompanyattested" displayName="Is Company Attested?" parentSchemaName="account" parentDisplayName="Account" solution="Active" />
        <Dependent type="29" displayName="CID Portal - Company Re-Attestation - NAICS Codes" id="{0ca318d6-11bf-49e7-bc0f-412f72bd394e}" />
      </MissingDependency>
      <MissingDependency>
        <Required type="2" schemaName="cid_iscompanyattested" displayName="Is Company Attested?" parentSchemaName="account" parentDisplayName="Account" solution="Active" />
        <Dependent type="29" displayName="CID Portal - Attest Company" id="{8e2fd2fe-a5b4-4d59-a651-24a81cf732b4}" />
      </MissingDependency>
      <MissingDependency>
        <Required type="2" schemaName="cid_iscompanyattested" displayName="Is Company Attested?" parentSchemaName="account" parentDisplayName="Account" solution="Active" />
        <Dependent type="29" displayName="CID Portal - Company Re-Attestation - ERAPs" id="{ea7764b9-872b-454e-97d5-1e5e48b69f50}" />
      </MissingDependency>
      <MissingDependency>
        <Required type="2" schemaName="cid_issiteattested" displayName="Is Site Attested?" parentSchemaName="account" parentDisplayName="Account" solution="Active" />
        <Dependent type="29" displayName="CID Portal - Site Re-Attestation - Classes" id="{08d626bd-7eac-493f-abdf-f5eb6a2ac49e}" />
      </MissingDependency>
      <MissingDependency>
        <Required type="2" schemaName="cid_issiteattested" displayName="Is Site Attested?" parentSchemaName="account" parentDisplayName="Account" solution="Active" />
        <Dependent type="29" displayName="CID Portal - Site Claim - My Site Inactive" id="{1810a236-338c-4f9b-a412-045ee3a9f651}" />
      </MissingDependency>
      <MissingDependency>
        <Required type="2" schemaName="cid_issiteattested" displayName="Is Site Attested?" parentSchemaName="account" parentDisplayName="Account" solution="Active" />
        <Dependent type="29" displayName="CID Portal - Site Claim - My Site Active" id="{21028630-9715-48d4-b000-5215e1e9d737}" />
      </MissingDependency>
      <MissingDependency>
        <Required type="2" schemaName="cid_issiteattested" displayName="Is Site Attested?" parentSchemaName="account" parentDisplayName="Account" solution="Active" />
        <Dependent type="29" displayName="CID Portal - Site Re-Attestation - UN Numbers" id="{62be25a8-351b-4eed-82da-a15a047afb59}" />
      </MissingDependency>
      <MissingDependency>
        <Required type="2" schemaName="cid_issiteattested" displayName="Is Site Attested?" parentSchemaName="account" parentDisplayName="Account" solution="Active" />
        <Dependent type="29" displayName="TO BE REVISED - CID Portal - Site Re-Attestation - Site tombstone data" id="{712cb931-8b12-44c0-8f2b-a765346f7efb}" />
      </MissingDependency>
      <MissingDependency>
        <Required type="2" schemaName="cid_issiteattested" displayName="Is Site Attested?" parentSchemaName="account" parentDisplayName="Account" solution="Active" />
        <Dependent type="29" displayName="CID Portal - Site Re-Attestation - Modes of transportation" id="{bfaa9bdd-318d-4f7b-bfa3-4d8d08bb5bfe}" />
      </MissingDependency>
      <MissingDependency>
        <Required type="2" schemaName="cid_issiteattested" displayName="Is Site Attested?" parentSchemaName="account" parentDisplayName="Account" solution="Active" />
        <Dependent type="29" displayName="CID Portal - Attest Site" id="{eaec9a32-702f-4e13-b358-02b06cfbb885}" />
      </MissingDependency>
      <MissingDependency>
        <Required type="2" schemaName="cid_issiteattested" displayName="Is Site Attested?" parentSchemaName="account" parentDisplayName="Account" solution="Active" />
        <Dependent type="29" displayName="CID Portal - Site Claim - Not My Site" id="{f37ccd28-9e54-48cb-8889-810280cb6840}" />
      </MissingDependency>
      <MissingDependency>
        <Required type="2" schemaName="cid_memoforcompanydeactivation" displayName="Memo for company deactivation" parentSchemaName="account" parentDisplayName="Account" solution="Active" />
        <Dependent type="29" displayName="CID Portal - Activate Company/Site" id="{8231c7b5-f207-42c3-b577-a04b19abcf63}" />
      </MissingDependency>
      <MissingDependency>
        <Required type="2" schemaName="cid_memoforsitedeactivation" displayName="TO BE DELETED - Memo for site deactivation" parentSchemaName="account" parentDisplayName="Account" solution="Active" />
        <Dependent type="29" displayName="CID Portal - Activate Company/Site" id="{8231c7b5-f207-42c3-b577-a04b19abcf63}" />
      </MissingDependency>
      <MissingDependency>
        <Required type="2" schemaName="cid_memositedeactivation" displayName="Memo for site deactivation" parentSchemaName="account" parentDisplayName="Account" solution="Active" />
        <Dependent type="29" displayName="CID Portal - Activate Company/Site" id="{8231c7b5-f207-42c3-b577-a04b19abcf63}" />
      </MissingDependency>
      <MissingDependency>
        <Required type="2" schemaName="cid_modifiedbyregistrant" displayName="Modified By" parentSchemaName="account" parentDisplayName="Account" solution="Active" />
        <Dependent type="29" displayName="TO BE REVISED - CID Portal - Site Re-Attestation - Site tombstone data" id="{712cb931-8b12-44c0-8f2b-a765346f7efb}" />
      </MissingDependency>
      <MissingDependency>
        <Required type="2" schemaName="cid_modifiedbyregistrant" displayName="Modified By" parentSchemaName="account" parentDisplayName="Account" solution="Active" />
        <Dependent type="29" displayName="CID Portal - Attest Company" id="{8e2fd2fe-a5b4-4d59-a651-24a81cf732b4}" />
      </MissingDependency>
      <MissingDependency>
        <Required type="2" schemaName="cid_modifiedbyregistrant" displayName="Modified By" parentSchemaName="account" parentDisplayName="Account" solution="Active" />
        <Dependent type="29" displayName="CID Portal - Site Re-Attestation" id="{d0d14458-6662-4924-8151-4ea975809532}" />
      </MissingDependency>
      <MissingDependency>
        <Required type="2" schemaName="cid_modifiedbyregistrant" displayName="Modified By" parentSchemaName="account" parentDisplayName="Account" solution="Active" />
        <Dependent type="29" displayName="CID Portal - Attest Site" id="{eaec9a32-702f-4e13-b358-02b06cfbb885}" />
      </MissingDependency>
      <MissingDependency>
        <Required type="2" schemaName="cid_offeringfortransportsitetype" displayName="Offer for Transport" parentSchemaName="account" parentDisplayName="Account" solution="Active" />
        <Dependent type="29" displayName="TO BE REVISED - CID Portal - Site Re-Attestation - Site tombstone data" id="{712cb931-8b12-44c0-8f2b-a765346f7efb}" />
      </MissingDependency>
      <MissingDependency>
        <Required type="2" schemaName="cid_reasonforcompanydeactivation" displayName="Reason for company deactivation" parentSchemaName="account" parentDisplayName="Account" solution="Active" />
        <Dependent type="29" displayName="CID Portal - Activate Company/Site" id="{8231c7b5-f207-42c3-b577-a04b19abcf63}" />
      </MissingDependency>
      <MissingDependency>
        <Required type="2" schemaName="cid_reasonforsitedeactivation" displayName="Reason for site deactivation" parentSchemaName="account" parentDisplayName="Account" solution="Active" />
        <Dependent type="29" displayName="CID Portal - Activate Company/Site" id="{8231c7b5-f207-42c3-b577-a04b19abcf63}" />
      </MissingDependency>
      <MissingDependency>
        <Required type="2" schemaName="cid_requirementlevel" displayName="Basic / Extended" parentSchemaName="account" parentDisplayName="Account" solution="Active" />
        <Dependent type="29" displayName="TO BE REVISED - CID Portal - Site Re-Attestation - Site tombstone data" id="{712cb931-8b12-44c0-8f2b-a765346f7efb}" />
      </MissingDependency>
      <MissingDependency>
        <Required type="2" schemaName="cid_siteclaim" displayName="Site Status" parentSchemaName="account" parentDisplayName="Account" solution="Active" />
        <Dependent type="29" displayName="CID Portal - Site Claim - My Site Inactive" id="{1810a236-338c-4f9b-a412-045ee3a9f651}" />
      </MissingDependency>
      <MissingDependency>
        <Required type="2" schemaName="cid_siteclaim" displayName="Site Status" parentSchemaName="account" parentDisplayName="Account" solution="Active" />
        <Dependent type="29" displayName="CID Portal - Site Claim - My Site Active" id="{21028630-9715-48d4-b000-5215e1e9d737}" />
      </MissingDependency>
      <MissingDependency>
        <Required type="2" schemaName="cid_siteclaim" displayName="Site Status" parentSchemaName="account" parentDisplayName="Account" solution="Active" />
        <Dependent type="29" displayName="CID Portal - Site Claim - Not My Site" id="{f37ccd28-9e54-48cb-8889-810280cb6840}" />
      </MissingDependency>
      <MissingDependency>
        <Required type="2" schemaName="cid_siteid" displayName="Site ID" parentSchemaName="account" parentDisplayName="Account" solution="Active" />
        <Dependent type="29" displayName="CID Portal - Attest Site" id="{eaec9a32-702f-4e13-b358-02b06cfbb885}" />
      </MissingDependency>
      <MissingDependency>
        <Required type="2" schemaName="cid_sitename" displayName="Site Name" parentSchemaName="account" parentDisplayName="Account" solution="Active" />
        <Dependent type="29" displayName="CID Portal - Attest Site" id="{eaec9a32-702f-4e13-b358-02b06cfbb885}" />
      </MissingDependency>
      <MissingDependency>
        <Required type="2" schemaName="cid_transportingsitetype" displayName="Transport" parentSchemaName="account" parentDisplayName="Account" solution="Active" />
        <Dependent type="29" displayName="TO BE REVISED - CID Portal - Site Re-Attestation - Site tombstone data" id="{712cb931-8b12-44c0-8f2b-a765346f7efb}" />
      </MissingDependency>
      <MissingDependency>
        <Required type="2" schemaName="ovs_accountnameenglish" displayName="Account Name (English)" parentSchemaName="account" parentDisplayName="Account" solution="Active" />
        <Dependent type="29" displayName="Update Site Legal and Operating Name" id="{fdb7a254-de5e-407a-8d0f-61688785c886}" />
      </MissingDependency>
      <MissingDependency>
        <Required type="2" schemaName="ovs_accountnamefrench" displayName="Account Name (French)" parentSchemaName="account" parentDisplayName="Account" solution="Active" />
        <Dependent type="29" displayName="Update Site Legal and Operating Name" id="{fdb7a254-de5e-407a-8d0f-61688785c886}" />
      </MissingDependency>
      <MissingDependency>
        <Required type="2" schemaName="ovs_calculatedlatitudelongitude" displayName="Calculated Latitude / Longitude" parentSchemaName="account" parentDisplayName="Account" solution="Active" />
        <Dependent type="29" displayName="Account - Calculate Lat/Long" id="{3018d500-4c9e-ec11-b3fe-000d3a842be7}" />
      </MissingDependency>
      <MissingDependency>
        <Required type="2" schemaName="ovs_legal_land_description" displayName="Calculated Legal Land Description" parentSchemaName="account" parentDisplayName="Account" solution="Active" />
        <Dependent type="29" displayName="Account - Calculate LLD" id="{9a344c93-7da0-ec11-b3fe-000d3a0c84c3}" />
      </MissingDependency>
      <MissingDependency>
        <Required type="2" schemaName="ovs_legalname" displayName="Legal Name" parentSchemaName="account" parentDisplayName="Account" solution="Active" />
        <Dependent type="29" displayName="Update Site Legal and Operating Name" id="{fdb7a254-de5e-407a-8d0f-61688785c886}" />
      </MissingDependency>
      <MissingDependency>
        <Required type="2" schemaName="ovs_lld_meridian" displayName="Meridian" parentSchemaName="account" parentDisplayName="Account" solution="Active" />
        <Dependent type="29" displayName="Account - Calculate LLD" id="{9a344c93-7da0-ec11-b3fe-000d3a0c84c3}" />
      </MissingDependency>
      <MissingDependency>
        <Required type="2" schemaName="ovs_lld_province" displayName="Province / Territory" parentSchemaName="account" parentDisplayName="Account" solution="Active" />
        <Dependent type="29" displayName="Account - Calculate LLD" id="{9a344c93-7da0-ec11-b3fe-000d3a0c84c3}" />
      </MissingDependency>
      <MissingDependency>
        <Required type="2" schemaName="ovs_lld_quarter" displayName="Quarter / LSD" parentSchemaName="account" parentDisplayName="Account" solution="Active" />
        <Dependent type="29" displayName="Account - Calculate LLD" id="{9a344c93-7da0-ec11-b3fe-000d3a0c84c3}" />
      </MissingDependency>
      <MissingDependency>
        <Required type="2" schemaName="ovs_lld_range" displayName="Range" parentSchemaName="account" parentDisplayName="Account" solution="Active" />
        <Dependent type="29" displayName="Account - Calculate LLD" id="{9a344c93-7da0-ec11-b3fe-000d3a0c84c3}" />
      </MissingDependency>
      <MissingDependency>
        <Required type="2" schemaName="ovs_lld_section" displayName="Section" parentSchemaName="account" parentDisplayName="Account" solution="Active" />
        <Dependent type="29" displayName="Account - Calculate LLD" id="{9a344c93-7da0-ec11-b3fe-000d3a0c84c3}" />
      </MissingDependency>
      <MissingDependency>
        <Required type="2" schemaName="ovs_lld_township" displayName="Township" parentSchemaName="account" parentDisplayName="Account" solution="Active" />
        <Dependent type="29" displayName="Account - Calculate LLD" id="{9a344c93-7da0-ec11-b3fe-000d3a0c84c3}" />
      </MissingDependency>
      <MissingDependency>
        <Required type="2" schemaName="adx_expirydate" displayName="Expiry Date" parentSchemaName="adx_invitation" parentDisplayName="Invitation" solution="MicrosoftPortalBase (9.2.2103.1)">
          <package>CDSBasePortal (9.3.2109.20)</package>
        </Required>
        <Dependent type="29" displayName="CID Portal - Invitation - Set Expiry Date on Deactivation" id="{110bea79-43da-4093-a476-e0cb46f863b7}" />
      </MissingDependency>
      <MissingDependency>
        <Required type="2" schemaName="adx_invitationcode" displayName="Invitation Code" parentSchemaName="adx_invitation" parentDisplayName="Invitation" solution="MicrosoftPortalBase (9.2.2103.1)">
          <package>CDSBasePortal (9.3.2109.20)</package>
        </Required>
        <Dependent type="29" displayName="CID Portal - Send Email Invitation for Register" id="{4e63a6c3-6329-4a86-ba15-af9675558f6d}" />
      </MissingDependency>
      <MissingDependency>
        <Required type="2" schemaName="adx_invitationid" displayName="Invitation" parentSchemaName="adx_invitation" parentDisplayName="Invitation" solution="MicrosoftPortalBase (9.2.2103.1)">
          <package>CDSBasePortal (9.3.2109.20)</package>
        </Required>
        <Dependent type="29" displayName="CID Portal - Invitation - Set Expiry Date on Deactivation" id="{110bea79-43da-4093-a476-e0cb46f863b7}" />
      </MissingDependency>
      <MissingDependency>
        <Required type="2" schemaName="adx_invitationid" displayName="Invitation" parentSchemaName="adx_invitation" parentDisplayName="Invitation" solution="MicrosoftPortalBase (9.2.2103.1)">
          <package>CDSBasePortal (9.3.2109.20)</package>
        </Required>
        <Dependent type="29" displayName="CID Portal - Send Email Invitation for Register" id="{4e63a6c3-6329-4a86-ba15-af9675558f6d}" />
      </MissingDependency>
      <MissingDependency>
        <Required type="2" schemaName="adx_invitecontact" displayName="Invite Contact" parentSchemaName="adx_invitation" parentDisplayName="Invitation" solution="MicrosoftPortalBase (9.2.2103.1)">
          <package>CDSBasePortal (9.3.2109.20)</package>
        </Required>
        <Dependent type="29" displayName="CID Portal - Send Email Invitation for Register" id="{4e63a6c3-6329-4a86-ba15-af9675558f6d}" />
      </MissingDependency>
      <MissingDependency>
        <Required type="2" schemaName="adx_name" displayName="Name" parentSchemaName="adx_invitation" parentDisplayName="Invitation" solution="MicrosoftPortalBase (9.2.2103.1)">
          <package>CDSBasePortal (9.3.2109.20)</package>
        </Required>
        <Dependent type="29" displayName="CID Portal - Invitation - Set Expiry Date on Deactivation" id="{110bea79-43da-4093-a476-e0cb46f863b7}" />
      </MissingDependency>
      <MissingDependency>
        <Required type="2" schemaName="adx_name" displayName="Name" parentSchemaName="adx_invitation" parentDisplayName="Invitation" solution="MicrosoftPortalBase (9.2.2103.1)">
          <package>CDSBasePortal (9.3.2109.20)</package>
        </Required>
        <Dependent type="29" displayName="CID Portal - Send Email Invitation for Register" id="{4e63a6c3-6329-4a86-ba15-af9675558f6d}" />
      </MissingDependency>
      <MissingDependency>
        <Required type="2" schemaName="adx_website" displayName="Website" parentSchemaName="adx_invitation" parentDisplayName="Invitation" solution="MicrosoftPortalBase (9.2.2103.1)">
          <package>CDSBasePortal (9.3.2109.20)</package>
        </Required>
        <Dependent type="29" displayName="CID Portal - Send Email Invitation for Register" id="{4e63a6c3-6329-4a86-ba15-af9675558f6d}" />
      </MissingDependency>
      <MissingDependency>
        <Required type="2" schemaName="createdby" displayName="Created By" parentSchemaName="adx_invitation" parentDisplayName="Invitation" solution="Active" />
        <Dependent type="29" displayName="CID Portal - Send Email Invitation for Register" id="{4e63a6c3-6329-4a86-ba15-af9675558f6d}" />
      </MissingDependency>
      <MissingDependency>
        <Required type="2" schemaName="statecode" displayName="Status" parentSchemaName="adx_invitation" parentDisplayName="Invitation" solution="MicrosoftPortalBase (9.2.2103.1)">
          <package>CDSBasePortal (9.3.2109.20)</package>
        </Required>
        <Dependent type="29" displayName="CID Portal - Invitation - Set Expiry Date on Deactivation" id="{110bea79-43da-4093-a476-e0cb46f863b7}" />
      </MissingDependency>
      <MissingDependency>
        <Required type="2" schemaName="adx_name" displayName="Name" parentSchemaName="adx_website" parentDisplayName="Website" solution="MicrosoftPortalDependencies (9.2.2103.0)">
          <package>CDSBasePortal (9.3.2109.20)</package>
        </Required>
        <Dependent type="29" displayName="CID Portal - Send Email Invitation for Register" id="{4e63a6c3-6329-4a86-ba15-af9675558f6d}" />
      </MissingDependency>
      <MissingDependency>
        <Required type="2" schemaName="adx_primarydomainname" displayName="Primary Domain Name" parentSchemaName="adx_website" parentDisplayName="Website" solution="MicrosoftPortalBase (9.2.2103.1)">
          <package>CDSBasePortal (9.3.2109.20)</package>
        </Required>
        <Dependent type="29" displayName="CID Portal - Send Email Invitation for Register" id="{4e63a6c3-6329-4a86-ba15-af9675558f6d}" />
      </MissingDependency>
      <MissingDependency>
        <Required type="2" schemaName="adx_websiteid" displayName="Website" parentSchemaName="adx_website" parentDisplayName="Website" solution="MicrosoftPortalDependencies (9.2.2103.0)">
          <package>CDSBasePortal (9.3.2109.20)</package>
        </Required>
        <Dependent type="29" displayName="CID Portal - Send Email Invitation for Register" id="{4e63a6c3-6329-4a86-ba15-af9675558f6d}" />
      </MissingDependency>
      <MissingDependency>
        <Required type="2" schemaName="cid_audithistorycodeid" displayName="Audit History Code" parentSchemaName="cid_audithistorycode" parentDisplayName="Audit History Code" solution="Active" />
        <Dependent type="29" displayName="CID Portal - Attest Company" id="{8e2fd2fe-a5b4-4d59-a651-24a81cf732b4}" />
      </MissingDependency>
      <MissingDependency>
        <Required type="2" schemaName="cid_audithistorycodeid" displayName="Audit History Code" parentSchemaName="cid_audithistorycode" parentDisplayName="Audit History Code" solution="Active" />
        <Dependent type="29" displayName="CID Portal - Attest Site" id="{eaec9a32-702f-4e13-b358-02b06cfbb885}" />
      </MissingDependency>
      <MissingDependency>
        <Required type="2" schemaName="cid_name" displayName="Code" parentSchemaName="cid_audithistorycode" parentDisplayName="Audit History Code" solution="Active" />
        <Dependent type="29" displayName="CID Portal - Attest Company" id="{8e2fd2fe-a5b4-4d59-a651-24a81cf732b4}" />
      </MissingDependency>
      <MissingDependency>
        <Required type="2" schemaName="cid_name" displayName="Code" parentSchemaName="cid_audithistorycode" parentDisplayName="Audit History Code" solution="Active" />
        <Dependent type="29" displayName="CID Portal - Attest Site" id="{eaec9a32-702f-4e13-b358-02b06cfbb885}" />
      </MissingDependency>
      <MissingDependency>
        <Required type="2" schemaName="cid_auditcode" displayName="Audit Code" parentSchemaName="cid_audithistorylog" parentDisplayName="History Log" solution="Active" />
        <Dependent type="29" displayName="CID Portal - Attest Company" id="{8e2fd2fe-a5b4-4d59-a651-24a81cf732b4}" />
      </MissingDependency>
      <MissingDependency>
        <Required type="2" schemaName="cid_auditcode" displayName="Audit Code" parentSchemaName="cid_audithistorylog" parentDisplayName="History Log" solution="Active" />
        <Dependent type="29" displayName="CID Portal - Attest Site" id="{eaec9a32-702f-4e13-b358-02b06cfbb885}" />
      </MissingDependency>
      <MissingDependency>
        <Required type="2" schemaName="cid_audithistorylogid" displayName="Audit History Log" parentSchemaName="cid_audithistorylog" parentDisplayName="History Log" solution="Active" />
        <Dependent type="29" displayName="CID Portal - Attest Company" id="{8e2fd2fe-a5b4-4d59-a651-24a81cf732b4}" />
      </MissingDependency>
      <MissingDependency>
        <Required type="2" schemaName="cid_audithistorylogid" displayName="Audit History Log" parentSchemaName="cid_audithistorylog" parentDisplayName="History Log" solution="Active" />
        <Dependent type="29" displayName="CID Portal - Attest Site" id="{eaec9a32-702f-4e13-b358-02b06cfbb885}" />
      </MissingDependency>
      <MissingDependency>
        <Required type="2" schemaName="cid_company" displayName="Company" parentSchemaName="cid_audithistorylog" parentDisplayName="History Log" solution="Active" />
        <Dependent type="29" displayName="CID Portal - Attest Company" id="{8e2fd2fe-a5b4-4d59-a651-24a81cf732b4}" />
      </MissingDependency>
      <MissingDependency>
        <Required type="2" schemaName="cid_company" displayName="Company" parentSchemaName="cid_audithistorylog" parentDisplayName="History Log" solution="Active" />
        <Dependent type="29" displayName="CID Portal - Attest Site" id="{eaec9a32-702f-4e13-b358-02b06cfbb885}" />
      </MissingDependency>
      <MissingDependency>
        <Required type="2" schemaName="cid_companysite" displayName="TO BE DELETED - Company / Site" parentSchemaName="cid_audithistorylog" parentDisplayName="History Log" solution="Active" />
        <Dependent type="29" displayName="CID Portal - Attest Company" id="{8e2fd2fe-a5b4-4d59-a651-24a81cf732b4}" />
      </MissingDependency>
      <MissingDependency>
        <Required type="2" schemaName="cid_createdbyregistrant" displayName="Created By" parentSchemaName="cid_audithistorylog" parentDisplayName="History Log" solution="Active" />
        <Dependent type="29" displayName="CID Portal - Attest Company" id="{8e2fd2fe-a5b4-4d59-a651-24a81cf732b4}" />
      </MissingDependency>
      <MissingDependency>
        <Required type="2" schemaName="cid_createdbyregistrant" displayName="Created By" parentSchemaName="cid_audithistorylog" parentDisplayName="History Log" solution="Active" />
        <Dependent type="29" displayName="CID Portal - Attest Site" id="{eaec9a32-702f-4e13-b358-02b06cfbb885}" />
      </MissingDependency>
      <MissingDependency>
        <Required type="2" schemaName="cid_externallyvisible" displayName="Externally Visible" parentSchemaName="cid_audithistorylog" parentDisplayName="History Log" solution="Active" />
        <Dependent type="29" displayName="CID Portal - Attest Company" id="{8e2fd2fe-a5b4-4d59-a651-24a81cf732b4}" />
      </MissingDependency>
      <MissingDependency>
        <Required type="2" schemaName="cid_memoen" displayName="Memo EN" parentSchemaName="cid_audithistorylog" parentDisplayName="History Log" solution="Active" />
        <Dependent type="29" displayName="CID Portal - Attest Site" id="{eaec9a32-702f-4e13-b358-02b06cfbb885}" />
      </MissingDependency>
      <MissingDependency>
        <Required type="2" schemaName="cid_memofr" displayName="Memo FR" parentSchemaName="cid_audithistorylog" parentDisplayName="History Log" solution="Active" />
        <Dependent type="29" displayName="CID Portal - Attest Site" id="{eaec9a32-702f-4e13-b358-02b06cfbb885}" />
      </MissingDependency>
      <MissingDependency>
        <Required type="2" schemaName="cid_name" displayName="TO BE DELETED - Name" parentSchemaName="cid_audithistorylog" parentDisplayName="History Log" solution="Active" />
        <Dependent type="29" displayName="CID Portal - Attest Company" id="{8e2fd2fe-a5b4-4d59-a651-24a81cf732b4}" />
      </MissingDependency>
      <MissingDependency>
        <Required type="2" schemaName="cid_name" displayName="TO BE DELETED - Name" parentSchemaName="cid_audithistorylog" parentDisplayName="History Log" solution="Active" />
        <Dependent type="29" displayName="CID Portal - Attest Site" id="{eaec9a32-702f-4e13-b358-02b06cfbb885}" />
      </MissingDependency>
      <MissingDependency>
        <Required type="2" schemaName="cid_site" displayName="Site" parentSchemaName="cid_audithistorylog" parentDisplayName="History Log" solution="Active" />
        <Dependent type="29" displayName="CID Portal - Attest Site" id="{eaec9a32-702f-4e13-b358-02b06cfbb885}" />
      </MissingDependency>
      <MissingDependency>
        <Required type="2" schemaName="cid_company" displayName="Company" parentSchemaName="cid_companyerap" parentDisplayName="Company ERAP" solution="Active" />
        <Dependent type="29" displayName="CID Portal - Company Re-Attestation - ERAPs" id="{ea7764b9-872b-454e-97d5-1e5e48b69f50}" />
      </MissingDependency>
      <MissingDependency>
        <Required type="2" schemaName="cid_companyerapid" displayName="Company ERAP" parentSchemaName="cid_companyerap" parentDisplayName="Company ERAP" solution="Active" />
        <Dependent type="29" displayName="CID Portal - Company Re-Attestation - ERAPs" id="{ea7764b9-872b-454e-97d5-1e5e48b69f50}" />
      </MissingDependency>
      <MissingDependency>
        <Required type="2" schemaName="cid_createdbyregistrant" displayName="Created By" parentSchemaName="cid_companyerap" parentDisplayName="Company ERAP" solution="Active" />
        <Dependent type="29" displayName="CID Portal - Company Re-Attestation - ERAPs" id="{ea7764b9-872b-454e-97d5-1e5e48b69f50}" />
      </MissingDependency>
      <MissingDependency>
        <Required type="2" schemaName="cid_erapid" displayName="ERAP ID" parentSchemaName="cid_companyerap" parentDisplayName="Company ERAP" solution="Active" />
        <Dependent type="29" displayName="CID Portal - Company Re-Attestation - ERAPs" id="{ea7764b9-872b-454e-97d5-1e5e48b69f50}" />
      </MissingDependency>
      <MissingDependency>
        <Required type="2" schemaName="cid_modifiedbyregistrant" displayName="Modified By" parentSchemaName="cid_companyerap" parentDisplayName="Company ERAP" solution="Active" />
        <Dependent type="29" displayName="CID Portal - Company Re-Attestation - ERAPs" id="{ea7764b9-872b-454e-97d5-1e5e48b69f50}" />
      </MissingDependency>
      <MissingDependency>
        <Required type="2" schemaName="cid_company" displayName="Company" parentSchemaName="cid_companynaicscode" parentDisplayName="Company NAICS Code" solution="Active" />
        <Dependent type="29" displayName="CID Portal - Company Re-Attestation - NAICS Codes" id="{0ca318d6-11bf-49e7-bc0f-412f72bd394e}" />
      </MissingDependency>
      <MissingDependency>
        <Required type="2" schemaName="cid_companynaicscodeid" displayName="Company NAICS Code" parentSchemaName="cid_companynaicscode" parentDisplayName="Company NAICS Code" solution="Active" />
        <Dependent type="29" displayName="CID Portal - Company Re-Attestation - NAICS Codes" id="{0ca318d6-11bf-49e7-bc0f-412f72bd394e}" />
      </MissingDependency>
      <MissingDependency>
        <Required type="2" schemaName="cid_createdbyregistrant" displayName="Created By" parentSchemaName="cid_companynaicscode" parentDisplayName="Company NAICS Code" solution="Active" />
        <Dependent type="29" displayName="CID Portal - Company Re-Attestation - NAICS Codes" id="{0ca318d6-11bf-49e7-bc0f-412f72bd394e}" />
      </MissingDependency>
      <MissingDependency>
        <Required type="2" schemaName="cid_modifiedbyregistrant" displayName="Modified By" parentSchemaName="cid_companynaicscode" parentDisplayName="Company NAICS Code" solution="Active" />
        <Dependent type="29" displayName="CID Portal - Company Re-Attestation - NAICS Codes" id="{0ca318d6-11bf-49e7-bc0f-412f72bd394e}" />
      </MissingDependency>
      <MissingDependency>
        <Required type="2" schemaName="cid_name" displayName="Name" parentSchemaName="cid_companynaicscode" parentDisplayName="Company NAICS Code" solution="Active" />
        <Dependent type="29" displayName="CID Portal - Company Re-Attestation - NAICS Codes" id="{0ca318d6-11bf-49e7-bc0f-412f72bd394e}" />
      </MissingDependency>
      <MissingDependency>
        <Required type="2" schemaName="cid_company" displayName="Company" parentSchemaName="cid_modeoftransportation" parentDisplayName="Mode of Transportation (CID)" solution="Active" />
        <Dependent type="29" displayName="Mode of Transportation" id="{77cbb758-143d-42fb-894e-5bcb5a67de7d}" />
      </MissingDependency>
      <MissingDependency>
        <Required type="2" schemaName="cid_mode" displayName="Mode" parentSchemaName="cid_modeoftransportation" parentDisplayName="Mode of Transportation (CID)" solution="Active" />
        <Dependent type="29" displayName="Mode of Transportation" id="{77cbb758-143d-42fb-894e-5bcb5a67de7d}" />
      </MissingDependency>
      <MissingDependency>
        <Required type="2" schemaName="cid_modeoftransportationid" displayName="Mode of Transportation (CID)" parentSchemaName="cid_modeoftransportation" parentDisplayName="Mode of Transportation (CID)" solution="Active" />
        <Dependent type="29" displayName="Mode of Transportation" id="{77cbb758-143d-42fb-894e-5bcb5a67de7d}" />
      </MissingDependency>
      <MissingDependency>
        <Required type="2" schemaName="cid_name" displayName="Name" parentSchemaName="cid_modeoftransportation" parentDisplayName="Mode of Transportation (CID)" solution="Active" />
        <Dependent type="29" displayName="Mode of Transportation" id="{77cbb758-143d-42fb-894e-5bcb5a67de7d}" />
      </MissingDependency>
      <MissingDependency>
        <Required type="2" schemaName="cid_site" displayName="Site" parentSchemaName="cid_modeoftransportation" parentDisplayName="Mode of Transportation (CID)" solution="Active" />
        <Dependent type="29" displayName="Mode of Transportation" id="{77cbb758-143d-42fb-894e-5bcb5a67de7d}" />
      </MissingDependency>
      <MissingDependency>
        <Required type="2" schemaName="cid_contacttype" displayName="Contact Type" parentSchemaName="contact" parentDisplayName="Contact" solution="Active" />
        <Dependent type="29" displayName="Set company primary contact" id="{744d873c-de3f-4845-b1b6-9d01f51241d0}" />
      </MissingDependency>
      <MissingDependency>
        <Required type="2" schemaName="cid_createdbyregistrant" displayName="Created By" parentSchemaName="ovs_mocregistration" parentDisplayName="Operation" solution="Active" />
        <Dependent type="29" displayName="CID Portal - Site Re-Attestation - Modes of transportation" id="{bfaa9bdd-318d-4f7b-bfa3-4d8d08bb5bfe}" />
      </MissingDependency>
      <MissingDependency>
        <Required type="2" schemaName="cid_modifiedbyregistrant" displayName="Modified By" parentSchemaName="ovs_mocregistration" parentDisplayName="Operation" solution="Active" />
        <Dependent type="29" displayName="CID Portal - Site Re-Attestation - Modes of transportation" id="{bfaa9bdd-318d-4f7b-bfa3-4d8d08bb5bfe}" />
      </MissingDependency>
      <MissingDependency>
        <Required type="2" schemaName="ovs_mocregistrationid" displayName="Operation Id" parentSchemaName="ovs_mocregistration" parentDisplayName="Operation" solution="Active" />
        <Dependent type="29" displayName="CID Portal - Site Re-Attestation - Modes of transportation" id="{bfaa9bdd-318d-4f7b-bfa3-4d8d08bb5bfe}" />
      </MissingDependency>
      <MissingDependency>
        <Required type="2" schemaName="ovs_mocregistrationid" displayName="Operation Id" parentSchemaName="ovs_mocregistration" parentDisplayName="Operation" solution="Active" />
        <Dependent type="29" displayName="Populate Site in operation UN number" id="{ccb176f4-79bf-483c-b4d5-8c1301852138}" />
      </MissingDependency>
      <MissingDependency>
        <Required type="2" schemaName="ovs_mocregistrationid" displayName="Operation Id" parentSchemaName="ovs_mocregistration" parentDisplayName="Operation" solution="Active" />
        <Dependent type="29" displayName="Populate Site in operation class" id="{f82f3099-61c7-4248-b7a0-a7994b432061}" />
      </MissingDependency>
      <MissingDependency>
        <Required type="2" schemaName="ovs_name" displayName="Operation ID" parentSchemaName="ovs_mocregistration" parentDisplayName="Operation" solution="Active" />
        <Dependent type="29" displayName="CID Portal - Site Re-Attestation - Modes of transportation" id="{bfaa9bdd-318d-4f7b-bfa3-4d8d08bb5bfe}" />
      </MissingDependency>
      <MissingDependency>
        <Required type="2" schemaName="ovs_name" displayName="Operation ID" parentSchemaName="ovs_mocregistration" parentDisplayName="Operation" solution="Active" />
        <Dependent type="29" displayName="Populate Site in operation UN number" id="{ccb176f4-79bf-483c-b4d5-8c1301852138}" />
      </MissingDependency>
      <MissingDependency>
        <Required type="2" schemaName="ovs_name" displayName="Operation ID" parentSchemaName="ovs_mocregistration" parentDisplayName="Operation" solution="Active" />
        <Dependent type="29" displayName="Populate Site in operation class" id="{f82f3099-61c7-4248-b7a0-a7994b432061}" />
      </MissingDependency>
      <MissingDependency>
        <Required type="2" schemaName="ovs_siteid" displayName="Site" parentSchemaName="ovs_mocregistration" parentDisplayName="Operation" solution="Active" />
        <Dependent type="29" displayName="CID Portal - Site Re-Attestation - Modes of transportation" id="{bfaa9bdd-318d-4f7b-bfa3-4d8d08bb5bfe}" />
      </MissingDependency>
      <MissingDependency>
        <Required type="2" schemaName="ovs_siteid" displayName="Site" parentSchemaName="ovs_mocregistration" parentDisplayName="Operation" solution="Active" />
        <Dependent type="29" displayName="Populate Site in operation UN number" id="{ccb176f4-79bf-483c-b4d5-8c1301852138}" />
      </MissingDependency>
      <MissingDependency>
        <Required type="2" schemaName="ovs_siteid" displayName="Site" parentSchemaName="ovs_mocregistration" parentDisplayName="Operation" solution="Active" />
        <Dependent type="29" displayName="Populate Site in operation class" id="{f82f3099-61c7-4248-b7a0-a7994b432061}" />
      </MissingDependency>
      <MissingDependency>
        <Required type="2" schemaName="ovs_modesid" displayName="Modes" parentSchemaName="ovs_modes" parentDisplayName="Modes" solution="Active" />
        <Dependent type="29" displayName="Mode of Transportation" id="{77cbb758-143d-42fb-894e-5bcb5a67de7d}" />
      </MissingDependency>
      <MissingDependency>
        <Required type="2" schemaName="ovs_name" displayName="Name" parentSchemaName="ovs_modes" parentDisplayName="Modes" solution="Active" />
        <Dependent type="29" displayName="Mode of Transportation" id="{77cbb758-143d-42fb-894e-5bcb5a67de7d}" />
      </MissingDependency>
      <MissingDependency>
        <Required type="2" schemaName="cid_createdbyregistrant" displayName="Created By" parentSchemaName="ovs_operationclass" parentDisplayName="Operation Class" solution="Active" />
        <Dependent type="29" displayName="CID Portal - Site Re-Attestation - Classes" id="{08d626bd-7eac-493f-abdf-f5eb6a2ac49e}" />
      </MissingDependency>
      <MissingDependency>
        <Required type="2" schemaName="cid_modifiedbyregistrant" displayName="Modified By" parentSchemaName="ovs_operationclass" parentDisplayName="Operation Class" solution="Active" />
        <Dependent type="29" displayName="CID Portal - Site Re-Attestation - Classes" id="{08d626bd-7eac-493f-abdf-f5eb6a2ac49e}" />
      </MissingDependency>
      <MissingDependency>
        <Required type="2" schemaName="cid_site" displayName="Site" parentSchemaName="ovs_operationclass" parentDisplayName="Operation Class" solution="Active" />
        <Dependent type="29" displayName="CID Portal - Site Re-Attestation - Classes" id="{08d626bd-7eac-493f-abdf-f5eb6a2ac49e}" />
      </MissingDependency>
      <MissingDependency>
        <Required type="2" schemaName="cid_site" displayName="Site" parentSchemaName="ovs_operationclass" parentDisplayName="Operation Class" solution="Active" />
        <Dependent type="29" displayName="Populate Site in operation class" id="{f82f3099-61c7-4248-b7a0-a7994b432061}" />
      </MissingDependency>
      <MissingDependency>
        <Required type="2" schemaName="ovs_name" displayName="Name" parentSchemaName="ovs_operationclass" parentDisplayName="Operation Class" solution="Active" />
        <Dependent type="29" displayName="CID Portal - Site Re-Attestation - Classes" id="{08d626bd-7eac-493f-abdf-f5eb6a2ac49e}" />
      </MissingDependency>
      <MissingDependency>
        <Required type="2" schemaName="ovs_name" displayName="Name" parentSchemaName="ovs_operationclass" parentDisplayName="Operation Class" solution="Active" />
        <Dependent type="29" displayName="Populate Site in operation class" id="{f82f3099-61c7-4248-b7a0-a7994b432061}" />
      </MissingDependency>
      <MissingDependency>
        <Required type="2" schemaName="ovs_operationclass" displayName="Operation Class" parentSchemaName="ovs_operationclass" parentDisplayName="Operation Class" solution="Active" />
        <Dependent type="29" displayName="Populate Site in operation class" id="{f82f3099-61c7-4248-b7a0-a7994b432061}" />
      </MissingDependency>
      <MissingDependency>
        <Required type="2" schemaName="ovs_operationclassid" displayName="Operation Class" parentSchemaName="ovs_operationclass" parentDisplayName="Operation Class" solution="Active" />
        <Dependent type="29" displayName="CID Portal - Site Re-Attestation - Classes" id="{08d626bd-7eac-493f-abdf-f5eb6a2ac49e}" />
      </MissingDependency>
      <MissingDependency>
        <Required type="2" schemaName="ovs_operationclassid" displayName="Operation Class" parentSchemaName="ovs_operationclass" parentDisplayName="Operation Class" solution="Active" />
        <Dependent type="29" displayName="Populate Site in operation class" id="{f82f3099-61c7-4248-b7a0-a7994b432061}" />
      </MissingDependency>
      <MissingDependency>
        <Required type="2" schemaName="cid_createdbyregistrant" displayName="Created By" parentSchemaName="ovs_operationunnumber" parentDisplayName="Operation UN Number" solution="Active" />
        <Dependent type="29" displayName="CID Portal - Site Re-Attestation - UN Numbers" id="{62be25a8-351b-4eed-82da-a15a047afb59}" />
      </MissingDependency>
      <MissingDependency>
        <Required type="2" schemaName="cid_modifiedbyregistrant" displayName="Modified By" parentSchemaName="ovs_operationunnumber" parentDisplayName="Operation UN Number" solution="Active" />
        <Dependent type="29" displayName="CID Portal - Site Re-Attestation - UN Numbers" id="{62be25a8-351b-4eed-82da-a15a047afb59}" />
      </MissingDependency>
      <MissingDependency>
        <Required type="2" schemaName="cid_site" displayName="Site" parentSchemaName="ovs_operationunnumber" parentDisplayName="Operation UN Number" solution="Active" />
        <Dependent type="29" displayName="CID Portal - Site Re-Attestation - UN Numbers" id="{62be25a8-351b-4eed-82da-a15a047afb59}" />
      </MissingDependency>
      <MissingDependency>
        <Required type="2" schemaName="cid_site" displayName="Site" parentSchemaName="ovs_operationunnumber" parentDisplayName="Operation UN Number" solution="Active" />
        <Dependent type="29" displayName="Populate Site in operation UN number" id="{ccb176f4-79bf-483c-b4d5-8c1301852138}" />
      </MissingDependency>
      <MissingDependency>
        <Required type="2" schemaName="ovs_name" displayName="Name" parentSchemaName="ovs_operationunnumber" parentDisplayName="Operation UN Number" solution="Active" />
        <Dependent type="29" displayName="CID Portal - Site Re-Attestation - UN Numbers" id="{62be25a8-351b-4eed-82da-a15a047afb59}" />
      </MissingDependency>
      <MissingDependency>
        <Required type="2" schemaName="ovs_name" displayName="Name" parentSchemaName="ovs_operationunnumber" parentDisplayName="Operation UN Number" solution="Active" />
        <Dependent type="29" displayName="Populate Site in operation UN number" id="{ccb176f4-79bf-483c-b4d5-8c1301852138}" />
      </MissingDependency>
      <MissingDependency>
        <Required type="2" schemaName="ovs_operationunnumber" displayName="Operation UN Number" parentSchemaName="ovs_operationunnumber" parentDisplayName="Operation UN Number" solution="Active" />
        <Dependent type="29" displayName="Populate Site in operation UN number" id="{ccb176f4-79bf-483c-b4d5-8c1301852138}" />
      </MissingDependency>
      <MissingDependency>
        <Required type="2" schemaName="ovs_operationunnumberid" displayName="Operation UN Number" parentSchemaName="ovs_operationunnumber" parentDisplayName="Operation UN Number" solution="Active" />
        <Dependent type="29" displayName="CID Portal - Site Re-Attestation - UN Numbers" id="{62be25a8-351b-4eed-82da-a15a047afb59}" />
      </MissingDependency>
      <MissingDependency>
        <Required type="2" schemaName="ovs_operationunnumberid" displayName="Operation UN Number" parentSchemaName="ovs_operationunnumber" parentDisplayName="Operation UN Number" solution="Active" />
        <Dependent type="29" displayName="Populate Site in operation UN number" id="{ccb176f4-79bf-483c-b4d5-8c1301852138}" />
      </MissingDependency>
      <MissingDependency>
        <Required type="90" schemaName="Adxstudio.Xrm.Workflow.Invitation.EncodeInvitationCode, Adxstudio.Xrm.Workflow.Invitation, Version=1.1.7.1, Culture=neutral, PublicKeyToken=3f8f3abf0a9e40bb" displayName="Encode Invitation Code" solution="MicrosoftPortalBase (9.2.2103.1)" id="{a56314a2-d9ad-e911-8199-000d3af912f9}">
          <package>CDSBasePortal (9.3.2109.20)</package>
        </Required>
        <Dependent type="29" displayName="CID Portal - Send Email Invitation for Register" id="{4e63a6c3-6329-4a86-ba15-af9675558f6d}" />
      </MissingDependency>
      <MissingDependency>
        <Required type="90" schemaName="Adxstudio.Xrm.Workflow.Invitation.SendInvitation, Adxstudio.Xrm.Workflow.Invitation, Version=1.1.7.1, Culture=neutral, PublicKeyToken=3f8f3abf0a9e40bb" displayName="Send Invitation" solution="MicrosoftPortalBase (9.2.2103.1)" id="{a66314a2-d9ad-e911-8199-000d3af912f9}">
          <package>CDSBasePortal (9.3.2109.20)</package>
        </Required>
        <Dependent type="29" displayName="CID Portal - Send Email Invitation for Register" id="{4e63a6c3-6329-4a86-ba15-af9675558f6d}" />
      </MissingDependency>
    </MissingDependencies>
  </SolutionManifest>
</ImportExportXml>