<ImportExportXml version="9.2.21023.123" SolutionPackageVersion="9.2" languagecode="1033" generatedBy="CrmLive" xmlns:xsi="http://www.w3.org/2001/XMLSchema-instance">
  <SolutionManifest>
    <UniqueName>TC_GlobalCore_Patch_c3d01101</UniqueName>
    <LocalizedNames>
      <LocalizedName description="TC.GlobalCore" languagecode="1033" />
      <LocalizedName description="TC.GlobalCore" languagecode="1036" />
    </LocalizedNames>
    <Descriptions>
      <Description description="Patch for TC.GlobalCore" languagecode="1033" />
      <Description description="Patch for TC.GlobalCore" languagecode="1036" />
    </Descriptions>
    <ParentUniqueName>TC_GlobalCore</ParentUniqueName>
    <Version>4.7.0.7</Version>
    <Managed>0</Managed>
    <Publisher>
      <UniqueName>oversightpublisher</UniqueName>
      <LocalizedNames>
        <LocalizedName description="Oversight" languagecode="1033" />
        <LocalizedName description="Surveillance" languagecode="1036" />
      </LocalizedNames>
      <Descriptions>
        <Description description="This is the common solution for AvSec Inspection and TDG Inspection." languagecode="1033" />
        <Description description="Il s’agit de la solution courante pour l’inspection de la sûreté de l’aviation et l’inspection du TMD." languagecode="1036" />
      </Descriptions>
      <EMailAddress xsi:nil="true"></EMailAddress>
      <SupportingWebsiteUrl xsi:nil="true"></SupportingWebsiteUrl>
      <CustomizationPrefix>ovs</CustomizationPrefix>
      <CustomizationOptionValuePrefix>91864</CustomizationOptionValuePrefix>
      <Addresses>
        <Address>
          <AddressNumber>1</AddressNumber>
          <AddressTypeCode>1</AddressTypeCode>
          <City xsi:nil="true"></City>
          <County xsi:nil="true"></County>
          <Country xsi:nil="true"></Country>
          <Fax xsi:nil="true"></Fax>
          <FreightTermsCode xsi:nil="true"></FreightTermsCode>
          <ImportSequenceNumber xsi:nil="true"></ImportSequenceNumber>
          <Latitude xsi:nil="true"></Latitude>
          <Line1 xsi:nil="true"></Line1>
          <Line2 xsi:nil="true"></Line2>
          <Line3 xsi:nil="true"></Line3>
          <Longitude xsi:nil="true"></Longitude>
          <Name xsi:nil="true"></Name>
          <PostalCode xsi:nil="true"></PostalCode>
          <PostOfficeBox xsi:nil="true"></PostOfficeBox>
          <PrimaryContactName xsi:nil="true"></PrimaryContactName>
          <ShippingMethodCode>1</ShippingMethodCode>
          <StateOrProvince xsi:nil="true"></StateOrProvince>
          <Telephone1 xsi:nil="true"></Telephone1>
          <Telephone2 xsi:nil="true"></Telephone2>
          <Telephone3 xsi:nil="true"></Telephone3>
          <TimeZoneRuleVersionNumber xsi:nil="true"></TimeZoneRuleVersionNumber>
          <UPSZone xsi:nil="true"></UPSZone>
          <UTCOffset xsi:nil="true"></UTCOffset>
          <UTCConversionTimeZoneCode xsi:nil="true"></UTCConversionTimeZoneCode>
        </Address>
        <Address>
          <AddressNumber>2</AddressNumber>
          <AddressTypeCode>1</AddressTypeCode>
          <City xsi:nil="true"></City>
          <County xsi:nil="true"></County>
          <Country xsi:nil="true"></Country>
          <Fax xsi:nil="true"></Fax>
          <FreightTermsCode xsi:nil="true"></FreightTermsCode>
          <ImportSequenceNumber xsi:nil="true"></ImportSequenceNumber>
          <Latitude xsi:nil="true"></Latitude>
          <Line1 xsi:nil="true"></Line1>
          <Line2 xsi:nil="true"></Line2>
          <Line3 xsi:nil="true"></Line3>
          <Longitude xsi:nil="true"></Longitude>
          <Name xsi:nil="true"></Name>
          <PostalCode xsi:nil="true"></PostalCode>
          <PostOfficeBox xsi:nil="true"></PostOfficeBox>
          <PrimaryContactName xsi:nil="true"></PrimaryContactName>
          <ShippingMethodCode>1</ShippingMethodCode>
          <StateOrProvince xsi:nil="true"></StateOrProvince>
          <Telephone1 xsi:nil="true"></Telephone1>
          <Telephone2 xsi:nil="true"></Telephone2>
          <Telephone3 xsi:nil="true"></Telephone3>
          <TimeZoneRuleVersionNumber xsi:nil="true"></TimeZoneRuleVersionNumber>
          <UPSZone xsi:nil="true"></UPSZone>
          <UTCOffset xsi:nil="true"></UTCOffset>
          <UTCConversionTimeZoneCode xsi:nil="true"></UTCConversionTimeZoneCode>
        </Address>
      </Addresses>
    </Publisher>
    <RootComponents>
      <RootComponent type="1" schemaName="ovs_operationtype" behavior="2" />
      <RootComponent type="61" schemaName="qm_app.css" behavior="0" />
      <RootComponent type="61" schemaName="qm_app.js" behavior="0" />
      <RootComponent type="61" schemaName="qm_builder.html" behavior="0" />
      <RootComponent type="61" schemaName="qm_chunk-vendors.css" behavior="0" />
      <RootComponent type="61" schemaName="qm_chunk-vendors.js" behavior="0" />
      <RootComponent type="61" schemaName="qm_favicon.ico" behavior="0" />
      <RootComponent type="61" schemaName="qm_render.html" behavior="0" />
      <RootComponent type="62" schemaName="ovs_ROM" behavior="0" />
    </RootComponents>
    <MissingDependencies>
      <MissingDependency>
        <Required key="0" type="1" schemaName="msdyn_workorder" displayName="Work Order" solution="FieldService (8.8.0.88)" />
        <Dependent key="1" type="62" schemaName="ovs_ROM" />
      </MissingDependency>
      <MissingDependency>
        <Required key="2" type="1" schemaName="territory" displayName="Region" solution="msdynce_AppCommon (9.0.4.0066)" />
        <Dependent key="1" type="62" schemaName="ovs_ROM" />
      </MissingDependency>
      <MissingDependency>
        <Required key="3" type="1" schemaName="qm_tylegislationsource" displayName="Legislation Source" solution="Active" />
        <Dependent key="1" type="62" schemaName="ovs_ROM" />
      </MissingDependency>
      <MissingDependency>
        <Required key="4" type="1" schemaName="ovs_questionnaire" displayName="Questionnaire" solution="Active" />
        <Dependent key="1" type="62" schemaName="ovs_ROM" />
      </MissingDependency>
      <MissingDependency>
        <Required key="5" type="1" schemaName="incident" displayName="Case" solution="msdynce_Service (9.0.5.56)" />
        <Dependent key="1" type="62" schemaName="ovs_ROM" />
      </MissingDependency>
      <MissingDependency>
        <Required key="6" type="1" schemaName="qm_rclegislation" displayName="Legislation" solution="Active" />
        <Dependent key="1" type="62" schemaName="ovs_ROM" />
      </MissingDependency>
      <MissingDependency>
        <Required key="7" type="1" schemaName="msdyn_incidenttype" displayName="Incident Type" solution="FieldService (8.8.0.88)" />
        <Dependent key="1" type="62" schemaName="ovs_ROM" />
      </MissingDependency>
      <MissingDependency>
        <Required key="8" type="1" schemaName="msdyn_servicetasktype" displayName="Service Task Type" solution="FieldService (8.8.0.88)" />
        <Dependent key="1" type="62" schemaName="ovs_ROM" />
      </MissingDependency>
      <MissingDependency>
        <Required key="9" type="1" schemaName="msdyn_workordertype" displayName="Work Order Type" solution="FieldService (8.8.0.88)" />
        <Dependent key="1" type="62" schemaName="ovs_ROM" />
      </MissingDependency>
      <MissingDependency>
        <Required key="10" type="1" schemaName="ovs_tyrational" displayName="Rationale" solution="Active" />
        <Dependent key="1" type="62" schemaName="ovs_ROM" />
      </MissingDependency>
      <MissingDependency>
        <Required key="11" type="1" schemaName="ovs_operationtype" displayName="Operation Type" solution="Active" />
        <Dependent key="11" type="1" schemaName="ovs_operationtype" displayName="Operation Type" />
      </MissingDependency>
      <MissingDependency>
        <Required key="12" type="2" schemaName="ovs_name" displayName="Name" parentSchemaName="ovs_operationtype" parentDisplayName="Operation Type" solution="Active" />
        <Dependent key="13" type="26" schemaName="Types d'opération actifs" displayName="Types d'opération actifs" parentSchemaName="ovs_operationtype" parentDisplayName="Operation Type" id="{197a1f2c-de05-4771-a10e-12478a08c99e}" />
      </MissingDependency>
      <MissingDependency>
        <Required key="14" type="2" schemaName="createdon" displayName="Created On" parentSchemaName="ovs_operationtype" parentDisplayName="Operation Type" solution="Active" />
        <Dependent key="13" type="26" schemaName="Types d'opération actifs" displayName="Types d'opération actifs" parentSchemaName="ovs_operationtype" parentDisplayName="Operation Type" id="{197a1f2c-de05-4771-a10e-12478a08c99e}" />
      </MissingDependency>
      <MissingDependency>
        <Required key="15" type="2" schemaName="ovs_operationtypeid" displayName="Operation Type" parentSchemaName="ovs_operationtype" parentDisplayName="Operation Type" solution="Active" />
        <Dependent key="13" type="26" schemaName="Types d'opération actifs" displayName="Types d'opération actifs" parentSchemaName="ovs_operationtype" parentDisplayName="Operation Type" id="{197a1f2c-de05-4771-a10e-12478a08c99e}" />
      </MissingDependency>
      <MissingDependency>
        <Required key="16" type="2" schemaName="ovs_operationtypenameenglish" displayName="Operation Type Name (English)" parentSchemaName="ovs_operationtype" parentDisplayName="Operation Type" solution="Active" />
        <Dependent key="13" type="26" schemaName="Types d'opération actifs" displayName="Types d'opération actifs" parentSchemaName="ovs_operationtype" parentDisplayName="Operation Type" id="{197a1f2c-de05-4771-a10e-12478a08c99e}" />
      </MissingDependency>
      <MissingDependency>
        <Required key="17" type="2" schemaName="ovs_operationtypenamefrench" displayName="Operation Type Name (French)" parentSchemaName="ovs_operationtype" parentDisplayName="Operation Type" solution="Active" />
        <Dependent key="13" type="26" schemaName="Types d'opération actifs" displayName="Types d'opération actifs" parentSchemaName="ovs_operationtype" parentDisplayName="Operation Type" id="{197a1f2c-de05-4771-a10e-12478a08c99e}" />
      </MissingDependency>
      <MissingDependency>
        <Required key="18" type="2" schemaName="statecode" displayName="Status" parentSchemaName="ovs_operationtype" parentDisplayName="Operation Type" solution="Active" />
        <Dependent key="13" type="26" schemaName="Types d'opération actifs" displayName="Types d'opération actifs" parentSchemaName="ovs_operationtype" parentDisplayName="Operation Type" id="{197a1f2c-de05-4771-a10e-12478a08c99e}" />
      </MissingDependency>
    </MissingDependencies>
  </SolutionManifest>
</ImportExportXml>