<ImportExportXml version="9.2.22043.137" SolutionPackageVersion="9.2" languagecode="1033" generatedBy="CrmLive" xmlns:xsi="http://www.w3.org/2001/XMLSchema-instance">
  <SolutionManifest>
    <UniqueName>TC_GlobalCore_Patch_04bf8807</UniqueName>
    <LocalizedNames>
      <LocalizedName description="TDG Core Schema" languagecode="1033" />
    </LocalizedNames>
    <Descriptions>
      <Description description="Patch for TDG Core Schema" languagecode="1033" />
    </Descriptions>
    <ParentUniqueName>TC_GlobalCore</ParentUniqueName>
    <Version>1.131.11.0</Version>
    <Managed>0</Managed>
    <Publisher>
      <UniqueName>oversightpublisher</UniqueName>
      <LocalizedNames>
        <LocalizedName description="Oversight" languagecode="1033" />
      </LocalizedNames>
      <Descriptions>
        <Description description="This is the common solution for AvSec Inspection and TDG Inspection." languagecode="1033" />
      </Descriptions>
      <EMailAddress xsi:nil="true"></EMailAddress>
      <SupportingWebsiteUrl xsi:nil="true"></SupportingWebsiteUrl>
      <CustomizationPrefix>ovs</CustomizationPrefix>
      <CustomizationOptionValuePrefix>91864</CustomizationOptionValuePrefix>
      <Addresses>
        <Address>
          <AddressNumber>1</AddressNumber>
          <AddressTypeCode>1</AddressTypeCode>
          <City xsi:nil="true"></City>
          <County xsi:nil="true"></County>
          <Country xsi:nil="true"></Country>
          <Fax xsi:nil="true"></Fax>
          <FreightTermsCode xsi:nil="true"></FreightTermsCode>
          <ImportSequenceNumber xsi:nil="true"></ImportSequenceNumber>
          <Latitude xsi:nil="true"></Latitude>
          <Line1 xsi:nil="true"></Line1>
          <Line2 xsi:nil="true"></Line2>
          <Line3 xsi:nil="true"></Line3>
          <Longitude xsi:nil="true"></Longitude>
          <Name xsi:nil="true"></Name>
          <PostalCode xsi:nil="true"></PostalCode>
          <PostOfficeBox xsi:nil="true"></PostOfficeBox>
          <PrimaryContactName xsi:nil="true"></PrimaryContactName>
          <ShippingMethodCode>1</ShippingMethodCode>
          <StateOrProvince xsi:nil="true"></StateOrProvince>
          <Telephone1 xsi:nil="true"></Telephone1>
          <Telephone2 xsi:nil="true"></Telephone2>
          <Telephone3 xsi:nil="true"></Telephone3>
          <TimeZoneRuleVersionNumber xsi:nil="true"></TimeZoneRuleVersionNumber>
          <UPSZone xsi:nil="true"></UPSZone>
          <UTCOffset xsi:nil="true"></UTCOffset>
          <UTCConversionTimeZoneCode xsi:nil="true"></UTCConversionTimeZoneCode>
        </Address>
        <Address>
          <AddressNumber>2</AddressNumber>
          <AddressTypeCode>1</AddressTypeCode>
          <City xsi:nil="true"></City>
          <County xsi:nil="true"></County>
          <Country xsi:nil="true"></Country>
          <Fax xsi:nil="true"></Fax>
          <FreightTermsCode xsi:nil="true"></FreightTermsCode>
          <ImportSequenceNumber xsi:nil="true"></ImportSequenceNumber>
          <Latitude xsi:nil="true"></Latitude>
          <Line1 xsi:nil="true"></Line1>
          <Line2 xsi:nil="true"></Line2>
          <Line3 xsi:nil="true"></Line3>
          <Longitude xsi:nil="true"></Longitude>
          <Name xsi:nil="true"></Name>
          <PostalCode xsi:nil="true"></PostalCode>
          <PostOfficeBox xsi:nil="true"></PostOfficeBox>
          <PrimaryContactName xsi:nil="true"></PrimaryContactName>
          <ShippingMethodCode>1</ShippingMethodCode>
          <StateOrProvince xsi:nil="true"></StateOrProvince>
          <Telephone1 xsi:nil="true"></Telephone1>
          <Telephone2 xsi:nil="true"></Telephone2>
          <Telephone3 xsi:nil="true"></Telephone3>
          <TimeZoneRuleVersionNumber xsi:nil="true"></TimeZoneRuleVersionNumber>
          <UPSZone xsi:nil="true"></UPSZone>
          <UTCOffset xsi:nil="true"></UTCOffset>
          <UTCConversionTimeZoneCode xsi:nil="true"></UTCConversionTimeZoneCode>
        </Address>
      </Addresses>
    </Publisher>
    <RootComponents>
      <RootComponent type="1" schemaName="ovs_cyaction" behavior="0" />
      <RootComponent type="20" id="{de8e34ea-d189-eb11-b1ac-000d3ae92dbf}" behavior="0" />
    </RootComponents>
    <MissingDependencies>
      <MissingDependency>
        <Required type="1" schemaName="msdyn_workorder" displayName="Work Order" solution="FieldService (8.8.0.88)">
          <package>FieldService_Anchor (8.8.64.13)</package>
        </Required>
        <Dependent type="26" schemaName="My Safety &amp; Enforcement Actions" displayName="My Safety &amp; Enforcement Actions" parentSchemaName="ovs_cyaction" parentDisplayName="Enforcement Action" id="{36bda4f2-64d4-eb11-bacc-000d3af38cd4}" />
      </MissingDependency>
      <MissingDependency>
        <Required type="1" schemaName="msdyn_workorder" displayName="Work Order" solution="FieldService (8.8.0.88)">
          <package>FieldService_Anchor (8.8.64.13)</package>
        </Required>
        <Dependent type="26" schemaName="All ROM Enforcement Actions" displayName="All ROM Enforcement Actions" parentSchemaName="ovs_cyaction" parentDisplayName="Enforcement Action" id="{8a8ad56d-43cd-eb11-bacc-0022483c0d29}" />
      </MissingDependency>
      <MissingDependency>
        <Required type="1" schemaName="msdyn_workorder" displayName="Work Order" solution="FieldService (8.8.0.88)">
          <package>FieldService_Anchor (8.8.64.13)</package>
        </Required>
        <Dependent type="26" schemaName="My Expired Safety Actions" displayName="My Expired Safety Actions" parentSchemaName="ovs_cyaction" parentDisplayName="Enforcement Action" id="{ad231260-65d4-eb11-bacc-000d3af38cd4}" />
      </MissingDependency>
      <MissingDependency>
        <Required type="1" schemaName="msdyn_workorder" displayName="Work Order" solution="FieldService (8.8.0.88)">
          <package>FieldService_Anchor (8.8.64.13)</package>
        </Required>
        <Dependent type="26" schemaName="My Active Safety &amp; Enforcement Actions" displayName="My Active Safety &amp; Enforcement Actions" parentSchemaName="ovs_cyaction" parentDisplayName="Enforcement Action" id="{bf2b6f75-44cd-eb11-bacc-0022483c0d29}" />
      </MissingDependency>
      <MissingDependency>
        <Required type="1" schemaName="msdyn_workorder" displayName="Work Order" solution="FieldService (8.8.0.88)">
          <package>FieldService_Anchor (8.8.64.13)</package>
        </Required>
        <Dependent type="26" schemaName="All WO Enforcement Actions" displayName="All WO Enforcement Actions" parentSchemaName="ovs_cyaction" parentDisplayName="Enforcement Action" id="{eb877d39-13d5-eb11-bacc-000d3af3999c}" />
      </MissingDependency>
      <MissingDependency>
        <Required type="1" schemaName="ovs_cysafetyassessment" displayName="Safety Assessment" solution="Active" />
        <Dependent type="10" schemaName="ovs_ovs_cysafetyassessment_ovs_cyaction_safetyassessmentid" displayName="ovs_ovs_cysafetyassessment_ovs_cyaction_safetyassessmentid" parentSchemaName="ovs_cysafetyassessment" parentDisplayName="Safety Assessment" />
      </MissingDependency>
      <MissingDependency>
        <Required type="1" schemaName="ovs_enforcementactionviolation" displayName="Enforcement Action Violation" solution="Active" />
        <Dependent type="1" schemaName="ovs_cyaction" displayName="Enforcement Action" />
      </MissingDependency>
      <MissingDependency>
        <Required type="1" schemaName="ovs_enforcementactionviolation" displayName="Enforcement Action Violation" solution="Active" />
        <Dependent type="60" displayName=" main form" parentDisplayName="Enforcement Action" id="{6768019c-3b8e-eb11-b1ac-000d3ae92dbf}" />
      </MissingDependency>
      <MissingDependency>
        <Required type="1" schemaName="ovs_unplannedforecast" displayName="Unplanned Forecast" solution="Active" />
        <Dependent type="50" schemaName="ovs_cyaction:RibbonDiffXml" displayName="ovs_cyaction:RibbonDiffXml" parentSchemaName="ribboncustomization" parentDisplayName="Application Ribbons" />
      </MissingDependency>
      <MissingDependency>
        <Required type="10" schemaName="ovs_ovs_cyaction_ovs_enforcementactionviolation_cyactionid" displayName="ovs_ovs_cyaction_ovs_enforcementactionviolation_cyactionid" parentSchemaName="ovs_cyaction" parentDisplayName="Enforcement Action" solution="Active" />
        <Dependent type="60" displayName=" main form" parentDisplayName="Enforcement Action" id="{6768019c-3b8e-eb11-b1ac-000d3ae92dbf}" />
      </MissingDependency>
      <MissingDependency>
        <Required type="2" schemaName="msdyn_serviceaccount" displayName="Site" parentSchemaName="msdyn_workorder" parentDisplayName="Work Order" solution="FieldService (8.8.0.88)">
          <package>FieldService_Anchor (8.8.64.13)</package>
        </Required>
        <Dependent type="26" schemaName="My Safety &amp; Enforcement Actions" displayName="My Safety &amp; Enforcement Actions" parentSchemaName="ovs_cyaction" parentDisplayName="Enforcement Action" id="{36bda4f2-64d4-eb11-bacc-000d3af38cd4}" />
      </MissingDependency>
      <MissingDependency>
        <Required type="2" schemaName="msdyn_serviceaccount" displayName="Site" parentSchemaName="msdyn_workorder" parentDisplayName="Work Order" solution="FieldService (8.8.0.88)">
          <package>FieldService_Anchor (8.8.64.13)</package>
        </Required>
        <Dependent type="26" schemaName="My Expired Safety Actions" displayName="My Expired Safety Actions" parentSchemaName="ovs_cyaction" parentDisplayName="Enforcement Action" id="{ad231260-65d4-eb11-bacc-000d3af38cd4}" />
      </MissingDependency>
      <MissingDependency>
        <Required type="2" schemaName="msdyn_serviceaccount" displayName="Site" parentSchemaName="msdyn_workorder" parentDisplayName="Work Order" solution="FieldService (8.8.0.88)">
          <package>FieldService_Anchor (8.8.64.13)</package>
        </Required>
        <Dependent type="26" schemaName="My Active Safety &amp; Enforcement Actions" displayName="My Active Safety &amp; Enforcement Actions" parentSchemaName="ovs_cyaction" parentDisplayName="Enforcement Action" id="{bf2b6f75-44cd-eb11-bacc-0022483c0d29}" />
      </MissingDependency>
      <MissingDependency>
        <Required type="2" schemaName="msdyn_workorderid" displayName="WO Number" parentSchemaName="msdyn_workorder" parentDisplayName="Work Order" solution="FieldService (8.8.0.88)">
          <package>FieldService_Anchor (8.8.64.13)</package>
        </Required>
        <Dependent type="26" schemaName="My Safety &amp; Enforcement Actions" displayName="My Safety &amp; Enforcement Actions" parentSchemaName="ovs_cyaction" parentDisplayName="Enforcement Action" id="{36bda4f2-64d4-eb11-bacc-000d3af38cd4}" />
      </MissingDependency>
      <MissingDependency>
        <Required type="2" schemaName="msdyn_workorderid" displayName="WO Number" parentSchemaName="msdyn_workorder" parentDisplayName="Work Order" solution="FieldService (8.8.0.88)">
          <package>FieldService_Anchor (8.8.64.13)</package>
        </Required>
        <Dependent type="26" schemaName="All ROM Enforcement Actions" displayName="All ROM Enforcement Actions" parentSchemaName="ovs_cyaction" parentDisplayName="Enforcement Action" id="{8a8ad56d-43cd-eb11-bacc-0022483c0d29}" />
      </MissingDependency>
      <MissingDependency>
        <Required type="2" schemaName="msdyn_workorderid" displayName="WO Number" parentSchemaName="msdyn_workorder" parentDisplayName="Work Order" solution="FieldService (8.8.0.88)">
          <package>FieldService_Anchor (8.8.64.13)</package>
        </Required>
        <Dependent type="26" schemaName="My Expired Safety Actions" displayName="My Expired Safety Actions" parentSchemaName="ovs_cyaction" parentDisplayName="Enforcement Action" id="{ad231260-65d4-eb11-bacc-000d3af38cd4}" />
      </MissingDependency>
      <MissingDependency>
        <Required type="2" schemaName="msdyn_workorderid" displayName="WO Number" parentSchemaName="msdyn_workorder" parentDisplayName="Work Order" solution="FieldService (8.8.0.88)">
          <package>FieldService_Anchor (8.8.64.13)</package>
        </Required>
        <Dependent type="26" schemaName="My Active Safety &amp; Enforcement Actions" displayName="My Active Safety &amp; Enforcement Actions" parentSchemaName="ovs_cyaction" parentDisplayName="Enforcement Action" id="{bf2b6f75-44cd-eb11-bacc-0022483c0d29}" />
      </MissingDependency>
      <MissingDependency>
        <Required type="2" schemaName="msdyn_workorderid" displayName="WO Number" parentSchemaName="msdyn_workorder" parentDisplayName="Work Order" solution="FieldService (8.8.0.88)">
          <package>FieldService_Anchor (8.8.64.13)</package>
        </Required>
        <Dependent type="26" schemaName="All WO Enforcement Actions" displayName="All WO Enforcement Actions" parentSchemaName="ovs_cyaction" parentDisplayName="Enforcement Action" id="{eb877d39-13d5-eb11-bacc-000d3af3999c}" />
      </MissingDependency>
      <MissingDependency>
        <Required type="2" schemaName="ovs_cysafetyassessmentid" displayName="Safety Assessment" parentSchemaName="ovs_cysafetyassessment" parentDisplayName="Safety Assessment" solution="Active" />
        <Dependent type="10" schemaName="ovs_ovs_cysafetyassessment_ovs_cyaction_safetyassessmentid" displayName="ovs_ovs_cysafetyassessment_ovs_cyaction_safetyassessmentid" parentSchemaName="ovs_cysafetyassessment" parentDisplayName="Safety Assessment" />
      </MissingDependency>
      <MissingDependency>
        <Required type="2" schemaName="ovs_name" displayName="Name" parentSchemaName="ovs_cysafetyassessment" parentDisplayName="Safety Assessment" solution="Active" />
        <Dependent type="10" schemaName="ovs_ovs_cysafetyassessment_ovs_cyaction_safetyassessmentid" displayName="ovs_ovs_cysafetyassessment_ovs_cyaction_safetyassessmentid" parentSchemaName="ovs_cysafetyassessment" parentDisplayName="Safety Assessment" />
      </MissingDependency>
      <MissingDependency>
        <Required type="20" displayName="TDG Manager" solution="Active" id="{545418f6-d089-eb11-b1ac-000d3ae92dbf}" />
        <Dependent type="60" displayName=" main form" parentDisplayName="Enforcement Action" id="{6768019c-3b8e-eb11-b1ac-000d3ae92dbf}" />
      </MissingDependency>
      <MissingDependency>
        <Required type="20" displayName="TDG Analyst" solution="Active" id="{6ba72790-cf89-eb11-b1ac-000d3ae92dbf}" />
        <Dependent type="60" displayName=" main form" parentDisplayName="Enforcement Action" id="{6768019c-3b8e-eb11-b1ac-000d3ae92dbf}" />
      </MissingDependency>
      <MissingDependency>
        <Required type="20" displayName="TDG Base" solution="Active" id="{6ee20a40-2264-eb11-a812-000d3aff0dda}" />
        <Dependent type="60" displayName=" main form" parentDisplayName="Enforcement Action" id="{6768019c-3b8e-eb11-b1ac-000d3ae92dbf}" />
      </MissingDependency>
      <MissingDependency>
        <Required type="20" displayName="TDG Planner" solution="Active" id="{a8d3ef08-d189-eb11-b1ac-000d3ae92dbf}" />
        <Dependent type="60" displayName=" main form" parentDisplayName="Enforcement Action" id="{6768019c-3b8e-eb11-b1ac-000d3ae92dbf}" />
      </MissingDependency>
      <MissingDependency>
        <Required type="26" schemaName="Active Enforcement Action Violations" displayName="Active Enforcement Action Violations" parentSchemaName="ovs_enforcementactionviolation" parentDisplayName="Enforcement Action Violation" solution="Active" id="{0075562f-fb4b-48e4-926f-eb7b6c114630}" />
        <Dependent type="60" displayName=" main form" parentDisplayName="Enforcement Action" id="{6768019c-3b8e-eb11-b1ac-000d3ae92dbf}" />
      </MissingDependency>
      <MissingDependency>
        <Required type="61" schemaName="ovs_EnforcementActionMainForm" displayName="ovs_EnforcementActionMainForm" solution="Active" />
        <Dependent type="60" displayName="Information" parentDisplayName="Enforcement Action" id="{3ecae1e0-27a6-43f6-8aba-884ccd5851e9}" />
      </MissingDependency>
      <MissingDependency>
        <Required type="61" schemaName="ovs_EnforcementActionMainForm" displayName="ovs_EnforcementActionMainForm" solution="Active" />
        <Dependent type="60" displayName=" main form" parentDisplayName="Enforcement Action" id="{6768019c-3b8e-eb11-b1ac-000d3ae92dbf}" />
      </MissingDependency>
      <MissingDependency>
        <Required type="61" schemaName="qm_globalHelper.js" displayName="qm_globalHelper.js" solution="Active" />
        <Dependent type="60" displayName="Information" parentDisplayName="Enforcement Action" id="{3ecae1e0-27a6-43f6-8aba-884ccd5851e9}" />
      </MissingDependency>
      <MissingDependency>
        <Required type="61" schemaName="qm_globalHelper.js" displayName="qm_globalHelper.js" solution="Active" />
        <Dependent type="60" displayName=" main form" parentDisplayName="Enforcement Action" id="{6768019c-3b8e-eb11-b1ac-000d3ae92dbf}" />
      </MissingDependency>
    </MissingDependencies>
  </SolutionManifest>
</ImportExportXml>