<ImportExportXml version="9.2.22032.142" SolutionPackageVersion="9.2" languagecode="1033" generatedBy="CrmLive" xmlns:xsi="http://www.w3.org/2001/XMLSchema-instance">
  <SolutionManifest>
    <UniqueName>TC_GlobalCore_Patch_6afc87bb</UniqueName>
    <LocalizedNames>
      <LocalizedName description="TDG Core Schema" languagecode="1033" />
    </LocalizedNames>
    <Descriptions>
      <Description description="Patch for TDG Core Schema" languagecode="1033" />
    </Descriptions>
    <ParentUniqueName>TC_GlobalCore</ParentUniqueName>
    <Version>1.130.12.0</Version>
    <Managed>1</Managed>
    <Publisher>
      <UniqueName>oversightpublisher</UniqueName>
      <LocalizedNames>
        <LocalizedName description="Oversight" languagecode="1033" />
      </LocalizedNames>
      <Descriptions>
        <Description description="This is the common solution for AvSec Inspection and TDG Inspection." languagecode="1033" />
      </Descriptions>
      <EMailAddress xsi:nil="true"></EMailAddress>
      <SupportingWebsiteUrl xsi:nil="true"></SupportingWebsiteUrl>
      <CustomizationPrefix>ovs</CustomizationPrefix>
      <CustomizationOptionValuePrefix>91864</CustomizationOptionValuePrefix>
      <Addresses>
        <Address>
          <AddressNumber>1</AddressNumber>
          <AddressTypeCode>1</AddressTypeCode>
          <City xsi:nil="true"></City>
          <County xsi:nil="true"></County>
          <Country xsi:nil="true"></Country>
          <Fax xsi:nil="true"></Fax>
          <FreightTermsCode xsi:nil="true"></FreightTermsCode>
          <ImportSequenceNumber xsi:nil="true"></ImportSequenceNumber>
          <Latitude xsi:nil="true"></Latitude>
          <Line1 xsi:nil="true"></Line1>
          <Line2 xsi:nil="true"></Line2>
          <Line3 xsi:nil="true"></Line3>
          <Longitude xsi:nil="true"></Longitude>
          <Name xsi:nil="true"></Name>
          <PostalCode xsi:nil="true"></PostalCode>
          <PostOfficeBox xsi:nil="true"></PostOfficeBox>
          <PrimaryContactName xsi:nil="true"></PrimaryContactName>
          <ShippingMethodCode>1</ShippingMethodCode>
          <StateOrProvince xsi:nil="true"></StateOrProvince>
          <Telephone1 xsi:nil="true"></Telephone1>
          <Telephone2 xsi:nil="true"></Telephone2>
          <Telephone3 xsi:nil="true"></Telephone3>
          <TimeZoneRuleVersionNumber xsi:nil="true"></TimeZoneRuleVersionNumber>
          <UPSZone xsi:nil="true"></UPSZone>
          <UTCOffset xsi:nil="true"></UTCOffset>
          <UTCConversionTimeZoneCode xsi:nil="true"></UTCConversionTimeZoneCode>
        </Address>
        <Address>
          <AddressNumber>2</AddressNumber>
          <AddressTypeCode>1</AddressTypeCode>
          <City xsi:nil="true"></City>
          <County xsi:nil="true"></County>
          <Country xsi:nil="true"></Country>
          <Fax xsi:nil="true"></Fax>
          <FreightTermsCode xsi:nil="true"></FreightTermsCode>
          <ImportSequenceNumber xsi:nil="true"></ImportSequenceNumber>
          <Latitude xsi:nil="true"></Latitude>
          <Line1 xsi:nil="true"></Line1>
          <Line2 xsi:nil="true"></Line2>
          <Line3 xsi:nil="true"></Line3>
          <Longitude xsi:nil="true"></Longitude>
          <Name xsi:nil="true"></Name>
          <PostalCode xsi:nil="true"></PostalCode>
          <PostOfficeBox xsi:nil="true"></PostOfficeBox>
          <PrimaryContactName xsi:nil="true"></PrimaryContactName>
          <ShippingMethodCode>1</ShippingMethodCode>
          <StateOrProvince xsi:nil="true"></StateOrProvince>
          <Telephone1 xsi:nil="true"></Telephone1>
          <Telephone2 xsi:nil="true"></Telephone2>
          <Telephone3 xsi:nil="true"></Telephone3>
          <TimeZoneRuleVersionNumber xsi:nil="true"></TimeZoneRuleVersionNumber>
          <UPSZone xsi:nil="true"></UPSZone>
          <UTCOffset xsi:nil="true"></UTCOffset>
          <UTCConversionTimeZoneCode xsi:nil="true"></UTCConversionTimeZoneCode>
        </Address>
      </Addresses>
    </Publisher>
    <RootComponents>
      <RootComponent type="1" schemaName="ovs_confirmationofcompliance" behavior="1" />
      <RootComponent type="20" id="{a8d3ef08-d189-eb11-b1ac-000d3ae92dbf}" behavior="0" />
      <RootComponent type="20" id="{de8e34ea-d189-eb11-b1ac-000d3ae92dbf}" behavior="0" />
      <RootComponent type="61" schemaName="ovs_ROMCommonFunctions" behavior="0" />
    </RootComponents>
    <MissingDependencies>
      <MissingDependency>
        <Required type="1" schemaName="ovs_confirmationofcompliance" displayName="Confirmation of Compliance" solution="Active" />
        <Dependent type="1" schemaName="ovs_confirmationofcompliance" displayName="Confirmation of Compliance" />
      </MissingDependency>
      <MissingDependency>
        <Required type="10" schemaName="ovs_confirmationofcompliance_Violation" displayName="ovs_confirmationofcompliance_Violation" parentSchemaName="qm_syresult" parentDisplayName="Violation" solution="Active" />
        <Dependent type="60" displayName="Information" parentDisplayName="Confirmation of Compliance" id="{6d118a87-79bb-48a8-975d-7399412af16a}" />
      </MissingDependency>
      <MissingDependency>
        <Required type="2" schemaName="createdby" displayName="Created By" parentSchemaName="ovs_confirmationofcompliance" parentDisplayName="Confirmation of Compliance" solution="Active" />
        <Dependent type="60" displayName="Information" parentDisplayName="Confirmation of Compliance" id="{6d118a87-79bb-48a8-975d-7399412af16a}" />
      </MissingDependency>
      <MissingDependency>
        <Required type="2" schemaName="createdon" displayName="Date Created" parentSchemaName="ovs_confirmationofcompliance" parentDisplayName="Confirmation of Compliance" solution="Active" />
        <Dependent type="60" displayName="Information" parentDisplayName="Confirmation of Compliance" id="{6d118a87-79bb-48a8-975d-7399412af16a}" />
      </MissingDependency>
      <MissingDependency>
        <Required type="2" schemaName="createdon" displayName="Date Created" parentSchemaName="ovs_confirmationofcompliance" parentDisplayName="Confirmation of Compliance" solution="Active" />
        <Dependent type="60" displayName="Information" parentDisplayName="Confirmation of Compliance" id="{edbbaaae-576b-4d73-8a32-342a8dcb5bea}" />
      </MissingDependency>
      <MissingDependency>
        <Required type="2" schemaName="description" displayName="Description" parentSchemaName="ovs_confirmationofcompliance" parentDisplayName="Confirmation of Compliance" solution="Active" />
        <Dependent type="60" displayName="Information" parentDisplayName="Confirmation of Compliance" id="{6d118a87-79bb-48a8-975d-7399412af16a}" />
      </MissingDependency>
      <MissingDependency>
        <Required type="2" schemaName="modifiedby" displayName="Modified By" parentSchemaName="ovs_confirmationofcompliance" parentDisplayName="Confirmation of Compliance" solution="Active" />
        <Dependent type="60" displayName="Information" parentDisplayName="Confirmation of Compliance" id="{6d118a87-79bb-48a8-975d-7399412af16a}" />
      </MissingDependency>
      <MissingDependency>
        <Required type="2" schemaName="modifiedon" displayName="Last Updated" parentSchemaName="ovs_confirmationofcompliance" parentDisplayName="Confirmation of Compliance" solution="Active" />
        <Dependent type="60" displayName="Information" parentDisplayName="Confirmation of Compliance" id="{6d118a87-79bb-48a8-975d-7399412af16a}" />
      </MissingDependency>
      <MissingDependency>
        <Required type="2" schemaName="ovs_daterequested" displayName="Date Requested" parentSchemaName="ovs_confirmationofcompliance" parentDisplayName="Confirmation of Compliance" solution="Active" />
        <Dependent type="60" displayName="Information" parentDisplayName="Confirmation of Compliance" id="{6d118a87-79bb-48a8-975d-7399412af16a}" />
      </MissingDependency>
      <MissingDependency>
        <Required type="2" schemaName="ovs_justificationtxt" displayName="Justification" parentSchemaName="ovs_confirmationofcompliance" parentDisplayName="Confirmation of Compliance" solution="Active" />
        <Dependent type="60" displayName="Information" parentDisplayName="Confirmation of Compliance" id="{6d118a87-79bb-48a8-975d-7399412af16a}" />
      </MissingDependency>
      <MissingDependency>
        <Required type="2" schemaName="ovs_violation" displayName="Violation" parentSchemaName="ovs_confirmationofcompliance" parentDisplayName="Confirmation of Compliance" solution="Active" />
        <Dependent type="60" displayName="Information" parentDisplayName="Confirmation of Compliance" id="{6d118a87-79bb-48a8-975d-7399412af16a}" />
      </MissingDependency>
      <MissingDependency>
        <Required type="2" schemaName="ownerid" displayName="Owner" parentSchemaName="ovs_confirmationofcompliance" parentDisplayName="Confirmation of Compliance" solution="Active" />
        <Dependent type="60" displayName="Information" parentDisplayName="Confirmation of Compliance" id="{6d118a87-79bb-48a8-975d-7399412af16a}" />
      </MissingDependency>
      <MissingDependency>
        <Required type="2" schemaName="ownerid" displayName="Owner" parentSchemaName="ovs_confirmationofcompliance" parentDisplayName="Confirmation of Compliance" solution="Active" />
        <Dependent type="60" displayName="Information" parentDisplayName="Confirmation of Compliance" id="{edbbaaae-576b-4d73-8a32-342a8dcb5bea}" />
      </MissingDependency>
      <MissingDependency>
        <Required type="2" schemaName="ownerid" displayName="Owner" parentSchemaName="ovs_confirmationofcompliance" parentDisplayName="Confirmation of Compliance" solution="Active" />
        <Dependent type="60" displayName="Information" parentDisplayName="Confirmation of Compliance" id="{f27f5f84-1653-4db6-87ca-8919aaaa9117}" />
      </MissingDependency>
      <MissingDependency>
        <Required type="2" schemaName="prioritycode" displayName="Priority" parentSchemaName="ovs_confirmationofcompliance" parentDisplayName="Confirmation of Compliance" solution="Active" />
        <Dependent type="60" displayName="Information" parentDisplayName="Confirmation of Compliance" id="{edbbaaae-576b-4d73-8a32-342a8dcb5bea}" />
      </MissingDependency>
      <MissingDependency>
        <Required type="2" schemaName="prioritycode" displayName="Priority" parentSchemaName="ovs_confirmationofcompliance" parentDisplayName="Confirmation of Compliance" solution="Active" />
        <Dependent type="60" displayName="Information" parentDisplayName="Confirmation of Compliance" id="{f27f5f84-1653-4db6-87ca-8919aaaa9117}" />
      </MissingDependency>
      <MissingDependency>
        <Required type="2" schemaName="regardingobjectid" displayName="Regarding" parentSchemaName="ovs_confirmationofcompliance" parentDisplayName="Confirmation of Compliance" solution="Active" />
        <Dependent type="60" displayName="Information" parentDisplayName="Confirmation of Compliance" id="{6d118a87-79bb-48a8-975d-7399412af16a}" />
      </MissingDependency>
      <MissingDependency>
        <Required type="2" schemaName="regardingobjectid" displayName="Regarding" parentSchemaName="ovs_confirmationofcompliance" parentDisplayName="Confirmation of Compliance" solution="Active" />
        <Dependent type="60" displayName="Information" parentDisplayName="Confirmation of Compliance" id="{edbbaaae-576b-4d73-8a32-342a8dcb5bea}" />
      </MissingDependency>
      <MissingDependency>
        <Required type="2" schemaName="regardingobjectid" displayName="Regarding" parentSchemaName="ovs_confirmationofcompliance" parentDisplayName="Confirmation of Compliance" solution="Active" />
        <Dependent type="60" displayName="Information" parentDisplayName="Confirmation of Compliance" id="{f27f5f84-1653-4db6-87ca-8919aaaa9117}" />
      </MissingDependency>
      <MissingDependency>
        <Required type="2" schemaName="scheduledend" displayName="Due Date" parentSchemaName="ovs_confirmationofcompliance" parentDisplayName="Confirmation of Compliance" solution="Active" />
        <Dependent type="60" displayName="Information" parentDisplayName="Confirmation of Compliance" id="{6d118a87-79bb-48a8-975d-7399412af16a}" />
      </MissingDependency>
      <MissingDependency>
        <Required type="2" schemaName="scheduledend" displayName="Due Date" parentSchemaName="ovs_confirmationofcompliance" parentDisplayName="Confirmation of Compliance" solution="Active" />
        <Dependent type="60" displayName="Information" parentDisplayName="Confirmation of Compliance" id="{edbbaaae-576b-4d73-8a32-342a8dcb5bea}" />
      </MissingDependency>
      <MissingDependency>
        <Required type="2" schemaName="scheduledend" displayName="Due Date" parentSchemaName="ovs_confirmationofcompliance" parentDisplayName="Confirmation of Compliance" solution="Active" />
        <Dependent type="60" displayName="Information" parentDisplayName="Confirmation of Compliance" id="{f27f5f84-1653-4db6-87ca-8919aaaa9117}" />
      </MissingDependency>
      <MissingDependency>
        <Required type="2" schemaName="statecode" displayName="Activity Status" parentSchemaName="ovs_confirmationofcompliance" parentDisplayName="Confirmation of Compliance" solution="Active" />
        <Dependent type="60" displayName="Information" parentDisplayName="Confirmation of Compliance" id="{6d118a87-79bb-48a8-975d-7399412af16a}" />
      </MissingDependency>
      <MissingDependency>
        <Required type="2" schemaName="statecode" displayName="Activity Status" parentSchemaName="ovs_confirmationofcompliance" parentDisplayName="Confirmation of Compliance" solution="Active" />
        <Dependent type="60" displayName="Information" parentDisplayName="Confirmation of Compliance" id="{f27f5f84-1653-4db6-87ca-8919aaaa9117}" />
      </MissingDependency>
      <MissingDependency>
        <Required type="2" schemaName="statuscode" displayName="Status Reason" parentSchemaName="ovs_confirmationofcompliance" parentDisplayName="Confirmation of Compliance" solution="Active" />
        <Dependent type="60" displayName="Information" parentDisplayName="Confirmation of Compliance" id="{6d118a87-79bb-48a8-975d-7399412af16a}" />
      </MissingDependency>
      <MissingDependency>
        <Required type="2" schemaName="statuscode" displayName="Status Reason" parentSchemaName="ovs_confirmationofcompliance" parentDisplayName="Confirmation of Compliance" solution="Active" />
        <Dependent type="60" displayName="Information" parentDisplayName="Confirmation of Compliance" id="{edbbaaae-576b-4d73-8a32-342a8dcb5bea}" />
      </MissingDependency>
      <MissingDependency>
        <Required type="2" schemaName="subject" displayName="Subject" parentSchemaName="ovs_confirmationofcompliance" parentDisplayName="Confirmation of Compliance" solution="Active" />
        <Dependent type="60" displayName="Information" parentDisplayName="Confirmation of Compliance" id="{6d118a87-79bb-48a8-975d-7399412af16a}" />
      </MissingDependency>
      <MissingDependency>
        <Required type="2" schemaName="subject" displayName="Subject" parentSchemaName="ovs_confirmationofcompliance" parentDisplayName="Confirmation of Compliance" solution="Active" />
        <Dependent type="60" displayName="Information" parentDisplayName="Confirmation of Compliance" id="{edbbaaae-576b-4d73-8a32-342a8dcb5bea}" />
      </MissingDependency>
      <MissingDependency>
        <Required type="2" schemaName="subject" displayName="Subject" parentSchemaName="ovs_confirmationofcompliance" parentDisplayName="Confirmation of Compliance" solution="Active" />
        <Dependent type="60" displayName="Information" parentDisplayName="Confirmation of Compliance" id="{f27f5f84-1653-4db6-87ca-8919aaaa9117}" />
      </MissingDependency>
      <MissingDependency>
        <Required type="26" schemaName="Questionnaire Result Lookup View" displayName="Questionnaire Result Lookup View" parentSchemaName="qm_syresult" parentDisplayName="Violation" solution="Active" id="{5c6ae1b8-ca16-41c7-8967-4a8073fb3b1b}" />
        <Dependent type="60" displayName="Information" parentDisplayName="Confirmation of Compliance" id="{6d118a87-79bb-48a8-975d-7399412af16a}" />
      </MissingDependency>
      <MissingDependency>
        <Required type="61" schemaName="ovs_confirmationofcompliance" displayName="ovs_confirmationofcompliance" solution="Active" />
        <Dependent type="60" displayName="Information" parentDisplayName="Confirmation of Compliance" id="{6d118a87-79bb-48a8-975d-7399412af16a}" />
      </MissingDependency>
      <MissingDependency>
        <Required type="61" schemaName="qm_globalHelper.js" displayName="qm_globalHelper.js" solution="Active" />
        <Dependent type="60" displayName="Information" parentDisplayName="Confirmation of Compliance" id="{6d118a87-79bb-48a8-975d-7399412af16a}" />
      </MissingDependency>
    </MissingDependencies>
  </SolutionManifest>
</ImportExportXml>