<ImportExportXml version="9.2.22102.158" SolutionPackageVersion="9.2" languagecode="1033" generatedBy="CrmLive" xmlns:xsi="http://www.w3.org/2001/XMLSchema-instance">
  <SolutionManifest>
    <UniqueName>CID_Flows</UniqueName>
    <LocalizedNames>
      <LocalizedName description="CID.Flows" languagecode="1033" />
    </LocalizedNames>
    <Descriptions />
    <Version>1.0.0.35</Version>
    <Managed>1</Managed>
    <Publisher>
      <UniqueName>CID_Solution</UniqueName>
      <LocalizedNames>
        <LocalizedName description="CID Solution" languagecode="1033" />
      </LocalizedNames>
      <Descriptions />
      <EMailAddress xsi:nil="true"></EMailAddress>
      <SupportingWebsiteUrl xsi:nil="true"></SupportingWebsiteUrl>
      <CustomizationPrefix>cid</CustomizationPrefix>
      <CustomizationOptionValuePrefix>10000</CustomizationOptionValuePrefix>
      <Addresses>
        <Address>
          <AddressNumber>1</AddressNumber>
          <AddressTypeCode>1</AddressTypeCode>
          <City xsi:nil="true"></City>
          <County xsi:nil="true"></County>
          <Country xsi:nil="true"></Country>
          <Fax xsi:nil="true"></Fax>
          <FreightTermsCode xsi:nil="true"></FreightTermsCode>
          <ImportSequenceNumber xsi:nil="true"></ImportSequenceNumber>
          <Latitude xsi:nil="true"></Latitude>
          <Line1 xsi:nil="true"></Line1>
          <Line2 xsi:nil="true"></Line2>
          <Line3 xsi:nil="true"></Line3>
          <Longitude xsi:nil="true"></Longitude>
          <Name xsi:nil="true"></Name>
          <PostalCode xsi:nil="true"></PostalCode>
          <PostOfficeBox xsi:nil="true"></PostOfficeBox>
          <PrimaryContactName xsi:nil="true"></PrimaryContactName>
          <ShippingMethodCode>1</ShippingMethodCode>
          <StateOrProvince xsi:nil="true"></StateOrProvince>
          <Telephone1 xsi:nil="true"></Telephone1>
          <Telephone2 xsi:nil="true"></Telephone2>
          <Telephone3 xsi:nil="true"></Telephone3>
          <TimeZoneRuleVersionNumber xsi:nil="true"></TimeZoneRuleVersionNumber>
          <UPSZone xsi:nil="true"></UPSZone>
          <UTCOffset xsi:nil="true"></UTCOffset>
          <UTCConversionTimeZoneCode xsi:nil="true"></UTCConversionTimeZoneCode>
        </Address>
        <Address>
          <AddressNumber>2</AddressNumber>
          <AddressTypeCode>1</AddressTypeCode>
          <City xsi:nil="true"></City>
          <County xsi:nil="true"></County>
          <Country xsi:nil="true"></Country>
          <Fax xsi:nil="true"></Fax>
          <FreightTermsCode xsi:nil="true"></FreightTermsCode>
          <ImportSequenceNumber xsi:nil="true"></ImportSequenceNumber>
          <Latitude xsi:nil="true"></Latitude>
          <Line1 xsi:nil="true"></Line1>
          <Line2 xsi:nil="true"></Line2>
          <Line3 xsi:nil="true"></Line3>
          <Longitude xsi:nil="true"></Longitude>
          <Name xsi:nil="true"></Name>
          <PostalCode xsi:nil="true"></PostalCode>
          <PostOfficeBox xsi:nil="true"></PostOfficeBox>
          <PrimaryContactName xsi:nil="true"></PrimaryContactName>
          <ShippingMethodCode>1</ShippingMethodCode>
          <StateOrProvince xsi:nil="true"></StateOrProvince>
          <Telephone1 xsi:nil="true"></Telephone1>
          <Telephone2 xsi:nil="true"></Telephone2>
          <Telephone3 xsi:nil="true"></Telephone3>
          <TimeZoneRuleVersionNumber xsi:nil="true"></TimeZoneRuleVersionNumber>
          <UPSZone xsi:nil="true"></UPSZone>
          <UTCOffset xsi:nil="true"></UTCOffset>
          <UTCConversionTimeZoneCode xsi:nil="true"></UTCConversionTimeZoneCode>
        </Address>
      </Addresses>
    </Publisher>
    <RootComponents>
      <RootComponent type="29" id="{1167d04e-122e-ed11-9db0-0022483cb62f}" behavior="0" />
      <RootComponent type="29" id="{135f36d1-dbaf-ec11-983e-000d3a84adbc}" behavior="0" />
      <RootComponent type="29" id="{1d79a039-f295-ec11-b3fe-000d3a0c829e}" behavior="0" />
      <RootComponent type="29" id="{463c7a4b-4155-ed11-9561-0022483d0343}" behavior="0" />
      <RootComponent type="29" id="{4da59ae0-c9a6-ec11-b3fe-0022483c4a6f}" behavior="0" />
      <RootComponent type="29" id="{5ac5c1d0-614b-ed11-bba2-0022483cb62f}" behavior="0" />
      <RootComponent type="29" id="{734f1e4f-122e-ed11-9db0-0022483d0343}" behavior="0" />
      <RootComponent type="29" id="{744f1e4f-122e-ed11-9db0-0022483d0343}" behavior="0" />
      <RootComponent type="29" id="{816db510-4f98-ec11-b3fe-0022483c0c24}" behavior="0" />
      <RootComponent type="29" id="{92e16e50-c435-ed11-9db1-0022483cb62f}" behavior="0" />
      <RootComponent type="29" id="{a10c2d29-7db0-ec11-983e-000d3a84adbc}" behavior="0" />
      <RootComponent type="29" id="{d089c223-eea6-ec11-b3fe-0022483c4a6f}" behavior="0" />
      <RootComponent type="29" id="{ff6ad38f-f8bb-ec11-983f-0022483d62f4}" behavior="0" />
    </RootComponents>
    <MissingDependencies>
      <MissingDependency>
        <Required type="1" schemaName="adx_website" displayName="Website" solution="MicrosoftPortalDependencies (9.2.2103.0)">
          <package>CDSBasePortal (9.3.2109.20)</package>
        </Required>
        <Dependent type="29" displayName="Send Invitation for Portal Registration" id="{1d79a039-f295-ec11-b3fe-000d3a0c829e}" />
      </MissingDependency>
      <MissingDependency>
        <Required type="1" schemaName="cid_annualcomplianceitem" displayName="Annual Compliance Item" solution="Active" />
        <Dependent type="29" displayName="CID Portal - Company Registration Completed" id="{5ac5c1d0-614b-ed11-bba2-0022483cb62f}" />
      </MissingDependency>
      <MissingDependency>
        <Required type="1" schemaName="cid_bulkactivitylogsdetails" displayName="Bulk Activity Logs Details" solution="Active" />
        <Dependent type="29" displayName="Start Site Upload Validation" id="{4da59ae0-c9a6-ec11-b3fe-0022483c4a6f}" />
      </MissingDependency>
      <MissingDependency>
        <Required type="1" schemaName="cid_bulkactivitylogsdetails" displayName="Bulk Activity Logs Details" solution="Active" />
        <Dependent type="29" displayName="SCAN File" id="{816db510-4f98-ec11-b3fe-0022483c0c24}" />
      </MissingDependency>
      <MissingDependency>
        <Required type="1" schemaName="cid_bulkactivitylogsdetails" displayName="Bulk Activity Logs Details" solution="Active" />
        <Dependent type="29" displayName="Check_User_Response_To_continue" id="{a10c2d29-7db0-ec11-983e-000d3a84adbc}" />
      </MissingDependency>
      <MissingDependency>
        <Required type="1" schemaName="cid_bulkactivitylogsummary" displayName="Bulk Activity log Summary" solution="Active" />
        <Dependent type="29" displayName="Start Site Upload Validation" id="{4da59ae0-c9a6-ec11-b3fe-0022483c4a6f}" />
      </MissingDependency>
      <MissingDependency>
        <Required type="1" schemaName="cid_bulkactivitylogsummary" displayName="Bulk Activity log Summary" solution="Active" />
        <Dependent type="29" displayName="SCAN File" id="{816db510-4f98-ec11-b3fe-0022483c0c24}" />
      </MissingDependency>
      <MissingDependency>
        <Required type="1" schemaName="cid_bulkactivitylogsummary" displayName="Bulk Activity log Summary" solution="Active" />
        <Dependent type="29" displayName="Check_User_Response_To_continue" id="{a10c2d29-7db0-ec11-983e-000d3a84adbc}" />
      </MissingDependency>
      <MissingDependency>
        <Required type="1" schemaName="cid_bulkactivitylogsummary" displayName="Bulk Activity log Summary" solution="Active" />
        <Dependent type="29" displayName="BulkUpload Initial validation" id="{d089c223-eea6-ec11-b3fe-0022483c4a6f}" />
      </MissingDependency>
      <MissingDependency>
        <Required type="1" schemaName="cid_bulkactivitylogsummary" displayName="Bulk Activity log Summary" solution="Active" />
        <Dependent type="29" displayName="Download Sites Info" id="{ff6ad38f-f8bb-ec11-983f-0022483d62f4}" />
      </MissingDependency>
      <MissingDependency>
        <Required type="1" schemaName="cid_tempaccountforimport" displayName="Temp Account for Import" solution="Active" />
        <Dependent type="29" displayName="Import data into root company" id="{135f36d1-dbaf-ec11-983e-000d3a84adbc}" />
      </MissingDependency>
      <MissingDependency>
        <Required type="1" schemaName="ovs_operationunnumber" displayName="Operation UN Number" solution="Active" />
        <Dependent type="29" displayName="Start Site Upload Validation" id="{4da59ae0-c9a6-ec11-b3fe-0022483c4a6f}" />
      </MissingDependency>
      <MissingDependency>
        <Required type="1" schemaName="ovs_operationunnumber" displayName="Operation UN Number" solution="Active" />
        <Dependent type="29" displayName="Download Sites Info" id="{ff6ad38f-f8bb-ec11-983f-0022483d62f4}" />
      </MissingDependency>
      <MissingDependency>
        <Required type="1" schemaName="ovs_primaryclass" displayName="Class/Division" solution="Active" />
        <Dependent type="29" displayName="Start Site Upload Validation" id="{4da59ae0-c9a6-ec11-b3fe-0022483c4a6f}" />
      </MissingDependency>
      <MissingDependency>
        <Required type="1" schemaName="qm_environmentsettings" displayName="Environment Settings" solution="Active" />
        <Dependent type="29" displayName="Start Site Upload Validation" id="{4da59ae0-c9a6-ec11-b3fe-0022483c4a6f}" />
      </MissingDependency>
      <MissingDependency>
        <Required type="1" schemaName="qm_environmentsettings" displayName="Environment Settings" solution="Active" />
        <Dependent type="29" displayName="BulkUpload Initial validation" id="{d089c223-eea6-ec11-b3fe-0022483c4a6f}" />
      </MissingDependency>
      <MissingDependency>
        <Required type="1" schemaName="qm_environmentsettings" displayName="Environment Settings" solution="Active" />
        <Dependent type="29" displayName="Download Sites Info" id="{ff6ad38f-f8bb-ec11-983f-0022483d62f4}" />
      </MissingDependency>
      <MissingDependency>
        <Required type="1" schemaName="tdg_unnumber" displayName="UN Number" solution="Active" />
        <Dependent type="29" displayName="Start Site Upload Validation" id="{4da59ae0-c9a6-ec11-b3fe-0022483c4a6f}" />
      </MissingDependency>
      <MissingDependency>
        <Required type="2" schemaName="cid_registrationasof" displayName="Registration As Of" parentSchemaName="account" parentDisplayName="Account" solution="Active" />
        <Dependent type="29" displayName="CID Portal - Company Registration Completed" id="{5ac5c1d0-614b-ed11-bba2-0022483cb62f}" />
      </MissingDependency>
      <MissingDependency>
        <Required type="2" schemaName="cid_detailedvalidationstarttime" displayName="Detailed Validation Start Time" parentSchemaName="cid_bulkactivitylogsummary" parentDisplayName="Bulk Activity log Summary" solution="Active" />
        <Dependent type="29" displayName="Start Site Upload Validation" id="{4da59ae0-c9a6-ec11-b3fe-0022483c4a6f}" />
      </MissingDependency>
      <MissingDependency>
        <Required type="connectionreference" displayName="tdg_ConnectionReferenceDataverseLegacyServicePrinciple" solution="Active" id.connectionreferencelogicalname="tdg_ConnectionReferenceDataverseLegacyServicePrinciple" />
        <Dependent type="29" displayName="Send Invitation for Portal Registration" id="{1d79a039-f295-ec11-b3fe-000d3a0c829e}" />
      </MissingDependency>
      <MissingDependency>
        <Required type="connectionreference" displayName="tdg_ConnectionReferenceDataverseLegacyServicePrinciple" solution="Active" id.connectionreferencelogicalname="tdg_ConnectionReferenceDataverseLegacyServicePrinciple" />
        <Dependent type="29" displayName="Deactivate related sites on company deactivation" id="{92e16e50-c435-ed11-9db1-0022483cb62f}" />
      </MissingDependency>
      <MissingDependency>
        <Required type="connectionreference" displayName="tdg_ConnectionReferenceDataverseServicePrinciple" solution="Active" id.connectionreferencelogicalname="tdg_ConnectionReferenceDataverseServicePrinciple" />
        <Dependent type="29" displayName="Account - Send  Annual Compliance Reminder - 15 days in advance of anniversary day" id="{1167d04e-122e-ed11-9db0-0022483cb62f}" />
      </MissingDependency>
      <MissingDependency>
        <Required type="connectionreference" displayName="tdg_ConnectionReferenceDataverseServicePrinciple" solution="Active" id.connectionreferencelogicalname="tdg_ConnectionReferenceDataverseServicePrinciple" />
        <Dependent type="29" displayName="Import data into root company" id="{135f36d1-dbaf-ec11-983e-000d3a84adbc}" />
      </MissingDependency>
      <MissingDependency>
        <Required type="connectionreference" displayName="tdg_ConnectionReferenceDataverseServicePrinciple" solution="Active" id.connectionreferencelogicalname="tdg_ConnectionReferenceDataverseServicePrinciple" />
        <Dependent type="29" displayName="Send Invitation for Portal Registration" id="{1d79a039-f295-ec11-b3fe-000d3a0c829e}" />
      </MissingDependency>
      <MissingDependency>
        <Required type="connectionreference" displayName="tdg_ConnectionReferenceDataverseServicePrinciple" solution="Active" id.connectionreferencelogicalname="tdg_ConnectionReferenceDataverseServicePrinciple" />
        <Dependent type="29" displayName="CID Primary Admin Email Change - Send Email" id="{463c7a4b-4155-ed11-9561-0022483d0343}" />
      </MissingDependency>
      <MissingDependency>
        <Required type="connectionreference" displayName="tdg_ConnectionReferenceDataverseServicePrinciple" solution="Active" id.connectionreferencelogicalname="tdg_ConnectionReferenceDataverseServicePrinciple" />
        <Dependent type="29" displayName="Start Site Upload Validation" id="{4da59ae0-c9a6-ec11-b3fe-0022483c4a6f}" />
      </MissingDependency>
      <MissingDependency>
        <Required type="connectionreference" displayName="tdg_ConnectionReferenceDataverseServicePrinciple" solution="Active" id.connectionreferencelogicalname="tdg_ConnectionReferenceDataverseServicePrinciple" />
        <Dependent type="29" displayName="CID Portal - Company Registration Completed" id="{5ac5c1d0-614b-ed11-bba2-0022483cb62f}" />
      </MissingDependency>
      <MissingDependency>
        <Required type="connectionreference" displayName="tdg_ConnectionReferenceDataverseServicePrinciple" solution="Active" id.connectionreferencelogicalname="tdg_ConnectionReferenceDataverseServicePrinciple" />
        <Dependent type="29" displayName="Account - Send  Annual Compliance Reminder - 15 days after anniversary day" id="{734f1e4f-122e-ed11-9db0-0022483d0343}" />
      </MissingDependency>
      <MissingDependency>
        <Required type="connectionreference" displayName="tdg_ConnectionReferenceDataverseServicePrinciple" solution="Active" id.connectionreferencelogicalname="tdg_ConnectionReferenceDataverseServicePrinciple" />
        <Dependent type="29" displayName="Account - Send  Annual Compliance Reminder - 30 days after anniversary day" id="{744f1e4f-122e-ed11-9db0-0022483d0343}" />
      </MissingDependency>
      <MissingDependency>
        <Required type="connectionreference" displayName="tdg_ConnectionReferenceDataverseServicePrinciple" solution="Active" id.connectionreferencelogicalname="tdg_ConnectionReferenceDataverseServicePrinciple" />
        <Dependent type="29" displayName="SCAN File" id="{816db510-4f98-ec11-b3fe-0022483c0c24}" />
      </MissingDependency>
      <MissingDependency>
        <Required type="connectionreference" displayName="tdg_ConnectionReferenceDataverseServicePrinciple" solution="Active" id.connectionreferencelogicalname="tdg_ConnectionReferenceDataverseServicePrinciple" />
        <Dependent type="29" displayName="Deactivate related sites on company deactivation" id="{92e16e50-c435-ed11-9db1-0022483cb62f}" />
      </MissingDependency>
      <MissingDependency>
        <Required type="connectionreference" displayName="tdg_ConnectionReferenceDataverseServicePrinciple" solution="Active" id.connectionreferencelogicalname="tdg_ConnectionReferenceDataverseServicePrinciple" />
        <Dependent type="29" displayName="Check_User_Response_To_continue" id="{a10c2d29-7db0-ec11-983e-000d3a84adbc}" />
      </MissingDependency>
      <MissingDependency>
        <Required type="connectionreference" displayName="tdg_ConnectionReferenceDataverseServicePrinciple" solution="Active" id.connectionreferencelogicalname="tdg_ConnectionReferenceDataverseServicePrinciple" />
        <Dependent type="29" displayName="BulkUpload Initial validation" id="{d089c223-eea6-ec11-b3fe-0022483c4a6f}" />
      </MissingDependency>
      <MissingDependency>
        <Required type="connectionreference" displayName="tdg_ConnectionReferenceDataverseServicePrinciple" solution="Active" id.connectionreferencelogicalname="tdg_ConnectionReferenceDataverseServicePrinciple" />
        <Dependent type="29" displayName="Download Sites Info" id="{ff6ad38f-f8bb-ec11-983f-0022483d62f4}" />
      </MissingDependency>
      <MissingDependency>
        <Required type="connectionreference" displayName="tdg_ConnectionReferenceExcelTDGCoreUser" solution="Active" id.connectionreferencelogicalname="tdg_ConnectionReferenceExcelTDGCoreUser" />
        <Dependent type="29" displayName="BulkUpload Initial validation" id="{d089c223-eea6-ec11-b3fe-0022483c4a6f}" />
      </MissingDependency>
      <MissingDependency>
        <Required type="connectionreference" displayName="tdg_ConnectionReferenceOutlookTDGCoreUser" solution="Active" id.connectionreferencelogicalname="tdg_ConnectionReferenceOutlookTDGCoreUser" />
        <Dependent type="29" displayName="Account - Send  Annual Compliance Reminder - 15 days in advance of anniversary day" id="{1167d04e-122e-ed11-9db0-0022483cb62f}" />
      </MissingDependency>
      <MissingDependency>
        <Required type="connectionreference" displayName="tdg_ConnectionReferenceOutlookTDGCoreUser" solution="Active" id.connectionreferencelogicalname="tdg_ConnectionReferenceOutlookTDGCoreUser" />
        <Dependent type="29" displayName="Account - Send  Annual Compliance Reminder - 15 days after anniversary day" id="{734f1e4f-122e-ed11-9db0-0022483d0343}" />
      </MissingDependency>
      <MissingDependency>
        <Required type="connectionreference" displayName="tdg_ConnectionReferenceOutlookTDGCoreUser" solution="Active" id.connectionreferencelogicalname="tdg_ConnectionReferenceOutlookTDGCoreUser" />
        <Dependent type="29" displayName="Account - Send  Annual Compliance Reminder - 30 days after anniversary day" id="{744f1e4f-122e-ed11-9db0-0022483d0343}" />
      </MissingDependency>
      <MissingDependency>
        <Required type="connectionreference" displayName="tdg_ConnectionReferenceSharepointTDGCoreUser" solution="Active" id.connectionreferencelogicalname="tdg_ConnectionReferenceSharepointTDGCoreUser" />
        <Dependent type="29" displayName="BulkUpload Initial validation" id="{d089c223-eea6-ec11-b3fe-0022483c4a6f}" />
      </MissingDependency>
      <MissingDependency>
        <Required type="connectionreference" displayName="tdg_ConnectionReferenceSharepointTDGCoreUser" solution="Active" id.connectionreferencelogicalname="tdg_ConnectionReferenceSharepointTDGCoreUser" />
        <Dependent type="29" displayName="Download Sites Info" id="{ff6ad38f-f8bb-ec11-983f-0022483d62f4}" />
      </MissingDependency>
    </MissingDependencies>
  </SolutionManifest>
</ImportExportXml>