<ImportExportXml version="9.2.22013.132" SolutionPackageVersion="9.2" languagecode="1033" generatedBy="CrmLive" xmlns:xsi="http://www.w3.org/2001/XMLSchema-instance">
  <SolutionManifest>
    <UniqueName>CID_Flows</UniqueName>
    <LocalizedNames>
      <LocalizedName description="CID.Flows" languagecode="1033" />
    </LocalizedNames>
    <Descriptions />
    <Version>1.0.0.0</Version>
    <Managed>1</Managed>
    <Publisher>
      <UniqueName>CID_Solution</UniqueName>
      <LocalizedNames>
        <LocalizedName description="CID Solution" languagecode="1033" />
      </LocalizedNames>
      <Descriptions />
      <EMailAddress xsi:nil="true"></EMailAddress>
      <SupportingWebsiteUrl xsi:nil="true"></SupportingWebsiteUrl>
      <CustomizationPrefix>cid</CustomizationPrefix>
      <CustomizationOptionValuePrefix>10000</CustomizationOptionValuePrefix>
      <Addresses>
        <Address>
          <AddressNumber>1</AddressNumber>
          <AddressTypeCode>1</AddressTypeCode>
          <City xsi:nil="true"></City>
          <County xsi:nil="true"></County>
          <Country xsi:nil="true"></Country>
          <Fax xsi:nil="true"></Fax>
          <FreightTermsCode xsi:nil="true"></FreightTermsCode>
          <ImportSequenceNumber xsi:nil="true"></ImportSequenceNumber>
          <Latitude xsi:nil="true"></Latitude>
          <Line1 xsi:nil="true"></Line1>
          <Line2 xsi:nil="true"></Line2>
          <Line3 xsi:nil="true"></Line3>
          <Longitude xsi:nil="true"></Longitude>
          <Name xsi:nil="true"></Name>
          <PostalCode xsi:nil="true"></PostalCode>
          <PostOfficeBox xsi:nil="true"></PostOfficeBox>
          <PrimaryContactName xsi:nil="true"></PrimaryContactName>
          <ShippingMethodCode>1</ShippingMethodCode>
          <StateOrProvince xsi:nil="true"></StateOrProvince>
          <Telephone1 xsi:nil="true"></Telephone1>
          <Telephone2 xsi:nil="true"></Telephone2>
          <Telephone3 xsi:nil="true"></Telephone3>
          <TimeZoneRuleVersionNumber xsi:nil="true"></TimeZoneRuleVersionNumber>
          <UPSZone xsi:nil="true"></UPSZone>
          <UTCOffset xsi:nil="true"></UTCOffset>
          <UTCConversionTimeZoneCode xsi:nil="true"></UTCConversionTimeZoneCode>
        </Address>
        <Address>
          <AddressNumber>2</AddressNumber>
          <AddressTypeCode>1</AddressTypeCode>
          <City xsi:nil="true"></City>
          <County xsi:nil="true"></County>
          <Country xsi:nil="true"></Country>
          <Fax xsi:nil="true"></Fax>
          <FreightTermsCode xsi:nil="true"></FreightTermsCode>
          <ImportSequenceNumber xsi:nil="true"></ImportSequenceNumber>
          <Latitude xsi:nil="true"></Latitude>
          <Line1 xsi:nil="true"></Line1>
          <Line2 xsi:nil="true"></Line2>
          <Line3 xsi:nil="true"></Line3>
          <Longitude xsi:nil="true"></Longitude>
          <Name xsi:nil="true"></Name>
          <PostalCode xsi:nil="true"></PostalCode>
          <PostOfficeBox xsi:nil="true"></PostOfficeBox>
          <PrimaryContactName xsi:nil="true"></PrimaryContactName>
          <ShippingMethodCode>1</ShippingMethodCode>
          <StateOrProvince xsi:nil="true"></StateOrProvince>
          <Telephone1 xsi:nil="true"></Telephone1>
          <Telephone2 xsi:nil="true"></Telephone2>
          <Telephone3 xsi:nil="true"></Telephone3>
          <TimeZoneRuleVersionNumber xsi:nil="true"></TimeZoneRuleVersionNumber>
          <UPSZone xsi:nil="true"></UPSZone>
          <UTCOffset xsi:nil="true"></UTCOffset>
          <UTCConversionTimeZoneCode xsi:nil="true"></UTCConversionTimeZoneCode>
        </Address>
      </Addresses>
    </Publisher>
    <RootComponents>
      <RootComponent type="29" id="{38a47762-7772-ec11-8942-000d3a840e6b}" behavior="0" />
      <RootComponent type="29" id="{9ac0f16f-415d-ec11-8f8e-000d3a845870}" behavior="0" />
      <RootComponent type="29" id="{c2191324-8b57-ec11-8f8e-0022483da607}" behavior="0" />
    </RootComponents>
    <MissingDependencies>
      <MissingDependency>
        <Required type="1" schemaName="cid_activityreviewlog" displayName="Activity Review Log" solution="Active" />
        <Dependent type="29" displayName="Download Sites" id="{38a47762-7772-ec11-8942-000d3a840e6b}" />
      </MissingDependency>
      <MissingDependency>
        <Required type="1" schemaName="cid_activityreviewlog" displayName="Activity Review Log" solution="Active" />
        <Dependent type="29" displayName="Bulk Insert" id="{9ac0f16f-415d-ec11-8f8e-000d3a845870}" />
      </MissingDependency>
      <MissingDependency>
        <Required type="1" schemaName="cid_activityreviewlog" displayName="Activity Review Log" solution="Active" />
        <Dependent type="29" displayName="ExcelLoadFlow" id="{c2191324-8b57-ec11-8f8e-0022483da607}" />
      </MissingDependency>
      <MissingDependency>
        <Required type="1" schemaName="cid_modeoftransportation" displayName="Mode of Transportation (CID)" solution="Active" />
        <Dependent type="29" displayName="Download Sites" id="{38a47762-7772-ec11-8942-000d3a840e6b}" />
      </MissingDependency>
      <MissingDependency>
        <Required type="1" schemaName="cid_modeoftransportation" displayName="Mode of Transportation (CID)" solution="Active" />
        <Dependent type="29" displayName="Bulk Insert" id="{9ac0f16f-415d-ec11-8f8e-000d3a845870}" />
      </MissingDependency>
      <MissingDependency>
        <Required type="1" schemaName="ovs_mocregistration" displayName="Operation" solution="Active" />
        <Dependent type="29" displayName="Bulk Insert" id="{9ac0f16f-415d-ec11-8f8e-000d3a845870}" />
      </MissingDependency>
      <MissingDependency>
        <Required type="1" schemaName="ovs_modes" displayName="Modes" solution="Active" />
        <Dependent type="29" displayName="Bulk Insert" id="{9ac0f16f-415d-ec11-8f8e-000d3a845870}" />
      </MissingDependency>
      <MissingDependency>
        <Required type="1" schemaName="ovs_operationclass" displayName="Operation Class" solution="Active" />
        <Dependent type="29" displayName="Download Sites" id="{38a47762-7772-ec11-8942-000d3a840e6b}" />
      </MissingDependency>
      <MissingDependency>
        <Required type="1" schemaName="ovs_operationclass" displayName="Operation Class" solution="Active" />
        <Dependent type="29" displayName="Bulk Insert" id="{9ac0f16f-415d-ec11-8f8e-000d3a845870}" />
      </MissingDependency>
      <MissingDependency>
        <Required type="1" schemaName="ovs_operationunnumber" displayName="Operation UN Number" solution="Active" />
        <Dependent type="29" displayName="Download Sites" id="{38a47762-7772-ec11-8942-000d3a840e6b}" />
      </MissingDependency>
      <MissingDependency>
        <Required type="1" schemaName="ovs_operationunnumber" displayName="Operation UN Number" solution="Active" />
        <Dependent type="29" displayName="Bulk Insert" id="{9ac0f16f-415d-ec11-8f8e-000d3a845870}" />
      </MissingDependency>
      <MissingDependency>
        <Required type="1" schemaName="tdg_unnumber" displayName="UN Number" solution="Active" />
        <Dependent type="29" displayName="Bulk Insert" id="{9ac0f16f-415d-ec11-8f8e-000d3a845870}" />
      </MissingDependency>
      <MissingDependency>
        <Required type="connectionreference" displayName="tdg_ConnectionReferenceDataverseServicePrinciple" solution="Active" id.connectionreferencelogicalname="tdg_ConnectionReferenceDataverseServicePrinciple" />
        <Dependent type="29" displayName="Download Sites" id="{38a47762-7772-ec11-8942-000d3a840e6b}" />
      </MissingDependency>
      <MissingDependency>
        <Required type="connectionreference" displayName="tdg_ConnectionReferenceDataverseServicePrinciple" solution="Active" id.connectionreferencelogicalname="tdg_ConnectionReferenceDataverseServicePrinciple" />
        <Dependent type="29" displayName="Bulk Insert" id="{9ac0f16f-415d-ec11-8f8e-000d3a845870}" />
      </MissingDependency>
      <MissingDependency>
        <Required type="connectionreference" displayName="tdg_ConnectionReferenceDataverseServicePrinciple" solution="Active" id.connectionreferencelogicalname="tdg_ConnectionReferenceDataverseServicePrinciple" />
        <Dependent type="29" displayName="ExcelLoadFlow" id="{c2191324-8b57-ec11-8f8e-0022483da607}" />
      </MissingDependency>
      <MissingDependency>
        <Required type="connectionreference" displayName="tdg_ConnectionReferenceExcelTDGCoreUser" solution="Active" id.connectionreferencelogicalname="tdg_ConnectionReferenceExcelTDGCoreUser" />
        <Dependent type="29" displayName="Bulk Insert" id="{9ac0f16f-415d-ec11-8f8e-000d3a845870}" />
      </MissingDependency>
      <MissingDependency>
        <Required type="connectionreference" displayName="tdg_ConnectionReferenceExcelTDGCoreUser" solution="Active" id.connectionreferencelogicalname="tdg_ConnectionReferenceExcelTDGCoreUser" />
        <Dependent type="29" displayName="ExcelLoadFlow" id="{c2191324-8b57-ec11-8f8e-0022483da607}" />
      </MissingDependency>
      <MissingDependency>
        <Required type="connectionreference" displayName="tdg_ConnectionReferenceSharepointTDGCoreUser" solution="Active" id.connectionreferencelogicalname="tdg_ConnectionReferenceSharepointTDGCoreUser" />
        <Dependent type="29" displayName="Download Sites" id="{38a47762-7772-ec11-8942-000d3a840e6b}" />
      </MissingDependency>
      <MissingDependency>
        <Required type="connectionreference" displayName="tdg_ConnectionReferenceSharepointTDGCoreUser" solution="Active" id.connectionreferencelogicalname="tdg_ConnectionReferenceSharepointTDGCoreUser" />
        <Dependent type="29" displayName="ExcelLoadFlow" id="{c2191324-8b57-ec11-8f8e-0022483da607}" />
      </MissingDependency>
    </MissingDependencies>
  </SolutionManifest>
</ImportExportXml>