<ImportExportXml version="9.2.23014.162" SolutionPackageVersion="9.2" languagecode="1033" generatedBy="CrmLive" xmlns:xsi="http://www.w3.org/2001/XMLSchema-instance">
  <SolutionManifest>
    <UniqueName>TC_GlobalCore_Patch_e82566d9</UniqueName>
    <LocalizedNames>
      <LocalizedName description="TDG Core Schema" languagecode="1033" />
      <LocalizedName description="TDG Core Schema" languagecode="1036" />
    </LocalizedNames>
    <Descriptions>
      <Description description="Patch for TDG Core Schema" languagecode="1033" />
      <Description description="Patch for TDG Core Schema" languagecode="1036" />
    </Descriptions>
    <ParentUniqueName>TC_GlobalCore</ParentUniqueName>
    <Version>1.145.22.0</Version>
    <Managed>0</Managed>
    <Publisher>
      <UniqueName>oversightpublisher</UniqueName>
      <LocalizedNames>
        <LocalizedName description="Oversight" languagecode="1033" />
      </LocalizedNames>
      <Descriptions>
        <Description description="This is the common solution for AvSec Inspection and TDG Inspection." languagecode="1033" />
      </Descriptions>
      <EMailAddress xsi:nil="true"></EMailAddress>
      <SupportingWebsiteUrl xsi:nil="true"></SupportingWebsiteUrl>
      <CustomizationPrefix>ovs</CustomizationPrefix>
      <CustomizationOptionValuePrefix>91864</CustomizationOptionValuePrefix>
      <Addresses>
        <Address>
          <AddressNumber>1</AddressNumber>
          <AddressTypeCode>1</AddressTypeCode>
          <City xsi:nil="true"></City>
          <County xsi:nil="true"></County>
          <Country xsi:nil="true"></Country>
          <Fax xsi:nil="true"></Fax>
          <FreightTermsCode xsi:nil="true"></FreightTermsCode>
          <ImportSequenceNumber xsi:nil="true"></ImportSequenceNumber>
          <Latitude xsi:nil="true"></Latitude>
          <Line1 xsi:nil="true"></Line1>
          <Line2 xsi:nil="true"></Line2>
          <Line3 xsi:nil="true"></Line3>
          <Longitude xsi:nil="true"></Longitude>
          <Name xsi:nil="true"></Name>
          <PostalCode xsi:nil="true"></PostalCode>
          <PostOfficeBox xsi:nil="true"></PostOfficeBox>
          <PrimaryContactName xsi:nil="true"></PrimaryContactName>
          <ShippingMethodCode>1</ShippingMethodCode>
          <StateOrProvince xsi:nil="true"></StateOrProvince>
          <Telephone1 xsi:nil="true"></Telephone1>
          <Telephone2 xsi:nil="true"></Telephone2>
          <Telephone3 xsi:nil="true"></Telephone3>
          <TimeZoneRuleVersionNumber xsi:nil="true"></TimeZoneRuleVersionNumber>
          <UPSZone xsi:nil="true"></UPSZone>
          <UTCOffset xsi:nil="true"></UTCOffset>
          <UTCConversionTimeZoneCode xsi:nil="true"></UTCConversionTimeZoneCode>
        </Address>
        <Address>
          <AddressNumber>2</AddressNumber>
          <AddressTypeCode>1</AddressTypeCode>
          <City xsi:nil="true"></City>
          <County xsi:nil="true"></County>
          <Country xsi:nil="true"></Country>
          <Fax xsi:nil="true"></Fax>
          <FreightTermsCode xsi:nil="true"></FreightTermsCode>
          <ImportSequenceNumber xsi:nil="true"></ImportSequenceNumber>
          <Latitude xsi:nil="true"></Latitude>
          <Line1 xsi:nil="true"></Line1>
          <Line2 xsi:nil="true"></Line2>
          <Line3 xsi:nil="true"></Line3>
          <Longitude xsi:nil="true"></Longitude>
          <Name xsi:nil="true"></Name>
          <PostalCode xsi:nil="true"></PostalCode>
          <PostOfficeBox xsi:nil="true"></PostOfficeBox>
          <PrimaryContactName xsi:nil="true"></PrimaryContactName>
          <ShippingMethodCode>1</ShippingMethodCode>
          <StateOrProvince xsi:nil="true"></StateOrProvince>
          <Telephone1 xsi:nil="true"></Telephone1>
          <Telephone2 xsi:nil="true"></Telephone2>
          <Telephone3 xsi:nil="true"></Telephone3>
          <TimeZoneRuleVersionNumber xsi:nil="true"></TimeZoneRuleVersionNumber>
          <UPSZone xsi:nil="true"></UPSZone>
          <UTCOffset xsi:nil="true"></UTCOffset>
          <UTCConversionTimeZoneCode xsi:nil="true"></UTCConversionTimeZoneCode>
        </Address>
      </Addresses>
    </Publisher>
    <RootComponents>
      <RootComponent type="1" schemaName="cid_invitation" behavior="2" />
      <RootComponent type="1" schemaName="fdr_servicerequest" behavior="2" />
      <RootComponent type="9" schemaName="fdr_crsdstatus" behavior="0" />
    </RootComponents>
    <MissingDependencies>
      <MissingDependency>
        <Required type="1" schemaName="cid_invitation" displayName="CID Invitation " solution="Active" />
        <Dependent type="1" schemaName="cid_invitation" displayName="CID Invitation " />
      </MissingDependency>
      <MissingDependency>
        <Required type="1" schemaName="fdr_servicerequest" displayName="Service Request" solution="Active" />
        <Dependent type="1" schemaName="fdr_servicerequest" displayName="Service Request" />
      </MissingDependency>
      <MissingDependency>
        <Required type="10" schemaName="cid_cid_invitation_companyname_account" displayName="cid_cid_invitation_companyname_account" parentSchemaName="account" parentDisplayName="Account" solution="Active" />
        <Dependent type="60" displayName="Information" parentDisplayName="CID Invitation " id="{d0f2f418-fe55-44ac-b334-f5bd1b2f9e72}" />
      </MissingDependency>
      <MissingDependency>
        <Required type="10" schemaName="cid_cid_invitation_Invitation_adx_invitation" displayName="cid_cid_invitation_Invitation_adx_invitation" parentSchemaName="adx_invitation" parentDisplayName="Invitation" solution="Active" />
        <Dependent type="60" displayName="Information" parentDisplayName="CID Invitation " id="{d0f2f418-fe55-44ac-b334-f5bd1b2f9e72}" />
      </MissingDependency>
      <MissingDependency>
        <Required type="10" schemaName="cid_cid_invitation_invitedcontact_contact" displayName="cid_cid_invitation_invitedcontact_contact" parentSchemaName="contact" parentDisplayName="Contact" solution="Active" />
        <Dependent type="60" displayName="Information" parentDisplayName="CID Invitation " id="{d0f2f418-fe55-44ac-b334-f5bd1b2f9e72}" />
      </MissingDependency>
      <MissingDependency>
        <Required type="2" schemaName="cid_companyaddress" displayName="Company Address" parentSchemaName="cid_invitation" parentDisplayName="CID Invitation " solution="Active" />
        <Dependent type="60" displayName="Information" parentDisplayName="CID Invitation " id="{d0f2f418-fe55-44ac-b334-f5bd1b2f9e72}" />
      </MissingDependency>
      <MissingDependency>
        <Required type="2" schemaName="cid_companyname" displayName="Company Name" parentSchemaName="cid_invitation" parentDisplayName="CID Invitation " solution="Active" />
        <Dependent type="60" displayName="Information" parentDisplayName="CID Invitation " id="{d0f2f418-fe55-44ac-b334-f5bd1b2f9e72}" />
      </MissingDependency>
      <MissingDependency>
        <Required type="2" schemaName="cid_companyprovince" displayName="Company Province" parentSchemaName="cid_invitation" parentDisplayName="CID Invitation " solution="Active" />
        <Dependent type="60" displayName="Information" parentDisplayName="CID Invitation " id="{d0f2f418-fe55-44ac-b334-f5bd1b2f9e72}" />
      </MissingDependency>
      <MissingDependency>
        <Required type="2" schemaName="cid_companystatus" displayName="Company Status" parentSchemaName="cid_invitation" parentDisplayName="CID Invitation " solution="Active" />
        <Dependent type="60" displayName="Information" parentDisplayName="CID Invitation " id="{d0f2f418-fe55-44ac-b334-f5bd1b2f9e72}" />
      </MissingDependency>
      <MissingDependency>
        <Required type="2" schemaName="cid_invitation" displayName="Invitation" parentSchemaName="cid_invitation" parentDisplayName="CID Invitation " solution="Active" />
        <Dependent type="60" displayName="Information" parentDisplayName="CID Invitation " id="{d0f2f418-fe55-44ac-b334-f5bd1b2f9e72}" />
      </MissingDependency>
      <MissingDependency>
        <Required type="2" schemaName="cid_invitationsenton" displayName="Invitation Sent On" parentSchemaName="cid_invitation" parentDisplayName="CID Invitation " solution="Active" />
        <Dependent type="60" displayName="Information" parentDisplayName="CID Invitation " id="{d0f2f418-fe55-44ac-b334-f5bd1b2f9e72}" />
      </MissingDependency>
      <MissingDependency>
        <Required type="2" schemaName="cid_invitationvaliduntil" displayName="Invitation Valid Until" parentSchemaName="cid_invitation" parentDisplayName="CID Invitation " solution="Active" />
        <Dependent type="60" displayName="Information" parentDisplayName="CID Invitation " id="{d0f2f418-fe55-44ac-b334-f5bd1b2f9e72}" />
      </MissingDependency>
      <MissingDependency>
        <Required type="2" schemaName="cid_invitedcontact" displayName="Invited Contact" parentSchemaName="cid_invitation" parentDisplayName="CID Invitation " solution="Active" />
        <Dependent type="60" displayName="Information" parentDisplayName="CID Invitation " id="{d0f2f418-fe55-44ac-b334-f5bd1b2f9e72}" />
      </MissingDependency>
      <MissingDependency>
        <Required type="2" schemaName="cid_invitedcontactemail" displayName="Invited Contact Email" parentSchemaName="cid_invitation" parentDisplayName="CID Invitation " solution="Active" />
        <Dependent type="60" displayName="Information" parentDisplayName="CID Invitation " id="{d0f2f418-fe55-44ac-b334-f5bd1b2f9e72}" />
      </MissingDependency>
      <MissingDependency>
        <Required type="2" schemaName="cid_name" displayName="Name" parentSchemaName="cid_invitation" parentDisplayName="CID Invitation " solution="Active" />
        <Dependent type="60" displayName="Information" parentDisplayName="CID Invitation " id="{d0f2f418-fe55-44ac-b334-f5bd1b2f9e72}" />
      </MissingDependency>
      <MissingDependency>
        <Required type="2" schemaName="ownerid" displayName="Owner" parentSchemaName="cid_invitation" parentDisplayName="CID Invitation " solution="Active" />
        <Dependent type="60" displayName="Information" parentDisplayName="CID Invitation " id="{d0f2f418-fe55-44ac-b334-f5bd1b2f9e72}" />
      </MissingDependency>
    </MissingDependencies>
  </SolutionManifest>
</ImportExportXml>