<entities >
  <entity name="ovs_unplannedforecast" displayname="Unplanned Forecast" etc="10492" primaryidfield="ovs_unplannedforecastid" primarynamefield="ovs_name" disableplugins="false">
    <fields>
      <field displayname="Fiscal Year" name="ovs_fiscalyear" type="entityreference" lookupType="tc_tcfiscalyear" customfield="true" />
      <field displayname="Inspection Type" name="ovs_oversighttype" type="entityreference" lookupType="ovs_oversighttype" customfield="true" />
      <field displayname="Name" name="ovs_name" type="string" customfield="true" />
      <field displayname="Q1" name="ovs_q1" type="number" customfield="true" />
      <field displayname="Q2" name="ovs_q2" type="number" customfield="true" />
      <field displayname="Q3" name="ovs_q3" type="number" customfield="true" />
      <field displayname="Q4" name="ovs_q4" type="number" customfield="true" />
      <field displayname="Region" name="ovs_region" type="entityreference" lookupType="territory" customfield="true" />
      <field displayname="Total Forecast" name="ovs_forecast" type="number" customfield="true" />
      <field displayname="Unplanned Forecast" name="ovs_unplannedforecastid" type="guid" primaryKey="true" />
    </fields>
  </entity>
  <entity name="ovs_oversighttype" displayname="Oversight Type" etc="10261" primaryidfield="ovs_oversighttypeid" primarynamefield="ovs_name" disableplugins="false">
    <fields>
      <field displayname="Oversight Type" name="ovs_oversighttypeid" type="guid" primaryKey="true" />
      <field displayname="Name" name="ovs_name" type="string" customfield="true" />
      <field displayname="Oversight Type Name (English)" name="ovs_oversighttypenameenglish" type="string" customfield="true" />
      <field displayname="Oversight Type Name (French)" name="ovs_oversighttypenamefrench" type="string" customfield="true" />
    </fields>
  </entity>
  <entity name="territory" displayname="Region" etc="2013" primaryidfield="territoryid" primarynamefield="name" disableplugins="false">
    <fields>
      <field displayname="Territory" name="territoryid" type="guid" primaryKey="true" />
      <field displayname="Territory Name" name="name" type="string" />
      <field displayname="Territory Name (English)" name="ovs_territorynameenglish" type="string" customfield="true" />
      <field displayname="Territory Name (French)" name="ovs_territorynamefrench" type="string" customfield="true" />
    </fields>
  </entity>
</entities>