<environmentvariabledefinition schemaname="ovs_IPT_webjob_basic">
  <defaultvalue>Basic JGlwdGNhbGN3ZWJqb2JfX2RldjpXZTlpS2Y5MUhyR1BnZndESE1XcDRZSDV5cFoyb2xMS0dTTDJGNE1jTGxRUVlxRkEyUXdiUm1lN2JzeHI=</defaultvalue>
  <displayname default="IPT_webjob_basic">
    <label description="IPT_webjob_basic" languagecode="1033" />
  </displayname>
  <introducedversion>1.0.0.0</introducedversion>
  <iscustomizable>1</iscustomizable>
  <isrequired>0</isrequired>
  <secretstore>0</secretstore>
  <type>100000000</type>
</environmentvariabledefinition>