<ImportExportXml xmlns:xsi="http://www.w3.org/2001/XMLSchema-instance">
  <Entities>
    <Entity>
      <Name LocalizedName="Template" OriginalName="Template">qm_sytemplate</Name>
      <FormXml>
        <forms type="main">
          <systemform>
            <formid>{5e40ccd7-d32a-eb11-a813-000d3af3a7a7}</formid>
            <IntroducedVersion>1.0.0.0</IntroducedVersion>
            <FormPresentation>1</FormPresentation>
            <FormActivationState>1</FormActivationState>
            <form headerdensity="HighWithControls" shownavigationbar="true" showImage="false" maxWidth="1920">
              <tabs>
                <tab verticallayout="true" id="{577b9b2e-1971-4cd6-8591-6663ff39b327}" IsUserDefined="1" name="{577b9b2e-1971-4cd6-8591-6663ff39b327}" locklevel="0" expanded="true" showlabel="true" labelid="{46cb1091-afc9-4b97-98c8-104044ae9dc9}">
                  <labels>
                    <label description="General" languagecode="1033" />
                  </labels>
                  <columns>
                    <column width="100%">
                      <sections>
                        <section showlabel="false" showbar="false" IsUserDefined="0" id="{96d0ae62-4c3e-4d2c-b89e-bedefc0e9299}" name="{96d0ae62-4c3e-4d2c-b89e-bedefc0e9299}" columns="11" locklevel="0" labelwidth="70" celllabelalignment="Left" celllabelposition="Top" labelid="{9847c163-eb45-4b47-af8e-3646f279c4a1}">
                          <labels>
                            <label description="General" languagecode="1033" />
                          </labels>
                          <rows>
                            <row>
                              <cell id="{0ba1fc61-5112-4ceb-95ff-cd61205285a6}" labelid="{61359dde-4dc5-4abe-a497-87949e1c9270}" showlabel="true" locklevel="0">
                                <labels>
                                  <label description="Name" languagecode="1033" />
                                </labels>
                                <control id="qm_name" classid="{4273EDBD-AC1D-40d3-9FB2-095C621B552D}" datafieldname="qm_name" uniqueid="{7473ac72-ec7e-5ab0-09ac-32b655c91a1a}" disabled="false" />
                              </cell>
                              <cell locklevel="0" id="{9f48bd36-70c1-4eae-aa59-d92124a5c6ac}" showlabel="false" labelid="{19d9c722-46e4-4922-9745-1559218f3f37}">
                                <labels>
                                  <label description="" languagecode="1033" />
                                </labels>
                              </cell>
                            </row>
                            <row>
                              <cell id="{d99b5b9f-1f01-483b-bcef-3fa4449376a4}" locklevel="0" labelid="{235c69f6-7aa8-4187-b32f-e373c7c9451d}">
                                <labels>
                                  <label description="Template English Name" languagecode="1033" />
                                </labels>
                                <control id="qm_templateenm" classid="{4273EDBD-AC1D-40D3-9FB2-095C621B552D}" datafieldname="qm_templateenm" disabled="false" uniqueid="{8e6e8282-8135-7e7c-05bc-5cad98b33d31}" />
                              </cell>
                              <cell locklevel="0" id="{ea7e7916-c078-48f3-8489-c0e235000684}" showlabel="false" labelid="{8faaec6c-eb3b-4d6d-9f8c-4e7c106319f1}">
                                <labels>
                                  <label description="" languagecode="1033" />
                                </labels>
                              </cell>
                            </row>
                            <row>
                              <cell id="{c5e4e471-160a-4080-9b3f-a5079b1093cc}" locklevel="0" labelid="{bd769d7b-08f2-48f5-a655-cd6dd580706c}">
                                <labels>
                                  <label description="Template French Name" languagecode="1033" />
                                </labels>
                                <control id="qm_templatefnm" classid="{4273EDBD-AC1D-40D3-9FB2-095C621B552D}" datafieldname="qm_templatefnm" disabled="false" uniqueid="{a6da3b83-a899-0832-563c-e306b4c40264}" />
                              </cell>
                              <cell locklevel="0" id="{0e9a0bf7-8be2-475a-840b-8a743319fe01}" showlabel="false" labelid="{892833b4-18c8-4213-991d-a47207c6182d}">
                                <labels>
                                  <label description="" languagecode="1033" />
                                </labels>
                              </cell>
                            </row>
                            <row>
                              <cell id="{ece9931d-4c4e-48e6-888d-98f307f27534}" locklevel="0" labelid="{6d51f0e7-5699-40ff-9623-5966b0c51559}">
                                <labels>
                                  <label description="Template English Description" languagecode="1033" />
                                </labels>
                                <control id="qm_templatedescetxt" classid="{4273EDBD-AC1D-40D3-9FB2-095C621B552D}" datafieldname="qm_templatedescetxt" disabled="false" uniqueid="{31689664-87ba-ec0e-8d51-681ca9128803}" />
                              </cell>
                              <cell locklevel="0" id="{0f83622b-2918-4dbf-87bd-382b5d24b5f9}" showlabel="false" labelid="{2636c169-b795-4830-8a50-be629caaf1b1}">
                                <labels>
                                  <label description="" languagecode="1033" />
                                </labels>
                              </cell>
                            </row>
                            <row>
                              <cell id="{6b8b6c1b-2221-427b-b77a-c9d51493e52a}" locklevel="0" labelid="{11a79e6a-e109-4cfe-9763-f5ef0962e5fd}">
                                <labels>
                                  <label description="Template French Description" languagecode="1033" />
                                </labels>
                                <control id="qm_templatedescftxt" classid="{4273EDBD-AC1D-40D3-9FB2-095C621B552D}" datafieldname="qm_templatedescftxt" disabled="false" uniqueid="{a0651c05-b99e-4017-94aa-ac79e4aa25c4}" />
                              </cell>
                              <cell id="{c9b747c8-95b5-9743-53d6-598e1d9936a3}" showlabel="false" labelid="{d63eb14f-8a5b-4044-b85d-28960281b486}">
                                <labels>
                                  <label description="" languagecode="1033" />
                                </labels>
                              </cell>
                            </row>
                          </rows>
                        </section>
                      </sections>
                    </column>
                  </columns>
                </tab>
                <tab name="tab_2" id="be7a9946-bab7-4a7f-be6f-2c58d6bcb051" IsUserDefined="0" locklevel="0" showlabel="true" expanded="true" labelid="{f3be7e88-59ee-4f17-9448-60f8f9e5a2c8}">
                  <labels>
                    <label description="Builder" languagecode="1033" />
                  </labels>
                  <columns>
                    <column width="100%">
                      <sections>
                        <section name="tab_2_section_1" id="93ab8f82-84af-4b79-8028-2bac4d779435" IsUserDefined="0" locklevel="0" showlabel="false" showbar="false" layout="varwidth" celllabelalignment="Left" celllabelposition="Left" columns="1" labelwidth="115" height="auto" labelid="{03c42141-1076-4bd3-a1cb-cbf7d40d81ba}">
                          <labels>
                            <label description="New Section" languagecode="1033" />
                          </labels>
                          <rows>
                            <row>
                              <cell id="{6d3c72c4-9888-7696-5155-84a3e62bdb92}" showlabel="false" colspan="1" auto="true" rowspan="25" labelid="{20c9bd82-9386-4d2b-b44d-483ab248245e}">
                                <labels>
                                  <label description="Builder" languagecode="1033" />
                                </labels>
                                <control id="WebResource_BuilderTemplateForm" classid="{9FDF5F91-88B1-47f4-AD53-C11EFC01A01D}">
                                  <parameters>
                                    <Url>qm_builder.html</Url>
                                    <PassParameters>true</PassParameters>
                                    <ShowOnMobileClient>false</ShowOnMobileClient>
                                    <Security>false</Security>
                                    <Scrolling>auto</Scrolling>
                                    <Border>false</Border>
                                    <WebResourceId>{981D984A-D22A-EB11-A813-000D3AF3A7A7}</WebResourceId>
                                  </parameters>
                                </control>
                                <events>
                                  <event name="onload" application="false">
                                    <dependencies />
                                  </event>
                                </events>
                              </cell>
                            </row>
                            <row />
                            <row />
                            <row />
                            <row />
                            <row />
                            <row />
                            <row />
                            <row />
                            <row />
                            <row />
                            <row />
                            <row />
                            <row />
                            <row />
                            <row />
                            <row />
                            <row />
                            <row />
                            <row />
                            <row />
                            <row />
                            <row />
                            <row />
                            <row height="auto" />
                          </rows>
                        </section>
                      </sections>
                    </column>
                  </columns>
                </tab>
                <tab name="tab_3" id="{c509ebd6-4e34-6722-d1b8-99a7ece42b5e}" IsUserDefined="0" locklevel="0" showlabel="true" expanded="false">
                  <labels>
                    <label description="JSON Preview" languagecode="1033" />
                  </labels>
                  <columns>
                    <column width="100%">
                      <sections>
                        <section name="tab_3_section_1" showlabel="false" showbar="false" locklevel="0" id="{ca0baabb-1482-0116-a570-34a72aed8a62}" IsUserDefined="0" layout="varwidth" columns="11" labelwidth="115" celllabelalignment="Left" celllabelposition="Top" height="auto">
                          <labels>
                            <label description="Section" languagecode="1033" />
                          </labels>
                          <rows>
                            <row>
                              <cell id="{d7196ec5-caeb-0273-5750-a0bbad07bdd0}" showlabel="true" locklevel="0" auto="true" rowspan="10" colspan="2">
                                <labels>
                                  <label description="Template JSON" languagecode="1033" />
                                </labels>
                                <control id="qm_templatejsontxt" classid="{E0DECE4B-6FC8-4a8f-A065-082708572369}" datafieldname="qm_templatejsontxt" disabled="false" uniqueid="{a80657d1-ede5-ee74-32cd-4c56d4cee294}" />
                              </cell>
                            </row>
                            <row />
                            <row />
                            <row />
                            <row />
                            <row />
                            <row />
                            <row />
                            <row />
                            <row height="auto" />
                          </rows>
                        </section>
                      </sections>
                    </column>
                  </columns>
                </tab>
              </tabs>
              <Navigation>
                <NavBar></NavBar>
                <NavBarAreas>
                  <NavBarArea Id="Info">
                    <Titles>
                      <Title LCID="1033" Text="Common" />
                    </Titles>
                  </NavBarArea>
                  <NavBarArea Id="Sales">
                    <Titles>
                      <Title LCID="1033" Text="Sales" />
                    </Titles>
                  </NavBarArea>
                  <NavBarArea Id="Service">
                    <Titles>
                      <Title LCID="1033" Text="Service" />
                    </Titles>
                  </NavBarArea>
                  <NavBarArea Id="Marketing">
                    <Titles>
                      <Title LCID="1033" Text="Marketing" />
                    </Titles>
                  </NavBarArea>
                  <NavBarArea Id="ProcessCenter">
                    <Titles>
                      <Title LCID="1033" Text="Process Sessions" />
                    </Titles>
                  </NavBarArea>
                </NavBarAreas>
              </Navigation>
              <controlDescriptions />
              <header id="{23a97581-dc62-4e84-ad30-aa411e027636}" celllabelposition="Top" columns="111" labelwidth="115" celllabelalignment="Left">
                <rows>
                  <row>
                    <cell id="{883388e1-33ab-4f76-9714-3194f4f75e57}" showlabel="false" labelid="{ac1725a6-0d1c-4952-a472-823b85940acc}">
                      <labels>
                        <label description="" languagecode="1033" />
                      </labels>
                    </cell>
                    <cell id="{d088ddf8-0eba-462a-99b1-619c2cf13396}" showlabel="false" labelid="{12b37604-1a97-41c8-941b-1e93127d8987}">
                      <labels>
                        <label description="" languagecode="1033" />
                      </labels>
                    </cell>
                    <cell id="{42da0747-d540-43c2-a07e-2dac842a274f}" showlabel="false" labelid="{32b96a1f-a17a-462d-9d2f-4f60bbc69d36}">
                      <labels>
                        <label description="" languagecode="1033" />
                      </labels>
                    </cell>
                  </row>
                </rows>
              </header>
              <footer id="{edbf43c5-480d-419e-8b1b-ffa8d720ad64}" celllabelposition="Top" columns="111" labelwidth="115" celllabelalignment="Left">
                <rows>
                  <row>
                    <cell id="{eac66258-2998-4588-8e96-f33016403d86}" showlabel="false" labelid="{4000371d-8d00-4d16-a951-db87ff945996}">
                      <labels>
                        <label description="" languagecode="1033" />
                      </labels>
                    </cell>
                    <cell id="{da241a5e-99c3-4ba4-bd30-6a3a47e3bf19}" showlabel="false" labelid="{9156aeeb-c83d-483f-9b65-a172aaa79211}">
                      <labels>
                        <label description="" languagecode="1033" />
                      </labels>
                    </cell>
                    <cell id="{ebb04f7b-75d4-4d6c-8fbf-7f13d7f8f74d}" showlabel="false" labelid="{76c453a4-28da-4af2-aabd-1c803246e357}">
                      <labels>
                        <label description="" languagecode="1033" />
                      </labels>
                    </cell>
                  </row>
                </rows>
              </footer>
              <formLibraries>
                <Library name="qm_globalHelper.js" libraryUniqueId="{6a79c1b7-2c57-39c1-22d7-a1665837ce55}" />
                <Library name="qm_templateForm.js" libraryUniqueId="{64e8d66c-9bb3-c700-c027-56071b3a9c9a}" />
              </formLibraries>
              <events>
                <event name="onload" application="false" active="false">
                  <Handlers>
                    <Handler functionName="TemplateMainForm.OnLoad" libraryName="qm_templateForm.js" handlerUniqueId="{674a3788-77b1-3744-d654-3dc5b69a1ee9}" enabled="true" parameters="" passExecutionContext="true" />
                  </Handlers>
                </event>
                <event name="onsave" application="false" active="false">
                  <Handlers>
                    <Handler functionName="TemplateMainForm.OnSave" libraryName="qm_templateForm.js" handlerUniqueId="{aca839cb-7135-b8bb-6a91-629a532674de}" enabled="true" parameters="" passExecutionContext="true" />
                  </Handlers>
                </event>
              </events>
              <DisplayConditions Order="1" FallbackForm="true">
                <Role Id="{4B00CD47-0217-EB11-A813-000D3AF3AC0D}" />
                <Role Id="{627090ff-40a3-4053-8790-584edc5be201}" />
                <Role Id="{119f245c-3cc8-4b62-b31c-d1a046ced15d}" />
              </DisplayConditions>
            </form>
            <IsCustomizable>1</IsCustomizable>
            <CanBeDeleted>1</CanBeDeleted>
            <LocalizedNames>
              <LocalizedName description="Template" languagecode="1033" />
            </LocalizedNames>
            <Descriptions>
              <Description description="A form for this entity." languagecode="1033" />
            </Descriptions>
          </systemform>
        </forms>
      </FormXml>
      <RibbonDiffXml>
        <CustomActions />
        <Templates>
          <RibbonTemplates Id="Mscrm.Templates"></RibbonTemplates>
        </Templates>
        <CommandDefinitions />
        <RuleDefinitions>
          <TabDisplayRules />
          <DisplayRules />
          <EnableRules />
        </RuleDefinitions>
        <LocLabels />
      </RibbonDiffXml>
    </Entity>
  </Entities>
  <Roles></Roles>
  <Workflows></Workflows>
  <FieldSecurityProfiles></FieldSecurityProfiles>
  <Templates />
  <EntityMaps />
  <EntityRelationships />
  <OrganizationSettings />
  <optionsets />
  <WebResources>
    <WebResource>
      <WebResourceId>{6b5e1e47-b92a-eb11-a813-000d3af3a7a7}</WebResourceId>
      <Name>qm_templateForm.js</Name>
      <DisplayName>Template Form Javascript</DisplayName>
      <WebResourceType>3</WebResourceType>
      <IntroducedVersion>1.0.0.0</IntroducedVersion>
      <IsEnabledForMobileClient>0</IsEnabledForMobileClient>
      <IsAvailableForMobileOffline>0</IsAvailableForMobileOffline>
      <DependencyXml>&lt;Dependencies&gt;&lt;Dependency componentType="WebResource"/&gt;&lt;/Dependencies&gt;</DependencyXml>
      <IsCustomizable>1</IsCustomizable>
      <CanBeDeleted>1</CanBeDeleted>
      <IsHidden>0</IsHidden>
      <FileName>/WebResources/qm_templateFormjs6B5E1E47-B92A-EB11-A813-000D3AF3A7A7</FileName>
    </WebResource>
    <WebResource>
      <WebResourceId>{a8bc2daf-b92a-eb11-a813-000d3af3a7a7}</WebResourceId>
      <Name>qm_questionnaireFunctions.js</Name>
      <DisplayName>Questionnaire Management Functions Javascript</DisplayName>
      <WebResourceType>3</WebResourceType>
      <IntroducedVersion>1.0.0.0</IntroducedVersion>
      <IsEnabledForMobileClient>0</IsEnabledForMobileClient>
      <IsAvailableForMobileOffline>0</IsAvailableForMobileOffline>
      <DependencyXml>&lt;Dependencies&gt;&lt;Dependency componentType="WebResource"/&gt;&lt;/Dependencies&gt;</DependencyXml>
      <IsCustomizable>1</IsCustomizable>
      <CanBeDeleted>1</CanBeDeleted>
      <IsHidden>0</IsHidden>
      <FileName>/WebResources/qm_questionnaireFunctionsjsA8BC2DAF-B92A-EB11-A813-000D3AF3A7A7</FileName>
    </WebResource>
    <WebResource>
      <WebResourceId>{981d984a-d22a-eb11-a813-000d3af3a7a7}</WebResourceId>
      <Name>qm_builder.html</Name>
      <DisplayName>Questionnaire Builder</DisplayName>
      <WebResourceType>1</WebResourceType>
      <IntroducedVersion>1.0.0.0</IntroducedVersion>
      <IsEnabledForMobileClient>0</IsEnabledForMobileClient>
      <IsAvailableForMobileOffline>0</IsAvailableForMobileOffline>
      <DependencyXml>&lt;Dependencies&gt;&lt;Dependency componentType="WebResource"/&gt;&lt;/Dependencies&gt;</DependencyXml>
      <IsCustomizable>1</IsCustomizable>
      <CanBeDeleted>1</CanBeDeleted>
      <IsHidden>0</IsHidden>
      <FileName>/WebResources/qm_builderhtml981D984A-D22A-EB11-A813-000D3AF3A7A7</FileName>
    </WebResource>
    <WebResource>
      <WebResourceId>{30158e64-d22a-eb11-a813-000d3af3a7a7}</WebResourceId>
      <Name>qm_render.html</Name>
      <DisplayName>Questionnaire Render</DisplayName>
      <WebResourceType>1</WebResourceType>
      <IntroducedVersion>1.0.0.0</IntroducedVersion>
      <IsEnabledForMobileClient>0</IsEnabledForMobileClient>
      <IsAvailableForMobileOffline>0</IsAvailableForMobileOffline>
      <DependencyXml>&lt;Dependencies&gt;&lt;Dependency componentType="WebResource"/&gt;&lt;/Dependencies&gt;</DependencyXml>
      <IsCustomizable>1</IsCustomizable>
      <CanBeDeleted>1</CanBeDeleted>
      <IsHidden>0</IsHidden>
      <FileName>/WebResources/qm_renderhtml30158E64-D22A-EB11-A813-000D3AF3A7A7</FileName>
    </WebResource>
    <WebResource>
      <WebResourceId>{6be8e99d-d22a-eb11-a813-000d3af3a7a7}</WebResourceId>
      <Name>qm_favicon.ico</Name>
      <WebResourceType>10</WebResourceType>
      <IntroducedVersion>1.0.0.0</IntroducedVersion>
      <IsEnabledForMobileClient>0</IsEnabledForMobileClient>
      <IsAvailableForMobileOffline>0</IsAvailableForMobileOffline>
      <DependencyXml>&lt;Dependencies&gt;&lt;Dependency componentType="WebResource"/&gt;&lt;/Dependencies&gt;</DependencyXml>
      <IsCustomizable>1</IsCustomizable>
      <CanBeDeleted>1</CanBeDeleted>
      <IsHidden>0</IsHidden>
      <FileName>/WebResources/qm_faviconico6BE8E99D-D22A-EB11-A813-000D3AF3A7A7</FileName>
    </WebResource>
    <WebResource>
      <WebResourceId>{e4a99e09-d32a-eb11-a813-000d3af3a7a7}</WebResourceId>
      <Name>qm_app.js</Name>
      <DisplayName>Questionnaire Management Application Javascript</DisplayName>
      <WebResourceType>3</WebResourceType>
      <IntroducedVersion>1.0.0.0</IntroducedVersion>
      <IsEnabledForMobileClient>0</IsEnabledForMobileClient>
      <IsAvailableForMobileOffline>0</IsAvailableForMobileOffline>
      <DependencyXml>&lt;Dependencies&gt;&lt;Dependency componentType="WebResource"/&gt;&lt;/Dependencies&gt;</DependencyXml>
      <IsCustomizable>1</IsCustomizable>
      <CanBeDeleted>1</CanBeDeleted>
      <IsHidden>0</IsHidden>
      <FileName>/WebResources/qm_appjsE4A99E09-D32A-EB11-A813-000D3AF3A7A7</FileName>
    </WebResource>
    <WebResource>
      <WebResourceId>{bf12f64f-d32a-eb11-a813-000d3af3a7a7}</WebResourceId>
      <Name>qm_chunk-vendors.js</Name>
      <WebResourceType>3</WebResourceType>
      <IntroducedVersion>1.0.0.0</IntroducedVersion>
      <IsEnabledForMobileClient>0</IsEnabledForMobileClient>
      <IsAvailableForMobileOffline>0</IsAvailableForMobileOffline>
      <DependencyXml>&lt;Dependencies&gt;&lt;Dependency componentType="WebResource"/&gt;&lt;/Dependencies&gt;</DependencyXml>
      <IsCustomizable>1</IsCustomizable>
      <CanBeDeleted>1</CanBeDeleted>
      <IsHidden>0</IsHidden>
      <FileName>/WebResources/qm_chunk-vendorsjsBF12F64F-D32A-EB11-A813-000D3AF3A7A7</FileName>
    </WebResource>
    <WebResource>
      <WebResourceId>{a823dc62-d32a-eb11-a813-000d3af3a7a7}</WebResourceId>
      <Name>qm_app.css</Name>
      <WebResourceType>2</WebResourceType>
      <IntroducedVersion>1.0.0.0</IntroducedVersion>
      <IsEnabledForMobileClient>0</IsEnabledForMobileClient>
      <IsAvailableForMobileOffline>0</IsAvailableForMobileOffline>
      <DependencyXml>&lt;Dependencies&gt;&lt;Dependency componentType="WebResource"/&gt;&lt;/Dependencies&gt;</DependencyXml>
      <IsCustomizable>1</IsCustomizable>
      <CanBeDeleted>1</CanBeDeleted>
      <IsHidden>0</IsHidden>
      <FileName>/WebResources/qm_appcssA823DC62-D32A-EB11-A813-000D3AF3A7A7</FileName>
    </WebResource>
    <WebResource>
      <WebResourceId>{964e7175-d32a-eb11-a813-000d3af3a7a7}</WebResourceId>
      <Name>qm_chunk-vendors.css</Name>
      <WebResourceType>2</WebResourceType>
      <IntroducedVersion>1.0.0.0</IntroducedVersion>
      <IsEnabledForMobileClient>0</IsEnabledForMobileClient>
      <IsAvailableForMobileOffline>0</IsAvailableForMobileOffline>
      <DependencyXml>&lt;Dependencies&gt;&lt;Dependency componentType="WebResource"/&gt;&lt;/Dependencies&gt;</DependencyXml>
      <IsCustomizable>1</IsCustomizable>
      <CanBeDeleted>1</CanBeDeleted>
      <IsHidden>0</IsHidden>
      <FileName>/WebResources/qm_chunk-vendorscss964E7175-D32A-EB11-A813-000D3AF3A7A7</FileName>
    </WebResource>
    <WebResource>
      <WebResourceId>{35f57f85-612b-eb11-a813-000d3af3a7a7}</WebResourceId>
      <Name>qm_globalHelper.js</Name>
      <DisplayName>Questionnaire Management Global Helper</DisplayName>
      <WebResourceType>3</WebResourceType>
      <IntroducedVersion>1.0.0.0</IntroducedVersion>
      <IsEnabledForMobileClient>0</IsEnabledForMobileClient>
      <IsAvailableForMobileOffline>0</IsAvailableForMobileOffline>
      <DependencyXml>&lt;Dependencies&gt;&lt;Dependency componentType="WebResource"/&gt;&lt;/Dependencies&gt;</DependencyXml>
      <IsCustomizable>1</IsCustomizable>
      <CanBeDeleted>1</CanBeDeleted>
      <IsHidden>0</IsHidden>
      <FileName>/WebResources/qm_globalHelperjs35F57F85-612B-EB11-A813-000D3AF3A7A7</FileName>
    </WebResource>
    <WebResource>
      <WebResourceId>{97fcfa90-ce3b-eb11-a813-000d3af3a7a7}</WebResourceId>
      <Name>qm_ServiceTask_Ribbons.js</Name>
      <DisplayName>ServiceTask_Ribbons.js</DisplayName>
      <WebResourceType>3</WebResourceType>
      <IntroducedVersion>1.0.0.1</IntroducedVersion>
      <IsEnabledForMobileClient>0</IsEnabledForMobileClient>
      <IsAvailableForMobileOffline>0</IsAvailableForMobileOffline>
      <DependencyXml>&lt;Dependencies&gt;&lt;Dependency componentType="WebResource"/&gt;&lt;/Dependencies&gt;</DependencyXml>
      <IsCustomizable>1</IsCustomizable>
      <CanBeDeleted>1</CanBeDeleted>
      <IsHidden>0</IsHidden>
      <FileName>/WebResources/qm_ServiceTask_Ribbonsjs97FCFA90-CE3B-EB11-A813-000D3AF3A7A7</FileName>
    </WebResource>
    <WebResource>
      <WebResourceId>{2cd9d354-632b-eb11-a813-000d3af3fc19}</WebResourceId>
      <Name>qm_serviceTaskForm.js</Name>
      <DisplayName>Service Task Form Javascript</DisplayName>
      <WebResourceType>3</WebResourceType>
      <IntroducedVersion>1.0.0.0</IntroducedVersion>
      <IsEnabledForMobileClient>0</IsEnabledForMobileClient>
      <IsAvailableForMobileOffline>0</IsAvailableForMobileOffline>
      <DependencyXml>&lt;Dependencies&gt;&lt;Dependency componentType="WebResource"/&gt;&lt;/Dependencies&gt;</DependencyXml>
      <IsCustomizable>1</IsCustomizable>
      <CanBeDeleted>1</CanBeDeleted>
      <IsHidden>0</IsHidden>
      <FileName>/WebResources/qm_serviceTaskFormjs2CD9D354-632B-EB11-A813-000D3AF3FC19</FileName>
    </WebResource>
  </WebResources>
  <CustomControls />
  <EntityDataProviders />
  <Languages>
    <Language>1033</Language>
    <Language>1036</Language>
  </Languages>
</ImportExportXml>