<ImportExportXml version="9.1.0.27028" SolutionPackageVersion="9.1" languagecode="1033" generatedBy="CrmLive" xmlns:xsi="http://www.w3.org/2001/XMLSchema-instance">
  <SolutionManifest>
    <UniqueName>TC_GlobalCore_Patch_7e0de277</UniqueName>
    <LocalizedNames>
      <LocalizedName description="TC.GlobalCore" languagecode="1033" />
    </LocalizedNames>
    <Descriptions>
      <Description description="Patch for TC.GlobalCore" languagecode="1033" />
    </Descriptions>
    <ParentUniqueName>TC_GlobalCore</ParentUniqueName>
    <Version>4.1.1.0</Version>
    <Managed>1</Managed>
    <Publisher>
      <UniqueName>oversightpublisher</UniqueName>
      <LocalizedNames>
        <LocalizedName description="Oversight" languagecode="1033" />
      </LocalizedNames>
      <Descriptions>
        <Description description="This is the common solution for AvSec Inspection and TDG Inspection." languagecode="1033" />
      </Descriptions>
      <EMailAddress xsi:nil="true"></EMailAddress>
      <SupportingWebsiteUrl xsi:nil="true"></SupportingWebsiteUrl>
      <CustomizationPrefix>ovs</CustomizationPrefix>
      <CustomizationOptionValuePrefix>91864</CustomizationOptionValuePrefix>
      <Addresses>
        <Address>
          <AddressNumber>1</AddressNumber>
          <AddressTypeCode>1</AddressTypeCode>
          <City xsi:nil="true"></City>
          <County xsi:nil="true"></County>
          <Country xsi:nil="true"></Country>
          <Fax xsi:nil="true"></Fax>
          <FreightTermsCode xsi:nil="true"></FreightTermsCode>
          <ImportSequenceNumber xsi:nil="true"></ImportSequenceNumber>
          <Latitude xsi:nil="true"></Latitude>
          <Line1 xsi:nil="true"></Line1>
          <Line2 xsi:nil="true"></Line2>
          <Line3 xsi:nil="true"></Line3>
          <Longitude xsi:nil="true"></Longitude>
          <Name xsi:nil="true"></Name>
          <PostalCode xsi:nil="true"></PostalCode>
          <PostOfficeBox xsi:nil="true"></PostOfficeBox>
          <PrimaryContactName xsi:nil="true"></PrimaryContactName>
          <ShippingMethodCode>1</ShippingMethodCode>
          <StateOrProvince xsi:nil="true"></StateOrProvince>
          <Telephone1 xsi:nil="true"></Telephone1>
          <Telephone2 xsi:nil="true"></Telephone2>
          <Telephone3 xsi:nil="true"></Telephone3>
          <TimeZoneRuleVersionNumber xsi:nil="true"></TimeZoneRuleVersionNumber>
          <UPSZone xsi:nil="true"></UPSZone>
          <UTCOffset xsi:nil="true"></UTCOffset>
          <UTCConversionTimeZoneCode xsi:nil="true"></UTCConversionTimeZoneCode>
        </Address>
        <Address>
          <AddressNumber>2</AddressNumber>
          <AddressTypeCode>1</AddressTypeCode>
          <City xsi:nil="true"></City>
          <County xsi:nil="true"></County>
          <Country xsi:nil="true"></Country>
          <Fax xsi:nil="true"></Fax>
          <FreightTermsCode xsi:nil="true"></FreightTermsCode>
          <ImportSequenceNumber xsi:nil="true"></ImportSequenceNumber>
          <Latitude xsi:nil="true"></Latitude>
          <Line1 xsi:nil="true"></Line1>
          <Line2 xsi:nil="true"></Line2>
          <Line3 xsi:nil="true"></Line3>
          <Longitude xsi:nil="true"></Longitude>
          <Name xsi:nil="true"></Name>
          <PostalCode xsi:nil="true"></PostalCode>
          <PostOfficeBox xsi:nil="true"></PostOfficeBox>
          <PrimaryContactName xsi:nil="true"></PrimaryContactName>
          <ShippingMethodCode>1</ShippingMethodCode>
          <StateOrProvince xsi:nil="true"></StateOrProvince>
          <Telephone1 xsi:nil="true"></Telephone1>
          <Telephone2 xsi:nil="true"></Telephone2>
          <Telephone3 xsi:nil="true"></Telephone3>
          <TimeZoneRuleVersionNumber xsi:nil="true"></TimeZoneRuleVersionNumber>
          <UPSZone xsi:nil="true"></UPSZone>
          <UTCOffset xsi:nil="true"></UTCOffset>
          <UTCConversionTimeZoneCode xsi:nil="true"></UTCConversionTimeZoneCode>
        </Address>
      </Addresses>
    </Publisher>
    <RootComponents>
      <RootComponent type="1" schemaName="qm_sytemplate" behavior="2" />
      <RootComponent type="60" id="{5e40ccd7-d32a-eb11-a813-000d3af3a7a7}" />
      <RootComponent type="61" schemaName="qm_app.css" behavior="0" />
      <RootComponent type="61" schemaName="qm_app.js" behavior="0" />
      <RootComponent type="61" schemaName="qm_builder.html" behavior="0" />
      <RootComponent type="61" schemaName="qm_chunk-vendors.css" behavior="0" />
      <RootComponent type="61" schemaName="qm_chunk-vendors.js" behavior="0" />
      <RootComponent type="61" schemaName="qm_favicon.ico" behavior="0" />
      <RootComponent type="61" schemaName="qm_globalHelper.js" behavior="0" />
      <RootComponent type="61" schemaName="qm_questionnaireFunctions.js" behavior="0" />
      <RootComponent type="61" schemaName="qm_render.html" behavior="0" />
      <RootComponent type="61" schemaName="qm_serviceTaskForm.js" behavior="0" />
      <RootComponent type="61" schemaName="qm_ServiceTask_Ribbons.js" behavior="0" />
      <RootComponent type="61" schemaName="qm_templateForm.js" behavior="0" />
    </RootComponents>
    <MissingDependencies>
      <MissingDependency>
        <Required key="0" type="1" schemaName="qm_sytemplate" displayName="Template" solution="Active" />
        <Dependent key="0" type="1" schemaName="qm_sytemplate" displayName="Template" />
      </MissingDependency>
      <MissingDependency>
        <Required key="1" type="2" schemaName="qm_templatefnm" displayName="French Name" parentSchemaName="qm_sytemplate" parentDisplayName="Template" solution="Active" />
        <Dependent key="2" type="60" displayName="Template" parentDisplayName="Template" id="{5e40ccd7-d32a-eb11-a813-000d3af3a7a7}" />
      </MissingDependency>
      <MissingDependency>
        <Required key="3" type="2" schemaName="qm_templateenm" displayName="English Name" parentSchemaName="qm_sytemplate" parentDisplayName="Template" solution="Active" />
        <Dependent key="2" type="60" displayName="Template" parentDisplayName="Template" id="{5e40ccd7-d32a-eb11-a813-000d3af3a7a7}" />
      </MissingDependency>
      <MissingDependency>
        <Required key="4" type="2" schemaName="qm_templatedescetxt" displayName="Description" parentSchemaName="qm_sytemplate" parentDisplayName="Template" solution="Active" />
        <Dependent key="2" type="60" displayName="Template" parentDisplayName="Template" id="{5e40ccd7-d32a-eb11-a813-000d3af3a7a7}" />
      </MissingDependency>
      <MissingDependency>
        <Required key="5" type="2" schemaName="qm_templatejsontxt" displayName="Template JSON" parentSchemaName="qm_sytemplate" parentDisplayName="Template" solution="Active" />
        <Dependent key="2" type="60" displayName="Template" parentDisplayName="Template" id="{5e40ccd7-d32a-eb11-a813-000d3af3a7a7}" />
      </MissingDependency>
      <MissingDependency>
        <Required key="6" type="2" schemaName="qm_templatedescftxt" displayName="French Description" parentSchemaName="qm_sytemplate" parentDisplayName="Template" solution="Active" />
        <Dependent key="2" type="60" displayName="Template" parentDisplayName="Template" id="{5e40ccd7-d32a-eb11-a813-000d3af3a7a7}" />
      </MissingDependency>
      <MissingDependency>
        <Required key="7" type="2" schemaName="qm_name" displayName="Name" parentSchemaName="qm_sytemplate" parentDisplayName="Template" solution="Active" />
        <Dependent key="2" type="60" displayName="Template" parentDisplayName="Template" id="{5e40ccd7-d32a-eb11-a813-000d3af3a7a7}" />
      </MissingDependency>
      <MissingDependency>
        <Required key="8" type="20" displayName="Questionnaire Administrator" solution="Active" id="{4b00cd47-0217-eb11-a813-000d3af3ac0d}" />
        <Dependent key="2" type="60" displayName="Template" parentDisplayName="Template" id="{5e40ccd7-d32a-eb11-a813-000d3af3a7a7}" />
      </MissingDependency>
    </MissingDependencies>
  </SolutionManifest>
</ImportExportXml>