<ImportExportXml xmlns:xsi="http://www.w3.org/2001/XMLSchema-instance">
  <Entities>
    <Entity>
      <Name LocalizedName="History Log" OriginalName="History Log">cid_historylog</Name>
      <EntityInfo>
        <entity Name="cid_historylog">
          <LocalizedNames>
            <LocalizedName description="History Log" languagecode="1033" />
            <LocalizedName description="Journal d’historique" languagecode="1036" />
          </LocalizedNames>
          <LocalizedCollectionNames>
            <LocalizedCollectionName description="History Logs" languagecode="1033" />
            <LocalizedCollectionName description="Journaux d’historique" languagecode="1036" />
          </LocalizedCollectionNames>
          <Descriptions>
            <Description description="" languagecode="1033" />
          </Descriptions>
          <attributes>
            <attribute PhysicalName="cid_record_id">
              <Type>nvarchar</Type>
              <Name>cid_record_id</Name>
              <LogicalName>cid_record_id</LogicalName>
              <RequiredLevel>none</RequiredLevel>
              <DisplayMask>ReadOnlyInUI|ValidForAdvancedFind|ValidForForm|ValidForGrid</DisplayMask>
              <ImeMode>auto</ImeMode>
              <ValidForUpdateApi>1</ValidForUpdateApi>
              <ValidForReadApi>1</ValidForReadApi>
              <ValidForCreateApi>1</ValidForCreateApi>
              <IsCustomField>1</IsCustomField>
              <IsAuditEnabled>1</IsAuditEnabled>
              <IsSecured>0</IsSecured>
              <IntroducedVersion>1.0.0.0</IntroducedVersion>
              <IsCustomizable>1</IsCustomizable>
              <IsRenameable>1</IsRenameable>
              <CanModifySearchSettings>1</CanModifySearchSettings>
              <CanModifyRequirementLevelSettings>1</CanModifyRequirementLevelSettings>
              <CanModifyAdditionalSettings>1</CanModifyAdditionalSettings>
              <SourceType>0</SourceType>
              <IsGlobalFilterEnabled>0</IsGlobalFilterEnabled>
              <IsSortableEnabled>0</IsSortableEnabled>
              <CanModifyGlobalFilterSettings>1</CanModifyGlobalFilterSettings>
              <CanModifyIsSortableSettings>1</CanModifyIsSortableSettings>
              <IsDataSourceSecret>0</IsDataSourceSecret>
              <AutoNumberFormat>HL-CID-{DATETIMEUTC:yyyy}-{SEQNUM:10}</AutoNumberFormat>
              <IsSearchable>0</IsSearchable>
              <IsFilterable>0</IsFilterable>
              <IsRetrievable>0</IsRetrievable>
              <IsLocalizable>0</IsLocalizable>
              <Format>text</Format>
              <MaxLength>50</MaxLength>
              <Length>100</Length>
              <displaynames>
                <displayname description="History Log ID" languagecode="1033" />
                <displayname description="Journal de l'historique des ID" languagecode="1036" />
              </displaynames>
              <Descriptions>
                <Description description="HL-CID-2023-0000000000" languagecode="1033" />
              </Descriptions>
            </attribute>
          </attributes>
          <EntitySetName>cid_historylogs</EntitySetName>
          <IsDuplicateCheckSupported>1</IsDuplicateCheckSupported>
          <IsBusinessProcessEnabled>0</IsBusinessProcessEnabled>
          <IsRequiredOffline>0</IsRequiredOffline>
          <IsInteractionCentricEnabled>0</IsInteractionCentricEnabled>
          <IsCollaboration>1</IsCollaboration>
          <AutoRouteToOwnerQueue>0</AutoRouteToOwnerQueue>
          <IsConnectionsEnabled>1</IsConnectionsEnabled>
          <EntityColor></EntityColor>
          <IsDocumentManagementEnabled>0</IsDocumentManagementEnabled>
          <AutoCreateAccessTeams>0</AutoCreateAccessTeams>
          <IsOneNoteIntegrationEnabled>0</IsOneNoteIntegrationEnabled>
          <IsKnowledgeManagementEnabled>0</IsKnowledgeManagementEnabled>
          <IsSLAEnabled>0</IsSLAEnabled>
          <IsDocumentRecommendationsEnabled>0</IsDocumentRecommendationsEnabled>
          <IsBPFEntity>0</IsBPFEntity>
          <OwnershipTypeMask>UserOwned</OwnershipTypeMask>
          <IsAuditEnabled>1</IsAuditEnabled>
          <IsRetrieveAuditEnabled>0</IsRetrieveAuditEnabled>
          <IsRetrieveMultipleAuditEnabled>0</IsRetrieveMultipleAuditEnabled>
          <IsActivity>1</IsActivity>
          <ActivityTypeMask>CommunicationActivity</ActivityTypeMask>
          <IsActivityParty>0</IsActivityParty>
          <IsReplicated>1</IsReplicated>
          <IsReplicationUserFiltered>1</IsReplicationUserFiltered>
          <IsMailMergeEnabled>0</IsMailMergeEnabled>
          <IsVisibleInMobile>0</IsVisibleInMobile>
          <IsVisibleInMobileClient>0</IsVisibleInMobileClient>
          <IsReadOnlyInMobileClient>0</IsReadOnlyInMobileClient>
          <IsOfflineInMobileClient>0</IsOfflineInMobileClient>
          <DaysSinceRecordLastModified>0</DaysSinceRecordLastModified>
          <MobileOfflineFilters></MobileOfflineFilters>
          <IsMapiGridEnabled>1</IsMapiGridEnabled>
          <IsReadingPaneEnabled>1</IsReadingPaneEnabled>
          <IsQuickCreateEnabled>0</IsQuickCreateEnabled>
          <SyncToExternalSearchIndex>0</SyncToExternalSearchIndex>
          <IntroducedVersion>5.0.0.0</IntroducedVersion>
          <EnforceStateTransitions>0</EnforceStateTransitions>
          <EntityHelpUrlEnabled>0</EntityHelpUrlEnabled>
          <EntityHelpUrl></EntityHelpUrl>
          <ChangeTrackingEnabled>1</ChangeTrackingEnabled>
          <IsEnabledForExternalChannels>0</IsEnabledForExternalChannels>
          <IsSolutionAware>0</IsSolutionAware>
          <HasRelatedNotes>True</HasRelatedNotes>
          <HasRelatedFeedback>True</HasRelatedFeedback>
        </entity>
      </EntityInfo>
      <FormXml>
        <forms type="main">
          <systemform>
            <formid>{7ddbe3cb-5b4a-4ca2-a69b-7b486e9d584c}</formid>
            <IntroducedVersion>1.0.0.0</IntroducedVersion>
            <FormPresentation>1</FormPresentation>
            <FormActivationState>1</FormActivationState>
            <form>
              <tabs>
                <tab verticallayout="true" id="{cbf28db5-8919-434f-99b8-a19471c659c8}" IsUserDefined="1" name="{cbf28db5-8919-434f-99b8-a19471c659c8}" locklevel="0" expanded="true" showlabel="true">
                  <labels>
                    <label description="General" languagecode="1033" />
                    <label description="Généralités" languagecode="1036" />
                  </labels>
                  <columns>
                    <column width="50%">
                      <sections>
                        <section showlabel="true" showbar="true" IsUserDefined="0" id="{63abe26e-2998-476e-82e2-afbaac52a3ec}" name="{63abe26e-2998-476e-82e2-afbaac52a3ec}" columns="1" locklevel="0" labelwidth="70" celllabelalignment="Left" celllabelposition="Left">
                          <labels>
                            <label description="History Log Meta-data" languagecode="1033" />
                            <label description="Généralités" languagecode="1036" />
                          </labels>
                          <rows>
                            <row>
                              <cell id="{30de9c49-655b-9e35-3999-99c3a2ee7981}" showlabel="true" locklevel="0">
                                <labels>
                                  <label description="Created Date" languagecode="1033" />
                                  <label description="À partir de" languagecode="1036" />
                                </labels>
                                <control id="createdon" classid="{5B773807-9FB2-42db-97C3-7A91EFF8ADFF}" datafieldname="createdon" disabled="true" uniqueid="{e5e0904b-49ec-a205-1b5b-a232b895b4cd}" />
                              </cell>
                            </row>
                            <row>
                              <cell id="{bab9b360-5dde-63d7-d0b4-82cacca3d18c}" showlabel="true" locklevel="0">
                                <labels>
                                  <label description="Externally Visible" languagecode="1033" />
                                  <label description="Visible de l'extérieur" languagecode="1036" />
                                </labels>
                                <control id="cid_externallyvisible" classid="{67FAC785-CD58-4f9f-ABB3-4B7DDC6ED5ED}" datafieldname="cid_externallyvisible" disabled="false" />
                              </cell>
                            </row>
                            <row>
                              <cell id="{856745e3-1312-c267-1a7b-60cdd70adc58}" showlabel="true" locklevel="0">
                                <labels>
                                  <label description="Site" languagecode="1033" />
                                  <label description="Site" languagecode="1036" />
                                </labels>
                                <control id="cid_site" classid="{270BD3DB-D9AF-4782-9025-509E298DEC0A}" datafieldname="cid_site" disabled="true" uniqueid="{c6447bac-50c8-902a-db68-18abed880ee9}">
                                  <parameters>
                                    <AutoResolve>true</AutoResolve>
                                    <DisableMru>false</DisableMru>
                                    <DisableQuickFind>true</DisableQuickFind>
                                    <DisableViewPicker>false</DisableViewPicker>
                                    <DefaultViewId>{C8DB5060-4A4D-EC11-8F8E-000D3AE9A753}</DefaultViewId>
                                    <AvailableViewIds>{C8DB5060-4A4D-EC11-8F8E-000D3AE9A753}</AvailableViewIds>
                                    <FilterRelationshipName>account_parent_account</FilterRelationshipName>
                                    <DependentAttributeName>cid_historylog.cid_company</DependentAttributeName>
                                    <DependentAttributeType>account</DependentAttributeType>
                                    <AllowFilterOff>false</AllowFilterOff>
                                  </parameters>
                                </control>
                              </cell>
                            </row>
                          </rows>
                        </section>
                        <section name="{cbf28db5-8919-434f-99b8-a19471c659c8}_section_4" showlabel="true" showbar="true" locklevel="0" id="{01080ec5-b61a-bab7-4a2e-ad530c599bec}" IsUserDefined="0" layout="varwidth" columns="1" labelwidth="115" celllabelalignment="Left" celllabelposition="Left">
                          <labels>
                            <label description="User Information" languagecode="1033" />
                          </labels>
                          <rows>
                            <row>
                              <cell id="{3654636e-93b4-14cd-06e3-d4154bdc9413}" showlabel="true" locklevel="0">
                                <labels>
                                  <label description="User" languagecode="1033" />
                                  <label description="Utilisateur" languagecode="1036" />
                                </labels>
                                <control id="createdby" classid="{270BD3DB-D9AF-4782-9025-509E298DEC0A}" datafieldname="createdby" disabled="false" uniqueid="{e961b694-419b-12b2-0182-9cc18742cb1b}">
                                  <parameters>
                                    <AutoResolve>true</AutoResolve>
                                    <DisableMru>false</DisableMru>
                                    <DisableQuickFind>false</DisableQuickFind>
                                    <DisableViewPicker>false</DisableViewPicker>
                                    <DefaultViewId>{E88CA999-0B16-4AE9-B6A9-9EDC840D42D8}</DefaultViewId>
                                    <AllowFilterOff>false</AllowFilterOff>
                                  </parameters>
                                </control>
                              </cell>
                            </row>
                            <row>
                              <cell id="{de0e2bc3-67cb-9c00-960e-69962d0c5bc0}" showlabel="true" locklevel="0">
                                <labels>
                                  <label description="Organization" languagecode="1033" />
                                  <label description="Organisation" languagecode="1036" />
                                </labels>
                                <control id="cid_company" classid="{270BD3DB-D9AF-4782-9025-509E298DEC0A}" datafieldname="cid_company" disabled="false" />
                              </cell>
                            </row>
                          </rows>
                        </section>
                      </sections>
                    </column>
                    <column width="50%">
                      <sections>
                        <section name="{cbf28db5-8919-434f-99b8-a19471c659c8}_section_3" showlabel="true" showbar="true" locklevel="0" id="{8526bc70-06a4-aab4-2150-15abd1ce87ec}" IsUserDefined="0" layout="varwidth" columns="11" labelwidth="115" celllabelalignment="Left" celllabelposition="Left">
                          <labels>
                            <label description="Logic Check" languagecode="1033" />
                          </labels>
                          <rows>
                            <row>
                              <cell id="{c6bc0cb2-eba6-64ee-a4c3-1645ee3a9792}" showlabel="false">
                                <labels>
                                  <label description="" languagecode="1033" />
                                </labels>
                              </cell>
                              <cell id="{1a011188-1543-06ed-4902-68d04719735c}" showlabel="false">
                                <labels>
                                  <label description="" languagecode="1033" />
                                </labels>
                              </cell>
                            </row>
                          </rows>
                        </section>
                        <section name="{cbf28db5-8919-434f-99b8-a19471c659c8}_section_2" showlabel="true" showbar="true" locklevel="0" id="{48b6e4a3-a6e8-dd55-6ba8-72e13e3330de}" IsUserDefined="0" layout="varwidth" columns="1" labelwidth="115" celllabelalignment="Left" celllabelposition="Left">
                          <labels>
                            <label description="History Log Details" languagecode="1033" />
                            <label description="Détails" languagecode="1036" />
                          </labels>
                          <rows>
                            <row>
                              <cell id="{87919e6e-14e5-b447-bd38-935e7087add7}" showlabel="true" locklevel="0">
                                <labels>
                                  <label description="History Description" languagecode="1033" />
                                  <label description="Description de l'historique" languagecode="1036" />
                                </labels>
                                <control id="description" classid="{E0DECE4B-6FC8-4a8f-A065-082708572369}" datafieldname="description" disabled="true" uniqueid="{bde9edb7-d602-cb98-a1d4-9acc6d2e1277}" />
                              </cell>
                            </row>
                            <row>
                              <cell id="{41bb3e79-aae6-b941-719d-c66d783441de}" showlabel="true" locklevel="0" colspan="1" rowspan="3">
                                <labels>
                                  <label description="History Description (English)" languagecode="1033" />
                                  <label description="Description de l'historique (Anglais)" languagecode="1036" />
                                </labels>
                                <control id="cid_memoenglish" classid="{E0DECE4B-6FC8-4a8f-A065-082708572369}" datafieldname="cid_memoenglish" disabled="true" uniqueid="{8d5d4aa4-5cd7-8023-1b6a-e25e3a8a9d35}" />
                              </cell>
                            </row>
                            <row />
                            <row />
                            <row>
                              <cell id="{1a4297da-1972-8856-7485-4321624d819e}" showlabel="true" locklevel="0" colspan="1" rowspan="3">
                                <labels>
                                  <label description="History Description (French)" languagecode="1033" />
                                  <label description="Description de l'historique (Français)" languagecode="1036" />
                                </labels>
                                <control id="cid_memofrench" classid="{E0DECE4B-6FC8-4a8f-A065-082708572369}" datafieldname="cid_memofrench" disabled="true" uniqueid="{cb498578-93c3-5a21-58d7-6d8a72288911}" />
                              </cell>
                            </row>
                            <row />
                            <row />
                          </rows>
                        </section>
                      </sections>
                    </column>
                  </columns>
                </tab>
              </tabs>
              <header id="{57969e14-cb49-4daa-9337-1137001e9aaa}" celllabelposition="Top" columns="1111" labelwidth="115">
                <rows>
                  <row>
                    <cell id="{8475ed5c-1880-41e1-01e0-dec0131b11d8}" showlabel="true" locklevel="0">
                      <labels>
                        <label description="Subject" languagecode="1033" />
                        <label description="Sujet" languagecode="1036" />
                      </labels>
                      <control id="header_subject" classid="{4273EDBD-AC1D-40d3-9FB2-095C621B552D}" datafieldname="subject" disabled="false" />
                    </cell>
                    <cell id="{45dd5775-a1e8-44b1-90d7-20df064ed2e6}">
                      <labels>
                        <label description="Activity Status" languagecode="1033" />
                        <label description="Statut d'activité" languagecode="1036" />
                      </labels>
                      <control id="header_statecode" classid="{3EF39988-22BB-4f0b-BBBE-64B5A3748AEE}" datafieldname="statecode" disabled="false" />
                    </cell>
                    <cell id="{82d4fe03-dde6-4982-bebf-73bdb5893cbf}">
                      <labels>
                        <label description="Owner" languagecode="1033" />
                        <label description="Propriétaire" languagecode="1036" />
                      </labels>
                      <control id="header_ownerid" classid="{270BD3DB-D9AF-4782-9025-509E298DEC0A}" datafieldname="ownerid" disabled="false" />
                    </cell>
                    <cell id="{1534b812-e4c5-2534-3d9a-c31db67d5613}" showlabel="false">
                      <labels>
                        <label description="" languagecode="1033" />
                      </labels>
                    </cell>
                  </row>
                </rows>
              </header>
              <Navigation>
                <NavBar></NavBar>
                <NavBarAreas>
                  <NavBarArea Id="Info">
                    <Titles>
                      <Title LCID="1033" Text="Common" />
                    </Titles>
                  </NavBarArea>
                  <NavBarArea Id="Sales">
                    <Titles>
                      <Title LCID="1033" Text="Sales" />
                    </Titles>
                  </NavBarArea>
                  <NavBarArea Id="Service">
                    <Titles>
                      <Title LCID="1033" Text="Service" />
                    </Titles>
                  </NavBarArea>
                  <NavBarArea Id="Marketing">
                    <Titles>
                      <Title LCID="1033" Text="Marketing" />
                    </Titles>
                  </NavBarArea>
                  <NavBarArea Id="ProcessCenter">
                    <Titles>
                      <Title LCID="1033" Text="Process Sessions" />
                    </Titles>
                  </NavBarArea>
                </NavBarAreas>
              </Navigation>
              <controlDescriptions />
            </form>
            <IsCustomizable>1</IsCustomizable>
            <CanBeDeleted>1</CanBeDeleted>
            <LocalizedNames>
              <LocalizedName description="Information" languagecode="1033" />
              <LocalizedName description="Information" languagecode="1036" />
            </LocalizedNames>
            <Descriptions>
              <Description description="A form for this entity." languagecode="1033" />
              <Description description="Un formulaire pour cette entité." languagecode="1036" />
            </Descriptions>
          </systemform>
        </forms>
      </FormXml>
      <SavedQueries>
        <savedqueries>
          <savedquery>
            <IsCustomizable>1</IsCustomizable>
            <CanBeDeleted>0</CanBeDeleted>
            <isquickfindquery>0</isquickfindquery>
            <isprivate>0</isprivate>
            <isdefault>0</isdefault>
            <savedqueryid>{72873a02-e53f-4409-a63f-ab934b131a24}</savedqueryid>
            <layoutxml>
              <grid name="resultset" jump="subject" select="1" icon="1" preview="1">
                <row name="result" id="activityid">
                  <cell name="cid_record_id" width="150" />
                  <cell name="createdon" width="150" />
                  <cell name="cid_memoenglish" width="207" />
                  <cell name="cid_memofrench" width="203" />
                  <cell name="cid_relatedorganization" width="150" />
                  <cell name="cid_createdbyregistrant" width="100" />
                  <cell name="cid_externallyvisible" width="100" />
                </row>
              </grid>
            </layoutxml>
            <querytype>0</querytype>
            <fetchxml>
              <fetch version="1.0" mapping="logical">
                <entity name="cid_historylog">
                  <filter type="and">
                    <condition attribute="statecode" operator="not-null" />
                  </filter>
                  <attribute name="cid_relatedorganization" />
                  <attribute name="cid_externallyvisible" />
                  <attribute name="cid_createdbyregistrant" />
                  <attribute name="createdon" />
                  <attribute name="activityid" />
                  <attribute name="cid_record_id" />
                  <attribute name="cid_memoenglish" />
                  <attribute name="cid_memofrench" />
                  <order attribute="createdon" descending="true" />
                </entity>
              </fetch>
            </fetchxml>
            <IntroducedVersion>1.0.0.0</IntroducedVersion>
            <LocalizedNames>
              <LocalizedName description="History Logs (All)" languagecode="1033" />
              <LocalizedName description="Journaux d'historiques (Tous)" languagecode="1036" />
            </LocalizedNames>
          </savedquery>
        </savedqueries>
      </SavedQueries>
      <RibbonDiffXml>
        <CustomActions />
        <Templates>
          <RibbonTemplates Id="Mscrm.Templates"></RibbonTemplates>
        </Templates>
        <CommandDefinitions />
        <RuleDefinitions>
          <TabDisplayRules />
          <DisplayRules />
          <EnableRules />
        </RuleDefinitions>
        <LocLabels />
      </RibbonDiffXml>
    </Entity>
  </Entities>
  <Roles></Roles>
  <Workflows></Workflows>
  <FieldSecurityProfiles></FieldSecurityProfiles>
  <Templates />
  <EntityMaps />
  <EntityRelationships />
  <OrganizationSettings />
  <optionsets />
  <CustomControls />
  <EntityDataProviders />
  <Languages>
    <Language>1033</Language>
    <Language>1036</Language>
  </Languages>
</ImportExportXml>