<ImportExportXml version="9.2.21022.127" SolutionPackageVersion="9.2" languagecode="1033" generatedBy="CrmLive" xmlns:xsi="http://www.w3.org/2001/XMLSchema-instance">
  <SolutionManifest>
    <UniqueName>TCCRM_Base</UniqueName>
    <LocalizedNames>
      <LocalizedName description="TCCRM_Base" languagecode="1033" />
    </LocalizedNames>
    <Descriptions />
    <Version>1.0.0.9</Version>
    <Managed>1</Managed>
    <Publisher>
      <UniqueName>tccorepublisher</UniqueName>
      <LocalizedNames>
        <LocalizedName description="Transport Canada" languagecode="1033" />
      </LocalizedNames>
      <Descriptions />
      <EMailAddress xsi:nil="true"></EMailAddress>
      <SupportingWebsiteUrl xsi:nil="true"></SupportingWebsiteUrl>
      <CustomizationPrefix>tc</CustomizationPrefix>
      <CustomizationOptionValuePrefix>94801</CustomizationOptionValuePrefix>
      <Addresses>
        <Address>
          <AddressNumber>1</AddressNumber>
          <AddressTypeCode>1</AddressTypeCode>
          <City xsi:nil="true"></City>
          <County xsi:nil="true"></County>
          <Country xsi:nil="true"></Country>
          <Fax xsi:nil="true"></Fax>
          <FreightTermsCode xsi:nil="true"></FreightTermsCode>
          <ImportSequenceNumber xsi:nil="true"></ImportSequenceNumber>
          <Latitude xsi:nil="true"></Latitude>
          <Line1 xsi:nil="true"></Line1>
          <Line2 xsi:nil="true"></Line2>
          <Line3 xsi:nil="true"></Line3>
          <Longitude xsi:nil="true"></Longitude>
          <Name xsi:nil="true"></Name>
          <PostalCode xsi:nil="true"></PostalCode>
          <PostOfficeBox xsi:nil="true"></PostOfficeBox>
          <PrimaryContactName xsi:nil="true"></PrimaryContactName>
          <ShippingMethodCode>1</ShippingMethodCode>
          <StateOrProvince xsi:nil="true"></StateOrProvince>
          <Telephone1 xsi:nil="true"></Telephone1>
          <Telephone2 xsi:nil="true"></Telephone2>
          <Telephone3 xsi:nil="true"></Telephone3>
          <TimeZoneRuleVersionNumber xsi:nil="true"></TimeZoneRuleVersionNumber>
          <UPSZone xsi:nil="true"></UPSZone>
          <UTCOffset xsi:nil="true"></UTCOffset>
          <UTCConversionTimeZoneCode xsi:nil="true"></UTCConversionTimeZoneCode>
        </Address>
        <Address>
          <AddressNumber>2</AddressNumber>
          <AddressTypeCode>1</AddressTypeCode>
          <City xsi:nil="true"></City>
          <County xsi:nil="true"></County>
          <Country xsi:nil="true"></Country>
          <Fax xsi:nil="true"></Fax>
          <FreightTermsCode xsi:nil="true"></FreightTermsCode>
          <ImportSequenceNumber xsi:nil="true"></ImportSequenceNumber>
          <Latitude xsi:nil="true"></Latitude>
          <Line1 xsi:nil="true"></Line1>
          <Line2 xsi:nil="true"></Line2>
          <Line3 xsi:nil="true"></Line3>
          <Longitude xsi:nil="true"></Longitude>
          <Name xsi:nil="true"></Name>
          <PostalCode xsi:nil="true"></PostalCode>
          <PostOfficeBox xsi:nil="true"></PostOfficeBox>
          <PrimaryContactName xsi:nil="true"></PrimaryContactName>
          <ShippingMethodCode>1</ShippingMethodCode>
          <StateOrProvince xsi:nil="true"></StateOrProvince>
          <Telephone1 xsi:nil="true"></Telephone1>
          <Telephone2 xsi:nil="true"></Telephone2>
          <Telephone3 xsi:nil="true"></Telephone3>
          <TimeZoneRuleVersionNumber xsi:nil="true"></TimeZoneRuleVersionNumber>
          <UPSZone xsi:nil="true"></UPSZone>
          <UTCOffset xsi:nil="true"></UTCOffset>
          <UTCConversionTimeZoneCode xsi:nil="true"></UTCConversionTimeZoneCode>
        </Address>
      </Addresses>
    </Publisher>
    <RootComponents>
      <RootComponent type="1" schemaName="tc_country" behavior="0" />
      <RootComponent type="1" schemaName="tc_province" behavior="0" />
      <RootComponent type="1" schemaName="tc_tcfiscalperiod" behavior="0" />
      <RootComponent type="1" schemaName="tc_tcfiscalquarter" behavior="1" />
      <RootComponent type="1" schemaName="tc_tcfiscalyear" behavior="1" />
      <RootComponent type="1" schemaName="tc_tcmonth" behavior="0" />
      <RootComponent type="60" id="{17d9c5aa-e51d-453f-9233-79a546d1b18d}" behavior="0" />
      <RootComponent type="60" id="{1d590902-6249-4341-ac51-bbc9d98d208f}" behavior="0" />
      <RootComponent type="60" id="{45185d20-c89e-49b3-a219-2794a5221863}" behavior="0" />
      <RootComponent type="60" id="{b0ec202a-3514-4409-8ea2-8db772ad3a81}" />
      <RootComponent type="60" id="{c8e99538-ade3-4b88-8069-194565e9c344}" />
      <RootComponent type="60" id="{dc0a1880-c2c9-497c-9bbc-5ff6f83ea1fd}" />
      <RootComponent type="60" id="{e6c94bb6-cf95-420f-bb81-0622eb914548}" />
    </RootComponents>
    <MissingDependencies>
      <MissingDependency>
        <Required key="0" type="1" schemaName="ppp_traveller" displayName="Traveller Validation" solution="Active" />
        <Dependent key="1" type="1" schemaName="tc_country" displayName="Country" />
      </MissingDependency>
      <MissingDependency>
        <Required key="2" type="1" schemaName="msdyn_workorder" displayName="Work Order" solution="FieldService (8.8.0.88)" />
        <Dependent key="1" type="1" schemaName="tc_country" displayName="Country" />
      </MissingDependency>
      <MissingDependency>
        <Required key="3" type="1" schemaName="ovs_facility" displayName="Aerodrome" solution="Active" />
        <Dependent key="1" type="1" schemaName="tc_country" displayName="Country" />
      </MissingDependency>
      <MissingDependency>
        <Required key="4" type="1" schemaName="ovs_aircarrier" displayName="Air Carrier" solution="Active" />
        <Dependent key="1" type="1" schemaName="tc_country" displayName="Country" />
      </MissingDependency>
      <MissingDependency>
        <Required key="5" type="1" schemaName="tc_tcfiscalyear" displayName="TCFiscalYear" solution="Active" />
        <Dependent key="5" type="1" schemaName="tc_tcfiscalyear" displayName="TCFiscalYear" />
      </MissingDependency>
      <MissingDependency>
        <Required key="6" type="1" schemaName="tc_tcfiscalquarter" displayName="TCFiscalQuarter" solution="Active" />
        <Dependent key="6" type="1" schemaName="tc_tcfiscalquarter" displayName="TCFiscalQuarter" />
      </MissingDependency>
      <MissingDependency>
        <Required key="7" type="2" schemaName="tc_quarterend" displayName="Quarter End" parentSchemaName="tc_tcfiscalquarter" parentDisplayName="TCFiscalQuarter" solution="Active" />
        <Dependent key="8" type="60" displayName="Informations" parentDisplayName="TCFiscalQuarter" id="{1d590902-6249-4341-ac51-bbc9d98d208f}" />
      </MissingDependency>
      <MissingDependency>
        <Required key="9" type="2" schemaName="tc_quarterstart" displayName="Quarter Start" parentSchemaName="tc_tcfiscalquarter" parentDisplayName="TCFiscalQuarter" solution="Active" />
        <Dependent key="8" type="60" displayName="Informations" parentDisplayName="TCFiscalQuarter" id="{1d590902-6249-4341-ac51-bbc9d98d208f}" />
      </MissingDependency>
    </MissingDependencies>
  </SolutionManifest>
</ImportExportXml>