<ImportExportXml version="9.2.22014.127" SolutionPackageVersion="9.2" languagecode="1033" generatedBy="CrmLive" xmlns:xsi="http://www.w3.org/2001/XMLSchema-instance">
  <SolutionManifest>
    <UniqueName>TC_GlobalCore_Patch_7c3e9139</UniqueName>
    <LocalizedNames>
      <LocalizedName description="TDG Core Schema" languagecode="1033" />
    </LocalizedNames>
    <Descriptions>
      <Description description="Patch for TDG Core Schema" languagecode="1033" />
    </Descriptions>
    <ParentUniqueName>TC_GlobalCore</ParentUniqueName>
    <Version>1.126.7.1</Version>
    <Managed>0</Managed>
    <Publisher>
      <UniqueName>oversightpublisher</UniqueName>
      <LocalizedNames>
        <LocalizedName description="Oversight" languagecode="1033" />
      </LocalizedNames>
      <Descriptions>
        <Description description="This is the common solution for AvSec Inspection and TDG Inspection." languagecode="1033" />
      </Descriptions>
      <EMailAddress xsi:nil="true"></EMailAddress>
      <SupportingWebsiteUrl xsi:nil="true"></SupportingWebsiteUrl>
      <CustomizationPrefix>ovs</CustomizationPrefix>
      <CustomizationOptionValuePrefix>91864</CustomizationOptionValuePrefix>
      <Addresses>
        <Address>
          <AddressNumber>1</AddressNumber>
          <AddressTypeCode>1</AddressTypeCode>
          <City xsi:nil="true"></City>
          <County xsi:nil="true"></County>
          <Country xsi:nil="true"></Country>
          <Fax xsi:nil="true"></Fax>
          <FreightTermsCode xsi:nil="true"></FreightTermsCode>
          <ImportSequenceNumber xsi:nil="true"></ImportSequenceNumber>
          <Latitude xsi:nil="true"></Latitude>
          <Line1 xsi:nil="true"></Line1>
          <Line2 xsi:nil="true"></Line2>
          <Line3 xsi:nil="true"></Line3>
          <Longitude xsi:nil="true"></Longitude>
          <Name xsi:nil="true"></Name>
          <PostalCode xsi:nil="true"></PostalCode>
          <PostOfficeBox xsi:nil="true"></PostOfficeBox>
          <PrimaryContactName xsi:nil="true"></PrimaryContactName>
          <ShippingMethodCode>1</ShippingMethodCode>
          <StateOrProvince xsi:nil="true"></StateOrProvince>
          <Telephone1 xsi:nil="true"></Telephone1>
          <Telephone2 xsi:nil="true"></Telephone2>
          <Telephone3 xsi:nil="true"></Telephone3>
          <TimeZoneRuleVersionNumber xsi:nil="true"></TimeZoneRuleVersionNumber>
          <UPSZone xsi:nil="true"></UPSZone>
          <UTCOffset xsi:nil="true"></UTCOffset>
          <UTCConversionTimeZoneCode xsi:nil="true"></UTCConversionTimeZoneCode>
        </Address>
        <Address>
          <AddressNumber>2</AddressNumber>
          <AddressTypeCode>1</AddressTypeCode>
          <City xsi:nil="true"></City>
          <County xsi:nil="true"></County>
          <Country xsi:nil="true"></Country>
          <Fax xsi:nil="true"></Fax>
          <FreightTermsCode xsi:nil="true"></FreightTermsCode>
          <ImportSequenceNumber xsi:nil="true"></ImportSequenceNumber>
          <Latitude xsi:nil="true"></Latitude>
          <Line1 xsi:nil="true"></Line1>
          <Line2 xsi:nil="true"></Line2>
          <Line3 xsi:nil="true"></Line3>
          <Longitude xsi:nil="true"></Longitude>
          <Name xsi:nil="true"></Name>
          <PostalCode xsi:nil="true"></PostalCode>
          <PostOfficeBox xsi:nil="true"></PostOfficeBox>
          <PrimaryContactName xsi:nil="true"></PrimaryContactName>
          <ShippingMethodCode>1</ShippingMethodCode>
          <StateOrProvince xsi:nil="true"></StateOrProvince>
          <Telephone1 xsi:nil="true"></Telephone1>
          <Telephone2 xsi:nil="true"></Telephone2>
          <Telephone3 xsi:nil="true"></Telephone3>
          <TimeZoneRuleVersionNumber xsi:nil="true"></TimeZoneRuleVersionNumber>
          <UPSZone xsi:nil="true"></UPSZone>
          <UTCOffset xsi:nil="true"></UTCOffset>
          <UTCConversionTimeZoneCode xsi:nil="true"></UTCConversionTimeZoneCode>
        </Address>
      </Addresses>
    </Publisher>
    <RootComponents>
      <RootComponent type="1" schemaName="account" behavior="1" />
      <RootComponent type="1" schemaName="cid_companyerap" behavior="1" />
      <RootComponent type="1" schemaName="cid_companynaicscode" behavior="1" />
      <RootComponent type="1" schemaName="cid_modeoftransportation" behavior="1" />
      <RootComponent type="1" schemaName="cid_naicscode" behavior="1" />
      <RootComponent type="1" schemaName="contact" behavior="1" />
      <RootComponent type="1" schemaName="ovs_mocregistration" behavior="1" />
      <RootComponent type="1" schemaName="ovs_operationclass" behavior="1" />
      <RootComponent type="1" schemaName="ovs_operationunnumber" behavior="1" />
      <RootComponent type="1" schemaName="tdg_unnumber" behavior="1" />
      <RootComponent type="9" schemaName="cid_account_without_cra_bn" behavior="0" />
      <RootComponent type="9" schemaName="cid_unitofmeasurement" behavior="0" />
      <RootComponent type="20" id="{545418f6-d089-eb11-b1ac-000d3ae92dbf}" behavior="0" />
    </RootComponents>
    <MissingDependencies>
      <MissingDependency>
        <Required type="1" schemaName="cid_companyerap" displayName="Company ERAP" solution="Active" />
        <Dependent type="1" schemaName="cid_companyerap" displayName="Company ERAP" />
      </MissingDependency>
      <MissingDependency>
        <Required type="1" schemaName="cid_companynaicscode" displayName="Company NAICS Code" solution="Active" />
        <Dependent type="1" schemaName="cid_companynaicscode" displayName="Company NAICS Code" />
      </MissingDependency>
      <MissingDependency>
        <Required type="1" schemaName="cid_modeoftransportation" displayName="Mode of Transportation (CID)" solution="Active" />
        <Dependent type="1" schemaName="cid_modeoftransportation" displayName="Mode of Transportation (CID)" />
      </MissingDependency>
      <MissingDependency>
        <Required type="1" schemaName="cid_naicscode" displayName="NAICS Codes Master List" solution="Active" />
        <Dependent type="1" schemaName="cid_naicscode" displayName="NAICS Codes Master List" />
      </MissingDependency>
      <MissingDependency>
        <Required type="1" schemaName="ovs_mocregistration" displayName="Operation" solution="Active" />
        <Dependent type="1" schemaName="ovs_mocregistration" displayName="Operation" />
      </MissingDependency>
      <MissingDependency>
        <Required type="1" schemaName="ovs_operationclass" displayName="Operation Class" solution="Active" />
        <Dependent type="1" schemaName="ovs_operationclass" displayName="Operation Class" />
      </MissingDependency>
      <MissingDependency>
        <Required type="1" schemaName="ovs_operationunnumber" displayName="Operation UN Number" solution="Active" />
        <Dependent type="1" schemaName="ovs_operationunnumber" displayName="Operation UN Number" />
      </MissingDependency>
      <MissingDependency>
        <Required type="1" schemaName="tdg_unnumber" displayName="UN Number" solution="Active" />
        <Dependent type="1" schemaName="tdg_unnumber" displayName="UN Number" />
      </MissingDependency>
      <MissingDependency>
        <Required type="10" schemaName="cid_account_cid_modeoftransportation_Site" displayName="cid_account_cid_modeoftransportation_Site" parentSchemaName="account" parentDisplayName="Account" solution="Active" />
        <Dependent type="60" displayName="CID Portal - Site Registration Wizard" parentDisplayName="Account" id="{649afb24-1302-41f2-b4cf-4c2bc090283c}" />
      </MissingDependency>
      <MissingDependency>
        <Required type="10" schemaName="cid_account_companynaicscode" displayName="cid_account_companynaicscode" parentSchemaName="account" parentDisplayName="Account" solution="Active" />
        <Dependent type="60" displayName="CID Portal - Company Registration Wizard" parentDisplayName="Account" id="{159567aa-2711-4302-a007-da552af243f8}" />
      </MissingDependency>
      <MissingDependency>
        <Required type="10" schemaName="cid_account_ovs_operationclass_Site" displayName="cid_account_ovs_operationclass_Site" parentSchemaName="account" parentDisplayName="Account" solution="Active" />
        <Dependent type="60" displayName="CID Portal - Site Registration Wizard" parentDisplayName="Account" id="{649afb24-1302-41f2-b4cf-4c2bc090283c}" />
      </MissingDependency>
      <MissingDependency>
        <Required type="10" schemaName="cid_account_ovs_operationunnumber_Site" displayName="cid_account_ovs_operationunnumber_Site" parentSchemaName="account" parentDisplayName="Account" solution="Active" />
        <Dependent type="60" displayName="CID Portal - Site Registration Wizard" parentDisplayName="Account" id="{649afb24-1302-41f2-b4cf-4c2bc090283c}" />
      </MissingDependency>
      <MissingDependency>
        <Required type="10" schemaName="cid_CompanyERAP_Company_Account" displayName="cid_CompanyERAP_Company_Account" parentSchemaName="account" parentDisplayName="Account" solution="Active" />
        <Dependent type="60" displayName="CID Portal - Company Registration Wizard" parentDisplayName="Account" id="{159567aa-2711-4302-a007-da552af243f8}" />
      </MissingDependency>
      <MissingDependency>
        <Required type="10" schemaName="msdyn_account_account_BillingAccount" displayName="msdyn_account_account_BillingAccount" parentSchemaName="account" parentDisplayName="Account" solution="FieldServiceCommon (1.0.0.187)">
          <package>FieldService_Anchor (8.8.58.9)</package>
        </Required>
        <Dependent type="60" displayName="CID Portal - Company Registration Wizard" parentDisplayName="Account" id="{159567aa-2711-4302-a007-da552af243f8}" />
      </MissingDependency>
      <MissingDependency>
        <Required type="10" schemaName="msdyn_account_account_BillingAccount" displayName="msdyn_account_account_BillingAccount" parentSchemaName="account" parentDisplayName="Account" solution="FieldServiceCommon (1.0.0.187)">
          <package>FieldService_Anchor (8.8.58.9)</package>
        </Required>
        <Dependent type="60" displayName="CID Portal - Site Registration Wizard" parentDisplayName="Account" id="{649afb24-1302-41f2-b4cf-4c2bc090283c}" />
      </MissingDependency>
      <MissingDependency>
        <Required type="10" schemaName="msdyn_account_msdyn_agreement_BillingAccount" displayName="msdyn_account_msdyn_agreement_BillingAccount" parentSchemaName="account" parentDisplayName="Account" solution="FieldService (8.8.0.88)">
          <package>FieldService_Anchor (8.8.58.9)</package>
        </Required>
        <Dependent type="60" displayName="CID Portal - Company Registration Wizard" parentDisplayName="Account" id="{159567aa-2711-4302-a007-da552af243f8}" />
      </MissingDependency>
      <MissingDependency>
        <Required type="10" schemaName="msdyn_account_msdyn_agreement_BillingAccount" displayName="msdyn_account_msdyn_agreement_BillingAccount" parentSchemaName="account" parentDisplayName="Account" solution="FieldService (8.8.0.88)">
          <package>FieldService_Anchor (8.8.58.9)</package>
        </Required>
        <Dependent type="60" displayName="CID Portal - Site Registration Wizard" parentDisplayName="Account" id="{649afb24-1302-41f2-b4cf-4c2bc090283c}" />
      </MissingDependency>
      <MissingDependency>
        <Required type="10" schemaName="msdyn_account_msdyn_agreement_ServiceAccount" displayName="msdyn_account_msdyn_agreement_ServiceAccount" parentSchemaName="account" parentDisplayName="Account" solution="FieldService (8.8.0.88)">
          <package>FieldService_Anchor (8.8.58.9)</package>
        </Required>
        <Dependent type="60" displayName="CID Portal - Company Registration Wizard" parentDisplayName="Account" id="{159567aa-2711-4302-a007-da552af243f8}" />
      </MissingDependency>
      <MissingDependency>
        <Required type="10" schemaName="msdyn_account_msdyn_agreement_ServiceAccount" displayName="msdyn_account_msdyn_agreement_ServiceAccount" parentSchemaName="account" parentDisplayName="Account" solution="FieldService (8.8.0.88)">
          <package>FieldService_Anchor (8.8.58.9)</package>
        </Required>
        <Dependent type="60" displayName="CID Portal - Site Registration Wizard" parentDisplayName="Account" id="{649afb24-1302-41f2-b4cf-4c2bc090283c}" />
      </MissingDependency>
      <MissingDependency>
        <Required type="10" schemaName="msdyn_account_msdyn_payment_Account" displayName="msdyn_account_msdyn_payment_Account" parentSchemaName="account" parentDisplayName="Account" solution="FieldService (8.8.0.88)">
          <package>FieldService_Anchor (8.8.58.9)</package>
        </Required>
        <Dependent type="60" displayName="CID Portal - Company Registration Wizard" parentDisplayName="Account" id="{159567aa-2711-4302-a007-da552af243f8}" />
      </MissingDependency>
      <MissingDependency>
        <Required type="10" schemaName="msdyn_account_msdyn_payment_Account" displayName="msdyn_account_msdyn_payment_Account" parentSchemaName="account" parentDisplayName="Account" solution="FieldService (8.8.0.88)">
          <package>FieldService_Anchor (8.8.58.9)</package>
        </Required>
        <Dependent type="60" displayName="CID Portal - Site Registration Wizard" parentDisplayName="Account" id="{649afb24-1302-41f2-b4cf-4c2bc090283c}" />
      </MissingDependency>
      <MissingDependency>
        <Required type="10" schemaName="msdyn_account_msdyn_purchaseorder_Vendor" displayName="msdyn_account_msdyn_purchaseorder_Vendor" parentSchemaName="account" parentDisplayName="Account" solution="FieldServiceCommon (1.0.0.187)">
          <package>FieldService_Anchor (8.8.58.9)</package>
        </Required>
        <Dependent type="60" displayName="CID Portal - Company Registration Wizard" parentDisplayName="Account" id="{159567aa-2711-4302-a007-da552af243f8}" />
      </MissingDependency>
      <MissingDependency>
        <Required type="10" schemaName="msdyn_account_msdyn_purchaseorder_Vendor" displayName="msdyn_account_msdyn_purchaseorder_Vendor" parentSchemaName="account" parentDisplayName="Account" solution="FieldServiceCommon (1.0.0.187)">
          <package>FieldService_Anchor (8.8.58.9)</package>
        </Required>
        <Dependent type="60" displayName="CID Portal - Site Registration Wizard" parentDisplayName="Account" id="{649afb24-1302-41f2-b4cf-4c2bc090283c}" />
      </MissingDependency>
      <MissingDependency>
        <Required type="10" schemaName="msdyn_account_msdyn_rma_BillingAccount" displayName="msdyn_account_msdyn_rma_BillingAccount" parentSchemaName="account" parentDisplayName="Account" solution="FieldService (8.8.0.88)">
          <package>FieldService_Anchor (8.8.58.9)</package>
        </Required>
        <Dependent type="60" displayName="CID Portal - Company Registration Wizard" parentDisplayName="Account" id="{159567aa-2711-4302-a007-da552af243f8}" />
      </MissingDependency>
      <MissingDependency>
        <Required type="10" schemaName="msdyn_account_msdyn_rma_BillingAccount" displayName="msdyn_account_msdyn_rma_BillingAccount" parentSchemaName="account" parentDisplayName="Account" solution="FieldService (8.8.0.88)">
          <package>FieldService_Anchor (8.8.58.9)</package>
        </Required>
        <Dependent type="60" displayName="CID Portal - Site Registration Wizard" parentDisplayName="Account" id="{649afb24-1302-41f2-b4cf-4c2bc090283c}" />
      </MissingDependency>
      <MissingDependency>
        <Required type="10" schemaName="msdyn_account_msdyn_rma_ServiceAccount" displayName="msdyn_account_msdyn_rma_ServiceAccount" parentSchemaName="account" parentDisplayName="Account" solution="FieldService (8.8.0.88)">
          <package>FieldService_Anchor (8.8.58.9)</package>
        </Required>
        <Dependent type="60" displayName="CID Portal - Company Registration Wizard" parentDisplayName="Account" id="{159567aa-2711-4302-a007-da552af243f8}" />
      </MissingDependency>
      <MissingDependency>
        <Required type="10" schemaName="msdyn_account_msdyn_rma_ServiceAccount" displayName="msdyn_account_msdyn_rma_ServiceAccount" parentSchemaName="account" parentDisplayName="Account" solution="FieldService (8.8.0.88)">
          <package>FieldService_Anchor (8.8.58.9)</package>
        </Required>
        <Dependent type="60" displayName="CID Portal - Site Registration Wizard" parentDisplayName="Account" id="{649afb24-1302-41f2-b4cf-4c2bc090283c}" />
      </MissingDependency>
      <MissingDependency>
        <Required type="10" schemaName="msdyn_account_msdyn_rtv_Vendor" displayName="msdyn_account_msdyn_rtv_Vendor" parentSchemaName="account" parentDisplayName="Account" solution="FieldService (8.8.0.88)">
          <package>FieldService_Anchor (8.8.58.9)</package>
        </Required>
        <Dependent type="60" displayName="CID Portal - Company Registration Wizard" parentDisplayName="Account" id="{159567aa-2711-4302-a007-da552af243f8}" />
      </MissingDependency>
      <MissingDependency>
        <Required type="10" schemaName="msdyn_account_msdyn_rtv_Vendor" displayName="msdyn_account_msdyn_rtv_Vendor" parentSchemaName="account" parentDisplayName="Account" solution="FieldService (8.8.0.88)">
          <package>FieldService_Anchor (8.8.58.9)</package>
        </Required>
        <Dependent type="60" displayName="CID Portal - Site Registration Wizard" parentDisplayName="Account" id="{649afb24-1302-41f2-b4cf-4c2bc090283c}" />
      </MissingDependency>
      <MissingDependency>
        <Required type="10" schemaName="msdyn_account_msdyn_workorder_BillingAccount" displayName="msdyn_account_msdyn_workorder_BillingAccount" parentSchemaName="account" parentDisplayName="Account" solution="FieldService (8.8.0.88)">
          <package>FieldService_Anchor (8.8.58.9)</package>
        </Required>
        <Dependent type="60" displayName="CID Portal - Company Registration Wizard" parentDisplayName="Account" id="{159567aa-2711-4302-a007-da552af243f8}" />
      </MissingDependency>
      <MissingDependency>
        <Required type="10" schemaName="msdyn_account_msdyn_workorder_BillingAccount" displayName="msdyn_account_msdyn_workorder_BillingAccount" parentSchemaName="account" parentDisplayName="Account" solution="FieldService (8.8.0.88)">
          <package>FieldService_Anchor (8.8.58.9)</package>
        </Required>
        <Dependent type="60" displayName="CID Portal - Site Registration Wizard" parentDisplayName="Account" id="{649afb24-1302-41f2-b4cf-4c2bc090283c}" />
      </MissingDependency>
      <MissingDependency>
        <Required type="10" schemaName="msdyn_account_msdyn_workorder_ServiceAccount" displayName="msdyn_account_msdyn_workorder_ServiceAccount" parentSchemaName="account" parentDisplayName="Account" solution="FieldService (8.8.0.88)">
          <package>FieldService_Anchor (8.8.58.9)</package>
        </Required>
        <Dependent type="60" displayName="CID Portal - Company Registration Wizard" parentDisplayName="Account" id="{159567aa-2711-4302-a007-da552af243f8}" />
      </MissingDependency>
      <MissingDependency>
        <Required type="10" schemaName="msdyn_account_msdyn_workorder_ServiceAccount" displayName="msdyn_account_msdyn_workorder_ServiceAccount" parentSchemaName="account" parentDisplayName="Account" solution="FieldService (8.8.0.88)">
          <package>FieldService_Anchor (8.8.58.9)</package>
        </Required>
        <Dependent type="60" displayName="CID Portal - Site Registration Wizard" parentDisplayName="Account" id="{649afb24-1302-41f2-b4cf-4c2bc090283c}" />
      </MissingDependency>
      <MissingDependency>
        <Required type="10" schemaName="ovs_MOCRegistration_Site" displayName="ovs_MOCRegistration_Site" parentSchemaName="account" parentDisplayName="Account" solution="Active" />
        <Dependent type="60" displayName="CID Portal - Site Registration Wizard" parentDisplayName="Account" id="{649afb24-1302-41f2-b4cf-4c2bc090283c}" />
      </MissingDependency>
      <MissingDependency>
        <Required type="10" schemaName="ovs_MOCRegistration_Site" displayName="ovs_MOCRegistration_Site" parentSchemaName="account" parentDisplayName="Account" solution="Active" />
        <Dependent type="60" displayName="CID Portal - Operation Registration Wizard" parentDisplayName="Operation" id="{6da9f66c-0427-4bd5-9080-00771c169f70}" />
      </MissingDependency>
      <MissingDependency>
        <Required type="10" schemaName="msdyn_account_msdyn_customerasset_Account" displayName="msdyn_account_msdyn_customerasset_Account" parentSchemaName="msdyn_customerasset" parentDisplayName="Customer Asset" solution="msdyn_AssetCommon (1.0.25.1)">
          <package>FieldService_Anchor (8.8.58.9)</package>
          <package>msdynce_ServiceAnchor (9.0.22013.1009)</package>
        </Required>
        <Dependent type="60" displayName="CID Portal - Company Registration Wizard" parentDisplayName="Account" id="{159567aa-2711-4302-a007-da552af243f8}" />
      </MissingDependency>
      <MissingDependency>
        <Required type="10" schemaName="msdyn_account_msdyn_customerasset_Account" displayName="msdyn_account_msdyn_customerasset_Account" parentSchemaName="msdyn_customerasset" parentDisplayName="Customer Asset" solution="msdyn_AssetCommon (1.0.25.1)">
          <package>FieldService_Anchor (8.8.58.9)</package>
          <package>msdynce_ServiceAnchor (9.0.22013.1009)</package>
        </Required>
        <Dependent type="60" displayName="CID Portal - Site Registration Wizard" parentDisplayName="Account" id="{649afb24-1302-41f2-b4cf-4c2bc090283c}" />
      </MissingDependency>
      <MissingDependency>
        <Required type="10" schemaName="ovs_OperationUNNumber_OperationUNNumber_o" displayName="ovs_OperationUNNumber_OperationUNNumber_o" parentSchemaName="ovs_mocregistration" parentDisplayName="Operation" solution="Active" />
        <Dependent type="60" displayName="CID Portal - Operation Registration Wizard" parentDisplayName="Operation" id="{6da9f66c-0427-4bd5-9080-00771c169f70}" />
      </MissingDependency>
      <MissingDependency>
        <Required type="10" schemaName="ovs_OperationUNNumber_OperationUNNumber_o" displayName="ovs_OperationUNNumber_OperationUNNumber_o" parentSchemaName="ovs_mocregistration" parentDisplayName="Operation" solution="Active" />
        <Dependent type="60" displayName="CID Portal - Operation UN Number" parentDisplayName="Operation UN Number" id="{de3bbd9b-7078-ec11-8942-000d3a840e6b}" />
      </MissingDependency>
      <MissingDependency>
        <Required type="10" schemaName="ovs_ovs_mocregistration_ovs_operationclass_OperationClass" displayName="ovs_ovs_mocregistration_ovs_operationclass_OperationClass" parentSchemaName="ovs_mocregistration" parentDisplayName="Operation" solution="Active" />
        <Dependent type="60" displayName="CID Portal - Operation Registration Wizard" parentDisplayName="Operation" id="{6da9f66c-0427-4bd5-9080-00771c169f70}" />
      </MissingDependency>
      <MissingDependency>
        <Required type="10" schemaName="ovs_tdg_unnumber_ovs_operationunnumber_UNNumber" displayName="ovs_tdg_unnumber_ovs_operationunnumber_UNNumber" parentSchemaName="tdg_unnumber" parentDisplayName="UN Number" solution="Active" />
        <Dependent type="60" displayName="CID Portal - Operation UN Number" parentDisplayName="Operation UN Number" id="{de3bbd9b-7078-ec11-8942-000d3a840e6b}" />
      </MissingDependency>
      <MissingDependency>
        <Required type="2" schemaName="cid_crabusinessnumber" displayName="CRA Business Number" parentSchemaName="account" parentDisplayName="Account" solution="Active" />
        <Dependent type="60" displayName="CID Portal - Company Registration Wizard" parentDisplayName="Account" id="{159567aa-2711-4302-a007-da552af243f8}" />
      </MissingDependency>
      <MissingDependency>
        <Required type="2" schemaName="cid_has_cra_bn" displayName="Do you have a CRA Business Number?" parentSchemaName="account" parentDisplayName="Account" solution="Active" />
        <Dependent type="60" displayName="CID Portal - Company Registration Wizard" parentDisplayName="Account" id="{159567aa-2711-4302-a007-da552af243f8}" />
      </MissingDependency>
      <MissingDependency>
        <Required type="2" schemaName="cid_issiteattested" displayName="Is Site Attested?" parentSchemaName="account" parentDisplayName="Account" solution="Active" />
        <Dependent type="26" schemaName="CID Portal - Sites" displayName="CID Portal - Sites" parentSchemaName="account" parentDisplayName="Account" id="{c8db5060-4a4d-ec11-8f8e-000d3ae9a753}" />
      </MissingDependency>
      <MissingDependency>
        <Required type="2" schemaName="cid_issiteattested" displayName="Is Site Attested?" parentSchemaName="account" parentDisplayName="Account" solution="Active" />
        <Dependent type="60" displayName="CID Portal - Site Registration Wizard" parentDisplayName="Account" id="{649afb24-1302-41f2-b4cf-4c2bc090283c}" />
      </MissingDependency>
      <MissingDependency>
        <Required type="2" schemaName="cid_operatingname" displayName="Operating Name (DO NOT USE)" parentSchemaName="account" parentDisplayName="Account" solution="Active" />
        <Dependent type="60" displayName="CID Portal - Company Registration Wizard" parentDisplayName="Account" id="{159567aa-2711-4302-a007-da552af243f8}" />
      </MissingDependency>
      <MissingDependency>
        <Required type="2" schemaName="cid_reasonfornobnnumber" displayName="Reason for no CRA Business Number" parentSchemaName="account" parentDisplayName="Account" solution="Active" />
        <Dependent type="60" displayName="CID Portal - Company Registration Wizard" parentDisplayName="Account" id="{159567aa-2711-4302-a007-da552af243f8}" />
      </MissingDependency>
      <MissingDependency>
        <Required type="2" schemaName="cid_reasonfornobnnumber_other" displayName="Other Reason" parentSchemaName="account" parentDisplayName="Account" solution="Active" />
        <Dependent type="60" displayName="CID Portal - Company Registration Wizard" parentDisplayName="Account" id="{159567aa-2711-4302-a007-da552af243f8}" />
      </MissingDependency>
      <MissingDependency>
        <Required type="2" schemaName="cid_requirementlevel" displayName="Basic / Extended" parentSchemaName="account" parentDisplayName="Account" solution="Active" />
        <Dependent type="26" schemaName="CID Portal - Sites" displayName="CID Portal - Sites" parentSchemaName="account" parentDisplayName="Account" id="{c8db5060-4a4d-ec11-8f8e-000d3ae9a753}" />
      </MissingDependency>
      <MissingDependency>
        <Required type="2" schemaName="cid_requirementlevel" displayName="Basic / Extended" parentSchemaName="account" parentDisplayName="Account" solution="Active" />
        <Dependent type="60" displayName="CID Portal - Site Registration Wizard" parentDisplayName="Account" id="{649afb24-1302-41f2-b4cf-4c2bc090283c}" />
      </MissingDependency>
      <MissingDependency>
        <Required type="2" schemaName="cid_siteclaim" displayName="Site Claim" parentSchemaName="account" parentDisplayName="Account" solution="Active" />
        <Dependent type="60" displayName="CID Portal - Site Registration Wizard" parentDisplayName="Account" id="{649afb24-1302-41f2-b4cf-4c2bc090283c}" />
      </MissingDependency>
      <MissingDependency>
        <Required type="2" schemaName="cid_siteid" displayName="Site ID" parentSchemaName="account" parentDisplayName="Account" solution="Active" />
        <Dependent type="26" schemaName="CID Portal - Sites" displayName="CID Portal - Sites" parentSchemaName="account" parentDisplayName="Account" id="{c8db5060-4a4d-ec11-8f8e-000d3ae9a753}" />
      </MissingDependency>
      <MissingDependency>
        <Required type="2" schemaName="cid_siteid" displayName="Site ID" parentSchemaName="account" parentDisplayName="Account" solution="Active" />
        <Dependent type="60" displayName="CID Portal - Site Registration Wizard" parentDisplayName="Account" id="{649afb24-1302-41f2-b4cf-4c2bc090283c}" />
      </MissingDependency>
      <MissingDependency>
        <Required type="2" schemaName="cid_sitename" displayName="Site Name" parentSchemaName="account" parentDisplayName="Account" solution="Active" />
        <Dependent type="26" schemaName="CID Portal - Sites" displayName="CID Portal - Sites" parentSchemaName="account" parentDisplayName="Account" id="{c8db5060-4a4d-ec11-8f8e-000d3ae9a753}" />
      </MissingDependency>
      <MissingDependency>
        <Required type="2" schemaName="cid_sitename" displayName="Site Name" parentSchemaName="account" parentDisplayName="Account" solution="Active" />
        <Dependent type="60" displayName="CID Portal - Site Registration Wizard" parentDisplayName="Account" id="{649afb24-1302-41f2-b4cf-4c2bc090283c}" />
      </MissingDependency>
      <MissingDependency>
        <Required type="2" schemaName="ovs_legalname" displayName="Legal Name" parentSchemaName="account" parentDisplayName="Account" solution="Active" />
        <Dependent type="60" displayName="CID Portal - Company Registration Wizard" parentDisplayName="Account" id="{159567aa-2711-4302-a007-da552af243f8}" />
      </MissingDependency>
      <MissingDependency>
        <Required type="2" schemaName="ovs_legalname" displayName="Legal Name" parentSchemaName="account" parentDisplayName="Account" solution="Active" />
        <Dependent type="60" displayName="CID Portal - Site Registration Wizard" parentDisplayName="Account" id="{649afb24-1302-41f2-b4cf-4c2bc090283c}" />
      </MissingDependency>
      <MissingDependency>
        <Required type="2" schemaName="cid_companynaicscodeid" displayName="Company NAICS Code" parentSchemaName="cid_companynaicscode" parentDisplayName="Company NAICS Code" solution="Active" />
        <Dependent type="26" schemaName="CID Portal - NAICS Codes" displayName="CID Portal - NAICS Codes" parentSchemaName="cid_companynaicscode" parentDisplayName="Company NAICS Code" id="{51a1c9ee-db7b-ec11-8d20-000d3aff1221}" />
      </MissingDependency>
      <MissingDependency>
        <Required type="2" schemaName="createdon" displayName="Created On" parentSchemaName="cid_companynaicscode" parentDisplayName="Company NAICS Code" solution="Active" />
        <Dependent type="26" schemaName="CID Portal - NAICS Codes" displayName="CID Portal - NAICS Codes" parentSchemaName="cid_companynaicscode" parentDisplayName="Company NAICS Code" id="{51a1c9ee-db7b-ec11-8d20-000d3aff1221}" />
      </MissingDependency>
      <MissingDependency>
        <Required type="2" schemaName="statuscode" displayName="Status Reason" parentSchemaName="cid_companynaicscode" parentDisplayName="Company NAICS Code" solution="Active" />
        <Dependent type="26" schemaName="CID Portal - NAICS Codes" displayName="CID Portal - NAICS Codes" parentSchemaName="cid_companynaicscode" parentDisplayName="Company NAICS Code" id="{51a1c9ee-db7b-ec11-8d20-000d3aff1221}" />
      </MissingDependency>
      <MissingDependency>
        <Required type="2" schemaName="cid_naicscodeid" displayName="NAICS Codes Master List" parentSchemaName="cid_naicscode" parentDisplayName="NAICS Codes Master List" solution="Active" />
        <Dependent type="26" schemaName="CID Portal - NAICS Codes" displayName="CID Portal - NAICS Codes" parentSchemaName="cid_companynaicscode" parentDisplayName="Company NAICS Code" id="{51a1c9ee-db7b-ec11-8d20-000d3aff1221}" />
      </MissingDependency>
      <MissingDependency>
        <Required type="2" schemaName="cid_crabusinessnumber" displayName="CRA Business Number" parentSchemaName="contact" parentDisplayName="Contact" solution="Active" />
        <Dependent type="60" displayName="CID Portal - Pre Company Registration" parentDisplayName="Contact" id="{175d73bb-e455-41a0-a9fd-f9b25cf8055c}" />
      </MissingDependency>
      <MissingDependency>
        <Required type="2" schemaName="cid_has_cra_bn" displayName="Do you have a CRA Business Number?" parentSchemaName="contact" parentDisplayName="Contact" solution="Active" />
        <Dependent type="60" displayName="CID Portal - Pre Company Registration" parentDisplayName="Contact" id="{175d73bb-e455-41a0-a9fd-f9b25cf8055c}" />
      </MissingDependency>
      <MissingDependency>
        <Required type="2" schemaName="cid_legalname" displayName="Legal Name" parentSchemaName="contact" parentDisplayName="Contact" solution="Active" />
        <Dependent type="60" displayName="CID Portal - Pre Company Registration" parentDisplayName="Contact" id="{175d73bb-e455-41a0-a9fd-f9b25cf8055c}" />
      </MissingDependency>
      <MissingDependency>
        <Required type="2" schemaName="cid_operatingname" displayName="Operating Name" parentSchemaName="contact" parentDisplayName="Contact" solution="Active" />
        <Dependent type="60" displayName="CID Portal - Pre Company Registration" parentDisplayName="Contact" id="{175d73bb-e455-41a0-a9fd-f9b25cf8055c}" />
      </MissingDependency>
      <MissingDependency>
        <Required type="2" schemaName="cid_extendedsite" displayName="Extended Site" parentSchemaName="ovs_mocregistration" parentDisplayName="Operation" solution="Active" />
        <Dependent type="60" displayName="CID Portal - Operation Registration Wizard" parentDisplayName="Operation" id="{6da9f66c-0427-4bd5-9080-00771c169f70}" />
      </MissingDependency>
      <MissingDependency>
        <Required type="2" schemaName="ovs_name" displayName="Operation ID" parentSchemaName="ovs_mocregistration" parentDisplayName="Operation" solution="Active" />
        <Dependent type="60" displayName="CID Portal - Operation Registration Wizard" parentDisplayName="Operation" id="{6da9f66c-0427-4bd5-9080-00771c169f70}" />
      </MissingDependency>
      <MissingDependency>
        <Required type="2" schemaName="ovs_operationtype" displayName="Operation Type" parentSchemaName="ovs_mocregistration" parentDisplayName="Operation" solution="Active" />
        <Dependent type="60" displayName="CID Portal - Operation Registration Wizard" parentDisplayName="Operation" id="{6da9f66c-0427-4bd5-9080-00771c169f70}" />
      </MissingDependency>
      <MissingDependency>
        <Required type="2" schemaName="ovs_registrationexpiry" displayName="MOC Registration Expiry" parentSchemaName="ovs_mocregistration" parentDisplayName="Operation" solution="Active" />
        <Dependent type="60" displayName="CID Portal - Operation Registration Wizard" parentDisplayName="Operation" id="{6da9f66c-0427-4bd5-9080-00771c169f70}" />
      </MissingDependency>
      <MissingDependency>
        <Required type="2" schemaName="ovs_siteid" displayName="Site" parentSchemaName="ovs_mocregistration" parentDisplayName="Operation" solution="Active" />
        <Dependent type="60" displayName="CID Portal - Operation Registration Wizard" parentDisplayName="Operation" id="{6da9f66c-0427-4bd5-9080-00771c169f70}" />
      </MissingDependency>
      <MissingDependency>
        <Required type="2" schemaName="ownerid" displayName="Owner" parentSchemaName="ovs_mocregistration" parentDisplayName="Operation" solution="Active" />
        <Dependent type="60" displayName="CID Portal - Operation Registration Wizard" parentDisplayName="Operation" id="{6da9f66c-0427-4bd5-9080-00771c169f70}" />
      </MissingDependency>
      <MissingDependency>
        <Required type="2" schemaName="cid_annualnumberofshipment" displayName="Annual Number of Consignments" parentSchemaName="ovs_operationunnumber" parentDisplayName="Operation UN Number" solution="Active" />
        <Dependent type="60" displayName="CID Portal - Operation UN Number" parentDisplayName="Operation UN Number" id="{de3bbd9b-7078-ec11-8942-000d3a840e6b}" />
      </MissingDependency>
      <MissingDependency>
        <Required type="2" schemaName="cid_annualquantityvolume" displayName="Annual Quantity\Volume" parentSchemaName="ovs_operationunnumber" parentDisplayName="Operation UN Number" solution="Active" />
        <Dependent type="60" displayName="CID Portal - Operation UN Number" parentDisplayName="Operation UN Number" id="{de3bbd9b-7078-ec11-8942-000d3a840e6b}" />
      </MissingDependency>
      <MissingDependency>
        <Required type="2" schemaName="createdon" displayName="Created On" parentSchemaName="ovs_operationunnumber" parentDisplayName="Operation UN Number" solution="Active" />
        <Dependent type="26" schemaName="Operation UN Number Advanced Find View" displayName="Operation UN Number Advanced Find View" parentSchemaName="ovs_operationunnumber" parentDisplayName="Operation UN Number" id="{a7bb88bc-df58-4947-a5d1-b40f09f3689c}" />
      </MissingDependency>
      <MissingDependency>
        <Required type="2" schemaName="ovs_name" displayName="Name" parentSchemaName="ovs_operationunnumber" parentDisplayName="Operation UN Number" solution="Active" />
        <Dependent type="26" schemaName="Operation UN Number Advanced Find View" displayName="Operation UN Number Advanced Find View" parentSchemaName="ovs_operationunnumber" parentDisplayName="Operation UN Number" id="{a7bb88bc-df58-4947-a5d1-b40f09f3689c}" />
      </MissingDependency>
      <MissingDependency>
        <Required type="2" schemaName="ovs_name" displayName="Name" parentSchemaName="ovs_operationunnumber" parentDisplayName="Operation UN Number" solution="Active" />
        <Dependent type="60" displayName="CID Portal - Operation UN Number" parentDisplayName="Operation UN Number" id="{de3bbd9b-7078-ec11-8942-000d3a840e6b}" />
      </MissingDependency>
      <MissingDependency>
        <Required type="2" schemaName="ovs_operationunnumber" displayName="Operation UN Number" parentSchemaName="ovs_operationunnumber" parentDisplayName="Operation UN Number" solution="Active" />
        <Dependent type="26" schemaName="Quick Find Active Operation UN Numbers" displayName="Quick Find Active Operation UN Numbers" parentSchemaName="ovs_operationunnumber" parentDisplayName="Operation UN Number" id="{e671a8ff-c36a-40be-ace3-60c444f86dc6}" />
      </MissingDependency>
      <MissingDependency>
        <Required type="2" schemaName="ovs_operationunnumber" displayName="Operation UN Number" parentSchemaName="ovs_operationunnumber" parentDisplayName="Operation UN Number" solution="Active" />
        <Dependent type="60" displayName="CID Portal - Operation UN Number" parentDisplayName="Operation UN Number" id="{de3bbd9b-7078-ec11-8942-000d3a840e6b}" />
      </MissingDependency>
      <MissingDependency>
        <Required type="2" schemaName="ovs_operationunnumberid" displayName="Operation UN Number" parentSchemaName="ovs_operationunnumber" parentDisplayName="Operation UN Number" solution="Active" />
        <Dependent type="26" schemaName="Operation UN Number Advanced Find View" displayName="Operation UN Number Advanced Find View" parentSchemaName="ovs_operationunnumber" parentDisplayName="Operation UN Number" id="{a7bb88bc-df58-4947-a5d1-b40f09f3689c}" />
      </MissingDependency>
      <MissingDependency>
        <Required type="2" schemaName="ovs_operationunnumberid" displayName="Operation UN Number" parentSchemaName="ovs_operationunnumber" parentDisplayName="Operation UN Number" solution="Active" />
        <Dependent type="26" schemaName="Quick Find Active Operation UN Numbers" displayName="Quick Find Active Operation UN Numbers" parentSchemaName="ovs_operationunnumber" parentDisplayName="Operation UN Number" id="{e671a8ff-c36a-40be-ace3-60c444f86dc6}" />
      </MissingDependency>
      <MissingDependency>
        <Required type="2" schemaName="ovs_supplychaindirection" displayName="Supply Chain Direction" parentSchemaName="ovs_operationunnumber" parentDisplayName="Operation UN Number" solution="Active" />
        <Dependent type="60" displayName="CID Portal - Operation UN Number" parentDisplayName="Operation UN Number" id="{de3bbd9b-7078-ec11-8942-000d3a840e6b}" />
      </MissingDependency>
      <MissingDependency>
        <Required type="2" schemaName="ovs_unnumber" displayName="UN Number" parentSchemaName="ovs_operationunnumber" parentDisplayName="Operation UN Number" solution="Active" />
        <Dependent type="26" schemaName="Quick Find Active Operation UN Numbers" displayName="Quick Find Active Operation UN Numbers" parentSchemaName="ovs_operationunnumber" parentDisplayName="Operation UN Number" id="{e671a8ff-c36a-40be-ace3-60c444f86dc6}" />
      </MissingDependency>
      <MissingDependency>
        <Required type="2" schemaName="ovs_unnumber" displayName="UN Number" parentSchemaName="ovs_operationunnumber" parentDisplayName="Operation UN Number" solution="Active" />
        <Dependent type="60" displayName="CID Portal - Operation UN Number" parentDisplayName="Operation UN Number" id="{de3bbd9b-7078-ec11-8942-000d3a840e6b}" />
      </MissingDependency>
      <MissingDependency>
        <Required type="2" schemaName="ownerid" displayName="Owner" parentSchemaName="ovs_operationunnumber" parentDisplayName="Operation UN Number" solution="Active" />
        <Dependent type="60" displayName="CID Portal - Operation UN Number" parentDisplayName="Operation UN Number" id="{de3bbd9b-7078-ec11-8942-000d3a840e6b}" />
      </MissingDependency>
      <MissingDependency>
        <Required type="2" schemaName="statecode" displayName="Status" parentSchemaName="ovs_operationunnumber" parentDisplayName="Operation UN Number" solution="Active" />
        <Dependent type="26" schemaName="Quick Find Active Operation UN Numbers" displayName="Quick Find Active Operation UN Numbers" parentSchemaName="ovs_operationunnumber" parentDisplayName="Operation UN Number" id="{e671a8ff-c36a-40be-ace3-60c444f86dc6}" />
      </MissingDependency>
      <MissingDependency>
        <Required type="2" schemaName="statecode" displayName="Status" parentSchemaName="tdg_unnumber" parentDisplayName="UN Number" solution="Active" />
        <Dependent type="26" schemaName="UN Number Lookup View" displayName="UN Number Lookup View" parentSchemaName="tdg_unnumber" parentDisplayName="UN Number" id="{a211ff3c-5c67-4e53-ae0a-add626c801a7}" />
      </MissingDependency>
      <MissingDependency>
        <Required type="2" schemaName="statecode" displayName="Status" parentSchemaName="tdg_unnumber" parentDisplayName="UN Number" solution="Active" />
        <Dependent type="26" schemaName="Quick Find Active UN Numbers" displayName="Quick Find Active UN Numbers" parentSchemaName="tdg_unnumber" parentDisplayName="UN Number" id="{a9b77fbd-2aab-412f-b4c4-368330991dbf}" />
      </MissingDependency>
      <MissingDependency>
        <Required type="2" schemaName="tdg_name" displayName="UN Number" parentSchemaName="tdg_unnumber" parentDisplayName="UN Number" solution="Active" />
        <Dependent type="26" schemaName="UN Number Lookup View" displayName="UN Number Lookup View" parentSchemaName="tdg_unnumber" parentDisplayName="UN Number" id="{a211ff3c-5c67-4e53-ae0a-add626c801a7}" />
      </MissingDependency>
      <MissingDependency>
        <Required type="2" schemaName="tdg_name" displayName="UN Number" parentSchemaName="tdg_unnumber" parentDisplayName="UN Number" solution="Active" />
        <Dependent type="26" schemaName="Quick Find Active UN Numbers" displayName="Quick Find Active UN Numbers" parentSchemaName="tdg_unnumber" parentDisplayName="UN Number" id="{a9b77fbd-2aab-412f-b4c4-368330991dbf}" />
      </MissingDependency>
      <MissingDependency>
        <Required type="2" schemaName="tdg_packinggroupcd" displayName="Packing Group" parentSchemaName="tdg_unnumber" parentDisplayName="UN Number" solution="Active" />
        <Dependent type="26" schemaName="Quick Find Active UN Numbers" displayName="Quick Find Active UN Numbers" parentSchemaName="tdg_unnumber" parentDisplayName="UN Number" id="{a9b77fbd-2aab-412f-b4c4-368330991dbf}" />
      </MissingDependency>
      <MissingDependency>
        <Required type="2" schemaName="tdg_primaryclasscd" displayName="Primary Class" parentSchemaName="tdg_unnumber" parentDisplayName="UN Number" solution="Active" />
        <Dependent type="26" schemaName="Quick Find Active UN Numbers" displayName="Quick Find Active UN Numbers" parentSchemaName="tdg_unnumber" parentDisplayName="UN Number" id="{a9b77fbd-2aab-412f-b4c4-368330991dbf}" />
      </MissingDependency>
      <MissingDependency>
        <Required type="2" schemaName="tdg_primaryclasscd" displayName="Primary Class" parentSchemaName="tdg_unnumber" parentDisplayName="UN Number" solution="Active" />
        <Dependent type="26" schemaName="Quick Find Active Operation UN Numbers" displayName="Quick Find Active Operation UN Numbers" parentSchemaName="ovs_operationunnumber" parentDisplayName="Operation UN Number" id="{e671a8ff-c36a-40be-ace3-60c444f86dc6}" />
      </MissingDependency>
      <MissingDependency>
        <Required type="2" schemaName="tdg_secondaryclasscd" displayName="Subsidiary Class" parentSchemaName="tdg_unnumber" parentDisplayName="UN Number" solution="Active" />
        <Dependent type="26" schemaName="Quick Find Active Operation UN Numbers" displayName="Quick Find Active Operation UN Numbers" parentSchemaName="ovs_operationunnumber" parentDisplayName="Operation UN Number" id="{e671a8ff-c36a-40be-ace3-60c444f86dc6}" />
      </MissingDependency>
      <MissingDependency>
        <Required type="2" schemaName="tdg_shippingnamedescriptionetxt" displayName="English Shipping Name" parentSchemaName="tdg_unnumber" parentDisplayName="UN Number" solution="Active" />
        <Dependent type="26" schemaName="Quick Find Active UN Numbers" displayName="Quick Find Active UN Numbers" parentSchemaName="tdg_unnumber" parentDisplayName="UN Number" id="{a9b77fbd-2aab-412f-b4c4-368330991dbf}" />
      </MissingDependency>
      <MissingDependency>
        <Required type="2" schemaName="tdg_shippingnamedescriptionetxt" displayName="English Shipping Name" parentSchemaName="tdg_unnumber" parentDisplayName="UN Number" solution="Active" />
        <Dependent type="26" schemaName="Quick Find Active Operation UN Numbers" displayName="Quick Find Active Operation UN Numbers" parentSchemaName="ovs_operationunnumber" parentDisplayName="Operation UN Number" id="{e671a8ff-c36a-40be-ace3-60c444f86dc6}" />
      </MissingDependency>
      <MissingDependency>
        <Required type="2" schemaName="tdg_shippingnamedescriptionftxt" displayName="French Shipping Name" parentSchemaName="tdg_unnumber" parentDisplayName="UN Number" solution="Active" />
        <Dependent type="26" schemaName="Quick Find Active UN Numbers" displayName="Quick Find Active UN Numbers" parentSchemaName="tdg_unnumber" parentDisplayName="UN Number" id="{a9b77fbd-2aab-412f-b4c4-368330991dbf}" />
      </MissingDependency>
      <MissingDependency>
        <Required type="2" schemaName="tdg_shippingnamedescriptionftxt" displayName="French Shipping Name" parentSchemaName="tdg_unnumber" parentDisplayName="UN Number" solution="Active" />
        <Dependent type="26" schemaName="Quick Find Active Operation UN Numbers" displayName="Quick Find Active Operation UN Numbers" parentSchemaName="ovs_operationunnumber" parentDisplayName="Operation UN Number" id="{e671a8ff-c36a-40be-ace3-60c444f86dc6}" />
      </MissingDependency>
      <MissingDependency>
        <Required type="2" schemaName="tdg_unnumberid" displayName="UN Number" parentSchemaName="tdg_unnumber" parentDisplayName="UN Number" solution="Active" />
        <Dependent type="26" schemaName="UN Number Lookup View" displayName="UN Number Lookup View" parentSchemaName="tdg_unnumber" parentDisplayName="UN Number" id="{a211ff3c-5c67-4e53-ae0a-add626c801a7}" />
      </MissingDependency>
      <MissingDependency>
        <Required type="2" schemaName="tdg_unnumberid" displayName="UN Number" parentSchemaName="tdg_unnumber" parentDisplayName="UN Number" solution="Active" />
        <Dependent type="26" schemaName="Quick Find Active UN Numbers" displayName="Quick Find Active UN Numbers" parentSchemaName="tdg_unnumber" parentDisplayName="UN Number" id="{a9b77fbd-2aab-412f-b4c4-368330991dbf}" />
      </MissingDependency>
      <MissingDependency>
        <Required type="2" schemaName="tdg_unnumberid" displayName="UN Number" parentSchemaName="tdg_unnumber" parentDisplayName="UN Number" solution="Active" />
        <Dependent type="26" schemaName="Quick Find Active Operation UN Numbers" displayName="Quick Find Active Operation UN Numbers" parentSchemaName="ovs_operationunnumber" parentDisplayName="Operation UN Number" id="{e671a8ff-c36a-40be-ace3-60c444f86dc6}" />
      </MissingDependency>
      <MissingDependency>
        <Required type="26" schemaName="Active Mode of Transportations (CID)" displayName="Active Mode of Transportations (CID)" parentSchemaName="cid_modeoftransportation" parentDisplayName="Mode of Transportation (CID)" solution="Active" id="{06fc7fa8-5446-408c-88e4-51f0db02f30d}" />
        <Dependent type="60" displayName="CID Portal - Site Registration Wizard" parentDisplayName="Account" id="{649afb24-1302-41f2-b4cf-4c2bc090283c}" />
      </MissingDependency>
      <MissingDependency>
        <Required type="26" schemaName="CID Portal - ERAPs" displayName="CID Portal - ERAPs" parentSchemaName="cid_companyerap" parentDisplayName="Company ERAP" solution="Active" id="{07e9d230-d87b-ec11-8d20-000d3aff1221}" />
        <Dependent type="60" displayName="CID Portal - Company Registration Wizard" parentDisplayName="Account" id="{159567aa-2711-4302-a007-da552af243f8}" />
      </MissingDependency>
      <MissingDependency>
        <Required type="26" schemaName="Active Company ERAPS" displayName="Active Company ERAPS" parentSchemaName="cid_companyerap" parentDisplayName="Company ERAP" solution="Active" id="{0b1fac9a-90c7-4940-a4eb-1adb97736af1}" />
        <Dependent type="60" displayName="CID Portal - Company Registration Wizard" parentDisplayName="Account" id="{159567aa-2711-4302-a007-da552af243f8}" />
      </MissingDependency>
      <MissingDependency>
        <Required type="26" schemaName="CID Portal - UN Numbers" displayName="CID Portal - UN Numbers" parentSchemaName="ovs_operationunnumber" parentDisplayName="Operation UN Number" solution="Active" id="{121715d2-c97b-ec11-8d20-000d3aff1221}" />
        <Dependent type="60" displayName="CID Portal - Site Registration Wizard" parentDisplayName="Account" id="{649afb24-1302-41f2-b4cf-4c2bc090283c}" />
      </MissingDependency>
      <MissingDependency>
        <Required type="26" schemaName="CID Portal - UN Numbers" displayName="CID Portal - UN Numbers" parentSchemaName="ovs_operationunnumber" parentDisplayName="Operation UN Number" solution="Active" id="{121715d2-c97b-ec11-8d20-000d3aff1221}" />
        <Dependent type="60" displayName="CID Portal - Operation Registration Wizard" parentDisplayName="Operation" id="{6da9f66c-0427-4bd5-9080-00771c169f70}" />
      </MissingDependency>
      <MissingDependency>
        <Required type="26" schemaName="Active Company NAICS Code - Portal" displayName="Active Company NAICS Code - Portal" parentSchemaName="cid_companynaicscode" parentDisplayName="Company NAICS Code" solution="Active" id="{21614059-fb22-ec11-b6e6-0022483cb5c7}" />
        <Dependent type="60" displayName="CID Portal - Company Registration Wizard" parentDisplayName="Account" id="{159567aa-2711-4302-a007-da552af243f8}" />
      </MissingDependency>
      <MissingDependency>
        <Required type="26" schemaName="Operation UN Numbers (Active)" displayName="Operation UN Numbers (Active)" parentSchemaName="ovs_operationunnumber" parentDisplayName="Operation UN Number" solution="Active" id="{2e7c7b15-98b4-4cc3-a0da-0f193b0759d2}" />
        <Dependent type="60" displayName="CID Portal - Site Registration Wizard" parentDisplayName="Account" id="{649afb24-1302-41f2-b4cf-4c2bc090283c}" />
      </MissingDependency>
      <MissingDependency>
        <Required type="26" schemaName="Operation UN Numbers (Active)" displayName="Operation UN Numbers (Active)" parentSchemaName="ovs_operationunnumber" parentDisplayName="Operation UN Number" solution="Active" id="{2e7c7b15-98b4-4cc3-a0da-0f193b0759d2}" />
        <Dependent type="60" displayName="CID Portal - Operation Registration Wizard" parentDisplayName="Operation" id="{6da9f66c-0427-4bd5-9080-00771c169f70}" />
      </MissingDependency>
      <MissingDependency>
        <Required type="26" schemaName="CID Portal - Classess" displayName="CID Portal - Classess" parentSchemaName="ovs_operationclass" parentDisplayName="Operation Class" solution="Active" id="{96b22408-c97b-ec11-8d20-000d3aff1221}" />
        <Dependent type="60" displayName="CID Portal - Site Registration Wizard" parentDisplayName="Account" id="{649afb24-1302-41f2-b4cf-4c2bc090283c}" />
      </MissingDependency>
      <MissingDependency>
        <Required type="26" schemaName="CID Portal - Classess" displayName="CID Portal - Classess" parentSchemaName="ovs_operationclass" parentDisplayName="Operation Class" solution="Active" id="{96b22408-c97b-ec11-8d20-000d3aff1221}" />
        <Dependent type="60" displayName="CID Portal - Operation Registration Wizard" parentDisplayName="Operation" id="{6da9f66c-0427-4bd5-9080-00771c169f70}" />
      </MissingDependency>
      <MissingDependency>
        <Required type="26" schemaName="Active Operations" displayName="Active Operations" parentSchemaName="ovs_mocregistration" parentDisplayName="Operation" solution="Active" id="{98c7fee1-1d9f-4226-89bb-26e6be7057f8}" />
        <Dependent type="60" displayName="CID Portal - Site Registration Wizard" parentDisplayName="Account" id="{649afb24-1302-41f2-b4cf-4c2bc090283c}" />
      </MissingDependency>
      <MissingDependency>
        <Required type="26" schemaName="CID Portal - Mode Of Transportation - All" displayName="CID Portal - Mode Of Transportation - All" parentSchemaName="cid_modeoftransportation" parentDisplayName="Mode of Transportation (CID)" solution="Active" id="{9ee4759a-d77b-ec11-8d20-000d3aff1221}" />
        <Dependent type="60" displayName="CID Portal - Site Registration Wizard" parentDisplayName="Account" id="{649afb24-1302-41f2-b4cf-4c2bc090283c}" />
      </MissingDependency>
      <MissingDependency>
        <Required type="26" schemaName="CLASS (Active)" displayName="CLASS (Active)" parentSchemaName="ovs_operationclass" parentDisplayName="Operation Class" solution="Active" id="{affe1090-e5c2-4951-854a-1ac530d0dfa0}" />
        <Dependent type="60" displayName="CID Portal - Site Registration Wizard" parentDisplayName="Account" id="{649afb24-1302-41f2-b4cf-4c2bc090283c}" />
      </MissingDependency>
      <MissingDependency>
        <Required type="26" schemaName="CLASS (Active)" displayName="CLASS (Active)" parentSchemaName="ovs_operationclass" parentDisplayName="Operation Class" solution="Active" id="{affe1090-e5c2-4951-854a-1ac530d0dfa0}" />
        <Dependent type="60" displayName="CID Portal - Operation Registration Wizard" parentDisplayName="Operation" id="{6da9f66c-0427-4bd5-9080-00771c169f70}" />
      </MissingDependency>
      <MissingDependency>
        <Required type="26" schemaName="CID Portal - Operation" displayName="CID Portal - Operation" parentSchemaName="ovs_mocregistration" parentDisplayName="Operation" solution="Active" id="{b0dcb9f2-1c7a-ec11-8d20-000d3aff1221}" />
        <Dependent type="60" displayName="CID Portal - Site Registration Wizard" parentDisplayName="Account" id="{649afb24-1302-41f2-b4cf-4c2bc090283c}" />
      </MissingDependency>
      <MissingDependency>
        <Required type="26" schemaName="Active Company NAICS Code" displayName="Active Company NAICS Code" parentSchemaName="cid_companynaicscode" parentDisplayName="Company NAICS Code" solution="Active" id="{d7d195c7-bf49-45a0-8cfe-53c64d587adf}" />
        <Dependent type="60" displayName="CID Portal - Company Registration Wizard" parentDisplayName="Account" id="{159567aa-2711-4302-a007-da552af243f8}" />
      </MissingDependency>
      <MissingDependency>
        <Required type="61" schemaName="AppCommon/Account/Account_main_system_library.js" displayName="AppCommon/Account/Account_main_system_library.js" solution="msdynce_AppCommon (9.0.4.0066)">
          <package>msdynce_AppCommonAnchor (9.0.22013.10001)</package>
        </Required>
        <Dependent type="60" displayName="CID Portal - Company Registration Wizard" parentDisplayName="Account" id="{159567aa-2711-4302-a007-da552af243f8}" />
      </MissingDependency>
      <MissingDependency>
        <Required type="61" schemaName="cid_AddressComplete.htm" displayName="cid_AddressComplete.htm" solution="Active" />
        <Dependent type="60" displayName="CID Portal - Company Registration Wizard" parentDisplayName="Account" id="{159567aa-2711-4302-a007-da552af243f8}" />
      </MissingDependency>
      <MissingDependency>
        <Required type="61" schemaName="cid_AddressComplete.htm" displayName="cid_AddressComplete.htm" solution="Active" />
        <Dependent type="60" displayName="CID Portal - Site Registration Wizard" parentDisplayName="Account" id="{649afb24-1302-41f2-b4cf-4c2bc090283c}" />
      </MissingDependency>
      <MissingDependency>
        <Required type="61" schemaName="msdyn_/Account/Account.Library.js" displayName="msdyn_/Account/Account.Library.js" solution="FieldService (8.8.0.88)">
          <package>FieldService_Anchor (8.8.58.9)</package>
        </Required>
        <Dependent type="60" displayName="CID Portal - Company Registration Wizard" parentDisplayName="Account" id="{159567aa-2711-4302-a007-da552af243f8}" />
      </MissingDependency>
      <MissingDependency>
        <Required type="61" schemaName="msdyn_/Account/Account.Library.js" displayName="msdyn_/Account/Account.Library.js" solution="FieldService (8.8.0.88)">
          <package>FieldService_Anchor (8.8.58.9)</package>
        </Required>
        <Dependent type="60" displayName="CID Portal - Site Registration Wizard" parentDisplayName="Account" id="{649afb24-1302-41f2-b4cf-4c2bc090283c}" />
      </MissingDependency>
      <MissingDependency>
        <Required type="61" schemaName="msdyn_/Account/AssetCommon.Account.Library.js" displayName="msdyn_/Account/AssetCommon.Account.Library.js" solution="msdyn_AssetCommon (1.0.25.1)">
          <package>FieldService_Anchor (8.8.58.9)</package>
          <package>msdynce_ServiceAnchor (9.0.22013.1009)</package>
        </Required>
        <Dependent type="60" displayName="CID Portal - Company Registration Wizard" parentDisplayName="Account" id="{159567aa-2711-4302-a007-da552af243f8}" />
      </MissingDependency>
      <MissingDependency>
        <Required type="61" schemaName="msdyn_/Account/AssetCommon.Account.Library.js" displayName="msdyn_/Account/AssetCommon.Account.Library.js" solution="msdyn_AssetCommon (1.0.25.1)">
          <package>FieldService_Anchor (8.8.58.9)</package>
          <package>msdynce_ServiceAnchor (9.0.22013.1009)</package>
        </Required>
        <Dependent type="60" displayName="CID Portal - Site Registration Wizard" parentDisplayName="Account" id="{649afb24-1302-41f2-b4cf-4c2bc090283c}" />
      </MissingDependency>
      <MissingDependency>
        <Required type="61" schemaName="msdyn_/Contact/Contact.Library.js" displayName="msdyn_/Contact/Contact.Library.js" solution="FieldService (8.8.0.88)">
          <package>FieldService_Anchor (8.8.58.9)</package>
        </Required>
        <Dependent type="60" displayName="CID Portal - Pre Company Registration" parentDisplayName="Contact" id="{175d73bb-e455-41a0-a9fd-f9b25cf8055c}" />
      </MissingDependency>
      <MissingDependency>
        <Required type="61" schemaName="msdyn_/Utils/FieldServiceTrial.js" displayName="msdyn_/Utils/FieldServiceTrial.js" solution="FieldService (8.8.0.88)">
          <package>FieldService_Anchor (8.8.58.9)</package>
        </Required>
        <Dependent type="60" displayName="CID Portal - Company Registration Wizard" parentDisplayName="Account" id="{159567aa-2711-4302-a007-da552af243f8}" />
      </MissingDependency>
      <MissingDependency>
        <Required type="61" schemaName="msdyn_/Utils/FieldServiceTrial.js" displayName="msdyn_/Utils/FieldServiceTrial.js" solution="FieldService (8.8.0.88)">
          <package>FieldService_Anchor (8.8.58.9)</package>
        </Required>
        <Dependent type="60" displayName="CID Portal - Site Registration Wizard" parentDisplayName="Account" id="{649afb24-1302-41f2-b4cf-4c2bc090283c}" />
      </MissingDependency>
      <MissingDependency>
        <Required type="61" schemaName="msdyn_talkingpointsloader.js" displayName="msdyn_talkingpointsloader.js" solution="msdynce_Talkingpoints (9.0.1.701736)">
          <package>msdynce_SalesInsightsAnchor (9.0.22013.10006)</package>
        </Required>
        <Dependent type="60" displayName="CID Portal - Pre Company Registration" parentDisplayName="Contact" id="{175d73bb-e455-41a0-a9fd-f9b25cf8055c}" />
      </MissingDependency>
      <MissingDependency>
        <Required type="61" schemaName="ovs_ContactMainForm" displayName="ovs_ContactMainForm" solution="Active" />
        <Dependent type="60" displayName="CID Portal - Pre Company Registration" parentDisplayName="Contact" id="{175d73bb-e455-41a0-a9fd-f9b25cf8055c}" />
      </MissingDependency>
      <MissingDependency>
        <Required type="61" schemaName="ovs_moc_mainform" displayName="ovs_moc_mainform" solution="Active" />
        <Dependent type="60" displayName="CID Portal - Operation Registration Wizard" parentDisplayName="Operation" id="{6da9f66c-0427-4bd5-9080-00771c169f70}" />
      </MissingDependency>
      <MissingDependency>
        <Required type="61" schemaName="qm_globalHelper.js" displayName="qm_globalHelper.js" solution="Active" />
        <Dependent type="60" displayName="CID Portal - Pre Company Registration" parentDisplayName="Contact" id="{175d73bb-e455-41a0-a9fd-f9b25cf8055c}" />
      </MissingDependency>
      <MissingDependency>
        <Required type="61" schemaName="qm_globalHelper.js" displayName="qm_globalHelper.js" solution="Active" />
        <Dependent type="60" displayName="CID Portal - Operation Registration Wizard" parentDisplayName="Operation" id="{6da9f66c-0427-4bd5-9080-00771c169f70}" />
      </MissingDependency>
      <MissingDependency>
        <Required type="61" schemaName="Sales/ClientCommon/Sales_ClientCommon.js" displayName="Sales/ClientCommon/Sales_ClientCommon.js" solution="msdynce_Sales (9.0.4.0076)">
          <package>msdynce_SalesAnchor (9.0.22013.10002)</package>
        </Required>
        <Dependent type="60" displayName="CID Portal - Company Registration Wizard" parentDisplayName="Account" id="{159567aa-2711-4302-a007-da552af243f8}" />
      </MissingDependency>
      <MissingDependency>
        <Required type="61" schemaName="Sales/ClientCommon/Sales_ClientCommon.js" displayName="Sales/ClientCommon/Sales_ClientCommon.js" solution="msdynce_Sales (9.0.4.0076)">
          <package>msdynce_SalesAnchor (9.0.22013.10002)</package>
        </Required>
        <Dependent type="60" displayName="CID Portal - Pre Company Registration" parentDisplayName="Contact" id="{175d73bb-e455-41a0-a9fd-f9b25cf8055c}" />
      </MissingDependency>
      <MissingDependency>
        <Required type="66" schemaName="Microsoft.AddressInputUCI" displayName="Microsoft.AddressInputUCI" solution="BaseCustomControlsCore (9.0.2201.4008)" />
        <Dependent type="60" displayName="CID Portal - Site Registration Wizard" parentDisplayName="Account" id="{649afb24-1302-41f2-b4cf-4c2bc090283c}" />
      </MissingDependency>
    </MissingDependencies>
  </SolutionManifest>
</ImportExportXml>