<ImportExportXml version="9.2.21083.126" SolutionPackageVersion="9.2" languagecode="1033" generatedBy="CrmLive" xmlns:xsi="http://www.w3.org/2001/XMLSchema-instance">
  <SolutionManifest>
    <UniqueName>CoreLocalization</UniqueName>
    <LocalizedNames>
      <LocalizedName description="Core.Localization" languagecode="1033" />
    </LocalizedNames>
    <Descriptions>
      <Description description="Core Localization Plugin and Plugin Steps for TDG Inspection related entities " languagecode="1033" />
    </Descriptions>
    <Version>1.0.0.15</Version>
    <Managed>1</Managed>
    <Publisher>
      <UniqueName>tccorepublisher</UniqueName>
      <LocalizedNames>
        <LocalizedName description="Transport Canada" languagecode="1033" />
      </LocalizedNames>
      <Descriptions />
      <EMailAddress xsi:nil="true"></EMailAddress>
      <SupportingWebsiteUrl xsi:nil="true"></SupportingWebsiteUrl>
      <CustomizationPrefix>tc</CustomizationPrefix>
      <CustomizationOptionValuePrefix>94801</CustomizationOptionValuePrefix>
      <Addresses>
        <Address>
          <AddressNumber>1</AddressNumber>
          <AddressTypeCode>1</AddressTypeCode>
          <City xsi:nil="true"></City>
          <County xsi:nil="true"></County>
          <Country xsi:nil="true"></Country>
          <Fax xsi:nil="true"></Fax>
          <FreightTermsCode xsi:nil="true"></FreightTermsCode>
          <ImportSequenceNumber xsi:nil="true"></ImportSequenceNumber>
          <Latitude xsi:nil="true"></Latitude>
          <Line1 xsi:nil="true"></Line1>
          <Line2 xsi:nil="true"></Line2>
          <Line3 xsi:nil="true"></Line3>
          <Longitude xsi:nil="true"></Longitude>
          <Name xsi:nil="true"></Name>
          <PostalCode xsi:nil="true"></PostalCode>
          <PostOfficeBox xsi:nil="true"></PostOfficeBox>
          <PrimaryContactName xsi:nil="true"></PrimaryContactName>
          <ShippingMethodCode>1</ShippingMethodCode>
          <StateOrProvince xsi:nil="true"></StateOrProvince>
          <Telephone1 xsi:nil="true"></Telephone1>
          <Telephone2 xsi:nil="true"></Telephone2>
          <Telephone3 xsi:nil="true"></Telephone3>
          <TimeZoneRuleVersionNumber xsi:nil="true"></TimeZoneRuleVersionNumber>
          <UPSZone xsi:nil="true"></UPSZone>
          <UTCOffset xsi:nil="true"></UTCOffset>
          <UTCConversionTimeZoneCode xsi:nil="true"></UTCConversionTimeZoneCode>
        </Address>
        <Address>
          <AddressNumber>2</AddressNumber>
          <AddressTypeCode>1</AddressTypeCode>
          <City xsi:nil="true"></City>
          <County xsi:nil="true"></County>
          <Country xsi:nil="true"></Country>
          <Fax xsi:nil="true"></Fax>
          <FreightTermsCode xsi:nil="true"></FreightTermsCode>
          <ImportSequenceNumber xsi:nil="true"></ImportSequenceNumber>
          <Latitude xsi:nil="true"></Latitude>
          <Line1 xsi:nil="true"></Line1>
          <Line2 xsi:nil="true"></Line2>
          <Line3 xsi:nil="true"></Line3>
          <Longitude xsi:nil="true"></Longitude>
          <Name xsi:nil="true"></Name>
          <PostalCode xsi:nil="true"></PostalCode>
          <PostOfficeBox xsi:nil="true"></PostOfficeBox>
          <PrimaryContactName xsi:nil="true"></PrimaryContactName>
          <ShippingMethodCode>1</ShippingMethodCode>
          <StateOrProvince xsi:nil="true"></StateOrProvince>
          <Telephone1 xsi:nil="true"></Telephone1>
          <Telephone2 xsi:nil="true"></Telephone2>
          <Telephone3 xsi:nil="true"></Telephone3>
          <TimeZoneRuleVersionNumber xsi:nil="true"></TimeZoneRuleVersionNumber>
          <UPSZone xsi:nil="true"></UPSZone>
          <UTCOffset xsi:nil="true"></UTCOffset>
          <UTCConversionTimeZoneCode xsi:nil="true"></UTCConversionTimeZoneCode>
        </Address>
      </Addresses>
    </Publisher>
    <RootComponents>
      <RootComponent type="91" id="{4197d70a-6797-42ca-9afa-20387938ef78}" schemaName="TC.PowerApps.Localization, Version=1.0.0.0, Culture=neutral, PublicKeyToken=46cc66017b727c59" behavior="0" />
      <RootComponent type="92" id="{00f8232d-7adf-eb11-bacb-000d3ae97460}" behavior="0" />
      <RootComponent type="92" id="{04d81363-6c18-eb11-a813-000d3af3ac0d}" behavior="0" />
      <RootComponent type="92" id="{069eecfd-63df-eb11-bacb-000d3ae97460}" behavior="0" />
      <RootComponent type="92" id="{07f41e2f-dc72-eb11-a812-000d3af399b3}" behavior="0" />
      <RootComponent type="92" id="{0d658354-de72-eb11-a812-000d3af399b3}" behavior="0" />
      <RootComponent type="92" id="{0eee2fba-24aa-eb11-8236-000d3ae91ce1}" behavior="0" />
      <RootComponent type="92" id="{0fa26437-01a7-eb11-9442-000d3ae99bee}" behavior="0" />
      <RootComponent type="92" id="{10c8c7ba-e8d5-eb11-bacc-000d3af38cd4}" behavior="0" />
      <RootComponent type="92" id="{1425bba3-4af5-eb11-94ef-000d3a84a4e1}" behavior="0" />
      <RootComponent type="92" id="{14720053-b97a-eb11-a812-000d3af31ad8}" behavior="0" />
      <RootComponent type="92" id="{170e68a0-00ca-eb11-bacc-000d3af39889}" behavior="0" />
      <RootComponent type="92" id="{1724e0d8-d872-eb11-a812-000d3af399b3}" behavior="0" />
      <RootComponent type="92" id="{188d8e0d-2504-ec11-b6e7-0022483cc243}" behavior="0" />
      <RootComponent type="92" id="{18973aac-de72-eb11-a812-000d3af399b3}" behavior="0" />
      <RootComponent type="92" id="{1e53825b-ebd5-eb11-bacc-000d3af38cd4}" behavior="0" />
      <RootComponent type="92" id="{1efbc2d8-9817-eb11-a813-000d3af3a7a7}" behavior="0" />
      <RootComponent type="92" id="{2022acf4-17b7-eb11-8236-0022483bc67c}" behavior="0" />
      <RootComponent type="92" id="{22a2b61d-fea9-eb11-9442-000d3ae99bee}" behavior="0" />
      <RootComponent type="92" id="{25295884-6c18-eb11-a813-000d3af3ac0d}" behavior="0" />
      <RootComponent type="92" id="{276555ef-11ad-eb11-8236-000d3ae91ce1}" behavior="0" />
      <RootComponent type="92" id="{27c3e812-e7d5-eb11-bacc-000d3af38cd4}" behavior="0" />
      <RootComponent type="92" id="{2941def0-d872-eb11-a812-000d3af399b3}" behavior="0" />
      <RootComponent type="92" id="{2cf4f60a-1db3-eb11-8236-000d3aff3315}" behavior="0" />
      <RootComponent type="92" id="{2dd7e312-ead5-eb11-bacc-000d3af38cd4}" behavior="0" />
      <RootComponent type="92" id="{2fbdaf98-65cf-eb11-bacc-0022483c0d29}" behavior="0" />
      <RootComponent type="92" id="{325ed338-34c9-eb11-bacc-000d3af390da}" behavior="0" />
      <RootComponent type="92" id="{3502a81d-1db3-eb11-8236-000d3aff3315}" behavior="0" />
      <RootComponent type="92" id="{38c5b839-9917-eb11-a813-000d3af3a7a7}" behavior="0" />
      <RootComponent type="92" id="{3993886d-e9d5-eb11-bacc-000d3af38cd4}" behavior="0" />
      <RootComponent type="92" id="{3ca428d8-e6d5-eb11-bacc-000d3af38cd4}" behavior="0" />
      <RootComponent type="92" id="{3d512e31-2504-ec11-b6e7-0022483cc243}" behavior="0" />
      <RootComponent type="92" id="{3ef101bf-29f6-eb11-94ef-000d3a84a4e1}" behavior="0" />
      <RootComponent type="92" id="{441ac032-b6d2-eb11-bacc-000d3af3999c}" behavior="0" />
      <RootComponent type="92" id="{451a39e7-2404-ec11-b6e7-0022483cc243}" behavior="0" />
      <RootComponent type="92" id="{45279d5c-00ca-eb11-bacc-000d3af39889}" behavior="0" />
      <RootComponent type="92" id="{454e022d-e8d5-eb11-bacc-000d3af38cd4}" behavior="0" />
      <RootComponent type="92" id="{46b7d93f-dc72-eb11-a812-000d3af399b3}" behavior="0" />
      <RootComponent type="92" id="{475d6075-71d3-eb11-bacc-000d3af3999c}" behavior="0" />
      <RootComponent type="92" id="{4e54fa46-14ad-eb11-8236-000d3ae8b65a}" behavior="0" />
      <RootComponent type="92" id="{59c58905-1cb3-eb11-8236-000d3aff3315}" behavior="0" />
      <RootComponent type="92" id="{5d609887-00ca-eb11-bacc-000d3af39889}" behavior="0" />
      <RootComponent type="92" id="{5e09f520-1cb3-eb11-8236-000d3aff3315}" behavior="0" />
      <RootComponent type="92" id="{5f8a435c-fda9-eb11-9442-000d3ae99bee}" behavior="0" />
      <RootComponent type="92" id="{603e2d95-cee0-eb11-bacb-000d3ae97b46}" behavior="0" />
      <RootComponent type="92" id="{60657285-34c9-eb11-bacc-000d3af390da}" behavior="0" />
      <RootComponent type="92" id="{6082323c-e9d5-eb11-bacc-000d3af38cd4}" behavior="0" />
      <RootComponent type="92" id="{61fe68c7-8fb2-eb11-8236-000d3aff3315}" behavior="0" />
      <RootComponent type="92" id="{64290837-26f6-eb11-94ef-000d3a84a4e1}" behavior="0" />
      <RootComponent type="92" id="{6593ef7a-ebd5-eb11-bacc-000d3af38cd4}" behavior="0" />
      <RootComponent type="92" id="{6a234281-fac9-eb11-bacc-000d3af39889}" behavior="0" />
      <RootComponent type="92" id="{6c94bd92-d872-eb11-a812-000d3af399b3}" behavior="0" />
      <RootComponent type="92" id="{7324e137-e6d5-eb11-bacc-000d3af38cd4}" behavior="0" />
      <RootComponent type="92" id="{741c9184-e9d5-eb11-bacc-000d3af38cd4}" behavior="0" />
      <RootComponent type="92" id="{76e167eb-8fb2-eb11-8236-000d3aff3315}" behavior="0" />
      <RootComponent type="92" id="{803af93b-ead5-eb11-bacc-000d3af38cd4}" behavior="0" />
      <RootComponent type="92" id="{82061fbb-20aa-eb11-8236-000d3ae91ce1}" behavior="0" />
      <RootComponent type="92" id="{831e4247-65cf-eb11-bacc-0022483c0d29}" behavior="0" />
      <RootComponent type="92" id="{83718319-12ad-eb11-8236-000d3ae91ce1}" behavior="0" />
      <RootComponent type="92" id="{83b266b5-1fb7-eb11-8236-0022483bc67c}" behavior="0" />
      <RootComponent type="92" id="{8409dcbe-f9c9-eb11-bacc-000d3af39889}" behavior="0" />
      <RootComponent type="92" id="{8dbdbab0-2404-ec11-b6e7-0022483cc243}" behavior="0" />
      <RootComponent type="92" id="{8f61e6fc-e9d5-eb11-bacc-000d3af38cd4}" behavior="0" />
      <RootComponent type="92" id="{8fcefc46-b97a-eb11-a812-000d3af31ad8}" behavior="0" />
      <RootComponent type="92" id="{8fffe26e-00ca-eb11-bacc-000d3af39889}" behavior="0" />
      <RootComponent type="92" id="{90a3021f-4bf5-eb11-94ef-000d3a84a4e1}" behavior="0" />
      <RootComponent type="92" id="{91715ade-fda9-eb11-9442-000d3ae99bee}" behavior="0" />
      <RootComponent type="92" id="{953bbb82-11ad-eb11-8236-000d3ae91ce1}" behavior="0" />
      <RootComponent type="92" id="{97397367-fac9-eb11-bacc-000d3af39889}" behavior="0" />
      <RootComponent type="92" id="{98ad4d68-66d4-eb11-bacc-000d3af3999c}" behavior="0" />
      <RootComponent type="92" id="{a3376539-02a7-eb11-9442-000d3ae99bee}" behavior="0" />
      <RootComponent type="92" id="{a431f762-02a7-eb11-9442-000d3ae99bee}" behavior="0" />
      <RootComponent type="92" id="{a768ebb8-e6d5-eb11-bacc-000d3af38cd4}" behavior="0" />
      <RootComponent type="92" id="{a9080e26-e9d5-eb11-bacc-000d3af38cd4}" behavior="0" />
      <RootComponent type="92" id="{ab904a47-e8d5-eb11-bacc-000d3af38cd4}" behavior="0" />
      <RootComponent type="92" id="{ad1e4bb3-9817-eb11-a813-000d3af3a7a7}" behavior="0" />
      <RootComponent type="92" id="{ae7a1b0b-26f6-eb11-94ef-000d3a84a4e1}" behavior="0" />
      <RootComponent type="92" id="{b1b70356-e7d5-eb11-bacc-000d3af38cd4}" behavior="0" />
      <RootComponent type="92" id="{b7610fb5-b87a-eb11-a812-000d3af31ad8}" behavior="0" />
      <RootComponent type="92" id="{b88bea67-dd72-eb11-a812-000d3af399b3}" behavior="0" />
      <RootComponent type="92" id="{bb906e34-17b7-eb11-8236-0022483bc67c}" behavior="0" />
      <RootComponent type="92" id="{c0e060f4-e6d5-eb11-bacc-000d3af38cd4}" behavior="0" />
      <RootComponent type="92" id="{c312cac1-d872-eb11-a812-000d3af399b3}" behavior="0" />
      <RootComponent type="92" id="{c52a74e1-16b7-eb11-8236-0022483bc67c}" behavior="0" />
      <RootComponent type="92" id="{ccab2b13-34c9-eb11-bacc-000d3af390da}" behavior="0" />
      <RootComponent type="92" id="{cf7c17d2-29f6-eb11-94ef-000d3a84a4e1}" behavior="0" />
      <RootComponent type="92" id="{d18b5417-20aa-eb11-9442-000d3ae99bee}" behavior="0" />
      <RootComponent type="92" id="{d23ddf4f-2eaa-eb11-8236-000d3ae91ce1}" behavior="0" />
      <RootComponent type="92" id="{d3fa8807-01a7-eb11-9442-000d3ae99bee}" behavior="0" />
      <RootComponent type="92" id="{d937d520-19b7-eb11-8236-0022483bc67c}" behavior="0" />
      <RootComponent type="92" id="{dc740ce5-e6d5-eb11-bacc-000d3af38cd4}" behavior="0" />
      <RootComponent type="92" id="{dcabb451-ead5-eb11-bacc-000d3af38cd4}" behavior="0" />
      <RootComponent type="92" id="{ddb16a60-34c9-eb11-bacc-000d3af390da}" behavior="0" />
      <RootComponent type="92" id="{dee8fd0f-65b2-eb11-8236-000d3aff3315}" behavior="0" />
      <RootComponent type="92" id="{dfc2e823-de72-eb11-a812-000d3af399b3}" behavior="0" />
      <RootComponent type="92" id="{dfc53731-fda9-eb11-9442-000d3ae99bee}" behavior="0" />
      <RootComponent type="92" id="{e09cddf5-9817-eb11-a813-000d3af3a7a7}" behavior="0" />
      <RootComponent type="92" id="{e0c0770c-e8d5-eb11-bacc-000d3af38cd4}" behavior="0" />
      <RootComponent type="92" id="{e7fefccd-f90b-ec11-b6e6-000d3ae8f8cc}" behavior="0" />
      <RootComponent type="92" id="{ec48e0b5-f90b-ec11-b6e6-000d3ae8f8cc}" behavior="0" />
      <RootComponent type="92" id="{ecb783f2-b87a-eb11-a812-000d3af31ad8}" behavior="0" />
      <RootComponent type="92" id="{ef1b015c-e9d5-eb11-bacc-000d3af38cd4}" behavior="0" />
      <RootComponent type="92" id="{efa23783-de72-eb11-a812-000d3af399b3}" behavior="0" />
      <RootComponent type="92" id="{f5ce6f13-e9d5-eb11-bacc-000d3af38cd4}" behavior="0" />
      <RootComponent type="92" id="{f9039232-fbc9-eb11-bacc-000d3af39889}" behavior="0" />
      <RootComponent type="92" id="{fc85d76f-e8d5-eb11-bacc-000d3af38cd4}" behavior="0" />
    </RootComponents>
    <MissingDependencies>
      <MissingDependency>
        <Required type="1" schemaName="bookableresource" displayName="Bookable Resource" solution="msdynce_Scheduling (9.0.0.0)" />
        <Dependent type="92" displayName="TC.PowerApps.Localization.Retrieve: Retrieve of bookableresource" id="{64290837-26f6-eb11-94ef-000d3a84a4e1}" />
      </MissingDependency>
      <MissingDependency>
        <Required type="1" schemaName="bookableresource" displayName="Bookable Resource" solution="msdynce_Scheduling (9.0.0.0)" />
        <Dependent type="92" displayName="TC.PowerApps.Localization.RetrieveMultiple: RetrieveMultiple of bookableresource" id="{ae7a1b0b-26f6-eb11-94ef-000d3a84a4e1}" />
      </MissingDependency>
      <MissingDependency>
        <Required type="1" schemaName="bookableresourcebooking" displayName="Booking" solution="msdynce_Scheduling (9.0.0.0)" />
        <Dependent type="92" displayName="Core.Localization.Retrieve: Retrieve of bookableresourcebooking" id="{00f8232d-7adf-eb11-bacb-000d3ae97460}" />
      </MissingDependency>
      <MissingDependency>
        <Required type="1" schemaName="bookableresourcecategory" displayName="Bookable Resource Category" solution="msdynce_Scheduling (9.0.0.0)" />
        <Dependent type="92" displayName="Core.Localization.Update: Update of bookableresourcecategory" id="{2fbdaf98-65cf-eb11-bacc-0022483c0d29}" />
      </MissingDependency>
      <MissingDependency>
        <Required type="1" schemaName="bookableresourcecategory" displayName="Bookable Resource Category" solution="msdynce_Scheduling (9.0.0.0)" />
        <Dependent type="92" displayName="Core.Localization.Retrieve: Retrieve of bookableresourcecategory" id="{59c58905-1cb3-eb11-8236-000d3aff3315}" />
      </MissingDependency>
      <MissingDependency>
        <Required type="1" schemaName="bookableresourcecategory" displayName="Bookable Resource Category" solution="msdynce_Scheduling (9.0.0.0)" />
        <Dependent type="92" displayName="Core.Localization.RetrieveMultiple: RetrieveMultiple of bookableresourcecategory" id="{5e09f520-1cb3-eb11-8236-000d3aff3315}" />
      </MissingDependency>
      <MissingDependency>
        <Required type="1" schemaName="bookableresourcecategory" displayName="Bookable Resource Category" solution="msdynce_Scheduling (9.0.0.0)" />
        <Dependent type="92" displayName="Core.Localization.Create: Create of bookableresourcecategory" id="{831e4247-65cf-eb11-bacc-0022483c0d29}" />
      </MissingDependency>
      <MissingDependency>
        <Required type="1" schemaName="bookableresourcecategoryassn" displayName="Bookable Resource Category Assn" solution="msdynce_Scheduling (9.0.0.0)" />
        <Dependent type="92" displayName="Core.Localization.Retrieve: Retrieve of bookableresourcecategoryassn" id="{2cf4f60a-1db3-eb11-8236-000d3aff3315}" />
      </MissingDependency>
      <MissingDependency>
        <Required type="1" schemaName="bookableresourcecategoryassn" displayName="Bookable Resource Category Assn" solution="msdynce_Scheduling (9.0.0.0)" />
        <Dependent type="92" displayName="Core.Localization.RetrieveMultiple: RetrieveMultiple of bookableresourcecategoryassn" id="{3502a81d-1db3-eb11-8236-000d3aff3315}" />
      </MissingDependency>
      <MissingDependency>
        <Required type="1" schemaName="bookingstatus" displayName="Booking Status" solution="msdynce_Scheduling (9.0.0.0)" />
        <Dependent type="92" displayName="Core.Localization.RetrieveMultiple: RetrieveMultiple of bookingstatus" id="{069eecfd-63df-eb11-bacb-000d3ae97460}" />
      </MissingDependency>
      <MissingDependency>
        <Required type="1" schemaName="bookingstatus" displayName="Booking Status" solution="msdynce_Scheduling (9.0.0.0)" />
        <Dependent type="92" displayName="Core.Localization.Retrieve: Retrieve of bookingstatus" id="{603e2d95-cee0-eb11-bacb-000d3ae97b46}" />
      </MissingDependency>
      <MissingDependency>
        <Required type="1" schemaName="msdyn_servicetasktype" displayName="Service Task Type" solution="FieldService (8.8.0.88)">
          <package>FieldService_Anchor (8.8.29.256)</package>
        </Required>
        <Dependent type="92" displayName="Core.Localization.Retrieve: Retrieve of msdyn_servicetasktype" id="{14720053-b97a-eb11-a812-000d3af31ad8}" />
      </MissingDependency>
      <MissingDependency>
        <Required type="1" schemaName="msdyn_servicetasktype" displayName="Service Task Type" solution="FieldService (8.8.0.88)">
          <package>FieldService_Anchor (8.8.29.256)</package>
        </Required>
        <Dependent type="92" displayName="Core.Localization.RetrieveMultiple: RetrieveMultiple of msdyn_servicetasktype" id="{8fcefc46-b97a-eb11-a812-000d3af31ad8}" />
      </MissingDependency>
      <MissingDependency>
        <Required type="1" schemaName="msdyn_servicetasktype" displayName="Service Task Type" solution="FieldService (8.8.0.88)">
          <package>FieldService_Anchor (8.8.29.256)</package>
        </Required>
        <Dependent type="92" displayName="Core.Localization.Update: Update of msdyn_servicetasktype" id="{b7610fb5-b87a-eb11-a812-000d3af31ad8}" />
      </MissingDependency>
      <MissingDependency>
        <Required type="1" schemaName="msdyn_servicetasktype" displayName="Service Task Type" solution="FieldService (8.8.0.88)">
          <package>FieldService_Anchor (8.8.29.256)</package>
        </Required>
        <Dependent type="92" displayName="Core.Localization.Create: Create of msdyn_servicetasktype" id="{ecb783f2-b87a-eb11-a812-000d3af31ad8}" />
      </MissingDependency>
      <MissingDependency>
        <Required type="1" schemaName="msdyn_workorder" displayName="Work Order" solution="FieldService (8.8.0.88)">
          <package>FieldService_Anchor (8.8.29.256)</package>
        </Required>
        <Dependent type="92" displayName="Core.Localization.Retrieve: Retrieve of msdyn_workorder" id="{04d81363-6c18-eb11-a813-000d3af3ac0d}" />
      </MissingDependency>
      <MissingDependency>
        <Required type="1" schemaName="msdyn_workorder" displayName="Work Order" solution="FieldService (8.8.0.88)">
          <package>FieldService_Anchor (8.8.29.256)</package>
        </Required>
        <Dependent type="92" displayName="Core.Localization.RetrieveMultiple: RetrieveMultiple of msdyn_workorder" id="{25295884-6c18-eb11-a813-000d3af3ac0d}" />
      </MissingDependency>
      <MissingDependency>
        <Required type="1" schemaName="msdyn_workordersubstatus" displayName="Work Order Substatus" solution="FieldService (8.8.0.88)">
          <package>FieldService_Anchor (8.8.29.256)</package>
        </Required>
        <Dependent type="92" displayName="TC.PowerApps.Localization.Retrieve: Retrieve of msdyn_workordersubstatus" id="{188d8e0d-2504-ec11-b6e7-0022483cc243}" />
      </MissingDependency>
      <MissingDependency>
        <Required type="1" schemaName="msdyn_workordersubstatus" displayName="Work Order Substatus" solution="FieldService (8.8.0.88)">
          <package>FieldService_Anchor (8.8.29.256)</package>
        </Required>
        <Dependent type="92" displayName="TC.PowerApps.Localization.RetrieveMultiple: RetrieveMultiple of msdyn_workordersubstatus" id="{3d512e31-2504-ec11-b6e7-0022483cc243}" />
      </MissingDependency>
      <MissingDependency>
        <Required type="1" schemaName="msdyn_workordersubstatus" displayName="Work Order Substatus" solution="FieldService (8.8.0.88)">
          <package>FieldService_Anchor (8.8.29.256)</package>
        </Required>
        <Dependent type="92" displayName="TC.PowerApps.Localization.Update: Update of msdyn_workordersubstatus" id="{451a39e7-2404-ec11-b6e7-0022483cc243}" />
      </MissingDependency>
      <MissingDependency>
        <Required type="1" schemaName="msdyn_workordersubstatus" displayName="Work Order Substatus" solution="FieldService (8.8.0.88)">
          <package>FieldService_Anchor (8.8.29.256)</package>
        </Required>
        <Dependent type="92" displayName="TC.PowerApps.Localization.Create: Create of msdyn_workordersubstatus" id="{8dbdbab0-2404-ec11-b6e7-0022483cc243}" />
      </MissingDependency>
      <MissingDependency>
        <Required type="1" schemaName="msdyn_workordertype" displayName="Work Order Type" solution="FieldService (8.8.0.88)">
          <package>FieldService_Anchor (8.8.29.256)</package>
        </Required>
        <Dependent type="92" displayName="Core.Localization.RetrieveMultiple: RetrieveMultiple of msdyn_workordertype" id="{1724e0d8-d872-eb11-a812-000d3af399b3}" />
      </MissingDependency>
      <MissingDependency>
        <Required type="1" schemaName="msdyn_workordertype" displayName="Work Order Type" solution="FieldService (8.8.0.88)">
          <package>FieldService_Anchor (8.8.29.256)</package>
        </Required>
        <Dependent type="92" displayName="Core.Localization.Update: Update of msdyn_workordertype" id="{2941def0-d872-eb11-a812-000d3af399b3}" />
      </MissingDependency>
      <MissingDependency>
        <Required type="1" schemaName="msdyn_workordertype" displayName="Work Order Type" solution="FieldService (8.8.0.88)">
          <package>FieldService_Anchor (8.8.29.256)</package>
        </Required>
        <Dependent type="92" displayName="Core.Localization.Create: Create of msdyn_workordertype" id="{6c94bd92-d872-eb11-a812-000d3af399b3}" />
      </MissingDependency>
      <MissingDependency>
        <Required type="1" schemaName="msdyn_workordertype" displayName="Work Order Type" solution="FieldService (8.8.0.88)">
          <package>FieldService_Anchor (8.8.29.256)</package>
        </Required>
        <Dependent type="92" displayName="Core.Localization.Retrieve: Retrieve of msdyn_workordertype" id="{c312cac1-d872-eb11-a812-000d3af399b3}" />
      </MissingDependency>
      <MissingDependency>
        <Required type="1" schemaName="ovs_accountun" displayName="Account UN Number" solution="Active" />
        <Dependent type="92" displayName="Core.Localization.RetrieveMultiple: RetrieveMultiple of ovs_accountun" id="{441ac032-b6d2-eb11-bacc-000d3af3999c}" />
      </MissingDependency>
      <MissingDependency>
        <Required type="1" schemaName="ovs_accountun" displayName="Account UN Number" solution="Active" />
        <Dependent type="92" displayName="Core.Localization.Retrieve: Retrieve of ovs_accountun" id="{475d6075-71d3-eb11-bacc-000d3af3999c}" />
      </MissingDependency>
      <MissingDependency>
        <Required type="1" schemaName="ovs_aircrafttype" displayName="Aircraft Type" solution="Active" />
        <Dependent type="92" displayName="Core.Localization.Create: Create of ovs_aircrafttype" id="{7324e137-e6d5-eb11-bacc-000d3af38cd4}" />
      </MissingDependency>
      <MissingDependency>
        <Required type="1" schemaName="ovs_aircrafttype" displayName="Aircraft Type" solution="Active" />
        <Dependent type="92" displayName="Core.Localization.Update: Update of ovs_aircrafttype" id="{8f61e6fc-e9d5-eb11-bacc-000d3af38cd4}" />
      </MissingDependency>
      <MissingDependency>
        <Required type="1" schemaName="ovs_aircrafttype" displayName="Aircraft Type" solution="Active" />
        <Dependent type="92" displayName="Core.Localization.Retrieve: Retrieve of ovs_aircrafttype" id="{b1b70356-e7d5-eb11-bacc-000d3af38cd4}" />
      </MissingDependency>
      <MissingDependency>
        <Required type="1" schemaName="ovs_aircrafttype" displayName="Aircraft Type" solution="Active" />
        <Dependent type="92" displayName="Core.Localization.RetrieveMultiple: RetrieveMultiple of ovs_aircrafttype" id="{f5ce6f13-e9d5-eb11-bacc-000d3af38cd4}" />
      </MissingDependency>
      <MissingDependency>
        <Required type="1" schemaName="ovs_airoperatorfunction" displayName="Air Operator Function" solution="Active" />
        <Dependent type="92" displayName="Core.Localization.Update: Update of ovs_airoperatorfunction" id="{2dd7e312-ead5-eb11-bacc-000d3af38cd4}" />
      </MissingDependency>
      <MissingDependency>
        <Required type="1" schemaName="ovs_airoperatorfunction" displayName="Air Operator Function" solution="Active" />
        <Dependent type="92" displayName="Core.Localization.Create: Create of ovs_airoperatorfunction" id="{a768ebb8-e6d5-eb11-bacc-000d3af38cd4}" />
      </MissingDependency>
      <MissingDependency>
        <Required type="1" schemaName="ovs_airoperatorfunction" displayName="Air Operator Function" solution="Active" />
        <Dependent type="92" displayName="Core.Localization.RetrieveMultiple: RetrieveMultiple of ovs_airoperatorfunction" id="{a9080e26-e9d5-eb11-bacc-000d3af38cd4}" />
      </MissingDependency>
      <MissingDependency>
        <Required type="1" schemaName="ovs_airoperatorfunction" displayName="Air Operator Function" solution="Active" />
        <Dependent type="92" displayName="Core.Localization.Retrieve: Retrieve of ovs_airoperatorfunction" id="{e0c0770c-e8d5-eb11-bacc-000d3af38cd4}" />
      </MissingDependency>
      <MissingDependency>
        <Required type="1" schemaName="ovs_airoperatortype" displayName="Air Operator Type" solution="Active" />
        <Dependent type="92" displayName="Core.Localization.Create: Create of ovs_airoperatortype" id="{3ca428d8-e6d5-eb11-bacc-000d3af38cd4}" />
      </MissingDependency>
      <MissingDependency>
        <Required type="1" schemaName="ovs_airoperatortype" displayName="Air Operator Type" solution="Active" />
        <Dependent type="92" displayName="Core.Localization.Retrieve: Retrieve of ovs_airoperatortype" id="{454e022d-e8d5-eb11-bacc-000d3af38cd4}" />
      </MissingDependency>
      <MissingDependency>
        <Required type="1" schemaName="ovs_airoperatortype" displayName="Air Operator Type" solution="Active" />
        <Dependent type="92" displayName="Core.Localization.RetrieveMultiple: RetrieveMultiple of ovs_airoperatortype" id="{6082323c-e9d5-eb11-bacc-000d3af38cd4}" />
      </MissingDependency>
      <MissingDependency>
        <Required type="1" schemaName="ovs_airoperatortype" displayName="Air Operator Type" solution="Active" />
        <Dependent type="92" displayName="Core.Localization.Update: Update of ovs_airoperatortype" id="{803af93b-ead5-eb11-bacc-000d3af38cd4}" />
      </MissingDependency>
      <MissingDependency>
        <Required type="1" schemaName="ovs_confirmationofcompliance" displayName="Confirmation of Compliance" solution="Active" />
        <Dependent type="92" displayName="TC.PowerApps.Localization.RetrieveMultiple: RetrieveMultiple of ovs_confirmationofcompliance" id="{1425bba3-4af5-eb11-94ef-000d3a84a4e1}" />
      </MissingDependency>
      <MissingDependency>
        <Required type="1" schemaName="ovs_confirmationofcompliance" displayName="Confirmation of Compliance" solution="Active" />
        <Dependent type="92" displayName="TC.PowerApps.Localization.Retrieve: Retrieve of ovs_confirmationofcompliance" id="{90a3021f-4bf5-eb11-94ef-000d3a84a4e1}" />
      </MissingDependency>
      <MissingDependency>
        <Required type="1" schemaName="ovs_mocfacilitytype" displayName="MOC Facility Type" solution="Active" />
        <Dependent type="92" displayName="Core.Localization.Retrieve: Retrieve of ovs_mocfacilitytype" id="{ab904a47-e8d5-eb11-bacc-000d3af38cd4}" />
      </MissingDependency>
      <MissingDependency>
        <Required type="1" schemaName="ovs_mocfacilitytype" displayName="MOC Facility Type" solution="Active" />
        <Dependent type="92" displayName="Core.Localization.Create: Create of ovs_mocfacilitytype" id="{dc740ce5-e6d5-eb11-bacc-000d3af38cd4}" />
      </MissingDependency>
      <MissingDependency>
        <Required type="1" schemaName="ovs_mocfacilitytype" displayName="MOC Facility Type" solution="Active" />
        <Dependent type="92" displayName="Core.Localization.Update: Update of ovs_mocfacilitytype" id="{dcabb451-ead5-eb11-bacc-000d3af38cd4}" />
      </MissingDependency>
      <MissingDependency>
        <Required type="1" schemaName="ovs_mocfacilitytype" displayName="MOC Facility Type" solution="Active" />
        <Dependent type="92" displayName="Core.Localization.RetrieveMultiple: RetrieveMultiple of ovs_mocfacilitytype" id="{ef1b015c-e9d5-eb11-bacc-000d3af38cd4}" />
      </MissingDependency>
      <MissingDependency>
        <Required type="1" schemaName="ovs_moctype" displayName="MOC Type" solution="Active" />
        <Dependent type="92" displayName="Core.Localization.Update: Update of ovs_moctype" id="{1e53825b-ebd5-eb11-bacc-000d3af38cd4}" />
      </MissingDependency>
      <MissingDependency>
        <Required type="1" schemaName="ovs_moctype" displayName="MOC Type" solution="Active" />
        <Dependent type="92" displayName="Core.Localization.RetrieveMultiple: RetrieveMultiple of ovs_moctype" id="{3993886d-e9d5-eb11-bacc-000d3af38cd4}" />
      </MissingDependency>
      <MissingDependency>
        <Required type="1" schemaName="ovs_moctype" displayName="MOC Type" solution="Active" />
        <Dependent type="92" displayName="Core.Localization.Create: Create of ovs_moctype" id="{c0e060f4-e6d5-eb11-bacc-000d3af38cd4}" />
      </MissingDependency>
      <MissingDependency>
        <Required type="1" schemaName="ovs_moctype" displayName="MOC Type" solution="Active" />
        <Dependent type="92" displayName="Core.Localization.Retrieve: Retrieve of ovs_moctype" id="{fc85d76f-e8d5-eb11-bacc-000d3af38cd4}" />
      </MissingDependency>
      <MissingDependency>
        <Required type="1" schemaName="ovs_modes" displayName="Modes" solution="Active" />
        <Dependent type="92" displayName="Core.Localization.Retrieve: Retrieve of ovs_modes" id="{10c8c7ba-e8d5-eb11-bacc-000d3af38cd4}" />
      </MissingDependency>
      <MissingDependency>
        <Required type="1" schemaName="ovs_modes" displayName="Modes" solution="Active" />
        <Dependent type="92" displayName="Core.Localization.Create: Create of ovs_modes" id="{27c3e812-e7d5-eb11-bacc-000d3af38cd4}" />
      </MissingDependency>
      <MissingDependency>
        <Required type="1" schemaName="ovs_modes" displayName="Modes" solution="Active" />
        <Dependent type="92" displayName="Core.Localization.Update: Update of ovs_modes" id="{6593ef7a-ebd5-eb11-bacc-000d3af38cd4}" />
      </MissingDependency>
      <MissingDependency>
        <Required type="1" schemaName="ovs_modes" displayName="Modes" solution="Active" />
        <Dependent type="92" displayName="Core.Localization.RetrieveMultiple: RetrieveMultiple of ovs_modes" id="{741c9184-e9d5-eb11-bacc-000d3af38cd4}" />
      </MissingDependency>
      <MissingDependency>
        <Required type="1" schemaName="ovs_operationtype" displayName="Operation Type" solution="Active" />
        <Dependent type="92" displayName="Core.Localization.Update: Update of ovs_operationtype" id="{b88bea67-dd72-eb11-a812-000d3af399b3}" />
      </MissingDependency>
      <MissingDependency>
        <Required type="1" schemaName="ovs_oversighttype" displayName="Oversight Type" solution="Active" />
        <Dependent type="92" displayName="Core.Localization.Retrieve: Retrieve of ovs_oversighttype" id="{0fa26437-01a7-eb11-9442-000d3ae99bee}" />
      </MissingDependency>
      <MissingDependency>
        <Required type="1" schemaName="ovs_oversighttype" displayName="Oversight Type" solution="Active" />
        <Dependent type="92" displayName="Core.Localization.RetrieveMultiple: RetrieveMultiple of ovs_oversighttype" id="{a3376539-02a7-eb11-9442-000d3ae99bee}" />
      </MissingDependency>
      <MissingDependency>
        <Required type="1" schemaName="ovs_oversighttype" displayName="Oversight Type" solution="Active" />
        <Dependent type="92" displayName="Core.Localization.Update: Update of ovs_oversighttype" id="{a431f762-02a7-eb11-9442-000d3ae99bee}" />
      </MissingDependency>
      <MissingDependency>
        <Required type="1" schemaName="ovs_oversighttype" displayName="Oversight Type" solution="Active" />
        <Dependent type="92" displayName="Core.Localization.Create: Create of ovs_oversighttype" id="{d3fa8807-01a7-eb11-9442-000d3ae99bee}" />
      </MissingDependency>
      <MissingDependency>
        <Required type="1" schemaName="ovs_sitetype" displayName="Site Type" solution="Active" />
        <Dependent type="92" displayName="Core.Localization.Retrieve: Retrieve of ovs_sitetype" id="{6a234281-fac9-eb11-bacc-000d3af39889}" />
      </MissingDependency>
      <MissingDependency>
        <Required type="1" schemaName="ovs_sitetype" displayName="Site Type" solution="Active" />
        <Dependent type="92" displayName="Core.Localization.Create: Create of ovs_sitetype" id="{8409dcbe-f9c9-eb11-bacc-000d3af39889}" />
      </MissingDependency>
      <MissingDependency>
        <Required type="1" schemaName="ovs_sitetype" displayName="Site Type" solution="Active" />
        <Dependent type="92" displayName="Core.Localization.Update: Update of ovs_sitetype" id="{97397367-fac9-eb11-bacc-000d3af39889}" />
      </MissingDependency>
      <MissingDependency>
        <Required type="1" schemaName="ovs_sitetype" displayName="Site Type" solution="Active" />
        <Dependent type="92" displayName="Core.Localization.RetrieveMultiple: RetrieveMultiple of ovs_sitetype" id="{f9039232-fbc9-eb11-bacc-000d3af39889}" />
      </MissingDependency>
      <MissingDependency>
        <Required type="1" schemaName="ovs_tdginspectionreport" displayName="TDG Inspection Report" solution="Active" />
        <Dependent type="92" displayName="Core.Localization.RetrieveMultiple: RetrieveMultiple of ovs_tdginspectionreport" id="{98ad4d68-66d4-eb11-bacc-000d3af3999c}" />
      </MissingDependency>
      <MissingDependency>
        <Required type="1" schemaName="ovs_tyohsequipmenttype" displayName="OHS Equipment Type" solution="Active" />
        <Dependent type="92" displayName="Core.Localization.Retrieve: Retrieve of ovs_tyohsequipmenttype" id="{325ed338-34c9-eb11-bacc-000d3af390da}" />
      </MissingDependency>
      <MissingDependency>
        <Required type="1" schemaName="ovs_tyohsequipmenttype" displayName="OHS Equipment Type" solution="Active" />
        <Dependent type="92" displayName="Core.Localization.Update: Update of ovs_tyohsequipmenttype" id="{60657285-34c9-eb11-bacc-000d3af390da}" />
      </MissingDependency>
      <MissingDependency>
        <Required type="1" schemaName="ovs_tyohsequipmenttype" displayName="OHS Equipment Type" solution="Active" />
        <Dependent type="92" displayName="Core.Localization.Create: Create of ovs_tyohsequipmenttype" id="{ccab2b13-34c9-eb11-bacc-000d3af390da}" />
      </MissingDependency>
      <MissingDependency>
        <Required type="1" schemaName="ovs_tyohsequipmenttype" displayName="OHS Equipment Type" solution="Active" />
        <Dependent type="92" displayName="Core.Localization.RetrieveMultiple: RetrieveMultiple of ovs_tyohsequipmenttype" id="{ddb16a60-34c9-eb11-bacc-000d3af390da}" />
      </MissingDependency>
      <MissingDependency>
        <Required type="1" schemaName="ovs_tyrational" displayName="Rationale" solution="Active" />
        <Dependent type="92" displayName="Core.Localization.Update: Update of ovs_tyrational" id="{0d658354-de72-eb11-a812-000d3af399b3}" />
      </MissingDependency>
      <MissingDependency>
        <Required type="1" schemaName="ovs_tyrational" displayName="Rationale" solution="Active" />
        <Dependent type="92" displayName="Core.Localization.RetrieveMultiple: RetrieveMultiple of ovs_tyrational" id="{18973aac-de72-eb11-a812-000d3af399b3}" />
      </MissingDependency>
      <MissingDependency>
        <Required type="1" schemaName="ovs_tyrational" displayName="Rationale" solution="Active" />
        <Dependent type="92" displayName="Core.Localization.Create: Create of ovs_tyrational" id="{dfc2e823-de72-eb11-a812-000d3af399b3}" />
      </MissingDependency>
      <MissingDependency>
        <Required type="1" schemaName="ovs_tyrational" displayName="Rationale" solution="Active" />
        <Dependent type="92" displayName="Core.Localization.Retrieve: Retrieve of ovs_tyrational" id="{efa23783-de72-eb11-a812-000d3af399b3}" />
      </MissingDependency>
      <MissingDependency>
        <Required type="1" schemaName="ovs_unplannedforecast" displayName="Unplanned Forecast" solution="Active" />
        <Dependent type="92" displayName="Core.Localization.RetrieveMultiple: RetrieveMultiple of ovs_unplannedforecast" id="{61fe68c7-8fb2-eb11-8236-000d3aff3315}" />
      </MissingDependency>
      <MissingDependency>
        <Required type="1" schemaName="ovs_unplannedforecast" displayName="Unplanned Forecast" solution="Active" />
        <Dependent type="92" displayName="Core.Localization.Retrieve: Retrieve of ovs_unplannedforecast" id="{76e167eb-8fb2-eb11-8236-000d3aff3315}" />
      </MissingDependency>
      <MissingDependency>
        <Required type="1" schemaName="qm_cepdata" displayName="CEP Data" solution="Active" />
        <Dependent type="92" displayName="TC.PowerApps.Localization.RetrieveMultiple: RetrieveMultiple of qm_cepdata" id="{e7fefccd-f90b-ec11-b6e6-000d3ae8f8cc}" />
      </MissingDependency>
      <MissingDependency>
        <Required type="1" schemaName="qm_cepdata" displayName="CEP Data" solution="Active" />
        <Dependent type="92" displayName="TC.PowerApps.Localization.Retrieve: Retrieve of qm_cepdata" id="{ec48e0b5-f90b-ec11-b6e6-000d3ae8f8cc}" />
      </MissingDependency>
      <MissingDependency>
        <Required type="1" schemaName="qm_rclegislation" displayName="Legislation" solution="Active" />
        <Dependent type="92" displayName="Core.Localization.RetrieveMultiple: RetrieveMultiple of qm_rclegislation" id="{82061fbb-20aa-eb11-8236-000d3ae91ce1}" />
      </MissingDependency>
      <MissingDependency>
        <Required type="1" schemaName="qm_rclegislation" displayName="Legislation" solution="Active" />
        <Dependent type="92" displayName="Core.Localization.Create: Create of qm_rclegislation" id="{83b266b5-1fb7-eb11-8236-0022483bc67c}" />
      </MissingDependency>
      <MissingDependency>
        <Required type="1" schemaName="qm_rclegislation" displayName="Legislation" solution="Active" />
        <Dependent type="92" displayName="Core.Localization.Retrieve: Retrieve of qm_rclegislation" id="{d18b5417-20aa-eb11-9442-000d3ae99bee}" />
      </MissingDependency>
      <MissingDependency>
        <Required type="1" schemaName="qm_rclegislation" displayName="Legislation" solution="Active" />
        <Dependent type="92" displayName="Core.Localization.Update: Update of qm_rclegislation" id="{d23ddf4f-2eaa-eb11-8236-000d3ae91ce1}" />
      </MissingDependency>
      <MissingDependency>
        <Required type="1" schemaName="qm_syresult" displayName="Violation" solution="Active" />
        <Dependent type="92" displayName="Core.Localization.Retrieve: Retrieve of qm_syresult" id="{0eee2fba-24aa-eb11-8236-000d3ae91ce1}" />
      </MissingDependency>
      <MissingDependency>
        <Required type="1" schemaName="qm_syresult" displayName="Violation" solution="Active" />
        <Dependent type="92" displayName="Core.Localization.RetrieveMultiple: RetrieveMultiple of qm_syresult" id="{dee8fd0f-65b2-eb11-8236-000d3aff3315}" />
      </MissingDependency>
      <MissingDependency>
        <Required type="1" schemaName="qm_tylegislationcharacteristic" displayName="Legislation Characteristic" solution="Active" />
        <Dependent type="92" displayName="Core.Localization.Update: Update of qm_tylegislationcharacteristic" id="{276555ef-11ad-eb11-8236-000d3ae91ce1}" />
      </MissingDependency>
      <MissingDependency>
        <Required type="1" schemaName="qm_tylegislationcharacteristic" displayName="Legislation Characteristic" solution="Active" />
        <Dependent type="92" displayName="Core.Localization.RetrieveMultiple: RetrieveMultiple of qm_account_tylegislationcharacteristic" id="{4e54fa46-14ad-eb11-8236-000d3ae8b65a}" />
      </MissingDependency>
      <MissingDependency>
        <Required type="1" schemaName="qm_tylegislationcharacteristic" displayName="Legislation Characteristic" solution="Active" />
        <Dependent type="92" displayName="Core.Localization.Retrieve: Retrieve of qm_tylegislationcharacteristic" id="{83718319-12ad-eb11-8236-000d3ae91ce1}" />
      </MissingDependency>
      <MissingDependency>
        <Required type="1" schemaName="qm_tylegislationcharacteristic" displayName="Legislation Characteristic" solution="Active" />
        <Dependent type="92" displayName="Core.Localization.Create: Create of qm_tylegislationcharacteristic" id="{953bbb82-11ad-eb11-8236-000d3ae91ce1}" />
      </MissingDependency>
      <MissingDependency>
        <Required type="1" schemaName="qm_tylegislationsource" displayName="Legislation Source" solution="Active" />
        <Dependent type="92" displayName="Core.Localization.Retrieve: Retrieve of qm_tylegislationsource" id="{22a2b61d-fea9-eb11-9442-000d3ae99bee}" />
      </MissingDependency>
      <MissingDependency>
        <Required type="1" schemaName="qm_tylegislationsource" displayName="Legislation Source" solution="Active" />
        <Dependent type="92" displayName="Core.Localization.Update: Update of qm_tylegislationsource" id="{5f8a435c-fda9-eb11-9442-000d3ae99bee}" />
      </MissingDependency>
      <MissingDependency>
        <Required type="1" schemaName="qm_tylegislationsource" displayName="Legislation Source" solution="Active" />
        <Dependent type="92" displayName="Core.Localization.RetrieveMultiple: RetrieveMultiple of qm_tylegislationsource" id="{91715ade-fda9-eb11-9442-000d3ae99bee}" />
      </MissingDependency>
      <MissingDependency>
        <Required type="1" schemaName="qm_tylegislationsource" displayName="Legislation Source" solution="Active" />
        <Dependent type="92" displayName="Core.Localization.Create: Create of qm_tylegislationsource" id="{dfc53731-fda9-eb11-9442-000d3ae99bee}" />
      </MissingDependency>
      <MissingDependency>
        <Required type="1" schemaName="qm_tylegislationtype" displayName="Legislation Section Type" solution="Active" />
        <Dependent type="92" displayName="Core.Localization.Update: Update of qm_tylegislationtype" id="{170e68a0-00ca-eb11-bacc-000d3af39889}" />
      </MissingDependency>
      <MissingDependency>
        <Required type="1" schemaName="qm_tylegislationtype" displayName="Legislation Section Type" solution="Active" />
        <Dependent type="92" displayName="Core.Localization.Create: Create of qm_tylegislationtype" id="{45279d5c-00ca-eb11-bacc-000d3af39889}" />
      </MissingDependency>
      <MissingDependency>
        <Required type="1" schemaName="qm_tylegislationtype" displayName="Legislation Section Type" solution="Active" />
        <Dependent type="92" displayName="Core.Localization.RetrieveMultiple: RetrieveMultiple of qm_tylegislationtype" id="{5d609887-00ca-eb11-bacc-000d3af39889}" />
      </MissingDependency>
      <MissingDependency>
        <Required type="1" schemaName="qm_tylegislationtype" displayName="Legislation Section Type" solution="Active" />
        <Dependent type="92" displayName="Core.Localization.Retrieve: Retrieve of qm_tylegislationtype" id="{8fffe26e-00ca-eb11-bacc-000d3af39889}" />
      </MissingDependency>
      <MissingDependency>
        <Required type="1" schemaName="tdg_unnumber" displayName="UN Number" solution="Active" />
        <Dependent type="92" displayName="Core.Localization.RetrieveMultiple: RetrieveMultiple of tdg_unnumber" id="{2022acf4-17b7-eb11-8236-0022483bc67c}" />
      </MissingDependency>
      <MissingDependency>
        <Required type="1" schemaName="tdg_unnumber" displayName="UN Number" solution="Active" />
        <Dependent type="92" displayName="Core.Localization.Retrieve: Retrieve of tdg_unnumber" id="{bb906e34-17b7-eb11-8236-0022483bc67c}" />
      </MissingDependency>
      <MissingDependency>
        <Required type="1" schemaName="tdg_unnumber" displayName="UN Number" solution="Active" />
        <Dependent type="92" displayName="Core.Localization.Create: Create of tdg_unnumber" id="{c52a74e1-16b7-eb11-8236-0022483bc67c}" />
      </MissingDependency>
      <MissingDependency>
        <Required type="1" schemaName="tdg_unnumber" displayName="UN Number" solution="Active" />
        <Dependent type="92" displayName="Core.Localization.Update: Update of tdg_unnumber" id="{d937d520-19b7-eb11-8236-0022483bc67c}" />
      </MissingDependency>
      <MissingDependency>
        <Required type="1" schemaName="territory" displayName="Region" solution="msdynce_AppCommon (9.0.4.0066)">
          <package>msdynce_AppCommonAnchor (9.0.21041.10002)</package>
        </Required>
        <Dependent type="92" displayName="Core.Localization.Retrieve: Retrieve of territory" id="{1efbc2d8-9817-eb11-a813-000d3af3a7a7}" />
      </MissingDependency>
      <MissingDependency>
        <Required type="1" schemaName="territory" displayName="Region" solution="msdynce_AppCommon (9.0.4.0066)">
          <package>msdynce_AppCommonAnchor (9.0.21041.10002)</package>
        </Required>
        <Dependent type="92" displayName="Core.Localization.Update: Update of territory" id="{38c5b839-9917-eb11-a813-000d3af3a7a7}" />
      </MissingDependency>
      <MissingDependency>
        <Required type="1" schemaName="territory" displayName="Region" solution="msdynce_AppCommon (9.0.4.0066)">
          <package>msdynce_AppCommonAnchor (9.0.21041.10002)</package>
        </Required>
        <Dependent type="92" displayName="Core.Localization.Create: Create of territory" id="{ad1e4bb3-9817-eb11-a813-000d3af3a7a7}" />
      </MissingDependency>
      <MissingDependency>
        <Required type="1" schemaName="territory" displayName="Region" solution="msdynce_AppCommon (9.0.4.0066)">
          <package>msdynce_AppCommonAnchor (9.0.21041.10002)</package>
        </Required>
        <Dependent type="92" displayName="Core.Localization.RetrieveMultiple: RetrieveMultiple of territory" id="{e09cddf5-9817-eb11-a813-000d3af3a7a7}" />
      </MissingDependency>
      <MissingDependency>
        <Required type="2" schemaName="msdyn_name" displayName="Name" parentSchemaName="msdyn_servicetasktype" parentDisplayName="Service Task Type" solution="FieldService (8.8.0.88)">
          <package>FieldService_Anchor (8.8.29.256)</package>
        </Required>
        <Dependent type="92" displayName="Core.Localization.Update: Update of msdyn_servicetasktype" id="{b7610fb5-b87a-eb11-a812-000d3af31ad8}" />
      </MissingDependency>
      <MissingDependency>
        <Required type="2" schemaName="ovs_servicetasktypenameenglish" displayName="Service Task Type Name (English)" parentSchemaName="msdyn_servicetasktype" parentDisplayName="Service Task Type" solution="Active" />
        <Dependent type="92" displayName="Core.Localization.Update: Update of msdyn_servicetasktype" id="{b7610fb5-b87a-eb11-a812-000d3af31ad8}" />
      </MissingDependency>
      <MissingDependency>
        <Required type="2" schemaName="ovs_servicetasktypenamefrench" displayName="Service Task Type Name (French)" parentSchemaName="msdyn_servicetasktype" parentDisplayName="Service Task Type" solution="Active" />
        <Dependent type="92" displayName="Core.Localization.Update: Update of msdyn_servicetasktype" id="{b7610fb5-b87a-eb11-a812-000d3af31ad8}" />
      </MissingDependency>
      <MissingDependency>
        <Required type="2" schemaName="msdyn_name" displayName="Name" parentSchemaName="msdyn_workordertype" parentDisplayName="Work Order Type" solution="FieldService (8.8.0.88)">
          <package>FieldService_Anchor (8.8.29.256)</package>
        </Required>
        <Dependent type="92" displayName="Core.Localization.Update: Update of msdyn_workordertype" id="{2941def0-d872-eb11-a812-000d3af399b3}" />
      </MissingDependency>
      <MissingDependency>
        <Required type="2" schemaName="ovs_workordertypenameenglish" displayName="Work Order Type Name (English)" parentSchemaName="msdyn_workordertype" parentDisplayName="Work Order Type" solution="Active" />
        <Dependent type="92" displayName="Core.Localization.Update: Update of msdyn_workordertype" id="{2941def0-d872-eb11-a812-000d3af399b3}" />
      </MissingDependency>
      <MissingDependency>
        <Required type="2" schemaName="ovs_workordertypenamefrench" displayName="Work Order Type Name (French)" parentSchemaName="msdyn_workordertype" parentDisplayName="Work Order Type" solution="Active" />
        <Dependent type="92" displayName="Core.Localization.Update: Update of msdyn_workordertype" id="{2941def0-d872-eb11-a812-000d3af399b3}" />
      </MissingDependency>
      <MissingDependency>
        <Required type="2" schemaName="ovs_englishlabel" displayName="English Label" parentSchemaName="ovs_aircrafttype" parentDisplayName="Aircraft Type" solution="Active" />
        <Dependent type="92" displayName="Core.Localization.Update: Update of ovs_aircrafttype" id="{8f61e6fc-e9d5-eb11-bacc-000d3af38cd4}" />
      </MissingDependency>
      <MissingDependency>
        <Required type="2" schemaName="ovs_frenchlabel" displayName="French Label" parentSchemaName="ovs_aircrafttype" parentDisplayName="Aircraft Type" solution="Active" />
        <Dependent type="92" displayName="Core.Localization.Update: Update of ovs_aircrafttype" id="{8f61e6fc-e9d5-eb11-bacc-000d3af38cd4}" />
      </MissingDependency>
      <MissingDependency>
        <Required type="2" schemaName="ovs_name" displayName="Name" parentSchemaName="ovs_aircrafttype" parentDisplayName="Aircraft Type" solution="Active" />
        <Dependent type="92" displayName="Core.Localization.Update: Update of ovs_aircrafttype" id="{8f61e6fc-e9d5-eb11-bacc-000d3af38cd4}" />
      </MissingDependency>
      <MissingDependency>
        <Required type="2" schemaName="ovs_englishlabel" displayName="English Label" parentSchemaName="ovs_airoperatorfunction" parentDisplayName="Air Operator Function" solution="Active" />
        <Dependent type="92" displayName="Core.Localization.Update: Update of ovs_airoperatorfunction" id="{2dd7e312-ead5-eb11-bacc-000d3af38cd4}" />
      </MissingDependency>
      <MissingDependency>
        <Required type="2" schemaName="ovs_frenchlabel" displayName="French Label" parentSchemaName="ovs_airoperatorfunction" parentDisplayName="Air Operator Function" solution="Active" />
        <Dependent type="92" displayName="Core.Localization.Update: Update of ovs_airoperatorfunction" id="{2dd7e312-ead5-eb11-bacc-000d3af38cd4}" />
      </MissingDependency>
      <MissingDependency>
        <Required type="2" schemaName="ovs_name" displayName="Name" parentSchemaName="ovs_airoperatorfunction" parentDisplayName="Air Operator Function" solution="Active" />
        <Dependent type="92" displayName="Core.Localization.Update: Update of ovs_airoperatorfunction" id="{2dd7e312-ead5-eb11-bacc-000d3af38cd4}" />
      </MissingDependency>
      <MissingDependency>
        <Required type="2" schemaName="ovs_englishlabel" displayName="English Label" parentSchemaName="ovs_airoperatortype" parentDisplayName="Air Operator Type" solution="Active" />
        <Dependent type="92" displayName="Core.Localization.Update: Update of ovs_airoperatortype" id="{803af93b-ead5-eb11-bacc-000d3af38cd4}" />
      </MissingDependency>
      <MissingDependency>
        <Required type="2" schemaName="ovs_frenchlabel" displayName="French Label" parentSchemaName="ovs_airoperatortype" parentDisplayName="Air Operator Type" solution="Active" />
        <Dependent type="92" displayName="Core.Localization.Update: Update of ovs_airoperatortype" id="{803af93b-ead5-eb11-bacc-000d3af38cd4}" />
      </MissingDependency>
      <MissingDependency>
        <Required type="2" schemaName="ovs_name" displayName="Name" parentSchemaName="ovs_airoperatortype" parentDisplayName="Air Operator Type" solution="Active" />
        <Dependent type="92" displayName="Core.Localization.Update: Update of ovs_airoperatortype" id="{803af93b-ead5-eb11-bacc-000d3af38cd4}" />
      </MissingDependency>
      <MissingDependency>
        <Required type="2" schemaName="ovs_englishlabel" displayName="English Label" parentSchemaName="ovs_mocfacilitytype" parentDisplayName="MOC Facility Type" solution="Active" />
        <Dependent type="92" displayName="Core.Localization.Update: Update of ovs_mocfacilitytype" id="{dcabb451-ead5-eb11-bacc-000d3af38cd4}" />
      </MissingDependency>
      <MissingDependency>
        <Required type="2" schemaName="ovs_frenchlabel" displayName="French Label" parentSchemaName="ovs_mocfacilitytype" parentDisplayName="MOC Facility Type" solution="Active" />
        <Dependent type="92" displayName="Core.Localization.Update: Update of ovs_mocfacilitytype" id="{dcabb451-ead5-eb11-bacc-000d3af38cd4}" />
      </MissingDependency>
      <MissingDependency>
        <Required type="2" schemaName="ovs_name" displayName="Name" parentSchemaName="ovs_mocfacilitytype" parentDisplayName="MOC Facility Type" solution="Active" />
        <Dependent type="92" displayName="Core.Localization.Update: Update of ovs_mocfacilitytype" id="{dcabb451-ead5-eb11-bacc-000d3af38cd4}" />
      </MissingDependency>
      <MissingDependency>
        <Required type="2" schemaName="ovs_englishlabel" displayName="English Label" parentSchemaName="ovs_moctype" parentDisplayName="MOC Type" solution="Active" />
        <Dependent type="92" displayName="Core.Localization.Update: Update of ovs_moctype" id="{1e53825b-ebd5-eb11-bacc-000d3af38cd4}" />
      </MissingDependency>
      <MissingDependency>
        <Required type="2" schemaName="ovs_frenchlabel" displayName="French Label" parentSchemaName="ovs_moctype" parentDisplayName="MOC Type" solution="Active" />
        <Dependent type="92" displayName="Core.Localization.Update: Update of ovs_moctype" id="{1e53825b-ebd5-eb11-bacc-000d3af38cd4}" />
      </MissingDependency>
      <MissingDependency>
        <Required type="2" schemaName="ovs_name" displayName="Name" parentSchemaName="ovs_moctype" parentDisplayName="MOC Type" solution="Active" />
        <Dependent type="92" displayName="Core.Localization.Update: Update of ovs_moctype" id="{1e53825b-ebd5-eb11-bacc-000d3af38cd4}" />
      </MissingDependency>
      <MissingDependency>
        <Required type="2" schemaName="ovs_englishlabel" displayName="English Label" parentSchemaName="ovs_modes" parentDisplayName="Modes" solution="Active" />
        <Dependent type="92" displayName="Core.Localization.Update: Update of ovs_modes" id="{6593ef7a-ebd5-eb11-bacc-000d3af38cd4}" />
      </MissingDependency>
      <MissingDependency>
        <Required type="2" schemaName="ovs_frenchlabel" displayName="French Label" parentSchemaName="ovs_modes" parentDisplayName="Modes" solution="Active" />
        <Dependent type="92" displayName="Core.Localization.Update: Update of ovs_modes" id="{6593ef7a-ebd5-eb11-bacc-000d3af38cd4}" />
      </MissingDependency>
      <MissingDependency>
        <Required type="2" schemaName="ovs_name" displayName="Name" parentSchemaName="ovs_modes" parentDisplayName="Modes" solution="Active" />
        <Dependent type="92" displayName="Core.Localization.Update: Update of ovs_modes" id="{6593ef7a-ebd5-eb11-bacc-000d3af38cd4}" />
      </MissingDependency>
      <MissingDependency>
        <Required type="2" schemaName="ovs_name" displayName="Name" parentSchemaName="ovs_operationtype" parentDisplayName="Operation Type" solution="Active" />
        <Dependent type="92" displayName="Core.Localization.Update: Update of ovs_operationtype" id="{b88bea67-dd72-eb11-a812-000d3af399b3}" />
      </MissingDependency>
      <MissingDependency>
        <Required type="2" schemaName="ovs_operationtypenameenglish" displayName="Operation Type Name (English)" parentSchemaName="ovs_operationtype" parentDisplayName="Operation Type" solution="Active" />
        <Dependent type="92" displayName="Core.Localization.Update: Update of ovs_operationtype" id="{b88bea67-dd72-eb11-a812-000d3af399b3}" />
      </MissingDependency>
      <MissingDependency>
        <Required type="2" schemaName="ovs_operationtypenamefrench" displayName="Operation Type Name (French)" parentSchemaName="ovs_operationtype" parentDisplayName="Operation Type" solution="Active" />
        <Dependent type="92" displayName="Core.Localization.Update: Update of ovs_operationtype" id="{b88bea67-dd72-eb11-a812-000d3af399b3}" />
      </MissingDependency>
      <MissingDependency>
        <Required type="2" schemaName="ovs_name" displayName="Name" parentSchemaName="ovs_tyrational" parentDisplayName="Rationale" solution="Active" />
        <Dependent type="92" displayName="Core.Localization.Update: Update of ovs_tyrational" id="{0d658354-de72-eb11-a812-000d3af399b3}" />
      </MissingDependency>
      <MissingDependency>
        <Required type="2" schemaName="ovs_rationalelbl" displayName="Rationale (English)" parentSchemaName="ovs_tyrational" parentDisplayName="Rationale" solution="Active" />
        <Dependent type="92" displayName="Core.Localization.Update: Update of ovs_tyrational" id="{0d658354-de72-eb11-a812-000d3af399b3}" />
      </MissingDependency>
      <MissingDependency>
        <Required type="2" schemaName="ovs_rationalflbl" displayName="Rationale (French)" parentSchemaName="ovs_tyrational" parentDisplayName="Rationale" solution="Active" />
        <Dependent type="92" displayName="Core.Localization.Update: Update of ovs_tyrational" id="{0d658354-de72-eb11-a812-000d3af399b3}" />
      </MissingDependency>
      <MissingDependency>
        <Required type="2" schemaName="qm_englishname" displayName="English Name" parentSchemaName="qm_rclegislation" parentDisplayName="Legislation" solution="Active" />
        <Dependent type="92" displayName="Core.Localization.Update: Update of qm_rclegislation" id="{d23ddf4f-2eaa-eb11-8236-000d3ae91ce1}" />
      </MissingDependency>
      <MissingDependency>
        <Required type="2" schemaName="qm_frenchname" displayName="French Name" parentSchemaName="qm_rclegislation" parentDisplayName="Legislation" solution="Active" />
        <Dependent type="92" displayName="Core.Localization.Update: Update of qm_rclegislation" id="{d23ddf4f-2eaa-eb11-8236-000d3ae91ce1}" />
      </MissingDependency>
      <MissingDependency>
        <Required type="2" schemaName="qm_legislationetxt" displayName="English Text" parentSchemaName="qm_rclegislation" parentDisplayName="Legislation" solution="Active" />
        <Dependent type="92" displayName="Core.Localization.Update: Update of qm_rclegislation" id="{d23ddf4f-2eaa-eb11-8236-000d3ae91ce1}" />
      </MissingDependency>
      <MissingDependency>
        <Required type="2" schemaName="qm_legislationftxt" displayName="French Text" parentSchemaName="qm_rclegislation" parentDisplayName="Legislation" solution="Active" />
        <Dependent type="92" displayName="Core.Localization.Update: Update of qm_rclegislation" id="{d23ddf4f-2eaa-eb11-8236-000d3ae91ce1}" />
      </MissingDependency>
      <MissingDependency>
        <Required type="2" schemaName="qm_name" displayName="Name" parentSchemaName="qm_rclegislation" parentDisplayName="Legislation" solution="Active" />
        <Dependent type="92" displayName="Core.Localization.Update: Update of qm_rclegislation" id="{d23ddf4f-2eaa-eb11-8236-000d3ae91ce1}" />
      </MissingDependency>
      <MissingDependency>
        <Required type="2" schemaName="qm_violationdisplaytexten" displayName="Violation Display Text EN" parentSchemaName="qm_rclegislation" parentDisplayName="Legislation" solution="Active" />
        <Dependent type="92" displayName="Core.Localization.Update: Update of qm_rclegislation" id="{d23ddf4f-2eaa-eb11-8236-000d3ae91ce1}" />
      </MissingDependency>
      <MissingDependency>
        <Required type="2" schemaName="qm_violationdisplaytextfr" displayName="Violation Display Text FR" parentSchemaName="qm_rclegislation" parentDisplayName="Legislation" solution="Active" />
        <Dependent type="92" displayName="Core.Localization.Update: Update of qm_rclegislation" id="{d23ddf4f-2eaa-eb11-8236-000d3ae91ce1}" />
      </MissingDependency>
      <MissingDependency>
        <Required type="2" schemaName="qm_legislationcharacteristicelbl" displayName="English Label" parentSchemaName="qm_tylegislationcharacteristic" parentDisplayName="Legislation Characteristic" solution="Active" />
        <Dependent type="92" displayName="Core.Localization.Update: Update of qm_tylegislationcharacteristic" id="{276555ef-11ad-eb11-8236-000d3ae91ce1}" />
      </MissingDependency>
      <MissingDependency>
        <Required type="2" schemaName="qm_legislationcharacteristicflbl" displayName="French Label" parentSchemaName="qm_tylegislationcharacteristic" parentDisplayName="Legislation Characteristic" solution="Active" />
        <Dependent type="92" displayName="Core.Localization.Update: Update of qm_tylegislationcharacteristic" id="{276555ef-11ad-eb11-8236-000d3ae91ce1}" />
      </MissingDependency>
      <MissingDependency>
        <Required type="2" schemaName="qm_name" displayName="Name" parentSchemaName="qm_tylegislationcharacteristic" parentDisplayName="Legislation Characteristic" solution="Active" />
        <Dependent type="92" displayName="Core.Localization.Update: Update of qm_tylegislationcharacteristic" id="{276555ef-11ad-eb11-8236-000d3ae91ce1}" />
      </MissingDependency>
      <MissingDependency>
        <Required type="2" schemaName="qm_legislationsourceelbl" displayName="Legislation Source Label English" parentSchemaName="qm_tylegislationsource" parentDisplayName="Legislation Source" solution="Active" />
        <Dependent type="92" displayName="Core.Localization.Update: Update of qm_tylegislationsource" id="{5f8a435c-fda9-eb11-9442-000d3ae99bee}" />
      </MissingDependency>
      <MissingDependency>
        <Required type="2" schemaName="qm_legislationsourceflbl" displayName="Legislation Source Label French" parentSchemaName="qm_tylegislationsource" parentDisplayName="Legislation Source" solution="Active" />
        <Dependent type="92" displayName="Core.Localization.Update: Update of qm_tylegislationsource" id="{5f8a435c-fda9-eb11-9442-000d3ae99bee}" />
      </MissingDependency>
      <MissingDependency>
        <Required type="2" schemaName="qm_name" displayName="Name" parentSchemaName="qm_tylegislationsource" parentDisplayName="Legislation Source" solution="Active" />
        <Dependent type="92" displayName="Core.Localization.Update: Update of qm_tylegislationsource" id="{5f8a435c-fda9-eb11-9442-000d3ae99bee}" />
      </MissingDependency>
      <MissingDependency>
        <Required type="2" schemaName="tdg_shippingnamedescriptionetxt" displayName="English Shipping Name" parentSchemaName="tdg_unnumber" parentDisplayName="UN Number" solution="Active" />
        <Dependent type="92" displayName="Core.Localization.Update: Update of tdg_unnumber" id="{d937d520-19b7-eb11-8236-0022483bc67c}" />
      </MissingDependency>
      <MissingDependency>
        <Required type="2" schemaName="tdg_shippingnamedescriptionftxt" displayName="French Shipping Name" parentSchemaName="tdg_unnumber" parentDisplayName="UN Number" solution="Active" />
        <Dependent type="92" displayName="Core.Localization.Update: Update of tdg_unnumber" id="{d937d520-19b7-eb11-8236-0022483bc67c}" />
      </MissingDependency>
      <MissingDependency>
        <Required type="2" schemaName="name" displayName="Territory Name" parentSchemaName="territory" parentDisplayName="Region" solution="msdynce_AppCommon (9.0.4.0066)">
          <package>msdynce_AppCommonAnchor (9.0.21041.10002)</package>
        </Required>
        <Dependent type="92" displayName="Core.Localization.Update: Update of territory" id="{38c5b839-9917-eb11-a813-000d3af3a7a7}" />
      </MissingDependency>
      <MissingDependency>
        <Required type="2" schemaName="ovs_territorynameenglish" displayName="Territory Name (English)" parentSchemaName="territory" parentDisplayName="Region" solution="Active" />
        <Dependent type="92" displayName="Core.Localization.Update: Update of territory" id="{38c5b839-9917-eb11-a813-000d3af3a7a7}" />
      </MissingDependency>
      <MissingDependency>
        <Required type="2" schemaName="ovs_territorynamefrench" displayName="Territory Name (French)" parentSchemaName="territory" parentDisplayName="Region" solution="Active" />
        <Dependent type="92" displayName="Core.Localization.Update: Update of territory" id="{38c5b839-9917-eb11-a813-000d3af3a7a7}" />
      </MissingDependency>
    </MissingDependencies>
  </SolutionManifest>
</ImportExportXml>