<ImportExportXml version="9.2.21014.126" SolutionPackageVersion="9.2" languagecode="1033" generatedBy="CrmLive" xmlns:xsi="http://www.w3.org/2001/XMLSchema-instance">
  <SolutionManifest>
    <UniqueName>TC_Flows</UniqueName>
    <LocalizedNames>
      <LocalizedName description="TC.Flows" languagecode="1033" />
    </LocalizedNames>
    <Descriptions>
      <Description description="1.0.0.3 - flows plus Connections References&#xA;The initial Flows solution to be shared among components Michael Kalinovich, 15  Oct 2020&#xA;1.0.0.4 - Oversight_Base Flows added. November 13, 2020," languagecode="1033" />
    </Descriptions>
    <Version>1.0.0.12</Version>
    <Managed>0</Managed>
    <Publisher>
      <UniqueName>oversightpublisher</UniqueName>
      <LocalizedNames>
        <LocalizedName description="Oversight" languagecode="1033" />
      </LocalizedNames>
      <Descriptions>
        <Description description="This is the common solution for AvSec Inspection and TDG Inspection." languagecode="1033" />
      </Descriptions>
      <EMailAddress xsi:nil="true"></EMailAddress>
      <SupportingWebsiteUrl xsi:nil="true"></SupportingWebsiteUrl>
      <CustomizationPrefix>ovs</CustomizationPrefix>
      <CustomizationOptionValuePrefix>91864</CustomizationOptionValuePrefix>
      <Addresses>
        <Address>
          <AddressNumber>1</AddressNumber>
          <AddressTypeCode>1</AddressTypeCode>
          <City xsi:nil="true"></City>
          <County xsi:nil="true"></County>
          <Country xsi:nil="true"></Country>
          <Fax xsi:nil="true"></Fax>
          <FreightTermsCode xsi:nil="true"></FreightTermsCode>
          <ImportSequenceNumber xsi:nil="true"></ImportSequenceNumber>
          <Latitude xsi:nil="true"></Latitude>
          <Line1 xsi:nil="true"></Line1>
          <Line2 xsi:nil="true"></Line2>
          <Line3 xsi:nil="true"></Line3>
          <Longitude xsi:nil="true"></Longitude>
          <Name xsi:nil="true"></Name>
          <PostalCode xsi:nil="true"></PostalCode>
          <PostOfficeBox xsi:nil="true"></PostOfficeBox>
          <PrimaryContactName xsi:nil="true"></PrimaryContactName>
          <ShippingMethodCode>1</ShippingMethodCode>
          <StateOrProvince xsi:nil="true"></StateOrProvince>
          <Telephone1 xsi:nil="true"></Telephone1>
          <Telephone2 xsi:nil="true"></Telephone2>
          <Telephone3 xsi:nil="true"></Telephone3>
          <TimeZoneRuleVersionNumber xsi:nil="true"></TimeZoneRuleVersionNumber>
          <UPSZone xsi:nil="true"></UPSZone>
          <UTCOffset xsi:nil="true"></UTCOffset>
          <UTCConversionTimeZoneCode xsi:nil="true"></UTCConversionTimeZoneCode>
        </Address>
        <Address>
          <AddressNumber>2</AddressNumber>
          <AddressTypeCode>1</AddressTypeCode>
          <City xsi:nil="true"></City>
          <County xsi:nil="true"></County>
          <Country xsi:nil="true"></Country>
          <Fax xsi:nil="true"></Fax>
          <FreightTermsCode xsi:nil="true"></FreightTermsCode>
          <ImportSequenceNumber xsi:nil="true"></ImportSequenceNumber>
          <Latitude xsi:nil="true"></Latitude>
          <Line1 xsi:nil="true"></Line1>
          <Line2 xsi:nil="true"></Line2>
          <Line3 xsi:nil="true"></Line3>
          <Longitude xsi:nil="true"></Longitude>
          <Name xsi:nil="true"></Name>
          <PostalCode xsi:nil="true"></PostalCode>
          <PostOfficeBox xsi:nil="true"></PostOfficeBox>
          <PrimaryContactName xsi:nil="true"></PrimaryContactName>
          <ShippingMethodCode>1</ShippingMethodCode>
          <StateOrProvince xsi:nil="true"></StateOrProvince>
          <Telephone1 xsi:nil="true"></Telephone1>
          <Telephone2 xsi:nil="true"></Telephone2>
          <Telephone3 xsi:nil="true"></Telephone3>
          <TimeZoneRuleVersionNumber xsi:nil="true"></TimeZoneRuleVersionNumber>
          <UPSZone xsi:nil="true"></UPSZone>
          <UTCOffset xsi:nil="true"></UTCOffset>
          <UTCConversionTimeZoneCode xsi:nil="true"></UTCConversionTimeZoneCode>
        </Address>
      </Addresses>
    </Publisher>
    <RootComponents>
      <RootComponent type="29" id="{03de7d27-ff0e-eb11-a813-000d3af3ac0d}" behavior="0" />
      <RootComponent type="29" id="{03ec84f9-3e36-eb11-a813-000d3af3fc19}" behavior="0" />
      <RootComponent type="29" id="{e59fa129-1468-eb11-a812-000d3aff0dda}" behavior="0" />
      <RootComponent type="29" id="{fd1d6e9b-76fe-ea11-a813-000d3af3ac0d}" behavior="0" />
    </RootComponents>
    <MissingDependencies>
      <MissingDependency>
        <Required key="0" type="1" schemaName="msdyn_workordersubstatus" displayName="Work Order Substatus" solution="FieldService (8.8.0.88)" />
        <Dependent key="1" type="29" displayName="Work Order Cancellation Request via Activity" id="{e59fa129-1468-eb11-a812-000d3aff0dda}" />
      </MissingDependency>
      <MissingDependency>
        <Required key="2" type="1" schemaName="msdyn_workorder" displayName="Work Order" solution="FieldService (8.8.0.88)" />
        <Dependent key="1" type="29" displayName="Work Order Cancellation Request via Activity" id="{e59fa129-1468-eb11-a812-000d3aff0dda}" />
      </MissingDependency>
      <MissingDependency>
        <Required key="3" type="1" schemaName="ovs_cancellationrequest" displayName="Cancellation Request" solution="Active" />
        <Dependent key="1" type="29" displayName="Work Order Cancellation Request via Activity" id="{e59fa129-1468-eb11-a812-000d3aff0dda}" />
      </MissingDependency>
      <MissingDependency>
        <Required key="0" type="1" schemaName="msdyn_workordersubstatus" displayName="Work Order Substatus" solution="FieldService (8.8.0.88)" />
        <Dependent key="4" type="29" displayName="Work Order Revised Quarter Request via Activity" id="{03ec84f9-3e36-eb11-a813-000d3af3fc19}" />
      </MissingDependency>
      <MissingDependency>
        <Required key="2" type="1" schemaName="msdyn_workorder" displayName="Work Order" solution="FieldService (8.8.0.88)" />
        <Dependent key="4" type="29" displayName="Work Order Revised Quarter Request via Activity" id="{03ec84f9-3e36-eb11-a813-000d3af3fc19}" />
      </MissingDependency>
      <MissingDependency>
        <Required key="5" type="1" schemaName="ovs_revisedquarterrequest" displayName="Revised Quarter Request" solution="Active" />
        <Dependent key="4" type="29" displayName="Work Order Revised Quarter Request via Activity" id="{03ec84f9-3e36-eb11-a813-000d3af3fc19}" />
      </MissingDependency>
      <MissingDependency>
        <Required key="6" type="1" schemaName="bookableresource" displayName="Bookable Resource" solution="msdynce_Scheduling (9.0.0.0)" />
        <Dependent key="7" type="29" displayName="Set new Bookable Resource Category to Inspector" id="{fd1d6e9b-76fe-ea11-a813-000d3af3ac0d}" />
      </MissingDependency>
      <MissingDependency>
        <Required key="8" type="1" schemaName="bookableresourcecategoryassn" displayName="Bookable Resource Category Assn" solution="msdynce_Scheduling (9.0.0.0)" />
        <Dependent key="7" type="29" displayName="Set new Bookable Resource Category to Inspector" id="{fd1d6e9b-76fe-ea11-a813-000d3af3ac0d}" />
      </MissingDependency>
      <MissingDependency>
        <Required key="9" type="1" schemaName="bookableresourcecategory" displayName="Bookable Resource Category" solution="msdynce_Scheduling (9.0.0.0)" />
        <Dependent key="7" type="29" displayName="Set new Bookable Resource Category to Inspector" id="{fd1d6e9b-76fe-ea11-a813-000d3af3ac0d}" />
      </MissingDependency>
      <MissingDependency>
        <Required key="2" type="1" schemaName="msdyn_workorder" displayName="Work Order" solution="FieldService (8.8.0.88)" />
        <Dependent key="10" type="29" displayName="Updates &quot;Actual&quot; count on &quot;Unplanned Forecast&quot; Entity" id="{03de7d27-ff0e-eb11-a813-000d3af3ac0d}" />
      </MissingDependency>
      <MissingDependency>
        <Required key="11" type="1" schemaName="ovs_tyrational" displayName="TYRational" solution="Active" />
        <Dependent key="10" type="29" displayName="Updates &quot;Actual&quot; count on &quot;Unplanned Forecast&quot; Entity" id="{03de7d27-ff0e-eb11-a813-000d3af3ac0d}" />
      </MissingDependency>
      <MissingDependency>
        <Required key="12" type="1" schemaName="ovs_unplannedforecast" displayName="Unplanned Forecast" solution="Active" />
        <Dependent key="10" type="29" displayName="Updates &quot;Actual&quot; count on &quot;Unplanned Forecast&quot; Entity" id="{03de7d27-ff0e-eb11-a813-000d3af3ac0d}" />
      </MissingDependency>
      <MissingDependency>
        <Required key="13" type="2" schemaName="ovs_rational" displayName="Rational" parentSchemaName="msdyn_workorder" parentDisplayName="Work Order" solution="Active" />
        <Dependent key="10" type="29" displayName="Updates &quot;Actual&quot; count on &quot;Unplanned Forecast&quot; Entity" id="{03de7d27-ff0e-eb11-a813-000d3af3ac0d}" />
      </MissingDependency>
      <MissingDependency>
        <Required key="14" type="2" schemaName="ovs_fiscalquarter" displayName="Planned Fiscal Quarter" parentSchemaName="msdyn_workorder" parentDisplayName="Work Order" solution="Active" />
        <Dependent key="10" type="29" displayName="Updates &quot;Actual&quot; count on &quot;Unplanned Forecast&quot; Entity" id="{03de7d27-ff0e-eb11-a813-000d3af3ac0d}" />
      </MissingDependency>
      <MissingDependency>
        <Required key="15" type="2" schemaName="ovs_fiscalyear" displayName="Planned Fiscal Year" parentSchemaName="msdyn_workorder" parentDisplayName="Work Order" solution="Active" />
        <Dependent key="10" type="29" displayName="Updates &quot;Actual&quot; count on &quot;Unplanned Forecast&quot; Entity" id="{03de7d27-ff0e-eb11-a813-000d3af3ac0d}" />
      </MissingDependency>
      <MissingDependency>
        <Required key="16" type="2" schemaName="msdyn_serviceterritory" displayName="Region" parentSchemaName="msdyn_workorder" parentDisplayName="Work Order" solution="FieldService (8.8.0.88)" />
        <Dependent key="10" type="29" displayName="Updates &quot;Actual&quot; count on &quot;Unplanned Forecast&quot; Entity" id="{03de7d27-ff0e-eb11-a813-000d3af3ac0d}" />
      </MissingDependency>
    </MissingDependencies>
  </SolutionManifest>
</ImportExportXml>