<ImportExportXml xmlns:xsi="http://www.w3.org/2001/XMLSchema-instance">
  <Entities>
    <Entity>
      <Name LocalizedName="Account" OriginalName="">Account</Name>
      <EntityInfo>
        <entity Name="Account" unmodified="1">
          <attributes />
        </entity>
      </EntityInfo>
      <SavedQueries>
        <savedqueries>
          <savedquery>
            <IsCustomizable>1</IsCustomizable>
            <CanBeDeleted>1</CanBeDeleted>
            <isquickfindquery>0</isquickfindquery>
            <isprivate>0</isprivate>
            <isdefault>0</isdefault>
            <savedqueryid>{8965dc8d-460a-eb11-a813-000d3af3a7a7}</savedqueryid>
            <layoutxml>
              <grid name="resultset" jump="name" select="1" icon="1" preview="1">
                <row name="result" id="accountid">
                  <cell name="name" width="200" />
                  <cell name="ovs_legalname" width="179" />
                  <cell name="telephone1" width="100" />
                  <cell name="address1_line1" width="100" />
                  <cell name="address1_city" width="100" />
                  <cell name="address1_stateorprovince" width="100" />
                  <cell name="address1_country" width="100" />
                  <cell name="primarycontactid" width="100" />
                </row>
              </grid>
            </layoutxml>
            <querytype>0</querytype>
            <fetchxml>
              <fetch version="1.0" output-format="xml-platform" mapping="logical">
                <entity name="account">
                  <attribute name="name" />
                  <attribute name="accountid" />
                  <order attribute="name" descending="false" />
                  <filter type="and">
                    <condition attribute="customertypecode" operator="eq" value="948010000" />
                  </filter>
                  <attribute name="ovs_legalname" />
                  <attribute name="telephone1" />
                  <attribute name="address1_city" />
                  <attribute name="address1_stateorprovince" />
                  <attribute name="address1_country" />
                  <attribute name="primarycontactid" />
                  <attribute name="address1_line1" />
                </entity>
              </fetch>
            </fetchxml>
            <IntroducedVersion>1.0.0.0</IntroducedVersion>
            <LocalizedNames>
              <LocalizedName description="Companies" languagecode="1033" />
              <LocalizedName description="Sociétés mères" languagecode="1036" />
            </LocalizedNames>
          </savedquery>
        </savedqueries>
      </SavedQueries>
      <RibbonDiffXml>
        <CustomActions>
          <HideCustomAction HideActionId="fdr.Mscrm.HomepageGrid.account.FollowButton.Hide" Location="Mscrm.HomepageGrid.account.FollowButton" />
          <CustomAction Id="ovs.account.Button11.Button.Mscrm.HomepageGrid.account.Send.CustomAction" Location="Mscrm.HomepageGrid.account.MainTab.Management.Controls._children" Sequence="36">
            <CommandUIDefinition>
              <SplitButton Command="Mscrm.SendShortcutSelected.AlwaysEnabled" Id="ovs.account.Button11.Button.Mscrm.HomepageGrid.account.Send" Image32by32="/_imgs/ribbon/SendShortcut_32.png" Image16by16="/_imgs/ribbon/EmailLink_16.png" LabelText="$Resources:Ribbon.HomepageGrid.Record.Shortcut.Send" Sequence="36" TemplateAlias="o2" ToolTipTitle="$Resources:Ribbon.HomepageGrid.Record.Shortcut.Send" ToolTipDescription="$Resources:Mscrm_HomepageGrid_Other_MainTab_ExportData_Send_ToolTipDescription" ModernImage="EmailLink">
                <Menu Id="ovs.account.Button11.Button.Mscrm.HomepageGrid.account.Send.Menu">
                  <MenuSection Id="ovs.account.Section16.Section" Sequence="5" DisplayMode="Menu16">
                    <Controls Id="ovs.account.Section16.Section.Controls">
                      <Button Command="Mscrm.SendShortcutSelected" Id="ovs.account.Button12.Button.Mscrm.HomepageGrid.account.Send.Selected" Image32by32="/_imgs/ribbon/SendShortcut_32.png" Image16by16="/_imgs/ribbon/EmailLink_16.png" LabelText="$Resources:Ribbon.HomepageGrid.Record.Shortcut.Selected" Sequence="8" TemplateAlias="o3" ToolTipTitle="$Resources:Ribbon.HomepageGrid.Record.Shortcut.Selected" ToolTipDescription="$Resources:Ribbon.Tooltip.SendShortcut" ModernImage="EmailLink" />
                      <Button Command="Mscrm.SendShortcutView" Id="ovs.account.Button17.Button.Mscrm.HomepageGrid.account.Send.View" Image32by32="/_imgs/ribbon/SendView_32.png" Image16by16="/_imgs/ribbon/SendView_16.png" LabelText="$Resources:Ribbon.HomepageGrid.Record.Shortcut.View" Sequence="10" TemplateAlias="o2" ToolTipTitle="$Resources:Ribbon.HomepageGrid.Record.Shortcut.View" ToolTipDescription="$Resources:Ribbon.Tooltip.SendShortcut_View" ModernImage="EmailLink" />
                    </Controls>
                  </MenuSection>
                </Menu>
              </SplitButton>
            </CommandUIDefinition>
          </CustomAction>
          <CustomAction Id="ovs.account.Button19.Button.Mscrm.HomepageGrid.account.DeleteMenu.CustomAction" Location="Mscrm.HomepageGrid.account.MainTab.Management.Controls._children" Sequence="24">
            <CommandUIDefinition>
              <SplitButton Alt="$Resources:Ribbon.HomepageGrid.MainTab.Management.Delete" Command="Mscrm.HomepageGrid.DeleteSplitButtonCommand" Id="ovs.account.Button19.Button.Mscrm.HomepageGrid.account.DeleteMenu" Image32by32="/_imgs/Workplace/remove_32.png" Image16by16="/_imgs/ribbon/Delete_16.png" LabelText="$Resources:Ribbon.HomepageGrid.MainTab.Management.Delete" Sequence="24" TemplateAlias="o1" ToolTipTitle="$Resources:Mscrm_HomepageGrid_Other_MainTab_Management_Delete_ToolTipTitle" ToolTipDescription="$Resources(EntityPluralDisplayName):Ribbon.HomepageGrid.Tooltip.Delete" ModernImage="Remove">
                <Menu Id="ovs.account.Button19.Button.Mscrm.HomepageGrid.account.DeleteMenu.Menu">
                  <MenuSection Id="ovs.account.Section20.Section" Sequence="5" DisplayMode="Menu16">
                    <Controls Id="ovs.account.Section20.Section.Controls">
                      <Button Alt="$Resources:Ribbon.HomepageGrid.MainTab.Management.Delete" Command="Mscrm.DeleteSelectedRecord" Id="ovs.account.Button21.Button.Mscrm.HomepageGrid.account.Delete" Image32by32="/_imgs/Workplace/remove_32.png" Image16by16="/_imgs/ribbon/Delete_16.png" LabelText="$Resources:Ribbon.HomepageGrid.MainTab.Management.Delete" Sequence="10" TemplateAlias="o2" ToolTipTitle="$Resources:Mscrm_HomepageGrid_Other_MainTab_Management_Delete_ToolTipTitle" ToolTipDescription="$Resources(EntityPluralDisplayName):Ribbon.HomepageGrid.Tooltip.Delete" ModernImage="Remove" />
                      <Button Command="Mscrm.HomepageGrid.BulkDelete" Id="ovs.account.Button22.Button.Mscrm.HomepageGrid.account.BulkDelete" Image32by32="/_imgs/ribbon/BulkDeleteWizard_32.png" Image16by16="/_imgs/ribbon/BulkDelete_16.png" LabelText="$Resources:Ribbon.HomepageGrid.MainTab.Management.BulkDelete" Sequence="15" TemplateAlias="o2" ToolTipTitle="$Resources:Ribbon.HomepageGrid.MainTab.Management.BulkDelete" ToolTipDescription="$Resources:Ribbon.HomepageGrid.MainTab.Management.BulkDelete.TooltipDescription" />
                    </Controls>
                  </MenuSection>
                </Menu>
              </SplitButton>
            </CommandUIDefinition>
          </CustomAction>
          <CustomAction Id="ovs.account.Button2.Button.Mscrm.HomepageGrid.account.RefreshModernButton.CustomAction" Location="Mscrm.HomepageGrid.account.MainTab.Management.Controls._children" Sequence="23">
            <CommandUIDefinition>
              <Button Command="Mscrm.Modern.refreshCommand" Id="ovs.account.Button2.Button.Mscrm.HomepageGrid.account.RefreshModernButton" LabelText="$LocLabels:ovs.account.Button2.Button.Mscrm.HomepageGrid.account.RefreshModernButton.LabelText" Sequence="23" TemplateAlias="o1" ToolTipTitle="$Resources:MobileClient.Commands.Refresh" ModernImage="Refresh" />
            </CommandUIDefinition>
          </CustomAction>
          <CustomAction Id="ovs.account.Button23.Button.Mscrm.HomepageGrid.account.Edit.CustomAction" Location="Mscrm.HomepageGrid.account.MainTab.Management.Controls._children" Sequence="10">
            <CommandUIDefinition>
              <Button Alt="$Resources:Ribbon.HomepageGrid.MainTab.Management.Edit" Command="Mscrm.EditSelectedRecord" Id="ovs.account.Button23.Button.Mscrm.HomepageGrid.account.Edit" Image32by32="/_imgs/ribbon/edit32.png" Image16by16="/_imgs/ribbon/Edit_16.png" LabelText="$Resources:Ribbon.HomepageGrid.MainTab.Management.Edit" Sequence="10" TemplateAlias="o1" ToolTipTitle="$Resources:Ribbon.HomepageGrid.MainTab.Management.Edit" ToolTipDescription="$Resources(EntityDisplayName):Ribbon.Tooltip.Edit" ModernImage="Edit" />
            </CommandUIDefinition>
          </CustomAction>
          <CustomAction Id="ovs.account.Button24.Button.Mscrm.Form.account.RefreshModernButton.CustomAction" Location="Mscrm.Form.account.MainTab.Save.Controls._children" Sequence="49">
            <CommandUIDefinition>
              <Button Command="Mscrm.Modern.refreshCommand" Id="ovs.account.Button24.Button.Mscrm.Form.account.RefreshModernButton" LabelText="$Resources:MobileClient.Commands.Refresh" Sequence="49" TemplateAlias="o1" ToolTipTitle="$Resources:MobileClient.Commands.Refresh" ModernImage="Refresh" />
            </CommandUIDefinition>
          </CustomAction>
          <CustomAction Id="ovs.account.Button25.Button.Mscrm.Form.account.Deactivate.CustomAction" Location="Mscrm.Form.account.MainTab.Save.Controls._children" Sequence="51">
            <CommandUIDefinition>
              <Button Alt="$Resources:Ribbon.HomepageGrid.account.Record.Status.Deactivate" Command="Mscrm.Form.Deactivate" Id="ovs.account.Button25.Button.Mscrm.Form.account.Deactivate" Image32by32="/_imgs/ribbon/Deactivate_32.png" Image16by16="/_imgs/ribbon/Deactivate_16.png" LabelText="$Resources:Ribbon.HomepageGrid.account.Record.Status.Deactivate" Sequence="51" TemplateAlias="o1" ToolTipTitle="$Resources:Ribbon.HomepageGrid.account.Record.Status.Deactivate" ToolTipDescription="$Resources(EntityPluralDisplayName):Ribbon.Tooltip.Deactivate" ModernImage="DeActivate" />
            </CommandUIDefinition>
          </CustomAction>
          <CustomAction Id="ovs.account.Button26.Button.Mscrm.Form.account.Assign.CustomAction" Location="Mscrm.Form.account.MainTab.Save.Controls._children" Sequence="62">
            <CommandUIDefinition>
              <Button Alt="$Resources:Ribbon.HomepageGrid.MainTab.Actions.Assign" Command="Mscrm.AssignPrimaryRecord" Id="ovs.account.Button26.Button.Mscrm.Form.account.Assign" Image32by32="/_imgs/ribbon/Assign_32.png" Image16by16="/_imgs/ribbon/Assign_16.png" LabelText="$Resources:Ribbon.HomepageGrid.MainTab.Actions.Assign" Sequence="62" TemplateAlias="o1" ToolTipTitle="$Resources:Ribbon.HomepageGrid.MainTab.Actions.Assign" ToolTipDescription="$Resources(EntityPluralDisplayName):Ribbon.Tooltip.Assign" ModernImage="Assign" />
            </CommandUIDefinition>
          </CustomAction>
          <CustomAction Id="ovs.account.Button27.Button.Mscrm.Form.account.SendSelected.CustomAction" Location="Mscrm.Form.account.MainTab.Save.Controls._children" Sequence="64">
            <CommandUIDefinition>
              <Button Alt="$Resources:Ribbon.HomepageGrid.Record.Shortcut.Send" Command="Mscrm.SendShortcutPrimary" Id="ovs.account.Button27.Button.Mscrm.Form.account.SendSelected" Image32by32="/_imgs/ribbon/SendShortcut_32.png" Image16by16="/_imgs/ribbon/SendShortcut_16.png" LabelText="$Resources:Ribbon.HomepageGrid.Record.Shortcut.Send" Sequence="64" TemplateAlias="o1" ToolTipTitle="$Resources:Ribbon.HomepageGrid.Record.Shortcut.Send" ToolTipDescription="$Resources:Ribbon.Tooltip.SendShortcut" ModernImage="EmailLink" />
            </CommandUIDefinition>
          </CustomAction>
          <CustomAction Id="ovs.account.Button28.Button.Mscrm.Form.account.Permissions.Sharing.CustomAction" Location="Mscrm.Form.account.MainTab.Save.Controls._children" Sequence="65">
            <CommandUIDefinition>
              <Button Alt="$Resources:Ribbon.HomepageGrid.MainTab.Actions.Sharing" Command="Mscrm.SharePrimaryRecordRefresh" Id="ovs.account.Button28.Button.Mscrm.Form.account.Permissions.Sharing" Image32by32="/_imgs/ribbon/Sharing_32.png" Image16by16="/_imgs/ribbon/Sharing_16.png" LabelText="$Resources:Ribbon.HomepageGrid.MainTab.Actions.Sharing" Sequence="65" TemplateAlias="o1" ToolTipTitle="$Resources:Ribbon.HomepageGrid.MainTab.Actions.Sharing" ToolTipDescription="$Resources(EntityPluralDisplayName):Ribbon.Tooltip.Share" ModernImage="Share" />
            </CommandUIDefinition>
          </CustomAction>
          <CustomAction Id="ovs.account.Button29.Button.Mscrm.Form.account.FollowButton.CustomAction" Location="Mscrm.Form.account.MainTab.Save.Controls._children" Sequence="66">
            <CommandUIDefinition>
              <Button Command="Mscrm.Form.FollowCommand" Id="ovs.account.Button29.Button.Mscrm.Form.account.FollowButton" Image32by32="/_imgs/ribbon/Entity32_8003.png" Image16by16="/_imgs/ribbon/Entity16_8003.png" LabelText="$LocLabels:ovs.account.Button29.Button.Mscrm.Form.account.FollowButton.LabelText" Sequence="66" TemplateAlias="o1" ToolTipTitle="$LocLabels:ovs.account.Button29.Button.Mscrm.Form.account.FollowButton.ToolTipTitle" ToolTipDescription="$LocLabels:ovs.account.Button29.Button.Mscrm.Form.account.FollowButton.ToolTipDescription" ModernImage="RatingEmpty" />
            </CommandUIDefinition>
          </CustomAction>
          <CustomAction Id="ovs.account.Button30.Button.AccessChecker.OpenDialog.account.Button.CustomAction" Location="Mscrm.Form.account.MainTab.Save.Controls._children" Sequence="63">
            <CommandUIDefinition>
              <Button Command="AccessChecker.OpenDialogCommand" Id="ovs.account.Button30.Button.AccessChecker.OpenDialog.account.Button" Sequence="63" TemplateAlias="o1" ModernImage="$webresource:accessChecker_icon" />
            </CommandUIDefinition>
          </CustomAction>
          <CustomAction Id="ovs.account.Button31.Button.Mscrm.Form.account.ViewOrgChart.CustomAction" Location="Mscrm.Form.account.MainTab.Save.Controls._children" Sequence="69">
            <CommandUIDefinition>
              <Button Alt="$LocLabels:ovs.account.Button31.Button.Mscrm.Form.account.ViewOrgChart.Alt" Command="LinkedInExtensions.ViewOrgChart" Id="ovs.account.Button31.Button.Mscrm.Form.account.ViewOrgChart" LabelText="$LocLabels:ovs.account.Button31.Button.Mscrm.Form.account.ViewOrgChart.LabelText" Sequence="69" TemplateAlias="o1" ToolTipTitle="$LocLabels:ovs.account.Button31.Button.Mscrm.Form.account.ViewOrgChart.ToolTipTitle" ToolTipDescription="$LocLabels:ovs.account.Button31.Button.Mscrm.Form.account.ViewOrgChart.ToolTipDescription" ModernImage="Drilldown" />
            </CommandUIDefinition>
          </CustomAction>
          <CustomAction Id="ovs.account.Button32.Button.Mscrm.Form.account.AddToList.CustomAction" Location="Mscrm.Form.account.MainTab.Save.Controls._children" Sequence="68">
            <CommandUIDefinition>
              <Button Alt="$LocLabels:ovs.account.Button32.Button.Mscrm.Form.account.AddToList.Alt" Command="Mscrm.AddPrimaryToMarketingList" Id="ovs.account.Button32.Button.Mscrm.Form.account.AddToList" Image32by32="$webresource:Marketing/_images/ribbon/AddToMarketingList_32.png" Image16by16="$webresource:Marketing/_images/ribbon/AddToMarketingList_16.png" LabelText="$LocLabels:ovs.account.Button32.Button.Mscrm.Form.account.AddToList.LabelText" Sequence="68" TemplateAlias="o1" ToolTipTitle="$LocLabels:ovs.account.Button32.Button.Mscrm.Form.account.AddToList.ToolTipTitle" ToolTipDescription="$LocLabels:ovs.account.Button32.Button.Mscrm.Form.account.AddToList.ToolTipDescription" ModernImage="BulletListAdd" />
            </CommandUIDefinition>
          </CustomAction>
          <CustomAction Id="ovs.account.Button33.Button.Mscrm.Form.account.Delete.CustomAction" Location="Mscrm.Form.account.MainTab.Save.Controls._children" Sequence="67">
            <CommandUIDefinition>
              <Button Alt="$Resources:Ribbon.HomepageGrid.MainTab.Management.Delete" Command="Mscrm.DeletePrimaryRecord" Id="ovs.account.Button33.Button.Mscrm.Form.account.Delete" Image32by32="/_imgs/Workplace/remove_32.png" Image16by16="/_imgs/ribbon/delete16.png" LabelText="$Resources:Ribbon.HomepageGrid.MainTab.Management.Delete" Sequence="67" TemplateAlias="o1" ToolTipTitle="$Resources:Mscrm_Form_Other_MainTab_Management_Delete_ToolTipTitle" ToolTipDescription="$Resources(EntityPluralDisplayName):Ribbon.Tooltip.Delete" ModernImage="Remove" />
            </CommandUIDefinition>
          </CustomAction>
          <CustomAction Id="ovs.account.Button35.Button.Mscrm.SubGrid.account.AddNewStandard.CustomAction" Location="Mscrm.SubGrid.account.MainTab.Management.Controls._children" Sequence="0">
            <CommandUIDefinition>
              <Button Alt="$Resources(EntityDisplayName):Ribbon.SubGrid.AddNew" Command="Mscrm.AddNewRecordFromSubGridStandard" Id="ovs.account.Button35.Button.Mscrm.SubGrid.account.AddNewStandard" Image32by32="/_imgs/ribbon/newrecord32.png" Image16by16="/_imgs/ribbon/New_16.png" LabelText="$LocLabels:ovs.account.Button35.Button.Mscrm.SubGrid.account.AddNewStandard.LabelText" Sequence="0" TemplateAlias="o1" ToolTipTitle="$Resources(EntityDisplayName):Mscrm_SubGrid_EntityLogicalName_MainTab_Management_AddNewStandard_ToolTipTitle" ToolTipDescription="$Resources(EntityDisplayName):Mscrm_SubGrid_EntityLogicalName_MainTab_Management_AddNewStandard_ToolTipDescription" ModernImage="New" />
            </CommandUIDefinition>
          </CustomAction>
          <CustomAction Id="ovs.account.Button37.Button.Form.account.CustomDeactivate.CustomAction" Location="Mscrm.Form.account.MainTab.Save.Controls._children" Sequence="50">
            <CommandUIDefinition>
              <Button Alt="$Resources:Ribbon.HomepageGrid.account.Record.Status.Deactivate" Command="ovs.account.Command.Form.Deactivate" Id="ovs.account.Button37.Button.Form.account.CustomDeactivate" Image32by32="/_imgs/ribbon/Deactivate_32.png" Image16by16="/_imgs/ribbon/Deactivate_16.png" LabelText="$Resources:Ribbon.HomepageGrid.account.Record.Status.Deactivate" Sequence="50" TemplateAlias="o1" ToolTipTitle="$Resources:Ribbon.HomepageGrid.account.Record.Status.Deactivate" ToolTipDescription="$LocLabels:ovs.account.Button37.Button.Form.account.CustomDeactivate.ToolTipDescription" ModernImage="DeActivate" />
            </CommandUIDefinition>
          </CustomAction>
          <CustomAction Id="ovs.account.Button4.Button.Mscrm.HomepageGrid.account.Deactivate.CustomAction" Location="Mscrm.HomepageGrid.account.MainTab.Management.Controls._children" Sequence="28">
            <CommandUIDefinition>
              <Button Alt="$Resources:Ribbon.HomepageGrid.account.Record.Status.Deactivate" Command="Mscrm.HomepageGrid.Deactivate" Id="ovs.account.Button4.Button.Mscrm.HomepageGrid.account.Deactivate" Image32by32="/_imgs/ribbon/Deactivate_32.png" Image16by16="/_imgs/ribbon/Deactivate_16.png" LabelText="$Resources:Ribbon.HomepageGrid.account.Record.Status.Deactivate" Sequence="28" TemplateAlias="o2" ToolTipTitle="$Resources:Ribbon.HomepageGrid.account.Record.Status.Deactivate" ToolTipDescription="$Resources(EntityPluralDisplayName):Ribbon.Tooltip.Deactivate" ModernImage="DeActivate" />
            </CommandUIDefinition>
          </CustomAction>
          <CustomAction Id="ovs.account.Button6.Button.Mscrm.HomepageGrid.account.Sharing.CustomAction" Location="Mscrm.HomepageGrid.account.MainTab.Management.Controls._children" Sequence="33">
            <CommandUIDefinition>
              <Button Alt="$Resources:Ribbon.HomepageGrid.MainTab.Actions.Sharing" Command="Mscrm.ShareSelectedRecord" Id="ovs.account.Button6.Button.Mscrm.HomepageGrid.account.Sharing" Image32by32="/_imgs/ribbon/Sharing_32.png" Image16by16="/_imgs/ribbon/Share_16.png" LabelText="$Resources:Ribbon.HomepageGrid.MainTab.Actions.Sharing" Sequence="33" TemplateAlias="o2" ToolTipTitle="$Resources:Ribbon.HomepageGrid.MainTab.Actions.Sharing" ToolTipDescription="$Resources(EntityPluralDisplayName):Ribbon.Tooltip.Share" ModernImage="Share" />
            </CommandUIDefinition>
          </CustomAction>
          <CustomAction Id="ovs.account.Button8.Button.Mscrm.HomepageGrid.account.FollowButton.CustomAction" Location="Mscrm.HomepageGrid.account.MainTab.Management.Controls._children" Sequence="40">
            <CommandUIDefinition>
              <Button Command="Mscrm.HomepageGrid.FollowCommand" Id="ovs.account.Button8.Button.Mscrm.HomepageGrid.account.FollowButton" Image32by32="/_imgs/ribbon/Entity32_8003.png" Image16by16="/_imgs/ribbon/Entity16_8003.png" LabelText="$LocLabels:ovs.account.Button8.Button.Mscrm.HomepageGrid.account.FollowButton.LabelText" Sequence="40" TemplateAlias="o2" ToolTipTitle="$LocLabels:ovs.account.Button8.Button.Mscrm.HomepageGrid.account.FollowButton.ToolTipTitle" ToolTipDescription="$LocLabels:ovs.account.Button8.Button.Mscrm.HomepageGrid.account.FollowButton.ToolTipDescription" ModernImage="RatingEmpty" />
            </CommandUIDefinition>
          </CustomAction>
          <CustomAction Id="ovs.account.Button9.Button.Mscrm.HomepageGrid.account.Assign.CustomAction" Location="Mscrm.HomepageGrid.account.MainTab.Management.Controls._children" Sequence="45">
            <CommandUIDefinition>
              <Button Alt="$Resources:Ribbon.HomepageGrid.MainTab.Actions.Assign" Command="Mscrm.AssignSelectedRecord" Id="ovs.account.Button9.Button.Mscrm.HomepageGrid.account.Assign" Image32by32="/_imgs/ribbon/Assign_32.png" Image16by16="/_imgs/ribbon/Assign_16.png" LabelText="$Resources:Ribbon.HomepageGrid.MainTab.Actions.Assign" Sequence="45" TemplateAlias="o2" ToolTipTitle="$Resources:Ribbon.HomepageGrid.MainTab.Actions.Assign" ToolTipDescription="$Resources(EntityPluralDisplayName):Ribbon.Tooltip.Assign" ModernImage="Assign" />
            </CommandUIDefinition>
          </CustomAction>
          <HideCustomAction HideActionId="ovs.Mscrm.Form.account.AddToList.Hide" Location="Mscrm.Form.account.AddToList" />
          <HideCustomAction HideActionId="ovs.Mscrm.Form.account.Assign.Hide" Location="Mscrm.Form.account.Assign" />
          <HideCustomAction HideActionId="ovs.Mscrm.Form.account.Deactivate.Hide" Location="Mscrm.Form.account.Deactivate" />
          <HideCustomAction HideActionId="ovs.Mscrm.Form.account.Delete.Hide" Location="Mscrm.Form.account.Delete" />
          <HideCustomAction HideActionId="ovs.Mscrm.Form.account.FollowButton.Hide" Location="Mscrm.Form.account.FollowButton" />
          <HideCustomAction HideActionId="ovs.Mscrm.Form.account.Permissions.Sharing.Hide" Location="Mscrm.Form.account.Permissions.Sharing" />
          <HideCustomAction HideActionId="ovs.Mscrm.Form.account.RefreshModernButton.Hide" Location="Mscrm.Form.account.RefreshModernButton" />
          <HideCustomAction HideActionId="ovs.Mscrm.Form.account.SendSelected.Hide" Location="Mscrm.Form.account.SendSelected" />
          <HideCustomAction HideActionId="ovs.Mscrm.Form.account.ViewOrgChart.Hide" Location="Mscrm.Form.account.ViewOrgChart" />
          <HideCustomAction HideActionId="ovs.Mscrm.HomepageGrid.account.Assign.Hide" Location="Mscrm.HomepageGrid.account.Assign" />
          <HideCustomAction HideActionId="ovs.Mscrm.HomepageGrid.account.Deactivate.Hide" Location="Mscrm.HomepageGrid.account.Deactivate" />
          <HideCustomAction HideActionId="ovs.Mscrm.HomepageGrid.account.DeleteMenu.Hide" Location="Mscrm.HomepageGrid.account.DeleteMenu" />
          <HideCustomAction HideActionId="ovs.Mscrm.HomepageGrid.account.Edit.Hide" Location="Mscrm.HomepageGrid.account.Edit" />
          <HideCustomAction HideActionId="ovs.Mscrm.HomepageGrid.account.RefreshModernButton.Hide" Location="Mscrm.HomepageGrid.account.RefreshModernButton" />
          <HideCustomAction HideActionId="ovs.Mscrm.HomepageGrid.account.Send.Hide" Location="Mscrm.HomepageGrid.account.Send" />
          <HideCustomAction HideActionId="ovs.Mscrm.HomepageGrid.account.Sharing.Hide" Location="Mscrm.HomepageGrid.account.Sharing" />
          <CustomAction Id="ovs.Mscrm.SubGrid.account.AddExistingStandard.CustomAction" Location="Mscrm.SubGrid.account.MainTab.Management.Controls._children" Sequence="30">
            <CommandUIDefinition>
              <Button Alt="$Resources(EntityDisplayName):Ribbon.SubGrid.AddExisting" Command="Mscrm.AddExistingRecordFromSubGridStandard" Id="Mscrm.SubGrid.account.AddExistingStandard" Image32by32="/_imgs/ribbon/AddExistingStandard_32.png" Image16by16="/_imgs/ribbon/AddExistingStandard_16.png" LabelText="$LocLabels:Mscrm.SubGrid.account.AddExistingStandard.LabelText" Sequence="30" TemplateAlias="o1" ToolTipTitle="$Resources(EntityDisplayName):Mscrm_SubGrid_EntityLogicalName_MainTab_Management_AddExistingStandard_ToolTipTitle" ToolTipDescription="$Resources(EntityDisplayName):Mscrm_SubGrid_EntityLogicalName_MainTab_Management_AddExistingStandard_ToolTipDescription" ModernImage="AddExisting" />
            </CommandUIDefinition>
          </CustomAction>
          <HideCustomAction HideActionId="ovs.Mscrm.SubGrid.account.AddNewStandard.Hide" Location="Mscrm.SubGrid.account.AddNewStandard" />
          <HideCustomAction HideActionId="ovs.Mscrm.SubGrid.account.Deactivate.Hide" Location="Mscrm.SubGrid.account.Deactivate" />
        </CustomActions>
        <Templates>
          <RibbonTemplates Id="Mscrm.Templates"></RibbonTemplates>
        </Templates>
        <CommandDefinitions>
          <CommandDefinition Id="Mscrm.AddNewRecordFromSubGridStandard">
            <EnableRules>
              <EnableRule Id="Mscrm.AppendToPrimary" />
              <EnableRule Id="Mscrm.EntityFormIsEnabled" />
              <EnableRule Id="Mscrm.IsEntityAvailableForUserInMocaOffline" />
            </EnableRules>
            <DisplayRules>
              <DisplayRule Id="ovs.account.DisplayRule0.HideAddNewSubGridStandardWhenOnAccount" />
            </DisplayRules>
            <Actions>
              <JavaScriptFunction FunctionName="XrmCore.Commands.Open.addNewFromSubGridStandard" Library="$webresource:Main_system_library.js">
                <CrmParameter Value="SelectedEntityTypeName" />
                <CrmParameter Value="PrimaryEntityTypeName" />
                <CrmParameter Value="FirstPrimaryItemId" />
                <CrmParameter Value="PrimaryControl" />
                <CrmParameter Value="SelectedControl" />
              </JavaScriptFunction>
            </Actions>
          </CommandDefinition>
          <CommandDefinition Id="Mscrm.Form.Deactivate">
            <EnableRules>
              <EnableRule Id="Mscrm.CanWritePrimary" />
              <EnableRule Id="ovs.account.EnableRule.HideOOBDeactivationButton" />
            </EnableRules>
            <DisplayRules>
              <DisplayRule Id="Mscrm.CanWritePrimary" />
              <DisplayRule Id="Mscrm.PrimaryIsActive" />
              <DisplayRule Id="Mscrm.PrimaryEntityHasStatecode" />
              <DisplayRule Id="Mscrm.PrimaryIsNotActivity" />
            </DisplayRules>
            <Actions>
              <JavaScriptFunction FunctionName="Mscrm.CommandBarActions.changeState" Library="/_static/_common/scripts/CommandBarActions.js">
                <StringParameter Value="deactivate" />
                <CrmParameter Value="FirstPrimaryItemId" />
                <CrmParameter Value="PrimaryEntityTypeName" />
              </JavaScriptFunction>
            </Actions>
          </CommandDefinition>
          <CommandDefinition Id="Mscrm.HomepageGrid.Deactivate">
            <EnableRules>
              <EnableRule Id="Mscrm.VisualizationPaneNotMaximized" />
              <EnableRule Id="Mscrm.SelectionCountAtLeastOne" />
              <EnableRule Id="ovs.account.EnableRule.HideOOBDeactivationButton" />
            </EnableRules>
            <DisplayRules>
              <DisplayRule Id="Mscrm.CanWriteSelected" />
              <DisplayRule Id="Mscrm.SelectedEntityHasStatecode" />
            </DisplayRules>
            <Actions>
              <JavaScriptFunction FunctionName="XrmCore.Commands.Deactivate.deactivateRecords" Library="$webresource:Main_system_library.js">
                <CrmParameter Value="SelectedControl" />
                <CrmParameter Value="SelectedControlSelectedItemReferences" />
                <CrmParameter Value="SelectedEntityTypeName" />
              </JavaScriptFunction>
            </Actions>
          </CommandDefinition>
          <CommandDefinition Id="ovs.account.Button41.Button.ovs.account.Button4.Button.Mscrm.HomepageGrid.account.Deactivate">
            <EnableRules>
              <EnableRule Id="Mscrm.VisualizationPaneNotMaximized" />
              <EnableRule Id="Mscrm.SelectionCountAtLeastOne" />
              <EnableRule Id="ovs.account.EnableRule.Custom_Security Role_TDG_QA" />
              <EnableRule Id="ovs.account.EnableRule.HomePageGreed.IsActiveWO" />
            </EnableRules>
            <DisplayRules>
              <DisplayRule Id="Mscrm.CanWriteSelected" />
              <DisplayRule Id="Mscrm.SelectedEntityHasStatecode" />
            </DisplayRules>
            <Actions>
              <JavaScriptFunction FunctionName="XrmCore.Commands.Deactivate.deactivateRecords" Library="$webresource:Main_system_library.js">
                <CrmParameter Value="SelectedControl" />
                <CrmParameter Value="SelectedControlSelectedItemReferences" />
                <CrmParameter Value="SelectedEntityTypeName" />
              </JavaScriptFunction>
            </Actions>
          </CommandDefinition>
          <CommandDefinition Id="ovs.account.Command.Form.Deactivate">
            <EnableRules>
              <EnableRule Id="Mscrm.CanWritePrimary" />
              <EnableRule Id="ovs.account.EnableRule.Custom_Security Role_TDG_QA" />
              <EnableRule Id="ovs.account.EnableRule.IsActiveWO" />
            </EnableRules>
            <DisplayRules>
              <DisplayRule Id="Mscrm.CanWritePrimary" />
              <DisplayRule Id="Mscrm.PrimaryIsActive" />
              <DisplayRule Id="Mscrm.PrimaryEntityHasStatecode" />
              <DisplayRule Id="Mscrm.PrimaryIsNotActivity" />
            </DisplayRules>
            <Actions>
              <JavaScriptFunction FunctionName="AccountRibbon.overridedeactivatebtn" Library="$webresource:ovs_AccountTDG_Ribbons.js">
                <StringParameter Value="deactivate" />
                <CrmParameter Value="FirstPrimaryItemId" />
                <CrmParameter Value="PrimaryEntityTypeName" />
                <CrmParameter Value="PrimaryControl" />
              </JavaScriptFunction>
            </Actions>
          </CommandDefinition>
        </CommandDefinitions>
        <RuleDefinitions>
          <TabDisplayRules />
          <DisplayRules>
            <DisplayRule Id="Mscrm.CanWritePrimary">
              <EntityPrivilegeRule PrivilegeType="Write" PrivilegeDepth="Basic" AppliesTo="PrimaryEntity" />
            </DisplayRule>
            <DisplayRule Id="Mscrm.CanWriteSelected">
              <EntityPrivilegeRule PrivilegeType="Write" PrivilegeDepth="Basic" AppliesTo="SelectedEntity" />
            </DisplayRule>
            <DisplayRule Id="Mscrm.PrimaryEntityHasStatecode">
              <EntityPropertyRule AppliesTo="PrimaryEntity" PropertyName="HasStateCode" PropertyValue="true" />
            </DisplayRule>
            <DisplayRule Id="Mscrm.PrimaryIsActive">
              <FormStateRule State="Existing" />
            </DisplayRule>
            <DisplayRule Id="Mscrm.PrimaryIsNotActivity">
              <EntityPropertyRule AppliesTo="PrimaryEntity" PropertyName="IsActivity" PropertyValue="false" />
            </DisplayRule>
            <DisplayRule Id="Mscrm.SelectedEntityHasStatecode">
              <EntityPropertyRule AppliesTo="SelectedEntity" PropertyName="HasStateCode" PropertyValue="true" />
            </DisplayRule>
            <DisplayRule Id="ovs.account.DisplayRule0.HideAddNewSubGridStandardWhenOnAccount">
              <EntityRule EntityName="account" AppliesTo="PrimaryEntity" Context="SubGridStandard" Default="true" InvertResult="false" />
            </DisplayRule>
          </DisplayRules>
          <EnableRules>
            <EnableRule Id="Mscrm.AppendToPrimary">
              <RecordPrivilegeRule PrivilegeType="AppendTo" AppliesTo="PrimaryEntity" />
            </EnableRule>
            <EnableRule Id="Mscrm.CanWritePrimary">
              <RecordPrivilegeRule PrivilegeType="Write" AppliesTo="PrimaryEntity" />
            </EnableRule>
            <EnableRule Id="Mscrm.EntityFormIsEnabled">
              <FormStateRule State="Disabled" InvertResult="true" />
            </EnableRule>
            <EnableRule Id="Mscrm.IsEntityAvailableForUserInMocaOffline">
              <CustomRule FunctionName="XrmCore.Rules.Online.IsEntityAvailableForUserInMocaOffline" Library="$webresource:Main_system_library.js">
                <CrmParameter Value="SelectedEntityTypeName" />
              </CustomRule>
            </EnableRule>
            <EnableRule Id="Mscrm.SelectionCountAtLeastOne">
              <SelectionCountRule AppliesTo="SelectedEntity" Minimum="1" />
            </EnableRule>
            <EnableRule Id="Mscrm.VisualizationPaneNotMaximized">
              <OrRule>
                <Or>
                  <CommandClientTypeRule Type="Modern" />
                </Or>
                <Or>
                  <CustomRule FunctionName="Mscrm.GridCommandActions.disableButtonsWhenChartMaximized" Library="/_static/_common/scripts/CommandBarActions.js">
                    <CrmParameter Value="SelectedControl" />
                  </CustomRule>
                </Or>
              </OrRule>
            </EnableRule>
            <EnableRule Id="ovs.account.EnableRule.Custom_Security Role_TDG_QA">
              <FormStateRule State="Existing" Default="false" />
              <CustomRule FunctionName="AccountRibbon.isTDG_QA" Library="$webresource:ovs_AccountTDG_Ribbons.js" Default="false">
                <CrmParameter Value="PrimaryControl" />
              </CustomRule>
            </EnableRule>
            <EnableRule Id="ovs.account.EnableRule.HideOOBDeactivationButton">
              <CustomRule FunctionName="HideOOBDeactivationButton" Library="$webresource:ovs_AccountTDG_Ribbons.js" Default="false">
                <CrmParameter Value="PrimaryControl" />
              </CustomRule>
            </EnableRule>
            <EnableRule Id="ovs.account.EnableRule.HomePageGreed.IsActiveWO">
              <FormStateRule State="Existing" Default="false" />
              <CustomRule FunctionName="AccountRibbon.isActiveWorkOrder" Library="$webresource:ovs_AccountTDG_Ribbons.js" Default="true" InvertResult="false">
                <CrmParameter Value="SelectedControl" />
              </CustomRule>
            </EnableRule>
            <EnableRule Id="ovs.account.EnableRule.IsActiveWO">
              <FormStateRule State="Existing" Default="false" />
              <CustomRule FunctionName="AccountRibbon.isActiveWorkOrder" Library="$webresource:ovs_AccountTDG_Ribbons.js" Default="false">
                <CrmParameter Value="PrimaryControl" />
              </CustomRule>
            </EnableRule>
          </EnableRules>
        </RuleDefinitions>
        <LocLabels>
          <LocLabel Id="Mscrm.SubGrid.account.AddExistingStandard.LabelText">
            <Titles>
              <Title description="Add Existing Site" languagecode="1033" />
            </Titles>
          </LocLabel>
          <LocLabel Id="ovs.account.Button2.Button.Mscrm.HomepageGrid.account.RefreshModernButton.LabelText">
            <Titles>
              <Title description="Refresh" languagecode="1033" />
              <Title description="Actualiser" languagecode="1036" />
            </Titles>
          </LocLabel>
          <LocLabel Id="ovs.account.Button29.Button.Mscrm.Form.account.FollowButton.LabelText">
            <Titles>
              <Title description="Follow" languagecode="1033" />
              <Title description="Suivre" languagecode="1036" />
            </Titles>
          </LocLabel>
          <LocLabel Id="ovs.account.Button29.Button.Mscrm.Form.account.FollowButton.ToolTipDescription">
            <Titles>
              <Title description="Click to follow this record." languagecode="1033" />
              <Title description="Cliquez pour suivre cet enregistrement." languagecode="1036" />
            </Titles>
          </LocLabel>
          <LocLabel Id="ovs.account.Button29.Button.Mscrm.Form.account.FollowButton.ToolTipTitle">
            <Titles>
              <Title description="Follow" languagecode="1033" />
              <Title description="Suivre" languagecode="1036" />
            </Titles>
          </LocLabel>
          <LocLabel Id="ovs.account.Button31.Button.Mscrm.Form.account.ViewOrgChart.Alt">
            <Titles>
              <Title description="Open Org Chart" languagecode="1033" />
              <Title description="Ouvrir le graphique de l’organisation" languagecode="1036" />
            </Titles>
          </LocLabel>
          <LocLabel Id="ovs.account.Button31.Button.Mscrm.Form.account.ViewOrgChart.LabelText">
            <Titles>
              <Title description="Open Org Chart" languagecode="1033" />
              <Title description="Ouvrir le graphique de l’organisation" languagecode="1036" />
            </Titles>
          </LocLabel>
          <LocLabel Id="ovs.account.Button31.Button.Mscrm.Form.account.ViewOrgChart.ToolTipDescription">
            <Titles>
              <Title description="View and edit the relationship hierarchy for this account" languagecode="1033" />
              <Title description="Afficher et modifier la hiérarchie des relations pour ce compte" languagecode="1036" />
            </Titles>
          </LocLabel>
          <LocLabel Id="ovs.account.Button31.Button.Mscrm.Form.account.ViewOrgChart.ToolTipTitle">
            <Titles>
              <Title description="Open Org Chart" languagecode="1033" />
              <Title description="Ouvrir le graphique de l’organisation" languagecode="1036" />
            </Titles>
          </LocLabel>
          <LocLabel Id="ovs.account.Button32.Button.Mscrm.Form.account.AddToList.Alt">
            <Titles>
              <Title description="Add to Marketing List" languagecode="1033" />
              <Title description="Ajouter à la liste de marketing" languagecode="1036" />
            </Titles>
          </LocLabel>
          <LocLabel Id="ovs.account.Button32.Button.Mscrm.Form.account.AddToList.LabelText">
            <Titles>
              <Title description="Add to Marketing List" languagecode="1033" />
              <Title description="Ajouter à la liste de marketing" languagecode="1036" />
            </Titles>
          </LocLabel>
          <LocLabel Id="ovs.account.Button32.Button.Mscrm.Form.account.AddToList.ToolTipDescription">
            <Titles>
              <Title description="Add this {0} to a new or existing marketing list." languagecode="1033" />
              <Title description="Ajouter ce {0} à une liste de marketing nouvelle ou existante." languagecode="1036" />
            </Titles>
          </LocLabel>
          <LocLabel Id="ovs.account.Button32.Button.Mscrm.Form.account.AddToList.ToolTipTitle">
            <Titles>
              <Title description="Add to Marketing List" languagecode="1033" />
              <Title description="Ajouter à la liste de marketing" languagecode="1036" />
            </Titles>
          </LocLabel>
          <LocLabel Id="ovs.account.Button35.Button.Mscrm.SubGrid.account.AddNewStandard.LabelText">
            <Titles>
              <Title description="New Site" languagecode="1033" />
            </Titles>
          </LocLabel>
          <LocLabel Id="ovs.account.Button37.Button.Form.account.CustomDeactivate.ToolTipDescription">
            <Titles>
              <Title description="Deactivate these {0}. &lt;br&gt;&lt;br&gt;You can reactivate these {0} from the Inactive {0} View." languagecode="1033" />
            </Titles>
          </LocLabel>
          <LocLabel Id="ovs.account.Button8.Button.Mscrm.HomepageGrid.account.FollowButton.LabelText">
            <Titles>
              <Title description="Follow" languagecode="1033" />
              <Title description="Suivre" languagecode="1036" />
            </Titles>
          </LocLabel>
          <LocLabel Id="ovs.account.Button8.Button.Mscrm.HomepageGrid.account.FollowButton.ToolTipDescription">
            <Titles>
              <Title description="Click to follow the selected records." languagecode="1033" />
              <Title description="Cliquez pour suivre les enregistrements sélectionnés." languagecode="1036" />
            </Titles>
          </LocLabel>
          <LocLabel Id="ovs.account.Button8.Button.Mscrm.HomepageGrid.account.FollowButton.ToolTipTitle">
            <Titles>
              <Title description="Follow" languagecode="1033" />
              <Title description="Suivre" languagecode="1036" />
            </Titles>
          </LocLabel>
        </LocLabels>
      </RibbonDiffXml>
    </Entity>
  </Entities>
  <Roles></Roles>
  <Workflows></Workflows>
  <FieldSecurityProfiles></FieldSecurityProfiles>
  <Templates />
  <EntityMaps />
  <EntityRelationships />
  <OrganizationSettings />
  <optionsets />
  <CustomControls />
  <EntityDataProviders />
  <Languages>
    <Language>1033</Language>
    <Language>1036</Language>
  </Languages>
</ImportExportXml>