<ImportExportXml version="9.2.21013.131" SolutionPackageVersion="9.2" languagecode="1033" generatedBy="CrmLive" xmlns:xsi="http://www.w3.org/2001/XMLSchema-instance">
  <SolutionManifest>
    <UniqueName>TC_GlobalCore_Patch_389d7c7f</UniqueName>
    <LocalizedNames>
      <LocalizedName description="TC.GlobalCore" languagecode="1033" />
      <LocalizedName description="TC.GlobalCore" languagecode="1036" />
    </LocalizedNames>
    <Descriptions>
      <Description description="Patch for TC.GlobalCore" languagecode="1033" />
      <Description description="Patch for TC.GlobalCore" languagecode="1036" />
    </Descriptions>
    <ParentUniqueName>TC_GlobalCore</ParentUniqueName>
    <Version>4.4.1.3</Version>
    <Managed>1</Managed>
    <Publisher>
      <UniqueName>oversightpublisher</UniqueName>
      <LocalizedNames>
        <LocalizedName description="Oversight" languagecode="1033" />
      </LocalizedNames>
      <Descriptions>
        <Description description="This is the common solution for AvSec Inspection and TDG Inspection." languagecode="1033" />
      </Descriptions>
      <EMailAddress xsi:nil="true"></EMailAddress>
      <SupportingWebsiteUrl xsi:nil="true"></SupportingWebsiteUrl>
      <CustomizationPrefix>ovs</CustomizationPrefix>
      <CustomizationOptionValuePrefix>91864</CustomizationOptionValuePrefix>
      <Addresses>
        <Address>
          <AddressNumber>1</AddressNumber>
          <AddressTypeCode>1</AddressTypeCode>
          <City xsi:nil="true"></City>
          <County xsi:nil="true"></County>
          <Country xsi:nil="true"></Country>
          <Fax xsi:nil="true"></Fax>
          <FreightTermsCode xsi:nil="true"></FreightTermsCode>
          <ImportSequenceNumber xsi:nil="true"></ImportSequenceNumber>
          <Latitude xsi:nil="true"></Latitude>
          <Line1 xsi:nil="true"></Line1>
          <Line2 xsi:nil="true"></Line2>
          <Line3 xsi:nil="true"></Line3>
          <Longitude xsi:nil="true"></Longitude>
          <Name xsi:nil="true"></Name>
          <PostalCode xsi:nil="true"></PostalCode>
          <PostOfficeBox xsi:nil="true"></PostOfficeBox>
          <PrimaryContactName xsi:nil="true"></PrimaryContactName>
          <ShippingMethodCode>1</ShippingMethodCode>
          <StateOrProvince xsi:nil="true"></StateOrProvince>
          <Telephone1 xsi:nil="true"></Telephone1>
          <Telephone2 xsi:nil="true"></Telephone2>
          <Telephone3 xsi:nil="true"></Telephone3>
          <TimeZoneRuleVersionNumber xsi:nil="true"></TimeZoneRuleVersionNumber>
          <UPSZone xsi:nil="true"></UPSZone>
          <UTCOffset xsi:nil="true"></UTCOffset>
          <UTCConversionTimeZoneCode xsi:nil="true"></UTCConversionTimeZoneCode>
        </Address>
        <Address>
          <AddressNumber>2</AddressNumber>
          <AddressTypeCode>1</AddressTypeCode>
          <City xsi:nil="true"></City>
          <County xsi:nil="true"></County>
          <Country xsi:nil="true"></Country>
          <Fax xsi:nil="true"></Fax>
          <FreightTermsCode xsi:nil="true"></FreightTermsCode>
          <ImportSequenceNumber xsi:nil="true"></ImportSequenceNumber>
          <Latitude xsi:nil="true"></Latitude>
          <Line1 xsi:nil="true"></Line1>
          <Line2 xsi:nil="true"></Line2>
          <Line3 xsi:nil="true"></Line3>
          <Longitude xsi:nil="true"></Longitude>
          <Name xsi:nil="true"></Name>
          <PostalCode xsi:nil="true"></PostalCode>
          <PostOfficeBox xsi:nil="true"></PostOfficeBox>
          <PrimaryContactName xsi:nil="true"></PrimaryContactName>
          <ShippingMethodCode>1</ShippingMethodCode>
          <StateOrProvince xsi:nil="true"></StateOrProvince>
          <Telephone1 xsi:nil="true"></Telephone1>
          <Telephone2 xsi:nil="true"></Telephone2>
          <Telephone3 xsi:nil="true"></Telephone3>
          <TimeZoneRuleVersionNumber xsi:nil="true"></TimeZoneRuleVersionNumber>
          <UPSZone xsi:nil="true"></UPSZone>
          <UTCOffset xsi:nil="true"></UTCOffset>
          <UTCConversionTimeZoneCode xsi:nil="true"></UTCConversionTimeZoneCode>
        </Address>
      </Addresses>
    </Publisher>
    <RootComponents>
      <RootComponent type="1" schemaName="msdyn_workorderservicetask" behavior="1" />
      <RootComponent type="1" schemaName="qm_sytemplate" behavior="1" />
      <RootComponent type="60" id="{5e40ccd7-d32a-eb11-a813-000d3af3a7a7}" />
      <RootComponent type="60" id="{941a4cdd-5d5c-4dde-ab60-7ff85737cee6}" />
      <RootComponent type="61" schemaName="qm_app.css" behavior="0" />
      <RootComponent type="61" schemaName="qm_app.js" behavior="0" />
      <RootComponent type="61" schemaName="qm_builder.html" behavior="0" />
      <RootComponent type="61" schemaName="qm_chunk-vendors.css" behavior="0" />
      <RootComponent type="61" schemaName="qm_chunk-vendors.js" behavior="0" />
      <RootComponent type="61" schemaName="qm_favicon.ico" behavior="0" />
      <RootComponent type="61" schemaName="qm_globalHelper.js" behavior="0" />
      <RootComponent type="61" schemaName="qm_questionnaireFunctions.js" behavior="0" />
      <RootComponent type="61" schemaName="qm_render.html" behavior="0" />
      <RootComponent type="61" schemaName="qm_serviceTaskForm.js" behavior="0" />
      <RootComponent type="61" schemaName="qm_ServiceTask_Ribbons.js" behavior="0" />
      <RootComponent type="61" schemaName="qm_templateForm.js" behavior="0" />
    </RootComponents>
    <MissingDependencies>
      <MissingDependency>
        <Required key="0" type="1" schemaName="msdyn_workorderservicetask" displayName="Work Order Service Task" solution="FieldService (8.8.0.88)" />
        <Dependent key="0" type="1" schemaName="msdyn_workorderservicetask" displayName="Work Order Service Task" />
      </MissingDependency>
      <MissingDependency>
        <Required key="1" type="61" schemaName="msdyn_/Icons/Entity/WorkOrder_16.png" displayName="msdyn_/Icons/Entity/WorkOrder_16.png" solution="FieldService (8.8.0.88)" />
        <Dependent key="0" type="1" schemaName="msdyn_workorderservicetask" displayName="Work Order Service Task" />
      </MissingDependency>
      <MissingDependency>
        <Required key="2" type="61" schemaName="msdyn_/Icons/Entity/WorkOrder_32/_imgs/NavBar/Invisible.gif" displayName="msdyn_/Icons/Entity/WorkOrder_32/_imgs/NavBar/Invisible.gif" solution="FieldService (8.8.0.88)" />
        <Dependent key="0" type="1" schemaName="msdyn_workorderservicetask" displayName="Work Order Service Task" />
      </MissingDependency>
      <MissingDependency>
        <Required key="3" type="1" schemaName="qm_sytemplate" displayName="Template" solution="Active" />
        <Dependent key="3" type="1" schemaName="qm_sytemplate" displayName="Template" />
      </MissingDependency>
      <MissingDependency>
        <Required key="4" type="1" schemaName="msdyn_workorder" displayName="Work Order" solution="FieldService (8.8.0.88)" />
        <Dependent key="5" type="60" displayName="Tâche de service TMD" parentDisplayName="Work Order Service Task" id="{941a4cdd-5d5c-4dde-ab60-7ff85737cee6}" />
      </MissingDependency>
      <MissingDependency>
        <Required key="6" type="2" schemaName="ownerid" displayName="Owner" parentSchemaName="msdyn_workorderservicetask" parentDisplayName="Work Order Service Task" solution="Active" />
        <Dependent key="5" type="60" displayName="Tâche de service TMD" parentDisplayName="Work Order Service Task" id="{941a4cdd-5d5c-4dde-ab60-7ff85737cee6}" />
      </MissingDependency>
      <MissingDependency>
        <Required key="7" type="2" schemaName="msdyn_workorder" displayName="Work Order" parentSchemaName="msdyn_workorderservicetask" parentDisplayName="Work Order Service Task" solution="FieldService (8.8.0.88)" />
        <Dependent key="5" type="60" displayName="Tâche de service TMD" parentDisplayName="Work Order Service Task" id="{941a4cdd-5d5c-4dde-ab60-7ff85737cee6}" />
      </MissingDependency>
      <MissingDependency>
        <Required key="8" type="2" schemaName="msdyn_customerasset" displayName="Customer Asset" parentSchemaName="msdyn_workorderservicetask" parentDisplayName="Work Order Service Task" solution="FieldService (8.8.0.88)" />
        <Dependent key="5" type="60" displayName="Tâche de service TMD" parentDisplayName="Work Order Service Task" id="{941a4cdd-5d5c-4dde-ab60-7ff85737cee6}" />
      </MissingDependency>
      <MissingDependency>
        <Required key="9" type="2" schemaName="qm_isquestionnaireupdated" displayName="Is Questionnaire Updated" parentSchemaName="msdyn_workorderservicetask" parentDisplayName="Work Order Service Task" solution="Active" />
        <Dependent key="5" type="60" displayName="Tâche de service TMD" parentDisplayName="Work Order Service Task" id="{941a4cdd-5d5c-4dde-ab60-7ff85737cee6}" />
      </MissingDependency>
      <MissingDependency>
        <Required key="10" type="2" schemaName="msdyn_name" displayName="Name" parentSchemaName="msdyn_workorderservicetask" parentDisplayName="Work Order Service Task" solution="FieldService (8.8.0.88)" />
        <Dependent key="5" type="60" displayName="Tâche de service TMD" parentDisplayName="Work Order Service Task" id="{941a4cdd-5d5c-4dde-ab60-7ff85737cee6}" />
      </MissingDependency>
      <MissingDependency>
        <Required key="11" type="2" schemaName="msdyn_agreementbookingservicetask" displayName="Agreement Booking Service Task" parentSchemaName="msdyn_workorderservicetask" parentDisplayName="Work Order Service Task" solution="FieldService (8.8.0.88)" />
        <Dependent key="5" type="60" displayName="Tâche de service TMD" parentDisplayName="Work Order Service Task" id="{941a4cdd-5d5c-4dde-ab60-7ff85737cee6}" />
      </MissingDependency>
      <MissingDependency>
        <Required key="12" type="2" schemaName="msdyn_booking" displayName="Booking" parentSchemaName="msdyn_workorderservicetask" parentDisplayName="Work Order Service Task" solution="FieldService (8.8.0.88)" />
        <Dependent key="5" type="60" displayName="Tâche de service TMD" parentDisplayName="Work Order Service Task" id="{941a4cdd-5d5c-4dde-ab60-7ff85737cee6}" />
      </MissingDependency>
      <MissingDependency>
        <Required key="13" type="2" schemaName="msdyn_actualduration" displayName="Actual Duration" parentSchemaName="msdyn_workorderservicetask" parentDisplayName="Work Order Service Task" solution="FieldService (8.8.0.88)" />
        <Dependent key="5" type="60" displayName="Tâche de service TMD" parentDisplayName="Work Order Service Task" id="{941a4cdd-5d5c-4dde-ab60-7ff85737cee6}" />
      </MissingDependency>
      <MissingDependency>
        <Required key="14" type="2" schemaName="msdyn_description" displayName="Description" parentSchemaName="msdyn_workorderservicetask" parentDisplayName="Work Order Service Task" solution="FieldService (8.8.0.88)" />
        <Dependent key="5" type="60" displayName="Tâche de service TMD" parentDisplayName="Work Order Service Task" id="{941a4cdd-5d5c-4dde-ab60-7ff85737cee6}" />
      </MissingDependency>
      <MissingDependency>
        <Required key="15" type="2" schemaName="msdyn_workorderincident" displayName="Work Order Incident" parentSchemaName="msdyn_workorderservicetask" parentDisplayName="Work Order Service Task" solution="FieldService (8.8.0.88)" />
        <Dependent key="5" type="60" displayName="Tâche de service TMD" parentDisplayName="Work Order Service Task" id="{941a4cdd-5d5c-4dde-ab60-7ff85737cee6}" />
      </MissingDependency>
      <MissingDependency>
        <Required key="16" type="2" schemaName="msdyn_estimatedduration" displayName="Estimated Duration" parentSchemaName="msdyn_workorderservicetask" parentDisplayName="Work Order Service Task" solution="FieldService (8.8.0.88)" />
        <Dependent key="5" type="60" displayName="Tâche de service TMD" parentDisplayName="Work Order Service Task" id="{941a4cdd-5d5c-4dde-ab60-7ff85737cee6}" />
      </MissingDependency>
      <MissingDependency>
        <Required key="17" type="2" schemaName="msdyn_lineorder" displayName="Line Order" parentSchemaName="msdyn_workorderservicetask" parentDisplayName="Work Order Service Task" solution="FieldService (8.8.0.88)" />
        <Dependent key="5" type="60" displayName="Tâche de service TMD" parentDisplayName="Work Order Service Task" id="{941a4cdd-5d5c-4dde-ab60-7ff85737cee6}" />
      </MissingDependency>
      <MissingDependency>
        <Required key="18" type="2" schemaName="msdyn_inspectiontaskresult" displayName="Result" parentSchemaName="msdyn_workorderservicetask" parentDisplayName="Work Order Service Task" solution="msdyn_FieldService_patch_update (8.8.33.61)" />
        <Dependent key="5" type="60" displayName="Tâche de service TMD" parentDisplayName="Work Order Service Task" id="{941a4cdd-5d5c-4dde-ab60-7ff85737cee6}" />
      </MissingDependency>
      <MissingDependency>
        <Required key="19" type="2" schemaName="ovs_questionnaireresultjson" displayName="Questionnaire Result JSON" parentSchemaName="msdyn_workorderservicetask" parentDisplayName="Work Order Service Task" solution="Active" />
        <Dependent key="5" type="60" displayName="Tâche de service TMD" parentDisplayName="Work Order Service Task" id="{941a4cdd-5d5c-4dde-ab60-7ff85737cee6}" />
      </MissingDependency>
      <MissingDependency>
        <Required key="20" type="2" schemaName="statuscode" displayName="Status Reason" parentSchemaName="msdyn_workorderservicetask" parentDisplayName="Work Order Service Task" solution="FieldService (8.8.0.88)" />
        <Dependent key="5" type="60" displayName="Tâche de service TMD" parentDisplayName="Work Order Service Task" id="{941a4cdd-5d5c-4dde-ab60-7ff85737cee6}" />
      </MissingDependency>
      <MissingDependency>
        <Required key="21" type="2" schemaName="msdyn_tasktype" displayName="Task Type" parentSchemaName="msdyn_workorderservicetask" parentDisplayName="Work Order Service Task" solution="FieldService (8.8.0.88)" />
        <Dependent key="5" type="60" displayName="Tâche de service TMD" parentDisplayName="Work Order Service Task" id="{941a4cdd-5d5c-4dde-ab60-7ff85737cee6}" />
      </MissingDependency>
      <MissingDependency>
        <Required key="22" type="2" schemaName="msdyn_percentcomplete" displayName="% Complete" parentSchemaName="msdyn_workorderservicetask" parentDisplayName="Work Order Service Task" solution="FieldService (8.8.0.88)" />
        <Dependent key="5" type="60" displayName="Tâche de service TMD" parentDisplayName="Work Order Service Task" id="{941a4cdd-5d5c-4dde-ab60-7ff85737cee6}" />
      </MissingDependency>
      <MissingDependency>
        <Required key="23" type="2" schemaName="statecode" displayName="Status" parentSchemaName="msdyn_workorderservicetask" parentDisplayName="Work Order Service Task" solution="FieldService (8.8.0.88)" />
        <Dependent key="5" type="60" displayName="Tâche de service TMD" parentDisplayName="Work Order Service Task" id="{941a4cdd-5d5c-4dde-ab60-7ff85737cee6}" />
      </MissingDependency>
      <MissingDependency>
        <Required key="24" type="10" schemaName="msdyn_msdyn_workorder_msdyn_workorderservicetask_WorkOrder" displayName="msdyn_msdyn_workorder_msdyn_workorderservicetask_WorkOrder" parentSchemaName="msdyn_workorder" parentDisplayName="Work Order" solution="FieldService (8.8.0.88)" />
        <Dependent key="5" type="60" displayName="Tâche de service TMD" parentDisplayName="Work Order Service Task" id="{941a4cdd-5d5c-4dde-ab60-7ff85737cee6}" />
      </MissingDependency>
      <MissingDependency>
        <Required key="25" type="10" schemaName="msdyn_bookableresourcebooking_msdyn_workorderservicetask_Booking" displayName="msdyn_bookableresourcebooking_msdyn_workorderservicetask_Booking" parentSchemaName="bookableresourcebooking" parentDisplayName="Bookable Resource Booking" solution="FieldService (8.8.0.88)" />
        <Dependent key="5" type="60" displayName="Tâche de service TMD" parentDisplayName="Work Order Service Task" id="{941a4cdd-5d5c-4dde-ab60-7ff85737cee6}" />
      </MissingDependency>
      <MissingDependency>
        <Required key="26" type="10" schemaName="msdyn_msdyn_workorder_bookableresourcebooking_WorkOrder" displayName="msdyn_msdyn_workorder_bookableresourcebooking_WorkOrder" parentSchemaName="msdyn_workorder" parentDisplayName="Work Order" solution="FieldService (8.8.0.88)" />
        <Dependent key="5" type="60" displayName="Tâche de service TMD" parentDisplayName="Work Order Service Task" id="{941a4cdd-5d5c-4dde-ab60-7ff85737cee6}" />
      </MissingDependency>
      <MissingDependency>
        <Required key="27" type="10" schemaName="msdyn_msdyn_servicetasktype_msdyn_workorderservicetask_TaskType" displayName="msdyn_msdyn_servicetasktype_msdyn_workorderservicetask_TaskType" parentSchemaName="msdyn_servicetasktype" parentDisplayName="Service Task Type" solution="FieldService (8.8.0.88)" />
        <Dependent key="5" type="60" displayName="Tâche de service TMD" parentDisplayName="Work Order Service Task" id="{941a4cdd-5d5c-4dde-ab60-7ff85737cee6}" />
      </MissingDependency>
      <MissingDependency>
        <Required key="28" type="10" schemaName="msdyn_msdyn_workorder_msdyn_workorderincident_WorkOrder" displayName="msdyn_msdyn_workorder_msdyn_workorderincident_WorkOrder" parentSchemaName="msdyn_workorder" parentDisplayName="Work Order" solution="FieldService (8.8.0.88)" />
        <Dependent key="5" type="60" displayName="Tâche de service TMD" parentDisplayName="Work Order Service Task" id="{941a4cdd-5d5c-4dde-ab60-7ff85737cee6}" />
      </MissingDependency>
      <MissingDependency>
        <Required key="29" type="10" schemaName="msdyn_msdyn_customerasset_msdyn_workorderservicetask_CustomerAsset" displayName="msdyn_msdyn_customerasset_msdyn_workorderservicetask_CustomerAsset" parentSchemaName="msdyn_customerasset" parentDisplayName="Customer Asset" solution="FieldService (8.8.0.88)" />
        <Dependent key="5" type="60" displayName="Tâche de service TMD" parentDisplayName="Work Order Service Task" id="{941a4cdd-5d5c-4dde-ab60-7ff85737cee6}" />
      </MissingDependency>
      <MissingDependency>
        <Required key="30" type="10" schemaName="msdyn_msdyn_workorderincident_msdyn_workorderservicetask_WorkOrderIncident" displayName="msdyn_msdyn_workorderincident_msdyn_workorderservicetask_WorkOrderIncident" parentSchemaName="msdyn_workorderincident" parentDisplayName="Work Order Incident" solution="FieldService (8.8.0.88)" />
        <Dependent key="5" type="60" displayName="Tâche de service TMD" parentDisplayName="Work Order Service Task" id="{941a4cdd-5d5c-4dde-ab60-7ff85737cee6}" />
      </MissingDependency>
      <MissingDependency>
        <Required key="31" type="10" schemaName="msdyn_msdyn_agreementbookingservicetask_msdyn_workorderservicetask_AgreementBookingServiceTask" displayName="msdyn_msdyn_agreementbookingservicetask_msdyn_workorderservicetask_AgreementBookingServiceTask" parentSchemaName="msdyn_agreementbookingservicetask" parentDisplayName="Agreement Booking Service Task" solution="FieldService (8.8.0.88)" />
        <Dependent key="5" type="60" displayName="Tâche de service TMD" parentDisplayName="Work Order Service Task" id="{941a4cdd-5d5c-4dde-ab60-7ff85737cee6}" />
      </MissingDependency>
      <MissingDependency>
        <Required key="32" type="20" displayName="TDG Inspector" solution="Active" id="{ee57bd4f-ce3b-eb11-a813-000d3af3a7a7}" />
        <Dependent key="5" type="60" displayName="Tâche de service TMD" parentDisplayName="Work Order Service Task" id="{941a4cdd-5d5c-4dde-ab60-7ff85737cee6}" />
      </MissingDependency>
      <MissingDependency>
        <Required key="33" type="26" schemaName="Vue Recherche de type de tâche active relative aux services" displayName="Vue Recherche de type de tâche active relative aux services" parentSchemaName="msdyn_servicetasktype" parentDisplayName="Service Task Type" solution="FieldService (8.8.0.88)" id="{d7d451c8-8656-4bf5-98be-66263f412592}" />
        <Dependent key="5" type="60" displayName="Tâche de service TMD" parentDisplayName="Work Order Service Task" id="{941a4cdd-5d5c-4dde-ab60-7ff85737cee6}" />
      </MissingDependency>
      <MissingDependency>
        <Required key="34" type="26" schemaName="Vue Recherche de réservation de ressources pouvant être réservées" displayName="Vue Recherche de réservation de ressources pouvant être réservées" parentSchemaName="bookableresourcebooking" parentDisplayName="Bookable Resource Booking" solution="msdynce_Scheduling (9.0.0.0)" id="{c218571e-468c-4271-815f-811c72c2f338}" />
        <Dependent key="5" type="60" displayName="Tâche de service TMD" parentDisplayName="Work Order Service Task" id="{941a4cdd-5d5c-4dde-ab60-7ff85737cee6}" />
      </MissingDependency>
      <MissingDependency>
        <Required key="35" type="26" schemaName="Vue Recherche d'incidents d'ordres de travail" displayName="Vue Recherche d'incidents d'ordres de travail" parentSchemaName="msdyn_workorderincident" parentDisplayName="Work Order Incident" solution="FieldService (8.8.0.88)" id="{47f96161-081e-4885-b167-5267b44358e6}" />
        <Dependent key="5" type="60" displayName="Tâche de service TMD" parentDisplayName="Work Order Service Task" id="{941a4cdd-5d5c-4dde-ab60-7ff85737cee6}" />
      </MissingDependency>
      <MissingDependency>
        <Required key="36" type="26" schemaName="Vue Recherche de tâches de service de réservation de contrat" displayName="Vue Recherche de tâches de service de réservation de contrat" parentSchemaName="msdyn_agreementbookingservicetask" parentDisplayName="Agreement Booking Service Task" solution="FieldService (8.8.0.88)" id="{27c7984f-6236-4da9-8976-002e48453624}" />
        <Dependent key="5" type="60" displayName="Tâche de service TMD" parentDisplayName="Work Order Service Task" id="{941a4cdd-5d5c-4dde-ab60-7ff85737cee6}" />
      </MissingDependency>
      <MissingDependency>
        <Required key="37" type="60" displayName="Vue Aperçu Sites" parentDisplayName="Work Order" solution="Active" id="{948e0d30-ed86-407a-bca3-6beaf5a1c91e}" />
        <Dependent key="5" type="60" displayName="Tâche de service TMD" parentDisplayName="Work Order Service Task" id="{941a4cdd-5d5c-4dde-ab60-7ff85737cee6}" />
      </MissingDependency>
      <MissingDependency>
        <Required key="38" type="2" schemaName="qm_templatefnm" displayName="French Name" parentSchemaName="qm_sytemplate" parentDisplayName="Template" solution="Active" />
        <Dependent key="39" type="60" displayName="Gabarit" parentDisplayName="Template" id="{5e40ccd7-d32a-eb11-a813-000d3af3a7a7}" />
      </MissingDependency>
      <MissingDependency>
        <Required key="40" type="2" schemaName="qm_templatedescetxt" displayName="Description" parentSchemaName="qm_sytemplate" parentDisplayName="Template" solution="Active" />
        <Dependent key="39" type="60" displayName="Gabarit" parentDisplayName="Template" id="{5e40ccd7-d32a-eb11-a813-000d3af3a7a7}" />
      </MissingDependency>
      <MissingDependency>
        <Required key="41" type="2" schemaName="qm_templateenm" displayName="English Name" parentSchemaName="qm_sytemplate" parentDisplayName="Template" solution="Active" />
        <Dependent key="39" type="60" displayName="Gabarit" parentDisplayName="Template" id="{5e40ccd7-d32a-eb11-a813-000d3af3a7a7}" />
      </MissingDependency>
      <MissingDependency>
        <Required key="42" type="2" schemaName="qm_templatejsontxt" displayName="Template JSON" parentSchemaName="qm_sytemplate" parentDisplayName="Template" solution="Active" />
        <Dependent key="39" type="60" displayName="Gabarit" parentDisplayName="Template" id="{5e40ccd7-d32a-eb11-a813-000d3af3a7a7}" />
      </MissingDependency>
      <MissingDependency>
        <Required key="43" type="2" schemaName="qm_name" displayName="Name" parentSchemaName="qm_sytemplate" parentDisplayName="Template" solution="Active" />
        <Dependent key="39" type="60" displayName="Gabarit" parentDisplayName="Template" id="{5e40ccd7-d32a-eb11-a813-000d3af3a7a7}" />
      </MissingDependency>
      <MissingDependency>
        <Required key="44" type="2" schemaName="qm_templatedescftxt" displayName="French Description" parentSchemaName="qm_sytemplate" parentDisplayName="Template" solution="Active" />
        <Dependent key="39" type="60" displayName="Gabarit" parentDisplayName="Template" id="{5e40ccd7-d32a-eb11-a813-000d3af3a7a7}" />
      </MissingDependency>
      <MissingDependency>
        <Required key="45" type="20" displayName="Questionnaire Administrator" solution="Active" id="{4b00cd47-0217-eb11-a813-000d3af3ac0d}" />
        <Dependent key="39" type="60" displayName="Gabarit" parentDisplayName="Template" id="{5e40ccd7-d32a-eb11-a813-000d3af3a7a7}" />
      </MissingDependency>
    </MissingDependencies>
  </SolutionManifest>
</ImportExportXml>