<ImportExportXml version="9.2.24013.164" SolutionPackageVersion="9.2" languagecode="1033" generatedBy="CrmLive" xmlns:xsi="http://www.w3.org/2001/XMLSchema-instance">
  <SolutionManifest>
    <UniqueName>TC_GlobalCore_Patch_1f0fc87c</UniqueName>
    <LocalizedNames>
      <LocalizedName description="TDG Core Schema" languagecode="1033" />
    </LocalizedNames>
    <Descriptions>
      <Description description="Patch for TDG Core Schema" languagecode="1033" />
    </Descriptions>
    <ParentUniqueName>TC_GlobalCore</ParentUniqueName>
    <Version>1.159.23.0</Version>
    <Managed>0</Managed>
    <Publisher>
      <UniqueName>oversightpublisher</UniqueName>
      <LocalizedNames>
        <LocalizedName description="Oversight" languagecode="1033" />
      </LocalizedNames>
      <Descriptions>
        <Description description="This is the common solution for AvSec Inspection and TDG Inspection." languagecode="1033" />
      </Descriptions>
      <EMailAddress xsi:nil="true"></EMailAddress>
      <SupportingWebsiteUrl xsi:nil="true"></SupportingWebsiteUrl>
      <CustomizationPrefix>ovs</CustomizationPrefix>
      <CustomizationOptionValuePrefix>91864</CustomizationOptionValuePrefix>
      <Addresses>
        <Address>
          <AddressNumber>1</AddressNumber>
          <AddressTypeCode>1</AddressTypeCode>
          <City xsi:nil="true"></City>
          <County xsi:nil="true"></County>
          <Country xsi:nil="true"></Country>
          <Fax xsi:nil="true"></Fax>
          <FreightTermsCode xsi:nil="true"></FreightTermsCode>
          <ImportSequenceNumber xsi:nil="true"></ImportSequenceNumber>
          <Latitude xsi:nil="true"></Latitude>
          <Line1 xsi:nil="true"></Line1>
          <Line2 xsi:nil="true"></Line2>
          <Line3 xsi:nil="true"></Line3>
          <Longitude xsi:nil="true"></Longitude>
          <Name xsi:nil="true"></Name>
          <PostalCode xsi:nil="true"></PostalCode>
          <PostOfficeBox xsi:nil="true"></PostOfficeBox>
          <PrimaryContactName xsi:nil="true"></PrimaryContactName>
          <ShippingMethodCode>1</ShippingMethodCode>
          <StateOrProvince xsi:nil="true"></StateOrProvince>
          <Telephone1 xsi:nil="true"></Telephone1>
          <Telephone2 xsi:nil="true"></Telephone2>
          <Telephone3 xsi:nil="true"></Telephone3>
          <TimeZoneRuleVersionNumber xsi:nil="true"></TimeZoneRuleVersionNumber>
          <UPSZone xsi:nil="true"></UPSZone>
          <UTCOffset xsi:nil="true"></UTCOffset>
          <UTCConversionTimeZoneCode xsi:nil="true"></UTCConversionTimeZoneCode>
        </Address>
        <Address>
          <AddressNumber>2</AddressNumber>
          <AddressTypeCode>1</AddressTypeCode>
          <City xsi:nil="true"></City>
          <County xsi:nil="true"></County>
          <Country xsi:nil="true"></Country>
          <Fax xsi:nil="true"></Fax>
          <FreightTermsCode xsi:nil="true"></FreightTermsCode>
          <ImportSequenceNumber xsi:nil="true"></ImportSequenceNumber>
          <Latitude xsi:nil="true"></Latitude>
          <Line1 xsi:nil="true"></Line1>
          <Line2 xsi:nil="true"></Line2>
          <Line3 xsi:nil="true"></Line3>
          <Longitude xsi:nil="true"></Longitude>
          <Name xsi:nil="true"></Name>
          <PostalCode xsi:nil="true"></PostalCode>
          <PostOfficeBox xsi:nil="true"></PostOfficeBox>
          <PrimaryContactName xsi:nil="true"></PrimaryContactName>
          <ShippingMethodCode>1</ShippingMethodCode>
          <StateOrProvince xsi:nil="true"></StateOrProvince>
          <Telephone1 xsi:nil="true"></Telephone1>
          <Telephone2 xsi:nil="true"></Telephone2>
          <Telephone3 xsi:nil="true"></Telephone3>
          <TimeZoneRuleVersionNumber xsi:nil="true"></TimeZoneRuleVersionNumber>
          <UPSZone xsi:nil="true"></UPSZone>
          <UTCOffset xsi:nil="true"></UTCOffset>
          <UTCConversionTimeZoneCode xsi:nil="true"></UTCConversionTimeZoneCode>
        </Address>
      </Addresses>
    </Publisher>
    <RootComponents>
      <RootComponent type="1" schemaName="account" behavior="1" />
    </RootComponents>
    <MissingDependencies>
      <MissingDependency>
        <Required type="1" schemaName="cid_companynaicscode" displayName="Organization NAICS Code" solution="Active" />
        <Dependent type="60" displayName="CID Portal - In-Year Company Details Form" parentDisplayName="Account" id="{410d15bc-e48c-4838-81df-11aa2f8c3936}" />
      </MissingDependency>
      <MissingDependency>
        <Required type="10" schemaName="cid_account_companynaicscode" displayName="cid_account_companynaicscode" parentSchemaName="account" parentDisplayName="Account" solution="Active" />
        <Dependent type="60" displayName="CID Portal - In-Year Company Details Form" parentDisplayName="Account" id="{410d15bc-e48c-4838-81df-11aa2f8c3936}" />
      </MissingDependency>
      <MissingDependency>
        <Required type="10" schemaName="msdyn_account_account_BillingAccount" displayName="msdyn_account_account_BillingAccount" parentSchemaName="account" parentDisplayName="Account" solution="FieldServiceCommon (1.0.0.217)">
          <package>FieldService_Anchor (8.8.106.22)</package>
        </Required>
        <Dependent type="60" displayName="CID Portal - In-Year Company Details Form" parentDisplayName="Account" id="{410d15bc-e48c-4838-81df-11aa2f8c3936}" />
      </MissingDependency>
      <MissingDependency>
        <Required type="10" schemaName="msdyn_account_msdyn_agreement_BillingAccount" displayName="msdyn_account_msdyn_agreement_BillingAccount" parentSchemaName="account" parentDisplayName="Account" solution="FieldService (8.8.0.88)">
          <package>FieldService_Anchor (8.8.106.22)</package>
        </Required>
        <Dependent type="60" displayName="CID Portal - In-Year Company Details Form" parentDisplayName="Account" id="{410d15bc-e48c-4838-81df-11aa2f8c3936}" />
      </MissingDependency>
      <MissingDependency>
        <Required type="10" schemaName="msdyn_account_msdyn_agreement_ServiceAccount" displayName="msdyn_account_msdyn_agreement_ServiceAccount" parentSchemaName="account" parentDisplayName="Account" solution="FieldService (8.8.0.88)">
          <package>FieldService_Anchor (8.8.106.22)</package>
        </Required>
        <Dependent type="60" displayName="CID Portal - In-Year Company Details Form" parentDisplayName="Account" id="{410d15bc-e48c-4838-81df-11aa2f8c3936}" />
      </MissingDependency>
      <MissingDependency>
        <Required type="10" schemaName="msdyn_account_msdyn_payment_Account" displayName="msdyn_account_msdyn_payment_Account" parentSchemaName="account" parentDisplayName="Account" solution="FieldService (8.8.0.88)">
          <package>FieldService_Anchor (8.8.106.22)</package>
        </Required>
        <Dependent type="60" displayName="CID Portal - In-Year Company Details Form" parentDisplayName="Account" id="{410d15bc-e48c-4838-81df-11aa2f8c3936}" />
      </MissingDependency>
      <MissingDependency>
        <Required type="10" schemaName="msdyn_account_msdyn_purchaseorder_Vendor" displayName="msdyn_account_msdyn_purchaseorder_Vendor" parentSchemaName="account" parentDisplayName="Account" solution="FieldServiceCommon (1.0.0.217)">
          <package>FieldService_Anchor (8.8.106.22)</package>
        </Required>
        <Dependent type="60" displayName="CID Portal - In-Year Company Details Form" parentDisplayName="Account" id="{410d15bc-e48c-4838-81df-11aa2f8c3936}" />
      </MissingDependency>
      <MissingDependency>
        <Required type="10" schemaName="msdyn_account_msdyn_rma_BillingAccount" displayName="msdyn_account_msdyn_rma_BillingAccount" parentSchemaName="account" parentDisplayName="Account" solution="FieldService (8.8.0.88)">
          <package>FieldService_Anchor (8.8.106.22)</package>
        </Required>
        <Dependent type="60" displayName="CID Portal - In-Year Company Details Form" parentDisplayName="Account" id="{410d15bc-e48c-4838-81df-11aa2f8c3936}" />
      </MissingDependency>
      <MissingDependency>
        <Required type="10" schemaName="msdyn_account_msdyn_rma_ServiceAccount" displayName="msdyn_account_msdyn_rma_ServiceAccount" parentSchemaName="account" parentDisplayName="Account" solution="FieldService (8.8.0.88)">
          <package>FieldService_Anchor (8.8.106.22)</package>
        </Required>
        <Dependent type="60" displayName="CID Portal - In-Year Company Details Form" parentDisplayName="Account" id="{410d15bc-e48c-4838-81df-11aa2f8c3936}" />
      </MissingDependency>
      <MissingDependency>
        <Required type="10" schemaName="msdyn_account_msdyn_rtv_Vendor" displayName="msdyn_account_msdyn_rtv_Vendor" parentSchemaName="account" parentDisplayName="Account" solution="FieldService (8.8.0.88)">
          <package>FieldService_Anchor (8.8.106.22)</package>
        </Required>
        <Dependent type="60" displayName="CID Portal - In-Year Company Details Form" parentDisplayName="Account" id="{410d15bc-e48c-4838-81df-11aa2f8c3936}" />
      </MissingDependency>
      <MissingDependency>
        <Required type="10" schemaName="msdyn_account_msdyn_workorder_BillingAccount" displayName="msdyn_account_msdyn_workorder_BillingAccount" parentSchemaName="account" parentDisplayName="Account" solution="FieldService (8.8.0.88)">
          <package>FieldService_Anchor (8.8.106.22)</package>
        </Required>
        <Dependent type="60" displayName="CID Portal - In-Year Company Details Form" parentDisplayName="Account" id="{410d15bc-e48c-4838-81df-11aa2f8c3936}" />
      </MissingDependency>
      <MissingDependency>
        <Required type="10" schemaName="msdyn_account_msdyn_workorder_ServiceAccount" displayName="msdyn_account_msdyn_workorder_ServiceAccount" parentSchemaName="account" parentDisplayName="Account" solution="FieldService (8.8.0.88)">
          <package>FieldService_Anchor (8.8.106.22)</package>
        </Required>
        <Dependent type="60" displayName="CID Portal - In-Year Company Details Form" parentDisplayName="Account" id="{410d15bc-e48c-4838-81df-11aa2f8c3936}" />
      </MissingDependency>
      <MissingDependency>
        <Required type="10" schemaName="msdyn_account_msdyn_customerasset_Account" displayName="msdyn_account_msdyn_customerasset_Account" parentSchemaName="msdyn_customerasset" parentDisplayName="Customer Asset" solution="msdyn_AssetCommon (1.0.46.7)">
          <package>FieldService_Anchor (8.8.106.22)</package>
          <package>msdynce_ServiceAnchor (9.0.24012.1003)</package>
        </Required>
        <Dependent type="60" displayName="CID Portal - In-Year Company Details Form" parentDisplayName="Account" id="{410d15bc-e48c-4838-81df-11aa2f8c3936}" />
      </MissingDependency>
      <MissingDependency>
        <Required type="2" schemaName="cid_addressoverwritten" displayName="Manually Entered?" parentSchemaName="account" parentDisplayName="Account" solution="Active" />
        <Dependent type="60" displayName="CID Portal - In-Year Company Details Form" parentDisplayName="Account" id="{410d15bc-e48c-4838-81df-11aa2f8c3936}" />
      </MissingDependency>
      <MissingDependency>
        <Required type="2" schemaName="cid_cidcompanystatus" displayName="Organization Status" parentSchemaName="account" parentDisplayName="Account" solution="Active" />
        <Dependent type="60" displayName="CID Portal - In-Year Company Details Form" parentDisplayName="Account" id="{410d15bc-e48c-4838-81df-11aa2f8c3936}" />
      </MissingDependency>
      <MissingDependency>
        <Required type="2" schemaName="cid_companyanniversarydate" displayName="Anniversary Date" parentSchemaName="account" parentDisplayName="Account" solution="Active" />
        <Dependent type="60" displayName="CID Portal - In-Year Company Details Form" parentDisplayName="Account" id="{410d15bc-e48c-4838-81df-11aa2f8c3936}" />
      </MissingDependency>
      <MissingDependency>
        <Required type="2" schemaName="cid_crabusinessnumber" displayName="CRA Business Number" parentSchemaName="account" parentDisplayName="Account" solution="Active" />
        <Dependent type="60" displayName="CID Portal - In-Year Company Details Form" parentDisplayName="Account" id="{410d15bc-e48c-4838-81df-11aa2f8c3936}" />
      </MissingDependency>
      <MissingDependency>
        <Required type="2" schemaName="cid_iscompanyattested" displayName="Is Organization Attested?" parentSchemaName="account" parentDisplayName="Account" solution="Active" />
        <Dependent type="60" displayName="CID Portal - In-Year Company Details Form" parentDisplayName="Account" id="{410d15bc-e48c-4838-81df-11aa2f8c3936}" />
      </MissingDependency>
      <MissingDependency>
        <Required type="2" schemaName="cid_lastannualcomplianceupdate" displayName="Last Annual Compliance Update" parentSchemaName="account" parentDisplayName="Account" solution="Active" />
        <Dependent type="60" displayName="CID Portal - In-Year Company Details Form" parentDisplayName="Account" id="{410d15bc-e48c-4838-81df-11aa2f8c3936}" />
      </MissingDependency>
      <MissingDependency>
        <Required type="2" schemaName="cid_nextannualcomplianceupdate" displayName="Next Annual Compliance Update Required On" parentSchemaName="account" parentDisplayName="Account" solution="Active" />
        <Dependent type="60" displayName="CID Portal - In-Year Company Details Form" parentDisplayName="Account" id="{410d15bc-e48c-4838-81df-11aa2f8c3936}" />
      </MissingDependency>
      <MissingDependency>
        <Required type="2" schemaName="cid_officiallyregistrationcompletationdate" displayName="Registration Completion Date" parentSchemaName="account" parentDisplayName="Account" solution="Active" />
        <Dependent type="60" displayName="CID Portal - In-Year Company Details Form" parentDisplayName="Account" id="{410d15bc-e48c-4838-81df-11aa2f8c3936}" />
      </MissingDependency>
      <MissingDependency>
        <Required type="2" schemaName="cid_reasonfornobnnumber" displayName="Reason for no CRA Business Number" parentSchemaName="account" parentDisplayName="Account" solution="Active" />
        <Dependent type="60" displayName="CID Portal - In-Year Company Details Form" parentDisplayName="Account" id="{410d15bc-e48c-4838-81df-11aa2f8c3936}" />
      </MissingDependency>
      <MissingDependency>
        <Required type="2" schemaName="cid_reasonfornobnnumber_other" displayName="Other Reason" parentSchemaName="account" parentDisplayName="Account" solution="Active" />
        <Dependent type="60" displayName="CID Portal - In-Year Company Details Form" parentDisplayName="Account" id="{410d15bc-e48c-4838-81df-11aa2f8c3936}" />
      </MissingDependency>
      <MissingDependency>
        <Required type="2" schemaName="ovs_address_display" displayName="Address Display" parentSchemaName="account" parentDisplayName="Account" solution="Active" />
        <Dependent type="60" displayName="CID Portal - In-Year Company Details Form" parentDisplayName="Account" id="{410d15bc-e48c-4838-81df-11aa2f8c3936}" />
      </MissingDependency>
      <MissingDependency>
        <Required type="2" schemaName="ovs_address1_province" displayName="Province / Territory" parentSchemaName="account" parentDisplayName="Account" solution="Active" />
        <Dependent type="60" displayName="CID Portal - In-Year Company Details Form" parentDisplayName="Account" id="{410d15bc-e48c-4838-81df-11aa2f8c3936}" />
      </MissingDependency>
      <MissingDependency>
        <Required type="2" schemaName="ovs_legalname" displayName="Legal Name" parentSchemaName="account" parentDisplayName="Account" solution="Active" />
        <Dependent type="60" displayName="CID Portal - In-Year Company Details Form" parentDisplayName="Account" id="{410d15bc-e48c-4838-81df-11aa2f8c3936}" />
      </MissingDependency>
      <MissingDependency>
        <Required type="2" schemaName="ovs_legalnamefr" displayName="Legal Name (French)" parentSchemaName="account" parentDisplayName="Account" solution="Active" />
        <Dependent type="60" displayName="CID Portal - In-Year Company Details Form" parentDisplayName="Account" id="{410d15bc-e48c-4838-81df-11aa2f8c3936}" />
      </MissingDependency>
      <MissingDependency>
        <Required type="2" schemaName="ovs_namefr" displayName="Operating Name (French)" parentSchemaName="account" parentDisplayName="Account" solution="Active" />
        <Dependent type="60" displayName="CID Portal - In-Year Company Details Form" parentDisplayName="Account" id="{410d15bc-e48c-4838-81df-11aa2f8c3936}" />
      </MissingDependency>
      <MissingDependency>
        <Required type="26" schemaName="CID Portal - In Year NAICS Codes" displayName="CID Portal - In Year NAICS Codes" parentSchemaName="cid_companynaicscode" parentDisplayName="Organization NAICS Code" solution="Active" id="{0494e5e7-f48b-ed11-81ac-0022483e130e}" />
        <Dependent type="60" displayName="CID Portal - In-Year Company Details Form" parentDisplayName="Account" id="{410d15bc-e48c-4838-81df-11aa2f8c3936}" />
      </MissingDependency>
      <MissingDependency>
        <Required type="26" schemaName="Active Organization NAICS Code - Portal" displayName="Active Organization NAICS Code - Portal" parentSchemaName="cid_companynaicscode" parentDisplayName="Organization NAICS Code" solution="Active" id="{21614059-fb22-ec11-b6e6-0022483cb5c7}" />
        <Dependent type="60" displayName="CID Portal - In-Year Company Details Form" parentDisplayName="Account" id="{410d15bc-e48c-4838-81df-11aa2f8c3936}" />
      </MissingDependency>
      <MissingDependency>
        <Required type="26" schemaName="CID Portal - NAICS Codes" displayName="CID Portal - NAICS Codes" parentSchemaName="cid_companynaicscode" parentDisplayName="Organization NAICS Code" solution="Active" id="{51a1c9ee-db7b-ec11-8d20-000d3aff1221}" />
        <Dependent type="60" displayName="CID Portal - In-Year Company Details Form" parentDisplayName="Account" id="{410d15bc-e48c-4838-81df-11aa2f8c3936}" />
      </MissingDependency>
      <MissingDependency>
        <Required type="26" schemaName="Active Organization NAICS Code" displayName="Active Organization NAICS Code" parentSchemaName="cid_companynaicscode" parentDisplayName="Organization NAICS Code" solution="Active" id="{d7d195c7-bf49-45a0-8cfe-53c64d587adf}" />
        <Dependent type="60" displayName="CID Portal - In-Year Company Details Form" parentDisplayName="Account" id="{410d15bc-e48c-4838-81df-11aa2f8c3936}" />
      </MissingDependency>
      <MissingDependency>
        <Required type="61" schemaName="cid_AddressComplete.htm" displayName="cid_AddressComplete.htm" solution="Active" />
        <Dependent type="60" displayName="CID Portal - In-Year Company Details Form" parentDisplayName="Account" id="{410d15bc-e48c-4838-81df-11aa2f8c3936}" />
      </MissingDependency>
      <MissingDependency>
        <Required type="61" schemaName="msdyn_/Account/Account.Library.js" displayName="msdyn_/Account/Account.Library.js" solution="FieldService (8.8.0.88)">
          <package>FieldService_Anchor (8.8.106.22)</package>
        </Required>
        <Dependent type="60" displayName="CID Portal - In-Year Company Details Form" parentDisplayName="Account" id="{410d15bc-e48c-4838-81df-11aa2f8c3936}" />
      </MissingDependency>
      <MissingDependency>
        <Required type="61" schemaName="msdyn_/Account/AssetCommon.Account.Library.js" displayName="msdyn_/Account/AssetCommon.Account.Library.js" solution="msdyn_AssetCommon (1.0.46.7)">
          <package>FieldService_Anchor (8.8.106.22)</package>
          <package>msdynce_ServiceAnchor (9.0.24012.1003)</package>
        </Required>
        <Dependent type="60" displayName="CID Portal - In-Year Company Details Form" parentDisplayName="Account" id="{410d15bc-e48c-4838-81df-11aa2f8c3936}" />
      </MissingDependency>
      <MissingDependency>
        <Required type="61" schemaName="msdyn_/Utils/FieldServiceTrial.js" displayName="msdyn_/Utils/FieldServiceTrial.js" solution="FieldService (8.8.0.88)">
          <package>FieldService_Anchor (8.8.106.22)</package>
        </Required>
        <Dependent type="60" displayName="CID Portal - In-Year Company Details Form" parentDisplayName="Account" id="{410d15bc-e48c-4838-81df-11aa2f8c3936}" />
      </MissingDependency>
    </MissingDependencies>
  </SolutionManifest>
</ImportExportXml>