<ImportExportXml xmlns:xsi="http://www.w3.org/2001/XMLSchema-instance">
  <Entities>
    <Entity>
      <Name LocalizedName="Work Order" OriginalName="Work Order">msdyn_workorder</Name>
      <EntityInfo>
        <entity Name="msdyn_workorder">
          <LocalizedNames>
            <LocalizedName description="Work Order" languagecode="1033" />
            <LocalizedName description="Ordre de travail" languagecode="1036" />
          </LocalizedNames>
          <LocalizedCollectionNames>
            <LocalizedCollectionName description="Work Orders" languagecode="1033" />
            <LocalizedCollectionName description="Ordres de travail" languagecode="1036" />
          </LocalizedCollectionNames>
          <Descriptions>
            <Description description="Work orders store all information about the job performed for an account. Stores incident details, resource, expenses, tasks, communications, billing and more" languagecode="1033" />
            <Description description="Les ordres de travail stockent toutes les informations sur le travail exécuté pour un compte. Stocke les détails des incidents, les ressources, les dépenses, les tâches, les communications, la facturation et plus encore" languagecode="1036" />
          </Descriptions>
          <attributes>
            <attribute PhysicalName="ovs_OperationId">
              <Type>lookup</Type>
              <Name>ovs_operationid</Name>
              <LogicalName>ovs_operationid</LogicalName>
              <RequiredLevel>required</RequiredLevel>
              <DisplayMask>ValidForAdvancedFind|ValidForForm|ValidForGrid</DisplayMask>
              <ImeMode>auto</ImeMode>
              <ValidForUpdateApi>1</ValidForUpdateApi>
              <ValidForReadApi>1</ValidForReadApi>
              <ValidForCreateApi>1</ValidForCreateApi>
              <IsCustomField>1</IsCustomField>
              <IsAuditEnabled>0</IsAuditEnabled>
              <IsSecured>0</IsSecured>
              <IntroducedVersion>1.0.0.0</IntroducedVersion>
              <IsCustomizable>1</IsCustomizable>
              <IsRenameable>1</IsRenameable>
              <CanModifySearchSettings>1</CanModifySearchSettings>
              <CanModifyRequirementLevelSettings>1</CanModifyRequirementLevelSettings>
              <CanModifyAdditionalSettings>1</CanModifyAdditionalSettings>
              <SourceType>0</SourceType>
              <IsGlobalFilterEnabled>0</IsGlobalFilterEnabled>
              <IsSortableEnabled>0</IsSortableEnabled>
              <CanModifyGlobalFilterSettings>1</CanModifyGlobalFilterSettings>
              <CanModifyIsSortableSettings>1</CanModifyIsSortableSettings>
              <IsDataSourceSecret>0</IsDataSourceSecret>
              <AutoNumberFormat></AutoNumberFormat>
              <IsSearchable>0</IsSearchable>
              <IsFilterable>0</IsFilterable>
              <IsRetrievable>0</IsRetrievable>
              <IsLocalizable>0</IsLocalizable>
              <LookupStyle>single</LookupStyle>
              <LookupTypes />
              <displaynames>
                <displayname description="Operation" languagecode="1033" />
              </displaynames>
              <Descriptions>
                <Description description="Unique identifier for Operation associated with Work Order." languagecode="1033" />
              </Descriptions>
            </attribute>
          </attributes>
          <EntitySetName>msdyn_workorders</EntitySetName>
          <IsDuplicateCheckSupported>1</IsDuplicateCheckSupported>
          <IsBusinessProcessEnabled>1</IsBusinessProcessEnabled>
          <IsRequiredOffline>0</IsRequiredOffline>
          <IsInteractionCentricEnabled>0</IsInteractionCentricEnabled>
          <IsCollaboration>1</IsCollaboration>
          <AutoRouteToOwnerQueue>0</AutoRouteToOwnerQueue>
          <IsConnectionsEnabled>1</IsConnectionsEnabled>
          <EntityColor>#660033</EntityColor>
          <IsDocumentManagementEnabled>1</IsDocumentManagementEnabled>
          <AutoCreateAccessTeams>0</AutoCreateAccessTeams>
          <IsOneNoteIntegrationEnabled>0</IsOneNoteIntegrationEnabled>
          <IsKnowledgeManagementEnabled>0</IsKnowledgeManagementEnabled>
          <IsSLAEnabled>0</IsSLAEnabled>
          <IsDocumentRecommendationsEnabled>0</IsDocumentRecommendationsEnabled>
          <IsBPFEntity>0</IsBPFEntity>
          <OwnershipTypeMask>UserOwned</OwnershipTypeMask>
          <EntityMask>ActivityPointer</EntityMask>
          <IsAuditEnabled>1</IsAuditEnabled>
          <IsRetrieveAuditEnabled>0</IsRetrieveAuditEnabled>
          <IsRetrieveMultipleAuditEnabled>0</IsRetrieveMultipleAuditEnabled>
          <IsActivity>0</IsActivity>
          <ActivityTypeMask>CommunicationActivity</ActivityTypeMask>
          <IsActivityParty>0</IsActivityParty>
          <IsReplicated>0</IsReplicated>
          <IsReplicationUserFiltered>0</IsReplicationUserFiltered>
          <IsMailMergeEnabled>1</IsMailMergeEnabled>
          <IsVisibleInMobile>0</IsVisibleInMobile>
          <IsVisibleInMobileClient>1</IsVisibleInMobileClient>
          <IsReadOnlyInMobileClient>0</IsReadOnlyInMobileClient>
          <IsOfflineInMobileClient>1</IsOfflineInMobileClient>
          <DaysSinceRecordLastModified>0</DaysSinceRecordLastModified>
          <MobileOfflineFilters>&lt;fetch version="1.0" output-format="xml-platform" mapping="logical" distinct="false"&gt;&lt;entity name="msdyn_workorder"&gt;&lt;all-attributes/&gt;&lt;filter type="and"&gt;&lt;condition attribute="statecode" operator="eq" value="0"/&gt;&lt;/filter&gt;&lt;/entity&gt;&lt;/fetch&gt;</MobileOfflineFilters>
          <IsMapiGridEnabled>1</IsMapiGridEnabled>
          <IsReadingPaneEnabled>0</IsReadingPaneEnabled>
          <IsQuickCreateEnabled>1</IsQuickCreateEnabled>
          <SyncToExternalSearchIndex>0</SyncToExternalSearchIndex>
          <IntroducedVersion>3.1.0.3</IntroducedVersion>
          <IconMediumName>msdyn_/Icons/Entity/WorkOrder_32/_imgs/NavBar/Invisible.gif</IconMediumName>
          <IconSmallName>msdyn_/Icons/Entity/WorkOrder_16.png</IconSmallName>
          <IconVectorName>msdyn_/Icons/SVG/WorkOrders.svg</IconVectorName>
          <EnforceStateTransitions>0</EnforceStateTransitions>
          <EntityHelpUrlEnabled>1</EntityHelpUrlEnabled>
          <EntityHelpUrl>http://go.microsoft.com/fwlink/?LinkId=773453</EntityHelpUrl>
          <ChangeTrackingEnabled>1</ChangeTrackingEnabled>
          <IsEnabledForExternalChannels>0</IsEnabledForExternalChannels>
          <IsSolutionAware>0</IsSolutionAware>
          <HasRelatedNotes>True</HasRelatedNotes>
          <HasRelatedActivities>True</HasRelatedActivities>
        </entity>
      </EntityInfo>
      <SavedQueries>
        <savedqueries>
          <savedquery>
            <IsCustomizable>1</IsCustomizable>
            <CanBeDeleted>1</CanBeDeleted>
            <isquickfindquery>0</isquickfindquery>
            <isprivate>0</isprivate>
            <isdefault>0</isdefault>
            <savedqueryid>{ffe40a64-495b-eb11-a812-000d3a84db40}</savedqueryid>
            <layoutxml>
              <grid name="resultset" jump="msdyn_name" select="1" icon="1" preview="1">
                <row name="result" id="msdyn_workorderid">
                  <cell name="msdyn_name" width="200" />
                  <cell name="ovs_rational" width="100" />
                  <cell name="msdyn_primaryincidenttype" width="100" />
                  <cell name="msdyn_billingaccount" width="100" />
                  <cell name="msdyn_serviceaccount" width="100" />
                  <cell name="ovs_primaryinspector" width="100" />
                  <cell name="msdyn_serviceterritory" width="100" />
                </row>
              </grid>
            </layoutxml>
            <querytype>0</querytype>
            <fetchxml>
              <fetch version="1.0" output-format="xml-platform" mapping="logical">
    <entity name="msdyn_workorder">
        <attribute name="msdyn_name" />
        <attribute name="msdyn_workorderid" />
        <attribute name="ovs_rational" />
        <attribute name="msdyn_primaryincidenttype" />
        <attribute name="msdyn_billingaccount" />
        <attribute name="msdyn_serviceaccount" />
        <attribute name="ovs_primaryinspector" />
        <attribute name="msdyn_serviceterritory" />
        <filter type="and">
            <condition attribute="statecode" operator="eq" value="0" />
        </filter>
        <link-entity name="bookableresource" alias="aa" link-type="inner" from="bookableresourceid" to="ovs_primaryinspector">
            <filter type="and">
                <condition attribute="userid" operator="eq-userid" />
            </filter>
        </link-entity>
    </entity>
</fetch>
            </fetchxml>
            <IntroducedVersion>1.0.0.2</IntroducedVersion>
            <LocalizedNames>
              <LocalizedName description="My Work Orders (TSIS)" languagecode="1033" />
            </LocalizedNames>
            <Descriptions>
              <Description description="Work Orders where I am the primary inspector." languagecode="1033" />
            </Descriptions>
          </savedquery>
        </savedqueries>
      </SavedQueries>
      <RibbonDiffXml>
        <CustomActions />
        <Templates>
          <RibbonTemplates Id="Mscrm.Templates"></RibbonTemplates>
        </Templates>
        <CommandDefinitions />
        <RuleDefinitions>
          <TabDisplayRules />
          <DisplayRules />
          <EnableRules />
        </RuleDefinitions>
        <LocLabels />
      </RibbonDiffXml>
    </Entity>
    <Entity>
      <Name LocalizedName="Cancellation Request" OriginalName="Cancellation Request">ovs_cancellationrequest</Name>
      <EntityInfo>
        <entity Name="ovs_cancellationrequest" unmodified="1">
          <attributes />
        </entity>
      </EntityInfo>
      <FormXml>
        <forms type="main">
          <systemform>
            <formid>{a8b035b7-1257-4b58-aedc-f89df115fdc8}</formid>
            <IntroducedVersion>1.0.0.0</IntroducedVersion>
            <FormPresentation>1</FormPresentation>
            <FormActivationState>1</FormActivationState>
            <form>
              <tabs>
                <tab verticallayout="true" id="{b096de52-eda6-4af1-9889-ace07ab4e338}" IsUserDefined="1">
                  <labels>
                    <label description="General" languagecode="1033" />
                    <label description="Général" languagecode="1036" />
                  </labels>
                  <columns>
                    <column width="33%">
                      <sections>
                        <section showlabel="false" showbar="false" IsUserDefined="0" id="{9ac66426-0a38-4d17-aa13-03c83f2ac353}">
                          <labels>
                            <label description="General" languagecode="1033" />
                            <label description="Général" languagecode="1036" />
                          </labels>
                          <rows>
                            <row>
                              <cell id="{34f8b4c5-bad6-404c-bbd1-439d7b8de672}">
                                <labels>
                                  <label description="Subject" languagecode="1033" />
                                  <label description="Sujet" languagecode="1036" />
                                </labels>
                                <control id="subject" classid="{4273EDBD-AC1D-40d3-9FB2-095C621B552D}" datafieldname="subject" uniqueid="{90c20e9e-b473-8a32-4c2a-caba1467d7b1}" />
                              </cell>
                            </row>
                            <row>
                              <cell id="{7937106d-52cd-8abc-7dcd-e99aab92bd13}" showlabel="true" locklevel="0">
                                <labels>
                                  <label description="Reason" languagecode="1033" />
                                </labels>
                                <control id="ovs_cancellationrequestreason" classid="{3EF39988-22BB-4f0b-BBBE-64B5A3748AEE}" datafieldname="ovs_cancellationrequestreason" disabled="false" />
                              </cell>
                            </row>
                            <row>
                              <cell id="{e5cdb038-3d51-3a27-393d-002e402603da}" showlabel="true" locklevel="0">
                                <labels>
                                  <label description="Comments" languagecode="1033" />
                                </labels>
                                <control id="ovs_cancellationrequuestcomments" classid="{E0DECE4B-6FC8-4a8f-A065-082708572369}" datafieldname="ovs_cancellationrequuestcomments" disabled="false" />
                              </cell>
                            </row>
                            <row>
                              <cell id="{de36d205-5a00-40c6-be61-602e3e07c6ae}" showlabel="true" locklevel="0">
                                <labels>
                                  <label description="Regarding" languagecode="1033" />
                                  <label description="Concernant" languagecode="1036" />
                                </labels>
                                <control id="regardingobjectid" classid="{F3015350-44A2-4aa0-97B5-00166532B5E9}" datafieldname="regardingobjectid" disabled="false" />
                              </cell>
                            </row>
                          </rows>
                        </section>
                      </sections>
                    </column>
                    <column width="66%">
                      <sections>
                        <section id="{a04a1d16-98be-440a-8526-9e2d416f0b0c}" name="_column_2_section_1" columns="11" showlabel="false" showbar="false" IsUserDefined="0">
                          <labels>
                            <label description="section" languagecode="1033" />
                          </labels>
                          <rows>
                            <row>
                              <cell id="{89297cd5-c88b-410d-bf45-f7e137fd04e6}" showlabel="false">
                                <labels>
                                  <label description="" languagecode="1036" />
                                </labels>
                              </cell>
                              <cell id="{c5fbc6b6-48b4-4056-aa0e-6b0bcbd68025}" showlabel="false">
                                <labels>
                                  <label description="" languagecode="1036" />
                                </labels>
                              </cell>
                            </row>
                          </rows>
                        </section>
                      </sections>
                    </column>
                  </columns>
                </tab>
              </tabs>
              <header id="{72ad64e3-b917-457c-ac5a-b32365dba3f8}" celllabelposition="Top" columns="1111" labelwidth="115">
                <rows>
                  <row>
                    <cell id="{27206e1f-5759-4233-8f76-42eebc618d03}">
                      <labels>
                        <label description="Priority" languagecode="1033" />
                        <label description="Priorité" languagecode="1036" />
                      </labels>
                      <control id="header_prioritycode" classid="{3EF39988-22BB-4f0b-BBBE-64B5A3748AEE}" datafieldname="prioritycode" disabled="false" />
                    </cell>
                    <cell id="{f2511aa3-cca9-4b2b-ae7a-2089e4cf6d9d}">
                      <labels>
                        <label description="Due Date" languagecode="1033" />
                        <label description="Date d’échéance" languagecode="1036" />
                      </labels>
                      <control id="header_scheduledend" classid="{5B773807-9FB2-42db-97C3-7A91EFF8ADFF}" datafieldname="scheduledend" disabled="false" />
                    </cell>
                    <cell id="{988397d6-f698-4fd9-936d-cd708c056ede}">
                      <labels>
                        <label description="Activity Status" languagecode="1033" />
                        <label description="Statut d'activité" languagecode="1036" />
                      </labels>
                      <control id="header_statecode" classid="{3EF39988-22BB-4f0b-BBBE-64B5A3748AEE}" datafieldname="statecode" disabled="false" />
                    </cell>
                    <cell id="{cf353057-f9da-4686-a8b2-d254fa362dc0}">
                      <labels>
                        <label description="Owner" languagecode="1033" />
                        <label description="Propriétaire" languagecode="1036" />
                      </labels>
                      <control id="header_ownerid" classid="{270BD3DB-D9AF-4782-9025-509E298DEC0A}" datafieldname="ownerid" disabled="false" />
                    </cell>
                  </row>
                </rows>
              </header>
              <Navigation>
                <NavBar></NavBar>
                <NavBarAreas>
                  <NavBarArea Id="Info">
                    <Titles>
                      <Title LCID="1033" Text="Common" />
                    </Titles>
                  </NavBarArea>
                  <NavBarArea Id="Sales">
                    <Titles>
                      <Title LCID="1033" Text="Sales" />
                    </Titles>
                  </NavBarArea>
                  <NavBarArea Id="Service">
                    <Titles>
                      <Title LCID="1033" Text="Service" />
                    </Titles>
                  </NavBarArea>
                  <NavBarArea Id="Marketing">
                    <Titles>
                      <Title LCID="1033" Text="Marketing" />
                    </Titles>
                  </NavBarArea>
                  <NavBarArea Id="ProcessCenter">
                    <Titles>
                      <Title LCID="1033" Text="Process Sessions" />
                    </Titles>
                  </NavBarArea>
                </NavBarAreas>
              </Navigation>
            </form>
            <IsCustomizable>1</IsCustomizable>
            <CanBeDeleted>1</CanBeDeleted>
            <LocalizedNames>
              <LocalizedName description="Information" languagecode="1033" />
            </LocalizedNames>
            <Descriptions>
              <Description description="A form for this entity." languagecode="1033" />
            </Descriptions>
          </systemform>
        </forms>
      </FormXml>
      <RibbonDiffXml>
        <CustomActions />
        <Templates>
          <RibbonTemplates Id="Mscrm.Templates"></RibbonTemplates>
        </Templates>
        <CommandDefinitions />
        <RuleDefinitions>
          <TabDisplayRules />
          <DisplayRules />
          <EnableRules />
        </RuleDefinitions>
        <LocLabels />
      </RibbonDiffXml>
    </Entity>
  </Entities>
  <Roles></Roles>
  <Workflows>
    <Workflow WorkflowId="{a34c876e-7b5a-eb11-a812-000d3a84db40}" Name="Clear Fields if Region does not Contain Data" Description="Click to add description">
      <XamlFileName>/Workflows/ClearFieldsifRegiondoesnotContainData-A34C876E-7B5A-EB11-A812-000D3A84DB40.xaml</XamlFileName>
      <Type>1</Type>
      <Subprocess>0</Subprocess>
      <Category>2</Category>
      <Mode>1</Mode>
      <Scope>4</Scope>
      <OnDemand>0</OnDemand>
      <TriggerOnCreate>0</TriggerOnCreate>
      <TriggerOnDelete>0</TriggerOnDelete>
      <AsyncAutodelete>0</AsyncAutodelete>
      <SyncWorkflowLogOnFailure>0</SyncWorkflowLogOnFailure>
      <StateCode>1</StateCode>
      <StatusCode>2</StatusCode>
      <RunAs>1</RunAs>
      <IsTransacted>1</IsTransacted>
      <IntroducedVersion>1.0.0.0</IntroducedVersion>
      <IsCustomizable>1</IsCustomizable>
      <BusinessProcessType>0</BusinessProcessType>
      <IsCustomProcessingStepAllowedForOtherPublishers>1</IsCustomProcessingStepAllowedForOtherPublishers>
      <ProcessTriggerFormId>{d8dc9595-c451-eb11-a812-000d3af3ac0d}</ProcessTriggerFormId>
      <ProcessTriggerScope>1</ProcessTriggerScope>
      <PrimaryEntity>msdyn_workorder</PrimaryEntity>
      <LocalizedNames>
        <LocalizedName languagecode="1033" description="Clear Fields if Region does not Contain Data" />
      </LocalizedNames>
      <Descriptions>
        <Description languagecode="1033" description="Click to add description" />
      </Descriptions>
    </Workflow>
  </Workflows>
  <FieldSecurityProfiles></FieldSecurityProfiles>
  <Templates />
  <EntityMaps />
  <EntityRelationships>
    <EntityRelationship Name="ovs_ovs_operation_msdyn_workorder">
      <EntityRelationshipType>OneToMany</EntityRelationshipType>
      <IsCustomizable>1</IsCustomizable>
      <IntroducedVersion>1.0.0.0</IntroducedVersion>
      <IsHierarchical>0</IsHierarchical>
      <ReferencingEntityName>msdyn_workorder</ReferencingEntityName>
      <ReferencedEntityName>ovs_operation</ReferencedEntityName>
      <CascadeAssign>NoCascade</CascadeAssign>
      <CascadeDelete>RemoveLink</CascadeDelete>
      <CascadeReparent>NoCascade</CascadeReparent>
      <CascadeShare>NoCascade</CascadeShare>
      <CascadeUnshare>NoCascade</CascadeUnshare>
      <CascadeRollupView>NoCascade</CascadeRollupView>
      <IsValidForAdvancedFind>1</IsValidForAdvancedFind>
      <ReferencingAttributeName>ovs_OperationId</ReferencingAttributeName>
      <RelationshipDescription>
        <Descriptions>
          <Description description="Unique identifier for Operation associated with Work Order." languagecode="1033" />
        </Descriptions>
      </RelationshipDescription>
      <EntityRelationshipRoles>
        <EntityRelationshipRole>
          <NavPaneDisplayOption>UseCollectionName</NavPaneDisplayOption>
          <NavPaneArea>Details</NavPaneArea>
          <NavPaneOrder>10000</NavPaneOrder>
          <NavigationPropertyName>ovs_OperationId</NavigationPropertyName>
          <RelationshipRoleType>1</RelationshipRoleType>
        </EntityRelationshipRole>
        <EntityRelationshipRole>
          <NavigationPropertyName>ovs_ovs_operation_msdyn_workorder</NavigationPropertyName>
          <RelationshipRoleType>0</RelationshipRoleType>
        </EntityRelationshipRole>
      </EntityRelationshipRoles>
    </EntityRelationship>
  </EntityRelationships>
  <OrganizationSettings />
  <optionsets />
  <WebResources>
    <WebResource>
      <WebResourceId>{981d984a-d22a-eb11-a813-000d3af3a7a7}</WebResourceId>
      <Name>qm_builder.html</Name>
      <DisplayName>Questionnaire Builder</DisplayName>
      <WebResourceType>1</WebResourceType>
      <IntroducedVersion>1.0.0.0</IntroducedVersion>
      <IsEnabledForMobileClient>0</IsEnabledForMobileClient>
      <IsAvailableForMobileOffline>0</IsAvailableForMobileOffline>
      <DependencyXml>&lt;Dependencies&gt;&lt;Dependency componentType="WebResource"/&gt;&lt;/Dependencies&gt;</DependencyXml>
      <IsCustomizable>1</IsCustomizable>
      <CanBeDeleted>1</CanBeDeleted>
      <IsHidden>0</IsHidden>
      <FileName>/WebResources/qm_builderhtml981D984A-D22A-EB11-A813-000D3AF3A7A7</FileName>
    </WebResource>
    <WebResource>
      <WebResourceId>{30158e64-d22a-eb11-a813-000d3af3a7a7}</WebResourceId>
      <Name>qm_render.html</Name>
      <DisplayName>Questionnaire Render</DisplayName>
      <WebResourceType>1</WebResourceType>
      <IntroducedVersion>1.0.0.0</IntroducedVersion>
      <IsEnabledForMobileClient>0</IsEnabledForMobileClient>
      <IsAvailableForMobileOffline>0</IsAvailableForMobileOffline>
      <DependencyXml>&lt;Dependencies&gt;&lt;Dependency componentType="WebResource"/&gt;&lt;/Dependencies&gt;</DependencyXml>
      <IsCustomizable>1</IsCustomizable>
      <CanBeDeleted>1</CanBeDeleted>
      <IsHidden>0</IsHidden>
      <FileName>/WebResources/qm_renderhtml30158E64-D22A-EB11-A813-000D3AF3A7A7</FileName>
    </WebResource>
    <WebResource>
      <WebResourceId>{6be8e99d-d22a-eb11-a813-000d3af3a7a7}</WebResourceId>
      <Name>qm_favicon.ico</Name>
      <WebResourceType>10</WebResourceType>
      <IntroducedVersion>1.0.0.0</IntroducedVersion>
      <IsEnabledForMobileClient>0</IsEnabledForMobileClient>
      <IsAvailableForMobileOffline>0</IsAvailableForMobileOffline>
      <DependencyXml>&lt;Dependencies&gt;&lt;Dependency componentType="WebResource"/&gt;&lt;/Dependencies&gt;</DependencyXml>
      <IsCustomizable>1</IsCustomizable>
      <CanBeDeleted>1</CanBeDeleted>
      <IsHidden>0</IsHidden>
      <FileName>/WebResources/qm_faviconico6BE8E99D-D22A-EB11-A813-000D3AF3A7A7</FileName>
    </WebResource>
    <WebResource>
      <WebResourceId>{e4a99e09-d32a-eb11-a813-000d3af3a7a7}</WebResourceId>
      <Name>qm_app.js</Name>
      <DisplayName>Questionnaire Management Application Javascript</DisplayName>
      <WebResourceType>3</WebResourceType>
      <IntroducedVersion>1.0.0.0</IntroducedVersion>
      <IsEnabledForMobileClient>0</IsEnabledForMobileClient>
      <IsAvailableForMobileOffline>0</IsAvailableForMobileOffline>
      <DependencyXml>&lt;Dependencies&gt;&lt;Dependency componentType="WebResource"/&gt;&lt;/Dependencies&gt;</DependencyXml>
      <IsCustomizable>1</IsCustomizable>
      <CanBeDeleted>1</CanBeDeleted>
      <IsHidden>0</IsHidden>
      <FileName>/WebResources/qm_appjsE4A99E09-D32A-EB11-A813-000D3AF3A7A7</FileName>
    </WebResource>
    <WebResource>
      <WebResourceId>{bf12f64f-d32a-eb11-a813-000d3af3a7a7}</WebResourceId>
      <Name>qm_chunk-vendors.js</Name>
      <WebResourceType>3</WebResourceType>
      <IntroducedVersion>1.0.0.0</IntroducedVersion>
      <IsEnabledForMobileClient>0</IsEnabledForMobileClient>
      <IsAvailableForMobileOffline>0</IsAvailableForMobileOffline>
      <DependencyXml>&lt;Dependencies&gt;&lt;Dependency componentType="WebResource"/&gt;&lt;/Dependencies&gt;</DependencyXml>
      <IsCustomizable>1</IsCustomizable>
      <CanBeDeleted>1</CanBeDeleted>
      <IsHidden>0</IsHidden>
      <FileName>/WebResources/qm_chunk-vendorsjsBF12F64F-D32A-EB11-A813-000D3AF3A7A7</FileName>
    </WebResource>
    <WebResource>
      <WebResourceId>{a823dc62-d32a-eb11-a813-000d3af3a7a7}</WebResourceId>
      <Name>qm_app.css</Name>
      <WebResourceType>2</WebResourceType>
      <IntroducedVersion>1.0.0.0</IntroducedVersion>
      <IsEnabledForMobileClient>0</IsEnabledForMobileClient>
      <IsAvailableForMobileOffline>0</IsAvailableForMobileOffline>
      <DependencyXml>&lt;Dependencies&gt;&lt;Dependency componentType="WebResource"/&gt;&lt;/Dependencies&gt;</DependencyXml>
      <IsCustomizable>1</IsCustomizable>
      <CanBeDeleted>1</CanBeDeleted>
      <IsHidden>0</IsHidden>
      <FileName>/WebResources/qm_appcssA823DC62-D32A-EB11-A813-000D3AF3A7A7</FileName>
    </WebResource>
    <WebResource>
      <WebResourceId>{964e7175-d32a-eb11-a813-000d3af3a7a7}</WebResourceId>
      <Name>qm_chunk-vendors.css</Name>
      <WebResourceType>2</WebResourceType>
      <IntroducedVersion>1.0.0.0</IntroducedVersion>
      <IsEnabledForMobileClient>0</IsEnabledForMobileClient>
      <IsAvailableForMobileOffline>0</IsAvailableForMobileOffline>
      <DependencyXml>&lt;Dependencies&gt;&lt;Dependency componentType="WebResource"/&gt;&lt;/Dependencies&gt;</DependencyXml>
      <IsCustomizable>1</IsCustomizable>
      <CanBeDeleted>1</CanBeDeleted>
      <IsHidden>0</IsHidden>
      <FileName>/WebResources/qm_chunk-vendorscss964E7175-D32A-EB11-A813-000D3AF3A7A7</FileName>
    </WebResource>
  </WebResources>
  <CustomControls />
  <EntityDataProviders />
  <Languages>
    <Language>1033</Language>
    <Language>1036</Language>
  </Languages>
</ImportExportXml>