<ImportExportXml xmlns:xsi="http://www.w3.org/2001/XMLSchema-instance">
  <Entities>
    <Entity>
      <Name LocalizedName="Regional NOP" OriginalName="Regional NOP">ovs_CDRegionalNOP</Name>
      <EntityInfo>
        <entity Name="ovs_CDRegionalNOP">
          <LocalizedNames>
            <LocalizedName description="Regional NOP" languagecode="1033" />
            <LocalizedName description="PNS régional" languagecode="1036" />
          </LocalizedNames>
          <LocalizedCollectionNames>
            <LocalizedCollectionName description="Regional NOPs" languagecode="1033" />
            <LocalizedCollectionName description="Regional NOPs" languagecode="1036" />
          </LocalizedCollectionNames>
          <Descriptions>
            <Description description="NOP For Each Region" languagecode="1033" />
            <Description description="" languagecode="1036" />
          </Descriptions>
          <attributes />
          <EntitySetName>ovs_cdregionalnops</EntitySetName>
          <IsDuplicateCheckSupported>1</IsDuplicateCheckSupported>
          <IsBusinessProcessEnabled>1</IsBusinessProcessEnabled>
          <IsRequiredOffline>0</IsRequiredOffline>
          <IsInteractionCentricEnabled>0</IsInteractionCentricEnabled>
          <IsCollaboration>0</IsCollaboration>
          <AutoRouteToOwnerQueue>0</AutoRouteToOwnerQueue>
          <IsConnectionsEnabled>0</IsConnectionsEnabled>
          <EntityColor></EntityColor>
          <IsDocumentManagementEnabled>0</IsDocumentManagementEnabled>
          <AutoCreateAccessTeams>0</AutoCreateAccessTeams>
          <IsOneNoteIntegrationEnabled>0</IsOneNoteIntegrationEnabled>
          <IsKnowledgeManagementEnabled>0</IsKnowledgeManagementEnabled>
          <IsSLAEnabled>0</IsSLAEnabled>
          <IsDocumentRecommendationsEnabled>0</IsDocumentRecommendationsEnabled>
          <IsBPFEntity>0</IsBPFEntity>
          <OwnershipTypeMask>UserOwned</OwnershipTypeMask>
          <EntityMask>ActivityPointer</EntityMask>
          <IsAuditEnabled>0</IsAuditEnabled>
          <IsRetrieveAuditEnabled>0</IsRetrieveAuditEnabled>
          <IsRetrieveMultipleAuditEnabled>0</IsRetrieveMultipleAuditEnabled>
          <IsActivity>0</IsActivity>
          <ActivityTypeMask></ActivityTypeMask>
          <IsActivityParty>0</IsActivityParty>
          <IsReplicated>0</IsReplicated>
          <IsReplicationUserFiltered>0</IsReplicationUserFiltered>
          <IsMailMergeEnabled>1</IsMailMergeEnabled>
          <IsVisibleInMobile>0</IsVisibleInMobile>
          <IsVisibleInMobileClient>0</IsVisibleInMobileClient>
          <IsReadOnlyInMobileClient>0</IsReadOnlyInMobileClient>
          <IsOfflineInMobileClient>0</IsOfflineInMobileClient>
          <DaysSinceRecordLastModified>0</DaysSinceRecordLastModified>
          <MobileOfflineFilters></MobileOfflineFilters>
          <IsMapiGridEnabled>1</IsMapiGridEnabled>
          <IsReadingPaneEnabled>1</IsReadingPaneEnabled>
          <IsQuickCreateEnabled>0</IsQuickCreateEnabled>
          <SyncToExternalSearchIndex>0</SyncToExternalSearchIndex>
          <IntroducedVersion>1.0.0.0</IntroducedVersion>
          <IsCustomizable>1</IsCustomizable>
          <IsRenameable>1</IsRenameable>
          <IsMappable>1</IsMappable>
          <CanModifyAuditSettings>1</CanModifyAuditSettings>
          <CanModifyMobileVisibility>1</CanModifyMobileVisibility>
          <CanModifyMobileClientVisibility>1</CanModifyMobileClientVisibility>
          <CanModifyMobileClientReadOnly>1</CanModifyMobileClientReadOnly>
          <CanModifyMobileClientOffline>1</CanModifyMobileClientOffline>
          <CanModifyConnectionSettings>1</CanModifyConnectionSettings>
          <CanModifyDuplicateDetectionSettings>1</CanModifyDuplicateDetectionSettings>
          <CanModifyMailMergeSettings>1</CanModifyMailMergeSettings>
          <CanModifyQueueSettings>1</CanModifyQueueSettings>
          <CanCreateAttributes>1</CanCreateAttributes>
          <CanCreateForms>1</CanCreateForms>
          <CanCreateCharts>1</CanCreateCharts>
          <CanCreateViews>1</CanCreateViews>
          <CanModifyAdditionalSettings>1</CanModifyAdditionalSettings>
          <CanEnableSyncToExternalSearchIndex>1</CanEnableSyncToExternalSearchIndex>
          <EnforceStateTransitions>0</EnforceStateTransitions>
          <CanChangeHierarchicalRelationship>1</CanChangeHierarchicalRelationship>
          <EntityHelpUrlEnabled>0</EntityHelpUrlEnabled>
          <ChangeTrackingEnabled>0</ChangeTrackingEnabled>
          <CanChangeTrackingBeEnabled>1</CanChangeTrackingBeEnabled>
          <IsEnabledForExternalChannels>0</IsEnabledForExternalChannels>
          <IsSolutionAware>0</IsSolutionAware>
          <HasRelatedNotes>True</HasRelatedNotes>
          <HasRelatedActivities>True</HasRelatedActivities>
        </entity>
      </EntityInfo>
      <FormXml>
        <forms type="main">
          <systemform>
            <formid>{72439443-0dce-4ea0-8afe-d2cb17c679bc}</formid>
            <IntroducedVersion>1.0.0.0</IntroducedVersion>
            <FormPresentation>1</FormPresentation>
            <FormActivationState>1</FormActivationState>
            <form headerdensity="HighWithControls" shownavigationbar="true" showImage="false" maxWidth="1920">
              <tabs>
                <tab verticallayout="true" id="{7496e746-4fb2-4e1e-8943-847ac9149c1e}" IsUserDefined="1">
                  <labels>
                    <label description="General" languagecode="1033" />
                    <label description="Général" languagecode="1036" />
                  </labels>
                  <columns>
                    <column width="33%">
                      <sections>
                        <section showlabel="false" showbar="false" IsUserDefined="0" id="{a726b8b5-cd8d-4363-b9ce-95db62b4a4a1}">
                          <labels>
                            <label description="General" languagecode="1033" />
                            <label description="Général" languagecode="1036" />
                          </labels>
                          <rows>
                            <row>
                              <cell id="{d2362885-b138-488d-b934-6bd48c61bcaa}" showlabel="true" locklevel="0" visible="false">
                                <labels>
                                  <label description="Name" languagecode="1033" />
                                  <label description="Name" languagecode="1036" />
                                </labels>
                                <control id="ovs_name" classid="{4273EDBD-AC1D-40d3-9FB2-095C621B552D}" datafieldname="ovs_name" uniqueid="{1cdcc03a-2216-5465-ce0d-4dc767ea738b}" disabled="true" />
                              </cell>
                            </row>
                            <row>
                              <cell id="{95cbd5da-511d-2146-a1b7-d3ecd8d1880c}" showlabel="true" locklevel="0">
                                <labels>
                                  <label description="NOP" languagecode="1033" />
                                  <label description="PNS" languagecode="1036" />
                                </labels>
                                <control id="ovs_cdnopid" classid="{270BD3DB-D9AF-4782-9025-509E298DEC0A}" datafieldname="ovs_cdnopid" disabled="true" uniqueid="{59d5954b-91eb-74dd-1645-8d601a465b8b}">
                                  <parameters>
                                    <AutoResolve>true</AutoResolve>
                                    <DisableMru>false</DisableMru>
                                    <DisableQuickFind>false</DisableQuickFind>
                                    <DisableViewPicker>false</DisableViewPicker>
                                    <DefaultViewId>{DC4E3577-07B5-4EE7-8C7F-2D6AC3DF3D00}</DefaultViewId>
                                    <AllowFilterOff>false</AllowFilterOff>
                                  </parameters>
                                </control>
                              </cell>
                            </row>
                            <row>
                              <cell id="{7e299a32-ea6c-6a35-ac09-ae869c33aad2}" showlabel="true" locklevel="0">
                                <labels>
                                  <label description="Fiscal Year" languagecode="1033" />
                                  <label description="Année fiscale" languagecode="1036" />
                                </labels>
                                <control id="ovs_cdfiscalyearid" classid="{270BD3DB-D9AF-4782-9025-509E298DEC0A}" datafieldname="ovs_cdfiscalyearid" disabled="true" uniqueid="{b22150dc-b6db-5733-a98b-6540a428eba2}">
                                  <parameters>
                                    <AutoResolve>true</AutoResolve>
                                    <DisableMru>false</DisableMru>
                                    <DisableQuickFind>false</DisableQuickFind>
                                    <DisableViewPicker>false</DisableViewPicker>
                                    <DefaultViewId>{C2B848E9-8D49-4972-8E80-06A8B98802A1}</DefaultViewId>
                                    <AllowFilterOff>false</AllowFilterOff>
                                  </parameters>
                                </control>
                              </cell>
                            </row>
                            <row>
                              <cell id="{a0449ae8-e341-402c-498b-65ab9b156072}" showlabel="true" locklevel="0">
                                <labels>
                                  <label description="Region" languagecode="1033" />
                                  <label description="Région" languagecode="1036" />
                                </labels>
                                <control id="ovs_cdregionid" classid="{270BD3DB-D9AF-4782-9025-509E298DEC0A}" datafieldname="ovs_cdregionid" disabled="false" uniqueid="{87a407be-c198-e3ca-d734-20e2d9914d72}">
                                  <parameters>
                                    <AutoResolve>true</AutoResolve>
                                    <DisableMru>false</DisableMru>
                                    <DisableQuickFind>false</DisableQuickFind>
                                    <DisableViewPicker>false</DisableViewPicker>
                                    <DefaultViewId>{AD81B2CA-9789-4465-8C56-94C10830A6ED}</DefaultViewId>
                                    <AllowFilterOff>false</AllowFilterOff>
                                  </parameters>
                                </control>
                              </cell>
                            </row>
                            <row>
                              <cell id="{74b7eed4-8c74-d12a-c542-831d73a9dbab}" showlabel="true" locklevel="0">
                                <labels>
                                  <label description="Total Capacity" languagecode="1033" />
                                  <label description="Capacité" languagecode="1036" />
                                </labels>
                                <control id="ovs_capacity" classid="{C6D124CA-7EDA-4a60-AEA9-7FB8D318B68F}" datafieldname="ovs_capacity" disabled="false" uniqueid="{76d430e6-b35e-0d10-0984-3c42aed3d579}" />
                              </cell>
                            </row>
                            <row>
                              <cell id="{6cc5edbc-5be6-0e8c-31a6-2ab3c4cd0ebb}" showlabel="true" locklevel="0">
                                <labels>
                                  <label description="Unplanned Forecast" languagecode="1033" />
                                  <label description="Prévisions non-planifiées" languagecode="1036" />
                                </labels>
                                <control id="ovs_unplannedforecast" classid="{C6D124CA-7EDA-4a60-AEA9-7FB8D318B68F}" datafieldname="ovs_unplannedforecast" disabled="true" uniqueid="{0e32cc9a-8e19-b87d-002d-b5239725a1a5}" />
                              </cell>
                            </row>
                            <row>
                              <cell id="{b8571bba-d2c8-a85e-7477-2d81508ae0cc}" showlabel="true" locklevel="0">
                                <labels>
                                  <label description="Planned Capacity" languagecode="1033" />
                                  <label description="Capacité prévue" languagecode="1036" />
                                </labels>
                                <control id="ovs_plannedwoccount" classid="{C6D124CA-7EDA-4a60-AEA9-7FB8D318B68F}" datafieldname="ovs_plannedwoccount" disabled="false" uniqueid="{dd3b98b7-2687-8a53-1021-e528e6a21830}" />
                              </cell>
                            </row>
                            <row>
                              <cell id="{e82d824b-74b8-a62a-82d7-614903d69a3b}" showlabel="true" locklevel="0">
                                <labels>
                                  <label description="HQ Variance" languagecode="1033" />
                                  <label description="La variance pour les candidats à l'ordre de travail" languagecode="1036" />
                                </labels>
                                <control id="ovs_cdwocvariance" classid="{C6D124CA-7EDA-4a60-AEA9-7FB8D318B68F}" datafieldname="ovs_cdwocvariance" disabled="false" uniqueid="{862d8495-35cb-bda9-0cd0-46dda23d9ab7}" />
                              </cell>
                            </row>
                            <row>
                              <cell id="{28e5d686-d8de-3a5c-4d9a-91a2d3b4cb98}" showlabel="true" locklevel="0">
                                <labels>
                                  <label description="Region Variance" languagecode="1033" />
                                  <label description="La variance pour la région" languagecode="1036" />
                                </labels>
                                <control id="ovs_cdregionvariance" classid="{C6D124CA-7EDA-4a60-AEA9-7FB8D318B68F}" datafieldname="ovs_cdregionvariance" disabled="false" />
                              </cell>
                            </row>
                          </rows>
                        </section>
                      </sections>
                    </column>
                    <column width="66%">
                      <sections>
                        <section showlabel="false" showbar="false" id="{da0f1c90-87ff-49fd-892d-ef41ceb7ba64}" IsUserDefined="0" height="auto">
                          <labels>
                            <label description="Notes" languagecode="1033" />
                          </labels>
                          <rows>
                            <row>
                              <cell showlabel="false" rowspan="15" auto="false" id="{ba6c76ff-983f-4861-bc41-d7ab27923b66}">
                                <labels>
                                  <label description="Note Text" languagecode="1033" />
                                  <label description="Texte de la remarque" languagecode="1036" />
                                </labels>
                                <control id="notescontrol" classid="{06375649-c143-495e-a496-c962e5b4488e}">
                                  <parameters>
                                    <DefaultTabId>NotesTab</DefaultTabId>
                                  </parameters>
                                </control>
                              </cell>
                            </row>
                            <row />
                            <row />
                            <row />
                            <row />
                            <row />
                            <row />
                            <row />
                            <row />
                            <row />
                            <row />
                            <row />
                            <row />
                            <row />
                            <row height="auto" />
                          </rows>
                        </section>
                      </sections>
                    </column>
                  </columns>
                </tab>
                <tab name="tab_2" id="bc2e6086-983c-4c8d-85d7-83d83951735b" IsUserDefined="0" locklevel="0" showlabel="true">
                  <labels>
                    <label description="Work Order Candidates" languagecode="1033" />
                    <label description="Candidat à l’ordre de travail" languagecode="1036" />
                  </labels>
                  <columns>
                    <column width="100%">
                      <sections>
                        <section name="tab_2_section_1" id="3c4b170d-f50e-4034-bf82-ff058ec74e1d" IsUserDefined="0" locklevel="0" showlabel="false" showbar="false" layout="varwidth" celllabelalignment="Left" celllabelposition="Top" columns="1" labelwidth="115" height="auto">
                          <labels>
                            <label description="Planned Inspections" languagecode="1033" />
                          </labels>
                          <rows>
                            <row>
                              <cell locklevel="0" id="{693fdba2-bc3e-4648-b81a-2058eae4d072}" rowspan="5" colspan="1" showlabel="true" auto="true">
                                <labels>
                                  <label description="Planned Inspections" languagecode="1033" />
                                  <label description="Work Order Candidates" languagecode="1036" />
                                </labels>
                                <control id="Subgrid_1" classid="{F9A8A302-114E-466A-B582-6771B2AE0D92}" indicationOfSubgrid="true" uniqueid="{ce823438-e3c3-2569-23b6-86b3121c7eda}">
                                  <parameters>
                                    <TargetEntityType>ovs_workordercandidate</TargetEntityType>
                                    <ViewId>{BA8A6646-0C52-EC11-8F8E-000D3AE8EDDC}</ViewId>
                                    <EnableViewPicker>true</EnableViewPicker>
                                    <RelationshipName>ovs_CDRegionalNOP_WorkOrderCandidate</RelationshipName>
                                    <RecordsPerPage>50</RecordsPerPage>
                                    <AutoExpand>Auto</AutoExpand>
                                    <HeaderColorCode>#F3F3F3</HeaderColorCode>
                                    <IsUserView>false</IsUserView>
                                    <EnableQuickFind>true</EnableQuickFind>
                                    <EnableJumpBar>false</EnableJumpBar>
                                    <ChartGridMode>All</ChartGridMode>
                                    <VisualizationId />
                                    <IsUserChart>false</IsUserChart>
                                    <EnableChartPicker>true</EnableChartPicker>
                                    <ViewIds />
                                  </parameters>
                                </control>
                              </cell>
                            </row>
                            <row />
                            <row />
                            <row />
                            <row height="auto" />
                          </rows>
                        </section>
                      </sections>
                    </column>
                  </columns>
                </tab>
              </tabs>
              <header id="{038dfd71-0084-47c2-9b2c-afb1aa20d5db}" columns="111">
                <rows>
                  <row>
                    <cell id="{753a07ee-8901-e134-489b-c3b71b063e73}" showlabel="true" locklevel="0">
                      <labels>
                        <label description="Status" languagecode="1033" />
                        <label description="Statut" languagecode="1036" />
                      </labels>
                      <control id="header_statecode" classid="{3EF39988-22BB-4f0b-BBBE-64B5A3748AEE}" datafieldname="statecode" disabled="false" />
                    </cell>
                    <cell id="{aea40cba-72e3-c62b-bd69-d5069bd0a815}" showlabel="true" locklevel="0">
                      <labels>
                        <label description="Status Reason" languagecode="1033" />
                        <label description="Raison du statut" languagecode="1036" />
                      </labels>
                      <control id="header_statuscode" classid="{5D68B988-0661-4db2-BC3E-17598AD3BE6C}" datafieldname="statuscode" disabled="false" />
                    </cell>
                    <cell id="{4d927726-189e-a795-388b-76e08dd18c8a}" showlabel="true" locklevel="0">
                      <labels>
                        <label description="Owner" languagecode="1033" />
                        <label description="Propriétaire" languagecode="1036" />
                      </labels>
                      <control id="header_ownerid" classid="{270BD3DB-D9AF-4782-9025-509E298DEC0A}" datafieldname="ownerid" disabled="false" />
                    </cell>
                  </row>
                </rows>
              </header>
              <Navigation>
                <NavBar></NavBar>
                <NavBarAreas>
                  <NavBarArea Id="Info">
                    <Titles>
                      <Title LCID="1033" Text="Common" />
                    </Titles>
                  </NavBarArea>
                  <NavBarArea Id="Sales">
                    <Titles>
                      <Title LCID="1033" Text="Sales" />
                    </Titles>
                  </NavBarArea>
                  <NavBarArea Id="Service">
                    <Titles>
                      <Title LCID="1033" Text="Service" />
                    </Titles>
                  </NavBarArea>
                  <NavBarArea Id="Marketing">
                    <Titles>
                      <Title LCID="1033" Text="Marketing" />
                    </Titles>
                  </NavBarArea>
                  <NavBarArea Id="ProcessCenter">
                    <Titles>
                      <Title LCID="1033" Text="Process Sessions" />
                    </Titles>
                  </NavBarArea>
                </NavBarAreas>
              </Navigation>
              <controlDescriptions>
                <controlDescription forControl="{ce823438-e3c3-2569-23b6-86b3121c7eda}">
                  <customControl id="{E7A81278-8635-4d9e-8D4D-59480B391C5B}" formFactor="0">
                    <parameters>
                      <TargetEntityType>ovs_workordercandidate</TargetEntityType>
                      <ViewId>{BA8A6646-0C52-EC11-8F8E-000D3AE8EDDC}</ViewId>
                      <EnableViewPicker>true</EnableViewPicker>
                      <RelationshipName>ovs_CDRegionalNOP_WorkOrderCandidate</RelationshipName>
                      <RecordsPerPage>50</RecordsPerPage>
                      <AutoExpand>Auto</AutoExpand>
                      <HeaderColorCode>#F3F3F3</HeaderColorCode>
                      <IsUserView>false</IsUserView>
                      <EnableQuickFind>true</EnableQuickFind>
                      <EnableJumpBar>false</EnableJumpBar>
                      <ChartGridMode>All</ChartGridMode>
                      <VisualizationId />
                      <IsUserChart>false</IsUserChart>
                      <EnableChartPicker>true</EnableChartPicker>
                      <ViewIds />
                    </parameters>
                  </customControl>
                  <customControl formFactor="1" name="MscrmControls.Grid.GridControl">
                    <parameters>
                      <data-set name="Grid">
                        <ViewId>{BA8A6646-0C52-EC11-8F8E-000D3AE8EDDC}</ViewId>
                        <columnsDefaultView />
                        <IsUserView>false</IsUserView>
                        <RelationshipName>ovs_CDRegionalNOP_WorkOrderCandidate</RelationshipName>
                        <TargetEntityType>ovs_workordercandidate</TargetEntityType>
                        <EnableViewPicker>true</EnableViewPicker>
                        <FilteredViewIds />
                      </data-set>
                      <EnableGroupBy static="true" type="Enum">yes</EnableGroupBy>
                      <EnableEditing static="true" type="Enum">yes</EnableEditing>
                      <ReflowBehavior static="true" type="Enum">GridOnly</ReflowBehavior>
                      <ListLayoutDirection static="true" type="Enum">Vertical</ListLayoutDirection>
                      <EnableSubGridAutoCollapse static="true" type="Enum">false</EnableSubGridAutoCollapse>
                      <EnableFiltering static="true" type="Enum">yes</EnableFiltering>
                      <HideNestedGridColumnHeader static="true" type="Enum">no</HideNestedGridColumnHeader>
                      <EnableJumpBar static="true" type="Enum">yes</EnableJumpBar>
                    </parameters>
                  </customControl>
                  <customControl formFactor="2" name="MscrmControls.Grid.GridControl">
                    <parameters>
                      <data-set name="Grid">
                        <ViewId>{BA8A6646-0C52-EC11-8F8E-000D3AE8EDDC}</ViewId>
                        <columnsDefaultView />
                        <IsUserView>false</IsUserView>
                        <RelationshipName>ovs_CDRegionalNOP_WorkOrderCandidate</RelationshipName>
                        <TargetEntityType>ovs_workordercandidate</TargetEntityType>
                        <EnableViewPicker>true</EnableViewPicker>
                        <FilteredViewIds />
                      </data-set>
                      <EnableGroupBy static="true" type="Enum">yes</EnableGroupBy>
                      <EnableEditing static="true" type="Enum">yes</EnableEditing>
                      <ReflowBehavior static="true" type="Enum">GridOnly</ReflowBehavior>
                      <ListLayoutDirection static="true" type="Enum">Vertical</ListLayoutDirection>
                      <EnableSubGridAutoCollapse static="true" type="Enum">false</EnableSubGridAutoCollapse>
                      <EnableFiltering static="true" type="Enum">yes</EnableFiltering>
                      <HideNestedGridColumnHeader static="true" type="Enum">no</HideNestedGridColumnHeader>
                      <EnableJumpBar static="true" type="Enum">yes</EnableJumpBar>
                    </parameters>
                  </customControl>
                </controlDescription>
              </controlDescriptions>
              <footer id="{b8d84b06-045f-4b34-b98e-0d3e7210e638}" celllabelposition="Top" columns="111" labelwidth="115" celllabelalignment="Left">
                <rows>
                  <row>
                    <cell id="{1c1593f1-9607-4edf-a0e9-84114cddd08a}" showlabel="false">
                      <labels>
                        <label description="" languagecode="1033" />
                      </labels>
                    </cell>
                    <cell id="{b6355e4d-9a68-4e23-8064-7165e38fb0b9}" showlabel="false">
                      <labels>
                        <label description="" languagecode="1033" />
                      </labels>
                    </cell>
                    <cell id="{b2b23a15-2b82-4b95-a9e9-ad091d1a40d4}" showlabel="false">
                      <labels>
                        <label description="" languagecode="1033" />
                      </labels>
                    </cell>
                  </row>
                </rows>
              </footer>
              <formLibraries>
                <Library name="qm_globalHelper.js" libraryUniqueId="{4ce05cbc-16e0-8b0e-6bc0-a14135bcb80a}" />
                <Library name="ovs_RNOP_ValidationFunctions.js" libraryUniqueId="{5baec5ad-6c5e-716b-a62a-44d301ad6ea1}" />
                <Library name="ovs_RegionalNOPMainForm" libraryUniqueId="{d9e72280-07ec-d70e-b3cd-2e7ad2b3459c}" />
              </formLibraries>
              <events>
                <event name="onload" application="false" active="false">
                  <Handlers>
                    <Handler functionName="OnLoad" libraryName="ovs_RegionalNOPMainForm" handlerUniqueId="{0a1ceadb-676d-a0c9-8d50-14e7b9e43d37}" enabled="true" parameters="" passExecutionContext="true" />
                  </Handlers>
                </event>
              </events>
              <DisplayConditions Order="0" FallbackForm="true">
                <Everyone />
              </DisplayConditions>
            </form>
            <IsCustomizable>1</IsCustomizable>
            <CanBeDeleted>1</CanBeDeleted>
            <LocalizedNames>
              <LocalizedName description="Information" languagecode="1033" />
            </LocalizedNames>
            <Descriptions>
              <Description description="A form for this entity." languagecode="1033" />
            </Descriptions>
          </systemform>
        </forms>
      </FormXml>
      <RibbonDiffXml>
        <CustomActions>
          <HideCustomAction HideActionId="new.Mscrm.Form.ovs_cdregionalnop.NewRecord.Hide" Location="Mscrm.Form.ovs_cdregionalnop.NewRecord" />
          <HideCustomAction HideActionId="new.Mscrm.HomepageGrid.ovs_cdregionalnop.NewRecord.Hide" Location="Mscrm.HomepageGrid.ovs_cdregionalnop.NewRecord" />
          <HideCustomAction HideActionId="new.Mscrm.SubGrid.ovs_cdregionalnop.NewRecord.Hide" Location="Mscrm.SubGrid.ovs_cdregionalnop.NewRecord" />
          <CustomAction Id="ovs.ovs_cdregionalnop.btnFillCapacity.CustomAction" Location="Mscrm.Form.ovs_cdregionalnop.MainTab.Save.Controls._children" Sequence="46">
            <CommandUIDefinition>
              <Button Alt="$LocLabels:ovs.ovs_cdregionalnop.btnFillCapacity.Alt" Command="ovs.ovs_cdregionalnop.Command.cmdFillRegionalCapacity" Id="ovs.ovs_cdregionalnop.btnFillCapacity" Image32by32="/_imgs/Workplace/ConvertActivity_32.png" Image16by16="/_imgs/Workplace/ConvertActivity_16.png" LabelText="$LocLabels:ovs.ovs_cdregionalnop.btnFillCapacity.LabelText" Sequence="46" TemplateAlias="o2" ToolTipTitle="$LocLabels:ovs.ovs_cdregionalnop.btnFillCapacity.ToolTipTitle" ModernImage="Process" />
            </CommandUIDefinition>
          </CustomAction>
          <CustomAction Id="ovs.ovs_cdregionalnop.Button.btnReCalculateTotals.CustomAction" Location="Mscrm.Form.ovs_cdregionalnop.MainTab.Save.Controls._children" Sequence="44">
            <CommandUIDefinition>
              <Button Command="ovs.ovs_cdregionalnop.Command.cmdReCalculateTotals" Id="ovs.ovs_cdregionalnop.Button.btnReCalculateTotals" Image32by32="/_imgs/ribbon/AddToQueue_32.png" Image16by16="/_imgs/ribbon/AddToQueue_16.png" LabelText="$LocLabels:ovs.ovs_cdregionalnop.Button.btnReCalculateTotals.LabelText" Sequence="44" TemplateAlias="o2" ToolTipTitle="$LocLabels:ovs.ovs_cdregionalnop.Button.btnReCalculateTotals.ToolTipTitle" ModernImage="AddToQueue" />
            </CommandUIDefinition>
          </CustomAction>
          <CustomAction Id="ovs.ovs_cdregionalnop.Button.GenerateWO.CustomAction" Location="Mscrm.Form.ovs_cdregionalnop.MainTab.Save.Controls._children" Sequence="48">
            <CommandUIDefinition>
              <Button Alt="$LocLabels:ovs.ovs_cdregionalnop.Button.GenerateWO.Alt" Command="ovs.ovs_cdregionalnop.Command.GenerateWO" Id="ovs.ovs_cdregionalnop.Button.GenerateWO" Image32by32="$webresource:AppCommon/_imgs/Workplace/ConvertActivity_32.png" Image16by16="$webresource:AppCommon/_imgs/Workplace/ConvertActivity_16.png" LabelText="$LocLabels:ovs.ovs_cdregionalnop.Button.GenerateWO.LabelText" Sequence="48" TemplateAlias="o2" ToolTipTitle="$LocLabels:ovs.ovs_cdregionalnop.Button.GenerateWO.ToolTipTitle" ModernImage="$webresource:ArcSlaMigrationCommon/_imgs/MigrationTool.svg" />
            </CommandUIDefinition>
          </CustomAction>
        </CustomActions>
        <Templates>
          <RibbonTemplates Id="Mscrm.Templates"></RibbonTemplates>
        </Templates>
        <CommandDefinitions>
          <CommandDefinition Id="ovs.ovs_cdregionalnop.Command.cmdFillRegionalCapacity">
            <EnableRules />
            <DisplayRules />
            <Actions>
              <JavaScriptFunction FunctionName="FillRegionalCapacity" Library="$webresource:ovs_RegionalNOPMainForm">
                <CrmParameter Value="PrimaryControl" />
              </JavaScriptFunction>
            </Actions>
          </CommandDefinition>
          <CommandDefinition Id="ovs.ovs_cdregionalnop.Command.cmdReCalculateTotals">
            <EnableRules />
            <DisplayRules />
            <Actions>
              <JavaScriptFunction FunctionName="reCalculateTotals" Library="$webresource:ovs_RegionalNOPMainForm">
                <CrmParameter Value="PrimaryControl" />
              </JavaScriptFunction>
            </Actions>
          </CommandDefinition>
          <CommandDefinition Id="ovs.ovs_cdregionalnop.Command.GenerateWO">
            <EnableRules />
            <DisplayRules />
            <Actions>
              <JavaScriptFunction FunctionName="RegionNOPRibbon.on_runGenerateWO" Library="$webresource:ovs_RegionalNOP_Ribbon">
                <CrmParameter Value="PrimaryControl" />
              </JavaScriptFunction>
            </Actions>
          </CommandDefinition>
        </CommandDefinitions>
        <RuleDefinitions>
          <TabDisplayRules />
          <DisplayRules />
          <EnableRules />
        </RuleDefinitions>
        <LocLabels>
          <LocLabel Id="ovs.ovs_cdregionalnop.btnFillCapacity.Alt">
            <Titles>
              <Title description="Fill Regional Capacity" languagecode="1033" />
              <Title description="Remplissez la capacité de la région" languagecode="1036" />
            </Titles>
          </LocLabel>
          <LocLabel Id="ovs.ovs_cdregionalnop.btnFillCapacity.LabelText">
            <Titles>
              <Title description="Fill Regional Capacity" languagecode="1033" />
              <Title description="Remplissez la capacité de la région" languagecode="1036" />
            </Titles>
          </LocLabel>
          <LocLabel Id="ovs.ovs_cdregionalnop.btnFillCapacity.ToolTipTitle">
            <Titles>
              <Title description="Fill Remaining Regional Capacity With Highest Priority Score Operations." languagecode="1033" />
            </Titles>
          </LocLabel>
          <LocLabel Id="ovs.ovs_cdregionalnop.Button.btnReCalculateTotals.LabelText">
            <Titles>
              <Title description="Recalculate Totals" languagecode="1033" />
            </Titles>
          </LocLabel>
          <LocLabel Id="ovs.ovs_cdregionalnop.Button.btnReCalculateTotals.ToolTipTitle">
            <Titles>
              <Title description="Recalculate WOC Totals" languagecode="1033" />
            </Titles>
          </LocLabel>
          <LocLabel Id="ovs.ovs_cdregionalnop.Button.GenerateWO.Alt">
            <Titles>
              <Title description="Generate Work Orders" languagecode="1033" />
              <Title description="Générez les ordres de travail" languagecode="1036" />
            </Titles>
          </LocLabel>
          <LocLabel Id="ovs.ovs_cdregionalnop.Button.GenerateWO.LabelText">
            <Titles>
              <Title description="Generate Work Orders" languagecode="1033" />
              <Title description="Générez les ordres de travail" languagecode="1036" />
            </Titles>
          </LocLabel>
          <LocLabel Id="ovs.ovs_cdregionalnop.Button.GenerateWO.ToolTipTitle">
            <Titles>
              <Title description="Generate the Work Orders based on the Regional NOP" languagecode="1033" />
            </Titles>
          </LocLabel>
        </LocLabels>
      </RibbonDiffXml>
    </Entity>
    <Entity>
      <Name LocalizedName="Operation" OriginalName="Operation">ovs_MOCRegistration</Name>
      <RibbonDiffXml>
        <CustomActions>
          <CustomAction Id="ovs.Mscrm.Form.ovs_mocregistration.NewRecord.CustomAction" Location="Mscrm.Form.ovs_mocregistration.MainTab.Save.Controls._children" Sequence="45">
            <CommandUIDefinition>
              <Button Alt="$Resources:Ribbon.HomepageGrid.MainTab.New" Command="Mscrm.NewRecordFromForm" Id="Mscrm.Form.ovs_mocregistration.NewRecord" Image32by32="/_imgs/ribbon/newrecord32.png" Image16by16="/_imgs/ribbon/NewRecord_16.png" LabelText="$LocLabels:Mscrm.Form.ovs_mocregistration.NewRecord.LabelText" Sequence="45" TemplateAlias="o1" ToolTipTitle="$Resources:Ribbon.HomepageGrid.MainTab.New" ToolTipDescription="$Resources(EntityDisplayName):Ribbon.Tooltip.New" ModernImage="New" />
            </CommandUIDefinition>
          </CustomAction>
          <CustomAction Id="ovs.Mscrm.Form.ovs_mocregistration.NewRecordForBPFEntity.CustomAction" Location="Mscrm.Form.ovs_mocregistration.MainTab.Save.Controls._children" Sequence="45">
            <CommandUIDefinition>
              <Button Alt="$Resources:Ribbon.HomepageGrid.MainTab.New" Command="Mscrm.Form.NewRecordForBPFEntity" Id="Mscrm.Form.ovs_mocregistration.NewRecordForBPFEntity" Image32by32="/_imgs/ribbon/newrecord32.png" Image16by16="/_imgs/ribbon/NewRecord_16.png" LabelText="$Resources:Ribbon.HomepageGrid.MainTab.New" Sequence="45" TemplateAlias="o1" ToolTipTitle="$Resources:Ribbon.HomepageGrid.MainTab.New" ToolTipDescription="$Resources(EntityDisplayName):Ribbon.Tooltip.New" ModernImage="New" />
            </CommandUIDefinition>
          </CustomAction>
          <HideCustomAction HideActionId="ovs.Mscrm.SubGrid.ovs_mocregistration.AddExistingAssoc.Hide" Location="Mscrm.SubGrid.ovs_mocregistration.AddExistingAssoc" />
          <CustomAction Id="ovs.Mscrm.SubGrid.ovs_mocregistration.AddExistingStandard.CustomAction" Location="Mscrm.SubGrid.ovs_mocregistration.MainTab.Management.Controls._children" Sequence="30">
            <CommandUIDefinition>
              <Button Alt="$LocLabels:Mscrm.SubGrid.ovs_mocregistration.AddExistingStandard.Alt" Command="" Id="Mscrm.SubGrid.ovs_mocregistration.AddExistingStandard" Image32by32="/_imgs/ribbon/AddExistingStandard_32.png" Image16by16="/_imgs/ribbon/AddExistingStandard_16.png" LabelText="$LocLabels:Mscrm.SubGrid.ovs_mocregistration.AddExistingStandard.LabelText" Sequence="30" TemplateAlias="o1" ToolTipTitle="$LocLabels:Mscrm.SubGrid.ovs_mocregistration.AddExistingStandard.ToolTipTitle" ToolTipDescription="$Resources(EntityDisplayName):Mscrm_SubGrid_EntityLogicalName_MainTab_Management_AddExistingStandard_ToolTipDescription" ModernImage="AddExisting" />
            </CommandUIDefinition>
          </CustomAction>
          <CustomAction Id="ovs.Mscrm.SubGrid.ovs_mocregistration.AddNewStandard.CustomAction" Location="Mscrm.SubGrid.ovs_mocregistration.MainTab.Management.Controls._children" Sequence="20">
            <CommandUIDefinition>
              <Button Alt="$LocLabels:Mscrm.SubGrid.ovs_mocregistration.AddNewStandard.Alt" Command="Mscrm.AddNewRecordFromSubGridStandard" Id="Mscrm.SubGrid.ovs_mocregistration.AddNewStandard" Image32by32="/_imgs/ribbon/newrecord32.png" Image16by16="/_imgs/ribbon/New_16.png" LabelText="$LocLabels:Mscrm.SubGrid.ovs_mocregistration.AddNewStandard.LabelText" Sequence="20" TemplateAlias="o1" ToolTipTitle="$LocLabels:Mscrm.SubGrid.ovs_mocregistration.AddNewStandard.ToolTipTitle" ToolTipDescription="$Resources(EntityDisplayName):Mscrm_SubGrid_EntityLogicalName_MainTab_Management_AddNewStandard_ToolTipDescription" ModernImage="New" />
            </CommandUIDefinition>
          </CustomAction>
        </CustomActions>
        <Templates>
          <RibbonTemplates Id="Mscrm.Templates"></RibbonTemplates>
        </Templates>
        <CommandDefinitions />
        <RuleDefinitions>
          <TabDisplayRules />
          <DisplayRules />
          <EnableRules />
        </RuleDefinitions>
        <LocLabels>
          <LocLabel Id="Mscrm.Form.ovs_mocregistration.NewRecord.LabelText">
            <Titles>
              <Title description="New" languagecode="1033" />
              <Title description="New" languagecode="1036" />
            </Titles>
          </LocLabel>
          <LocLabel Id="Mscrm.SubGrid.ovs_mocregistration.AddExistingStandard.Alt">
            <Titles>
              <Title description="Add Existing {0}" languagecode="1033" />
              <Title description="Ajouter un {0}" languagecode="1036" />
            </Titles>
          </LocLabel>
          <LocLabel Id="Mscrm.SubGrid.ovs_mocregistration.AddExistingStandard.LabelText">
            <Titles>
              <Title description="Add Existing {0}" languagecode="1033" />
              <Title description="Ajouter un {0}" languagecode="1036" />
            </Titles>
          </LocLabel>
          <LocLabel Id="Mscrm.SubGrid.ovs_mocregistration.AddExistingStandard.ToolTipTitle">
            <Titles>
              <Title description="Add Existing​​ {0}" languagecode="1033" />
              <Title description="Ajouter un​​ {0}" languagecode="1036" />
            </Titles>
          </LocLabel>
          <LocLabel Id="Mscrm.SubGrid.ovs_mocregistration.AddNewStandard.Alt">
            <Titles>
              <Title description="Add New {0}" languagecode="1033" />
              <Title description="Nouvelle {0}" languagecode="1036" />
            </Titles>
          </LocLabel>
          <LocLabel Id="Mscrm.SubGrid.ovs_mocregistration.AddNewStandard.LabelText">
            <Titles>
              <Title description="Add New {0}" languagecode="1033" />
              <Title description="Nouvelle {0}" languagecode="1036" />
            </Titles>
          </LocLabel>
          <LocLabel Id="Mscrm.SubGrid.ovs_mocregistration.AddNewStandard.ToolTipTitle">
            <Titles>
              <Title description="Add New {0}" languagecode="1033" />
              <Title description="Nouvelle {0}" languagecode="1036" />
            </Titles>
          </LocLabel>
        </LocLabels>
      </RibbonDiffXml>
    </Entity>
    <Entity>
      <Name LocalizedName="Modes" OriginalName="Modes">ovs_modes</Name>
      <RibbonDiffXml>
        <CustomActions>
          <CustomAction Id="tc.Mscrm.SubGrid.ovs_modes.AddExistingAssoc.CustomAction" Location="Mscrm.SubGrid.ovs_modes.MainTab.Management.Controls._children" Sequence="40">
            <CommandUIDefinition>
              <Button Alt="$LocLabels:Mscrm.SubGrid.ovs_modes.AddExistingAssoc.Alt" Command="Mscrm.AddExistingRecordFromSubGridAssociated" Id="Mscrm.SubGrid.ovs_modes.AddExistingAssoc" Image32by32="/_imgs/ribbon/AddExistingStandard_32.png" Image16by16="/_imgs/ribbon/AddExistingStandard_16.png" LabelText="$LocLabels:Mscrm.SubGrid.ovs_modes.AddExistingAssoc.LabelText" Sequence="40" TemplateAlias="o1" ToolTipTitle="$LocLabels:Mscrm.SubGrid.ovs_modes.AddExistingAssoc.ToolTipTitle" ToolTipDescription="$Resources(EntityDisplayName):Mscrm_SubGrid_EntityLogicalName_MainTab_Management_AddExistingAssoc_ToolTipDescription" ModernImage="AddExisting" />
            </CommandUIDefinition>
          </CustomAction>
          <CustomAction Id="tc.Mscrm.SubGrid.ovs_modes.AddExistingStandard.CustomAction" Location="Mscrm.SubGrid.ovs_modes.MainTab.Management.Controls._children" Sequence="30">
            <CommandUIDefinition>
              <Button Alt="$LocLabels:Mscrm.SubGrid.ovs_modes.AddExistingStandard.Alt" Command="Mscrm.AddExistingRecordFromSubGridStandard" Id="Mscrm.SubGrid.ovs_modes.AddExistingStandard" Image32by32="/_imgs/ribbon/AddExistingStandard_32.png" Image16by16="/_imgs/ribbon/AddExistingStandard_16.png" LabelText="$LocLabels:Mscrm.SubGrid.ovs_modes.AddExistingStandard.LabelText" Sequence="30" TemplateAlias="o1" ToolTipTitle="$LocLabels:Mscrm.SubGrid.ovs_modes.AddExistingStandard.ToolTipTitle" ToolTipDescription="$Resources(EntityDisplayName):Mscrm_SubGrid_EntityLogicalName_MainTab_Management_AddExistingStandard_ToolTipDescription" ModernImage="AddExisting" />
            </CommandUIDefinition>
          </CustomAction>
        </CustomActions>
        <Templates>
          <RibbonTemplates Id="Mscrm.Templates"></RibbonTemplates>
        </Templates>
        <CommandDefinitions />
        <RuleDefinitions>
          <TabDisplayRules />
          <DisplayRules />
          <EnableRules />
        </RuleDefinitions>
        <LocLabels>
          <LocLabel Id="Mscrm.SubGrid.ovs_modes.AddExistingAssoc.Alt">
            <Titles>
              <Title description="Add Existing {0}" languagecode="1033" />
              <Title description="Ajouter un {0}" languagecode="1036" />
            </Titles>
          </LocLabel>
          <LocLabel Id="Mscrm.SubGrid.ovs_modes.AddExistingAssoc.LabelText">
            <Titles>
              <Title description="Add Existing {0}" languagecode="1033" />
              <Title description="Ajouter un {0}" languagecode="1036" />
            </Titles>
          </LocLabel>
          <LocLabel Id="Mscrm.SubGrid.ovs_modes.AddExistingAssoc.ToolTipTitle">
            <Titles>
              <Title description="Add Existing​​ {0}" languagecode="1033" />
              <Title description="Ajouter un​​ {0}" languagecode="1036" />
            </Titles>
          </LocLabel>
          <LocLabel Id="Mscrm.SubGrid.ovs_modes.AddExistingStandard.Alt">
            <Titles>
              <Title description="Add Existing {0}" languagecode="1033" />
              <Title description="Ajouter un {0}" languagecode="1036" />
            </Titles>
          </LocLabel>
          <LocLabel Id="Mscrm.SubGrid.ovs_modes.AddExistingStandard.LabelText">
            <Titles>
              <Title description="Add Existing {0}" languagecode="1033" />
              <Title description="Ajouter un {0}" languagecode="1036" />
            </Titles>
          </LocLabel>
          <LocLabel Id="Mscrm.SubGrid.ovs_modes.AddExistingStandard.ToolTipTitle">
            <Titles>
              <Title description="Add Existing​​ {0}" languagecode="1033" />
              <Title description="Ajouter un {0}" languagecode="1036" />
            </Titles>
          </LocLabel>
        </LocLabels>
      </RibbonDiffXml>
    </Entity>
  </Entities>
  <Roles></Roles>
  <Workflows></Workflows>
  <FieldSecurityProfiles></FieldSecurityProfiles>
  <Templates />
  <EntityMaps />
  <EntityRelationships>
    <EntityRelationship Name="ovs_mocregistration_ovs_modes">
      <EntityRelationshipType>ManyToMany</EntityRelationshipType>
      <IsCustomizable>1</IsCustomizable>
      <IntroducedVersion>1.0.0.0</IntroducedVersion>
      <IsHierarchical>0</IsHierarchical>
      <FirstEntityName>ovs_MOCRegistration</FirstEntityName>
      <SecondEntityName>ovs_modes</SecondEntityName>
      <IntersectEntityName>ovs_mocregistration_ovs_modes</IntersectEntityName>
      <IsValidForAdvancedFind>1</IsValidForAdvancedFind>
      <EntityRelationshipRoles>
        <EntityRelationshipRole>
          <NavPaneDisplayOption>UseCollectionName</NavPaneDisplayOption>
          <NavPaneArea>Details</NavPaneArea>
          <NavPaneOrder>10000</NavPaneOrder>
          <NavigationPropertyName>ovs_mocregistration_ovs_modes</NavigationPropertyName>
          <CustomLabels>
            <CustomLabel description="CID_OperationsModes" languagecode="1033" />
          </CustomLabels>
          <AssociationRoleOrdinal>1</AssociationRoleOrdinal>
        </EntityRelationshipRole>
        <EntityRelationshipRole>
          <NavPaneDisplayOption>UseCollectionName</NavPaneDisplayOption>
          <NavPaneArea>Details</NavPaneArea>
          <NavPaneOrder>10000</NavPaneOrder>
          <NavigationPropertyName>ovs_mocregistration_ovs_modes</NavigationPropertyName>
          <CustomLabels>
            <CustomLabel description="CID_ModesOperations" languagecode="1033" />
          </CustomLabels>
          <AssociationRoleOrdinal>2</AssociationRoleOrdinal>
        </EntityRelationshipRole>
      </EntityRelationshipRoles>
    </EntityRelationship>
  </EntityRelationships>
  <OrganizationSettings />
  <optionsets />
  <WebResources>
    <WebResource>
      <WebResourceId>{0f59c00b-0217-ec11-b6e7-000d3ae8ef7b}</WebResourceId>
      <Name>ovs_RegionalNOPMainForm</Name>
      <DisplayName>Regional NOP Main Form</DisplayName>
      <WebResourceType>3</WebResourceType>
      <IntroducedVersion>1.0.0.0</IntroducedVersion>
      <IsEnabledForMobileClient>0</IsEnabledForMobileClient>
      <IsAvailableForMobileOffline>0</IsAvailableForMobileOffline>
      <DependencyXml>&lt;Dependencies&gt;&lt;Dependency componentType="WebResource"/&gt;&lt;/Dependencies&gt;</DependencyXml>
      <IsCustomizable>1</IsCustomizable>
      <CanBeDeleted>1</CanBeDeleted>
      <IsHidden>0</IsHidden>
      <FileName>/WebResources/ovs_RegionalNOPMainForm0F59C00B-0217-EC11-B6E7-000D3AE8EF7B</FileName>
    </WebResource>
  </WebResources>
  <CustomControls />
  <AppModules>
    <AppModule>
      <UniqueName>ovs_TDGManagement</UniqueName>
      <IntroducedVersion>4.7.0.15</IntroducedVersion>
      <WebResourceId>953b9fac-1e5e-e611-80d6-00155ded156f</WebResourceId>
      <OptimizedFor></OptimizedFor>
      <statecode>0</statecode>
      <statuscode>1</statuscode>
      <FormFactor>1</FormFactor>
      <ClientType>4</ClientType>
      <NavigationType>0</NavigationType>
      <AppModuleComponents>
        <AppModuleComponent type="62" schemaName="ovs_TDGManagement" />
        <AppModuleComponent type="60" id="{5f5ffe7a-71e3-eb11-bacb-0022483c5e2f}" />
        <AppModuleComponent type="1" schemaName="account" />
        <AppModuleComponent type="60" id="{69cff312-cfb6-4289-9631-249ab85d2c62}" />
        <AppModuleComponent type="60" id="{b0dc190e-9603-444b-94b3-07b98a8f1d60}" />
        <AppModuleComponent type="60" id="{2dbe9c3a-901a-484d-9e68-8424cd897f8d}" />
        <AppModuleComponent type="60" id="{097f6a5f-2777-402a-ba3b-e35fcbfaa145}" />
        <AppModuleComponent type="60" id="{444fd031-7381-4a73-a520-2b2fd7ebe013}" />
        <AppModuleComponent type="60" id="{784422a9-fcda-4763-a12c-9dfac2cb6c41}" />
        <AppModuleComponent type="60" id="{db5d5927-e1b5-440f-b55b-e0a95e1b053b}" />
        <AppModuleComponent type="26" id="{a9af0ab8-861d-4cfa-92a5-c6281fed7fab}" />
        <AppModuleComponent type="26" id="{8965dc8d-460a-eb11-a813-000d3af3a7a7}" />
        <AppModuleComponent type="26" id="{7c363e5f-5bd4-eb11-bacc-000d3af3999c}" />
        <AppModuleComponent type="60" id="{15915835-b87c-49ec-9ffc-bfac3ac44ef1}" />
        <AppModuleComponent type="1" schemaName="bookableresource" />
        <AppModuleComponent type="60" id="{1a8ac070-c043-eb11-a812-000d3af3fc19}" />
        <AppModuleComponent type="26" id="{861a305d-1fd5-eb11-bacc-000d3af3999c}" />
        <AppModuleComponent type="1" schemaName="bookableresourcebooking" />
        <AppModuleComponent type="60" id="{906d0737-8ca7-eb11-9442-000d3ae99322}" />
        <AppModuleComponent type="1" schemaName="ovs_cancellationrequest" />
        <AppModuleComponent type="26" id="{25605b69-4acd-eb11-bacc-0022483c0d29}" />
        <AppModuleComponent type="1" schemaName="ovs_confirmationofcompliance" />
        <AppModuleComponent type="26" id="{c7637aa7-47cd-eb11-bacc-0022483c0d29}" />
        <AppModuleComponent type="26" id="{7060d0f9-20d5-eb11-bacc-000d3af3999c}" />
        <AppModuleComponent type="1" schemaName="contact" />
        <AppModuleComponent type="60" id="{1fed44d1-ae68-4a41-bd2b-f13acac4acfa}" />
        <AppModuleComponent type="60" id="{c0da77e9-2f03-eb11-a813-000d3af3ac0d}" />
        <AppModuleComponent type="60" id="{bdb0ae1c-32fa-4374-b637-8dafe107bc44}" />
        <AppModuleComponent type="60" id="{ec2f9560-2f03-eb11-a813-000d3af3a7a7}" />
        <AppModuleComponent type="60" id="{ec7b5b17-85b9-eb11-8236-0022483bc67c}" />
        <AppModuleComponent type="60" id="{70ad8b15-e3f3-4d7d-9e4b-16cb4e51b484}" />
        <AppModuleComponent type="60" id="{e631a301-3f03-eb11-a813-000d3af3a7a7}" />
        <AppModuleComponent type="1" schemaName="qm_sydependencygroup" />
        <AppModuleComponent type="60" id="{0b32f1f1-4583-4f92-8d38-621bb4bc1516}" />
        <AppModuleComponent type="60" id="{e205c315-ac19-4eee-a7d7-6897cc225cf3}" />
        <AppModuleComponent type="1" schemaName="qm_sydependencygroupitem" />
        <AppModuleComponent type="60" id="{d9fd215a-bcbb-4750-b300-21b15a6c2d13}" />
        <AppModuleComponent type="60" id="{5c1c9c87-8b6d-44a0-b719-74d30d200639}" />
        <AppModuleComponent type="1" schemaName="ovs_cyaction" />
        <AppModuleComponent type="60" id="{6768019c-3b8e-eb11-b1ac-000d3ae92dbf}" />
        <AppModuleComponent type="1" schemaName="ovs_followuprequest" />
        <AppModuleComponent type="26" id="{26ac959a-4ccd-eb11-bacc-0022483c0d29}" />
        <AppModuleComponent type="1" schemaName="qm_sygroup" />
        <AppModuleComponent type="60" id="{96cd7867-9de6-44f7-be0a-33344335f860}" />
        <AppModuleComponent type="60" id="{d69abbf8-2b09-4d70-91b1-424e5d2bfbf7}" />
        <AppModuleComponent type="1" schemaName="qm_rclegislation" />
        <AppModuleComponent type="60" id="{d55caf0a-bae4-4d40-b008-b253ab4ce243}" />
        <AppModuleComponent type="26" id="{4797655a-2612-4c5d-81be-a514900a38ea}" />
        <AppModuleComponent type="26" id="{507587e8-de35-4db7-9781-fe2ed36f6c1c}" />
        <AppModuleComponent type="26" id="{07b35bc7-8776-4f13-bc1b-204170d505f6}" />
        <AppModuleComponent type="26" id="{42a0f461-28d8-41a1-985b-39740ce5e539}" />
        <AppModuleComponent type="26" id="{3544ca89-0b3b-4456-8918-494df3b1cd1c}" />
        <AppModuleComponent type="26" id="{011a0fd4-5f6a-eb11-a812-000d3a841b3b}" />
        <AppModuleComponent type="26" id="{270fa29b-59be-eb11-bacc-0022483bbdb7}" />
        <AppModuleComponent type="26" id="{bbb6f4db-59be-eb11-bacc-0022483bbdb7}" />
        <AppModuleComponent type="26" id="{64e2846d-59be-eb11-bacc-0022483bbdb7}" />
        <AppModuleComponent type="1" schemaName="qm_tylegislationcharacteristic" />
        <AppModuleComponent type="60" id="{d0bffb7c-35e3-4cb7-a432-d9108ddfe680}" />
        <AppModuleComponent type="26" id="{b1230891-1aa0-4d0c-9d11-b9c66319a0f5}" />
        <AppModuleComponent type="1" schemaName="qm_tylegislationtype" />
        <AppModuleComponent type="1" schemaName="qm_tylegislationsource" />
        <AppModuleComponent type="60" id="{9b674e50-1044-4914-90c2-79ac25ed8ce4}" />
        <AppModuleComponent type="1" schemaName="ovs_lob" />
        <AppModuleComponent type="60" id="{7a047987-630f-4cea-a2cc-ab799a1b4fcb}" />
        <AppModuleComponent type="1" schemaName="ovs_mocregistration" />
        <AppModuleComponent type="60" id="{a09fc69f-3ace-46b5-85f1-be132f683042}" />
        <AppModuleComponent type="60" id="{a0a35d2b-67c5-46e3-8e91-b5f0e6b66981}" />
        <AppModuleComponent type="60" id="{799e79c9-87f4-eb11-94ef-000d3a84a4e1}" />
        <AppModuleComponent type="60" id="{026925a2-097a-ec11-8d20-000d3a84a45c}" />
        <AppModuleComponent type="26" id="{98c7fee1-1d9f-4226-89bb-26e6be7057f8}" />
        <AppModuleComponent type="26" id="{b0788597-9f4c-ec11-8f8e-000d3ae8e96e}" />
        <AppModuleComponent type="26" id="{b0dcb9f2-1c7a-ec11-8d20-000d3aff1221}" />
        <AppModuleComponent type="26" id="{382ae718-7adc-40a1-af1b-bf4acaa09635}" />
        <AppModuleComponent type="26" id="{e40b9eb1-9f4c-ec11-8f8e-000d3ae8e96e}" />
        <AppModuleComponent type="26" id="{2ff0ad0b-e7bf-4df2-afb9-b06403787546}" />
        <AppModuleComponent type="26" id="{1d80549b-06d8-4a35-aed4-d5c77eceb700}" />
        <AppModuleComponent type="26" id="{8d7b5de0-0734-ec11-8c64-0022483db1e9}" />
        <AppModuleComponent type="26" id="{7e35f6a5-af6d-40f3-b3aa-3369350f8c35}" />
        <AppModuleComponent type="26" id="{a6fbfbaa-153c-ec11-8c62-0022483d71b4}" />
        <AppModuleComponent type="1" schemaName="ovs_oversighttype" />
        <AppModuleComponent type="1" schemaName="ovs_tyrational" />
        <AppModuleComponent type="26" id="{17786813-cdb4-48c7-936e-8c732f0dd498}" />
        <AppModuleComponent type="1" schemaName="territory" />
        <AppModuleComponent type="60" id="{5e818a16-ee3b-ec11-8c62-0022483d7564}" />
        <AppModuleComponent type="26" id="{b6e3caab-ee3b-ec11-8c62-0022483d71b4}" />
        <AppModuleComponent type="1" schemaName="ovs_revisedquarterrequest" />
        <AppModuleComponent type="1" schemaName="ovs_cysafetyassessment" />
        <AppModuleComponent type="60" id="{e8eb7000-5792-4f5b-9f19-d3d7247f7fe4}" />
        <AppModuleComponent type="26" id="{43d03694-3dcd-eb11-bacc-0022483c0d29}" />
        <AppModuleComponent type="26" id="{1d8db8c4-42cd-eb11-bacc-0022483c0d29}" />
        <AppModuleComponent type="26" id="{4b4548a2-7a1c-4f35-a58b-98a27848b1f9}" />
        <AppModuleComponent type="26" id="{28db6631-4a50-4cc1-b95a-3730f6313cb4}" />
        <AppModuleComponent type="1" schemaName="msdyn_servicetasktype" />
        <AppModuleComponent type="60" id="{cea28746-8d51-4c2c-9672-16e0d255893a}" />
        <AppModuleComponent type="60" id="{a86b0d9c-3802-4fed-9a93-c27c6ddbac15}" />
        <AppModuleComponent type="26" id="{ae0d8547-6871-4854-91ba-03b0c619dbe1}" />
        <AppModuleComponent type="1" schemaName="ovs_sitetype" />
        <AppModuleComponent type="1" schemaName="tc_tcfiscalperiod" />
        <AppModuleComponent type="1" schemaName="tc_tcfiscalquarter" />
        <AppModuleComponent type="1" schemaName="tc_tcfiscalyear" />
        <AppModuleComponent type="1" schemaName="tc_tcmonth" />
        <AppModuleComponent type="1" schemaName="ovs_tdginspectionreport" />
        <AppModuleComponent type="26" id="{3f0e8ed5-3acd-eb11-bacc-0022483c0d29}" />
        <AppModuleComponent type="26" id="{d144b2db-91d8-451d-bcd7-fcefaba98989}" />
        <AppModuleComponent type="26" id="{d902f510-929c-43d3-a797-40336d4262fb}" />
        <AppModuleComponent type="26" id="{edb20d1c-a7c7-eb11-bacc-000d3af390da}" />
        <AppModuleComponent type="1" schemaName="qm_sytemplate" />
        <AppModuleComponent type="60" id="{5e40ccd7-d32a-eb11-a813-000d3af3a7a7}" />
        <AppModuleComponent type="1" schemaName="qm_syquestion" />
        <AppModuleComponent type="60" id="{272c3049-fc9f-440a-a257-25df49d2dfea}" />
        <AppModuleComponent type="60" id="{c0dee925-5d72-408d-bcee-a569f3ad49be}" />
        <AppModuleComponent type="26" id="{f2bdda0c-b0e3-46d0-a393-e6c81d725293}" />
        <AppModuleComponent type="26" id="{c268b7f3-924c-40c4-981e-405e1894c00a}" />
        <AppModuleComponent type="26" id="{5ca7f434-c1c7-4f55-98af-05a1cdcb97cd}" />
        <AppModuleComponent type="26" id="{0add5619-3558-41fb-b935-8ab879c9b962}" />
        <AppModuleComponent type="26" id="{37036626-3a26-46ac-b172-f2ed83a9bb8f}" />
        <AppModuleComponent type="1" schemaName="qm_syresponse" />
        <AppModuleComponent type="60" id="{b5eb229f-7d2f-4191-83f4-dcc6d7e9dc03}" />
        <AppModuleComponent type="1" schemaName="ovs_unplannedforecast" />
        <AppModuleComponent type="1" schemaName="qm_syresult" />
        <AppModuleComponent type="60" id="{32b597ba-53c0-4e9f-8380-9966e14e38df}" />
        <AppModuleComponent type="60" id="{8399e8c7-746d-eb11-a812-000d3a84129e}" />
        <AppModuleComponent type="26" id="{cd29c3b1-776d-eb11-a812-000d3a84129e}" />
        <AppModuleComponent type="26" id="{8907b66d-f15f-eb11-a812-000d3a84fd7b}" />
        <AppModuleComponent type="26" id="{b5d1cbcd-806d-eb11-a812-000d3a84129e}" />
        <AppModuleComponent type="1" schemaName="msdyn_workorder" />
        <AppModuleComponent type="60" id="{66cddb3b-b9ca-4552-ac5e-f4d726a35268}" />
        <AppModuleComponent type="60" id="{e0d97cdc-4c20-4e03-bc2a-6dbc6cb1d2c2}" />
        <AppModuleComponent type="60" id="{948e0d30-ed86-407a-bca3-6beaf5a1c91e}" />
        <AppModuleComponent type="60" id="{79c33fb4-7126-41a8-9dff-13e4462c9b19}" />
        <AppModuleComponent type="26" id="{aad03db1-66d0-eb11-bacc-0022483c0d29}" />
        <AppModuleComponent type="26" id="{1bc21609-d3c3-eb11-bacc-000d3ae868f0}" />
        <AppModuleComponent type="26" id="{0b35e605-71d0-eb11-bacc-0022483c0387}" />
        <AppModuleComponent type="26" id="{11cfdd14-71d0-eb11-bacc-0022483c0387}" />
        <AppModuleComponent type="26" id="{a561fb97-70d0-eb11-bacc-0022483c0387}" />
        <AppModuleComponent type="26" id="{2ef5fd10-67d0-eb11-bacc-0022483c0d29}" />
        <AppModuleComponent type="1" schemaName="msdyn_workorderincident" />
        <AppModuleComponent type="1" schemaName="msdyn_workorderservicetask" />
        <AppModuleComponent type="60" id="{1ee2b1f8-8556-449b-ae68-09d8dc19485f}" />
        <AppModuleComponent type="26" id="{7853b222-368c-eb11-b1ac-000d3ae92932}" />
        <AppModuleComponent type="1" schemaName="msdyn_workordersubstatus" />
        <AppModuleComponent type="1" schemaName="msdyn_workordertype" />
        <AppModuleComponent type="60" id="{65d7528f-b2ff-450a-9b5d-a2e46464ce04}" />
        <AppModuleComponent type="26" id="{8f0514ca-d271-46cc-b531-41791c56949a}" />
      </AppModuleComponents>
      <AppModuleRoleMaps>
        <Role id="{627090ff-40a3-4053-8790-584edc5be201}" />
        <Role id="{119f245c-3cc8-4b62-b31c-d1a046ced15d}" />
        <Role id="{545418f6-d089-eb11-b1ac-000d3ae92dbf}" />
      </AppModuleRoleMaps>
      <LocalizedNames>
        <LocalizedName description="TDG Management / Gestion TMD" languagecode="1033" />
      </LocalizedNames>
    </AppModule>
  </AppModules>
  <EntityDataProviders />
  <Languages>
    <Language>1033</Language>
    <Language>1036</Language>
  </Languages>
</ImportExportXml>