<ImportExportXml xmlns:xsi="http://www.w3.org/2001/XMLSchema-instance">
  <Entities></Entities>
  <Roles>
    <Role id="{51cb2f5b-c7ae-ec11-983e-000d3a84adbc}" name="ES User" isinherited="1">
      <IsCustomizable>1</IsCustomizable>
      <RolePrivileges>
        <RolePrivilege name="prvActOnBehalfOfAnotherUser" level="Global" />
        <RolePrivilege name="prvAddressBook" level="Global" />
        <RolePrivilege name="prvAppendAccount" level="Global" />
        <RolePrivilege name="prvAppendActivity" level="Basic" />
        <RolePrivilege name="prvAppendactivityfileattachment" level="Basic" />
        <RolePrivilege name="prvAppendappnotification" level="Basic" />
        <RolePrivilege name="prvAppendAppUserSetting" level="Global" />
        <RolePrivilege name="prvAppendBookableResource" level="Global" />
        <RolePrivilege name="prvAppendBookableResourceBookingHeader" level="Global" />
        <RolePrivilege name="prvAppendBookableResourceCategory" level="Global" />
        <RolePrivilege name="prvAppendBookableResourceCategoryAssn" level="Global" />
        <RolePrivilege name="prvAppendBookableResourceCharacteristic" level="Global" />
        <RolePrivilege name="prvAppendBookableResourceGroup" level="Global" />
        <RolePrivilege name="prvAppendBookingStatus" level="Global" />
        <RolePrivilege name="prvAppendCalendar" level="Local" />
        <RolePrivilege name="prvAppendCharacteristic" level="Global" />
        <RolePrivilege name="prvAppendConnection" level="Global" />
        <RolePrivilege name="prvAppendConnectionRole" level="Global" />
        <RolePrivilege name="prvAppendContact" level="Global" />
        <RolePrivilege name="prvAppendEmailTemplate" level="Basic" />
        <RolePrivilege name="prvAppendfdr_Certification" level="Global" />
        <RolePrivilege name="prvAppendfdr_condition" level="Global" />
        <RolePrivilege name="prvAppendfdr_ContainerFunction" level="Global" />
        <RolePrivilege name="prvAppendfdr_ContainerType" level="Global" />
        <RolePrivilege name="prvAppendfdr_CostRecoveryAttribute" level="Global" />
        <RolePrivilege name="prvAppendfdr_Design" level="Global" />
        <RolePrivilege name="prvAppendfdr_DesignMarkingRequirement" level="Global" />
        <RolePrivilege name="prvAppendfdr_Equipment" level="Global" />
        <RolePrivilege name="prvAppendfdr_functionlimitation" level="Global" />
        <RolePrivilege name="prvAppendfdr_limitation" level="Global" />
        <RolePrivilege name="prvAppendfdr_Program" level="Global" />
        <RolePrivilege name="prvAppendfdr_RegisteredMark" level="Global" />
        <RolePrivilege name="prvAppendfdr_regulatoryrequirement" level="Global" />
        <RolePrivilege name="prvAppendfdr_requestequivalencycertificate" level="Global" />
        <RolePrivilege name="prvAppendfdr_requiredregistration" level="Global" />
        <RolePrivilege name="prvAppendfdr_ServiceRequest" level="Global" />
        <RolePrivilege name="prvAppendfdr_ServiceRequestFunction" level="Global" />
        <RolePrivilege name="prvAppendfdr_ServiceRequestPerformance" level="Global" />
        <RolePrivilege name="prvAppendfdr_ServiceRequestServiceTask" level="Global" />
        <RolePrivilege name="prvAppendfdr_ServiceRequestType" level="Global" />
        <RolePrivilege name="prvAppendfdr_specification" level="Global" />
        <RolePrivilege name="prvAppendIncident" level="Global" />
        <RolePrivilege name="prvAppendLanguageLocale" level="Global" />
        <RolePrivilege name="prvAppendmsdyn_agreement" level="Basic" />
        <RolePrivilege name="prvAppendmsdyn_agreementbookingdate" level="Basic" />
        <RolePrivilege name="prvAppendmsdyn_agreementbookingproduct" level="Basic" />
        <RolePrivilege name="prvAppendmsdyn_agreementbookingservice" level="Basic" />
        <RolePrivilege name="prvAppendmsdyn_agreementinvoiceproduct" level="Basic" />
        <RolePrivilege name="prvAppendmsdyn_bookableresourceassociation" level="Basic" />
        <RolePrivilege name="prvAppendmsdyn_bookableresourcebookingquicknote" level="Basic" />
        <RolePrivilege name="prvAppendmsdyn_bookingalertstatus" level="Global" />
        <RolePrivilege name="prvAppendmsdyn_bookingchange" level="Basic" />
        <RolePrivilege name="prvAppendmsdyn_bookingjournal" level="Basic" />
        <RolePrivilege name="prvAppendmsdyn_bookingsetupmetadata" level="Global" />
        <RolePrivilege name="prvAppendmsdyn_bookingtimestamp" level="Basic" />
        <RolePrivilege name="prvAppendmsdyn_incidenttype" level="Global" />
        <RolePrivilege name="prvAppendmsdyn_requirementgroup" level="Basic" />
        <RolePrivilege name="prvAppendmsdyn_requirementrelationship" level="Basic" />
        <RolePrivilege name="prvAppendmsdyn_requirementresourcepreference" level="Global" />
        <RolePrivilege name="prvAppendmsdyn_requirementstatus" level="Global" />
        <RolePrivilege name="prvAppendmsdyn_resourcerequirement" level="Global" />
        <RolePrivilege name="prvAppendmsdyn_resourcerequirementdetail" level="Global" />
        <RolePrivilege name="prvAppendmsdyn_resourceterritory" level="Global" />
        <RolePrivilege name="prvAppendmsdyn_scheduleboardsetting" level="Basic" />
        <RolePrivilege name="prvAppendmsdyn_servicetasktype" level="Global" />
        <RolePrivilege name="prvAppendmsdyn_timeentry" level="Basic" />
        <RolePrivilege name="prvAppendmsdyn_timeentrysetting" level="Basic" />
        <RolePrivilege name="prvAppendmsdyn_timeoffrequest" level="Basic" />
        <RolePrivilege name="prvAppendmsdyn_workorder" level="Global" />
        <RolePrivilege name="prvAppendmsdyn_workorderincident" level="Deep" />
        <RolePrivilege name="prvAppendmsdyn_workorderproduct" level="Basic" />
        <RolePrivilege name="prvAppendmsdyn_workorderresolution" level="Basic" />
        <RolePrivilege name="prvAppendmsdyn_workorderservice" level="Deep" />
        <RolePrivilege name="prvAppendmsdyn_workorderservicetask" level="Global" />
        <RolePrivilege name="prvAppendmsdyn_workordersubstatus" level="Global" />
        <RolePrivilege name="prvAppendmsdyn_workordertype" level="Global" />
        <RolePrivilege name="prvAppendNote" level="Basic" />
        <RolePrivilege name="prvAppendovs_aircrafttype" level="Global" />
        <RolePrivilege name="prvAppendovs_airoperatorfunction" level="Global" />
        <RolePrivilege name="prvAppendovs_airOperatortype" level="Global" />
        <RolePrivilege name="prvAppendovs_CYSafetyAssessment" level="Global" />
        <RolePrivilege name="prvAppendovs_enforcementactionviolation" level="Global" />
        <RolePrivilege name="prvAppendovs_lob" level="Global" />
        <RolePrivilege name="prvAppendovs_MOCRegistration" level="Global" />
        <RolePrivilege name="prvAppendovs_moctype" level="Global" />
        <RolePrivilege name="prvAppendovs_modes" level="Global" />
        <RolePrivilege name="prvAppendovs_operationclass" level="Global" />
        <RolePrivilege name="prvAppendovs_OperationUNNumber" level="Global" />
        <RolePrivilege name="prvAppendovs_OversightType" level="Global" />
        <RolePrivilege name="prvAppendovs_Questionnaire" level="Global" />
        <RolePrivilege name="prvAppendovs_SiteType" level="Deep" />
        <RolePrivilege name="prvAppendovs_tdginspectionreport" level="Local" />
        <RolePrivilege name="prvAppendovs_tyohsequipmenttype" level="Global" />
        <RolePrivilege name="prvAppendovs_tyohsnote" level="Global" />
        <RolePrivilege name="prvAppendovs_TYRational" level="Global" />
        <RolePrivilege name="prvAppendPostFollow" level="Global" />
        <RolePrivilege name="prvAppendqm_CEPData" level="Basic" />
        <RolePrivilege name="prvAppendqm_rclegislation" level="Global" />
        <RolePrivilege name="prvAppendqm_syquestion" level="Global" />
        <RolePrivilege name="prvAppendqm_syquestionvalidationrule" level="Global" />
        <RolePrivilege name="prvAppendqm_syresponse" level="Global" />
        <RolePrivilege name="prvAppendqm_syresult" level="Global" />
        <RolePrivilege name="prvAppendqm_sytemplate" level="Global" />
        <RolePrivilege name="prvAppendqm_tylegislationcharacteristic" level="Global" />
        <RolePrivilege name="prvAppendqm_tylegislationsource" level="Global" />
        <RolePrivilege name="prvAppendRatingModel" level="Basic" />
        <RolePrivilege name="prvAppendRatingValue" level="Basic" />
        <RolePrivilege name="prvAppendResourceBookingDetail" level="Global" />
        <RolePrivilege name="prvAppendSLA" level="Local" />
        <RolePrivilege name="prvAppendSLAKPIInstance" level="Local" />
        <RolePrivilege name="prvAppendSubject" level="Global" />
        <RolePrivilege name="prvAppendSyncError" level="Basic" />
        <RolePrivilege name="prvAppendtc_TCFiscalPeriod" level="Global" />
        <RolePrivilege name="prvAppendtc_TCFiscalQuarter" level="Global" />
        <RolePrivilege name="prvAppendtc_TCFiscalYear" level="Global" />
        <RolePrivilege name="prvAppendtc_TCLocationType" level="Global" />
        <RolePrivilege name="prvAppendtc_TCMonth" level="Global" />
        <RolePrivilege name="prvAppendtdg_UNNumber" level="Global" />
        <RolePrivilege name="prvAppendToAccount" level="Global" />
        <RolePrivilege name="prvAppendToActivity" level="Basic" />
        <RolePrivilege name="prvAppendToactivityfileattachment" level="Basic" />
        <RolePrivilege name="prvAppendToappnotification" level="Basic" />
        <RolePrivilege name="prvAppendToAppUserSetting" level="Global" />
        <RolePrivilege name="prvAppendToBookableResource" level="Global" />
        <RolePrivilege name="prvAppendToBookableResourceBooking" level="Global" />
        <RolePrivilege name="prvAppendToBookableResourceBookingHeader" level="Global" />
        <RolePrivilege name="prvAppendToBookableResourceCategory" level="Global" />
        <RolePrivilege name="prvAppendToBookableResourceCategoryAssn" level="Global" />
        <RolePrivilege name="prvAppendToBookableResourceCharacteristic" level="Global" />
        <RolePrivilege name="prvAppendToBookableResourceGroup" level="Global" />
        <RolePrivilege name="prvAppendToBookingStatus" level="Global" />
        <RolePrivilege name="prvAppendToCalendar" level="Local" />
        <RolePrivilege name="prvAppendToCharacteristic" level="Global" />
        <RolePrivilege name="prvAppendToConnection" level="Global" />
        <RolePrivilege name="prvAppendToConnectionRole" level="Global" />
        <RolePrivilege name="prvAppendToContact" level="Global" />
        <RolePrivilege name="prvAppendToEmailTemplate" level="Basic" />
        <RolePrivilege name="prvAppendToEquipment" level="Local" />
        <RolePrivilege name="prvAppendTofdr_Certification" level="Global" />
        <RolePrivilege name="prvAppendTofdr_condition" level="Global" />
        <RolePrivilege name="prvAppendTofdr_ContainerFunction" level="Global" />
        <RolePrivilege name="prvAppendTofdr_ContainerType" level="Global" />
        <RolePrivilege name="prvAppendTofdr_CostRecoveryAttribute" level="Global" />
        <RolePrivilege name="prvAppendTofdr_Design" level="Global" />
        <RolePrivilege name="prvAppendTofdr_DesignMarkingRequirement" level="Global" />
        <RolePrivilege name="prvAppendTofdr_Equipment" level="Global" />
        <RolePrivilege name="prvAppendTofdr_functionlimitation" level="Global" />
        <RolePrivilege name="prvAppendTofdr_limitation" level="Global" />
        <RolePrivilege name="prvAppendTofdr_Program" level="Global" />
        <RolePrivilege name="prvAppendTofdr_RegisteredMark" level="Global" />
        <RolePrivilege name="prvAppendTofdr_regulatoryrequirement" level="Global" />
        <RolePrivilege name="prvAppendTofdr_requestequivalencycertificate" level="Global" />
        <RolePrivilege name="prvAppendTofdr_requiredregistration" level="Global" />
        <RolePrivilege name="prvAppendTofdr_ServiceRequest" level="Global" />
        <RolePrivilege name="prvAppendTofdr_ServiceRequestFunction" level="Global" />
        <RolePrivilege name="prvAppendTofdr_ServiceRequestPerformance" level="Global" />
        <RolePrivilege name="prvAppendTofdr_ServiceRequestServiceTask" level="Global" />
        <RolePrivilege name="prvAppendTofdr_ServiceRequestType" level="Global" />
        <RolePrivilege name="prvAppendTofdr_specification" level="Global" />
        <RolePrivilege name="prvAppendToIncident" level="Global" />
        <RolePrivilege name="prvAppendToLanguageLocale" level="Global" />
        <RolePrivilege name="prvAppendTomsdyn_agreement" level="Basic" />
        <RolePrivilege name="prvAppendTomsdyn_agreementbookingdate" level="Basic" />
        <RolePrivilege name="prvAppendTomsdyn_agreementbookingproduct" level="Basic" />
        <RolePrivilege name="prvAppendTomsdyn_agreementbookingservice" level="Basic" />
        <RolePrivilege name="prvAppendTomsdyn_agreementinvoiceproduct" level="Basic" />
        <RolePrivilege name="prvAppendTomsdyn_bookableresourceassociation" level="Basic" />
        <RolePrivilege name="prvAppendTomsdyn_bookableresourcebookingquicknote" level="Basic" />
        <RolePrivilege name="prvAppendTomsdyn_bookingalertstatus" level="Global" />
        <RolePrivilege name="prvAppendTomsdyn_bookingchange" level="Basic" />
        <RolePrivilege name="prvAppendTomsdyn_bookingsetupmetadata" level="Global" />
        <RolePrivilege name="prvAppendTomsdyn_bookingtimestamp" level="Basic" />
        <RolePrivilege name="prvAppendTomsdyn_incidenttype" level="Global" />
        <RolePrivilege name="prvAppendTomsdyn_requirementgroup" level="Basic" />
        <RolePrivilege name="prvAppendTomsdyn_requirementrelationship" level="Basic" />
        <RolePrivilege name="prvAppendTomsdyn_requirementresourcepreference" level="Global" />
        <RolePrivilege name="prvAppendTomsdyn_requirementstatus" level="Global" />
        <RolePrivilege name="prvAppendTomsdyn_resolution" level="Local" />
        <RolePrivilege name="prvAppendTomsdyn_resourcerequirement" level="Global" />
        <RolePrivilege name="prvAppendTomsdyn_resourcerequirementdetail" level="Global" />
        <RolePrivilege name="prvAppendTomsdyn_resourceterritory" level="Global" />
        <RolePrivilege name="prvAppendTomsdyn_scheduleboardsetting" level="Basic" />
        <RolePrivilege name="prvAppendTomsdyn_servicetasktype" level="Global" />
        <RolePrivilege name="prvAppendTomsdyn_timeentry" level="Global" />
        <RolePrivilege name="prvAppendTomsdyn_timeentrysetting" level="Global" />
        <RolePrivilege name="prvAppendTomsdyn_timegroup" level="Local" />
        <RolePrivilege name="prvAppendTomsdyn_timegroupdetail" level="Local" />
        <RolePrivilege name="prvAppendTomsdyn_timeoffrequest" level="Basic" />
        <RolePrivilege name="prvAppendTomsdyn_workorder" level="Global" />
        <RolePrivilege name="prvAppendTomsdyn_workorderincident" level="Deep" />
        <RolePrivilege name="prvAppendTomsdyn_workorderproduct" level="Basic" />
        <RolePrivilege name="prvAppendTomsdyn_workorderresolution" level="Basic" />
        <RolePrivilege name="prvAppendTomsdyn_workorderservice" level="Deep" />
        <RolePrivilege name="prvAppendTomsdyn_workorderservicetask" level="Global" />
        <RolePrivilege name="prvAppendTomsdyn_workordersubstatus" level="Global" />
        <RolePrivilege name="prvAppendTomsdyn_workordertype" level="Global" />
        <RolePrivilege name="prvAppendToNote" level="Basic" />
        <RolePrivilege name="prvAppendToOrganization" level="Global" />
        <RolePrivilege name="prvAppendToovs_aircrafttype" level="Global" />
        <RolePrivilege name="prvAppendToovs_airoperatorfunction" level="Global" />
        <RolePrivilege name="prvAppendToovs_airOperatortype" level="Global" />
        <RolePrivilege name="prvAppendToovs_CYSafetyAssessment" level="Global" />
        <RolePrivilege name="prvAppendToovs_enforcementactionviolation" level="Global" />
        <RolePrivilege name="prvAppendToovs_lob" level="Global" />
        <RolePrivilege name="prvAppendToovs_MOCRegistration" level="Global" />
        <RolePrivilege name="prvAppendToovs_moctype" level="Global" />
        <RolePrivilege name="prvAppendToovs_modes" level="Global" />
        <RolePrivilege name="prvAppendToovs_operationclass" level="Global" />
        <RolePrivilege name="prvAppendToovs_OperationUNNumber" level="Global" />
        <RolePrivilege name="prvAppendToovs_OversightType" level="Global" />
        <RolePrivilege name="prvAppendToovs_Questionnaire" level="Global" />
        <RolePrivilege name="prvAppendToovs_SiteType" level="Deep" />
        <RolePrivilege name="prvAppendToovs_tdginspectionreport" level="Local" />
        <RolePrivilege name="prvAppendToovs_tyohsequipmenttype" level="Global" />
        <RolePrivilege name="prvAppendToovs_tyohsnote" level="Global" />
        <RolePrivilege name="prvAppendToovs_TYRational" level="Global" />
        <RolePrivilege name="prvAppendToProduct" level="Global" />
        <RolePrivilege name="prvAppendToqm_CEPData" level="Basic" />
        <RolePrivilege name="prvAppendToqm_rclegislation" level="Global" />
        <RolePrivilege name="prvAppendToqm_syquestion" level="Global" />
        <RolePrivilege name="prvAppendToqm_syquestionvalidationrule" level="Global" />
        <RolePrivilege name="prvAppendToqm_syresponse" level="Global" />
        <RolePrivilege name="prvAppendToqm_syresult" level="Global" />
        <RolePrivilege name="prvAppendToqm_sytemplate" level="Global" />
        <RolePrivilege name="prvAppendToqm_tylegislationcharacteristic" level="Global" />
        <RolePrivilege name="prvAppendToqm_tylegislationsource" level="Global" />
        <RolePrivilege name="prvAppendToRatingModel" level="Basic" />
        <RolePrivilege name="prvAppendToRatingValue" level="Basic" />
        <RolePrivilege name="prvAppendToSettingDefinition" level="Global" />
        <RolePrivilege name="prvAppendToSLA" level="Local" />
        <RolePrivilege name="prvAppendToSLAKPIInstance" level="Local" />
        <RolePrivilege name="prvAppendToSubject" level="Global" />
        <RolePrivilege name="prvAppendToSyncError" level="Basic" />
        <RolePrivilege name="prvAppendTotc_TCFiscalPeriod" level="Global" />
        <RolePrivilege name="prvAppendTotc_TCFiscalQuarter" level="Global" />
        <RolePrivilege name="prvAppendTotc_TCFiscalYear" level="Global" />
        <RolePrivilege name="prvAppendTotc_TCLocationType" level="Global" />
        <RolePrivilege name="prvAppendTotc_TCMonth" level="Global" />
        <RolePrivilege name="prvAppendTotdg_UNNumber" level="Global" />
        <RolePrivilege name="prvAppendToTerritory" level="Global" />
        <RolePrivilege name="prvAppendToTransactionCurrency" level="Global" />
        <RolePrivilege name="prvAppendToUser" level="Local" />
        <RolePrivilege name="prvAppendTousermobileofflineprofilemembership" level="Global" />
        <RolePrivilege name="prvAppendToUserSettings" level="Local" />
        <RolePrivilege name="prvAppendToWorkflow" level="Global" />
        <RolePrivilege name="prvAppendUser" level="Local" />
        <RolePrivilege name="prvAppendusermobileofflineprofilemembership" level="Global" />
        <RolePrivilege name="prvAssignAccount" level="Global" />
        <RolePrivilege name="prvAssignActivity" level="Basic" />
        <RolePrivilege name="prvAssignBookableResource" level="Basic" />
        <RolePrivilege name="prvAssignBookableResourceBooking" level="Basic" />
        <RolePrivilege name="prvAssignBookableResourceBookingHeader" level="Basic" />
        <RolePrivilege name="prvAssignContact" level="Global" />
        <RolePrivilege name="prvAssignEmailSignature" level="Basic" />
        <RolePrivilege name="prvAssignEmailTemplate" level="Basic" />
        <RolePrivilege name="prvAssignfdr_condition" level="Basic" />
        <RolePrivilege name="prvAssignfdr_Design" level="Basic" />
        <RolePrivilege name="prvAssignfdr_functionlimitation" level="Basic" />
        <RolePrivilege name="prvAssignfdr_requestequivalencycertificate" level="Global" />
        <RolePrivilege name="prvAssignfdr_ServiceRequest" level="Basic" />
        <RolePrivilege name="prvAssignfdr_ServiceRequestFunction" level="Basic" />
        <RolePrivilege name="prvAssignfdr_ServiceRequestPerformance" level="Basic" />
        <RolePrivilege name="prvAssignmsdyn_bookableresourcebookingquicknote" level="Basic" />
        <RolePrivilege name="prvAssignmsdyn_bookingalertstatus" level="Global" />
        <RolePrivilege name="prvAssignmsdyn_bookingchange" level="Basic" />
        <RolePrivilege name="prvAssignmsdyn_resourcerequirement" level="Basic" />
        <RolePrivilege name="prvAssignmsdyn_resourcerequirementdetail" level="Basic" />
        <RolePrivilege name="prvAssignmsdyn_scheduleboardsetting" level="Basic" />
        <RolePrivilege name="prvAssignmsdyn_timeoffrequest" level="Basic" />
        <RolePrivilege name="prvAssignmsdyn_workorder" level="Basic" />
        <RolePrivilege name="prvAssignmsdyn_workorderservicetask" level="Basic" />
        <RolePrivilege name="prvAssignNote" level="Basic" />
        <RolePrivilege name="prvAssignovs_moctype" level="Basic" />
        <RolePrivilege name="prvAssignqm_CEPData" level="Local" />
        <RolePrivilege name="prvAssignSyncError" level="Basic" />
        <RolePrivilege name="prvAssignUserQuery" level="Basic" />
        <RolePrivilege name="prvBrowseAvailability" level="Global" />
        <RolePrivilege name="prvBulkEdit" level="Global" />
        <RolePrivilege name="prvCreateAccount" level="Global" />
        <RolePrivilege name="prvCreateActivity" level="Basic" />
        <RolePrivilege name="prvCreateactivityfileattachment" level="Basic" />
        <RolePrivilege name="prvCreateappnotification" level="Basic" />
        <RolePrivilege name="prvCreateAppUserSetting" level="Global" />
        <RolePrivilege name="prvCreateBookableResourceBooking" level="Basic" />
        <RolePrivilege name="prvCreateBookableResourceBookingExchangeSyncIdMapping" level="Basic" />
        <RolePrivilege name="prvCreateBookableResourceBookingHeader" level="Basic" />
        <RolePrivilege name="prvCreateCalendar" level="Local" />
        <RolePrivilege name="prvCreateConnection" level="Global" />
        <RolePrivilege name="prvCreateContact" level="Global" />
        <RolePrivilege name="prvCreateEmailSignature" level="Basic" />
        <RolePrivilege name="prvCreateEmailTemplate" level="Basic" />
        <RolePrivilege name="prvCreateExchangeSyncIdMapping" level="Basic" />
        <RolePrivilege name="prvCreatefdr_condition" level="Basic" />
        <RolePrivilege name="prvCreatefdr_Design" level="Basic" />
        <RolePrivilege name="prvCreatefdr_functionlimitation" level="Local" />
        <RolePrivilege name="prvCreatefdr_RegisteredMark" level="Global" />
        <RolePrivilege name="prvCreatefdr_requestequivalencycertificate" level="Global" />
        <RolePrivilege name="prvCreatefdr_ServiceRequest" level="Basic" />
        <RolePrivilege name="prvCreatefdr_ServiceRequestFunction" level="Basic" />
        <RolePrivilege name="prvCreatefdr_ServiceRequestPerformance" level="Basic" />
        <RolePrivilege name="prvCreatefdr_ServiceRequestServiceTask" level="Global" />
        <RolePrivilege name="prvCreatemsdyn_bookableresourcebookingquicknote" level="Basic" />
        <RolePrivilege name="prvCreatemsdyn_bookingalertstatus" level="Global" />
        <RolePrivilege name="prvCreatemsdyn_bookingchange" level="Basic" />
        <RolePrivilege name="prvCreatemsdyn_bookingjournal" level="Basic" />
        <RolePrivilege name="prvCreatemsdyn_bookingtimestamp" level="Basic" />
        <RolePrivilege name="prvCreatemsdyn_geofence" level="Deep" />
        <RolePrivilege name="prvCreatemsdyn_geofenceevent" level="Deep" />
        <RolePrivilege name="prvCreatemsdyn_resourcerequirement" level="Basic" />
        <RolePrivilege name="prvCreatemsdyn_resourcerequirementdetail" level="Basic" />
        <RolePrivilege name="prvCreatemsdyn_scheduleboardsetting" level="Basic" />
        <RolePrivilege name="prvCreatemsdyn_timeentry" level="Basic" />
        <RolePrivilege name="prvCreatemsdyn_timeentrysetting" level="Basic" />
        <RolePrivilege name="prvCreatemsdyn_timeoffrequest" level="Basic" />
        <RolePrivilege name="prvCreatemsdyn_workorder" level="Global" />
        <RolePrivilege name="prvCreatemsdyn_workorderincident" level="Deep" />
        <RolePrivilege name="prvCreatemsdyn_workorderresolution" level="Basic" />
        <RolePrivilege name="prvCreatemsdyn_workorderservicetask" level="Basic" />
        <RolePrivilege name="prvCreateNote" level="Basic" />
        <RolePrivilege name="prvCreateovs_CYSafetyAssessment" level="Basic" />
        <RolePrivilege name="prvCreateovs_enforcementactionviolation" level="Basic" />
        <RolePrivilege name="prvCreateovs_MOCRegistration" level="Global" />
        <RolePrivilege name="prvCreateovs_operationclass" level="Global" />
        <RolePrivilege name="prvCreateovs_OperationUNNumber" level="Global" />
        <RolePrivilege name="prvCreateovs_tdginspectionreport" level="Local" />
        <RolePrivilege name="prvCreateovs_tyohsnote" level="Basic" />
        <RolePrivilege name="prvCreateOwnCalendar" level="Global" />
        <RolePrivilege name="prvCreatePost" level="Global" />
        <RolePrivilege name="prvCreatePostFollow" level="Global" />
        <RolePrivilege name="prvCreateqm_CEPData" level="Basic" />
        <RolePrivilege name="prvCreateqm_syresult" level="Basic" />
        <RolePrivilege name="prvCreateSharePointData" level="Global" />
        <RolePrivilege name="prvCreateSLAKPIInstance" level="Basic" />
        <RolePrivilege name="prvCreateSyncError" level="Basic" />
        <RolePrivilege name="prvCreateUserEntityUISettings" level="Basic" />
        <RolePrivilege name="prvCreateusermobileofflineprofilemembership" level="Global" />
        <RolePrivilege name="prvCreateUserQuery" level="Basic" />
        <RolePrivilege name="prvCreateUserSettings" level="Local" />
        <RolePrivilege name="prvDeleteactivityfileattachment" level="Basic" />
        <RolePrivilege name="prvDeleteAnyPost" level="Global" />
        <RolePrivilege name="prvDeleteappnotification" level="Basic" />
        <RolePrivilege name="prvDeleteBookableResourceBookingExchangeSyncIdMapping" level="Basic" />
        <RolePrivilege name="prvDeleteConnection" level="Global" />
        <RolePrivilege name="prvDeleteContact" level="Global" />
        <RolePrivilege name="prvDeleteEmailSignature" level="Basic" />
        <RolePrivilege name="prvDeleteEmailTemplate" level="Basic" />
        <RolePrivilege name="prvDeleteExchangeSyncIdMapping" level="Basic" />
        <RolePrivilege name="prvDeletefdr_condition" level="Basic" />
        <RolePrivilege name="prvDeletefdr_Design" level="Basic" />
        <RolePrivilege name="prvDeletefdr_functionlimitation" level="Basic" />
        <RolePrivilege name="prvDeletefdr_requestequivalencycertificate" level="Global" />
        <RolePrivilege name="prvDeletefdr_ServiceRequestFunction" level="Basic" />
        <RolePrivilege name="prvDeletefdr_ServiceRequestPerformance" level="Basic" />
        <RolePrivilege name="prvDeletemsdyn_bookableresourcebookingquicknote" level="Basic" />
        <RolePrivilege name="prvDeletemsdyn_bookingalertstatus" level="Global" />
        <RolePrivilege name="prvDeletemsdyn_bookingchange" level="Basic" />
        <RolePrivilege name="prvDeletemsdyn_bookingjournal" level="Basic" />
        <RolePrivilege name="prvDeletemsdyn_geofence" level="Deep" />
        <RolePrivilege name="prvDeletemsdyn_geofenceevent" level="Deep" />
        <RolePrivilege name="prvDeletemsdyn_scheduleboardsetting" level="Basic" />
        <RolePrivilege name="prvDeletemsdyn_workorderincident" level="Deep" />
        <RolePrivilege name="prvDeletemsdyn_workorderresolution" level="Basic" />
        <RolePrivilege name="prvDeletemsdyn_workorderservicetask" level="Basic" />
        <RolePrivilege name="prvDeleteNote" level="Basic" />
        <RolePrivilege name="prvDeleteovs_CYSafetyAssessment" level="Basic" />
        <RolePrivilege name="prvDeleteovs_enforcementactionviolation" level="Basic" />
        <RolePrivilege name="prvDeleteovs_operationclass" level="Global" />
        <RolePrivilege name="prvDeleteovs_tyohsnote" level="Basic" />
        <RolePrivilege name="prvDeletePostFollow" level="Global" />
        <RolePrivilege name="prvDeleteqm_syresult" level="Basic" />
        <RolePrivilege name="prvDeleteSyncError" level="Basic" />
        <RolePrivilege name="prvDeleteusermobileofflineprofilemembership" level="Global" />
        <RolePrivilege name="prvDeleteUserQuery" level="Basic" />
        <RolePrivilege name="prvDeleteUserSettings" level="Local" />
        <RolePrivilege name="prvDocumentGeneration" level="Global" />
        <RolePrivilege name="prvExportToExcel" level="Global" />
        <RolePrivilege name="prvFlow" level="Global" />
        <RolePrivilege name="prvGoOffline" level="Global" />
        <RolePrivilege name="prvISVExtensions" level="Global" />
        <RolePrivilege name="prvLanguageSettings" level="Global" />
        <RolePrivilege name="prvMailMerge" level="Global" />
        <RolePrivilege name="prvOverrideCreatedOnCreatedBy" level="Global" />
        <RolePrivilege name="prvPrint" level="Global" />
        <RolePrivilege name="prvPublishRSReport" level="Global" />
        <RolePrivilege name="prvReadAccount" level="Global" />
        <RolePrivilege name="prvReadActionCard" level="Global" />
        <RolePrivilege name="prvReadActionCardUserSettings" level="Basic" />
        <RolePrivilege name="prvReadActivity" level="Global" />
        <RolePrivilege name="prvReadactivityfileattachment" level="Basic" />
        <RolePrivilege name="prvReadApplicationFile" level="Global" />
        <RolePrivilege name="prvReadAppModule" level="Global" />
        <RolePrivilege name="prvReadappnotification" level="Basic" />
        <RolePrivilege name="prvReadAppUserSetting" level="Global" />
        <RolePrivilege name="prvReadAsyncOperation" level="Basic" />
        <RolePrivilege name="prvReadAttribute" level="Global" />
        <RolePrivilege name="prvReadAttributeMap" level="Global" />
        <RolePrivilege name="prvReadAuditSummary" level="Global" />
        <RolePrivilege name="prvReadBookableResource" level="Global" />
        <RolePrivilege name="prvReadBookableResourceBooking" level="Global" />
        <RolePrivilege name="prvReadBookableResourceBookingExchangeSyncIdMapping" level="Basic" />
        <RolePrivilege name="prvReadBookableResourceBookingHeader" level="Global" />
        <RolePrivilege name="prvReadBookableResourceCategory" level="Global" />
        <RolePrivilege name="prvReadBookableResourceCategoryAssn" level="Global" />
        <RolePrivilege name="prvReadBookableResourceCharacteristic" level="Global" />
        <RolePrivilege name="prvReadBookableResourceGroup" level="Global" />
        <RolePrivilege name="prvReadBookingStatus" level="Global" />
        <RolePrivilege name="prvReadBusinessUnit" level="Local" />
        <RolePrivilege name="prvReadCalendar" level="Local" />
        <RolePrivilege name="prvReadCategory" level="Global" />
        <RolePrivilege name="prvReadCharacteristic" level="Global" />
        <RolePrivilege name="prvReadComplexControl" level="Global" />
        <RolePrivilege name="prvReadConnection" level="Global" />
        <RolePrivilege name="prvReadConnectionRole" level="Global" />
        <RolePrivilege name="prvReadContact" level="Global" />
        <RolePrivilege name="prvReadCustomerRelationship" level="Global" />
        <RolePrivilege name="prvReadDelveActionHub" level="Global" />
        <RolePrivilege name="prvReadDuplicateRule" level="Global" />
        <RolePrivilege name="prvReadEmailSignature" level="Basic" />
        <RolePrivilege name="prvReadEmailTemplate" level="Global" />
        <RolePrivilege name="prvReadEntity" level="Global" />
        <RolePrivilege name="prvReadEntityKey" level="Global" />
        <RolePrivilege name="prvReadEntityMap" level="Global" />
        <RolePrivilege name="prvReadEnvironmentVariableDefinition" level="Global" />
        <RolePrivilege name="prvReadEquipment" level="Local" />
        <RolePrivilege name="prvReadExchangeSyncIdMapping" level="Basic" />
        <RolePrivilege name="prvReadExpanderEvent" level="Global" />
        <RolePrivilege name="prvReadfdr_Certification" level="Global" />
        <RolePrivilege name="prvReadfdr_condition" level="Global" />
        <RolePrivilege name="prvReadfdr_ContainerFunction" level="Global" />
        <RolePrivilege name="prvReadfdr_ContainerType" level="Global" />
        <RolePrivilege name="prvReadfdr_CostRecoveryAttribute" level="Global" />
        <RolePrivilege name="prvReadfdr_Design" level="Global" />
        <RolePrivilege name="prvReadfdr_DesignMarkingRequirement" level="Global" />
        <RolePrivilege name="prvReadfdr_Equipment" level="Global" />
        <RolePrivilege name="prvReadfdr_function" level="Global" />
        <RolePrivilege name="prvReadfdr_functionlimitation" level="Global" />
        <RolePrivilege name="prvReadfdr_limitation" level="Global" />
        <RolePrivilege name="prvReadfdr_Program" level="Global" />
        <RolePrivilege name="prvReadfdr_RegisteredMark" level="Global" />
        <RolePrivilege name="prvReadfdr_regulatoryrequirement" level="Global" />
        <RolePrivilege name="prvReadfdr_requestequivalencycertificate" level="Global" />
        <RolePrivilege name="prvReadfdr_requiredregistration" level="Global" />
        <RolePrivilege name="prvReadfdr_ServiceRequest" level="Global" />
        <RolePrivilege name="prvReadfdr_ServiceRequestFunction" level="Deep" />
        <RolePrivilege name="prvReadfdr_ServiceRequestPerformance" level="Global" />
        <RolePrivilege name="prvReadfdr_ServiceRequestServiceTask" level="Global" />
        <RolePrivilege name="prvReadfdr_ServiceRequestType" level="Global" />
        <RolePrivilege name="prvReadfdr_specification" level="Global" />
        <RolePrivilege name="prvReadHierarchyRule" level="Global" />
        <RolePrivilege name="prvReadIncident" level="Deep" />
        <RolePrivilege name="prvReadInteractionForEmail" level="Global" />
        <RolePrivilege name="prvReadKnowledgeArticle" level="Global" />
        <RolePrivilege name="prvReadLanguageLocale" level="Global" />
        <RolePrivilege name="prvReadMailbox" level="Basic" />
        <RolePrivilege name="prvReadMailMergeTemplate" level="Basic" />
        <RolePrivilege name="prvReadMobileOfflineProfile" level="Global" />
        <RolePrivilege name="prvReadmsdyn_actual" level="Global" />
        <RolePrivilege name="prvReadmsdyn_assetcategorytemplateassociation" level="Global" />
        <RolePrivilege name="prvReadmsdyn_assettemplateassociation" level="Global" />
        <RolePrivilege name="prvReadmsdyn_bookableresourceassociation" level="Basic" />
        <RolePrivilege name="prvReadmsdyn_bookableresourcebookingquicknote" level="Basic" />
        <RolePrivilege name="prvReadmsdyn_bookingalertstatus" level="Global" />
        <RolePrivilege name="prvReadmsdyn_bookingchange" level="Basic" />
        <RolePrivilege name="prvReadmsdyn_bookingjournal" level="Basic" />
        <RolePrivilege name="prvReadmsdyn_bookingrule" level="Deep" />
        <RolePrivilege name="prvReadmsdyn_bookingsetupmetadata" level="Deep" />
        <RolePrivilege name="prvReadmsdyn_bookingtimestamp" level="Basic" />
        <RolePrivilege name="prvReadmsdyn_customerasset" level="Basic" />
        <RolePrivilege name="prvReadmsdyn_fieldservicepricelistitem" level="Global" />
        <RolePrivilege name="prvReadmsdyn_fieldservicesetting" level="Global" />
        <RolePrivilege name="prvReadmsdyn_fieldserviceslaconfiguration" level="Global" />
        <RolePrivilege name="prvReadmsdyn_fieldservicesystemjob" level="Global" />
        <RolePrivilege name="prvReadmsdyn_FunctionalLocation" level="Global" />
        <RolePrivilege name="prvReadmsdyn_geofence" level="Global" />
        <RolePrivilege name="prvReadmsdyn_geofenceevent" level="Global" />
        <RolePrivilege name="prvReadmsdyn_geolocationsettings" level="Global" />
        <RolePrivilege name="prvReadmsdyn_incidenttype" level="Global" />
        <RolePrivilege name="prvReadmsdyn_incidenttype_requirementgroup" level="Global" />
        <RolePrivilege name="prvReadmsdyn_incidenttypecharacteristic" level="Global" />
        <RolePrivilege name="prvReadmsdyn_incidenttypeproduct" level="Global" />
        <RolePrivilege name="prvReadmsdyn_incidenttyperecommendationresult" level="Global" />
        <RolePrivilege name="prvReadmsdyn_incidenttyperecommendationrunhistory" level="Global" />
        <RolePrivilege name="prvReadmsdyn_incidenttyperesolution" level="Global" />
        <RolePrivilege name="prvReadmsdyn_incidenttypeservice" level="Global" />
        <RolePrivilege name="prvReadmsdyn_incidenttypeservicetask" level="Global" />
        <RolePrivilege name="prvReadmsdyn_incidenttypessetup" level="Global" />
        <RolePrivilege name="prvReadmsdyn_kbattachment" level="Global" />
        <RolePrivilege name="prvReadmsdyn_organizationalunit" level="Global" />
        <RolePrivilege name="prvReadmsdyn_payment" level="Global" />
        <RolePrivilege name="prvReadmsdyn_paymentdetail" level="Global" />
        <RolePrivilege name="prvReadmsdyn_paymentmethod" level="Global" />
        <RolePrivilege name="prvReadmsdyn_paymentterm" level="Global" />
        <RolePrivilege name="prvReadmsdyn_postalcode" level="Global" />
        <RolePrivilege name="prvReadmsdyn_PostConfig" level="Global" />
        <RolePrivilege name="prvReadmsdyn_productinventory" level="Global" />
        <RolePrivilege name="prvReadmsdyn_requirementcharacteristic" level="Global" />
        <RolePrivilege name="prvReadmsdyn_requirementgroup" level="Basic" />
        <RolePrivilege name="prvReadmsdyn_requirementrelationship" level="Basic" />
        <RolePrivilege name="prvReadmsdyn_requirementresourcepreference" level="Global" />
        <RolePrivilege name="prvReadmsdyn_requirementstatus" level="Deep" />
        <RolePrivilege name="prvReadmsdyn_resolution" level="Local" />
        <RolePrivilege name="prvReadmsdyn_resourcepaytype" level="Global" />
        <RolePrivilege name="prvReadmsdyn_resourcerequirement" level="Global" />
        <RolePrivilege name="prvReadmsdyn_resourcerequirementdetail" level="Global" />
        <RolePrivilege name="prvReadmsdyn_resourceterritory" level="Global" />
        <RolePrivilege name="prvReadmsdyn_scheduleboardsetting" level="Global" />
        <RolePrivilege name="prvReadmsdyn_schedulingparameter" level="Global" />
        <RolePrivilege name="prvReadmsdyn_servicetasktype" level="Global" />
        <RolePrivilege name="prvReadmsdyn_solutioncomponentdatasource" level="Global" />
        <RolePrivilege name="prvReadmsdyn_solutioncomponentsummary" level="Global" />
        <RolePrivilege name="prvReadmsdyn_suggestedactivity" level="Global" />
        <RolePrivilege name="prvReadmsdyn_suggestedactivitydatasource" level="Global" />
        <RolePrivilege name="prvReadmsdyn_suggestedcontact" level="Global" />
        <RolePrivilege name="prvReadmsdyn_suggestedcontactsdatasource" level="Global" />
        <RolePrivilege name="prvReadmsdyn_suggestioninteraction" level="Global" />
        <RolePrivilege name="prvReadmsdyn_suggestionrequestpayload" level="Global" />
        <RolePrivilege name="prvReadmsdyn_suggestionsmodelsummary" level="Global" />
        <RolePrivilege name="prvReadmsdyn_suggestionssetting" level="Global" />
        <RolePrivilege name="prvReadmsdyn_systemuserschedulersetting" level="Global" />
        <RolePrivilege name="prvReadmsdyn_taxcode" level="Global" />
        <RolePrivilege name="prvReadmsdyn_taxcodedetail" level="Global" />
        <RolePrivilege name="prvReadmsdyn_timeentry" level="Global" />
        <RolePrivilege name="prvReadmsdyn_timeentrysetting" level="Global" />
        <RolePrivilege name="prvReadmsdyn_timegroup" level="Global" />
        <RolePrivilege name="prvReadmsdyn_timegroupdetail" level="Global" />
        <RolePrivilege name="prvReadmsdyn_timeoffrequest" level="Global" />
        <RolePrivilege name="prvReadmsdyn_wallsavedquery" level="Global" />
        <RolePrivilege name="prvReadmsdyn_warehouse" level="Basic" />
        <RolePrivilege name="prvReadmsdyn_workorder" level="Global" />
        <RolePrivilege name="prvReadmsdyn_workordercharacteristic" level="Deep" />
        <RolePrivilege name="prvReadmsdyn_workorderdetailsgenerationqueue" level="Global" />
        <RolePrivilege name="prvReadmsdyn_workorderincident" level="Deep" />
        <RolePrivilege name="prvReadmsdyn_workorderproduct" level="Deep" />
        <RolePrivilege name="prvReadmsdyn_workorderresolution" level="Basic" />
        <RolePrivilege name="prvReadmsdyn_workorderresourcerestriction" level="Global" />
        <RolePrivilege name="prvReadmsdyn_workorderservice" level="Deep" />
        <RolePrivilege name="prvReadmsdyn_workorderservicetask" level="Global" />
        <RolePrivilege name="prvReadmsdyn_workordersubstatus" level="Global" />
        <RolePrivilege name="prvReadmsdyn_workordertype" level="Global" />
        <RolePrivilege name="prvReadNote" level="Global" />
        <RolePrivilege name="prvReadOptionSet" level="Global" />
        <RolePrivilege name="prvReadOrganization" level="Global" />
        <RolePrivilege name="prvReadovs_aircrafttype" level="Global" />
        <RolePrivilege name="prvReadovs_airoperatorfunction" level="Global" />
        <RolePrivilege name="prvReadovs_airOperatortype" level="Global" />
        <RolePrivilege name="prvReadovs_CDNOP" level="Global" />
        <RolePrivilege name="prvReadovs_CDRegionalNOP" level="Global" />
        <RolePrivilege name="prvReadovs_CYSafetyAssessment" level="Global" />
        <RolePrivilege name="prvReadovs_enforcementactionviolation" level="Global" />
        <RolePrivilege name="prvReadovs_lob" level="Global" />
        <RolePrivilege name="prvReadovs_MOCRegistration" level="Global" />
        <RolePrivilege name="prvReadovs_moctype" level="Global" />
        <RolePrivilege name="prvReadovs_modes" level="Global" />
        <RolePrivilege name="prvReadovs_operationclass" level="Global" />
        <RolePrivilege name="prvReadovs_OperationUNNumber" level="Global" />
        <RolePrivilege name="prvReadovs_OversightType" level="Global" />
        <RolePrivilege name="prvReadovs_Questionnaire" level="Global" />
        <RolePrivilege name="prvReadovs_SiteType" level="Global" />
        <RolePrivilege name="prvReadovs_tdginspectionreport" level="Local" />
        <RolePrivilege name="prvReadovs_tyohsequipmenttype" level="Global" />
        <RolePrivilege name="prvReadovs_tyohsnote" level="Global" />
        <RolePrivilege name="prvReadovs_TYRational" level="Global" />
        <RolePrivilege name="prvReadovs_workordercandidate" level="Global" />
        <RolePrivilege name="prvReadOwnCalendar" level="Global" />
        <RolePrivilege name="prvReadPersonalDocumentTemplate" level="Basic" />
        <RolePrivilege name="prvReadPluginAssembly" level="Global" />
        <RolePrivilege name="prvReadPluginType" level="Global" />
        <RolePrivilege name="prvReadPost" level="Global" />
        <RolePrivilege name="prvReadPostFollow" level="Global" />
        <RolePrivilege name="prvReadProduct" level="Global" />
        <RolePrivilege name="prvReadqm_CEPData" level="Basic" />
        <RolePrivilege name="prvReadqm_environmentsettings" level="Global" />
        <RolePrivilege name="prvReadqm_rclegislation" level="Global" />
        <RolePrivilege name="prvReadqm_sydependencygroup" level="Global" />
        <RolePrivilege name="prvReadqm_sydependencygroupitem" level="Global" />
        <RolePrivilege name="prvReadqm_sygroup" level="Global" />
        <RolePrivilege name="prvReadqm_syquestion" level="Global" />
        <RolePrivilege name="prvReadqm_syquestionvalidationrule" level="Global" />
        <RolePrivilege name="prvReadqm_syresponse" level="Global" />
        <RolePrivilege name="prvReadqm_syresult" level="Global" />
        <RolePrivilege name="prvReadqm_sytemplate" level="Global" />
        <RolePrivilege name="prvReadqm_tylegislationcharacteristic" level="Global" />
        <RolePrivilege name="prvReadqm_tylegislationsource" level="Global" />
        <RolePrivilege name="prvReadqm_TYValidationruletype" level="Global" />
        <RolePrivilege name="prvReadQuery" level="Global" />
        <RolePrivilege name="prvReadQueue" level="Global" />
        <RolePrivilege name="prvReadRatingModel" level="Basic" />
        <RolePrivilege name="prvReadRatingValue" level="Basic" />
        <RolePrivilege name="prvReadRecordAuditHistory" level="Global" />
        <RolePrivilege name="prvReadRelationship" level="Global" />
        <RolePrivilege name="prvReadReport" level="Global" />
        <RolePrivilege name="prvReadRole" level="Local" />
        <RolePrivilege name="prvReadRoutingRule" level="Basic" />
        <RolePrivilege name="prvReadSavedQueryVisualizations" level="Global" />
        <RolePrivilege name="prvReadSdkMessage" level="Global" />
        <RolePrivilege name="prvReadSdkMessageProcessingStep" level="Global" />
        <RolePrivilege name="prvReadSdkMessageProcessingStepImage" level="Global" />
        <RolePrivilege name="prvReadServiceEndpoint" level="Global" />
        <RolePrivilege name="prvReadSettingDefinition" level="Global" />
        <RolePrivilege name="prvReadSharePointData" level="Global" />
        <RolePrivilege name="prvReadSharePointDocument" level="Global" />
        <RolePrivilege name="prvReadSharePointDocumentLocation" level="Global" />
        <RolePrivilege name="prvReadSharePointSite" level="Global" />
        <RolePrivilege name="prvReadSLA" level="Local" />
        <RolePrivilege name="prvReadSLAKPIInstance" level="Local" />
        <RolePrivilege name="prvReadSubject" level="Global" />
        <RolePrivilege name="prvReadSyncError" level="Basic" />
        <RolePrivilege name="prvReadSystemApplicationMetadata" level="Global" />
        <RolePrivilege name="prvReadSystemForm" level="Global" />
        <RolePrivilege name="prvReadtc_TCFiscalPeriod" level="Global" />
        <RolePrivilege name="prvReadtc_TCFiscalQuarter" level="Global" />
        <RolePrivilege name="prvReadtc_TCFiscalYear" level="Global" />
        <RolePrivilege name="prvReadtc_TCLocationType" level="Global" />
        <RolePrivilege name="prvReadtc_TCMonth" level="Global" />
        <RolePrivilege name="prvReadtdg_UNNumber" level="Global" />
        <RolePrivilege name="prvReadTeam" level="Local" />
        <RolePrivilege name="prvReadteammobileofflineprofilemembership" level="Global" />
        <RolePrivilege name="prvReadTerritory" level="Global" />
        <RolePrivilege name="prvReadTransactionCurrency" level="Global" />
        <RolePrivilege name="prvReadUser" level="Global" />
        <RolePrivilege name="prvReadUserApplicationMetadata" level="Basic" />
        <RolePrivilege name="prvReadUserEntityInstanceData" level="Basic" />
        <RolePrivilege name="prvReadUserEntityUISettings" level="Basic" />
        <RolePrivilege name="prvReadUserForm" level="Basic" />
        <RolePrivilege name="prvReadusermobileofflineprofilemembership" level="Global" />
        <RolePrivilege name="prvReadUserQuery" level="Basic" />
        <RolePrivilege name="prvReadUserQueryVisualizations" level="Basic" />
        <RolePrivilege name="prvReadUserSettings" level="Local" />
        <RolePrivilege name="prvReadWebResource" level="Global" />
        <RolePrivilege name="prvReadWorkflow" level="Global" />
        <RolePrivilege name="prvSearchAvailability" level="Global" />
        <RolePrivilege name="prvSendAsUser" level="Local" />
        <RolePrivilege name="prvSendInviteForLive" level="Global" />
        <RolePrivilege name="prvShareAccount" level="Global" />
        <RolePrivilege name="prvShareActivity" level="Basic" />
        <RolePrivilege name="prvShareactivityfileattachment" level="Basic" />
        <RolePrivilege name="prvShareBookableResource" level="Basic" />
        <RolePrivilege name="prvShareBookableResourceBooking" level="Basic" />
        <RolePrivilege name="prvShareBookableResourceBookingHeader" level="Basic" />
        <RolePrivilege name="prvShareContact" level="Global" />
        <RolePrivilege name="prvShareEmailTemplate" level="Basic" />
        <RolePrivilege name="prvSharefdr_ServiceRequest" level="Basic" />
        <RolePrivilege name="prvSharefdr_ServiceRequestFunction" level="Basic" />
        <RolePrivilege name="prvSharefdr_ServiceRequestPerformance" level="Basic" />
        <RolePrivilege name="prvSharemsdyn_bookableresourcebookingquicknote" level="Basic" />
        <RolePrivilege name="prvSharemsdyn_bookingalertstatus" level="Global" />
        <RolePrivilege name="prvSharemsdyn_bookingchange" level="Basic" />
        <RolePrivilege name="prvSharemsdyn_scheduleboardsetting" level="Basic" />
        <RolePrivilege name="prvSharemsdyn_workorder" level="Basic" />
        <RolePrivilege name="prvSharemsdyn_workorderservicetask" level="Basic" />
        <RolePrivilege name="prvShareNote" level="Basic" />
        <RolePrivilege name="prvShareovs_moctype" level="Basic" />
        <RolePrivilege name="prvShareovs_tdginspectionreport" level="Local" />
        <RolePrivilege name="prvShareSyncError" level="Basic" />
        <RolePrivilege name="prvShareUserQuery" level="Basic" />
        <RolePrivilege name="prvSyncToOutlook" level="Global" />
        <RolePrivilege name="prvUseOfficeApps" level="Global" />
        <RolePrivilege name="prvUseTabletApp" level="Global" />
        <RolePrivilege name="prvWebMailMerge" level="Global" />
        <RolePrivilege name="prvWorkflowExecution" level="Global" />
        <RolePrivilege name="prvWriteAccount" level="Global" />
        <RolePrivilege name="prvWriteActionCard" level="Basic" />
        <RolePrivilege name="prvWriteActivity" level="Basic" />
        <RolePrivilege name="prvWriteactivityfileattachment" level="Basic" />
        <RolePrivilege name="prvWriteappnotification" level="Basic" />
        <RolePrivilege name="prvWriteAppUserSetting" level="Global" />
        <RolePrivilege name="prvWriteBookableResource" level="Basic" />
        <RolePrivilege name="prvWriteBookableResourceBooking" level="Basic" />
        <RolePrivilege name="prvWriteBookableResourceBookingExchangeSyncIdMapping" level="Basic" />
        <RolePrivilege name="prvWriteBookableResourceBookingHeader" level="Basic" />
        <RolePrivilege name="prvWriteBusinessClosureCalendar" level="Global" />
        <RolePrivilege name="prvWriteCalendar" level="Local" />
        <RolePrivilege name="prvWriteConnection" level="Global" />
        <RolePrivilege name="prvWriteContact" level="Global" />
        <RolePrivilege name="prvWriteEmailSignature" level="Basic" />
        <RolePrivilege name="prvWriteEmailTemplate" level="Basic" />
        <RolePrivilege name="prvWriteExchangeSyncIdMapping" level="Basic" />
        <RolePrivilege name="prvWritefdr_condition" level="Basic" />
        <RolePrivilege name="prvWritefdr_Design" level="Basic" />
        <RolePrivilege name="prvWritefdr_functionlimitation" level="Basic" />
        <RolePrivilege name="prvWritefdr_RegisteredMark" level="Global" />
        <RolePrivilege name="prvWritefdr_requestequivalencycertificate" level="Global" />
        <RolePrivilege name="prvWritefdr_ServiceRequest" level="Basic" />
        <RolePrivilege name="prvWritefdr_ServiceRequestFunction" level="Basic" />
        <RolePrivilege name="prvWritefdr_ServiceRequestPerformance" level="Basic" />
        <RolePrivilege name="prvWritefdr_ServiceRequestServiceTask" level="Basic" />
        <RolePrivilege name="prvWritemsdyn_bookableresourceassociation" level="Basic" />
        <RolePrivilege name="prvWritemsdyn_bookableresourcebookingquicknote" level="Basic" />
        <RolePrivilege name="prvWritemsdyn_bookingalertstatus" level="Global" />
        <RolePrivilege name="prvWritemsdyn_bookingchange" level="Basic" />
        <RolePrivilege name="prvWritemsdyn_bookingjournal" level="Basic" />
        <RolePrivilege name="prvWritemsdyn_geofence" level="Deep" />
        <RolePrivilege name="prvWritemsdyn_geofenceevent" level="Deep" />
        <RolePrivilege name="prvWritemsdyn_requirementgroup" level="Basic" />
        <RolePrivilege name="prvWritemsdyn_requirementrelationship" level="Basic" />
        <RolePrivilege name="prvWritemsdyn_resourcerequirement" level="Basic" />
        <RolePrivilege name="prvWritemsdyn_resourcerequirementdetail" level="Basic" />
        <RolePrivilege name="prvWritemsdyn_scheduleboardsetting" level="Basic" />
        <RolePrivilege name="prvWritemsdyn_timeentry" level="Basic" />
        <RolePrivilege name="prvWritemsdyn_timeentrysetting" level="Basic" />
        <RolePrivilege name="prvWritemsdyn_timeoffrequest" level="Basic" />
        <RolePrivilege name="prvWritemsdyn_workorder" level="Basic" />
        <RolePrivilege name="prvWritemsdyn_workorderincident" level="Deep" />
        <RolePrivilege name="prvWritemsdyn_workorderresolution" level="Basic" />
        <RolePrivilege name="prvWritemsdyn_workorderservicetask" level="Basic" />
        <RolePrivilege name="prvWriteNote" level="Basic" />
        <RolePrivilege name="prvWriteovs_CYSafetyAssessment" level="Basic" />
        <RolePrivilege name="prvWriteovs_enforcementactionviolation" level="Basic" />
        <RolePrivilege name="prvWriteovs_MOCRegistration" level="Global" />
        <RolePrivilege name="prvWriteovs_operationclass" level="Global" />
        <RolePrivilege name="prvWriteovs_OperationUNNumber" level="Global" />
        <RolePrivilege name="prvWriteovs_tdginspectionreport" level="Local" />
        <RolePrivilege name="prvWriteovs_tyohsnote" level="Basic" />
        <RolePrivilege name="prvWriteOwnCalendar" level="Global" />
        <RolePrivilege name="prvWriteqm_CEPData" level="Basic" />
        <RolePrivilege name="prvWriteqm_syresult" level="Basic" />
        <RolePrivilege name="prvWriteqm_sytemplate" level="Global" />
        <RolePrivilege name="prvWriteSharePointData" level="Global" />
        <RolePrivilege name="prvWriteSLAKPIInstance" level="Local" />
        <RolePrivilege name="prvWriteSyncError" level="Basic" />
        <RolePrivilege name="prvWriteUserEntityUISettings" level="Basic" />
        <RolePrivilege name="prvWriteusermobileofflineprofilemembership" level="Global" />
        <RolePrivilege name="prvWriteUserQuery" level="Basic" />
        <RolePrivilege name="prvWriteUserSettings" level="Local" />
      </RolePrivileges>
    </Role>
  </Roles>
  <Workflows></Workflows>
  <FieldSecurityProfiles></FieldSecurityProfiles>
  <Templates />
  <EntityMaps />
  <EntityRelationships />
  <OrganizationSettings />
  <optionsets />
  <CustomControls />
  <EntityDataProviders />
  <Languages>
    <Language>1033</Language>
    <Language>1036</Language>
  </Languages>
</ImportExportXml>