{
  "properties": {
    "connectionReferences": {
      "shared_commondataserviceforapps": {
        "runtimeSource": "embedded",
        "connection": {
          "connectionReferenceLogicalName": "tdg_ConnectionReferenceDataverseServicePrinciple"
        },
        "api": {
          "name": "shared_commondataserviceforapps"
        }
      }
    },
    "definition": {
      "$schema": "https://schema.management.azure.com/providers/Microsoft.Logic/schemas/2016-06-01/workflowdefinition.json#",
      "contentVersion": "1.0.0.0",
      "parameters": {
        "$connections": {
          "defaultValue": {},
          "type": "Object"
        },
        "$authentication": {
          "defaultValue": {},
          "type": "SecureObject"
        },
        "CRS_Sender_Queue (ovs_CRS_Sender_Queue)": {
          "defaultValue": "f8a1729c-7601-ef11-9f89-0022483d0141",
          "type": "String",
          "metadata": {
            "schemaName": "ovs_CRS_Sender_Queue"
          }
        },
        "CrmBaseUrl (ovs_CrmBaseUrl)": {
          "defaultValue": "tdgcore-dev-tcd365.crm3.dynamics.com",
          "type": "String",
          "metadata": {
            "schemaName": "ovs_CrmBaseUrl",
            "description": "Provides current environment base url. No back slash ending."
          }
        },
        "TDGOnlineportal (ovs_TDGOnlineportal)": {
          "defaultValue": "https://dg-md.dev.tc.canada.ca ",
          "type": "String",
          "metadata": {
            "schemaName": "ovs_TDGOnlineportal"
          }
        }
      },
      "triggers": {
        "When_a_row_is_added,_modified_or_deleted": {
          "metadata": {
            "operationMetadataId": "c79ad503-4c6d-4656-968b-b9bcd71dab84"
          },
          "type": "OpenApiConnectionWebhook",
          "inputs": {
            "host": {
              "connectionName": "shared_commondataserviceforapps",
              "operationId": "SubscribeWebhookTrigger",
              "apiId": "/providers/Microsoft.PowerApps/apis/shared_commondataserviceforapps"
            },
            "parameters": {
              "subscriptionRequest/message": 3,
              "subscriptionRequest/entityname": "ovs_submission",
              "subscriptionRequest/scope": 4,
              "subscriptionRequest/filteringattributes": "statuscode",
              "subscriptionRequest/filterexpression": "statuscode eq 918640002 or statuscode eq 918640005"
            },
            "authentication": "@parameters('$authentication')"
          }
        }
      },
      "actions": {
        "List_rows_-_Related_TGD_Connection_Contacts": {
          "runAfter": {
            "Initialize_variable_-_Email_Body": [
              "Succeeded"
            ]
          },
          "metadata": {
            "operationMetadataId": "6bc57772-1215-4434-aa4e-d8dbbcaab973"
          },
          "type": "OpenApiConnection",
          "inputs": {
            "host": {
              "connectionName": "shared_commondataserviceforapps",
              "operationId": "ListRecords",
              "apiId": "/providers/Microsoft.PowerApps/apis/shared_commondataserviceforapps"
            },
            "parameters": {
              "entityName": "connections",
              "fetchXml": "<fetch version=\"1.0\" output-format=\"xml-platform\" mapping=\"logical\" distinct=\"false\">\n<entity name=\"connection\">\n<attribute name=\"record2id\"/>\n<attribute name=\"record1id\"/>\n<attribute name=\"connectionid\"/>\n<attribute name=\"effectivestart\"/>\n<filter type=\"and\">\n<condition attribute=\"record2objecttypecode\" operator=\"eq\" value=\"2\"/>\n<condition attribute=\"record1objecttypecode\" operator=\"eq\" value=\"1\"/>\n<condition attribute=\"effectivestart\" operator=\"not-null\"/>\n<condition attribute=\"record1roleid\" operator=\"not-null\"/>\n</filter>\n<link-entity name=\"account\" from=\"accountid\" to=\"record1id\" link-type=\"inner\" alias=\"a_b319a54f03644ed1a2f0dc0bae8c384d\">\n<attribute name=\"name\"/>\n<attribute name=\"primarycontactid\"/>\n<filter type=\"and\">\n<condition attribute=\"accountid\" operator=\"eq\"  value=\"@{variables('Organization GUID')}\"/>\n</filter>\n</link-entity>\n<link-entity name=\"contact\" from=\"contactid\" to=\"record2id\" link-type=\"inner\" alias=\"a_72c81aaa72c549acbe9e0deee5bd0ad2\">\n<attribute name=\"jobtitle\"/>\n<attribute name=\"fullname\"/>\n<attribute name=\"emailaddress1\"/>\n<filter type=\"and\">\n<condition attribute=\"ovs_mbun\" operator=\"not-null\"/>\n</filter>\n</link-entity>\n</entity>\n</fetch>"
            },
            "authentication": "@parameters('$authentication')"
          }
        },
        "Apply_to_each_-_Contact": {
          "foreach": "@outputs('List_rows_-_Related_TGD_Connection_Contacts')?['body/value']",
          "actions": {
            "Set_variable_-_Contact_GUID": {
              "runAfter": {},
              "metadata": {
                "operationMetadataId": "248905ca-c9f5-4a40-9f83-0d9c1f01bbbf"
              },
              "type": "SetVariable",
              "inputs": {
                "name": "Contact GUID",
                "value": "@{items('Apply_to_each_-_Contact')?['_record2id_value']}"
              }
            },
            "Set_variable_-_Contact_Full_Name": {
              "runAfter": {
                "Set_variable_-_Contact_GUID": [
                  "Succeeded"
                ]
              },
              "metadata": {
                "operationMetadataId": "357d8608-6eea-4de4-af72-e4e17f5df763"
              },
              "type": "SetVariable",
              "inputs": {
                "name": "Contact Full Name",
                "value": "@{items('Apply_to_each_-_Contact')?['_record2id_value@OData.Community.Display.V1.FormattedValue']}"
              }
            },
            "Append_to_array_variable_-__Activity_Party": {
              "runAfter": {
                "Set_variable_-_Contact_Full_Name": [
                  "Succeeded"
                ]
              },
              "metadata": {
                "operationMetadataId": "ef2402ea-2fd9-449f-b400-8ace43bc7302"
              },
              "type": "AppendToArrayVariable",
              "inputs": {
                "name": "Activity Party",
                "value": {
                  "participationtypemask": 2,
                  "partyid@odata.bind": "contacts(@{variables('Contact GUID')})"
                }
              }
            }
          },
          "runAfter": {
            "List_rows_-_Related_TGD_Connection_Contacts": [
              "Succeeded"
            ]
          },
          "metadata": {
            "operationMetadataId": "e18a711c-2982-43c3-8d7f-0243d411fd9a"
          },
          "type": "Foreach"
        },
        "Initialize_variable_-_Contact_GUID": {
          "runAfter": {
            "Initialize_variable_-_Portal_URL": [
              "Succeeded"
            ]
          },
          "metadata": {
            "operationMetadataId": "6c4656b3-4ef8-41ff-96e5-1678069e84e2"
          },
          "type": "InitializeVariable",
          "inputs": {
            "variables": [
              {
                "name": "Contact GUID",
                "type": "string"
              }
            ]
          }
        },
        "Initialize_variable_-_Contact_Full_Name": {
          "runAfter": {
            "Initialize_variable_-_Contact_GUID": [
              "Succeeded"
            ]
          },
          "metadata": {
            "operationMetadataId": "d45882d4-4003-4662-9b39-120e444e0fa1"
          },
          "type": "InitializeVariable",
          "inputs": {
            "variables": [
              {
                "name": "Contact Full Name",
                "type": "string"
              }
            ]
          }
        },
        "Initialize_variable_-_CRS_Queue": {
          "runAfter": {
            "Initialize_variable_-_Contact_Full_Name": [
              "Succeeded"
            ]
          },
          "metadata": {
            "operationMetadataId": "0bcf0442-5aa1-43b8-99f3-0e034ac899da"
          },
          "type": "InitializeVariable",
          "inputs": {
            "variables": [
              {
                "name": "CRS Queue",
                "type": "string",
                "value": "@parameters('CRS_Sender_Queue (ovs_CRS_Sender_Queue)')"
              }
            ]
          }
        },
        "Initialize_variable_-_IsProduction": {
          "runAfter": {
            "Initialize_variable_-_Activity_Party": [
              "Succeeded"
            ]
          },
          "metadata": {
            "operationMetadataId": "56278e0f-c220-43f0-b685-b6cf939810c4"
          },
          "type": "InitializeVariable",
          "inputs": {
            "variables": [
              {
                "name": "IsProduction",
                "type": "boolean",
                "value": "@if (equals( parameters('CrmBaseUrl (ovs_CrmBaseUrl)')  , 'rom-prod-tdg-tcd365.crm3.dynamics.com'),true , false)"
              }
            ]
          }
        },
        "Initialize_variable_-_Activity_Party": {
          "runAfter": {
            "Initialize_variable_-_CRS_Queue": [
              "Succeeded"
            ]
          },
          "metadata": {
            "operationMetadataId": "83cdd952-3472-4375-b083-86dc90e7c80c"
          },
          "type": "InitializeVariable",
          "inputs": {
            "variables": [
              {
                "name": "Activity Party",
                "type": "array",
                "value": [
                  {
                    "participationtypemask": 1,
                    "partyid@odata.bind": "queues(@{variables('CRS Queue')})"
                  }
                ]
              }
            ]
          }
        },
        "Condition_-At_least_1_connection_exists": {
          "actions": {
            "Add_a_new_row_-_Email": {
              "runAfter": {},
              "metadata": {
                "operationMetadataId": "be91d3d9-a132-4355-918b-b49414b48907"
              },
              "type": "OpenApiConnection",
              "inputs": {
                "host": {
                  "connectionName": "shared_commondataserviceforapps",
                  "operationId": "CreateRecord",
                  "apiId": "/providers/Microsoft.PowerApps/apis/shared_commondataserviceforapps"
                },
                "parameters": {
                  "entityName": "emails",
                  "item/activitypointer_activity_parties": "@variables('Activity Party')",
                  "item/description": "@variables('Email Body')",
                  "item/regardingobjectid_ovs_submission_email@odata.bind": "\\ovs_submissions\\@{triggerOutputs()?['body/ovs_submissionid']}",
                  "item/subject": "@variables('Subject')"
                },
                "authentication": "@parameters('$authentication')"
              }
            },
            "Condition_-_Environment_Check": {
              "actions": {
                "Perform_a_bound_action_-_Send_Email": {
                  "runAfter": {},
                  "metadata": {
                    "operationMetadataId": "0e9cf0b9-0937-404c-bce0-895bf9e9dd55"
                  },
                  "type": "OpenApiConnection",
                  "inputs": {
                    "host": {
                      "connectionName": "shared_commondataserviceforapps",
                      "operationId": "PerformBoundAction",
                      "apiId": "/providers/Microsoft.PowerApps/apis/shared_commondataserviceforapps"
                    },
                    "parameters": {
                      "entityName": "emails",
                      "actionName": "Microsoft.Dynamics.CRM.SendEmail",
                      "recordId": "@outputs('Add_a_new_row_-_Email')?['body/activityid']",
                      "item/IssueSend": true
                    },
                    "authentication": "@parameters('$authentication')"
                  }
                }
              },
              "runAfter": {
                "Add_a_new_row_-_Email": [
                  "Succeeded"
                ]
              },
              "expression": {
                "equals": [
                  "@variables('IsProduction')",
                  "@true"
                ]
              },
              "metadata": {
                "operationMetadataId": "542644c8-7d36-4698-9fb6-2a8fff54c54e"
              },
              "type": "If"
            }
          },
          "runAfter": {
            "Apply_to_each_-_Contact": [
              "Succeeded"
            ]
          },
          "expression": {
            "greater": [
              "@length(variables('Activity Party'))",
              1
            ]
          },
          "metadata": {
            "operationMetadataId": "427b2579-95a3-4ca7-bd02-cb1e65e45932"
          },
          "type": "If"
        },
        "Get_a_row_by_ID_-_Registrations": {
          "runAfter": {
            "Initialize_variable_-_IsProduction": [
              "Succeeded"
            ]
          },
          "metadata": {
            "operationMetadataId": "cab201dc-d51b-4d7c-a882-37851317b5df"
          },
          "type": "OpenApiConnection",
          "inputs": {
            "host": {
              "connectionName": "shared_commondataserviceforapps",
              "operationId": "GetItem",
              "apiId": "/providers/Microsoft.PowerApps/apis/shared_commondataserviceforapps"
            },
            "parameters": {
              "entityName": "ovs_registrations",
              "recordId": "@triggerOutputs()?['body/_ovs_registration_id_value']"
            },
            "authentication": "@parameters('$authentication')"
          }
        },
        "Initialize_variable_-_Organization_Name": {
          "runAfter": {
            "Get_a_row_by_ID_-_Registrations": [
              "Succeeded"
            ]
          },
          "metadata": {
            "operationMetadataId": "56e41731-77ca-499f-9307-9d7b78c4bb75"
          },
          "type": "InitializeVariable",
          "inputs": {
            "variables": [
              {
                "name": "Organization Name",
                "type": "string",
                "value": "@{outputs('Get_a_row_by_ID_-_Registrations')?['body/_ovs_organization_id_value@OData.Community.Display.V1.FormattedValue']}"
              }
            ]
          }
        },
        "Initialize_variable_-_Organization_GUID": {
          "runAfter": {
            "Initialize_variable_-_Organization_Name": [
              "Succeeded"
            ]
          },
          "metadata": {
            "operationMetadataId": "47b06438-32d8-44cc-b406-7deea57ee846"
          },
          "type": "InitializeVariable",
          "inputs": {
            "variables": [
              {
                "name": "Organization GUID",
                "type": "string",
                "value": "@{outputs('Get_a_row_by_ID_-_Registrations')?['body/_ovs_organization_id_value']}"
              }
            ]
          }
        },
        "Initialize_variable_-_Portal_URL": {
          "runAfter": {},
          "metadata": {
            "operationMetadataId": "7289a6f5-7300-457c-b9ae-d0f3186ea017"
          },
          "type": "InitializeVariable",
          "inputs": {
            "variables": [
              {
                "name": "Portal URL",
                "type": "string",
                "value": " <a href=\"@{parameters('TDGOnlineportal (ovs_TDGOnlineportal)')}\">@{parameters('TDGOnlineportal (ovs_TDGOnlineportal)')}</a>"
              }
            ]
          }
        },
        "Initialize_variable_-_Email_Body": {
          "runAfter": {
            "Initialize_variable_-_Subject": [
              "Succeeded"
            ]
          },
          "metadata": {
            "operationMetadataId": "766979fc-f59e-4e1b-954c-3c703026079f"
          },
          "type": "InitializeVariable",
          "inputs": {
            "variables": [
              {
                "name": "Email Body",
                "type": "string",
                "value": "\n<p>@{variables('Organization Name')}, a decision has been made regarding your registration request.</p>\n<p>Your registration has been approved. Please print this approval letter for your files.</p>\n<p>You may log in to TDG Online portal @{variables('Portal URL')} to see your status.</p>\n<p>&nbsp;</p>\n<p>CANUTEC Registration Team</p>\n<p>&nbsp;</p>\n<p>&nbsp;</p>\n<p>@{variables('Organization Name')}, une décision a été prise concernant votre demande d'inscription.</p>\n<p>Votre inscription a été approuvée. Veuillez imprimer cette lettre d'approbation pour vos dossiers.</p>\n<p>Vous pouvez vous connecter au portail TMD En ligne @{variables('Portal URL')} pour voir votre statut.</p>\n<p>&nbsp;</p>\n<p>L'équipe d'inscription CANUTEC<br>&nbsp;</p>\n "
              }
            ]
          }
        },
        "Initialize_variable_-_Subject": {
          "runAfter": {
            "Initialize_variable_-_Organization_GUID": [
              "Succeeded"
            ]
          },
          "metadata": {
            "operationMetadataId": "05aff842-c95c-4a0a-8d76-1597f057a88e"
          },
          "type": "InitializeVariable",
          "inputs": {
            "variables": [
              {
                "name": "Subject",
                "type": "string",
                "value": "Decision Made Regarding Registration Request – Approved  / Décision prise quant à votre demande d’inscription - approuvée"
              }
            ]
          }
        }
      }
    },
    "templateName": ""
  },
  "schemaVersion": "1.0.0.0"
}