{
  "properties": {
    "connectionReferences": {
      "shared_commondataserviceforapps": {
        "runtimeSource": "embedded",
        "connection": {
          "connectionReferenceLogicalName": "tdg_ConnectionReferenceDataverseServicePrinciple"
        },
        "api": {
          "name": "shared_commondataserviceforapps"
        }
      },
      "shared_approvals_1": {
        "runtimeSource": "embedded",
        "connection": {
          "connectionReferenceLogicalName": "tdg_ConnectionReferenceApprovalsTDGCoreUser"
        },
        "api": {
          "name": "shared_approvals"
        }
      }
    },
    "definition": {
      "$schema": "https://schema.management.azure.com/providers/Microsoft.Logic/schemas/2016-06-01/workflowdefinition.json#",
      "contentVersion": "1.0.0.0",
      "parameters": {
        "$connections": {
          "defaultValue": {},
          "type": "Object"
        },
        "$authentication": {
          "defaultValue": {},
          "type": "SecureObject"
        }
      },
      "triggers": {
        "When_a_followup_request_is_created": {
          "metadata": {
            "operationMetadataId": "4c95dc6b-8215-46eb-bc5f-0f2dcbfaffc3"
          },
          "type": "OpenApiConnectionWebhook",
          "inputs": {
            "host": {
              "connectionName": "shared_commondataserviceforapps",
              "operationId": "SubscribeWebhookTrigger",
              "apiId": "/providers/Microsoft.PowerApps/apis/shared_commondataserviceforapps"
            },
            "parameters": {
              "subscriptionRequest/message": 1,
              "subscriptionRequest/entityname": "ovs_followuprequest",
              "subscriptionRequest/scope": 4
            },
            "authentication": "@parameters('$authentication')"
          }
        }
      },
      "actions": {
        "Initialize_Base_Work_Order_URL": {
          "runAfter": {},
          "metadata": {
            "operationMetadataId": "b7180572-62d2-4346-974e-d3385015c6af"
          },
          "type": "InitializeVariable",
          "inputs": {
            "variables": [
              {
                "name": "Base Work Order URL",
                "type": "string",
                "value": "https://rom-qa-tcd365.crm3.dynamics.com/main.aspx?appid=cf9bc2df-8db3-eb11-8236-000d3af3e978&pagetype=entity&etn=msdyn_workorder&id="
              }
            ]
          }
        },
        "Initialize_Revised_Quarter_Requested_Substatus_GUID": {
          "runAfter": {
            "Initialize_Base_Work_Order_URL": [
              "Succeeded"
            ]
          },
          "metadata": {
            "operationMetadataId": "0b5a360a-2c45-4018-8df5-0e428ca9b402"
          },
          "type": "InitializeVariable",
          "inputs": {
            "variables": [
              {
                "name": "Revised Quarter Requested GUID",
                "type": "string",
                "value": "45b50d4e-4836-eb11-a813-000d3af3a7a7"
              }
            ]
          }
        },
        "Initialize_Approval_Result": {
          "runAfter": {
            "Initialize_Revised_Quarter_Requested_Substatus_GUID": [
              "Succeeded"
            ]
          },
          "metadata": {
            "operationMetadataId": "91dfff41-d840-4206-9ee9-e5448a4e5e81"
          },
          "type": "InitializeVariable",
          "inputs": {
            "variables": [
              {
                "name": "Approval Result",
                "type": "string",
                "value": "Rejected"
              }
            ]
          }
        },
        "Get_Related_Work_Order": {
          "runAfter": {
            "Initialize_NoteToFile_DateStamp_variable": [
              "Succeeded"
            ]
          },
          "metadata": {
            "operationMetadataId": "8d189858-2d91-4523-b459-6a8b9064534e"
          },
          "type": "OpenApiConnection",
          "inputs": {
            "host": {
              "connectionName": "shared_commondataserviceforapps",
              "operationId": "GetItem",
              "apiId": "/providers/Microsoft.PowerApps/apis/shared_commondataserviceforapps"
            },
            "parameters": {
              "entityName": "msdyn_workorders",
              "recordId": "@triggerOutputs()?['body/_regardingobjectid_value']"
            },
            "authentication": "@parameters('$authentication')"
          }
        },
        "Get_Owner_of_Follow-up_Request": {
          "runAfter": {
            "Get_Related_Work_Order": [
              "Succeeded"
            ]
          },
          "metadata": {
            "operationMetadataId": "f3eb5499-a684-4ff0-b189-fd6703943f3f"
          },
          "type": "OpenApiConnection",
          "inputs": {
            "host": {
              "connectionName": "shared_commondataserviceforapps",
              "operationId": "GetItem",
              "apiId": "/providers/Microsoft.PowerApps/apis/shared_commondataserviceforapps"
            },
            "parameters": {
              "entityName": "systemusers",
              "recordId": "@triggerOutputs()?['body/_ownerid_value']"
            },
            "authentication": "@parameters('$authentication')"
          }
        },
        "Get_Work_Order_Owner": {
          "runAfter": {
            "Get_Owner_of_Follow-up_Request": [
              "Succeeded"
            ]
          },
          "metadata": {
            "operationMetadataId": "3bd84b72-41c7-434f-88a0-34f7e724df73"
          },
          "type": "OpenApiConnection",
          "inputs": {
            "host": {
              "connectionName": "shared_commondataserviceforapps",
              "operationId": "GetItem",
              "apiId": "/providers/Microsoft.PowerApps/apis/shared_commondataserviceforapps"
            },
            "parameters": {
              "entityName": "systemusers",
              "recordId": "@outputs('Get_Related_Work_Order')?['body/_ownerid_value']"
            },
            "authentication": "@parameters('$authentication')"
          }
        },
        "Start_and_wait_for_an_approval": {
          "runAfter": {
            "Get_Owner's_Manager": [
              "Succeeded"
            ]
          },
          "metadata": {
            "operationMetadataId": "295e475a-1f23-4368-abc9-f102a7621f0a"
          },
          "type": "OpenApiConnectionWebhook",
          "inputs": {
            "host": {
              "connectionName": "shared_approvals_1",
              "operationId": "StartAndWaitForAnApproval",
              "apiId": "/providers/Microsoft.PowerApps/apis/shared_approvals"
            },
            "parameters": {
              "approvalType": "Basic",
              "WebhookApprovalCreationInput/title": "Work Order @{outputs('Get_Related_Work_Order')?['body/msdyn_name']} - Follow-up Inspection Request",
              "WebhookApprovalCreationInput/assignedTo": "@{outputs('Get_Owner''s_Manager')?['body/internalemailaddress']};",
              "WebhookApprovalCreationInput/details": "Justification: @{triggerOutputs()?['body/_ovs_justification_label']}\nInspector's Comments: @{triggerOutputs()?['body/ovs_followupcommentstxt']}",
              "WebhookApprovalCreationInput/itemLink": "@{variables('Base Work Order URL')}@{triggerOutputs()?['body/_regardingobjectid_value']}",
              "WebhookApprovalCreationInput/itemLinkDescription": "Click here to view Work Order",
              "WebhookApprovalCreationInput/enableNotifications": true,
              "WebhookApprovalCreationInput/enableReassignment": true
            },
            "authentication": "@parameters('$authentication')"
          }
        },
        "Apply_to_each_Approval_Response": {
          "foreach": "@outputs('Start_and_wait_for_an_approval')?['body/responses']",
          "actions": {
            "Condition": {
              "actions": {
                "Set_Approval_Result_-_Approved": {
                  "runAfter": {},
                  "metadata": {
                    "operationMetadataId": "7a9e08d2-afaa-49eb-9a56-b9180cb806e9"
                  },
                  "type": "SetVariable",
                  "inputs": {
                    "name": "Approval Result",
                    "value": "Approved"
                  }
                }
              },
              "runAfter": {},
              "expression": {
                "equals": [
                  "@outputs('Start_and_wait_for_an_approval')?['body/outcome']",
                  "Approve"
                ]
              },
              "metadata": {
                "operationMetadataId": "e6b1b901-d239-4c17-b490-0df065b32289"
              },
              "type": "If"
            },
            "Set_Manager_Comments_variable": {
              "runAfter": {
                "Condition": [
                  "Succeeded"
                ]
              },
              "metadata": {
                "operationMetadataId": "c69764e8-12e6-4fac-bd9e-3ddc3b11f2eb"
              },
              "type": "SetVariable",
              "inputs": {
                "name": "ManagerComment",
                "value": "@items('Apply_to_each_Approval_Response')?['comments']"
              }
            },
            "Set_NoteToFile_DateStamp_variable": {
              "runAfter": {
                "Set_Manager_Comments_variable": [
                  "Succeeded"
                ]
              },
              "metadata": {
                "operationMetadataId": "b3b1c97e-0cc5-4b0e-9b52-03aeccbc24b6"
              },
              "type": "SetVariable",
              "inputs": {
                "name": "NoteToFileDateStamp",
                "value": "@{items('Apply_to_each_Approval_Response')?['responder/displayName']} @{outputs('Start_and_wait_for_an_approval')?['body/outcome']} on @{items('Apply_to_each_Approval_Response')?['responseDate']}"
              }
            }
          },
          "runAfter": {
            "Start_and_wait_for_an_approval": [
              "Succeeded"
            ]
          },
          "metadata": {
            "operationMetadataId": "2cbc9afb-ca56-40e9-b484-23a6209be1fe"
          },
          "type": "Foreach"
        },
        "Check_if_Approval_Response_is_equal_to_Approved": {
          "actions": {
            "Perform_an_unbound_action": {
              "runAfter": {},
              "metadata": {
                "operationMetadataId": "9d0f2f30-cd32-4a39-a939-43c41374eedf"
              },
              "type": "OpenApiConnection",
              "inputs": {
                "host": {
                  "connectionName": "shared_commondataserviceforapps",
                  "operationId": "PerformUnboundAction",
                  "apiId": "/providers/Microsoft.PowerApps/apis/shared_commondataserviceforapps"
                },
                "parameters": {
                  "actionName": "ovs_CreateFollowUpInspection",
                  "item/WorkOrderId": "@outputs('Get_Related_Work_Order')?['body/msdyn_workorderid']"
                },
                "authentication": "@parameters('$authentication')"
              }
            }
          },
          "runAfter": {
            "Apply_to_each_Approval_Response": [
              "Succeeded"
            ]
          },
          "else": {
            "actions": {
              "Apply_to_each_2": {
                "foreach": "@outputs('Start_and_wait_for_an_approval')?['body/responses']",
                "actions": {
                  "Update_a_Follow-up_request": {
                    "runAfter": {},
                    "metadata": {
                      "operationMetadataId": "40b6b7e7-3a39-49de-a853-bfa0e1fc1a90"
                    },
                    "type": "OpenApiConnection",
                    "inputs": {
                      "host": {
                        "connectionName": "shared_commondataserviceforapps",
                        "operationId": "UpdateRecord",
                        "apiId": "/providers/Microsoft.PowerApps/apis/shared_commondataserviceforapps"
                      },
                      "parameters": {
                        "entityName": "ovs_followuprequests",
                        "recordId": "@triggerOutputs()?['body/_regardingobjectid_value']",
                        "item/ovs_managercommenttxt": "@triggerOutputs()?['body/ovs_managercommenttxt']"
                      },
                      "authentication": "@parameters('$authentication')"
                    }
                  }
                },
                "runAfter": {},
                "metadata": {
                  "operationMetadataId": "a5d225cc-b2ff-4e59-9a4d-ec2359ec34a2"
                },
                "type": "Foreach"
              }
            }
          },
          "expression": {
            "equals": [
              "@variables('Approval Result')",
              "Approved"
            ]
          },
          "metadata": {
            "operationMetadataId": "575e0608-c75f-4a6e-b818-954e463e0356"
          },
          "type": "If"
        },
        "Get_Owner's_Manager": {
          "runAfter": {
            "Get_Work_Order_Owner": [
              "Succeeded"
            ]
          },
          "metadata": {
            "operationMetadataId": "ed5addc0-b1e2-472f-8693-82f428fee7ec"
          },
          "type": "OpenApiConnection",
          "inputs": {
            "host": {
              "connectionName": "shared_commondataserviceforapps",
              "operationId": "GetItem",
              "apiId": "/providers/Microsoft.PowerApps/apis/shared_commondataserviceforapps"
            },
            "parameters": {
              "entityName": "systemusers",
              "recordId": "@outputs('Get_Work_Order_Owner')?['body/_parentsystemuserid_value']"
            },
            "authentication": "@parameters('$authentication')"
          }
        },
        "Initialize_Manager_Comments__variable": {
          "runAfter": {
            "Initialize_Approval_Result": [
              "Succeeded"
            ]
          },
          "metadata": {
            "operationMetadataId": "1a8f239f-f145-4a5c-9b00-365303a06b43"
          },
          "type": "InitializeVariable",
          "inputs": {
            "variables": [
              {
                "name": "ManagerComment",
                "type": "string"
              }
            ]
          }
        },
        "Initialize_NoteToFile_DateStamp_variable": {
          "runAfter": {
            "Initialize_Manager_Comments__variable": [
              "Succeeded"
            ]
          },
          "metadata": {
            "operationMetadataId": "049c47ca-4c2f-4efa-8f84-0860c081ffae"
          },
          "type": "InitializeVariable",
          "inputs": {
            "variables": [
              {
                "name": "NoteToFileDateStamp",
                "type": "string"
              }
            ]
          }
        },
        "Apply_to_each": {
          "foreach": "@outputs('Start_and_wait_for_an_approval')?['body/responses']",
          "actions": {
            "Change_Activity_Status_to_closed": {
              "runAfter": {},
              "metadata": {
                "operationMetadataId": "42807c44-d9a6-478d-8505-fe784af91def"
              },
              "type": "OpenApiConnection",
              "inputs": {
                "host": {
                  "connectionName": "shared_commondataserviceforapps",
                  "operationId": "UpdateRecord",
                  "apiId": "/providers/Microsoft.PowerApps/apis/shared_commondataserviceforapps"
                },
                "parameters": {
                  "entityName": "ovs_followuprequests",
                  "recordId": "@triggerOutputs()?['body/activityid']",
                  "item/ovs_managercommenttxt": "@variables('ManagerComment')",
                  "item/statecode": 1,
                  "item/actualend": "@items('Apply_to_each')?['responseDate']",
                  "item/statuscode": 2
                },
                "authentication": "@parameters('$authentication')"
              }
            },
            "Add_a_Note_to_Follow_up_request": {
              "runAfter": {
                "Change_Activity_Status_to_closed": [
                  "Succeeded"
                ]
              },
              "metadata": {
                "operationMetadataId": "ddb3d0d0-d1a1-470e-9549-fe6c60cc22b6"
              },
              "type": "OpenApiConnection",
              "inputs": {
                "host": {
                  "connectionName": "shared_commondataserviceforapps",
                  "operationId": "CreateRecord",
                  "apiId": "/providers/Microsoft.PowerApps/apis/shared_commondataserviceforapps"
                },
                "parameters": {
                  "entityName": "annotations",
                  "item/subject": "@outputs('Start_and_wait_for_an_approval')?['body/outcome']",
                  "item/notetext": "@variables('NoteToFileDateStamp')",
                  "item/objectid_ovs_followuprequest@odata.bind": "@outputs('Change_Activity_Status_to_closed')?['body/@odata.id']"
                },
                "authentication": "@parameters('$authentication')"
              }
            }
          },
          "runAfter": {
            "Check_if_Approval_Response_is_equal_to_Approved": [
              "Succeeded"
            ]
          },
          "metadata": {
            "operationMetadataId": "f09d794c-94ed-42e7-8782-89b3e557a50f"
          },
          "type": "Foreach"
        }
      },
      "outputs": {}
    },
    "templateName": null
  },
  "schemaVersion": "1.0.0.0"
}