<ImportExportXml version="9.2.22032.142" SolutionPackageVersion="9.2" languagecode="1033" generatedBy="CrmLive" xmlns:xsi="http://www.w3.org/2001/XMLSchema-instance">
  <SolutionManifest>
    <UniqueName>TC_GlobalCore_Patch_5f968a98</UniqueName>
    <LocalizedNames>
      <LocalizedName description="TDG Core Schema" languagecode="1033" />
    </LocalizedNames>
    <Descriptions>
      <Description description="Patch for TDG Core Schema" languagecode="1033" />
    </Descriptions>
    <ParentUniqueName>TC_GlobalCore</ParentUniqueName>
    <Version>1.130.11.0</Version>
    <Managed>0</Managed>
    <Publisher>
      <UniqueName>oversightpublisher</UniqueName>
      <LocalizedNames>
        <LocalizedName description="Oversight" languagecode="1033" />
      </LocalizedNames>
      <Descriptions>
        <Description description="This is the common solution for AvSec Inspection and TDG Inspection." languagecode="1033" />
      </Descriptions>
      <EMailAddress xsi:nil="true"></EMailAddress>
      <SupportingWebsiteUrl xsi:nil="true"></SupportingWebsiteUrl>
      <CustomizationPrefix>ovs</CustomizationPrefix>
      <CustomizationOptionValuePrefix>91864</CustomizationOptionValuePrefix>
      <Addresses>
        <Address>
          <AddressNumber>1</AddressNumber>
          <AddressTypeCode>1</AddressTypeCode>
          <City xsi:nil="true"></City>
          <County xsi:nil="true"></County>
          <Country xsi:nil="true"></Country>
          <Fax xsi:nil="true"></Fax>
          <FreightTermsCode xsi:nil="true"></FreightTermsCode>
          <ImportSequenceNumber xsi:nil="true"></ImportSequenceNumber>
          <Latitude xsi:nil="true"></Latitude>
          <Line1 xsi:nil="true"></Line1>
          <Line2 xsi:nil="true"></Line2>
          <Line3 xsi:nil="true"></Line3>
          <Longitude xsi:nil="true"></Longitude>
          <Name xsi:nil="true"></Name>
          <PostalCode xsi:nil="true"></PostalCode>
          <PostOfficeBox xsi:nil="true"></PostOfficeBox>
          <PrimaryContactName xsi:nil="true"></PrimaryContactName>
          <ShippingMethodCode>1</ShippingMethodCode>
          <StateOrProvince xsi:nil="true"></StateOrProvince>
          <Telephone1 xsi:nil="true"></Telephone1>
          <Telephone2 xsi:nil="true"></Telephone2>
          <Telephone3 xsi:nil="true"></Telephone3>
          <TimeZoneRuleVersionNumber xsi:nil="true"></TimeZoneRuleVersionNumber>
          <UPSZone xsi:nil="true"></UPSZone>
          <UTCOffset xsi:nil="true"></UTCOffset>
          <UTCConversionTimeZoneCode xsi:nil="true"></UTCConversionTimeZoneCode>
        </Address>
        <Address>
          <AddressNumber>2</AddressNumber>
          <AddressTypeCode>1</AddressTypeCode>
          <City xsi:nil="true"></City>
          <County xsi:nil="true"></County>
          <Country xsi:nil="true"></Country>
          <Fax xsi:nil="true"></Fax>
          <FreightTermsCode xsi:nil="true"></FreightTermsCode>
          <ImportSequenceNumber xsi:nil="true"></ImportSequenceNumber>
          <Latitude xsi:nil="true"></Latitude>
          <Line1 xsi:nil="true"></Line1>
          <Line2 xsi:nil="true"></Line2>
          <Line3 xsi:nil="true"></Line3>
          <Longitude xsi:nil="true"></Longitude>
          <Name xsi:nil="true"></Name>
          <PostalCode xsi:nil="true"></PostalCode>
          <PostOfficeBox xsi:nil="true"></PostOfficeBox>
          <PrimaryContactName xsi:nil="true"></PrimaryContactName>
          <ShippingMethodCode>1</ShippingMethodCode>
          <StateOrProvince xsi:nil="true"></StateOrProvince>
          <Telephone1 xsi:nil="true"></Telephone1>
          <Telephone2 xsi:nil="true"></Telephone2>
          <Telephone3 xsi:nil="true"></Telephone3>
          <TimeZoneRuleVersionNumber xsi:nil="true"></TimeZoneRuleVersionNumber>
          <UPSZone xsi:nil="true"></UPSZone>
          <UTCOffset xsi:nil="true"></UTCOffset>
          <UTCConversionTimeZoneCode xsi:nil="true"></UTCConversionTimeZoneCode>
        </Address>
      </Addresses>
    </Publisher>
    <RootComponents>
      <RootComponent type="1" schemaName="ovs_cdregionalnop" behavior="1" />
      <RootComponent type="1" schemaName="ovs_mocregistration" behavior="2" />
      <RootComponent type="1" schemaName="ovs_modes" behavior="2" />
      <RootComponent type="61" schemaName="ovs_RegionalNOPMainForm" behavior="0" />
      <RootComponent type="80" schemaName="ovs_TDGManagement" behavior="0" />
    </RootComponents>
    <MissingDependencies>
      <MissingDependency>
        <Required type="1" schemaName="bookableresource" displayName="Bookable Resource" solution="msdynce_Scheduling (9.0.0.0)" />
        <Dependent type="80" schemaName="ovs_TDGManagement" displayName="TDG Management / Gestion TMD" />
      </MissingDependency>
      <MissingDependency>
        <Required type="1" schemaName="bookableresourcebooking" displayName="Booking" solution="msdynce_Scheduling (9.0.0.0)" />
        <Dependent type="80" schemaName="ovs_TDGManagement" displayName="TDG Management / Gestion TMD" />
      </MissingDependency>
      <MissingDependency>
        <Required type="1" schemaName="msdyn_servicetasktype" displayName="Service Task Type" solution="FieldService (8.8.0.88)">
          <package>FieldService_Anchor (8.8.62.26)</package>
        </Required>
        <Dependent type="80" schemaName="ovs_TDGManagement" displayName="TDG Management / Gestion TMD" />
      </MissingDependency>
      <MissingDependency>
        <Required type="1" schemaName="msdyn_workorder" displayName="Work Order" solution="FieldService (8.8.0.88)">
          <package>FieldService_Anchor (8.8.62.26)</package>
        </Required>
        <Dependent type="80" schemaName="ovs_TDGManagement" displayName="TDG Management / Gestion TMD" />
      </MissingDependency>
      <MissingDependency>
        <Required type="1" schemaName="msdyn_workorderincident" displayName="Work Order Incident" solution="FieldService (8.8.0.88)">
          <package>FieldService_Anchor (8.8.62.26)</package>
        </Required>
        <Dependent type="80" schemaName="ovs_TDGManagement" displayName="TDG Management / Gestion TMD" />
      </MissingDependency>
      <MissingDependency>
        <Required type="1" schemaName="msdyn_workorderservicetask" displayName="Work Order Service Task" solution="FieldService (8.8.0.88)">
          <package>FieldService_Anchor (8.8.62.26)</package>
        </Required>
        <Dependent type="80" schemaName="ovs_TDGManagement" displayName="TDG Management / Gestion TMD" />
      </MissingDependency>
      <MissingDependency>
        <Required type="1" schemaName="msdyn_workordersubstatus" displayName="Work Order Substatus" solution="FieldService (8.8.0.88)">
          <package>FieldService_Anchor (8.8.62.26)</package>
        </Required>
        <Dependent type="80" schemaName="ovs_TDGManagement" displayName="TDG Management / Gestion TMD" />
      </MissingDependency>
      <MissingDependency>
        <Required type="1" schemaName="msdyn_workordertype" displayName="Work Order Type" solution="FieldService (8.8.0.88)">
          <package>FieldService_Anchor (8.8.62.26)</package>
        </Required>
        <Dependent type="80" schemaName="ovs_TDGManagement" displayName="TDG Management / Gestion TMD" />
      </MissingDependency>
      <MissingDependency>
        <Required type="1" schemaName="ovs_cancellationrequest" displayName="Cancellation Request" solution="Active" />
        <Dependent type="80" schemaName="ovs_TDGManagement" displayName="TDG Management / Gestion TMD" />
      </MissingDependency>
      <MissingDependency>
        <Required type="1" schemaName="ovs_cdregionalnop" displayName="Regional NOP" solution="Active" />
        <Dependent type="1" schemaName="ovs_cdregionalnop" displayName="Regional NOP" />
      </MissingDependency>
      <MissingDependency>
        <Required type="1" schemaName="ovs_confirmationofcompliance" displayName="Confirmation of Compliance" solution="Active" />
        <Dependent type="80" schemaName="ovs_TDGManagement" displayName="TDG Management / Gestion TMD" />
      </MissingDependency>
      <MissingDependency>
        <Required type="1" schemaName="ovs_cyaction" displayName="Enforcement Action" solution="Active" />
        <Dependent type="80" schemaName="ovs_TDGManagement" displayName="TDG Management / Gestion TMD" />
      </MissingDependency>
      <MissingDependency>
        <Required type="1" schemaName="ovs_cysafetyassessment" displayName="Safety Assessment" solution="Active" />
        <Dependent type="80" schemaName="ovs_TDGManagement" displayName="TDG Management / Gestion TMD" />
      </MissingDependency>
      <MissingDependency>
        <Required type="1" schemaName="ovs_followuprequest" displayName="Follow Up Inspection Request" solution="Active" />
        <Dependent type="80" schemaName="ovs_TDGManagement" displayName="TDG Management / Gestion TMD" />
      </MissingDependency>
      <MissingDependency>
        <Required type="1" schemaName="ovs_lob" displayName="LOB" solution="Active" />
        <Dependent type="80" schemaName="ovs_TDGManagement" displayName="TDG Management / Gestion TMD" />
      </MissingDependency>
      <MissingDependency>
        <Required type="1" schemaName="ovs_mocregistration" displayName="Operation" solution="Active" />
        <Dependent type="1" schemaName="ovs_mocregistration" displayName="Operation" />
      </MissingDependency>
      <MissingDependency>
        <Required type="1" schemaName="ovs_modes" displayName="Modes" solution="Active" />
        <Dependent type="1" schemaName="ovs_modes" displayName="Modes" />
      </MissingDependency>
      <MissingDependency>
        <Required type="1" schemaName="ovs_oversighttype" displayName="Oversight Type" solution="Active" />
        <Dependent type="80" schemaName="ovs_TDGManagement" displayName="TDG Management / Gestion TMD" />
      </MissingDependency>
      <MissingDependency>
        <Required type="1" schemaName="ovs_revisedquarterrequest" displayName="Revised Quarter Request" solution="Active" />
        <Dependent type="80" schemaName="ovs_TDGManagement" displayName="TDG Management / Gestion TMD" />
      </MissingDependency>
      <MissingDependency>
        <Required type="1" schemaName="ovs_sitetype" displayName="Site Type" solution="Active" />
        <Dependent type="80" schemaName="ovs_TDGManagement" displayName="TDG Management / Gestion TMD" />
      </MissingDependency>
      <MissingDependency>
        <Required type="1" schemaName="ovs_tdginspectionreport" displayName="TDG Inspection Report" solution="Active" />
        <Dependent type="80" schemaName="ovs_TDGManagement" displayName="TDG Management / Gestion TMD" />
      </MissingDependency>
      <MissingDependency>
        <Required type="1" schemaName="ovs_tyrational" displayName="Rationale" solution="Active" />
        <Dependent type="80" schemaName="ovs_TDGManagement" displayName="TDG Management / Gestion TMD" />
      </MissingDependency>
      <MissingDependency>
        <Required type="1" schemaName="ovs_unplannedforecast" displayName="Unplanned Forecast" solution="Active" />
        <Dependent type="80" schemaName="ovs_TDGManagement" displayName="TDG Management / Gestion TMD" />
      </MissingDependency>
      <MissingDependency>
        <Required type="1" schemaName="ovs_workordercandidate" displayName="Work Order Candidate" solution="Active" />
        <Dependent type="60" displayName="Information" parentDisplayName="Regional NOP" id="{72439443-0dce-4ea0-8afe-d2cb17c679bc}" />
      </MissingDependency>
      <MissingDependency>
        <Required type="1" schemaName="qm_rclegislation" displayName="Legislation" solution="Active" />
        <Dependent type="80" schemaName="ovs_TDGManagement" displayName="TDG Management / Gestion TMD" />
      </MissingDependency>
      <MissingDependency>
        <Required type="1" schemaName="qm_sydependencygroup" displayName="Dependency Group" solution="Active" />
        <Dependent type="80" schemaName="ovs_TDGManagement" displayName="TDG Management / Gestion TMD" />
      </MissingDependency>
      <MissingDependency>
        <Required type="1" schemaName="qm_sydependencygroupitem" displayName="Dependency Group Item" solution="Active" />
        <Dependent type="80" schemaName="ovs_TDGManagement" displayName="TDG Management / Gestion TMD" />
      </MissingDependency>
      <MissingDependency>
        <Required type="1" schemaName="qm_sygroup" displayName="Group" solution="Active" />
        <Dependent type="80" schemaName="ovs_TDGManagement" displayName="TDG Management / Gestion TMD" />
      </MissingDependency>
      <MissingDependency>
        <Required type="1" schemaName="qm_syquestion" displayName="Template Question" solution="Active" />
        <Dependent type="80" schemaName="ovs_TDGManagement" displayName="TDG Management / Gestion TMD" />
      </MissingDependency>
      <MissingDependency>
        <Required type="1" schemaName="qm_syresponse" displayName="Template Question Response" solution="Active" />
        <Dependent type="80" schemaName="ovs_TDGManagement" displayName="TDG Management / Gestion TMD" />
      </MissingDependency>
      <MissingDependency>
        <Required type="1" schemaName="qm_syresult" displayName="Violation" solution="Active" />
        <Dependent type="80" schemaName="ovs_TDGManagement" displayName="TDG Management / Gestion TMD" />
      </MissingDependency>
      <MissingDependency>
        <Required type="1" schemaName="qm_sytemplate" displayName="Template" solution="Active" />
        <Dependent type="80" schemaName="ovs_TDGManagement" displayName="TDG Management / Gestion TMD" />
      </MissingDependency>
      <MissingDependency>
        <Required type="1" schemaName="qm_tylegislationcharacteristic" displayName="Legislation Characteristic" solution="Active" />
        <Dependent type="80" schemaName="ovs_TDGManagement" displayName="TDG Management / Gestion TMD" />
      </MissingDependency>
      <MissingDependency>
        <Required type="1" schemaName="qm_tylegislationsource" displayName="Legislation Source" solution="Active" />
        <Dependent type="80" schemaName="ovs_TDGManagement" displayName="TDG Management / Gestion TMD" />
      </MissingDependency>
      <MissingDependency>
        <Required type="1" schemaName="qm_tylegislationtype" displayName="Legislation Section Type" solution="Active" />
        <Dependent type="80" schemaName="ovs_TDGManagement" displayName="TDG Management / Gestion TMD" />
      </MissingDependency>
      <MissingDependency>
        <Required type="1" schemaName="tc_tcfiscalperiod" displayName="TCFiscalPeriod" solution="Active" />
        <Dependent type="80" schemaName="ovs_TDGManagement" displayName="TDG Management / Gestion TMD" />
      </MissingDependency>
      <MissingDependency>
        <Required type="1" schemaName="tc_tcfiscalquarter" displayName="TCFiscalQuarter" solution="Active" />
        <Dependent type="80" schemaName="ovs_TDGManagement" displayName="TDG Management / Gestion TMD" />
      </MissingDependency>
      <MissingDependency>
        <Required type="1" schemaName="tc_tcfiscalyear" displayName="TCFiscalYear" solution="Active" />
        <Dependent type="80" schemaName="ovs_TDGManagement" displayName="TDG Management / Gestion TMD" />
      </MissingDependency>
      <MissingDependency>
        <Required type="1" schemaName="tc_tcmonth" displayName="TCMonth" solution="Active" />
        <Dependent type="80" schemaName="ovs_TDGManagement" displayName="TDG Management / Gestion TMD" />
      </MissingDependency>
      <MissingDependency>
        <Required type="1" schemaName="territory" displayName="Region" solution="msdynce_AppCommon (9.0.4.0066)">
          <package>msdynce_AppCommonAnchor (9.0.22032.10001)</package>
        </Required>
        <Dependent type="80" schemaName="ovs_TDGManagement" displayName="TDG Management / Gestion TMD" />
      </MissingDependency>
      <MissingDependency>
        <Required type="10" schemaName="ovs_ovs_cdnop_ovs_cdregionalnop_CDNOPId" displayName="ovs_ovs_cdnop_ovs_cdregionalnop_CDNOPId" parentSchemaName="ovs_cdnop" parentDisplayName="NOP" solution="Active" />
        <Dependent type="60" displayName="Information" parentDisplayName="Regional NOP" id="{72439443-0dce-4ea0-8afe-d2cb17c679bc}" />
      </MissingDependency>
      <MissingDependency>
        <Required type="10" schemaName="ovs_tc_tcfiscalyear_ovs_cdregionalnop_CDFiscalYearId" displayName="ovs_tc_tcfiscalyear_ovs_cdregionalnop_CDFiscalYearId" parentSchemaName="tc_tcfiscalyear" parentDisplayName="TCFiscalYear" solution="Active" />
        <Dependent type="60" displayName="Information" parentDisplayName="Regional NOP" id="{72439443-0dce-4ea0-8afe-d2cb17c679bc}" />
      </MissingDependency>
      <MissingDependency>
        <Required type="10" schemaName="ovs_territory_ovs_cdregionalnop_CDProvinceId" displayName="ovs_territory_ovs_cdregionalnop_CDProvinceId" parentSchemaName="territory" parentDisplayName="Region" solution="Active" />
        <Dependent type="60" displayName="Information" parentDisplayName="Regional NOP" id="{72439443-0dce-4ea0-8afe-d2cb17c679bc}" />
      </MissingDependency>
      <MissingDependency>
        <Required type="2" schemaName="ovs_capacity" displayName="Total Capacity" parentSchemaName="ovs_cdregionalnop" parentDisplayName="Regional NOP" solution="Active" />
        <Dependent type="60" displayName="Information" parentDisplayName="Regional NOP" id="{72439443-0dce-4ea0-8afe-d2cb17c679bc}" />
      </MissingDependency>
      <MissingDependency>
        <Required type="2" schemaName="ovs_cdfiscalyearid" displayName="Fiscal Year" parentSchemaName="ovs_cdregionalnop" parentDisplayName="Regional NOP" solution="Active" />
        <Dependent type="60" displayName="Information" parentDisplayName="Regional NOP" id="{72439443-0dce-4ea0-8afe-d2cb17c679bc}" />
      </MissingDependency>
      <MissingDependency>
        <Required type="2" schemaName="ovs_cdnopid" displayName="NOP" parentSchemaName="ovs_cdregionalnop" parentDisplayName="Regional NOP" solution="Active" />
        <Dependent type="60" displayName="Information" parentDisplayName="Regional NOP" id="{72439443-0dce-4ea0-8afe-d2cb17c679bc}" />
      </MissingDependency>
      <MissingDependency>
        <Required type="2" schemaName="ovs_cdregionid" displayName="Region" parentSchemaName="ovs_cdregionalnop" parentDisplayName="Regional NOP" solution="Active" />
        <Dependent type="60" displayName="Information" parentDisplayName="Regional NOP" id="{72439443-0dce-4ea0-8afe-d2cb17c679bc}" />
      </MissingDependency>
      <MissingDependency>
        <Required type="2" schemaName="ovs_cdregionvariance" displayName="Region Variance" parentSchemaName="ovs_cdregionalnop" parentDisplayName="Regional NOP" solution="Active" />
        <Dependent type="60" displayName="Information" parentDisplayName="Regional NOP" id="{72439443-0dce-4ea0-8afe-d2cb17c679bc}" />
      </MissingDependency>
      <MissingDependency>
        <Required type="2" schemaName="ovs_cdwocvariance" displayName="HQ Variance" parentSchemaName="ovs_cdregionalnop" parentDisplayName="Regional NOP" solution="Active" />
        <Dependent type="60" displayName="Information" parentDisplayName="Regional NOP" id="{72439443-0dce-4ea0-8afe-d2cb17c679bc}" />
      </MissingDependency>
      <MissingDependency>
        <Required type="2" schemaName="ovs_name" displayName="Name" parentSchemaName="ovs_cdregionalnop" parentDisplayName="Regional NOP" solution="Active" />
        <Dependent type="60" displayName="Information" parentDisplayName="Regional NOP" id="{72439443-0dce-4ea0-8afe-d2cb17c679bc}" />
      </MissingDependency>
      <MissingDependency>
        <Required type="2" schemaName="ovs_plannedwoccount" displayName="Planned Capacity" parentSchemaName="ovs_cdregionalnop" parentDisplayName="Regional NOP" solution="Active" />
        <Dependent type="60" displayName="Information" parentDisplayName="Regional NOP" id="{72439443-0dce-4ea0-8afe-d2cb17c679bc}" />
      </MissingDependency>
      <MissingDependency>
        <Required type="2" schemaName="ovs_unplannedforecast" displayName="Unplanned Forecast" parentSchemaName="ovs_cdregionalnop" parentDisplayName="Regional NOP" solution="Active" />
        <Dependent type="60" displayName="Information" parentDisplayName="Regional NOP" id="{72439443-0dce-4ea0-8afe-d2cb17c679bc}" />
      </MissingDependency>
      <MissingDependency>
        <Required type="2" schemaName="ownerid" displayName="Owner" parentSchemaName="ovs_cdregionalnop" parentDisplayName="Regional NOP" solution="Active" />
        <Dependent type="60" displayName="Information" parentDisplayName="Regional NOP" id="{72439443-0dce-4ea0-8afe-d2cb17c679bc}" />
      </MissingDependency>
      <MissingDependency>
        <Required type="2" schemaName="statecode" displayName="Status" parentSchemaName="ovs_cdregionalnop" parentDisplayName="Regional NOP" solution="Active" />
        <Dependent type="60" displayName="Information" parentDisplayName="Regional NOP" id="{72439443-0dce-4ea0-8afe-d2cb17c679bc}" />
      </MissingDependency>
      <MissingDependency>
        <Required type="2" schemaName="statuscode" displayName="Status Reason" parentSchemaName="ovs_cdregionalnop" parentDisplayName="Regional NOP" solution="Active" />
        <Dependent type="60" displayName="Information" parentDisplayName="Regional NOP" id="{72439443-0dce-4ea0-8afe-d2cb17c679bc}" />
      </MissingDependency>
      <MissingDependency>
        <Required type="20" displayName="TDG Manager" solution="Active" id="{545418f6-d089-eb11-b1ac-000d3ae92dbf}" />
        <Dependent type="80" schemaName="ovs_TDGManagement" displayName="TDG Management / Gestion TMD" />
      </MissingDependency>
      <MissingDependency>
        <Required type="26" schemaName="Non-Justice Canada Legislations" displayName="Non-Justice Canada Legislations" parentSchemaName="qm_rclegislation" parentDisplayName="Legislation" solution="Active" id="{011a0fd4-5f6a-eb11-a812-000d3a841b3b}" />
        <Dependent type="80" schemaName="ovs_TDGManagement" displayName="TDG Management / Gestion TMD" />
      </MissingDependency>
      <MissingDependency>
        <Required type="26" schemaName="Legislation Advanced Find View" displayName="Legislation Advanced Find View" parentSchemaName="qm_rclegislation" parentDisplayName="Legislation" solution="Active" id="{07b35bc7-8776-4f13-bc1b-204170d505f6}" />
        <Dependent type="80" schemaName="ovs_TDGManagement" displayName="TDG Management / Gestion TMD" />
      </MissingDependency>
      <MissingDependency>
        <Required type="26" schemaName="Question Associated View" displayName="Question Associated View" parentSchemaName="qm_syquestion" parentDisplayName="Template Question" solution="Active" id="{0add5619-3558-41fb-b935-8ab879c9b962}" />
        <Dependent type="80" schemaName="ovs_TDGManagement" displayName="TDG Management / Gestion TMD" />
      </MissingDependency>
      <MissingDependency>
        <Required type="26" schemaName="My Team's Inactive Work Orders" displayName="My Team's Inactive Work Orders" parentSchemaName="msdyn_workorder" parentDisplayName="Work Order" solution="Active" id="{0b35e605-71d0-eb11-bacc-0022483c0387}" />
        <Dependent type="80" schemaName="ovs_TDGManagement" displayName="TDG Management / Gestion TMD" />
      </MissingDependency>
      <MissingDependency>
        <Required type="26" schemaName="My Team's Overdue Confirmation of Compliances" displayName="My Team's Overdue Confirmation of Compliances" parentSchemaName="msdyn_workorder" parentDisplayName="Work Order" solution="Active" id="{11cfdd14-71d0-eb11-bacc-0022483c0387}" />
        <Dependent type="80" schemaName="ovs_TDGManagement" displayName="TDG Management / Gestion TMD" />
      </MissingDependency>
      <MissingDependency>
        <Required type="26" schemaName="Active Rationales" displayName="Active Rationales" parentSchemaName="ovs_tyrational" parentDisplayName="Rationale" solution="Active" id="{17786813-cdb4-48c7-936e-8c732f0dd498}" />
        <Dependent type="80" schemaName="ovs_TDGManagement" displayName="TDG Management / Gestion TMD" />
      </MissingDependency>
      <MissingDependency>
        <Required type="26" schemaName="My Team's Active Work Orders" displayName="My Team's Active Work Orders" parentSchemaName="msdyn_workorder" parentDisplayName="Work Order" solution="Active" id="{1bc21609-d3c3-eb11-bacc-000d3ae868f0}" />
        <Dependent type="80" schemaName="ovs_TDGManagement" displayName="TDG Management / Gestion TMD" />
      </MissingDependency>
      <MissingDependency>
        <Required type="26" schemaName="Operation Associated View" displayName="Operation Associated View" parentSchemaName="ovs_mocregistration" parentDisplayName="Operation" solution="Active" id="{1d80549b-06d8-4a35-aed4-d5c77eceb700}" />
        <Dependent type="80" schemaName="ovs_TDGManagement" displayName="TDG Management / Gestion TMD" />
      </MissingDependency>
      <MissingDependency>
        <Required type="26" schemaName="My Safety Assessments" displayName="My Safety Assessments" parentSchemaName="ovs_cysafetyassessment" parentDisplayName="Safety Assessment" solution="Active" id="{1d8db8c4-42cd-eb11-bacc-0022483c0d29}" />
        <Dependent type="80" schemaName="ovs_TDGManagement" displayName="TDG Management / Gestion TMD" />
      </MissingDependency>
      <MissingDependency>
        <Required type="26" schemaName="My Cancellation Requests" displayName="My Cancellation Requests" parentSchemaName="ovs_cancellationrequest" parentDisplayName="Cancellation Request" solution="Active" id="{25605b69-4acd-eb11-bacc-0022483c0d29}" />
        <Dependent type="80" schemaName="ovs_TDGManagement" displayName="TDG Management / Gestion TMD" />
      </MissingDependency>
      <MissingDependency>
        <Required type="26" schemaName="My Follow Up Requests" displayName="My Follow Up Requests" parentSchemaName="ovs_followuprequest" parentDisplayName="Follow Up Inspection Request" solution="Active" id="{26ac959a-4ccd-eb11-bacc-0022483c0d29}" />
        <Dependent type="80" schemaName="ovs_TDGManagement" displayName="TDG Management / Gestion TMD" />
      </MissingDependency>
      <MissingDependency>
        <Required type="26" schemaName="TDG Act" displayName="TDG Act" parentSchemaName="qm_rclegislation" parentDisplayName="Legislation" solution="Active" id="{270fa29b-59be-eb11-bacc-0022483bbdb7}" />
        <Dependent type="80" schemaName="ovs_TDGManagement" displayName="TDG Management / Gestion TMD" />
      </MissingDependency>
      <MissingDependency>
        <Required type="26" schemaName="Safety Assessment Lookup View" displayName="Safety Assessment Lookup View" parentSchemaName="ovs_cysafetyassessment" parentDisplayName="Safety Assessment" solution="Active" id="{28db6631-4a50-4cc1-b95a-3730f6313cb4}" />
        <Dependent type="80" schemaName="ovs_TDGManagement" displayName="TDG Management / Gestion TMD" />
      </MissingDependency>
      <MissingDependency>
        <Required type="26" schemaName="National Work Orders" displayName="National Work Orders" parentSchemaName="msdyn_workorder" parentDisplayName="Work Order" solution="Active" id="{2ef5fd10-67d0-eb11-bacc-0022483c0d29}" />
        <Dependent type="80" schemaName="ovs_TDGManagement" displayName="TDG Management / Gestion TMD" />
      </MissingDependency>
      <MissingDependency>
        <Required type="26" schemaName="MOC Registration Advanced Find View" displayName="MOC Registration Advanced Find View" parentSchemaName="ovs_mocregistration" parentDisplayName="Operation" solution="Active" id="{2ff0ad0b-e7bf-4df2-afb9-b06403787546}" />
        <Dependent type="80" schemaName="ovs_TDGManagement" displayName="TDG Management / Gestion TMD" />
      </MissingDependency>
      <MissingDependency>
        <Required type="26" schemaName="Legislation Lookup View" displayName="Legislation Lookup View" parentSchemaName="qm_rclegislation" parentDisplayName="Legislation" solution="Active" id="{3544ca89-0b3b-4456-8918-494df3b1cd1c}" />
        <Dependent type="80" schemaName="ovs_TDGManagement" displayName="TDG Management / Gestion TMD" />
      </MissingDependency>
      <MissingDependency>
        <Required type="26" schemaName="Question Lookup View" displayName="Question Lookup View" parentSchemaName="qm_syquestion" parentDisplayName="Template Question" solution="Active" id="{37036626-3a26-46ac-b172-f2ed83a9bb8f}" />
        <Dependent type="80" schemaName="ovs_TDGManagement" displayName="TDG Management / Gestion TMD" />
      </MissingDependency>
      <MissingDependency>
        <Required type="26" schemaName="Inactive Operations" displayName="Inactive Operations" parentSchemaName="ovs_mocregistration" parentDisplayName="Operation" solution="Active" id="{382ae718-7adc-40a1-af1b-bf4acaa09635}" />
        <Dependent type="80" schemaName="ovs_TDGManagement" displayName="TDG Management / Gestion TMD" />
      </MissingDependency>
      <MissingDependency>
        <Required type="26" schemaName="My Inspection Reports" displayName="My Inspection Reports" parentSchemaName="ovs_tdginspectionreport" parentDisplayName="TDG Inspection Report" solution="Active" id="{3f0e8ed5-3acd-eb11-bacc-0022483c0d29}" />
        <Dependent type="80" schemaName="ovs_TDGManagement" displayName="TDG Management / Gestion TMD" />
      </MissingDependency>
      <MissingDependency>
        <Required type="26" schemaName="Legislation Associated View" displayName="Legislation Associated View" parentSchemaName="qm_rclegislation" parentDisplayName="Legislation" solution="Active" id="{42a0f461-28d8-41a1-985b-39740ce5e539}" />
        <Dependent type="80" schemaName="ovs_TDGManagement" displayName="TDG Management / Gestion TMD" />
      </MissingDependency>
      <MissingDependency>
        <Required type="26" schemaName="All ROM Safety Assessments" displayName="All ROM Safety Assessments" parentSchemaName="ovs_cysafetyassessment" parentDisplayName="Safety Assessment" solution="Active" id="{43d03694-3dcd-eb11-bacc-0022483c0d29}" />
        <Dependent type="80" schemaName="ovs_TDGManagement" displayName="TDG Management / Gestion TMD" />
      </MissingDependency>
      <MissingDependency>
        <Required type="26" schemaName="Active Legislations" displayName="Active Legislations" parentSchemaName="qm_rclegislation" parentDisplayName="Legislation" solution="Active" id="{4797655a-2612-4c5d-81be-a514900a38ea}" />
        <Dependent type="80" schemaName="ovs_TDGManagement" displayName="TDG Management / Gestion TMD" />
      </MissingDependency>
      <MissingDependency>
        <Required type="26" schemaName="Safety Assessment Advanced Find View" displayName="Safety Assessment Advanced Find View" parentSchemaName="ovs_cysafetyassessment" parentDisplayName="Safety Assessment" solution="Active" id="{4b4548a2-7a1c-4f35-a58b-98a27848b1f9}" />
        <Dependent type="80" schemaName="ovs_TDGManagement" displayName="TDG Management / Gestion TMD" />
      </MissingDependency>
      <MissingDependency>
        <Required type="26" schemaName="Inactive Legislations" displayName="Inactive Legislations" parentSchemaName="qm_rclegislation" parentDisplayName="Legislation" solution="Active" id="{507587e8-de35-4db7-9781-fe2ed36f6c1c}" />
        <Dependent type="80" schemaName="ovs_TDGManagement" displayName="TDG Management / Gestion TMD" />
      </MissingDependency>
      <MissingDependency>
        <Required type="26" schemaName="Question Advanced Find View" displayName="Question Advanced Find View" parentSchemaName="qm_syquestion" parentDisplayName="Template Question" solution="Active" id="{5ca7f434-c1c7-4f55-98af-05a1cdcb97cd}" />
        <Dependent type="80" schemaName="ovs_TDGManagement" displayName="TDG Management / Gestion TMD" />
      </MissingDependency>
      <MissingDependency>
        <Required type="26" schemaName="TDG Standards" displayName="TDG Standards" parentSchemaName="qm_rclegislation" parentDisplayName="Legislation" solution="Active" id="{64e2846d-59be-eb11-bacc-0022483bbdb7}" />
        <Dependent type="80" schemaName="ovs_TDGManagement" displayName="TDG Management / Gestion TMD" />
      </MissingDependency>
      <MissingDependency>
        <Required type="26" schemaName="My Region's Confirmation of Compliances" displayName="My Region's Confirmation of Compliances" parentSchemaName="ovs_confirmationofcompliance" parentDisplayName="Confirmation of Compliance" solution="Active" id="{7060d0f9-20d5-eb11-bacc-000d3af3999c}" />
        <Dependent type="80" schemaName="ovs_TDGManagement" displayName="TDG Management / Gestion TMD" />
      </MissingDependency>
      <MissingDependency>
        <Required type="26" schemaName="TDG Service Tasks" displayName="TDG Service Tasks" parentSchemaName="msdyn_workorderservicetask" parentDisplayName="Work Order Service Task" solution="Active" id="{7853b222-368c-eb11-b1ac-000d3ae92932}" />
        <Dependent type="80" schemaName="ovs_TDGManagement" displayName="TDG Management / Gestion TMD" />
      </MissingDependency>
      <MissingDependency>
        <Required type="26" schemaName="Sites" displayName="Sites" parentSchemaName="account" parentDisplayName="Account" solution="Active" id="{7c363e5f-5bd4-eb11-bacc-000d3af3999c}" />
        <Dependent type="80" schemaName="ovs_TDGManagement" displayName="TDG Management / Gestion TMD" />
      </MissingDependency>
      <MissingDependency>
        <Required type="26" schemaName="Operations Lookup View" displayName="Operations Lookup View" parentSchemaName="ovs_mocregistration" parentDisplayName="Operation" solution="Active" id="{7e35f6a5-af6d-40f3-b3aa-3369350f8c35}" />
        <Dependent type="80" schemaName="ovs_TDGManagement" displayName="TDG Management / Gestion TMD" />
      </MissingDependency>
      <MissingDependency>
        <Required type="26" schemaName="My Region's Inspectors" displayName="My Region's Inspectors" parentSchemaName="bookableresource" parentDisplayName="Bookable Resource" solution="Active" id="{861a305d-1fd5-eb11-bacc-000d3af3999c}" />
        <Dependent type="80" schemaName="ovs_TDGManagement" displayName="TDG Management / Gestion TMD" />
      </MissingDependency>
      <MissingDependency>
        <Required type="26" schemaName="Violations" displayName="Violations" parentSchemaName="qm_syresult" parentDisplayName="Violation" solution="Active" id="{8907b66d-f15f-eb11-a812-000d3a84fd7b}" />
        <Dependent type="80" schemaName="ovs_TDGManagement" displayName="TDG Management / Gestion TMD" />
      </MissingDependency>
      <MissingDependency>
        <Required type="26" schemaName="Parent Companies" displayName="Parent Companies" parentSchemaName="account" parentDisplayName="Account" solution="Active" id="{8965dc8d-460a-eb11-a813-000d3af3a7a7}" />
        <Dependent type="80" schemaName="ovs_TDGManagement" displayName="TDG Management / Gestion TMD" />
      </MissingDependency>
      <MissingDependency>
        <Required type="26" schemaName="Operation Site Profile View" displayName="Operation Site Profile View" parentSchemaName="ovs_mocregistration" parentDisplayName="Operation" solution="Active" id="{8d7b5de0-0734-ec11-8c64-0022483db1e9}" />
        <Dependent type="80" schemaName="ovs_TDGManagement" displayName="TDG Management / Gestion TMD" />
      </MissingDependency>
      <MissingDependency>
        <Required type="26" schemaName="Work Order Type Lookup View" displayName="Work Order Type Lookup View" parentSchemaName="msdyn_workordertype" parentDisplayName="Work Order Type" solution="FieldService (8.8.0.88)" id="{8f0514ca-d271-46cc-b531-41791c56949a}">
          <package>FieldService_Anchor (8.8.62.26)</package>
        </Required>
        <Dependent type="80" schemaName="ovs_TDGManagement" displayName="TDG Management / Gestion TMD" />
      </MissingDependency>
      <MissingDependency>
        <Required type="26" schemaName="Active Operations" displayName="Active Operations" parentSchemaName="ovs_mocregistration" parentDisplayName="Operation" solution="Active" id="{98c7fee1-1d9f-4226-89bb-26e6be7057f8}" />
        <Dependent type="80" schemaName="ovs_TDGManagement" displayName="TDG Management / Gestion TMD" />
      </MissingDependency>
      <MissingDependency>
        <Required type="26" schemaName="My Team's Overdue Work Orders" displayName="My Team's Overdue Work Orders" parentSchemaName="msdyn_workorder" parentDisplayName="Work Order" solution="Active" id="{a561fb97-70d0-eb11-bacc-0022483c0387}" />
        <Dependent type="80" schemaName="ovs_TDGManagement" displayName="TDG Management / Gestion TMD" />
      </MissingDependency>
      <MissingDependency>
        <Required type="26" schemaName="Site Associated Operations" displayName="Site Associated Operations" parentSchemaName="ovs_mocregistration" parentDisplayName="Operation" solution="Active" id="{a6fbfbaa-153c-ec11-8c62-0022483d71b4}" />
        <Dependent type="80" schemaName="ovs_TDGManagement" displayName="TDG Management / Gestion TMD" />
      </MissingDependency>
      <MissingDependency>
        <Required type="26" schemaName="My Region's Work Orders" displayName="My Region's Work Orders" parentSchemaName="msdyn_workorder" parentDisplayName="Work Order" solution="Active" id="{aad03db1-66d0-eb11-bacc-0022483c0d29}" />
        <Dependent type="80" schemaName="ovs_TDGManagement" displayName="TDG Management / Gestion TMD" />
      </MissingDependency>
      <MissingDependency>
        <Required type="26" schemaName="Territories Lookup View" displayName="Territories Lookup View" parentSchemaName="territory" parentDisplayName="Region" solution="msdynce_AppCommon (9.0.4.0066)" id="{ad81b2ca-9789-4465-8c56-94c10830a6ed}">
          <package>msdynce_AppCommonAnchor (9.0.22032.10001)</package>
        </Required>
        <Dependent type="60" displayName="Information" parentDisplayName="Regional NOP" id="{72439443-0dce-4ea0-8afe-d2cb17c679bc}" />
      </MissingDependency>
      <MissingDependency>
        <Required type="26" schemaName="Active Service Task Types" displayName="Active Service Task Types" parentSchemaName="msdyn_servicetasktype" parentDisplayName="Service Task Type" solution="FieldService (8.8.0.88)" id="{ae0d8547-6871-4854-91ba-03b0c619dbe1}">
          <package>FieldService_Anchor (8.8.62.26)</package>
        </Required>
        <Dependent type="80" schemaName="ovs_TDGManagement" displayName="TDG Management / Gestion TMD" />
      </MissingDependency>
      <MissingDependency>
        <Required type="26" schemaName="Active Operations for the Planner Application" displayName="Active Operations for the Planner Application" parentSchemaName="ovs_mocregistration" parentDisplayName="Operation" solution="Active" id="{b0788597-9f4c-ec11-8f8e-000d3ae8e96e}" />
        <Dependent type="80" schemaName="ovs_TDGManagement" displayName="TDG Management / Gestion TMD" />
      </MissingDependency>
      <MissingDependency>
        <Required type="26" schemaName="CID Portal - Operation" displayName="CID Portal - Operation" parentSchemaName="ovs_mocregistration" parentDisplayName="Operation" solution="Active" id="{b0dcb9f2-1c7a-ec11-8d20-000d3aff1221}" />
        <Dependent type="80" schemaName="ovs_TDGManagement" displayName="TDG Management / Gestion TMD" />
      </MissingDependency>
      <MissingDependency>
        <Required type="26" schemaName="Legislation Characteristics" displayName="Legislation Characteristics" parentSchemaName="qm_tylegislationcharacteristic" parentDisplayName="Legislation Characteristic" solution="Active" id="{b1230891-1aa0-4d0c-9d11-b9c66319a0f5}" />
        <Dependent type="80" schemaName="ovs_TDGManagement" displayName="TDG Management / Gestion TMD" />
      </MissingDependency>
      <MissingDependency>
        <Required type="26" schemaName="Violations des ordres de travail TMD" displayName="Violations des ordres de travail TMD" parentSchemaName="qm_syresult" parentDisplayName="Violation" solution="Active" id="{b5d1cbcd-806d-eb11-a812-000d3a84129e}" />
        <Dependent type="80" schemaName="ovs_TDGManagement" displayName="TDG Management / Gestion TMD" />
      </MissingDependency>
      <MissingDependency>
        <Required type="26" schemaName="TDG Regions" displayName="TDG Regions" parentSchemaName="territory" parentDisplayName="Region" solution="Active" id="{b6e3caab-ee3b-ec11-8c62-0022483d71b4}" />
        <Dependent type="80" schemaName="ovs_TDGManagement" displayName="TDG Management / Gestion TMD" />
      </MissingDependency>
      <MissingDependency>
        <Required type="26" schemaName="Import Work Order Candidates" displayName="Import Work Order Candidates" parentSchemaName="ovs_workordercandidate" parentDisplayName="Work Order Candidate" solution="Active" id="{ba8a6646-0c52-ec11-8f8e-000d3ae8eddc}" />
        <Dependent type="60" displayName="Information" parentDisplayName="Regional NOP" id="{72439443-0dce-4ea0-8afe-d2cb17c679bc}" />
      </MissingDependency>
      <MissingDependency>
        <Required type="26" schemaName="TDG Regulations" displayName="TDG Regulations" parentSchemaName="qm_rclegislation" parentDisplayName="Legislation" solution="Active" id="{bbb6f4db-59be-eb11-bacc-0022483bbdb7}" />
        <Dependent type="80" schemaName="ovs_TDGManagement" displayName="TDG Management / Gestion TMD" />
      </MissingDependency>
      <MissingDependency>
        <Required type="26" schemaName="Inactive Questions" displayName="Inactive Questions" parentSchemaName="qm_syquestion" parentDisplayName="Template Question" solution="Active" id="{c268b7f3-924c-40c4-981e-405e1894c00a}" />
        <Dependent type="80" schemaName="ovs_TDGManagement" displayName="TDG Management / Gestion TMD" />
      </MissingDependency>
      <MissingDependency>
        <Required type="26" schemaName="TCFiscalYear Lookup View" displayName="TCFiscalYear Lookup View" parentSchemaName="tc_tcfiscalyear" parentDisplayName="TCFiscalYear" solution="Active" id="{c2b848e9-8d49-4972-8e80-06a8b98802a1}" />
        <Dependent type="60" displayName="Information" parentDisplayName="Regional NOP" id="{72439443-0dce-4ea0-8afe-d2cb17c679bc}" />
      </MissingDependency>
      <MissingDependency>
        <Required type="26" schemaName="All Confirmation of Compliances" displayName="All Confirmation of Compliances" parentSchemaName="ovs_confirmationofcompliance" parentDisplayName="Confirmation of Compliance" solution="Active" id="{c7637aa7-47cd-eb11-bacc-0022483c0d29}" />
        <Dependent type="80" schemaName="ovs_TDGManagement" displayName="TDG Management / Gestion TMD" />
      </MissingDependency>
      <MissingDependency>
        <Required type="26" schemaName="TDG Violation Lookup View" displayName="TDG Violation Lookup View" parentSchemaName="qm_syresult" parentDisplayName="Violation" solution="Active" id="{cd29c3b1-776d-eb11-a812-000d3a84129e}" />
        <Dependent type="80" schemaName="ovs_TDGManagement" displayName="TDG Management / Gestion TMD" />
      </MissingDependency>
      <MissingDependency>
        <Required type="26" schemaName="TDG Inspection Report Advanced Find View" displayName="TDG Inspection Report Advanced Find View" parentSchemaName="ovs_tdginspectionreport" parentDisplayName="TDG Inspection Report" solution="Active" id="{d144b2db-91d8-451d-bcd7-fcefaba98989}" />
        <Dependent type="80" schemaName="ovs_TDGManagement" displayName="TDG Management / Gestion TMD" />
      </MissingDependency>
      <MissingDependency>
        <Required type="26" schemaName="TDG Inspection Report Lookup View" displayName="TDG Inspection Report Lookup View" parentSchemaName="ovs_tdginspectionreport" parentDisplayName="TDG Inspection Report" solution="Active" id="{d902f510-929c-43d3-a797-40336d4262fb}" />
        <Dependent type="80" schemaName="ovs_TDGManagement" displayName="TDG Management / Gestion TMD" />
      </MissingDependency>
      <MissingDependency>
        <Required type="26" schemaName="NOP Lookup View" displayName="NOP Lookup View" parentSchemaName="ovs_cdnop" parentDisplayName="NOP" solution="Active" id="{dc4e3577-07b5-4ee7-8c7f-2d6ac3df3d00}" />
        <Dependent type="60" displayName="Information" parentDisplayName="Regional NOP" id="{72439443-0dce-4ea0-8afe-d2cb17c679bc}" />
      </MissingDependency>
      <MissingDependency>
        <Required type="26" schemaName="Inactive Operations for the Planner Application" displayName="Inactive Operations for the Planner Application" parentSchemaName="ovs_mocregistration" parentDisplayName="Operation" solution="Active" id="{e40b9eb1-9f4c-ec11-8f8e-000d3ae8e96e}" />
        <Dependent type="80" schemaName="ovs_TDGManagement" displayName="TDG Management / Gestion TMD" />
      </MissingDependency>
      <MissingDependency>
        <Required type="26" schemaName="TDG Inspection Reports" displayName="TDG Inspection Reports" parentSchemaName="ovs_tdginspectionreport" parentDisplayName="TDG Inspection Report" solution="Active" id="{edb20d1c-a7c7-eb11-bacc-000d3af390da}" />
        <Dependent type="80" schemaName="ovs_TDGManagement" displayName="TDG Management / Gestion TMD" />
      </MissingDependency>
      <MissingDependency>
        <Required type="26" schemaName="Active Questions" displayName="Active Questions" parentSchemaName="qm_syquestion" parentDisplayName="Template Question" solution="Active" id="{f2bdda0c-b0e3-46d0-a393-e6c81d725293}" />
        <Dependent type="80" schemaName="ovs_TDGManagement" displayName="TDG Management / Gestion TMD" />
      </MissingDependency>
      <MissingDependency>
        <Required type="60" displayName="Operation Scores Display" parentDisplayName="Operation" solution="Active" id="{026925a2-097a-ec11-8d20-000d3a84a45c}" />
        <Dependent type="80" schemaName="ovs_TDGManagement" displayName="TDG Management / Gestion TMD" />
      </MissingDependency>
      <MissingDependency>
        <Required type="60" displayName="Organization Quick View" parentDisplayName="Account" solution="Active" id="{097f6a5f-2777-402a-ba3b-e35fcbfaa145}" />
        <Dependent type="80" schemaName="ovs_TDGManagement" displayName="TDG Management / Gestion TMD" />
      </MissingDependency>
      <MissingDependency>
        <Required type="60" displayName="Information" parentDisplayName="Dependency Group" solution="Active" id="{0b32f1f1-4583-4f92-8d38-621bb4bc1516}" />
        <Dependent type="80" schemaName="ovs_TDGManagement" displayName="TDG Management / Gestion TMD" />
      </MissingDependency>
      <MissingDependency>
        <Required type="60" displayName="Accounts Dashboard" parentDisplayName="Account" solution="msdynce_Service (9.0.5.56)" id="{15915835-b87c-49ec-9ffc-bfac3ac44ef1}">
          <package>msdynce_ServiceAnchor (9.0.22032.1005)</package>
        </Required>
        <Dependent type="80" schemaName="ovs_TDGManagement" displayName="TDG Management / Gestion TMD" />
      </MissingDependency>
      <MissingDependency>
        <Required type="60" displayName="TDG Inspectors" parentDisplayName="Bookable Resource" solution="Active" id="{1a8ac070-c043-eb11-a812-000d3af3fc19}" />
        <Dependent type="80" schemaName="ovs_TDGManagement" displayName="TDG Management / Gestion TMD" />
      </MissingDependency>
      <MissingDependency>
        <Required type="60" displayName="TDG Service Task Questionnaire" parentDisplayName="Work Order Service Task" solution="Active" id="{1ee2b1f8-8556-449b-ae68-09d8dc19485f}" />
        <Dependent type="80" schemaName="ovs_TDGManagement" displayName="TDG Management / Gestion TMD" />
      </MissingDependency>
      <MissingDependency>
        <Required type="60" displayName="Contact" parentDisplayName="Contact" solution="msdynce_AppCommon (9.0.4.0066)" id="{1fed44d1-ae68-4a41-bd2b-f13acac4acfa}">
          <package>msdynce_AppCommonAnchor (9.0.22032.10001)</package>
        </Required>
        <Dependent type="80" schemaName="ovs_TDGManagement" displayName="TDG Management / Gestion TMD" />
      </MissingDependency>
      <MissingDependency>
        <Required type="60" displayName="Child Question" parentDisplayName="Template Question" solution="Active" id="{272c3049-fc9f-440a-a257-25df49d2dfea}" />
        <Dependent type="80" schemaName="ovs_TDGManagement" displayName="TDG Management / Gestion TMD" />
      </MissingDependency>
      <MissingDependency>
        <Required type="60" displayName="Organization" parentDisplayName="Account" solution="Active" id="{2dbe9c3a-901a-484d-9e68-8424cd897f8d}" />
        <Dependent type="80" schemaName="ovs_TDGManagement" displayName="TDG Management / Gestion TMD" />
      </MissingDependency>
      <MissingDependency>
        <Required type="60" displayName="Information" parentDisplayName="Violation" solution="Active" id="{32b597ba-53c0-4e9f-8380-9966e14e38df}" />
        <Dependent type="80" schemaName="ovs_TDGManagement" displayName="TDG Management / Gestion TMD" />
      </MissingDependency>
      <MissingDependency>
        <Required type="60" displayName="TDG Organizations" parentDisplayName="Account" solution="Active" id="{444fd031-7381-4a73-a520-2b2fd7ebe013}" />
        <Dependent type="80" schemaName="ovs_TDGManagement" displayName="TDG Management / Gestion TMD" />
      </MissingDependency>
      <MissingDependency>
        <Required type="60" displayName="Information" parentDisplayName="Dependency Group Item" solution="Active" id="{5c1c9c87-8b6d-44a0-b719-74d30d200639}" />
        <Dependent type="80" schemaName="ovs_TDGManagement" displayName="TDG Management / Gestion TMD" />
      </MissingDependency>
      <MissingDependency>
        <Required type="60" displayName="Template" parentDisplayName="Template" solution="Active" id="{5e40ccd7-d32a-eb11-a813-000d3af3a7a7}" />
        <Dependent type="80" schemaName="ovs_TDGManagement" displayName="TDG Management / Gestion TMD" />
      </MissingDependency>
      <MissingDependency>
        <Required type="60" displayName="TDG Region" parentDisplayName="Region" solution="Active" id="{5e818a16-ee3b-ec11-8c62-0022483d7564}" />
        <Dependent type="80" schemaName="ovs_TDGManagement" displayName="TDG Management / Gestion TMD" />
      </MissingDependency>
      <MissingDependency>
        <Required type="60" displayName="Dashboards" solution="Active" id="{5f5ffe7a-71e3-eb11-bacb-0022483c5e2f}" />
        <Dependent type="80" schemaName="ovs_TDGManagement" displayName="TDG Management / Gestion TMD" />
      </MissingDependency>
      <MissingDependency>
        <Required type="60" displayName="Information" parentDisplayName="Work Order Type" solution="FieldService (8.8.0.88)" id="{65d7528f-b2ff-450a-9b5d-a2e46464ce04}">
          <package>FieldService_Anchor (8.8.62.26)</package>
        </Required>
        <Dependent type="80" schemaName="ovs_TDGManagement" displayName="TDG Management / Gestion TMD" />
      </MissingDependency>
      <MissingDependency>
        <Required type="60" displayName="Activité de surveillance TMD" parentDisplayName="Work Order" solution="Active" id="{66cddb3b-b9ca-4552-ac5e-f4d726a35268}" />
        <Dependent type="80" schemaName="ovs_TDGManagement" displayName="TDG Management / Gestion TMD" />
      </MissingDependency>
      <MissingDependency>
        <Required type="60" displayName=" main form" parentDisplayName="Enforcement Action" solution="Active" id="{6768019c-3b8e-eb11-b1ac-000d3ae92dbf}" />
        <Dependent type="80" schemaName="ovs_TDGManagement" displayName="TDG Management / Gestion TMD" />
      </MissingDependency>
      <MissingDependency>
        <Required type="60" displayName="Account Hierarchy Tile Form" parentDisplayName="Account" solution="msdynce_AppCommon (9.0.4.0066)" id="{69cff312-cfb6-4289-9631-249ab85d2c62}">
          <package>msdynce_AppCommonAnchor (9.0.22032.10001)</package>
        </Required>
        <Dependent type="80" schemaName="ovs_TDGManagement" displayName="TDG Management / Gestion TMD" />
      </MissingDependency>
      <MissingDependency>
        <Required type="60" displayName="Contacts Dashboard" parentDisplayName="Contact" solution="msdynce_Service (9.0.5.56)" id="{70ad8b15-e3f3-4d7d-9e4b-16cb4e51b484}">
          <package>msdynce_ServiceAnchor (9.0.22032.1005)</package>
        </Required>
        <Dependent type="80" schemaName="ovs_TDGManagement" displayName="TDG Management / Gestion TMD" />
      </MissingDependency>
      <MissingDependency>
        <Required type="60" displayName="TDG Primary Contact" parentDisplayName="Account" solution="Active" id="{784422a9-fcda-4763-a12c-9dfac2cb6c41}" />
        <Dependent type="80" schemaName="ovs_TDGManagement" displayName="TDG Management / Gestion TMD" />
      </MissingDependency>
      <MissingDependency>
        <Required type="60" displayName="MOC Registration quick create form" parentDisplayName="Operation" solution="Active" id="{799e79c9-87f4-eb11-94ef-000d3a84a4e1}" />
        <Dependent type="80" schemaName="ovs_TDGManagement" displayName="TDG Management / Gestion TMD" />
      </MissingDependency>
      <MissingDependency>
        <Required type="60" displayName="Work Order Quick View" parentDisplayName="Work Order" solution="FieldService (8.8.0.88)" id="{79c33fb4-7126-41a8-9dff-13e4462c9b19}">
          <package>FieldService_Anchor (8.8.62.26)</package>
        </Required>
        <Dependent type="80" schemaName="ovs_TDGManagement" displayName="TDG Management / Gestion TMD" />
      </MissingDependency>
      <MissingDependency>
        <Required type="60" displayName="Information" parentDisplayName="LOB" solution="Active" id="{7a047987-630f-4cea-a2cc-ab799a1b4fcb}" />
        <Dependent type="80" schemaName="ovs_TDGManagement" displayName="TDG Management / Gestion TMD" />
      </MissingDependency>
      <MissingDependency>
        <Required type="60" displayName="TDG Violations" parentDisplayName="Violation" solution="Active" id="{8399e8c7-746d-eb11-a812-000d3a84129e}" />
        <Dependent type="80" schemaName="ovs_TDGManagement" displayName="TDG Management / Gestion TMD" />
      </MissingDependency>
      <MissingDependency>
        <Required type="60" displayName="TDG Booking Form" parentDisplayName="Booking" solution="Active" id="{906d0737-8ca7-eb11-9442-000d3ae99322}" />
        <Dependent type="80" schemaName="ovs_TDGManagement" displayName="TDG Management / Gestion TMD" />
      </MissingDependency>
      <MissingDependency>
        <Required type="60" displayName="Sites Quick View" parentDisplayName="Work Order" solution="Active" id="{948e0d30-ed86-407a-bca3-6beaf5a1c91e}" />
        <Dependent type="80" schemaName="ovs_TDGManagement" displayName="TDG Management / Gestion TMD" />
      </MissingDependency>
      <MissingDependency>
        <Required type="60" displayName="Information" parentDisplayName="Group" solution="Active" id="{96cd7867-9de6-44f7-be0a-33344335f860}" />
        <Dependent type="80" schemaName="ovs_TDGManagement" displayName="TDG Management / Gestion TMD" />
      </MissingDependency>
      <MissingDependency>
        <Required type="60" displayName="Information" parentDisplayName="Legislation Source" solution="Active" id="{9b674e50-1044-4914-90c2-79ac25ed8ce4}" />
        <Dependent type="80" schemaName="ovs_TDGManagement" displayName="TDG Management / Gestion TMD" />
      </MissingDependency>
      <MissingDependency>
        <Required type="60" displayName="Information" parentDisplayName="Operation" solution="Active" id="{a09fc69f-3ace-46b5-85f1-be132f683042}" />
        <Dependent type="80" schemaName="ovs_TDGManagement" displayName="TDG Management / Gestion TMD" />
      </MissingDependency>
      <MissingDependency>
        <Required type="60" displayName="Information" parentDisplayName="Operation" solution="Active" id="{a0a35d2b-67c5-46e3-8e91-b5f0e6b66981}" />
        <Dependent type="80" schemaName="ovs_TDGManagement" displayName="TDG Management / Gestion TMD" />
      </MissingDependency>
      <MissingDependency>
        <Required type="60" displayName="TDG Service Task Type" parentDisplayName="Service Task Type" solution="Active" id="{a86b0d9c-3802-4fed-9a93-c27c6ddbac15}" />
        <Dependent type="80" schemaName="ovs_TDGManagement" displayName="TDG Management / Gestion TMD" />
      </MissingDependency>
      <MissingDependency>
        <Required type="60" displayName="Legal Name" parentDisplayName="Account" solution="Active" id="{b0dc190e-9603-444b-94b3-07b98a8f1d60}" />
        <Dependent type="80" schemaName="ovs_TDGManagement" displayName="TDG Management / Gestion TMD" />
      </MissingDependency>
      <MissingDependency>
        <Required type="60" displayName="Information" parentDisplayName="Template Question Response" solution="Active" id="{b5eb229f-7d2f-4191-83f4-dcc6d7e9dc03}" />
        <Dependent type="80" schemaName="ovs_TDGManagement" displayName="TDG Management / Gestion TMD" />
      </MissingDependency>
      <MissingDependency>
        <Required type="60" displayName="Contact Quick Form" parentDisplayName="Contact" solution="msdynce_AppCommon (9.0.4.0066)" id="{bdb0ae1c-32fa-4374-b637-8dafe107bc44}">
          <package>msdynce_AppCommonAnchor (9.0.22032.10001)</package>
        </Required>
        <Dependent type="80" schemaName="ovs_TDGManagement" displayName="TDG Management / Gestion TMD" />
      </MissingDependency>
      <MissingDependency>
        <Required type="60" displayName="Contact Quick Create - TC" parentDisplayName="Contact" solution="Active" id="{c0da77e9-2f03-eb11-a813-000d3af3ac0d}" />
        <Dependent type="80" schemaName="ovs_TDGManagement" displayName="TDG Management / Gestion TMD" />
      </MissingDependency>
      <MissingDependency>
        <Required type="60" displayName="Parent Question" parentDisplayName="Template Question" solution="Active" id="{c0dee925-5d72-408d-bcee-a569f3ad49be}" />
        <Dependent type="80" schemaName="ovs_TDGManagement" displayName="TDG Management / Gestion TMD" />
      </MissingDependency>
      <MissingDependency>
        <Required type="60" displayName="Service Task Type Quick Create 5x5" parentDisplayName="Service Task Type" solution="msdyn_FieldServiceAdminExp (1.0.10.61)" id="{cea28746-8d51-4c2c-9672-16e0d255893a}">
          <package>FieldService_Anchor (8.8.62.26)</package>
        </Required>
        <Dependent type="80" schemaName="ovs_TDGManagement" displayName="TDG Management / Gestion TMD" />
      </MissingDependency>
      <MissingDependency>
        <Required type="60" displayName="Information" parentDisplayName="Legislation Characteristic" solution="Active" id="{d0bffb7c-35e3-4cb7-a432-d9108ddfe680}" />
        <Dependent type="80" schemaName="ovs_TDGManagement" displayName="TDG Management / Gestion TMD" />
      </MissingDependency>
      <MissingDependency>
        <Required type="60" displayName="Information" parentDisplayName="Legislation" solution="Active" id="{d55caf0a-bae4-4d40-b008-b253ab4ce243}" />
        <Dependent type="80" schemaName="ovs_TDGManagement" displayName="TDG Management / Gestion TMD" />
      </MissingDependency>
      <MissingDependency>
        <Required type="60" displayName="Information" parentDisplayName="Group" solution="Active" id="{d69abbf8-2b09-4d70-91b1-424e5d2bfbf7}" />
        <Dependent type="80" schemaName="ovs_TDGManagement" displayName="TDG Management / Gestion TMD" />
      </MissingDependency>
      <MissingDependency>
        <Required type="60" displayName="Information" parentDisplayName="Dependency Group Item" solution="Active" id="{d9fd215a-bcbb-4750-b300-21b15a6c2d13}" />
        <Dependent type="80" schemaName="ovs_TDGManagement" displayName="TDG Management / Gestion TMD" />
      </MissingDependency>
      <MissingDependency>
        <Required type="60" displayName="TDG Site Profile" parentDisplayName="Account" solution="Active" id="{db5d5927-e1b5-440f-b55b-e0a95e1b053b}" />
        <Dependent type="80" schemaName="ovs_TDGManagement" displayName="TDG Management / Gestion TMD" />
      </MissingDependency>
      <MissingDependency>
        <Required type="60" displayName="Quick Create Work Order" parentDisplayName="Work Order" solution="FieldService (8.8.0.88)" id="{e0d97cdc-4c20-4e03-bc2a-6dbc6cb1d2c2}">
          <package>FieldService_Anchor (8.8.62.26)</package>
        </Required>
        <Dependent type="80" schemaName="ovs_TDGManagement" displayName="TDG Management / Gestion TMD" />
      </MissingDependency>
      <MissingDependency>
        <Required type="60" displayName="Information" parentDisplayName="Dependency Group" solution="Active" id="{e205c315-ac19-4eee-a7d7-6897cc225cf3}" />
        <Dependent type="80" schemaName="ovs_TDGManagement" displayName="TDG Management / Gestion TMD" />
      </MissingDependency>
      <MissingDependency>
        <Required type="60" displayName="Default Contact Dashboard - TC" parentDisplayName="Contact" solution="Active" id="{e631a301-3f03-eb11-a813-000d3af3a7a7}" />
        <Dependent type="80" schemaName="ovs_TDGManagement" displayName="TDG Management / Gestion TMD" />
      </MissingDependency>
      <MissingDependency>
        <Required type="60" displayName="TDG Inspections" parentDisplayName="Safety Assessment" solution="Active" id="{e8eb7000-5792-4f5b-9f19-d3d7247f7fe4}" />
        <Dependent type="80" schemaName="ovs_TDGManagement" displayName="TDG Management / Gestion TMD" />
      </MissingDependency>
      <MissingDependency>
        <Required type="60" displayName="Contact Quick View - TC" parentDisplayName="Contact" solution="Active" id="{ec2f9560-2f03-eb11-a813-000d3af3a7a7}" />
        <Dependent type="80" schemaName="ovs_TDGManagement" displayName="TDG Management / Gestion TMD" />
      </MissingDependency>
      <MissingDependency>
        <Required type="60" displayName="TDG Contact" parentDisplayName="Contact" solution="Active" id="{ec7b5b17-85b9-eb11-8236-0022483bc67c}" />
        <Dependent type="80" schemaName="ovs_TDGManagement" displayName="TDG Management / Gestion TMD" />
      </MissingDependency>
      <MissingDependency>
        <Required type="61" schemaName="msdyn_/Images/AppModule_Default_Icon.png" displayName="msdyn_/Images/AppModule_Default_Icon.png" solution="AppModuleWebResources (2.5)" />
        <Dependent type="80" schemaName="ovs_TDGManagement" displayName="TDG Management / Gestion TMD" />
      </MissingDependency>
      <MissingDependency>
        <Required type="61" schemaName="ovs_RNOP_ValidationFunctions.js" displayName="ovs_RNOP_ValidationFunctions.js" solution="Active" />
        <Dependent type="60" displayName="Information" parentDisplayName="Regional NOP" id="{72439443-0dce-4ea0-8afe-d2cb17c679bc}" />
      </MissingDependency>
      <MissingDependency>
        <Required type="61" schemaName="qm_globalHelper.js" displayName="qm_globalHelper.js" solution="Active" />
        <Dependent type="60" displayName="Information" parentDisplayName="Regional NOP" id="{72439443-0dce-4ea0-8afe-d2cb17c679bc}" />
      </MissingDependency>
      <MissingDependency>
        <Required type="62" schemaName="ovs_TDGManagement" solution="Active" />
        <Dependent type="80" schemaName="ovs_TDGManagement" displayName="TDG Management / Gestion TMD" />
      </MissingDependency>
      <MissingDependency>
        <Required type="66" schemaName="MscrmControls.Grid.GridControl" displayName="MscrmControls.Grid.GridControl" solution="BaseCustomControlsCore (9.0.2203.2011)" />
        <Dependent type="60" displayName="Information" parentDisplayName="Regional NOP" id="{72439443-0dce-4ea0-8afe-d2cb17c679bc}" />
      </MissingDependency>
    </MissingDependencies>
  </SolutionManifest>
</ImportExportXml>