<ImportExportXml xmlns:xsi="http://www.w3.org/2001/XMLSchema-instance">
  <Entities>
    <Entity>
      <Name LocalizedName="Bookable Resource Booking" OriginalName="Bookable Resource Booking">BookableResourceBooking</Name>
      <EntityInfo>
        <entity Name="BookableResourceBooking">
          <attributes>
            <attribute PhysicalName="msdyn_WorkOrder">
              <Type>lookup</Type>
              <Name>msdyn_workorder</Name>
              <LogicalName>msdyn_workorder</LogicalName>
              <RequiredLevel>none</RequiredLevel>
              <DisplayMask>ValidForAdvancedFind|ValidForForm|ValidForGrid</DisplayMask>
              <ImeMode>auto</ImeMode>
              <ValidForUpdateApi>1</ValidForUpdateApi>
              <ValidForReadApi>1</ValidForReadApi>
              <ValidForCreateApi>1</ValidForCreateApi>
              <IsCustomField>1</IsCustomField>
              <IsAuditEnabled>1</IsAuditEnabled>
              <IsSecured>0</IsSecured>
              <IntroducedVersion>6.0.2.0</IntroducedVersion>
              <SourceType>0</SourceType>
              <IsGlobalFilterEnabled>0</IsGlobalFilterEnabled>
              <IsSortableEnabled>0</IsSortableEnabled>
              <IsDataSourceSecret>0</IsDataSourceSecret>
              <AutoNumberFormat></AutoNumberFormat>
              <IsSearchable>0</IsSearchable>
              <IsFilterable>0</IsFilterable>
              <IsRetrievable>0</IsRetrievable>
              <IsLocalizable>0</IsLocalizable>
              <LookupStyle>single</LookupStyle>
              <LookupTypes />
              <displaynames>
                <displayname description="Work Order" languagecode="1033" />
              </displaynames>
              <Descriptions>
                <Description description="Unique identifier for Work Order associated with Resource Booking." languagecode="1033" />
              </Descriptions>
            </attribute>
            <attribute PhysicalName="ovs_PlannedFiscalQuarter">
              <Type>lookup</Type>
              <Name>ovs_plannedfiscalquarter</Name>
              <LogicalName>ovs_plannedfiscalquarter</LogicalName>
              <RequiredLevel>required</RequiredLevel>
              <DisplayMask>ValidForAdvancedFind|ValidForForm|ValidForGrid</DisplayMask>
              <ImeMode>auto</ImeMode>
              <ValidForUpdateApi>1</ValidForUpdateApi>
              <ValidForReadApi>1</ValidForReadApi>
              <ValidForCreateApi>1</ValidForCreateApi>
              <IsCustomField>1</IsCustomField>
              <IsAuditEnabled>0</IsAuditEnabled>
              <IsSecured>0</IsSecured>
              <IntroducedVersion>1.0.0.0</IntroducedVersion>
              <IsCustomizable>1</IsCustomizable>
              <IsRenameable>1</IsRenameable>
              <CanModifySearchSettings>1</CanModifySearchSettings>
              <CanModifyRequirementLevelSettings>1</CanModifyRequirementLevelSettings>
              <CanModifyAdditionalSettings>1</CanModifyAdditionalSettings>
              <SourceType>0</SourceType>
              <IsGlobalFilterEnabled>0</IsGlobalFilterEnabled>
              <IsSortableEnabled>0</IsSortableEnabled>
              <CanModifyGlobalFilterSettings>1</CanModifyGlobalFilterSettings>
              <CanModifyIsSortableSettings>1</CanModifyIsSortableSettings>
              <IsDataSourceSecret>0</IsDataSourceSecret>
              <AutoNumberFormat></AutoNumberFormat>
              <IsSearchable>0</IsSearchable>
              <IsFilterable>0</IsFilterable>
              <IsRetrievable>0</IsRetrievable>
              <IsLocalizable>0</IsLocalizable>
              <LookupStyle>single</LookupStyle>
              <LookupTypes />
              <displaynames>
                <displayname description="Planned Fiscal Quarter" languagecode="1033" />
              </displaynames>
              <Descriptions>
                <Description description="" languagecode="1033" />
              </Descriptions>
            </attribute>
            <attribute PhysicalName="ovs_PlannedFiscalYearId">
              <Type>lookup</Type>
              <Name>ovs_plannedfiscalyearid</Name>
              <LogicalName>ovs_plannedfiscalyearid</LogicalName>
              <RequiredLevel>required</RequiredLevel>
              <DisplayMask>ValidForAdvancedFind|ValidForForm|ValidForGrid</DisplayMask>
              <ImeMode>auto</ImeMode>
              <ValidForUpdateApi>1</ValidForUpdateApi>
              <ValidForReadApi>1</ValidForReadApi>
              <ValidForCreateApi>1</ValidForCreateApi>
              <IsCustomField>1</IsCustomField>
              <IsAuditEnabled>0</IsAuditEnabled>
              <IsSecured>0</IsSecured>
              <IntroducedVersion>1.0.0.11</IntroducedVersion>
              <IsCustomizable>1</IsCustomizable>
              <IsRenameable>1</IsRenameable>
              <CanModifySearchSettings>1</CanModifySearchSettings>
              <CanModifyRequirementLevelSettings>1</CanModifyRequirementLevelSettings>
              <CanModifyAdditionalSettings>1</CanModifyAdditionalSettings>
              <SourceType>0</SourceType>
              <IsGlobalFilterEnabled>0</IsGlobalFilterEnabled>
              <IsSortableEnabled>0</IsSortableEnabled>
              <CanModifyGlobalFilterSettings>1</CanModifyGlobalFilterSettings>
              <CanModifyIsSortableSettings>1</CanModifyIsSortableSettings>
              <IsDataSourceSecret>0</IsDataSourceSecret>
              <AutoNumberFormat></AutoNumberFormat>
              <IsSearchable>0</IsSearchable>
              <IsFilterable>0</IsFilterable>
              <IsRetrievable>0</IsRetrievable>
              <IsLocalizable>0</IsLocalizable>
              <LookupStyle>single</LookupStyle>
              <LookupTypes />
              <displaynames>
                <displayname description="Planned Fiscal Year" languagecode="1033" />
              </displaynames>
              <Descriptions>
                <Description description="Unique identifier for TCFiscalYear associated with Bookable Resource Booking." languagecode="1033" />
              </Descriptions>
            </attribute>
            <attribute PhysicalName="ovs_RevisedQuarter">
              <Type>lookup</Type>
              <Name>ovs_revisedquarter</Name>
              <LogicalName>ovs_revisedquarter</LogicalName>
              <RequiredLevel>none</RequiredLevel>
              <DisplayMask>ValidForAdvancedFind|ValidForForm|ValidForGrid</DisplayMask>
              <ImeMode>auto</ImeMode>
              <ValidForUpdateApi>1</ValidForUpdateApi>
              <ValidForReadApi>1</ValidForReadApi>
              <ValidForCreateApi>1</ValidForCreateApi>
              <IsCustomField>1</IsCustomField>
              <IsAuditEnabled>0</IsAuditEnabled>
              <IsSecured>0</IsSecured>
              <IntroducedVersion>1.0.0.0</IntroducedVersion>
              <IsCustomizable>1</IsCustomizable>
              <IsRenameable>1</IsRenameable>
              <CanModifySearchSettings>1</CanModifySearchSettings>
              <CanModifyRequirementLevelSettings>1</CanModifyRequirementLevelSettings>
              <CanModifyAdditionalSettings>1</CanModifyAdditionalSettings>
              <SourceType>0</SourceType>
              <IsGlobalFilterEnabled>0</IsGlobalFilterEnabled>
              <IsSortableEnabled>0</IsSortableEnabled>
              <CanModifyGlobalFilterSettings>1</CanModifyGlobalFilterSettings>
              <CanModifyIsSortableSettings>1</CanModifyIsSortableSettings>
              <IsDataSourceSecret>0</IsDataSourceSecret>
              <AutoNumberFormat></AutoNumberFormat>
              <IsSearchable>0</IsSearchable>
              <IsFilterable>0</IsFilterable>
              <IsRetrievable>0</IsRetrievable>
              <IsLocalizable>0</IsLocalizable>
              <LookupStyle>single</LookupStyle>
              <LookupTypes />
              <displaynames>
                <displayname description="Revised Quarter" languagecode="1033" />
              </displaynames>
              <Descriptions>
                <Description description="" languagecode="1033" />
              </Descriptions>
            </attribute>
          </attributes>
        </entity>
      </EntityInfo>
      <RibbonDiffXml>
        <CustomActions>
          <HideCustomAction HideActionId="tc.Mscrm.Form.bookableresourcebooking.Activate.Hide" Location="Mscrm.Form.bookableresourcebooking.Activate" />
          <HideCustomAction HideActionId="tc.Mscrm.Form.bookableresourcebooking.Deactivate.Hide" Location="Mscrm.Form.bookableresourcebooking.Deactivate" />
          <HideCustomAction HideActionId="tc.Mscrm.Form.bookableresourcebooking.NewRecord.Hide" Location="Mscrm.Form.bookableresourcebooking.NewRecord" />
          <CustomAction Id="tc.Mscrm.Form.bookableresourcebooking.NewRecordForBPFEntity.CustomAction" Location="Mscrm.Form.bookableresourcebooking.MainTab.Save.Controls._children" Sequence="45">
            <CommandUIDefinition>
              <Button Alt="$Resources:Ribbon.HomepageGrid.MainTab.New" Command="Mscrm.Form.NewRecordForBPFEntity" Id="Mscrm.Form.bookableresourcebooking.NewRecordForBPFEntity" Image32by32="/_imgs/ribbon/newrecord32.png" Image16by16="/_imgs/ribbon/NewRecord_16.png" LabelText="$LocLabels:Mscrm.Form.bookableresourcebooking.NewRecordForBPFEntity.LabelText" Sequence="45" TemplateAlias="o1" ToolTipTitle="$Resources:Ribbon.HomepageGrid.MainTab.New" ToolTipDescription="$Resources(EntityDisplayName):Ribbon.Tooltip.New" ModernImage="New" />
            </CommandUIDefinition>
          </CustomAction>
          <CustomAction Id="tc.Mscrm.HomepageGrid.bookableresourcebooking.NewRecord.CustomAction" Location="Mscrm.HomepageGrid.bookableresourcebooking.MainTab.Management.Controls._children" Sequence="10">
            <CommandUIDefinition>
              <Button Alt="$Resources:Ribbon.HomepageGrid.MainTab.New" Command="Mscrm.NewRecordFromGrid" Id="Mscrm.HomepageGrid.bookableresourcebooking.NewRecord" Image32by32="/_imgs/ribbon/newrecord32.png" Image16by16="/_imgs/ribbon/New_16.png" LabelText="$LocLabels:Mscrm.HomepageGrid.bookableresourcebooking.NewRecord.LabelText" Sequence="10" TemplateAlias="o1" ToolTipTitle="$Resources:Ribbon.HomepageGrid.MainTab.New" ToolTipDescription="$Resources(EntityDisplayName):Ribbon.Tooltip.New" ModernImage="New" />
            </CommandUIDefinition>
          </CustomAction>
          <CustomAction Id="tc.Mscrm.HomepageGrid.bookableresourcebooking.NewRecordForBPFEntity.CustomAction" Location="Mscrm.HomepageGrid.bookableresourcebooking.MainTab.Management.Controls._children" Sequence="10">
            <CommandUIDefinition>
              <Button Alt="$Resources:Ribbon.HomepageGrid.MainTab.New" Command="Mscrm.HomepageGrid.NewRecordForBPFEntity" Id="Mscrm.HomepageGrid.bookableresourcebooking.NewRecordForBPFEntity" Image32by32="/_imgs/ribbon/newrecord32.png" Image16by16="/_imgs/ribbon/NewRecord_16.png" LabelText="$LocLabels:Mscrm.HomepageGrid.bookableresourcebooking.NewRecordForBPFEntity.LabelText" Sequence="10" TemplateAlias="o1" ToolTipTitle="$Resources:Ribbon.HomepageGrid.MainTab.New" ToolTipDescription="$Resources(EntityDisplayName):Ribbon.Tooltip.New" ModernImage="New" />
            </CommandUIDefinition>
          </CustomAction>
          <HideCustomAction HideActionId="tc.Mscrm.SubGrid.bookableresourcebooking.Activate.Hide" Location="Mscrm.SubGrid.bookableresourcebooking.Activate" />
          <CustomAction Id="tc.Mscrm.SubGrid.bookableresourcebooking.AddNewStandard.CustomAction" Location="Mscrm.SubGrid.bookableresourcebooking.MainTab.Management.Controls._children" Sequence="20">
            <CommandUIDefinition>
              <Button Alt="$LocLabels:Mscrm.SubGrid.bookableresourcebooking.AddNewStandard.Alt" Command="Mscrm.AddNewRecordFromSubGridStandard" Id="Mscrm.SubGrid.bookableresourcebooking.AddNewStandard" Image32by32="/_imgs/ribbon/newrecord32.png" Image16by16="/_imgs/ribbon/New_16.png" LabelText="$LocLabels:Mscrm.SubGrid.bookableresourcebooking.AddNewStandard.LabelText" Sequence="20" TemplateAlias="o1" ToolTipTitle="$LocLabels:Mscrm.SubGrid.bookableresourcebooking.AddNewStandard.ToolTipTitle" ModernImage="New" />
            </CommandUIDefinition>
          </CustomAction>
          <CustomAction Id="tc.Mscrm.SubGrid.bookableresourcebooking.NewRecord.CustomAction" Location="Mscrm.SubGrid.bookableresourcebooking.MainTab.Management.Controls._children" Sequence="10">
            <CommandUIDefinition>
              <Button Command="Mscrm.NewRecordFromGrid" Id="Mscrm.SubGrid.bookableresourcebooking.NewRecord" Image32by32="/_imgs/ribbon/newrecord32.png" Image16by16="/_imgs/ribbon/New_16.png" LabelText="$Resources(EntityDisplayName):Ribbon.SubGrid.MainTab.New" Sequence="10" TemplateAlias="o1" ToolTipTitle="$Resources(EntityDisplayName):Ribbon.SubGrid.MainTab.New" ToolTipDescription="$Resources(EntityDisplayName):Ribbon.Tooltip.New" ModernImage="New" />
            </CommandUIDefinition>
          </CustomAction>
        </CustomActions>
        <Templates>
          <RibbonTemplates Id="Mscrm.Templates"></RibbonTemplates>
        </Templates>
        <CommandDefinitions>
          <CommandDefinition Id="Mscrm.EditSelectedRecord">
            <EnableRules>
              <EnableRule Id="Mscrm.CheckBulkEditSupportForEntity" />
              <EnableRule Id="Mscrm.VisualizationPaneNotMaximized" />
              <EnableRule Id="Mscrm.IsValidForHierarchyView" />
              <EnableRule Id="Mscrm.ShowOnNonModernAndModernIfAllowed" />
              <EnableRule Id="tc.bookableresourcebooking.EnableRule0.HideButtonIfFormIsReadOnly" />
            </EnableRules>
            <DisplayRules>
              <DisplayRule Id="Mscrm.BulkEditPrivilege" />
              <DisplayRule Id="Mscrm.WriteSelectedEntityPermission" />
              <DisplayRule Id="Mscrm.HybridDialogBulkEditEnabled" />
            </DisplayRules>
            <Actions>
              <JavaScriptFunction FunctionName="FieldService.OpenMainFormDialog.Library.OpenExistingRecordForm" Library="$webresource:msdyn_/MainFormDialog/FieldService.OpenMainFormDialog.js">
                <CrmParameter Value="SelectedEntityTypeName" />
                <CrmParameter Value="SelectedControl" />
                <CrmParameter Value="SelectedControlSelectedItemReferences" />
                <CrmParameter Value="PrimaryControl" />
              </JavaScriptFunction>
            </Actions>
          </CommandDefinition>
          <CommandDefinition Id="Mscrm.NewRecordFromGrid">
            <EnableRules>
              <EnableRule Id="Mscrm.IsValidForHierarchyView" />
              <EnableRule Id="Mscrm.IsValidForHierarchyPageInUC" />
              <EnableRule Id="Mscrm.IsEntityAvailableForUserInMocaOffline" />
              <EnableRule Id="Mscrm.PrimaryIsNotActivityHomePageGrid" />
            </EnableRules>
            <DisplayRules>
              <DisplayRule Id="Mscrm.CreateSelectedEntityPermission" />
              <DisplayRule Id="Mscrm.ShowForNonRelationshipBoundGrids" />
              <DisplayRule Id="Mscrm.HideNewForChildEntities" />
              <DisplayRule Id="Mscrm.HideAddressEntities" />
              <DisplayRule Id="Mscrm.SelectedEntityIsNotBPFEntity" />
              <DisplayRule Id="Mscrm.IsNotActivityPointer" />
            </DisplayRules>
            <Actions>
              <JavaScriptFunction FunctionName="XrmCore.Commands.Open.openNewRecord" Library="$webresource:Main_system_library.js">
                <CrmParameter Value="SelectedEntityTypeName" />
                <CrmParameter Value="SelectedControl" />
              </JavaScriptFunction>
            </Actions>
          </CommandDefinition>
        </CommandDefinitions>
        <RuleDefinitions>
          <TabDisplayRules />
          <DisplayRules>
            <DisplayRule Id="Mscrm.CreateSelectedEntityPermission">
              <EntityPrivilegeRule PrivilegeType="Create" PrivilegeDepth="Basic" AppliesTo="SelectedEntity" />
            </DisplayRule>
            <DisplayRule Id="Mscrm.HideAddressEntities">
              <EntityRule EntityName="customeraddress" AppliesTo="SelectedEntity" Default="false" InvertResult="true" />
            </DisplayRule>
            <DisplayRule Id="Mscrm.HideNewForChildEntities">
              <EntityPropertyRule AppliesTo="SelectedEntity" PropertyName="IsChildEntity" PropertyValue="false" />
            </DisplayRule>
            <DisplayRule Id="Mscrm.IsNotActivityPointer">
              <EntityRule EntityName="activitypointer" AppliesTo="SelectedEntity" InvertResult="true" />
            </DisplayRule>
            <DisplayRule Id="Mscrm.SelectedEntityIsNotBPFEntity">
              <EntityPropertyRule AppliesTo="SelectedEntity" PropertyName="IsBPFEntity" PropertyValue="false" />
            </DisplayRule>
            <DisplayRule Id="Mscrm.ShowForNonRelationshipBoundGrids">
              <RelationshipTypeRule AppliesTo="SelectedEntity" RelationshipType="NoRelationship" />
            </DisplayRule>
          </DisplayRules>
          <EnableRules>
            <EnableRule Id="Mscrm.IsEntityAvailableForUserInMocaOffline">
              <CustomRule FunctionName="XrmCore.Rules.Online.IsEntityAvailableForUserInMocaOffline" Library="$webresource:Main_system_library.js">
                <CrmParameter Value="SelectedEntityTypeName" />
              </CustomRule>
            </EnableRule>
            <EnableRule Id="Mscrm.IsValidForHierarchyPageInUC">
              <CustomRule FunctionName="XrmCore.Rules.HierarchyView.isValidForHierarchyPageInUC" Library="$webresource:Main_system_library.js" />
            </EnableRule>
            <EnableRule Id="Mscrm.PrimaryIsNotActivityHomePageGrid">
              <CustomRule FunctionName="XrmCore.Rules.Enabled.PrimaryIsNotActivityHomePageGrid" Library="$webresource:Main_system_library.js">
                <CrmParameter Value="SelectedEntityTypeName" />
                <CrmParameter Value="SelectedControl" />
              </CustomRule>
            </EnableRule>
            <EnableRule Id="tc.bookableresourcebooking.EnableRule0.HideButtonIfFormIsReadOnly">
              <CustomRule FunctionName="HideButtonIfFormIsReadOnly" Library="$webresource:ovs_ROMCommonFunctions">
                <CrmParameter Value="PrimaryControl" />
              </CustomRule>
            </EnableRule>
          </EnableRules>
        </RuleDefinitions>
        <LocLabels>
          <LocLabel Id="Mscrm.Form.bookableresourcebooking.NewRecordForBPFEntity.LabelText">
            <Titles>
              <Title description="New" languagecode="1033" />
              <Title description="New" languagecode="1036" />
            </Titles>
          </LocLabel>
          <LocLabel Id="Mscrm.Form.bookableresourcebooking.RemoteAssistContactSearch.LabelText">
            <Titles>
              <Title description="Remote Assist" languagecode="1033" />
              <Title description="Remote Assist" languagecode="1025" />
              <Title description="Remote Assist" languagecode="1026" />
              <Title description="Remote Assist" languagecode="1027" />
              <Title description="Remote Assist" languagecode="1029" />
              <Title description="Remote Assist" languagecode="1030" />
              <Title description="Remote Assist" languagecode="1031" />
              <Title description="Remote Assist" languagecode="1032" />
              <Title description="Remote Assist" languagecode="3082" />
              <Title description="Remote Assist" languagecode="1061" />
              <Title description="Remote Assist" languagecode="1069" />
              <Title description="Remote Assist" languagecode="1035" />
              <Title description="Assistance à distance" languagecode="1036" />
              <Title description="Remote Assist" languagecode="1110" />
              <Title description="Remote Assist" languagecode="1037" />
              <Title description="Remote Assist" languagecode="1081" />
              <Title description="Remote Assist" languagecode="1050" />
              <Title description="Remote Assist" languagecode="1038" />
              <Title description="Remote Assist" languagecode="1057" />
              <Title description="Remote Assist" languagecode="1040" />
              <Title description="Remote Assist" languagecode="1041" />
              <Title description="Remote Assist" languagecode="1087" />
              <Title description="Remote Assist" languagecode="1042" />
              <Title description="Remote Assist" languagecode="1063" />
              <Title description="Remote Assist" languagecode="1062" />
              <Title description="Remote Assist" languagecode="1086" />
              <Title description="Remote Assist" languagecode="1044" />
              <Title description="Remote Assist" languagecode="1043" />
              <Title description="Remote Assist" languagecode="1045" />
              <Title description="Remote Assist" languagecode="1046" />
              <Title description="Remote Assist" languagecode="2070" />
              <Title description="Remote Assist" languagecode="1048" />
              <Title description="Remote Assist" languagecode="1049" />
              <Title description="Remote Assist" languagecode="1051" />
              <Title description="Remote Assist" languagecode="1060" />
              <Title description="Remote Assist" languagecode="3098" />
              <Title description="Remote Assist" languagecode="2074" />
              <Title description="Remote Assist" languagecode="1053" />
              <Title description="Remote Assist" languagecode="1054" />
              <Title description="Remote Assist" languagecode="1055" />
              <Title description="Remote Assist" languagecode="1058" />
              <Title description="Remote Assist" languagecode="1066" />
              <Title description="Remote Assist" languagecode="2052" />
              <Title description="Remote Assist" languagecode="3076" />
              <Title description="Remote Assist" languagecode="1028" />
            </Titles>
          </LocLabel>
          <LocLabel Id="Mscrm.HomepageGrid.bookableresourcebooking.NewRecord.LabelText">
            <Titles>
              <Title description="New" languagecode="1033" />
              <Title description="New" languagecode="1036" />
            </Titles>
          </LocLabel>
          <LocLabel Id="Mscrm.HomepageGrid.bookableresourcebooking.NewRecordForBPFEntity.LabelText">
            <Titles>
              <Title description="New" languagecode="1033" />
              <Title description="New" languagecode="1036" />
            </Titles>
          </LocLabel>
          <LocLabel Id="Mscrm.HomePageGrid.bookableresourcebooking.RemoteAssist.LabelText">
            <Titles>
              <Title description="Remote Assist" languagecode="1033" />
              <Title description="Remote Assist" languagecode="1025" />
              <Title description="Remote Assist" languagecode="1026" />
              <Title description="Remote Assist" languagecode="1027" />
              <Title description="Remote Assist" languagecode="1029" />
              <Title description="Remote Assist" languagecode="1030" />
              <Title description="Remote Assist" languagecode="1031" />
              <Title description="Remote Assist" languagecode="1032" />
              <Title description="Remote Assist" languagecode="3082" />
              <Title description="Remote Assist" languagecode="1061" />
              <Title description="Remote Assist" languagecode="1069" />
              <Title description="Remote Assist" languagecode="1035" />
              <Title description="Assistance à distance" languagecode="1036" />
              <Title description="Remote Assist" languagecode="1110" />
              <Title description="Remote Assist" languagecode="1037" />
              <Title description="Remote Assist" languagecode="1081" />
              <Title description="Remote Assist" languagecode="1050" />
              <Title description="Remote Assist" languagecode="1038" />
              <Title description="Remote Assist" languagecode="1057" />
              <Title description="Remote Assist" languagecode="1040" />
              <Title description="Remote Assist" languagecode="1041" />
              <Title description="Remote Assist" languagecode="1087" />
              <Title description="Remote Assist" languagecode="1042" />
              <Title description="Remote Assist" languagecode="1063" />
              <Title description="Remote Assist" languagecode="1062" />
              <Title description="Remote Assist" languagecode="1086" />
              <Title description="Remote Assist" languagecode="1044" />
              <Title description="Remote Assist" languagecode="1043" />
              <Title description="Remote Assist" languagecode="1045" />
              <Title description="Remote Assist" languagecode="1046" />
              <Title description="Remote Assist" languagecode="2070" />
              <Title description="Remote Assist" languagecode="1048" />
              <Title description="Remote Assist" languagecode="1049" />
              <Title description="Remote Assist" languagecode="1051" />
              <Title description="Remote Assist" languagecode="1060" />
              <Title description="Remote Assist" languagecode="3098" />
              <Title description="Remote Assist" languagecode="2074" />
              <Title description="Remote Assist" languagecode="1053" />
              <Title description="Remote Assist" languagecode="1054" />
              <Title description="Remote Assist" languagecode="1055" />
              <Title description="Remote Assist" languagecode="1058" />
              <Title description="Remote Assist" languagecode="1066" />
              <Title description="Remote Assist" languagecode="2052" />
              <Title description="Remote Assist" languagecode="3076" />
              <Title description="Remote Assist" languagecode="1028" />
            </Titles>
          </LocLabel>
          <LocLabel Id="Mscrm.SubGrid.bookableresourcebooking.AddNewStandard.Alt">
            <Titles>
              <Title description="Add New {0}" languagecode="1033" />
              <Title description="Ajouter Nouvelle {0}" languagecode="1036" />
            </Titles>
          </LocLabel>
          <LocLabel Id="Mscrm.SubGrid.bookableresourcebooking.AddNewStandard.LabelText">
            <Titles>
              <Title description="Add New {0}" languagecode="1033" />
              <Title description="Ajouter Nouvelle {0}" languagecode="1036" />
            </Titles>
          </LocLabel>
          <LocLabel Id="Mscrm.SubGrid.bookableresourcebooking.AddNewStandard.ToolTipTitle">
            <Titles>
              <Title description="Add New {0}" languagecode="1033" />
              <Title description="Ajouter Nouvelle {0}" languagecode="1036" />
            </Titles>
          </LocLabel>
        </LocLabels>
      </RibbonDiffXml>
    </Entity>
    <Entity>
      <Name LocalizedName="Work Order" OriginalName="Work Order">msdyn_workorder</Name>
      <EntityInfo>
        <entity Name="msdyn_workorder">
          <LocalizedNames>
            <LocalizedName description="Work Order" languagecode="1033" />
          </LocalizedNames>
          <LocalizedCollectionNames>
            <LocalizedCollectionName description="Work Orders" languagecode="1033" />
          </LocalizedCollectionNames>
          <Descriptions>
            <Description description="Work orders store all information about the job performed for an account. Stores incident details, resource, expenses, tasks, communications, billing and more" languagecode="1033" />
          </Descriptions>
          <attributes>
            <attribute PhysicalName="ovs_FiscalQuarter">
              <Type>lookup</Type>
              <Name>ovs_fiscalquarter</Name>
              <LogicalName>ovs_fiscalquarter</LogicalName>
              <RequiredLevel>none</RequiredLevel>
              <DisplayMask>ValidForAdvancedFind|ValidForForm|ValidForGrid</DisplayMask>
              <ImeMode>auto</ImeMode>
              <ValidForUpdateApi>1</ValidForUpdateApi>
              <ValidForReadApi>1</ValidForReadApi>
              <ValidForCreateApi>1</ValidForCreateApi>
              <IsCustomField>1</IsCustomField>
              <IsAuditEnabled>0</IsAuditEnabled>
              <IsSecured>0</IsSecured>
              <IntroducedVersion>1.0.0.1</IntroducedVersion>
              <IsCustomizable>1</IsCustomizable>
              <IsRenameable>1</IsRenameable>
              <CanModifySearchSettings>1</CanModifySearchSettings>
              <CanModifyRequirementLevelSettings>1</CanModifyRequirementLevelSettings>
              <CanModifyAdditionalSettings>1</CanModifyAdditionalSettings>
              <SourceType>0</SourceType>
              <IsGlobalFilterEnabled>0</IsGlobalFilterEnabled>
              <IsSortableEnabled>0</IsSortableEnabled>
              <CanModifyGlobalFilterSettings>1</CanModifyGlobalFilterSettings>
              <CanModifyIsSortableSettings>1</CanModifyIsSortableSettings>
              <IsDataSourceSecret>0</IsDataSourceSecret>
              <AutoNumberFormat></AutoNumberFormat>
              <IsSearchable>0</IsSearchable>
              <IsFilterable>0</IsFilterable>
              <IsRetrievable>0</IsRetrievable>
              <IsLocalizable>0</IsLocalizable>
              <LookupStyle>single</LookupStyle>
              <LookupTypes />
              <displaynames>
                <displayname description="Planned Fiscal Quarter" languagecode="1033" />
              </displaynames>
              <Descriptions>
                <Description description="" languagecode="1033" />
              </Descriptions>
            </attribute>
            <attribute PhysicalName="ovs_FiscalYear">
              <Type>lookup</Type>
              <Name>ovs_fiscalyear</Name>
              <LogicalName>ovs_fiscalyear</LogicalName>
              <RequiredLevel>none</RequiredLevel>
              <DisplayMask>ValidForAdvancedFind|ValidForForm|ValidForGrid</DisplayMask>
              <ImeMode>auto</ImeMode>
              <ValidForUpdateApi>1</ValidForUpdateApi>
              <ValidForReadApi>1</ValidForReadApi>
              <ValidForCreateApi>1</ValidForCreateApi>
              <IsCustomField>1</IsCustomField>
              <IsAuditEnabled>0</IsAuditEnabled>
              <IsSecured>0</IsSecured>
              <IntroducedVersion>1.0.0.2</IntroducedVersion>
              <IsCustomizable>1</IsCustomizable>
              <IsRenameable>1</IsRenameable>
              <CanModifySearchSettings>1</CanModifySearchSettings>
              <CanModifyRequirementLevelSettings>1</CanModifyRequirementLevelSettings>
              <CanModifyAdditionalSettings>1</CanModifyAdditionalSettings>
              <SourceType>0</SourceType>
              <IsGlobalFilterEnabled>0</IsGlobalFilterEnabled>
              <IsSortableEnabled>0</IsSortableEnabled>
              <CanModifyGlobalFilterSettings>1</CanModifyGlobalFilterSettings>
              <CanModifyIsSortableSettings>1</CanModifyIsSortableSettings>
              <IsDataSourceSecret>0</IsDataSourceSecret>
              <AutoNumberFormat></AutoNumberFormat>
              <IsSearchable>0</IsSearchable>
              <IsFilterable>0</IsFilterable>
              <IsRetrievable>0</IsRetrievable>
              <IsLocalizable>0</IsLocalizable>
              <LookupStyle>single</LookupStyle>
              <LookupTypes />
              <displaynames>
                <displayname description="Planned Fiscal Year" languagecode="1033" />
              </displaynames>
              <Descriptions>
                <Description description="" languagecode="1033" />
              </Descriptions>
            </attribute>
            <attribute PhysicalName="ovs_RevisedQuarterId">
              <Type>lookup</Type>
              <Name>ovs_revisedquarterid</Name>
              <LogicalName>ovs_revisedquarterid</LogicalName>
              <RequiredLevel>none</RequiredLevel>
              <DisplayMask>ValidForAdvancedFind|ValidForForm|ValidForGrid</DisplayMask>
              <ImeMode>auto</ImeMode>
              <ValidForUpdateApi>1</ValidForUpdateApi>
              <ValidForReadApi>1</ValidForReadApi>
              <ValidForCreateApi>1</ValidForCreateApi>
              <IsCustomField>1</IsCustomField>
              <IsAuditEnabled>0</IsAuditEnabled>
              <IsSecured>0</IsSecured>
              <IntroducedVersion>1.0.0.11</IntroducedVersion>
              <IsCustomizable>1</IsCustomizable>
              <IsRenameable>1</IsRenameable>
              <CanModifySearchSettings>1</CanModifySearchSettings>
              <CanModifyRequirementLevelSettings>1</CanModifyRequirementLevelSettings>
              <CanModifyAdditionalSettings>1</CanModifyAdditionalSettings>
              <SourceType>0</SourceType>
              <IsGlobalFilterEnabled>0</IsGlobalFilterEnabled>
              <IsSortableEnabled>0</IsSortableEnabled>
              <CanModifyGlobalFilterSettings>1</CanModifyGlobalFilterSettings>
              <CanModifyIsSortableSettings>1</CanModifyIsSortableSettings>
              <IsDataSourceSecret>0</IsDataSourceSecret>
              <AutoNumberFormat></AutoNumberFormat>
              <IsSearchable>0</IsSearchable>
              <IsFilterable>0</IsFilterable>
              <IsRetrievable>0</IsRetrievable>
              <IsLocalizable>0</IsLocalizable>
              <LookupStyle>single</LookupStyle>
              <LookupTypes />
              <displaynames>
                <displayname description="Revised Quarter" languagecode="1033" />
              </displaynames>
              <Descriptions>
                <Description description="Unique identifier for TCFiscalQuarter associated with Work Order." languagecode="1033" />
              </Descriptions>
            </attribute>
          </attributes>
          <EntitySetName>msdyn_workorders</EntitySetName>
          <IsDuplicateCheckSupported>1</IsDuplicateCheckSupported>
          <IsBusinessProcessEnabled>1</IsBusinessProcessEnabled>
          <IsRequiredOffline>0</IsRequiredOffline>
          <IsInteractionCentricEnabled>0</IsInteractionCentricEnabled>
          <IsCollaboration>1</IsCollaboration>
          <AutoRouteToOwnerQueue>0</AutoRouteToOwnerQueue>
          <IsConnectionsEnabled>1</IsConnectionsEnabled>
          <EntityColor>#660033</EntityColor>
          <IsDocumentManagementEnabled>1</IsDocumentManagementEnabled>
          <AutoCreateAccessTeams>0</AutoCreateAccessTeams>
          <IsOneNoteIntegrationEnabled>0</IsOneNoteIntegrationEnabled>
          <IsKnowledgeManagementEnabled>0</IsKnowledgeManagementEnabled>
          <IsSLAEnabled>1</IsSLAEnabled>
          <IsDocumentRecommendationsEnabled>0</IsDocumentRecommendationsEnabled>
          <IsBPFEntity>0</IsBPFEntity>
          <OwnershipTypeMask>UserOwned</OwnershipTypeMask>
          <EntityMask>ActivityPointer</EntityMask>
          <IsAuditEnabled>1</IsAuditEnabled>
          <IsRetrieveAuditEnabled>0</IsRetrieveAuditEnabled>
          <IsRetrieveMultipleAuditEnabled>0</IsRetrieveMultipleAuditEnabled>
          <IsActivity>0</IsActivity>
          <ActivityTypeMask>CommunicationActivity</ActivityTypeMask>
          <IsActivityParty>0</IsActivityParty>
          <IsReplicated>0</IsReplicated>
          <IsReplicationUserFiltered>0</IsReplicationUserFiltered>
          <IsMailMergeEnabled>1</IsMailMergeEnabled>
          <IsVisibleInMobile>0</IsVisibleInMobile>
          <IsVisibleInMobileClient>1</IsVisibleInMobileClient>
          <IsReadOnlyInMobileClient>0</IsReadOnlyInMobileClient>
          <IsOfflineInMobileClient>1</IsOfflineInMobileClient>
          <DaysSinceRecordLastModified>0</DaysSinceRecordLastModified>
          <MobileOfflineFilters>&lt;fetch version="1.0" output-format="xml-platform" mapping="logical" distinct="false"&gt;&lt;entity name="msdyn_workorder"&gt;&lt;all-attributes/&gt;&lt;filter type="and"&gt;&lt;condition attribute="statecode" operator="eq" value="0"/&gt;&lt;/filter&gt;&lt;/entity&gt;&lt;/fetch&gt;</MobileOfflineFilters>
          <IsMapiGridEnabled>1</IsMapiGridEnabled>
          <IsReadingPaneEnabled>0</IsReadingPaneEnabled>
          <IsQuickCreateEnabled>1</IsQuickCreateEnabled>
          <SyncToExternalSearchIndex>0</SyncToExternalSearchIndex>
          <IntroducedVersion>3.1.0.3</IntroducedVersion>
          <IconMediumName>msdyn_/Icons/Entity/WorkOrder_32/_imgs/NavBar/Invisible.gif</IconMediumName>
          <IconSmallName>msdyn_/Icons/Entity/WorkOrder_16.png</IconSmallName>
          <IconVectorName>msdyn_/Icons/SVG/WorkOrders.svg</IconVectorName>
          <EnforceStateTransitions>0</EnforceStateTransitions>
          <EntityHelpUrlEnabled>1</EntityHelpUrlEnabled>
          <EntityHelpUrl>http://go.microsoft.com/fwlink/?LinkId=773453</EntityHelpUrl>
          <ChangeTrackingEnabled>1</ChangeTrackingEnabled>
          <IsEnabledForExternalChannels>0</IsEnabledForExternalChannels>
          <IsSolutionAware>0</IsSolutionAware>
          <HasRelatedNotes>True</HasRelatedNotes>
          <HasRelatedActivities>True</HasRelatedActivities>
        </entity>
      </EntityInfo>
      <RibbonDiffXml>
        <CustomActions>
          <HideCustomAction HideActionId="ovs.Mscrm.SubGrid.msdyn_workorder.DocumentTemplate.Hide" Location="Mscrm.SubGrid.msdyn_workorder.DocumentTemplate" />
          <HideCustomAction HideActionId="ovs.Mscrm.SubGrid.msdyn_workorder.Flows.RefreshCommandBar.Hide" Location="Mscrm.SubGrid.msdyn_workorder.Flows.RefreshCommandBar" />
          <HideCustomAction HideActionId="ovs.Mscrm.SubGrid.msdyn_workorder.OpenAssociatedGridViewStandard.Hide" Location="Mscrm.SubGrid.msdyn_workorder.OpenAssociatedGridViewStandard" />
          <HideCustomAction HideActionId="ovs.Mscrm.SubGrid.msdyn_workorder.RunReport.Hide" Location="Mscrm.SubGrid.msdyn_workorder.RunReport" />
          <CustomAction Id="ovs.msdyn_workorder.Button2.Button.Mscrm.SubGrid.msdyn_workorder.RunReport.CustomAction" Location="Mscrm.SubGrid.msdyn_workorder.MainTab.ExportData.Controls._children" Sequence="5">
            <CommandUIDefinition>
              <FlyoutAnchor Alt="$Resources:Ribbon.HomepageGrid.Data.Report.RunReport" Command="Mscrm.ReportMenu.Grid" Id="ovs.msdyn_workorder.Button2.Button.Mscrm.SubGrid.msdyn_workorder.RunReport" Image16by16="/_imgs/ribbon/RunReport_16.png" Image32by32="/_imgs/ribbon/runreport32.png" LabelText="$Resources:Ribbon.HomepageGrid.Data.Report.RunReport" PopulateDynamically="true" PopulateQueryCommand="Mscrm.ReportsMenu.Populate.Grid" PopulateOnlyOnce="true" Sequence="5" TemplateAlias="o1" ToolTipTitle="$Resources:Ribbon.HomepageGrid.Data.Report.RunReport" ToolTipDescription="$Resources:Ribbon.Tooltip.RunReport" ModernImage="Report" />
            </CommandUIDefinition>
          </CustomAction>
          <CustomAction Id="ovs.msdyn_workorder.Button4.Button.Mscrm.SubGrid.msdyn_workorder.Flows.RefreshCommandBar.CustomAction" Location="Mscrm.SubGrid.msdyn_workorder.MainTab.Workflow.Controls._children" Sequence="0">
            <CommandUIDefinition>
              <FlyoutAnchor Alt="$Resources:RefreshCommandBar.Flows" Command="Mscrm.Form.Flows.ManageRunFlow" Id="ovs.msdyn_workorder.Button4.Button.Mscrm.SubGrid.msdyn_workorder.Flows.RefreshCommandBar" Image16by16="/_imgs/Ribbon/OpenFlows_16.png" Image32by32="/_imgs/Ribbon/OpenFlows_32.png" LabelText="$Resources:RefreshCommandBar.Flows" PopulateDynamically="true" PopulateQueryCommand="Mscrm.DynamicMenu.Grid.Flows.PopulateMenu" Sequence="0" TemplateAlias="o1" ToolTipTitle="$Resources:Ribbon.HomepageGrid.Data.Workflow.RunFlow" ToolTipDescription="$Resources(EntityDisplayName):Ribbon.Tooltip.RunFlow" ModernImage="Flows" />
            </CommandUIDefinition>
          </CustomAction>
          <CustomAction Id="ovs.msdyn_workorder.Button6.Button.Mscrm.SubGrid.msdyn_workorder.DocumentTemplate.CustomAction" Location="Mscrm.SubGrid.msdyn_workorder.MainTab.ExportData.Controls._children" Sequence="0">
            <CommandUIDefinition>
              <FlyoutAnchor Alt="$Resources:Ribbon.HomepageGrid.Data.DocumentTemplate.Templates" Command="Mscrm.DocumentTemplate.Templates" Id="ovs.msdyn_workorder.Button6.Button.Mscrm.SubGrid.msdyn_workorder.DocumentTemplate" Image16by16="/_imgs/ribbon/DocumentTemplate_16.png" Image32by32="/_imgs/ribbon/SaveAsExcelTemplate_32.png" LabelText="$Resources:Ribbon.HomepageGrid.Data.DocumentTemplate.Templates" PopulateDynamically="true" PopulateQueryCommand="Mscrm.DocumentTemplate.Populate.Flyout" PopulateOnlyOnce="true" Sequence="0" TemplateAlias="o1" ToolTipTitle="$Resources:Ribbon.HomepageGrid.Data.DocumentTemplate.Templates" ToolTipDescription="$Resources:Ribbon.Tooltip.DocumentTemplate" ModernImage="DocumentTemplates" />
            </CommandUIDefinition>
          </CustomAction>
          <CustomAction Id="ovs.msdyn_workorder.Button8.Button.Mscrm.SubGrid.msdyn_workorder.OpenAssociatedGridViewStandard.CustomAction" Location="Mscrm.SubGrid.msdyn_workorder.MainTab.Management.Controls._children" Sequence="0">
            <CommandUIDefinition>
              <Button Alt="$Resources(EntityDisplayName):Ribbon.SubGrid.OpenAssociatedGridView" Command="Mscrm.OpenAssociatedGridViewOnLiteGridStandard" Id="ovs.msdyn_workorder.Button8.Button.Mscrm.SubGrid.msdyn_workorder.OpenAssociatedGridViewStandard" Image32by32="/_imgs/ribbon/OpenAssociatedGridView32.png" Image16by16="/_imgs/ribbon/OpenAssociatedGridView16.png" LabelText="$Resources(EntityDisplayName):Ribbon.SubGrid.OpenAssociatedGridView" Sequence="0" TemplateAlias="o1" ToolTipTitle="$Resources(EntityDisplayName):Mscrm_SubGrid_EntityLogicalName_MainTab_Management_OpenAssociatedGridViewStandard_ToolTipTitle" ToolTipDescription="$Resources(EntityDisplayName):Mscrm_SubGrid_EntityLogicalName_MainTab_Management_OpenAssociatedGridViewStandard_ToolTipDescription" />
            </CommandUIDefinition>
          </CustomAction>
          <CustomAction Id="ovs.msdyn_workorder.ClearResourceRequirements.CustomAction" Location="Mscrm.HomepageGrid.msdyn_workorder.MainTab.Management.Controls._children" Sequence="35">
            <CommandUIDefinition>
              <Button Alt="$LocLabels:ovs.msdyn_workorder.ClearResourceRequirements.Alt" Command="ovs.msdyn_workorder.CleanResourceRequirements.Command" Id="ovs.msdyn_workorder.ClearResourceRequirements" LabelText="$LocLabels:ovs.msdyn_workorder.ClearResourceRequirements.LabelText" Sequence="35" TemplateAlias="o2" ToolTipTitle="$LocLabels:ovs.msdyn_workorder.ClearResourceRequirements.ToolTipTitle" ToolTipDescription="$LocLabels:ovs.msdyn_workorder.ClearResourceRequirements.ToolTipDescription" />
            </CommandUIDefinition>
          </CustomAction>
          <CustomAction Id="ovs.msdyn_workorder.Form.TDG.InspectionReport.CustomAction" Location="Mscrm.Form.msdyn_workorder.MainTab.Save.Controls._children" Sequence="76">
            <CommandUIDefinition>
              <Button Alt="$LocLabels:ovs.msdyn_workorder.Form.TDG.InspectionReport.Alt" Command="" Id="ovs.msdyn_workorder.Form.TDG.InspectionReport" LabelText="$LocLabels:ovs.msdyn_workorder.Form.TDG.InspectionReport.LabelText" Sequence="76" TemplateAlias="o2" ToolTipTitle="$LocLabels:ovs.msdyn_workorder.Form.TDG.InspectionReport.ToolTipTitle" ToolTipDescription="$LocLabels:ovs.msdyn_workorder.Form.TDG.InspectionReport.ToolTipDescription" />
            </CommandUIDefinition>
          </CustomAction>
        </CustomActions>
        <Templates>
          <RibbonTemplates Id="Mscrm.Templates"></RibbonTemplates>
        </Templates>
        <CommandDefinitions>
          <CommandDefinition Id="Mscrm.AddNewRecordFromSubGridStandard">
            <EnableRules>
              <EnableRule Id="Mscrm.AppendToPrimary" />
              <EnableRule Id="Mscrm.EntityFormIsEnabled" />
              <EnableRule Id="Mscrm.IsEntityAvailableForUserInMocaOffline" />
            </EnableRules>
            <DisplayRules>
              <DisplayRule Id="Mscrm.ShowForOneToManyGrids" />
              <DisplayRule Id="Mscrm.AppendToPrimary" />
              <DisplayRule Id="Mscrm.CreateSelectedEntityPermission" />
              <DisplayRule Id="Mscrm.AppendSelected" />
              <DisplayRule Id="Mscrm.HideAddNewForChildEntities" />
              <DisplayRule Id="ovs.msdyn_workorder.DisplayRule.HideOnAccountEntity" />
            </DisplayRules>
            <Actions>
              <JavaScriptFunction FunctionName="XrmCore.Commands.Open.addNewFromSubGridStandard" Library="$webresource:Main_system_library.js">
                <CrmParameter Value="SelectedEntityTypeName" />
                <CrmParameter Value="PrimaryEntityTypeName" />
                <CrmParameter Value="FirstPrimaryItemId" />
                <CrmParameter Value="PrimaryControl" />
                <CrmParameter Value="SelectedControl" />
              </JavaScriptFunction>
            </Actions>
          </CommandDefinition>
          <CommandDefinition Id="Mscrm.AssignPrimaryRecord">
            <EnableRules>
              <EnableRule Id="Mscrm.FormStateNotNew" />
              <EnableRule Id="Mscrm.AssignPrimaryPermission" />
              <EnableRule Id="Mscrm.NotOffline" />
            </EnableRules>
            <DisplayRules>
              <DisplayRule Id="Mscrm.AssignPrimaryPermission" />
              <DisplayRule Id="Mscrm.NotClosedActivity" />
            </DisplayRules>
            <Actions>
              <JavaScriptFunction FunctionName="XrmCore.Commands.Assign.assignObject" Library="$webresource:Main_system_library.js">
                <CrmParameter Value="PrimaryEntityTypeName" />
              </JavaScriptFunction>
            </Actions>
          </CommandDefinition>
          <CommandDefinition Id="Mscrm.DocumentTemplate.Templates">
            <EnableRules>
              <EnableRule Id="Mscrm.VisualizationPaneNotMaximized" />
              <EnableRule Id="Mscrm.ExportToExcel.ValidForXlsxExport" />
            </EnableRules>
            <DisplayRules>
              <DisplayRule Id="ovs.msdyn_workorder.DisplayRule19.HideDocumentTemplateWhenPrimaryEntityIsAccount" />
            </DisplayRules>
            <Actions />
          </CommandDefinition>
          <CommandDefinition Id="Mscrm.ExportToExcel">
            <EnableRules>
              <EnableRule Id="Mscrm.ExportToExcel" />
              <EnableRule Id="Mscrm.VisualizationPaneNotMaximized" />
              <EnableRule Id="Mscrm.SelectionCountNoneOrOutlook" />
            </EnableRules>
            <DisplayRules>
              <DisplayRule Id="ovs.msdyn_workorder.DisplayRule20.HideExportButtonWhenPrimaryEntityIsAccount" />
            </DisplayRules>
            <Actions>
              <JavaScriptFunction FunctionName="XrmCore.Commands.Export.exportToExcel" Library="$webresource:Main_system_library.js">
                <CrmParameter Value="SelectedControl" />
                <CrmParameter Value="SelectedEntityTypeName" />
                <IntParameter Value="5" />
              </JavaScriptFunction>
            </Actions>
          </CommandDefinition>
          <CommandDefinition Id="Mscrm.Form.Activate">
            <EnableRules>
              <EnableRule Id="Mscrm.CanWritePrimary" />
            </EnableRules>
            <DisplayRules>
              <DisplayRule Id="Mscrm.CanWritePrimary" />
              <DisplayRule Id="Mscrm.PrimaryIsInactive" />
              <DisplayRule Id="Mscrm.PrimaryEntityHasStatecode" />
              <DisplayRule Id="Mscrm.PrimaryIsNotActivity" />
            </DisplayRules>
            <Actions>
              <JavaScriptFunction FunctionName="XrmCore.Commands.Activate.activatePrimaryRecord" Library="$webresource:Main_system_library.js">
                <CrmParameter Value="FirstPrimaryItemId" />
                <CrmParameter Value="PrimaryEntityTypeName" />
              </JavaScriptFunction>
            </Actions>
          </CommandDefinition>
          <CommandDefinition Id="Mscrm.Form.Deactivate">
            <EnableRules>
              <EnableRule Id="Mscrm.CanWritePrimary" />
              <EnableRule Id="ovs.msdyn_workorder.EnableRule19.DisplayOnlyForManagerOrPlanner" />
            </EnableRules>
            <DisplayRules>
              <DisplayRule Id="Mscrm.CanWritePrimary" />
              <DisplayRule Id="Mscrm.PrimaryIsActive" />
              <DisplayRule Id="Mscrm.PrimaryEntityHasStatecode" />
              <DisplayRule Id="Mscrm.PrimaryIsNotActivity" />
            </DisplayRules>
            <Actions>
              <JavaScriptFunction FunctionName="XrmCore.Commands.Deactivate.deactivatePrimaryRecord" Library="$webresource:Main_system_library.js">
                <CrmParameter Value="FirstPrimaryItemId" />
                <CrmParameter Value="PrimaryEntityTypeName" />
              </JavaScriptFunction>
            </Actions>
          </CommandDefinition>
          <CommandDefinition Id="Mscrm.Form.Flows.ManageRunFlow">
            <EnableRules>
              <EnableRule Id="Mscrm.IsMicrosoftFlowIntegrationEnabled" />
              <EnableRule Id="Mscrm.DisplayFlowSingleMenu" />
              <EnableRule Id="Mscrm.AnySelection" />
              <EnableRule Id="fs5x5.msdyn_workorder.EnableRule.HideOnCreateForm" />
            </EnableRules>
            <DisplayRules>
              <DisplayRule Id="ovs.msdyn_workorder.DisplayRule18.HideFlowButtonWhenPrimaryEntityIsAccount" />
            </DisplayRules>
            <Actions />
          </CommandDefinition>
          <CommandDefinition Id="Mscrm.HomepageGrid.Activate">
            <EnableRules>
              <EnableRule Id="Mscrm.VisualizationPaneNotMaximized" />
              <EnableRule Id="Mscrm.SelectionCountAtLeastOne" />
            </EnableRules>
            <DisplayRules>
              <DisplayRule Id="Mscrm.CanWriteSelected" />
              <DisplayRule Id="Mscrm.SelectedEntityHasStatecode" />
            </DisplayRules>
            <Actions>
              <JavaScriptFunction FunctionName="XrmCore.Commands.Activate.activateRecords" Library="$webresource:Main_system_library.js">
                <CrmParameter Value="SelectedControl" />
                <CrmParameter Value="SelectedControlSelectedItemReferences" />
                <CrmParameter Value="SelectedEntityTypeName" />
              </JavaScriptFunction>
            </Actions>
          </CommandDefinition>
          <CommandDefinition Id="Mscrm.HomepageGrid.Deactivate">
            <EnableRules>
              <EnableRule Id="Mscrm.VisualizationPaneNotMaximized" />
              <EnableRule Id="Mscrm.SelectionCountAtLeastOne" />
              <EnableRule Id="ovs.msdyn_workorder.EnableRule19.DisplayOnlyForManagerOrPlanner" />
            </EnableRules>
            <DisplayRules>
              <DisplayRule Id="Mscrm.CanWriteSelected" />
              <DisplayRule Id="Mscrm.SelectedEntityHasStatecode" />
            </DisplayRules>
            <Actions>
              <JavaScriptFunction FunctionName="XrmCore.Commands.Deactivate.deactivateRecords" Library="$webresource:Main_system_library.js">
                <CrmParameter Value="SelectedControl" />
                <CrmParameter Value="SelectedControlSelectedItemReferences" />
                <CrmParameter Value="SelectedEntityTypeName" />
              </JavaScriptFunction>
            </Actions>
          </CommandDefinition>
          <CommandDefinition Id="Mscrm.OpenAssociatedGridViewOnLiteGridStandard">
            <EnableRules />
            <DisplayRules>
              <DisplayRule Id="ovs.msdyn_workorder.DisplayRule21.HideAssocitedGridButtonWhenPrimaryEntityIsAccount" />
            </DisplayRules>
            <Actions>
              <JavaScriptFunction FunctionName="Mscrm.GridCommandActions.openAssociatedGridViewOnLiteGridStandard" Library="/_static/_common/scripts/CommandBarActions.js">
                <CrmParameter Value="SelectedControl" />
              </JavaScriptFunction>
            </Actions>
          </CommandDefinition>
          <CommandDefinition Id="Mscrm.ReportMenu.Grid">
            <EnableRules>
              <EnableRule Id="Mscrm.VisualizationPaneNotMaximized" />
              <EnableRule Id="Mscrm.IsValidForHierarchyView" />
              <EnableRule Id="Mscrm.ShowOnNonModernAndModernIfAllowed" />
              <EnableRule Id="Mscrm.AnySelection" />
            </EnableRules>
            <DisplayRules>
              <DisplayRule Id="ovs.msdyn_workorder.DisplayRule17.HideRunReportWhenPrimaryEntityIsAccount" />
            </DisplayRules>
            <Actions />
          </CommandDefinition>
          <CommandDefinition Id="ovs.msdyn_workorder.CleanResourceRequirements.Command">
            <EnableRules>
              <EnableRule Id="ovs.msdyn_workorder.CleanResourceRequirements.EnableRule" />
            </EnableRules>
            <DisplayRules>
              <DisplayRule Id="ovs.msdyn_workorder.CleanResourceRequirements.DisplayRule" />
            </DisplayRules>
            <Actions>
              <JavaScriptFunction FunctionName="ResReqClean.CleanResReq" Library="$webresource:ovs_TDG_Clean_ResourceRequirements_Ribbon.js" />
            </Actions>
          </CommandDefinition>
          <CommandDefinition Id="ovs.msdyn_workorder.Command.Form.TDG.InspectionReport">
            <EnableRules>
              <EnableRule Id="ovs.msdyn_workorder.EnableRule.isTDG.App.InspectorManagerPlanner" />
              <EnableRule Id="Mscrm.EntityFormIsEnabled" />
              <EnableRule Id="Mscrm.FormStateNotNew" />
            </EnableRules>
            <DisplayRules />
            <Actions>
              <JavaScriptFunction FunctionName="WORibbon.startInspectionReport" Library="$webresource:qm_WorkOrder_Ribbons.js">
                <CrmParameter Value="PrimaryControl" />
              </JavaScriptFunction>
            </Actions>
          </CommandDefinition>
        </CommandDefinitions>
        <RuleDefinitions>
          <TabDisplayRules />
          <DisplayRules>
            <DisplayRule Id="ovs.msdyn_workorder.CleanResourceRequirements.DisplayRule">
              <EntityPrivilegeRule PrivilegeType="Delete" PrivilegeDepth="None" EntityName="lead" />
            </DisplayRule>
            <DisplayRule Id="ovs.msdyn_workorder.DisplayRule.HideOnAccountEntity">
              <EntityRule EntityName="account" AppliesTo="PrimaryEntity" Context="SubGridStandard" Default="false" InvertResult="true" />
            </DisplayRule>
            <DisplayRule Id="ovs.msdyn_workorder.DisplayRule.TDG.ExistingForm">
              <FormStateRule State="Existing" />
            </DisplayRule>
            <DisplayRule Id="ovs.msdyn_workorder.DisplayRule.TDG.MainForm">
              <FormTypeRule Type="Main" />
            </DisplayRule>
            <DisplayRule Id="ovs.msdyn_workorder.DisplayRule17.HideRunReportWhenPrimaryEntityIsAccount">
              <EntityRule EntityName="account" AppliesTo="PrimaryEntity" Context="SubGridStandard" Default="false" InvertResult="true" />
            </DisplayRule>
            <DisplayRule Id="ovs.msdyn_workorder.DisplayRule18.HideFlowButtonWhenPrimaryEntityIsAccount">
              <EntityRule EntityName="account" AppliesTo="PrimaryEntity" Context="SubGridStandard" Default="false" InvertResult="true" />
            </DisplayRule>
            <DisplayRule Id="ovs.msdyn_workorder.DisplayRule19.HideDocumentTemplateWhenPrimaryEntityIsAccount">
              <EntityRule EntityName="account" AppliesTo="PrimaryEntity" Context="SubGridStandard" Default="false" InvertResult="true" />
            </DisplayRule>
            <DisplayRule Id="ovs.msdyn_workorder.DisplayRule20.HideExportButtonWhenPrimaryEntityIsAccount">
              <EntityRule EntityName="account" AppliesTo="PrimaryEntity" Context="SubGridStandard" Default="false" InvertResult="true" />
            </DisplayRule>
            <DisplayRule Id="ovs.msdyn_workorder.DisplayRule21.HideAssocitedGridButtonWhenPrimaryEntityIsAccount">
              <EntityRule EntityName="account" AppliesTo="PrimaryEntity" Context="SubGridStandard" Default="false" InvertResult="true" />
            </DisplayRule>
          </DisplayRules>
          <EnableRules>
            <EnableRule Id="fs5x5.msdyn_workorder.EnableRule.HideOnCreateForm">
              <CustomRule FunctionName="FieldService5x5.WorkOrder.HideOnWorkOrderCreate" Library="$webresource:msdyn_/WorkOrder/FieldService5X5.WorkOrder.js" Default="false" InvertResult="true">
                <CrmParameter Value="PrimaryControl" />
              </CustomRule>
            </EnableRule>
            <EnableRule Id="Mscrm.AnySelection">
              <SelectionCountRule AppliesTo="SelectedEntity" />
            </EnableRule>
            <EnableRule Id="Mscrm.DisplayFlowSingleMenu">
              <CustomRule FunctionName="XrmCore.Commands.Flows.displayFlowSingleMenu" Library="$webresource:Main_system_library.js" />
            </EnableRule>
            <EnableRule Id="Mscrm.EntityFormIsEnabled">
              <FormStateRule State="Disabled" InvertResult="true" />
            </EnableRule>
            <EnableRule Id="Mscrm.ExportToExcel">
              <CustomRule FunctionName="XrmCore.Rules.Export.EnableExportToExcel" Library="$webresource:Main_system_library.js" />
            </EnableRule>
            <EnableRule Id="Mscrm.ExportToExcel.ValidForXlsxExport">
              <CustomRule FunctionName="XrmCore.Rules.Export.EnabledForXlsxExport" Library="$webresource:Main_system_library.js">
                <CrmParameter Value="SelectedControl" />
              </CustomRule>
            </EnableRule>
            <EnableRule Id="Mscrm.FormStateNotNew">
              <FormStateRule State="Create" InvertResult="true" />
            </EnableRule>
            <EnableRule Id="Mscrm.IsMicrosoftFlowIntegrationEnabled">
              <CustomRule FunctionName="XrmCore.Commands.Flows.isMicrosoftFlowEnabled" Library="$webresource:Main_system_library.js" />
            </EnableRule>
            <EnableRule Id="Mscrm.IsValidForHierarchyView">
              <CustomRule FunctionName="XrmCore.Rules.HierarchyView.isValidForHierarchyView" Library="$webresource:Main_system_library.js" />
            </EnableRule>
            <EnableRule Id="Mscrm.SelectionCountNoneOrOutlook">
              <OrRule>
                <Or>
                  <SelectionCountRule AppliesTo="SelectedEntity" Minimum="1" InvertResult="true" />
                </Or>
                <Or>
                  <CrmClientTypeRule Type="Outlook" />
                </Or>
              </OrRule>
            </EnableRule>
            <EnableRule Id="Mscrm.ShowOnNonModernAndModernIfAllowed">
              <OrRule>
                <Or>
                  <CommandClientTypeRule Type="Modern" InvertResult="true" />
                </Or>
                <Or>
                  <CustomRule FunctionName="XrmCore.InternalUtilities.DialogUtilities.isAllowLegacyDialogsEmbedding" Library="$webresource:Main_system_library.js" />
                </Or>
              </OrRule>
            </EnableRule>
            <EnableRule Id="ovs.msdyn_workorder.CleanResourceRequirements.EnableRule">
              <RecordPrivilegeRule PrivilegeType="Delete" AppliesTo="PrimaryEntity" />
            </EnableRule>
            <EnableRule Id="ovs.msdyn_workorder.EnableRule.isTDG.App.InspectorManagerPlanner">
              <CustomRule FunctionName="WORibbon.isInspectionApp" Library="$webresource:qm_WorkOrder_Ribbons.js">
                <CrmParameter Value="PrimaryControl" />
              </CustomRule>
            </EnableRule>
            <EnableRule Id="ovs.msdyn_workorder.EnableRule19.DisplayOnlyForManagerOrPlanner">
              <CustomRule FunctionName="isManagerOrPlannerRole" Library="$webresource:ovs_ROMCommonFunctions">
                <CrmParameter Value="PrimaryControl" />
              </CustomRule>
            </EnableRule>
          </EnableRules>
        </RuleDefinitions>
        <LocLabels>
          <LocLabel Id="FieldServiceFieldService.Form.msdyn_workorder.MainTab.Actions.ScheduleAssistant.Description">
            <Titles>
              <Title languagecode="1033" description="Open Schedule Assistant to easily schedule this Work Order" />
              <Title languagecode="1025" description="فتح مساعد الجدولة لجدولة أمر العمل هذا بسهولة" />
              <Title languagecode="1026" description="Отваряне на асистента на графика за лесно планиране на тази работна поръчка" />
              <Title languagecode="1027" description="Obre l'auxiliar de planificació per planificar fàcilment aquesta ordre de treball" />
              <Title languagecode="1029" description="Otevře pomocníka plánování pro snadné naplánování tohoto pracovního příkazu." />
              <Title languagecode="1030" description="Åbn planlægningsassistent for nemt at planlægge denne arbejdsordre" />
              <Title languagecode="1031" description="Zeitplan-Assistent öffnen, um diesen Arbeitsauftrag einfach zu planen" />
              <Title languagecode="1032" description="Άνοιγμα βοηθού χρονοδιαγράμματος για εύκολο προγραμματισμό αυτής της παραγγελίας εργασίας" />
              <Title languagecode="3082" description="Abrir el Asistente de programación para programar fácilmente esta orden de trabajo" />
              <Title languagecode="1061" description="Avage selle töökäsu lihtsaks plaanimiseks Ajakavaabiline" />
              <Title languagecode="1069" description="Ireki antolaketa-laguntzailea lan-eskaera hau erraz antolatzeko" />
              <Title languagecode="1035" description="Avaa ajoitusavustaja, kun haluat ajoittaa tämän työtilauksen helposti" />
              <Title languagecode="1036" description="Ouvrez l'assistant de planification pour planifier facilement cet ordre de travail" />
              <Title languagecode="1110" description="Abrir asistente de programación para programar facilmente este pedido de traballo" />
              <Title languagecode="1037" description="פתח מסייע לוחות זמנים כדי לתזמן בקלות הזמנת עבודה זו" />
              <Title languagecode="1081" description="इस कार्य ऑर्डर को आसानी से शेड्यूल करने के लिए शेड्यूल सहायक खोलें" />
              <Title languagecode="1050" description="Otvorite pomoćnik za raspored za jednostavno određivanje rasporeda radnog naloga" />
              <Title languagecode="1038" description="Ütemezési segéd megnyitása a munkarendelés ütemezésének megkönnyítése érdekében" />
              <Title languagecode="1057" description="Buka Asisten Jadwal untuk menjadwalkan Perintah Kerja ini dengan mudah" />
              <Title languagecode="1040" description="Apri l'assistente di pianificazione per pianificare facilmente l'ordine di lavoro" />
              <Title languagecode="1041" description="スケジュール アシスタントを開いてこの作業指示書を簡単にスケジュールします" />
              <Title languagecode="1087" description="Осы жұмысқа тапсырысты оңай жоспарлау үшін кесте көмекшісін ашу" />
              <Title languagecode="1042" description="일정 도우미를 시작하여 이 작업 주문 쉽게 예약" />
              <Title languagecode="1063" description="Atidaryti planavimo pagalbinę priemonę ir lengvai planuoti šį darbo užsakymą" />
              <Title languagecode="1062" description="Atvērt plānošanas palīgu, lai viegli saplānotu šo darba pasūtījumu" />
              <Title languagecode="1086" description="Buka Pembantu Jadual untuk menjadualkan Pesanan Kerja ini dengan mudah" />
              <Title languagecode="1044" description="Åpne Planleggingsassistent for å planlegge denne arbeidsordren på en enkel måte" />
              <Title languagecode="1043" description="Planningsassistent openen om deze werkorder gemakkelijk te kunnen plannen" />
              <Title languagecode="1045" description="Otwórz asystenta planowania, aby łatwo zaplanować to zlecenie pracy" />
              <Title languagecode="1046" description="Abrir o Assistente de Agendamento para agendar facilmente esta Ordem de Serviço" />
              <Title languagecode="2070" description="Abrir Assistente da Agenda para agendar facilmente esta Ordem de Intervenção" />
              <Title languagecode="1048" description="Deschideți asistentul de planificare pentru a planifica ușor această comandă de lucru" />
              <Title languagecode="1049" description="Откройте помощник по расписанию, чтобы удобно запланировать этот заказ на работу" />
              <Title languagecode="1051" description="Otvorí asistenta plánovania na jednoduché plánovanie tejto objednávky prác" />
              <Title languagecode="1060" description="Odprite pomočnika za razporejanje, da preprosto razporedite ta delovni nalog." />
              <Title languagecode="3098" description="Отвори помоћник за заказивање ради лаког заказивања овог радног налога" />
              <Title languagecode="2074" description="Otvori pomoćnik za zakazivanje radi lakog zakazivanja ovog radnog naloga" />
              <Title languagecode="1053" description="Öppna Schemaläggningsassistenten för att enkelt schemalägga den här arbetsordern" />
              <Title languagecode="1054" description="เปิดตัวช่วยจัดกำหนดการเพื่อให้จัดกำหนดการใบสั่งงานนี้ได้ง่ายๆ" />
              <Title languagecode="1055" description="Bu İş Emrini kolayca zamanlamak için Zamanlama Yardımcısı'nı aç" />
              <Title languagecode="1058" description="Відкрийте помічник із планування, щоб зручно запланувати цей наряд-замовлення" />
              <Title languagecode="1066" description="Mở Trợ lý Lịch trình để dễ dàng lên lịch trình cho Lệnh sản xuất này" />
              <Title languagecode="2052" description="打开日程安排助理可轻松计划此工作订单" />
              <Title languagecode="3076" description="開啟排程小幫手，輕鬆地排程此工單" />
              <Title languagecode="1028" description="開啟排程小幫手，輕鬆地排程此工單" />
            </Titles>
          </LocLabel>
          <LocLabel Id="FieldServiceFieldService.Form.msdyn_workorder.MainTab.Actions.ScheduleAssistant.LabelText">
            <Titles>
              <Title languagecode="1033" description="Schedule Assistant" />
              <Title languagecode="1025" description="مساعد الجدولة" />
              <Title languagecode="1026" description="Асистент на графика" />
              <Title languagecode="1027" description="Auxiliar de planificació" />
              <Title languagecode="1029" description="Pomocník plánování" />
              <Title languagecode="1030" description="Planlægningsassistent" />
              <Title languagecode="1031" description="Zeitplan-Assistent" />
              <Title languagecode="1032" description="Βοηθός χρονοδιαγράμματος" />
              <Title languagecode="3082" description="Asistente de programación" />
              <Title languagecode="1061" description="Ajakavaabiline" />
              <Title languagecode="1069" description="Antolaketa-laguntzailea" />
              <Title languagecode="1035" description="Ajoitusavustaja" />
              <Title languagecode="1036" description="Assistant de planification" />
              <Title languagecode="1110" description="Asistente de programación" />
              <Title languagecode="1037" description="מסייע לוח הזמנים" />
              <Title languagecode="1081" description="शेड्यूल सहायक" />
              <Title languagecode="1050" description="Pomoćnik za raspored" />
              <Title languagecode="1038" description="Ütemezési segéd" />
              <Title languagecode="1057" description="Asisten Jadwal" />
              <Title languagecode="1040" description="Assistente di pianificazione" />
              <Title languagecode="1041" description="スケジュール アシスタント" />
              <Title languagecode="1087" description="Жоспарлау бойынша көмекші" />
              <Title languagecode="1042" description="일정 도우미" />
              <Title languagecode="1063" description="Planavimo pagalbinė priemonė" />
              <Title languagecode="1062" description="Plānošanas palīgs" />
              <Title languagecode="1086" description="Pembantu Jadual" />
              <Title languagecode="1044" description="Planleggingsassistent" />
              <Title languagecode="1043" description="Planningsassistent" />
              <Title languagecode="1045" description="Asystent planowania" />
              <Title languagecode="1046" description="Assistente de Agendamento" />
              <Title languagecode="2070" description="Assistente da Agenda" />
              <Title languagecode="1048" description="Asistent de planificare" />
              <Title languagecode="1049" description="Помощник по расписанию" />
              <Title languagecode="1051" description="Asistent plánovania" />
              <Title languagecode="1060" description="Pomočnik za razporejanje" />
              <Title languagecode="3098" description="Помоћник за заказивање" />
              <Title languagecode="2074" description="Pomoćnik za zakazivanje" />
              <Title languagecode="1053" description="Schemaläggningsassistenten" />
              <Title languagecode="1054" description="ตัวช่วยจัดกำหนดการ" />
              <Title languagecode="1055" description="Zamanlama Yardımcısı" />
              <Title languagecode="1058" description="Помічник із планування" />
              <Title languagecode="1066" description="Trợ lý Lịch trình" />
              <Title languagecode="2052" description="日程安排助理" />
              <Title languagecode="3076" description="排程小幫手" />
              <Title languagecode="1028" description="排程小幫手" />
            </Titles>
          </LocLabel>
          <LocLabel Id="ovs.msdyn_workorder.ClearResourceRequirements.Alt">
            <Titles>
              <Title description="Clean Resource Requirements" languagecode="1033" />
            </Titles>
          </LocLabel>
          <LocLabel Id="ovs.msdyn_workorder.ClearResourceRequirements.LabelText">
            <Titles>
              <Title description="Clean Resource Requirements" languagecode="1033" />
            </Titles>
          </LocLabel>
          <LocLabel Id="ovs.msdyn_workorder.ClearResourceRequirements.ToolTipDescription">
            <Titles>
              <Title description="Clean Resource Requirements" languagecode="1033" />
            </Titles>
          </LocLabel>
          <LocLabel Id="ovs.msdyn_workorder.ClearResourceRequirements.ToolTipTitle">
            <Titles>
              <Title description="Clean Resource Requirements" languagecode="1033" />
            </Titles>
          </LocLabel>
          <LocLabel Id="ovs.msdyn_workorder.Form.TDG.InspectionReport.Alt">
            <Titles>
              <Title description="Inspection Report" languagecode="1033" />
              <Title description="Rapport d'inspection" languagecode="1036" />
            </Titles>
          </LocLabel>
          <LocLabel Id="ovs.msdyn_workorder.Form.TDG.InspectionReport.LabelText">
            <Titles>
              <Title description="Inspection Report" languagecode="1033" />
              <Title description="Rapport d'inspection" languagecode="1036" />
            </Titles>
          </LocLabel>
          <LocLabel Id="ovs.msdyn_workorder.Form.TDG.InspectionReport.ToolTipDescription">
            <Titles>
              <Title description="Generate email to Primary Contact and inspection report" languagecode="1033" />
              <Title description="Générer un courriel au contact principal et un rapport d'inspection" languagecode="1036" />
            </Titles>
          </LocLabel>
          <LocLabel Id="ovs.msdyn_workorder.Form.TDG.InspectionReport.ToolTipTitle">
            <Titles>
              <Title description="Generate email to Primary Contact and inspection report" languagecode="1033" />
              <Title description="Générer un courriel au contact principal et un rapport d'inspection" languagecode="1036" />
            </Titles>
          </LocLabel>
        </LocLabels>
      </RibbonDiffXml>
    </Entity>
  </Entities>
  <Roles></Roles>
  <Workflows></Workflows>
  <FieldSecurityProfiles></FieldSecurityProfiles>
  <Templates />
  <EntityMaps>
    <EntityMap>
      <EntitySource>msdyn_workorder</EntitySource>
      <EntityTarget>bookableresourcebooking</EntityTarget>
      <AttributeMaps>
        <AttributeMap>
          <AttributeSource>ovs_fiscalquarter</AttributeSource>
          <AttributeTarget>ovs_plannedfiscalquarter</AttributeTarget>
        </AttributeMap>
        <AttributeMap>
          <AttributeSource>ovs_fiscalyear</AttributeSource>
          <AttributeTarget>ovs_plannedfiscalyearid</AttributeTarget>
        </AttributeMap>
        <AttributeMap>
          <AttributeSource>ovs_revisedquarterid</AttributeSource>
          <AttributeTarget>ovs_revisedquarter</AttributeTarget>
        </AttributeMap>
      </AttributeMaps>
    </EntityMap>
  </EntityMaps>
  <EntityRelationships>
    <EntityRelationship Name="msdyn_msdyn_workorder_bookableresourcebooking_WorkOrder">
      <EntityRelationshipType>OneToMany</EntityRelationshipType>
      <IntroducedVersion>6.0.2.0</IntroducedVersion>
      <IsHierarchical>0</IsHierarchical>
      <ReferencingEntityName>BookableResourceBooking</ReferencingEntityName>
      <ReferencedEntityName>msdyn_workorder</ReferencedEntityName>
      <CascadeAssign>NoCascade</CascadeAssign>
      <CascadeDelete>RemoveLink</CascadeDelete>
      <CascadeReparent>NoCascade</CascadeReparent>
      <CascadeShare>NoCascade</CascadeShare>
      <CascadeUnshare>NoCascade</CascadeUnshare>
      <CascadeRollupView>NoCascade</CascadeRollupView>
      <IsValidForAdvancedFind>1</IsValidForAdvancedFind>
      <ReferencingAttributeName>msdyn_WorkOrder</ReferencingAttributeName>
      <RelationshipDescription>
        <Descriptions>
          <Description description="Unique identifier for Work Order associated with Resource Booking." languagecode="1033" />
        </Descriptions>
      </RelationshipDescription>
      <EntityRelationshipRoles>
        <EntityRelationshipRole>
          <NavPaneDisplayOption>UseCollectionName</NavPaneDisplayOption>
          <NavPaneArea>Details</NavPaneArea>
          <NavPaneOrder>10000</NavPaneOrder>
          <NavigationPropertyName>msdyn_workorder</NavigationPropertyName>
          <CustomLabels>
            <CustomLabel description="" languagecode="1033" />
          </CustomLabels>
          <RelationshipRoleType>1</RelationshipRoleType>
        </EntityRelationshipRole>
        <EntityRelationshipRole>
          <RelationshipRoleType>0</RelationshipRoleType>
        </EntityRelationshipRole>
      </EntityRelationshipRoles>
    </EntityRelationship>
    <EntityRelationship Name="ovs_BookableResourceBooking_PlannedFiscalQuar">
      <EntityRelationshipType>OneToMany</EntityRelationshipType>
      <IsCustomizable>1</IsCustomizable>
      <IntroducedVersion>1.0.0.0</IntroducedVersion>
      <IsHierarchical>0</IsHierarchical>
      <ReferencingEntityName>BookableResourceBooking</ReferencingEntityName>
      <ReferencedEntityName>tc_TCFiscalQuarter</ReferencedEntityName>
      <CascadeAssign>NoCascade</CascadeAssign>
      <CascadeDelete>RemoveLink</CascadeDelete>
      <CascadeReparent>NoCascade</CascadeReparent>
      <CascadeShare>NoCascade</CascadeShare>
      <CascadeUnshare>NoCascade</CascadeUnshare>
      <CascadeRollupView>NoCascade</CascadeRollupView>
      <IsValidForAdvancedFind>1</IsValidForAdvancedFind>
      <ReferencingAttributeName>ovs_PlannedFiscalQuarter</ReferencingAttributeName>
      <RelationshipDescription>
        <Descriptions>
          <Description description="" languagecode="1033" />
        </Descriptions>
      </RelationshipDescription>
      <EntityRelationshipRoles>
        <EntityRelationshipRole>
          <NavPaneDisplayOption>UseCollectionName</NavPaneDisplayOption>
          <NavPaneArea>Details</NavPaneArea>
          <NavPaneOrder>10000</NavPaneOrder>
          <NavigationPropertyName>ovs_PlannedFiscalQuarter</NavigationPropertyName>
          <RelationshipRoleType>1</RelationshipRoleType>
        </EntityRelationshipRole>
        <EntityRelationshipRole>
          <NavigationPropertyName>ovs_BookableResourceBooking_PlannedFiscalQuar</NavigationPropertyName>
          <RelationshipRoleType>0</RelationshipRoleType>
        </EntityRelationshipRole>
      </EntityRelationshipRoles>
    </EntityRelationship>
    <EntityRelationship Name="ovs_BookableResourceBooking_RevisedQuarter_tc">
      <EntityRelationshipType>OneToMany</EntityRelationshipType>
      <IsCustomizable>1</IsCustomizable>
      <IntroducedVersion>1.0.0.0</IntroducedVersion>
      <IsHierarchical>0</IsHierarchical>
      <ReferencingEntityName>BookableResourceBooking</ReferencingEntityName>
      <ReferencedEntityName>tc_TCFiscalQuarter</ReferencedEntityName>
      <CascadeAssign>NoCascade</CascadeAssign>
      <CascadeDelete>RemoveLink</CascadeDelete>
      <CascadeReparent>NoCascade</CascadeReparent>
      <CascadeShare>NoCascade</CascadeShare>
      <CascadeUnshare>NoCascade</CascadeUnshare>
      <CascadeRollupView>NoCascade</CascadeRollupView>
      <IsValidForAdvancedFind>1</IsValidForAdvancedFind>
      <ReferencingAttributeName>ovs_RevisedQuarter</ReferencingAttributeName>
      <RelationshipDescription>
        <Descriptions>
          <Description description="" languagecode="1033" />
        </Descriptions>
      </RelationshipDescription>
      <EntityRelationshipRoles>
        <EntityRelationshipRole>
          <NavPaneDisplayOption>UseCollectionName</NavPaneDisplayOption>
          <NavPaneArea>Details</NavPaneArea>
          <NavPaneOrder>10000</NavPaneOrder>
          <NavigationPropertyName>ovs_RevisedQuarter</NavigationPropertyName>
          <RelationshipRoleType>1</RelationshipRoleType>
        </EntityRelationshipRole>
        <EntityRelationshipRole>
          <NavigationPropertyName>ovs_BookableResourceBooking_RevisedQuarter_tc</NavigationPropertyName>
          <RelationshipRoleType>0</RelationshipRoleType>
        </EntityRelationshipRole>
      </EntityRelationshipRoles>
    </EntityRelationship>
    <EntityRelationship Name="ovs_msdyn_workorder_FiscalQuarter_tc_TCFiscal">
      <EntityRelationshipType>OneToMany</EntityRelationshipType>
      <IsCustomizable>1</IsCustomizable>
      <IntroducedVersion>1.0.0.1</IntroducedVersion>
      <IsHierarchical>0</IsHierarchical>
      <ReferencingEntityName>msdyn_workorder</ReferencingEntityName>
      <ReferencedEntityName>tc_TCFiscalQuarter</ReferencedEntityName>
      <CascadeAssign>NoCascade</CascadeAssign>
      <CascadeDelete>RemoveLink</CascadeDelete>
      <CascadeReparent>NoCascade</CascadeReparent>
      <CascadeShare>NoCascade</CascadeShare>
      <CascadeUnshare>NoCascade</CascadeUnshare>
      <CascadeRollupView>NoCascade</CascadeRollupView>
      <IsValidForAdvancedFind>1</IsValidForAdvancedFind>
      <ReferencingAttributeName>ovs_FiscalQuarter</ReferencingAttributeName>
      <RelationshipDescription>
        <Descriptions>
          <Description description="" languagecode="1033" />
        </Descriptions>
      </RelationshipDescription>
      <EntityRelationshipRoles>
        <EntityRelationshipRole>
          <NavPaneDisplayOption>UseCollectionName</NavPaneDisplayOption>
          <NavPaneArea>Details</NavPaneArea>
          <NavPaneOrder>10000</NavPaneOrder>
          <NavigationPropertyName>ovs_FiscalQuarter</NavigationPropertyName>
          <RelationshipRoleType>1</RelationshipRoleType>
        </EntityRelationshipRole>
        <EntityRelationshipRole>
          <NavigationPropertyName>ovs_msdyn_workorder_FiscalQuarter_tc_TCFiscal</NavigationPropertyName>
          <RelationshipRoleType>0</RelationshipRoleType>
        </EntityRelationshipRole>
      </EntityRelationshipRoles>
    </EntityRelationship>
    <EntityRelationship Name="ovs_msdyn_workorder_FiscalYear_tc_TCFiscalYea">
      <EntityRelationshipType>OneToMany</EntityRelationshipType>
      <IsCustomizable>1</IsCustomizable>
      <IntroducedVersion>1.0.0.2</IntroducedVersion>
      <IsHierarchical>0</IsHierarchical>
      <ReferencingEntityName>msdyn_workorder</ReferencingEntityName>
      <ReferencedEntityName>tc_TCFiscalYear</ReferencedEntityName>
      <CascadeAssign>NoCascade</CascadeAssign>
      <CascadeDelete>RemoveLink</CascadeDelete>
      <CascadeReparent>NoCascade</CascadeReparent>
      <CascadeShare>NoCascade</CascadeShare>
      <CascadeUnshare>NoCascade</CascadeUnshare>
      <CascadeRollupView>NoCascade</CascadeRollupView>
      <IsValidForAdvancedFind>1</IsValidForAdvancedFind>
      <ReferencingAttributeName>ovs_FiscalYear</ReferencingAttributeName>
      <RelationshipDescription>
        <Descriptions>
          <Description description="" languagecode="1033" />
        </Descriptions>
      </RelationshipDescription>
      <EntityRelationshipRoles>
        <EntityRelationshipRole>
          <NavPaneDisplayOption>UseCollectionName</NavPaneDisplayOption>
          <NavPaneArea>Details</NavPaneArea>
          <NavPaneOrder>10000</NavPaneOrder>
          <NavigationPropertyName>ovs_FiscalYear</NavigationPropertyName>
          <RelationshipRoleType>1</RelationshipRoleType>
        </EntityRelationshipRole>
        <EntityRelationshipRole>
          <NavigationPropertyName>ovs_msdyn_workorder_FiscalYear_tc_TCFiscalYea</NavigationPropertyName>
          <RelationshipRoleType>0</RelationshipRoleType>
        </EntityRelationshipRole>
      </EntityRelationshipRoles>
    </EntityRelationship>
    <EntityRelationship Name="ovs_tc_tcfiscalquarter_msdyn_workorder">
      <EntityRelationshipType>OneToMany</EntityRelationshipType>
      <IsCustomizable>1</IsCustomizable>
      <IntroducedVersion>1.0.0.11</IntroducedVersion>
      <IsHierarchical>0</IsHierarchical>
      <ReferencingEntityName>msdyn_workorder</ReferencingEntityName>
      <ReferencedEntityName>tc_TCFiscalQuarter</ReferencedEntityName>
      <CascadeAssign>NoCascade</CascadeAssign>
      <CascadeDelete>RemoveLink</CascadeDelete>
      <CascadeReparent>NoCascade</CascadeReparent>
      <CascadeShare>NoCascade</CascadeShare>
      <CascadeUnshare>NoCascade</CascadeUnshare>
      <CascadeRollupView>NoCascade</CascadeRollupView>
      <IsValidForAdvancedFind>1</IsValidForAdvancedFind>
      <ReferencingAttributeName>ovs_RevisedQuarterId</ReferencingAttributeName>
      <RelationshipDescription>
        <Descriptions>
          <Description description="Unique identifier for TCFiscalQuarter associated with Work Order." languagecode="1033" />
        </Descriptions>
      </RelationshipDescription>
      <EntityRelationshipRoles>
        <EntityRelationshipRole>
          <NavPaneDisplayOption>UseCollectionName</NavPaneDisplayOption>
          <NavPaneArea>Details</NavPaneArea>
          <NavPaneOrder>10000</NavPaneOrder>
          <NavigationPropertyName>ovs_RevisedQuarterId</NavigationPropertyName>
          <RelationshipRoleType>1</RelationshipRoleType>
        </EntityRelationshipRole>
        <EntityRelationshipRole>
          <NavigationPropertyName>ovs_tc_tcfiscalquarter_msdyn_workorder</NavigationPropertyName>
          <RelationshipRoleType>0</RelationshipRoleType>
        </EntityRelationshipRole>
      </EntityRelationshipRoles>
    </EntityRelationship>
    <EntityRelationship Name="ovs_tc_tcfiscalyear_bookableresourcebooking">
      <EntityRelationshipType>OneToMany</EntityRelationshipType>
      <IsCustomizable>1</IsCustomizable>
      <IntroducedVersion>1.0.0.11</IntroducedVersion>
      <IsHierarchical>0</IsHierarchical>
      <ReferencingEntityName>BookableResourceBooking</ReferencingEntityName>
      <ReferencedEntityName>tc_TCFiscalYear</ReferencedEntityName>
      <CascadeAssign>NoCascade</CascadeAssign>
      <CascadeDelete>RemoveLink</CascadeDelete>
      <CascadeReparent>NoCascade</CascadeReparent>
      <CascadeShare>NoCascade</CascadeShare>
      <CascadeUnshare>NoCascade</CascadeUnshare>
      <CascadeRollupView>NoCascade</CascadeRollupView>
      <IsValidForAdvancedFind>1</IsValidForAdvancedFind>
      <ReferencingAttributeName>ovs_PlannedFiscalYearId</ReferencingAttributeName>
      <RelationshipDescription>
        <Descriptions>
          <Description description="Unique identifier for TCFiscalYear associated with Bookable Resource Booking." languagecode="1033" />
        </Descriptions>
      </RelationshipDescription>
      <EntityRelationshipRoles>
        <EntityRelationshipRole>
          <NavPaneDisplayOption>UseCollectionName</NavPaneDisplayOption>
          <NavPaneArea>Details</NavPaneArea>
          <NavPaneOrder>10000</NavPaneOrder>
          <NavigationPropertyName>ovs_PlannedFiscalYearId</NavigationPropertyName>
          <RelationshipRoleType>1</RelationshipRoleType>
        </EntityRelationshipRole>
        <EntityRelationshipRole>
          <NavigationPropertyName>ovs_tc_tcfiscalyear_bookableresourcebooking</NavigationPropertyName>
          <RelationshipRoleType>0</RelationshipRoleType>
        </EntityRelationshipRole>
      </EntityRelationshipRoles>
    </EntityRelationship>
  </EntityRelationships>
  <OrganizationSettings />
  <optionsets />
  <CustomControls />
  <EntityDataProviders />
  <Languages>
    <Language>1033</Language>
  </Languages>
</ImportExportXml>