<ImportExportXml xmlns:xsi="http://www.w3.org/2001/XMLSchema-instance">
  <Entities>
    <Entity>
      <Name LocalizedName="Regional NOP" OriginalName="Regional NOP">ovs_CDRegionalNOP</Name>
      <EntityInfo>
        <entity Name="ovs_CDRegionalNOP">
          <LocalizedNames>
            <LocalizedName description="Regional NOP" languagecode="1033" />
            <LocalizedName description="PNS régional" languagecode="1036" />
          </LocalizedNames>
          <LocalizedCollectionNames>
            <LocalizedCollectionName description="Regional NOPs" languagecode="1033" />
            <LocalizedCollectionName description="Les PNS régional" languagecode="1036" />
          </LocalizedCollectionNames>
          <Descriptions>
            <Description description="NOP For Each Region" languagecode="1033" />
            <Description description="" languagecode="1036" />
          </Descriptions>
          <attributes>
            <attribute PhysicalName="ovs_capacity">
              <Type>int</Type>
              <Name>ovs_capacity</Name>
              <LogicalName>ovs_capacity</LogicalName>
              <RequiredLevel>none</RequiredLevel>
              <DisplayMask>ValidForAdvancedFind|ValidForForm|ValidForGrid</DisplayMask>
              <ImeMode>auto</ImeMode>
              <ValidForUpdateApi>1</ValidForUpdateApi>
              <ValidForReadApi>1</ValidForReadApi>
              <ValidForCreateApi>1</ValidForCreateApi>
              <IsCustomField>1</IsCustomField>
              <IsAuditEnabled>1</IsAuditEnabled>
              <IsSecured>0</IsSecured>
              <IntroducedVersion>1.0.0.0</IntroducedVersion>
              <IsCustomizable>1</IsCustomizable>
              <IsRenameable>1</IsRenameable>
              <CanModifySearchSettings>1</CanModifySearchSettings>
              <CanModifyRequirementLevelSettings>1</CanModifyRequirementLevelSettings>
              <CanModifyAdditionalSettings>1</CanModifyAdditionalSettings>
              <SourceType>0</SourceType>
              <IsGlobalFilterEnabled>0</IsGlobalFilterEnabled>
              <IsSortableEnabled>0</IsSortableEnabled>
              <CanModifyGlobalFilterSettings>1</CanModifyGlobalFilterSettings>
              <CanModifyIsSortableSettings>1</CanModifyIsSortableSettings>
              <IsDataSourceSecret>0</IsDataSourceSecret>
              <AutoNumberFormat></AutoNumberFormat>
              <IsSearchable>0</IsSearchable>
              <IsFilterable>0</IsFilterable>
              <IsRetrievable>0</IsRetrievable>
              <IsLocalizable>0</IsLocalizable>
              <Format>none</Format>
              <MinValue>0</MinValue>
              <MaxValue>10000</MaxValue>
              <displaynames>
                <displayname description="Total Capacity" languagecode="1033" />
                <displayname description="Capacité" languagecode="1036" />
              </displaynames>
              <Descriptions>
                <Description description="Total number of inspections, both planned and unplanned, that this region can conduct." languagecode="1033" />
                <Description description="" languagecode="1036" />
              </Descriptions>
            </attribute>
            <attribute PhysicalName="ovs_CDFiscalYearId">
              <Type>lookup</Type>
              <Name>ovs_cdfiscalyearid</Name>
              <LogicalName>ovs_cdfiscalyearid</LogicalName>
              <RequiredLevel>none</RequiredLevel>
              <DisplayMask>ValidForAdvancedFind|ValidForForm|ValidForGrid</DisplayMask>
              <ImeMode>auto</ImeMode>
              <ValidForUpdateApi>1</ValidForUpdateApi>
              <ValidForReadApi>1</ValidForReadApi>
              <ValidForCreateApi>1</ValidForCreateApi>
              <IsCustomField>1</IsCustomField>
              <IsAuditEnabled>1</IsAuditEnabled>
              <IsSecured>0</IsSecured>
              <IntroducedVersion>1.0.0.0</IntroducedVersion>
              <IsCustomizable>1</IsCustomizable>
              <IsRenameable>1</IsRenameable>
              <CanModifySearchSettings>1</CanModifySearchSettings>
              <CanModifyRequirementLevelSettings>1</CanModifyRequirementLevelSettings>
              <CanModifyAdditionalSettings>1</CanModifyAdditionalSettings>
              <SourceType>0</SourceType>
              <IsGlobalFilterEnabled>0</IsGlobalFilterEnabled>
              <IsSortableEnabled>0</IsSortableEnabled>
              <CanModifyGlobalFilterSettings>1</CanModifyGlobalFilterSettings>
              <CanModifyIsSortableSettings>1</CanModifyIsSortableSettings>
              <IsDataSourceSecret>0</IsDataSourceSecret>
              <AutoNumberFormat></AutoNumberFormat>
              <IsSearchable>0</IsSearchable>
              <IsFilterable>0</IsFilterable>
              <IsRetrievable>0</IsRetrievable>
              <IsLocalizable>0</IsLocalizable>
              <LookupStyle>single</LookupStyle>
              <LookupTypes />
              <displaynames>
                <displayname description="Fiscal Year" languagecode="1033" />
                <displayname description="Année fiscale" languagecode="1036" />
              </displaynames>
              <Descriptions>
                <Description description="" languagecode="1033" />
                <Description description="" languagecode="1036" />
              </Descriptions>
            </attribute>
            <attribute PhysicalName="ovs_CDNOPId">
              <Type>lookup</Type>
              <Name>ovs_cdnopid</Name>
              <LogicalName>ovs_cdnopid</LogicalName>
              <RequiredLevel>required</RequiredLevel>
              <DisplayMask>ValidForAdvancedFind|ValidForForm|ValidForGrid</DisplayMask>
              <ImeMode>auto</ImeMode>
              <ValidForUpdateApi>1</ValidForUpdateApi>
              <ValidForReadApi>1</ValidForReadApi>
              <ValidForCreateApi>1</ValidForCreateApi>
              <IsCustomField>1</IsCustomField>
              <IsAuditEnabled>1</IsAuditEnabled>
              <IsSecured>0</IsSecured>
              <IntroducedVersion>1.0.0.0</IntroducedVersion>
              <IsCustomizable>1</IsCustomizable>
              <IsRenameable>1</IsRenameable>
              <CanModifySearchSettings>1</CanModifySearchSettings>
              <CanModifyRequirementLevelSettings>1</CanModifyRequirementLevelSettings>
              <CanModifyAdditionalSettings>1</CanModifyAdditionalSettings>
              <SourceType>0</SourceType>
              <IsGlobalFilterEnabled>0</IsGlobalFilterEnabled>
              <IsSortableEnabled>0</IsSortableEnabled>
              <CanModifyGlobalFilterSettings>1</CanModifyGlobalFilterSettings>
              <CanModifyIsSortableSettings>1</CanModifyIsSortableSettings>
              <IsDataSourceSecret>0</IsDataSourceSecret>
              <AutoNumberFormat></AutoNumberFormat>
              <IsSearchable>0</IsSearchable>
              <IsFilterable>0</IsFilterable>
              <IsRetrievable>0</IsRetrievable>
              <IsLocalizable>0</IsLocalizable>
              <LookupStyle>single</LookupStyle>
              <LookupTypes />
              <displaynames>
                <displayname description="NOP" languagecode="1033" />
                <displayname description="PNS" languagecode="1036" />
              </displaynames>
              <Descriptions>
                <Description description="Parent National NOP" languagecode="1033" />
                <Description description="PNS régional" languagecode="1036" />
              </Descriptions>
            </attribute>
            <attribute PhysicalName="ovs_CDRegionalNOPId">
              <Type>primarykey</Type>
              <Name>ovs_cdregionalnopid</Name>
              <LogicalName>ovs_cdregionalnopid</LogicalName>
              <RequiredLevel>systemrequired</RequiredLevel>
              <DisplayMask>ValidForAdvancedFind|RequiredForGrid</DisplayMask>
              <ImeMode>auto</ImeMode>
              <ValidForUpdateApi>0</ValidForUpdateApi>
              <ValidForReadApi>1</ValidForReadApi>
              <ValidForCreateApi>1</ValidForCreateApi>
              <IsCustomField>0</IsCustomField>
              <IsAuditEnabled>0</IsAuditEnabled>
              <IsSecured>0</IsSecured>
              <IntroducedVersion>1.0.0.0</IntroducedVersion>
              <IsCustomizable>1</IsCustomizable>
              <IsRenameable>1</IsRenameable>
              <CanModifySearchSettings>1</CanModifySearchSettings>
              <CanModifyRequirementLevelSettings>0</CanModifyRequirementLevelSettings>
              <CanModifyAdditionalSettings>1</CanModifyAdditionalSettings>
              <SourceType>0</SourceType>
              <IsGlobalFilterEnabled>0</IsGlobalFilterEnabled>
              <IsSortableEnabled>0</IsSortableEnabled>
              <CanModifyGlobalFilterSettings>1</CanModifyGlobalFilterSettings>
              <CanModifyIsSortableSettings>1</CanModifyIsSortableSettings>
              <IsDataSourceSecret>0</IsDataSourceSecret>
              <AutoNumberFormat></AutoNumberFormat>
              <IsSearchable>0</IsSearchable>
              <IsFilterable>1</IsFilterable>
              <IsRetrievable>1</IsRetrievable>
              <IsLocalizable>0</IsLocalizable>
              <displaynames>
                <displayname description="Regional NOP" languagecode="1033" />
                <displayname description="PNS régional" languagecode="1036" />
              </displaynames>
              <Descriptions>
                <Description description="Unique identifier for entity instances" languagecode="1033" />
              </Descriptions>
            </attribute>
            <attribute PhysicalName="ovs_CDRegionId">
              <Type>lookup</Type>
              <Name>ovs_cdregionid</Name>
              <LogicalName>ovs_cdregionid</LogicalName>
              <RequiredLevel>none</RequiredLevel>
              <DisplayMask>ValidForAdvancedFind|ValidForForm|ValidForGrid</DisplayMask>
              <ImeMode>auto</ImeMode>
              <ValidForUpdateApi>1</ValidForUpdateApi>
              <ValidForReadApi>1</ValidForReadApi>
              <ValidForCreateApi>1</ValidForCreateApi>
              <IsCustomField>1</IsCustomField>
              <IsAuditEnabled>1</IsAuditEnabled>
              <IsSecured>0</IsSecured>
              <IntroducedVersion>1.0.0.0</IntroducedVersion>
              <IsCustomizable>1</IsCustomizable>
              <IsRenameable>1</IsRenameable>
              <CanModifySearchSettings>1</CanModifySearchSettings>
              <CanModifyRequirementLevelSettings>1</CanModifyRequirementLevelSettings>
              <CanModifyAdditionalSettings>1</CanModifyAdditionalSettings>
              <SourceType>0</SourceType>
              <IsGlobalFilterEnabled>0</IsGlobalFilterEnabled>
              <IsSortableEnabled>0</IsSortableEnabled>
              <CanModifyGlobalFilterSettings>1</CanModifyGlobalFilterSettings>
              <CanModifyIsSortableSettings>1</CanModifyIsSortableSettings>
              <IsDataSourceSecret>0</IsDataSourceSecret>
              <AutoNumberFormat></AutoNumberFormat>
              <IsSearchable>0</IsSearchable>
              <IsFilterable>0</IsFilterable>
              <IsRetrievable>0</IsRetrievable>
              <IsLocalizable>0</IsLocalizable>
              <LookupStyle>single</LookupStyle>
              <LookupTypes />
              <displaynames>
                <displayname description="Region" languagecode="1033" />
                <displayname description="Région" languagecode="1036" />
              </displaynames>
              <Descriptions>
                <Description description="" languagecode="1033" />
                <Description description="" languagecode="1036" />
              </Descriptions>
            </attribute>
            <attribute PhysicalName="ovs_cdregionvariance">
              <Type>int</Type>
              <Name>ovs_cdregionvariance</Name>
              <LogicalName>ovs_cdregionvariance</LogicalName>
              <RequiredLevel>none</RequiredLevel>
              <DisplayMask>ValidForAdvancedFind|ValidForForm|ValidForGrid</DisplayMask>
              <ImeMode>auto</ImeMode>
              <ValidForUpdateApi>0</ValidForUpdateApi>
              <ValidForReadApi>1</ValidForReadApi>
              <ValidForCreateApi>0</ValidForCreateApi>
              <IsCustomField>1</IsCustomField>
              <IsAuditEnabled>0</IsAuditEnabled>
              <IsSecured>0</IsSecured>
              <IntroducedVersion>1.0.0.0</IntroducedVersion>
              <IsCustomizable>1</IsCustomizable>
              <IsRenameable>1</IsRenameable>
              <CanModifySearchSettings>1</CanModifySearchSettings>
              <CanModifyRequirementLevelSettings>1</CanModifyRequirementLevelSettings>
              <CanModifyAdditionalSettings>1</CanModifyAdditionalSettings>
              <SourceType>1</SourceType>
              <IsGlobalFilterEnabled>0</IsGlobalFilterEnabled>
              <IsSortableEnabled>0</IsSortableEnabled>
              <CanModifyGlobalFilterSettings>1</CanModifyGlobalFilterSettings>
              <CanModifyIsSortableSettings>1</CanModifyIsSortableSettings>
              <IsDataSourceSecret>0</IsDataSourceSecret>
              <AutoNumberFormat></AutoNumberFormat>
              <IsSearchable>0</IsSearchable>
              <IsFilterable>0</IsFilterable>
              <IsRetrievable>0</IsRetrievable>
              <IsLocalizable>0</IsLocalizable>
              <Format>none</Format>
              <MinValue>-2147483648</MinValue>
              <MaxValue>2147483647</MaxValue>
              <displaynames>
                <displayname description="Region Variance" languagecode="1033" />
                <displayname description="Variance régionale" languagecode="1036" />
              </displaynames>
              <Descriptions>
                <Description description="The Variance Between Planned Capacity and Region Flag Inspections." languagecode="1033" />
                <Description description="La variance entre la capacité planifiée et les inspections de la région signalée" languagecode="1036" />
              </Descriptions>
              <FormulaDefinitionFileName>/Formulas/ovs_cdregionalnop-ovs_cdregionvariance.xaml</FormulaDefinitionFileName>
            </attribute>
            <attribute PhysicalName="ovs_cdwoccount">
              <Type>int</Type>
              <Name>ovs_cdwoccount</Name>
              <LogicalName>ovs_cdwoccount</LogicalName>
              <RequiredLevel>none</RequiredLevel>
              <DisplayMask>ValidForAdvancedFind|ValidForForm|ValidForGrid</DisplayMask>
              <ImeMode>auto</ImeMode>
              <ValidForUpdateApi>0</ValidForUpdateApi>
              <ValidForReadApi>1</ValidForReadApi>
              <ValidForCreateApi>0</ValidForCreateApi>
              <IsCustomField>1</IsCustomField>
              <IsAuditEnabled>0</IsAuditEnabled>
              <IsSecured>0</IsSecured>
              <IntroducedVersion>1.0.0.0</IntroducedVersion>
              <IsCustomizable>1</IsCustomizable>
              <IsRenameable>1</IsRenameable>
              <CanModifySearchSettings>1</CanModifySearchSettings>
              <CanModifyRequirementLevelSettings>1</CanModifyRequirementLevelSettings>
              <CanModifyAdditionalSettings>1</CanModifyAdditionalSettings>
              <SourceType>2</SourceType>
              <IsGlobalFilterEnabled>0</IsGlobalFilterEnabled>
              <IsSortableEnabled>0</IsSortableEnabled>
              <CanModifyGlobalFilterSettings>1</CanModifyGlobalFilterSettings>
              <CanModifyIsSortableSettings>1</CanModifyIsSortableSettings>
              <IsDataSourceSecret>0</IsDataSourceSecret>
              <AutoNumberFormat></AutoNumberFormat>
              <IsSearchable>0</IsSearchable>
              <IsFilterable>0</IsFilterable>
              <IsRetrievable>0</IsRetrievable>
              <IsLocalizable>0</IsLocalizable>
              <Format>none</Format>
              <MinValue>-2147483648</MinValue>
              <MaxValue>2147483647</MaxValue>
              <displaynames>
                <displayname description="Region Count" languagecode="1033" />
                <displayname description="Compte de candidat à l'ordre de travail" languagecode="1036" />
              </displaynames>
              <Descriptions>
                <Description description="Total Number Of WOC Records With Region Flag = True" languagecode="1033" />
                <Description description="" languagecode="1036" />
              </Descriptions>
              <FormulaDefinitionFileName>/Formulas/ovs_cdregionalnop-ovs_cdwoccount.xaml</FormulaDefinitionFileName>
            </attribute>
            <attribute PhysicalName="ovs_cdwocvariance">
              <Type>int</Type>
              <Name>ovs_cdwocvariance</Name>
              <LogicalName>ovs_cdwocvariance</LogicalName>
              <RequiredLevel>none</RequiredLevel>
              <DisplayMask>ValidForAdvancedFind|ValidForForm|ValidForGrid</DisplayMask>
              <ImeMode>auto</ImeMode>
              <ValidForUpdateApi>0</ValidForUpdateApi>
              <ValidForReadApi>1</ValidForReadApi>
              <ValidForCreateApi>0</ValidForCreateApi>
              <IsCustomField>1</IsCustomField>
              <IsAuditEnabled>0</IsAuditEnabled>
              <IsSecured>0</IsSecured>
              <IntroducedVersion>1.0.0.0</IntroducedVersion>
              <IsCustomizable>1</IsCustomizable>
              <IsRenameable>1</IsRenameable>
              <CanModifySearchSettings>1</CanModifySearchSettings>
              <CanModifyRequirementLevelSettings>1</CanModifyRequirementLevelSettings>
              <CanModifyAdditionalSettings>1</CanModifyAdditionalSettings>
              <SourceType>1</SourceType>
              <IsGlobalFilterEnabled>0</IsGlobalFilterEnabled>
              <IsSortableEnabled>0</IsSortableEnabled>
              <CanModifyGlobalFilterSettings>1</CanModifyGlobalFilterSettings>
              <CanModifyIsSortableSettings>1</CanModifyIsSortableSettings>
              <IsDataSourceSecret>0</IsDataSourceSecret>
              <AutoNumberFormat></AutoNumberFormat>
              <IsSearchable>0</IsSearchable>
              <IsFilterable>0</IsFilterable>
              <IsRetrievable>0</IsRetrievable>
              <IsLocalizable>0</IsLocalizable>
              <Format>none</Format>
              <MinValue>-2147483648</MinValue>
              <MaxValue>2147483647</MaxValue>
              <displaynames>
                <displayname description="HQ Variance" languagecode="1033" />
                <displayname description="Variance de candidat à l'ordre de travail" languagecode="1036" />
              </displaynames>
              <Descriptions>
                <Description description="The Variance Between Planned Capacity and HQ Inspections." languagecode="1033" />
                <Description description="" languagecode="1036" />
              </Descriptions>
              <FormulaDefinitionFileName>/Formulas/ovs_cdregionalnop-ovs_cdwocvariance.xaml</FormulaDefinitionFileName>
            </attribute>
            <attribute PhysicalName="ovs_hqrollup">
              <Type>int</Type>
              <Name>ovs_hqrollup</Name>
              <LogicalName>ovs_hqrollup</LogicalName>
              <RequiredLevel>none</RequiredLevel>
              <DisplayMask>ValidForAdvancedFind|ValidForForm|ValidForGrid</DisplayMask>
              <ImeMode>auto</ImeMode>
              <ValidForUpdateApi>0</ValidForUpdateApi>
              <ValidForReadApi>1</ValidForReadApi>
              <ValidForCreateApi>0</ValidForCreateApi>
              <IsCustomField>1</IsCustomField>
              <IsAuditEnabled>0</IsAuditEnabled>
              <IsSecured>0</IsSecured>
              <IntroducedVersion>1.0.0.0</IntroducedVersion>
              <IsCustomizable>1</IsCustomizable>
              <IsRenameable>1</IsRenameable>
              <CanModifySearchSettings>1</CanModifySearchSettings>
              <CanModifyRequirementLevelSettings>1</CanModifyRequirementLevelSettings>
              <CanModifyAdditionalSettings>1</CanModifyAdditionalSettings>
              <SourceType>2</SourceType>
              <IsGlobalFilterEnabled>0</IsGlobalFilterEnabled>
              <IsSortableEnabled>0</IsSortableEnabled>
              <CanModifyGlobalFilterSettings>1</CanModifyGlobalFilterSettings>
              <CanModifyIsSortableSettings>1</CanModifyIsSortableSettings>
              <IsDataSourceSecret>0</IsDataSourceSecret>
              <AutoNumberFormat></AutoNumberFormat>
              <IsSearchable>0</IsSearchable>
              <IsFilterable>0</IsFilterable>
              <IsRetrievable>0</IsRetrievable>
              <IsLocalizable>0</IsLocalizable>
              <Format>none</Format>
              <MinValue>-2147483648</MinValue>
              <MaxValue>2147483647</MaxValue>
              <displaynames>
                <displayname description="HQ Rollup" languagecode="1033" />
                <displayname description="Le cumul pour l'AC" languagecode="1036" />
              </displaynames>
              <Descriptions>
                <Description description="Total Number of WOC Records With HQ = True" languagecode="1033" />
                <Description description="Nombre total de candidats à l'ordre de travail avec AC = Oui" languagecode="1036" />
              </Descriptions>
              <FormulaDefinitionFileName>/Formulas/ovs_cdregionalnop-ovs_hqrollup.xaml</FormulaDefinitionFileName>
            </attribute>
            <attribute PhysicalName="ovs_plannedwoccount">
              <Type>int</Type>
              <Name>ovs_plannedwoccount</Name>
              <LogicalName>ovs_plannedwoccount</LogicalName>
              <RequiredLevel>none</RequiredLevel>
              <DisplayMask>ValidForAdvancedFind|ValidForForm|ValidForGrid</DisplayMask>
              <ImeMode>auto</ImeMode>
              <ValidForUpdateApi>0</ValidForUpdateApi>
              <ValidForReadApi>1</ValidForReadApi>
              <ValidForCreateApi>0</ValidForCreateApi>
              <IsCustomField>1</IsCustomField>
              <IsAuditEnabled>0</IsAuditEnabled>
              <IsSecured>0</IsSecured>
              <IntroducedVersion>1.0.0.0</IntroducedVersion>
              <IsCustomizable>1</IsCustomizable>
              <IsRenameable>1</IsRenameable>
              <CanModifySearchSettings>1</CanModifySearchSettings>
              <CanModifyRequirementLevelSettings>1</CanModifyRequirementLevelSettings>
              <CanModifyAdditionalSettings>1</CanModifyAdditionalSettings>
              <SourceType>1</SourceType>
              <IsGlobalFilterEnabled>0</IsGlobalFilterEnabled>
              <IsSortableEnabled>0</IsSortableEnabled>
              <CanModifyGlobalFilterSettings>1</CanModifyGlobalFilterSettings>
              <CanModifyIsSortableSettings>1</CanModifyIsSortableSettings>
              <IsDataSourceSecret>0</IsDataSourceSecret>
              <AutoNumberFormat></AutoNumberFormat>
              <IsSearchable>0</IsSearchable>
              <IsFilterable>0</IsFilterable>
              <IsRetrievable>0</IsRetrievable>
              <IsLocalizable>0</IsLocalizable>
              <Format>none</Format>
              <MinValue>-2147483648</MinValue>
              <MaxValue>2147483647</MaxValue>
              <displaynames>
                <displayname description="Planned Capacity" languagecode="1033" />
                <displayname description="Capacité prévue" languagecode="1036" />
              </displaynames>
              <Descriptions>
                <Description description="Number Of Planned Work Order Candidates Related To This Regional NOP." languagecode="1033" />
                <Description description="Le nombre de candidats à l'ordre de travail planifiés liés à ce PNS régional" languagecode="1036" />
              </Descriptions>
              <FormulaDefinitionFileName>/Formulas/ovs_cdregionalnop-ovs_plannedwoccount.xaml</FormulaDefinitionFileName>
            </attribute>
            <attribute PhysicalName="ovs_unplannedforecast">
              <Type>int</Type>
              <Name>ovs_unplannedforecast</Name>
              <LogicalName>ovs_unplannedforecast</LogicalName>
              <RequiredLevel>none</RequiredLevel>
              <DisplayMask>ValidForAdvancedFind|ValidForForm|ValidForGrid</DisplayMask>
              <ImeMode>auto</ImeMode>
              <ValidForUpdateApi>1</ValidForUpdateApi>
              <ValidForReadApi>1</ValidForReadApi>
              <ValidForCreateApi>1</ValidForCreateApi>
              <IsCustomField>1</IsCustomField>
              <IsAuditEnabled>1</IsAuditEnabled>
              <IsSecured>0</IsSecured>
              <IntroducedVersion>1.0.0.0</IntroducedVersion>
              <IsCustomizable>1</IsCustomizable>
              <IsRenameable>1</IsRenameable>
              <CanModifySearchSettings>1</CanModifySearchSettings>
              <CanModifyRequirementLevelSettings>1</CanModifyRequirementLevelSettings>
              <CanModifyAdditionalSettings>1</CanModifyAdditionalSettings>
              <SourceType>0</SourceType>
              <IsGlobalFilterEnabled>0</IsGlobalFilterEnabled>
              <IsSortableEnabled>0</IsSortableEnabled>
              <CanModifyGlobalFilterSettings>1</CanModifyGlobalFilterSettings>
              <CanModifyIsSortableSettings>1</CanModifyIsSortableSettings>
              <IsDataSourceSecret>0</IsDataSourceSecret>
              <AutoNumberFormat></AutoNumberFormat>
              <IsSearchable>0</IsSearchable>
              <IsFilterable>0</IsFilterable>
              <IsRetrievable>0</IsRetrievable>
              <IsLocalizable>0</IsLocalizable>
              <Format>none</Format>
              <MinValue>0</MinValue>
              <MaxValue>2147483647</MaxValue>
              <displaynames>
                <displayname description="Unplanned Forecast" languagecode="1033" />
                <displayname description="Prévisions non-planifiées" languagecode="1036" />
              </displaynames>
              <Descriptions>
                <Description description="Sum of Unplanned Forecasts for This Region and Fiscal Year." languagecode="1033" />
                <Description description="La somme des prévisions non-planifiées pour cette région et cet exercice" languagecode="1036" />
              </Descriptions>
            </attribute>
          </attributes>
          <EntitySetName>ovs_cdregionalnops</EntitySetName>
          <IsDuplicateCheckSupported>1</IsDuplicateCheckSupported>
          <IsBusinessProcessEnabled>1</IsBusinessProcessEnabled>
          <IsRequiredOffline>0</IsRequiredOffline>
          <IsInteractionCentricEnabled>0</IsInteractionCentricEnabled>
          <IsCollaboration>0</IsCollaboration>
          <AutoRouteToOwnerQueue>0</AutoRouteToOwnerQueue>
          <IsConnectionsEnabled>0</IsConnectionsEnabled>
          <EntityColor></EntityColor>
          <IsDocumentManagementEnabled>0</IsDocumentManagementEnabled>
          <AutoCreateAccessTeams>0</AutoCreateAccessTeams>
          <IsOneNoteIntegrationEnabled>0</IsOneNoteIntegrationEnabled>
          <IsKnowledgeManagementEnabled>0</IsKnowledgeManagementEnabled>
          <IsSLAEnabled>0</IsSLAEnabled>
          <IsDocumentRecommendationsEnabled>0</IsDocumentRecommendationsEnabled>
          <IsBPFEntity>0</IsBPFEntity>
          <OwnershipTypeMask>UserOwned</OwnershipTypeMask>
          <EntityMask>ActivityPointer</EntityMask>
          <IsAuditEnabled>0</IsAuditEnabled>
          <IsRetrieveAuditEnabled>0</IsRetrieveAuditEnabled>
          <IsRetrieveMultipleAuditEnabled>0</IsRetrieveMultipleAuditEnabled>
          <IsActivity>0</IsActivity>
          <ActivityTypeMask></ActivityTypeMask>
          <IsActivityParty>0</IsActivityParty>
          <IsReplicated>0</IsReplicated>
          <IsReplicationUserFiltered>0</IsReplicationUserFiltered>
          <IsMailMergeEnabled>1</IsMailMergeEnabled>
          <IsVisibleInMobile>0</IsVisibleInMobile>
          <IsVisibleInMobileClient>0</IsVisibleInMobileClient>
          <IsReadOnlyInMobileClient>0</IsReadOnlyInMobileClient>
          <IsOfflineInMobileClient>0</IsOfflineInMobileClient>
          <DaysSinceRecordLastModified>0</DaysSinceRecordLastModified>
          <MobileOfflineFilters></MobileOfflineFilters>
          <IsMapiGridEnabled>1</IsMapiGridEnabled>
          <IsReadingPaneEnabled>1</IsReadingPaneEnabled>
          <IsQuickCreateEnabled>0</IsQuickCreateEnabled>
          <SyncToExternalSearchIndex>0</SyncToExternalSearchIndex>
          <IntroducedVersion>1.0.0.0</IntroducedVersion>
          <IsCustomizable>1</IsCustomizable>
          <IsRenameable>1</IsRenameable>
          <IsMappable>1</IsMappable>
          <CanModifyAuditSettings>1</CanModifyAuditSettings>
          <CanModifyMobileVisibility>1</CanModifyMobileVisibility>
          <CanModifyMobileClientVisibility>1</CanModifyMobileClientVisibility>
          <CanModifyMobileClientReadOnly>1</CanModifyMobileClientReadOnly>
          <CanModifyMobileClientOffline>1</CanModifyMobileClientOffline>
          <CanModifyConnectionSettings>1</CanModifyConnectionSettings>
          <CanModifyDuplicateDetectionSettings>1</CanModifyDuplicateDetectionSettings>
          <CanModifyMailMergeSettings>1</CanModifyMailMergeSettings>
          <CanModifyQueueSettings>1</CanModifyQueueSettings>
          <CanCreateAttributes>1</CanCreateAttributes>
          <CanCreateForms>1</CanCreateForms>
          <CanCreateCharts>1</CanCreateCharts>
          <CanCreateViews>1</CanCreateViews>
          <CanModifyAdditionalSettings>1</CanModifyAdditionalSettings>
          <CanEnableSyncToExternalSearchIndex>1</CanEnableSyncToExternalSearchIndex>
          <EnforceStateTransitions>0</EnforceStateTransitions>
          <CanChangeHierarchicalRelationship>1</CanChangeHierarchicalRelationship>
          <EntityHelpUrlEnabled>0</EntityHelpUrlEnabled>
          <ChangeTrackingEnabled>0</ChangeTrackingEnabled>
          <CanChangeTrackingBeEnabled>1</CanChangeTrackingBeEnabled>
          <IsEnabledForExternalChannels>0</IsEnabledForExternalChannels>
          <IsSolutionAware>0</IsSolutionAware>
          <HasRelatedNotes>True</HasRelatedNotes>
          <HasRelatedActivities>True</HasRelatedActivities>
        </entity>
      </EntityInfo>
      <RibbonDiffXml>
        <CustomActions>
          <HideCustomAction HideActionId="new.Mscrm.Form.ovs_cdregionalnop.NewRecord.Hide" Location="Mscrm.Form.ovs_cdregionalnop.NewRecord" />
          <HideCustomAction HideActionId="new.Mscrm.HomepageGrid.ovs_cdregionalnop.NewRecord.Hide" Location="Mscrm.HomepageGrid.ovs_cdregionalnop.NewRecord" />
          <HideCustomAction HideActionId="new.Mscrm.SubGrid.ovs_cdregionalnop.NewRecord.Hide" Location="Mscrm.SubGrid.ovs_cdregionalnop.NewRecord" />
          <CustomAction Id="ovs.ovs_cdregionalnop.btnFillCapacity.CustomAction" Location="Mscrm.Form.ovs_cdregionalnop.MainTab.Save.Controls._children" Sequence="46">
            <CommandUIDefinition>
              <Button Alt="$LocLabels:ovs.ovs_cdregionalnop.btnFillCapacity.Alt" Command="ovs.ovs_cdregionalnop.Command.cmdFillRegionalCapacity" Id="ovs.ovs_cdregionalnop.btnFillCapacity" Image32by32="/_imgs/Workplace/ConvertActivity_32.png" Image16by16="/_imgs/Workplace/ConvertActivity_16.png" LabelText="$LocLabels:ovs.ovs_cdregionalnop.btnFillCapacity.LabelText" Sequence="46" TemplateAlias="o2" ToolTipTitle="$LocLabels:ovs.ovs_cdregionalnop.btnFillCapacity.ToolTipTitle" ModernImage="Process" />
            </CommandUIDefinition>
          </CustomAction>
          <CustomAction Id="ovs.ovs_cdregionalnop.Button.btnReCalculateTotals.CustomAction" Location="Mscrm.Form.ovs_cdregionalnop.MainTab.Save.Controls._children" Sequence="44">
            <CommandUIDefinition>
              <Button Alt="$LocLabels:ovs.ovs_cdregionalnop.Button.btnReCalculateTotals.Alt" Command="ovs.ovs_cdregionalnop.Command.cmdReCalculateTotals" Id="ovs.ovs_cdregionalnop.Button.btnReCalculateTotals" Image32by32="/_imgs/ribbon/AddToQueue_32.png" Image16by16="/_imgs/ribbon/AddToQueue_16.png" LabelText="$LocLabels:ovs.ovs_cdregionalnop.Button.btnReCalculateTotals.LabelText" Sequence="44" TemplateAlias="o2" ToolTipTitle="$LocLabels:ovs.ovs_cdregionalnop.Button.btnReCalculateTotals.ToolTipTitle" ModernImage="AddToQueue" />
            </CommandUIDefinition>
          </CustomAction>
          <CustomAction Id="ovs.ovs_cdregionalnop.Button.GenerateWO.CustomAction" Location="Mscrm.Form.ovs_cdregionalnop.MainTab.Save.Controls._children" Sequence="48">
            <CommandUIDefinition>
              <Button Alt="$LocLabels:ovs.ovs_cdregionalnop.Button.GenerateWO.Alt" Command="ovs.ovs_cdregionalnop.Command.GenerateWO" Id="ovs.ovs_cdregionalnop.Button.GenerateWO" Image32by32="$webresource:AppCommon/_imgs/Workplace/ConvertActivity_32.png" Image16by16="$webresource:AppCommon/_imgs/Workplace/ConvertActivity_16.png" LabelText="$LocLabels:ovs.ovs_cdregionalnop.Button.GenerateWO.LabelText" Sequence="48" TemplateAlias="o2" ToolTipTitle="$LocLabels:ovs.ovs_cdregionalnop.Button.GenerateWO.ToolTipTitle" ModernImage="$webresource:ArcSlaMigrationCommon/_imgs/MigrationTool.svg" />
            </CommandUIDefinition>
          </CustomAction>
        </CustomActions>
        <Templates>
          <RibbonTemplates Id="Mscrm.Templates"></RibbonTemplates>
        </Templates>
        <CommandDefinitions>
          <CommandDefinition Id="ovs.ovs_cdregionalnop.Command.cmdFillRegionalCapacity">
            <EnableRules />
            <DisplayRules />
            <Actions>
              <JavaScriptFunction FunctionName="RegionNOPRibbon.fillRegionalCapacity" Library="$webresource:ovs_RegionalNOP_Ribbon">
                <CrmParameter Value="PrimaryControl" />
              </JavaScriptFunction>
            </Actions>
          </CommandDefinition>
          <CommandDefinition Id="ovs.ovs_cdregionalnop.Command.cmdReCalculateTotals">
            <EnableRules />
            <DisplayRules />
            <Actions>
              <JavaScriptFunction FunctionName="RegionNOPRibbon.reCalculateTotals" Library="$webresource:ovs_RegionalNOP_Ribbon">
                <CrmParameter Value="PrimaryControl" />
              </JavaScriptFunction>
            </Actions>
          </CommandDefinition>
          <CommandDefinition Id="ovs.ovs_cdregionalnop.Command.GenerateWO">
            <EnableRules />
            <DisplayRules />
            <Actions>
              <JavaScriptFunction FunctionName="RegionNOPRibbon.on_runGenerateWO" Library="$webresource:ovs_RegionalNOP_Ribbon">
                <CrmParameter Value="PrimaryControl" />
              </JavaScriptFunction>
            </Actions>
          </CommandDefinition>
        </CommandDefinitions>
        <RuleDefinitions>
          <TabDisplayRules />
          <DisplayRules />
          <EnableRules />
        </RuleDefinitions>
        <LocLabels>
          <LocLabel Id="ovs.ovs_cdregionalnop.btnFillCapacity.Alt">
            <Titles>
              <Title description="Fill Regional Capacity" languagecode="1033" />
              <Title description="Remplissez la capacité de la région" languagecode="1036" />
            </Titles>
          </LocLabel>
          <LocLabel Id="ovs.ovs_cdregionalnop.btnFillCapacity.LabelText">
            <Titles>
              <Title description="Fill Regional Capacity" languagecode="1033" />
              <Title description="Remplissez la capacité de la région" languagecode="1036" />
            </Titles>
          </LocLabel>
          <LocLabel Id="ovs.ovs_cdregionalnop.btnFillCapacity.ToolTipTitle">
            <Titles>
              <Title description="Fill Remaining Regional Capacity With Highest Priority Score Operations." languagecode="1033" />
              <Title description="Remplissez la capacité restante avec les opérations qui ont les scores de priorité les plus élevés." languagecode="1036" />
            </Titles>
          </LocLabel>
          <LocLabel Id="ovs.ovs_cdregionalnop.Button.btnReCalculateTotals.Alt">
            <Titles>
              <Title description="Recalculez les totaux" languagecode="1036" />
              <Title description="Recalculez les totaux" languagecode="1033" />
            </Titles>
          </LocLabel>
          <LocLabel Id="ovs.ovs_cdregionalnop.Button.btnReCalculateTotals.LabelText">
            <Titles>
              <Title description="Recalculate Totals" languagecode="1033" />
              <Title description="Recalculez les totaux" languagecode="1036" />
            </Titles>
          </LocLabel>
          <LocLabel Id="ovs.ovs_cdregionalnop.Button.btnReCalculateTotals.ToolTipTitle">
            <Titles>
              <Title description="Recalculate WOC Totals" languagecode="1033" />
              <Title description=" Recalculez les totaux pour les candidats à l'ordre de travail." languagecode="1036" />
            </Titles>
          </LocLabel>
          <LocLabel Id="ovs.ovs_cdregionalnop.Button.GenerateWO.Alt">
            <Titles>
              <Title description="Generate Work Orders" languagecode="1033" />
              <Title description="Générez les ordres de travail" languagecode="1036" />
            </Titles>
          </LocLabel>
          <LocLabel Id="ovs.ovs_cdregionalnop.Button.GenerateWO.LabelText">
            <Titles>
              <Title description="Generate Work Orders" languagecode="1033" />
              <Title description="Générez les ordres de travail" languagecode="1036" />
            </Titles>
          </LocLabel>
          <LocLabel Id="ovs.ovs_cdregionalnop.Button.GenerateWO.ToolTipTitle">
            <Titles>
              <Title description="Generate the Work Orders based on the Regional NOP" languagecode="1033" />
              <Title description="Générez les ordres de travail en fonction du PNS régional" languagecode="1036" />
            </Titles>
          </LocLabel>
        </LocLabels>
      </RibbonDiffXml>
    </Entity>
  </Entities>
  <Roles></Roles>
  <Workflows></Workflows>
  <FieldSecurityProfiles></FieldSecurityProfiles>
  <Templates />
  <EntityMaps />
  <EntityRelationships />
  <OrganizationSettings />
  <optionsets />
  <CustomControls />
  <EntityDataProviders />
  <Languages>
    <Language>1033</Language>
    <Language>1036</Language>
  </Languages>
</ImportExportXml>