<environmentvariabledefinition schemaname="ovs_DetentionNoticeEN">
  <defaultvalue>-DN-AR-</defaultvalue>
  <description default="Report middle name">
    <label description="Report middle name" languagecode="1033" />
  </description>
  <displayname default="Detention Notice EN">
    <label description="Detention Notice EN" languagecode="1033" />
  </displayname>
  <introducedversion>1.37.1.0</introducedversion>
  <iscustomizable>1</iscustomizable>
  <isrequired>0</isrequired>
  <type>100000000</type>
</environmentvariabledefinition>