<ImportExportXml version="9.2.21041.142" SolutionPackageVersion="9.2" languagecode="1033" generatedBy="CrmLive" xmlns:xsi="http://www.w3.org/2001/XMLSchema-instance">
  <SolutionManifest>
    <UniqueName>TC_GlobalCore_Patch_628cc2c9</UniqueName>
    <LocalizedNames>
      <LocalizedName description="TC.GlobalCore" languagecode="1033" />
      <LocalizedName description="TC.GlobalCore" languagecode="1036" />
    </LocalizedNames>
    <Descriptions>
      <Description description="Patch for TC.GlobalCore" languagecode="1033" />
      <Description description="Patch for TC.GlobalCore" languagecode="1036" />
    </Descriptions>
    <ParentUniqueName>TC_GlobalCore</ParentUniqueName>
    <Version>4.10.0.3</Version>
    <Managed>1</Managed>
    <Publisher>
      <UniqueName>oversightpublisher</UniqueName>
      <LocalizedNames>
        <LocalizedName description="Oversight" languagecode="1033" />
        <LocalizedName description="Surveillance" languagecode="1036" />
      </LocalizedNames>
      <Descriptions>
        <Description description="This is the common solution for AvSec Inspection and TDG Inspection." languagecode="1033" />
        <Description description="Il s’agit de la solution courante pour l’inspection de la sûreté de l’aviation et l’inspection du TMD." languagecode="1036" />
      </Descriptions>
      <EMailAddress xsi:nil="true"></EMailAddress>
      <SupportingWebsiteUrl xsi:nil="true"></SupportingWebsiteUrl>
      <CustomizationPrefix>ovs</CustomizationPrefix>
      <CustomizationOptionValuePrefix>91864</CustomizationOptionValuePrefix>
      <Addresses>
        <Address>
          <AddressNumber>1</AddressNumber>
          <AddressTypeCode>1</AddressTypeCode>
          <City xsi:nil="true"></City>
          <County xsi:nil="true"></County>
          <Country xsi:nil="true"></Country>
          <Fax xsi:nil="true"></Fax>
          <FreightTermsCode xsi:nil="true"></FreightTermsCode>
          <ImportSequenceNumber xsi:nil="true"></ImportSequenceNumber>
          <Latitude xsi:nil="true"></Latitude>
          <Line1 xsi:nil="true"></Line1>
          <Line2 xsi:nil="true"></Line2>
          <Line3 xsi:nil="true"></Line3>
          <Longitude xsi:nil="true"></Longitude>
          <Name xsi:nil="true"></Name>
          <PostalCode xsi:nil="true"></PostalCode>
          <PostOfficeBox xsi:nil="true"></PostOfficeBox>
          <PrimaryContactName xsi:nil="true"></PrimaryContactName>
          <ShippingMethodCode>1</ShippingMethodCode>
          <StateOrProvince xsi:nil="true"></StateOrProvince>
          <Telephone1 xsi:nil="true"></Telephone1>
          <Telephone2 xsi:nil="true"></Telephone2>
          <Telephone3 xsi:nil="true"></Telephone3>
          <TimeZoneRuleVersionNumber xsi:nil="true"></TimeZoneRuleVersionNumber>
          <UPSZone xsi:nil="true"></UPSZone>
          <UTCOffset xsi:nil="true"></UTCOffset>
          <UTCConversionTimeZoneCode xsi:nil="true"></UTCConversionTimeZoneCode>
        </Address>
        <Address>
          <AddressNumber>2</AddressNumber>
          <AddressTypeCode>1</AddressTypeCode>
          <City xsi:nil="true"></City>
          <County xsi:nil="true"></County>
          <Country xsi:nil="true"></Country>
          <Fax xsi:nil="true"></Fax>
          <FreightTermsCode xsi:nil="true"></FreightTermsCode>
          <ImportSequenceNumber xsi:nil="true"></ImportSequenceNumber>
          <Latitude xsi:nil="true"></Latitude>
          <Line1 xsi:nil="true"></Line1>
          <Line2 xsi:nil="true"></Line2>
          <Line3 xsi:nil="true"></Line3>
          <Longitude xsi:nil="true"></Longitude>
          <Name xsi:nil="true"></Name>
          <PostalCode xsi:nil="true"></PostalCode>
          <PostOfficeBox xsi:nil="true"></PostOfficeBox>
          <PrimaryContactName xsi:nil="true"></PrimaryContactName>
          <ShippingMethodCode>1</ShippingMethodCode>
          <StateOrProvince xsi:nil="true"></StateOrProvince>
          <Telephone1 xsi:nil="true"></Telephone1>
          <Telephone2 xsi:nil="true"></Telephone2>
          <Telephone3 xsi:nil="true"></Telephone3>
          <TimeZoneRuleVersionNumber xsi:nil="true"></TimeZoneRuleVersionNumber>
          <UPSZone xsi:nil="true"></UPSZone>
          <UTCOffset xsi:nil="true"></UTCOffset>
          <UTCConversionTimeZoneCode xsi:nil="true"></UTCConversionTimeZoneCode>
        </Address>
      </Addresses>
    </Publisher>
    <RootComponents>
      <RootComponent type="1" schemaName="contact" behavior="1" />
      <RootComponent type="1" schemaName="msdyn_workorderservicetask" behavior="1" />
      <RootComponent type="1" schemaName="ovs_cyaction" behavior="1" />
      <RootComponent type="1" schemaName="qm_sytemplate" behavior="1" />
      <RootComponent type="60" id="{2c961780-b9f9-ea11-a815-000d3af3ac0d}" />
      <RootComponent type="60" id="{5e40ccd7-d32a-eb11-a813-000d3af3a7a7}" />
      <RootComponent type="60" id="{6768019c-3b8e-eb11-b1ac-000d3ae92dbf}" />
      <RootComponent type="60" id="{941a4cdd-5d5c-4dde-ab60-7ff85737cee6}" />
      <RootComponent type="61" schemaName="ovs_ContactMainForm" behavior="0" />
      <RootComponent type="61" schemaName="ovs_EnforcementActionMainForm" behavior="0" />
      <RootComponent type="61" schemaName="ovs_SafetyAssessmentMainForm" behavior="0" />
      <RootComponent type="61" schemaName="qm_/CustomerServiceCall.html" behavior="0" />
      <RootComponent type="61" schemaName="qm_AccountTDG_main.js" behavior="0" />
      <RootComponent type="61" schemaName="qm_ContactQuickCreate_TC.js" behavior="0" />
      <RootComponent type="61" schemaName="qm_globalHelper.js" behavior="0" />
      <RootComponent type="61" schemaName="qm_questionnaireFunctions.js" behavior="0" />
      <RootComponent type="61" schemaName="qm_serviceTaskForm.js" behavior="0" />
      <RootComponent type="61" schemaName="qm_ServiceTask_Ribbons.js" behavior="0" />
      <RootComponent type="61" schemaName="qm_templateForm.js" behavior="0" />
      <RootComponent type="61" schemaName="qm_WO_TDG_main.js" behavior="0" />
    </RootComponents>
    <MissingDependencies>
      <MissingDependency>
        <Required key="0" type="1" schemaName="msdyn_workorderservicetask" displayName="Work Order Service Task" solution="FieldService (8.8.0.88)" />
        <Dependent key="0" type="1" schemaName="msdyn_workorderservicetask" displayName="Work Order Service Task" />
      </MissingDependency>
      <MissingDependency>
        <Required key="1" type="61" schemaName="msdyn_/Icons/Entity/WorkOrder_16.png" displayName="msdyn_/Icons/Entity/WorkOrder_16.png" solution="FieldService (8.8.0.88)" />
        <Dependent key="0" type="1" schemaName="msdyn_workorderservicetask" displayName="Work Order Service Task" />
      </MissingDependency>
      <MissingDependency>
        <Required key="2" type="61" schemaName="msdyn_/Icons/Entity/WorkOrder_32/_imgs/NavBar/Invisible.gif" displayName="msdyn_/Icons/Entity/WorkOrder_32/_imgs/NavBar/Invisible.gif" solution="FieldService (8.8.0.88)" />
        <Dependent key="0" type="1" schemaName="msdyn_workorderservicetask" displayName="Work Order Service Task" />
      </MissingDependency>
      <MissingDependency>
        <Required key="3" type="1" schemaName="ovs_cyaction" displayName="Enforcement Action" solution="Active" />
        <Dependent key="3" type="1" schemaName="ovs_cyaction" displayName="Enforcement Action" />
      </MissingDependency>
      <MissingDependency>
        <Required key="4" type="1" schemaName="qm_sytemplate" displayName="Template" solution="Active" />
        <Dependent key="4" type="1" schemaName="qm_sytemplate" displayName="Template" />
      </MissingDependency>
      <MissingDependency>
        <Required key="5" type="1" schemaName="ovs_enforcementactionviolation" displayName="Enforcement Action Violation" solution="Active" />
        <Dependent key="6" type="60" displayName=" main form" parentDisplayName="Enforcement Action" id="{6768019c-3b8e-eb11-b1ac-000d3ae92dbf}" />
      </MissingDependency>
      <MissingDependency>
        <Required key="7" type="2" schemaName="regardingobjectid" displayName="Regarding" parentSchemaName="ovs_cyaction" parentDisplayName="Enforcement Action" solution="Active" />
        <Dependent key="6" type="60" displayName=" main form" parentDisplayName="Enforcement Action" id="{6768019c-3b8e-eb11-b1ac-000d3ae92dbf}" />
      </MissingDependency>
      <MissingDependency>
        <Required key="8" type="2" schemaName="ownerid" displayName="Owner" parentSchemaName="ovs_cyaction" parentDisplayName="Enforcement Action" solution="Active" />
        <Dependent key="6" type="60" displayName=" main form" parentDisplayName="Enforcement Action" id="{6768019c-3b8e-eb11-b1ac-000d3ae92dbf}" />
      </MissingDependency>
      <MissingDependency>
        <Required key="9" type="2" schemaName="ovs_releasedate" displayName="Release Date" parentSchemaName="ovs_cyaction" parentDisplayName="Enforcement Action" solution="Active" />
        <Dependent key="6" type="60" displayName=" main form" parentDisplayName="Enforcement Action" id="{6768019c-3b8e-eb11-b1ac-000d3ae92dbf}" />
      </MissingDependency>
      <MissingDependency>
        <Required key="10" type="2" schemaName="ovs_dgdescription" displayName="Description of the Dangerous Goods" parentSchemaName="ovs_cyaction" parentDisplayName="Enforcement Action" solution="Active" />
        <Dependent key="6" type="60" displayName=" main form" parentDisplayName="Enforcement Action" id="{6768019c-3b8e-eb11-b1ac-000d3ae92dbf}" />
      </MissingDependency>
      <MissingDependency>
        <Required key="11" type="2" schemaName="ovs_noncompliancedetailstxt" displayName="Details of Non-compliance" parentSchemaName="ovs_cyaction" parentDisplayName="Enforcement Action" solution="Active" />
        <Dependent key="6" type="60" displayName=" main form" parentDisplayName="Enforcement Action" id="{6768019c-3b8e-eb11-b1ac-000d3ae92dbf}" />
      </MissingDependency>
      <MissingDependency>
        <Required key="12" type="2" schemaName="ovs_investigationsynopsis" displayName="Synopsis" parentSchemaName="ovs_cyaction" parentDisplayName="Enforcement Action" solution="Active" />
        <Dependent key="6" type="60" displayName=" main form" parentDisplayName="Enforcement Action" id="{6768019c-3b8e-eb11-b1ac-000d3ae92dbf}" />
      </MissingDependency>
      <MissingDependency>
        <Required key="13" type="2" schemaName="ovs_casereportcourtorderind" displayName="Court Order" parentSchemaName="ovs_cyaction" parentDisplayName="Enforcement Action" solution="Active" />
        <Dependent key="6" type="60" displayName=" main form" parentDisplayName="Enforcement Action" id="{6768019c-3b8e-eb11-b1ac-000d3ae92dbf}" />
      </MissingDependency>
      <MissingDependency>
        <Required key="14" type="2" schemaName="ovs_provisiontxt" displayName="Provision" parentSchemaName="ovs_cyaction" parentDisplayName="Enforcement Action" solution="Active" />
        <Dependent key="6" type="60" displayName=" main form" parentDisplayName="Enforcement Action" id="{6768019c-3b8e-eb11-b1ac-000d3ae92dbf}" />
      </MissingDependency>
      <MissingDependency>
        <Required key="15" type="2" schemaName="ovs_evidencedocuments" displayName="Documents" parentSchemaName="ovs_cyaction" parentDisplayName="Enforcement Action" solution="Active" />
        <Dependent key="6" type="60" displayName=" main form" parentDisplayName="Enforcement Action" id="{6768019c-3b8e-eb11-b1ac-000d3ae92dbf}" />
      </MissingDependency>
      <MissingDependency>
        <Required key="16" type="2" schemaName="ovs_ticketid" displayName="Ticket ID" parentSchemaName="ovs_cyaction" parentDisplayName="Enforcement Action" solution="Active" />
        <Dependent key="6" type="60" displayName=" main form" parentDisplayName="Enforcement Action" id="{6768019c-3b8e-eb11-b1ac-000d3ae92dbf}" />
      </MissingDependency>
      <MissingDependency>
        <Required key="17" type="2" schemaName="createdby" displayName="Created By" parentSchemaName="ovs_cyaction" parentDisplayName="Enforcement Action" solution="Active" />
        <Dependent key="6" type="60" displayName=" main form" parentDisplayName="Enforcement Action" id="{6768019c-3b8e-eb11-b1ac-000d3ae92dbf}" />
      </MissingDependency>
      <MissingDependency>
        <Required key="18" type="2" schemaName="ovs_casereportnbr" displayName="Court Case Number" parentSchemaName="ovs_cyaction" parentDisplayName="Enforcement Action" solution="Active" />
        <Dependent key="6" type="60" displayName=" main form" parentDisplayName="Enforcement Action" id="{6768019c-3b8e-eb11-b1ac-000d3ae92dbf}" />
      </MissingDependency>
      <MissingDependency>
        <Required key="19" type="2" schemaName="ovs_evidencesaamples" displayName="Samples" parentSchemaName="ovs_cyaction" parentDisplayName="Enforcement Action" solution="Active" />
        <Dependent key="6" type="60" displayName=" main form" parentDisplayName="Enforcement Action" id="{6768019c-3b8e-eb11-b1ac-000d3ae92dbf}" />
      </MissingDependency>
      <MissingDependency>
        <Required key="20" type="2" schemaName="ovs_actiondate" displayName="Action Date" parentSchemaName="ovs_cyaction" parentDisplayName="Enforcement Action" solution="Active" />
        <Dependent key="6" type="60" displayName=" main form" parentDisplayName="Enforcement Action" id="{6768019c-3b8e-eb11-b1ac-000d3ae92dbf}" />
      </MissingDependency>
      <MissingDependency>
        <Required key="21" type="2" schemaName="modifiedby" displayName="Modified By" parentSchemaName="ovs_cyaction" parentDisplayName="Enforcement Action" solution="Active" />
        <Dependent key="6" type="60" displayName=" main form" parentDisplayName="Enforcement Action" id="{6768019c-3b8e-eb11-b1ac-000d3ae92dbf}" />
      </MissingDependency>
      <MissingDependency>
        <Required key="22" type="2" schemaName="statecode" displayName="Activity Status" parentSchemaName="ovs_cyaction" parentDisplayName="Enforcement Action" solution="Active" />
        <Dependent key="6" type="60" displayName=" main form" parentDisplayName="Enforcement Action" id="{6768019c-3b8e-eb11-b1ac-000d3ae92dbf}" />
      </MissingDependency>
      <MissingDependency>
        <Required key="23" type="2" schemaName="ovs_actionnumber" displayName="Action Number" parentSchemaName="ovs_cyaction" parentDisplayName="Enforcement Action" solution="Active" />
        <Dependent key="6" type="60" displayName=" main form" parentDisplayName="Enforcement Action" id="{6768019c-3b8e-eb11-b1ac-000d3ae92dbf}" />
      </MissingDependency>
      <MissingDependency>
        <Required key="24" type="2" schemaName="actualend" displayName="Date Resolved" parentSchemaName="ovs_cyaction" parentDisplayName="Enforcement Action" solution="Active" />
        <Dependent key="6" type="60" displayName=" main form" parentDisplayName="Enforcement Action" id="{6768019c-3b8e-eb11-b1ac-000d3ae92dbf}" />
      </MissingDependency>
      <MissingDependency>
        <Required key="25" type="2" schemaName="subject" displayName="Subject" parentSchemaName="ovs_cyaction" parentDisplayName="Enforcement Action" solution="Active" />
        <Dependent key="6" type="60" displayName=" main form" parentDisplayName="Enforcement Action" id="{6768019c-3b8e-eb11-b1ac-000d3ae92dbf}" />
      </MissingDependency>
      <MissingDependency>
        <Required key="26" type="2" schemaName="ovs_actiontype" displayName="Action Type" parentSchemaName="ovs_cyaction" parentDisplayName="Enforcement Action" solution="Active" />
        <Dependent key="6" type="60" displayName=" main form" parentDisplayName="Enforcement Action" id="{6768019c-3b8e-eb11-b1ac-000d3ae92dbf}" />
      </MissingDependency>
      <MissingDependency>
        <Required key="27" type="2" schemaName="ovs_statusjustification" displayName="Justification" parentSchemaName="ovs_cyaction" parentDisplayName="Enforcement Action" solution="Active" />
        <Dependent key="6" type="60" displayName=" main form" parentDisplayName="Enforcement Action" id="{6768019c-3b8e-eb11-b1ac-000d3ae92dbf}" />
      </MissingDependency>
      <MissingDependency>
        <Required key="28" type="2" schemaName="ovs_casereportjudgecommentsind" displayName="Judge's Comments attached" parentSchemaName="ovs_cyaction" parentDisplayName="Enforcement Action" solution="Active" />
        <Dependent key="6" type="60" displayName=" main form" parentDisplayName="Enforcement Action" id="{6768019c-3b8e-eb11-b1ac-000d3ae92dbf}" />
      </MissingDependency>
      <MissingDependency>
        <Required key="29" type="2" schemaName="createdon" displayName="Date Created" parentSchemaName="ovs_cyaction" parentDisplayName="Enforcement Action" solution="Active" />
        <Dependent key="6" type="60" displayName=" main form" parentDisplayName="Enforcement Action" id="{6768019c-3b8e-eb11-b1ac-000d3ae92dbf}" />
      </MissingDependency>
      <MissingDependency>
        <Required key="30" type="2" schemaName="ovs_casereportjudgetxt" displayName="Department of Justice / Crown Attorney" parentSchemaName="ovs_cyaction" parentDisplayName="Enforcement Action" solution="Active" />
        <Dependent key="6" type="60" displayName=" main form" parentDisplayName="Enforcement Action" id="{6768019c-3b8e-eb11-b1ac-000d3ae92dbf}" />
      </MissingDependency>
      <MissingDependency>
        <Required key="31" type="2" schemaName="ovs_evidencestatements" displayName="Statements" parentSchemaName="ovs_cyaction" parentDisplayName="Enforcement Action" solution="Active" />
        <Dependent key="6" type="60" displayName=" main form" parentDisplayName="Enforcement Action" id="{6768019c-3b8e-eb11-b1ac-000d3ae92dbf}" />
      </MissingDependency>
      <MissingDependency>
        <Required key="32" type="2" schemaName="modifiedon" displayName="Last Updated" parentSchemaName="ovs_cyaction" parentDisplayName="Enforcement Action" solution="Active" />
        <Dependent key="6" type="60" displayName=" main form" parentDisplayName="Enforcement Action" id="{6768019c-3b8e-eb11-b1ac-000d3ae92dbf}" />
      </MissingDependency>
      <MissingDependency>
        <Required key="33" type="2" schemaName="statuscode" displayName="Status Reason" parentSchemaName="ovs_cyaction" parentDisplayName="Enforcement Action" solution="Active" />
        <Dependent key="6" type="60" displayName=" main form" parentDisplayName="Enforcement Action" id="{6768019c-3b8e-eb11-b1ac-000d3ae92dbf}" />
      </MissingDependency>
      <MissingDependency>
        <Required key="34" type="2" schemaName="ovs_directiontxt" displayName="Inspector's Direction" parentSchemaName="ovs_cyaction" parentDisplayName="Enforcement Action" solution="Active" />
        <Dependent key="6" type="60" displayName=" main form" parentDisplayName="Enforcement Action" id="{6768019c-3b8e-eb11-b1ac-000d3ae92dbf}" />
      </MissingDependency>
      <MissingDependency>
        <Required key="35" type="2" schemaName="ovs_reasonhoti" displayName="Reason HOTI" parentSchemaName="ovs_cyaction" parentDisplayName="Enforcement Action" solution="Active" />
        <Dependent key="6" type="60" displayName=" main form" parentDisplayName="Enforcement Action" id="{6768019c-3b8e-eb11-b1ac-000d3ae92dbf}" />
      </MissingDependency>
      <MissingDependency>
        <Required key="36" type="2" schemaName="ovs_mocdescription" displayName="Description of the Means of Containment" parentSchemaName="ovs_cyaction" parentDisplayName="Enforcement Action" solution="Active" />
        <Dependent key="6" type="60" displayName=" main form" parentDisplayName="Enforcement Action" id="{6768019c-3b8e-eb11-b1ac-000d3ae92dbf}" />
      </MissingDependency>
      <MissingDependency>
        <Required key="37" type="2" schemaName="ovs_safetyassessmentid" displayName="Safety Assessment" parentSchemaName="ovs_cyaction" parentDisplayName="Enforcement Action" solution="Active" />
        <Dependent key="6" type="60" displayName=" main form" parentDisplayName="Enforcement Action" id="{6768019c-3b8e-eb11-b1ac-000d3ae92dbf}" />
      </MissingDependency>
      <MissingDependency>
        <Required key="38" type="2" schemaName="ovs_reasonmoc" displayName="Reason MOC" parentSchemaName="ovs_cyaction" parentDisplayName="Enforcement Action" solution="Active" />
        <Dependent key="6" type="60" displayName=" main form" parentDisplayName="Enforcement Action" id="{6768019c-3b8e-eb11-b1ac-000d3ae92dbf}" />
      </MissingDependency>
      <MissingDependency>
        <Required key="39" type="2" schemaName="ovs_casereporttrialdate" displayName="Trial Date" parentSchemaName="ovs_cyaction" parentDisplayName="Enforcement Action" solution="Active" />
        <Dependent key="6" type="60" displayName=" main form" parentDisplayName="Enforcement Action" id="{6768019c-3b8e-eb11-b1ac-000d3ae92dbf}" />
      </MissingDependency>
      <MissingDependency>
        <Required key="40" type="2" schemaName="ovs_interventionsummarytxt" displayName="Summary of Intervention" parentSchemaName="ovs_cyaction" parentDisplayName="Enforcement Action" solution="Active" />
        <Dependent key="6" type="60" displayName=" main form" parentDisplayName="Enforcement Action" id="{6768019c-3b8e-eb11-b1ac-000d3ae92dbf}" />
      </MissingDependency>
      <MissingDependency>
        <Required key="41" type="2" schemaName="ovs_revocationjustificationtxt" displayName="Revocation Justification" parentSchemaName="ovs_cyaction" parentDisplayName="Enforcement Action" solution="Active" />
        <Dependent key="6" type="60" displayName=" main form" parentDisplayName="Enforcement Action" id="{6768019c-3b8e-eb11-b1ac-000d3ae92dbf}" />
      </MissingDependency>
      <MissingDependency>
        <Required key="42" type="2" schemaName="ovs_evidencephotos" displayName="Photographs" parentSchemaName="ovs_cyaction" parentDisplayName="Enforcement Action" solution="Active" />
        <Dependent key="6" type="60" displayName=" main form" parentDisplayName="Enforcement Action" id="{6768019c-3b8e-eb11-b1ac-000d3ae92dbf}" />
      </MissingDependency>
      <MissingDependency>
        <Required key="43" type="2" schemaName="ovs_fineamt" displayName="Fine" parentSchemaName="ovs_cyaction" parentDisplayName="Enforcement Action" solution="Active" />
        <Dependent key="6" type="60" displayName=" main form" parentDisplayName="Enforcement Action" id="{6768019c-3b8e-eb11-b1ac-000d3ae92dbf}" />
      </MissingDependency>
      <MissingDependency>
        <Required key="44" type="10" schemaName="ovs_ovs_cysafetyassessment_ovs_cyaction_safetyassessmentid" displayName="ovs_ovs_cysafetyassessment_ovs_cyaction_safetyassessmentid" parentSchemaName="ovs_cysafetyassessment" parentDisplayName="Safety Assessment" solution="Active" />
        <Dependent key="6" type="60" displayName=" main form" parentDisplayName="Enforcement Action" id="{6768019c-3b8e-eb11-b1ac-000d3ae92dbf}" />
      </MissingDependency>
      <MissingDependency>
        <Required key="45" type="10" schemaName="ovs_ovs_cyaction_ovs_enforcementactionviolation_cyactionid" displayName="ovs_ovs_cyaction_ovs_enforcementactionviolation_cyactionid" parentSchemaName="ovs_cyaction" parentDisplayName="Enforcement Action" solution="Active" />
        <Dependent key="6" type="60" displayName=" main form" parentDisplayName="Enforcement Action" id="{6768019c-3b8e-eb11-b1ac-000d3ae92dbf}" />
      </MissingDependency>
      <MissingDependency>
        <Required key="46" type="20" displayName="TDG Base" solution="Active" id="{6ee20a40-2264-eb11-a812-000d3aff0dda}" />
        <Dependent key="6" type="60" displayName=" main form" parentDisplayName="Enforcement Action" id="{6768019c-3b8e-eb11-b1ac-000d3ae92dbf}" />
      </MissingDependency>
      <MissingDependency>
        <Required key="47" type="20" displayName="TDG Inspector" solution="Active" id="{de8e34ea-d189-eb11-b1ac-000d3ae92dbf}" />
        <Dependent key="6" type="60" displayName=" main form" parentDisplayName="Enforcement Action" id="{6768019c-3b8e-eb11-b1ac-000d3ae92dbf}" />
      </MissingDependency>
      <MissingDependency>
        <Required key="48" type="20" displayName="TDG Planner" solution="Active" id="{a8d3ef08-d189-eb11-b1ac-000d3ae92dbf}" />
        <Dependent key="6" type="60" displayName=" main form" parentDisplayName="Enforcement Action" id="{6768019c-3b8e-eb11-b1ac-000d3ae92dbf}" />
      </MissingDependency>
      <MissingDependency>
        <Required key="49" type="20" displayName="TDG Manager" solution="Active" id="{545418f6-d089-eb11-b1ac-000d3ae92dbf}" />
        <Dependent key="6" type="60" displayName=" main form" parentDisplayName="Enforcement Action" id="{6768019c-3b8e-eb11-b1ac-000d3ae92dbf}" />
      </MissingDependency>
      <MissingDependency>
        <Required key="50" type="20" displayName="TDG Analyst" solution="Active" id="{6ba72790-cf89-eb11-b1ac-000d3ae92dbf}" />
        <Dependent key="6" type="60" displayName=" main form" parentDisplayName="Enforcement Action" id="{6768019c-3b8e-eb11-b1ac-000d3ae92dbf}" />
      </MissingDependency>
      <MissingDependency>
        <Required key="51" type="26" schemaName="Active Enforcement Action Violations" displayName="Active Enforcement Action Violations" parentSchemaName="ovs_enforcementactionviolation" parentDisplayName="Enforcement Action Violation" solution="Active" id="{0075562f-fb4b-48e4-926f-eb7b6c114630}" />
        <Dependent key="6" type="60" displayName=" main form" parentDisplayName="Enforcement Action" id="{6768019c-3b8e-eb11-b1ac-000d3ae92dbf}" />
      </MissingDependency>
      <MissingDependency>
        <Required key="52" type="1" schemaName="msdyn_workorder" displayName="Work Order" solution="FieldService (8.8.0.88)" />
        <Dependent key="53" type="60" displayName="Tâche de service TMD" parentDisplayName="Work Order Service Task" id="{941a4cdd-5d5c-4dde-ab60-7ff85737cee6}" />
      </MissingDependency>
      <MissingDependency>
        <Required key="54" type="2" schemaName="msdyn_actualduration" displayName="Actual Duration" parentSchemaName="msdyn_workorderservicetask" parentDisplayName="Work Order Service Task" solution="FieldService (8.8.0.88)" />
        <Dependent key="53" type="60" displayName="Tâche de service TMD" parentDisplayName="Work Order Service Task" id="{941a4cdd-5d5c-4dde-ab60-7ff85737cee6}" />
      </MissingDependency>
      <MissingDependency>
        <Required key="55" type="2" schemaName="msdyn_workorderincident" displayName="Work Order Incident" parentSchemaName="msdyn_workorderservicetask" parentDisplayName="Work Order Service Task" solution="FieldService (8.8.0.88)" />
        <Dependent key="53" type="60" displayName="Tâche de service TMD" parentDisplayName="Work Order Service Task" id="{941a4cdd-5d5c-4dde-ab60-7ff85737cee6}" />
      </MissingDependency>
      <MissingDependency>
        <Required key="56" type="2" schemaName="msdyn_description" displayName="Description" parentSchemaName="msdyn_workorderservicetask" parentDisplayName="Work Order Service Task" solution="FieldService (8.8.0.88)" />
        <Dependent key="53" type="60" displayName="Tâche de service TMD" parentDisplayName="Work Order Service Task" id="{941a4cdd-5d5c-4dde-ab60-7ff85737cee6}" />
      </MissingDependency>
      <MissingDependency>
        <Required key="57" type="2" schemaName="ovs_questionnaireresultjson" displayName="Questionnaire Result JSON" parentSchemaName="msdyn_workorderservicetask" parentDisplayName="Work Order Service Task" solution="Active" />
        <Dependent key="53" type="60" displayName="Tâche de service TMD" parentDisplayName="Work Order Service Task" id="{941a4cdd-5d5c-4dde-ab60-7ff85737cee6}" />
      </MissingDependency>
      <MissingDependency>
        <Required key="58" type="2" schemaName="statuscode" displayName="Status Reason" parentSchemaName="msdyn_workorderservicetask" parentDisplayName="Work Order Service Task" solution="FieldService (8.8.0.88)" />
        <Dependent key="53" type="60" displayName="Tâche de service TMD" parentDisplayName="Work Order Service Task" id="{941a4cdd-5d5c-4dde-ab60-7ff85737cee6}" />
      </MissingDependency>
      <MissingDependency>
        <Required key="59" type="2" schemaName="qm_isquestionnaireupdated" displayName="Is Questionnaire Updated" parentSchemaName="msdyn_workorderservicetask" parentDisplayName="Work Order Service Task" solution="Active" />
        <Dependent key="53" type="60" displayName="Tâche de service TMD" parentDisplayName="Work Order Service Task" id="{941a4cdd-5d5c-4dde-ab60-7ff85737cee6}" />
      </MissingDependency>
      <MissingDependency>
        <Required key="60" type="2" schemaName="ownerid" displayName="Owner" parentSchemaName="msdyn_workorderservicetask" parentDisplayName="Work Order Service Task" solution="Active" />
        <Dependent key="53" type="60" displayName="Tâche de service TMD" parentDisplayName="Work Order Service Task" id="{941a4cdd-5d5c-4dde-ab60-7ff85737cee6}" />
      </MissingDependency>
      <MissingDependency>
        <Required key="61" type="2" schemaName="msdyn_booking" displayName="Booking" parentSchemaName="msdyn_workorderservicetask" parentDisplayName="Work Order Service Task" solution="FieldService (8.8.0.88)" />
        <Dependent key="53" type="60" displayName="Tâche de service TMD" parentDisplayName="Work Order Service Task" id="{941a4cdd-5d5c-4dde-ab60-7ff85737cee6}" />
      </MissingDependency>
      <MissingDependency>
        <Required key="62" type="2" schemaName="msdyn_name" displayName="Name" parentSchemaName="msdyn_workorderservicetask" parentDisplayName="Work Order Service Task" solution="FieldService (8.8.0.88)" />
        <Dependent key="53" type="60" displayName="Tâche de service TMD" parentDisplayName="Work Order Service Task" id="{941a4cdd-5d5c-4dde-ab60-7ff85737cee6}" />
      </MissingDependency>
      <MissingDependency>
        <Required key="63" type="2" schemaName="msdyn_estimatedduration" displayName="Estimated Duration" parentSchemaName="msdyn_workorderservicetask" parentDisplayName="Work Order Service Task" solution="FieldService (8.8.0.88)" />
        <Dependent key="53" type="60" displayName="Tâche de service TMD" parentDisplayName="Work Order Service Task" id="{941a4cdd-5d5c-4dde-ab60-7ff85737cee6}" />
      </MissingDependency>
      <MissingDependency>
        <Required key="64" type="2" schemaName="msdyn_tasktype" displayName="Task Type" parentSchemaName="msdyn_workorderservicetask" parentDisplayName="Work Order Service Task" solution="FieldService (8.8.0.88)" />
        <Dependent key="53" type="60" displayName="Tâche de service TMD" parentDisplayName="Work Order Service Task" id="{941a4cdd-5d5c-4dde-ab60-7ff85737cee6}" />
      </MissingDependency>
      <MissingDependency>
        <Required key="65" type="2" schemaName="msdyn_percentcomplete" displayName="% Complete" parentSchemaName="msdyn_workorderservicetask" parentDisplayName="Work Order Service Task" solution="FieldService (8.8.0.88)" />
        <Dependent key="53" type="60" displayName="Tâche de service TMD" parentDisplayName="Work Order Service Task" id="{941a4cdd-5d5c-4dde-ab60-7ff85737cee6}" />
      </MissingDependency>
      <MissingDependency>
        <Required key="66" type="2" schemaName="msdyn_lineorder" displayName="Line Order" parentSchemaName="msdyn_workorderservicetask" parentDisplayName="Work Order Service Task" solution="FieldService (8.8.0.88)" />
        <Dependent key="53" type="60" displayName="Tâche de service TMD" parentDisplayName="Work Order Service Task" id="{941a4cdd-5d5c-4dde-ab60-7ff85737cee6}" />
      </MissingDependency>
      <MissingDependency>
        <Required key="67" type="2" schemaName="msdyn_agreementbookingservicetask" displayName="Agreement Booking Service Task" parentSchemaName="msdyn_workorderservicetask" parentDisplayName="Work Order Service Task" solution="FieldService (8.8.0.88)" />
        <Dependent key="53" type="60" displayName="Tâche de service TMD" parentDisplayName="Work Order Service Task" id="{941a4cdd-5d5c-4dde-ab60-7ff85737cee6}" />
      </MissingDependency>
      <MissingDependency>
        <Required key="68" type="2" schemaName="msdyn_customerasset" displayName="Customer Asset" parentSchemaName="msdyn_workorderservicetask" parentDisplayName="Work Order Service Task" solution="FieldService (8.8.0.88)" />
        <Dependent key="53" type="60" displayName="Tâche de service TMD" parentDisplayName="Work Order Service Task" id="{941a4cdd-5d5c-4dde-ab60-7ff85737cee6}" />
      </MissingDependency>
      <MissingDependency>
        <Required key="69" type="2" schemaName="msdyn_inspectiontaskresult" displayName="Result" parentSchemaName="msdyn_workorderservicetask" parentDisplayName="Work Order Service Task" solution="msdyn_FieldService_patch_update (8.8.40.109)" />
        <Dependent key="53" type="60" displayName="Tâche de service TMD" parentDisplayName="Work Order Service Task" id="{941a4cdd-5d5c-4dde-ab60-7ff85737cee6}" />
      </MissingDependency>
      <MissingDependency>
        <Required key="70" type="2" schemaName="statecode" displayName="Status" parentSchemaName="msdyn_workorderservicetask" parentDisplayName="Work Order Service Task" solution="FieldService (8.8.0.88)" />
        <Dependent key="53" type="60" displayName="Tâche de service TMD" parentDisplayName="Work Order Service Task" id="{941a4cdd-5d5c-4dde-ab60-7ff85737cee6}" />
      </MissingDependency>
      <MissingDependency>
        <Required key="71" type="2" schemaName="msdyn_workorder" displayName="Work Order" parentSchemaName="msdyn_workorderservicetask" parentDisplayName="Work Order Service Task" solution="FieldService (8.8.0.88)" />
        <Dependent key="53" type="60" displayName="Tâche de service TMD" parentDisplayName="Work Order Service Task" id="{941a4cdd-5d5c-4dde-ab60-7ff85737cee6}" />
      </MissingDependency>
      <MissingDependency>
        <Required key="72" type="10" schemaName="msdyn_msdyn_servicetasktype_msdyn_workorderservicetask_TaskType" displayName="msdyn_msdyn_servicetasktype_msdyn_workorderservicetask_TaskType" parentSchemaName="msdyn_servicetasktype" parentDisplayName="Service Task Type" solution="FieldService (8.8.0.88)" />
        <Dependent key="53" type="60" displayName="Tâche de service TMD" parentDisplayName="Work Order Service Task" id="{941a4cdd-5d5c-4dde-ab60-7ff85737cee6}" />
      </MissingDependency>
      <MissingDependency>
        <Required key="73" type="10" schemaName="msdyn_msdyn_workorder_msdyn_workorderincident_WorkOrder" displayName="msdyn_msdyn_workorder_msdyn_workorderincident_WorkOrder" parentSchemaName="msdyn_workorder" parentDisplayName="Work Order" solution="FieldService (8.8.0.88)" />
        <Dependent key="53" type="60" displayName="Tâche de service TMD" parentDisplayName="Work Order Service Task" id="{941a4cdd-5d5c-4dde-ab60-7ff85737cee6}" />
      </MissingDependency>
      <MissingDependency>
        <Required key="74" type="10" schemaName="msdyn_msdyn_workorderincident_msdyn_workorderservicetask_WorkOrderIncident" displayName="msdyn_msdyn_workorderincident_msdyn_workorderservicetask_WorkOrderIncident" parentSchemaName="msdyn_workorderincident" parentDisplayName="Work Order Incident" solution="FieldService (8.8.0.88)" />
        <Dependent key="53" type="60" displayName="Tâche de service TMD" parentDisplayName="Work Order Service Task" id="{941a4cdd-5d5c-4dde-ab60-7ff85737cee6}" />
      </MissingDependency>
      <MissingDependency>
        <Required key="75" type="10" schemaName="msdyn_msdyn_workorder_bookableresourcebooking_WorkOrder" displayName="msdyn_msdyn_workorder_bookableresourcebooking_WorkOrder" parentSchemaName="msdyn_workorder" parentDisplayName="Work Order" solution="FieldService (8.8.0.88)" />
        <Dependent key="53" type="60" displayName="Tâche de service TMD" parentDisplayName="Work Order Service Task" id="{941a4cdd-5d5c-4dde-ab60-7ff85737cee6}" />
      </MissingDependency>
      <MissingDependency>
        <Required key="76" type="10" schemaName="msdyn_msdyn_agreementbookingservicetask_msdyn_workorderservicetask_AgreementBookingServiceTask" displayName="msdyn_msdyn_agreementbookingservicetask_msdyn_workorderservicetask_AgreementBookingServiceTask" parentSchemaName="msdyn_agreementbookingservicetask" parentDisplayName="Agreement Booking Service Task" solution="FieldService (8.8.0.88)" />
        <Dependent key="53" type="60" displayName="Tâche de service TMD" parentDisplayName="Work Order Service Task" id="{941a4cdd-5d5c-4dde-ab60-7ff85737cee6}" />
      </MissingDependency>
      <MissingDependency>
        <Required key="77" type="10" schemaName="msdyn_msdyn_workorder_msdyn_workorderservicetask_WorkOrder" displayName="msdyn_msdyn_workorder_msdyn_workorderservicetask_WorkOrder" parentSchemaName="msdyn_workorder" parentDisplayName="Work Order" solution="FieldService (8.8.0.88)" />
        <Dependent key="53" type="60" displayName="Tâche de service TMD" parentDisplayName="Work Order Service Task" id="{941a4cdd-5d5c-4dde-ab60-7ff85737cee6}" />
      </MissingDependency>
      <MissingDependency>
        <Required key="78" type="10" schemaName="msdyn_bookableresourcebooking_msdyn_workorderservicetask_Booking" displayName="msdyn_bookableresourcebooking_msdyn_workorderservicetask_Booking" parentSchemaName="bookableresourcebooking" parentDisplayName="Bookable Resource Booking" solution="FieldService (8.8.0.88)" />
        <Dependent key="53" type="60" displayName="Tâche de service TMD" parentDisplayName="Work Order Service Task" id="{941a4cdd-5d5c-4dde-ab60-7ff85737cee6}" />
      </MissingDependency>
      <MissingDependency>
        <Required key="79" type="10" schemaName="msdyn_msdyn_customerasset_msdyn_workorderservicetask_CustomerAsset" displayName="msdyn_msdyn_customerasset_msdyn_workorderservicetask_CustomerAsset" parentSchemaName="msdyn_customerasset" parentDisplayName="Customer Asset" solution="FieldService (8.8.0.88)" />
        <Dependent key="53" type="60" displayName="Tâche de service TMD" parentDisplayName="Work Order Service Task" id="{941a4cdd-5d5c-4dde-ab60-7ff85737cee6}" />
      </MissingDependency>
      <MissingDependency>
        <Required key="50" type="20" displayName="TDG Analyst" solution="Active" id="{6ba72790-cf89-eb11-b1ac-000d3ae92dbf}" />
        <Dependent key="53" type="60" displayName="Tâche de service TMD" parentDisplayName="Work Order Service Task" id="{941a4cdd-5d5c-4dde-ab60-7ff85737cee6}" />
      </MissingDependency>
      <MissingDependency>
        <Required key="47" type="20" displayName="TDG Inspector" solution="Active" id="{de8e34ea-d189-eb11-b1ac-000d3ae92dbf}" />
        <Dependent key="53" type="60" displayName="Tâche de service TMD" parentDisplayName="Work Order Service Task" id="{941a4cdd-5d5c-4dde-ab60-7ff85737cee6}" />
      </MissingDependency>
      <MissingDependency>
        <Required key="49" type="20" displayName="TDG Manager" solution="Active" id="{545418f6-d089-eb11-b1ac-000d3ae92dbf}" />
        <Dependent key="53" type="60" displayName="Tâche de service TMD" parentDisplayName="Work Order Service Task" id="{941a4cdd-5d5c-4dde-ab60-7ff85737cee6}" />
      </MissingDependency>
      <MissingDependency>
        <Required key="48" type="20" displayName="TDG Planner" solution="Active" id="{a8d3ef08-d189-eb11-b1ac-000d3ae92dbf}" />
        <Dependent key="53" type="60" displayName="Tâche de service TMD" parentDisplayName="Work Order Service Task" id="{941a4cdd-5d5c-4dde-ab60-7ff85737cee6}" />
      </MissingDependency>
      <MissingDependency>
        <Required key="80" type="26" schemaName="Vue Recherche de réservation de ressources pouvant être réservées" displayName="Vue Recherche de réservation de ressources pouvant être réservées" parentSchemaName="bookableresourcebooking" parentDisplayName="Bookable Resource Booking" solution="msdynce_Scheduling (9.0.0.0)" id="{c218571e-468c-4271-815f-811c72c2f338}" />
        <Dependent key="53" type="60" displayName="Tâche de service TMD" parentDisplayName="Work Order Service Task" id="{941a4cdd-5d5c-4dde-ab60-7ff85737cee6}" />
      </MissingDependency>
      <MissingDependency>
        <Required key="81" type="26" schemaName="Vue Recherche de type de tâche active relative aux services" displayName="Vue Recherche de type de tâche active relative aux services" parentSchemaName="msdyn_servicetasktype" parentDisplayName="Service Task Type" solution="FieldService (8.8.0.88)" id="{d7d451c8-8656-4bf5-98be-66263f412592}" />
        <Dependent key="53" type="60" displayName="Tâche de service TMD" parentDisplayName="Work Order Service Task" id="{941a4cdd-5d5c-4dde-ab60-7ff85737cee6}" />
      </MissingDependency>
      <MissingDependency>
        <Required key="82" type="26" schemaName="Vue Recherche d'incidents d'ordres de travail" displayName="Vue Recherche d'incidents d'ordres de travail" parentSchemaName="msdyn_workorderincident" parentDisplayName="Work Order Incident" solution="FieldService (8.8.0.88)" id="{47f96161-081e-4885-b167-5267b44358e6}" />
        <Dependent key="53" type="60" displayName="Tâche de service TMD" parentDisplayName="Work Order Service Task" id="{941a4cdd-5d5c-4dde-ab60-7ff85737cee6}" />
      </MissingDependency>
      <MissingDependency>
        <Required key="83" type="26" schemaName="Vue Recherche de tâches de service de réservation de contrat" displayName="Vue Recherche de tâches de service de réservation de contrat" parentSchemaName="msdyn_agreementbookingservicetask" parentDisplayName="Agreement Booking Service Task" solution="FieldService (8.8.0.88)" id="{27c7984f-6236-4da9-8976-002e48453624}" />
        <Dependent key="53" type="60" displayName="Tâche de service TMD" parentDisplayName="Work Order Service Task" id="{941a4cdd-5d5c-4dde-ab60-7ff85737cee6}" />
      </MissingDependency>
      <MissingDependency>
        <Required key="84" type="60" displayName="Vue rapide des sites" parentDisplayName="Work Order" solution="Active" id="{948e0d30-ed86-407a-bca3-6beaf5a1c91e}" />
        <Dependent key="53" type="60" displayName="Tâche de service TMD" parentDisplayName="Work Order Service Task" id="{941a4cdd-5d5c-4dde-ab60-7ff85737cee6}" />
      </MissingDependency>
      <MissingDependency>
        <Required key="85" type="61" schemaName="qm_render.html" displayName="qm_render.html" solution="Active" />
        <Dependent key="53" type="60" displayName="Tâche de service TMD" parentDisplayName="Work Order Service Task" id="{941a4cdd-5d5c-4dde-ab60-7ff85737cee6}" />
      </MissingDependency>
      <MissingDependency>
        <Required key="86" type="2" schemaName="qm_templatefnm" displayName="French Name" parentSchemaName="qm_sytemplate" parentDisplayName="Template" solution="Active" />
        <Dependent key="87" type="60" displayName="Gabarit" parentDisplayName="Template" id="{5e40ccd7-d32a-eb11-a813-000d3af3a7a7}" />
      </MissingDependency>
      <MissingDependency>
        <Required key="88" type="2" schemaName="qm_templateenm" displayName="English Name" parentSchemaName="qm_sytemplate" parentDisplayName="Template" solution="Active" />
        <Dependent key="87" type="60" displayName="Gabarit" parentDisplayName="Template" id="{5e40ccd7-d32a-eb11-a813-000d3af3a7a7}" />
      </MissingDependency>
      <MissingDependency>
        <Required key="89" type="2" schemaName="qm_templatedescetxt" displayName="Description" parentSchemaName="qm_sytemplate" parentDisplayName="Template" solution="Active" />
        <Dependent key="87" type="60" displayName="Gabarit" parentDisplayName="Template" id="{5e40ccd7-d32a-eb11-a813-000d3af3a7a7}" />
      </MissingDependency>
      <MissingDependency>
        <Required key="90" type="2" schemaName="qm_templatejsontxt" displayName="Template JSON" parentSchemaName="qm_sytemplate" parentDisplayName="Template" solution="Active" />
        <Dependent key="87" type="60" displayName="Gabarit" parentDisplayName="Template" id="{5e40ccd7-d32a-eb11-a813-000d3af3a7a7}" />
      </MissingDependency>
      <MissingDependency>
        <Required key="91" type="2" schemaName="qm_templatedescftxt" displayName="French Description" parentSchemaName="qm_sytemplate" parentDisplayName="Template" solution="Active" />
        <Dependent key="87" type="60" displayName="Gabarit" parentDisplayName="Template" id="{5e40ccd7-d32a-eb11-a813-000d3af3a7a7}" />
      </MissingDependency>
      <MissingDependency>
        <Required key="92" type="2" schemaName="qm_name" displayName="Name" parentSchemaName="qm_sytemplate" parentDisplayName="Template" solution="Active" />
        <Dependent key="87" type="60" displayName="Gabarit" parentDisplayName="Template" id="{5e40ccd7-d32a-eb11-a813-000d3af3a7a7}" />
      </MissingDependency>
      <MissingDependency>
        <Required key="93" type="20" displayName="Questionnaire Administrator" solution="Active" id="{4b00cd47-0217-eb11-a813-000d3af3ac0d}" />
        <Dependent key="87" type="60" displayName="Gabarit" parentDisplayName="Template" id="{5e40ccd7-d32a-eb11-a813-000d3af3a7a7}" />
      </MissingDependency>
      <MissingDependency>
        <Required key="94" type="61" schemaName="qm_builder.html" displayName="qm_builder.html" solution="Active" />
        <Dependent key="87" type="60" displayName="Gabarit" parentDisplayName="Template" id="{5e40ccd7-d32a-eb11-a813-000d3af3a7a7}" />
      </MissingDependency>
      <MissingDependency>
        <Required key="95" type="2" schemaName="businesscardattributes" displayName="BusinessCardAttributes" parentSchemaName="contact" parentDisplayName="Contact" solution="msdynce_SalesPatch201904 (9.0.1912.1007)" />
        <Dependent key="96" type="60" displayName="Formulaire principal du contact" parentDisplayName="Contact" id="{2c961780-b9f9-ea11-a815-000d3af3ac0d}" />
      </MissingDependency>
      <MissingDependency>
        <Required key="97" type="2" schemaName="originatingleadid" displayName="Originating Lead" parentSchemaName="contact" parentDisplayName="Contact" solution="msdynce_LeadManagement (9.0.4.0066)" />
        <Dependent key="96" type="60" displayName="Formulaire principal du contact" parentDisplayName="Contact" id="{2c961780-b9f9-ea11-a815-000d3af3ac0d}" />
      </MissingDependency>
      <MissingDependency>
        <Required key="98" type="2" schemaName="businesscard" displayName="Business Card" parentSchemaName="contact" parentDisplayName="Contact" solution="msdynce_SalesPatch201904 (9.0.1912.1007)" />
        <Dependent key="96" type="60" displayName="Formulaire principal du contact" parentDisplayName="Contact" id="{2c961780-b9f9-ea11-a815-000d3af3ac0d}" />
      </MissingDependency>
      <MissingDependency>
        <Required key="49" type="20" displayName="TDG Manager" solution="Active" id="{545418f6-d089-eb11-b1ac-000d3ae92dbf}" />
        <Dependent key="96" type="60" displayName="Formulaire principal du contact" parentDisplayName="Contact" id="{2c961780-b9f9-ea11-a815-000d3af3ac0d}" />
      </MissingDependency>
      <MissingDependency>
        <Required key="47" type="20" displayName="TDG Inspector" solution="Active" id="{de8e34ea-d189-eb11-b1ac-000d3ae92dbf}" />
        <Dependent key="96" type="60" displayName="Formulaire principal du contact" parentDisplayName="Contact" id="{2c961780-b9f9-ea11-a815-000d3af3ac0d}" />
      </MissingDependency>
      <MissingDependency>
        <Required key="50" type="20" displayName="TDG Analyst" solution="Active" id="{6ba72790-cf89-eb11-b1ac-000d3ae92dbf}" />
        <Dependent key="96" type="60" displayName="Formulaire principal du contact" parentDisplayName="Contact" id="{2c961780-b9f9-ea11-a815-000d3af3ac0d}" />
      </MissingDependency>
      <MissingDependency>
        <Required key="48" type="20" displayName="TDG Planner" solution="Active" id="{a8d3ef08-d189-eb11-b1ac-000d3ae92dbf}" />
        <Dependent key="96" type="60" displayName="Formulaire principal du contact" parentDisplayName="Contact" id="{2c961780-b9f9-ea11-a815-000d3af3ac0d}" />
      </MissingDependency>
      <MissingDependency>
        <Required key="99" type="60" displayName="carte de contact de compte" parentDisplayName="Contact" solution="msdynce_AppCommon (9.0.4.0066)" id="{29de27bc-a257-4f29-99cf-bab4a84e688f}" />
        <Dependent key="96" type="60" displayName="Formulaire principal du contact" parentDisplayName="Contact" id="{2c961780-b9f9-ea11-a815-000d3af3ac0d}" />
      </MissingDependency>
      <MissingDependency>
        <Required key="100" type="66" schemaName="MscrmControls.CardFeedContainer.CardFeedContainer" displayName="MscrmControls.CardFeedContainer.CardFeedContainer" solution="BaseCustomControlsCore (9.0.2104.1016)" />
        <Dependent key="96" type="60" displayName="Formulaire principal du contact" parentDisplayName="Contact" id="{2c961780-b9f9-ea11-a815-000d3af3ac0d}" />
      </MissingDependency>
      <MissingDependency>
        <Required key="101" type="66" schemaName="Intelligence.BusinessCardReaderControl.BusinessCardReader" displayName="Intelligence.BusinessCardReaderControl.BusinessCardReader" solution="BaseCustomControlsCore (9.0.2104.1016)" />
        <Dependent key="96" type="60" displayName="Formulaire principal du contact" parentDisplayName="Contact" id="{2c961780-b9f9-ea11-a815-000d3af3ac0d}" />
      </MissingDependency>
      <MissingDependency>
        <Required key="102" type="66" schemaName="MscrmControls.TalkingPointsControl.TalkingPoints" displayName="MscrmControls.TalkingPointsControl.TalkingPoints" solution="msdynce_Talkingpoints (9.0.1.701375)" />
        <Dependent key="96" type="60" displayName="Formulaire principal du contact" parentDisplayName="Contact" id="{2c961780-b9f9-ea11-a815-000d3af3ac0d}" />
      </MissingDependency>
      <MissingDependency>
        <Required key="103" type="61" schemaName="msdyn_/Contact/Contact.Library.js" displayName="msdyn_/Contact/Contact.Library.js" solution="FieldService (8.8.0.88)" />
        <Dependent key="96" type="60" displayName="Formulaire principal du contact" parentDisplayName="Contact" id="{2c961780-b9f9-ea11-a815-000d3af3ac0d}" />
      </MissingDependency>
      <MissingDependency>
        <Required key="104" type="61" schemaName="msdyn_talkingpointsloader.js" displayName="msdyn_talkingpointsloader.js" solution="msdynce_Talkingpoints (9.0.1.701375)" />
        <Dependent key="96" type="60" displayName="Formulaire principal du contact" parentDisplayName="Contact" id="{2c961780-b9f9-ea11-a815-000d3af3ac0d}" />
      </MissingDependency>
    </MissingDependencies>
  </SolutionManifest>
</ImportExportXml>