<ImportExportXml version="9.2.21122.140" SolutionPackageVersion="9.2" languagecode="1033" generatedBy="CrmLive" xmlns:xsi="http://www.w3.org/2001/XMLSchema-instance">
  <SolutionManifest>
    <UniqueName>TC_GlobalCore_Patch_7f965802</UniqueName>
    <LocalizedNames>
      <LocalizedName description="TDG Core Schema" languagecode="1033" />
    </LocalizedNames>
    <Descriptions>
      <Description description="Patch for TDG Core Schema" languagecode="1033" />
    </Descriptions>
    <ParentUniqueName>TC_GlobalCore</ParentUniqueName>
    <Version>1.125.7.0</Version>
    <Managed>0</Managed>
    <Publisher>
      <UniqueName>oversightpublisher</UniqueName>
      <LocalizedNames>
        <LocalizedName description="Oversight" languagecode="1033" />
      </LocalizedNames>
      <Descriptions>
        <Description description="This is the common solution for AvSec Inspection and TDG Inspection." languagecode="1033" />
      </Descriptions>
      <EMailAddress xsi:nil="true"></EMailAddress>
      <SupportingWebsiteUrl xsi:nil="true"></SupportingWebsiteUrl>
      <CustomizationPrefix>ovs</CustomizationPrefix>
      <CustomizationOptionValuePrefix>91864</CustomizationOptionValuePrefix>
      <Addresses>
        <Address>
          <AddressNumber>1</AddressNumber>
          <AddressTypeCode>1</AddressTypeCode>
          <City xsi:nil="true"></City>
          <County xsi:nil="true"></County>
          <Country xsi:nil="true"></Country>
          <Fax xsi:nil="true"></Fax>
          <FreightTermsCode xsi:nil="true"></FreightTermsCode>
          <ImportSequenceNumber xsi:nil="true"></ImportSequenceNumber>
          <Latitude xsi:nil="true"></Latitude>
          <Line1 xsi:nil="true"></Line1>
          <Line2 xsi:nil="true"></Line2>
          <Line3 xsi:nil="true"></Line3>
          <Longitude xsi:nil="true"></Longitude>
          <Name xsi:nil="true"></Name>
          <PostalCode xsi:nil="true"></PostalCode>
          <PostOfficeBox xsi:nil="true"></PostOfficeBox>
          <PrimaryContactName xsi:nil="true"></PrimaryContactName>
          <ShippingMethodCode>1</ShippingMethodCode>
          <StateOrProvince xsi:nil="true"></StateOrProvince>
          <Telephone1 xsi:nil="true"></Telephone1>
          <Telephone2 xsi:nil="true"></Telephone2>
          <Telephone3 xsi:nil="true"></Telephone3>
          <TimeZoneRuleVersionNumber xsi:nil="true"></TimeZoneRuleVersionNumber>
          <UPSZone xsi:nil="true"></UPSZone>
          <UTCOffset xsi:nil="true"></UTCOffset>
          <UTCConversionTimeZoneCode xsi:nil="true"></UTCConversionTimeZoneCode>
        </Address>
        <Address>
          <AddressNumber>2</AddressNumber>
          <AddressTypeCode>1</AddressTypeCode>
          <City xsi:nil="true"></City>
          <County xsi:nil="true"></County>
          <Country xsi:nil="true"></Country>
          <Fax xsi:nil="true"></Fax>
          <FreightTermsCode xsi:nil="true"></FreightTermsCode>
          <ImportSequenceNumber xsi:nil="true"></ImportSequenceNumber>
          <Latitude xsi:nil="true"></Latitude>
          <Line1 xsi:nil="true"></Line1>
          <Line2 xsi:nil="true"></Line2>
          <Line3 xsi:nil="true"></Line3>
          <Longitude xsi:nil="true"></Longitude>
          <Name xsi:nil="true"></Name>
          <PostalCode xsi:nil="true"></PostalCode>
          <PostOfficeBox xsi:nil="true"></PostOfficeBox>
          <PrimaryContactName xsi:nil="true"></PrimaryContactName>
          <ShippingMethodCode>1</ShippingMethodCode>
          <StateOrProvince xsi:nil="true"></StateOrProvince>
          <Telephone1 xsi:nil="true"></Telephone1>
          <Telephone2 xsi:nil="true"></Telephone2>
          <Telephone3 xsi:nil="true"></Telephone3>
          <TimeZoneRuleVersionNumber xsi:nil="true"></TimeZoneRuleVersionNumber>
          <UPSZone xsi:nil="true"></UPSZone>
          <UTCOffset xsi:nil="true"></UTCOffset>
          <UTCConversionTimeZoneCode xsi:nil="true"></UTCConversionTimeZoneCode>
        </Address>
      </Addresses>
    </Publisher>
    <RootComponents>
      <RootComponent type="1" schemaName="account" behavior="1" />
      <RootComponent type="1" schemaName="ovs_mocregistration" behavior="2" />
      <RootComponent type="1" schemaName="ovs_workordercandidate" behavior="2" />
      <RootComponent type="61" schemaName="ovs_WorkOrderCandidate_MainForm" behavior="0" />
      <RootComponent type="62" schemaName="ovs_TDGPlanner" behavior="0" />
    </RootComponents>
    <MissingDependencies>
      <MissingDependency>
        <Required type="1" schemaName="bookableresource" displayName="Bookable Resource" solution="msdynce_Scheduling (9.0.0.0)" />
        <Dependent type="62" schemaName="ovs_TDGPlanner" />
      </MissingDependency>
      <MissingDependency>
        <Required type="1" schemaName="bookableresourcecategory" displayName="Bookable Resource Category" solution="msdynce_Scheduling (9.0.0.0)" />
        <Dependent type="62" schemaName="ovs_TDGPlanner" />
      </MissingDependency>
      <MissingDependency>
        <Required type="1" schemaName="msdyn_incidenttype" displayName="Incident Type" solution="FieldService (8.8.0.88)">
          <package>FieldService_Anchor (8.8.58.9)</package>
        </Required>
        <Dependent type="62" schemaName="ovs_TDGPlanner" />
      </MissingDependency>
      <MissingDependency>
        <Required type="1" schemaName="msdyn_resourceterritory" displayName="Resource Territory" solution="MicrosoftDynamicsScheduling (3.12.0.448)">
          <package>FieldService_Anchor (8.8.58.9)</package>
          <package>msdynce_CoreServiceSchedulingAnchor (9.0.21104.1006)</package>
        </Required>
        <Dependent type="62" schemaName="ovs_TDGPlanner" />
      </MissingDependency>
      <MissingDependency>
        <Required type="1" schemaName="msdyn_servicetasktype" displayName="Service Task Type" solution="FieldService (8.8.0.88)">
          <package>FieldService_Anchor (8.8.58.9)</package>
        </Required>
        <Dependent type="62" schemaName="ovs_TDGPlanner" />
      </MissingDependency>
      <MissingDependency>
        <Required type="1" schemaName="msdyn_workorder" displayName="Work Order" solution="FieldService (8.8.0.88)">
          <package>FieldService_Anchor (8.8.58.9)</package>
        </Required>
        <Dependent type="60" displayName="TDG Site Profile" parentDisplayName="Account" id="{db5d5927-e1b5-440f-b55b-e0a95e1b053b}" />
      </MissingDependency>
      <MissingDependency>
        <Required type="1" schemaName="msdyn_workorder" displayName="Work Order" solution="FieldService (8.8.0.88)">
          <package>FieldService_Anchor (8.8.58.9)</package>
        </Required>
        <Dependent type="62" schemaName="ovs_TDGPlanner" />
      </MissingDependency>
      <MissingDependency>
        <Required type="1" schemaName="msdyn_workordersubstatus" displayName="Work Order Substatus" solution="FieldService (8.8.0.88)">
          <package>FieldService_Anchor (8.8.58.9)</package>
        </Required>
        <Dependent type="62" schemaName="ovs_TDGPlanner" />
      </MissingDependency>
      <MissingDependency>
        <Required type="1" schemaName="msdyn_workordertype" displayName="Work Order Type" solution="FieldService (8.8.0.88)">
          <package>FieldService_Anchor (8.8.58.9)</package>
        </Required>
        <Dependent type="62" schemaName="ovs_TDGPlanner" />
      </MissingDependency>
      <MissingDependency>
        <Required type="1" schemaName="ovs_accountclass" displayName="Account Class" solution="Active" />
        <Dependent type="60" displayName="TDG Site Profile" parentDisplayName="Account" id="{db5d5927-e1b5-440f-b55b-e0a95e1b053b}" />
      </MissingDependency>
      <MissingDependency>
        <Required type="1" schemaName="ovs_accountun" displayName="Account UN Number" solution="Active" />
        <Dependent type="60" displayName="TDG Site Profile" parentDisplayName="Account" id="{db5d5927-e1b5-440f-b55b-e0a95e1b053b}" />
      </MissingDependency>
      <MissingDependency>
        <Required type="1" schemaName="ovs_aircrafttype" displayName="Aircraft Type" solution="Active" />
        <Dependent type="60" displayName="TDG Site Profile" parentDisplayName="Account" id="{db5d5927-e1b5-440f-b55b-e0a95e1b053b}" />
      </MissingDependency>
      <MissingDependency>
        <Required type="1" schemaName="ovs_aircrafttype" displayName="Aircraft Type" solution="Active" />
        <Dependent type="62" schemaName="ovs_TDGPlanner" />
      </MissingDependency>
      <MissingDependency>
        <Required type="1" schemaName="ovs_airoperatorfunction" displayName="Air Operator Function" solution="Active" />
        <Dependent type="60" displayName="TDG Site Profile" parentDisplayName="Account" id="{db5d5927-e1b5-440f-b55b-e0a95e1b053b}" />
      </MissingDependency>
      <MissingDependency>
        <Required type="1" schemaName="ovs_airoperatorfunction" displayName="Air Operator Function" solution="Active" />
        <Dependent type="62" schemaName="ovs_TDGPlanner" />
      </MissingDependency>
      <MissingDependency>
        <Required type="1" schemaName="ovs_airoperatortype" displayName="Air Operator Type" solution="Active" />
        <Dependent type="60" displayName="TDG Site Profile" parentDisplayName="Account" id="{db5d5927-e1b5-440f-b55b-e0a95e1b053b}" />
      </MissingDependency>
      <MissingDependency>
        <Required type="1" schemaName="ovs_airoperatortype" displayName="Air Operator Type" solution="Active" />
        <Dependent type="62" schemaName="ovs_TDGPlanner" />
      </MissingDependency>
      <MissingDependency>
        <Required type="1" schemaName="ovs_cancellationrequest" displayName="Cancellation Request" solution="Active" />
        <Dependent type="62" schemaName="ovs_TDGPlanner" />
      </MissingDependency>
      <MissingDependency>
        <Required type="1" schemaName="ovs_cdnop" displayName="NOP" solution="Active" />
        <Dependent type="62" schemaName="ovs_TDGPlanner" />
      </MissingDependency>
      <MissingDependency>
        <Required type="1" schemaName="ovs_cdregionalnop" displayName="Regional NOP" solution="Active" />
        <Dependent type="62" schemaName="ovs_TDGPlanner" />
      </MissingDependency>
      <MissingDependency>
        <Required type="1" schemaName="ovs_confirmationofcompliance" displayName="Confirmation of Compliance" solution="Active" />
        <Dependent type="62" schemaName="ovs_TDGPlanner" />
      </MissingDependency>
      <MissingDependency>
        <Required type="1" schemaName="ovs_cyaction" displayName="Enforcement Action" solution="Active" />
        <Dependent type="62" schemaName="ovs_TDGPlanner" />
      </MissingDependency>
      <MissingDependency>
        <Required type="1" schemaName="ovs_cysafetyassessment" displayName="Safety Assessment" solution="Active" />
        <Dependent type="62" schemaName="ovs_TDGPlanner" />
      </MissingDependency>
      <MissingDependency>
        <Required type="1" schemaName="ovs_followuprequest" displayName="Follow Up Inspection Request" solution="Active" />
        <Dependent type="62" schemaName="ovs_TDGPlanner" />
      </MissingDependency>
      <MissingDependency>
        <Required type="1" schemaName="ovs_lob" displayName="LOB" solution="Active" />
        <Dependent type="62" schemaName="ovs_TDGPlanner" />
      </MissingDependency>
      <MissingDependency>
        <Required type="1" schemaName="ovs_mocfacilitytype" displayName="Operation Type" solution="Active" />
        <Dependent type="60" displayName="TDG Site Profile" parentDisplayName="Account" id="{db5d5927-e1b5-440f-b55b-e0a95e1b053b}" />
      </MissingDependency>
      <MissingDependency>
        <Required type="1" schemaName="ovs_mocfacilitytype" displayName="Operation Type" solution="Active" />
        <Dependent type="62" schemaName="ovs_TDGPlanner" />
      </MissingDependency>
      <MissingDependency>
        <Required type="1" schemaName="ovs_mocregistration" displayName="Operation" solution="Active" />
        <Dependent type="1" schemaName="ovs_mocregistration" displayName="Operation" />
      </MissingDependency>
      <MissingDependency>
        <Required type="1" schemaName="ovs_moctype" displayName="MOC Type" solution="Active" />
        <Dependent type="60" displayName="TDG Site Profile" parentDisplayName="Account" id="{db5d5927-e1b5-440f-b55b-e0a95e1b053b}" />
      </MissingDependency>
      <MissingDependency>
        <Required type="1" schemaName="ovs_moctype" displayName="MOC Type" solution="Active" />
        <Dependent type="62" schemaName="ovs_TDGPlanner" />
      </MissingDependency>
      <MissingDependency>
        <Required type="1" schemaName="ovs_modes" displayName="Modes" solution="Active" />
        <Dependent type="60" displayName="TDG Site Profile" parentDisplayName="Account" id="{db5d5927-e1b5-440f-b55b-e0a95e1b053b}" />
      </MissingDependency>
      <MissingDependency>
        <Required type="1" schemaName="ovs_modes" displayName="Modes" solution="Active" />
        <Dependent type="62" schemaName="ovs_TDGPlanner" />
      </MissingDependency>
      <MissingDependency>
        <Required type="1" schemaName="ovs_oversighttype" displayName="Oversight Type" solution="Active" />
        <Dependent type="62" schemaName="ovs_TDGPlanner" />
      </MissingDependency>
      <MissingDependency>
        <Required type="1" schemaName="ovs_sitetype" displayName="Site Type" solution="Active" />
        <Dependent type="62" schemaName="ovs_TDGPlanner" />
      </MissingDependency>
      <MissingDependency>
        <Required type="1" schemaName="ovs_tdginspectionreport" displayName="TDG Inspection Report" solution="Active" />
        <Dependent type="62" schemaName="ovs_TDGPlanner" />
      </MissingDependency>
      <MissingDependency>
        <Required type="1" schemaName="ovs_tyohsequipmenttype" displayName="OHS Equipment Type" solution="Active" />
        <Dependent type="60" displayName="TDG Site Profile" parentDisplayName="Account" id="{db5d5927-e1b5-440f-b55b-e0a95e1b053b}" />
      </MissingDependency>
      <MissingDependency>
        <Required type="1" schemaName="ovs_tyohsequipmenttype" displayName="OHS Equipment Type" solution="Active" />
        <Dependent type="62" schemaName="ovs_TDGPlanner" />
      </MissingDependency>
      <MissingDependency>
        <Required type="1" schemaName="ovs_tyohsnote" displayName="OHS Note" solution="Active" />
        <Dependent type="60" displayName="TDG Site Profile" parentDisplayName="Account" id="{db5d5927-e1b5-440f-b55b-e0a95e1b053b}" />
      </MissingDependency>
      <MissingDependency>
        <Required type="1" schemaName="ovs_tyrational" displayName="Rationale" solution="Active" />
        <Dependent type="62" schemaName="ovs_TDGPlanner" />
      </MissingDependency>
      <MissingDependency>
        <Required type="1" schemaName="ovs_unplannedforecast" displayName="Unplanned Forecast" solution="Active" />
        <Dependent type="62" schemaName="ovs_TDGPlanner" />
      </MissingDependency>
      <MissingDependency>
        <Required type="1" schemaName="ovs_workordercandidate" displayName="Work Order Candidate" solution="Active" />
        <Dependent type="1" schemaName="ovs_workordercandidate" displayName="Work Order Candidate" />
      </MissingDependency>
      <MissingDependency>
        <Required type="1" schemaName="qm_rclegislation" displayName="Legislation" solution="Active" />
        <Dependent type="62" schemaName="ovs_TDGPlanner" />
      </MissingDependency>
      <MissingDependency>
        <Required type="1" schemaName="qm_syquestion" displayName="Template Question" solution="Active" />
        <Dependent type="62" schemaName="ovs_TDGPlanner" />
      </MissingDependency>
      <MissingDependency>
        <Required type="1" schemaName="qm_syresponse" displayName="Template Question Response" solution="Active" />
        <Dependent type="62" schemaName="ovs_TDGPlanner" />
      </MissingDependency>
      <MissingDependency>
        <Required type="1" schemaName="qm_sytemplate" displayName="Template" solution="Active" />
        <Dependent type="62" schemaName="ovs_TDGPlanner" />
      </MissingDependency>
      <MissingDependency>
        <Required type="1" schemaName="qm_tylegislationsource" displayName="Legislation Source" solution="Active" />
        <Dependent type="62" schemaName="ovs_TDGPlanner" />
      </MissingDependency>
      <MissingDependency>
        <Required type="1" schemaName="qm_tylegislationtype" displayName="Legislation Section Type" solution="Active" />
        <Dependent type="62" schemaName="ovs_TDGPlanner" />
      </MissingDependency>
      <MissingDependency>
        <Required type="1" schemaName="tc_tcfiscalperiod" displayName="TCFiscalPeriod" solution="Active" />
        <Dependent type="62" schemaName="ovs_TDGPlanner" />
      </MissingDependency>
      <MissingDependency>
        <Required type="1" schemaName="tc_tcfiscalquarter" displayName="TCFiscalQuarter" solution="Active" />
        <Dependent type="62" schemaName="ovs_TDGPlanner" />
      </MissingDependency>
      <MissingDependency>
        <Required type="1" schemaName="tc_tcfiscalyear" displayName="TCFiscalYear" solution="Active" />
        <Dependent type="62" schemaName="ovs_TDGPlanner" />
      </MissingDependency>
      <MissingDependency>
        <Required type="1" schemaName="tdg_unnumber" displayName="UN Number" solution="Active" />
        <Dependent type="62" schemaName="ovs_TDGPlanner" />
      </MissingDependency>
      <MissingDependency>
        <Required type="10" schemaName="msdyn_account_account_BillingAccount" displayName="msdyn_account_account_BillingAccount" parentSchemaName="account" parentDisplayName="Account" solution="FieldServiceCommon (1.0.0.187)">
          <package>FieldService_Anchor (8.8.58.9)</package>
        </Required>
        <Dependent type="60" displayName="TDG Site Profile" parentDisplayName="Account" id="{db5d5927-e1b5-440f-b55b-e0a95e1b053b}" />
      </MissingDependency>
      <MissingDependency>
        <Required type="10" schemaName="msdyn_account_msdyn_agreement_BillingAccount" displayName="msdyn_account_msdyn_agreement_BillingAccount" parentSchemaName="account" parentDisplayName="Account" solution="FieldService (8.8.0.88)">
          <package>FieldService_Anchor (8.8.58.9)</package>
        </Required>
        <Dependent type="60" displayName="TDG Site Profile" parentDisplayName="Account" id="{db5d5927-e1b5-440f-b55b-e0a95e1b053b}" />
      </MissingDependency>
      <MissingDependency>
        <Required type="10" schemaName="msdyn_account_msdyn_agreement_ServiceAccount" displayName="msdyn_account_msdyn_agreement_ServiceAccount" parentSchemaName="account" parentDisplayName="Account" solution="FieldService (8.8.0.88)">
          <package>FieldService_Anchor (8.8.58.9)</package>
        </Required>
        <Dependent type="60" displayName="TDG Site Profile" parentDisplayName="Account" id="{db5d5927-e1b5-440f-b55b-e0a95e1b053b}" />
      </MissingDependency>
      <MissingDependency>
        <Required type="10" schemaName="msdyn_account_msdyn_payment_Account" displayName="msdyn_account_msdyn_payment_Account" parentSchemaName="account" parentDisplayName="Account" solution="FieldService (8.8.0.88)">
          <package>FieldService_Anchor (8.8.58.9)</package>
        </Required>
        <Dependent type="60" displayName="TDG Site Profile" parentDisplayName="Account" id="{db5d5927-e1b5-440f-b55b-e0a95e1b053b}" />
      </MissingDependency>
      <MissingDependency>
        <Required type="10" schemaName="msdyn_account_msdyn_purchaseorder_Vendor" displayName="msdyn_account_msdyn_purchaseorder_Vendor" parentSchemaName="account" parentDisplayName="Account" solution="FieldServiceCommon (1.0.0.187)">
          <package>FieldService_Anchor (8.8.58.9)</package>
        </Required>
        <Dependent type="60" displayName="TDG Site Profile" parentDisplayName="Account" id="{db5d5927-e1b5-440f-b55b-e0a95e1b053b}" />
      </MissingDependency>
      <MissingDependency>
        <Required type="10" schemaName="msdyn_account_msdyn_rma_BillingAccount" displayName="msdyn_account_msdyn_rma_BillingAccount" parentSchemaName="account" parentDisplayName="Account" solution="FieldService (8.8.0.88)">
          <package>FieldService_Anchor (8.8.58.9)</package>
        </Required>
        <Dependent type="60" displayName="TDG Site Profile" parentDisplayName="Account" id="{db5d5927-e1b5-440f-b55b-e0a95e1b053b}" />
      </MissingDependency>
      <MissingDependency>
        <Required type="10" schemaName="msdyn_account_msdyn_rma_ServiceAccount" displayName="msdyn_account_msdyn_rma_ServiceAccount" parentSchemaName="account" parentDisplayName="Account" solution="FieldService (8.8.0.88)">
          <package>FieldService_Anchor (8.8.58.9)</package>
        </Required>
        <Dependent type="60" displayName="TDG Site Profile" parentDisplayName="Account" id="{db5d5927-e1b5-440f-b55b-e0a95e1b053b}" />
      </MissingDependency>
      <MissingDependency>
        <Required type="10" schemaName="msdyn_account_msdyn_rtv_Vendor" displayName="msdyn_account_msdyn_rtv_Vendor" parentSchemaName="account" parentDisplayName="Account" solution="FieldService (8.8.0.88)">
          <package>FieldService_Anchor (8.8.58.9)</package>
        </Required>
        <Dependent type="60" displayName="TDG Site Profile" parentDisplayName="Account" id="{db5d5927-e1b5-440f-b55b-e0a95e1b053b}" />
      </MissingDependency>
      <MissingDependency>
        <Required type="10" schemaName="msdyn_account_msdyn_workorder_BillingAccount" displayName="msdyn_account_msdyn_workorder_BillingAccount" parentSchemaName="account" parentDisplayName="Account" solution="FieldService (8.8.0.88)">
          <package>FieldService_Anchor (8.8.58.9)</package>
        </Required>
        <Dependent type="60" displayName="TDG Site Profile" parentDisplayName="Account" id="{db5d5927-e1b5-440f-b55b-e0a95e1b053b}" />
      </MissingDependency>
      <MissingDependency>
        <Required type="10" schemaName="msdyn_account_msdyn_workorder_ServiceAccount" displayName="msdyn_account_msdyn_workorder_ServiceAccount" parentSchemaName="account" parentDisplayName="Account" solution="FieldService (8.8.0.88)">
          <package>FieldService_Anchor (8.8.58.9)</package>
        </Required>
        <Dependent type="60" displayName="TDG Site Profile" parentDisplayName="Account" id="{db5d5927-e1b5-440f-b55b-e0a95e1b053b}" />
      </MissingDependency>
      <MissingDependency>
        <Required type="10" schemaName="ovs_Account_AccountClass_ovs_AccountClass" displayName="ovs_Account_AccountClass_ovs_AccountClass" parentSchemaName="account" parentDisplayName="Account" solution="Active" />
        <Dependent type="60" displayName="TDG Site Profile" parentDisplayName="Account" id="{db5d5927-e1b5-440f-b55b-e0a95e1b053b}" />
      </MissingDependency>
      <MissingDependency>
        <Required type="10" schemaName="ovs_Account_AccountUNNumber_ovs_AccountUN" displayName="ovs_Account_AccountUNNumber_ovs_AccountUN" parentSchemaName="account" parentDisplayName="Account" solution="Active" />
        <Dependent type="60" displayName="TDG Site Profile" parentDisplayName="Account" id="{db5d5927-e1b5-440f-b55b-e0a95e1b053b}" />
      </MissingDependency>
      <MissingDependency>
        <Required type="10" schemaName="ovs_account_contact" displayName="ovs_account_contact" parentSchemaName="account" parentDisplayName="Account" solution="Active" />
        <Dependent type="60" displayName="TDG Site Profile" parentDisplayName="Account" id="{db5d5927-e1b5-440f-b55b-e0a95e1b053b}" />
      </MissingDependency>
      <MissingDependency>
        <Required type="10" schemaName="ovs_account_tyequipmenttype" displayName="ovs_account_tyequipmenttype" parentSchemaName="account" parentDisplayName="Account" solution="Active" />
        <Dependent type="60" displayName="TDG Site Profile" parentDisplayName="Account" id="{db5d5927-e1b5-440f-b55b-e0a95e1b053b}" />
      </MissingDependency>
      <MissingDependency>
        <Required type="10" schemaName="ovs_MOCRegistration_Site" displayName="ovs_MOCRegistration_Site" parentSchemaName="account" parentDisplayName="Account" solution="Active" />
        <Dependent type="60" displayName="TDG Site Profile" parentDisplayName="Account" id="{db5d5927-e1b5-440f-b55b-e0a95e1b053b}" />
      </MissingDependency>
      <MissingDependency>
        <Required type="10" schemaName="ovs_tyohsnote_Account_Account" displayName="ovs_tyohsnote_Account_Account" parentSchemaName="account" parentDisplayName="Account" solution="Active" />
        <Dependent type="60" displayName="TDG Site Profile" parentDisplayName="Account" id="{db5d5927-e1b5-440f-b55b-e0a95e1b053b}" />
      </MissingDependency>
      <MissingDependency>
        <Required type="10" schemaName="ovs_workordercandidate_site_Account" displayName="ovs_workordercandidate_site_Account" parentSchemaName="account" parentDisplayName="Account" solution="Active" />
        <Dependent type="60" displayName="Information" parentDisplayName="Work Order Candidate" id="{f7cfa7da-bd84-406d-add8-ba3537122663}" />
      </MissingDependency>
      <MissingDependency>
        <Required type="10" schemaName="ovs_workordercandidate_primaryinspector" displayName="ovs_workordercandidate_primaryinspector" parentSchemaName="bookableresource" parentDisplayName="Bookable Resource" solution="Active" />
        <Dependent type="60" displayName="Information" parentDisplayName="Work Order Candidate" id="{f7cfa7da-bd84-406d-add8-ba3537122663}" />
      </MissingDependency>
      <MissingDependency>
        <Required type="10" schemaName="ovs_Account_InspectorType_BookableResourceCat" displayName="ovs_Account_InspectorType_BookableResourceCat" parentSchemaName="bookableresourcecategory" parentDisplayName="Bookable Resource Category" solution="Active" />
        <Dependent type="60" displayName="TDG Site Profile" parentDisplayName="Account" id="{db5d5927-e1b5-440f-b55b-e0a95e1b053b}" />
      </MissingDependency>
      <MissingDependency>
        <Required type="10" schemaName="msdyn_account_msdyn_customerasset_Account" displayName="msdyn_account_msdyn_customerasset_Account" parentSchemaName="msdyn_customerasset" parentDisplayName="Customer Asset" solution="msdyn_AssetCommon (1.0.25.1)">
          <package>FieldService_Anchor (8.8.58.9)</package>
          <package>msdynce_ServiceAnchor (9.0.21123.1007)</package>
        </Required>
        <Dependent type="60" displayName="TDG Site Profile" parentDisplayName="Account" id="{db5d5927-e1b5-440f-b55b-e0a95e1b053b}" />
      </MissingDependency>
      <MissingDependency>
        <Required type="10" schemaName="ovs_Account_ovs_aircrafttype" displayName="ovs_Account_ovs_aircrafttype" parentSchemaName="ovs_aircrafttype" parentDisplayName="Aircraft Type" solution="Active" />
        <Dependent type="60" displayName="TDG Site Profile" parentDisplayName="Account" id="{db5d5927-e1b5-440f-b55b-e0a95e1b053b}" />
      </MissingDependency>
      <MissingDependency>
        <Required type="10" schemaName="ovs_Account_ovs_airoperatorfunction" displayName="ovs_Account_ovs_airoperatorfunction" parentSchemaName="ovs_airoperatorfunction" parentDisplayName="Air Operator Function" solution="Active" />
        <Dependent type="60" displayName="TDG Site Profile" parentDisplayName="Account" id="{db5d5927-e1b5-440f-b55b-e0a95e1b053b}" />
      </MissingDependency>
      <MissingDependency>
        <Required type="10" schemaName="ovs_Account_ovs_airOperatortype" displayName="ovs_Account_ovs_airOperatortype" parentSchemaName="ovs_airoperatortype" parentDisplayName="Air Operator Type" solution="Active" />
        <Dependent type="60" displayName="TDG Site Profile" parentDisplayName="Account" id="{db5d5927-e1b5-440f-b55b-e0a95e1b053b}" />
      </MissingDependency>
      <MissingDependency>
        <Required type="10" schemaName="ovs_CDRegionalNOP_WorkOrderCandidate" displayName="ovs_CDRegionalNOP_WorkOrderCandidate" parentSchemaName="ovs_cdregionalnop" parentDisplayName="Regional NOP" solution="Active" />
        <Dependent type="60" displayName="Information" parentDisplayName="Work Order Candidate" id="{f7cfa7da-bd84-406d-add8-ba3537122663}" />
      </MissingDependency>
      <MissingDependency>
        <Required type="10" schemaName="ovs_Account_ovs_mocfacilitytype" displayName="ovs_Account_ovs_mocfacilitytype" parentSchemaName="ovs_mocfacilitytype" parentDisplayName="Operation Type" solution="Active" />
        <Dependent type="60" displayName="TDG Site Profile" parentDisplayName="Account" id="{db5d5927-e1b5-440f-b55b-e0a95e1b053b}" />
      </MissingDependency>
      <MissingDependency>
        <Required type="10" schemaName="ovs_ovs_mocregistration_ovs_workordercandidate_operationid" displayName="ovs_ovs_mocregistration_ovs_workordercandidate_operationid" parentSchemaName="ovs_mocregistration" parentDisplayName="Operation" solution="Active" />
        <Dependent type="60" displayName="Information" parentDisplayName="Work Order Candidate" id="{f7cfa7da-bd84-406d-add8-ba3537122663}" />
      </MissingDependency>
      <MissingDependency>
        <Required type="10" schemaName="ovs_Account_ovs_moctype" displayName="ovs_Account_ovs_moctype" parentSchemaName="ovs_moctype" parentDisplayName="MOC Type" solution="Active" />
        <Dependent type="60" displayName="TDG Site Profile" parentDisplayName="Account" id="{db5d5927-e1b5-440f-b55b-e0a95e1b053b}" />
      </MissingDependency>
      <MissingDependency>
        <Required type="10" schemaName="ovs_Account_ovs_modes" displayName="ovs_Account_ovs_modes" parentSchemaName="ovs_modes" parentDisplayName="Modes" solution="Active" />
        <Dependent type="60" displayName="TDG Site Profile" parentDisplayName="Account" id="{db5d5927-e1b5-440f-b55b-e0a95e1b053b}" />
      </MissingDependency>
      <MissingDependency>
        <Required type="10" schemaName="ovs_workordercandidate_oversighttype" displayName="ovs_workordercandidate_oversighttype" parentSchemaName="ovs_oversighttype" parentDisplayName="Oversight Type" solution="Active" />
        <Dependent type="60" displayName="Information" parentDisplayName="Work Order Candidate" id="{f7cfa7da-bd84-406d-add8-ba3537122663}" />
      </MissingDependency>
      <MissingDependency>
        <Required type="10" schemaName="ovs_workordercandidate_rationale" displayName="ovs_workordercandidate_rationale" parentSchemaName="ovs_tyrational" parentDisplayName="Rationale" solution="Active" />
        <Dependent type="60" displayName="Information" parentDisplayName="Work Order Candidate" id="{f7cfa7da-bd84-406d-add8-ba3537122663}" />
      </MissingDependency>
      <MissingDependency>
        <Required type="10" schemaName="ovs_workordercandidate_plannedquarter" displayName="ovs_workordercandidate_plannedquarter" parentSchemaName="tc_tcfiscalquarter" parentDisplayName="TCFiscalQuarter" solution="Active" />
        <Dependent type="60" displayName="Information" parentDisplayName="Work Order Candidate" id="{f7cfa7da-bd84-406d-add8-ba3537122663}" />
      </MissingDependency>
      <MissingDependency>
        <Required type="10" schemaName="ovs_tc_tcfiscalyear_ovs_workordercandidate_plannedfiscalyear" displayName="ovs_tc_tcfiscalyear_ovs_workordercandidate_plannedfiscalyear" parentSchemaName="tc_tcfiscalyear" parentDisplayName="TCFiscalYear" solution="Active" />
        <Dependent type="60" displayName="Information" parentDisplayName="Work Order Candidate" id="{f7cfa7da-bd84-406d-add8-ba3537122663}" />
      </MissingDependency>
      <MissingDependency>
        <Required type="2" schemaName="ovs_accountnameenglish" displayName="Account Name (English)" parentSchemaName="account" parentDisplayName="Account" solution="Active" />
        <Dependent type="26" schemaName="Site Population Density" displayName="Site Population Density" parentSchemaName="account" parentDisplayName="Account" id="{ff211cb9-117a-ec11-8d20-000d3aff1221}" />
      </MissingDependency>
      <MissingDependency>
        <Required type="2" schemaName="ovs_cdpopulationdensity" displayName="Population Density" parentSchemaName="account" parentDisplayName="Account" solution="Active" />
        <Dependent type="26" schemaName="Site Population Density" displayName="Site Population Density" parentSchemaName="account" parentDisplayName="Account" id="{ff211cb9-117a-ec11-8d20-000d3aff1221}" />
      </MissingDependency>
      <MissingDependency>
        <Required type="2" schemaName="ovs_cdpopulationdensity" displayName="Population Density" parentSchemaName="account" parentDisplayName="Account" solution="Active" />
        <Dependent type="60" displayName="TDG Site Profile" parentDisplayName="Account" id="{db5d5927-e1b5-440f-b55b-e0a95e1b053b}" />
      </MissingDependency>
      <MissingDependency>
        <Required type="2" schemaName="ovs_inspectortype" displayName="Inspector Type" parentSchemaName="account" parentDisplayName="Account" solution="Active" />
        <Dependent type="60" displayName="TDG Site Profile" parentDisplayName="Account" id="{db5d5927-e1b5-440f-b55b-e0a95e1b053b}" />
      </MissingDependency>
      <MissingDependency>
        <Required type="2" schemaName="ovs_legalname" displayName="Legal Name" parentSchemaName="account" parentDisplayName="Account" solution="Active" />
        <Dependent type="26" schemaName="Site Population Density" displayName="Site Population Density" parentSchemaName="account" parentDisplayName="Account" id="{ff211cb9-117a-ec11-8d20-000d3aff1221}" />
      </MissingDependency>
      <MissingDependency>
        <Required type="2" schemaName="ovs_legalname" displayName="Legal Name" parentSchemaName="account" parentDisplayName="Account" solution="Active" />
        <Dependent type="60" displayName="TDG Site Profile" parentDisplayName="Account" id="{db5d5927-e1b5-440f-b55b-e0a95e1b053b}" />
      </MissingDependency>
      <MissingDependency>
        <Required type="2" schemaName="ovs_mocexpiry" displayName="MOC Registration Expiry" parentSchemaName="account" parentDisplayName="Account" solution="Active" />
        <Dependent type="60" displayName="TDG Site Profile" parentDisplayName="Account" id="{db5d5927-e1b5-440f-b55b-e0a95e1b053b}" />
      </MissingDependency>
      <MissingDependency>
        <Required type="2" schemaName="ovs_mocid" displayName="MOC Registration" parentSchemaName="account" parentDisplayName="Account" solution="Active" />
        <Dependent type="60" displayName="TDG Site Profile" parentDisplayName="Account" id="{db5d5927-e1b5-440f-b55b-e0a95e1b053b}" />
      </MissingDependency>
      <MissingDependency>
        <Required type="2" schemaName="ovs_naicscode" displayName="NAICS Code" parentSchemaName="account" parentDisplayName="Account" solution="Active" />
        <Dependent type="60" displayName="TDG Site Profile" parentDisplayName="Account" id="{db5d5927-e1b5-440f-b55b-e0a95e1b053b}" />
      </MissingDependency>
      <MissingDependency>
        <Required type="2" schemaName="ovs_romid" displayName="ROM ID" parentSchemaName="account" parentDisplayName="Account" solution="Active" />
        <Dependent type="26" schemaName="Site Population Density" displayName="Site Population Density" parentSchemaName="account" parentDisplayName="Account" id="{ff211cb9-117a-ec11-8d20-000d3aff1221}" />
      </MissingDependency>
      <MissingDependency>
        <Required type="2" schemaName="ovs_romid" displayName="ROM ID" parentSchemaName="account" parentDisplayName="Account" solution="Active" />
        <Dependent type="60" displayName="TDG Site Profile" parentDisplayName="Account" id="{db5d5927-e1b5-440f-b55b-e0a95e1b053b}" />
      </MissingDependency>
      <MissingDependency>
        <Required type="2" schemaName="territoryid" displayName="Territory" parentSchemaName="account" parentDisplayName="Account" solution="msdynce_Sales (9.0.4.0076)">
          <package>msdynce_SalesAnchor (9.0.21122.10002)</package>
        </Required>
        <Dependent type="60" displayName="TDG Site Profile" parentDisplayName="Account" id="{db5d5927-e1b5-440f-b55b-e0a95e1b053b}" />
      </MissingDependency>
      <MissingDependency>
        <Required type="2" schemaName="ovs_cdpriorityscore" displayName="Priority Score" parentSchemaName="ovs_mocregistration" parentDisplayName="Operation" solution="Active" />
        <Dependent type="60" displayName="Operation Scores Display" parentDisplayName="Operation" id="{026925a2-097a-ec11-8d20-000d3a84a45c}" />
      </MissingDependency>
      <MissingDependency>
        <Required type="2" schemaName="ovs_cdriskcategory" displayName="Risk Category" parentSchemaName="ovs_mocregistration" parentDisplayName="Operation" solution="Active" />
        <Dependent type="60" displayName="Operation Scores Display" parentDisplayName="Operation" id="{026925a2-097a-ec11-8d20-000d3a84a45c}" />
      </MissingDependency>
      <MissingDependency>
        <Required type="2" schemaName="ovs_cdriskscore" displayName="Risk Score" parentSchemaName="ovs_mocregistration" parentDisplayName="Operation" solution="Active" />
        <Dependent type="60" displayName="Operation Scores Display" parentDisplayName="Operation" id="{026925a2-097a-ec11-8d20-000d3a84a45c}" />
      </MissingDependency>
      <MissingDependency>
        <Required type="2" schemaName="ovs_cdpriorityscore" displayName="Priority Score" parentSchemaName="ovs_workordercandidate" parentDisplayName="Work Order Candidate" solution="Active" />
        <Dependent type="60" displayName="Information" parentDisplayName="Work Order Candidate" id="{f7cfa7da-bd84-406d-add8-ba3537122663}" />
      </MissingDependency>
      <MissingDependency>
        <Required type="2" schemaName="ovs_cdriskcategory" displayName="Risk Category" parentSchemaName="ovs_workordercandidate" parentDisplayName="Work Order Candidate" solution="Active" />
        <Dependent type="60" displayName="Information" parentDisplayName="Work Order Candidate" id="{f7cfa7da-bd84-406d-add8-ba3537122663}" />
      </MissingDependency>
      <MissingDependency>
        <Required type="2" schemaName="ovs_cdriskscore" displayName="Risk Score" parentSchemaName="ovs_workordercandidate" parentDisplayName="Work Order Candidate" solution="Active" />
        <Dependent type="60" displayName="Information" parentDisplayName="Work Order Candidate" id="{f7cfa7da-bd84-406d-add8-ba3537122663}" />
      </MissingDependency>
      <MissingDependency>
        <Required type="2" schemaName="ovs_hqflag" displayName="HQ Flag" parentSchemaName="ovs_workordercandidate" parentDisplayName="Work Order Candidate" solution="Active" />
        <Dependent type="60" displayName="Information" parentDisplayName="Work Order Candidate" id="{f7cfa7da-bd84-406d-add8-ba3537122663}" />
      </MissingDependency>
      <MissingDependency>
        <Required type="2" schemaName="ovs_justification" displayName="Justification" parentSchemaName="ovs_workordercandidate" parentDisplayName="Work Order Candidate" solution="Active" />
        <Dependent type="60" displayName="Information" parentDisplayName="Work Order Candidate" id="{f7cfa7da-bd84-406d-add8-ba3537122663}" />
      </MissingDependency>
      <MissingDependency>
        <Required type="2" schemaName="ovs_name" displayName="Name" parentSchemaName="ovs_workordercandidate" parentDisplayName="Work Order Candidate" solution="Active" />
        <Dependent type="60" displayName="Information" parentDisplayName="Work Order Candidate" id="{f7cfa7da-bd84-406d-add8-ba3537122663}" />
      </MissingDependency>
      <MissingDependency>
        <Required type="2" schemaName="ovs_operationid" displayName="Operation" parentSchemaName="ovs_workordercandidate" parentDisplayName="Work Order Candidate" solution="Active" />
        <Dependent type="60" displayName="Information" parentDisplayName="Work Order Candidate" id="{f7cfa7da-bd84-406d-add8-ba3537122663}" />
      </MissingDependency>
      <MissingDependency>
        <Required type="2" schemaName="ovs_oversighttype" displayName="Oversight Type" parentSchemaName="ovs_workordercandidate" parentDisplayName="Work Order Candidate" solution="Active" />
        <Dependent type="60" displayName="Information" parentDisplayName="Work Order Candidate" id="{f7cfa7da-bd84-406d-add8-ba3537122663}" />
      </MissingDependency>
      <MissingDependency>
        <Required type="2" schemaName="ovs_plannedfiscalyear" displayName="Planned Fiscal Year" parentSchemaName="ovs_workordercandidate" parentDisplayName="Work Order Candidate" solution="Active" />
        <Dependent type="60" displayName="Information" parentDisplayName="Work Order Candidate" id="{f7cfa7da-bd84-406d-add8-ba3537122663}" />
      </MissingDependency>
      <MissingDependency>
        <Required type="2" schemaName="ovs_plannedquarter" displayName="Planned Quarter" parentSchemaName="ovs_workordercandidate" parentDisplayName="Work Order Candidate" solution="Active" />
        <Dependent type="60" displayName="Information" parentDisplayName="Work Order Candidate" id="{f7cfa7da-bd84-406d-add8-ba3537122663}" />
      </MissingDependency>
      <MissingDependency>
        <Required type="2" schemaName="ovs_planningstatus" displayName="Planning Status" parentSchemaName="ovs_workordercandidate" parentDisplayName="Work Order Candidate" solution="Active" />
        <Dependent type="60" displayName="Information" parentDisplayName="Work Order Candidate" id="{f7cfa7da-bd84-406d-add8-ba3537122663}" />
      </MissingDependency>
      <MissingDependency>
        <Required type="2" schemaName="ovs_primaryinspector" displayName="Primary Inspector" parentSchemaName="ovs_workordercandidate" parentDisplayName="Work Order Candidate" solution="Active" />
        <Dependent type="60" displayName="Information" parentDisplayName="Work Order Candidate" id="{f7cfa7da-bd84-406d-add8-ba3537122663}" />
      </MissingDependency>
      <MissingDependency>
        <Required type="2" schemaName="ovs_rationale" displayName="Rationale" parentSchemaName="ovs_workordercandidate" parentDisplayName="Work Order Candidate" solution="Active" />
        <Dependent type="60" displayName="Information" parentDisplayName="Work Order Candidate" id="{f7cfa7da-bd84-406d-add8-ba3537122663}" />
      </MissingDependency>
      <MissingDependency>
        <Required type="2" schemaName="ovs_regionalnop" displayName="Regional NOP" parentSchemaName="ovs_workordercandidate" parentDisplayName="Work Order Candidate" solution="Active" />
        <Dependent type="60" displayName="Information" parentDisplayName="Work Order Candidate" id="{f7cfa7da-bd84-406d-add8-ba3537122663}" />
      </MissingDependency>
      <MissingDependency>
        <Required type="2" schemaName="ovs_remote" displayName="Remote" parentSchemaName="ovs_workordercandidate" parentDisplayName="Work Order Candidate" solution="Active" />
        <Dependent type="60" displayName="Information" parentDisplayName="Work Order Candidate" id="{f7cfa7da-bd84-406d-add8-ba3537122663}" />
      </MissingDependency>
      <MissingDependency>
        <Required type="2" schemaName="ovs_site" displayName="Site" parentSchemaName="ovs_workordercandidate" parentDisplayName="Work Order Candidate" solution="Active" />
        <Dependent type="60" displayName="Information" parentDisplayName="Work Order Candidate" id="{f7cfa7da-bd84-406d-add8-ba3537122663}" />
      </MissingDependency>
      <MissingDependency>
        <Required type="2" schemaName="ownerid" displayName="Owner" parentSchemaName="ovs_workordercandidate" parentDisplayName="Work Order Candidate" solution="Active" />
        <Dependent type="60" displayName="Information" parentDisplayName="Work Order Candidate" id="{f7cfa7da-bd84-406d-add8-ba3537122663}" />
      </MissingDependency>
      <MissingDependency>
        <Required type="2" schemaName="statecode" displayName="Status" parentSchemaName="ovs_workordercandidate" parentDisplayName="Work Order Candidate" solution="Active" />
        <Dependent type="60" displayName="Information" parentDisplayName="Work Order Candidate" id="{f7cfa7da-bd84-406d-add8-ba3537122663}" />
      </MissingDependency>
      <MissingDependency>
        <Required type="2" schemaName="statuscode" displayName="Status Reason" parentSchemaName="ovs_workordercandidate" parentDisplayName="Work Order Candidate" solution="Active" />
        <Dependent type="60" displayName="Information" parentDisplayName="Work Order Candidate" id="{f7cfa7da-bd84-406d-add8-ba3537122663}" />
      </MissingDependency>
      <MissingDependency>
        <Required type="20" displayName="TDG Manager" solution="Active" id="{545418f6-d089-eb11-b1ac-000d3ae92dbf}" />
        <Dependent type="60" displayName="TDG Site Profile" parentDisplayName="Account" id="{db5d5927-e1b5-440f-b55b-e0a95e1b053b}" />
      </MissingDependency>
      <MissingDependency>
        <Required type="20" displayName="TDG Analyst" solution="Active" id="{6ba72790-cf89-eb11-b1ac-000d3ae92dbf}" />
        <Dependent type="60" displayName="TDG Site Profile" parentDisplayName="Account" id="{db5d5927-e1b5-440f-b55b-e0a95e1b053b}" />
      </MissingDependency>
      <MissingDependency>
        <Required type="20" displayName="TDG Planner" solution="Active" id="{a8d3ef08-d189-eb11-b1ac-000d3ae92dbf}" />
        <Dependent type="60" displayName="TDG Site Profile" parentDisplayName="Account" id="{db5d5927-e1b5-440f-b55b-e0a95e1b053b}" />
      </MissingDependency>
      <MissingDependency>
        <Required type="20" displayName="TDG Inspector" solution="Active" id="{de8e34ea-d189-eb11-b1ac-000d3ae92dbf}" />
        <Dependent type="60" displayName="TDG Site Profile" parentDisplayName="Account" id="{db5d5927-e1b5-440f-b55b-e0a95e1b053b}" />
      </MissingDependency>
      <MissingDependency>
        <Required type="26" schemaName="Active OHS Notes" displayName="Active OHS Notes" parentSchemaName="ovs_tyohsnote" parentDisplayName="OHS Note" solution="Active" id="{228abdfa-9513-479c-82ac-c14abfb5b341}" />
        <Dependent type="60" displayName="TDG Site Profile" parentDisplayName="Account" id="{db5d5927-e1b5-440f-b55b-e0a95e1b053b}" />
      </MissingDependency>
      <MissingDependency>
        <Required type="26" schemaName="Active Air Operator Functions" displayName="Active Air Operator Functions" parentSchemaName="ovs_airoperatorfunction" parentDisplayName="Air Operator Function" solution="Active" id="{570df2bd-257b-4369-a5c6-f02fa59ba2f1}" />
        <Dependent type="60" displayName="TDG Site Profile" parentDisplayName="Account" id="{db5d5927-e1b5-440f-b55b-e0a95e1b053b}" />
      </MissingDependency>
      <MissingDependency>
        <Required type="26" schemaName="Active Operation Types" displayName="Active Operation Types" parentSchemaName="ovs_mocfacilitytype" parentDisplayName="Operation Type" solution="Active" id="{6b5c8a9b-f049-4909-b17f-28977742c944}" />
        <Dependent type="60" displayName="TDG Site Profile" parentDisplayName="Account" id="{db5d5927-e1b5-440f-b55b-e0a95e1b053b}" />
      </MissingDependency>
      <MissingDependency>
        <Required type="26" schemaName="CLASS (Active)" displayName="CLASS (Active)" parentSchemaName="ovs_accountclass" parentDisplayName="Account Class" solution="Active" id="{7dc38ac5-f0e1-4890-b4b6-ddf611d0a784}" />
        <Dependent type="60" displayName="TDG Site Profile" parentDisplayName="Account" id="{db5d5927-e1b5-440f-b55b-e0a95e1b053b}" />
      </MissingDependency>
      <MissingDependency>
        <Required type="26" schemaName="Active Aircraft Types" displayName="Active Aircraft Types" parentSchemaName="ovs_aircrafttype" parentDisplayName="Aircraft Type" solution="Active" id="{88caeabd-3ad9-475b-91cd-75ce996edf16}" />
        <Dependent type="60" displayName="TDG Site Profile" parentDisplayName="Account" id="{db5d5927-e1b5-440f-b55b-e0a95e1b053b}" />
      </MissingDependency>
      <MissingDependency>
        <Required type="26" schemaName="Active OHS Equipment Types" displayName="Active OHS Equipment Types" parentSchemaName="ovs_tyohsequipmenttype" parentDisplayName="OHS Equipment Type" solution="Active" id="{8ce18d7f-d3e4-47e6-a481-93982bb8060a}" />
        <Dependent type="60" displayName="TDG Site Profile" parentDisplayName="Account" id="{db5d5927-e1b5-440f-b55b-e0a95e1b053b}" />
      </MissingDependency>
      <MissingDependency>
        <Required type="26" schemaName="Operation Site Profile View" displayName="Operation Site Profile View" parentSchemaName="ovs_mocregistration" parentDisplayName="Operation" solution="Active" id="{8d7b5de0-0734-ec11-8c64-0022483db1e9}" />
        <Dependent type="60" displayName="TDG Site Profile" parentDisplayName="Account" id="{db5d5927-e1b5-440f-b55b-e0a95e1b053b}" />
      </MissingDependency>
      <MissingDependency>
        <Required type="26" schemaName="Active Modes" displayName="Active Modes" parentSchemaName="ovs_modes" parentDisplayName="Modes" solution="Active" id="{93a77384-be4d-4e0d-9056-163854d6282c}" />
        <Dependent type="60" displayName="TDG Site Profile" parentDisplayName="Account" id="{db5d5927-e1b5-440f-b55b-e0a95e1b053b}" />
      </MissingDependency>
      <MissingDependency>
        <Required type="26" schemaName="Active Operations" displayName="Active Operations" parentSchemaName="ovs_mocregistration" parentDisplayName="Operation" solution="Active" id="{98c7fee1-1d9f-4226-89bb-26e6be7057f8}" />
        <Dependent type="60" displayName="TDG Site Profile" parentDisplayName="Account" id="{db5d5927-e1b5-440f-b55b-e0a95e1b053b}" />
      </MissingDependency>
      <MissingDependency>
        <Required type="26" schemaName="Site Associated Operations" displayName="Site Associated Operations" parentSchemaName="ovs_mocregistration" parentDisplayName="Operation" solution="Active" id="{a6fbfbaa-153c-ec11-8c62-0022483d71b4}" />
        <Dependent type="60" displayName="TDG Site Profile" parentDisplayName="Account" id="{db5d5927-e1b5-440f-b55b-e0a95e1b053b}" />
      </MissingDependency>
      <MissingDependency>
        <Required type="26" schemaName="Active MOC Types" displayName="Active MOC Types" parentSchemaName="ovs_moctype" parentDisplayName="MOC Type" solution="Active" id="{a759bf0f-872d-491d-b04a-ae7737c6f78e}" />
        <Dependent type="60" displayName="TDG Site Profile" parentDisplayName="Account" id="{db5d5927-e1b5-440f-b55b-e0a95e1b053b}" />
      </MissingDependency>
      <MissingDependency>
        <Required type="26" schemaName="Territories Lookup View" displayName="Territories Lookup View" parentSchemaName="territory" parentDisplayName="Region" solution="msdynce_AppCommon (9.0.4.0066)" id="{ad81b2ca-9789-4465-8c56-94c10830a6ed}">
          <package>msdynce_AppCommonAnchor (9.0.21122.10002)</package>
        </Required>
        <Dependent type="60" displayName="TDG Site Profile" parentDisplayName="Account" id="{db5d5927-e1b5-440f-b55b-e0a95e1b053b}" />
      </MissingDependency>
      <MissingDependency>
        <Required type="26" schemaName="UN NUMBER (Active)" displayName="UN NUMBER (Active)" parentSchemaName="ovs_accountun" parentDisplayName="Account UN Number" solution="Active" id="{afa44b37-6f2a-44a9-b2ac-6ef073699084}" />
        <Dependent type="60" displayName="TDG Site Profile" parentDisplayName="Account" id="{db5d5927-e1b5-440f-b55b-e0a95e1b053b}" />
      </MissingDependency>
      <MissingDependency>
        <Required type="26" schemaName="Active Air Operator Types" displayName="Active Air Operator Types" parentSchemaName="ovs_airoperatortype" parentDisplayName="Air Operator Type" solution="Active" id="{b07fee2e-98d2-423b-bb64-381ce482cc19}" />
        <Dependent type="60" displayName="TDG Site Profile" parentDisplayName="Account" id="{db5d5927-e1b5-440f-b55b-e0a95e1b053b}" />
      </MissingDependency>
      <MissingDependency>
        <Required type="26" schemaName="All Work Orders" displayName="All Work Orders" parentSchemaName="msdyn_workorder" parentDisplayName="Work Order" solution="Active" id="{c1ecc4f8-c0bf-eb11-bacc-0022483bbb9e}" />
        <Dependent type="60" displayName="TDG Site Profile" parentDisplayName="Account" id="{db5d5927-e1b5-440f-b55b-e0a95e1b053b}" />
      </MissingDependency>
      <MissingDependency>
        <Required type="26" schemaName="Inactive Work Orders" displayName="Inactive Work Orders" parentSchemaName="msdyn_workorder" parentDisplayName="Work Order" solution="FieldService (8.8.0.88)" id="{d928c332-8c65-43fc-95b2-5df41d2fa558}">
          <package>FieldService_Anchor (8.8.58.9)</package>
        </Required>
        <Dependent type="60" displayName="TDG Site Profile" parentDisplayName="Account" id="{db5d5927-e1b5-440f-b55b-e0a95e1b053b}" />
      </MissingDependency>
      <MissingDependency>
        <Required type="26" schemaName="Active Work Orders" displayName="Active Work Orders" parentSchemaName="msdyn_workorder" parentDisplayName="Work Order" solution="FieldService (8.8.0.88)" id="{fce37246-eba1-4e92-bb9d-f8cb3ec38e3f}">
          <package>FieldService_Anchor (8.8.58.9)</package>
        </Required>
        <Dependent type="60" displayName="TDG Site Profile" parentDisplayName="Account" id="{db5d5927-e1b5-440f-b55b-e0a95e1b053b}" />
      </MissingDependency>
      <MissingDependency>
        <Required type="60" displayName="account contact card" parentDisplayName="Contact" solution="msdynce_AppCommon (9.0.4.0066)" id="{29de27bc-a257-4f29-99cf-bab4a84e688f}">
          <package>msdynce_AppCommonAnchor (9.0.21122.10002)</package>
        </Required>
        <Dependent type="60" displayName="TDG Site Profile" parentDisplayName="Account" id="{db5d5927-e1b5-440f-b55b-e0a95e1b053b}" />
      </MissingDependency>
      <MissingDependency>
        <Required type="61" schemaName="msdyn_/Account/Account.Library.js" displayName="msdyn_/Account/Account.Library.js" solution="FieldService (8.8.0.88)">
          <package>FieldService_Anchor (8.8.58.9)</package>
        </Required>
        <Dependent type="60" displayName="TDG Site Profile" parentDisplayName="Account" id="{db5d5927-e1b5-440f-b55b-e0a95e1b053b}" />
      </MissingDependency>
      <MissingDependency>
        <Required type="61" schemaName="msdyn_/Utils/FieldServiceTrial.js" displayName="msdyn_/Utils/FieldServiceTrial.js" solution="FieldService (8.8.0.88)">
          <package>FieldService_Anchor (8.8.58.9)</package>
        </Required>
        <Dependent type="60" displayName="TDG Site Profile" parentDisplayName="Account" id="{db5d5927-e1b5-440f-b55b-e0a95e1b053b}" />
      </MissingDependency>
      <MissingDependency>
        <Required type="61" schemaName="qm_/CustomerServiceCall.html" displayName="qm_/CustomerServiceCall.html" solution="Active" />
        <Dependent type="62" schemaName="ovs_TDGPlanner" />
      </MissingDependency>
      <MissingDependency>
        <Required type="61" schemaName="qm_/SiteHOTImessage.html" displayName="qm_/SiteHOTImessage.html" solution="Active" />
        <Dependent type="60" displayName="TDG Site Profile" parentDisplayName="Account" id="{db5d5927-e1b5-440f-b55b-e0a95e1b053b}" />
      </MissingDependency>
      <MissingDependency>
        <Required type="61" schemaName="qm_/ViolationHistoryGrid.html" displayName="qm_/ViolationHistoryGrid.html" solution="Active" />
        <Dependent type="60" displayName="TDG Site Profile" parentDisplayName="Account" id="{db5d5927-e1b5-440f-b55b-e0a95e1b053b}" />
      </MissingDependency>
      <MissingDependency>
        <Required type="61" schemaName="qm_AccountTDG_main.js" displayName="qm_AccountTDG_main.js" solution="Active" />
        <Dependent type="60" displayName="TDG Site Profile" parentDisplayName="Account" id="{db5d5927-e1b5-440f-b55b-e0a95e1b053b}" />
      </MissingDependency>
      <MissingDependency>
        <Required type="61" schemaName="qm_globalHelper.js" displayName="qm_globalHelper.js" solution="Active" />
        <Dependent type="60" displayName="TDG Site Profile" parentDisplayName="Account" id="{db5d5927-e1b5-440f-b55b-e0a95e1b053b}" />
      </MissingDependency>
      <MissingDependency>
        <Required type="61" schemaName="qm_globalHelper.js" displayName="qm_globalHelper.js" solution="Active" />
        <Dependent type="60" displayName="Information" parentDisplayName="Work Order Candidate" id="{f7cfa7da-bd84-406d-add8-ba3537122663}" />
      </MissingDependency>
      <MissingDependency>
        <Required type="66" schemaName="msdyn_MscrmControls.TreeView.TreeViewControl" displayName="msdyn_MscrmControls.TreeView.TreeViewControl" solution="msdyn_AssetCommon (1.0.25.1)">
          <package>FieldService_Anchor (8.8.58.9)</package>
          <package>msdynce_ServiceAnchor (9.0.21123.1007)</package>
        </Required>
        <Dependent type="60" displayName="TDG Site Profile" parentDisplayName="Account" id="{db5d5927-e1b5-440f-b55b-e0a95e1b053b}" />
      </MissingDependency>
    </MissingDependencies>
  </SolutionManifest>
</ImportExportXml>