<ImportExportXml version="9.2.21112.125" SolutionPackageVersion="9.2" languagecode="1033" generatedBy="CrmLive" xmlns:xsi="http://www.w3.org/2001/XMLSchema-instance">
  <SolutionManifest>
    <UniqueName>TC_GlobalCore_Patch_993c8550</UniqueName>
    <LocalizedNames>
      <LocalizedName description="TDG Core Schema" languagecode="1033" />
    </LocalizedNames>
    <Descriptions>
      <Description description="Patch for TDG Core Schema" languagecode="1033" />
    </Descriptions>
    <ParentUniqueName>TC_GlobalCore</ParentUniqueName>
    <Version>1.122.2.0</Version>
    <Managed>0</Managed>
    <Publisher>
      <UniqueName>oversightpublisher</UniqueName>
      <LocalizedNames>
        <LocalizedName description="Oversight" languagecode="1033" />
        <LocalizedName description="Surveillance" languagecode="1036" />
      </LocalizedNames>
      <Descriptions>
        <Description description="This is the common solution for AvSec Inspection and TDG Inspection." languagecode="1033" />
        <Description description="Il s’agit de la solution courante pour l’inspection de la sûreté de l’aviation et l’inspection du TMD." languagecode="1036" />
      </Descriptions>
      <EMailAddress xsi:nil="true"></EMailAddress>
      <SupportingWebsiteUrl xsi:nil="true"></SupportingWebsiteUrl>
      <CustomizationPrefix>ovs</CustomizationPrefix>
      <CustomizationOptionValuePrefix>91864</CustomizationOptionValuePrefix>
      <Addresses>
        <Address>
          <AddressNumber>1</AddressNumber>
          <AddressTypeCode>1</AddressTypeCode>
          <City xsi:nil="true"></City>
          <County xsi:nil="true"></County>
          <Country xsi:nil="true"></Country>
          <Fax xsi:nil="true"></Fax>
          <FreightTermsCode xsi:nil="true"></FreightTermsCode>
          <ImportSequenceNumber xsi:nil="true"></ImportSequenceNumber>
          <Latitude xsi:nil="true"></Latitude>
          <Line1 xsi:nil="true"></Line1>
          <Line2 xsi:nil="true"></Line2>
          <Line3 xsi:nil="true"></Line3>
          <Longitude xsi:nil="true"></Longitude>
          <Name xsi:nil="true"></Name>
          <PostalCode xsi:nil="true"></PostalCode>
          <PostOfficeBox xsi:nil="true"></PostOfficeBox>
          <PrimaryContactName xsi:nil="true"></PrimaryContactName>
          <ShippingMethodCode>1</ShippingMethodCode>
          <StateOrProvince xsi:nil="true"></StateOrProvince>
          <Telephone1 xsi:nil="true"></Telephone1>
          <Telephone2 xsi:nil="true"></Telephone2>
          <Telephone3 xsi:nil="true"></Telephone3>
          <TimeZoneRuleVersionNumber xsi:nil="true"></TimeZoneRuleVersionNumber>
          <UPSZone xsi:nil="true"></UPSZone>
          <UTCOffset xsi:nil="true"></UTCOffset>
          <UTCConversionTimeZoneCode xsi:nil="true"></UTCConversionTimeZoneCode>
        </Address>
        <Address>
          <AddressNumber>2</AddressNumber>
          <AddressTypeCode>1</AddressTypeCode>
          <City xsi:nil="true"></City>
          <County xsi:nil="true"></County>
          <Country xsi:nil="true"></Country>
          <Fax xsi:nil="true"></Fax>
          <FreightTermsCode xsi:nil="true"></FreightTermsCode>
          <ImportSequenceNumber xsi:nil="true"></ImportSequenceNumber>
          <Latitude xsi:nil="true"></Latitude>
          <Line1 xsi:nil="true"></Line1>
          <Line2 xsi:nil="true"></Line2>
          <Line3 xsi:nil="true"></Line3>
          <Longitude xsi:nil="true"></Longitude>
          <Name xsi:nil="true"></Name>
          <PostalCode xsi:nil="true"></PostalCode>
          <PostOfficeBox xsi:nil="true"></PostOfficeBox>
          <PrimaryContactName xsi:nil="true"></PrimaryContactName>
          <ShippingMethodCode>1</ShippingMethodCode>
          <StateOrProvince xsi:nil="true"></StateOrProvince>
          <Telephone1 xsi:nil="true"></Telephone1>
          <Telephone2 xsi:nil="true"></Telephone2>
          <Telephone3 xsi:nil="true"></Telephone3>
          <TimeZoneRuleVersionNumber xsi:nil="true"></TimeZoneRuleVersionNumber>
          <UPSZone xsi:nil="true"></UPSZone>
          <UTCOffset xsi:nil="true"></UTCOffset>
          <UTCConversionTimeZoneCode xsi:nil="true"></UTCConversionTimeZoneCode>
        </Address>
      </Addresses>
    </Publisher>
    <RootComponents>
      <RootComponent type="1" schemaName="ovs_accountun" behavior="1" />
      <RootComponent type="1" schemaName="ovs_cyaction" behavior="2" />
      <RootComponent type="1" schemaName="ovs_mocregistration" behavior="1" />
      <RootComponent type="1" schemaName="ovs_workordercandidate" behavior="1" />
      <RootComponent type="1" schemaName="tdg_unnumber" behavior="1" />
      <RootComponent type="9" schemaName="tdg_specialprovisions" behavior="0" />
    </RootComponents>
    <MissingDependencies>
      <MissingDependency>
        <Required type="1" schemaName="ovs_accountun" displayName="Account UN Number" solution="Active" />
        <Dependent type="1" schemaName="ovs_accountun" displayName="Account UN Number" />
      </MissingDependency>
      <MissingDependency>
        <Required type="1" schemaName="ovs_aircrafttype" displayName="Aircraft Type" solution="Active" />
        <Dependent type="60" displayName="Information" parentDisplayName="Operation" id="{a09fc69f-3ace-46b5-85f1-be132f683042}" />
      </MissingDependency>
      <MissingDependency>
        <Required type="1" schemaName="ovs_airoperatorfunction" displayName="Air Operator Function" solution="Active" />
        <Dependent type="60" displayName="Information" parentDisplayName="Operation" id="{a09fc69f-3ace-46b5-85f1-be132f683042}" />
      </MissingDependency>
      <MissingDependency>
        <Required type="1" schemaName="ovs_airoperatortype" displayName="Air Operator Type" solution="Active" />
        <Dependent type="60" displayName="Information" parentDisplayName="Operation" id="{a09fc69f-3ace-46b5-85f1-be132f683042}" />
      </MissingDependency>
      <MissingDependency>
        <Required type="1" schemaName="ovs_cyaction" displayName="Enforcement Action" solution="Active" />
        <Dependent type="1" schemaName="ovs_cyaction" displayName="Enforcement Action" />
      </MissingDependency>
      <MissingDependency>
        <Required type="1" schemaName="ovs_enforcementactionviolation" displayName="Enforcement Action Violation" solution="Active" />
        <Dependent type="60" displayName=" main form" parentDisplayName="Enforcement Action" id="{6768019c-3b8e-eb11-b1ac-000d3ae92dbf}" />
      </MissingDependency>
      <MissingDependency>
        <Required type="1" schemaName="ovs_mocregistration" displayName="Operation" solution="Active" />
        <Dependent type="1" schemaName="ovs_mocregistration" displayName="Operation" />
      </MissingDependency>
      <MissingDependency>
        <Required type="1" schemaName="ovs_moctype" displayName="MOC Type" solution="Active" />
        <Dependent type="60" displayName="Information" parentDisplayName="Operation" id="{a09fc69f-3ace-46b5-85f1-be132f683042}" />
      </MissingDependency>
      <MissingDependency>
        <Required type="1" schemaName="ovs_modes" displayName="Modes" solution="Active" />
        <Dependent type="60" displayName="Information" parentDisplayName="Operation" id="{a09fc69f-3ace-46b5-85f1-be132f683042}" />
      </MissingDependency>
      <MissingDependency>
        <Required type="1" schemaName="ovs_operationclass" displayName="Operation Class" solution="Active" />
        <Dependent type="60" displayName="Information" parentDisplayName="Operation" id="{a09fc69f-3ace-46b5-85f1-be132f683042}" />
      </MissingDependency>
      <MissingDependency>
        <Required type="1" schemaName="ovs_operationunnumber" displayName="Operation UN Number" solution="Active" />
        <Dependent type="60" displayName="Information" parentDisplayName="Operation" id="{a09fc69f-3ace-46b5-85f1-be132f683042}" />
      </MissingDependency>
      <MissingDependency>
        <Required type="1" schemaName="ovs_workordercandidate" displayName="Work Order Candidate" solution="Active" />
        <Dependent type="1" schemaName="ovs_workordercandidate" displayName="Work Order Candidate" />
      </MissingDependency>
      <MissingDependency>
        <Required type="1" schemaName="tdg_unnumber" displayName="UN Number" solution="Active" />
        <Dependent type="1" schemaName="tdg_unnumber" displayName="UN Number" />
      </MissingDependency>
      <MissingDependency>
        <Required type="10" schemaName="ovs_workordercandidate_site_Account" displayName="ovs_workordercandidate_site_Account" parentSchemaName="account" parentDisplayName="Account" solution="Active" />
        <Dependent type="60" displayName="Information" parentDisplayName="Work Order Candidate" id="{f7cfa7da-bd84-406d-add8-ba3537122663}" />
      </MissingDependency>
      <MissingDependency>
        <Required type="10" schemaName="ovs_workordercandidate_primaryinspector" displayName="ovs_workordercandidate_primaryinspector" parentSchemaName="bookableresource" parentDisplayName="Bookable Resource" solution="Active" />
        <Dependent type="60" displayName="Information" parentDisplayName="Work Order Candidate" id="{f7cfa7da-bd84-406d-add8-ba3537122663}" />
      </MissingDependency>
      <MissingDependency>
        <Required type="10" schemaName="ovs_MOCRegistration_ovs_aircrafttype" displayName="ovs_MOCRegistration_ovs_aircrafttype" parentSchemaName="ovs_aircrafttype" parentDisplayName="Aircraft Type" solution="Active" />
        <Dependent type="60" displayName="Information" parentDisplayName="Operation" id="{a09fc69f-3ace-46b5-85f1-be132f683042}" />
      </MissingDependency>
      <MissingDependency>
        <Required type="10" schemaName="ovs_MOCRegistration_ovs_airoperatorfunction" displayName="ovs_MOCRegistration_ovs_airoperatorfunction" parentSchemaName="ovs_airoperatorfunction" parentDisplayName="Air Operator Function" solution="Active" />
        <Dependent type="60" displayName="Information" parentDisplayName="Operation" id="{a09fc69f-3ace-46b5-85f1-be132f683042}" />
      </MissingDependency>
      <MissingDependency>
        <Required type="10" schemaName="ovs_MOCRegistration_ovs_airOperatortype" displayName="ovs_MOCRegistration_ovs_airOperatortype" parentSchemaName="ovs_airoperatortype" parentDisplayName="Air Operator Type" solution="Active" />
        <Dependent type="60" displayName="Information" parentDisplayName="Operation" id="{a09fc69f-3ace-46b5-85f1-be132f683042}" />
      </MissingDependency>
      <MissingDependency>
        <Required type="10" schemaName="ovs_CDRegionalNOP_WorkOrderCandidate" displayName="ovs_CDRegionalNOP_WorkOrderCandidate" parentSchemaName="ovs_cdregionalnop" parentDisplayName="Regional NOP" solution="Active" />
        <Dependent type="60" displayName="Information" parentDisplayName="Work Order Candidate" id="{f7cfa7da-bd84-406d-add8-ba3537122663}" />
      </MissingDependency>
      <MissingDependency>
        <Required type="10" schemaName="ovs_ovs_cyaction_ovs_enforcementactionviolation_cyactionid" displayName="ovs_ovs_cyaction_ovs_enforcementactionviolation_cyactionid" parentSchemaName="ovs_cyaction" parentDisplayName="Enforcement Action" solution="Active" />
        <Dependent type="60" displayName=" main form" parentDisplayName="Enforcement Action" id="{6768019c-3b8e-eb11-b1ac-000d3ae92dbf}" />
      </MissingDependency>
      <MissingDependency>
        <Required type="10" schemaName="ovs_ovs_cysafetyassessment_ovs_cyaction_safetyassessmentid" displayName="ovs_ovs_cysafetyassessment_ovs_cyaction_safetyassessmentid" parentSchemaName="ovs_cysafetyassessment" parentDisplayName="Safety Assessment" solution="Active" />
        <Dependent type="60" displayName="Information" parentDisplayName="Enforcement Action" id="{3ecae1e0-27a6-43f6-8aba-884ccd5851e9}" />
      </MissingDependency>
      <MissingDependency>
        <Required type="10" schemaName="ovs_ovs_cysafetyassessment_ovs_cyaction_safetyassessmentid" displayName="ovs_ovs_cysafetyassessment_ovs_cyaction_safetyassessmentid" parentSchemaName="ovs_cysafetyassessment" parentDisplayName="Safety Assessment" solution="Active" />
        <Dependent type="60" displayName=" main form" parentDisplayName="Enforcement Action" id="{6768019c-3b8e-eb11-b1ac-000d3ae92dbf}" />
      </MissingDependency>
      <MissingDependency>
        <Required type="10" schemaName="ovs_mocregistration_ovs_moctype" displayName="ovs_mocregistration_ovs_moctype" parentSchemaName="ovs_mocregistration" parentDisplayName="Operation" solution="Active" />
        <Dependent type="60" displayName="Information" parentDisplayName="Operation" id="{a09fc69f-3ace-46b5-85f1-be132f683042}" />
      </MissingDependency>
      <MissingDependency>
        <Required type="10" schemaName="ovs_mocregistration_ovs_modes" displayName="ovs_mocregistration_ovs_modes" parentSchemaName="ovs_mocregistration" parentDisplayName="Operation" solution="Active" />
        <Dependent type="60" displayName="Information" parentDisplayName="Operation" id="{a09fc69f-3ace-46b5-85f1-be132f683042}" />
      </MissingDependency>
      <MissingDependency>
        <Required type="10" schemaName="ovs_OperationUNNumber_OperationUNNumber_o" displayName="ovs_OperationUNNumber_OperationUNNumber_o" parentSchemaName="ovs_mocregistration" parentDisplayName="Operation" solution="Active" />
        <Dependent type="60" displayName="Information" parentDisplayName="Operation" id="{a09fc69f-3ace-46b5-85f1-be132f683042}" />
      </MissingDependency>
      <MissingDependency>
        <Required type="10" schemaName="ovs_ovs_mocregistration_ovs_operationclass_OperationClass" displayName="ovs_ovs_mocregistration_ovs_operationclass_OperationClass" parentSchemaName="ovs_mocregistration" parentDisplayName="Operation" solution="Active" />
        <Dependent type="60" displayName="Information" parentDisplayName="Operation" id="{a09fc69f-3ace-46b5-85f1-be132f683042}" />
      </MissingDependency>
      <MissingDependency>
        <Required type="10" schemaName="ovs_ovs_mocregistration_ovs_workordercandidate_operationid" displayName="ovs_ovs_mocregistration_ovs_workordercandidate_operationid" parentSchemaName="ovs_mocregistration" parentDisplayName="Operation" solution="Active" />
        <Dependent type="60" displayName="Information" parentDisplayName="Work Order Candidate" id="{f7cfa7da-bd84-406d-add8-ba3537122663}" />
      </MissingDependency>
      <MissingDependency>
        <Required type="10" schemaName="ovs_workordercandidate_oversighttype" displayName="ovs_workordercandidate_oversighttype" parentSchemaName="ovs_oversighttype" parentDisplayName="Oversight Type" solution="Active" />
        <Dependent type="60" displayName="Information" parentDisplayName="Work Order Candidate" id="{f7cfa7da-bd84-406d-add8-ba3537122663}" />
      </MissingDependency>
      <MissingDependency>
        <Required type="10" schemaName="ovs_workordercandidate_rationale" displayName="ovs_workordercandidate_rationale" parentSchemaName="ovs_tyrational" parentDisplayName="Rationale" solution="Active" />
        <Dependent type="60" displayName="Information" parentDisplayName="Work Order Candidate" id="{f7cfa7da-bd84-406d-add8-ba3537122663}" />
      </MissingDependency>
      <MissingDependency>
        <Required type="10" schemaName="ovs_workordercandidate_plannedquarter" displayName="ovs_workordercandidate_plannedquarter" parentSchemaName="tc_tcfiscalquarter" parentDisplayName="TCFiscalQuarter" solution="Active" />
        <Dependent type="60" displayName="Information" parentDisplayName="Work Order Candidate" id="{f7cfa7da-bd84-406d-add8-ba3537122663}" />
      </MissingDependency>
      <MissingDependency>
        <Required type="10" schemaName="ovs_AccountUN_UNNumber_tdg_UNNumber" displayName="ovs_AccountUN_UNNumber_tdg_UNNumber" parentSchemaName="tdg_unnumber" parentDisplayName="UN Number" solution="Active" />
        <Dependent type="60" displayName=" quick create form" parentDisplayName="Account UN Number" id="{910254fa-97bd-eb11-bacc-0022483bbb9e}" />
      </MissingDependency>
      <MissingDependency>
        <Required type="2" schemaName="ovs_accountunid" displayName="Account UN" parentSchemaName="ovs_accountun" parentDisplayName="Account UN Number" solution="Active" />
        <Dependent type="26" schemaName="UN NUMBER (Active)" displayName="UN NUMBER (Active)" parentSchemaName="ovs_accountun" parentDisplayName="Account UN Number" id="{afa44b37-6f2a-44a9-b2ac-6ef073699084}" />
      </MissingDependency>
      <MissingDependency>
        <Required type="2" schemaName="ovs_accountunid" displayName="Account UN" parentSchemaName="ovs_accountun" parentDisplayName="Account UN Number" solution="Active" />
        <Dependent type="26" schemaName="UN NUMBER (Inactive)" displayName="UN NUMBER (Inactive)" parentSchemaName="ovs_accountun" parentDisplayName="Account UN Number" id="{dbe46947-e770-43f7-a33a-fe45f5bfb646}" />
      </MissingDependency>
      <MissingDependency>
        <Required type="2" schemaName="ovs_name" displayName="Name" parentSchemaName="ovs_accountun" parentDisplayName="Account UN Number" solution="Active" />
        <Dependent type="60" displayName=" quick create form" parentDisplayName="Account UN Number" id="{910254fa-97bd-eb11-bacc-0022483bbb9e}" />
      </MissingDependency>
      <MissingDependency>
        <Required type="2" schemaName="ovs_supplychaindirection" displayName="Supply Chain Direction" parentSchemaName="ovs_accountun" parentDisplayName="Account UN Number" solution="Active" />
        <Dependent type="26" schemaName="UN NUMBER (Active)" displayName="UN NUMBER (Active)" parentSchemaName="ovs_accountun" parentDisplayName="Account UN Number" id="{afa44b37-6f2a-44a9-b2ac-6ef073699084}" />
      </MissingDependency>
      <MissingDependency>
        <Required type="2" schemaName="ovs_supplychaindirection" displayName="Supply Chain Direction" parentSchemaName="ovs_accountun" parentDisplayName="Account UN Number" solution="Active" />
        <Dependent type="26" schemaName="UN NUMBER (Inactive)" displayName="UN NUMBER (Inactive)" parentSchemaName="ovs_accountun" parentDisplayName="Account UN Number" id="{dbe46947-e770-43f7-a33a-fe45f5bfb646}" />
      </MissingDependency>
      <MissingDependency>
        <Required type="2" schemaName="ovs_supplychaindirection" displayName="Supply Chain Direction" parentSchemaName="ovs_accountun" parentDisplayName="Account UN Number" solution="Active" />
        <Dependent type="60" displayName=" quick create form" parentDisplayName="Account UN Number" id="{910254fa-97bd-eb11-bacc-0022483bbb9e}" />
      </MissingDependency>
      <MissingDependency>
        <Required type="2" schemaName="ovs_unnumber" displayName="UN Number" parentSchemaName="ovs_accountun" parentDisplayName="Account UN Number" solution="Active" />
        <Dependent type="26" schemaName="UN NUMBER (Active)" displayName="UN NUMBER (Active)" parentSchemaName="ovs_accountun" parentDisplayName="Account UN Number" id="{afa44b37-6f2a-44a9-b2ac-6ef073699084}" />
      </MissingDependency>
      <MissingDependency>
        <Required type="2" schemaName="ovs_unnumber" displayName="UN Number" parentSchemaName="ovs_accountun" parentDisplayName="Account UN Number" solution="Active" />
        <Dependent type="26" schemaName="UN NUMBER (Inactive)" displayName="UN NUMBER (Inactive)" parentSchemaName="ovs_accountun" parentDisplayName="Account UN Number" id="{dbe46947-e770-43f7-a33a-fe45f5bfb646}" />
      </MissingDependency>
      <MissingDependency>
        <Required type="2" schemaName="ovs_unnumber" displayName="UN Number" parentSchemaName="ovs_accountun" parentDisplayName="Account UN Number" solution="Active" />
        <Dependent type="60" displayName=" quick create form" parentDisplayName="Account UN Number" id="{910254fa-97bd-eb11-bacc-0022483bbb9e}" />
      </MissingDependency>
      <MissingDependency>
        <Required type="2" schemaName="statecode" displayName="Status" parentSchemaName="ovs_accountun" parentDisplayName="Account UN Number" solution="Active" />
        <Dependent type="26" schemaName="UN NUMBER (Active)" displayName="UN NUMBER (Active)" parentSchemaName="ovs_accountun" parentDisplayName="Account UN Number" id="{afa44b37-6f2a-44a9-b2ac-6ef073699084}" />
      </MissingDependency>
      <MissingDependency>
        <Required type="2" schemaName="statecode" displayName="Status" parentSchemaName="ovs_accountun" parentDisplayName="Account UN Number" solution="Active" />
        <Dependent type="26" schemaName="UN NUMBER (Inactive)" displayName="UN NUMBER (Inactive)" parentSchemaName="ovs_accountun" parentDisplayName="Account UN Number" id="{dbe46947-e770-43f7-a33a-fe45f5bfb646}" />
      </MissingDependency>
      <MissingDependency>
        <Required type="2" schemaName="actualend" displayName="Date Resolved" parentSchemaName="ovs_cyaction" parentDisplayName="Enforcement Action" solution="Active" />
        <Dependent type="60" displayName=" main form" parentDisplayName="Enforcement Action" id="{6768019c-3b8e-eb11-b1ac-000d3ae92dbf}" />
      </MissingDependency>
      <MissingDependency>
        <Required type="2" schemaName="createdby" displayName="Created By" parentSchemaName="ovs_cyaction" parentDisplayName="Enforcement Action" solution="Active" />
        <Dependent type="60" displayName="Information" parentDisplayName="Enforcement Action" id="{3ecae1e0-27a6-43f6-8aba-884ccd5851e9}" />
      </MissingDependency>
      <MissingDependency>
        <Required type="2" schemaName="createdby" displayName="Created By" parentSchemaName="ovs_cyaction" parentDisplayName="Enforcement Action" solution="Active" />
        <Dependent type="60" displayName=" main form" parentDisplayName="Enforcement Action" id="{6768019c-3b8e-eb11-b1ac-000d3ae92dbf}" />
      </MissingDependency>
      <MissingDependency>
        <Required type="2" schemaName="createdon" displayName="Date Created" parentSchemaName="ovs_cyaction" parentDisplayName="Enforcement Action" solution="Active" />
        <Dependent type="60" displayName="Information" parentDisplayName="Enforcement Action" id="{3ecae1e0-27a6-43f6-8aba-884ccd5851e9}" />
      </MissingDependency>
      <MissingDependency>
        <Required type="2" schemaName="createdon" displayName="Date Created" parentSchemaName="ovs_cyaction" parentDisplayName="Enforcement Action" solution="Active" />
        <Dependent type="60" displayName=" main form" parentDisplayName="Enforcement Action" id="{6768019c-3b8e-eb11-b1ac-000d3ae92dbf}" />
      </MissingDependency>
      <MissingDependency>
        <Required type="2" schemaName="modifiedby" displayName="Modified By" parentSchemaName="ovs_cyaction" parentDisplayName="Enforcement Action" solution="Active" />
        <Dependent type="60" displayName="Information" parentDisplayName="Enforcement Action" id="{3ecae1e0-27a6-43f6-8aba-884ccd5851e9}" />
      </MissingDependency>
      <MissingDependency>
        <Required type="2" schemaName="modifiedby" displayName="Modified By" parentSchemaName="ovs_cyaction" parentDisplayName="Enforcement Action" solution="Active" />
        <Dependent type="60" displayName=" main form" parentDisplayName="Enforcement Action" id="{6768019c-3b8e-eb11-b1ac-000d3ae92dbf}" />
      </MissingDependency>
      <MissingDependency>
        <Required type="2" schemaName="modifiedon" displayName="Last Updated" parentSchemaName="ovs_cyaction" parentDisplayName="Enforcement Action" solution="Active" />
        <Dependent type="60" displayName="Information" parentDisplayName="Enforcement Action" id="{3ecae1e0-27a6-43f6-8aba-884ccd5851e9}" />
      </MissingDependency>
      <MissingDependency>
        <Required type="2" schemaName="modifiedon" displayName="Last Updated" parentSchemaName="ovs_cyaction" parentDisplayName="Enforcement Action" solution="Active" />
        <Dependent type="60" displayName=" main form" parentDisplayName="Enforcement Action" id="{6768019c-3b8e-eb11-b1ac-000d3ae92dbf}" />
      </MissingDependency>
      <MissingDependency>
        <Required type="2" schemaName="ovs_actiondate" displayName="Action Date" parentSchemaName="ovs_cyaction" parentDisplayName="Enforcement Action" solution="Active" />
        <Dependent type="60" displayName="Information" parentDisplayName="Enforcement Action" id="{3ecae1e0-27a6-43f6-8aba-884ccd5851e9}" />
      </MissingDependency>
      <MissingDependency>
        <Required type="2" schemaName="ovs_actiondate" displayName="Action Date" parentSchemaName="ovs_cyaction" parentDisplayName="Enforcement Action" solution="Active" />
        <Dependent type="60" displayName=" main form" parentDisplayName="Enforcement Action" id="{6768019c-3b8e-eb11-b1ac-000d3ae92dbf}" />
      </MissingDependency>
      <MissingDependency>
        <Required type="2" schemaName="ovs_actionnumber" displayName="Action Number" parentSchemaName="ovs_cyaction" parentDisplayName="Enforcement Action" solution="Active" />
        <Dependent type="60" displayName=" main form" parentDisplayName="Enforcement Action" id="{6768019c-3b8e-eb11-b1ac-000d3ae92dbf}" />
      </MissingDependency>
      <MissingDependency>
        <Required type="2" schemaName="ovs_actiontype" displayName="Action Type" parentSchemaName="ovs_cyaction" parentDisplayName="Enforcement Action" solution="Active" />
        <Dependent type="60" displayName="Information" parentDisplayName="Enforcement Action" id="{3ecae1e0-27a6-43f6-8aba-884ccd5851e9}" />
      </MissingDependency>
      <MissingDependency>
        <Required type="2" schemaName="ovs_actiontype" displayName="Action Type" parentSchemaName="ovs_cyaction" parentDisplayName="Enforcement Action" solution="Active" />
        <Dependent type="60" displayName=" main form" parentDisplayName="Enforcement Action" id="{6768019c-3b8e-eb11-b1ac-000d3ae92dbf}" />
      </MissingDependency>
      <MissingDependency>
        <Required type="2" schemaName="ovs_casereportcourtorderind" displayName="Court Order" parentSchemaName="ovs_cyaction" parentDisplayName="Enforcement Action" solution="Active" />
        <Dependent type="60" displayName=" main form" parentDisplayName="Enforcement Action" id="{6768019c-3b8e-eb11-b1ac-000d3ae92dbf}" />
      </MissingDependency>
      <MissingDependency>
        <Required type="2" schemaName="ovs_casereportjudgecommentsind" displayName="Judge's Comments attached" parentSchemaName="ovs_cyaction" parentDisplayName="Enforcement Action" solution="Active" />
        <Dependent type="60" displayName=" main form" parentDisplayName="Enforcement Action" id="{6768019c-3b8e-eb11-b1ac-000d3ae92dbf}" />
      </MissingDependency>
      <MissingDependency>
        <Required type="2" schemaName="ovs_casereportjudgetxt" displayName="Department of Justice / Crown Attorney" parentSchemaName="ovs_cyaction" parentDisplayName="Enforcement Action" solution="Active" />
        <Dependent type="60" displayName=" main form" parentDisplayName="Enforcement Action" id="{6768019c-3b8e-eb11-b1ac-000d3ae92dbf}" />
      </MissingDependency>
      <MissingDependency>
        <Required type="2" schemaName="ovs_casereportnbr" displayName="Court Case Number" parentSchemaName="ovs_cyaction" parentDisplayName="Enforcement Action" solution="Active" />
        <Dependent type="60" displayName=" main form" parentDisplayName="Enforcement Action" id="{6768019c-3b8e-eb11-b1ac-000d3ae92dbf}" />
      </MissingDependency>
      <MissingDependency>
        <Required type="2" schemaName="ovs_casereporttrialdate" displayName="Trial Date" parentSchemaName="ovs_cyaction" parentDisplayName="Enforcement Action" solution="Active" />
        <Dependent type="60" displayName=" main form" parentDisplayName="Enforcement Action" id="{6768019c-3b8e-eb11-b1ac-000d3ae92dbf}" />
      </MissingDependency>
      <MissingDependency>
        <Required type="2" schemaName="ovs_designatedperson" displayName="Designated Person" parentSchemaName="ovs_cyaction" parentDisplayName="Enforcement Action" solution="Active" />
        <Dependent type="60" displayName=" main form" parentDisplayName="Enforcement Action" id="{6768019c-3b8e-eb11-b1ac-000d3ae92dbf}" />
      </MissingDependency>
      <MissingDependency>
        <Required type="2" schemaName="ovs_designatedpersontitle" displayName="Designated Person's Title" parentSchemaName="ovs_cyaction" parentDisplayName="Enforcement Action" solution="Active" />
        <Dependent type="60" displayName=" main form" parentDisplayName="Enforcement Action" id="{6768019c-3b8e-eb11-b1ac-000d3ae92dbf}" />
      </MissingDependency>
      <MissingDependency>
        <Required type="2" schemaName="ovs_dg_text_en" displayName="Dangerous Goods Text - EN" parentSchemaName="ovs_cyaction" parentDisplayName="Enforcement Action" solution="Active" />
        <Dependent type="60" displayName=" main form" parentDisplayName="Enforcement Action" id="{6768019c-3b8e-eb11-b1ac-000d3ae92dbf}" />
      </MissingDependency>
      <MissingDependency>
        <Required type="2" schemaName="ovs_dg_text_fr" displayName="Dangerous Goods Text - FR" parentSchemaName="ovs_cyaction" parentDisplayName="Enforcement Action" solution="Active" />
        <Dependent type="60" displayName=" main form" parentDisplayName="Enforcement Action" id="{6768019c-3b8e-eb11-b1ac-000d3ae92dbf}" />
      </MissingDependency>
      <MissingDependency>
        <Required type="2" schemaName="ovs_dgdescription" displayName="Description of the Dangerous Goods" parentSchemaName="ovs_cyaction" parentDisplayName="Enforcement Action" solution="Active" />
        <Dependent type="60" displayName=" main form" parentDisplayName="Enforcement Action" id="{6768019c-3b8e-eb11-b1ac-000d3ae92dbf}" />
      </MissingDependency>
      <MissingDependency>
        <Required type="2" schemaName="ovs_directiontxt" displayName="Inspector's Direction" parentSchemaName="ovs_cyaction" parentDisplayName="Enforcement Action" solution="Active" />
        <Dependent type="60" displayName="Information" parentDisplayName="Enforcement Action" id="{3ecae1e0-27a6-43f6-8aba-884ccd5851e9}" />
      </MissingDependency>
      <MissingDependency>
        <Required type="2" schemaName="ovs_directiontxt" displayName="Inspector's Direction" parentSchemaName="ovs_cyaction" parentDisplayName="Enforcement Action" solution="Active" />
        <Dependent type="60" displayName=" main form" parentDisplayName="Enforcement Action" id="{6768019c-3b8e-eb11-b1ac-000d3ae92dbf}" />
      </MissingDependency>
      <MissingDependency>
        <Required type="2" schemaName="ovs_evidencedocuments" displayName="Documents" parentSchemaName="ovs_cyaction" parentDisplayName="Enforcement Action" solution="Active" />
        <Dependent type="60" displayName=" main form" parentDisplayName="Enforcement Action" id="{6768019c-3b8e-eb11-b1ac-000d3ae92dbf}" />
      </MissingDependency>
      <MissingDependency>
        <Required type="2" schemaName="ovs_evidencephotos" displayName="Photographs" parentSchemaName="ovs_cyaction" parentDisplayName="Enforcement Action" solution="Active" />
        <Dependent type="60" displayName=" main form" parentDisplayName="Enforcement Action" id="{6768019c-3b8e-eb11-b1ac-000d3ae92dbf}" />
      </MissingDependency>
      <MissingDependency>
        <Required type="2" schemaName="ovs_evidencesaamples" displayName="Samples" parentSchemaName="ovs_cyaction" parentDisplayName="Enforcement Action" solution="Active" />
        <Dependent type="60" displayName=" main form" parentDisplayName="Enforcement Action" id="{6768019c-3b8e-eb11-b1ac-000d3ae92dbf}" />
      </MissingDependency>
      <MissingDependency>
        <Required type="2" schemaName="ovs_evidencestatements" displayName="Statements" parentSchemaName="ovs_cyaction" parentDisplayName="Enforcement Action" solution="Active" />
        <Dependent type="60" displayName=" main form" parentDisplayName="Enforcement Action" id="{6768019c-3b8e-eb11-b1ac-000d3ae92dbf}" />
      </MissingDependency>
      <MissingDependency>
        <Required type="2" schemaName="ovs_fineamt" displayName="Fine" parentSchemaName="ovs_cyaction" parentDisplayName="Enforcement Action" solution="Active" />
        <Dependent type="60" displayName=" main form" parentDisplayName="Enforcement Action" id="{6768019c-3b8e-eb11-b1ac-000d3ae92dbf}" />
      </MissingDependency>
      <MissingDependency>
        <Required type="2" schemaName="ovs_interventionsummarytxt" displayName="Summary of Intervention" parentSchemaName="ovs_cyaction" parentDisplayName="Enforcement Action" solution="Active" />
        <Dependent type="60" displayName=" main form" parentDisplayName="Enforcement Action" id="{6768019c-3b8e-eb11-b1ac-000d3ae92dbf}" />
      </MissingDependency>
      <MissingDependency>
        <Required type="2" schemaName="ovs_investigationsynopsis" displayName="Synopsis" parentSchemaName="ovs_cyaction" parentDisplayName="Enforcement Action" solution="Active" />
        <Dependent type="60" displayName=" main form" parentDisplayName="Enforcement Action" id="{6768019c-3b8e-eb11-b1ac-000d3ae92dbf}" />
      </MissingDependency>
      <MissingDependency>
        <Required type="2" schemaName="ovs_localtime" displayName="Local Time" parentSchemaName="ovs_cyaction" parentDisplayName="Enforcement Action" solution="Active" />
        <Dependent type="60" displayName=" main form" parentDisplayName="Enforcement Action" id="{6768019c-3b8e-eb11-b1ac-000d3ae92dbf}" />
      </MissingDependency>
      <MissingDependency>
        <Required type="2" schemaName="ovs_moc_text_en" displayName="MOC Text - EN" parentSchemaName="ovs_cyaction" parentDisplayName="Enforcement Action" solution="Active" />
        <Dependent type="60" displayName=" main form" parentDisplayName="Enforcement Action" id="{6768019c-3b8e-eb11-b1ac-000d3ae92dbf}" />
      </MissingDependency>
      <MissingDependency>
        <Required type="2" schemaName="ovs_moc_text_fr" displayName="MOC Text - FR" parentSchemaName="ovs_cyaction" parentDisplayName="Enforcement Action" solution="Active" />
        <Dependent type="60" displayName=" main form" parentDisplayName="Enforcement Action" id="{6768019c-3b8e-eb11-b1ac-000d3ae92dbf}" />
      </MissingDependency>
      <MissingDependency>
        <Required type="2" schemaName="ovs_mocdescription" displayName="Description of the Means of Containment" parentSchemaName="ovs_cyaction" parentDisplayName="Enforcement Action" solution="Active" />
        <Dependent type="60" displayName=" main form" parentDisplayName="Enforcement Action" id="{6768019c-3b8e-eb11-b1ac-000d3ae92dbf}" />
      </MissingDependency>
      <MissingDependency>
        <Required type="2" schemaName="ovs_noncompliancedetailstxt" displayName="Details of Non-compliance" parentSchemaName="ovs_cyaction" parentDisplayName="Enforcement Action" solution="Active" />
        <Dependent type="60" displayName=" main form" parentDisplayName="Enforcement Action" id="{6768019c-3b8e-eb11-b1ac-000d3ae92dbf}" />
      </MissingDependency>
      <MissingDependency>
        <Required type="2" schemaName="ovs_reasonhoti" displayName="Reason HOTI" parentSchemaName="ovs_cyaction" parentDisplayName="Enforcement Action" solution="Active" />
        <Dependent type="60" displayName=" main form" parentDisplayName="Enforcement Action" id="{6768019c-3b8e-eb11-b1ac-000d3ae92dbf}" />
      </MissingDependency>
      <MissingDependency>
        <Required type="2" schemaName="ovs_reasonmoc" displayName="Reason MOC" parentSchemaName="ovs_cyaction" parentDisplayName="Enforcement Action" solution="Active" />
        <Dependent type="60" displayName=" main form" parentDisplayName="Enforcement Action" id="{6768019c-3b8e-eb11-b1ac-000d3ae92dbf}" />
      </MissingDependency>
      <MissingDependency>
        <Required type="2" schemaName="ovs_releasedate" displayName="Release Date" parentSchemaName="ovs_cyaction" parentDisplayName="Enforcement Action" solution="Active" />
        <Dependent type="60" displayName="Information" parentDisplayName="Enforcement Action" id="{3ecae1e0-27a6-43f6-8aba-884ccd5851e9}" />
      </MissingDependency>
      <MissingDependency>
        <Required type="2" schemaName="ovs_releasedate" displayName="Release Date" parentSchemaName="ovs_cyaction" parentDisplayName="Enforcement Action" solution="Active" />
        <Dependent type="60" displayName=" main form" parentDisplayName="Enforcement Action" id="{6768019c-3b8e-eb11-b1ac-000d3ae92dbf}" />
      </MissingDependency>
      <MissingDependency>
        <Required type="2" schemaName="ovs_revocationjustificationtxt" displayName="Revocation Justification" parentSchemaName="ovs_cyaction" parentDisplayName="Enforcement Action" solution="Active" />
        <Dependent type="60" displayName="Information" parentDisplayName="Enforcement Action" id="{3ecae1e0-27a6-43f6-8aba-884ccd5851e9}" />
      </MissingDependency>
      <MissingDependency>
        <Required type="2" schemaName="ovs_revocationjustificationtxt" displayName="Revocation Justification" parentSchemaName="ovs_cyaction" parentDisplayName="Enforcement Action" solution="Active" />
        <Dependent type="60" displayName=" main form" parentDisplayName="Enforcement Action" id="{6768019c-3b8e-eb11-b1ac-000d3ae92dbf}" />
      </MissingDependency>
      <MissingDependency>
        <Required type="2" schemaName="ovs_safetyassessmentid" displayName="Safety Assessment" parentSchemaName="ovs_cyaction" parentDisplayName="Enforcement Action" solution="Active" />
        <Dependent type="60" displayName="Information" parentDisplayName="Enforcement Action" id="{3ecae1e0-27a6-43f6-8aba-884ccd5851e9}" />
      </MissingDependency>
      <MissingDependency>
        <Required type="2" schemaName="ovs_safetyassessmentid" displayName="Safety Assessment" parentSchemaName="ovs_cyaction" parentDisplayName="Enforcement Action" solution="Active" />
        <Dependent type="60" displayName=" main form" parentDisplayName="Enforcement Action" id="{6768019c-3b8e-eb11-b1ac-000d3ae92dbf}" />
      </MissingDependency>
      <MissingDependency>
        <Required type="2" schemaName="ovs_statusjustification" displayName="Justification" parentSchemaName="ovs_cyaction" parentDisplayName="Enforcement Action" solution="Active" />
        <Dependent type="60" displayName=" main form" parentDisplayName="Enforcement Action" id="{6768019c-3b8e-eb11-b1ac-000d3ae92dbf}" />
      </MissingDependency>
      <MissingDependency>
        <Required type="2" schemaName="ovs_ticketid" displayName="Ticket ID" parentSchemaName="ovs_cyaction" parentDisplayName="Enforcement Action" solution="Active" />
        <Dependent type="60" displayName=" main form" parentDisplayName="Enforcement Action" id="{6768019c-3b8e-eb11-b1ac-000d3ae92dbf}" />
      </MissingDependency>
      <MissingDependency>
        <Required type="2" schemaName="ownerid" displayName="Owner" parentSchemaName="ovs_cyaction" parentDisplayName="Enforcement Action" solution="Active" />
        <Dependent type="60" displayName="Information" parentDisplayName="Enforcement Action" id="{3ecae1e0-27a6-43f6-8aba-884ccd5851e9}" />
      </MissingDependency>
      <MissingDependency>
        <Required type="2" schemaName="ownerid" displayName="Owner" parentSchemaName="ovs_cyaction" parentDisplayName="Enforcement Action" solution="Active" />
        <Dependent type="60" displayName=" main form" parentDisplayName="Enforcement Action" id="{6768019c-3b8e-eb11-b1ac-000d3ae92dbf}" />
      </MissingDependency>
      <MissingDependency>
        <Required type="2" schemaName="regardingobjectid" displayName="Regarding" parentSchemaName="ovs_cyaction" parentDisplayName="Enforcement Action" solution="Active" />
        <Dependent type="60" displayName="Information" parentDisplayName="Enforcement Action" id="{3ecae1e0-27a6-43f6-8aba-884ccd5851e9}" />
      </MissingDependency>
      <MissingDependency>
        <Required type="2" schemaName="regardingobjectid" displayName="Regarding" parentSchemaName="ovs_cyaction" parentDisplayName="Enforcement Action" solution="Active" />
        <Dependent type="60" displayName=" main form" parentDisplayName="Enforcement Action" id="{6768019c-3b8e-eb11-b1ac-000d3ae92dbf}" />
      </MissingDependency>
      <MissingDependency>
        <Required type="2" schemaName="statecode" displayName="Activity Status" parentSchemaName="ovs_cyaction" parentDisplayName="Enforcement Action" solution="Active" />
        <Dependent type="60" displayName="Information" parentDisplayName="Enforcement Action" id="{3ecae1e0-27a6-43f6-8aba-884ccd5851e9}" />
      </MissingDependency>
      <MissingDependency>
        <Required type="2" schemaName="statecode" displayName="Activity Status" parentSchemaName="ovs_cyaction" parentDisplayName="Enforcement Action" solution="Active" />
        <Dependent type="60" displayName=" main form" parentDisplayName="Enforcement Action" id="{6768019c-3b8e-eb11-b1ac-000d3ae92dbf}" />
      </MissingDependency>
      <MissingDependency>
        <Required type="2" schemaName="statuscode" displayName="Status Reason" parentSchemaName="ovs_cyaction" parentDisplayName="Enforcement Action" solution="Active" />
        <Dependent type="60" displayName=" main form" parentDisplayName="Enforcement Action" id="{6768019c-3b8e-eb11-b1ac-000d3ae92dbf}" />
      </MissingDependency>
      <MissingDependency>
        <Required type="2" schemaName="subject" displayName="Subject" parentSchemaName="ovs_cyaction" parentDisplayName="Enforcement Action" solution="Active" />
        <Dependent type="60" displayName="Information" parentDisplayName="Enforcement Action" id="{3ecae1e0-27a6-43f6-8aba-884ccd5851e9}" />
      </MissingDependency>
      <MissingDependency>
        <Required type="2" schemaName="subject" displayName="Subject" parentSchemaName="ovs_cyaction" parentDisplayName="Enforcement Action" solution="Active" />
        <Dependent type="60" displayName=" main form" parentDisplayName="Enforcement Action" id="{6768019c-3b8e-eb11-b1ac-000d3ae92dbf}" />
      </MissingDependency>
      <MissingDependency>
        <Required type="2" schemaName="createdon" displayName="Created On" parentSchemaName="ovs_workordercandidate" parentDisplayName="Work Order Candidate" solution="Active" />
        <Dependent type="26" schemaName="Active Work Order Candidates" displayName="Active Work Order Candidates" parentSchemaName="ovs_workordercandidate" parentDisplayName="Work Order Candidate" id="{703ea38f-ec1a-468d-a0c3-450d30adb315}" />
      </MissingDependency>
      <MissingDependency>
        <Required type="2" schemaName="ovs_hqflag" displayName="HQ Flag" parentSchemaName="ovs_workordercandidate" parentDisplayName="Work Order Candidate" solution="Active" />
        <Dependent type="26" schemaName="Work Order Candidate Associated View" displayName="Work Order Candidate Associated View" parentSchemaName="ovs_workordercandidate" parentDisplayName="Work Order Candidate" id="{24e940e1-fece-4ef5-bc24-a80cad85ee43}" />
      </MissingDependency>
      <MissingDependency>
        <Required type="2" schemaName="ovs_hqflag" displayName="HQ Flag" parentSchemaName="ovs_workordercandidate" parentDisplayName="Work Order Candidate" solution="Active" />
        <Dependent type="26" schemaName="Active Work Order Candidates" displayName="Active Work Order Candidates" parentSchemaName="ovs_workordercandidate" parentDisplayName="Work Order Candidate" id="{703ea38f-ec1a-468d-a0c3-450d30adb315}" />
      </MissingDependency>
      <MissingDependency>
        <Required type="2" schemaName="ovs_hqflag" displayName="HQ Flag" parentSchemaName="ovs_workordercandidate" parentDisplayName="Work Order Candidate" solution="Active" />
        <Dependent type="60" displayName="Information" parentDisplayName="Work Order Candidate" id="{f7cfa7da-bd84-406d-add8-ba3537122663}" />
      </MissingDependency>
      <MissingDependency>
        <Required type="2" schemaName="ovs_justification" displayName="Justification" parentSchemaName="ovs_workordercandidate" parentDisplayName="Work Order Candidate" solution="Active" />
        <Dependent type="26" schemaName="Active Work Order Candidates" displayName="Active Work Order Candidates" parentSchemaName="ovs_workordercandidate" parentDisplayName="Work Order Candidate" id="{703ea38f-ec1a-468d-a0c3-450d30adb315}" />
      </MissingDependency>
      <MissingDependency>
        <Required type="2" schemaName="ovs_justification" displayName="Justification" parentSchemaName="ovs_workordercandidate" parentDisplayName="Work Order Candidate" solution="Active" />
        <Dependent type="60" displayName="Information" parentDisplayName="Work Order Candidate" id="{f7cfa7da-bd84-406d-add8-ba3537122663}" />
      </MissingDependency>
      <MissingDependency>
        <Required type="2" schemaName="ovs_name" displayName="Name" parentSchemaName="ovs_workordercandidate" parentDisplayName="Work Order Candidate" solution="Active" />
        <Dependent type="26" schemaName="Work Order Candidate Associated View" displayName="Work Order Candidate Associated View" parentSchemaName="ovs_workordercandidate" parentDisplayName="Work Order Candidate" id="{24e940e1-fece-4ef5-bc24-a80cad85ee43}" />
      </MissingDependency>
      <MissingDependency>
        <Required type="2" schemaName="ovs_name" displayName="Name" parentSchemaName="ovs_workordercandidate" parentDisplayName="Work Order Candidate" solution="Active" />
        <Dependent type="26" schemaName="Active Work Order Candidates" displayName="Active Work Order Candidates" parentSchemaName="ovs_workordercandidate" parentDisplayName="Work Order Candidate" id="{703ea38f-ec1a-468d-a0c3-450d30adb315}" />
      </MissingDependency>
      <MissingDependency>
        <Required type="2" schemaName="ovs_name" displayName="Name" parentSchemaName="ovs_workordercandidate" parentDisplayName="Work Order Candidate" solution="Active" />
        <Dependent type="60" displayName="Information" parentDisplayName="Work Order Candidate" id="{f7cfa7da-bd84-406d-add8-ba3537122663}" />
      </MissingDependency>
      <MissingDependency>
        <Required type="2" schemaName="ovs_operationid" displayName="Operation" parentSchemaName="ovs_workordercandidate" parentDisplayName="Work Order Candidate" solution="Active" />
        <Dependent type="26" schemaName="Work Order Candidate Associated View" displayName="Work Order Candidate Associated View" parentSchemaName="ovs_workordercandidate" parentDisplayName="Work Order Candidate" id="{24e940e1-fece-4ef5-bc24-a80cad85ee43}" />
      </MissingDependency>
      <MissingDependency>
        <Required type="2" schemaName="ovs_operationid" displayName="Operation" parentSchemaName="ovs_workordercandidate" parentDisplayName="Work Order Candidate" solution="Active" />
        <Dependent type="26" schemaName="Active Work Order Candidates" displayName="Active Work Order Candidates" parentSchemaName="ovs_workordercandidate" parentDisplayName="Work Order Candidate" id="{703ea38f-ec1a-468d-a0c3-450d30adb315}" />
      </MissingDependency>
      <MissingDependency>
        <Required type="2" schemaName="ovs_operationid" displayName="Operation" parentSchemaName="ovs_workordercandidate" parentDisplayName="Work Order Candidate" solution="Active" />
        <Dependent type="60" displayName="Information" parentDisplayName="Work Order Candidate" id="{f7cfa7da-bd84-406d-add8-ba3537122663}" />
      </MissingDependency>
      <MissingDependency>
        <Required type="2" schemaName="ovs_oversighttype" displayName="Oversight Type" parentSchemaName="ovs_workordercandidate" parentDisplayName="Work Order Candidate" solution="Active" />
        <Dependent type="26" schemaName="Work Order Candidate Associated View" displayName="Work Order Candidate Associated View" parentSchemaName="ovs_workordercandidate" parentDisplayName="Work Order Candidate" id="{24e940e1-fece-4ef5-bc24-a80cad85ee43}" />
      </MissingDependency>
      <MissingDependency>
        <Required type="2" schemaName="ovs_oversighttype" displayName="Oversight Type" parentSchemaName="ovs_workordercandidate" parentDisplayName="Work Order Candidate" solution="Active" />
        <Dependent type="60" displayName="Information" parentDisplayName="Work Order Candidate" id="{f7cfa7da-bd84-406d-add8-ba3537122663}" />
      </MissingDependency>
      <MissingDependency>
        <Required type="2" schemaName="ovs_plannedquarter" displayName="Planned Quarter" parentSchemaName="ovs_workordercandidate" parentDisplayName="Work Order Candidate" solution="Active" />
        <Dependent type="26" schemaName="Active Work Order Candidates" displayName="Active Work Order Candidates" parentSchemaName="ovs_workordercandidate" parentDisplayName="Work Order Candidate" id="{703ea38f-ec1a-468d-a0c3-450d30adb315}" />
      </MissingDependency>
      <MissingDependency>
        <Required type="2" schemaName="ovs_plannedquarter" displayName="Planned Quarter" parentSchemaName="ovs_workordercandidate" parentDisplayName="Work Order Candidate" solution="Active" />
        <Dependent type="60" displayName="Information" parentDisplayName="Work Order Candidate" id="{f7cfa7da-bd84-406d-add8-ba3537122663}" />
      </MissingDependency>
      <MissingDependency>
        <Required type="2" schemaName="ovs_planningstatus" displayName="Planning Status" parentSchemaName="ovs_workordercandidate" parentDisplayName="Work Order Candidate" solution="Active" />
        <Dependent type="26" schemaName="Active Work Order Candidates" displayName="Active Work Order Candidates" parentSchemaName="ovs_workordercandidate" parentDisplayName="Work Order Candidate" id="{703ea38f-ec1a-468d-a0c3-450d30adb315}" />
      </MissingDependency>
      <MissingDependency>
        <Required type="2" schemaName="ovs_planningstatus" displayName="Planning Status" parentSchemaName="ovs_workordercandidate" parentDisplayName="Work Order Candidate" solution="Active" />
        <Dependent type="60" displayName="Information" parentDisplayName="Work Order Candidate" id="{f7cfa7da-bd84-406d-add8-ba3537122663}" />
      </MissingDependency>
      <MissingDependency>
        <Required type="2" schemaName="ovs_primaryinspector" displayName="Primary Inspector" parentSchemaName="ovs_workordercandidate" parentDisplayName="Work Order Candidate" solution="Active" />
        <Dependent type="26" schemaName="Active Work Order Candidates" displayName="Active Work Order Candidates" parentSchemaName="ovs_workordercandidate" parentDisplayName="Work Order Candidate" id="{703ea38f-ec1a-468d-a0c3-450d30adb315}" />
      </MissingDependency>
      <MissingDependency>
        <Required type="2" schemaName="ovs_primaryinspector" displayName="Primary Inspector" parentSchemaName="ovs_workordercandidate" parentDisplayName="Work Order Candidate" solution="Active" />
        <Dependent type="60" displayName="Information" parentDisplayName="Work Order Candidate" id="{f7cfa7da-bd84-406d-add8-ba3537122663}" />
      </MissingDependency>
      <MissingDependency>
        <Required type="2" schemaName="ovs_rationale" displayName="Rationale" parentSchemaName="ovs_workordercandidate" parentDisplayName="Work Order Candidate" solution="Active" />
        <Dependent type="26" schemaName="Active Work Order Candidates" displayName="Active Work Order Candidates" parentSchemaName="ovs_workordercandidate" parentDisplayName="Work Order Candidate" id="{703ea38f-ec1a-468d-a0c3-450d30adb315}" />
      </MissingDependency>
      <MissingDependency>
        <Required type="2" schemaName="ovs_rationale" displayName="Rationale" parentSchemaName="ovs_workordercandidate" parentDisplayName="Work Order Candidate" solution="Active" />
        <Dependent type="60" displayName="Information" parentDisplayName="Work Order Candidate" id="{f7cfa7da-bd84-406d-add8-ba3537122663}" />
      </MissingDependency>
      <MissingDependency>
        <Required type="2" schemaName="ovs_regionalnop" displayName="Regional NOP" parentSchemaName="ovs_workordercandidate" parentDisplayName="Work Order Candidate" solution="Active" />
        <Dependent type="26" schemaName="Active Work Order Candidates" displayName="Active Work Order Candidates" parentSchemaName="ovs_workordercandidate" parentDisplayName="Work Order Candidate" id="{703ea38f-ec1a-468d-a0c3-450d30adb315}" />
      </MissingDependency>
      <MissingDependency>
        <Required type="2" schemaName="ovs_regionalnop" displayName="Regional NOP" parentSchemaName="ovs_workordercandidate" parentDisplayName="Work Order Candidate" solution="Active" />
        <Dependent type="60" displayName="Information" parentDisplayName="Work Order Candidate" id="{f7cfa7da-bd84-406d-add8-ba3537122663}" />
      </MissingDependency>
      <MissingDependency>
        <Required type="2" schemaName="ovs_remote" displayName="Remote" parentSchemaName="ovs_workordercandidate" parentDisplayName="Work Order Candidate" solution="Active" />
        <Dependent type="26" schemaName="Active Work Order Candidates" displayName="Active Work Order Candidates" parentSchemaName="ovs_workordercandidate" parentDisplayName="Work Order Candidate" id="{703ea38f-ec1a-468d-a0c3-450d30adb315}" />
      </MissingDependency>
      <MissingDependency>
        <Required type="2" schemaName="ovs_remote" displayName="Remote" parentSchemaName="ovs_workordercandidate" parentDisplayName="Work Order Candidate" solution="Active" />
        <Dependent type="60" displayName="Information" parentDisplayName="Work Order Candidate" id="{f7cfa7da-bd84-406d-add8-ba3537122663}" />
      </MissingDependency>
      <MissingDependency>
        <Required type="2" schemaName="ovs_site" displayName="Site" parentSchemaName="ovs_workordercandidate" parentDisplayName="Work Order Candidate" solution="Active" />
        <Dependent type="26" schemaName="Work Order Candidate Associated View" displayName="Work Order Candidate Associated View" parentSchemaName="ovs_workordercandidate" parentDisplayName="Work Order Candidate" id="{24e940e1-fece-4ef5-bc24-a80cad85ee43}" />
      </MissingDependency>
      <MissingDependency>
        <Required type="2" schemaName="ovs_site" displayName="Site" parentSchemaName="ovs_workordercandidate" parentDisplayName="Work Order Candidate" solution="Active" />
        <Dependent type="26" schemaName="Active Work Order Candidates" displayName="Active Work Order Candidates" parentSchemaName="ovs_workordercandidate" parentDisplayName="Work Order Candidate" id="{703ea38f-ec1a-468d-a0c3-450d30adb315}" />
      </MissingDependency>
      <MissingDependency>
        <Required type="2" schemaName="ovs_site" displayName="Site" parentSchemaName="ovs_workordercandidate" parentDisplayName="Work Order Candidate" solution="Active" />
        <Dependent type="60" displayName="Information" parentDisplayName="Work Order Candidate" id="{f7cfa7da-bd84-406d-add8-ba3537122663}" />
      </MissingDependency>
      <MissingDependency>
        <Required type="2" schemaName="ovs_workordercandidateid" displayName="Work Order Candidate" parentSchemaName="ovs_workordercandidate" parentDisplayName="Work Order Candidate" solution="Active" />
        <Dependent type="26" schemaName="Work Order Candidate Associated View" displayName="Work Order Candidate Associated View" parentSchemaName="ovs_workordercandidate" parentDisplayName="Work Order Candidate" id="{24e940e1-fece-4ef5-bc24-a80cad85ee43}" />
      </MissingDependency>
      <MissingDependency>
        <Required type="2" schemaName="ovs_workordercandidateid" displayName="Work Order Candidate" parentSchemaName="ovs_workordercandidate" parentDisplayName="Work Order Candidate" solution="Active" />
        <Dependent type="26" schemaName="Active Work Order Candidates" displayName="Active Work Order Candidates" parentSchemaName="ovs_workordercandidate" parentDisplayName="Work Order Candidate" id="{703ea38f-ec1a-468d-a0c3-450d30adb315}" />
      </MissingDependency>
      <MissingDependency>
        <Required type="2" schemaName="ownerid" displayName="Owner" parentSchemaName="ovs_workordercandidate" parentDisplayName="Work Order Candidate" solution="Active" />
        <Dependent type="60" displayName="Information" parentDisplayName="Work Order Candidate" id="{f7cfa7da-bd84-406d-add8-ba3537122663}" />
      </MissingDependency>
      <MissingDependency>
        <Required type="2" schemaName="statecode" displayName="Status" parentSchemaName="ovs_workordercandidate" parentDisplayName="Work Order Candidate" solution="Active" />
        <Dependent type="26" schemaName="Work Order Candidate Associated View" displayName="Work Order Candidate Associated View" parentSchemaName="ovs_workordercandidate" parentDisplayName="Work Order Candidate" id="{24e940e1-fece-4ef5-bc24-a80cad85ee43}" />
      </MissingDependency>
      <MissingDependency>
        <Required type="2" schemaName="statecode" displayName="Status" parentSchemaName="ovs_workordercandidate" parentDisplayName="Work Order Candidate" solution="Active" />
        <Dependent type="26" schemaName="Active Work Order Candidates" displayName="Active Work Order Candidates" parentSchemaName="ovs_workordercandidate" parentDisplayName="Work Order Candidate" id="{703ea38f-ec1a-468d-a0c3-450d30adb315}" />
      </MissingDependency>
      <MissingDependency>
        <Required type="2" schemaName="statecode" displayName="Status" parentSchemaName="ovs_workordercandidate" parentDisplayName="Work Order Candidate" solution="Active" />
        <Dependent type="60" displayName="Information" parentDisplayName="Work Order Candidate" id="{f7cfa7da-bd84-406d-add8-ba3537122663}" />
      </MissingDependency>
      <MissingDependency>
        <Required type="2" schemaName="statuscode" displayName="Status Reason" parentSchemaName="ovs_workordercandidate" parentDisplayName="Work Order Candidate" solution="Active" />
        <Dependent type="26" schemaName="Active Work Order Candidates" displayName="Active Work Order Candidates" parentSchemaName="ovs_workordercandidate" parentDisplayName="Work Order Candidate" id="{703ea38f-ec1a-468d-a0c3-450d30adb315}" />
      </MissingDependency>
      <MissingDependency>
        <Required type="2" schemaName="statuscode" displayName="Status Reason" parentSchemaName="ovs_workordercandidate" parentDisplayName="Work Order Candidate" solution="Active" />
        <Dependent type="60" displayName="Information" parentDisplayName="Work Order Candidate" id="{f7cfa7da-bd84-406d-add8-ba3537122663}" />
      </MissingDependency>
      <MissingDependency>
        <Required type="2" schemaName="ovs_erapcategory" displayName="ERAP Category" parentSchemaName="tdg_unnumber" parentDisplayName="UN Number" solution="Active" />
        <Dependent type="26" schemaName="All UN Numbers" displayName="All UN Numbers" parentSchemaName="tdg_unnumber" parentDisplayName="UN Number" id="{0c30486d-19b4-eb11-8236-000d3aff3315}" />
      </MissingDependency>
      <MissingDependency>
        <Required type="2" schemaName="ovs_erapcategory" displayName="ERAP Category" parentSchemaName="tdg_unnumber" parentDisplayName="UN Number" solution="Active" />
        <Dependent type="26" schemaName="Inactive UN Numbers" displayName="Inactive UN Numbers" parentSchemaName="tdg_unnumber" parentDisplayName="UN Number" id="{3cb7bb13-3f95-4051-b38f-5061d630d9b4}" />
      </MissingDependency>
      <MissingDependency>
        <Required type="2" schemaName="ovs_erapcategory" displayName="ERAP Category" parentSchemaName="tdg_unnumber" parentDisplayName="UN Number" solution="Active" />
        <Dependent type="26" schemaName="Active UN Numbers" displayName="Active UN Numbers" parentSchemaName="tdg_unnumber" parentDisplayName="UN Number" id="{49ff2c9b-0757-45b5-b3a7-57b38cfd042c}" />
      </MissingDependency>
      <MissingDependency>
        <Required type="2" schemaName="statecode" displayName="Status" parentSchemaName="tdg_unnumber" parentDisplayName="UN Number" solution="Active" />
        <Dependent type="26" schemaName="Inactive UN Numbers" displayName="Inactive UN Numbers" parentSchemaName="tdg_unnumber" parentDisplayName="UN Number" id="{3cb7bb13-3f95-4051-b38f-5061d630d9b4}" />
      </MissingDependency>
      <MissingDependency>
        <Required type="2" schemaName="statecode" displayName="Status" parentSchemaName="tdg_unnumber" parentDisplayName="UN Number" solution="Active" />
        <Dependent type="26" schemaName="Active UN Numbers" displayName="Active UN Numbers" parentSchemaName="tdg_unnumber" parentDisplayName="UN Number" id="{49ff2c9b-0757-45b5-b3a7-57b38cfd042c}" />
      </MissingDependency>
      <MissingDependency>
        <Required type="2" schemaName="tdg_carryingroadrailindextxt" displayName="Road or Railway Passenger Carrying Vehicle Index" parentSchemaName="tdg_unnumber" parentDisplayName="UN Number" solution="Active" />
        <Dependent type="26" schemaName="All UN Numbers" displayName="All UN Numbers" parentSchemaName="tdg_unnumber" parentDisplayName="UN Number" id="{0c30486d-19b4-eb11-8236-000d3aff3315}" />
      </MissingDependency>
      <MissingDependency>
        <Required type="2" schemaName="tdg_carryingroadrailindextxt" displayName="Road or Railway Passenger Carrying Vehicle Index" parentSchemaName="tdg_unnumber" parentDisplayName="UN Number" solution="Active" />
        <Dependent type="26" schemaName="Inactive UN Numbers" displayName="Inactive UN Numbers" parentSchemaName="tdg_unnumber" parentDisplayName="UN Number" id="{3cb7bb13-3f95-4051-b38f-5061d630d9b4}" />
      </MissingDependency>
      <MissingDependency>
        <Required type="2" schemaName="tdg_carryingroadrailindextxt" displayName="Road or Railway Passenger Carrying Vehicle Index" parentSchemaName="tdg_unnumber" parentDisplayName="UN Number" solution="Active" />
        <Dependent type="26" schemaName="Active UN Numbers" displayName="Active UN Numbers" parentSchemaName="tdg_unnumber" parentDisplayName="UN Number" id="{49ff2c9b-0757-45b5-b3a7-57b38cfd042c}" />
      </MissingDependency>
      <MissingDependency>
        <Required type="2" schemaName="tdg_carryingvesselindextxt" displayName="Passenger Carrying Vessel Index" parentSchemaName="tdg_unnumber" parentDisplayName="UN Number" solution="Active" />
        <Dependent type="26" schemaName="All UN Numbers" displayName="All UN Numbers" parentSchemaName="tdg_unnumber" parentDisplayName="UN Number" id="{0c30486d-19b4-eb11-8236-000d3aff3315}" />
      </MissingDependency>
      <MissingDependency>
        <Required type="2" schemaName="tdg_carryingvesselindextxt" displayName="Passenger Carrying Vessel Index" parentSchemaName="tdg_unnumber" parentDisplayName="UN Number" solution="Active" />
        <Dependent type="26" schemaName="Inactive UN Numbers" displayName="Inactive UN Numbers" parentSchemaName="tdg_unnumber" parentDisplayName="UN Number" id="{3cb7bb13-3f95-4051-b38f-5061d630d9b4}" />
      </MissingDependency>
      <MissingDependency>
        <Required type="2" schemaName="tdg_carryingvesselindextxt" displayName="Passenger Carrying Vessel Index" parentSchemaName="tdg_unnumber" parentDisplayName="UN Number" solution="Active" />
        <Dependent type="26" schemaName="Active UN Numbers" displayName="Active UN Numbers" parentSchemaName="tdg_unnumber" parentDisplayName="UN Number" id="{49ff2c9b-0757-45b5-b3a7-57b38cfd042c}" />
      </MissingDependency>
      <MissingDependency>
        <Required type="2" schemaName="tdg_erapindextxt" displayName=" ERAP Index" parentSchemaName="tdg_unnumber" parentDisplayName="UN Number" solution="Active" />
        <Dependent type="26" schemaName="All UN Numbers" displayName="All UN Numbers" parentSchemaName="tdg_unnumber" parentDisplayName="UN Number" id="{0c30486d-19b4-eb11-8236-000d3aff3315}" />
      </MissingDependency>
      <MissingDependency>
        <Required type="2" schemaName="tdg_erapindextxt" displayName=" ERAP Index" parentSchemaName="tdg_unnumber" parentDisplayName="UN Number" solution="Active" />
        <Dependent type="26" schemaName="Inactive UN Numbers" displayName="Inactive UN Numbers" parentSchemaName="tdg_unnumber" parentDisplayName="UN Number" id="{3cb7bb13-3f95-4051-b38f-5061d630d9b4}" />
      </MissingDependency>
      <MissingDependency>
        <Required type="2" schemaName="tdg_erapindextxt" displayName=" ERAP Index" parentSchemaName="tdg_unnumber" parentDisplayName="UN Number" solution="Active" />
        <Dependent type="26" schemaName="Active UN Numbers" displayName="Active UN Numbers" parentSchemaName="tdg_unnumber" parentDisplayName="UN Number" id="{49ff2c9b-0757-45b5-b3a7-57b38cfd042c}" />
      </MissingDependency>
      <MissingDependency>
        <Required type="2" schemaName="tdg_exceptedquantitiestxt" displayName=" 6 (b) Excepted Quantities" parentSchemaName="tdg_unnumber" parentDisplayName="UN Number" solution="Active" />
        <Dependent type="26" schemaName="All UN Numbers" displayName="All UN Numbers" parentSchemaName="tdg_unnumber" parentDisplayName="UN Number" id="{0c30486d-19b4-eb11-8236-000d3aff3315}" />
      </MissingDependency>
      <MissingDependency>
        <Required type="2" schemaName="tdg_exceptedquantitiestxt" displayName=" 6 (b) Excepted Quantities" parentSchemaName="tdg_unnumber" parentDisplayName="UN Number" solution="Active" />
        <Dependent type="26" schemaName="Inactive UN Numbers" displayName="Inactive UN Numbers" parentSchemaName="tdg_unnumber" parentDisplayName="UN Number" id="{3cb7bb13-3f95-4051-b38f-5061d630d9b4}" />
      </MissingDependency>
      <MissingDependency>
        <Required type="2" schemaName="tdg_exceptedquantitiestxt" displayName=" 6 (b) Excepted Quantities" parentSchemaName="tdg_unnumber" parentDisplayName="UN Number" solution="Active" />
        <Dependent type="26" schemaName="Active UN Numbers" displayName="Active UN Numbers" parentSchemaName="tdg_unnumber" parentDisplayName="UN Number" id="{49ff2c9b-0757-45b5-b3a7-57b38cfd042c}" />
      </MissingDependency>
      <MissingDependency>
        <Required type="2" schemaName="tdg_limitquantityindextxt" displayName="6 (a) Explosive Limit and Limited Quantity Index" parentSchemaName="tdg_unnumber" parentDisplayName="UN Number" solution="Active" />
        <Dependent type="26" schemaName="All UN Numbers" displayName="All UN Numbers" parentSchemaName="tdg_unnumber" parentDisplayName="UN Number" id="{0c30486d-19b4-eb11-8236-000d3aff3315}" />
      </MissingDependency>
      <MissingDependency>
        <Required type="2" schemaName="tdg_limitquantityindextxt" displayName="6 (a) Explosive Limit and Limited Quantity Index" parentSchemaName="tdg_unnumber" parentDisplayName="UN Number" solution="Active" />
        <Dependent type="26" schemaName="Inactive UN Numbers" displayName="Inactive UN Numbers" parentSchemaName="tdg_unnumber" parentDisplayName="UN Number" id="{3cb7bb13-3f95-4051-b38f-5061d630d9b4}" />
      </MissingDependency>
      <MissingDependency>
        <Required type="2" schemaName="tdg_limitquantityindextxt" displayName="6 (a) Explosive Limit and Limited Quantity Index" parentSchemaName="tdg_unnumber" parentDisplayName="UN Number" solution="Active" />
        <Dependent type="26" schemaName="Active UN Numbers" displayName="Active UN Numbers" parentSchemaName="tdg_unnumber" parentDisplayName="UN Number" id="{49ff2c9b-0757-45b5-b3a7-57b38cfd042c}" />
      </MissingDependency>
      <MissingDependency>
        <Required type="2" schemaName="tdg_packinggroupcd" displayName="Packing Group" parentSchemaName="tdg_unnumber" parentDisplayName="UN Number" solution="Active" />
        <Dependent type="26" schemaName="All UN Numbers" displayName="All UN Numbers" parentSchemaName="tdg_unnumber" parentDisplayName="UN Number" id="{0c30486d-19b4-eb11-8236-000d3aff3315}" />
      </MissingDependency>
      <MissingDependency>
        <Required type="2" schemaName="tdg_packinggroupcd" displayName="Packing Group" parentSchemaName="tdg_unnumber" parentDisplayName="UN Number" solution="Active" />
        <Dependent type="26" schemaName="Inactive UN Numbers" displayName="Inactive UN Numbers" parentSchemaName="tdg_unnumber" parentDisplayName="UN Number" id="{3cb7bb13-3f95-4051-b38f-5061d630d9b4}" />
      </MissingDependency>
      <MissingDependency>
        <Required type="2" schemaName="tdg_packinggroupcd" displayName="Packing Group" parentSchemaName="tdg_unnumber" parentDisplayName="UN Number" solution="Active" />
        <Dependent type="26" schemaName="Active UN Numbers" displayName="Active UN Numbers" parentSchemaName="tdg_unnumber" parentDisplayName="UN Number" id="{49ff2c9b-0757-45b5-b3a7-57b38cfd042c}" />
      </MissingDependency>
      <MissingDependency>
        <Required type="2" schemaName="tdg_primaryclasscd" displayName="Primary Class" parentSchemaName="tdg_unnumber" parentDisplayName="UN Number" solution="Active" />
        <Dependent type="26" schemaName="All UN Numbers" displayName="All UN Numbers" parentSchemaName="tdg_unnumber" parentDisplayName="UN Number" id="{0c30486d-19b4-eb11-8236-000d3aff3315}" />
      </MissingDependency>
      <MissingDependency>
        <Required type="2" schemaName="tdg_primaryclasscd" displayName="Primary Class" parentSchemaName="tdg_unnumber" parentDisplayName="UN Number" solution="Active" />
        <Dependent type="26" schemaName="Inactive UN Numbers" displayName="Inactive UN Numbers" parentSchemaName="tdg_unnumber" parentDisplayName="UN Number" id="{3cb7bb13-3f95-4051-b38f-5061d630d9b4}" />
      </MissingDependency>
      <MissingDependency>
        <Required type="2" schemaName="tdg_primaryclasscd" displayName="Primary Class" parentSchemaName="tdg_unnumber" parentDisplayName="UN Number" solution="Active" />
        <Dependent type="26" schemaName="Active UN Numbers" displayName="Active UN Numbers" parentSchemaName="tdg_unnumber" parentDisplayName="UN Number" id="{49ff2c9b-0757-45b5-b3a7-57b38cfd042c}" />
      </MissingDependency>
      <MissingDependency>
        <Required type="2" schemaName="tdg_primaryclasscd" displayName="Primary Class" parentSchemaName="tdg_unnumber" parentDisplayName="UN Number" solution="Active" />
        <Dependent type="26" schemaName="UN NUMBER (Active)" displayName="UN NUMBER (Active)" parentSchemaName="ovs_accountun" parentDisplayName="Account UN Number" id="{afa44b37-6f2a-44a9-b2ac-6ef073699084}" />
      </MissingDependency>
      <MissingDependency>
        <Required type="2" schemaName="tdg_primaryclasscd" displayName="Primary Class" parentSchemaName="tdg_unnumber" parentDisplayName="UN Number" solution="Active" />
        <Dependent type="26" schemaName="UN NUMBER (Inactive)" displayName="UN NUMBER (Inactive)" parentSchemaName="ovs_accountun" parentDisplayName="Account UN Number" id="{dbe46947-e770-43f7-a33a-fe45f5bfb646}" />
      </MissingDependency>
      <MissingDependency>
        <Required type="2" schemaName="tdg_secondaryclasscd" displayName="Secondary Class" parentSchemaName="tdg_unnumber" parentDisplayName="UN Number" solution="Active" />
        <Dependent type="26" schemaName="All UN Numbers" displayName="All UN Numbers" parentSchemaName="tdg_unnumber" parentDisplayName="UN Number" id="{0c30486d-19b4-eb11-8236-000d3aff3315}" />
      </MissingDependency>
      <MissingDependency>
        <Required type="2" schemaName="tdg_secondaryclasscd" displayName="Secondary Class" parentSchemaName="tdg_unnumber" parentDisplayName="UN Number" solution="Active" />
        <Dependent type="26" schemaName="Inactive UN Numbers" displayName="Inactive UN Numbers" parentSchemaName="tdg_unnumber" parentDisplayName="UN Number" id="{3cb7bb13-3f95-4051-b38f-5061d630d9b4}" />
      </MissingDependency>
      <MissingDependency>
        <Required type="2" schemaName="tdg_secondaryclasscd" displayName="Secondary Class" parentSchemaName="tdg_unnumber" parentDisplayName="UN Number" solution="Active" />
        <Dependent type="26" schemaName="Active UN Numbers" displayName="Active UN Numbers" parentSchemaName="tdg_unnumber" parentDisplayName="UN Number" id="{49ff2c9b-0757-45b5-b3a7-57b38cfd042c}" />
      </MissingDependency>
      <MissingDependency>
        <Required type="2" schemaName="tdg_secondaryclasscd" displayName="Secondary Class" parentSchemaName="tdg_unnumber" parentDisplayName="UN Number" solution="Active" />
        <Dependent type="26" schemaName="UN NUMBER (Active)" displayName="UN NUMBER (Active)" parentSchemaName="ovs_accountun" parentDisplayName="Account UN Number" id="{afa44b37-6f2a-44a9-b2ac-6ef073699084}" />
      </MissingDependency>
      <MissingDependency>
        <Required type="2" schemaName="tdg_secondaryclasscd" displayName="Secondary Class" parentSchemaName="tdg_unnumber" parentDisplayName="UN Number" solution="Active" />
        <Dependent type="26" schemaName="UN NUMBER (Inactive)" displayName="UN NUMBER (Inactive)" parentSchemaName="ovs_accountun" parentDisplayName="Account UN Number" id="{dbe46947-e770-43f7-a33a-fe45f5bfb646}" />
      </MissingDependency>
      <MissingDependency>
        <Required type="2" schemaName="tdg_shippingnamedescriptionftxt" displayName="French Shipping Name" parentSchemaName="tdg_unnumber" parentDisplayName="UN Number" solution="Active" />
        <Dependent type="26" schemaName="All UN Numbers" displayName="All UN Numbers" parentSchemaName="tdg_unnumber" parentDisplayName="UN Number" id="{0c30486d-19b4-eb11-8236-000d3aff3315}" />
      </MissingDependency>
      <MissingDependency>
        <Required type="2" schemaName="tdg_shippingnamedescriptionftxt" displayName="French Shipping Name" parentSchemaName="tdg_unnumber" parentDisplayName="UN Number" solution="Active" />
        <Dependent type="26" schemaName="Inactive UN Numbers" displayName="Inactive UN Numbers" parentSchemaName="tdg_unnumber" parentDisplayName="UN Number" id="{3cb7bb13-3f95-4051-b38f-5061d630d9b4}" />
      </MissingDependency>
      <MissingDependency>
        <Required type="2" schemaName="tdg_shippingnamedescriptionftxt" displayName="French Shipping Name" parentSchemaName="tdg_unnumber" parentDisplayName="UN Number" solution="Active" />
        <Dependent type="26" schemaName="Active UN Numbers" displayName="Active UN Numbers" parentSchemaName="tdg_unnumber" parentDisplayName="UN Number" id="{49ff2c9b-0757-45b5-b3a7-57b38cfd042c}" />
      </MissingDependency>
      <MissingDependency>
        <Required type="2" schemaName="tdg_shippingnamedescriptiontxt" displayName="Shipping Name and Description" parentSchemaName="tdg_unnumber" parentDisplayName="UN Number" solution="Active" />
        <Dependent type="26" schemaName="All UN Numbers" displayName="All UN Numbers" parentSchemaName="tdg_unnumber" parentDisplayName="UN Number" id="{0c30486d-19b4-eb11-8236-000d3aff3315}" />
      </MissingDependency>
      <MissingDependency>
        <Required type="2" schemaName="tdg_shippingnamedescriptiontxt" displayName="Shipping Name and Description" parentSchemaName="tdg_unnumber" parentDisplayName="UN Number" solution="Active" />
        <Dependent type="26" schemaName="Inactive UN Numbers" displayName="Inactive UN Numbers" parentSchemaName="tdg_unnumber" parentDisplayName="UN Number" id="{3cb7bb13-3f95-4051-b38f-5061d630d9b4}" />
      </MissingDependency>
      <MissingDependency>
        <Required type="2" schemaName="tdg_shippingnamedescriptiontxt" displayName="Shipping Name and Description" parentSchemaName="tdg_unnumber" parentDisplayName="UN Number" solution="Active" />
        <Dependent type="26" schemaName="Active UN Numbers" displayName="Active UN Numbers" parentSchemaName="tdg_unnumber" parentDisplayName="UN Number" id="{49ff2c9b-0757-45b5-b3a7-57b38cfd042c}" />
      </MissingDependency>
      <MissingDependency>
        <Required type="2" schemaName="tdg_shippingnamedescriptiontxt" displayName="Shipping Name and Description" parentSchemaName="tdg_unnumber" parentDisplayName="UN Number" solution="Active" />
        <Dependent type="26" schemaName="UN NUMBER (Active)" displayName="UN NUMBER (Active)" parentSchemaName="ovs_accountun" parentDisplayName="Account UN Number" id="{afa44b37-6f2a-44a9-b2ac-6ef073699084}" />
      </MissingDependency>
      <MissingDependency>
        <Required type="2" schemaName="tdg_shippingnamedescriptiontxt" displayName="Shipping Name and Description" parentSchemaName="tdg_unnumber" parentDisplayName="UN Number" solution="Active" />
        <Dependent type="26" schemaName="UN NUMBER (Inactive)" displayName="UN NUMBER (Inactive)" parentSchemaName="ovs_accountun" parentDisplayName="Account UN Number" id="{dbe46947-e770-43f7-a33a-fe45f5bfb646}" />
      </MissingDependency>
      <MissingDependency>
        <Required type="2" schemaName="tdg_specialprovisionscd" displayName="Special Provisions" parentSchemaName="tdg_unnumber" parentDisplayName="UN Number" solution="Active" />
        <Dependent type="26" schemaName="All UN Numbers" displayName="All UN Numbers" parentSchemaName="tdg_unnumber" parentDisplayName="UN Number" id="{0c30486d-19b4-eb11-8236-000d3aff3315}" />
      </MissingDependency>
      <MissingDependency>
        <Required type="2" schemaName="tdg_specialprovisionscd" displayName="Special Provisions" parentSchemaName="tdg_unnumber" parentDisplayName="UN Number" solution="Active" />
        <Dependent type="26" schemaName="Inactive UN Numbers" displayName="Inactive UN Numbers" parentSchemaName="tdg_unnumber" parentDisplayName="UN Number" id="{3cb7bb13-3f95-4051-b38f-5061d630d9b4}" />
      </MissingDependency>
      <MissingDependency>
        <Required type="2" schemaName="tdg_specialprovisionscd" displayName="Special Provisions" parentSchemaName="tdg_unnumber" parentDisplayName="UN Number" solution="Active" />
        <Dependent type="26" schemaName="Active UN Numbers" displayName="Active UN Numbers" parentSchemaName="tdg_unnumber" parentDisplayName="UN Number" id="{49ff2c9b-0757-45b5-b3a7-57b38cfd042c}" />
      </MissingDependency>
      <MissingDependency>
        <Required type="2" schemaName="tdg_unnumberid" displayName="UN Number" parentSchemaName="tdg_unnumber" parentDisplayName="UN Number" solution="Active" />
        <Dependent type="26" schemaName="All UN Numbers" displayName="All UN Numbers" parentSchemaName="tdg_unnumber" parentDisplayName="UN Number" id="{0c30486d-19b4-eb11-8236-000d3aff3315}" />
      </MissingDependency>
      <MissingDependency>
        <Required type="2" schemaName="tdg_unnumberid" displayName="UN Number" parentSchemaName="tdg_unnumber" parentDisplayName="UN Number" solution="Active" />
        <Dependent type="26" schemaName="Inactive UN Numbers" displayName="Inactive UN Numbers" parentSchemaName="tdg_unnumber" parentDisplayName="UN Number" id="{3cb7bb13-3f95-4051-b38f-5061d630d9b4}" />
      </MissingDependency>
      <MissingDependency>
        <Required type="2" schemaName="tdg_unnumberid" displayName="UN Number" parentSchemaName="tdg_unnumber" parentDisplayName="UN Number" solution="Active" />
        <Dependent type="26" schemaName="Active UN Numbers" displayName="Active UN Numbers" parentSchemaName="tdg_unnumber" parentDisplayName="UN Number" id="{49ff2c9b-0757-45b5-b3a7-57b38cfd042c}" />
      </MissingDependency>
      <MissingDependency>
        <Required type="2" schemaName="tdg_unnumberid" displayName="UN Number" parentSchemaName="tdg_unnumber" parentDisplayName="UN Number" solution="Active" />
        <Dependent type="26" schemaName="UN NUMBER (Active)" displayName="UN NUMBER (Active)" parentSchemaName="ovs_accountun" parentDisplayName="Account UN Number" id="{afa44b37-6f2a-44a9-b2ac-6ef073699084}" />
      </MissingDependency>
      <MissingDependency>
        <Required type="2" schemaName="tdg_unnumberid" displayName="UN Number" parentSchemaName="tdg_unnumber" parentDisplayName="UN Number" solution="Active" />
        <Dependent type="26" schemaName="UN NUMBER (Inactive)" displayName="UN NUMBER (Inactive)" parentSchemaName="ovs_accountun" parentDisplayName="Account UN Number" id="{dbe46947-e770-43f7-a33a-fe45f5bfb646}" />
      </MissingDependency>
      <MissingDependency>
        <Required type="20" displayName="TDG Manager" solution="Active" id="{545418f6-d089-eb11-b1ac-000d3ae92dbf}" />
        <Dependent type="60" displayName=" main form" parentDisplayName="Enforcement Action" id="{6768019c-3b8e-eb11-b1ac-000d3ae92dbf}" />
      </MissingDependency>
      <MissingDependency>
        <Required type="20" displayName="TDG Analyst" solution="Active" id="{6ba72790-cf89-eb11-b1ac-000d3ae92dbf}" />
        <Dependent type="60" displayName=" main form" parentDisplayName="Enforcement Action" id="{6768019c-3b8e-eb11-b1ac-000d3ae92dbf}" />
      </MissingDependency>
      <MissingDependency>
        <Required type="20" displayName="TDG Base" solution="Active" id="{6ee20a40-2264-eb11-a812-000d3aff0dda}" />
        <Dependent type="60" displayName=" main form" parentDisplayName="Enforcement Action" id="{6768019c-3b8e-eb11-b1ac-000d3ae92dbf}" />
      </MissingDependency>
      <MissingDependency>
        <Required type="20" displayName="TDG Planner" solution="Active" id="{a8d3ef08-d189-eb11-b1ac-000d3ae92dbf}" />
        <Dependent type="60" displayName=" main form" parentDisplayName="Enforcement Action" id="{6768019c-3b8e-eb11-b1ac-000d3ae92dbf}" />
      </MissingDependency>
      <MissingDependency>
        <Required type="20" displayName="TDG Inspector" solution="Active" id="{de8e34ea-d189-eb11-b1ac-000d3ae92dbf}" />
        <Dependent type="60" displayName=" main form" parentDisplayName="Enforcement Action" id="{6768019c-3b8e-eb11-b1ac-000d3ae92dbf}" />
      </MissingDependency>
      <MissingDependency>
        <Required type="26" schemaName="Active Enforcement Action Violations" displayName="Active Enforcement Action Violations" parentSchemaName="ovs_enforcementactionviolation" parentDisplayName="Enforcement Action Violation" solution="Active" id="{0075562f-fb4b-48e4-926f-eb7b6c114630}" />
        <Dependent type="60" displayName=" main form" parentDisplayName="Enforcement Action" id="{6768019c-3b8e-eb11-b1ac-000d3ae92dbf}" />
      </MissingDependency>
      <MissingDependency>
        <Required type="26" schemaName="Operation UN Numbers (Active)" displayName="Operation UN Numbers (Active)" parentSchemaName="ovs_operationunnumber" parentDisplayName="Operation UN Number" solution="Active" id="{2e7c7b15-98b4-4cc3-a0da-0f193b0759d2}" />
        <Dependent type="60" displayName="Information" parentDisplayName="Operation" id="{a09fc69f-3ace-46b5-85f1-be132f683042}" />
      </MissingDependency>
      <MissingDependency>
        <Required type="26" schemaName="Active Air Operator Functions" displayName="Active Air Operator Functions" parentSchemaName="ovs_airoperatorfunction" parentDisplayName="Air Operator Function" solution="Active" id="{570df2bd-257b-4369-a5c6-f02fa59ba2f1}" />
        <Dependent type="60" displayName="Information" parentDisplayName="Operation" id="{a09fc69f-3ace-46b5-85f1-be132f683042}" />
      </MissingDependency>
      <MissingDependency>
        <Required type="26" schemaName="Active Aircraft Types" displayName="Active Aircraft Types" parentSchemaName="ovs_aircrafttype" parentDisplayName="Aircraft Type" solution="Active" id="{88caeabd-3ad9-475b-91cd-75ce996edf16}" />
        <Dependent type="60" displayName="Information" parentDisplayName="Operation" id="{a09fc69f-3ace-46b5-85f1-be132f683042}" />
      </MissingDependency>
      <MissingDependency>
        <Required type="26" schemaName="Active Modes" displayName="Active Modes" parentSchemaName="ovs_modes" parentDisplayName="Modes" solution="Active" id="{93a77384-be4d-4e0d-9056-163854d6282c}" />
        <Dependent type="60" displayName="Information" parentDisplayName="Operation" id="{a09fc69f-3ace-46b5-85f1-be132f683042}" />
      </MissingDependency>
      <MissingDependency>
        <Required type="26" schemaName="UN Number Lookup View" displayName="UN Number Lookup View" parentSchemaName="tdg_unnumber" parentDisplayName="UN Number" solution="Active" id="{a211ff3c-5c67-4e53-ae0a-add626c801a7}" />
        <Dependent type="60" displayName=" quick create form" parentDisplayName="Account UN Number" id="{910254fa-97bd-eb11-bacc-0022483bbb9e}" />
      </MissingDependency>
      <MissingDependency>
        <Required type="26" schemaName="Active MOC Types" displayName="Active MOC Types" parentSchemaName="ovs_moctype" parentDisplayName="MOC Type" solution="Active" id="{a759bf0f-872d-491d-b04a-ae7737c6f78e}" />
        <Dependent type="60" displayName="Information" parentDisplayName="Operation" id="{a09fc69f-3ace-46b5-85f1-be132f683042}" />
      </MissingDependency>
      <MissingDependency>
        <Required type="26" schemaName="CLASS (Active)" displayName="CLASS (Active)" parentSchemaName="ovs_operationclass" parentDisplayName="Operation Class" solution="Active" id="{affe1090-e5c2-4951-854a-1ac530d0dfa0}" />
        <Dependent type="60" displayName="Information" parentDisplayName="Operation" id="{a09fc69f-3ace-46b5-85f1-be132f683042}" />
      </MissingDependency>
      <MissingDependency>
        <Required type="26" schemaName="Active Air Operator Types" displayName="Active Air Operator Types" parentSchemaName="ovs_airoperatortype" parentDisplayName="Air Operator Type" solution="Active" id="{b07fee2e-98d2-423b-bb64-381ce482cc19}" />
        <Dependent type="60" displayName="Information" parentDisplayName="Operation" id="{a09fc69f-3ace-46b5-85f1-be132f683042}" />
      </MissingDependency>
      <MissingDependency>
        <Required type="26" schemaName="UN Number" displayName="UN Number" parentSchemaName="tdg_unnumber" parentDisplayName="UN Number" solution="Active" id="{ecfd9bcb-14b4-eb11-8236-000d3aff3dad}" />
        <Dependent type="60" displayName=" quick create form" parentDisplayName="Account UN Number" id="{910254fa-97bd-eb11-bacc-0022483bbb9e}" />
      </MissingDependency>
      <MissingDependency>
        <Required type="61" schemaName="ovs_EnforcementActionMainForm" displayName="ovs_EnforcementActionMainForm" solution="Active" />
        <Dependent type="60" displayName="Information" parentDisplayName="Enforcement Action" id="{3ecae1e0-27a6-43f6-8aba-884ccd5851e9}" />
      </MissingDependency>
      <MissingDependency>
        <Required type="61" schemaName="ovs_EnforcementActionMainForm" displayName="ovs_EnforcementActionMainForm" solution="Active" />
        <Dependent type="60" displayName=" main form" parentDisplayName="Enforcement Action" id="{6768019c-3b8e-eb11-b1ac-000d3ae92dbf}" />
      </MissingDependency>
      <MissingDependency>
        <Required type="61" schemaName="ovs_moc_mainform" displayName="ovs_moc_mainform" solution="Active" />
        <Dependent type="60" displayName="Information" parentDisplayName="Operation" id="{a09fc69f-3ace-46b5-85f1-be132f683042}" />
      </MissingDependency>
      <MissingDependency>
        <Required type="61" schemaName="qm_/SiteHOTImessage.html" displayName="qm_/SiteHOTImessage.html" solution="Active" />
        <Dependent type="60" displayName="Information" parentDisplayName="Operation" id="{a09fc69f-3ace-46b5-85f1-be132f683042}" />
      </MissingDependency>
      <MissingDependency>
        <Required type="61" schemaName="qm_globalHelper.js" displayName="qm_globalHelper.js" solution="Active" />
        <Dependent type="60" displayName="Information" parentDisplayName="Enforcement Action" id="{3ecae1e0-27a6-43f6-8aba-884ccd5851e9}" />
      </MissingDependency>
      <MissingDependency>
        <Required type="61" schemaName="qm_globalHelper.js" displayName="qm_globalHelper.js" solution="Active" />
        <Dependent type="60" displayName=" main form" parentDisplayName="Enforcement Action" id="{6768019c-3b8e-eb11-b1ac-000d3ae92dbf}" />
      </MissingDependency>
      <MissingDependency>
        <Required type="61" schemaName="qm_globalHelper.js" displayName="qm_globalHelper.js" solution="Active" />
        <Dependent type="60" displayName="Information" parentDisplayName="Operation" id="{a09fc69f-3ace-46b5-85f1-be132f683042}" />
      </MissingDependency>
      <MissingDependency>
        <Required type="9" schemaName="ovs_mocprogram" displayName="MOC Program" solution="Active" />
        <Dependent type="2" schemaName="ovs_mocprogram" displayName="MOC Program" parentSchemaName="ovs_mocregistration" parentDisplayName="Operation" />
      </MissingDependency>
      <MissingDependency>
        <Required type="9" schemaName="ovs_operationtype" displayName="Operation Type" solution="Active" />
        <Dependent type="2" schemaName="ovs_operationtype" displayName="Operation Type" parentSchemaName="ovs_mocregistration" parentDisplayName="Operation" />
      </MissingDependency>
      <MissingDependency>
        <Required type="9" schemaName="ovs_riskcategory" displayName="Risk Category" solution="Active" />
        <Dependent type="2" schemaName="ovs_cdriskcategory" displayName="Risk Category" parentSchemaName="ovs_mocregistration" parentDisplayName="Operation" />
      </MissingDependency>
      <MissingDependency>
        <Required type="9" schemaName="ovs_riskcategory" displayName="Risk Category" solution="Active" />
        <Dependent type="2" schemaName="ovs_cdriskcategory" displayName="Risk Category" parentSchemaName="ovs_workordercandidate" parentDisplayName="Work Order Candidate" />
      </MissingDependency>
    </MissingDependencies>
  </SolutionManifest>
</ImportExportXml>