<ImportExportXml version="9.2.23122.180" SolutionPackageVersion="9.2" languagecode="1033" generatedBy="CrmLive" xmlns:xsi="http://www.w3.org/2001/XMLSchema-instance">
  <SolutionManifest>
    <UniqueName>TC_GlobalCore_Patch_c0fe546b</UniqueName>
    <LocalizedNames>
      <LocalizedName description="TDG Core Schema" languagecode="1033" />
    </LocalizedNames>
    <Descriptions>
      <Description description="Patch for TDG Core Schema" languagecode="1033" />
    </Descriptions>
    <ParentUniqueName>TC_GlobalCore</ParentUniqueName>
    <Version>1.159.3.0</Version>
    <Managed>1</Managed>
    <Publisher>
      <UniqueName>oversightpublisher</UniqueName>
      <LocalizedNames>
        <LocalizedName description="Oversight" languagecode="1033" />
      </LocalizedNames>
      <Descriptions>
        <Description description="This is the common solution for AvSec Inspection and TDG Inspection." languagecode="1033" />
      </Descriptions>
      <EMailAddress xsi:nil="true"></EMailAddress>
      <SupportingWebsiteUrl xsi:nil="true"></SupportingWebsiteUrl>
      <CustomizationPrefix>ovs</CustomizationPrefix>
      <CustomizationOptionValuePrefix>91864</CustomizationOptionValuePrefix>
      <Addresses>
        <Address>
          <AddressNumber>1</AddressNumber>
          <AddressTypeCode>1</AddressTypeCode>
          <City xsi:nil="true"></City>
          <County xsi:nil="true"></County>
          <Country xsi:nil="true"></Country>
          <Fax xsi:nil="true"></Fax>
          <FreightTermsCode xsi:nil="true"></FreightTermsCode>
          <ImportSequenceNumber xsi:nil="true"></ImportSequenceNumber>
          <Latitude xsi:nil="true"></Latitude>
          <Line1 xsi:nil="true"></Line1>
          <Line2 xsi:nil="true"></Line2>
          <Line3 xsi:nil="true"></Line3>
          <Longitude xsi:nil="true"></Longitude>
          <Name xsi:nil="true"></Name>
          <PostalCode xsi:nil="true"></PostalCode>
          <PostOfficeBox xsi:nil="true"></PostOfficeBox>
          <PrimaryContactName xsi:nil="true"></PrimaryContactName>
          <ShippingMethodCode>1</ShippingMethodCode>
          <StateOrProvince xsi:nil="true"></StateOrProvince>
          <Telephone1 xsi:nil="true"></Telephone1>
          <Telephone2 xsi:nil="true"></Telephone2>
          <Telephone3 xsi:nil="true"></Telephone3>
          <TimeZoneRuleVersionNumber xsi:nil="true"></TimeZoneRuleVersionNumber>
          <UPSZone xsi:nil="true"></UPSZone>
          <UTCOffset xsi:nil="true"></UTCOffset>
          <UTCConversionTimeZoneCode xsi:nil="true"></UTCConversionTimeZoneCode>
        </Address>
        <Address>
          <AddressNumber>2</AddressNumber>
          <AddressTypeCode>1</AddressTypeCode>
          <City xsi:nil="true"></City>
          <County xsi:nil="true"></County>
          <Country xsi:nil="true"></Country>
          <Fax xsi:nil="true"></Fax>
          <FreightTermsCode xsi:nil="true"></FreightTermsCode>
          <ImportSequenceNumber xsi:nil="true"></ImportSequenceNumber>
          <Latitude xsi:nil="true"></Latitude>
          <Line1 xsi:nil="true"></Line1>
          <Line2 xsi:nil="true"></Line2>
          <Line3 xsi:nil="true"></Line3>
          <Longitude xsi:nil="true"></Longitude>
          <Name xsi:nil="true"></Name>
          <PostalCode xsi:nil="true"></PostalCode>
          <PostOfficeBox xsi:nil="true"></PostOfficeBox>
          <PrimaryContactName xsi:nil="true"></PrimaryContactName>
          <ShippingMethodCode>1</ShippingMethodCode>
          <StateOrProvince xsi:nil="true"></StateOrProvince>
          <Telephone1 xsi:nil="true"></Telephone1>
          <Telephone2 xsi:nil="true"></Telephone2>
          <Telephone3 xsi:nil="true"></Telephone3>
          <TimeZoneRuleVersionNumber xsi:nil="true"></TimeZoneRuleVersionNumber>
          <UPSZone xsi:nil="true"></UPSZone>
          <UTCOffset xsi:nil="true"></UTCOffset>
          <UTCConversionTimeZoneCode xsi:nil="true"></UTCConversionTimeZoneCode>
        </Address>
      </Addresses>
    </Publisher>
    <RootComponents>
      <RootComponent type="1" schemaName="account" behavior="1" />
    </RootComponents>
    <MissingDependencies>
      <MissingDependency>
        <Required type="1" schemaName="cid_historylog" displayName="History Log" solution="Active" />
        <Dependent type="60" displayName="CID Portal - In-Year Site Details Form" parentDisplayName="Account" id="{32db7205-981e-4adb-a57f-b7e553ad868a}" />
      </MissingDependency>
      <MissingDependency>
        <Required type="1" schemaName="ovs_mocregistration" displayName="Operation" solution="Active" />
        <Dependent type="60" displayName="CID Portal - In-Year Site Details Form" parentDisplayName="Account" id="{32db7205-981e-4adb-a57f-b7e553ad868a}" />
      </MissingDependency>
      <MissingDependency>
        <Required type="1" schemaName="ovs_mocregistration" displayName="Operation" solution="Active" />
        <Dependent type="60" displayName="CID Portal - Site Registration Wizard" parentDisplayName="Account" id="{649afb24-1302-41f2-b4cf-4c2bc090283c}" />
      </MissingDependency>
      <MissingDependency>
        <Required type="1" schemaName="ovs_operationclass" displayName="Operation Class" solution="Active" />
        <Dependent type="60" displayName="CID Portal - In-Year Site Details Form" parentDisplayName="Account" id="{32db7205-981e-4adb-a57f-b7e553ad868a}" />
      </MissingDependency>
      <MissingDependency>
        <Required type="1" schemaName="ovs_operationclass" displayName="Operation Class" solution="Active" />
        <Dependent type="60" displayName="CID Portal - Site Registration Wizard" parentDisplayName="Account" id="{649afb24-1302-41f2-b4cf-4c2bc090283c}" />
      </MissingDependency>
      <MissingDependency>
        <Required type="1" schemaName="ovs_operationunnumber" displayName="Operation UN Number" solution="Active" />
        <Dependent type="60" displayName="CID Portal - Site Registration Wizard" parentDisplayName="Account" id="{649afb24-1302-41f2-b4cf-4c2bc090283c}" />
      </MissingDependency>
      <MissingDependency>
        <Required type="10" schemaName="cid_account_cid_historylog_Site" displayName="cid_account_cid_historylog_Site" parentSchemaName="account" parentDisplayName="Account" solution="Active" />
        <Dependent type="60" displayName="CID Portal - In-Year Site Details Form" parentDisplayName="Account" id="{32db7205-981e-4adb-a57f-b7e553ad868a}" />
      </MissingDependency>
      <MissingDependency>
        <Required type="10" schemaName="cid_account_ovs_operationclass_Site" displayName="cid_account_ovs_operationclass_Site" parentSchemaName="account" parentDisplayName="Account" solution="Active" />
        <Dependent type="60" displayName="CID Portal - In-Year Site Details Form" parentDisplayName="Account" id="{32db7205-981e-4adb-a57f-b7e553ad868a}" />
      </MissingDependency>
      <MissingDependency>
        <Required type="10" schemaName="cid_account_ovs_operationclass_Site" displayName="cid_account_ovs_operationclass_Site" parentSchemaName="account" parentDisplayName="Account" solution="Active" />
        <Dependent type="60" displayName="CID Portal - Site Registration Wizard" parentDisplayName="Account" id="{649afb24-1302-41f2-b4cf-4c2bc090283c}" />
      </MissingDependency>
      <MissingDependency>
        <Required type="10" schemaName="cid_account_ovs_operationunnumber_Site" displayName="cid_account_ovs_operationunnumber_Site" parentSchemaName="account" parentDisplayName="Account" solution="Active" />
        <Dependent type="60" displayName="CID Portal - Site Registration Wizard" parentDisplayName="Account" id="{649afb24-1302-41f2-b4cf-4c2bc090283c}" />
      </MissingDependency>
      <MissingDependency>
        <Required type="10" schemaName="msdyn_account_account_BillingAccount" displayName="msdyn_account_account_BillingAccount" parentSchemaName="account" parentDisplayName="Account" solution="FieldServiceCommon (1.0.0.217)">
          <package>FieldService_Anchor (8.8.105.46)</package>
        </Required>
        <Dependent type="60" displayName="CID Portal - In-Year Site Details Form" parentDisplayName="Account" id="{32db7205-981e-4adb-a57f-b7e553ad868a}" />
      </MissingDependency>
      <MissingDependency>
        <Required type="10" schemaName="msdyn_account_account_BillingAccount" displayName="msdyn_account_account_BillingAccount" parentSchemaName="account" parentDisplayName="Account" solution="FieldServiceCommon (1.0.0.217)">
          <package>FieldService_Anchor (8.8.105.46)</package>
        </Required>
        <Dependent type="60" displayName="CID Portal - Site Registration Wizard" parentDisplayName="Account" id="{649afb24-1302-41f2-b4cf-4c2bc090283c}" />
      </MissingDependency>
      <MissingDependency>
        <Required type="10" schemaName="msdyn_account_msdyn_agreement_BillingAccount" displayName="msdyn_account_msdyn_agreement_BillingAccount" parentSchemaName="account" parentDisplayName="Account" solution="FieldService (8.8.0.88)">
          <package>FieldService_Anchor (8.8.105.46)</package>
        </Required>
        <Dependent type="60" displayName="CID Portal - In-Year Site Details Form" parentDisplayName="Account" id="{32db7205-981e-4adb-a57f-b7e553ad868a}" />
      </MissingDependency>
      <MissingDependency>
        <Required type="10" schemaName="msdyn_account_msdyn_agreement_BillingAccount" displayName="msdyn_account_msdyn_agreement_BillingAccount" parentSchemaName="account" parentDisplayName="Account" solution="FieldService (8.8.0.88)">
          <package>FieldService_Anchor (8.8.105.46)</package>
        </Required>
        <Dependent type="60" displayName="CID Portal - Site Registration Wizard" parentDisplayName="Account" id="{649afb24-1302-41f2-b4cf-4c2bc090283c}" />
      </MissingDependency>
      <MissingDependency>
        <Required type="10" schemaName="msdyn_account_msdyn_agreement_ServiceAccount" displayName="msdyn_account_msdyn_agreement_ServiceAccount" parentSchemaName="account" parentDisplayName="Account" solution="FieldService (8.8.0.88)">
          <package>FieldService_Anchor (8.8.105.46)</package>
        </Required>
        <Dependent type="60" displayName="CID Portal - In-Year Site Details Form" parentDisplayName="Account" id="{32db7205-981e-4adb-a57f-b7e553ad868a}" />
      </MissingDependency>
      <MissingDependency>
        <Required type="10" schemaName="msdyn_account_msdyn_agreement_ServiceAccount" displayName="msdyn_account_msdyn_agreement_ServiceAccount" parentSchemaName="account" parentDisplayName="Account" solution="FieldService (8.8.0.88)">
          <package>FieldService_Anchor (8.8.105.46)</package>
        </Required>
        <Dependent type="60" displayName="CID Portal - Site Registration Wizard" parentDisplayName="Account" id="{649afb24-1302-41f2-b4cf-4c2bc090283c}" />
      </MissingDependency>
      <MissingDependency>
        <Required type="10" schemaName="msdyn_account_msdyn_payment_Account" displayName="msdyn_account_msdyn_payment_Account" parentSchemaName="account" parentDisplayName="Account" solution="FieldService (8.8.0.88)">
          <package>FieldService_Anchor (8.8.105.46)</package>
        </Required>
        <Dependent type="60" displayName="CID Portal - In-Year Site Details Form" parentDisplayName="Account" id="{32db7205-981e-4adb-a57f-b7e553ad868a}" />
      </MissingDependency>
      <MissingDependency>
        <Required type="10" schemaName="msdyn_account_msdyn_payment_Account" displayName="msdyn_account_msdyn_payment_Account" parentSchemaName="account" parentDisplayName="Account" solution="FieldService (8.8.0.88)">
          <package>FieldService_Anchor (8.8.105.46)</package>
        </Required>
        <Dependent type="60" displayName="CID Portal - Site Registration Wizard" parentDisplayName="Account" id="{649afb24-1302-41f2-b4cf-4c2bc090283c}" />
      </MissingDependency>
      <MissingDependency>
        <Required type="10" schemaName="msdyn_account_msdyn_purchaseorder_Vendor" displayName="msdyn_account_msdyn_purchaseorder_Vendor" parentSchemaName="account" parentDisplayName="Account" solution="FieldServiceCommon (1.0.0.217)">
          <package>FieldService_Anchor (8.8.105.46)</package>
        </Required>
        <Dependent type="60" displayName="CID Portal - In-Year Site Details Form" parentDisplayName="Account" id="{32db7205-981e-4adb-a57f-b7e553ad868a}" />
      </MissingDependency>
      <MissingDependency>
        <Required type="10" schemaName="msdyn_account_msdyn_purchaseorder_Vendor" displayName="msdyn_account_msdyn_purchaseorder_Vendor" parentSchemaName="account" parentDisplayName="Account" solution="FieldServiceCommon (1.0.0.217)">
          <package>FieldService_Anchor (8.8.105.46)</package>
        </Required>
        <Dependent type="60" displayName="CID Portal - Site Registration Wizard" parentDisplayName="Account" id="{649afb24-1302-41f2-b4cf-4c2bc090283c}" />
      </MissingDependency>
      <MissingDependency>
        <Required type="10" schemaName="msdyn_account_msdyn_rma_BillingAccount" displayName="msdyn_account_msdyn_rma_BillingAccount" parentSchemaName="account" parentDisplayName="Account" solution="FieldService (8.8.0.88)">
          <package>FieldService_Anchor (8.8.105.46)</package>
        </Required>
        <Dependent type="60" displayName="CID Portal - In-Year Site Details Form" parentDisplayName="Account" id="{32db7205-981e-4adb-a57f-b7e553ad868a}" />
      </MissingDependency>
      <MissingDependency>
        <Required type="10" schemaName="msdyn_account_msdyn_rma_BillingAccount" displayName="msdyn_account_msdyn_rma_BillingAccount" parentSchemaName="account" parentDisplayName="Account" solution="FieldService (8.8.0.88)">
          <package>FieldService_Anchor (8.8.105.46)</package>
        </Required>
        <Dependent type="60" displayName="CID Portal - Site Registration Wizard" parentDisplayName="Account" id="{649afb24-1302-41f2-b4cf-4c2bc090283c}" />
      </MissingDependency>
      <MissingDependency>
        <Required type="10" schemaName="msdyn_account_msdyn_rma_ServiceAccount" displayName="msdyn_account_msdyn_rma_ServiceAccount" parentSchemaName="account" parentDisplayName="Account" solution="FieldService (8.8.0.88)">
          <package>FieldService_Anchor (8.8.105.46)</package>
        </Required>
        <Dependent type="60" displayName="CID Portal - In-Year Site Details Form" parentDisplayName="Account" id="{32db7205-981e-4adb-a57f-b7e553ad868a}" />
      </MissingDependency>
      <MissingDependency>
        <Required type="10" schemaName="msdyn_account_msdyn_rma_ServiceAccount" displayName="msdyn_account_msdyn_rma_ServiceAccount" parentSchemaName="account" parentDisplayName="Account" solution="FieldService (8.8.0.88)">
          <package>FieldService_Anchor (8.8.105.46)</package>
        </Required>
        <Dependent type="60" displayName="CID Portal - Site Registration Wizard" parentDisplayName="Account" id="{649afb24-1302-41f2-b4cf-4c2bc090283c}" />
      </MissingDependency>
      <MissingDependency>
        <Required type="10" schemaName="msdyn_account_msdyn_rtv_Vendor" displayName="msdyn_account_msdyn_rtv_Vendor" parentSchemaName="account" parentDisplayName="Account" solution="FieldService (8.8.0.88)">
          <package>FieldService_Anchor (8.8.105.46)</package>
        </Required>
        <Dependent type="60" displayName="CID Portal - In-Year Site Details Form" parentDisplayName="Account" id="{32db7205-981e-4adb-a57f-b7e553ad868a}" />
      </MissingDependency>
      <MissingDependency>
        <Required type="10" schemaName="msdyn_account_msdyn_rtv_Vendor" displayName="msdyn_account_msdyn_rtv_Vendor" parentSchemaName="account" parentDisplayName="Account" solution="FieldService (8.8.0.88)">
          <package>FieldService_Anchor (8.8.105.46)</package>
        </Required>
        <Dependent type="60" displayName="CID Portal - Site Registration Wizard" parentDisplayName="Account" id="{649afb24-1302-41f2-b4cf-4c2bc090283c}" />
      </MissingDependency>
      <MissingDependency>
        <Required type="10" schemaName="msdyn_account_msdyn_workorder_BillingAccount" displayName="msdyn_account_msdyn_workorder_BillingAccount" parentSchemaName="account" parentDisplayName="Account" solution="FieldService (8.8.0.88)">
          <package>FieldService_Anchor (8.8.105.46)</package>
        </Required>
        <Dependent type="60" displayName="CID Portal - In-Year Site Details Form" parentDisplayName="Account" id="{32db7205-981e-4adb-a57f-b7e553ad868a}" />
      </MissingDependency>
      <MissingDependency>
        <Required type="10" schemaName="msdyn_account_msdyn_workorder_BillingAccount" displayName="msdyn_account_msdyn_workorder_BillingAccount" parentSchemaName="account" parentDisplayName="Account" solution="FieldService (8.8.0.88)">
          <package>FieldService_Anchor (8.8.105.46)</package>
        </Required>
        <Dependent type="60" displayName="CID Portal - Site Registration Wizard" parentDisplayName="Account" id="{649afb24-1302-41f2-b4cf-4c2bc090283c}" />
      </MissingDependency>
      <MissingDependency>
        <Required type="10" schemaName="msdyn_account_msdyn_workorder_ServiceAccount" displayName="msdyn_account_msdyn_workorder_ServiceAccount" parentSchemaName="account" parentDisplayName="Account" solution="FieldService (8.8.0.88)">
          <package>FieldService_Anchor (8.8.105.46)</package>
        </Required>
        <Dependent type="60" displayName="CID Portal - In-Year Site Details Form" parentDisplayName="Account" id="{32db7205-981e-4adb-a57f-b7e553ad868a}" />
      </MissingDependency>
      <MissingDependency>
        <Required type="10" schemaName="msdyn_account_msdyn_workorder_ServiceAccount" displayName="msdyn_account_msdyn_workorder_ServiceAccount" parentSchemaName="account" parentDisplayName="Account" solution="FieldService (8.8.0.88)">
          <package>FieldService_Anchor (8.8.105.46)</package>
        </Required>
        <Dependent type="60" displayName="CID Portal - Site Registration Wizard" parentDisplayName="Account" id="{649afb24-1302-41f2-b4cf-4c2bc090283c}" />
      </MissingDependency>
      <MissingDependency>
        <Required type="10" schemaName="ovs_MOCRegistration_Site" displayName="ovs_MOCRegistration_Site" parentSchemaName="account" parentDisplayName="Account" solution="Active" />
        <Dependent type="60" displayName="CID Portal - In-Year Site Details Form" parentDisplayName="Account" id="{32db7205-981e-4adb-a57f-b7e553ad868a}" />
      </MissingDependency>
      <MissingDependency>
        <Required type="10" schemaName="ovs_MOCRegistration_Site" displayName="ovs_MOCRegistration_Site" parentSchemaName="account" parentDisplayName="Account" solution="Active" />
        <Dependent type="60" displayName="CID Portal - Site Registration Wizard" parentDisplayName="Account" id="{649afb24-1302-41f2-b4cf-4c2bc090283c}" />
      </MissingDependency>
      <MissingDependency>
        <Required type="10" schemaName="msdyn_account_msdyn_customerasset_Account" displayName="msdyn_account_msdyn_customerasset_Account" parentSchemaName="msdyn_customerasset" parentDisplayName="Customer Asset" solution="msdyn_AssetCommon (1.0.46.7)">
          <package>FieldService_Anchor (8.8.105.46)</package>
          <package>msdynce_ServiceAnchor (9.0.23121.1009)</package>
        </Required>
        <Dependent type="60" displayName="CID Portal - In-Year Site Details Form" parentDisplayName="Account" id="{32db7205-981e-4adb-a57f-b7e553ad868a}" />
      </MissingDependency>
      <MissingDependency>
        <Required type="10" schemaName="msdyn_account_msdyn_customerasset_Account" displayName="msdyn_account_msdyn_customerasset_Account" parentSchemaName="msdyn_customerasset" parentDisplayName="Customer Asset" solution="msdyn_AssetCommon (1.0.46.7)">
          <package>FieldService_Anchor (8.8.105.46)</package>
          <package>msdynce_ServiceAnchor (9.0.23121.1009)</package>
        </Required>
        <Dependent type="60" displayName="CID Portal - Site Registration Wizard" parentDisplayName="Account" id="{649afb24-1302-41f2-b4cf-4c2bc090283c}" />
      </MissingDependency>
      <MissingDependency>
        <Required type="2" schemaName="adx_modifiedbyusername" displayName="Modified By (User Name)" parentSchemaName="account" parentDisplayName="Account" solution="PowerPages_RuntimeCoreDependencies (1.0.2305.1)">
          <package>PowerPages_Core (1.0.2311.74)</package>
        </Required>
        <Dependent type="60" displayName="CID Portal - Site Registration Wizard" parentDisplayName="Account" id="{649afb24-1302-41f2-b4cf-4c2bc090283c}" />
      </MissingDependency>
      <MissingDependency>
        <Required type="2" schemaName="cid_addressoverwritten" displayName="Manually Entered?" parentSchemaName="account" parentDisplayName="Account" solution="Active" />
        <Dependent type="60" displayName="CID Portal - Site Registration Wizard" parentDisplayName="Account" id="{649afb24-1302-41f2-b4cf-4c2bc090283c}" />
      </MissingDependency>
      <MissingDependency>
        <Required type="2" schemaName="cid_cidsitestatus" displayName="Site Status" parentSchemaName="account" parentDisplayName="Account" solution="Active" />
        <Dependent type="60" displayName="CID Portal - In-Year Site Details Form" parentDisplayName="Account" id="{32db7205-981e-4adb-a57f-b7e553ad868a}" />
      </MissingDependency>
      <MissingDependency>
        <Required type="2" schemaName="cid_handlingsitetype" displayName="Handle" parentSchemaName="account" parentDisplayName="Account" solution="Active" />
        <Dependent type="60" displayName="CID Portal - In-Year Site Details Form" parentDisplayName="Account" id="{32db7205-981e-4adb-a57f-b7e553ad868a}" />
      </MissingDependency>
      <MissingDependency>
        <Required type="2" schemaName="cid_handlingsitetype" displayName="Handle" parentSchemaName="account" parentDisplayName="Account" solution="Active" />
        <Dependent type="60" displayName="CID Portal - Site Registration Wizard" parentDisplayName="Account" id="{649afb24-1302-41f2-b4cf-4c2bc090283c}" />
      </MissingDependency>
      <MissingDependency>
        <Required type="2" schemaName="cid_issiteattested" displayName="Is Site Attested?" parentSchemaName="account" parentDisplayName="Account" solution="Active" />
        <Dependent type="60" displayName="CID Portal - Site Registration Wizard" parentDisplayName="Account" id="{649afb24-1302-41f2-b4cf-4c2bc090283c}" />
      </MissingDependency>
      <MissingDependency>
        <Required type="2" schemaName="cid_requirementlevel" displayName="Basic / Extended" parentSchemaName="account" parentDisplayName="Account" solution="Active" />
        <Dependent type="60" displayName="CID Portal - Site Registration Wizard" parentDisplayName="Account" id="{649afb24-1302-41f2-b4cf-4c2bc090283c}" />
      </MissingDependency>
      <MissingDependency>
        <Required type="2" schemaName="cid_siteclaim" displayName="Site Status" parentSchemaName="account" parentDisplayName="Account" solution="Active" />
        <Dependent type="60" displayName="CID Portal - Site Registration Wizard" parentDisplayName="Account" id="{649afb24-1302-41f2-b4cf-4c2bc090283c}" />
      </MissingDependency>
      <MissingDependency>
        <Required type="2" schemaName="cid_siteid" displayName="Site ID" parentSchemaName="account" parentDisplayName="Account" solution="Active" />
        <Dependent type="60" displayName="CID Portal - Site Registration Wizard" parentDisplayName="Account" id="{649afb24-1302-41f2-b4cf-4c2bc090283c}" />
      </MissingDependency>
      <MissingDependency>
        <Required type="2" schemaName="cid_sitename" displayName="Site Name" parentSchemaName="account" parentDisplayName="Account" solution="Active" />
        <Dependent type="60" displayName="CID Portal - In-Year Site Details Form" parentDisplayName="Account" id="{32db7205-981e-4adb-a57f-b7e553ad868a}" />
      </MissingDependency>
      <MissingDependency>
        <Required type="2" schemaName="cid_sitename" displayName="Site Name" parentSchemaName="account" parentDisplayName="Account" solution="Active" />
        <Dependent type="60" displayName="CID Portal - Site Registration Wizard" parentDisplayName="Account" id="{649afb24-1302-41f2-b4cf-4c2bc090283c}" />
      </MissingDependency>
      <MissingDependency>
        <Required type="2" schemaName="ovs_address_display" displayName="Address Display" parentSchemaName="account" parentDisplayName="Account" solution="Active" />
        <Dependent type="60" displayName="CID Portal - In-Year Site Details Form" parentDisplayName="Account" id="{32db7205-981e-4adb-a57f-b7e553ad868a}" />
      </MissingDependency>
      <MissingDependency>
        <Required type="2" schemaName="ovs_address_type" displayName="Input Address Type" parentSchemaName="account" parentDisplayName="Account" solution="Active" />
        <Dependent type="60" displayName="CID Portal - In-Year Site Details Form" parentDisplayName="Account" id="{32db7205-981e-4adb-a57f-b7e553ad868a}" />
      </MissingDependency>
      <MissingDependency>
        <Required type="2" schemaName="ovs_address_type" displayName="Input Address Type" parentSchemaName="account" parentDisplayName="Account" solution="Active" />
        <Dependent type="60" displayName="CID Portal - Site Registration Wizard" parentDisplayName="Account" id="{649afb24-1302-41f2-b4cf-4c2bc090283c}" />
      </MissingDependency>
      <MissingDependency>
        <Required type="2" schemaName="ovs_address1_province" displayName="Province / Territory" parentSchemaName="account" parentDisplayName="Account" solution="Active" />
        <Dependent type="60" displayName="CID Portal - In-Year Site Details Form" parentDisplayName="Account" id="{32db7205-981e-4adb-a57f-b7e553ad868a}" />
      </MissingDependency>
      <MissingDependency>
        <Required type="2" schemaName="ovs_address1_province" displayName="Province / Territory" parentSchemaName="account" parentDisplayName="Account" solution="Active" />
        <Dependent type="60" displayName="CID Portal - Site Registration Wizard" parentDisplayName="Account" id="{649afb24-1302-41f2-b4cf-4c2bc090283c}" />
      </MissingDependency>
      <MissingDependency>
        <Required type="2" schemaName="ovs_legalname" displayName="Legal Name (English)" parentSchemaName="account" parentDisplayName="Account" solution="Active" />
        <Dependent type="60" displayName="CID Portal - In-Year Site Details Form" parentDisplayName="Account" id="{32db7205-981e-4adb-a57f-b7e553ad868a}" />
      </MissingDependency>
      <MissingDependency>
        <Required type="2" schemaName="ovs_legalname" displayName="Legal Name (English)" parentSchemaName="account" parentDisplayName="Account" solution="Active" />
        <Dependent type="60" displayName="CID Portal - Site Registration Wizard" parentDisplayName="Account" id="{649afb24-1302-41f2-b4cf-4c2bc090283c}" />
      </MissingDependency>
      <MissingDependency>
        <Required type="2" schemaName="ovs_lld_meridian" displayName="Meridian" parentSchemaName="account" parentDisplayName="Account" solution="Active" />
        <Dependent type="60" displayName="CID Portal - Site Registration Wizard" parentDisplayName="Account" id="{649afb24-1302-41f2-b4cf-4c2bc090283c}" />
      </MissingDependency>
      <MissingDependency>
        <Required type="2" schemaName="ovs_lld_province" displayName="Province / Territory" parentSchemaName="account" parentDisplayName="Account" solution="Active" />
        <Dependent type="60" displayName="CID Portal - Site Registration Wizard" parentDisplayName="Account" id="{649afb24-1302-41f2-b4cf-4c2bc090283c}" />
      </MissingDependency>
      <MissingDependency>
        <Required type="2" schemaName="ovs_lld_quarter" displayName="Quarter / LSD" parentSchemaName="account" parentDisplayName="Account" solution="Active" />
        <Dependent type="60" displayName="CID Portal - Site Registration Wizard" parentDisplayName="Account" id="{649afb24-1302-41f2-b4cf-4c2bc090283c}" />
      </MissingDependency>
      <MissingDependency>
        <Required type="2" schemaName="ovs_lld_range" displayName="Range" parentSchemaName="account" parentDisplayName="Account" solution="Active" />
        <Dependent type="60" displayName="CID Portal - Site Registration Wizard" parentDisplayName="Account" id="{649afb24-1302-41f2-b4cf-4c2bc090283c}" />
      </MissingDependency>
      <MissingDependency>
        <Required type="2" schemaName="ovs_lld_section" displayName="Section" parentSchemaName="account" parentDisplayName="Account" solution="Active" />
        <Dependent type="60" displayName="CID Portal - Site Registration Wizard" parentDisplayName="Account" id="{649afb24-1302-41f2-b4cf-4c2bc090283c}" />
      </MissingDependency>
      <MissingDependency>
        <Required type="2" schemaName="ovs_lld_township" displayName="Township" parentSchemaName="account" parentDisplayName="Account" solution="Active" />
        <Dependent type="60" displayName="CID Portal - Site Registration Wizard" parentDisplayName="Account" id="{649afb24-1302-41f2-b4cf-4c2bc090283c}" />
      </MissingDependency>
      <MissingDependency>
        <Required type="26" schemaName="CID Portal - UN Numbers" displayName="CID Portal - UN Numbers" parentSchemaName="ovs_operationunnumber" parentDisplayName="Operation UN Number" solution="Active" id="{121715d2-c97b-ec11-8d20-000d3aff1221}" />
        <Dependent type="60" displayName="CID Portal - Site Registration Wizard" parentDisplayName="Account" id="{649afb24-1302-41f2-b4cf-4c2bc090283c}" />
      </MissingDependency>
      <MissingDependency>
        <Required type="26" schemaName="CID Portal - Modes of Transportation" displayName="CID Portal - Modes of Transportation" parentSchemaName="ovs_mocregistration" parentDisplayName="Operation" solution="Active" id="{264f8095-3cfd-ec11-82e6-000d3a848097}" />
        <Dependent type="60" displayName="CID Portal - In-Year Site Details Form" parentDisplayName="Account" id="{32db7205-981e-4adb-a57f-b7e553ad868a}" />
      </MissingDependency>
      <MissingDependency>
        <Required type="26" schemaName="Operation UN Numbers (Active)" displayName="Operation UN Numbers (Active)" parentSchemaName="ovs_operationunnumber" parentDisplayName="Operation UN Number" solution="Active" id="{2e7c7b15-98b4-4cc3-a0da-0f193b0759d2}" />
        <Dependent type="60" displayName="CID Portal - Site Registration Wizard" parentDisplayName="Account" id="{649afb24-1302-41f2-b4cf-4c2bc090283c}" />
      </MissingDependency>
      <MissingDependency>
        <Required type="26" schemaName="CID Portal - Site History Logs" displayName="CID Portal - Site History Logs" parentSchemaName="cid_historylog" parentDisplayName="History Log" solution="Active" id="{891e0cae-c5a2-ed11-aad1-0022483d0343}" />
        <Dependent type="60" displayName="CID Portal - In-Year Site Details Form" parentDisplayName="Account" id="{32db7205-981e-4adb-a57f-b7e553ad868a}" />
      </MissingDependency>
      <MissingDependency>
        <Required type="26" schemaName="CID Portal - Class" displayName="CID Portal - Class" parentSchemaName="ovs_operationclass" parentDisplayName="Operation Class" solution="Active" id="{96b22408-c97b-ec11-8d20-000d3aff1221}" />
        <Dependent type="60" displayName="CID Portal - In-Year Site Details Form" parentDisplayName="Account" id="{32db7205-981e-4adb-a57f-b7e553ad868a}" />
      </MissingDependency>
      <MissingDependency>
        <Required type="26" schemaName="CID Portal - Class" displayName="CID Portal - Class" parentSchemaName="ovs_operationclass" parentDisplayName="Operation Class" solution="Active" id="{96b22408-c97b-ec11-8d20-000d3aff1221}" />
        <Dependent type="60" displayName="CID Portal - Site Registration Wizard" parentDisplayName="Account" id="{649afb24-1302-41f2-b4cf-4c2bc090283c}" />
      </MissingDependency>
      <MissingDependency>
        <Required type="26" schemaName="Active Operations" displayName="Active Operations" parentSchemaName="ovs_mocregistration" parentDisplayName="Operation" solution="Active" id="{98c7fee1-1d9f-4226-89bb-26e6be7057f8}" />
        <Dependent type="60" displayName="CID Portal - In-Year Site Details Form" parentDisplayName="Account" id="{32db7205-981e-4adb-a57f-b7e553ad868a}" />
      </MissingDependency>
      <MissingDependency>
        <Required type="26" schemaName="Active Operations" displayName="Active Operations" parentSchemaName="ovs_mocregistration" parentDisplayName="Operation" solution="Active" id="{98c7fee1-1d9f-4226-89bb-26e6be7057f8}" />
        <Dependent type="60" displayName="CID Portal - Site Registration Wizard" parentDisplayName="Account" id="{649afb24-1302-41f2-b4cf-4c2bc090283c}" />
      </MissingDependency>
      <MissingDependency>
        <Required type="26" schemaName="CLASS (Active)" displayName="CLASS (Active)" parentSchemaName="ovs_operationclass" parentDisplayName="Operation Class" solution="Active" id="{affe1090-e5c2-4951-854a-1ac530d0dfa0}" />
        <Dependent type="60" displayName="CID Portal - In-Year Site Details Form" parentDisplayName="Account" id="{32db7205-981e-4adb-a57f-b7e553ad868a}" />
      </MissingDependency>
      <MissingDependency>
        <Required type="26" schemaName="CLASS (Active)" displayName="CLASS (Active)" parentSchemaName="ovs_operationclass" parentDisplayName="Operation Class" solution="Active" id="{affe1090-e5c2-4951-854a-1ac530d0dfa0}" />
        <Dependent type="60" displayName="CID Portal - Site Registration Wizard" parentDisplayName="Account" id="{649afb24-1302-41f2-b4cf-4c2bc090283c}" />
      </MissingDependency>
      <MissingDependency>
        <Required type="26" schemaName="CID Portal - Operation" displayName="CID Portal - Operation" parentSchemaName="ovs_mocregistration" parentDisplayName="Operation" solution="Active" id="{b0dcb9f2-1c7a-ec11-8d20-000d3aff1221}" />
        <Dependent type="60" displayName="CID Portal - Site Registration Wizard" parentDisplayName="Account" id="{649afb24-1302-41f2-b4cf-4c2bc090283c}" />
      </MissingDependency>
      <MissingDependency>
        <Required type="26" schemaName="My Open History Logs" displayName="My Open History Logs" parentSchemaName="cid_historylog" parentDisplayName="History Log" solution="Active" id="{be3c4ba9-64eb-4d08-9375-dbdb8cef8d28}" />
        <Dependent type="60" displayName="CID Portal - In-Year Site Details Form" parentDisplayName="Account" id="{32db7205-981e-4adb-a57f-b7e553ad868a}" />
      </MissingDependency>
      <MissingDependency>
        <Required type="61" schemaName="AppCommon/Account/Account_main_system_library.js" displayName="AppCommon/Account/Account_main_system_library.js" solution="msdynce_AppCommon (9.0.4.0066)">
          <package>msdynce_AppCommonAnchor (9.0.23112.10001)</package>
        </Required>
        <Dependent type="60" displayName="CID Portal - In-Year Site Details Form" parentDisplayName="Account" id="{32db7205-981e-4adb-a57f-b7e553ad868a}" />
      </MissingDependency>
      <MissingDependency>
        <Required type="61" schemaName="cid_AddressComplete.htm" displayName="cid_AddressComplete.htm" solution="Active" />
        <Dependent type="60" displayName="CID Portal - Site Registration Wizard" parentDisplayName="Account" id="{649afb24-1302-41f2-b4cf-4c2bc090283c}" />
      </MissingDependency>
      <MissingDependency>
        <Required type="61" schemaName="msdyn_/Account/Account.Library.js" displayName="msdyn_/Account/Account.Library.js" solution="FieldService (8.8.0.88)">
          <package>FieldService_Anchor (8.8.105.46)</package>
        </Required>
        <Dependent type="60" displayName="CID Portal - In-Year Site Details Form" parentDisplayName="Account" id="{32db7205-981e-4adb-a57f-b7e553ad868a}" />
      </MissingDependency>
      <MissingDependency>
        <Required type="61" schemaName="msdyn_/Account/Account.Library.js" displayName="msdyn_/Account/Account.Library.js" solution="FieldService (8.8.0.88)">
          <package>FieldService_Anchor (8.8.105.46)</package>
        </Required>
        <Dependent type="60" displayName="CID Portal - Site Registration Wizard" parentDisplayName="Account" id="{649afb24-1302-41f2-b4cf-4c2bc090283c}" />
      </MissingDependency>
      <MissingDependency>
        <Required type="61" schemaName="msdyn_/Account/AssetCommon.Account.Library.js" displayName="msdyn_/Account/AssetCommon.Account.Library.js" solution="msdyn_AssetCommon (1.0.46.7)">
          <package>FieldService_Anchor (8.8.105.46)</package>
          <package>msdynce_ServiceAnchor (9.0.23121.1009)</package>
        </Required>
        <Dependent type="60" displayName="CID Portal - In-Year Site Details Form" parentDisplayName="Account" id="{32db7205-981e-4adb-a57f-b7e553ad868a}" />
      </MissingDependency>
      <MissingDependency>
        <Required type="61" schemaName="msdyn_/Account/AssetCommon.Account.Library.js" displayName="msdyn_/Account/AssetCommon.Account.Library.js" solution="msdyn_AssetCommon (1.0.46.7)">
          <package>FieldService_Anchor (8.8.105.46)</package>
          <package>msdynce_ServiceAnchor (9.0.23121.1009)</package>
        </Required>
        <Dependent type="60" displayName="CID Portal - Site Registration Wizard" parentDisplayName="Account" id="{649afb24-1302-41f2-b4cf-4c2bc090283c}" />
      </MissingDependency>
      <MissingDependency>
        <Required type="61" schemaName="msdyn_/Utils/FieldServiceTrial.js" displayName="msdyn_/Utils/FieldServiceTrial.js" solution="FieldService (8.8.0.88)">
          <package>FieldService_Anchor (8.8.105.46)</package>
        </Required>
        <Dependent type="60" displayName="CID Portal - In-Year Site Details Form" parentDisplayName="Account" id="{32db7205-981e-4adb-a57f-b7e553ad868a}" />
      </MissingDependency>
      <MissingDependency>
        <Required type="61" schemaName="msdyn_/Utils/FieldServiceTrial.js" displayName="msdyn_/Utils/FieldServiceTrial.js" solution="FieldService (8.8.0.88)">
          <package>FieldService_Anchor (8.8.105.46)</package>
        </Required>
        <Dependent type="60" displayName="CID Portal - Site Registration Wizard" parentDisplayName="Account" id="{649afb24-1302-41f2-b4cf-4c2bc090283c}" />
      </MissingDependency>
      <MissingDependency>
        <Required type="61" schemaName="Sales/ClientCommon/Sales_ClientCommon.js" displayName="Sales/ClientCommon/Sales_ClientCommon.js" solution="msdynce_Sales (9.0.4.0076)">
          <package>msdynce_SalesAnchor (9.0.23121.10005)</package>
        </Required>
        <Dependent type="60" displayName="CID Portal - In-Year Site Details Form" parentDisplayName="Account" id="{32db7205-981e-4adb-a57f-b7e553ad868a}" />
      </MissingDependency>
    </MissingDependencies>
  </SolutionManifest>
</ImportExportXml>