<ImportExportXml version="9.2.22054.139" SolutionPackageVersion="9.2" languagecode="1033" generatedBy="CrmLive" xmlns:xsi="http://www.w3.org/2001/XMLSchema-instance">
  <SolutionManifest>
    <UniqueName>TC_GlobalCore_Patch_a54f7a64</UniqueName>
    <LocalizedNames>
      <LocalizedName description="TDG Core Schema" languagecode="1033" />
    </LocalizedNames>
    <Descriptions>
      <Description description="Patch for TDG Core Schema" languagecode="1033" />
    </Descriptions>
    <ParentUniqueName>TC_GlobalCore</ParentUniqueName>
    <Version>1.134.12.0</Version>
    <Managed>1</Managed>
    <Publisher>
      <UniqueName>oversightpublisher</UniqueName>
      <LocalizedNames>
        <LocalizedName description="Oversight" languagecode="1033" />
      </LocalizedNames>
      <Descriptions>
        <Description description="This is the common solution for AvSec Inspection and TDG Inspection." languagecode="1033" />
      </Descriptions>
      <EMailAddress xsi:nil="true"></EMailAddress>
      <SupportingWebsiteUrl xsi:nil="true"></SupportingWebsiteUrl>
      <CustomizationPrefix>ovs</CustomizationPrefix>
      <CustomizationOptionValuePrefix>91864</CustomizationOptionValuePrefix>
      <Addresses>
        <Address>
          <AddressNumber>1</AddressNumber>
          <AddressTypeCode>1</AddressTypeCode>
          <City xsi:nil="true"></City>
          <County xsi:nil="true"></County>
          <Country xsi:nil="true"></Country>
          <Fax xsi:nil="true"></Fax>
          <FreightTermsCode xsi:nil="true"></FreightTermsCode>
          <ImportSequenceNumber xsi:nil="true"></ImportSequenceNumber>
          <Latitude xsi:nil="true"></Latitude>
          <Line1 xsi:nil="true"></Line1>
          <Line2 xsi:nil="true"></Line2>
          <Line3 xsi:nil="true"></Line3>
          <Longitude xsi:nil="true"></Longitude>
          <Name xsi:nil="true"></Name>
          <PostalCode xsi:nil="true"></PostalCode>
          <PostOfficeBox xsi:nil="true"></PostOfficeBox>
          <PrimaryContactName xsi:nil="true"></PrimaryContactName>
          <ShippingMethodCode>1</ShippingMethodCode>
          <StateOrProvince xsi:nil="true"></StateOrProvince>
          <Telephone1 xsi:nil="true"></Telephone1>
          <Telephone2 xsi:nil="true"></Telephone2>
          <Telephone3 xsi:nil="true"></Telephone3>
          <TimeZoneRuleVersionNumber xsi:nil="true"></TimeZoneRuleVersionNumber>
          <UPSZone xsi:nil="true"></UPSZone>
          <UTCOffset xsi:nil="true"></UTCOffset>
          <UTCConversionTimeZoneCode xsi:nil="true"></UTCConversionTimeZoneCode>
        </Address>
        <Address>
          <AddressNumber>2</AddressNumber>
          <AddressTypeCode>1</AddressTypeCode>
          <City xsi:nil="true"></City>
          <County xsi:nil="true"></County>
          <Country xsi:nil="true"></Country>
          <Fax xsi:nil="true"></Fax>
          <FreightTermsCode xsi:nil="true"></FreightTermsCode>
          <ImportSequenceNumber xsi:nil="true"></ImportSequenceNumber>
          <Latitude xsi:nil="true"></Latitude>
          <Line1 xsi:nil="true"></Line1>
          <Line2 xsi:nil="true"></Line2>
          <Line3 xsi:nil="true"></Line3>
          <Longitude xsi:nil="true"></Longitude>
          <Name xsi:nil="true"></Name>
          <PostalCode xsi:nil="true"></PostalCode>
          <PostOfficeBox xsi:nil="true"></PostOfficeBox>
          <PrimaryContactName xsi:nil="true"></PrimaryContactName>
          <ShippingMethodCode>1</ShippingMethodCode>
          <StateOrProvince xsi:nil="true"></StateOrProvince>
          <Telephone1 xsi:nil="true"></Telephone1>
          <Telephone2 xsi:nil="true"></Telephone2>
          <Telephone3 xsi:nil="true"></Telephone3>
          <TimeZoneRuleVersionNumber xsi:nil="true"></TimeZoneRuleVersionNumber>
          <UPSZone xsi:nil="true"></UPSZone>
          <UTCOffset xsi:nil="true"></UTCOffset>
          <UTCConversionTimeZoneCode xsi:nil="true"></UTCConversionTimeZoneCode>
        </Address>
      </Addresses>
    </Publisher>
    <RootComponents>
      <RootComponent type="1" schemaName="contact" behavior="2" />
      <RootComponent type="1" schemaName="fdr_servicerequest" behavior="2" />
    </RootComponents>
    <MissingDependencies>
      <MissingDependency>
        <Required type="1" schemaName="fdr_design" displayName="Design" solution="Active" />
        <Dependent type="60" displayName="SR Portal Form" parentDisplayName="Service Request" id="{543eacf9-75e3-ec11-bb3c-000d3a848097}" />
      </MissingDependency>
      <MissingDependency>
        <Required type="1" schemaName="fdr_registeredmark" displayName="Registered Mark" solution="Active" />
        <Dependent type="60" displayName="SR Portal Form" parentDisplayName="Service Request" id="{543eacf9-75e3-ec11-bb3c-000d3a848097}" />
      </MissingDependency>
      <MissingDependency>
        <Required type="1" schemaName="fdr_requestequivalencycertificate" displayName="Request Equivalency Certificate" solution="Active" />
        <Dependent type="60" displayName="SR Portal Form" parentDisplayName="Service Request" id="{543eacf9-75e3-ec11-bb3c-000d3a848097}" />
      </MissingDependency>
      <MissingDependency>
        <Required type="1" schemaName="fdr_servicerequest" displayName="Service Request" solution="Active" />
        <Dependent type="1" schemaName="fdr_servicerequest" displayName="Service Request" />
      </MissingDependency>
      <MissingDependency>
        <Required type="1" schemaName="fdr_servicerequestfunction" displayName="Service Request Function" solution="Active" />
        <Dependent type="60" displayName="SR Portal Form" parentDisplayName="Service Request" id="{543eacf9-75e3-ec11-bb3c-000d3a848097}" />
      </MissingDependency>
      <MissingDependency>
        <Required type="10" schemaName="fdr_ServiceRequest_Site" displayName="fdr_ServiceRequest_Site" parentSchemaName="account" parentDisplayName="Account" solution="Active" />
        <Dependent type="60" displayName="SR Portal Form" parentDisplayName="Service Request" id="{543eacf9-75e3-ec11-bb3c-000d3a848097}" />
      </MissingDependency>
      <MissingDependency>
        <Required type="10" schemaName="fdr_ServiceRequest_ContainerType" displayName="fdr_ServiceRequest_ContainerType" parentSchemaName="fdr_containertype" parentDisplayName="Registration Type" solution="Active" />
        <Dependent type="60" displayName="SR Portal Form" parentDisplayName="Service Request" id="{543eacf9-75e3-ec11-bb3c-000d3a848097}" />
      </MissingDependency>
      <MissingDependency>
        <Required type="10" schemaName="fdr_ServiceRequest_Design" displayName="fdr_ServiceRequest_Design" parentSchemaName="fdr_design" parentDisplayName="Design" solution="Active" />
        <Dependent type="60" displayName="SR Portal Form" parentDisplayName="Service Request" id="{543eacf9-75e3-ec11-bb3c-000d3a848097}" />
      </MissingDependency>
      <MissingDependency>
        <Required type="10" schemaName="fdr_fdr_servicerequest_fdr_requestequivalencycertificate_servicerequest" displayName="fdr_fdr_servicerequest_fdr_requestequivalencycertificate_servicerequest" parentSchemaName="fdr_servicerequest" parentDisplayName="Service Request" solution="Active" />
        <Dependent type="60" displayName="SR Portal Form" parentDisplayName="Service Request" id="{543eacf9-75e3-ec11-bb3c-000d3a848097}" />
      </MissingDependency>
      <MissingDependency>
        <Required type="10" schemaName="fdr_ServiceRequest_fdr_ServiceRequest_fdr" displayName="fdr_ServiceRequest_fdr_ServiceRequest_fdr" parentSchemaName="fdr_servicerequest" parentDisplayName="Service Request" solution="Active" />
        <Dependent type="60" displayName="SR Portal Form" parentDisplayName="Service Request" id="{543eacf9-75e3-ec11-bb3c-000d3a848097}" />
      </MissingDependency>
      <MissingDependency>
        <Required type="10" schemaName="fdr_ServiceRequestFunction_ServiceRequest" displayName="fdr_ServiceRequestFunction_ServiceRequest" parentSchemaName="fdr_servicerequest" parentDisplayName="Service Request" solution="Active" />
        <Dependent type="60" displayName="SR Portal Form" parentDisplayName="Service Request" id="{543eacf9-75e3-ec11-bb3c-000d3a848097}" />
      </MissingDependency>
      <MissingDependency>
        <Required type="10" schemaName="fdr_ServiceRequest_Operation_ovs_MOCRegis" displayName="fdr_ServiceRequest_Operation_ovs_MOCRegis" parentSchemaName="ovs_mocregistration" parentDisplayName="Operation" solution="Active" />
        <Dependent type="60" displayName="SR Portal Form" parentDisplayName="Service Request" id="{543eacf9-75e3-ec11-bb3c-000d3a848097}" />
      </MissingDependency>
      <MissingDependency>
        <Required type="2" schemaName="cid_siteid" displayName="Site ID" parentSchemaName="account" parentDisplayName="Account" solution="Active" />
        <Dependent type="26" schemaName="Company Service Request Portal View" displayName="Company Service Request Portal View" parentSchemaName="fdr_servicerequest" parentDisplayName="Service Request" id="{14f0245a-6ae6-ec11-bb3c-000d3a8483f6}" />
      </MissingDependency>
      <MissingDependency>
        <Required type="2" schemaName="cid_siteid" displayName="Site ID" parentSchemaName="account" parentDisplayName="Account" solution="Active" />
        <Dependent type="26" schemaName="My Service Request Portal View" displayName="My Service Request Portal View" parentSchemaName="fdr_servicerequest" parentDisplayName="Service Request" id="{2992ea2b-b6e5-ec11-bb3c-000d3a848097}" />
      </MissingDependency>
      <MissingDependency>
        <Required type="2" schemaName="cid_siteid" displayName="Site ID" parentSchemaName="account" parentDisplayName="Account" solution="Active" />
        <Dependent type="26" schemaName="Service Request Internal View" displayName="Service Request Internal View" parentSchemaName="fdr_servicerequest" parentDisplayName="Service Request" id="{bd0c3d74-f3dd-ec11-bb3c-000d3a8483f6}" />
      </MissingDependency>
      <MissingDependency>
        <Required type="2" schemaName="ovs_legalname" displayName="Legal Name" parentSchemaName="account" parentDisplayName="Account" solution="Active" />
        <Dependent type="26" schemaName="Company Service Request Portal View" displayName="Company Service Request Portal View" parentSchemaName="fdr_servicerequest" parentDisplayName="Service Request" id="{14f0245a-6ae6-ec11-bb3c-000d3a8483f6}" />
      </MissingDependency>
      <MissingDependency>
        <Required type="2" schemaName="ovs_legalname" displayName="Legal Name" parentSchemaName="account" parentDisplayName="Account" solution="Active" />
        <Dependent type="26" schemaName="My Service Request Portal View" displayName="My Service Request Portal View" parentSchemaName="fdr_servicerequest" parentDisplayName="Service Request" id="{2992ea2b-b6e5-ec11-bb3c-000d3a848097}" />
      </MissingDependency>
      <MissingDependency>
        <Required type="2" schemaName="ovs_legalname" displayName="Legal Name" parentSchemaName="account" parentDisplayName="Account" solution="Active" />
        <Dependent type="26" schemaName="Service Request Internal View" displayName="Service Request Internal View" parentSchemaName="fdr_servicerequest" parentDisplayName="Service Request" id="{bd0c3d74-f3dd-ec11-bb3c-000d3a8483f6}" />
      </MissingDependency>
      <MissingDependency>
        <Required type="2" schemaName="createdby" displayName="Created By" parentSchemaName="fdr_servicerequest" parentDisplayName="Service Request" solution="Active" />
        <Dependent type="60" displayName="SR Portal Form" parentDisplayName="Service Request" id="{543eacf9-75e3-ec11-bb3c-000d3a848097}" />
      </MissingDependency>
      <MissingDependency>
        <Required type="2" schemaName="createdon" displayName="Created On" parentSchemaName="fdr_servicerequest" parentDisplayName="Service Request" solution="Active" />
        <Dependent type="60" displayName="SR Portal Form" parentDisplayName="Service Request" id="{543eacf9-75e3-ec11-bb3c-000d3a848097}" />
      </MissingDependency>
      <MissingDependency>
        <Required type="2" schemaName="fdr_closedate" displayName="Service Request Close Date" parentSchemaName="fdr_servicerequest" parentDisplayName="Service Request" solution="Active" />
        <Dependent type="26" schemaName="Company Service Request Portal View" displayName="Company Service Request Portal View" parentSchemaName="fdr_servicerequest" parentDisplayName="Service Request" id="{14f0245a-6ae6-ec11-bb3c-000d3a8483f6}" />
      </MissingDependency>
      <MissingDependency>
        <Required type="2" schemaName="fdr_closedate" displayName="Service Request Close Date" parentSchemaName="fdr_servicerequest" parentDisplayName="Service Request" solution="Active" />
        <Dependent type="26" schemaName="My Service Request Portal View" displayName="My Service Request Portal View" parentSchemaName="fdr_servicerequest" parentDisplayName="Service Request" id="{2992ea2b-b6e5-ec11-bb3c-000d3a848097}" />
      </MissingDependency>
      <MissingDependency>
        <Required type="2" schemaName="fdr_closedate" displayName="Service Request Close Date" parentSchemaName="fdr_servicerequest" parentDisplayName="Service Request" solution="Active" />
        <Dependent type="26" schemaName="Service Request Internal View" displayName="Service Request Internal View" parentSchemaName="fdr_servicerequest" parentDisplayName="Service Request" id="{bd0c3d74-f3dd-ec11-bb3c-000d3a8483f6}" />
      </MissingDependency>
      <MissingDependency>
        <Required type="2" schemaName="fdr_containertype" displayName="Container Type" parentSchemaName="fdr_servicerequest" parentDisplayName="Service Request" solution="Active" />
        <Dependent type="60" displayName="SR Portal Form" parentDisplayName="Service Request" id="{543eacf9-75e3-ec11-bb3c-000d3a848097}" />
      </MissingDependency>
      <MissingDependency>
        <Required type="2" schemaName="fdr_operation" displayName="Operation" parentSchemaName="fdr_servicerequest" parentDisplayName="Service Request" solution="Active" />
        <Dependent type="60" displayName="SR Portal Form" parentDisplayName="Service Request" id="{543eacf9-75e3-ec11-bb3c-000d3a848097}" />
      </MissingDependency>
      <MissingDependency>
        <Required type="2" schemaName="fdr_operationstatus" displayName="Current Operation Status" parentSchemaName="fdr_servicerequest" parentDisplayName="Service Request" solution="Active" />
        <Dependent type="26" schemaName="Service Request Internal View" displayName="Service Request Internal View" parentSchemaName="fdr_servicerequest" parentDisplayName="Service Request" id="{bd0c3d74-f3dd-ec11-bb3c-000d3a8483f6}" />
      </MissingDependency>
      <MissingDependency>
        <Required type="2" schemaName="fdr_servicerequestid" displayName="Service Request" parentSchemaName="fdr_servicerequest" parentDisplayName="Service Request" solution="Active" />
        <Dependent type="26" schemaName="Company Service Request Portal View" displayName="Company Service Request Portal View" parentSchemaName="fdr_servicerequest" parentDisplayName="Service Request" id="{14f0245a-6ae6-ec11-bb3c-000d3a8483f6}" />
      </MissingDependency>
      <MissingDependency>
        <Required type="2" schemaName="fdr_servicerequestid" displayName="Service Request" parentSchemaName="fdr_servicerequest" parentDisplayName="Service Request" solution="Active" />
        <Dependent type="26" schemaName="My Service Request Portal View" displayName="My Service Request Portal View" parentSchemaName="fdr_servicerequest" parentDisplayName="Service Request" id="{2992ea2b-b6e5-ec11-bb3c-000d3a848097}" />
      </MissingDependency>
      <MissingDependency>
        <Required type="2" schemaName="fdr_servicerequestid" displayName="Service Request" parentSchemaName="fdr_servicerequest" parentDisplayName="Service Request" solution="Active" />
        <Dependent type="26" schemaName="Service Request Internal View" displayName="Service Request Internal View" parentSchemaName="fdr_servicerequest" parentDisplayName="Service Request" id="{bd0c3d74-f3dd-ec11-bb3c-000d3a8483f6}" />
      </MissingDependency>
      <MissingDependency>
        <Required type="2" schemaName="fdr_site" displayName="Account" parentSchemaName="fdr_servicerequest" parentDisplayName="Service Request" solution="Active" />
        <Dependent type="26" schemaName="Company Service Request Portal View" displayName="Company Service Request Portal View" parentSchemaName="fdr_servicerequest" parentDisplayName="Service Request" id="{14f0245a-6ae6-ec11-bb3c-000d3a8483f6}" />
      </MissingDependency>
      <MissingDependency>
        <Required type="2" schemaName="fdr_site" displayName="Account" parentSchemaName="fdr_servicerequest" parentDisplayName="Service Request" solution="Active" />
        <Dependent type="26" schemaName="My Service Request Portal View" displayName="My Service Request Portal View" parentSchemaName="fdr_servicerequest" parentDisplayName="Service Request" id="{2992ea2b-b6e5-ec11-bb3c-000d3a848097}" />
      </MissingDependency>
      <MissingDependency>
        <Required type="2" schemaName="fdr_site" displayName="Account" parentSchemaName="fdr_servicerequest" parentDisplayName="Service Request" solution="Active" />
        <Dependent type="26" schemaName="Service Request Internal View" displayName="Service Request Internal View" parentSchemaName="fdr_servicerequest" parentDisplayName="Service Request" id="{bd0c3d74-f3dd-ec11-bb3c-000d3a8483f6}" />
      </MissingDependency>
      <MissingDependency>
        <Required type="2" schemaName="fdr_site" displayName="Account" parentSchemaName="fdr_servicerequest" parentDisplayName="Service Request" solution="Active" />
        <Dependent type="60" displayName="SR Portal Form" parentDisplayName="Service Request" id="{543eacf9-75e3-ec11-bb3c-000d3a848097}" />
      </MissingDependency>
      <MissingDependency>
        <Required type="2" schemaName="fdr_srtype" displayName="Service Request Type" parentSchemaName="fdr_servicerequest" parentDisplayName="Service Request" solution="Active" />
        <Dependent type="26" schemaName="Company Service Request Portal View" displayName="Company Service Request Portal View" parentSchemaName="fdr_servicerequest" parentDisplayName="Service Request" id="{14f0245a-6ae6-ec11-bb3c-000d3a8483f6}" />
      </MissingDependency>
      <MissingDependency>
        <Required type="2" schemaName="fdr_srtype" displayName="Service Request Type" parentSchemaName="fdr_servicerequest" parentDisplayName="Service Request" solution="Active" />
        <Dependent type="26" schemaName="My Service Request Portal View" displayName="My Service Request Portal View" parentSchemaName="fdr_servicerequest" parentDisplayName="Service Request" id="{2992ea2b-b6e5-ec11-bb3c-000d3a848097}" />
      </MissingDependency>
      <MissingDependency>
        <Required type="2" schemaName="fdr_srtype" displayName="Service Request Type" parentSchemaName="fdr_servicerequest" parentDisplayName="Service Request" solution="Active" />
        <Dependent type="26" schemaName="Service Request Internal View" displayName="Service Request Internal View" parentSchemaName="fdr_servicerequest" parentDisplayName="Service Request" id="{bd0c3d74-f3dd-ec11-bb3c-000d3a8483f6}" />
      </MissingDependency>
      <MissingDependency>
        <Required type="2" schemaName="fdr_srtype" displayName="Service Request Type" parentSchemaName="fdr_servicerequest" parentDisplayName="Service Request" solution="Active" />
        <Dependent type="60" displayName="SR Portal Form" parentDisplayName="Service Request" id="{543eacf9-75e3-ec11-bb3c-000d3a848097}" />
      </MissingDependency>
      <MissingDependency>
        <Required type="2" schemaName="fdr_submissiondate" displayName="Service Request Submission Date" parentSchemaName="fdr_servicerequest" parentDisplayName="Service Request" solution="Active" />
        <Dependent type="26" schemaName="Company Service Request Portal View" displayName="Company Service Request Portal View" parentSchemaName="fdr_servicerequest" parentDisplayName="Service Request" id="{14f0245a-6ae6-ec11-bb3c-000d3a8483f6}" />
      </MissingDependency>
      <MissingDependency>
        <Required type="2" schemaName="fdr_submissiondate" displayName="Service Request Submission Date" parentSchemaName="fdr_servicerequest" parentDisplayName="Service Request" solution="Active" />
        <Dependent type="26" schemaName="My Service Request Portal View" displayName="My Service Request Portal View" parentSchemaName="fdr_servicerequest" parentDisplayName="Service Request" id="{2992ea2b-b6e5-ec11-bb3c-000d3a848097}" />
      </MissingDependency>
      <MissingDependency>
        <Required type="2" schemaName="fdr_submissiondate" displayName="Service Request Submission Date" parentSchemaName="fdr_servicerequest" parentDisplayName="Service Request" solution="Active" />
        <Dependent type="26" schemaName="Service Request Internal View" displayName="Service Request Internal View" parentSchemaName="fdr_servicerequest" parentDisplayName="Service Request" id="{bd0c3d74-f3dd-ec11-bb3c-000d3a8483f6}" />
      </MissingDependency>
      <MissingDependency>
        <Required type="2" schemaName="fdr_submissiondate" displayName="Service Request Submission Date" parentSchemaName="fdr_servicerequest" parentDisplayName="Service Request" solution="Active" />
        <Dependent type="60" displayName="SR Portal Form" parentDisplayName="Service Request" id="{543eacf9-75e3-ec11-bb3c-000d3a848097}" />
      </MissingDependency>
      <MissingDependency>
        <Required type="2" schemaName="fdr_tgs_duration" displayName="Tracking General Service Duration" parentSchemaName="fdr_servicerequest" parentDisplayName="Service Request" solution="Active" />
        <Dependent type="26" schemaName="Service Request Internal View" displayName="Service Request Internal View" parentSchemaName="fdr_servicerequest" parentDisplayName="Service Request" id="{bd0c3d74-f3dd-ec11-bb3c-000d3a8483f6}" />
      </MissingDependency>
      <MissingDependency>
        <Required type="2" schemaName="fdr_tss_duration" displayName="Tracking Service Standard Duration" parentSchemaName="fdr_servicerequest" parentDisplayName="Service Request" solution="Active" />
        <Dependent type="26" schemaName="Service Request Internal View" displayName="Service Request Internal View" parentSchemaName="fdr_servicerequest" parentDisplayName="Service Request" id="{bd0c3d74-f3dd-ec11-bb3c-000d3a8483f6}" />
      </MissingDependency>
      <MissingDependency>
        <Required type="2" schemaName="modifiedby" displayName="Modified By" parentSchemaName="fdr_servicerequest" parentDisplayName="Service Request" solution="Active" />
        <Dependent type="60" displayName="SR Portal Form" parentDisplayName="Service Request" id="{543eacf9-75e3-ec11-bb3c-000d3a848097}" />
      </MissingDependency>
      <MissingDependency>
        <Required type="2" schemaName="modifiedon" displayName="Modified On" parentSchemaName="fdr_servicerequest" parentDisplayName="Service Request" solution="Active" />
        <Dependent type="60" displayName="SR Portal Form" parentDisplayName="Service Request" id="{543eacf9-75e3-ec11-bb3c-000d3a848097}" />
      </MissingDependency>
      <MissingDependency>
        <Required type="2" schemaName="ownerid" displayName="Owner" parentSchemaName="fdr_servicerequest" parentDisplayName="Service Request" solution="Active" />
        <Dependent type="26" schemaName="Service Request Internal View" displayName="Service Request Internal View" parentSchemaName="fdr_servicerequest" parentDisplayName="Service Request" id="{bd0c3d74-f3dd-ec11-bb3c-000d3a8483f6}" />
      </MissingDependency>
      <MissingDependency>
        <Required type="2" schemaName="statecode" displayName="Status" parentSchemaName="fdr_servicerequest" parentDisplayName="Service Request" solution="Active" />
        <Dependent type="60" displayName="SR Portal Form" parentDisplayName="Service Request" id="{543eacf9-75e3-ec11-bb3c-000d3a848097}" />
      </MissingDependency>
      <MissingDependency>
        <Required type="2" schemaName="statuscode" displayName="Status Reason" parentSchemaName="fdr_servicerequest" parentDisplayName="Service Request" solution="Active" />
        <Dependent type="26" schemaName="Company Service Request Portal View" displayName="Company Service Request Portal View" parentSchemaName="fdr_servicerequest" parentDisplayName="Service Request" id="{14f0245a-6ae6-ec11-bb3c-000d3a8483f6}" />
      </MissingDependency>
      <MissingDependency>
        <Required type="2" schemaName="statuscode" displayName="Status Reason" parentSchemaName="fdr_servicerequest" parentDisplayName="Service Request" solution="Active" />
        <Dependent type="26" schemaName="My Service Request Portal View" displayName="My Service Request Portal View" parentSchemaName="fdr_servicerequest" parentDisplayName="Service Request" id="{2992ea2b-b6e5-ec11-bb3c-000d3a848097}" />
      </MissingDependency>
      <MissingDependency>
        <Required type="2" schemaName="statuscode" displayName="Status Reason" parentSchemaName="fdr_servicerequest" parentDisplayName="Service Request" solution="Active" />
        <Dependent type="26" schemaName="Service Request Internal View" displayName="Service Request Internal View" parentSchemaName="fdr_servicerequest" parentDisplayName="Service Request" id="{bd0c3d74-f3dd-ec11-bb3c-000d3a8483f6}" />
      </MissingDependency>
      <MissingDependency>
        <Required type="2" schemaName="statuscode" displayName="Status Reason" parentSchemaName="fdr_servicerequest" parentDisplayName="Service Request" solution="Active" />
        <Dependent type="60" displayName="SR Portal Form" parentDisplayName="Service Request" id="{543eacf9-75e3-ec11-bb3c-000d3a848097}" />
      </MissingDependency>
      <MissingDependency>
        <Required type="26" schemaName="Designs" displayName="Designs" parentSchemaName="fdr_design" parentDisplayName="Design" solution="Active" id="{33b1a6a6-03a7-41a6-aae7-7e39f6f62da2}" />
        <Dependent type="60" displayName="SR Portal Form" parentDisplayName="Service Request" id="{543eacf9-75e3-ec11-bb3c-000d3a848097}" />
      </MissingDependency>
      <MissingDependency>
        <Required type="26" schemaName="Registered Marks" displayName="Registered Marks" parentSchemaName="fdr_registeredmark" parentDisplayName="Registered Mark" solution="Active" id="{40475b8a-3345-413b-8fd6-e80ed986c2de}" />
        <Dependent type="60" displayName="SR Portal Form" parentDisplayName="Service Request" id="{543eacf9-75e3-ec11-bb3c-000d3a848097}" />
      </MissingDependency>
      <MissingDependency>
        <Required type="26" schemaName="Active Request Equivalency Certificate" displayName="Active Request Equivalency Certificate" parentSchemaName="fdr_requestequivalencycertificate" parentDisplayName="Request Equivalency Certificate" solution="Active" id="{7f272fdb-6e12-4c73-9ccd-8634970e4d35}" />
        <Dependent type="60" displayName="SR Portal Form" parentDisplayName="Service Request" id="{543eacf9-75e3-ec11-bb3c-000d3a848097}" />
      </MissingDependency>
      <MissingDependency>
        <Required type="26" schemaName="Active Service Request Functions" displayName="Active Service Request Functions" parentSchemaName="fdr_servicerequestfunction" parentDisplayName="Service Request Function" solution="Active" id="{f402f873-f5ee-434b-84eb-296d66a04c39}" />
        <Dependent type="60" displayName="SR Portal Form" parentDisplayName="Service Request" id="{543eacf9-75e3-ec11-bb3c-000d3a848097}" />
      </MissingDependency>
      <MissingDependency>
        <Required type="61" schemaName="ikl_/Attach2Dynamics/Library/index.html" displayName="ikl_/Attach2Dynamics/Library/index.html" solution="Attach2Dynamics (9.0.0.24)">
          <package>Attach2Dynamics (9.0.0.24)</package>
        </Required>
        <Dependent type="60" displayName="SR Portal Form" parentDisplayName="Service Request" id="{543eacf9-75e3-ec11-bb3c-000d3a848097}" />
      </MissingDependency>
      <MissingDependency>
        <Required type="61" schemaName="qm_globalHelper.js" displayName="qm_globalHelper.js" solution="Active" />
        <Dependent type="60" displayName="SR Portal Form" parentDisplayName="Service Request" id="{543eacf9-75e3-ec11-bb3c-000d3a848097}" />
      </MissingDependency>
    </MissingDependencies>
  </SolutionManifest>
</ImportExportXml>