<ImportExportXml version="9.2.22101.140" SolutionPackageVersion="9.2" languagecode="1033" generatedBy="CrmLive" xmlns:xsi="http://www.w3.org/2001/XMLSchema-instance">
  <SolutionManifest>
    <UniqueName>TC_GlobalCore_Patch_4183ba2b</UniqueName>
    <LocalizedNames>
      <LocalizedName description="TDG Core Schema" languagecode="1033" />
    </LocalizedNames>
    <Descriptions>
      <Description description="Patch for TDG Core Schema" languagecode="1033" />
    </Descriptions>
    <ParentUniqueName>TC_GlobalCore</ParentUniqueName>
    <Version>1.140.4.0</Version>
    <Managed>1</Managed>
    <Publisher>
      <UniqueName>oversightpublisher</UniqueName>
      <LocalizedNames>
        <LocalizedName description="Oversight" languagecode="1033" />
      </LocalizedNames>
      <Descriptions>
        <Description description="This is the common solution for AvSec Inspection and TDG Inspection." languagecode="1033" />
      </Descriptions>
      <EMailAddress xsi:nil="true"></EMailAddress>
      <SupportingWebsiteUrl xsi:nil="true"></SupportingWebsiteUrl>
      <CustomizationPrefix>ovs</CustomizationPrefix>
      <CustomizationOptionValuePrefix>91864</CustomizationOptionValuePrefix>
      <Addresses>
        <Address>
          <AddressNumber>1</AddressNumber>
          <AddressTypeCode>1</AddressTypeCode>
          <City xsi:nil="true"></City>
          <County xsi:nil="true"></County>
          <Country xsi:nil="true"></Country>
          <Fax xsi:nil="true"></Fax>
          <FreightTermsCode xsi:nil="true"></FreightTermsCode>
          <ImportSequenceNumber xsi:nil="true"></ImportSequenceNumber>
          <Latitude xsi:nil="true"></Latitude>
          <Line1 xsi:nil="true"></Line1>
          <Line2 xsi:nil="true"></Line2>
          <Line3 xsi:nil="true"></Line3>
          <Longitude xsi:nil="true"></Longitude>
          <Name xsi:nil="true"></Name>
          <PostalCode xsi:nil="true"></PostalCode>
          <PostOfficeBox xsi:nil="true"></PostOfficeBox>
          <PrimaryContactName xsi:nil="true"></PrimaryContactName>
          <ShippingMethodCode>1</ShippingMethodCode>
          <StateOrProvince xsi:nil="true"></StateOrProvince>
          <Telephone1 xsi:nil="true"></Telephone1>
          <Telephone2 xsi:nil="true"></Telephone2>
          <Telephone3 xsi:nil="true"></Telephone3>
          <TimeZoneRuleVersionNumber xsi:nil="true"></TimeZoneRuleVersionNumber>
          <UPSZone xsi:nil="true"></UPSZone>
          <UTCOffset xsi:nil="true"></UTCOffset>
          <UTCConversionTimeZoneCode xsi:nil="true"></UTCConversionTimeZoneCode>
        </Address>
        <Address>
          <AddressNumber>2</AddressNumber>
          <AddressTypeCode>1</AddressTypeCode>
          <City xsi:nil="true"></City>
          <County xsi:nil="true"></County>
          <Country xsi:nil="true"></Country>
          <Fax xsi:nil="true"></Fax>
          <FreightTermsCode xsi:nil="true"></FreightTermsCode>
          <ImportSequenceNumber xsi:nil="true"></ImportSequenceNumber>
          <Latitude xsi:nil="true"></Latitude>
          <Line1 xsi:nil="true"></Line1>
          <Line2 xsi:nil="true"></Line2>
          <Line3 xsi:nil="true"></Line3>
          <Longitude xsi:nil="true"></Longitude>
          <Name xsi:nil="true"></Name>
          <PostalCode xsi:nil="true"></PostalCode>
          <PostOfficeBox xsi:nil="true"></PostOfficeBox>
          <PrimaryContactName xsi:nil="true"></PrimaryContactName>
          <ShippingMethodCode>1</ShippingMethodCode>
          <StateOrProvince xsi:nil="true"></StateOrProvince>
          <Telephone1 xsi:nil="true"></Telephone1>
          <Telephone2 xsi:nil="true"></Telephone2>
          <Telephone3 xsi:nil="true"></Telephone3>
          <TimeZoneRuleVersionNumber xsi:nil="true"></TimeZoneRuleVersionNumber>
          <UPSZone xsi:nil="true"></UPSZone>
          <UTCOffset xsi:nil="true"></UTCOffset>
          <UTCConversionTimeZoneCode xsi:nil="true"></UTCConversionTimeZoneCode>
        </Address>
      </Addresses>
    </Publisher>
    <RootComponents>
      <RootComponent type="1" schemaName="account" behavior="1" />
    </RootComponents>
    <MissingDependencies>
      <MissingDependency>
        <Required type="1" schemaName="cid_activityreviewlog" displayName="Activity Review Log" solution="Active" />
        <Dependent type="60" displayName="CID - Site" parentDisplayName="Account" id="{0e37df7d-990c-45f9-b2a7-3bc3b15d6973}" />
      </MissingDependency>
      <MissingDependency>
        <Required type="1" schemaName="cid_companyerap" displayName="Company ERAP" solution="Active" />
        <Dependent type="60" displayName="CID Portal - Company Registration Wizard" parentDisplayName="Account" id="{159567aa-2711-4302-a007-da552af243f8}" />
      </MissingDependency>
      <MissingDependency>
        <Required type="1" schemaName="cid_companynaicscode" displayName="Company NAICS Code" solution="Active" />
        <Dependent type="60" displayName="CID Portal - Company Registration Wizard" parentDisplayName="Account" id="{159567aa-2711-4302-a007-da552af243f8}" />
      </MissingDependency>
      <MissingDependency>
        <Required type="1" schemaName="cid_companynaicscode" displayName="Company NAICS Code" solution="Active" />
        <Dependent type="60" displayName="CID Portal - Company Form" parentDisplayName="Account" id="{5e57be58-5702-432c-8aaa-fe91edeb212f}" />
      </MissingDependency>
      <MissingDependency>
        <Required type="10" schemaName="cid_account_cid_activityreviewlog_Site" displayName="cid_account_cid_activityreviewlog_Site" parentSchemaName="account" parentDisplayName="Account" solution="Active" />
        <Dependent type="60" displayName="CID - Site" parentDisplayName="Account" id="{0e37df7d-990c-45f9-b2a7-3bc3b15d6973}" />
      </MissingDependency>
      <MissingDependency>
        <Required type="10" schemaName="cid_account_companynaicscode" displayName="cid_account_companynaicscode" parentSchemaName="account" parentDisplayName="Account" solution="Active" />
        <Dependent type="60" displayName="CID Portal - Company Registration Wizard" parentDisplayName="Account" id="{159567aa-2711-4302-a007-da552af243f8}" />
      </MissingDependency>
      <MissingDependency>
        <Required type="10" schemaName="cid_account_companynaicscode" displayName="cid_account_companynaicscode" parentSchemaName="account" parentDisplayName="Account" solution="Active" />
        <Dependent type="60" displayName="CID Portal - Company Form" parentDisplayName="Account" id="{5e57be58-5702-432c-8aaa-fe91edeb212f}" />
      </MissingDependency>
      <MissingDependency>
        <Required type="10" schemaName="cid_CompanyERAP_Company_Account" displayName="cid_CompanyERAP_Company_Account" parentSchemaName="account" parentDisplayName="Account" solution="Active" />
        <Dependent type="60" displayName="CID Portal - Company Registration Wizard" parentDisplayName="Account" id="{159567aa-2711-4302-a007-da552af243f8}" />
      </MissingDependency>
      <MissingDependency>
        <Required type="10" schemaName="msdyn_account_account_BillingAccount" displayName="msdyn_account_account_BillingAccount" parentSchemaName="account" parentDisplayName="Account" solution="FieldServiceCommon (1.0.0.217)">
          <package>FieldService_Anchor (8.8.76.55)</package>
        </Required>
        <Dependent type="60" displayName="CID - Site" parentDisplayName="Account" id="{0e37df7d-990c-45f9-b2a7-3bc3b15d6973}" />
      </MissingDependency>
      <MissingDependency>
        <Required type="10" schemaName="msdyn_account_account_BillingAccount" displayName="msdyn_account_account_BillingAccount" parentSchemaName="account" parentDisplayName="Account" solution="FieldServiceCommon (1.0.0.217)">
          <package>FieldService_Anchor (8.8.76.55)</package>
        </Required>
        <Dependent type="60" displayName="CID Portal - Company Registration Wizard" parentDisplayName="Account" id="{159567aa-2711-4302-a007-da552af243f8}" />
      </MissingDependency>
      <MissingDependency>
        <Required type="10" schemaName="msdyn_account_account_BillingAccount" displayName="msdyn_account_account_BillingAccount" parentSchemaName="account" parentDisplayName="Account" solution="FieldServiceCommon (1.0.0.217)">
          <package>FieldService_Anchor (8.8.76.55)</package>
        </Required>
        <Dependent type="60" displayName="CID Portal - Company Form" parentDisplayName="Account" id="{5e57be58-5702-432c-8aaa-fe91edeb212f}" />
      </MissingDependency>
      <MissingDependency>
        <Required type="10" schemaName="msdyn_account_msdyn_agreement_BillingAccount" displayName="msdyn_account_msdyn_agreement_BillingAccount" parentSchemaName="account" parentDisplayName="Account" solution="FieldService (8.8.0.88)">
          <package>FieldService_Anchor (8.8.76.55)</package>
        </Required>
        <Dependent type="60" displayName="CID - Site" parentDisplayName="Account" id="{0e37df7d-990c-45f9-b2a7-3bc3b15d6973}" />
      </MissingDependency>
      <MissingDependency>
        <Required type="10" schemaName="msdyn_account_msdyn_agreement_BillingAccount" displayName="msdyn_account_msdyn_agreement_BillingAccount" parentSchemaName="account" parentDisplayName="Account" solution="FieldService (8.8.0.88)">
          <package>FieldService_Anchor (8.8.76.55)</package>
        </Required>
        <Dependent type="60" displayName="CID Portal - Company Registration Wizard" parentDisplayName="Account" id="{159567aa-2711-4302-a007-da552af243f8}" />
      </MissingDependency>
      <MissingDependency>
        <Required type="10" schemaName="msdyn_account_msdyn_agreement_BillingAccount" displayName="msdyn_account_msdyn_agreement_BillingAccount" parentSchemaName="account" parentDisplayName="Account" solution="FieldService (8.8.0.88)">
          <package>FieldService_Anchor (8.8.76.55)</package>
        </Required>
        <Dependent type="60" displayName="CID Portal - Company Form" parentDisplayName="Account" id="{5e57be58-5702-432c-8aaa-fe91edeb212f}" />
      </MissingDependency>
      <MissingDependency>
        <Required type="10" schemaName="msdyn_account_msdyn_agreement_ServiceAccount" displayName="msdyn_account_msdyn_agreement_ServiceAccount" parentSchemaName="account" parentDisplayName="Account" solution="FieldService (8.8.0.88)">
          <package>FieldService_Anchor (8.8.76.55)</package>
        </Required>
        <Dependent type="60" displayName="CID - Site" parentDisplayName="Account" id="{0e37df7d-990c-45f9-b2a7-3bc3b15d6973}" />
      </MissingDependency>
      <MissingDependency>
        <Required type="10" schemaName="msdyn_account_msdyn_agreement_ServiceAccount" displayName="msdyn_account_msdyn_agreement_ServiceAccount" parentSchemaName="account" parentDisplayName="Account" solution="FieldService (8.8.0.88)">
          <package>FieldService_Anchor (8.8.76.55)</package>
        </Required>
        <Dependent type="60" displayName="CID Portal - Company Registration Wizard" parentDisplayName="Account" id="{159567aa-2711-4302-a007-da552af243f8}" />
      </MissingDependency>
      <MissingDependency>
        <Required type="10" schemaName="msdyn_account_msdyn_agreement_ServiceAccount" displayName="msdyn_account_msdyn_agreement_ServiceAccount" parentSchemaName="account" parentDisplayName="Account" solution="FieldService (8.8.0.88)">
          <package>FieldService_Anchor (8.8.76.55)</package>
        </Required>
        <Dependent type="60" displayName="CID Portal - Company Form" parentDisplayName="Account" id="{5e57be58-5702-432c-8aaa-fe91edeb212f}" />
      </MissingDependency>
      <MissingDependency>
        <Required type="10" schemaName="msdyn_account_msdyn_payment_Account" displayName="msdyn_account_msdyn_payment_Account" parentSchemaName="account" parentDisplayName="Account" solution="FieldService (8.8.0.88)">
          <package>FieldService_Anchor (8.8.76.55)</package>
        </Required>
        <Dependent type="60" displayName="CID - Site" parentDisplayName="Account" id="{0e37df7d-990c-45f9-b2a7-3bc3b15d6973}" />
      </MissingDependency>
      <MissingDependency>
        <Required type="10" schemaName="msdyn_account_msdyn_payment_Account" displayName="msdyn_account_msdyn_payment_Account" parentSchemaName="account" parentDisplayName="Account" solution="FieldService (8.8.0.88)">
          <package>FieldService_Anchor (8.8.76.55)</package>
        </Required>
        <Dependent type="60" displayName="CID Portal - Company Registration Wizard" parentDisplayName="Account" id="{159567aa-2711-4302-a007-da552af243f8}" />
      </MissingDependency>
      <MissingDependency>
        <Required type="10" schemaName="msdyn_account_msdyn_payment_Account" displayName="msdyn_account_msdyn_payment_Account" parentSchemaName="account" parentDisplayName="Account" solution="FieldService (8.8.0.88)">
          <package>FieldService_Anchor (8.8.76.55)</package>
        </Required>
        <Dependent type="60" displayName="CID Portal - Company Form" parentDisplayName="Account" id="{5e57be58-5702-432c-8aaa-fe91edeb212f}" />
      </MissingDependency>
      <MissingDependency>
        <Required type="10" schemaName="msdyn_account_msdyn_purchaseorder_Vendor" displayName="msdyn_account_msdyn_purchaseorder_Vendor" parentSchemaName="account" parentDisplayName="Account" solution="FieldServiceCommon (1.0.0.217)">
          <package>FieldService_Anchor (8.8.76.55)</package>
        </Required>
        <Dependent type="60" displayName="CID - Site" parentDisplayName="Account" id="{0e37df7d-990c-45f9-b2a7-3bc3b15d6973}" />
      </MissingDependency>
      <MissingDependency>
        <Required type="10" schemaName="msdyn_account_msdyn_purchaseorder_Vendor" displayName="msdyn_account_msdyn_purchaseorder_Vendor" parentSchemaName="account" parentDisplayName="Account" solution="FieldServiceCommon (1.0.0.217)">
          <package>FieldService_Anchor (8.8.76.55)</package>
        </Required>
        <Dependent type="60" displayName="CID Portal - Company Registration Wizard" parentDisplayName="Account" id="{159567aa-2711-4302-a007-da552af243f8}" />
      </MissingDependency>
      <MissingDependency>
        <Required type="10" schemaName="msdyn_account_msdyn_purchaseorder_Vendor" displayName="msdyn_account_msdyn_purchaseorder_Vendor" parentSchemaName="account" parentDisplayName="Account" solution="FieldServiceCommon (1.0.0.217)">
          <package>FieldService_Anchor (8.8.76.55)</package>
        </Required>
        <Dependent type="60" displayName="CID Portal - Company Form" parentDisplayName="Account" id="{5e57be58-5702-432c-8aaa-fe91edeb212f}" />
      </MissingDependency>
      <MissingDependency>
        <Required type="10" schemaName="msdyn_account_msdyn_rma_BillingAccount" displayName="msdyn_account_msdyn_rma_BillingAccount" parentSchemaName="account" parentDisplayName="Account" solution="FieldService (8.8.0.88)">
          <package>FieldService_Anchor (8.8.76.55)</package>
        </Required>
        <Dependent type="60" displayName="CID - Site" parentDisplayName="Account" id="{0e37df7d-990c-45f9-b2a7-3bc3b15d6973}" />
      </MissingDependency>
      <MissingDependency>
        <Required type="10" schemaName="msdyn_account_msdyn_rma_BillingAccount" displayName="msdyn_account_msdyn_rma_BillingAccount" parentSchemaName="account" parentDisplayName="Account" solution="FieldService (8.8.0.88)">
          <package>FieldService_Anchor (8.8.76.55)</package>
        </Required>
        <Dependent type="60" displayName="CID Portal - Company Registration Wizard" parentDisplayName="Account" id="{159567aa-2711-4302-a007-da552af243f8}" />
      </MissingDependency>
      <MissingDependency>
        <Required type="10" schemaName="msdyn_account_msdyn_rma_BillingAccount" displayName="msdyn_account_msdyn_rma_BillingAccount" parentSchemaName="account" parentDisplayName="Account" solution="FieldService (8.8.0.88)">
          <package>FieldService_Anchor (8.8.76.55)</package>
        </Required>
        <Dependent type="60" displayName="CID Portal - Company Form" parentDisplayName="Account" id="{5e57be58-5702-432c-8aaa-fe91edeb212f}" />
      </MissingDependency>
      <MissingDependency>
        <Required type="10" schemaName="msdyn_account_msdyn_rma_ServiceAccount" displayName="msdyn_account_msdyn_rma_ServiceAccount" parentSchemaName="account" parentDisplayName="Account" solution="FieldService (8.8.0.88)">
          <package>FieldService_Anchor (8.8.76.55)</package>
        </Required>
        <Dependent type="60" displayName="CID - Site" parentDisplayName="Account" id="{0e37df7d-990c-45f9-b2a7-3bc3b15d6973}" />
      </MissingDependency>
      <MissingDependency>
        <Required type="10" schemaName="msdyn_account_msdyn_rma_ServiceAccount" displayName="msdyn_account_msdyn_rma_ServiceAccount" parentSchemaName="account" parentDisplayName="Account" solution="FieldService (8.8.0.88)">
          <package>FieldService_Anchor (8.8.76.55)</package>
        </Required>
        <Dependent type="60" displayName="CID Portal - Company Registration Wizard" parentDisplayName="Account" id="{159567aa-2711-4302-a007-da552af243f8}" />
      </MissingDependency>
      <MissingDependency>
        <Required type="10" schemaName="msdyn_account_msdyn_rma_ServiceAccount" displayName="msdyn_account_msdyn_rma_ServiceAccount" parentSchemaName="account" parentDisplayName="Account" solution="FieldService (8.8.0.88)">
          <package>FieldService_Anchor (8.8.76.55)</package>
        </Required>
        <Dependent type="60" displayName="CID Portal - Company Form" parentDisplayName="Account" id="{5e57be58-5702-432c-8aaa-fe91edeb212f}" />
      </MissingDependency>
      <MissingDependency>
        <Required type="10" schemaName="msdyn_account_msdyn_rtv_Vendor" displayName="msdyn_account_msdyn_rtv_Vendor" parentSchemaName="account" parentDisplayName="Account" solution="FieldService (8.8.0.88)">
          <package>FieldService_Anchor (8.8.76.55)</package>
        </Required>
        <Dependent type="60" displayName="CID - Site" parentDisplayName="Account" id="{0e37df7d-990c-45f9-b2a7-3bc3b15d6973}" />
      </MissingDependency>
      <MissingDependency>
        <Required type="10" schemaName="msdyn_account_msdyn_rtv_Vendor" displayName="msdyn_account_msdyn_rtv_Vendor" parentSchemaName="account" parentDisplayName="Account" solution="FieldService (8.8.0.88)">
          <package>FieldService_Anchor (8.8.76.55)</package>
        </Required>
        <Dependent type="60" displayName="CID Portal - Company Registration Wizard" parentDisplayName="Account" id="{159567aa-2711-4302-a007-da552af243f8}" />
      </MissingDependency>
      <MissingDependency>
        <Required type="10" schemaName="msdyn_account_msdyn_rtv_Vendor" displayName="msdyn_account_msdyn_rtv_Vendor" parentSchemaName="account" parentDisplayName="Account" solution="FieldService (8.8.0.88)">
          <package>FieldService_Anchor (8.8.76.55)</package>
        </Required>
        <Dependent type="60" displayName="CID Portal - Company Form" parentDisplayName="Account" id="{5e57be58-5702-432c-8aaa-fe91edeb212f}" />
      </MissingDependency>
      <MissingDependency>
        <Required type="10" schemaName="msdyn_account_msdyn_workorder_BillingAccount" displayName="msdyn_account_msdyn_workorder_BillingAccount" parentSchemaName="account" parentDisplayName="Account" solution="FieldService (8.8.0.88)">
          <package>FieldService_Anchor (8.8.76.55)</package>
        </Required>
        <Dependent type="60" displayName="CID - Site" parentDisplayName="Account" id="{0e37df7d-990c-45f9-b2a7-3bc3b15d6973}" />
      </MissingDependency>
      <MissingDependency>
        <Required type="10" schemaName="msdyn_account_msdyn_workorder_BillingAccount" displayName="msdyn_account_msdyn_workorder_BillingAccount" parentSchemaName="account" parentDisplayName="Account" solution="FieldService (8.8.0.88)">
          <package>FieldService_Anchor (8.8.76.55)</package>
        </Required>
        <Dependent type="60" displayName="CID Portal - Company Registration Wizard" parentDisplayName="Account" id="{159567aa-2711-4302-a007-da552af243f8}" />
      </MissingDependency>
      <MissingDependency>
        <Required type="10" schemaName="msdyn_account_msdyn_workorder_BillingAccount" displayName="msdyn_account_msdyn_workorder_BillingAccount" parentSchemaName="account" parentDisplayName="Account" solution="FieldService (8.8.0.88)">
          <package>FieldService_Anchor (8.8.76.55)</package>
        </Required>
        <Dependent type="60" displayName="CID Portal - Company Form" parentDisplayName="Account" id="{5e57be58-5702-432c-8aaa-fe91edeb212f}" />
      </MissingDependency>
      <MissingDependency>
        <Required type="10" schemaName="msdyn_account_msdyn_workorder_ServiceAccount" displayName="msdyn_account_msdyn_workorder_ServiceAccount" parentSchemaName="account" parentDisplayName="Account" solution="FieldService (8.8.0.88)">
          <package>FieldService_Anchor (8.8.76.55)</package>
        </Required>
        <Dependent type="60" displayName="CID - Site" parentDisplayName="Account" id="{0e37df7d-990c-45f9-b2a7-3bc3b15d6973}" />
      </MissingDependency>
      <MissingDependency>
        <Required type="10" schemaName="msdyn_account_msdyn_workorder_ServiceAccount" displayName="msdyn_account_msdyn_workorder_ServiceAccount" parentSchemaName="account" parentDisplayName="Account" solution="FieldService (8.8.0.88)">
          <package>FieldService_Anchor (8.8.76.55)</package>
        </Required>
        <Dependent type="60" displayName="CID Portal - Company Registration Wizard" parentDisplayName="Account" id="{159567aa-2711-4302-a007-da552af243f8}" />
      </MissingDependency>
      <MissingDependency>
        <Required type="10" schemaName="msdyn_account_msdyn_workorder_ServiceAccount" displayName="msdyn_account_msdyn_workorder_ServiceAccount" parentSchemaName="account" parentDisplayName="Account" solution="FieldService (8.8.0.88)">
          <package>FieldService_Anchor (8.8.76.55)</package>
        </Required>
        <Dependent type="60" displayName="CID Portal - Company Form" parentDisplayName="Account" id="{5e57be58-5702-432c-8aaa-fe91edeb212f}" />
      </MissingDependency>
      <MissingDependency>
        <Required type="10" schemaName="msdyn_account_msdyn_customerasset_Account" displayName="msdyn_account_msdyn_customerasset_Account" parentSchemaName="msdyn_customerasset" parentDisplayName="Customer Asset" solution="msdyn_AssetCommon (1.0.28.3)">
          <package>FieldService_Anchor (8.8.76.55)</package>
          <package>msdynce_ServiceAnchor (9.0.22101.1009)</package>
        </Required>
        <Dependent type="60" displayName="CID - Site" parentDisplayName="Account" id="{0e37df7d-990c-45f9-b2a7-3bc3b15d6973}" />
      </MissingDependency>
      <MissingDependency>
        <Required type="10" schemaName="msdyn_account_msdyn_customerasset_Account" displayName="msdyn_account_msdyn_customerasset_Account" parentSchemaName="msdyn_customerasset" parentDisplayName="Customer Asset" solution="msdyn_AssetCommon (1.0.28.3)">
          <package>FieldService_Anchor (8.8.76.55)</package>
          <package>msdynce_ServiceAnchor (9.0.22101.1009)</package>
        </Required>
        <Dependent type="60" displayName="CID Portal - Company Registration Wizard" parentDisplayName="Account" id="{159567aa-2711-4302-a007-da552af243f8}" />
      </MissingDependency>
      <MissingDependency>
        <Required type="10" schemaName="msdyn_account_msdyn_customerasset_Account" displayName="msdyn_account_msdyn_customerasset_Account" parentSchemaName="msdyn_customerasset" parentDisplayName="Customer Asset" solution="msdyn_AssetCommon (1.0.28.3)">
          <package>FieldService_Anchor (8.8.76.55)</package>
          <package>msdynce_ServiceAnchor (9.0.22101.1009)</package>
        </Required>
        <Dependent type="60" displayName="CID Portal - Company Form" parentDisplayName="Account" id="{5e57be58-5702-432c-8aaa-fe91edeb212f}" />
      </MissingDependency>
      <MissingDependency>
        <Required type="2" schemaName="cid_addressoverwritten" displayName="Manually Entered?" parentSchemaName="account" parentDisplayName="Account" solution="Active" />
        <Dependent type="60" displayName="CID Portal - Company Registration Wizard" parentDisplayName="Account" id="{159567aa-2711-4302-a007-da552af243f8}" />
      </MissingDependency>
      <MissingDependency>
        <Required type="2" schemaName="cid_addressoverwritten" displayName="Manually Entered?" parentSchemaName="account" parentDisplayName="Account" solution="Active" />
        <Dependent type="60" displayName="CID Portal - Company Form" parentDisplayName="Account" id="{5e57be58-5702-432c-8aaa-fe91edeb212f}" />
      </MissingDependency>
      <MissingDependency>
        <Required type="2" schemaName="cid_annualcompliancecompletiondate" displayName="Annual Compliance Completion Date" parentSchemaName="account" parentDisplayName="Account" solution="Active" />
        <Dependent type="60" displayName="CID Portal - Company Form" parentDisplayName="Account" id="{5e57be58-5702-432c-8aaa-fe91edeb212f}" />
      </MissingDependency>
      <MissingDependency>
        <Required type="2" schemaName="cid_annualcomplianceupdatelate" displayName="Annual Compliance Update Late" parentSchemaName="account" parentDisplayName="Account" solution="Active" />
        <Dependent type="60" displayName="CID Portal - Company Form" parentDisplayName="Account" id="{5e57be58-5702-432c-8aaa-fe91edeb212f}" />
      </MissingDependency>
      <MissingDependency>
        <Required type="2" schemaName="cid_attestationdate" displayName="Attestation Date" parentSchemaName="account" parentDisplayName="Account" solution="Active" />
        <Dependent type="26" schemaName="CID Portal - Sites" displayName="CID Portal - Sites" parentSchemaName="account" parentDisplayName="Account" id="{c8db5060-4a4d-ec11-8f8e-000d3ae9a753}" />
      </MissingDependency>
      <MissingDependency>
        <Required type="2" schemaName="cid_attestationdate" displayName="Attestation Date" parentSchemaName="account" parentDisplayName="Account" solution="Active" />
        <Dependent type="26" schemaName="CID Portal - Portal Created Sites" displayName="CID Portal - Portal Created Sites" parentSchemaName="account" parentDisplayName="Account" id="{efe63e51-3040-ed11-bba2-0022483d0343}" />
      </MissingDependency>
      <MissingDependency>
        <Required type="2" schemaName="cid_attestationdate" displayName="Attestation Date" parentSchemaName="account" parentDisplayName="Account" solution="Active" />
        <Dependent type="60" displayName="CID Portal - Company Form" parentDisplayName="Account" id="{5e57be58-5702-432c-8aaa-fe91edeb212f}" />
      </MissingDependency>
      <MissingDependency>
        <Required type="2" schemaName="cid_cidcompanystatus" displayName="CID Company Status" parentSchemaName="account" parentDisplayName="Account" solution="Active" />
        <Dependent type="60" displayName="CID Portal - Company Form" parentDisplayName="Account" id="{5e57be58-5702-432c-8aaa-fe91edeb212f}" />
      </MissingDependency>
      <MissingDependency>
        <Required type="2" schemaName="cid_cidsitestatus" displayName="Site Status" parentSchemaName="account" parentDisplayName="Account" solution="Active" />
        <Dependent type="60" displayName="CID - Site" parentDisplayName="Account" id="{0e37df7d-990c-45f9-b2a7-3bc3b15d6973}" />
      </MissingDependency>
      <MissingDependency>
        <Required type="2" schemaName="cid_companyanniversarydate" displayName="Company Anniversary Date" parentSchemaName="account" parentDisplayName="Account" solution="Active" />
        <Dependent type="60" displayName="CID Portal - Company Form" parentDisplayName="Account" id="{5e57be58-5702-432c-8aaa-fe91edeb212f}" />
      </MissingDependency>
      <MissingDependency>
        <Required type="2" schemaName="cid_companyclaim" displayName="Company Claim" parentSchemaName="account" parentDisplayName="Account" solution="Active" />
        <Dependent type="60" displayName="CID Portal - Company Registration Wizard" parentDisplayName="Account" id="{159567aa-2711-4302-a007-da552af243f8}" />
      </MissingDependency>
      <MissingDependency>
        <Required type="2" schemaName="cid_companystate" displayName="Company State" parentSchemaName="account" parentDisplayName="Account" solution="Active" />
        <Dependent type="60" displayName="CID Portal - Company Form" parentDisplayName="Account" id="{5e57be58-5702-432c-8aaa-fe91edeb212f}" />
      </MissingDependency>
      <MissingDependency>
        <Required type="2" schemaName="cid_crabusinessnumber" displayName="CRA Business Number" parentSchemaName="account" parentDisplayName="Account" solution="Active" />
        <Dependent type="60" displayName="CID Portal - Company Registration Wizard" parentDisplayName="Account" id="{159567aa-2711-4302-a007-da552af243f8}" />
      </MissingDependency>
      <MissingDependency>
        <Required type="2" schemaName="cid_crabusinessnumber" displayName="CRA Business Number" parentSchemaName="account" parentDisplayName="Account" solution="Active" />
        <Dependent type="60" displayName="CID Portal - Company Form" parentDisplayName="Account" id="{5e57be58-5702-432c-8aaa-fe91edeb212f}" />
      </MissingDependency>
      <MissingDependency>
        <Required type="2" schemaName="cid_has_cra_bn" displayName="Do you have a CRA Business Number?" parentSchemaName="account" parentDisplayName="Account" solution="Active" />
        <Dependent type="60" displayName="CID Portal - Company Registration Wizard" parentDisplayName="Account" id="{159567aa-2711-4302-a007-da552af243f8}" />
      </MissingDependency>
      <MissingDependency>
        <Required type="2" schemaName="cid_has_cra_bn" displayName="Do you have a CRA Business Number?" parentSchemaName="account" parentDisplayName="Account" solution="Active" />
        <Dependent type="60" displayName="CID Portal - Company Form" parentDisplayName="Account" id="{5e57be58-5702-432c-8aaa-fe91edeb212f}" />
      </MissingDependency>
      <MissingDependency>
        <Required type="2" schemaName="cid_iscompanyattested" displayName="Is Company Attested?" parentSchemaName="account" parentDisplayName="Account" solution="Active" />
        <Dependent type="60" displayName="CID Portal - Company Form" parentDisplayName="Account" id="{5e57be58-5702-432c-8aaa-fe91edeb212f}" />
      </MissingDependency>
      <MissingDependency>
        <Required type="2" schemaName="cid_issiteattested" displayName="Is Site Attested?" parentSchemaName="account" parentDisplayName="Account" solution="Active" />
        <Dependent type="26" schemaName="CID Portal - Sites" displayName="CID Portal - Sites" parentSchemaName="account" parentDisplayName="Account" id="{c8db5060-4a4d-ec11-8f8e-000d3ae9a753}" />
      </MissingDependency>
      <MissingDependency>
        <Required type="2" schemaName="cid_issiteattested" displayName="Is Site Attested?" parentSchemaName="account" parentDisplayName="Account" solution="Active" />
        <Dependent type="26" schemaName="CID Portal - Portal Created Sites" displayName="CID Portal - Portal Created Sites" parentSchemaName="account" parentDisplayName="Account" id="{efe63e51-3040-ed11-bba2-0022483d0343}" />
      </MissingDependency>
      <MissingDependency>
        <Required type="2" schemaName="cid_issiteattested" displayName="Is Site Attested?" parentSchemaName="account" parentDisplayName="Account" solution="Active" />
        <Dependent type="60" displayName="CID - Site" parentDisplayName="Account" id="{0e37df7d-990c-45f9-b2a7-3bc3b15d6973}" />
      </MissingDependency>
      <MissingDependency>
        <Required type="2" schemaName="cid_nextannualcomplianceupdate" displayName="Next Annual Compliance Update Required On" parentSchemaName="account" parentDisplayName="Account" solution="Active" />
        <Dependent type="60" displayName="CID Portal - Company Form" parentDisplayName="Account" id="{5e57be58-5702-432c-8aaa-fe91edeb212f}" />
      </MissingDependency>
      <MissingDependency>
        <Required type="2" schemaName="cid_officiallyregistrationcompletationdate" displayName="Registration Completion Date" parentSchemaName="account" parentDisplayName="Account" solution="Active" />
        <Dependent type="60" displayName="CID Portal - Company Form" parentDisplayName="Account" id="{5e57be58-5702-432c-8aaa-fe91edeb212f}" />
      </MissingDependency>
      <MissingDependency>
        <Required type="2" schemaName="cid_portalrecordcreationdetails" displayName="Created On, By" parentSchemaName="account" parentDisplayName="Account" solution="Active" />
        <Dependent type="26" schemaName="CID Portal - Sites" displayName="CID Portal - Sites" parentSchemaName="account" parentDisplayName="Account" id="{c8db5060-4a4d-ec11-8f8e-000d3ae9a753}" />
      </MissingDependency>
      <MissingDependency>
        <Required type="2" schemaName="cid_portalrecordcreationdetails" displayName="Created On, By" parentSchemaName="account" parentDisplayName="Account" solution="Active" />
        <Dependent type="26" schemaName="CID Portal - Portal Created Sites" displayName="CID Portal - Portal Created Sites" parentSchemaName="account" parentDisplayName="Account" id="{efe63e51-3040-ed11-bba2-0022483d0343}" />
      </MissingDependency>
      <MissingDependency>
        <Required type="2" schemaName="cid_portalrecordmodificationdetails" displayName="Last Updated On, By" parentSchemaName="account" parentDisplayName="Account" solution="Active" />
        <Dependent type="26" schemaName="CID Portal - Sites" displayName="CID Portal - Sites" parentSchemaName="account" parentDisplayName="Account" id="{c8db5060-4a4d-ec11-8f8e-000d3ae9a753}" />
      </MissingDependency>
      <MissingDependency>
        <Required type="2" schemaName="cid_portalrecordmodificationdetails" displayName="Last Updated On, By" parentSchemaName="account" parentDisplayName="Account" solution="Active" />
        <Dependent type="26" schemaName="CID Portal - Portal Created Sites" displayName="CID Portal - Portal Created Sites" parentSchemaName="account" parentDisplayName="Account" id="{efe63e51-3040-ed11-bba2-0022483d0343}" />
      </MissingDependency>
      <MissingDependency>
        <Required type="2" schemaName="cid_reasonfornobnnumber" displayName="Reason for no CRA Business Number" parentSchemaName="account" parentDisplayName="Account" solution="Active" />
        <Dependent type="60" displayName="CID Portal - Company Registration Wizard" parentDisplayName="Account" id="{159567aa-2711-4302-a007-da552af243f8}" />
      </MissingDependency>
      <MissingDependency>
        <Required type="2" schemaName="cid_reasonfornobnnumber" displayName="Reason for no CRA Business Number" parentSchemaName="account" parentDisplayName="Account" solution="Active" />
        <Dependent type="60" displayName="CID Portal - Company Form" parentDisplayName="Account" id="{5e57be58-5702-432c-8aaa-fe91edeb212f}" />
      </MissingDependency>
      <MissingDependency>
        <Required type="2" schemaName="cid_reasonfornobnnumber_other" displayName="Other Reason" parentSchemaName="account" parentDisplayName="Account" solution="Active" />
        <Dependent type="60" displayName="CID Portal - Company Registration Wizard" parentDisplayName="Account" id="{159567aa-2711-4302-a007-da552af243f8}" />
      </MissingDependency>
      <MissingDependency>
        <Required type="2" schemaName="cid_reasonfornobnnumber_other" displayName="Other Reason" parentSchemaName="account" parentDisplayName="Account" solution="Active" />
        <Dependent type="60" displayName="CID Portal - Company Form" parentDisplayName="Account" id="{5e57be58-5702-432c-8aaa-fe91edeb212f}" />
      </MissingDependency>
      <MissingDependency>
        <Required type="2" schemaName="cid_registrationasof" displayName="Registration As Of" parentSchemaName="account" parentDisplayName="Account" solution="Active" />
        <Dependent type="60" displayName="CID Portal - Company Form" parentDisplayName="Account" id="{5e57be58-5702-432c-8aaa-fe91edeb212f}" />
      </MissingDependency>
      <MissingDependency>
        <Required type="2" schemaName="cid_requirementlevel" displayName="Basic / Extended" parentSchemaName="account" parentDisplayName="Account" solution="Active" />
        <Dependent type="26" schemaName="CID Portal - Sites" displayName="CID Portal - Sites" parentSchemaName="account" parentDisplayName="Account" id="{c8db5060-4a4d-ec11-8f8e-000d3ae9a753}" />
      </MissingDependency>
      <MissingDependency>
        <Required type="2" schemaName="cid_requirementlevel" displayName="Basic / Extended" parentSchemaName="account" parentDisplayName="Account" solution="Active" />
        <Dependent type="26" schemaName="CID Portal - Portal Created Sites" displayName="CID Portal - Portal Created Sites" parentSchemaName="account" parentDisplayName="Account" id="{efe63e51-3040-ed11-bba2-0022483d0343}" />
      </MissingDependency>
      <MissingDependency>
        <Required type="2" schemaName="cid_same_as_company" displayName="Same as the company address?" parentSchemaName="account" parentDisplayName="Account" solution="Active" />
        <Dependent type="60" displayName="CID - Site" parentDisplayName="Account" id="{0e37df7d-990c-45f9-b2a7-3bc3b15d6973}" />
      </MissingDependency>
      <MissingDependency>
        <Required type="2" schemaName="cid_siteclaim" displayName="Site Status" parentSchemaName="account" parentDisplayName="Account" solution="Active" />
        <Dependent type="26" schemaName="CID Portal - Sites" displayName="CID Portal - Sites" parentSchemaName="account" parentDisplayName="Account" id="{c8db5060-4a4d-ec11-8f8e-000d3ae9a753}" />
      </MissingDependency>
      <MissingDependency>
        <Required type="2" schemaName="cid_siteclaim" displayName="Site Status" parentSchemaName="account" parentDisplayName="Account" solution="Active" />
        <Dependent type="26" schemaName="CID Portal - Portal Created Sites" displayName="CID Portal - Portal Created Sites" parentSchemaName="account" parentDisplayName="Account" id="{efe63e51-3040-ed11-bba2-0022483d0343}" />
      </MissingDependency>
      <MissingDependency>
        <Required type="2" schemaName="cid_siteclaim" displayName="Site Status" parentSchemaName="account" parentDisplayName="Account" solution="Active" />
        <Dependent type="60" displayName="CID - Site" parentDisplayName="Account" id="{0e37df7d-990c-45f9-b2a7-3bc3b15d6973}" />
      </MissingDependency>
      <MissingDependency>
        <Required type="2" schemaName="cid_siteid" displayName="Site ID" parentSchemaName="account" parentDisplayName="Account" solution="Active" />
        <Dependent type="26" schemaName="CID Portal - Sites" displayName="CID Portal - Sites" parentSchemaName="account" parentDisplayName="Account" id="{c8db5060-4a4d-ec11-8f8e-000d3ae9a753}" />
      </MissingDependency>
      <MissingDependency>
        <Required type="2" schemaName="cid_siteid" displayName="Site ID" parentSchemaName="account" parentDisplayName="Account" solution="Active" />
        <Dependent type="26" schemaName="CID Portal - Portal Created Sites" displayName="CID Portal - Portal Created Sites" parentSchemaName="account" parentDisplayName="Account" id="{efe63e51-3040-ed11-bba2-0022483d0343}" />
      </MissingDependency>
      <MissingDependency>
        <Required type="2" schemaName="cid_siteid" displayName="Site ID" parentSchemaName="account" parentDisplayName="Account" solution="Active" />
        <Dependent type="60" displayName="CID - Site" parentDisplayName="Account" id="{0e37df7d-990c-45f9-b2a7-3bc3b15d6973}" />
      </MissingDependency>
      <MissingDependency>
        <Required type="2" schemaName="cid_sitename" displayName="Site Name" parentSchemaName="account" parentDisplayName="Account" solution="Active" />
        <Dependent type="26" schemaName="CID Portal - Sites" displayName="CID Portal - Sites" parentSchemaName="account" parentDisplayName="Account" id="{c8db5060-4a4d-ec11-8f8e-000d3ae9a753}" />
      </MissingDependency>
      <MissingDependency>
        <Required type="2" schemaName="cid_sitename" displayName="Site Name" parentSchemaName="account" parentDisplayName="Account" solution="Active" />
        <Dependent type="26" schemaName="CID Portal - Portal Created Sites" displayName="CID Portal - Portal Created Sites" parentSchemaName="account" parentDisplayName="Account" id="{efe63e51-3040-ed11-bba2-0022483d0343}" />
      </MissingDependency>
      <MissingDependency>
        <Required type="2" schemaName="cid_sitename" displayName="Site Name" parentSchemaName="account" parentDisplayName="Account" solution="Active" />
        <Dependent type="60" displayName="CID - Site" parentDisplayName="Account" id="{0e37df7d-990c-45f9-b2a7-3bc3b15d6973}" />
      </MissingDependency>
      <MissingDependency>
        <Required type="2" schemaName="ovs_address_display" displayName="Address Display" parentSchemaName="account" parentDisplayName="Account" solution="Active" />
        <Dependent type="26" schemaName="CID Portal - Sites" displayName="CID Portal - Sites" parentSchemaName="account" parentDisplayName="Account" id="{c8db5060-4a4d-ec11-8f8e-000d3ae9a753}" />
      </MissingDependency>
      <MissingDependency>
        <Required type="2" schemaName="ovs_address_display" displayName="Address Display" parentSchemaName="account" parentDisplayName="Account" solution="Active" />
        <Dependent type="26" schemaName="CID Portal - Portal Created Sites" displayName="CID Portal - Portal Created Sites" parentSchemaName="account" parentDisplayName="Account" id="{efe63e51-3040-ed11-bba2-0022483d0343}" />
      </MissingDependency>
      <MissingDependency>
        <Required type="2" schemaName="ovs_address_type" displayName="Input Address Type" parentSchemaName="account" parentDisplayName="Account" solution="Active" />
        <Dependent type="60" displayName="CID - Site" parentDisplayName="Account" id="{0e37df7d-990c-45f9-b2a7-3bc3b15d6973}" />
      </MissingDependency>
      <MissingDependency>
        <Required type="2" schemaName="ovs_address1_province" displayName="Province / Territory" parentSchemaName="account" parentDisplayName="Account" solution="Active" />
        <Dependent type="60" displayName="CID - Site" parentDisplayName="Account" id="{0e37df7d-990c-45f9-b2a7-3bc3b15d6973}" />
      </MissingDependency>
      <MissingDependency>
        <Required type="2" schemaName="ovs_address1_province" displayName="Province / Territory" parentSchemaName="account" parentDisplayName="Account" solution="Active" />
        <Dependent type="60" displayName="CID Portal - Company Registration Wizard" parentDisplayName="Account" id="{159567aa-2711-4302-a007-da552af243f8}" />
      </MissingDependency>
      <MissingDependency>
        <Required type="2" schemaName="ovs_address1_province" displayName="Province / Territory" parentSchemaName="account" parentDisplayName="Account" solution="Active" />
        <Dependent type="60" displayName="CID Portal - Company Form" parentDisplayName="Account" id="{5e57be58-5702-432c-8aaa-fe91edeb212f}" />
      </MissingDependency>
      <MissingDependency>
        <Required type="2" schemaName="ovs_legalname" displayName="Legal Name" parentSchemaName="account" parentDisplayName="Account" solution="Active" />
        <Dependent type="60" displayName="CID - Site" parentDisplayName="Account" id="{0e37df7d-990c-45f9-b2a7-3bc3b15d6973}" />
      </MissingDependency>
      <MissingDependency>
        <Required type="2" schemaName="ovs_legalname" displayName="Legal Name" parentSchemaName="account" parentDisplayName="Account" solution="Active" />
        <Dependent type="60" displayName="CID Portal - Company Registration Wizard" parentDisplayName="Account" id="{159567aa-2711-4302-a007-da552af243f8}" />
      </MissingDependency>
      <MissingDependency>
        <Required type="2" schemaName="ovs_legalname" displayName="Legal Name" parentSchemaName="account" parentDisplayName="Account" solution="Active" />
        <Dependent type="60" displayName="CID Portal - Company Form" parentDisplayName="Account" id="{5e57be58-5702-432c-8aaa-fe91edeb212f}" />
      </MissingDependency>
      <MissingDependency>
        <Required type="2" schemaName="ovs_lld_meridian" displayName="Meridian" parentSchemaName="account" parentDisplayName="Account" solution="Active" />
        <Dependent type="60" displayName="CID - Site" parentDisplayName="Account" id="{0e37df7d-990c-45f9-b2a7-3bc3b15d6973}" />
      </MissingDependency>
      <MissingDependency>
        <Required type="2" schemaName="ovs_lld_quarter" displayName="Quarter / LSD" parentSchemaName="account" parentDisplayName="Account" solution="Active" />
        <Dependent type="60" displayName="CID - Site" parentDisplayName="Account" id="{0e37df7d-990c-45f9-b2a7-3bc3b15d6973}" />
      </MissingDependency>
      <MissingDependency>
        <Required type="2" schemaName="ovs_lld_range" displayName="Range" parentSchemaName="account" parentDisplayName="Account" solution="Active" />
        <Dependent type="60" displayName="CID - Site" parentDisplayName="Account" id="{0e37df7d-990c-45f9-b2a7-3bc3b15d6973}" />
      </MissingDependency>
      <MissingDependency>
        <Required type="2" schemaName="ovs_lld_section" displayName="Section" parentSchemaName="account" parentDisplayName="Account" solution="Active" />
        <Dependent type="60" displayName="CID - Site" parentDisplayName="Account" id="{0e37df7d-990c-45f9-b2a7-3bc3b15d6973}" />
      </MissingDependency>
      <MissingDependency>
        <Required type="2" schemaName="ovs_lld_township" displayName="Township" parentSchemaName="account" parentDisplayName="Account" solution="Active" />
        <Dependent type="60" displayName="CID - Site" parentDisplayName="Account" id="{0e37df7d-990c-45f9-b2a7-3bc3b15d6973}" />
      </MissingDependency>
      <MissingDependency>
        <Required type="2" schemaName="ovs_name_fr" displayName="Operating Name (French)" parentSchemaName="account" parentDisplayName="Account" solution="Active" />
        <Dependent type="60" displayName="CID Portal - Company Registration Wizard" parentDisplayName="Account" id="{159567aa-2711-4302-a007-da552af243f8}" />
      </MissingDependency>
      <MissingDependency>
        <Required type="2" schemaName="ovs_name_fr" displayName="Operating Name (French)" parentSchemaName="account" parentDisplayName="Account" solution="Active" />
        <Dependent type="60" displayName="CID Portal - Company Form" parentDisplayName="Account" id="{5e57be58-5702-432c-8aaa-fe91edeb212f}" />
      </MissingDependency>
      <MissingDependency>
        <Required type="20" displayName="CID User" solution="Active" id="{6b799c8f-dd4f-ed11-bba3-0022483d0343}" />
        <Dependent type="60" displayName="CID - Site" parentDisplayName="Account" id="{0e37df7d-990c-45f9-b2a7-3bc3b15d6973}" />
      </MissingDependency>
      <MissingDependency>
        <Required type="20" displayName="CID User" solution="Active" id="{6b799c8f-dd4f-ed11-bba3-0022483d0343}" />
        <Dependent type="60" displayName="CID Portal - Company Form" parentDisplayName="Account" id="{5e57be58-5702-432c-8aaa-fe91edeb212f}" />
      </MissingDependency>
      <MissingDependency>
        <Required type="26" schemaName="CID Portal - ERAPs" displayName="CID Portal - ERAPs" parentSchemaName="cid_companyerap" parentDisplayName="Company ERAP" solution="Active" id="{07e9d230-d87b-ec11-8d20-000d3aff1221}" />
        <Dependent type="60" displayName="CID Portal - Company Registration Wizard" parentDisplayName="Account" id="{159567aa-2711-4302-a007-da552af243f8}" />
      </MissingDependency>
      <MissingDependency>
        <Required type="26" schemaName="Active Company ERAPS" displayName="Active Company ERAPS" parentSchemaName="cid_companyerap" parentDisplayName="Company ERAP" solution="Active" id="{0b1fac9a-90c7-4940-a4eb-1adb97736af1}" />
        <Dependent type="60" displayName="CID Portal - Company Registration Wizard" parentDisplayName="Account" id="{159567aa-2711-4302-a007-da552af243f8}" />
      </MissingDependency>
      <MissingDependency>
        <Required type="26" schemaName="Active Company NAICS Code - Portal" displayName="Active Company NAICS Code - Portal" parentSchemaName="cid_companynaicscode" parentDisplayName="Company NAICS Code" solution="Active" id="{21614059-fb22-ec11-b6e6-0022483cb5c7}" />
        <Dependent type="60" displayName="CID Portal - Company Form" parentDisplayName="Account" id="{5e57be58-5702-432c-8aaa-fe91edeb212f}" />
      </MissingDependency>
      <MissingDependency>
        <Required type="26" schemaName="CID Portal - NAICS Codes" displayName="CID Portal - NAICS Codes" parentSchemaName="cid_companynaicscode" parentDisplayName="Company NAICS Code" solution="Active" id="{51a1c9ee-db7b-ec11-8d20-000d3aff1221}" />
        <Dependent type="60" displayName="CID Portal - Company Registration Wizard" parentDisplayName="Account" id="{159567aa-2711-4302-a007-da552af243f8}" />
      </MissingDependency>
      <MissingDependency>
        <Required type="26" schemaName="CID Not Claim Sites" displayName="CID Not Claim Sites" parentSchemaName="account" parentDisplayName="Account" solution="Active" id="{6e812d65-8725-ec11-b6e6-0022483cb5cd}" />
        <Dependent type="60" displayName="CID Portal - Company Form" parentDisplayName="Account" id="{5e57be58-5702-432c-8aaa-fe91edeb212f}" />
      </MissingDependency>
      <MissingDependency>
        <Required type="26" schemaName="CID - Activity Review Logs" displayName="CID - Activity Review Logs" parentSchemaName="cid_activityreviewlog" parentDisplayName="Activity Review Log" solution="Active" id="{7af678a7-144b-ed11-bba2-0022483d0343}" />
        <Dependent type="60" displayName="CID - Site" parentDisplayName="Account" id="{0e37df7d-990c-45f9-b2a7-3bc3b15d6973}" />
      </MissingDependency>
      <MissingDependency>
        <Required type="26" schemaName="CID Portal - Contacts" displayName="CID Portal - Contacts" parentSchemaName="contact" parentDisplayName="Contact" solution="Active" id="{9f4e737c-b54b-ec11-8f8e-000d3ae9a753}" />
        <Dependent type="60" displayName="CID Portal - Company Registration Wizard" parentDisplayName="Account" id="{159567aa-2711-4302-a007-da552af243f8}" />
      </MissingDependency>
      <MissingDependency>
        <Required type="26" schemaName="CID Portal - Contacts" displayName="CID Portal - Contacts" parentSchemaName="contact" parentDisplayName="Contact" solution="Active" id="{9f4e737c-b54b-ec11-8f8e-000d3ae9a753}" />
        <Dependent type="60" displayName="CID Portal - Company Form" parentDisplayName="Account" id="{5e57be58-5702-432c-8aaa-fe91edeb212f}" />
      </MissingDependency>
      <MissingDependency>
        <Required type="26" schemaName="CID Portal - Portal Created Contacts" displayName="CID Portal - Portal Created Contacts" parentSchemaName="contact" parentDisplayName="Contact" solution="Active" id="{b06483c1-463f-ed11-bba2-0022483d0343}" />
        <Dependent type="60" displayName="CID Portal - Company Registration Wizard" parentDisplayName="Account" id="{159567aa-2711-4302-a007-da552af243f8}" />
      </MissingDependency>
      <MissingDependency>
        <Required type="26" schemaName="CID Portal - Portal Created Contacts" displayName="CID Portal - Portal Created Contacts" parentSchemaName="contact" parentDisplayName="Contact" solution="Active" id="{b06483c1-463f-ed11-bba2-0022483d0343}" />
        <Dependent type="60" displayName="CID Portal - Company Form" parentDisplayName="Account" id="{5e57be58-5702-432c-8aaa-fe91edeb212f}" />
      </MissingDependency>
      <MissingDependency>
        <Required type="26" schemaName="My Open Activity Review Logs" displayName="My Open Activity Review Logs" parentSchemaName="cid_activityreviewlog" parentDisplayName="Activity Review Log" solution="Active" id="{cb9a3729-169a-4e7f-af7e-eb510b0ebebd}" />
        <Dependent type="60" displayName="CID - Site" parentDisplayName="Account" id="{0e37df7d-990c-45f9-b2a7-3bc3b15d6973}" />
      </MissingDependency>
      <MissingDependency>
        <Required type="26" schemaName="Active Company NAICS Code" displayName="Active Company NAICS Code" parentSchemaName="cid_companynaicscode" parentDisplayName="Company NAICS Code" solution="Active" id="{d7d195c7-bf49-45a0-8cfe-53c64d587adf}" />
        <Dependent type="60" displayName="CID Portal - Company Registration Wizard" parentDisplayName="Account" id="{159567aa-2711-4302-a007-da552af243f8}" />
      </MissingDependency>
      <MissingDependency>
        <Required type="26" schemaName="Active Company NAICS Code" displayName="Active Company NAICS Code" parentSchemaName="cid_companynaicscode" parentDisplayName="Company NAICS Code" solution="Active" id="{d7d195c7-bf49-45a0-8cfe-53c64d587adf}" />
        <Dependent type="60" displayName="CID Portal - Company Form" parentDisplayName="Account" id="{5e57be58-5702-432c-8aaa-fe91edeb212f}" />
      </MissingDependency>
      <MissingDependency>
        <Required type="61" schemaName="AppCommon/Account/Account_main_system_library.js" displayName="AppCommon/Account/Account_main_system_library.js" solution="msdynce_AppCommon (9.0.4.0066)">
          <package>msdynce_AppCommonAnchor (9.0.22101.10001)</package>
        </Required>
        <Dependent type="60" displayName="CID Portal - Company Registration Wizard" parentDisplayName="Account" id="{159567aa-2711-4302-a007-da552af243f8}" />
      </MissingDependency>
      <MissingDependency>
        <Required type="61" schemaName="AppCommon/Account/Account_main_system_library.js" displayName="AppCommon/Account/Account_main_system_library.js" solution="msdynce_AppCommon (9.0.4.0066)">
          <package>msdynce_AppCommonAnchor (9.0.22101.10001)</package>
        </Required>
        <Dependent type="60" displayName="CID Portal - Company Form" parentDisplayName="Account" id="{5e57be58-5702-432c-8aaa-fe91edeb212f}" />
      </MissingDependency>
      <MissingDependency>
        <Required type="61" schemaName="cid_account.js" displayName="cid_account.js" solution="Active" />
        <Dependent type="60" displayName="CID - Site" parentDisplayName="Account" id="{0e37df7d-990c-45f9-b2a7-3bc3b15d6973}" />
      </MissingDependency>
      <MissingDependency>
        <Required type="61" schemaName="cid_account.js" displayName="cid_account.js" solution="Active" />
        <Dependent type="60" displayName="CID Portal - Company Form" parentDisplayName="Account" id="{5e57be58-5702-432c-8aaa-fe91edeb212f}" />
      </MissingDependency>
      <MissingDependency>
        <Required type="61" schemaName="cid_AddressComplete.htm" displayName="cid_AddressComplete.htm" solution="Active" />
        <Dependent type="60" displayName="CID Portal - Company Registration Wizard" parentDisplayName="Account" id="{159567aa-2711-4302-a007-da552af243f8}" />
      </MissingDependency>
      <MissingDependency>
        <Required type="61" schemaName="cid_AddressComplete.htm" displayName="cid_AddressComplete.htm" solution="Active" />
        <Dependent type="60" displayName="CID Portal - Company Form" parentDisplayName="Account" id="{5e57be58-5702-432c-8aaa-fe91edeb212f}" />
      </MissingDependency>
      <MissingDependency>
        <Required type="61" schemaName="msdyn_/Account/Account.Library.js" displayName="msdyn_/Account/Account.Library.js" solution="FieldService (8.8.0.88)">
          <package>FieldService_Anchor (8.8.76.55)</package>
        </Required>
        <Dependent type="60" displayName="CID Portal - Company Registration Wizard" parentDisplayName="Account" id="{159567aa-2711-4302-a007-da552af243f8}" />
      </MissingDependency>
      <MissingDependency>
        <Required type="61" schemaName="msdyn_/Account/Account.Library.js" displayName="msdyn_/Account/Account.Library.js" solution="FieldService (8.8.0.88)">
          <package>FieldService_Anchor (8.8.76.55)</package>
        </Required>
        <Dependent type="60" displayName="CID Portal - Company Form" parentDisplayName="Account" id="{5e57be58-5702-432c-8aaa-fe91edeb212f}" />
      </MissingDependency>
      <MissingDependency>
        <Required type="61" schemaName="msdyn_/Account/AssetCommon.Account.Library.js" displayName="msdyn_/Account/AssetCommon.Account.Library.js" solution="msdyn_AssetCommon (1.0.28.3)">
          <package>FieldService_Anchor (8.8.76.55)</package>
          <package>msdynce_ServiceAnchor (9.0.22101.1009)</package>
        </Required>
        <Dependent type="60" displayName="CID Portal - Company Registration Wizard" parentDisplayName="Account" id="{159567aa-2711-4302-a007-da552af243f8}" />
      </MissingDependency>
      <MissingDependency>
        <Required type="61" schemaName="msdyn_/Utils/FieldServiceTrial.js" displayName="msdyn_/Utils/FieldServiceTrial.js" solution="FieldService (8.8.0.88)">
          <package>FieldService_Anchor (8.8.76.55)</package>
        </Required>
        <Dependent type="60" displayName="CID Portal - Company Registration Wizard" parentDisplayName="Account" id="{159567aa-2711-4302-a007-da552af243f8}" />
      </MissingDependency>
      <MissingDependency>
        <Required type="61" schemaName="msdyn_/Utils/FieldServiceTrial.js" displayName="msdyn_/Utils/FieldServiceTrial.js" solution="FieldService (8.8.0.88)">
          <package>FieldService_Anchor (8.8.76.55)</package>
        </Required>
        <Dependent type="60" displayName="CID Portal - Company Form" parentDisplayName="Account" id="{5e57be58-5702-432c-8aaa-fe91edeb212f}" />
      </MissingDependency>
      <MissingDependency>
        <Required type="61" schemaName="qm_AccountTDG_main.js" displayName="qm_AccountTDG_main.js" solution="Active" />
        <Dependent type="60" displayName="CID Portal - Company Form" parentDisplayName="Account" id="{5e57be58-5702-432c-8aaa-fe91edeb212f}" />
      </MissingDependency>
      <MissingDependency>
        <Required type="61" schemaName="qm_globalHelper.js" displayName="qm_globalHelper.js" solution="Active" />
        <Dependent type="60" displayName="CID Portal - Company Form" parentDisplayName="Account" id="{5e57be58-5702-432c-8aaa-fe91edeb212f}" />
      </MissingDependency>
      <MissingDependency>
        <Required type="61" schemaName="Sales/ClientCommon/Sales_ClientCommon.js" displayName="Sales/ClientCommon/Sales_ClientCommon.js" solution="msdynce_Sales (9.0.4.0076)">
          <package>msdynce_SalesAnchor (9.0.22101.10001)</package>
        </Required>
        <Dependent type="60" displayName="CID - Site" parentDisplayName="Account" id="{0e37df7d-990c-45f9-b2a7-3bc3b15d6973}" />
      </MissingDependency>
      <MissingDependency>
        <Required type="61" schemaName="Sales/ClientCommon/Sales_ClientCommon.js" displayName="Sales/ClientCommon/Sales_ClientCommon.js" solution="msdynce_Sales (9.0.4.0076)">
          <package>msdynce_SalesAnchor (9.0.22101.10001)</package>
        </Required>
        <Dependent type="60" displayName="CID Portal - Company Registration Wizard" parentDisplayName="Account" id="{159567aa-2711-4302-a007-da552af243f8}" />
      </MissingDependency>
      <MissingDependency>
        <Required type="66" schemaName="msdyn_MscrmControls.TreeView.TreeViewControl" displayName="msdyn_MscrmControls.TreeView.TreeViewControl" solution="msdyn_AssetCommon (1.0.28.3)">
          <package>FieldService_Anchor (8.8.76.55)</package>
          <package>msdynce_ServiceAnchor (9.0.22101.1009)</package>
        </Required>
        <Dependent type="60" displayName="CID Portal - Company Form" parentDisplayName="Account" id="{5e57be58-5702-432c-8aaa-fe91edeb212f}" />
      </MissingDependency>
    </MissingDependencies>
  </SolutionManifest>
</ImportExportXml>