{"properties":{"connectionReferences":{"shared_commondataservice":{"runtimeSource":"embedded","connection":{"connectionReferenceLogicalName":"ovs_sharedcommondataservice_09099"},"api":{"name":"shared_commondataservice"}},"shared_commondataserviceforapps_1":{"runtimeSource":"embedded","connection":{"connectionReferenceLogicalName":"ovs_sharedcommondataserviceforapps_463ed"},"api":{"name":"shared_commondataserviceforapps"}},"shared_commondataserviceforapps":{"runtimeSource":"embedded","connection":{"connectionReferenceLogicalName":"ovs_sharedcommondataserviceforapps_463ed"},"api":{"name":"shared_commondataserviceforapps"}},"shared_wordonlinebusiness_1":{"runtimeSource":"embedded","connection":{"connectionReferenceLogicalName":"ovs_sharedwordonlinebusiness_93332"},"api":{"name":"shared_wordonlinebusiness"}},"shared_commondataservice_1":{"runtimeSource":"embedded","connection":{"connectionReferenceLogicalName":"ovs_sharedcommondataservice_09099"},"api":{"name":"shared_commondataservice"}},"shared_sharepointonline_1":{"runtimeSource":"embedded","connection":{"connectionReferenceLogicalName":"ovs_sharedsharepointonline_06687"},"api":{"name":"shared_sharepointonline"}}},"definition":{"$schema":"https://schema.management.azure.com/providers/Microsoft.Logic/schemas/2016-06-01/workflowdefinition.json#","contentVersion":"1.0.0.0","parameters":{"$connections":{"defaultValue":{},"type":"Object"},"$authentication":{"defaultValue":{},"type":"SecureObject"}},"triggers":{"manual":{"splitOn":"@triggerBody()['rows']","type":"Request","kind":"ApiConnection","inputs":{"schema":{"type":"object","properties":{"rows":{"type":"array","items":{"type":"object","properties":{"boolean":{"title":"Email Language. Turn on for French","type":"boolean","x-ms-dynamically-added":true,"description":" Turn on for French","x-ms-content-hint":"BOOLEAN"},"date":{"title":"Report date","type":"string","format":"date","x-ms-dynamically-added":true,"description":"Please enter or select a date (YYYY-MM-DD)","x-ms-content-hint":"DATE"},"number":{"title":"Number of calendar days","type":"number","x-ms-dynamically-added":true,"description":"Please enter a number","x-ms-content-hint":"NUMBER"},"entity":{"type":"object","properties":{"_msdyn_serviceaccount_value":{"title":"Site","type":"string","format":"guid"},"_ovs_primaryinspector_value":{"title":"Inspecteur principal","type":"string","format":"guid"},"msdyn_workorderid":{"title":"Numéro d'ordre de travail","type":"string","format":"guid"},"_qm_reportcontactid_value":{"title":"Report Contact","type":"string","format":"guid"}},"required":["_msdyn_serviceaccount_value","_ovs_primaryinspector_value","msdyn_workorderid","_qm_reportcontactid_value"]}},"required":["boolean","date","number","entity"]}}},"required":["rows"]},"host":{"connection":{"name":"@parameters('$connections')['shared_commondataservice']['connectionId']"}},"operationId":"GetOnNewItems_V2","parameters":{"dataset":"default.cds","table":"msdyn_workorders"},"headersSchema":{"x-ms-user-name-encoded":{"title":"User name","type":"string","format":"byte","x-ms-dynamically-added":false}}}}},"actions":{"Get_Site_and_Primary_Contact":{"runAfter":{"Clean_WO_guid":["Succeeded"]},"type":"OpenApiConnection","inputs":{"host":{"connectionName":"shared_commondataserviceforapps_1","operationId":"GetItem","apiId":"/providers/Microsoft.PowerApps/apis/shared_commondataserviceforapps"},"parameters":{"entityName":"accounts","recordId":"@triggerBody()?['entity']?['_msdyn_serviceaccount_value']","$select":"name,emailaddress1,accountid,address1_composite","$expand":"primarycontactid($select=jobtitle,fullname,emailaddress1,telephone1)"},"authentication":{"type":"Raw","value":"@json(decodeBase64(triggerOutputs().headers['X-MS-APIM-Tokens']))['$ConnectionKey']"}}},"Get_Primary_Inspector":{"runAfter":{"Get_Report_Contact":["Succeeded"]},"type":"OpenApiConnection","inputs":{"host":{"connectionName":"shared_commondataserviceforapps_1","operationId":"GetItem","apiId":"/providers/Microsoft.PowerApps/apis/shared_commondataserviceforapps"},"parameters":{"entityName":"bookableresources","recordId":"@triggerBody()?['entity']?['_ovs_primaryinspector_value']","$select":"name,msdyn_primaryemail,bookableresourceid,ovs_badgenumber,ovs_registeredinspectornumberrin","$expand":"UserId($select=lastname,firstname,systemuserid,fullname)"},"authentication":{"type":"Raw","value":"@json(decodeBase64(triggerOutputs().headers['X-MS-APIM-Tokens']))['$ConnectionKey']"}}},"Get_The_Single_Booking":{"runAfter":{"Violations":["Succeeded"]},"type":"OpenApiConnection","inputs":{"host":{"connectionName":"shared_commondataserviceforapps_1","operationId":"ListRecords","apiId":"/providers/Microsoft.PowerApps/apis/shared_commondataserviceforapps"},"parameters":{"entityName":"bookableresourcebookings","$select":"starttime","$filter":"(_msdyn_workorder_value eq @{triggerBody()?['entity']?['msdyn_workorderid']})","$orderby":"starttime desc","$top":1},"authentication":{"type":"Raw","value":"@json(decodeBase64(triggerOutputs().headers['X-MS-APIM-Tokens']))['$ConnectionKey']"}}},"Is_Secondary_Inspector":{"actions":{"Language_Selection":{"actions":{"Create_email_French":{"runAfter":{},"type":"OpenApiConnection","inputs":{"host":{"connectionName":"shared_commondataserviceforapps_1","operationId":"CreateRecord","apiId":"/providers/Microsoft.PowerApps/apis/shared_commondataserviceforapps"},"parameters":{"entityName":"emails","item/activitypointer_activity_parties":[{"participationtypemask":1,"partyid@odata.bind":"/systemusers(@{variables('crmuserId')})"},{"participationtypemask":2,"partyid@odata.bind":"/accounts(@{outputs('Get_Site_and_Primary_Contact')?['body/accountid']})"},{"participationtypemask":3,"partyid@odata.bind":"/systemusers(@{outputs('Get_Primary_Inspector')?['body/userid/systemuserid']})"}],"item/description":"<p>Bonjour,</p>\n<p>Veuillez trouver ci-joint une copie du rapport d’inspection relatif à une inspection qui a eu lieu le @{variables('bookingStartTime')} par l'Inspecteur TMD @{outputs('Get_Primary_Inspector')?['body/userid/lastname']}. Le rapport détaille les observations faites lors de l'inspection et comprend toutes les mesures qui doivent être prises par @{outputs('Get_Site_and_Primary_Contact')?['body/name']}.</p>\n<p>Si vous avez des questions ou des préoccupations, veuillez contacter l'Inspecteur @{outputs('Get_Primary_Inspector')?['body/userid/lastname']} aux coordonnées ci-dessous.</p>\n</br>\nCordialement,","item/regardingobjectid_msdyn_workorder_email@odata.bind":"/msdyn_workorders(@{triggerBody()?['entity']?['msdyn_workorderid']})","item/subject":"Rapport d'inspection"},"authentication":{"type":"Raw","value":"@json(decodeBase64(triggerOutputs().headers['X-MS-APIM-Tokens']))['$ConnectionKey']"}}},"Update_an_existing_row_No-SI_FR":{"runAfter":{"Convert_Word_Document_to_PDF_No_SI_FR":["Succeeded"]},"type":"OpenApiConnection","inputs":{"host":{"connectionName":"shared_commondataserviceforapps","operationId":"UpdateRecord","apiId":"/providers/Microsoft.PowerApps/apis/shared_commondataserviceforapps"},"parameters":{"entityName":"activitymimeattachments","recordId":"@outputs('Create_activity_attachment_No-SI_FR')?['body/activitymimeattachmentid']","item/body":"@base64(outputs('Convert_Word_Document_to_PDF_No_SI_FR')?['body'])","item/filename":"@{outputs('Get_Site_and_Primary_Contact')?['body/name']}_@{variables('bookingStartTime')}_ReportDate_@{triggerBody()['date']}.pdf","item/mimetype":"application/pdf","item/subject":"Rapport d'inspection"},"authentication":{"type":"Raw","value":"@json(decodeBase64(triggerOutputs().headers['X-MS-APIM-Tokens']))['$ConnectionKey']"}}},"Convert_Word_Document_to_PDF_No_SI_FR":{"runAfter":{"Create_activity_attachment_No-SI_FR":["Succeeded"]},"type":"OpenApiConnection","inputs":{"host":{"connectionName":"shared_wordonlinebusiness_1","operationId":"GetFilePDF","apiId":"/providers/Microsoft.PowerApps/apis/shared_wordonlinebusiness"},"parameters":{"source":"sites/034gc.sharepoint.com,140da73b-4423-4443-a812-e623d6d857c4,f2a2589e-2eec-4642-9280-443640f88211","drive":"b!O6cNFCNEQ0SoEuYj1thXxJ5YovLsLkJGkoBENkD4ghHOwr7dpePzS7BlI7DR0NOV","file":"/Reports@{variables('SPfolderPath')}/@{variables('fileNameSP')}"},"authentication":{"type":"Raw","value":"@json(decodeBase64(triggerOutputs().headers['X-MS-APIM-Tokens']))['$ConnectionKey']"}}},"Create_activity_attachment_No-SI_FR":{"runAfter":{"Is_Violations_Found":["Succeeded"]},"type":"OpenApiConnection","inputs":{"host":{"connectionName":"shared_commondataservice_1","operationId":"PostItem_V2","apiId":"/providers/Microsoft.PowerApps/apis/shared_commondataservice"},"parameters":{"dataset":"default.cds","table":"activitymimeattachments","item/_attachmentid_value":"@null","item/objecttypecode":"email","item/_objectid_value":"@outputs('Create_email_French')?['body/activityid']","item/_objectid_type":"emails"},"authentication":{"type":"Raw","value":"@json(decodeBase64(triggerOutputs().headers['X-MS-APIM-Tokens']))['$ConnectionKey']"}}},"Is_Violations_Found":{"actions":{"Word_template_No_Secondary_Inspector_FR":{"runAfter":{},"metadata":{"01QZYBJ7GRWYXCX6VW4NFISRDG7YVKCO3G":"/Inspection Report Templates/Inspection report with violations.docx","01QZYBJ7EESZCKK4JMBJHKBW2PFPWQUUCO":"/Inspection Report Templates/Inspection report with violations.docx","01QZYBJ7AO6FWPAJESYFBYKY6DZQXS6KS4":"/Inspection Report Templates/Inspection report with violations.docx","01QZYBJ7AWMVUCM5557BHISBPY4UWDU2JF":"/Inspection Report Templates/Inspection report with violations FR.docx","01QZYBJ7ANRPPPULGHHZHIFUZGW3X4R3VT":"/Inspection Report Templates/Inspection report with violations FR.docx","01QZYBJ7HNIHI2WWAEBJAIU4ODWCXEVKO2":"/Inspection Report Templates/Inspection report with violations FR.docx"},"type":"OpenApiConnection","inputs":{"host":{"connectionName":"shared_wordonlinebusiness_1","operationId":"CreateFileItem","apiId":"/providers/Microsoft.PowerApps/apis/shared_wordonlinebusiness"},"parameters":{"source":"sites/034gc.sharepoint.com,140da73b-4423-4443-a812-e623d6d857c4,f2a2589e-2eec-4642-9280-443640f88211","drive":"b!O6cNFCNEQ0SoEuYj1thXxJ5YovLsLkJGkoBENkD4ghHOwr7dpePzS7BlI7DR0NOV","file":"01QZYBJ7HNIHI2WWAEBJAIU4ODWCXEVKO2","dynamicFileSchema/53198888":"@outputs('Get_Primary_Inspector')?['body/ovs_badgenumber']","dynamicFileSchema/72472949":"N/A","dynamicFileSchema/141635726":"@variables('bookingStartTime')","dynamicFileSchema/225729546":"@outputs('Get_Report_Contact')?['body/fullname']","dynamicFileSchema/292640621":"@outputs('Get_Site_and_Primary_Contact')?['body/address1_composite']","dynamicFileSchema/323562900":"@variables('bookingStartTime')","dynamicFileSchema/423229222":"@outputs('Get_Site_and_Primary_Contact')?['body/name']","dynamicFileSchema/545414885":"@outputs('Get_Report_Contact')?['body/fullname']","dynamicFileSchema/582654736":"N/A","dynamicFileSchema/1154881963":"@outputs('Get_Primary_Inspector')?['body/name']","dynamicFileSchema/1181557033":"@outputs('Get_Site_and_Primary_Contact')?['body/address1_composite']","dynamicFileSchema/1246770101":"@triggerBody()?['number']","dynamicFileSchema/1286003376":"@outputs('Get_Report_Contact')?['body/telephone1']","dynamicFileSchema/1574934516":"@outputs('Get_Site_and_Primary_Contact')?['body/name']","dynamicFileSchema/1625346091":"@outputs('Get_Site_and_Primary_Contact')?['body/name']","dynamicFileSchema/1630673486":"@outputs('Get_Report_Contact')?['body/jobtitle']","dynamicFileSchema/1970781344":"N/A","dynamicFileSchema/2108610231":"@variables('bookingStartTime')","dynamicFileSchema/2139766460":"@outputs('Get_Report_Contact')?['body/jobtitle']","dynamicFileSchema/-210270181":"@outputs('Get_a_WO._All_fields')?['body/msdyn_name']","dynamicFileSchema/-644197997":"@outputs('Get_Report_Contact')?['body/emailaddress1']","dynamicFileSchema/-1877233892":"@outputs('Get_Report_Contact')?['body/fullname']","dynamicFileSchema/-1026567373":"@variables('violations')","dynamicFileSchema/-1078213356":"@outputs('Get_Site_and_Primary_Contact')?['body/name']","dynamicFileSchema/-1909918164":"@outputs('Get_Primary_Inspector')?['body/name']","dynamicFileSchema/-1738932673":"@outputs('Get_Primary_Inspector')?['body/ovs_registeredinspectornumberrin']"},"authentication":{"type":"Raw","value":"@json(decodeBase64(triggerOutputs().headers['X-MS-APIM-Tokens']))['$ConnectionKey']"}}},"Create_file_No_SI_FR":{"runAfter":{"Word_template_No_Secondary_Inspector_FR":["Succeeded"]},"type":"OpenApiConnection","inputs":{"host":{"connectionName":"shared_sharepointonline_1","operationId":"CreateFile","apiId":"/providers/Microsoft.PowerApps/apis/shared_sharepointonline"},"parameters":{"dataset":"https://034gc.sharepoint.com/sites/SamuraiTeam","folderPath":"@outputs('Create_new_folder__in_SharePoint')?['body/{FullPath}']","name":"@variables('fileNameSP')","body":"@outputs('Word_template_No_Secondary_Inspector_FR')?['body']"},"authentication":{"type":"Raw","value":"@json(decodeBase64(triggerOutputs().headers['X-MS-APIM-Tokens']))['$ConnectionKey']"}},"runtimeConfiguration":{"contentTransfer":{"transferMode":"Chunked"}}}},"runAfter":{"Create_email_French":["Succeeded"]},"else":{"actions":{"Word_template_No_Violations_No_Secondary_Inspector_FR":{"runAfter":{},"metadata":{"01QZYBJ7GRWYXCX6VW4NFISRDG7YVKCO3G":"/Inspection Report Templates/Inspection report with violations.docx","01QZYBJ7EESZCKK4JMBJHKBW2PFPWQUUCO":"/Inspection Report Templates/Inspection report with violations.docx","01QZYBJ7AO6FWPAJESYFBYKY6DZQXS6KS4":"/Inspection Report Templates/Inspection report with violations.docx","01QZYBJ7AWMVUCM5557BHISBPY4UWDU2JF":"/Inspection Report Templates/Inspection report with violations FR.docx","01QZYBJ7ANRPPPULGHHZHIFUZGW3X4R3VT":"/Inspection Report Templates/Inspection report with violations FR.docx","01QZYBJ7HNIHI2WWAEBJAIU4ODWCXEVKO2":"/Inspection Report Templates/Inspection report with violations FR.docx","01QZYBJ7CJHWWTWEJUSVAKN77IU7RNJ2WA":"/Inspection Report Templates/Inspection report without violations FR.docx"},"type":"OpenApiConnection","inputs":{"host":{"connectionName":"shared_wordonlinebusiness_1","operationId":"CreateFileItem","apiId":"/providers/Microsoft.PowerApps/apis/shared_wordonlinebusiness"},"parameters":{"source":"sites/034gc.sharepoint.com,140da73b-4423-4443-a812-e623d6d857c4,f2a2589e-2eec-4642-9280-443640f88211","drive":"b!O6cNFCNEQ0SoEuYj1thXxJ5YovLsLkJGkoBENkD4ghHOwr7dpePzS7BlI7DR0NOV","file":"01QZYBJ7CJHWWTWEJUSVAKN77IU7RNJ2WA","dynamicFileSchema/53198888":"@outputs('Get_Primary_Inspector')?['body/ovs_badgenumber']","dynamicFileSchema/72472949":"N/A","dynamicFileSchema/141635726":"@variables('bookingStartTime')","dynamicFileSchema/225729546":"@outputs('Get_Report_Contact')?['body/fullname']","dynamicFileSchema/292640621":"@outputs('Get_Site_and_Primary_Contact')?['body/address1_composite']","dynamicFileSchema/423229222":"@outputs('Get_Site_and_Primary_Contact')?['body/name']","dynamicFileSchema/545414885":"@outputs('Get_Report_Contact')?['body/fullname']","dynamicFileSchema/582654736":"N/A","dynamicFileSchema/1154881963":"@outputs('Get_Primary_Inspector')?['body/name']","dynamicFileSchema/1181557033":"@outputs('Get_Site_and_Primary_Contact')?['body/address1_composite']","dynamicFileSchema/1286003376":"@outputs('Get_Report_Contact')?['body/telephone1']","dynamicFileSchema/1574934516":"@outputs('Get_Site_and_Primary_Contact')?['body/name']","dynamicFileSchema/1625346091":"@outputs('Get_Site_and_Primary_Contact')?['body/name']","dynamicFileSchema/1630673486":"@outputs('Get_Report_Contact')?['body/jobtitle']","dynamicFileSchema/1970781344":"N/A","dynamicFileSchema/2108610231":"@variables('bookingStartTime')","dynamicFileSchema/2139766460":"@outputs('Get_Report_Contact')?['body/jobtitle']","dynamicFileSchema/-210270181":"@outputs('Get_a_WO._All_fields')?['body/msdyn_name']","dynamicFileSchema/-644197997":"@outputs('Get_Report_Contact')?['body/emailaddress1']","dynamicFileSchema/-1909918164":"@outputs('Get_Primary_Inspector')?['body/name']","dynamicFileSchema/-1738932673":"@outputs('Get_Primary_Inspector')?['body/ovs_registeredinspectornumberrin']"},"authentication":{"type":"Raw","value":"@json(decodeBase64(triggerOutputs().headers['X-MS-APIM-Tokens']))['$ConnectionKey']"}}},"Create_file_No_Violation_No_SI_FR":{"runAfter":{"Word_template_No_Violations_No_Secondary_Inspector_FR":["Succeeded"]},"type":"OpenApiConnection","inputs":{"host":{"connectionName":"shared_sharepointonline_1","operationId":"CreateFile","apiId":"/providers/Microsoft.PowerApps/apis/shared_sharepointonline"},"parameters":{"dataset":"https://034gc.sharepoint.com/sites/SamuraiTeam","folderPath":"@outputs('Create_new_folder__in_SharePoint')?['body/{FullPath}']","name":"@variables('fileNameSP')","body":"@outputs('Word_template_No_Violations_No_Secondary_Inspector_FR')?['body']"},"authentication":{"type":"Raw","value":"@json(decodeBase64(triggerOutputs().headers['X-MS-APIM-Tokens']))['$ConnectionKey']"}},"runtimeConfiguration":{"contentTransfer":{"transferMode":"Chunked"}}}}},"expression":{"equals":["@variables('isViolations')","@true"]},"type":"If"}},"runAfter":{},"else":{"actions":{"Create_email_English":{"runAfter":{},"type":"OpenApiConnection","inputs":{"host":{"connectionName":"shared_commondataserviceforapps_1","operationId":"CreateRecord","apiId":"/providers/Microsoft.PowerApps/apis/shared_commondataserviceforapps"},"parameters":{"entityName":"emails","item/activitypointer_activity_parties":[{"participationtypemask":1,"partyid@odata.bind":"/systemusers(@{variables('crmuserId')})"},{"participationtypemask":2,"partyid@odata.bind":"/accounts(@{outputs('Get_Site_and_Primary_Contact')?['body/accountid']})"},{"participationtypemask":3,"partyid@odata.bind":"/systemusers(@{outputs('Get_Primary_Inspector')?['body/userid/systemuserid']})"}],"item/description":"<p>Good day, </p>\n<p>Please find attached a copy of the report resulting from an inspection that took place on @{variables('bookingStartTime')} by TDG Inspector @{outputs('Get_Primary_Inspector')?['body/userid/lastname']}. The report details the findings of the inspection and includes any necessary actions that need to be taken by @{outputs('Get_Site_and_Primary_Contact')?['body/name']}.</p>\n<p> Should you have any questions or concerns, please contact Inspector  @{outputs('Get_Primary_Inspector')?['body/userid/lastname']} at the information found below.</p>\n\n</br>\nRegards,","item/regardingobjectid_msdyn_workorder_email@odata.bind":"/msdyn_workorders(@{triggerBody()?['entity']?['msdyn_workorderid']})","item/subject":"Inspection Report "},"authentication":{"type":"Raw","value":"@json(decodeBase64(triggerOutputs().headers['X-MS-APIM-Tokens']))['$ConnectionKey']"}}},"Create_activity_attachment_No-SI_EN":{"runAfter":{"Is_Violations_Found_2":["Succeeded"]},"type":"OpenApiConnection","inputs":{"host":{"connectionName":"shared_commondataservice_1","operationId":"PostItem_V2","apiId":"/providers/Microsoft.PowerApps/apis/shared_commondataservice"},"parameters":{"dataset":"default.cds","table":"activitymimeattachments","item/_attachmentid_value":"@null","item/objecttypecode":"email","item/_objectid_value":"@outputs('Create_email_English')?['body/activityid']","item/_objectid_type":"emails"},"authentication":{"type":"Raw","value":"@json(decodeBase64(triggerOutputs().headers['X-MS-APIM-Tokens']))['$ConnectionKey']"}}},"Update_an_existing_row_No-SI_EN":{"runAfter":{"Convert_Word_Document_to_PDF_No_SI_EN":["Succeeded"]},"type":"OpenApiConnection","inputs":{"host":{"connectionName":"shared_commondataserviceforapps","operationId":"UpdateRecord","apiId":"/providers/Microsoft.PowerApps/apis/shared_commondataserviceforapps"},"parameters":{"entityName":"activitymimeattachments","recordId":"@outputs('Create_activity_attachment_No-SI_EN')?['body/activitymimeattachmentid']","item/body":"@base64(outputs('Convert_Word_Document_to_PDF_No_SI_EN')?['body'])","item/filename":"@{outputs('Get_Site_and_Primary_Contact')?['body/name']}_@{variables('bookingStartTime')}_ReportDate_@{triggerBody()['date']}.pdf","item/mimetype":"application/pdf","item/subject":"Inspection Repport"},"authentication":{"type":"Raw","value":"@json(decodeBase64(triggerOutputs().headers['X-MS-APIM-Tokens']))['$ConnectionKey']"}}},"Convert_Word_Document_to_PDF_No_SI_EN":{"runAfter":{"Create_activity_attachment_No-SI_EN":["Succeeded"]},"type":"OpenApiConnection","inputs":{"host":{"connectionName":"shared_wordonlinebusiness_1","operationId":"GetFilePDF","apiId":"/providers/Microsoft.PowerApps/apis/shared_wordonlinebusiness"},"parameters":{"source":"sites/034gc.sharepoint.com,140da73b-4423-4443-a812-e623d6d857c4,f2a2589e-2eec-4642-9280-443640f88211","drive":"b!O6cNFCNEQ0SoEuYj1thXxJ5YovLsLkJGkoBENkD4ghHOwr7dpePzS7BlI7DR0NOV","file":"/Reports@{variables('SPfolderPath')}/@{variables('fileNameSP')}"},"authentication":{"type":"Raw","value":"@json(decodeBase64(triggerOutputs().headers['X-MS-APIM-Tokens']))['$ConnectionKey']"}}},"Is_Violations_Found_2":{"actions":{"Word_template_No_Secondary_Inspector_EN":{"runAfter":{},"metadata":{"01QZYBJ7GRWYXCX6VW4NFISRDG7YVKCO3G":"/Inspection Report Templates/Inspection report with violations.docx","01QZYBJ7EESZCKK4JMBJHKBW2PFPWQUUCO":"/Inspection Report Templates/Inspection report with violations.docx","01QZYBJ7AO6FWPAJESYFBYKY6DZQXS6KS4":"/Inspection Report Templates/Inspection report with violations.docx","01QZYBJ7FIN5LSFZ3XJZG2DSJYKHVPJOGA":"/Inspection Report Templates/Inspection report with violations EN.docx","01QZYBJ7FN2VCAIFDZUVEJWXPSFCU7XZED":"/Inspection Report Templates/Inspection report with violations EN.docx","01QZYBJ7DF7A7WEWG6MJH3YH2A5XDTPPLW":"/Inspection Report Templates/Inspection report with violations EN.docx"},"type":"OpenApiConnection","inputs":{"host":{"connectionName":"shared_wordonlinebusiness_1","operationId":"CreateFileItem","apiId":"/providers/Microsoft.PowerApps/apis/shared_wordonlinebusiness"},"parameters":{"source":"sites/034gc.sharepoint.com,140da73b-4423-4443-a812-e623d6d857c4,f2a2589e-2eec-4642-9280-443640f88211","drive":"b!O6cNFCNEQ0SoEuYj1thXxJ5YovLsLkJGkoBENkD4ghHOwr7dpePzS7BlI7DR0NOV","file":"01QZYBJ7DF7A7WEWG6MJH3YH2A5XDTPPLW","dynamicFileSchema/53198888":"@outputs('Get_Primary_Inspector')?['body/ovs_badgenumber']","dynamicFileSchema/72472949":"N/A","dynamicFileSchema/141635726":"@variables('bookingStartTime')","dynamicFileSchema/225729546":"@outputs('Get_Report_Contact')?['body/fullname']","dynamicFileSchema/323562900":"@variables('bookingStartTime')","dynamicFileSchema/423229222":"@outputs('Get_Site_and_Primary_Contact')?['body/name']","dynamicFileSchema/545414885":"@outputs('Get_Report_Contact')?['body/fullname']","dynamicFileSchema/582654736":"N/A","dynamicFileSchema/1154881963":"@outputs('Get_Primary_Inspector')?['body/name']","dynamicFileSchema/1181557033":"@outputs('Get_Site_and_Primary_Contact')?['body/address1_composite']","dynamicFileSchema/1246770101":"@triggerBody()?['number']","dynamicFileSchema/1286003376":"@outputs('Get_Report_Contact')?['body/telephone1']","dynamicFileSchema/1574934516":"@outputs('Get_Site_and_Primary_Contact')?['body/name']","dynamicFileSchema/1630673486":"@outputs('Get_Report_Contact')?['body/jobtitle']","dynamicFileSchema/1970781344":"N/A","dynamicFileSchema/2108610231":"@variables('bookingStartTime')","dynamicFileSchema/2139766460":"@outputs('Get_Report_Contact')?['body/jobtitle']","dynamicFileSchema/-210270181":"@outputs('Get_a_WO._All_fields')?['body/msdyn_name']","dynamicFileSchema/-644197997":"@outputs('Get_Report_Contact')?['body/emailaddress1']","dynamicFileSchema/-415325626":"@outputs('Get_Site_and_Primary_Contact')?['body/name']","dynamicFileSchema/-446547066":"@outputs('Get_Site_and_Primary_Contact')?['body/address1_composite']","dynamicFileSchema/-1877233892":"@outputs('Get_Report_Contact')?['body/fullname']","dynamicFileSchema/-1026567373":"@variables('violations')","dynamicFileSchema/-1078213356":"@outputs('Get_Site_and_Primary_Contact')?['body/name']","dynamicFileSchema/-1909918164":"@outputs('Get_Primary_Inspector')?['body/name']","dynamicFileSchema/-1738932673":"@outputs('Get_Primary_Inspector')?['body/ovs_registeredinspectornumberrin']"},"authentication":{"type":"Raw","value":"@json(decodeBase64(triggerOutputs().headers['X-MS-APIM-Tokens']))['$ConnectionKey']"}}},"Create_file_No_SI_EN":{"runAfter":{"Word_template_No_Secondary_Inspector_EN":["Succeeded"]},"type":"OpenApiConnection","inputs":{"host":{"connectionName":"shared_sharepointonline_1","operationId":"CreateFile","apiId":"/providers/Microsoft.PowerApps/apis/shared_sharepointonline"},"parameters":{"dataset":"https://034gc.sharepoint.com/sites/SamuraiTeam","folderPath":"@outputs('Create_new_folder__in_SharePoint')?['body/{FullPath}']","name":"@variables('fileNameSP')","body":"@outputs('Word_template_No_Secondary_Inspector_EN')?['body']"},"authentication":{"type":"Raw","value":"@json(decodeBase64(triggerOutputs().headers['X-MS-APIM-Tokens']))['$ConnectionKey']"}},"runtimeConfiguration":{"contentTransfer":{"transferMode":"Chunked"}}}},"runAfter":{"Create_email_English":["Succeeded"]},"else":{"actions":{"Word_template_No_Violations_No_Secondary_Inspector_EN":{"runAfter":{},"metadata":{"01QZYBJ7GRWYXCX6VW4NFISRDG7YVKCO3G":"/Inspection Report Templates/Inspection report with violations.docx","01QZYBJ7EESZCKK4JMBJHKBW2PFPWQUUCO":"/Inspection Report Templates/Inspection report with violations.docx","01QZYBJ7AO6FWPAJESYFBYKY6DZQXS6KS4":"/Inspection Report Templates/Inspection report with violations.docx","01QZYBJ7FIN5LSFZ3XJZG2DSJYKHVPJOGA":"/Inspection Report Templates/Inspection report with violations EN.docx","01QZYBJ7FN2VCAIFDZUVEJWXPSFCU7XZED":"/Inspection Report Templates/Inspection report with violations EN.docx","01QZYBJ7DF7A7WEWG6MJH3YH2A5XDTPPLW":"/Inspection Report Templates/Inspection report with violations EN.docx","01QZYBJ7ASBAGEM5CVJVGJ2DVOJNG6TG37":"/Inspection Report Templates/Inspection report without violations EN.docx"},"type":"OpenApiConnection","inputs":{"host":{"connectionName":"shared_wordonlinebusiness_1","operationId":"CreateFileItem","apiId":"/providers/Microsoft.PowerApps/apis/shared_wordonlinebusiness"},"parameters":{"source":"sites/034gc.sharepoint.com,140da73b-4423-4443-a812-e623d6d857c4,f2a2589e-2eec-4642-9280-443640f88211","drive":"b!O6cNFCNEQ0SoEuYj1thXxJ5YovLsLkJGkoBENkD4ghHOwr7dpePzS7BlI7DR0NOV","file":"01QZYBJ7ASBAGEM5CVJVGJ2DVOJNG6TG37","dynamicFileSchema/53198888":"@outputs('Get_Primary_Inspector')?['body/ovs_badgenumber']","dynamicFileSchema/72472949":"N/A","dynamicFileSchema/141635726":"@variables('bookingStartTime')","dynamicFileSchema/225729546":"@outputs('Get_Report_Contact')?['body/fullname']","dynamicFileSchema/423229222":"@outputs('Get_Site_and_Primary_Contact')?['body/name']","dynamicFileSchema/545414885":"@outputs('Get_Report_Contact')?['body/fullname']","dynamicFileSchema/582654736":"N/A","dynamicFileSchema/1154881963":"@outputs('Get_Primary_Inspector')?['body/name']","dynamicFileSchema/1181557033":"@outputs('Get_Site_and_Primary_Contact')?['body/address1_composite']","dynamicFileSchema/1286003376":"@outputs('Get_Report_Contact')?['body/telephone1']","dynamicFileSchema/1574934516":"@outputs('Get_Site_and_Primary_Contact')?['body/name']","dynamicFileSchema/1630673486":"@outputs('Get_Report_Contact')?['body/jobtitle']","dynamicFileSchema/1970781344":"N/A","dynamicFileSchema/2108610231":"@variables('bookingStartTime')","dynamicFileSchema/2139766460":"@outputs('Get_Report_Contact')?['body/jobtitle']","dynamicFileSchema/-210270181":"@outputs('Get_a_WO._All_fields')?['body/msdyn_name']","dynamicFileSchema/-644197997":"@outputs('Get_Report_Contact')?['body/emailaddress1']","dynamicFileSchema/-415325626":"@outputs('Get_Site_and_Primary_Contact')?['body/name']","dynamicFileSchema/-446547066":"@outputs('Get_Site_and_Primary_Contact')?['body/address1_composite']","dynamicFileSchema/-1909918164":"@outputs('Get_Primary_Inspector')?['body/name']","dynamicFileSchema/-1738932673":"@outputs('Get_Primary_Inspector')?['body/ovs_registeredinspectornumberrin']"},"authentication":{"type":"Raw","value":"@json(decodeBase64(triggerOutputs().headers['X-MS-APIM-Tokens']))['$ConnectionKey']"}}},"Create_file_No_Violations_No_SI_EN":{"runAfter":{"Word_template_No_Violations_No_Secondary_Inspector_EN":["Succeeded"]},"type":"OpenApiConnection","inputs":{"host":{"connectionName":"shared_sharepointonline_1","operationId":"CreateFile","apiId":"/providers/Microsoft.PowerApps/apis/shared_sharepointonline"},"parameters":{"dataset":"https://034gc.sharepoint.com/sites/SamuraiTeam","folderPath":"@outputs('Create_new_folder__in_SharePoint')?['body/{FullPath}']","name":"@variables('fileNameSP')","body":"@outputs('Word_template_No_Violations_No_Secondary_Inspector_EN')?['body']"},"authentication":{"type":"Raw","value":"@json(decodeBase64(triggerOutputs().headers['X-MS-APIM-Tokens']))['$ConnectionKey']"}},"runtimeConfiguration":{"contentTransfer":{"transferMode":"Chunked"}}}}},"expression":{"equals":["@variables('isViolations')","@true"]},"type":"If"}}},"expression":{"equals":["@triggerBody()['boolean']","@true"]},"type":"If"}},"runAfter":{"Create_new_folder__in_SharePoint":["Succeeded"]},"else":{"actions":{"Get_Secondary_Inspector":{"runAfter":{},"type":"OpenApiConnection","inputs":{"host":{"connectionName":"shared_commondataserviceforapps","operationId":"GetItem","apiId":"/providers/Microsoft.PowerApps/apis/shared_commondataserviceforapps"},"parameters":{"entityName":"bookableresources","recordId":"@outputs('Get_a_WO._All_fields')?['body/_ovs_secondaryinspector_value']","$select":"name,msdyn_primaryemail,bookableresourceid,ovs_badgenumber,ovs_registeredinspectornumberrin","$expand":"UserId($select=lastname,firstname,systemuserid,fullname)"},"authentication":{"type":"Raw","value":"@json(decodeBase64(triggerOutputs().headers['X-MS-APIM-Tokens']))['$ConnectionKey']"}}},"Language_Selection_Both_Inspectors":{"actions":{"Create_email_French__Both_Inspectors":{"runAfter":{},"type":"OpenApiConnection","inputs":{"host":{"connectionName":"shared_commondataserviceforapps_1","operationId":"CreateRecord","apiId":"/providers/Microsoft.PowerApps/apis/shared_commondataserviceforapps"},"parameters":{"entityName":"emails","item/activitypointer_activity_parties":[{"participationtypemask":1,"partyid@odata.bind":"/systemusers(@{variables('crmuserId')})"},{"participationtypemask":2,"partyid@odata.bind":"/accounts(@{outputs('Get_Site_and_Primary_Contact')?['body/accountid']})"},{"participationtypemask":3,"partyid@odata.bind":"/systemusers(@{outputs('Get_Primary_Inspector')?['body/userid/systemuserid']})"},{"participationtypemask":3,"partyid@odata.bind":"/systemusers(@{outputs('Get_Secondary_Inspector')?['body/userid/systemuserid']})"}],"item/description":"<p>Bonjour,</p>\n<p>Veuillez trouver ci-joint une copie du rapport d’inspection relatif à une inspection qui a eu lieu le @{variables('bookingStartTime')} par l'Inspecteur TMD @{outputs('Get_Primary_Inspector')?['body/userid/lastname']}. Le rapport détaille les observations faites lors de l'inspection et comprend toutes les mesures qui doivent être prises par @{outputs('Get_Site_and_Primary_Contact')?['body/name']}.</p>\n<p>Si vous avez des questions ou des préoccupations, veuillez contacter l'Inspecteur @{outputs('Get_Primary_Inspector')?['body/userid/lastname']} aux coordonnées ci-dessous.</p>\n</br>\nCordialement,","item/regardingobjectid_msdyn_workorder_email@odata.bind":"/msdyn_workorders(@{triggerBody()?['entity']?['msdyn_workorderid']})","item/subject":"Rapport d'inspection"},"authentication":{"type":"Raw","value":"@json(decodeBase64(triggerOutputs().headers['X-MS-APIM-Tokens']))['$ConnectionKey']"}}},"Create_activity_attachment_SI_FR_2":{"runAfter":{"Is_Violation_found_2":["Succeeded"]},"type":"OpenApiConnection","inputs":{"host":{"connectionName":"shared_commondataservice_1","operationId":"PostItem_V2","apiId":"/providers/Microsoft.PowerApps/apis/shared_commondataservice"},"parameters":{"dataset":"default.cds","table":"activitymimeattachments","item/_attachmentid_value":"@null","item/objecttypecode":"email","item/_objectid_value":"@outputs('Create_email_French__Both_Inspectors')?['body/activityid']","item/_objectid_type":"emails"},"authentication":{"type":"Raw","value":"@json(decodeBase64(triggerOutputs().headers['X-MS-APIM-Tokens']))['$ConnectionKey']"}}},"Convert_Word_Document_to_PDF_SI_FR":{"runAfter":{"Create_activity_attachment_SI_FR_2":["Succeeded"]},"type":"OpenApiConnection","inputs":{"host":{"connectionName":"shared_wordonlinebusiness_1","operationId":"GetFilePDF","apiId":"/providers/Microsoft.PowerApps/apis/shared_wordonlinebusiness"},"parameters":{"source":"sites/034gc.sharepoint.com,140da73b-4423-4443-a812-e623d6d857c4,f2a2589e-2eec-4642-9280-443640f88211","drive":"b!O6cNFCNEQ0SoEuYj1thXxJ5YovLsLkJGkoBENkD4ghHOwr7dpePzS7BlI7DR0NOV","file":"/Reports@{variables('SPfolderPath')}/@{variables('fileNameSP')}"},"authentication":{"type":"Raw","value":"@json(decodeBase64(triggerOutputs().headers['X-MS-APIM-Tokens']))['$ConnectionKey']"}}},"Update_an_existing_row_SI_FR":{"runAfter":{"Convert_Word_Document_to_PDF_SI_FR":["Succeeded"]},"type":"OpenApiConnection","inputs":{"host":{"connectionName":"shared_commondataserviceforapps","operationId":"UpdateRecord","apiId":"/providers/Microsoft.PowerApps/apis/shared_commondataserviceforapps"},"parameters":{"entityName":"activitymimeattachments","recordId":"@outputs('Create_activity_attachment_SI_FR_2')?['body/activitymimeattachmentid']","item/body":"@base64(outputs('Convert_Word_Document_to_PDF_SI_FR')?['body'])","item/filename":"@{outputs('Get_Site_and_Primary_Contact')?['body/name']}_@{variables('bookingStartTime')}_ReportDate_@{triggerBody()['date']}.pdf","item/mimetype":"application/pdf","item/subject":"Rapport d'inspection"},"authentication":{"type":"Raw","value":"@json(decodeBase64(triggerOutputs().headers['X-MS-APIM-Tokens']))['$ConnectionKey']"}}},"Is_Violation_found_2":{"actions":{"Word_template_Secondary_Inspector_FR_2":{"runAfter":{},"metadata":{"01QZYBJ7GRWYXCX6VW4NFISRDG7YVKCO3G":"/Inspection Report Templates/Inspection report with violations.docx","01QZYBJ7EESZCKK4JMBJHKBW2PFPWQUUCO":"/Inspection Report Templates/Inspection report with violations.docx","01QZYBJ7AO6FWPAJESYFBYKY6DZQXS6KS4":"/Inspection Report Templates/Inspection report with violations.docx","01QZYBJ7AWMVUCM5557BHISBPY4UWDU2JF":"/Inspection Report Templates/Inspection report with violations FR.docx","01QZYBJ7ANRPPPULGHHZHIFUZGW3X4R3VT":"/Inspection Report Templates/Inspection report with violations FR.docx","01QZYBJ7HNIHI2WWAEBJAIU4ODWCXEVKO2":"/Inspection Report Templates/Inspection report with violations FR.docx"},"type":"OpenApiConnection","inputs":{"host":{"connectionName":"shared_wordonlinebusiness_1","operationId":"CreateFileItem","apiId":"/providers/Microsoft.PowerApps/apis/shared_wordonlinebusiness"},"parameters":{"source":"sites/034gc.sharepoint.com,140da73b-4423-4443-a812-e623d6d857c4,f2a2589e-2eec-4642-9280-443640f88211","drive":"b!O6cNFCNEQ0SoEuYj1thXxJ5YovLsLkJGkoBENkD4ghHOwr7dpePzS7BlI7DR0NOV","file":"01QZYBJ7HNIHI2WWAEBJAIU4ODWCXEVKO2","dynamicFileSchema/53198888":"@outputs('Get_Primary_Inspector')?['body/ovs_badgenumber']","dynamicFileSchema/72472949":"@outputs('Get_Secondary_Inspector')?['body/ovs_registeredinspectornumberrin']","dynamicFileSchema/141635726":"@variables('bookingStartTime')","dynamicFileSchema/225729546":"@outputs('Get_Site_and_Primary_Contact')?['body/primarycontactid/fullname']","dynamicFileSchema/292640621":"@outputs('Get_Site_and_Primary_Contact')?['body/address1_composite']","dynamicFileSchema/323562900":"@variables('bookingStartTime')","dynamicFileSchema/423229222":"@outputs('Get_Site_and_Primary_Contact')?['body/name']","dynamicFileSchema/545414885":"@outputs('Get_Site_and_Primary_Contact')?['body/primarycontactid/fullname']","dynamicFileSchema/582654736":"@outputs('Get_Secondary_Inspector')?['body/name']","dynamicFileSchema/1154881963":"@outputs('Get_Primary_Inspector')?['body/name']","dynamicFileSchema/1181557033":"@outputs('Get_Site_and_Primary_Contact')?['body/address1_composite']","dynamicFileSchema/1246770101":"@triggerBody()?['number']","dynamicFileSchema/1286003376":"@outputs('Get_Site_and_Primary_Contact')?['body/primarycontactid/telephone1']","dynamicFileSchema/1574934516":"@outputs('Get_Site_and_Primary_Contact')?['body/name']","dynamicFileSchema/1625346091":"@outputs('Get_Site_and_Primary_Contact')?['body/name']","dynamicFileSchema/1630673486":"@outputs('Get_Site_and_Primary_Contact')?['body/primarycontactid/jobtitle']","dynamicFileSchema/1970781344":"@outputs('Get_Secondary_Inspector')?['body/ovs_badgenumber']","dynamicFileSchema/2108610231":"@variables('bookingStartTime')","dynamicFileSchema/2139766460":"@outputs('Get_Site_and_Primary_Contact')?['body/primarycontactid/jobtitle']","dynamicFileSchema/-210270181":"@outputs('Get_a_WO._All_fields')?['body/msdyn_name']","dynamicFileSchema/-644197997":"@outputs('Get_Site_and_Primary_Contact')?['body/primarycontactid/emailaddress1']","dynamicFileSchema/-1877233892":"@outputs('Get_Site_and_Primary_Contact')?['body/primarycontactid/fullname']","dynamicFileSchema/-1026567373":"@variables('violations')","dynamicFileSchema/-1078213356":"@outputs('Get_Site_and_Primary_Contact')?['body/name']","dynamicFileSchema/-1909918164":"@outputs('Get_Primary_Inspector')?['body/name']","dynamicFileSchema/-1738932673":"@outputs('Get_Primary_Inspector')?['body/ovs_registeredinspectornumberrin']"},"authentication":{"type":"Raw","value":"@json(decodeBase64(triggerOutputs().headers['X-MS-APIM-Tokens']))['$ConnectionKey']"}}},"Create_file_SI_FR":{"runAfter":{"Word_template_Secondary_Inspector_FR_2":["Succeeded"]},"type":"OpenApiConnection","inputs":{"host":{"connectionName":"shared_sharepointonline_1","operationId":"CreateFile","apiId":"/providers/Microsoft.PowerApps/apis/shared_sharepointonline"},"parameters":{"dataset":"https://034gc.sharepoint.com/sites/SamuraiTeam","folderPath":"@outputs('Create_new_folder__in_SharePoint')?['body/{FullPath}']","name":"@variables('fileNameSP')","body":"@outputs('Word_template_Secondary_Inspector_FR_2')?['body']"},"authentication":{"type":"Raw","value":"@json(decodeBase64(triggerOutputs().headers['X-MS-APIM-Tokens']))['$ConnectionKey']"}},"runtimeConfiguration":{"contentTransfer":{"transferMode":"Chunked"}}}},"runAfter":{"Create_email_French__Both_Inspectors":["Succeeded"]},"else":{"actions":{"Word_template_No_Violation_Secondary_Inspector_FR":{"runAfter":{},"metadata":{"01QZYBJ7GRWYXCX6VW4NFISRDG7YVKCO3G":"/Inspection Report Templates/Inspection report with violations.docx","01QZYBJ7EESZCKK4JMBJHKBW2PFPWQUUCO":"/Inspection Report Templates/Inspection report with violations.docx","01QZYBJ7AO6FWPAJESYFBYKY6DZQXS6KS4":"/Inspection Report Templates/Inspection report with violations.docx","01QZYBJ7AWMVUCM5557BHISBPY4UWDU2JF":"/Inspection Report Templates/Inspection report with violations FR.docx","01QZYBJ7ANRPPPULGHHZHIFUZGW3X4R3VT":"/Inspection Report Templates/Inspection report with violations FR.docx","01QZYBJ7HNIHI2WWAEBJAIU4ODWCXEVKO2":"/Inspection Report Templates/Inspection report with violations FR.docx","01QZYBJ7CJHWWTWEJUSVAKN77IU7RNJ2WA":"/Inspection Report Templates/Inspection report without violations FR.docx"},"type":"OpenApiConnection","inputs":{"host":{"connectionName":"shared_wordonlinebusiness_1","operationId":"CreateFileItem","apiId":"/providers/Microsoft.PowerApps/apis/shared_wordonlinebusiness"},"parameters":{"source":"sites/034gc.sharepoint.com,140da73b-4423-4443-a812-e623d6d857c4,f2a2589e-2eec-4642-9280-443640f88211","drive":"b!O6cNFCNEQ0SoEuYj1thXxJ5YovLsLkJGkoBENkD4ghHOwr7dpePzS7BlI7DR0NOV","file":"01QZYBJ7CJHWWTWEJUSVAKN77IU7RNJ2WA","dynamicFileSchema/53198888":"@outputs('Get_Primary_Inspector')?['body/ovs_badgenumber']","dynamicFileSchema/72472949":"@outputs('Get_Secondary_Inspector')?['body/ovs_registeredinspectornumberrin']","dynamicFileSchema/141635726":"@variables('bookingStartTime')","dynamicFileSchema/225729546":"@outputs('Get_Report_Contact')?['body/fullname']","dynamicFileSchema/292640621":"@outputs('Get_Site_and_Primary_Contact')?['body/address1_composite']","dynamicFileSchema/423229222":"@outputs('Get_Site_and_Primary_Contact')?['body/name']","dynamicFileSchema/545414885":"@outputs('Get_Report_Contact')?['body/fullname']","dynamicFileSchema/582654736":"@outputs('Get_Secondary_Inspector')?['body/name']","dynamicFileSchema/1154881963":"@outputs('Get_Primary_Inspector')?['body/name']","dynamicFileSchema/1181557033":"@outputs('Get_Site_and_Primary_Contact')?['body/address1_composite']","dynamicFileSchema/1286003376":"@outputs('Get_Report_Contact')?['body/telephone1']","dynamicFileSchema/1574934516":"@outputs('Get_Site_and_Primary_Contact')?['body/name']","dynamicFileSchema/1625346091":"@outputs('Get_Site_and_Primary_Contact')?['body/name']","dynamicFileSchema/1630673486":"@outputs('Get_Report_Contact')?['body/jobtitle']","dynamicFileSchema/1970781344":"@outputs('Get_Secondary_Inspector')?['body/ovs_badgenumber']","dynamicFileSchema/2108610231":"@variables('bookingStartTime')","dynamicFileSchema/2139766460":"@outputs('Get_Report_Contact')?['body/jobtitle']","dynamicFileSchema/-210270181":"@outputs('Get_a_WO._All_fields')?['body/msdyn_name']","dynamicFileSchema/-644197997":"@outputs('Get_Report_Contact')?['body/emailaddress1']","dynamicFileSchema/-1909918164":"@outputs('Get_Primary_Inspector')?['body/name']","dynamicFileSchema/-1738932673":"@outputs('Get_Primary_Inspector')?['body/ovs_registeredinspectornumberrin']"},"authentication":{"type":"Raw","value":"@json(decodeBase64(triggerOutputs().headers['X-MS-APIM-Tokens']))['$ConnectionKey']"}}},"Create_file_No_Violations_SI_FR":{"runAfter":{"Word_template_No_Violation_Secondary_Inspector_FR":["Succeeded"]},"type":"OpenApiConnection","inputs":{"host":{"connectionName":"shared_sharepointonline_1","operationId":"CreateFile","apiId":"/providers/Microsoft.PowerApps/apis/shared_sharepointonline"},"parameters":{"dataset":"https://034gc.sharepoint.com/sites/SamuraiTeam","folderPath":"@outputs('Create_new_folder__in_SharePoint')?['body/{FullPath}']","name":"@variables('fileNameSP')","body":"@outputs('Word_template_No_Violation_Secondary_Inspector_FR')?['body']"},"authentication":{"type":"Raw","value":"@json(decodeBase64(triggerOutputs().headers['X-MS-APIM-Tokens']))['$ConnectionKey']"}},"runtimeConfiguration":{"contentTransfer":{"transferMode":"Chunked"}}}}},"expression":{"equals":["@variables('isViolations')","@true"]},"type":"If"}},"runAfter":{"Get_Secondary_Inspector":["Succeeded"]},"else":{"actions":{"Create_email_English__Both_Inspectors":{"runAfter":{},"type":"OpenApiConnection","inputs":{"host":{"connectionName":"shared_commondataserviceforapps_1","operationId":"CreateRecord","apiId":"/providers/Microsoft.PowerApps/apis/shared_commondataserviceforapps"},"parameters":{"entityName":"emails","item/activitypointer_activity_parties":[{"participationtypemask":1,"partyid@odata.bind":"/systemusers(@{variables('crmuserId')})"},{"participationtypemask":2,"partyid@odata.bind":"/accounts(@{outputs('Get_Site_and_Primary_Contact')?['body/accountid']})"},{"participationtypemask":3,"partyid@odata.bind":"/systemusers(@{outputs('Get_Primary_Inspector')?['body/userid/systemuserid']})"},{"participationtypemask":3,"partyid@odata.bind":"/systemusers(@{outputs('Get_Secondary_Inspector')?['body/userid/systemuserid']})"}],"item/description":"<p>Good day, </p>\n<p>Please find attached a copy of the report resulting from an inspection that took place on @{variables('bookingStartTime')} by TDG Inspector @{outputs('Get_Primary_Inspector')?['body/userid/lastname']}. The report details the findings of the inspection and includes any necessary actions that need to be taken by @{outputs('Get_Site_and_Primary_Contact')?['body/name']}.</p>\n<p> Should you have any questions or concerns, please contact Inspector  @{outputs('Get_Primary_Inspector')?['body/userid/lastname']} at the information found below.</p>\n\n</br>\nRegards,","item/regardingobjectid_msdyn_workorder_email@odata.bind":"/msdyn_workorders(@{triggerBody()?['entity']?['msdyn_workorderid']})","item/subject":"Inspection Report "},"authentication":{"type":"Raw","value":"@json(decodeBase64(triggerOutputs().headers['X-MS-APIM-Tokens']))['$ConnectionKey']"}}},"Create_activity_attachment_SI_EN_2":{"runAfter":{"is_no_violation_found_4":["Succeeded"]},"type":"OpenApiConnection","inputs":{"host":{"connectionName":"shared_commondataservice_1","operationId":"PostItem_V2","apiId":"/providers/Microsoft.PowerApps/apis/shared_commondataservice"},"parameters":{"dataset":"default.cds","table":"activitymimeattachments","item/_attachmentid_value":"@null","item/objecttypecode":"email","item/_objectid_value":"@outputs('Create_email_English__Both_Inspectors')?['body/activityid']","item/_objectid_type":"emails"},"authentication":{"type":"Raw","value":"@json(decodeBase64(triggerOutputs().headers['X-MS-APIM-Tokens']))['$ConnectionKey']"}}},"Convert_Word_Document_to_PDF_SI_EN":{"runAfter":{"Create_activity_attachment_SI_EN_2":["Succeeded"]},"type":"OpenApiConnection","inputs":{"host":{"connectionName":"shared_wordonlinebusiness_1","operationId":"GetFilePDF","apiId":"/providers/Microsoft.PowerApps/apis/shared_wordonlinebusiness"},"parameters":{"source":"sites/034gc.sharepoint.com,140da73b-4423-4443-a812-e623d6d857c4,f2a2589e-2eec-4642-9280-443640f88211","drive":"b!O6cNFCNEQ0SoEuYj1thXxJ5YovLsLkJGkoBENkD4ghHOwr7dpePzS7BlI7DR0NOV","file":"/Reports@{variables('SPfolderPath')}/@{variables('fileNameSP')}"},"authentication":{"type":"Raw","value":"@json(decodeBase64(triggerOutputs().headers['X-MS-APIM-Tokens']))['$ConnectionKey']"}}},"Update_an_existing_row_SI_EN":{"runAfter":{"Convert_Word_Document_to_PDF_SI_EN":["Succeeded"]},"type":"OpenApiConnection","inputs":{"host":{"connectionName":"shared_commondataserviceforapps","operationId":"UpdateRecord","apiId":"/providers/Microsoft.PowerApps/apis/shared_commondataserviceforapps"},"parameters":{"entityName":"activitymimeattachments","recordId":"@outputs('Create_activity_attachment_SI_EN_2')?['body/activitymimeattachmentid']","item/body":"@base64(outputs('Convert_Word_Document_to_PDF_SI_EN')?['body'])","item/filename":"@{outputs('Get_Site_and_Primary_Contact')?['body/name']}_@{variables('bookingStartTime')}_ReportDate_@{triggerBody()['date']}.pdf","item/mimetype":"application/pdf","item/subject":"Inspection Repport"},"authentication":{"type":"Raw","value":"@json(decodeBase64(triggerOutputs().headers['X-MS-APIM-Tokens']))['$ConnectionKey']"}}},"is_no_violation_found_4":{"actions":{"Word_template_Secondary_Inspector_EN_2":{"runAfter":{},"metadata":{"01QZYBJ7GRWYXCX6VW4NFISRDG7YVKCO3G":"/Inspection Report Templates/Inspection report with violations.docx","01QZYBJ7EESZCKK4JMBJHKBW2PFPWQUUCO":"/Inspection Report Templates/Inspection report with violations.docx","01QZYBJ7AO6FWPAJESYFBYKY6DZQXS6KS4":"/Inspection Report Templates/Inspection report with violations.docx","01QZYBJ7FIN5LSFZ3XJZG2DSJYKHVPJOGA":"/Inspection Report Templates/Inspection report with violations EN.docx","01QZYBJ7FN2VCAIFDZUVEJWXPSFCU7XZED":"/Inspection Report Templates/Inspection report with violations EN.docx","01QZYBJ7DF7A7WEWG6MJH3YH2A5XDTPPLW":"/Inspection Report Templates/Inspection report with violations EN.docx"},"type":"OpenApiConnection","inputs":{"host":{"connectionName":"shared_wordonlinebusiness_1","operationId":"CreateFileItem","apiId":"/providers/Microsoft.PowerApps/apis/shared_wordonlinebusiness"},"parameters":{"source":"sites/034gc.sharepoint.com,140da73b-4423-4443-a812-e623d6d857c4,f2a2589e-2eec-4642-9280-443640f88211","drive":"b!O6cNFCNEQ0SoEuYj1thXxJ5YovLsLkJGkoBENkD4ghHOwr7dpePzS7BlI7DR0NOV","file":"01QZYBJ7DF7A7WEWG6MJH3YH2A5XDTPPLW","dynamicFileSchema/53198888":"@outputs('Get_Primary_Inspector')?['body/ovs_badgenumber']","dynamicFileSchema/72472949":"@outputs('Get_Secondary_Inspector')?['body/ovs_registeredinspectornumberrin']","dynamicFileSchema/141635726":"@variables('bookingStartTime')","dynamicFileSchema/225729546":"@outputs('Get_Site_and_Primary_Contact')?['body/primarycontactid/fullname']","dynamicFileSchema/323562900":"@variables('bookingStartTime')","dynamicFileSchema/423229222":"@outputs('Get_Site_and_Primary_Contact')?['body/name']","dynamicFileSchema/545414885":"@outputs('Get_Site_and_Primary_Contact')?['body/primarycontactid/fullname']","dynamicFileSchema/582654736":"@outputs('Get_Secondary_Inspector')?['body/name']","dynamicFileSchema/1154881963":"@outputs('Get_Primary_Inspector')?['body/name']","dynamicFileSchema/1181557033":"@outputs('Get_Site_and_Primary_Contact')?['body/address1_composite']","dynamicFileSchema/1246770101":"@triggerBody()?['number']","dynamicFileSchema/1286003376":"@outputs('Get_Site_and_Primary_Contact')?['body/primarycontactid/telephone1']","dynamicFileSchema/1574934516":"@outputs('Get_Site_and_Primary_Contact')?['body/name']","dynamicFileSchema/1630673486":"@outputs('Get_Site_and_Primary_Contact')?['body/primarycontactid/jobtitle']","dynamicFileSchema/1970781344":"@outputs('Get_Secondary_Inspector')?['body/ovs_badgenumber']","dynamicFileSchema/2108610231":"@variables('bookingStartTime')","dynamicFileSchema/2139766460":"@outputs('Get_Site_and_Primary_Contact')?['body/primarycontactid/jobtitle']","dynamicFileSchema/-210270181":"@outputs('Get_a_WO._All_fields')?['body/msdyn_name']","dynamicFileSchema/-644197997":"@outputs('Get_Site_and_Primary_Contact')?['body/primarycontactid/emailaddress1']","dynamicFileSchema/-415325626":"@outputs('Get_Site_and_Primary_Contact')?['body/name']","dynamicFileSchema/-446547066":"@outputs('Get_Site_and_Primary_Contact')?['body/address1_composite']","dynamicFileSchema/-1877233892":"@outputs('Get_Site_and_Primary_Contact')?['body/primarycontactid/fullname']","dynamicFileSchema/-1026567373":"@variables('violations')","dynamicFileSchema/-1078213356":"@outputs('Get_Site_and_Primary_Contact')?['body/name']","dynamicFileSchema/-1909918164":"@outputs('Get_Primary_Inspector')?['body/name']","dynamicFileSchema/-1738932673":"@outputs('Get_Primary_Inspector')?['body/ovs_registeredinspectornumberrin']"},"authentication":{"type":"Raw","value":"@json(decodeBase64(triggerOutputs().headers['X-MS-APIM-Tokens']))['$ConnectionKey']"}}},"Create_file_SI_EN":{"runAfter":{"Word_template_Secondary_Inspector_EN_2":["Succeeded"]},"type":"OpenApiConnection","inputs":{"host":{"connectionName":"shared_sharepointonline_1","operationId":"CreateFile","apiId":"/providers/Microsoft.PowerApps/apis/shared_sharepointonline"},"parameters":{"dataset":"https://034gc.sharepoint.com/sites/SamuraiTeam","folderPath":"@outputs('Create_new_folder__in_SharePoint')?['body/{FullPath}']","name":"@variables('fileNameSP')","body":"@outputs('Word_template_Secondary_Inspector_EN_2')?['body']"},"authentication":{"type":"Raw","value":"@json(decodeBase64(triggerOutputs().headers['X-MS-APIM-Tokens']))['$ConnectionKey']"}},"runtimeConfiguration":{"contentTransfer":{"transferMode":"Chunked"}}}},"runAfter":{"Create_email_English__Both_Inspectors":["Succeeded"]},"else":{"actions":{"Word_template_No_Violations_Secondary_Inspector_EN":{"runAfter":{},"metadata":{"01QZYBJ7GRWYXCX6VW4NFISRDG7YVKCO3G":"/Inspection Report Templates/Inspection report with violations.docx","01QZYBJ7EESZCKK4JMBJHKBW2PFPWQUUCO":"/Inspection Report Templates/Inspection report with violations.docx","01QZYBJ7AO6FWPAJESYFBYKY6DZQXS6KS4":"/Inspection Report Templates/Inspection report with violations.docx","01QZYBJ7FIN5LSFZ3XJZG2DSJYKHVPJOGA":"/Inspection Report Templates/Inspection report with violations EN.docx","01QZYBJ7FN2VCAIFDZUVEJWXPSFCU7XZED":"/Inspection Report Templates/Inspection report with violations EN.docx","01QZYBJ7DF7A7WEWG6MJH3YH2A5XDTPPLW":"/Inspection Report Templates/Inspection report with violations EN.docx","01QZYBJ7ASBAGEM5CVJVGJ2DVOJNG6TG37":"/Inspection Report Templates/Inspection report without violations EN.docx"},"type":"OpenApiConnection","inputs":{"host":{"connectionName":"shared_wordonlinebusiness_1","operationId":"CreateFileItem","apiId":"/providers/Microsoft.PowerApps/apis/shared_wordonlinebusiness"},"parameters":{"source":"sites/034gc.sharepoint.com,140da73b-4423-4443-a812-e623d6d857c4,f2a2589e-2eec-4642-9280-443640f88211","drive":"b!O6cNFCNEQ0SoEuYj1thXxJ5YovLsLkJGkoBENkD4ghHOwr7dpePzS7BlI7DR0NOV","file":"01QZYBJ7ASBAGEM5CVJVGJ2DVOJNG6TG37","dynamicFileSchema/53198888":"@outputs('Get_Primary_Inspector')?['body/ovs_badgenumber']","dynamicFileSchema/72472949":"@outputs('Get_Secondary_Inspector')?['body/ovs_registeredinspectornumberrin']","dynamicFileSchema/141635726":"@variables('bookingStartTime')","dynamicFileSchema/225729546":"@outputs('Get_Report_Contact')?['body/fullname']","dynamicFileSchema/423229222":"@outputs('Get_Site_and_Primary_Contact')?['body/name']","dynamicFileSchema/545414885":"@outputs('Get_Report_Contact')?['body/fullname']","dynamicFileSchema/582654736":"@outputs('Get_Secondary_Inspector')?['body/name']","dynamicFileSchema/1154881963":"@outputs('Get_Primary_Inspector')?['body/name']","dynamicFileSchema/1181557033":"@outputs('Get_Site_and_Primary_Contact')?['body/address1_composite']","dynamicFileSchema/1286003376":"@outputs('Get_Report_Contact')?['body/telephone1']","dynamicFileSchema/1574934516":"@outputs('Get_Site_and_Primary_Contact')?['body/name']","dynamicFileSchema/1630673486":"@outputs('Get_Report_Contact')?['body/jobtitle']","dynamicFileSchema/1970781344":"@outputs('Get_Secondary_Inspector')?['body/ovs_badgenumber']","dynamicFileSchema/2108610231":"@variables('bookingStartTime')","dynamicFileSchema/2139766460":"@outputs('Get_Report_Contact')?['body/jobtitle']","dynamicFileSchema/-210270181":"@outputs('Get_a_WO._All_fields')?['body/msdyn_name']","dynamicFileSchema/-644197997":"@outputs('Get_Report_Contact')?['body/emailaddress1']","dynamicFileSchema/-415325626":"@outputs('Get_Site_and_Primary_Contact')?['body/name']","dynamicFileSchema/-446547066":"@outputs('Get_Site_and_Primary_Contact')?['body/address1_composite']","dynamicFileSchema/-1909918164":"@outputs('Get_Primary_Inspector')?['body/name']","dynamicFileSchema/-1738932673":"@outputs('Get_Primary_Inspector')?['body/ovs_registeredinspectornumberrin']"},"authentication":{"type":"Raw","value":"@json(decodeBase64(triggerOutputs().headers['X-MS-APIM-Tokens']))['$ConnectionKey']"}}},"Create_file_No_Violations_SI_EN":{"runAfter":{"Word_template_No_Violations_Secondary_Inspector_EN":["Succeeded"]},"type":"OpenApiConnection","inputs":{"host":{"connectionName":"shared_sharepointonline_1","operationId":"CreateFile","apiId":"/providers/Microsoft.PowerApps/apis/shared_sharepointonline"},"parameters":{"dataset":"https://034gc.sharepoint.com/sites/SamuraiTeam","folderPath":"@outputs('Create_new_folder__in_SharePoint')?['body/{FullPath}']","name":"@variables('fileNameSP')","body":"@outputs('Word_template_No_Violations_Secondary_Inspector_EN')?['body']"},"authentication":{"type":"Raw","value":"@json(decodeBase64(triggerOutputs().headers['X-MS-APIM-Tokens']))['$ConnectionKey']"}},"runtimeConfiguration":{"contentTransfer":{"transferMode":"Chunked"}}}}},"expression":{"equals":["@variables('isViolations')","@true"]},"type":"If"}}},"expression":{"equals":["@triggerBody()['boolean']","@true"]},"type":"If"}}},"expression":{"equals":["@outputs('Get_a_WO._All_fields')?['body/_ovs_secondaryinspector_value']","@null"]},"type":"If"},"Booking_StartTime":{"runAfter":{"Get_Primary_Inspector":["Succeeded"]},"type":"InitializeVariable","inputs":{"variables":[{"name":"bookingStartTime","type":"string"}]}},"Apply_StartTime_if_any":{"foreach":"@outputs('Get_The_Single_Booking')?['body/value']","actions":{"Set_StartTime":{"runAfter":{},"type":"SetVariable","inputs":{"name":"bookingStartTime","value":"@items('Apply_StartTime_if_any')?['starttime']"}}},"runAfter":{"Get_The_Single_Booking":["Succeeded"]},"type":"Foreach"},"Triggering_User_AAD_-_FN":{"runAfter":{"Triggering_User_AAD_-_full_Name":["Succeeded"]},"type":"InitializeVariable","inputs":{"variables":[{"name":"FN","type":"string","value":"@{trim(last(split(variables('fullname'),',')))}"}]}},"Get_Crm_User":{"runAfter":{"Crm_user_domain_name":["Succeeded"]},"type":"OpenApiConnection","inputs":{"host":{"connectionName":"shared_commondataserviceforapps_1","operationId":"ListRecords","apiId":"/providers/Microsoft.PowerApps/apis/shared_commondataserviceforapps"},"parameters":{"entityName":"systemusers","$select":"fullname,lastname,firstname,internalemailaddress,systemuserid","$filter":"(domainname eq '@{variables('crmUserDomainName')}')","$top":1},"authentication":{"type":"Raw","value":"@json(decodeBase64(triggerOutputs().headers['X-MS-APIM-Tokens']))['$ConnectionKey']"}}},"Triggering_User_AAD_-_LN":{"runAfter":{"Triggering_User_AAD_-_FN":["Succeeded"]},"type":"InitializeVariable","inputs":{"variables":[{"name":"LN","type":"string","value":"@{trim(first(split(variables('fullname'),',')))}"}]}},"Triggering_User_AAD_-_full_Name":{"runAfter":{"Is_Violations":["Succeeded"]},"type":"InitializeVariable","inputs":{"variables":[{"name":"fullname","type":"string","value":"@base64ToString(triggerOutputs()['headers']['x-ms-user-name-encoded'])"}]}},"crm_user_id":{"runAfter":{"Triggering_User_AAD_-_LN":["Succeeded"]},"type":"InitializeVariable","inputs":{"variables":[{"name":"crmuserId","type":"string"}]}},"Set_first_found_by_LN_and_FN":{"foreach":"@outputs('Get_Crm_User')?['body/value']","actions":{"St_user_id":{"runAfter":{},"type":"SetVariable","inputs":{"name":"crmuserId","value":"@items('Set_first_found_by_LN_and_FN')?['systemuserid']"}}},"runAfter":{"Get_Crm_User":["Succeeded"]},"type":"Foreach"},"Get_Violations(Results)":{"runAfter":{"Apply_StartTime_if_any":["Succeeded"]},"type":"OpenApiConnection","inputs":{"host":{"connectionName":"shared_commondataserviceforapps","operationId":"ListRecords","apiId":"/providers/Microsoft.PowerApps/apis/shared_commondataserviceforapps"},"parameters":{"entityName":"qm_syresults","$select":"qm_internalcomments,qm_externalcomments,_qm_workorderid_value,_qm_rclegislationid_value,qm_violationcount,qm_syresultid","$filter":"(_qm_rclegislationid_value ne null and statuscode eq 1 and _qm_workorderid_value eq @{triggerBody()?['entity']?['msdyn_workorderid']}) and (qm_rclegislationId/qm_rclegislationid ne null)","$expand":"qm_rclegislationId($select=qm_legislationftxt,qm_legislationetxt,qm_legislationlbl)"},"authentication":{"type":"Raw","value":"@json(decodeBase64(triggerOutputs().headers['X-MS-APIM-Tokens']))['$ConnectionKey']"}}},"Violations":{"runAfter":{"Booking_StartTime":["Succeeded"]},"type":"InitializeVariable","inputs":{"variables":[{"name":"violations","type":"array"}]}},"Loop_Violations":{"foreach":"@outputs('Get_Violations(Results)')?['body/value']","actions":{"Append_to_array_variable":{"runAfter":{},"type":"AppendToArrayVariable","inputs":{"name":"violations","value":{"Label":"@{items('Loop_Violations')?['qm_rclegislationid/qm_legislationlbl']}","LegislativeText":"@{items('Loop_Violations')?['qm_rclegislationid/qm_legislationetxt']}","Count":"@{items('Loop_Violations')?['qm_violationcount']}","ExtComments":"@{items('Loop_Violations')?['qm_externalcomments']}"}}}},"runAfter":{"Get_Violations(Results)":["Succeeded"]},"type":"Foreach"},"SP_Folder_Path":{"runAfter":{"Set_first_found_by_LN_and_FN":["Succeeded"]},"type":"InitializeVariable","inputs":{"variables":[{"name":"SPfolderPath","type":"string","value":"/@{triggerBody()?['entity']?['msdyn_name']}_@{variables('WOid')}"}]}},"Clean_WO_guid":{"runAfter":{"Get_a_WO._All_fields":["Succeeded"]},"type":"InitializeVariable","inputs":{"variables":[{"name":"WOid","type":"string","value":"@{toUpper(replace(triggerBody()?['entity']?['msdyn_workorderid'], '-', ''))}"}]}},"File_Name_SharePoint":{"runAfter":{"SP_Folder_Path":["Succeeded"]},"type":"InitializeVariable","inputs":{"variables":[{"name":"fileNameSP","type":"string","value":"@{outputs('Get_Site_and_Primary_Contact')?['body/name']}_@{triggerBody()['date']}.docx"}]}},"Create_new_folder__in_SharePoint":{"runAfter":{"File_Name_SharePoint":["Succeeded"]},"type":"OpenApiConnection","inputs":{"host":{"connectionName":"shared_sharepointonline_1","operationId":"CreateNewFolder","apiId":"/providers/Microsoft.PowerApps/apis/shared_sharepointonline"},"parameters":{"dataset":"https://034gc.sharepoint.com/sites/SamuraiTeam","table":"ddbec2ce-e3a5-4bf3-b065-23b0d1d0d395","parameters/path":"/Reports@{variables('SPfolderPath')}"},"authentication":{"type":"Raw","value":"@json(decodeBase64(triggerOutputs().headers['X-MS-APIM-Tokens']))['$ConnectionKey']"}}},"Delete_word_from_SharePoint":{"runAfter":{"Is_Secondary_Inspector":["Succeeded"]},"type":"OpenApiConnection","inputs":{"host":{"connectionName":"shared_sharepointonline_1","operationId":"DeleteItem","apiId":"/providers/Microsoft.PowerApps/apis/shared_sharepointonline"},"parameters":{"dataset":"https://034gc.sharepoint.com/sites/SamuraiTeam","table":"Documents","id":"@outputs('Create_new_folder__in_SharePoint')?['body/ID']"},"authentication":{"type":"Raw","value":"@json(decodeBase64(triggerOutputs().headers['X-MS-APIM-Tokens']))['$ConnectionKey']"}}},"Get_a_WO._All_fields":{"runAfter":{},"type":"OpenApiConnection","inputs":{"host":{"connectionName":"shared_commondataserviceforapps","operationId":"GetItem","apiId":"/providers/Microsoft.PowerApps/apis/shared_commondataserviceforapps"},"parameters":{"entityName":"msdyn_workorders","recordId":"@triggerBody()?['entity']?['msdyn_workorderid']"},"authentication":{"type":"Raw","value":"@json(decodeBase64(triggerOutputs().headers['X-MS-APIM-Tokens']))['$ConnectionKey']"}}},"Crm_user_domain_name":{"runAfter":{"crm_user_id":["Succeeded"]},"type":"InitializeVariable","inputs":{"variables":[{"name":"crmUserDomainName","type":"string","value":"@base64ToString(triggerOutputs()['headers']['x-ms-user-email-encoded'])"}]}},"Get_Report_Contact":{"runAfter":{"Get_Site_and_Primary_Contact":["Succeeded"]},"type":"OpenApiConnection","inputs":{"host":{"connectionName":"shared_commondataserviceforapps","operationId":"GetItem","apiId":"/providers/Microsoft.PowerApps/apis/shared_commondataserviceforapps"},"parameters":{"entityName":"contacts","recordId":"@triggerBody()?['entity']?['_qm_reportcontactid_value']","$select":"lastname,fullname,contactid,firstname,jobtitle,emailaddress1,telephone1"},"authentication":{"type":"Raw","value":"@json(decodeBase64(triggerOutputs().headers['X-MS-APIM-Tokens']))['$ConnectionKey']"}}},"Is_Violations":{"runAfter":{"Loop_Violations":["Succeeded"]},"type":"InitializeVariable","inputs":{"variables":[{"name":"isViolations","type":"boolean","value":"@greater(length(variables('violations')),0)"}]}},"Update_a_row":{"runAfter":{"Delete_word_from_SharePoint":["Succeeded"]},"type":"OpenApiConnection","inputs":{"host":{"connectionName":"shared_commondataserviceforapps_1","operationId":"UpdateRecord","apiId":"/providers/Microsoft.PowerApps/apis/shared_commondataserviceforapps"},"parameters":{"entityName":"msdyn_workorders","recordId":"@triggerBody()?['entity']?['msdyn_workorderid']","item/msdyn_systemstatus":690970003},"authentication":{"type":"Raw","value":"@json(decodeBase64(triggerOutputs().headers['X-MS-APIM-Tokens']))['$ConnectionKey']"}}},"Apply_to_each_Violation":{"foreach":"@outputs('Get_Violations(Results)')?['body/value']","actions":{"Create_a_Confirmation_Team":{"runAfter":{"Create_a_Confirmation_User":["Failed","Skipped"]},"type":"OpenApiConnection","inputs":{"host":{"connectionName":"shared_commondataservice","operationId":"PostItem_V2","apiId":"/providers/Microsoft.PowerApps/apis/shared_commondataservice"},"parameters":{"dataset":"default.cds","table":"ovs_confirmationofcompliances","item/ovs_daterequested":"@triggerBody()['date']","item/statuscode":1,"item/subject":"Confirmation of Compliance - @{items('Apply_to_each_Violation')?['qm_rclegislationid/qm_legislationlbl']}","item/_ovs_violation_value":"@items('Apply_to_each_Violation')['qm_syresultid']","item/isworkflowcreated":false,"item/isbilled":false,"item/ismapiprivate":false,"item/leftvoicemail":false,"item/statecode":0,"item/_regardingobjectid_value":"@triggerBody()?['entity']?['msdyn_workorderid']","item/_regardingobjectid_type":"msdyn_workorders","item/_ownerid_value":"@outputs('Get_a_WO._All_fields')?['body/_ownerid_value']","item/_ownerid_type":"teams"},"authentication":{"type":"Raw","value":"@json(decodeBase64(triggerOutputs().headers['X-MS-APIM-Tokens']))['$ConnectionKey']"}}},"Create_a_Confirmation_User":{"runAfter":{},"type":"OpenApiConnection","inputs":{"host":{"connectionName":"shared_commondataservice","operationId":"PostItem_V2","apiId":"/providers/Microsoft.PowerApps/apis/shared_commondataservice"},"parameters":{"dataset":"default.cds","table":"ovs_confirmationofcompliances","item/ovs_daterequested":"@triggerBody()['date']","item/statuscode":1,"item/subject":"Confirmation of Compliance - @{items('Apply_to_each_Violation')?['qm_rclegislationid/qm_legislationlbl']}","item/_ovs_violation_value":"@items('Apply_to_each_Violation')['qm_syresultid']","item/isworkflowcreated":false,"item/isbilled":false,"item/ismapiprivate":false,"item/leftvoicemail":false,"item/statecode":0,"item/_regardingobjectid_value":"@triggerBody()?['entity']?['msdyn_workorderid']","item/_regardingobjectid_type":"msdyn_workorders","item/_ownerid_value":"@outputs('Get_a_WO._All_fields')?['body/_ownerid_value']","item/_ownerid_type":"systemusers"},"authentication":{"type":"Raw","value":"@json(decodeBase64(triggerOutputs().headers['X-MS-APIM-Tokens']))['$ConnectionKey']"}}}},"runAfter":{"Update_a_row":["Succeeded"]},"type":"Foreach"}},"outputs":{}}},"schemaVersion":"1.0.0.0"}