{"properties":{"connectionReferences":{"shared_commondataserviceforapps":{"runtimeSource":"embedded","connection":{"connectionReferenceLogicalName":"ovs_sharedcommondataserviceforapps_463ed"},"api":{"name":"shared_commondataserviceforapps"}},"shared_wordonlinebusiness":{"runtimeSource":"embedded","connection":{"connectionReferenceLogicalName":"ovs_sharedwordonlinebusiness_93332"},"api":{"name":"shared_wordonlinebusiness"}},"shared_sharepointonline":{"runtimeSource":"embedded","connection":{"connectionReferenceLogicalName":"ovs_sharedsharepointonline_06687"},"api":{"name":"shared_sharepointonline"}}},"definition":{"$schema":"https://schema.management.azure.com/providers/Microsoft.Logic/schemas/2016-06-01/workflowdefinition.json#","contentVersion":"1.0.0.0","parameters":{"$connections":{"defaultValue":{},"type":"Object"},"$authentication":{"defaultValue":{},"type":"SecureObject"}},"triggers":{"When_a_row_is_added,_modified_or_deleted":{"type":"OpenApiConnectionWebhook","inputs":{"host":{"connectionName":"shared_commondataserviceforapps","operationId":"SubscribeWebhookTrigger","apiId":"/providers/Microsoft.PowerApps/apis/shared_commondataserviceforapps"},"parameters":{"subscriptionRequest/message":4,"subscriptionRequest/entityname":"ovs_cyaction","subscriptionRequest/scope":4,"subscriptionRequest/runas":1},"authentication":"@parameters('$authentication')"},"conditions":[{"expression":"@and(equals(triggerBody()?['statuscode'],2),equals(triggerBody()?['ovs_actiontype'],918640004))"}]}},"actions":{"Is_work_order":{"actions":{"Get_a_WO._All_fields":{"runAfter":{},"type":"OpenApiConnection","inputs":{"host":{"connectionName":"shared_commondataserviceforapps","operationId":"GetItem","apiId":"/providers/Microsoft.PowerApps/apis/shared_commondataserviceforapps"},"parameters":{"entityName":"msdyn_workorders","recordId":"@triggerOutputs()?['body/_regardingobjectid_value']"},"authentication":"@parameters('$authentication')"}},"Get_Site_and_Primary_Contact":{"runAfter":{"Get_a_WO._All_fields":["Succeeded"]},"type":"OpenApiConnection","inputs":{"host":{"connectionName":"shared_commondataserviceforapps","operationId":"GetItem","apiId":"/providers/Microsoft.PowerApps/apis/shared_commondataserviceforapps"},"parameters":{"entityName":"accounts","recordId":"@outputs('Get_a_WO._All_fields')?['body/_msdyn_serviceaccount_value']","$select":"name,emailaddress1,accountid,address1_composite","$expand":"primarycontactid($select=jobtitle,fullname,emailaddress1,telephone1)"},"authentication":"@parameters('$authentication')"}},"Get_The_Single_Booking":{"runAfter":{"Get_Primary_Inspector":["Succeeded"]},"type":"OpenApiConnection","inputs":{"host":{"connectionName":"shared_commondataserviceforapps","operationId":"ListRecords","apiId":"/providers/Microsoft.PowerApps/apis/shared_commondataserviceforapps"},"parameters":{"entityName":"bookableresourcebookings","$select":"starttime","$filter":"(_msdyn_workorder_value eq @{outputs('Get_a_WO._All_fields')?['body/msdyn_workorderid']})","$orderby":"starttime desc","$top":1},"authentication":"@parameters('$authentication')"}},"Apply_StartTime_if_any":{"foreach":"@outputs('Get_The_Single_Booking')?['body/value']","actions":{"Set_StartTime":{"runAfter":{},"type":"SetVariable","inputs":{"name":"bookingStartTime","value":"@items('Apply_StartTime_if_any')?['starttime']"}}},"runAfter":{"Get_The_Single_Booking":["Succeeded"]},"type":"Foreach"},"Get_Primary_Inspector":{"runAfter":{"Get_Site_and_Primary_Contact":["Succeeded"]},"type":"OpenApiConnection","inputs":{"host":{"connectionName":"shared_commondataserviceforapps","operationId":"GetItem","apiId":"/providers/Microsoft.PowerApps/apis/shared_commondataserviceforapps"},"parameters":{"entityName":"bookableresources","recordId":"@outputs('Get_a_WO._All_fields')?['body/_ovs_primaryinspector_value']","$select":"name,msdyn_primaryemail,bookableresourceid,ovs_badgenumber,ovs_registeredinspectornumberrin","$expand":"UserId($select=lastname,firstname,systemuserid,fullname)"},"authentication":"@parameters('$authentication')"}},"Populate_a_Microsoft_Word_template":{"runAfter":{"Loop_Violations":["Succeeded"]},"metadata":{"01QZYBJ7EI4EVTAFWFBBCKOFJGD2UZSUL4":"/Inspection Report Templates/Notice of Infraction V1.docx","01QZYBJ7EXZMAJWIBB65GKEVRXXXWJRD6M":"/Inspection Report Templates/Notice of Infraction V2.docx","01QZYBJ7FS5BS2ZXI4Q5FKQNLW76O7M3BR":"/Inspection Report Templates/Notice of Infraction V3.docx","01QZYBJ7H5I5AAAZTYL5CIQLY3BWOHQ75D":"/Inspection Report Templates/Notice of Infraction V4.docx","01QZYBJ7G6OZE52WS6ANEL4ZAZL657V7BS":"/Inspection Report Templates/Notice of Infraction V5.docx","01QZYBJ7AAYYFN24MQCFEZYTXUHDTAPYPX":"/Inspection Report Templates/Notice of Infraction V6.docx","01QZYBJ7FQTOZSDPCK6FGYYXGJQWGJABKB":"/Inspection Report Templates/Notice of Infraction V7.docx"},"type":"OpenApiConnection","inputs":{"host":{"connectionName":"shared_wordonlinebusiness","operationId":"CreateFileItem","apiId":"/providers/Microsoft.PowerApps/apis/shared_wordonlinebusiness"},"parameters":{"source":"sites/034gc.sharepoint.com,140da73b-4423-4443-a812-e623d6d857c4,f2a2589e-2eec-4642-9280-443640f88211","drive":"b!O6cNFCNEQ0SoEuYj1thXxJ5YovLsLkJGkoBENkD4ghHOwr7dpePzS7BlI7DR0NOV","file":"01QZYBJ7FQTOZSDPCK6FGYYXGJQWGJABKB","dynamicFileSchema/382301797":"@outputs('Get_Site_and_Primary_Contact')?['body/address1_composite']","dynamicFileSchema/465325485":"@outputs('Get_Primary_Inspector')?['body/userid/fullname']","dynamicFileSchema/1018354222":"@outputs('Get_Primary_Inspector')?['body/ovs_registeredinspectornumberrin']","dynamicFileSchema/1098905991":"@outputs('Get_Site_and_Primary_Contact')?['body/primarycontactid/fullname']","dynamicFileSchema/1217939418":"@variables('violations')","dynamicFileSchema/1285996689":"@outputs('Get_Site_and_Primary_Contact')?['body/name']","dynamicFileSchema/1301888070":"@triggerOutputs()?['body/ovs_actiondate']","dynamicFileSchema/1539550161":"@outputs('Get_Site_and_Primary_Contact')?['body/name']","dynamicFileSchema/1592131855":"@variables('bookingStartTime')","dynamicFileSchema/-565412095":"@outputs('Get_a_WO._All_fields')?['body/msdyn_name']","dynamicFileSchema/-1975126":"@variables('bookingStartTime')","dynamicFileSchema/-1496030105":"@outputs('Get_Site_and_Primary_Contact')?['body/name']","dynamicFileSchema/-1941525947":"@outputs('Get_Site_and_Primary_Contact')?['body/name']","dynamicFileSchema/-2089449557":"@outputs('Get_Primary_Inspector')?['body/ovs_badgenumber']"},"authentication":"@parameters('$authentication')"}},"Get_Violations(Results)":{"runAfter":{"Apply_StartTime_if_any":["Succeeded"]},"type":"OpenApiConnection","inputs":{"host":{"connectionName":"shared_commondataserviceforapps","operationId":"ListRecords","apiId":"/providers/Microsoft.PowerApps/apis/shared_commondataserviceforapps"},"parameters":{"entityName":"qm_syresults","$select":"qm_internalcomments,qm_externalcomments,_qm_workorderid_value,_qm_rclegislationid_value,qm_violationcount,qm_syresultid","$filter":"(_qm_rclegislationid_value ne null and statuscode eq 1 and _qm_workorderid_value eq @{outputs('Get_a_WO._All_fields')?['body/msdyn_workorderid']}) and (qm_rclegislationId/qm_rclegislationid ne null)","$expand":"qm_rclegislationId($select=qm_legislationftxt,qm_legislationetxt,qm_legislationlbl)"},"authentication":"@parameters('$authentication')"}},"Loop_Violations":{"foreach":"@outputs('Get_Violations(Results)')?['body/value']","actions":{"Append_to_array_variable":{"runAfter":{},"type":"AppendToArrayVariable","inputs":{"name":"violations","value":{"Provision":"@{items('Loop_Violations')?['qm_rclegislationid/qm_legislationlbl']}","ViolationCount":"@{items('Loop_Violations')?['qm_violationcount']}","ExternalNotes":"@{items('Loop_Violations')?['qm_externalcomments']}"}}}},"runAfter":{"Get_Violations(Results)":["Succeeded"]},"type":"Foreach"},"Create_file":{"runAfter":{"Populate_a_Microsoft_Word_template":["Succeeded"]},"type":"OpenApiConnection","inputs":{"host":{"connectionName":"shared_sharepointonline","operationId":"CreateFile","apiId":"/providers/Microsoft.PowerApps/apis/shared_sharepointonline"},"parameters":{"dataset":"https://034gc.sharepoint.com/sites/SamuraiTeam","folderPath":"@outputs('Create_new_folder_in_SP')?['body/{FullPath}']","name":"@variables('fileNameSP')","body":"@outputs('Populate_a_Microsoft_Word_template')?['body']"},"authentication":"@parameters('$authentication')"},"runtimeConfiguration":{"contentTransfer":{"transferMode":"Chunked"}}},"Convert_Word_Document_to_PDF":{"runAfter":{"Create_file":["Succeeded"]},"type":"OpenApiConnection","inputs":{"host":{"connectionName":"shared_wordonlinebusiness","operationId":"GetFilePDF","apiId":"/providers/Microsoft.PowerApps/apis/shared_wordonlinebusiness"},"parameters":{"source":"sites/034gc.sharepoint.com,140da73b-4423-4443-a812-e623d6d857c4,f2a2589e-2eec-4642-9280-443640f88211","drive":"b!O6cNFCNEQ0SoEuYj1thXxJ5YovLsLkJGkoBENkD4ghHOwr7dpePzS7BlI7DR0NOV","file":"/Reports@{variables('SPfolderPath')}/@{variables('fileNameSP')}"},"authentication":"@parameters('$authentication')"}},"Add_Annotation_file":{"runAfter":{"Convert_Word_Document_to_PDF":["Succeeded"]},"type":"OpenApiConnection","inputs":{"host":{"connectionName":"shared_commondataserviceforapps","operationId":"CreateRecord","apiId":"/providers/Microsoft.PowerApps/apis/shared_commondataserviceforapps"},"parameters":{"entityName":"annotations","item/subject":"WO @{outputs('Get_a_WO._All_fields')?['body/msdyn_name']}- Notice of Infraction","item/isdocument":true,"item/documentbody":"@base64(outputs('Convert_Word_Document_to_PDF')?['body'])","item/filename":"WO @{outputs('Get_a_WO._All_fields')?['body/msdyn_name']}- Notice of Infraction.pdf","item/objectid_msdyn_workorder@odata.bind":"/msdyn_workorders/@{outputs('Get_a_WO._All_fields')?['body/msdyn_workorderid']}"},"authentication":"@parameters('$authentication')"}}},"runAfter":{"Create_new_folder_in_SP":["Succeeded"]},"expression":{"equals":["@variables('RegardingType')","msdyn_workorders"]},"type":"If"},"Clean_EA_guid":{"runAfter":{},"type":"InitializeVariable","inputs":{"variables":[{"name":"RegardingId","type":"string","value":"@toUpper(replace(triggerOutputs()?['body/_regardingobjectid_value'], '-', ''))"}]}},"Regarding_Type":{"runAfter":{"Clean_EA_guid":["Succeeded"]},"type":"InitializeVariable","inputs":{"variables":[{"name":"RegardingType","type":"string","value":"@{triggerOutputs()?['body/_regardingobjectid_type']}"}]}},"SP_Folder_Path":{"runAfter":{"Regarding_Type":["Succeeded"]},"type":"InitializeVariable","inputs":{"variables":[{"name":"SPfolderPath","type":"string","value":"/@{variables('RegardingId')}"}]}},"File_Name_SharePoint":{"runAfter":{"SP_Folder_Path":["Succeeded"]},"type":"InitializeVariable","inputs":{"variables":[{"name":"fileNameSP","type":"string","value":"_@{variables('RegardingId')}.docx"}]}},"Booking_StartTime":{"runAfter":{"File_Name_SharePoint":["Succeeded"]},"type":"InitializeVariable","inputs":{"variables":[{"name":"bookingStartTime","type":"string"}]}},"Violations":{"runAfter":{"Booking_StartTime":["Succeeded"]},"type":"InitializeVariable","inputs":{"variables":[{"name":"violations","type":"array"}]}},"Create_new_folder_in_SP":{"runAfter":{"Violations":["Succeeded"]},"type":"OpenApiConnection","inputs":{"host":{"connectionName":"shared_sharepointonline","operationId":"CreateNewFolder","apiId":"/providers/Microsoft.PowerApps/apis/shared_sharepointonline"},"parameters":{"dataset":"https://034gc.sharepoint.com/sites/SamuraiTeam","table":"ddbec2ce-e3a5-4bf3-b065-23b0d1d0d395","parameters/path":"/Reports@{variables('SPfolderPath')}"},"authentication":"@parameters('$authentication')"}},"Delete_folder":{"runAfter":{"Is_work_order":["Succeeded"]},"type":"OpenApiConnection","inputs":{"host":{"connectionName":"shared_sharepointonline","operationId":"DeleteItem","apiId":"/providers/Microsoft.PowerApps/apis/shared_sharepointonline"},"parameters":{"dataset":"https://034gc.sharepoint.com/sites/SamuraiTeam","table":"Documents","id":"@outputs('Create_new_folder_in_SP')?['body/ID']"},"authentication":"@parameters('$authentication')"}}},"outputs":{}}},"schemaVersion":"1.0.0.0"}