<ImportExportXml version="9.2.23033.180" SolutionPackageVersion="9.2" languagecode="1033" generatedBy="CrmLive" xmlns:xsi="http://www.w3.org/2001/XMLSchema-instance">
  <SolutionManifest>
    <UniqueName>TC_GlobalCore_Patch_90ad0450</UniqueName>
    <LocalizedNames>
      <LocalizedName description="TDG Core Schema" languagecode="1033" />
      <LocalizedName description="TDG Core Schema" languagecode="1036" />
    </LocalizedNames>
    <Descriptions>
      <Description description="Patch for TDG Core Schema" languagecode="1033" />
      <Description description="Patch for TDG Core Schema" languagecode="1036" />
    </Descriptions>
    <ParentUniqueName>TC_GlobalCore</ParentUniqueName>
    <Version>1.149.1.0</Version>
    <Managed>0</Managed>
    <Publisher>
      <UniqueName>oversightpublisher</UniqueName>
      <LocalizedNames>
        <LocalizedName description="Oversight" languagecode="1033" />
      </LocalizedNames>
      <Descriptions>
        <Description description="This is the common solution for AvSec Inspection and TDG Inspection." languagecode="1033" />
      </Descriptions>
      <EMailAddress xsi:nil="true"></EMailAddress>
      <SupportingWebsiteUrl xsi:nil="true"></SupportingWebsiteUrl>
      <CustomizationPrefix>ovs</CustomizationPrefix>
      <CustomizationOptionValuePrefix>91864</CustomizationOptionValuePrefix>
      <Addresses>
        <Address>
          <AddressNumber>1</AddressNumber>
          <AddressTypeCode>1</AddressTypeCode>
          <City xsi:nil="true"></City>
          <County xsi:nil="true"></County>
          <Country xsi:nil="true"></Country>
          <Fax xsi:nil="true"></Fax>
          <FreightTermsCode xsi:nil="true"></FreightTermsCode>
          <ImportSequenceNumber xsi:nil="true"></ImportSequenceNumber>
          <Latitude xsi:nil="true"></Latitude>
          <Line1 xsi:nil="true"></Line1>
          <Line2 xsi:nil="true"></Line2>
          <Line3 xsi:nil="true"></Line3>
          <Longitude xsi:nil="true"></Longitude>
          <Name xsi:nil="true"></Name>
          <PostalCode xsi:nil="true"></PostalCode>
          <PostOfficeBox xsi:nil="true"></PostOfficeBox>
          <PrimaryContactName xsi:nil="true"></PrimaryContactName>
          <ShippingMethodCode>1</ShippingMethodCode>
          <StateOrProvince xsi:nil="true"></StateOrProvince>
          <Telephone1 xsi:nil="true"></Telephone1>
          <Telephone2 xsi:nil="true"></Telephone2>
          <Telephone3 xsi:nil="true"></Telephone3>
          <TimeZoneRuleVersionNumber xsi:nil="true"></TimeZoneRuleVersionNumber>
          <UPSZone xsi:nil="true"></UPSZone>
          <UTCOffset xsi:nil="true"></UTCOffset>
          <UTCConversionTimeZoneCode xsi:nil="true"></UTCConversionTimeZoneCode>
        </Address>
        <Address>
          <AddressNumber>2</AddressNumber>
          <AddressTypeCode>1</AddressTypeCode>
          <City xsi:nil="true"></City>
          <County xsi:nil="true"></County>
          <Country xsi:nil="true"></Country>
          <Fax xsi:nil="true"></Fax>
          <FreightTermsCode xsi:nil="true"></FreightTermsCode>
          <ImportSequenceNumber xsi:nil="true"></ImportSequenceNumber>
          <Latitude xsi:nil="true"></Latitude>
          <Line1 xsi:nil="true"></Line1>
          <Line2 xsi:nil="true"></Line2>
          <Line3 xsi:nil="true"></Line3>
          <Longitude xsi:nil="true"></Longitude>
          <Name xsi:nil="true"></Name>
          <PostalCode xsi:nil="true"></PostalCode>
          <PostOfficeBox xsi:nil="true"></PostOfficeBox>
          <PrimaryContactName xsi:nil="true"></PrimaryContactName>
          <ShippingMethodCode>1</ShippingMethodCode>
          <StateOrProvince xsi:nil="true"></StateOrProvince>
          <Telephone1 xsi:nil="true"></Telephone1>
          <Telephone2 xsi:nil="true"></Telephone2>
          <Telephone3 xsi:nil="true"></Telephone3>
          <TimeZoneRuleVersionNumber xsi:nil="true"></TimeZoneRuleVersionNumber>
          <UPSZone xsi:nil="true"></UPSZone>
          <UTCOffset xsi:nil="true"></UTCOffset>
          <UTCConversionTimeZoneCode xsi:nil="true"></UTCConversionTimeZoneCode>
        </Address>
      </Addresses>
    </Publisher>
    <RootComponents>
      <RootComponent type="1" schemaName="account" behavior="1" />
      <RootComponent type="1" schemaName="fdr_servicerequest" behavior="2" />
      <RootComponent type="1" schemaName="ovs_tdginspectionreport" behavior="1" />
      <RootComponent type="61" schemaName="fdr_AccountFDR_main.js" behavior="0" />
      <RootComponent type="61" schemaName="fdr_SR_Main.js" behavior="0" />
      <RootComponent type="61" schemaName="qm_AccountTDG_main.js" behavior="0" />
      <RootComponent type="61" schemaName="qm_globalHelper.js" behavior="0" />
    </RootComponents>
    <MissingDependencies>
      <MissingDependency>
        <Required type="1" schemaName="fdr_equipment" displayName="Equipment" solution="Active" />
        <Dependent type="60" displayName="Information" parentDisplayName="Service Request" id="{337e6783-6be4-4278-82d0-ee57257802dc}" />
      </MissingDependency>
      <MissingDependency>
        <Required type="1" schemaName="fdr_registeredmark" displayName="Registered Mark" solution="Active" />
        <Dependent type="60" displayName="Information" parentDisplayName="Service Request" id="{337e6783-6be4-4278-82d0-ee57257802dc}" />
      </MissingDependency>
      <MissingDependency>
        <Required type="1" schemaName="fdr_regulatoryrequirement" displayName="Regulatory Requirement" solution="Active" />
        <Dependent type="60" displayName="Information" parentDisplayName="Service Request" id="{337e6783-6be4-4278-82d0-ee57257802dc}" />
      </MissingDependency>
      <MissingDependency>
        <Required type="1" schemaName="fdr_servicerequest" displayName="Service Request" solution="Active" />
        <Dependent type="1" schemaName="fdr_servicerequest" displayName="Service Request" />
      </MissingDependency>
      <MissingDependency>
        <Required type="1" schemaName="fdr_servicerequestfunction" displayName="Function" solution="Active" />
        <Dependent type="60" displayName="Information" parentDisplayName="Service Request" id="{337e6783-6be4-4278-82d0-ee57257802dc}" />
      </MissingDependency>
      <MissingDependency>
        <Required type="1" schemaName="fdr_servicerequestservicetask" displayName="Service Request Service Task" solution="Active" />
        <Dependent type="60" displayName="Information" parentDisplayName="Service Request" id="{337e6783-6be4-4278-82d0-ee57257802dc}" />
      </MissingDependency>
      <MissingDependency>
        <Required type="1" schemaName="msdyn_workorder" displayName="Work Order" solution="FieldService (8.8.0.88)">
          <package>FieldService_Anchor (8.8.88.54)</package>
        </Required>
        <Dependent type="60" displayName="Site" parentDisplayName="Account" id="{db5d5927-e1b5-440f-b55b-e0a95e1b053b}" />
      </MissingDependency>
      <MissingDependency>
        <Required type="1" schemaName="ovs_mocregistration" displayName="Operation" solution="Active" />
        <Dependent type="60" displayName="Site" parentDisplayName="Account" id="{db5d5927-e1b5-440f-b55b-e0a95e1b053b}" />
      </MissingDependency>
      <MissingDependency>
        <Required type="1" schemaName="ovs_tdginspectionreport" displayName="TDG Inspection Report" solution="Active" />
        <Dependent type="1" schemaName="ovs_tdginspectionreport" displayName="TDG Inspection Report" />
      </MissingDependency>
      <MissingDependency>
        <Required type="1" schemaName="ovs_tyohsequipmenttype" displayName="OHS Equipment Type" solution="Active" />
        <Dependent type="60" displayName="Site" parentDisplayName="Account" id="{db5d5927-e1b5-440f-b55b-e0a95e1b053b}" />
      </MissingDependency>
      <MissingDependency>
        <Required type="1" schemaName="ovs_tyohsnote" displayName="OHS Note" solution="Active" />
        <Dependent type="60" displayName="Site" parentDisplayName="Account" id="{db5d5927-e1b5-440f-b55b-e0a95e1b053b}" />
      </MissingDependency>
      <MissingDependency>
        <Required type="10" schemaName="fdr_ServiceRequest_Site" displayName="fdr_ServiceRequest_Site" parentSchemaName="account" parentDisplayName="Account" solution="Active" />
        <Dependent type="60" displayName="Information" parentDisplayName="Service Request" id="{337e6783-6be4-4278-82d0-ee57257802dc}" />
      </MissingDependency>
      <MissingDependency>
        <Required type="10" schemaName="msdyn_account_account_BillingAccount" displayName="msdyn_account_account_BillingAccount" parentSchemaName="account" parentDisplayName="Account" solution="FieldServiceCommon (1.0.0.217)">
          <package>FieldService_Anchor (8.8.88.54)</package>
        </Required>
        <Dependent type="60" displayName="Entreprise" parentDisplayName="Account" id="{444fd031-7381-4a73-a520-2b2fd7ebe013}" />
      </MissingDependency>
      <MissingDependency>
        <Required type="10" schemaName="msdyn_account_account_BillingAccount" displayName="msdyn_account_account_BillingAccount" parentSchemaName="account" parentDisplayName="Account" solution="FieldServiceCommon (1.0.0.217)">
          <package>FieldService_Anchor (8.8.88.54)</package>
        </Required>
        <Dependent type="60" displayName="Site" parentDisplayName="Account" id="{db5d5927-e1b5-440f-b55b-e0a95e1b053b}" />
      </MissingDependency>
      <MissingDependency>
        <Required type="10" schemaName="msdyn_account_msdyn_agreement_BillingAccount" displayName="msdyn_account_msdyn_agreement_BillingAccount" parentSchemaName="account" parentDisplayName="Account" solution="FieldService (8.8.0.88)">
          <package>FieldService_Anchor (8.8.88.54)</package>
        </Required>
        <Dependent type="60" displayName="Entreprise" parentDisplayName="Account" id="{444fd031-7381-4a73-a520-2b2fd7ebe013}" />
      </MissingDependency>
      <MissingDependency>
        <Required type="10" schemaName="msdyn_account_msdyn_agreement_BillingAccount" displayName="msdyn_account_msdyn_agreement_BillingAccount" parentSchemaName="account" parentDisplayName="Account" solution="FieldService (8.8.0.88)">
          <package>FieldService_Anchor (8.8.88.54)</package>
        </Required>
        <Dependent type="60" displayName="Site" parentDisplayName="Account" id="{db5d5927-e1b5-440f-b55b-e0a95e1b053b}" />
      </MissingDependency>
      <MissingDependency>
        <Required type="10" schemaName="msdyn_account_msdyn_agreement_ServiceAccount" displayName="msdyn_account_msdyn_agreement_ServiceAccount" parentSchemaName="account" parentDisplayName="Account" solution="FieldService (8.8.0.88)">
          <package>FieldService_Anchor (8.8.88.54)</package>
        </Required>
        <Dependent type="60" displayName="Entreprise" parentDisplayName="Account" id="{444fd031-7381-4a73-a520-2b2fd7ebe013}" />
      </MissingDependency>
      <MissingDependency>
        <Required type="10" schemaName="msdyn_account_msdyn_agreement_ServiceAccount" displayName="msdyn_account_msdyn_agreement_ServiceAccount" parentSchemaName="account" parentDisplayName="Account" solution="FieldService (8.8.0.88)">
          <package>FieldService_Anchor (8.8.88.54)</package>
        </Required>
        <Dependent type="60" displayName="Site" parentDisplayName="Account" id="{db5d5927-e1b5-440f-b55b-e0a95e1b053b}" />
      </MissingDependency>
      <MissingDependency>
        <Required type="10" schemaName="msdyn_account_msdyn_payment_Account" displayName="msdyn_account_msdyn_payment_Account" parentSchemaName="account" parentDisplayName="Account" solution="FieldService (8.8.0.88)">
          <package>FieldService_Anchor (8.8.88.54)</package>
        </Required>
        <Dependent type="60" displayName="Entreprise" parentDisplayName="Account" id="{444fd031-7381-4a73-a520-2b2fd7ebe013}" />
      </MissingDependency>
      <MissingDependency>
        <Required type="10" schemaName="msdyn_account_msdyn_payment_Account" displayName="msdyn_account_msdyn_payment_Account" parentSchemaName="account" parentDisplayName="Account" solution="FieldService (8.8.0.88)">
          <package>FieldService_Anchor (8.8.88.54)</package>
        </Required>
        <Dependent type="60" displayName="Site" parentDisplayName="Account" id="{db5d5927-e1b5-440f-b55b-e0a95e1b053b}" />
      </MissingDependency>
      <MissingDependency>
        <Required type="10" schemaName="msdyn_account_msdyn_purchaseorder_Vendor" displayName="msdyn_account_msdyn_purchaseorder_Vendor" parentSchemaName="account" parentDisplayName="Account" solution="FieldServiceCommon (1.0.0.217)">
          <package>FieldService_Anchor (8.8.88.54)</package>
        </Required>
        <Dependent type="60" displayName="Entreprise" parentDisplayName="Account" id="{444fd031-7381-4a73-a520-2b2fd7ebe013}" />
      </MissingDependency>
      <MissingDependency>
        <Required type="10" schemaName="msdyn_account_msdyn_purchaseorder_Vendor" displayName="msdyn_account_msdyn_purchaseorder_Vendor" parentSchemaName="account" parentDisplayName="Account" solution="FieldServiceCommon (1.0.0.217)">
          <package>FieldService_Anchor (8.8.88.54)</package>
        </Required>
        <Dependent type="60" displayName="Site" parentDisplayName="Account" id="{db5d5927-e1b5-440f-b55b-e0a95e1b053b}" />
      </MissingDependency>
      <MissingDependency>
        <Required type="10" schemaName="msdyn_account_msdyn_rma_BillingAccount" displayName="msdyn_account_msdyn_rma_BillingAccount" parentSchemaName="account" parentDisplayName="Account" solution="FieldService (8.8.0.88)">
          <package>FieldService_Anchor (8.8.88.54)</package>
        </Required>
        <Dependent type="60" displayName="Entreprise" parentDisplayName="Account" id="{444fd031-7381-4a73-a520-2b2fd7ebe013}" />
      </MissingDependency>
      <MissingDependency>
        <Required type="10" schemaName="msdyn_account_msdyn_rma_BillingAccount" displayName="msdyn_account_msdyn_rma_BillingAccount" parentSchemaName="account" parentDisplayName="Account" solution="FieldService (8.8.0.88)">
          <package>FieldService_Anchor (8.8.88.54)</package>
        </Required>
        <Dependent type="60" displayName="Site" parentDisplayName="Account" id="{db5d5927-e1b5-440f-b55b-e0a95e1b053b}" />
      </MissingDependency>
      <MissingDependency>
        <Required type="10" schemaName="msdyn_account_msdyn_rma_ServiceAccount" displayName="msdyn_account_msdyn_rma_ServiceAccount" parentSchemaName="account" parentDisplayName="Account" solution="FieldService (8.8.0.88)">
          <package>FieldService_Anchor (8.8.88.54)</package>
        </Required>
        <Dependent type="60" displayName="Entreprise" parentDisplayName="Account" id="{444fd031-7381-4a73-a520-2b2fd7ebe013}" />
      </MissingDependency>
      <MissingDependency>
        <Required type="10" schemaName="msdyn_account_msdyn_rma_ServiceAccount" displayName="msdyn_account_msdyn_rma_ServiceAccount" parentSchemaName="account" parentDisplayName="Account" solution="FieldService (8.8.0.88)">
          <package>FieldService_Anchor (8.8.88.54)</package>
        </Required>
        <Dependent type="60" displayName="Site" parentDisplayName="Account" id="{db5d5927-e1b5-440f-b55b-e0a95e1b053b}" />
      </MissingDependency>
      <MissingDependency>
        <Required type="10" schemaName="msdyn_account_msdyn_rtv_Vendor" displayName="msdyn_account_msdyn_rtv_Vendor" parentSchemaName="account" parentDisplayName="Account" solution="FieldService (8.8.0.88)">
          <package>FieldService_Anchor (8.8.88.54)</package>
        </Required>
        <Dependent type="60" displayName="Entreprise" parentDisplayName="Account" id="{444fd031-7381-4a73-a520-2b2fd7ebe013}" />
      </MissingDependency>
      <MissingDependency>
        <Required type="10" schemaName="msdyn_account_msdyn_rtv_Vendor" displayName="msdyn_account_msdyn_rtv_Vendor" parentSchemaName="account" parentDisplayName="Account" solution="FieldService (8.8.0.88)">
          <package>FieldService_Anchor (8.8.88.54)</package>
        </Required>
        <Dependent type="60" displayName="Site" parentDisplayName="Account" id="{db5d5927-e1b5-440f-b55b-e0a95e1b053b}" />
      </MissingDependency>
      <MissingDependency>
        <Required type="10" schemaName="msdyn_account_msdyn_workorder_BillingAccount" displayName="msdyn_account_msdyn_workorder_BillingAccount" parentSchemaName="account" parentDisplayName="Account" solution="FieldService (8.8.0.88)">
          <package>FieldService_Anchor (8.8.88.54)</package>
        </Required>
        <Dependent type="60" displayName="Entreprise" parentDisplayName="Account" id="{444fd031-7381-4a73-a520-2b2fd7ebe013}" />
      </MissingDependency>
      <MissingDependency>
        <Required type="10" schemaName="msdyn_account_msdyn_workorder_BillingAccount" displayName="msdyn_account_msdyn_workorder_BillingAccount" parentSchemaName="account" parentDisplayName="Account" solution="FieldService (8.8.0.88)">
          <package>FieldService_Anchor (8.8.88.54)</package>
        </Required>
        <Dependent type="60" displayName="Site" parentDisplayName="Account" id="{db5d5927-e1b5-440f-b55b-e0a95e1b053b}" />
      </MissingDependency>
      <MissingDependency>
        <Required type="10" schemaName="msdyn_account_msdyn_workorder_ServiceAccount" displayName="msdyn_account_msdyn_workorder_ServiceAccount" parentSchemaName="account" parentDisplayName="Account" solution="FieldService (8.8.0.88)">
          <package>FieldService_Anchor (8.8.88.54)</package>
        </Required>
        <Dependent type="60" displayName="Entreprise" parentDisplayName="Account" id="{444fd031-7381-4a73-a520-2b2fd7ebe013}" />
      </MissingDependency>
      <MissingDependency>
        <Required type="10" schemaName="msdyn_account_msdyn_workorder_ServiceAccount" displayName="msdyn_account_msdyn_workorder_ServiceAccount" parentSchemaName="account" parentDisplayName="Account" solution="FieldService (8.8.0.88)">
          <package>FieldService_Anchor (8.8.88.54)</package>
        </Required>
        <Dependent type="60" displayName="Site" parentDisplayName="Account" id="{db5d5927-e1b5-440f-b55b-e0a95e1b053b}" />
      </MissingDependency>
      <MissingDependency>
        <Required type="10" schemaName="ovs_account_contact" displayName="ovs_account_contact" parentSchemaName="account" parentDisplayName="Account" solution="Active" />
        <Dependent type="60" displayName="Entreprise" parentDisplayName="Account" id="{444fd031-7381-4a73-a520-2b2fd7ebe013}" />
      </MissingDependency>
      <MissingDependency>
        <Required type="10" schemaName="ovs_account_contact" displayName="ovs_account_contact" parentSchemaName="account" parentDisplayName="Account" solution="Active" />
        <Dependent type="60" displayName="Site" parentDisplayName="Account" id="{db5d5927-e1b5-440f-b55b-e0a95e1b053b}" />
      </MissingDependency>
      <MissingDependency>
        <Required type="10" schemaName="ovs_account_tdginspectionreport" displayName="ovs_account_tdginspectionreport" parentSchemaName="account" parentDisplayName="Account" solution="Active" />
        <Dependent type="60" displayName="Information" parentDisplayName="TDG Inspection Report" id="{2bab2315-6ce6-442a-8269-f87ed3d6a64a}" />
      </MissingDependency>
      <MissingDependency>
        <Required type="10" schemaName="ovs_account_tyequipmenttype" displayName="ovs_account_tyequipmenttype" parentSchemaName="account" parentDisplayName="Account" solution="Active" />
        <Dependent type="60" displayName="Site" parentDisplayName="Account" id="{db5d5927-e1b5-440f-b55b-e0a95e1b053b}" />
      </MissingDependency>
      <MissingDependency>
        <Required type="10" schemaName="ovs_MOCRegistration_Site" displayName="ovs_MOCRegistration_Site" parentSchemaName="account" parentDisplayName="Account" solution="Active" />
        <Dependent type="60" displayName="Information" parentDisplayName="Service Request" id="{337e6783-6be4-4278-82d0-ee57257802dc}" />
      </MissingDependency>
      <MissingDependency>
        <Required type="10" schemaName="ovs_MOCRegistration_Site" displayName="ovs_MOCRegistration_Site" parentSchemaName="account" parentDisplayName="Account" solution="Active" />
        <Dependent type="60" displayName="Site" parentDisplayName="Account" id="{db5d5927-e1b5-440f-b55b-e0a95e1b053b}" />
      </MissingDependency>
      <MissingDependency>
        <Required type="10" schemaName="ovs_tyohsnote_Account_Account" displayName="ovs_tyohsnote_Account_Account" parentSchemaName="account" parentDisplayName="Account" solution="Active" />
        <Dependent type="60" displayName="Site" parentDisplayName="Account" id="{db5d5927-e1b5-440f-b55b-e0a95e1b053b}" />
      </MissingDependency>
      <MissingDependency>
        <Required type="10" schemaName="fdr_servicerequest_PortalContact" displayName="fdr_servicerequest_PortalContact" parentSchemaName="contact" parentDisplayName="Contact" solution="Active" />
        <Dependent type="60" displayName="Information" parentDisplayName="Service Request" id="{337e6783-6be4-4278-82d0-ee57257802dc}" />
      </MissingDependency>
      <MissingDependency>
        <Required type="10" schemaName="fdr_ServiceRequest_ContainerType" displayName="fdr_ServiceRequest_ContainerType" parentSchemaName="fdr_containertype" parentDisplayName="Registration Type" solution="Active" />
        <Dependent type="60" displayName="Information" parentDisplayName="Service Request" id="{337e6783-6be4-4278-82d0-ee57257802dc}" />
      </MissingDependency>
      <MissingDependency>
        <Required type="10" schemaName="fdr_ServiceRequest_CostRecoveryAttribute" displayName="fdr_ServiceRequest_CostRecoveryAttribute" parentSchemaName="fdr_costrecoveryattribute" parentDisplayName="Cost Recovery Attribute" solution="Active" />
        <Dependent type="60" displayName="Information" parentDisplayName="Service Request" id="{337e6783-6be4-4278-82d0-ee57257802dc}" />
      </MissingDependency>
      <MissingDependency>
        <Required type="10" schemaName="fdr_Equipment_ServiceRequest" displayName="fdr_Equipment_ServiceRequest" parentSchemaName="fdr_equipment" parentDisplayName="Equipment" solution="Active" />
        <Dependent type="60" displayName="Information" parentDisplayName="Service Request" id="{337e6783-6be4-4278-82d0-ee57257802dc}" />
      </MissingDependency>
      <MissingDependency>
        <Required type="10" schemaName="fdr_regulatoryrequirement_servicerequest" displayName="fdr_regulatoryrequirement_servicerequest" parentSchemaName="fdr_regulatoryrequirement" parentDisplayName="Regulatory Requirement" solution="Active" />
        <Dependent type="60" displayName="Information" parentDisplayName="Service Request" id="{337e6783-6be4-4278-82d0-ee57257802dc}" />
      </MissingDependency>
      <MissingDependency>
        <Required type="10" schemaName="fdr_ServiceRequest_fdr_ServiceRequest_fdr" displayName="fdr_ServiceRequest_fdr_ServiceRequest_fdr" parentSchemaName="fdr_servicerequest" parentDisplayName="Service Request" solution="Active" />
        <Dependent type="60" displayName="Information" parentDisplayName="Service Request" id="{337e6783-6be4-4278-82d0-ee57257802dc}" />
      </MissingDependency>
      <MissingDependency>
        <Required type="10" schemaName="fdr_ServiceRequestFunction_ServiceRequest" displayName="fdr_ServiceRequestFunction_ServiceRequest" parentSchemaName="fdr_servicerequest" parentDisplayName="Service Request" solution="Active" />
        <Dependent type="60" displayName="Information" parentDisplayName="Service Request" id="{337e6783-6be4-4278-82d0-ee57257802dc}" />
      </MissingDependency>
      <MissingDependency>
        <Required type="10" schemaName="fdr_servicerequest_servicerequestperformance" displayName="fdr_servicerequest_servicerequestperformance" parentSchemaName="fdr_servicerequestperformance" parentDisplayName="Service Request Performance" solution="Active" />
        <Dependent type="60" displayName="Information" parentDisplayName="Service Request" id="{337e6783-6be4-4278-82d0-ee57257802dc}" />
      </MissingDependency>
      <MissingDependency>
        <Required type="10" schemaName="msdyn_account_msdyn_customerasset_Account" displayName="msdyn_account_msdyn_customerasset_Account" parentSchemaName="msdyn_customerasset" parentDisplayName="Customer Asset" solution="msdyn_AssetCommon (1.0.36.11)">
          <package>FieldService_Anchor (8.8.88.54)</package>
          <package>msdynce_ServiceAnchor (9.0.23033.4015)</package>
        </Required>
        <Dependent type="60" displayName="Entreprise" parentDisplayName="Account" id="{444fd031-7381-4a73-a520-2b2fd7ebe013}" />
      </MissingDependency>
      <MissingDependency>
        <Required type="10" schemaName="msdyn_account_msdyn_customerasset_Account" displayName="msdyn_account_msdyn_customerasset_Account" parentSchemaName="msdyn_customerasset" parentDisplayName="Customer Asset" solution="msdyn_AssetCommon (1.0.36.11)">
          <package>FieldService_Anchor (8.8.88.54)</package>
          <package>msdynce_ServiceAnchor (9.0.23033.4015)</package>
        </Required>
        <Dependent type="60" displayName="Site" parentDisplayName="Account" id="{db5d5927-e1b5-440f-b55b-e0a95e1b053b}" />
      </MissingDependency>
      <MissingDependency>
        <Required type="10" schemaName="fdr_ServiceRequest_RelatedWorkOrder" displayName="fdr_ServiceRequest_RelatedWorkOrder" parentSchemaName="msdyn_workorder" parentDisplayName="Work Order" solution="Active" />
        <Dependent type="60" displayName="Information" parentDisplayName="Service Request" id="{337e6783-6be4-4278-82d0-ee57257802dc}" />
      </MissingDependency>
      <MissingDependency>
        <Required type="10" schemaName="ovs_workorder_tdginspectionreport" displayName="ovs_workorder_tdginspectionreport" parentSchemaName="msdyn_workorder" parentDisplayName="Work Order" solution="Active" />
        <Dependent type="60" displayName="Information" parentDisplayName="TDG Inspection Report" id="{2bab2315-6ce6-442a-8269-f87ed3d6a64a}" />
      </MissingDependency>
      <MissingDependency>
        <Required type="10" schemaName="fdr_ServiceRequest_Operation_ovs_MOCRegis" displayName="fdr_ServiceRequest_Operation_ovs_MOCRegis" parentSchemaName="ovs_mocregistration" parentDisplayName="Operation" solution="Active" />
        <Dependent type="60" displayName="Information" parentDisplayName="Service Request" id="{337e6783-6be4-4278-82d0-ee57257802dc}" />
      </MissingDependency>
      <MissingDependency>
        <Required type="2" schemaName="cid_cidcompanystatus" displayName="Organization Status" parentSchemaName="account" parentDisplayName="Account" solution="Active" />
        <Dependent type="60" displayName="Entreprise" parentDisplayName="Account" id="{444fd031-7381-4a73-a520-2b2fd7ebe013}" />
      </MissingDependency>
      <MissingDependency>
        <Required type="2" schemaName="cid_crabusinessnumber" displayName="CRA Business Number" parentSchemaName="account" parentDisplayName="Account" solution="Active" />
        <Dependent type="60" displayName="Entreprise" parentDisplayName="Account" id="{444fd031-7381-4a73-a520-2b2fd7ebe013}" />
      </MissingDependency>
      <MissingDependency>
        <Required type="2" schemaName="ovs_cdpopulationdensity" displayName="Population Density" parentSchemaName="account" parentDisplayName="Account" solution="Active" />
        <Dependent type="60" displayName="Site" parentDisplayName="Account" id="{db5d5927-e1b5-440f-b55b-e0a95e1b053b}" />
      </MissingDependency>
      <MissingDependency>
        <Required type="2" schemaName="ovs_legalname" displayName="Legal Name" parentSchemaName="account" parentDisplayName="Account" solution="Active" />
        <Dependent type="60" displayName="Entreprise" parentDisplayName="Account" id="{444fd031-7381-4a73-a520-2b2fd7ebe013}" />
      </MissingDependency>
      <MissingDependency>
        <Required type="2" schemaName="ovs_legalname" displayName="Legal Name" parentSchemaName="account" parentDisplayName="Account" solution="Active" />
        <Dependent type="60" displayName="Inspection report Site Preview" parentDisplayName="Account" id="{c16a60f2-fb21-4a5e-a237-04421d310cbe}" />
      </MissingDependency>
      <MissingDependency>
        <Required type="2" schemaName="ovs_legalname" displayName="Legal Name" parentSchemaName="account" parentDisplayName="Account" solution="Active" />
        <Dependent type="60" displayName="Site" parentDisplayName="Account" id="{db5d5927-e1b5-440f-b55b-e0a95e1b053b}" />
      </MissingDependency>
      <MissingDependency>
        <Required type="2" schemaName="ovs_legalnamefr" displayName="French Legal Name" parentSchemaName="account" parentDisplayName="Account" solution="Active" />
        <Dependent type="60" displayName="Entreprise" parentDisplayName="Account" id="{444fd031-7381-4a73-a520-2b2fd7ebe013}" />
      </MissingDependency>
      <MissingDependency>
        <Required type="2" schemaName="ovs_legalnamefr" displayName="French Legal Name" parentSchemaName="account" parentDisplayName="Account" solution="Active" />
        <Dependent type="60" displayName="Site" parentDisplayName="Account" id="{db5d5927-e1b5-440f-b55b-e0a95e1b053b}" />
      </MissingDependency>
      <MissingDependency>
        <Required type="2" schemaName="ovs_mocexpiry" displayName="MOC Registration Expiry" parentSchemaName="account" parentDisplayName="Account" solution="Active" />
        <Dependent type="60" displayName="Site" parentDisplayName="Account" id="{db5d5927-e1b5-440f-b55b-e0a95e1b053b}" />
      </MissingDependency>
      <MissingDependency>
        <Required type="2" schemaName="ovs_mocid" displayName="MOC Registration" parentSchemaName="account" parentDisplayName="Account" solution="Active" />
        <Dependent type="60" displayName="Site" parentDisplayName="Account" id="{db5d5927-e1b5-440f-b55b-e0a95e1b053b}" />
      </MissingDependency>
      <MissingDependency>
        <Required type="2" schemaName="ovs_naicscode" displayName="NAICS Code" parentSchemaName="account" parentDisplayName="Account" solution="Active" />
        <Dependent type="60" displayName="Entreprise" parentDisplayName="Account" id="{444fd031-7381-4a73-a520-2b2fd7ebe013}" />
      </MissingDependency>
      <MissingDependency>
        <Required type="2" schemaName="ovs_naicscode" displayName="NAICS Code" parentSchemaName="account" parentDisplayName="Account" solution="Active" />
        <Dependent type="60" displayName="Site" parentDisplayName="Account" id="{db5d5927-e1b5-440f-b55b-e0a95e1b053b}" />
      </MissingDependency>
      <MissingDependency>
        <Required type="2" schemaName="ovs_namefr" displayName="French Operating Name" parentSchemaName="account" parentDisplayName="Account" solution="Active" />
        <Dependent type="60" displayName="Entreprise" parentDisplayName="Account" id="{444fd031-7381-4a73-a520-2b2fd7ebe013}" />
      </MissingDependency>
      <MissingDependency>
        <Required type="2" schemaName="ovs_namefr" displayName="French Operating Name" parentSchemaName="account" parentDisplayName="Account" solution="Active" />
        <Dependent type="60" displayName="Site" parentDisplayName="Account" id="{db5d5927-e1b5-440f-b55b-e0a95e1b053b}" />
      </MissingDependency>
      <MissingDependency>
        <Required type="2" schemaName="ovs_romid" displayName="ROM ID" parentSchemaName="account" parentDisplayName="Account" solution="Active" />
        <Dependent type="60" displayName="Site" parentDisplayName="Account" id="{db5d5927-e1b5-440f-b55b-e0a95e1b053b}" />
      </MissingDependency>
      <MissingDependency>
        <Required type="2" schemaName="territoryid" displayName="Territory" parentSchemaName="account" parentDisplayName="Account" solution="msdynce_Sales (9.0.4.0076)">
          <package>msdynce_SalesAnchor (9.0.23033.10009)</package>
        </Required>
        <Dependent type="60" displayName="Entreprise" parentDisplayName="Account" id="{444fd031-7381-4a73-a520-2b2fd7ebe013}" />
      </MissingDependency>
      <MissingDependency>
        <Required type="2" schemaName="territoryid" displayName="Territory" parentSchemaName="account" parentDisplayName="Account" solution="msdynce_Sales (9.0.4.0076)">
          <package>msdynce_SalesAnchor (9.0.23033.10009)</package>
        </Required>
        <Dependent type="60" displayName="Site" parentDisplayName="Account" id="{db5d5927-e1b5-440f-b55b-e0a95e1b053b}" />
      </MissingDependency>
      <MissingDependency>
        <Required type="2" schemaName="createdby" displayName="Created By" parentSchemaName="fdr_servicerequest" parentDisplayName="Service Request" solution="Active" />
        <Dependent type="60" displayName="Information" parentDisplayName="Service Request" id="{337e6783-6be4-4278-82d0-ee57257802dc}" />
      </MissingDependency>
      <MissingDependency>
        <Required type="2" schemaName="createdon" displayName="Created On" parentSchemaName="fdr_servicerequest" parentDisplayName="Service Request" solution="Active" />
        <Dependent type="60" displayName="Information" parentDisplayName="Service Request" id="{337e6783-6be4-4278-82d0-ee57257802dc}" />
      </MissingDependency>
      <MissingDependency>
        <Required type="2" schemaName="fdr_containertype" displayName="Registration Type" parentSchemaName="fdr_servicerequest" parentDisplayName="Service Request" solution="Active" />
        <Dependent type="60" displayName="Information" parentDisplayName="Service Request" id="{337e6783-6be4-4278-82d0-ee57257802dc}" />
      </MissingDependency>
      <MissingDependency>
        <Required type="2" schemaName="fdr_costrecoveryattribute" displayName="Cost Recovery Attribute" parentSchemaName="fdr_servicerequest" parentDisplayName="Service Request" solution="Active" />
        <Dependent type="60" displayName="Information" parentDisplayName="Service Request" id="{337e6783-6be4-4278-82d0-ee57257802dc}" />
      </MissingDependency>
      <MissingDependency>
        <Required type="2" schemaName="fdr_crsd_status" displayName="CRSD Status" parentSchemaName="fdr_servicerequest" parentDisplayName="Service Request" solution="Active" />
        <Dependent type="60" displayName="Information" parentDisplayName="Service Request" id="{337e6783-6be4-4278-82d0-ee57257802dc}" />
      </MissingDependency>
      <MissingDependency>
        <Required type="2" schemaName="fdr_daysremaining" displayName="Days Remaining" parentSchemaName="fdr_servicerequest" parentDisplayName="Service Request" solution="Active" />
        <Dependent type="60" displayName="Information" parentDisplayName="Service Request" id="{337e6783-6be4-4278-82d0-ee57257802dc}" />
      </MissingDependency>
      <MissingDependency>
        <Required type="2" schemaName="fdr_inforeceivedon" displayName="Info Received On" parentSchemaName="fdr_servicerequest" parentDisplayName="Service Request" solution="Active" />
        <Dependent type="60" displayName="Information" parentDisplayName="Service Request" id="{337e6783-6be4-4278-82d0-ee57257802dc}" />
      </MissingDependency>
      <MissingDependency>
        <Required type="2" schemaName="fdr_mtoa_sr_id" displayName="MTOA SR ID" parentSchemaName="fdr_servicerequest" parentDisplayName="Service Request" solution="Active" />
        <Dependent type="60" displayName="Information" parentDisplayName="Service Request" id="{337e6783-6be4-4278-82d0-ee57257802dc}" />
      </MissingDependency>
      <MissingDependency>
        <Required type="2" schemaName="fdr_name" displayName="Service Request ID" parentSchemaName="fdr_servicerequest" parentDisplayName="Service Request" solution="Active" />
        <Dependent type="60" displayName="Information" parentDisplayName="Service Request" id="{337e6783-6be4-4278-82d0-ee57257802dc}" />
      </MissingDependency>
      <MissingDependency>
        <Required type="2" schemaName="fdr_operation" displayName="Operation" parentSchemaName="fdr_servicerequest" parentDisplayName="Service Request" solution="Active" />
        <Dependent type="60" displayName="Information" parentDisplayName="Service Request" id="{337e6783-6be4-4278-82d0-ee57257802dc}" />
      </MissingDependency>
      <MissingDependency>
        <Required type="2" schemaName="fdr_operationstatus" displayName="Current Operation Status" parentSchemaName="fdr_servicerequest" parentDisplayName="Service Request" solution="Active" />
        <Dependent type="60" displayName="Information" parentDisplayName="Service Request" id="{337e6783-6be4-4278-82d0-ee57257802dc}" />
      </MissingDependency>
      <MissingDependency>
        <Required type="2" schemaName="fdr_portalcontact" displayName="Portal Contact" parentSchemaName="fdr_servicerequest" parentDisplayName="Service Request" solution="Active" />
        <Dependent type="60" displayName="Information" parentDisplayName="Service Request" id="{337e6783-6be4-4278-82d0-ee57257802dc}" />
      </MissingDependency>
      <MissingDependency>
        <Required type="2" schemaName="fdr_refusaljustification" displayName="Refusal Justification" parentSchemaName="fdr_servicerequest" parentDisplayName="Service Request" solution="Active" />
        <Dependent type="60" displayName="Information" parentDisplayName="Service Request" id="{337e6783-6be4-4278-82d0-ee57257802dc}" />
      </MissingDependency>
      <MissingDependency>
        <Required type="2" schemaName="fdr_relatedworkorder" displayName="Related Work Order" parentSchemaName="fdr_servicerequest" parentDisplayName="Service Request" solution="Active" />
        <Dependent type="60" displayName="Information" parentDisplayName="Service Request" id="{337e6783-6be4-4278-82d0-ee57257802dc}" />
      </MissingDependency>
      <MissingDependency>
        <Required type="2" schemaName="fdr_servicerequestperformance" displayName="Service Request Performance Id" parentSchemaName="fdr_servicerequest" parentDisplayName="Service Request" solution="Active" />
        <Dependent type="60" displayName="Information" parentDisplayName="Service Request" id="{337e6783-6be4-4278-82d0-ee57257802dc}" />
      </MissingDependency>
      <MissingDependency>
        <Required type="2" schemaName="fdr_site" displayName="Account" parentSchemaName="fdr_servicerequest" parentDisplayName="Service Request" solution="Active" />
        <Dependent type="60" displayName="Information" parentDisplayName="Service Request" id="{337e6783-6be4-4278-82d0-ee57257802dc}" />
      </MissingDependency>
      <MissingDependency>
        <Required type="2" schemaName="fdr_srtype" displayName="Service Request Type" parentSchemaName="fdr_servicerequest" parentDisplayName="Service Request" solution="Active" />
        <Dependent type="60" displayName="Information" parentDisplayName="Service Request" id="{337e6783-6be4-4278-82d0-ee57257802dc}" />
      </MissingDependency>
      <MissingDependency>
        <Required type="2" schemaName="fdr_submissiondate" displayName="Service Request Submission Date" parentSchemaName="fdr_servicerequest" parentDisplayName="Service Request" solution="Active" />
        <Dependent type="60" displayName="Information" parentDisplayName="Service Request" id="{337e6783-6be4-4278-82d0-ee57257802dc}" />
      </MissingDependency>
      <MissingDependency>
        <Required type="2" schemaName="fdr_tgs_duration" displayName="Tracking General Service Duration" parentSchemaName="fdr_servicerequest" parentDisplayName="Service Request" solution="Active" />
        <Dependent type="60" displayName="Information" parentDisplayName="Service Request" id="{337e6783-6be4-4278-82d0-ee57257802dc}" />
      </MissingDependency>
      <MissingDependency>
        <Required type="2" schemaName="fdr_tss_duration" displayName="Tracking Service Standard Duration" parentSchemaName="fdr_servicerequest" parentDisplayName="Service Request" solution="Active" />
        <Dependent type="60" displayName="Information" parentDisplayName="Service Request" id="{337e6783-6be4-4278-82d0-ee57257802dc}" />
      </MissingDependency>
      <MissingDependency>
        <Required type="2" schemaName="modifiedby" displayName="Modified By" parentSchemaName="fdr_servicerequest" parentDisplayName="Service Request" solution="Active" />
        <Dependent type="60" displayName="Information" parentDisplayName="Service Request" id="{337e6783-6be4-4278-82d0-ee57257802dc}" />
      </MissingDependency>
      <MissingDependency>
        <Required type="2" schemaName="modifiedon" displayName="Modified On" parentSchemaName="fdr_servicerequest" parentDisplayName="Service Request" solution="Active" />
        <Dependent type="60" displayName="Information" parentDisplayName="Service Request" id="{337e6783-6be4-4278-82d0-ee57257802dc}" />
      </MissingDependency>
      <MissingDependency>
        <Required type="2" schemaName="ownerid" displayName="Owner" parentSchemaName="fdr_servicerequest" parentDisplayName="Service Request" solution="Active" />
        <Dependent type="60" displayName="Information" parentDisplayName="Service Request" id="{337e6783-6be4-4278-82d0-ee57257802dc}" />
      </MissingDependency>
      <MissingDependency>
        <Required type="2" schemaName="statecode" displayName="Status" parentSchemaName="fdr_servicerequest" parentDisplayName="Service Request" solution="Active" />
        <Dependent type="60" displayName="Information" parentDisplayName="Service Request" id="{337e6783-6be4-4278-82d0-ee57257802dc}" />
      </MissingDependency>
      <MissingDependency>
        <Required type="2" schemaName="statuscode" displayName="Status Reason" parentSchemaName="fdr_servicerequest" parentDisplayName="Service Request" solution="Active" />
        <Dependent type="60" displayName="Information" parentDisplayName="Service Request" id="{337e6783-6be4-4278-82d0-ee57257802dc}" />
      </MissingDependency>
      <MissingDependency>
        <Required type="2" schemaName="ovs_generalcomments" displayName="General Comments" parentSchemaName="ovs_tdginspectionreport" parentDisplayName="TDG Inspection Report" solution="Active" />
        <Dependent type="60" displayName="Information" parentDisplayName="TDG Inspection Report" id="{2bab2315-6ce6-442a-8269-f87ed3d6a64a}" />
      </MissingDependency>
      <MissingDependency>
        <Required type="2" schemaName="ovs_justification" displayName="Cancellation Justification" parentSchemaName="ovs_tdginspectionreport" parentDisplayName="TDG Inspection Report" solution="Active" />
        <Dependent type="60" displayName="Information" parentDisplayName="TDG Inspection Report" id="{2bab2315-6ce6-442a-8269-f87ed3d6a64a}" />
      </MissingDependency>
      <MissingDependency>
        <Required type="2" schemaName="ovs_name" displayName="Report ID" parentSchemaName="ovs_tdginspectionreport" parentDisplayName="TDG Inspection Report" solution="Active" />
        <Dependent type="60" displayName="Information" parentDisplayName="TDG Inspection Report" id="{2bab2315-6ce6-442a-8269-f87ed3d6a64a}" />
      </MissingDependency>
      <MissingDependency>
        <Required type="2" schemaName="ovs_reportlanguage" displayName="Report Language" parentSchemaName="ovs_tdginspectionreport" parentDisplayName="TDG Inspection Report" solution="Active" />
        <Dependent type="60" displayName="Information" parentDisplayName="TDG Inspection Report" id="{2bab2315-6ce6-442a-8269-f87ed3d6a64a}" />
      </MissingDependency>
      <MissingDependency>
        <Required type="2" schemaName="ovs_siteid" displayName="Site" parentSchemaName="ovs_tdginspectionreport" parentDisplayName="TDG Inspection Report" solution="Active" />
        <Dependent type="60" displayName="Information" parentDisplayName="TDG Inspection Report" id="{2bab2315-6ce6-442a-8269-f87ed3d6a64a}" />
      </MissingDependency>
      <MissingDependency>
        <Required type="2" schemaName="ovs_workorderid" displayName="Work Order" parentSchemaName="ovs_tdginspectionreport" parentDisplayName="TDG Inspection Report" solution="Active" />
        <Dependent type="60" displayName="Information" parentDisplayName="TDG Inspection Report" id="{2bab2315-6ce6-442a-8269-f87ed3d6a64a}" />
      </MissingDependency>
      <MissingDependency>
        <Required type="2" schemaName="ownerid" displayName="Owner" parentSchemaName="ovs_tdginspectionreport" parentDisplayName="TDG Inspection Report" solution="Active" />
        <Dependent type="60" displayName="Information" parentDisplayName="TDG Inspection Report" id="{2bab2315-6ce6-442a-8269-f87ed3d6a64a}" />
      </MissingDependency>
      <MissingDependency>
        <Required type="2" schemaName="statuscode" displayName="Status Reason" parentSchemaName="ovs_tdginspectionreport" parentDisplayName="TDG Inspection Report" solution="Active" />
        <Dependent type="60" displayName="Information" parentDisplayName="TDG Inspection Report" id="{2bab2315-6ce6-442a-8269-f87ed3d6a64a}" />
      </MissingDependency>
      <MissingDependency>
        <Required type="20" displayName="TDG Manager" solution="Active" id="{545418f6-d089-eb11-b1ac-000d3ae92dbf}" />
        <Dependent type="60" displayName="Information" parentDisplayName="TDG Inspection Report" id="{2bab2315-6ce6-442a-8269-f87ed3d6a64a}" />
      </MissingDependency>
      <MissingDependency>
        <Required type="20" displayName="TDG Manager" solution="Active" id="{545418f6-d089-eb11-b1ac-000d3ae92dbf}" />
        <Dependent type="60" displayName="Entreprise" parentDisplayName="Account" id="{444fd031-7381-4a73-a520-2b2fd7ebe013}" />
      </MissingDependency>
      <MissingDependency>
        <Required type="20" displayName="TDG Manager" solution="Active" id="{545418f6-d089-eb11-b1ac-000d3ae92dbf}" />
        <Dependent type="60" displayName="Site" parentDisplayName="Account" id="{db5d5927-e1b5-440f-b55b-e0a95e1b053b}" />
      </MissingDependency>
      <MissingDependency>
        <Required type="20" displayName="TDG Analyst" solution="Active" id="{6ba72790-cf89-eb11-b1ac-000d3ae92dbf}" />
        <Dependent type="60" displayName="Information" parentDisplayName="TDG Inspection Report" id="{2bab2315-6ce6-442a-8269-f87ed3d6a64a}" />
      </MissingDependency>
      <MissingDependency>
        <Required type="20" displayName="TDG Analyst" solution="Active" id="{6ba72790-cf89-eb11-b1ac-000d3ae92dbf}" />
        <Dependent type="60" displayName="Entreprise" parentDisplayName="Account" id="{444fd031-7381-4a73-a520-2b2fd7ebe013}" />
      </MissingDependency>
      <MissingDependency>
        <Required type="20" displayName="TDG Analyst" solution="Active" id="{6ba72790-cf89-eb11-b1ac-000d3ae92dbf}" />
        <Dependent type="60" displayName="Site" parentDisplayName="Account" id="{db5d5927-e1b5-440f-b55b-e0a95e1b053b}" />
      </MissingDependency>
      <MissingDependency>
        <Required type="20" displayName="TDG Base" solution="Active" id="{6ee20a40-2264-eb11-a812-000d3aff0dda}" />
        <Dependent type="60" displayName="Information" parentDisplayName="TDG Inspection Report" id="{2bab2315-6ce6-442a-8269-f87ed3d6a64a}" />
      </MissingDependency>
      <MissingDependency>
        <Required type="20" displayName="TDG Planner" solution="Active" id="{a8d3ef08-d189-eb11-b1ac-000d3ae92dbf}" />
        <Dependent type="60" displayName="Information" parentDisplayName="TDG Inspection Report" id="{2bab2315-6ce6-442a-8269-f87ed3d6a64a}" />
      </MissingDependency>
      <MissingDependency>
        <Required type="20" displayName="TDG Planner" solution="Active" id="{a8d3ef08-d189-eb11-b1ac-000d3ae92dbf}" />
        <Dependent type="60" displayName="Entreprise" parentDisplayName="Account" id="{444fd031-7381-4a73-a520-2b2fd7ebe013}" />
      </MissingDependency>
      <MissingDependency>
        <Required type="20" displayName="TDG Planner" solution="Active" id="{a8d3ef08-d189-eb11-b1ac-000d3ae92dbf}" />
        <Dependent type="60" displayName="Site" parentDisplayName="Account" id="{db5d5927-e1b5-440f-b55b-e0a95e1b053b}" />
      </MissingDependency>
      <MissingDependency>
        <Required type="20" displayName="TDG Inspector" solution="Active" id="{de8e34ea-d189-eb11-b1ac-000d3ae92dbf}" />
        <Dependent type="60" displayName="Information" parentDisplayName="TDG Inspection Report" id="{2bab2315-6ce6-442a-8269-f87ed3d6a64a}" />
      </MissingDependency>
      <MissingDependency>
        <Required type="20" displayName="TDG Inspector" solution="Active" id="{de8e34ea-d189-eb11-b1ac-000d3ae92dbf}" />
        <Dependent type="60" displayName="Entreprise" parentDisplayName="Account" id="{444fd031-7381-4a73-a520-2b2fd7ebe013}" />
      </MissingDependency>
      <MissingDependency>
        <Required type="20" displayName="TDG Inspector" solution="Active" id="{de8e34ea-d189-eb11-b1ac-000d3ae92dbf}" />
        <Dependent type="60" displayName="Site" parentDisplayName="Account" id="{db5d5927-e1b5-440f-b55b-e0a95e1b053b}" />
      </MissingDependency>
      <MissingDependency>
        <Required type="26" schemaName="FDR - Active Authorized Locations" displayName="FDR - Active Authorized Locations" parentSchemaName="ovs_mocregistration" parentDisplayName="Operation" solution="Active" id="{00d793a4-1f0d-ed11-b83d-000d3a84cfdd}" />
        <Dependent type="60" displayName="Information" parentDisplayName="Service Request" id="{337e6783-6be4-4278-82d0-ee57257802dc}" />
      </MissingDependency>
      <MissingDependency>
        <Required type="26" schemaName="CID Portal - Validation - Sites" displayName="CID Portal - Validation - Sites" parentSchemaName="account" parentDisplayName="Account" solution="Active" id="{048f4d4f-c892-ec11-b3fe-000d3a0c187c}" />
        <Dependent type="60" displayName="Information" parentDisplayName="Service Request" id="{337e6783-6be4-4278-82d0-ee57257802dc}" />
      </MissingDependency>
      <MissingDependency>
        <Required type="26" schemaName="SR Registered Marks" displayName="SR Registered Marks" parentSchemaName="fdr_registeredmark" parentDisplayName="Registered Mark" solution="Active" id="{056720d5-7745-ed11-bba3-0022483d0343}" />
        <Dependent type="60" displayName="Information" parentDisplayName="Service Request" id="{337e6783-6be4-4278-82d0-ee57257802dc}" />
      </MissingDependency>
      <MissingDependency>
        <Required type="26" schemaName="FDR - Related Registrations Lookup" displayName="FDR - Related Registrations Lookup" parentSchemaName="ovs_mocregistration" parentDisplayName="Operation" solution="Active" id="{0b7e7b0d-331f-ed11-b83d-000d3a0c8551}" />
        <Dependent type="60" displayName="Information" parentDisplayName="Service Request" id="{337e6783-6be4-4278-82d0-ee57257802dc}" />
      </MissingDependency>
      <MissingDependency>
        <Required type="26" schemaName="Compte de service" displayName="Compte de service" parentSchemaName="account" parentDisplayName="Account" solution="FieldService (8.8.0.88)" id="{0f928982-20d3-e811-815b-000d3afd1036}">
          <package>FieldService_Anchor (8.8.88.54)</package>
        </Required>
        <Dependent type="60" displayName="Information" parentDisplayName="Service Request" id="{337e6783-6be4-4278-82d0-ee57257802dc}" />
      </MissingDependency>
      <MissingDependency>
        <Required type="26" schemaName="FDR - Inactive Operations" displayName="FDR - Inactive Operations" parentSchemaName="ovs_mocregistration" parentDisplayName="Operation" solution="Active" id="{17b7e3b3-67b0-ec11-983e-000d3a84adbc}" />
        <Dependent type="60" displayName="Information" parentDisplayName="Service Request" id="{337e6783-6be4-4278-82d0-ee57257802dc}" />
      </MissingDependency>
      <MissingDependency>
        <Required type="26" schemaName="Opérations que je suis" displayName="Opérations que je suis" parentSchemaName="ovs_mocregistration" parentDisplayName="Operation" solution="Active" id="{20dd646c-d283-4811-8284-ce954c81a186}" />
        <Dependent type="60" displayName="Information" parentDisplayName="Service Request" id="{337e6783-6be4-4278-82d0-ee57257802dc}" />
      </MissingDependency>
      <MissingDependency>
        <Required type="26" schemaName="Sites inactifs de ma région" displayName="Sites inactifs de ma région" parentSchemaName="account" parentDisplayName="Account" solution="Active" id="{2253be98-5ad4-eb11-bacc-000d3af38cd4}" />
        <Dependent type="60" displayName="Information" parentDisplayName="Service Request" id="{337e6783-6be4-4278-82d0-ee57257802dc}" />
      </MissingDependency>
      <MissingDependency>
        <Required type="26" schemaName="Remarques de SST actives" displayName="Remarques de SST actives" parentSchemaName="ovs_tyohsnote" parentDisplayName="OHS Note" solution="Active" id="{228abdfa-9513-479c-82ac-c14abfb5b341}" />
        <Dependent type="60" displayName="Site" parentDisplayName="Account" id="{db5d5927-e1b5-440f-b55b-e0a95e1b053b}" />
      </MissingDependency>
      <MissingDependency>
        <Required type="26" schemaName="Fonctions de la demande de service" displayName="Fonctions de la demande de service" parentSchemaName="fdr_servicerequestfunction" parentDisplayName="Function" solution="Active" id="{241e9d45-8266-ed11-9562-0022483d0343}" />
        <Dependent type="60" displayName="Information" parentDisplayName="Service Request" id="{337e6783-6be4-4278-82d0-ee57257802dc}" />
      </MissingDependency>
      <MissingDependency>
        <Required type="26" schemaName="CID Portal - Modes of Transportation" displayName="CID Portal - Modes of Transportation" parentSchemaName="ovs_mocregistration" parentDisplayName="Operation" solution="Active" id="{264f8095-3cfd-ec11-82e6-000d3a848097}" />
        <Dependent type="60" displayName="Information" parentDisplayName="Service Request" id="{337e6783-6be4-4278-82d0-ee57257802dc}" />
      </MissingDependency>
      <MissingDependency>
        <Required type="26" schemaName="Active and Inactive Operations Lookup View" displayName="Active and Inactive Operations Lookup View" parentSchemaName="ovs_mocregistration" parentDisplayName="Operation" solution="Active" id="{287f0e17-478e-ed11-aad1-0022483d0343}" />
        <Dependent type="60" displayName="Information" parentDisplayName="Service Request" id="{337e6783-6be4-4278-82d0-ee57257802dc}" />
      </MissingDependency>
      <MissingDependency>
        <Required type="26" schemaName="CEP - Replacements" displayName="CEP - Replacements" parentSchemaName="ovs_mocregistration" parentDisplayName="Operation" solution="Active" id="{2a19c226-6817-ed11-b83f-000d3a84cfdd}" />
        <Dependent type="60" displayName="Information" parentDisplayName="Service Request" id="{337e6783-6be4-4278-82d0-ee57257802dc}" />
      </MissingDependency>
      <MissingDependency>
        <Required type="26" schemaName="Les opérations inactives" displayName="Les opérations inactives" parentSchemaName="ovs_mocregistration" parentDisplayName="Operation" solution="Active" id="{382ae718-7adc-40a1-af1b-bf4acaa09635}" />
        <Dependent type="60" displayName="Information" parentDisplayName="Service Request" id="{337e6783-6be4-4278-82d0-ee57257802dc}" />
      </MissingDependency>
      <MissingDependency>
        <Required type="26" schemaName="Équipements actifs" displayName="Équipements actifs" parentSchemaName="fdr_equipment" parentDisplayName="Equipment" solution="Active" id="{3a5d0c3a-0ba0-45d5-a7a3-2b72880b5747}" />
        <Dependent type="60" displayName="Information" parentDisplayName="Service Request" id="{337e6783-6be4-4278-82d0-ee57257802dc}" />
      </MissingDependency>
      <MissingDependency>
        <Required type="26" schemaName="CID Portal - Validation - Unclaimed Sites" displayName="CID Portal - Validation - Unclaimed Sites" parentSchemaName="account" parentDisplayName="Account" solution="Active" id="{3fffabcb-74c0-ec11-983e-0022483db9d8}" />
        <Dependent type="60" displayName="Information" parentDisplayName="Service Request" id="{337e6783-6be4-4278-82d0-ee57257802dc}" />
      </MissingDependency>
      <MissingDependency>
        <Required type="26" schemaName="Marques enregistrées" displayName="Marques enregistrées" parentSchemaName="fdr_registeredmark" parentDisplayName="Registered Mark" solution="Active" id="{40475b8a-3345-413b-8fd6-e80ed986c2de}" />
        <Dependent type="60" displayName="Information" parentDisplayName="Service Request" id="{337e6783-6be4-4278-82d0-ee57257802dc}" />
      </MissingDependency>
      <MissingDependency>
        <Required type="26" schemaName="CID Portal - OData - Parent Companies" displayName="CID Portal - OData - Parent Companies" parentSchemaName="account" parentDisplayName="Account" solution="Active" id="{40662d0e-d694-ec11-b3fe-000d3a0c829e}" />
        <Dependent type="60" displayName="Information" parentDisplayName="Service Request" id="{337e6783-6be4-4278-82d0-ee57257802dc}" />
      </MissingDependency>
      <MissingDependency>
        <Required type="26" schemaName="Transport des marchandises dangereuses" displayName="Transport des marchandises dangereuses" parentSchemaName="account" parentDisplayName="Account" solution="Active" id="{57962920-5929-eb11-a813-000d3af3a7a7}" />
        <Dependent type="60" displayName="Information" parentDisplayName="Service Request" id="{337e6783-6be4-4278-82d0-ee57257802dc}" />
      </MissingDependency>
      <MissingDependency>
        <Required type="26" schemaName="Exigences réglementaires actifs" displayName="Exigences réglementaires actifs" parentSchemaName="fdr_regulatoryrequirement" parentDisplayName="Regulatory Requirement" solution="Active" id="{59cdfd10-e97b-43c1-8d29-991af31b7bdc}" />
        <Dependent type="60" displayName="Information" parentDisplayName="Service Request" id="{337e6783-6be4-4278-82d0-ee57257802dc}" />
      </MissingDependency>
      <MissingDependency>
        <Required type="26" schemaName="Comptes que je suis" displayName="Comptes que je suis" parentSchemaName="account" parentDisplayName="Account" solution="Active" id="{61273827-328e-e011-95ae-00155d9cfa02}" />
        <Dependent type="60" displayName="Information" parentDisplayName="Service Request" id="{337e6783-6be4-4278-82d0-ee57257802dc}" />
      </MissingDependency>
      <MissingDependency>
        <Required type="26" schemaName="Comptes suivis" displayName="Comptes suivis" parentSchemaName="account" parentDisplayName="Account" solution="Active" id="{61273827-328e-e011-95ae-00155d9cfa03}" />
        <Dependent type="60" displayName="Information" parentDisplayName="Service Request" id="{337e6783-6be4-4278-82d0-ee57257802dc}" />
      </MissingDependency>
      <MissingDependency>
        <Required type="26" schemaName="CEP - Frame" displayName="CEP - Frame" parentSchemaName="ovs_mocregistration" parentDisplayName="Operation" solution="Active" id="{6551506e-b87e-ec11-8d20-0022483e1408}" />
        <Dependent type="60" displayName="Information" parentDisplayName="Service Request" id="{337e6783-6be4-4278-82d0-ee57257802dc}" />
      </MissingDependency>
      <MissingDependency>
        <Required type="26" schemaName="Tous les comptes" displayName="Tous les comptes" parentSchemaName="account" parentDisplayName="Account" solution="msdynce_AppCommon (9.0.4.0066)" id="{65ffaf9a-e8c5-432d-860b-32f841b00d87}">
          <package>msdynce_AppCommonAnchor (9.0.23033.10002)</package>
        </Required>
        <Dependent type="60" displayName="Information" parentDisplayName="Service Request" id="{337e6783-6be4-4278-82d0-ee57257802dc}" />
      </MissingDependency>
      <MissingDependency>
        <Required type="26" schemaName="CID - Not Claim Sites" displayName="CID - Not Claim Sites" parentSchemaName="account" parentDisplayName="Account" solution="Active" id="{6e812d65-8725-ec11-b6e6-0022483cb5cd}" />
        <Dependent type="60" displayName="Information" parentDisplayName="Service Request" id="{337e6783-6be4-4278-82d0-ee57257802dc}" />
      </MissingDependency>
      <MissingDependency>
        <Required type="26" schemaName="CEP - Selections (Before Replacements)" displayName="CEP - Selections (Before Replacements)" parentSchemaName="ovs_mocregistration" parentDisplayName="Operation" solution="Active" id="{6efb73d4-5617-ed11-b83e-000d3a0c8551}" />
        <Dependent type="60" displayName="Information" parentDisplayName="Service Request" id="{337e6783-6be4-4278-82d0-ee57257802dc}" />
      </MissingDependency>
      <MissingDependency>
        <Required type="26" schemaName="Site — Vue Recherche" displayName="Site — Vue Recherche" parentSchemaName="account" parentDisplayName="Account" solution="Active" id="{7b62c6ee-865b-eb11-a812-000d3a84db40}" />
        <Dependent type="60" displayName="Information" parentDisplayName="Service Request" id="{337e6783-6be4-4278-82d0-ee57257802dc}" />
      </MissingDependency>
      <MissingDependency>
        <Required type="26" schemaName="Sites" displayName="Sites" parentSchemaName="account" parentDisplayName="Account" solution="Active" id="{7c363e5f-5bd4-eb11-bacc-000d3af3999c}" />
        <Dependent type="60" displayName="Information" parentDisplayName="Service Request" id="{337e6783-6be4-4278-82d0-ee57257802dc}" />
      </MissingDependency>
      <MissingDependency>
        <Required type="26" schemaName="Campagnes des comptes exclus" displayName="Campagnes des comptes exclus" parentSchemaName="account" parentDisplayName="Account" solution="msdynce_MarketingPatch (9.0.1904.1019)" id="{7de498c2-508f-49a4-b2e8-d550d5b1b9ee}">
          <package>msdynce_MarketingAnchor (9.0.23033.10003)</package>
        </Required>
        <Dependent type="60" displayName="Information" parentDisplayName="Service Request" id="{337e6783-6be4-4278-82d0-ee57257802dc}" />
      </MissingDependency>
      <MissingDependency>
        <Required type="26" schemaName="Operations Lookup View" displayName="Operations Lookup View" parentSchemaName="ovs_mocregistration" parentDisplayName="Operation" solution="Active" id="{7e35f6a5-af6d-40f3-b3aa-3369350f8c35}" />
        <Dependent type="60" displayName="Information" parentDisplayName="Service Request" id="{337e6783-6be4-4278-82d0-ee57257802dc}" />
      </MissingDependency>
      <MissingDependency>
        <Required type="26" schemaName="Comptes enfants actifs" displayName="Comptes enfants actifs" parentSchemaName="account" parentDisplayName="Account" solution="Active" id="{82cc4863-aa98-eb11-b1ac-000d3ae93a4f}" />
        <Dependent type="60" displayName="Information" parentDisplayName="Service Request" id="{337e6783-6be4-4278-82d0-ee57257802dc}" />
      </MissingDependency>
      <MissingDependency>
        <Required type="26" schemaName="Comptes enfants actifs" displayName="Comptes enfants actifs" parentSchemaName="account" parentDisplayName="Account" solution="Active" id="{82cc4863-aa98-eb11-b1ac-000d3ae93a4f}" />
        <Dependent type="60" displayName="Entreprise" parentDisplayName="Account" id="{444fd031-7381-4a73-a520-2b2fd7ebe013}" />
      </MissingDependency>
      <MissingDependency>
        <Required type="26" schemaName="CID Portal - Parent Companies" displayName="CID Portal - Parent Companies" parentSchemaName="account" parentDisplayName="Account" solution="Active" id="{84f03662-9e28-ec11-b6e6-0022483cb5cd}" />
        <Dependent type="60" displayName="Information" parentDisplayName="Service Request" id="{337e6783-6be4-4278-82d0-ee57257802dc}" />
      </MissingDependency>
      <MissingDependency>
        <Required type="26" schemaName="FDR - Active Operations" displayName="FDR - Active Operations" parentSchemaName="ovs_mocregistration" parentDisplayName="Operation" solution="Active" id="{873176c8-b2ae-ec11-983e-000d3a8476c5}" />
        <Dependent type="60" displayName="Information" parentDisplayName="Service Request" id="{337e6783-6be4-4278-82d0-ee57257802dc}" />
      </MissingDependency>
      <MissingDependency>
        <Required type="26" schemaName="Entreprises" displayName="Entreprises" parentSchemaName="account" parentDisplayName="Account" solution="Active" id="{8965dc8d-460a-eb11-a813-000d3af3a7a7}" />
        <Dependent type="60" displayName="Information" parentDisplayName="Service Request" id="{337e6783-6be4-4278-82d0-ee57257802dc}" />
      </MissingDependency>
      <MissingDependency>
        <Required type="26" schemaName="Types d'équipements de SST actifs" displayName="Types d'équipements de SST actifs" parentSchemaName="ovs_tyohsequipmenttype" parentDisplayName="OHS Equipment Type" solution="Active" id="{8ce18d7f-d3e4-47e6-a481-93982bb8060a}" />
        <Dependent type="60" displayName="Site" parentDisplayName="Account" id="{db5d5927-e1b5-440f-b55b-e0a95e1b053b}" />
      </MissingDependency>
      <MissingDependency>
        <Required type="26" schemaName="Operation Site Profile View" displayName="Operation Site Profile View" parentSchemaName="ovs_mocregistration" parentDisplayName="Operation" solution="Active" id="{8d7b5de0-0734-ec11-8c64-0022483db1e9}" />
        <Dependent type="60" displayName="Information" parentDisplayName="Service Request" id="{337e6783-6be4-4278-82d0-ee57257802dc}" />
      </MissingDependency>
      <MissingDependency>
        <Required type="26" schemaName="CEP - Selections (After Replacements)" displayName="CEP - Selections (After Replacements)" parentSchemaName="ovs_mocregistration" parentDisplayName="Operation" solution="Active" id="{8e1f1c91-5017-ed11-b83f-000d3a84cfdd}" />
        <Dependent type="60" displayName="Information" parentDisplayName="Service Request" id="{337e6783-6be4-4278-82d0-ee57257802dc}" />
      </MissingDependency>
      <MissingDependency>
        <Required type="26" schemaName="Remarques de SST inactives" displayName="Remarques de SST inactives" parentSchemaName="ovs_tyohsnote" parentDisplayName="OHS Note" solution="Active" id="{8e352772-eac2-4fe7-9a76-8929b3306c85}" />
        <Dependent type="60" displayName="Site" parentDisplayName="Account" id="{db5d5927-e1b5-440f-b55b-e0a95e1b053b}" />
      </MissingDependency>
      <MissingDependency>
        <Required type="26" schemaName="Sites With No Operations" displayName="Sites With No Operations" parentSchemaName="account" parentDisplayName="Account" solution="Active" id="{906591f6-654c-ec11-8f8e-000d3ae8e96e}" />
        <Dependent type="60" displayName="Information" parentDisplayName="Service Request" id="{337e6783-6be4-4278-82d0-ee57257802dc}" />
      </MissingDependency>
      <MissingDependency>
        <Required type="26" schemaName="CID Portal - Validation - Operations" displayName="CID Portal - Validation - Operations" parentSchemaName="ovs_mocregistration" parentDisplayName="Operation" solution="Active" id="{93f38437-2a9b-ec11-b3fe-0022483da640}" />
        <Dependent type="60" displayName="Information" parentDisplayName="Service Request" id="{337e6783-6be4-4278-82d0-ee57257802dc}" />
      </MissingDependency>
      <MissingDependency>
        <Required type="26" schemaName="Les opérations actives" displayName="Les opérations actives" parentSchemaName="ovs_mocregistration" parentDisplayName="Operation" solution="Active" id="{98c7fee1-1d9f-4226-89bb-26e6be7057f8}" />
        <Dependent type="60" displayName="Information" parentDisplayName="Service Request" id="{337e6783-6be4-4278-82d0-ee57257802dc}" />
      </MissingDependency>
      <MissingDependency>
        <Required type="26" schemaName="Les opérations actives" displayName="Les opérations actives" parentSchemaName="ovs_mocregistration" parentDisplayName="Operation" solution="Active" id="{98c7fee1-1d9f-4226-89bb-26e6be7057f8}" />
        <Dependent type="60" displayName="Site" parentDisplayName="Account" id="{db5d5927-e1b5-440f-b55b-e0a95e1b053b}" />
      </MissingDependency>
      <MissingDependency>
        <Required type="26" schemaName="CID - Claim Sites" displayName="CID - Claim Sites" parentSchemaName="account" parentDisplayName="Account" solution="Active" id="{a0be1cb3-8525-ec11-b6e6-0022483cb5cd}" />
        <Dependent type="60" displayName="Information" parentDisplayName="Service Request" id="{337e6783-6be4-4278-82d0-ee57257802dc}" />
      </MissingDependency>
      <MissingDependency>
        <Required type="26" schemaName="Operations without WorkOrder" displayName="Operations without WorkOrder" parentSchemaName="ovs_mocregistration" parentDisplayName="Operation" solution="Active" id="{a129070f-1709-ed11-82e5-000d3a84cfdd}" />
        <Dependent type="60" displayName="Information" parentDisplayName="Service Request" id="{337e6783-6be4-4278-82d0-ee57257802dc}" />
      </MissingDependency>
      <MissingDependency>
        <Required type="26" schemaName="Site Associated Operations" displayName="Site Associated Operations" parentSchemaName="ovs_mocregistration" parentDisplayName="Operation" solution="Active" id="{a6fbfbaa-153c-ec11-8c62-0022483d71b4}" />
        <Dependent type="60" displayName="Information" parentDisplayName="Service Request" id="{337e6783-6be4-4278-82d0-ee57257802dc}" />
      </MissingDependency>
      <MissingDependency>
        <Required type="26" schemaName="Site Associated Operations" displayName="Site Associated Operations" parentSchemaName="ovs_mocregistration" parentDisplayName="Operation" solution="Active" id="{a6fbfbaa-153c-ec11-8c62-0022483d71b4}" />
        <Dependent type="60" displayName="Site" parentDisplayName="Account" id="{db5d5927-e1b5-440f-b55b-e0a95e1b053b}" />
      </MissingDependency>
      <MissingDependency>
        <Required type="26" schemaName="Sites actifs de ma région" displayName="Sites actifs de ma région" parentSchemaName="account" parentDisplayName="Account" solution="Active" id="{aa2ba086-5ad4-eb11-bacc-000d3af3999c}" />
        <Dependent type="60" displayName="Information" parentDisplayName="Service Request" id="{337e6783-6be4-4278-82d0-ee57257802dc}" />
      </MissingDependency>
      <MissingDependency>
        <Required type="26" schemaName="Vue Recherche de secteurs de vente" displayName="Vue Recherche de secteurs de vente" parentSchemaName="territory" parentDisplayName="Region" solution="msdynce_AppCommon (9.0.4.0066)" id="{ad81b2ca-9789-4465-8c56-94c10830a6ed}">
          <package>msdynce_AppCommonAnchor (9.0.23033.10002)</package>
        </Required>
        <Dependent type="60" displayName="Entreprise" parentDisplayName="Account" id="{444fd031-7381-4a73-a520-2b2fd7ebe013}" />
      </MissingDependency>
      <MissingDependency>
        <Required type="26" schemaName="Vue Recherche de secteurs de vente" displayName="Vue Recherche de secteurs de vente" parentSchemaName="territory" parentDisplayName="Region" solution="msdynce_AppCommon (9.0.4.0066)" id="{ad81b2ca-9789-4465-8c56-94c10830a6ed}">
          <package>msdynce_AppCommonAnchor (9.0.23033.10002)</package>
        </Required>
        <Dependent type="60" displayName="Site" parentDisplayName="Account" id="{db5d5927-e1b5-440f-b55b-e0a95e1b053b}" />
      </MissingDependency>
      <MissingDependency>
        <Required type="26" schemaName="Active Operations for the Planner Application" displayName="Active Operations for the Planner Application" parentSchemaName="ovs_mocregistration" parentDisplayName="Operation" solution="Active" id="{b0788597-9f4c-ec11-8f8e-000d3ae8e96e}" />
        <Dependent type="60" displayName="Information" parentDisplayName="Service Request" id="{337e6783-6be4-4278-82d0-ee57257802dc}" />
      </MissingDependency>
      <MissingDependency>
        <Required type="26" schemaName="CID Portal - Operation" displayName="CID Portal - Operation" parentSchemaName="ovs_mocregistration" parentDisplayName="Operation" solution="Active" id="{b0dcb9f2-1c7a-ec11-8d20-000d3aff1221}" />
        <Dependent type="60" displayName="Information" parentDisplayName="Service Request" id="{337e6783-6be4-4278-82d0-ee57257802dc}" />
      </MissingDependency>
      <MissingDependency>
        <Required type="26" schemaName="FDR - Active Related Registrations" displayName="FDR - Active Related Registrations" parentSchemaName="ovs_mocregistration" parentDisplayName="Operation" solution="Active" id="{bb20c95b-1918-ed11-b83f-000d3a84cfdd}" />
        <Dependent type="60" displayName="Information" parentDisplayName="Service Request" id="{337e6783-6be4-4278-82d0-ee57257802dc}" />
      </MissingDependency>
      <MissingDependency>
        <Required type="26" schemaName="CID Portal - HOTI Operation" displayName="CID Portal - HOTI Operation" parentSchemaName="ovs_mocregistration" parentDisplayName="Operation" solution="Active" id="{bca7a8a3-e2d0-ec11-a7b5-0022483e7ad0}" />
        <Dependent type="60" displayName="Information" parentDisplayName="Service Request" id="{337e6783-6be4-4278-82d0-ee57257802dc}" />
      </MissingDependency>
      <MissingDependency>
        <Required type="26" schemaName="Vue Recherche d'ordres de travail" displayName="Vue Recherche d'ordres de travail" parentSchemaName="msdyn_workorder" parentDisplayName="Work Order" solution="FieldService (8.8.0.88)" id="{c0c4fd32-f265-497d-bfae-546c88d5bb3b}">
          <package>FieldService_Anchor (8.8.88.54)</package>
        </Required>
        <Dependent type="60" displayName="Information" parentDisplayName="TDG Inspection Report" id="{2bab2315-6ce6-442a-8269-f87ed3d6a64a}" />
      </MissingDependency>
      <MissingDependency>
        <Required type="26" schemaName="Tous les ordres de travail" displayName="Tous les ordres de travail" parentSchemaName="msdyn_workorder" parentDisplayName="Work Order" solution="Active" id="{c1ecc4f8-c0bf-eb11-bacc-0022483bbb9e}" />
        <Dependent type="60" displayName="Site" parentDisplayName="Account" id="{db5d5927-e1b5-440f-b55b-e0a95e1b053b}" />
      </MissingDependency>
      <MissingDependency>
        <Required type="26" schemaName="CID Portal - Sites" displayName="CID Portal - Sites" parentSchemaName="account" parentDisplayName="Account" solution="Active" id="{c8db5060-4a4d-ec11-8f8e-000d3ae9a753}" />
        <Dependent type="60" displayName="Information" parentDisplayName="Service Request" id="{337e6783-6be4-4278-82d0-ee57257802dc}" />
      </MissingDependency>
      <MissingDependency>
        <Required type="26" schemaName="Campagnes des comptes sélectionnés" displayName="Campagnes des comptes sélectionnés" parentSchemaName="account" parentDisplayName="Account" solution="msdynce_MarketingPatch (9.0.1904.1019)" id="{d15e48f6-e8fe-e811-8165-000d3af92c6e}">
          <package>msdynce_MarketingAnchor (9.0.23033.10003)</package>
        </Required>
        <Dependent type="60" displayName="Information" parentDisplayName="Service Request" id="{337e6783-6be4-4278-82d0-ee57257802dc}" />
      </MissingDependency>
      <MissingDependency>
        <Required type="26" schemaName="CID Portal - Validation - Attested Sites" displayName="CID Portal - Validation - Attested Sites" parentSchemaName="account" parentDisplayName="Account" solution="Active" id="{d540e97a-c892-ec11-b3fe-000d3a0c187c}" />
        <Dependent type="60" displayName="Information" parentDisplayName="Service Request" id="{337e6783-6be4-4278-82d0-ee57257802dc}" />
      </MissingDependency>
      <MissingDependency>
        <Required type="26" schemaName="CEP - Strata" displayName="CEP - Strata" parentSchemaName="ovs_mocregistration" parentDisplayName="Operation" solution="Active" id="{d9019d8c-bf7e-ec11-8d20-0022483e1408}" />
        <Dependent type="60" displayName="Information" parentDisplayName="Service Request" id="{337e6783-6be4-4278-82d0-ee57257802dc}" />
      </MissingDependency>
      <MissingDependency>
        <Required type="26" schemaName="Ordres de travail inactifs" displayName="Ordres de travail inactifs" parentSchemaName="msdyn_workorder" parentDisplayName="Work Order" solution="FieldService (8.8.0.88)" id="{d928c332-8c65-43fc-95b2-5df41d2fa558}">
          <package>FieldService_Anchor (8.8.88.54)</package>
        </Required>
        <Dependent type="60" displayName="Site" parentDisplayName="Account" id="{db5d5927-e1b5-440f-b55b-e0a95e1b053b}" />
      </MissingDependency>
      <MissingDependency>
        <Required type="26" schemaName="Opérations suivis" displayName="Opérations suivis" parentSchemaName="ovs_mocregistration" parentDisplayName="Operation" solution="Active" id="{da8c6b4d-1e30-4208-ac97-8b931a9f5954}" />
        <Dependent type="60" displayName="Information" parentDisplayName="Service Request" id="{337e6783-6be4-4278-82d0-ee57257802dc}" />
      </MissingDependency>
      <MissingDependency>
        <Required type="26" schemaName="Account N:N Contacts" displayName="Account N:N Contacts" parentSchemaName="contact" parentDisplayName="Contact" solution="Active" id="{dc799dc5-4334-ed11-9db1-0022483d0343}" />
        <Dependent type="60" displayName="Entreprise" parentDisplayName="Account" id="{444fd031-7381-4a73-a520-2b2fd7ebe013}" />
      </MissingDependency>
      <MissingDependency>
        <Required type="26" schemaName="Account N:N Contacts" displayName="Account N:N Contacts" parentSchemaName="contact" parentDisplayName="Contact" solution="Active" id="{dc799dc5-4334-ed11-9db1-0022483d0343}" />
        <Dependent type="60" displayName="Site" parentDisplayName="Account" id="{db5d5927-e1b5-440f-b55b-e0a95e1b053b}" />
      </MissingDependency>
      <MissingDependency>
        <Required type="26" schemaName="Inactive Operations for the Planner Application" displayName="Inactive Operations for the Planner Application" parentSchemaName="ovs_mocregistration" parentDisplayName="Operation" solution="Active" id="{e40b9eb1-9f4c-ec11-8f8e-000d3ae8e96e}" />
        <Dependent type="60" displayName="Information" parentDisplayName="Service Request" id="{337e6783-6be4-4278-82d0-ee57257802dc}" />
      </MissingDependency>
      <MissingDependency>
        <Required type="26" schemaName="Sites" displayName="Sites" parentSchemaName="account" parentDisplayName="Account" solution="Active" id="{e7ba8bd8-440a-eb11-a813-000d3af3a7a7}" />
        <Dependent type="60" displayName="Information" parentDisplayName="Service Request" id="{337e6783-6be4-4278-82d0-ee57257802dc}" />
      </MissingDependency>
      <MissingDependency>
        <Required type="26" schemaName="Active Service Request Service Tasks" displayName="Active Service Request Service Tasks" parentSchemaName="fdr_servicerequestservicetask" parentDisplayName="Service Request Service Task" solution="Active" id="{f1130ecd-3c0e-42e4-ab04-fe5417f21d6e}" />
        <Dependent type="60" displayName="Information" parentDisplayName="Service Request" id="{337e6783-6be4-4278-82d0-ee57257802dc}" />
      </MissingDependency>
      <MissingDependency>
        <Required type="26" schemaName="Fonctions de la demande de service actif" displayName="Fonctions de la demande de service actif" parentSchemaName="fdr_servicerequestfunction" parentDisplayName="Function" solution="Active" id="{f402f873-f5ee-434b-84eb-296d66a04c39}" />
        <Dependent type="60" displayName="Information" parentDisplayName="Service Request" id="{337e6783-6be4-4278-82d0-ee57257802dc}" />
      </MissingDependency>
      <MissingDependency>
        <Required type="26" schemaName="Ordres de travail actifs" displayName="Ordres de travail actifs" parentSchemaName="msdyn_workorder" parentDisplayName="Work Order" solution="FieldService (8.8.0.88)" id="{fce37246-eba1-4e92-bb9d-f8cb3ec38e3f}">
          <package>FieldService_Anchor (8.8.88.54)</package>
        </Required>
        <Dependent type="60" displayName="Site" parentDisplayName="Account" id="{db5d5927-e1b5-440f-b55b-e0a95e1b053b}" />
      </MissingDependency>
      <MissingDependency>
        <Required type="26" schemaName="Operations Lookup View Active and Inactive" displayName="Operations Lookup View Active and Inactive" parentSchemaName="ovs_mocregistration" parentDisplayName="Operation" solution="Active" id="{fd6c3cf0-ff1e-ed11-b83e-000d3a84cfdd}" />
        <Dependent type="60" displayName="Information" parentDisplayName="Service Request" id="{337e6783-6be4-4278-82d0-ee57257802dc}" />
      </MissingDependency>
      <MissingDependency>
        <Required type="26" schemaName="Organisations" displayName="Organisations" parentSchemaName="account" parentDisplayName="Account" solution="Active" id="{fdbc939a-2403-eb11-a813-000d3af3ac0d}" />
        <Dependent type="60" displayName="Information" parentDisplayName="Service Request" id="{337e6783-6be4-4278-82d0-ee57257802dc}" />
      </MissingDependency>
      <MissingDependency>
        <Required type="26" schemaName="Densité de la Population des Sites" displayName="Densité de la Population des Sites" parentSchemaName="account" parentDisplayName="Account" solution="Active" id="{ff211cb9-117a-ec11-8d20-000d3aff1221}" />
        <Dependent type="60" displayName="Information" parentDisplayName="Service Request" id="{337e6783-6be4-4278-82d0-ee57257802dc}" />
      </MissingDependency>
      <MissingDependency>
        <Required type="60" displayName="Information" parentDisplayName="Cost Recovery Attribute" solution="Active" id="{0db7a267-3e98-40b9-b047-14b4092b93f8}" />
        <Dependent type="60" displayName="Information" parentDisplayName="Service Request" id="{337e6783-6be4-4278-82d0-ee57257802dc}" />
      </MissingDependency>
      <MissingDependency>
        <Required type="60" displayName="MTOA User ID Quick View" parentDisplayName="Contact" solution="Active" id="{26994126-c2f7-ec11-82e4-000d3a8483f6}" />
        <Dependent type="60" displayName="Information" parentDisplayName="Service Request" id="{337e6783-6be4-4278-82d0-ee57257802dc}" />
      </MissingDependency>
      <MissingDependency>
        <Required type="60" displayName="carte de contact de compte" parentDisplayName="Contact" solution="msdynce_AppCommon (9.0.4.0066)" id="{29de27bc-a257-4f29-99cf-bab4a84e688f}">
          <package>msdynce_AppCommonAnchor (9.0.23033.10002)</package>
        </Required>
        <Dependent type="60" displayName="Entreprise" parentDisplayName="Account" id="{444fd031-7381-4a73-a520-2b2fd7ebe013}" />
      </MissingDependency>
      <MissingDependency>
        <Required type="60" displayName="carte de contact de compte" parentDisplayName="Contact" solution="msdynce_AppCommon (9.0.4.0066)" id="{29de27bc-a257-4f29-99cf-bab4a84e688f}">
          <package>msdynce_AppCommonAnchor (9.0.23033.10002)</package>
        </Required>
        <Dependent type="60" displayName="Site" parentDisplayName="Account" id="{db5d5927-e1b5-440f-b55b-e0a95e1b053b}" />
      </MissingDependency>
      <MissingDependency>
        <Required type="60" displayName="Work Order Detail Report PreView" parentDisplayName="Work Order" solution="Active" id="{36613878-4ead-4254-aadb-c1d4ee6b16b5}" />
        <Dependent type="60" displayName="Information" parentDisplayName="TDG Inspection Report" id="{2bab2315-6ce6-442a-8269-f87ed3d6a64a}" />
      </MissingDependency>
      <MissingDependency>
        <Required type="60" displayName="Information" parentDisplayName="Registration Type" solution="Active" id="{366bdbda-af80-4f4b-8ef7-2378d8239b70}" />
        <Dependent type="60" displayName="Information" parentDisplayName="Service Request" id="{337e6783-6be4-4278-82d0-ee57257802dc}" />
      </MissingDependency>
      <MissingDependency>
        <Required type="60" displayName="Service Request Performance quick view form" parentDisplayName="Service Request Performance" solution="Active" id="{5f193077-2b35-ed11-9db1-0022483d0343}" />
        <Dependent type="60" displayName="Information" parentDisplayName="Service Request" id="{337e6783-6be4-4278-82d0-ee57257802dc}" />
      </MissingDependency>
      <MissingDependency>
        <Required type="60" displayName="Violations pre-view Inspection Report" parentDisplayName="Work Order" solution="Active" id="{90a8bc52-0ee6-454d-ad52-0e131f94be46}" />
        <Dependent type="60" displayName="Information" parentDisplayName="TDG Inspection Report" id="{2bab2315-6ce6-442a-8269-f87ed3d6a64a}" />
      </MissingDependency>
      <MissingDependency>
        <Required type="60" displayName="Service Request Operation" parentDisplayName="Operation" solution="Active" id="{c13589bf-4560-ed11-9562-0022483d0c87}" />
        <Dependent type="60" displayName="Information" parentDisplayName="Service Request" id="{337e6783-6be4-4278-82d0-ee57257802dc}" />
      </MissingDependency>
      <MissingDependency>
        <Required type="61" schemaName="AppCommon/Account/Account_main_system_library.js" displayName="AppCommon/Account/Account_main_system_library.js" solution="msdynce_AppCommon (9.0.4.0066)">
          <package>msdynce_AppCommonAnchor (9.0.23033.10002)</package>
        </Required>
        <Dependent type="60" displayName="Site" parentDisplayName="Account" id="{db5d5927-e1b5-440f-b55b-e0a95e1b053b}" />
      </MissingDependency>
      <MissingDependency>
        <Required type="61" schemaName="ikl_/Attach2Dynamics/Library/index.html" displayName="ikl_/Attach2Dynamics/Library/index.html" solution="Attach2Dynamics (9.0.0.24)">
          <package>Attach2Dynamics (9.0.0.24)</package>
        </Required>
        <Dependent type="60" displayName="Information" parentDisplayName="Service Request" id="{337e6783-6be4-4278-82d0-ee57257802dc}" />
      </MissingDependency>
      <MissingDependency>
        <Required type="61" schemaName="msdyn_/Account/Account.Library.js" displayName="msdyn_/Account/Account.Library.js" solution="FieldService (8.8.0.88)">
          <package>FieldService_Anchor (8.8.88.54)</package>
        </Required>
        <Dependent type="60" displayName="Entreprise" parentDisplayName="Account" id="{444fd031-7381-4a73-a520-2b2fd7ebe013}" />
      </MissingDependency>
      <MissingDependency>
        <Required type="61" schemaName="msdyn_/Account/Account.Library.js" displayName="msdyn_/Account/Account.Library.js" solution="FieldService (8.8.0.88)">
          <package>FieldService_Anchor (8.8.88.54)</package>
        </Required>
        <Dependent type="60" displayName="Site" parentDisplayName="Account" id="{db5d5927-e1b5-440f-b55b-e0a95e1b053b}" />
      </MissingDependency>
      <MissingDependency>
        <Required type="61" schemaName="msdyn_/Utils/FieldServiceTrial.js" displayName="msdyn_/Utils/FieldServiceTrial.js" solution="FieldService (8.8.0.88)">
          <package>FieldService_Anchor (8.8.88.54)</package>
        </Required>
        <Dependent type="60" displayName="Entreprise" parentDisplayName="Account" id="{444fd031-7381-4a73-a520-2b2fd7ebe013}" />
      </MissingDependency>
      <MissingDependency>
        <Required type="61" schemaName="msdyn_/Utils/FieldServiceTrial.js" displayName="msdyn_/Utils/FieldServiceTrial.js" solution="FieldService (8.8.0.88)">
          <package>FieldService_Anchor (8.8.88.54)</package>
        </Required>
        <Dependent type="60" displayName="Site" parentDisplayName="Account" id="{db5d5927-e1b5-440f-b55b-e0a95e1b053b}" />
      </MissingDependency>
      <MissingDependency>
        <Required type="61" schemaName="ovs_Account_TDGSiteProfile.js" displayName="ovs_Account_TDGSiteProfile.js" solution="Active" />
        <Dependent type="60" displayName="Site" parentDisplayName="Account" id="{db5d5927-e1b5-440f-b55b-e0a95e1b053b}" />
      </MissingDependency>
      <MissingDependency>
        <Required type="61" schemaName="qm_/ViolationHistoryGrid.html" displayName="qm_/ViolationHistoryGrid.html" solution="Active" />
        <Dependent type="60" displayName="Site" parentDisplayName="Account" id="{db5d5927-e1b5-440f-b55b-e0a95e1b053b}" />
      </MissingDependency>
      <MissingDependency>
        <Required type="61" schemaName="Sales/ClientCommon/Sales_ClientCommon.js" displayName="Sales/ClientCommon/Sales_ClientCommon.js" solution="msdynce_Sales (9.0.4.0076)">
          <package>msdynce_SalesAnchor (9.0.23033.10009)</package>
        </Required>
        <Dependent type="60" displayName="Site" parentDisplayName="Account" id="{db5d5927-e1b5-440f-b55b-e0a95e1b053b}" />
      </MissingDependency>
      <MissingDependency>
        <Required type="66" schemaName="MscrmControls.CardFeedContainer.CardFeedContainer" displayName="MscrmControls.CardFeedContainer.CardFeedContainer" solution="BaseCustomControlsCore (9.0.2303.3018)" />
        <Dependent type="60" displayName="Entreprise" parentDisplayName="Account" id="{444fd031-7381-4a73-a520-2b2fd7ebe013}" />
      </MissingDependency>
      <MissingDependency>
        <Required type="66" schemaName="MscrmControls.Grid.GridControl" displayName="MscrmControls.Grid.GridControl" solution="BaseCustomControlsCore (9.0.2303.3018)" />
        <Dependent type="60" displayName="Information" parentDisplayName="Service Request" id="{337e6783-6be4-4278-82d0-ee57257802dc}" />
      </MissingDependency>
      <MissingDependency>
        <Required type="66" schemaName="msdyn_MscrmControls.TreeView.TreeViewControl" displayName="msdyn_MscrmControls.TreeView.TreeViewControl" solution="msdyn_AssetCommon (1.0.36.11)">
          <package>FieldService_Anchor (8.8.88.54)</package>
          <package>msdynce_ServiceAnchor (9.0.23033.4015)</package>
        </Required>
        <Dependent type="60" displayName="Entreprise" parentDisplayName="Account" id="{444fd031-7381-4a73-a520-2b2fd7ebe013}" />
      </MissingDependency>
      <MissingDependency>
        <Required type="66" schemaName="msdyn_MscrmControls.TreeView.TreeViewControl" displayName="msdyn_MscrmControls.TreeView.TreeViewControl" solution="msdyn_AssetCommon (1.0.36.11)">
          <package>FieldService_Anchor (8.8.88.54)</package>
          <package>msdynce_ServiceAnchor (9.0.23033.4015)</package>
        </Required>
        <Dependent type="60" displayName="Site" parentDisplayName="Account" id="{db5d5927-e1b5-440f-b55b-e0a95e1b053b}" />
      </MissingDependency>
    </MissingDependencies>
  </SolutionManifest>
</ImportExportXml>