<ImportExportXml xmlns:xsi="http://www.w3.org/2001/XMLSchema-instance">
  <Entities>
    <Entity>
      <Name LocalizedName="Contact" OriginalName="">Contact</Name>
      <EntityInfo>
        <entity Name="Contact">
          <LocalizedNames>
            <LocalizedName description="Contact" languagecode="1033" />
            <LocalizedName description="Personnes-ressources" languagecode="1036" />
          </LocalizedNames>
          <LocalizedCollectionNames>
            <LocalizedCollectionName description="Contacts" languagecode="1033" />
            <LocalizedCollectionName description="Personnes-ressources" languagecode="1036" />
          </LocalizedCollectionNames>
          <Descriptions>
            <Description description="Person with whom a business unit has a relationship, such as customer, supplier, and colleague." languagecode="1033" />
            <Description description="Personne liée à une division, telle qu'un client, un fournisseur ou un collègue." languagecode="1036" />
          </Descriptions>
          <attributes>
            <attribute PhysicalName="cid_ContactType">
              <Type>picklist</Type>
              <Name>cid_contacttype</Name>
              <LogicalName>cid_contacttype</LogicalName>
              <RequiredLevel>required</RequiredLevel>
              <DisplayMask>ValidForAdvancedFind|ValidForForm|ValidForGrid</DisplayMask>
              <ImeMode>auto</ImeMode>
              <ValidForUpdateApi>1</ValidForUpdateApi>
              <ValidForReadApi>1</ValidForReadApi>
              <ValidForCreateApi>1</ValidForCreateApi>
              <IsCustomField>1</IsCustomField>
              <IsAuditEnabled>1</IsAuditEnabled>
              <IsSecured>0</IsSecured>
              <IntroducedVersion>2021.9.22.7</IntroducedVersion>
              <IsCustomizable>1</IsCustomizable>
              <IsRenameable>1</IsRenameable>
              <CanModifySearchSettings>1</CanModifySearchSettings>
              <CanModifyRequirementLevelSettings>1</CanModifyRequirementLevelSettings>
              <CanModifyAdditionalSettings>1</CanModifyAdditionalSettings>
              <SourceType>0</SourceType>
              <IsGlobalFilterEnabled>0</IsGlobalFilterEnabled>
              <IsSortableEnabled>0</IsSortableEnabled>
              <CanModifyGlobalFilterSettings>1</CanModifyGlobalFilterSettings>
              <CanModifyIsSortableSettings>1</CanModifyIsSortableSettings>
              <IsDataSourceSecret>0</IsDataSourceSecret>
              <AutoNumberFormat></AutoNumberFormat>
              <IsSearchable>0</IsSearchable>
              <IsFilterable>0</IsFilterable>
              <IsRetrievable>0</IsRetrievable>
              <IsLocalizable>0</IsLocalizable>
              <AppDefaultValue>100000001</AppDefaultValue>
              <optionset Name="cid_contact_cid_contacttype">
                <OptionSetType>picklist</OptionSetType>
                <IntroducedVersion>2021.9.22.7</IntroducedVersion>
                <IsCustomizable>1</IsCustomizable>
                <displaynames>
                  <displayname description="Contact Type" languagecode="1033" />
                  <displayname description="Type de contact" languagecode="1036" />
                </displaynames>
                <Descriptions>
                  <Description description="" languagecode="1033" />
                </Descriptions>
                <options>
                  <option value="100000000" ExternalValue="" Color="#0000ff">
                    <labels>
                      <label description="Primary" languagecode="1033" />
                      <label description="Principal" languagecode="1036" />
                    </labels>
                    <Descriptions>
                      <Description description="" languagecode="1033" />
                    </Descriptions>
                  </option>
                  <option value="100000001" ExternalValue="" Color="#0000ff">
                    <labels>
                      <label description="Secondary" languagecode="1033" />
                      <label description="Secondaire" languagecode="1036" />
                    </labels>
                    <Descriptions>
                      <Description description="" languagecode="1033" />
                    </Descriptions>
                  </option>
                </options>
              </optionset>
              <displaynames>
                <displayname description="Contact Type" languagecode="1033" />
                <displayname description="Type de contact" languagecode="1036" />
              </displaynames>
              <Descriptions>
                <Description description="" languagecode="1033" />
              </Descriptions>
            </attribute>
            <attribute PhysicalName="cid_ContactTypetext">
              <Type>nvarchar</Type>
              <Name>cid_contacttypetext</Name>
              <LogicalName>cid_contacttypetext</LogicalName>
              <RequiredLevel>none</RequiredLevel>
              <DisplayMask>ValidForAdvancedFind|ValidForForm|ValidForGrid</DisplayMask>
              <ImeMode>auto</ImeMode>
              <ValidForUpdateApi>1</ValidForUpdateApi>
              <ValidForReadApi>1</ValidForReadApi>
              <ValidForCreateApi>1</ValidForCreateApi>
              <IsCustomField>1</IsCustomField>
              <IsAuditEnabled>1</IsAuditEnabled>
              <IsSecured>0</IsSecured>
              <IntroducedVersion>1.0.0.0</IntroducedVersion>
              <IsCustomizable>1</IsCustomizable>
              <IsRenameable>1</IsRenameable>
              <CanModifySearchSettings>1</CanModifySearchSettings>
              <CanModifyRequirementLevelSettings>1</CanModifyRequirementLevelSettings>
              <CanModifyAdditionalSettings>1</CanModifyAdditionalSettings>
              <SourceType>0</SourceType>
              <IsGlobalFilterEnabled>0</IsGlobalFilterEnabled>
              <IsSortableEnabled>0</IsSortableEnabled>
              <CanModifyGlobalFilterSettings>1</CanModifyGlobalFilterSettings>
              <CanModifyIsSortableSettings>1</CanModifyIsSortableSettings>
              <IsDataSourceSecret>0</IsDataSourceSecret>
              <AutoNumberFormat></AutoNumberFormat>
              <IsSearchable>0</IsSearchable>
              <IsFilterable>0</IsFilterable>
              <IsRetrievable>0</IsRetrievable>
              <IsLocalizable>0</IsLocalizable>
              <Format>text</Format>
              <MaxLength>100</MaxLength>
              <Length>200</Length>
              <displaynames>
                <displayname description="Contact Type text" languagecode="1033" />
                <displayname description="Type de contact" languagecode="1036" />
              </displaynames>
              <Descriptions>
                <Description description="" languagecode="1033" />
              </Descriptions>
            </attribute>
          </attributes>
          <EntitySetName>contacts</EntitySetName>
          <IsDuplicateCheckSupported>1</IsDuplicateCheckSupported>
          <IsBusinessProcessEnabled>1</IsBusinessProcessEnabled>
          <IsRequiredOffline>0</IsRequiredOffline>
          <IsInteractionCentricEnabled>1</IsInteractionCentricEnabled>
          <IsCollaboration>0</IsCollaboration>
          <AutoRouteToOwnerQueue>0</AutoRouteToOwnerQueue>
          <IsConnectionsEnabled>1</IsConnectionsEnabled>
          <EntityColor>#005088</EntityColor>
          <IsDocumentManagementEnabled>0</IsDocumentManagementEnabled>
          <AutoCreateAccessTeams>0</AutoCreateAccessTeams>
          <IsOneNoteIntegrationEnabled>0</IsOneNoteIntegrationEnabled>
          <IsKnowledgeManagementEnabled>0</IsKnowledgeManagementEnabled>
          <IsSLAEnabled>0</IsSLAEnabled>
          <IsDocumentRecommendationsEnabled>0</IsDocumentRecommendationsEnabled>
          <IsBPFEntity>0</IsBPFEntity>
          <OwnershipTypeMask>UserOwned</OwnershipTypeMask>
          <EntityMask>ActivityPointer</EntityMask>
          <IsAuditEnabled>1</IsAuditEnabled>
          <IsRetrieveAuditEnabled>1</IsRetrieveAuditEnabled>
          <IsRetrieveMultipleAuditEnabled>1</IsRetrieveMultipleAuditEnabled>
          <IsActivity>0</IsActivity>
          <ActivityTypeMask></ActivityTypeMask>
          <IsActivityParty>1</IsActivityParty>
          <IsReplicated>1</IsReplicated>
          <IsReplicationUserFiltered>1</IsReplicationUserFiltered>
          <IsMailMergeEnabled>1</IsMailMergeEnabled>
          <IsVisibleInMobile>1</IsVisibleInMobile>
          <IsVisibleInMobileClient>1</IsVisibleInMobileClient>
          <IsReadOnlyInMobileClient>0</IsReadOnlyInMobileClient>
          <IsOfflineInMobileClient>1</IsOfflineInMobileClient>
          <DaysSinceRecordLastModified>10</DaysSinceRecordLastModified>
          <MobileOfflineFilters>&lt;fetch version="1.0" output-format="xml-platform" mapping="logical" distinct="false"&gt;&lt;entity name="contact"&gt;&lt;/entity&gt;&lt;/fetch&gt;</MobileOfflineFilters>
          <IsMapiGridEnabled>1</IsMapiGridEnabled>
          <IsReadingPaneEnabled>1</IsReadingPaneEnabled>
          <IsQuickCreateEnabled>1</IsQuickCreateEnabled>
          <SyncToExternalSearchIndex>1</SyncToExternalSearchIndex>
          <IntroducedVersion>5.0.0.0</IntroducedVersion>
          <EnforceStateTransitions>0</EnforceStateTransitions>
          <EntityHelpUrlEnabled>0</EntityHelpUrlEnabled>
          <EntityHelpUrl></EntityHelpUrl>
          <ChangeTrackingEnabled>1</ChangeTrackingEnabled>
          <IsEnabledForExternalChannels>1</IsEnabledForExternalChannels>
          <IsSolutionAware>0</IsSolutionAware>
          <HasRelatedNotes>True</HasRelatedNotes>
          <HasRelatedFeedback>True</HasRelatedFeedback>
          <HasRelatedActivities>True</HasRelatedActivities>
        </entity>
      </EntityInfo>
      <FormXml>
        <forms type="main">
          <systemform>
            <formid>{b5fd5416-28c1-4a1f-8774-2d794708ca15}</formid>
            <IntroducedVersion>2021.09.22.7</IntroducedVersion>
            <FormPresentation>1</FormPresentation>
            <FormActivationState>1</FormActivationState>
            <form showImage="true" headerdensity="HighWithControls" shownavigationbar="true" maxWidth="1920">
              <ancestor id="{1fed44d1-ae68-4a41-bd2b-f13acac4acfa}" />
              <hiddencontrols>
                <data id="fullname" datafieldname="fullname" classid="{5546E6CD-394C-4bee-94A8-4425E17EF6C6}" />
                <data id="address1_addressid" datafieldname="address1_addressid" classid="{5546E6CD-394C-4bee-94A8-4425E17EF6C6}" />
                <data id="address2_addressid" datafieldname="address2_addressid" classid="{5546E6CD-394C-4bee-94A8-4425E17EF6C6}" />
              </hiddencontrols>
              <tabs>
                <tab name="SUMMARY_TAB" id="{15bb2d4b-71da-74ea-3c5b-e497d78a55a2}" IsUserDefined="0" showlabel="false" expanded="true" labelid="{42a1b098-d972-405b-b368-1f2f9a574081}" locklevel="0">
                  <labels>
                    <label description="Summary" languagecode="1033" />
                    <label description="Résumé" languagecode="1036" />
                  </labels>
                  <columns>
                    <column width="100%">
                      <sections>
                        <section name="CONTACT_INFORMATION" showlabel="true" showbar="false" id="{9d943649-0387-1882-caa1-36de40d5a86c}" IsUserDefined="0" layout="varwidth" columns="11" labelwidth="115" celllabelposition="Left" labelid="{1805728c-37dd-4797-bc94-1f303992fd23}" locklevel="0" celllabelalignment="Left">
                          <labels>
                            <label description="CONTACT INFORMATION" languagecode="1033" />
                            <label description="INFORMATIONS SUR LE CONTACT" languagecode="1036" />
                          </labels>
                          <rows>
                            <row>
                              <cell id="{eeb46821-7548-c717-de47-1e33a16309e7}" showlabel="true" locklevel="0">
                                <labels>
                                  <label description="First Name" languagecode="1033" />
                                  <label description="Prénom" languagecode="1036" />
                                </labels>
                                <control id="firstname" classid="{4273EDBD-AC1D-40d3-9FB2-095C621B552D}" datafieldname="firstname" disabled="false" />
                              </cell>
                              <cell id="{a756e649-98a7-0ebb-6cee-9327b470c7d6}" showlabel="true" locklevel="0">
                                <labels>
                                  <label description="Last Name" languagecode="1033" />
                                  <label description="Nom de famille" languagecode="1036" />
                                </labels>
                                <control id="lastname" classid="{4273EDBD-AC1D-40d3-9FB2-095C621B552D}" datafieldname="lastname" disabled="false" />
                              </cell>
                            </row>
                            <row>
                              <cell id="{7d538a97-98eb-b438-72de-57a808b9a308}" showlabel="true" labelid="{0df48ae7-6638-4bfb-a4d1-261eb69148c0}">
                                <labels>
                                  <label description="Email" languagecode="1033" />
                                  <label description="Courriel" languagecode="1036" />
                                </labels>
                                <control id="emailaddress1" classid="{ADA2203E-B4CD-49be-9DDF-234642B43B52}" datafieldname="emailaddress1" disabled="false" uniqueid="{c47b13db-5b3c-adc9-2581-438cd2e514ed}" />
                              </cell>
                              <cell id="{34bf845c-bb05-4a1e-b0e9-7536634adea5}" locklevel="0" colspan="1" rowspan="1">
                                <labels>
                                  <label description="Contact Type" languagecode="1033" />
                                  <label description="Type de contact" languagecode="1036" />
                                </labels>
                                <control id="cid_contacttypetext" classid="{4273EDBD-AC1D-40D3-9FB2-095C621B552D}" datafieldname="cid_contacttypetext" disabled="false" />
                              </cell>
                            </row>
                            <row>
                              <cell id="{215da2d0-2b64-3481-8d2d-16107d4d7e5b}" showlabel="true" labelid="{a7450aa5-f5a9-4e56-8d9a-8b3ca6af3e02}">
                                <labels>
                                  <label description="Business Phone" languagecode="1033" />
                                  <label description="Téléphone au travail" languagecode="1036" />
                                </labels>
                                <control id="telephone1" classid="{4273EDBD-AC1D-40d3-9FB2-095C621B552D}" datafieldname="telephone1" disabled="false" uniqueid="{d398dd19-b63b-1909-4285-08b4754b4166}" />
                              </cell>
                              <cell id="{290b48ba-c0cc-7746-6dda-93e240e4cc78}" showlabel="true" labelid="{1154b1f9-88a8-42e9-8a57-c9a97c1b1af7}" colspan="1" rowspan="1">
                                <labels>
                                  <label description="Mobile Phone" languagecode="1033" />
                                  <label description="Téléphone mobile" languagecode="1036" />
                                </labels>
                                <control id="mobilephone" classid="{4273EDBD-AC1D-40d3-9FB2-095C621B552D}" datafieldname="mobilephone" disabled="false" />
                              </cell>
                            </row>
                            <row>
                              <cell id="{1b54cdb3-1582-c29e-cc9e-9d4bc2a5700b}" showlabel="true" labelid="{f2637561-20ee-4068-a345-f45131f14952}">
                                <labels>
                                  <label description="Fax" languagecode="1033" />
                                  <label description="Télécopieur" languagecode="1036" />
                                </labels>
                                <control id="fax" classid="{4273EDBD-AC1D-40d3-9FB2-095C621B552D}" datafieldname="fax" disabled="false" />
                              </cell>
                              <cell id="{90a6381a-9180-dd10-a2d9-51bde1d523b4}" showlabel="true" locklevel="0">
                                <labels>
                                  <label description="Contact Type" languagecode="1033" />
                                  <label description="Type de contact" languagecode="1036" />
                                </labels>
                                <control id="cid_contacttype" classid="{3EF39988-22BB-4f0b-BBBE-64B5A3748AEE}" datafieldname="cid_contacttype" disabled="false" uniqueid="{9d23e9c1-9d0e-24bd-04ca-a493002e376c}" />
                              </cell>
                            </row>
                            <row>
                              <cell id="{bdf36c0c-0dfa-4af6-9caf-ed7003a77890}" locklevel="0" colspan="1" rowspan="1">
                                <labels>
                                  <label description="Language of Correspondence" languagecode="1033" />
                                  <label description="Langue de correspondance" languagecode="1036" />
                                </labels>
                                <control id="cid_languageofcorrespondence" classid="{3EF39988-22BB-4F0B-BBBE-64B5A3748AEE}" datafieldname="cid_languageofcorrespondence" disabled="false" />
                              </cell>
                              <cell id="{542e581d-cca1-5e40-e6d9-d67a9d1468b4}" showlabel="true" locklevel="1" labelid="{6428abbe-0e98-42f7-a2b7-b885b397e4a2}" visible="false">
                                <labels>
                                  <label description="Full Name" languagecode="1033" />
                                  <label description="Prénom(s) et nom" languagecode="1036" />
                                </labels>
                                <control id="fullname" classid="{4273EDBD-AC1D-40d3-9FB2-095C621B552D}" datafieldname="fullname" disabled="true" uniqueid="{53e08b64-857e-61d6-7208-519bb4c3876e}" />
                              </cell>
                            </row>
                            <row>
                              <cell id="{4c436e8d-1f14-4154-8add-41a7e41c6547}" locklevel="0" colspan="1" rowspan="1" visible="true">
                                <labels>
                                  <label description="Last Updated On, By" languagecode="1033" />
                                  <label description="Dernière mise à jour le, par" languagecode="1036" />
                                </labels>
                                <control id="cid_portalrecordmodificationdetails" classid="{4273EDBD-AC1D-40D3-9FB2-095C621B552D}" datafieldname="cid_portalrecordmodificationdetails" disabled="false" />
                              </cell>
                              <cell id="{6d764301-26d7-de34-8995-95b3598ab1e0}" showlabel="false">
                                <labels>
                                  <label description="" languagecode="1033" />
                                </labels>
                              </cell>
                            </row>
                            <row>
                              <cell id="{4d83c6fa-7126-46a5-84ee-08bbc64f9fc9}" locklevel="0" colspan="1" rowspan="1" visible="false">
                                <labels>
                                  <label description="Modified By" languagecode="1033" />
                                  <label description="Modifié par" languagecode="1036" />
                                </labels>
                                <control id="cid_modifiedbyregistrant" classid="{270BD3DB-D9AF-4782-9025-509E298DEC0A}" datafieldname="cid_modifiedbyregistrant" disabled="false" />
                              </cell>
                              <cell id="{acd9bb23-ea34-da44-72c6-6487c314970a}" showlabel="false">
                                <labels>
                                  <label description="" languagecode="1033" />
                                </labels>
                              </cell>
                            </row>
                            <row>
                              <cell id="{408dda0b-48a7-c05c-e29a-56a93eb97172}" showlabel="true" labelid="{4bbcf107-cea3-4b48-918e-0989939b9146}" locklevel="0" visible="false">
                                <labels>
                                  <label description="Preferred Method of Contact" languagecode="1033" />
                                  <label description="Préférence de communication" languagecode="1036" />
                                </labels>
                                <control id="preferredcontactmethodcode" classid="{3EF39988-22BB-4f0b-BBBE-64B5A3748AEE}" datafieldname="preferredcontactmethodcode" disabled="false" uniqueid="{80822c6e-752e-dca1-775d-16d10ab7ceab}" />
                              </cell>
                              <cell id="{b692b8c6-84d4-22ce-3001-d9669bb948d4}" showlabel="false">
                                <labels>
                                  <label description="" languagecode="1033" />
                                </labels>
                              </cell>
                            </row>
                            <row>
                              <cell id="{017a1ebd-d28e-54a7-801b-4ec2ea73901c}" showlabel="true" locklevel="0" labelid="{8ef3839b-ac7b-40a0-9308-97779688bb10}" visible="false">
                                <labels>
                                  <label description="Street 1" languagecode="1033" />
                                  <label description="Rue 1" languagecode="1036" />
                                </labels>
                                <control id="address1_line1" classid="{4273EDBD-AC1D-40d3-9FB2-095C621B552D}" datafieldname="address1_line1" disabled="false" uniqueid="{61946026-33c1-7a50-2063-5dd13624d00b}" />
                              </cell>
                              <cell id="{21aaa8d7-8ddb-b169-a283-1871506d0d43}" showlabel="false">
                                <labels>
                                  <label description="" languagecode="1033" />
                                </labels>
                              </cell>
                            </row>
                            <row>
                              <cell id="{a12a1c50-1e49-5a90-7d59-40e445202c93}" showlabel="true" locklevel="0" labelid="{6bcfc07e-1cb8-4bec-9da8-caa2c20b2265}" visible="false">
                                <labels>
                                  <label description="Street 2" languagecode="1033" />
                                  <label description="Rue 2" languagecode="1036" />
                                </labels>
                                <control id="address1_line2" classid="{4273EDBD-AC1D-40d3-9FB2-095C621B552D}" datafieldname="address1_line2" disabled="false" uniqueid="{802d1ca5-de46-e8c3-ca19-8b4a469ab3da}" />
                              </cell>
                              <cell id="{03b2096a-60a5-c98d-5be9-30d5ca799aca}" showlabel="false">
                                <labels>
                                  <label description="" languagecode="1033" />
                                </labels>
                              </cell>
                            </row>
                            <row>
                              <cell id="{7d39d606-c102-86ca-1668-0353916ab765}" showlabel="true" locklevel="0" labelid="{08b8181e-1f66-47df-a9f1-de56e125aceb}" visible="false">
                                <labels>
                                  <label description="Street 3" languagecode="1033" />
                                  <label description="Rue 3" languagecode="1036" />
                                </labels>
                                <control id="address1_line3" classid="{4273EDBD-AC1D-40d3-9FB2-095C621B552D}" datafieldname="address1_line3" disabled="false" uniqueid="{1205b918-5468-a061-3888-239ce15bce88}" />
                              </cell>
                              <cell id="{523db347-3510-aa53-1450-43d68e13b92a}" showlabel="false">
                                <labels>
                                  <label description="" languagecode="1033" />
                                </labels>
                              </cell>
                            </row>
                            <row>
                              <cell id="{ed440346-5056-d547-5b77-d86e57910408}" showlabel="true" locklevel="0" labelid="{5daaca04-11bf-4d21-a03f-124027a15939}" visible="false">
                                <labels>
                                  <label description="City" languagecode="1033" />
                                  <label description="Ville" languagecode="1036" />
                                </labels>
                                <control id="address1_city" classid="{4273EDBD-AC1D-40d3-9FB2-095C621B552D}" datafieldname="address1_city" disabled="false" uniqueid="{44a32dd0-0705-633d-d188-a96650978248}" />
                              </cell>
                              <cell locklevel="0" id="{22dda07d-5f3b-4b31-8aef-5cf0bc667be8}" showlabel="false">
                                <labels>
                                  <label description="" languagecode="1033" />
                                </labels>
                              </cell>
                            </row>
                            <row>
                              <cell id="{317c9635-d52a-2c45-ab7a-80b7c45d5c23}" showlabel="true" locklevel="0" labelid="{5917cb7b-98c5-48c2-8994-97f3ee0294d1}" visible="false">
                                <labels>
                                  <label description="State/Province" languagecode="1033" />
                                  <label description="État/province" languagecode="1036" />
                                </labels>
                                <control id="address1_stateorprovince" classid="{4273EDBD-AC1D-40d3-9FB2-095C621B552D}" datafieldname="address1_stateorprovince" disabled="false" uniqueid="{29087056-e36a-97b3-41ba-3d850ac71792}" />
                              </cell>
                              <cell locklevel="0" id="{50f212c9-a705-4cfb-a385-d0f30a4e6d07}" showlabel="false">
                                <labels>
                                  <label description="" languagecode="1033" />
                                </labels>
                              </cell>
                            </row>
                            <row>
                              <cell id="{624d79d4-6d93-794e-cb56-c6b52d66e4b1}" showlabel="true" locklevel="0" labelid="{fa75bc98-e738-4ed2-b448-50d1adc964f3}" visible="false">
                                <labels>
                                  <label description="ZIP/Postal Code" languagecode="1033" />
                                  <label description="Code Postal/ZIP" languagecode="1036" />
                                </labels>
                                <control id="address1_postalcode" classid="{4273EDBD-AC1D-40d3-9FB2-095C621B552D}" datafieldname="address1_postalcode" disabled="false" uniqueid="{9377c605-d80e-e940-ea64-4169d6506b63}" />
                              </cell>
                              <cell locklevel="0" id="{53e3252a-5cca-4b31-9165-53d79b189cda}" showlabel="false">
                                <labels>
                                  <label description="" languagecode="1033" />
                                </labels>
                              </cell>
                            </row>
                            <row>
                              <cell id="{d8eddd83-315d-c8c2-7c10-04159d02d460}" showlabel="true" locklevel="0" labelid="{56ac57d2-f5d2-4514-b484-4eda4fbf3910}" visible="false">
                                <labels>
                                  <label description="County" languagecode="1033" />
                                  <label description="Comté" languagecode="1036" />
                                </labels>
                                <control id="address1_county" classid="{4273EDBD-AC1D-40d3-9FB2-095C621B552D}" datafieldname="address1_county" disabled="false" uniqueid="{4179bb2e-5110-3815-1752-dcd39ed4ac14}" />
                              </cell>
                              <cell id="{9299bc24-c4e0-6236-2663-a3b3ed5535da}" showlabel="false">
                                <labels>
                                  <label description="" languagecode="1033" />
                                </labels>
                              </cell>
                            </row>
                          </rows>
                        </section>
                      </sections>
                    </column>
                  </columns>
                </tab>
              </tabs>
              <header id="{3ff9aa06-4e43-41ce-afa9-22a038af5c19}" celllabelposition="Top" columns="1" labelwidth="115">
                <rows>
                  <row>
                    <cell id="{24be01cc-16a6-8eea-8916-42d20a1097ae}" showlabel="true" locklevel="1" labelid="{91ddba55-4ea3-4c88-97fc-027701b98472}">
                      <labels>
                        <label description="Owner" languagecode="1033" />
                        <label description="Propriétaire" languagecode="1036" />
                      </labels>
                      <control id="header_ownerid" classid="{270BD3DB-D9AF-4782-9025-509E298DEC0A}" datafieldname="ownerid" />
                    </cell>
                  </row>
                </rows>
              </header>
              <clientresources>
                <internalresources>
                  <clientincludes>
                    <internaljscriptfile src="$webresource:AppCommon/Contact/Contact_main_system_library.js" />
                    <internaljscriptfile src="$webresource:Sales/Contact/Contact_main_system_library.js" />
                    <internaljscriptfile src="$webresource:Sales/ClientCommon/Sales_ClientCommon.js" />
                  </clientincludes>
                </internalresources>
              </clientresources>
              <events>
                <event name="onload" application="true" active="true">
                  <InternalHandlers>
                    <Handler functionName="AppCommon.Contact.Instance.form_onload" libraryName="AppCommon/Contact/Contact_main_system_library.js" handlerUniqueId="4ea24ebd-795d-434e-af94-6812c3867b54" enabled="true" />
                    <Handler functionName="Sales.Contact.Instance.Form_onload" libraryName="Sales/Contact/Contact_main_system_library.js" handlerUniqueId="fad0dc4f-a62b-48ad-a35b-b2bf83c1ba99" enabled="true" passExecutionContext="true" />
                  </InternalHandlers>
                  <Handlers>
                    <Handler functionName="FS.Contact.Library.Load" libraryName="msdyn_/Contact/Contact.Library.js" handlerUniqueId="{99228d3d-18bc-617c-9c21-8bc5011d5e7a}" enabled="true" parameters="" passExecutionContext="true" />
                    <Handler functionName="loadTalkingPoints" libraryName="msdyn_talkingpointsloader.js" handlerUniqueId="{a96425be-a853-9549-dc5a-1610151533dd}" enabled="true" parameters="" passExecutionContext="true" />
                    <Handler functionName="Sales.DocumentsTabController.shouldShowDocumentsTab" libraryName="Sales/ClientCommon/Sales_ClientCommon.js" handlerUniqueId="{8386030F-4166-4B1E-9428-5E4525B0F0EC}" enabled="true" parameters="" passExecutionContext="true" />
                    <Handler functionName="OnLoad" libraryName="ovs_ContactMainForm" handlerUniqueId="{97632ea1-550a-a19c-4164-122ba351866a}" enabled="true" parameters="" passExecutionContext="true" />
                  </Handlers>
                </event>
              </events>
              <Navigation>
                <NavBar>
                  <NavBarByRelationshipItem RelationshipName="Contact_CustomerAddress" Id="navAddresses" Sequence="10" Area="Info" Show="false">
                    <Privileges>
                      <Privilege Entity="" Privilege="ReadActivity" />
                    </Privileges>
                    <Titles>
                      <Title LCID="1033" Text="Addresses" />
                      <Title LCID="1025" Text="العناوين" />
                      <Title LCID="1026" Text="Адреси" />
                      <Title LCID="1027" Text="Adreces" />
                      <Title LCID="1029" Text="Adresy" />
                      <Title LCID="1030" Text="Adresser" />
                      <Title LCID="1031" Text="Adressen" />
                      <Title LCID="1032" Text="Διευθύνσεις" />
                      <Title LCID="3082" Text="Direcciones" />
                      <Title LCID="1061" Text="Aadressid" />
                      <Title LCID="1069" Text="Helbideak" />
                      <Title LCID="1035" Text="Osoitteet" />
                      <Title LCID="1036" Text="Adresses" />
                      <Title LCID="1110" Text="Enderezos" />
                      <Title LCID="1037" Text="כתובות" />
                      <Title LCID="1081" Text="पते" />
                      <Title LCID="1050" Text="Adrese" />
                      <Title LCID="1038" Text="Címek" />
                      <Title LCID="1057" Text="Alamat" />
                      <Title LCID="1040" Text="Indirizzi" />
                      <Title LCID="1041" Text="住所" />
                      <Title LCID="1087" Text="Мекенжайлар" />
                      <Title LCID="1042" Text="주소" />
                      <Title LCID="1063" Text="Adresai" />
                      <Title LCID="1062" Text="Adreses" />
                      <Title LCID="1086" Text="Alamat" />
                      <Title LCID="1044" Text="Adresser" />
                      <Title LCID="1043" Text="Adressen" />
                      <Title LCID="1045" Text="Adresy" />
                      <Title LCID="1046" Text="Endereços" />
                      <Title LCID="2070" Text="Endereços" />
                      <Title LCID="1048" Text="Adrese" />
                      <Title LCID="1049" Text="Адреса" />
                      <Title LCID="1051" Text="Adresy" />
                      <Title LCID="1060" Text="Naslovi" />
                      <Title LCID="3098" Text="Адресе" />
                      <Title LCID="10266" Text="Адресе" />
                      <Title LCID="2074" Text="Adrese" />
                      <Title LCID="9242" Text="Adrese" />
                      <Title LCID="1053" Text="Adresser" />
                      <Title LCID="1054" Text="ที่อยู่" />
                      <Title LCID="1055" Text="Adresler" />
                      <Title LCID="1058" Text="Адреси" />
                      <Title LCID="1066" Text="Địa chỉ" />
                      <Title LCID="2052" Text="地址" />
                      <Title LCID="3076" Text="地址" />
                      <Title LCID="1028" Text="地址" />
                    </Titles>
                  </NavBarByRelationshipItem>
                  <NavBarByRelationshipItem RelationshipName="contact_customer_contacts" Id="navSubConts" Sequence="10" Area="Info" Show="false">
                    <Privileges>
                      <Privilege Entity="" Privilege="ReadActivity" />
                    </Privileges>
                    <Titles>
                      <Title LCID="1033" Text="Contacts" />
                      <Title LCID="1025" Text="جهات الاتصال" />
                      <Title LCID="1026" Text="Контакти" />
                      <Title LCID="1027" Text="Contactes" />
                      <Title LCID="1029" Text="Kontakty" />
                      <Title LCID="1030" Text="Kontakter" />
                      <Title LCID="1031" Text="Kontakte" />
                      <Title LCID="1032" Text="Επαφές" />
                      <Title LCID="3082" Text="Contactos" />
                      <Title LCID="1061" Text="Kontaktid" />
                      <Title LCID="1069" Text="Kontaktuak" />
                      <Title LCID="1035" Text="Yhteyshenkilöt" />
                      <Title LCID="1036" Text="Contacts" />
                      <Title LCID="1110" Text="Contactos" />
                      <Title LCID="1037" Text="אנשי קשר" />
                      <Title LCID="1081" Text="संपर्क" />
                      <Title LCID="1050" Text="Kontakti" />
                      <Title LCID="1038" Text="Kapcsolattartók" />
                      <Title LCID="1057" Text="Kontak" />
                      <Title LCID="1040" Text="Contatti" />
                      <Title LCID="1041" Text="取引先担当者" />
                      <Title LCID="1087" Text="Контактілер" />
                      <Title LCID="1042" Text="연락처" />
                      <Title LCID="1063" Text="Kontaktai" />
                      <Title LCID="1062" Text="Kontaktpersonas" />
                      <Title LCID="1086" Text="Kenalan" />
                      <Title LCID="1044" Text="Kontakter" />
                      <Title LCID="1043" Text="Contactpersonen" />
                      <Title LCID="1045" Text="Kontakty" />
                      <Title LCID="1046" Text="Contatos" />
                      <Title LCID="2070" Text="Contactos" />
                      <Title LCID="1048" Text="Persoane de contact" />
                      <Title LCID="1049" Text="Контакты" />
                      <Title LCID="1051" Text="Kontakty" />
                      <Title LCID="1060" Text="Stiki" />
                      <Title LCID="3098" Text="Контакти" />
                      <Title LCID="10266" Text="Контакти" />
                      <Title LCID="2074" Text="Kontakti" />
                      <Title LCID="9242" Text="Kontakti" />
                      <Title LCID="1053" Text="Kontakter" />
                      <Title LCID="1054" Text="ผู้ติดต่อ" />
                      <Title LCID="1055" Text="İlgili Kişiler" />
                      <Title LCID="1058" Text="Контактні особи" />
                      <Title LCID="1066" Text="Người liên hệ" />
                      <Title LCID="2052" Text="联系人" />
                      <Title LCID="3076" Text="連絡人" />
                      <Title LCID="1028" Text="連絡人" />
                    </Titles>
                  </NavBarByRelationshipItem>
                  <NavBarByRelationshipItem RelationshipName="contact_customer_relationship_customer" Id="navRelationships" Sequence="10" Area="Info" Show="false">
                    <Privileges>
                      <Privilege Entity="" Privilege="ReadActivity" />
                    </Privileges>
                    <Titles>
                      <Title LCID="1033" Text="CustomerRelationship" />
                      <Title LCID="1025" Text="العلاقة بالعميل" />
                      <Title LCID="1026" Text="Взаимоотношения с клиент" />
                      <Title LCID="1027" Text="CustomerRelationship" />
                      <Title LCID="1029" Text="Vztah se zákazníkem" />
                      <Title LCID="1030" Text="CustomerRelationship" />
                      <Title LCID="1031" Text="Kundenbeziehung" />
                      <Title LCID="1032" Text="CustomerRelationship" />
                      <Title LCID="3082" Text="Relación con el cliente" />
                      <Title LCID="1061" Text="CustomerRelationship" />
                      <Title LCID="1069" Text="CustomerRelationship" />
                      <Title LCID="1035" Text="CustomerRelationship" />
                      <Title LCID="1036" Text="Relations client" />
                      <Title LCID="1110" Text="CustomerRelationship" />
                      <Title LCID="1037" Text="CustomerRelationship" />
                      <Title LCID="1081" Text="CustomerRelationship" />
                      <Title LCID="1050" Text="CustomerRelationship" />
                      <Title LCID="1038" Text="CustomerRelationship" />
                      <Title LCID="1057" Text="CustomerRelationship" />
                      <Title LCID="1040" Text="CustomerRelationship" />
                      <Title LCID="1041" Text="CustomerRelationship" />
                      <Title LCID="1087" Text="Тұтынушы қатынасы" />
                      <Title LCID="1042" Text="CustomerRelationship" />
                      <Title LCID="1063" Text="CustomerRelationship" />
                      <Title LCID="1062" Text="Klientu attiecības" />
                      <Title LCID="1086" Text="CustomerRelationship" />
                      <Title LCID="1044" Text="Kunderelasjon" />
                      <Title LCID="1043" Text="Klantrelatie" />
                      <Title LCID="1045" Text="Relacja z klientem" />
                      <Title LCID="1046" Text="CustomerRelationship" />
                      <Title LCID="2070" Text="CustomerRelationship" />
                      <Title LCID="1048" Text="CustomerRelationship" />
                      <Title LCID="1049" Text="CustomerRelationship" />
                      <Title LCID="1051" Text="CustomerRelationship" />
                      <Title LCID="1060" Text="CustomerRelationship" />
                      <Title LCID="3098" Text="CustomerRelationship" />
                      <Title LCID="10266" Text="Однос са клијентима" />
                      <Title LCID="2074" Text="CustomerRelationship" />
                      <Title LCID="9242" Text="Odnos sa klijentima" />
                      <Title LCID="1053" Text="Kundrelation" />
                      <Title LCID="1054" Text="CustomerRelationship" />
                      <Title LCID="1055" Text="CustomerRelationship" />
                      <Title LCID="1058" Text="Зв’язок із клієнтом" />
                      <Title LCID="1066" Text="CustomerRelationship" />
                      <Title LCID="2052" Text="CustomerRelationship" />
                      <Title LCID="3076" Text="CustomerRelationship" />
                      <Title LCID="1028" Text="CustomerRelationship" />
                    </Titles>
                  </NavBarByRelationshipItem>
                  <NavBarByRelationshipItem RelationshipName="invoice_customer_contacts" Id="navInvoices" Sequence="10" Area="Info" Show="false">
                    <Privileges>
                      <Privilege Entity="" Privilege="ReadActivity" />
                    </Privileges>
                    <Titles>
                      <Title LCID="1033" Text="Invoice" />
                      <Title LCID="1025" Text="Invoice" />
                      <Title LCID="1026" Text="Invoice" />
                      <Title LCID="1027" Text="Invoice" />
                      <Title LCID="1029" Text="Invoice" />
                      <Title LCID="1030" Text="Invoice" />
                      <Title LCID="1031" Text="Invoice" />
                      <Title LCID="1032" Text="Invoice" />
                      <Title LCID="3082" Text="Invoice" />
                      <Title LCID="1061" Text="Invoice" />
                      <Title LCID="1069" Text="Invoice" />
                      <Title LCID="1035" Text="Invoice" />
                      <Title LCID="1036" Text="Invoice" />
                      <Title LCID="1110" Text="Invoice" />
                      <Title LCID="1037" Text="Invoice" />
                      <Title LCID="1081" Text="Invoice" />
                      <Title LCID="1050" Text="Invoice" />
                      <Title LCID="1038" Text="Invoice" />
                      <Title LCID="1057" Text="Invoice" />
                      <Title LCID="1040" Text="Invoice" />
                      <Title LCID="1041" Text="Invoice" />
                      <Title LCID="1087" Text="Invoice" />
                      <Title LCID="1042" Text="Invoice" />
                      <Title LCID="1063" Text="Invoice" />
                      <Title LCID="1062" Text="Invoice" />
                      <Title LCID="1086" Text="Invoice" />
                      <Title LCID="1044" Text="Invoice" />
                      <Title LCID="1043" Text="Invoice" />
                      <Title LCID="1045" Text="Invoice" />
                      <Title LCID="1046" Text="Invoice" />
                      <Title LCID="2070" Text="Invoice" />
                      <Title LCID="1048" Text="Invoice" />
                      <Title LCID="1049" Text="Invoice" />
                      <Title LCID="1051" Text="Invoice" />
                      <Title LCID="1060" Text="Invoice" />
                      <Title LCID="3098" Text="Фактура" />
                      <Title LCID="10266" Text="Invoice" />
                      <Title LCID="2074" Text="Faktura" />
                      <Title LCID="9242" Text="Invoice" />
                      <Title LCID="1053" Text="Invoice" />
                      <Title LCID="1054" Text="Invoice" />
                      <Title LCID="1055" Text="Invoice" />
                      <Title LCID="1058" Text="Invoice" />
                      <Title LCID="1066" Text="Invoice" />
                      <Title LCID="2052" Text="Invoice" />
                      <Title LCID="3076" Text="Invoice" />
                      <Title LCID="1028" Text="Invoice" />
                    </Titles>
                  </NavBarByRelationshipItem>
                  <NavBarByRelationshipItem RelationshipName="order_customer_contacts" Id="navOrders" Sequence="10" Area="Info" Show="false">
                    <Privileges>
                      <Privilege Entity="" Privilege="ReadActivity" />
                    </Privileges>
                    <Titles>
                      <Title LCID="1033" Text="SalesOrder" />
                      <Title LCID="1025" Text="SalesOrder" />
                      <Title LCID="1026" Text="SalesOrder" />
                      <Title LCID="1027" Text="SalesOrder" />
                      <Title LCID="1029" Text="SalesOrder" />
                      <Title LCID="1030" Text="SalesOrder" />
                      <Title LCID="1031" Text="SalesOrder" />
                      <Title LCID="1032" Text="SalesOrder" />
                      <Title LCID="3082" Text="SalesOrder" />
                      <Title LCID="1061" Text="SalesOrder" />
                      <Title LCID="1069" Text="SalesOrder" />
                      <Title LCID="1035" Text="SalesOrder" />
                      <Title LCID="1036" Text="SalesOrder" />
                      <Title LCID="1110" Text="SalesOrder" />
                      <Title LCID="1037" Text="SalesOrder" />
                      <Title LCID="1081" Text="SalesOrder" />
                      <Title LCID="1050" Text="SalesOrder" />
                      <Title LCID="1038" Text="SalesOrder" />
                      <Title LCID="1057" Text="SalesOrder" />
                      <Title LCID="1040" Text="SalesOrder" />
                      <Title LCID="1041" Text="SalesOrder" />
                      <Title LCID="1087" Text="SalesOrder" />
                      <Title LCID="1042" Text="SalesOrder" />
                      <Title LCID="1063" Text="SalesOrder" />
                      <Title LCID="1062" Text="SalesOrder" />
                      <Title LCID="1086" Text="SalesOrder" />
                      <Title LCID="1044" Text="SalesOrder" />
                      <Title LCID="1043" Text="SalesOrder" />
                      <Title LCID="1045" Text="SalesOrder" />
                      <Title LCID="1046" Text="SalesOrder" />
                      <Title LCID="2070" Text="SalesOrder" />
                      <Title LCID="1048" Text="SalesOrder" />
                      <Title LCID="1049" Text="SalesOrder" />
                      <Title LCID="1051" Text="SalesOrder" />
                      <Title LCID="1060" Text="SalesOrder" />
                      <Title LCID="3098" Text="SalesOrder" />
                      <Title LCID="10266" Text="SalesOrder" />
                      <Title LCID="2074" Text="SalesOrder" />
                      <Title LCID="9242" Text="SalesOrder" />
                      <Title LCID="1053" Text="SalesOrder" />
                      <Title LCID="1054" Text="SalesOrder" />
                      <Title LCID="1055" Text="SalesOrder" />
                      <Title LCID="1058" Text="SalesOrder" />
                      <Title LCID="1066" Text="SalesOrder" />
                      <Title LCID="2052" Text="SalesOrder" />
                      <Title LCID="3076" Text="SalesOrder" />
                      <Title LCID="1028" Text="SalesOrder" />
                    </Titles>
                  </NavBarByRelationshipItem>
                  <NavBarByRelationshipItem RelationshipName="quote_customer_contacts" Id="navQuotes" Sequence="10" Area="Info" Show="false">
                    <Privileges>
                      <Privilege Entity="" Privilege="ReadActivity" />
                    </Privileges>
                    <Titles>
                      <Title LCID="1033" Text="Quote" />
                      <Title LCID="1025" Text="Quote" />
                      <Title LCID="1026" Text="Quote" />
                      <Title LCID="1027" Text="Quote" />
                      <Title LCID="1029" Text="Quote" />
                      <Title LCID="1030" Text="Quote" />
                      <Title LCID="1031" Text="Quote" />
                      <Title LCID="1032" Text="Quote" />
                      <Title LCID="3082" Text="Quote" />
                      <Title LCID="1061" Text="Quote" />
                      <Title LCID="1069" Text="Quote" />
                      <Title LCID="1035" Text="Quote" />
                      <Title LCID="1036" Text="Quote" />
                      <Title LCID="1110" Text="Quote" />
                      <Title LCID="1037" Text="Quote" />
                      <Title LCID="1081" Text="Quote" />
                      <Title LCID="1050" Text="Quote" />
                      <Title LCID="1038" Text="Quote" />
                      <Title LCID="1057" Text="Quote" />
                      <Title LCID="1040" Text="Quote" />
                      <Title LCID="1041" Text="Quote" />
                      <Title LCID="1087" Text="Quote" />
                      <Title LCID="1042" Text="Quote" />
                      <Title LCID="1063" Text="Quote" />
                      <Title LCID="1062" Text="Quote" />
                      <Title LCID="1086" Text="Quote" />
                      <Title LCID="1044" Text="Quote" />
                      <Title LCID="1043" Text="Quote" />
                      <Title LCID="1045" Text="Quote" />
                      <Title LCID="1046" Text="Quote" />
                      <Title LCID="2070" Text="Quote" />
                      <Title LCID="1048" Text="Quote" />
                      <Title LCID="1049" Text="Quote" />
                      <Title LCID="1051" Text="Quote" />
                      <Title LCID="1060" Text="Quote" />
                      <Title LCID="3098" Text="Понуда" />
                      <Title LCID="10266" Text="Quote" />
                      <Title LCID="2074" Text="Ponuda" />
                      <Title LCID="9242" Text="Quote" />
                      <Title LCID="1053" Text="Quote" />
                      <Title LCID="1054" Text="Quote" />
                      <Title LCID="1055" Text="Quote" />
                      <Title LCID="1058" Text="Quote" />
                      <Title LCID="1066" Text="Quote" />
                      <Title LCID="2052" Text="Quote" />
                      <Title LCID="3076" Text="Quote" />
                      <Title LCID="1028" Text="Quote" />
                    </Titles>
                  </NavBarByRelationshipItem>
                  <NavBarByRelationshipItem RelationshipName="hardcoded_{B7196B13-6B9D-42CD-BD58-B19A3953126F}navAsyncOperations" Sequence="9500" Area="ProcessCenter" Id="navAsyncOperations" Show="false">
                    <Titles>
                      <Title LCID="1033" Text="Workflows" />
                      <Title LCID="1025" Text="عمليات سير العمل" />
                      <Title LCID="1026" Text="Работни потоци" />
                      <Title LCID="1027" Text="Fluxos de treball" />
                      <Title LCID="1029" Text="Pracovní postupy" />
                      <Title LCID="1030" Text="Arbejdsprocesser" />
                      <Title LCID="1031" Text="Workflows" />
                      <Title LCID="1032" Text="Ροές εργασιών" />
                      <Title LCID="3082" Text="Flujos de trabajo" />
                      <Title LCID="1061" Text="Töövood" />
                      <Title LCID="1069" Text="Lan-fluxuak" />
                      <Title LCID="1035" Text="Työnkulut" />
                      <Title LCID="1036" Text="Workflows" />
                      <Title LCID="1110" Text="Fluxos de traballo" />
                      <Title LCID="1037" Text="זרימות עבודה" />
                      <Title LCID="1081" Text="कार्य प्रवाह" />
                      <Title LCID="1050" Text="Tjekovi rada" />
                      <Title LCID="1038" Text="Munkafolyamatok" />
                      <Title LCID="1057" Text="Alur Kerja" />
                      <Title LCID="1040" Text="Flussi di lavoro" />
                      <Title LCID="1041" Text="ワークフロー" />
                      <Title LCID="1087" Text="Жұмыс ағындары" />
                      <Title LCID="1042" Text="워크플로" />
                      <Title LCID="1063" Text="Darbo eigos" />
                      <Title LCID="1062" Text="Darbplūsmas" />
                      <Title LCID="1086" Text="Aliran Kerja" />
                      <Title LCID="1044" Text="Arbeidsflyter" />
                      <Title LCID="1043" Text="Werkstromen" />
                      <Title LCID="1045" Text="Przepływy pracy" />
                      <Title LCID="1046" Text="Fluxos de Trabalho" />
                      <Title LCID="2070" Text="Fluxos de Trabalho" />
                      <Title LCID="1048" Text="Fluxuri de lucru" />
                      <Title LCID="1049" Text="Бизнес-процессы" />
                      <Title LCID="1051" Text="Pracovné postupy" />
                      <Title LCID="1060" Text="Poteki dela" />
                      <Title LCID="3098" Text="Токови посла" />
                      <Title LCID="10266" Text="Токови посла" />
                      <Title LCID="2074" Text="Tokovi posla" />
                      <Title LCID="9242" Text="Tokovi posla" />
                      <Title LCID="1053" Text="Arbetsflöden" />
                      <Title LCID="1054" Text="เวิร์กโฟลว์" />
                      <Title LCID="1055" Text="İş Akışları" />
                      <Title LCID="1058" Text="Робочі цикли" />
                      <Title LCID="1066" Text="Quy trình làm việc" />
                      <Title LCID="2052" Text="工作流" />
                      <Title LCID="3076" Text="工作流程" />
                      <Title LCID="1028" Text="工作流程" />
                    </Titles>
                  </NavBarByRelationshipItem>
                  <NavBarByRelationshipItem RelationshipName="hardcoded_{B7196B13-6B9D-42CD-BD58-B19A3953126F}navProcessSessions" Sequence="9700" Area="ProcessCenter" Id="navProcessSessions" Show="false">
                    <Titles>
                      <Title LCID="1033" Text="Dialog Sessions" />
                      <Title LCID="1025" Text="جلسات عمل الحوار" />
                      <Title LCID="1026" Text="Диалогови сесии" />
                      <Title LCID="1027" Text="Sessions del diàleg" />
                      <Title LCID="1029" Text="Relace dialogů" />
                      <Title LCID="1030" Text="Dialogsessioner" />
                      <Title LCID="1031" Text="Dialogsitzungen" />
                      <Title LCID="1032" Text="Περίοδοι λειτουργίας παραθύρου διαλόγου" />
                      <Title LCID="3082" Text="Sesiones de diálogo" />
                      <Title LCID="1061" Text="Dialoogiseansid" />
                      <Title LCID="1069" Text="Elkarrizketa-saioak" />
                      <Title LCID="1035" Text="Dialogi-istunnot" />
                      <Title LCID="1036" Text="Sessions de dialogue" />
                      <Title LCID="1110" Text="Sesións de diálogo" />
                      <Title LCID="1037" Text="הפעלות דו-שיח" />
                      <Title LCID="1081" Text="संवाद सत्र" />
                      <Title LCID="1050" Text="Sesije dijaloga" />
                      <Title LCID="1038" Text="Párbeszéd-munkamenetek" />
                      <Title LCID="1057" Text="Sesi Dialog" />
                      <Title LCID="1040" Text="Sessioni di interazione" />
                      <Title LCID="1041" Text="ダイアログ セッション" />
                      <Title LCID="1087" Text="Диалог сеанстары" />
                      <Title LCID="1042" Text="대화 세션" />
                      <Title LCID="1063" Text="Dialogo seansai" />
                      <Title LCID="1062" Text="Dialogu sesijas" />
                      <Title LCID="1086" Text="Sesi Dialog" />
                      <Title LCID="1044" Text="Dialogøkter" />
                      <Title LCID="1043" Text="Dialoogvenstersessies" />
                      <Title LCID="1045" Text="Sesje dialogowe" />
                      <Title LCID="1046" Text="Sessões de Diálogo" />
                      <Title LCID="2070" Text="Sessões de Diálogo" />
                      <Title LCID="1048" Text="Sesiuni de dialog" />
                      <Title LCID="1049" Text="Сеансы диалогового окна" />
                      <Title LCID="1051" Text="Relácie dialógového okna" />
                      <Title LCID="1060" Text="Seje dialoga" />
                      <Title LCID="3098" Text="Сесије дијалога" />
                      <Title LCID="10266" Text="Сесије дијалога" />
                      <Title LCID="2074" Text="Sesije dijaloga" />
                      <Title LCID="9242" Text="Sesije dijaloga" />
                      <Title LCID="1053" Text="Dialogsessioner" />
                      <Title LCID="1054" Text="เซสชันของกล่องโต้ตอบ" />
                      <Title LCID="1055" Text="Diyalog Oturumları" />
                      <Title LCID="1058" Text="Сеанси діалогу" />
                      <Title LCID="1066" Text="Phiên hộp thoại" />
                      <Title LCID="2052" Text="对话会话" />
                      <Title LCID="3076" Text="對話方塊工作階段" />
                      <Title LCID="1028" Text="對話方塊工作階段" />
                    </Titles>
                  </NavBarByRelationshipItem>
                  <NavBarByRelationshipItem Icon="$webresource:msdyn_/Icons/Sitemap/RMA_32.png" RelationshipName="msdyn_contact_msdyn_rma_RequestedByContact" Sequence="10000" Client="Web" Area="Info" Id="nav_msdyn_contact_msdyn_rma_RequestedByContact" Show="false">
                    <Titles>
                      <Title LCID="1033" Text="Billing Account" />
                      <Title LCID="1025" Text="حساب الفوترة" />
                      <Title LCID="1026" Text="Акаунт за фактуриране" />
                      <Title LCID="1027" Text="Compte de facturació" />
                      <Title LCID="1029" Text="Fakturovaný obchodní vztah" />
                      <Title LCID="1030" Text="Faktureringskonto" />
                      <Title LCID="1031" Text="Abrechnungskonto" />
                      <Title LCID="1032" Text="Λογαριασμός χρέωσης" />
                      <Title LCID="3082" Text="Cuenta de facturación" />
                      <Title LCID="1061" Text="Arvelduskonto" />
                      <Title LCID="1069" Text="Fakturazio-kontua" />
                      <Title LCID="1035" Text="Laskutustili" />
                      <Title LCID="1036" Text="Compte de facturation" />
                      <Title LCID="1110" Text="Conta de facturación" />
                      <Title LCID="1037" Text="תיק לקוח לחיוב" />
                      <Title LCID="1081" Text="बिलिंग खाता" />
                      <Title LCID="1050" Text="Račun za naplatu" />
                      <Title LCID="1038" Text="Számlázási partner" />
                      <Title LCID="1057" Text="Akun Penagihan" />
                      <Title LCID="1040" Text="Account di fatturazione" />
                      <Title LCID="1041" Text="請求先口座" />
                      <Title LCID="1087" Text="Төлеуші шоты" />
                      <Title LCID="1042" Text="청구 계정" />
                      <Title LCID="1063" Text="Atsiskaitymo klientas" />
                      <Title LCID="1062" Text="Norēķinu konts" />
                      <Title LCID="1086" Text="Akaun Pengebilan" />
                      <Title LCID="1044" Text="Forretningsforbindelse for fakturering" />
                      <Title LCID="1043" Text="Factureringsaccount" />
                      <Title LCID="1045" Text="Konto rozliczeniowe" />
                      <Title LCID="1046" Text="Conta de Cobrança" />
                      <Title LCID="2070" Text="Conta de Faturação" />
                      <Title LCID="1048" Text="Cont de facturare" />
                      <Title LCID="1049" Text="Организация для выставления счетов" />
                      <Title LCID="1051" Text="Fakturačné konto" />
                      <Title LCID="1060" Text="Račun za obračunavanje" />
                      <Title LCID="3098" Text="Пословни контакт за наплату" />
                      <Title LCID="2074" Text="Poslovni kontakt za naplatu" />
                      <Title LCID="1053" Text="Faktureringskonto" />
                      <Title LCID="1054" Text="ลูกค้าองค์กรที่เรียกเก็บเงิน" />
                      <Title LCID="1055" Text="Faturalama Firması" />
                      <Title LCID="1058" Text="Платник" />
                      <Title LCID="1066" Text="Tài khoản Thanh toán" />
                      <Title LCID="2052" Text="开单帐户" />
                      <Title LCID="3076" Text="計費帳戶" />
                      <Title LCID="1028" Text="計費帳戶" />
                    </Titles>
                  </NavBarByRelationshipItem>
                  <NavBarByRelationshipItem Icon="$webresource:msdyn_/Icons/Sitemap/RTV_32.png" RelationshipName="msdyn_contact_msdyn_rtv_VendorContact" Sequence="10000" Client="Web" Area="Info" Id="nav_msdyn_contact_msdyn_rtv_VendorContact" Show="false">
                    <Titles>
                      <Title LCID="1033" Text="Vendor Contact" />
                      <Title LCID="1025" Text="جهة اتصال البائع" />
                      <Title LCID="1026" Text="Контакт на доставчик" />
                      <Title LCID="1027" Text="Contacte de proveïdor" />
                      <Title LCID="1029" Text="Kontakt dodavatele" />
                      <Title LCID="1030" Text="Leverandørkontakt" />
                      <Title LCID="1031" Text="Zuliefererkontakt" />
                      <Title LCID="1032" Text="Επαφή προμηθευτή" />
                      <Title LCID="3082" Text="Contacto de proveedor" />
                      <Title LCID="1061" Text="Hankija kontakt" />
                      <Title LCID="1069" Text="Saltzaile-kontaktua" />
                      <Title LCID="1035" Text="Toimittajan yhteyshenkilö" />
                      <Title LCID="1036" Text="Contact du fournisseur" />
                      <Title LCID="1110" Text="Contacto de fornecedor" />
                      <Title LCID="1037" Text="איש הקשר של הספק" />
                      <Title LCID="1081" Text="विक्रेता संपर्क" />
                      <Title LCID="1050" Text="Kontakt dobavljača" />
                      <Title LCID="1038" Text="Szállító kapcsolattartója" />
                      <Title LCID="1057" Text="Kontak Vendor" />
                      <Title LCID="1040" Text="Contatto fornitore" />
                      <Title LCID="1041" Text="ベンダーの担当者" />
                      <Title LCID="1087" Text="Жеткізуші контактісі" />
                      <Title LCID="1042" Text="공급업체 연락처" />
                      <Title LCID="1063" Text="Tiekėjo kontaktas" />
                      <Title LCID="1062" Text="Piegādātāja kontaktpersona" />
                      <Title LCID="1086" Text="Kenalan Vendor" />
                      <Title LCID="1044" Text="Leverandørkontakt" />
                      <Title LCID="1043" Text="Leverancierscontactpersoon" />
                      <Title LCID="1045" Text="Kontakt dostawcy" />
                      <Title LCID="1046" Text="Contato do Fornecedor" />
                      <Title LCID="2070" Text="Contacto do Fornecedor" />
                      <Title LCID="1048" Text="Persoană de contact furnizor" />
                      <Title LCID="1049" Text="Контакт поставщика" />
                      <Title LCID="1051" Text="Kontakt dodávateľa" />
                      <Title LCID="1060" Text="Stik dobavitelja" />
                      <Title LCID="3098" Text="Контакт код продавца" />
                      <Title LCID="2074" Text="Kontakt kod prodavca" />
                      <Title LCID="1053" Text="Leverantörens kontakt" />
                      <Title LCID="1054" Text="ผู้ติดต่อของผู้ขาย" />
                      <Title LCID="1055" Text="Satıcı İlgili Kişisi" />
                      <Title LCID="1058" Text="Контактна особа постачальника" />
                      <Title LCID="1066" Text="Người liên hệ của Nhà cung cấp" />
                      <Title LCID="2052" Text="供应商联系人" />
                      <Title LCID="3076" Text="廠商連絡人" />
                      <Title LCID="1028" Text="廠商連絡人" />
                    </Titles>
                  </NavBarByRelationshipItem>
                  <NavBarByRelationshipItem Icon="$webresource:msdyn_/Icons/Sitemap/WorkOrder_32.png" RelationshipName="msdyn_contact_msdyn_workorder_ReportedByContact" Sequence="10000" Client="Web" Area="Info" Id="nav_msdyn_contact_msdyn_workorder_ReportedByContact" Show="false">
                    <Titles>
                      <Title LCID="1033" Text="Work Orders" />
                      <Title LCID="1025" Text="أوامر العمل" />
                      <Title LCID="1026" Text="Работни поръчки" />
                      <Title LCID="1027" Text="Ordres de treball" />
                      <Title LCID="1029" Text="Pracovní příkazy" />
                      <Title LCID="1030" Text="Arbejdsordrer" />
                      <Title LCID="1031" Text="Arbeitsaufträge" />
                      <Title LCID="1032" Text="Παραγγελίες εργασίας" />
                      <Title LCID="3082" Text="Órdenes de trabajo" />
                      <Title LCID="1061" Text="Töökorraldused" />
                      <Title LCID="1069" Text="Lan-eskaerak" />
                      <Title LCID="1035" Text="Työtilaukset" />
                      <Title LCID="1036" Text="Ordres de travail" />
                      <Title LCID="1110" Text="Pedidos de traballo" />
                      <Title LCID="1037" Text="הזמנות עבודה" />
                      <Title LCID="1081" Text="कार्य ऑर्डर" />
                      <Title LCID="1050" Text="Radni nalozi" />
                      <Title LCID="1038" Text="Munkarendelések" />
                      <Title LCID="1057" Text="Perintah Kerja" />
                      <Title LCID="1040" Text="Ordini di lavoro" />
                      <Title LCID="1041" Text="作業指示書" />
                      <Title LCID="1087" Text="Жұмысқа тапсырыстар" />
                      <Title LCID="1042" Text="작업 주문" />
                      <Title LCID="1063" Text="Darbo užsakymai" />
                      <Title LCID="1062" Text="Darba pasūtījumi" />
                      <Title LCID="1086" Text="Pesanan Kerja" />
                      <Title LCID="1044" Text="Arbeidsordrer" />
                      <Title LCID="1043" Text="Werkorders" />
                      <Title LCID="1045" Text="Zlecenia pracy" />
                      <Title LCID="1046" Text="Ordens de Serviço" />
                      <Title LCID="2070" Text="Ordens de Intervenção" />
                      <Title LCID="1048" Text="Comenzi de lucru" />
                      <Title LCID="1049" Text="Заказы на работу" />
                      <Title LCID="1051" Text="Objednávky prác" />
                      <Title LCID="1060" Text="Delovni nalogi" />
                      <Title LCID="3098" Text="Радни налози" />
                      <Title LCID="2074" Text="Radni nalozi" />
                      <Title LCID="1053" Text="Arbetsorder" />
                      <Title LCID="1054" Text="ใบสั่งงาน" />
                      <Title LCID="1055" Text="İş Emirleri" />
                      <Title LCID="1058" Text="Наряди-замовлення" />
                      <Title LCID="1066" Text="Lệnh Sản xuất" />
                      <Title LCID="2052" Text="工作订单" />
                      <Title LCID="3076" Text="工單" />
                      <Title LCID="1028" Text="工單" />
                    </Titles>
                  </NavBarByRelationshipItem>
                </NavBar>
                <NavBarAreas>
                  <NavBarArea Id="Info">
                    <Titles>
                      <Title LCID="1033" Text="Common" />
                    </Titles>
                  </NavBarArea>
                  <NavBarArea Id="Sales">
                    <Titles>
                      <Title LCID="1033" Text="Sales" />
                    </Titles>
                  </NavBarArea>
                  <NavBarArea Id="Service">
                    <Titles>
                      <Title LCID="1033" Text="Service" />
                    </Titles>
                  </NavBarArea>
                  <NavBarArea Id="Marketing">
                    <Titles>
                      <Title LCID="1033" Text="Marketing" />
                    </Titles>
                  </NavBarArea>
                  <NavBarArea Id="ProcessCenter">
                    <Titles>
                      <Title LCID="1033" Text="Process Sessions" />
                    </Titles>
                  </NavBarArea>
                </NavBarAreas>
              </Navigation>
              <controlDescriptions />
              <formLibraries>
                <Library name="msdyn_talkingpointsloader.js" libraryUniqueId="{30d6d0a4-d097-b9be-cc6e-5722727be490}" />
                <Library name="msdyn_/Contact/Contact.Library.js" libraryUniqueId="{8deabac1-da63-9b3d-d401-682d3820ebd9}" />
                <Library name="qm_globalHelper.js" libraryUniqueId="{774b8297-bb9b-4bfb-a910-3b75267cb64a}" />
                <Library name="ovs_ContactMainForm" libraryUniqueId="{4fe67923-50e5-48f9-98f7-a9e8b40cda0c}" />
              </formLibraries>
              <footer id="{2dddce72-da88-4856-9d86-cd5492895e53}" celllabelposition="Top" columns="111" labelwidth="115" celllabelalignment="Left">
                <rows>
                  <row>
                    <cell id="{39aea97c-ce47-4277-affc-fde70ace3e79}" showlabel="false" labelid="{c7ed9c7d-0b9e-4134-9567-918f5e86cac1}">
                      <labels>
                        <label description="" languagecode="1033" />
                      </labels>
                    </cell>
                    <cell id="{07d81b8c-6e83-486f-8080-2bf75e866fa6}" showlabel="false" labelid="{5391488a-186d-45bb-9fc3-d638614f9f9e}">
                      <labels>
                        <label description="" languagecode="1033" />
                      </labels>
                    </cell>
                    <cell id="{e5ca4c2d-9d72-4723-ae1a-ca8d714cb98f}" showlabel="false" labelid="{32eae1ef-a15e-44af-858d-862a5497835c}">
                      <labels>
                        <label description="" languagecode="1033" />
                      </labels>
                    </cell>
                  </row>
                </rows>
              </footer>
              <DisplayConditions FallbackForm="true" Order="16">
                <Role Id="{627090ff-40a3-4053-8790-584edc5be201}" />
              </DisplayConditions>
            </form>
            <IsCustomizable>1</IsCustomizable>
            <CanBeDeleted>1</CanBeDeleted>
            <LocalizedNames>
              <LocalizedName description="CID Portal - Edit Contact Form" languagecode="1033" />
              <LocalizedName description="Portail BDIC - Modifier le formulaire de contact" languagecode="1036" />
            </LocalizedNames>
          </systemform>
        </forms>
      </FormXml>
      <RibbonDiffXml>
        <CustomActions>
          <CustomAction Id="ovs.Mscrm.SubGrid.contact.AddExistingAssoc.CustomAction" Location="Mscrm.SubGrid.contact.MainTab.Management.Controls._children" Sequence="40">
            <CommandUIDefinition>
              <Button Alt="$LocLabels:Mscrm.SubGrid.contact.AddExistingAssoc.Alt" Command="Mscrm.AddExistingRecordFromSubGridAssociated" Id="Mscrm.SubGrid.contact.AddExistingAssoc" Image32by32="/_imgs/ribbon/AddExistingStandard_32.png" Image16by16="/_imgs/ribbon/AddExistingStandard_16.png" LabelText="$LocLabels:Mscrm.SubGrid.contact.AddExistingAssoc.LabelText" Sequence="40" TemplateAlias="o1" ToolTipTitle="$LocLabels:Mscrm.SubGrid.contact.AddExistingAssoc.ToolTipTitle" ToolTipDescription="$Resources(EntityDisplayName):Mscrm_SubGrid_EntityLogicalName_MainTab_Management_AddExistingAssoc_ToolTipDescription" ModernImage="AddExisting" />
            </CommandUIDefinition>
          </CustomAction>
          <CustomAction Id="ovs.Mscrm.SubGrid.contact.AddExistingStandard.CustomAction" Location="Mscrm.SubGrid.contact.MainTab.Management.Controls._children" Sequence="30">
            <CommandUIDefinition>
              <Button Alt="$LocLabels:Mscrm.SubGrid.contact.AddExistingStandard.Alt" Command="Mscrm.AddExistingRecordFromSubGridStandard" Id="Mscrm.SubGrid.contact.AddExistingStandard" Image32by32="/_imgs/ribbon/AddExistingStandard_32.png" Image16by16="/_imgs/ribbon/AddExistingStandard_16.png" LabelText="$LocLabels:Mscrm.SubGrid.contact.AddExistingStandard.LabelText" Sequence="30" TemplateAlias="o1" ToolTipTitle="$LocLabels:Mscrm.SubGrid.contact.AddExistingStandard.ToolTipTitle" ToolTipDescription="$Resources(EntityDisplayName):Mscrm_SubGrid_EntityLogicalName_MainTab_Management_AddExistingStandard_ToolTipDescription" ModernImage="AddExisting" />
            </CommandUIDefinition>
          </CustomAction>
          <CustomAction Id="ovs.Mscrm.SubGrid.contact.AddNewStandard.CustomAction" Location="Mscrm.SubGrid.contact.MainTab.Management.Controls._children" Sequence="20">
            <CommandUIDefinition>
              <Button Alt="$Resources(EntityDisplayName):Ribbon.SubGrid.AddNew" Command="Mscrm.AddNewRecordFromSubGridStandard" Id="Mscrm.SubGrid.contact.AddNewStandard" Image32by32="/_imgs/ribbon/newrecord32.png" Image16by16="/_imgs/ribbon/New_16.png" LabelText="$Resources(EntityDisplayName):Ribbon.SubGrid.AddNew" Sequence="20" TemplateAlias="o1" ToolTipTitle="$Resources(EntityDisplayName):Mscrm_SubGrid_EntityLogicalName_MainTab_Management_AddNewStandard_ToolTipTitle" ToolTipDescription="$Resources(EntityDisplayName):Mscrm_SubGrid_EntityLogicalName_MainTab_Management_AddNewStandard_ToolTipDescription" ModernImage="New" />
            </CommandUIDefinition>
          </CustomAction>
          <CustomAction Id="ovs.Mscrm.SubGrid.contact.NewRecord.CustomAction" Location="Mscrm.SubGrid.contact.MainTab.Management.Controls._children" Sequence="10">
            <CommandUIDefinition>
              <Button Command="Mscrm.NewRecordFromGrid" Id="Mscrm.SubGrid.contact.NewRecord" Image32by32="/_imgs/ribbon/newrecord32.png" Image16by16="/_imgs/ribbon/New_16.png" LabelText="$Resources(EntityDisplayName):Ribbon.SubGrid.MainTab.New" Sequence="10" TemplateAlias="o1" ToolTipTitle="$Resources(EntityDisplayName):Ribbon.SubGrid.MainTab.New" ToolTipDescription="$Resources(EntityDisplayName):Ribbon.Tooltip.New" ModernImage="New" />
            </CommandUIDefinition>
          </CustomAction>
        </CustomActions>
        <Templates>
          <RibbonTemplates Id="Mscrm.Templates"></RibbonTemplates>
        </Templates>
        <CommandDefinitions>
          <CommandDefinition Id="Mscrm.AddNewRecordFromSubGridStandard">
            <EnableRules>
              <EnableRule Id="Mscrm.AppendToPrimary" />
              <EnableRule Id="Mscrm.EntityFormIsEnabled" />
              <EnableRule Id="Mscrm.IsEntityAvailableForUserInMocaOffline" />
            </EnableRules>
            <DisplayRules>
              <DisplayRule Id="Mscrm.AppendToPrimary" />
              <DisplayRule Id="Mscrm.CreateSelectedEntityPermission" />
              <DisplayRule Id="Mscrm.AppendSelected" />
              <DisplayRule Id="Mscrm.HideAddNewForChildEntities" />
            </DisplayRules>
            <Actions>
              <JavaScriptFunction FunctionName="XrmCore.Commands.Open.addNewFromSubGridStandard" Library="$webresource:Main_system_library.js">
                <CrmParameter Value="SelectedEntityTypeName" />
                <CrmParameter Value="PrimaryEntityTypeName" />
                <CrmParameter Value="FirstPrimaryItemId" />
                <CrmParameter Value="PrimaryControl" />
                <CrmParameter Value="SelectedControl" />
              </JavaScriptFunction>
            </Actions>
          </CommandDefinition>
          <CommandDefinition Id="Mscrm.DocumentTemplate.Templates">
            <EnableRules>
              <EnableRule Id="Mscrm.VisualizationPaneNotMaximized" />
              <EnableRule Id="Mscrm.ExportToExcel.ValidForXlsxExport" />
            </EnableRules>
            <DisplayRules>
              <DisplayRule Id="ovs.contact.DisplayRule.HideOnAccount" />
            </DisplayRules>
            <Actions />
          </CommandDefinition>
          <CommandDefinition Id="Mscrm.Form.Flows.ManageRunFlow">
            <EnableRules>
              <EnableRule Id="Mscrm.IsMicrosoftFlowIntegrationEnabled" />
              <EnableRule Id="Mscrm.DisplayFlowSingleMenu" />
              <EnableRule Id="Mscrm.AnySelection" />
            </EnableRules>
            <DisplayRules>
              <DisplayRule Id="ovs.contact.DisplayRule.HideOnAccount" />
            </DisplayRules>
            <Actions />
          </CommandDefinition>
          <CommandDefinition Id="Mscrm.HomepageGrid.QuickCampaign">
            <EnableRules>
              <EnableRule Id="Mscrm.NotOffline" />
            </EnableRules>
            <DisplayRules>
              <DisplayRule Id="ovs.contact.DisplayRule.HideOnAccount" />
            </DisplayRules>
            <Actions />
          </CommandDefinition>
          <CommandDefinition Id="Mscrm.NewRecordFromGrid">
            <EnableRules>
              <EnableRule Id="Mscrm.IsValidForHierarchyView" />
              <EnableRule Id="Mscrm.IsValidForHierarchyPageInUC" />
              <EnableRule Id="Mscrm.IsEntityAvailableForUserInMocaOffline" />
              <EnableRule Id="Mscrm.PrimaryIsNotActivityHomePageGrid" />
            </EnableRules>
            <DisplayRules>
              <DisplayRule Id="Mscrm.CreateSelectedEntityPermission" />
              <DisplayRule Id="Mscrm.ShowForNonRelationshipBoundGrids" />
              <DisplayRule Id="Mscrm.HideNewForChildEntities" />
              <DisplayRule Id="Mscrm.HideAddressEntities" />
              <DisplayRule Id="Mscrm.NotOnMarketingList" />
            </DisplayRules>
            <Actions>
              <JavaScriptFunction FunctionName="XrmCore.Commands.Open.openNewRecord" Library="$webresource:Main_system_library.js">
                <CrmParameter Value="SelectedEntityTypeName" />
                <CrmParameter Value="SelectedControl" />
              </JavaScriptFunction>
            </Actions>
          </CommandDefinition>
          <CommandDefinition Id="Mscrm.ReportMenu.Grid">
            <EnableRules>
              <EnableRule Id="Mscrm.VisualizationPaneNotMaximized" />
              <EnableRule Id="Mscrm.IsValidForHierarchyView" />
              <EnableRule Id="Mscrm.ShowOnNonModernAndModernIfAllowed" />
              <EnableRule Id="Mscrm.AnySelection" />
            </EnableRules>
            <DisplayRules>
              <DisplayRule Id="ovs.contact.DisplayRule.HideOnAccount" />
            </DisplayRules>
            <Actions />
          </CommandDefinition>
        </CommandDefinitions>
        <RuleDefinitions>
          <TabDisplayRules />
          <DisplayRules>
            <DisplayRule Id="Mscrm.AppendSelected">
              <EntityPrivilegeRule PrivilegeType="Append" PrivilegeDepth="Basic" AppliesTo="SelectedEntity" />
            </DisplayRule>
            <DisplayRule Id="Mscrm.AppendToPrimary">
              <EntityPrivilegeRule PrivilegeType="AppendTo" PrivilegeDepth="Basic" AppliesTo="PrimaryEntity" />
            </DisplayRule>
            <DisplayRule Id="Mscrm.CreateSelectedEntityPermission">
              <EntityPrivilegeRule PrivilegeType="Create" PrivilegeDepth="Basic" AppliesTo="SelectedEntity" />
            </DisplayRule>
            <DisplayRule Id="Mscrm.HideAddNewForChildEntities">
              <OrRule>
                <Or>
                  <EntityPropertyRule AppliesTo="SelectedEntity" PropertyName="IsChildEntity" PropertyValue="false" />
                </Or>
                <Or>
                  <RelationshipTypeRule AppliesTo="SelectedEntity" AllowCustomRelationship="false" />
                </Or>
              </OrRule>
            </DisplayRule>
            <DisplayRule Id="Mscrm.HideAddressEntities">
              <EntityRule EntityName="customeraddress" AppliesTo="SelectedEntity" Default="false" InvertResult="true" />
            </DisplayRule>
            <DisplayRule Id="Mscrm.HideNewForChildEntities">
              <EntityPropertyRule AppliesTo="SelectedEntity" PropertyName="IsChildEntity" PropertyValue="false" />
            </DisplayRule>
            <DisplayRule Id="Mscrm.NotOnMarketingList">
              <FormEntityContextRule EntityName="list" Default="false" InvertResult="true" />
            </DisplayRule>
            <DisplayRule Id="Mscrm.ShowForNonRelationshipBoundGrids">
              <RelationshipTypeRule AppliesTo="SelectedEntity" RelationshipType="NoRelationship" />
            </DisplayRule>
            <DisplayRule Id="Mscrm.ShowForOneToManyGrids">
              <RelationshipTypeRule AppliesTo="SelectedEntity" RelationshipType="OneToMany" />
            </DisplayRule>
            <DisplayRule Id="ovs.contact.DisplayRule.HideOnAccount">
              <EntityRule EntityName="account" AppliesTo="PrimaryEntity" Context="SubGridStandard" Default="false" InvertResult="true" />
            </DisplayRule>
          </DisplayRules>
          <EnableRules>
            <EnableRule Id="Mscrm.AnySelection">
              <SelectionCountRule AppliesTo="SelectedEntity" />
            </EnableRule>
            <EnableRule Id="Mscrm.AppendToPrimary">
              <RecordPrivilegeRule PrivilegeType="AppendTo" AppliesTo="PrimaryEntity" />
            </EnableRule>
            <EnableRule Id="Mscrm.DisplayFlowSingleMenu">
              <CustomRule FunctionName="XrmCore.Commands.Flows.displayFlowSingleMenu" Library="$webresource:Main_system_library.js" />
            </EnableRule>
            <EnableRule Id="Mscrm.EntityFormIsEnabled">
              <FormStateRule State="Disabled" InvertResult="true" />
            </EnableRule>
            <EnableRule Id="Mscrm.ExportToExcel.ValidForXlsxExport">
              <CustomRule FunctionName="XrmCore.Rules.Export.EnabledForXlsxExport" Library="$webresource:Main_system_library.js">
                <CrmParameter Value="SelectedControl" />
              </CustomRule>
            </EnableRule>
            <EnableRule Id="Mscrm.IsEntityAvailableForUserInMocaOffline">
              <CustomRule FunctionName="XrmCore.Rules.Online.IsEntityAvailableForUserInMocaOffline" Library="$webresource:Main_system_library.js">
                <CrmParameter Value="SelectedEntityTypeName" />
              </CustomRule>
            </EnableRule>
            <EnableRule Id="Mscrm.IsMicrosoftFlowIntegrationEnabled">
              <CustomRule FunctionName="XrmCore.Commands.Flows.isMicrosoftFlowEnabled" Library="$webresource:Main_system_library.js" />
            </EnableRule>
            <EnableRule Id="Mscrm.IsValidForHierarchyPageInUC">
              <CustomRule FunctionName="XrmCore.Rules.HierarchyView.isValidForHierarchyPageInUC" Library="$webresource:Main_system_library.js" />
            </EnableRule>
            <EnableRule Id="Mscrm.IsValidForHierarchyView">
              <CustomRule FunctionName="XrmCore.Rules.HierarchyView.isValidForHierarchyView" Library="$webresource:Main_system_library.js" />
            </EnableRule>
            <EnableRule Id="Mscrm.NotOffline">
              <CrmOfflineAccessStateRule State="Offline" InvertResult="true" />
            </EnableRule>
            <EnableRule Id="Mscrm.PrimaryIsNotActivityHomePageGrid">
              <CustomRule FunctionName="XrmCore.Rules.Enabled.PrimaryIsNotActivityHomePageGrid" Library="$webresource:Main_system_library.js">
                <CrmParameter Value="SelectedEntityTypeName" />
                <CrmParameter Value="SelectedControl" />
              </CustomRule>
            </EnableRule>
            <EnableRule Id="Mscrm.SelectionCountAtLeastTwo">
              <SelectionCountRule AppliesTo="SelectedEntity" Minimum="2" />
            </EnableRule>
            <EnableRule Id="Mscrm.ShowOnNonModernAndModernIfAllowed">
              <OrRule>
                <Or>
                  <CommandClientTypeRule Type="Modern" InvertResult="true" />
                </Or>
                <Or>
                  <CustomRule FunctionName="XrmCore.InternalUtilities.DialogUtilities.isAllowLegacyDialogsEmbedding" Library="$webresource:Main_system_library.js" />
                </Or>
              </OrRule>
            </EnableRule>
            <EnableRule Id="Mscrm.VisualizationPaneNotMaximized">
              <OrRule>
                <Or>
                  <CommandClientTypeRule Type="Modern" />
                </Or>
                <Or>
                  <CustomRule FunctionName="Mscrm.GridCommandActions.disableButtonsWhenChartMaximized" Library="/_static/_common/scripts/CommandBarActions.js">
                    <CrmParameter Value="SelectedControl" />
                  </CustomRule>
                </Or>
              </OrRule>
            </EnableRule>
          </EnableRules>
        </RuleDefinitions>
        <LocLabels>
          <LocLabel Id="Mscrm.SubGrid.contact.AddExistingAssoc.Alt">
            <Titles>
              <Title description="Add Existing {0}" languagecode="1033" />
              <Title description="Ajouter un {0} existant" languagecode="1036" />
            </Titles>
          </LocLabel>
          <LocLabel Id="Mscrm.SubGrid.contact.AddExistingAssoc.LabelText">
            <Titles>
              <Title description="Add Existing {0}" languagecode="1033" />
              <Title description="Ajouter un {0} existant" languagecode="1036" />
            </Titles>
          </LocLabel>
          <LocLabel Id="Mscrm.SubGrid.contact.AddExistingAssoc.ToolTipTitle">
            <Titles>
              <Title description="Add Existing​​ {0}" languagecode="1033" />
              <Title description="Ajouter un​​ {0} existant" languagecode="1036" />
            </Titles>
          </LocLabel>
          <LocLabel Id="Mscrm.SubGrid.contact.AddExistingStandard.Alt">
            <Titles>
              <Title description="Add Existing {0}" languagecode="1033" />
              <Title description="Ajouter un {0}" languagecode="1036" />
            </Titles>
          </LocLabel>
          <LocLabel Id="Mscrm.SubGrid.contact.AddExistingStandard.LabelText">
            <Titles>
              <Title description="Add Existing {0}" languagecode="1033" />
              <Title description="Ajouter un {0}" languagecode="1036" />
            </Titles>
          </LocLabel>
          <LocLabel Id="Mscrm.SubGrid.contact.AddExistingStandard.ToolTipTitle">
            <Titles>
              <Title description="Add Existing​​ {0}" languagecode="1033" />
              <Title description="Ajouter un​​ {0}" languagecode="1036" />
            </Titles>
          </LocLabel>
        </LocLabels>
      </RibbonDiffXml>
    </Entity>
  </Entities>
  <Roles></Roles>
  <Workflows>
    <Workflow WorkflowId="{619883f1-1ede-ed11-8847-0022483d0343}" Name="CID_RunCompanySitesDeleting">
      <XamlFileName>/Workflows/CID_RunCompanySitesDeleting-619883F1-1EDE-ED11-8847-0022483D0343.xaml</XamlFileName>
      <Type>1</Type>
      <Subprocess>0</Subprocess>
      <Category>3</Category>
      <Mode>0</Mode>
      <Scope>4</Scope>
      <OnDemand>0</OnDemand>
      <TriggerOnCreate>0</TriggerOnCreate>
      <TriggerOnDelete>0</TriggerOnDelete>
      <AsyncAutodelete>0</AsyncAutodelete>
      <SyncWorkflowLogOnFailure>1</SyncWorkflowLogOnFailure>
      <StateCode>1</StateCode>
      <StatusCode>2</StatusCode>
      <CreateStage>40</CreateStage>
      <RunAs>1</RunAs>
      <SdkMessageId>{629883f1-1ede-ed11-8847-0022483d0343}</SdkMessageId>
      <UniqueName>CID_RunCompanySitesDeleting</UniqueName>
      <IsTransacted>1</IsTransacted>
      <IntroducedVersion>1.0.0.0</IntroducedVersion>
      <IsCustomizable>1</IsCustomizable>
      <BusinessProcessType>0</BusinessProcessType>
      <FormId>{00000000-0000-0000-0000-000000000000}</FormId>
      <IsCustomProcessingStepAllowedForOtherPublishers>1</IsCustomProcessingStepAllowedForOtherPublishers>
      <PrimaryEntity>none</PrimaryEntity>
      <LocalizedNames>
        <LocalizedName languagecode="1033" description="CID_RunCompanySitesDeleting" />
      </LocalizedNames>
    </Workflow>
  </Workflows>
  <FieldSecurityProfiles></FieldSecurityProfiles>
  <Templates />
  <EntityMaps />
  <EntityRelationships />
  <OrganizationSettings />
  <optionsets />
  <CustomControls />
  <EntityDataProviders />
  <Languages>
    <Language>1033</Language>
    <Language>1036</Language>
  </Languages>
</ImportExportXml>