<ImportExportXml version="9.2.22081.162" SolutionPackageVersion="9.2" languagecode="1033" generatedBy="CrmLive" xmlns:xsi="http://www.w3.org/2001/XMLSchema-instance">
  <SolutionManifest>
    <UniqueName>TC_GlobalCore_Patch_66f1fbec</UniqueName>
    <LocalizedNames>
      <LocalizedName description="TDG Core Schema" languagecode="1033" />
    </LocalizedNames>
    <Descriptions>
      <Description description="Patch for TDG Core Schema" languagecode="1033" />
    </Descriptions>
    <ParentUniqueName>TC_GlobalCore</ParentUniqueName>
    <Version>1.137.11.0</Version>
    <Managed>0</Managed>
    <Publisher>
      <UniqueName>oversightpublisher</UniqueName>
      <LocalizedNames>
        <LocalizedName description="Oversight" languagecode="1033" />
      </LocalizedNames>
      <Descriptions>
        <Description description="This is the common solution for AvSec Inspection and TDG Inspection." languagecode="1033" />
      </Descriptions>
      <EMailAddress xsi:nil="true"></EMailAddress>
      <SupportingWebsiteUrl xsi:nil="true"></SupportingWebsiteUrl>
      <CustomizationPrefix>ovs</CustomizationPrefix>
      <CustomizationOptionValuePrefix>91864</CustomizationOptionValuePrefix>
      <Addresses>
        <Address>
          <AddressNumber>1</AddressNumber>
          <AddressTypeCode>1</AddressTypeCode>
          <City xsi:nil="true"></City>
          <County xsi:nil="true"></County>
          <Country xsi:nil="true"></Country>
          <Fax xsi:nil="true"></Fax>
          <FreightTermsCode xsi:nil="true"></FreightTermsCode>
          <ImportSequenceNumber xsi:nil="true"></ImportSequenceNumber>
          <Latitude xsi:nil="true"></Latitude>
          <Line1 xsi:nil="true"></Line1>
          <Line2 xsi:nil="true"></Line2>
          <Line3 xsi:nil="true"></Line3>
          <Longitude xsi:nil="true"></Longitude>
          <Name xsi:nil="true"></Name>
          <PostalCode xsi:nil="true"></PostalCode>
          <PostOfficeBox xsi:nil="true"></PostOfficeBox>
          <PrimaryContactName xsi:nil="true"></PrimaryContactName>
          <ShippingMethodCode>1</ShippingMethodCode>
          <StateOrProvince xsi:nil="true"></StateOrProvince>
          <Telephone1 xsi:nil="true"></Telephone1>
          <Telephone2 xsi:nil="true"></Telephone2>
          <Telephone3 xsi:nil="true"></Telephone3>
          <TimeZoneRuleVersionNumber xsi:nil="true"></TimeZoneRuleVersionNumber>
          <UPSZone xsi:nil="true"></UPSZone>
          <UTCOffset xsi:nil="true"></UTCOffset>
          <UTCConversionTimeZoneCode xsi:nil="true"></UTCConversionTimeZoneCode>
        </Address>
        <Address>
          <AddressNumber>2</AddressNumber>
          <AddressTypeCode>1</AddressTypeCode>
          <City xsi:nil="true"></City>
          <County xsi:nil="true"></County>
          <Country xsi:nil="true"></Country>
          <Fax xsi:nil="true"></Fax>
          <FreightTermsCode xsi:nil="true"></FreightTermsCode>
          <ImportSequenceNumber xsi:nil="true"></ImportSequenceNumber>
          <Latitude xsi:nil="true"></Latitude>
          <Line1 xsi:nil="true"></Line1>
          <Line2 xsi:nil="true"></Line2>
          <Line3 xsi:nil="true"></Line3>
          <Longitude xsi:nil="true"></Longitude>
          <Name xsi:nil="true"></Name>
          <PostalCode xsi:nil="true"></PostalCode>
          <PostOfficeBox xsi:nil="true"></PostOfficeBox>
          <PrimaryContactName xsi:nil="true"></PrimaryContactName>
          <ShippingMethodCode>1</ShippingMethodCode>
          <StateOrProvince xsi:nil="true"></StateOrProvince>
          <Telephone1 xsi:nil="true"></Telephone1>
          <Telephone2 xsi:nil="true"></Telephone2>
          <Telephone3 xsi:nil="true"></Telephone3>
          <TimeZoneRuleVersionNumber xsi:nil="true"></TimeZoneRuleVersionNumber>
          <UPSZone xsi:nil="true"></UPSZone>
          <UTCOffset xsi:nil="true"></UTCOffset>
          <UTCConversionTimeZoneCode xsi:nil="true"></UTCConversionTimeZoneCode>
        </Address>
      </Addresses>
    </Publisher>
    <RootComponents>
      <RootComponent type="1" schemaName="ovs_cdnop" behavior="1" />
      <RootComponent type="1" schemaName="ovs_mocregistration" behavior="1" />
      <RootComponent type="1" schemaName="qm_syresult" behavior="1" />
      <RootComponent type="61" schemaName="ovs_NOP_Ribbon.js" behavior="0" />
    </RootComponents>
    <MissingDependencies>
      <MissingDependency>
        <Required type="1" schemaName="ovs_cdnop" displayName="NOP" solution="Active" />
        <Dependent type="1" schemaName="ovs_cdnop" displayName="NOP" />
      </MissingDependency>
      <MissingDependency>
        <Required type="1" schemaName="ovs_cdregionalnop" displayName="Regional NOP" solution="Active" />
        <Dependent type="60" displayName="Information" parentDisplayName="NOP" id="{c92e3ed8-1c9e-4646-bf05-04f9818fe34c}" />
      </MissingDependency>
      <MissingDependency>
        <Required type="1" schemaName="ovs_enforcementactionviolation" displayName="Enforcement Action Violation" solution="Active" />
        <Dependent type="60" displayName="TDG Violations" parentDisplayName="Violation" id="{8399e8c7-746d-eb11-a812-000d3a84129e}" />
      </MissingDependency>
      <MissingDependency>
        <Required type="1" schemaName="ovs_mocregistration" displayName="Operation" solution="Active" />
        <Dependent type="1" schemaName="ovs_mocregistration" displayName="Operation" />
      </MissingDependency>
      <MissingDependency>
        <Required type="1" schemaName="ovs_oversighttype" displayName="Oversight Type" solution="Active" />
        <Dependent type="60" displayName="Information" parentDisplayName="NOP" id="{c92e3ed8-1c9e-4646-bf05-04f9818fe34c}" />
      </MissingDependency>
      <MissingDependency>
        <Required type="1" schemaName="qm_rclegislation" displayName="Legislation" solution="Active" />
        <Dependent type="60" displayName="Information" parentDisplayName="NOP" id="{c92e3ed8-1c9e-4646-bf05-04f9818fe34c}" />
      </MissingDependency>
      <MissingDependency>
        <Required type="1" schemaName="qm_syresult" displayName="Violation" solution="Active" />
        <Dependent type="1" schemaName="qm_syresult" displayName="Violation" />
      </MissingDependency>
      <MissingDependency>
        <Required type="10" schemaName="qm_workorder_syresult" displayName="qm_workorder_syresult" parentSchemaName="msdyn_workorder" parentDisplayName="Work Order" solution="Active" />
        <Dependent type="60" displayName="Information" parentDisplayName="Violation" id="{32b597ba-53c0-4e9f-8380-9966e14e38df}" />
      </MissingDependency>
      <MissingDependency>
        <Required type="10" schemaName="qm_workorder_syresult" displayName="qm_workorder_syresult" parentSchemaName="msdyn_workorder" parentDisplayName="Work Order" solution="Active" />
        <Dependent type="60" displayName="TDG Violations" parentDisplayName="Violation" id="{8399e8c7-746d-eb11-a812-000d3a84129e}" />
      </MissingDependency>
      <MissingDependency>
        <Required type="10" schemaName="ovs_ovs_cdnop_ovs_cdregionalnop_CDNOPId" displayName="ovs_ovs_cdnop_ovs_cdregionalnop_CDNOPId" parentSchemaName="ovs_cdnop" parentDisplayName="NOP" solution="Active" />
        <Dependent type="60" displayName="Information" parentDisplayName="NOP" id="{c92e3ed8-1c9e-4646-bf05-04f9818fe34c}" />
      </MissingDependency>
      <MissingDependency>
        <Required type="10" schemaName="qm_cysafetyassessment_syresult" displayName="qm_cysafetyassessment_syresult" parentSchemaName="ovs_cysafetyassessment" parentDisplayName="Safety Assessment" solution="Active" />
        <Dependent type="60" displayName="TDG Violations" parentDisplayName="Violation" id="{8399e8c7-746d-eb11-a812-000d3a84129e}" />
      </MissingDependency>
      <MissingDependency>
        <Required type="10" schemaName="ovs_cepsampling_cdnop_ovs_oversighttype" displayName="ovs_cepsampling_cdnop_ovs_oversighttype" parentSchemaName="ovs_oversighttype" parentDisplayName="Oversight Type" solution="Active" />
        <Dependent type="60" displayName="Information" parentDisplayName="NOP" id="{c92e3ed8-1c9e-4646-bf05-04f9818fe34c}" />
      </MissingDependency>
      <MissingDependency>
        <Required type="10" schemaName="ovs_cepsampling_cdnop_qm_rclegislation" displayName="ovs_cepsampling_cdnop_qm_rclegislation" parentSchemaName="qm_rclegislation" parentDisplayName="Legislation" solution="Active" />
        <Dependent type="60" displayName="Information" parentDisplayName="NOP" id="{c92e3ed8-1c9e-4646-bf05-04f9818fe34c}" />
      </MissingDependency>
      <MissingDependency>
        <Required type="10" schemaName="qm_rclegislation_syresult" displayName="qm_rclegislation_syresult" parentSchemaName="qm_rclegislation" parentDisplayName="Legislation" solution="Active" />
        <Dependent type="60" displayName="Information" parentDisplayName="Violation" id="{32b597ba-53c0-4e9f-8380-9966e14e38df}" />
      </MissingDependency>
      <MissingDependency>
        <Required type="10" schemaName="qm_rclegislation_syresult" displayName="qm_rclegislation_syresult" parentSchemaName="qm_rclegislation" parentDisplayName="Legislation" solution="Active" />
        <Dependent type="60" displayName="TDG Violations" parentDisplayName="Violation" id="{8399e8c7-746d-eb11-a812-000d3a84129e}" />
      </MissingDependency>
      <MissingDependency>
        <Required type="10" schemaName="qm_syresult_enablingact" displayName="qm_syresult_enablingact" parentSchemaName="qm_rclegislation" parentDisplayName="Legislation" solution="Active" />
        <Dependent type="60" displayName="TDG Violations" parentDisplayName="Violation" id="{8399e8c7-746d-eb11-a812-000d3a84129e}" />
      </MissingDependency>
      <MissingDependency>
        <Required type="10" schemaName="qm_syresult_enablingregulation" displayName="qm_syresult_enablingregulation" parentSchemaName="qm_rclegislation" parentDisplayName="Legislation" solution="Active" />
        <Dependent type="60" displayName="TDG Violations" parentDisplayName="Violation" id="{8399e8c7-746d-eb11-a812-000d3a84129e}" />
      </MissingDependency>
      <MissingDependency>
        <Required type="10" schemaName="qm_syquestion_syresult" displayName="qm_syquestion_syresult" parentSchemaName="qm_syquestion" parentDisplayName="Template Question" solution="Active" />
        <Dependent type="60" displayName="TDG Violations" parentDisplayName="Violation" id="{8399e8c7-746d-eb11-a812-000d3a84129e}" />
      </MissingDependency>
      <MissingDependency>
        <Required type="10" schemaName="ovs_qm_syresult_ovs_enforcementactionviolation_syresultid" displayName="ovs_qm_syresult_ovs_enforcementactionviolation_syresultid" parentSchemaName="qm_syresult" parentDisplayName="Violation" solution="Active" />
        <Dependent type="60" displayName="TDG Violations" parentDisplayName="Violation" id="{8399e8c7-746d-eb11-a812-000d3a84129e}" />
      </MissingDependency>
      <MissingDependency>
        <Required type="10" schemaName="ovs_tc_tcfiscalyear_ovs_cdnop_CDFiscalYearId" displayName="ovs_tc_tcfiscalyear_ovs_cdnop_CDFiscalYearId" parentSchemaName="tc_tcfiscalyear" parentDisplayName="TCFiscalYear" solution="Active" />
        <Dependent type="60" displayName="Information" parentDisplayName="NOP" id="{c92e3ed8-1c9e-4646-bf05-04f9818fe34c}" />
      </MissingDependency>
      <MissingDependency>
        <Required type="2" schemaName="ovs_cdfiscalyearid" displayName="Fiscal Year" parentSchemaName="ovs_cdnop" parentDisplayName="NOP" solution="Active" />
        <Dependent type="60" displayName="Information" parentDisplayName="NOP" id="{c92e3ed8-1c9e-4646-bf05-04f9818fe34c}" />
      </MissingDependency>
      <MissingDependency>
        <Required type="2" schemaName="ovs_cepsampling_excludebadpostalcode" displayName="Exclude Incorrect Postal Code" parentSchemaName="ovs_cdnop" parentDisplayName="NOP" solution="Active" />
        <Dependent type="60" displayName="Information" parentDisplayName="NOP" id="{c92e3ed8-1c9e-4646-bf05-04f9818fe34c}" />
      </MissingDependency>
      <MissingDependency>
        <Required type="2" schemaName="ovs_cepsampling_excludehub" displayName="Exclude Hub" parentSchemaName="ovs_cdnop" parentDisplayName="NOP" solution="Active" />
        <Dependent type="60" displayName="Information" parentDisplayName="NOP" id="{c92e3ed8-1c9e-4646-bf05-04f9818fe34c}" />
      </MissingDependency>
      <MissingDependency>
        <Required type="2" schemaName="ovs_cepsampling_excluderiskcategory" displayName="Exclude Risk Category" parentSchemaName="ovs_cdnop" parentDisplayName="NOP" solution="Active" />
        <Dependent type="60" displayName="Information" parentDisplayName="NOP" id="{c92e3ed8-1c9e-4646-bf05-04f9818fe34c}" />
      </MissingDependency>
      <MissingDependency>
        <Required type="2" schemaName="ovs_cepsampling_onlyactivesites" displayName="Only Active Sites" parentSchemaName="ovs_cdnop" parentDisplayName="NOP" solution="Active" />
        <Dependent type="60" displayName="Information" parentDisplayName="NOP" id="{c92e3ed8-1c9e-4646-bf05-04f9818fe34c}" />
      </MissingDependency>
      <MissingDependency>
        <Required type="2" schemaName="ovs_cepsampling_operationtype" displayName="Operation Type" parentSchemaName="ovs_cdnop" parentDisplayName="NOP" solution="Active" />
        <Dependent type="60" displayName="Information" parentDisplayName="NOP" id="{c92e3ed8-1c9e-4646-bf05-04f9818fe34c}" />
      </MissingDependency>
      <MissingDependency>
        <Required type="2" schemaName="ovs_cepsampling_recidivismsamplesize" displayName="Recidivism Sample Size" parentSchemaName="ovs_cdnop" parentDisplayName="NOP" solution="Active" />
        <Dependent type="60" displayName="Information" parentDisplayName="NOP" id="{c92e3ed8-1c9e-4646-bf05-04f9818fe34c}" />
      </MissingDependency>
      <MissingDependency>
        <Required type="2" schemaName="ovs_cepsampling_recidivismviolationcount" displayName="Recidivism When Violation Count Equals" parentSchemaName="ovs_cdnop" parentDisplayName="NOP" solution="Active" />
        <Dependent type="60" displayName="Information" parentDisplayName="NOP" id="{c92e3ed8-1c9e-4646-bf05-04f9818fe34c}" />
      </MissingDependency>
      <MissingDependency>
        <Required type="2" schemaName="ovs_cepsampling_runcepselection" displayName="Run CEP Selection" parentSchemaName="ovs_cdnop" parentDisplayName="NOP" solution="Active" />
        <Dependent type="60" displayName="Information" parentDisplayName="NOP" id="{c92e3ed8-1c9e-4646-bf05-04f9818fe34c}" />
      </MissingDependency>
      <MissingDependency>
        <Required type="2" schemaName="ovs_cepsampling_samplesize" displayName="CEP Sample Size" parentSchemaName="ovs_cdnop" parentDisplayName="NOP" solution="Active" />
        <Dependent type="60" displayName="Information" parentDisplayName="NOP" id="{c92e3ed8-1c9e-4646-bf05-04f9818fe34c}" />
      </MissingDependency>
      <MissingDependency>
        <Required type="2" schemaName="ovs_cepsampling_violationfoundbeforedate" displayName="Violation Found Prior to Date" parentSchemaName="ovs_cdnop" parentDisplayName="NOP" solution="Active" />
        <Dependent type="60" displayName="Information" parentDisplayName="NOP" id="{c92e3ed8-1c9e-4646-bf05-04f9818fe34c}" />
      </MissingDependency>
      <MissingDependency>
        <Required type="2" schemaName="ovs_cepsampling_violationfoundlastnyears" displayName="Violation found during the last N Years" parentSchemaName="ovs_cdnop" parentDisplayName="NOP" solution="Active" />
        <Dependent type="60" displayName="Information" parentDisplayName="NOP" id="{c92e3ed8-1c9e-4646-bf05-04f9818fe34c}" />
      </MissingDependency>
      <MissingDependency>
        <Required type="2" schemaName="ovs_name" displayName="Name" parentSchemaName="ovs_cdnop" parentDisplayName="NOP" solution="Active" />
        <Dependent type="60" displayName="Information" parentDisplayName="NOP" id="{c92e3ed8-1c9e-4646-bf05-04f9818fe34c}" />
      </MissingDependency>
      <MissingDependency>
        <Required type="2" schemaName="ownerid" displayName="Owner" parentSchemaName="ovs_cdnop" parentDisplayName="NOP" solution="Active" />
        <Dependent type="60" displayName="Information" parentDisplayName="NOP" id="{c92e3ed8-1c9e-4646-bf05-04f9818fe34c}" />
      </MissingDependency>
      <MissingDependency>
        <Required type="2" schemaName="statecode" displayName="Status" parentSchemaName="ovs_cdnop" parentDisplayName="NOP" solution="Active" />
        <Dependent type="60" displayName="Information" parentDisplayName="NOP" id="{c92e3ed8-1c9e-4646-bf05-04f9818fe34c}" />
      </MissingDependency>
      <MissingDependency>
        <Required type="2" schemaName="statuscode" displayName="Status Reason" parentSchemaName="ovs_cdnop" parentDisplayName="NOP" solution="Active" />
        <Dependent type="60" displayName="Information" parentDisplayName="NOP" id="{c92e3ed8-1c9e-4646-bf05-04f9818fe34c}" />
      </MissingDependency>
      <MissingDependency>
        <Required type="2" schemaName="createdby" displayName="Created By" parentSchemaName="qm_syresult" parentDisplayName="Violation" solution="Active" />
        <Dependent type="60" displayName="TDG Violations" parentDisplayName="Violation" id="{8399e8c7-746d-eb11-a812-000d3a84129e}" />
      </MissingDependency>
      <MissingDependency>
        <Required type="2" schemaName="createdon" displayName="Created On" parentSchemaName="qm_syresult" parentDisplayName="Violation" solution="Active" />
        <Dependent type="60" displayName="TDG Violations" parentDisplayName="Violation" id="{8399e8c7-746d-eb11-a812-000d3a84129e}" />
      </MissingDependency>
      <MissingDependency>
        <Required type="2" schemaName="modifiedby" displayName="Modified By" parentSchemaName="qm_syresult" parentDisplayName="Violation" solution="Active" />
        <Dependent type="60" displayName="TDG Violations" parentDisplayName="Violation" id="{8399e8c7-746d-eb11-a812-000d3a84129e}" />
      </MissingDependency>
      <MissingDependency>
        <Required type="2" schemaName="modifiedon" displayName="Modified On" parentSchemaName="qm_syresult" parentDisplayName="Violation" solution="Active" />
        <Dependent type="60" displayName="TDG Violations" parentDisplayName="Violation" id="{8399e8c7-746d-eb11-a812-000d3a84129e}" />
      </MissingDependency>
      <MissingDependency>
        <Required type="2" schemaName="ovs_duedate" displayName="Confirmation of Compliance Due Date" parentSchemaName="qm_syresult" parentDisplayName="Violation" solution="Active" />
        <Dependent type="60" displayName="TDG Violations" parentDisplayName="Violation" id="{8399e8c7-746d-eb11-a812-000d3a84129e}" />
      </MissingDependency>
      <MissingDependency>
        <Required type="2" schemaName="ownerid" displayName="Owner" parentSchemaName="qm_syresult" parentDisplayName="Violation" solution="Active" />
        <Dependent type="60" displayName="Information" parentDisplayName="Violation" id="{32b597ba-53c0-4e9f-8380-9966e14e38df}" />
      </MissingDependency>
      <MissingDependency>
        <Required type="2" schemaName="ownerid" displayName="Owner" parentSchemaName="qm_syresult" parentDisplayName="Violation" solution="Active" />
        <Dependent type="60" displayName="TDG Violations" parentDisplayName="Violation" id="{8399e8c7-746d-eb11-a812-000d3a84129e}" />
      </MissingDependency>
      <MissingDependency>
        <Required type="2" schemaName="qm_approximatetotal" displayName="Certificate Type" parentSchemaName="qm_syresult" parentDisplayName="Violation" solution="Active" />
        <Dependent type="60" displayName="TDG Violations" parentDisplayName="Violation" id="{8399e8c7-746d-eb11-a812-000d3a84129e}" />
      </MissingDependency>
      <MissingDependency>
        <Required type="2" schemaName="qm_confirmationrequestedchk" displayName="Confirmation Requested" parentSchemaName="qm_syresult" parentDisplayName="Violation" solution="Active" />
        <Dependent type="60" displayName="TDG Violations" parentDisplayName="Violation" id="{8399e8c7-746d-eb11-a812-000d3a84129e}" />
      </MissingDependency>
      <MissingDependency>
        <Required type="2" schemaName="qm_cysafetyassessmentid" displayName="Safety Assessment" parentSchemaName="qm_syresult" parentDisplayName="Violation" solution="Active" />
        <Dependent type="60" displayName="TDG Violations" parentDisplayName="Violation" id="{8399e8c7-746d-eb11-a812-000d3a84129e}" />
      </MissingDependency>
      <MissingDependency>
        <Required type="2" schemaName="qm_enablingact" displayName="Enabling Act" parentSchemaName="qm_syresult" parentDisplayName="Violation" solution="Active" />
        <Dependent type="60" displayName="TDG Violations" parentDisplayName="Violation" id="{8399e8c7-746d-eb11-a812-000d3a84129e}" />
      </MissingDependency>
      <MissingDependency>
        <Required type="2" schemaName="qm_enablingregulation" displayName="Enabling Regulation" parentSchemaName="qm_syresult" parentDisplayName="Violation" solution="Active" />
        <Dependent type="60" displayName="TDG Violations" parentDisplayName="Violation" id="{8399e8c7-746d-eb11-a812-000d3a84129e}" />
      </MissingDependency>
      <MissingDependency>
        <Required type="2" schemaName="qm_internalcomments" displayName="Internal Comments" parentSchemaName="qm_syresult" parentDisplayName="Violation" solution="Active" />
        <Dependent type="60" displayName="Information" parentDisplayName="Violation" id="{32b597ba-53c0-4e9f-8380-9966e14e38df}" />
      </MissingDependency>
      <MissingDependency>
        <Required type="2" schemaName="qm_justificationfornotcoc" displayName="Justification for not CoC" parentSchemaName="qm_syresult" parentDisplayName="Violation" solution="Active" />
        <Dependent type="60" displayName="TDG Violations" parentDisplayName="Violation" id="{8399e8c7-746d-eb11-a812-000d3a84129e}" />
      </MissingDependency>
      <MissingDependency>
        <Required type="2" schemaName="qm_name" displayName="Provision" parentSchemaName="qm_syresult" parentDisplayName="Violation" solution="Active" />
        <Dependent type="60" displayName="Information" parentDisplayName="Violation" id="{32b597ba-53c0-4e9f-8380-9966e14e38df}" />
      </MissingDependency>
      <MissingDependency>
        <Required type="2" schemaName="qm_name" displayName="Provision" parentSchemaName="qm_syresult" parentDisplayName="Violation" solution="Active" />
        <Dependent type="60" displayName="TDG Violations" parentDisplayName="Violation" id="{8399e8c7-746d-eb11-a812-000d3a84129e}" />
      </MissingDependency>
      <MissingDependency>
        <Required type="2" schemaName="qm_questionid" displayName="Question" parentSchemaName="qm_syresult" parentDisplayName="Violation" solution="Active" />
        <Dependent type="60" displayName="TDG Violations" parentDisplayName="Violation" id="{8399e8c7-746d-eb11-a812-000d3a84129e}" />
      </MissingDependency>
      <MissingDependency>
        <Required type="2" schemaName="qm_rclegislationid" displayName="Violation" parentSchemaName="qm_syresult" parentDisplayName="Violation" solution="Active" />
        <Dependent type="60" displayName="Information" parentDisplayName="Violation" id="{32b597ba-53c0-4e9f-8380-9966e14e38df}" />
      </MissingDependency>
      <MissingDependency>
        <Required type="2" schemaName="qm_rclegislationid" displayName="Violation" parentSchemaName="qm_syresult" parentDisplayName="Violation" solution="Active" />
        <Dependent type="60" displayName="TDG Violations" parentDisplayName="Violation" id="{8399e8c7-746d-eb11-a812-000d3a84129e}" />
      </MissingDependency>
      <MissingDependency>
        <Required type="2" schemaName="qm_referenceid" displayName="Reference ID" parentSchemaName="qm_syresult" parentDisplayName="Violation" solution="Active" />
        <Dependent type="60" displayName="TDG Violations" parentDisplayName="Violation" id="{8399e8c7-746d-eb11-a812-000d3a84129e}" />
      </MissingDependency>
      <MissingDependency>
        <Required type="2" schemaName="qm_responseid" displayName="Response Id" parentSchemaName="qm_syresult" parentDisplayName="Violation" solution="Active" />
        <Dependent type="60" displayName="TDG Violations" parentDisplayName="Violation" id="{8399e8c7-746d-eb11-a812-000d3a84129e}" />
      </MissingDependency>
      <MissingDependency>
        <Required type="2" schemaName="qm_samplesize" displayName="Sample Size" parentSchemaName="qm_syresult" parentDisplayName="Violation" solution="Active" />
        <Dependent type="60" displayName="TDG Violations" parentDisplayName="Violation" id="{8399e8c7-746d-eb11-a812-000d3a84129e}" />
      </MissingDependency>
      <MissingDependency>
        <Required type="2" schemaName="qm_violationcount" displayName="Violation Count" parentSchemaName="qm_syresult" parentDisplayName="Violation" solution="Active" />
        <Dependent type="60" displayName="Information" parentDisplayName="Violation" id="{32b597ba-53c0-4e9f-8380-9966e14e38df}" />
      </MissingDependency>
      <MissingDependency>
        <Required type="2" schemaName="qm_violationcount" displayName="Violation Count" parentSchemaName="qm_syresult" parentDisplayName="Violation" solution="Active" />
        <Dependent type="60" displayName="TDG Violations" parentDisplayName="Violation" id="{8399e8c7-746d-eb11-a812-000d3a84129e}" />
      </MissingDependency>
      <MissingDependency>
        <Required type="2" schemaName="qm_violationdisplayfrenchlabel" displayName="Violation Display French Label" parentSchemaName="qm_syresult" parentDisplayName="Violation" solution="Active" />
        <Dependent type="60" displayName="TDG Violations" parentDisplayName="Violation" id="{8399e8c7-746d-eb11-a812-000d3a84129e}" />
      </MissingDependency>
      <MissingDependency>
        <Required type="2" schemaName="qm_violationdisplaylabel" displayName="Violation Display Label" parentSchemaName="qm_syresult" parentDisplayName="Violation" solution="Active" />
        <Dependent type="60" displayName="TDG Violations" parentDisplayName="Violation" id="{8399e8c7-746d-eb11-a812-000d3a84129e}" />
      </MissingDependency>
      <MissingDependency>
        <Required type="2" schemaName="qm_violationdisplaytextenglish" displayName="Violation Display Text English" parentSchemaName="qm_syresult" parentDisplayName="Violation" solution="Active" />
        <Dependent type="60" displayName="TDG Violations" parentDisplayName="Violation" id="{8399e8c7-746d-eb11-a812-000d3a84129e}" />
      </MissingDependency>
      <MissingDependency>
        <Required type="2" schemaName="qm_violationdisplaytextext" displayName="Violation Display Text" parentSchemaName="qm_syresult" parentDisplayName="Violation" solution="Active" />
        <Dependent type="60" displayName="TDG Violations" parentDisplayName="Violation" id="{8399e8c7-746d-eb11-a812-000d3a84129e}" />
      </MissingDependency>
      <MissingDependency>
        <Required type="2" schemaName="qm_violationdisplaytextfrench" displayName="Violation Display Text French" parentSchemaName="qm_syresult" parentDisplayName="Violation" solution="Active" />
        <Dependent type="60" displayName="TDG Violations" parentDisplayName="Violation" id="{8399e8c7-746d-eb11-a812-000d3a84129e}" />
      </MissingDependency>
      <MissingDependency>
        <Required type="2" schemaName="qm_workorderid" displayName="Inspection" parentSchemaName="qm_syresult" parentDisplayName="Violation" solution="Active" />
        <Dependent type="60" displayName="Information" parentDisplayName="Violation" id="{32b597ba-53c0-4e9f-8380-9966e14e38df}" />
      </MissingDependency>
      <MissingDependency>
        <Required type="2" schemaName="qm_workorderid" displayName="Inspection" parentSchemaName="qm_syresult" parentDisplayName="Violation" solution="Active" />
        <Dependent type="60" displayName="TDG Violations" parentDisplayName="Violation" id="{8399e8c7-746d-eb11-a812-000d3a84129e}" />
      </MissingDependency>
      <MissingDependency>
        <Required type="2" schemaName="statecode" displayName="Status" parentSchemaName="qm_syresult" parentDisplayName="Violation" solution="Active" />
        <Dependent type="60" displayName="TDG Violations" parentDisplayName="Violation" id="{8399e8c7-746d-eb11-a812-000d3a84129e}" />
      </MissingDependency>
      <MissingDependency>
        <Required type="2" schemaName="statuscode" displayName="Status Reason" parentSchemaName="qm_syresult" parentDisplayName="Violation" solution="Active" />
        <Dependent type="60" displayName="Information" parentDisplayName="Violation" id="{32b597ba-53c0-4e9f-8380-9966e14e38df}" />
      </MissingDependency>
      <MissingDependency>
        <Required type="2" schemaName="statuscode" displayName="Status Reason" parentSchemaName="qm_syresult" parentDisplayName="Violation" solution="Active" />
        <Dependent type="60" displayName="TDG Violations" parentDisplayName="Violation" id="{8399e8c7-746d-eb11-a812-000d3a84129e}" />
      </MissingDependency>
      <MissingDependency>
        <Required type="2" schemaName="tdg_certificatenumber" displayName="Certificate Number" parentSchemaName="qm_syresult" parentDisplayName="Violation" solution="Active" />
        <Dependent type="60" displayName="TDG Violations" parentDisplayName="Violation" id="{8399e8c7-746d-eb11-a812-000d3a84129e}" />
      </MissingDependency>
      <MissingDependency>
        <Required type="2" schemaName="tdg_certificatesectionnumber" displayName="Relevant Section Number" parentSchemaName="qm_syresult" parentDisplayName="Violation" solution="Active" />
        <Dependent type="60" displayName="TDG Violations" parentDisplayName="Violation" id="{8399e8c7-746d-eb11-a812-000d3a84129e}" />
      </MissingDependency>
      <MissingDependency>
        <Required type="2" schemaName="tdg_certificatetypecd" displayName="Certificate Type" parentSchemaName="qm_syresult" parentDisplayName="Violation" solution="Active" />
        <Dependent type="60" displayName="TDG Violations" parentDisplayName="Violation" id="{8399e8c7-746d-eb11-a812-000d3a84129e}" />
      </MissingDependency>
      <MissingDependency>
        <Required type="2" schemaName="tdg_templatenumber" displayName="Template Number" parentSchemaName="qm_syresult" parentDisplayName="Violation" solution="Active" />
        <Dependent type="60" displayName="TDG Violations" parentDisplayName="Violation" id="{8399e8c7-746d-eb11-a812-000d3a84129e}" />
      </MissingDependency>
      <MissingDependency>
        <Required type="20" displayName="TDG Manager" solution="Active" id="{545418f6-d089-eb11-b1ac-000d3ae92dbf}" />
        <Dependent type="60" displayName="TDG Violations" parentDisplayName="Violation" id="{8399e8c7-746d-eb11-a812-000d3a84129e}" />
      </MissingDependency>
      <MissingDependency>
        <Required type="20" displayName="TDG Analyst" solution="Active" id="{6ba72790-cf89-eb11-b1ac-000d3ae92dbf}" />
        <Dependent type="60" displayName="TDG Violations" parentDisplayName="Violation" id="{8399e8c7-746d-eb11-a812-000d3a84129e}" />
      </MissingDependency>
      <MissingDependency>
        <Required type="20" displayName="TDG Planner" solution="Active" id="{a8d3ef08-d189-eb11-b1ac-000d3ae92dbf}" />
        <Dependent type="60" displayName="TDG Violations" parentDisplayName="Violation" id="{8399e8c7-746d-eb11-a812-000d3a84129e}" />
      </MissingDependency>
      <MissingDependency>
        <Required type="20" displayName="TDG Inspector" solution="Active" id="{de8e34ea-d189-eb11-b1ac-000d3ae92dbf}" />
        <Dependent type="60" displayName="TDG Violations" parentDisplayName="Violation" id="{8399e8c7-746d-eb11-a812-000d3a84129e}" />
      </MissingDependency>
      <MissingDependency>
        <Required type="26" schemaName="Active Enforcement Action Violations" displayName="Active Enforcement Action Violations" parentSchemaName="ovs_enforcementactionviolation" parentDisplayName="Enforcement Action Violation" solution="Active" id="{0075562f-fb4b-48e4-926f-eb7b6c114630}" />
        <Dependent type="60" displayName="TDG Violations" parentDisplayName="Violation" id="{8399e8c7-746d-eb11-a812-000d3a84129e}" />
      </MissingDependency>
      <MissingDependency>
        <Required type="26" schemaName="Associated Regional NOPs" displayName="Associated Regional NOPs" parentSchemaName="ovs_cdregionalnop" parentDisplayName="Regional NOP" solution="Active" id="{269c2c61-1317-ec11-b6e7-000d3ae8ef7b}" />
        <Dependent type="60" displayName="Information" parentDisplayName="NOP" id="{c92e3ed8-1c9e-4646-bf05-04f9818fe34c}" />
      </MissingDependency>
      <MissingDependency>
        <Required type="26" schemaName="TDG Act" displayName="TDG Act" parentSchemaName="qm_rclegislation" parentDisplayName="Legislation" solution="Active" id="{270fa29b-59be-eb11-bacc-0022483bbdb7}" />
        <Dependent type="60" displayName="TDG Violations" parentDisplayName="Violation" id="{8399e8c7-746d-eb11-a812-000d3a84129e}" />
      </MissingDependency>
      <MissingDependency>
        <Required type="26" schemaName="Safety Assessment Lookup View" displayName="Safety Assessment Lookup View" parentSchemaName="ovs_cysafetyassessment" parentDisplayName="Safety Assessment" solution="Active" id="{28db6631-4a50-4cc1-b95a-3730f6313cb4}" />
        <Dependent type="60" displayName="TDG Violations" parentDisplayName="Violation" id="{8399e8c7-746d-eb11-a812-000d3a84129e}" />
      </MissingDependency>
      <MissingDependency>
        <Required type="26" schemaName="Legislation Lookup View" displayName="Legislation Lookup View" parentSchemaName="qm_rclegislation" parentDisplayName="Legislation" solution="Active" id="{3544ca89-0b3b-4456-8918-494df3b1cd1c}" />
        <Dependent type="60" displayName="TDG Violations" parentDisplayName="Violation" id="{8399e8c7-746d-eb11-a812-000d3a84129e}" />
      </MissingDependency>
      <MissingDependency>
        <Required type="26" schemaName="Active Legislations" displayName="Active Legislations" parentSchemaName="qm_rclegislation" parentDisplayName="Legislation" solution="Active" id="{4797655a-2612-4c5d-81be-a514900a38ea}" />
        <Dependent type="60" displayName="Information" parentDisplayName="NOP" id="{c92e3ed8-1c9e-4646-bf05-04f9818fe34c}" />
      </MissingDependency>
      <MissingDependency>
        <Required type="26" schemaName="TDG Standards" displayName="TDG Standards" parentSchemaName="qm_rclegislation" parentDisplayName="Legislation" solution="Active" id="{64e2846d-59be-eb11-bacc-0022483bbdb7}" />
        <Dependent type="60" displayName="TDG Violations" parentDisplayName="Violation" id="{8399e8c7-746d-eb11-a812-000d3a84129e}" />
      </MissingDependency>
      <MissingDependency>
        <Required type="26" schemaName="Next Fiscal Year" displayName="Next Fiscal Year" parentSchemaName="tc_tcfiscalyear" parentDisplayName="TCFiscalYear" solution="Active" id="{8960ab4d-600d-eb11-a813-000d3af3ac0d}" />
        <Dependent type="60" displayName="Information" parentDisplayName="NOP" id="{c92e3ed8-1c9e-4646-bf05-04f9818fe34c}" />
      </MissingDependency>
      <MissingDependency>
        <Required type="26" schemaName="All" displayName="All" parentSchemaName="qm_rclegislation" parentDisplayName="Legislation" solution="Active" id="{93cc0939-e290-ec11-8d20-0022483bb976}" />
        <Dependent type="60" displayName="Information" parentDisplayName="NOP" id="{c92e3ed8-1c9e-4646-bf05-04f9818fe34c}" />
      </MissingDependency>
      <MissingDependency>
        <Required type="26" schemaName="TDG Regulations" displayName="TDG Regulations" parentSchemaName="qm_rclegislation" parentDisplayName="Legislation" solution="Active" id="{bbb6f4db-59be-eb11-bacc-0022483bbdb7}" />
        <Dependent type="60" displayName="TDG Violations" parentDisplayName="Violation" id="{8399e8c7-746d-eb11-a812-000d3a84129e}" />
      </MissingDependency>
      <MissingDependency>
        <Required type="26" schemaName="Work Order Lookup View" displayName="Work Order Lookup View" parentSchemaName="msdyn_workorder" parentDisplayName="Work Order" solution="FieldService (8.8.0.88)" id="{c0c4fd32-f265-497d-bfae-546c88d5bb3b}">
          <package>FieldService_Anchor (8.8.71.41)</package>
        </Required>
        <Dependent type="60" displayName="Information" parentDisplayName="Violation" id="{32b597ba-53c0-4e9f-8380-9966e14e38df}" />
      </MissingDependency>
      <MissingDependency>
        <Required type="26" schemaName="Work Order Lookup View" displayName="Work Order Lookup View" parentSchemaName="msdyn_workorder" parentDisplayName="Work Order" solution="FieldService (8.8.0.88)" id="{c0c4fd32-f265-497d-bfae-546c88d5bb3b}">
          <package>FieldService_Anchor (8.8.71.41)</package>
        </Required>
        <Dependent type="60" displayName="TDG Violations" parentDisplayName="Violation" id="{8399e8c7-746d-eb11-a812-000d3a84129e}" />
      </MissingDependency>
      <MissingDependency>
        <Required type="26" schemaName="All" displayName="All" parentSchemaName="ovs_oversighttype" parentDisplayName="Oversight Type" solution="Active" id="{c7a80f60-e290-ec11-8d20-0022483bb0e4}" />
        <Dependent type="60" displayName="Information" parentDisplayName="NOP" id="{c92e3ed8-1c9e-4646-bf05-04f9818fe34c}" />
      </MissingDependency>
      <MissingDependency>
        <Required type="26" schemaName="Active Oversight Types" displayName="Active Oversight Types" parentSchemaName="ovs_oversighttype" parentDisplayName="Oversight Type" solution="Active" id="{f766480c-ecae-45e6-9cc1-a6c20afc045b}" />
        <Dependent type="60" displayName="Information" parentDisplayName="NOP" id="{c92e3ed8-1c9e-4646-bf05-04f9818fe34c}" />
      </MissingDependency>
      <MissingDependency>
        <Required type="60" displayName="Legislation Quick View" parentDisplayName="Legislation" solution="Active" id="{729a0920-e775-eb11-a812-000d3af3f6ab}" />
        <Dependent type="60" displayName="TDG Violations" parentDisplayName="Violation" id="{8399e8c7-746d-eb11-a812-000d3a84129e}" />
      </MissingDependency>
      <MissingDependency>
        <Required type="60" displayName="Legislation IPT Score quick view form" parentDisplayName="Legislation" solution="Active" id="{e33d99d0-2b51-ec11-8f8e-000d3ae8eddc}" />
        <Dependent type="60" displayName="TDG Violations" parentDisplayName="Violation" id="{8399e8c7-746d-eb11-a812-000d3a84129e}" />
      </MissingDependency>
      <MissingDependency>
        <Required type="61" schemaName="ovs_NOPMainForm" displayName="ovs_NOPMainForm" solution="Active" />
        <Dependent type="60" displayName="Information" parentDisplayName="NOP" id="{c92e3ed8-1c9e-4646-bf05-04f9818fe34c}" />
      </MissingDependency>
      <MissingDependency>
        <Required type="61" schemaName="qm_globalHelper.js" displayName="qm_globalHelper.js" solution="Active" />
        <Dependent type="60" displayName="TDG Violations" parentDisplayName="Violation" id="{8399e8c7-746d-eb11-a812-000d3a84129e}" />
      </MissingDependency>
      <MissingDependency>
        <Required type="61" schemaName="qm_globalHelper.js" displayName="qm_globalHelper.js" solution="Active" />
        <Dependent type="60" displayName="Information" parentDisplayName="NOP" id="{c92e3ed8-1c9e-4646-bf05-04f9818fe34c}" />
      </MissingDependency>
      <MissingDependency>
        <Required type="61" schemaName="qm_ViolationMainForm" displayName="qm_ViolationMainForm" solution="Active" />
        <Dependent type="60" displayName="TDG Violations" parentDisplayName="Violation" id="{8399e8c7-746d-eb11-a812-000d3a84129e}" />
      </MissingDependency>
      <MissingDependency>
        <Required type="66" schemaName="MscrmControls.FieldControls.ToggleControl" displayName="MscrmControls.FieldControls.ToggleControl" solution="BaseCustomControlsCore (9.0.2208.1009)" />
        <Dependent type="60" displayName="Information" parentDisplayName="NOP" id="{c92e3ed8-1c9e-4646-bf05-04f9818fe34c}" />
      </MissingDependency>
    </MissingDependencies>
  </SolutionManifest>
</ImportExportXml>