<ImportExportXml xmlns:xsi="http://www.w3.org/2001/XMLSchema-instance">
  <Entities></Entities>
  <Roles></Roles>
  <Workflows>
    <Workflow WorkflowId="{065c7533-adae-eb11-8236-000d3ae8b65a}" Name="TDG Inspections - Follow-up Request via Activity">
      <JsonFileName>/Workflows/TDGInspections-Follow-upRequestviaActivity-065C7533-ADAE-EB11-8236-000D3AE8B65A.json</JsonFileName>
      <Type>1</Type>
      <Subprocess>0</Subprocess>
      <Category>5</Category>
      <Mode>0</Mode>
      <Scope>4</Scope>
      <OnDemand>0</OnDemand>
      <TriggerOnCreate>0</TriggerOnCreate>
      <TriggerOnDelete>0</TriggerOnDelete>
      <AsyncAutodelete>0</AsyncAutodelete>
      <SyncWorkflowLogOnFailure>0</SyncWorkflowLogOnFailure>
      <StateCode>1</StateCode>
      <StatusCode>2</StatusCode>
      <RunAs>1</RunAs>
      <IsTransacted>1</IsTransacted>
      <IntroducedVersion>1.0.0.0</IntroducedVersion>
      <IsCustomizable>1</IsCustomizable>
      <IsCustomProcessingStepAllowedForOtherPublishers>1</IsCustomProcessingStepAllowedForOtherPublishers>
      <PrimaryEntity>none</PrimaryEntity>
      <LocalizedNames>
        <LocalizedName languagecode="1033" description="TDG Inspections - Follow-up Request via Activity" />
      </LocalizedNames>
    </Workflow>
    <Workflow WorkflowId="{b1352b4e-58af-eb11-8236-000d3ae8b65a}" Name="TDG Inspections - Updates &quot;Actual&quot; count on &quot;Unplanned Forecast&quot; Entity">
      <JsonFileName>/Workflows/TDGInspections-UpdatesActualcountonUnplannedForeca-B1352B4E-58AF-EB11-8236-000D3AE8B65A.json</JsonFileName>
      <Type>1</Type>
      <Subprocess>0</Subprocess>
      <Category>5</Category>
      <Mode>0</Mode>
      <Scope>4</Scope>
      <OnDemand>0</OnDemand>
      <TriggerOnCreate>0</TriggerOnCreate>
      <TriggerOnDelete>0</TriggerOnDelete>
      <AsyncAutodelete>0</AsyncAutodelete>
      <SyncWorkflowLogOnFailure>0</SyncWorkflowLogOnFailure>
      <StateCode>0</StateCode>
      <StatusCode>1</StatusCode>
      <RunAs>1</RunAs>
      <IsTransacted>1</IsTransacted>
      <IntroducedVersion>1.0.0.4</IntroducedVersion>
      <IsCustomizable>1</IsCustomizable>
      <IsCustomProcessingStepAllowedForOtherPublishers>1</IsCustomProcessingStepAllowedForOtherPublishers>
      <PrimaryEntity>none</PrimaryEntity>
      <LocalizedNames>
        <LocalizedName languagecode="1033" description="TDG Inspections - Updates &quot;Actual&quot; count on &quot;Unplanned Forecast&quot; Entity" />
      </LocalizedNames>
    </Workflow>
    <Workflow WorkflowId="{357ecfc7-65af-eb11-8236-000d3ae8b65a}" Name="TDG Inspections - Apply to Customer Support - Http">
      <JsonFileName>/Workflows/TDGInspections-ApplytoCustomerSupport-Http-357ECFC7-65AF-EB11-8236-000D3AE8B65A.json</JsonFileName>
      <Type>1</Type>
      <Subprocess>0</Subprocess>
      <Category>5</Category>
      <Mode>0</Mode>
      <Scope>4</Scope>
      <OnDemand>0</OnDemand>
      <TriggerOnCreate>0</TriggerOnCreate>
      <TriggerOnDelete>0</TriggerOnDelete>
      <AsyncAutodelete>0</AsyncAutodelete>
      <SyncWorkflowLogOnFailure>0</SyncWorkflowLogOnFailure>
      <StateCode>1</StateCode>
      <StatusCode>2</StatusCode>
      <RunAs>1</RunAs>
      <IsTransacted>1</IsTransacted>
      <IntroducedVersion>1.0.0.4</IntroducedVersion>
      <IsCustomizable>1</IsCustomizable>
      <IsCustomProcessingStepAllowedForOtherPublishers>1</IsCustomProcessingStepAllowedForOtherPublishers>
      <PrimaryEntity>none</PrimaryEntity>
      <LocalizedNames>
        <LocalizedName languagecode="1033" description="TDG Inspections - Apply to Customer Support - Http" />
      </LocalizedNames>
    </Workflow>
    <Workflow WorkflowId="{0f89aba9-98af-eb11-8236-000d3ae8b65a}" Name="TDG Inspections - Notice Of Direction To Remedy Non-Compliance - HTTP" Description="Create one or more actions to happen when records in the Common Data Service portal are selected. To use this flow from Common Data Service, select the record(s) you want to send to the flow, go to the command bar at the top of the screen, select Flows, and choose this flow.">
      <JsonFileName>/Workflows/TDGInspections-NoticeOfDirectionToRemedyNon-Compli-0F89ABA9-98AF-EB11-8236-000D3AE8B65A.json</JsonFileName>
      <Type>1</Type>
      <Subprocess>0</Subprocess>
      <Category>5</Category>
      <Mode>0</Mode>
      <Scope>4</Scope>
      <OnDemand>0</OnDemand>
      <TriggerOnCreate>0</TriggerOnCreate>
      <TriggerOnDelete>0</TriggerOnDelete>
      <AsyncAutodelete>0</AsyncAutodelete>
      <SyncWorkflowLogOnFailure>0</SyncWorkflowLogOnFailure>
      <StateCode>1</StateCode>
      <StatusCode>2</StatusCode>
      <RunAs>1</RunAs>
      <IsTransacted>1</IsTransacted>
      <IntroducedVersion>1.0.0.4</IntroducedVersion>
      <IsCustomizable>1</IsCustomizable>
      <IsCustomProcessingStepAllowedForOtherPublishers>1</IsCustomProcessingStepAllowedForOtherPublishers>
      <PrimaryEntity>none</PrimaryEntity>
      <LocalizedNames>
        <LocalizedName languagecode="1033" description="TDG Inspections - Notice Of Direction To Remedy Non-Compliance - HTTP" />
      </LocalizedNames>
      <Descriptions>
        <Description languagecode="1033" description="Create one or more actions to happen when records in the Common Data Service portal are selected. To use this flow from Common Data Service, select the record(s) you want to send to the flow, go to the command bar at the top of the screen, select Flows, and choose this flow." />
      </Descriptions>
    </Workflow>
    <Workflow WorkflowId="{6b09e81f-aeae-eb11-8236-000d3ae91ce1}" Name="TDG Inspections - Work Order Cancellation Request via Activity">
      <JsonFileName>/Workflows/TDGInspections-WorkOrderCancellationRequestviaActi-6B09E81F-AEAE-EB11-8236-000D3AE91CE1.json</JsonFileName>
      <Type>1</Type>
      <Subprocess>0</Subprocess>
      <Category>5</Category>
      <Mode>0</Mode>
      <Scope>4</Scope>
      <OnDemand>0</OnDemand>
      <TriggerOnCreate>0</TriggerOnCreate>
      <TriggerOnDelete>0</TriggerOnDelete>
      <AsyncAutodelete>0</AsyncAutodelete>
      <SyncWorkflowLogOnFailure>0</SyncWorkflowLogOnFailure>
      <StateCode>1</StateCode>
      <StatusCode>2</StatusCode>
      <RunAs>1</RunAs>
      <IsTransacted>1</IsTransacted>
      <IntroducedVersion>1.0.0.0</IntroducedVersion>
      <IsCustomizable>1</IsCustomizable>
      <IsCustomProcessingStepAllowedForOtherPublishers>1</IsCustomProcessingStepAllowedForOtherPublishers>
      <PrimaryEntity>none</PrimaryEntity>
      <LocalizedNames>
        <LocalizedName languagecode="1033" description="TDG Inspections - Work Order Cancellation Request via Activity" />
      </LocalizedNames>
    </Workflow>
    <Workflow WorkflowId="{b81b36bc-63af-eb11-8236-000d3ae91ce1}" Name="TDG Inspections - Set new Bookable Resource Category to Inspector">
      <JsonFileName>/Workflows/TDGInspections-SetnewBookableResourceCategorytoIns-B81B36BC-63AF-EB11-8236-000D3AE91CE1.json</JsonFileName>
      <Type>1</Type>
      <Subprocess>0</Subprocess>
      <Category>5</Category>
      <Mode>0</Mode>
      <Scope>4</Scope>
      <OnDemand>0</OnDemand>
      <TriggerOnCreate>0</TriggerOnCreate>
      <TriggerOnDelete>0</TriggerOnDelete>
      <AsyncAutodelete>0</AsyncAutodelete>
      <SyncWorkflowLogOnFailure>0</SyncWorkflowLogOnFailure>
      <StateCode>1</StateCode>
      <StatusCode>2</StatusCode>
      <RunAs>1</RunAs>
      <IsTransacted>1</IsTransacted>
      <IntroducedVersion>1.0.0.4</IntroducedVersion>
      <IsCustomizable>1</IsCustomizable>
      <IsCustomProcessingStepAllowedForOtherPublishers>1</IsCustomProcessingStepAllowedForOtherPublishers>
      <PrimaryEntity>none</PrimaryEntity>
      <LocalizedNames>
        <LocalizedName languagecode="1033" description="TDG Inspections - Set new Bookable Resource Category to Inspector" />
      </LocalizedNames>
    </Workflow>
    <Workflow WorkflowId="{92f2ceb1-6caf-eb11-8236-000d3ae91ce1}" Name="TDG Inspections - Notice of Infraction - Enforcement Action">
      <JsonFileName>/Workflows/TDGInspections-NoticeofInfraction-EnforcementActio-92F2CEB1-6CAF-EB11-8236-000D3AE91CE1.json</JsonFileName>
      <Type>1</Type>
      <Subprocess>0</Subprocess>
      <Category>5</Category>
      <Mode>0</Mode>
      <Scope>4</Scope>
      <OnDemand>0</OnDemand>
      <TriggerOnCreate>0</TriggerOnCreate>
      <TriggerOnDelete>0</TriggerOnDelete>
      <AsyncAutodelete>0</AsyncAutodelete>
      <SyncWorkflowLogOnFailure>0</SyncWorkflowLogOnFailure>
      <StateCode>1</StateCode>
      <StatusCode>2</StatusCode>
      <RunAs>1</RunAs>
      <IsTransacted>1</IsTransacted>
      <IntroducedVersion>1.0.0.4</IntroducedVersion>
      <IsCustomizable>1</IsCustomizable>
      <IsCustomProcessingStepAllowedForOtherPublishers>1</IsCustomProcessingStepAllowedForOtherPublishers>
      <PrimaryEntity>none</PrimaryEntity>
      <LocalizedNames>
        <LocalizedName languagecode="1033" description="TDG Inspections - Notice of Infraction - Enforcement Action" />
      </LocalizedNames>
    </Workflow>
    <Workflow WorkflowId="{219752a9-98af-eb11-8236-000d3ae91ce1}" Name="TDG Inspections - Notice of Direction not to import">
      <JsonFileName>/Workflows/TDGInspections-NoticeofDirectionnottoimport-219752A9-98AF-EB11-8236-000D3AE91CE1.json</JsonFileName>
      <Type>1</Type>
      <Subprocess>0</Subprocess>
      <Category>5</Category>
      <Mode>0</Mode>
      <Scope>4</Scope>
      <OnDemand>0</OnDemand>
      <TriggerOnCreate>0</TriggerOnCreate>
      <TriggerOnDelete>0</TriggerOnDelete>
      <AsyncAutodelete>0</AsyncAutodelete>
      <SyncWorkflowLogOnFailure>0</SyncWorkflowLogOnFailure>
      <StateCode>1</StateCode>
      <StatusCode>2</StatusCode>
      <RunAs>1</RunAs>
      <IsTransacted>1</IsTransacted>
      <IntroducedVersion>1.0.0.4</IntroducedVersion>
      <IsCustomizable>1</IsCustomizable>
      <IsCustomProcessingStepAllowedForOtherPublishers>1</IsCustomProcessingStepAllowedForOtherPublishers>
      <PrimaryEntity>none</PrimaryEntity>
      <LocalizedNames>
        <LocalizedName languagecode="1033" description="TDG Inspections - Notice of Direction not to import" />
      </LocalizedNames>
    </Workflow>
    <Workflow WorkflowId="{259752a9-98af-eb11-8236-000d3ae91ce1}" Name="TDG Inspections - Detention Notice - HTTP" Description="Create one or more actions to happen when records in the Common Data Service portal are selected. To use this flow from Common Data Service, select the record(s) you want to send to the flow, go to the command bar at the top of the screen, select Flows, and choose this flow.">
      <JsonFileName>/Workflows/TDGInspections-DetentionNotice-HTTP-259752A9-98AF-EB11-8236-000D3AE91CE1.json</JsonFileName>
      <Type>1</Type>
      <Subprocess>0</Subprocess>
      <Category>5</Category>
      <Mode>0</Mode>
      <Scope>4</Scope>
      <OnDemand>0</OnDemand>
      <TriggerOnCreate>0</TriggerOnCreate>
      <TriggerOnDelete>0</TriggerOnDelete>
      <AsyncAutodelete>0</AsyncAutodelete>
      <SyncWorkflowLogOnFailure>0</SyncWorkflowLogOnFailure>
      <StateCode>1</StateCode>
      <StatusCode>2</StatusCode>
      <RunAs>1</RunAs>
      <IsTransacted>1</IsTransacted>
      <IntroducedVersion>1.0.0.4</IntroducedVersion>
      <IsCustomizable>1</IsCustomizable>
      <IsCustomProcessingStepAllowedForOtherPublishers>1</IsCustomProcessingStepAllowedForOtherPublishers>
      <PrimaryEntity>none</PrimaryEntity>
      <LocalizedNames>
        <LocalizedName languagecode="1033" description="TDG Inspections - Detention Notice - HTTP" />
      </LocalizedNames>
      <Descriptions>
        <Description languagecode="1033" description="Create one or more actions to happen when records in the Common Data Service portal are selected. To use this flow from Common Data Service, select the record(s) you want to send to the flow, go to the command bar at the top of the screen, select Flows, and choose this flow." />
      </Descriptions>
    </Workflow>
    <Workflow WorkflowId="{eb3b6040-d898-ec11-b3fe-0022483c0c24}" Name="TDG Inspections - IPT run cursor">
      <JsonFileName>/Workflows/TDGInspections-IPTruncursor-EB3B6040-D898-EC11-B3FE-0022483C0C24.json</JsonFileName>
      <Type>1</Type>
      <Subprocess>0</Subprocess>
      <Category>5</Category>
      <Mode>0</Mode>
      <Scope>4</Scope>
      <OnDemand>0</OnDemand>
      <TriggerOnCreate>0</TriggerOnCreate>
      <TriggerOnDelete>0</TriggerOnDelete>
      <AsyncAutodelete>0</AsyncAutodelete>
      <SyncWorkflowLogOnFailure>0</SyncWorkflowLogOnFailure>
      <StateCode>0</StateCode>
      <StatusCode>1</StatusCode>
      <RunAs>1</RunAs>
      <IsTransacted>1</IsTransacted>
      <IntroducedVersion>1.0.0.0</IntroducedVersion>
      <IsCustomizable>1</IsCustomizable>
      <BusinessProcessType>0</BusinessProcessType>
      <IsCustomProcessingStepAllowedForOtherPublishers>1</IsCustomProcessingStepAllowedForOtherPublishers>
      <PrimaryEntity>none</PrimaryEntity>
      <LocalizedNames>
        <LocalizedName languagecode="1033" description="TDG Inspections - IPT run cursor" />
      </LocalizedNames>
    </Workflow>
    <Workflow WorkflowId="{1da8e230-830e-ed11-b83d-000d3a84cfdd}" Name="TDG Inspections - IPT Calculations Automatically Run on a weekly basis">
      <JsonFileName>/Workflows/TDGInspections-IPTCalculationsAutomaticallyRunonaw-1DA8E230-830E-ED11-B83D-000D3A84CFDD.json</JsonFileName>
      <Type>1</Type>
      <Subprocess>0</Subprocess>
      <Category>5</Category>
      <Mode>0</Mode>
      <Scope>4</Scope>
      <OnDemand>0</OnDemand>
      <TriggerOnCreate>0</TriggerOnCreate>
      <TriggerOnDelete>0</TriggerOnDelete>
      <AsyncAutodelete>0</AsyncAutodelete>
      <SyncWorkflowLogOnFailure>0</SyncWorkflowLogOnFailure>
      <StateCode>0</StateCode>
      <StatusCode>1</StatusCode>
      <RunAs>1</RunAs>
      <IsTransacted>1</IsTransacted>
      <IntroducedVersion>1.0.0.5</IntroducedVersion>
      <IsCustomizable>1</IsCustomizable>
      <BusinessProcessType>0</BusinessProcessType>
      <IsCustomProcessingStepAllowedForOtherPublishers>1</IsCustomProcessingStepAllowedForOtherPublishers>
      <PrimaryEntity>none</PrimaryEntity>
      <LocalizedNames>
        <LocalizedName languagecode="1033" description="TDG Inspections - IPT Calculations Automatically Run on a weekly basis" />
      </LocalizedNames>
    </Workflow>
    <Workflow WorkflowId="{47a895f4-7c17-ed11-b83e-000d3a0c8551}" Name="TDG Inspections - Send a notification when Operation set to FollowUp">
      <JsonFileName>/Workflows/TDGInspections-SendanotificationwhenOperationsetto-47A895F4-7C17-ED11-B83E-000D3A0C8551.json</JsonFileName>
      <Type>1</Type>
      <Subprocess>0</Subprocess>
      <Category>5</Category>
      <Mode>0</Mode>
      <Scope>4</Scope>
      <OnDemand>0</OnDemand>
      <TriggerOnCreate>0</TriggerOnCreate>
      <TriggerOnDelete>0</TriggerOnDelete>
      <AsyncAutodelete>0</AsyncAutodelete>
      <SyncWorkflowLogOnFailure>0</SyncWorkflowLogOnFailure>
      <StateCode>1</StateCode>
      <StatusCode>2</StatusCode>
      <RunAs>1</RunAs>
      <IsTransacted>1</IsTransacted>
      <IntroducedVersion>1.0.0.5</IntroducedVersion>
      <IsCustomizable>1</IsCustomizable>
      <BusinessProcessType>0</BusinessProcessType>
      <IsCustomProcessingStepAllowedForOtherPublishers>1</IsCustomProcessingStepAllowedForOtherPublishers>
      <PrimaryEntity>none</PrimaryEntity>
      <LocalizedNames>
        <LocalizedName languagecode="1033" description="TDG Inspections - Send a notification when Operation set to FollowUp" />
      </LocalizedNames>
    </Workflow>
    <Workflow WorkflowId="{382204f9-6933-ed11-9db1-0022483cb62f}" Name="TDG Inspector - IPT run check result">
      <JsonFileName>/Workflows/TDGInspector-IPTruncheckresult-382204F9-6933-ED11-9DB1-0022483CB62F.json</JsonFileName>
      <Type>1</Type>
      <Subprocess>0</Subprocess>
      <Category>5</Category>
      <Mode>0</Mode>
      <Scope>4</Scope>
      <OnDemand>0</OnDemand>
      <TriggerOnCreate>0</TriggerOnCreate>
      <TriggerOnDelete>0</TriggerOnDelete>
      <AsyncAutodelete>0</AsyncAutodelete>
      <SyncWorkflowLogOnFailure>0</SyncWorkflowLogOnFailure>
      <StateCode>1</StateCode>
      <StatusCode>2</StatusCode>
      <RunAs>1</RunAs>
      <IsTransacted>1</IsTransacted>
      <IntroducedVersion>1.2.0.11</IntroducedVersion>
      <IsCustomizable>1</IsCustomizable>
      <BusinessProcessType>0</BusinessProcessType>
      <IsCustomProcessingStepAllowedForOtherPublishers>1</IsCustomProcessingStepAllowedForOtherPublishers>
      <PrimaryEntity>none</PrimaryEntity>
      <LocalizedNames>
        <LocalizedName languagecode="1033" description="TDG Inspector - IPT run check result" />
      </LocalizedNames>
    </Workflow>
    <Workflow WorkflowId="{34b2de66-6df7-ee11-a1fe-000d3aff36a8}" Name="TDG Inspections - Send a notification when Safety Action is about to Expire">
      <JsonFileName>/Workflows/TDGInspections-SendanotificationwhenSafetyActionis-34B2DE66-6DF7-EE11-A1FE-000D3AFF36A8.json</JsonFileName>
      <Type>1</Type>
      <Subprocess>0</Subprocess>
      <Category>5</Category>
      <Mode>0</Mode>
      <Scope>4</Scope>
      <OnDemand>0</OnDemand>
      <TriggerOnCreate>0</TriggerOnCreate>
      <TriggerOnDelete>0</TriggerOnDelete>
      <AsyncAutodelete>0</AsyncAutodelete>
      <SyncWorkflowLogOnFailure>0</SyncWorkflowLogOnFailure>
      <StateCode>1</StateCode>
      <StatusCode>2</StatusCode>
      <RunAs>1</RunAs>
      <IsTransacted>1</IsTransacted>
      <IntroducedVersion>1.2.0.20</IntroducedVersion>
      <IsCustomizable>1</IsCustomizable>
      <BusinessProcessType>0</BusinessProcessType>
      <IsCustomProcessingStepAllowedForOtherPublishers>1</IsCustomProcessingStepAllowedForOtherPublishers>
      <PrimaryEntity>none</PrimaryEntity>
      <LocalizedNames>
        <LocalizedName languagecode="1033" description="TDG Inspections - Send a notification when Safety Action is about to Expire" />
      </LocalizedNames>
    </Workflow>
    <Workflow WorkflowId="{41e813e2-fff7-ee11-a1fe-002248af8802}" Name="TDG Inspections - Send a notification after COC Due Date">
      <JsonFileName>/Workflows/TDGInspections-SendanotificationafterCOCDueDate-41E813E2-FFF7-EE11-A1FE-002248AF8802.json</JsonFileName>
      <Type>1</Type>
      <Subprocess>0</Subprocess>
      <Category>5</Category>
      <Mode>0</Mode>
      <Scope>4</Scope>
      <OnDemand>0</OnDemand>
      <TriggerOnCreate>0</TriggerOnCreate>
      <TriggerOnDelete>0</TriggerOnDelete>
      <AsyncAutodelete>0</AsyncAutodelete>
      <SyncWorkflowLogOnFailure>0</SyncWorkflowLogOnFailure>
      <StateCode>1</StateCode>
      <StatusCode>2</StatusCode>
      <RunAs>1</RunAs>
      <IsTransacted>1</IsTransacted>
      <IntroducedVersion>1.2.0.20</IntroducedVersion>
      <IsCustomizable>1</IsCustomizable>
      <BusinessProcessType>0</BusinessProcessType>
      <IsCustomProcessingStepAllowedForOtherPublishers>1</IsCustomProcessingStepAllowedForOtherPublishers>
      <PrimaryEntity>none</PrimaryEntity>
      <LocalizedNames>
        <LocalizedName languagecode="1033" description="TDG Inspections - Send a notification after COC Due Date" />
      </LocalizedNames>
    </Workflow>
    <Workflow WorkflowId="{75b485f3-1e07-ef11-9f89-000d3a0c4626}" Name="TDG - External User Registration Expiry Notification">
      <JsonFileName>/Workflows/TDG-ExternalUserRegistrationExpiryNotification-75B485F3-1E07-EF11-9F89-000D3A0C4626.json</JsonFileName>
      <Type>1</Type>
      <Subprocess>0</Subprocess>
      <Category>5</Category>
      <Mode>0</Mode>
      <Scope>4</Scope>
      <OnDemand>0</OnDemand>
      <TriggerOnCreate>0</TriggerOnCreate>
      <TriggerOnDelete>0</TriggerOnDelete>
      <AsyncAutodelete>0</AsyncAutodelete>
      <SyncWorkflowLogOnFailure>0</SyncWorkflowLogOnFailure>
      <StateCode>1</StateCode>
      <StatusCode>2</StatusCode>
      <RunAs>1</RunAs>
      <IsTransacted>1</IsTransacted>
      <IntroducedVersion>1.2.0.27</IntroducedVersion>
      <IsCustomizable>1</IsCustomizable>
      <BusinessProcessType>0</BusinessProcessType>
      <IsCustomProcessingStepAllowedForOtherPublishers>1</IsCustomProcessingStepAllowedForOtherPublishers>
      <PrimaryEntity>none</PrimaryEntity>
      <LocalizedNames>
        <LocalizedName languagecode="1033" description="TDG - External User Registration Expiry Notification" />
      </LocalizedNames>
    </Workflow>
    <Workflow WorkflowId="{15c20143-7709-ef11-9f89-000d3a0c4626}" Name="Submission: [On Status Change] -&gt; Send Email Notification to Account Managers">
      <JsonFileName>/Workflows/SubmissionOnStatusChange-SendEmailNotificationtoAc-15C20143-7709-EF11-9F89-000D3A0C4626.json</JsonFileName>
      <Type>1</Type>
      <Subprocess>0</Subprocess>
      <Category>5</Category>
      <Mode>0</Mode>
      <Scope>4</Scope>
      <OnDemand>0</OnDemand>
      <TriggerOnCreate>0</TriggerOnCreate>
      <TriggerOnDelete>0</TriggerOnDelete>
      <AsyncAutodelete>0</AsyncAutodelete>
      <SyncWorkflowLogOnFailure>0</SyncWorkflowLogOnFailure>
      <StateCode>1</StateCode>
      <StatusCode>2</StatusCode>
      <RunAs>1</RunAs>
      <IsTransacted>1</IsTransacted>
      <IntroducedVersion>1.2.0.27</IntroducedVersion>
      <IsCustomizable>1</IsCustomizable>
      <BusinessProcessType>0</BusinessProcessType>
      <IsCustomProcessingStepAllowedForOtherPublishers>1</IsCustomProcessingStepAllowedForOtherPublishers>
      <PrimaryEntity>none</PrimaryEntity>
      <LocalizedNames>
        <LocalizedName languagecode="1033" description="Submission: [On Status Change] -&gt; Send Email Notification to Account Managers" />
      </LocalizedNames>
    </Workflow>
    <Workflow WorkflowId="{5900bd50-83fe-ee11-9f89-002248b0d3d6}" Name="TDG CRS Approval and Declined Addtional Info Letter">
      <JsonFileName>/Workflows/TDGCRSApprovalandDeclinedAddtionalInfoLetter-5900BD50-83FE-EE11-9F89-002248B0D3D6.json</JsonFileName>
      <Type>1</Type>
      <Subprocess>0</Subprocess>
      <Category>5</Category>
      <Mode>0</Mode>
      <Scope>4</Scope>
      <OnDemand>0</OnDemand>
      <TriggerOnCreate>0</TriggerOnCreate>
      <TriggerOnDelete>0</TriggerOnDelete>
      <AsyncAutodelete>0</AsyncAutodelete>
      <SyncWorkflowLogOnFailure>0</SyncWorkflowLogOnFailure>
      <StateCode>1</StateCode>
      <StatusCode>2</StatusCode>
      <RunAs>1</RunAs>
      <IsTransacted>1</IsTransacted>
      <IntroducedVersion>1.2.0.27</IntroducedVersion>
      <IsCustomizable>1</IsCustomizable>
      <BusinessProcessType>0</BusinessProcessType>
      <IsCustomProcessingStepAllowedForOtherPublishers>1</IsCustomProcessingStepAllowedForOtherPublishers>
      <PrimaryEntity>none</PrimaryEntity>
      <LocalizedNames>
        <LocalizedName languagecode="1033" description="TDG CRS Approval and Declined Addtional Info Letter" />
      </LocalizedNames>
    </Workflow>
    <Workflow WorkflowId="{a2aefa24-2f0e-ef11-9f89-0022483de3ab}" Name="TDG CRS Invitation Email Notification">
      <JsonFileName>/Workflows/TDGCRSInvitationEmailNotification-A2AEFA24-2F0E-EF11-9F89-0022483DE3AB.json</JsonFileName>
      <Type>1</Type>
      <Subprocess>0</Subprocess>
      <Category>5</Category>
      <Mode>0</Mode>
      <Scope>4</Scope>
      <OnDemand>0</OnDemand>
      <TriggerOnCreate>0</TriggerOnCreate>
      <TriggerOnDelete>0</TriggerOnDelete>
      <AsyncAutodelete>0</AsyncAutodelete>
      <SyncWorkflowLogOnFailure>0</SyncWorkflowLogOnFailure>
      <StateCode>1</StateCode>
      <StatusCode>2</StatusCode>
      <RunAs>1</RunAs>
      <IsTransacted>1</IsTransacted>
      <IntroducedVersion>1.0.0.1</IntroducedVersion>
      <IsCustomizable>1</IsCustomizable>
      <BusinessProcessType>0</BusinessProcessType>
      <IsCustomProcessingStepAllowedForOtherPublishers>1</IsCustomProcessingStepAllowedForOtherPublishers>
      <PrimaryEntity>none</PrimaryEntity>
      <LocalizedNames>
        <LocalizedName languagecode="1033" description="TDG CRS Invitation Email Notification" />
      </LocalizedNames>
    </Workflow>
  </Workflows>
  <FieldSecurityProfiles></FieldSecurityProfiles>
  <Templates />
  <EntityMaps />
  <EntityRelationships />
  <OrganizationSettings />
  <optionsets />
  <CustomControls />
  <EntityDataProviders />
  <Languages>
    <Language>1033</Language>
    <Language>1036</Language>
  </Languages>
</ImportExportXml>