<environmentvariabledefinition schemaname="ovs_NoticeofDirectionNot2ImportEN">
  <defaultvalue>-NDNI-AOPI-</defaultvalue>
  <description default="Report middle name">
    <label description="Report middle name" languagecode="1033" />
  </description>
  <displayname default="Notice of Direction Not to Import EN">
    <label description="Notice of Direction Not to Import EN" languagecode="1033" />
  </displayname>
  <introducedversion>1.37.1.0</introducedversion>
  <iscustomizable>1</iscustomizable>
  <isrequired>0</isrequired>
  <type>100000000</type>
</environmentvariabledefinition>