<ImportExportXml version="9.2.24022.170" SolutionPackageVersion="9.2" languagecode="1033" generatedBy="CrmLive" xmlns:xsi="http://www.w3.org/2001/XMLSchema-instance">
  <SolutionManifest>
    <UniqueName>TC_GlobalCore_Patch_75eb409d</UniqueName>
    <LocalizedNames>
      <LocalizedName description="TDG Core Schema" languagecode="1033" />
    </LocalizedNames>
    <Descriptions>
      <Description description="Patch for TDG Core Schema" languagecode="1033" />
    </Descriptions>
    <ParentUniqueName>TC_GlobalCore</ParentUniqueName>
    <Version>1.160.14.0</Version>
    <Managed>0</Managed>
    <Publisher>
      <UniqueName>oversightpublisher</UniqueName>
      <LocalizedNames>
        <LocalizedName description="Oversight" languagecode="1033" />
      </LocalizedNames>
      <Descriptions>
        <Description description="This is the common solution for AvSec Inspection and TDG Inspection." languagecode="1033" />
      </Descriptions>
      <EMailAddress xsi:nil="true"></EMailAddress>
      <SupportingWebsiteUrl xsi:nil="true"></SupportingWebsiteUrl>
      <CustomizationPrefix>ovs</CustomizationPrefix>
      <CustomizationOptionValuePrefix>91864</CustomizationOptionValuePrefix>
      <Addresses>
        <Address>
          <AddressNumber>1</AddressNumber>
          <AddressTypeCode>1</AddressTypeCode>
          <City xsi:nil="true"></City>
          <County xsi:nil="true"></County>
          <Country xsi:nil="true"></Country>
          <Fax xsi:nil="true"></Fax>
          <FreightTermsCode xsi:nil="true"></FreightTermsCode>
          <ImportSequenceNumber xsi:nil="true"></ImportSequenceNumber>
          <Latitude xsi:nil="true"></Latitude>
          <Line1 xsi:nil="true"></Line1>
          <Line2 xsi:nil="true"></Line2>
          <Line3 xsi:nil="true"></Line3>
          <Longitude xsi:nil="true"></Longitude>
          <Name xsi:nil="true"></Name>
          <PostalCode xsi:nil="true"></PostalCode>
          <PostOfficeBox xsi:nil="true"></PostOfficeBox>
          <PrimaryContactName xsi:nil="true"></PrimaryContactName>
          <ShippingMethodCode>1</ShippingMethodCode>
          <StateOrProvince xsi:nil="true"></StateOrProvince>
          <Telephone1 xsi:nil="true"></Telephone1>
          <Telephone2 xsi:nil="true"></Telephone2>
          <Telephone3 xsi:nil="true"></Telephone3>
          <TimeZoneRuleVersionNumber xsi:nil="true"></TimeZoneRuleVersionNumber>
          <UPSZone xsi:nil="true"></UPSZone>
          <UTCOffset xsi:nil="true"></UTCOffset>
          <UTCConversionTimeZoneCode xsi:nil="true"></UTCConversionTimeZoneCode>
        </Address>
        <Address>
          <AddressNumber>2</AddressNumber>
          <AddressTypeCode>1</AddressTypeCode>
          <City xsi:nil="true"></City>
          <County xsi:nil="true"></County>
          <Country xsi:nil="true"></Country>
          <Fax xsi:nil="true"></Fax>
          <FreightTermsCode xsi:nil="true"></FreightTermsCode>
          <ImportSequenceNumber xsi:nil="true"></ImportSequenceNumber>
          <Latitude xsi:nil="true"></Latitude>
          <Line1 xsi:nil="true"></Line1>
          <Line2 xsi:nil="true"></Line2>
          <Line3 xsi:nil="true"></Line3>
          <Longitude xsi:nil="true"></Longitude>
          <Name xsi:nil="true"></Name>
          <PostalCode xsi:nil="true"></PostalCode>
          <PostOfficeBox xsi:nil="true"></PostOfficeBox>
          <PrimaryContactName xsi:nil="true"></PrimaryContactName>
          <ShippingMethodCode>1</ShippingMethodCode>
          <StateOrProvince xsi:nil="true"></StateOrProvince>
          <Telephone1 xsi:nil="true"></Telephone1>
          <Telephone2 xsi:nil="true"></Telephone2>
          <Telephone3 xsi:nil="true"></Telephone3>
          <TimeZoneRuleVersionNumber xsi:nil="true"></TimeZoneRuleVersionNumber>
          <UPSZone xsi:nil="true"></UPSZone>
          <UTCOffset xsi:nil="true"></UTCOffset>
          <UTCConversionTimeZoneCode xsi:nil="true"></UTCConversionTimeZoneCode>
        </Address>
      </Addresses>
    </Publisher>
    <RootComponents>
      <RootComponent type="1" schemaName="account" behavior="2" />
      <RootComponent type="1" schemaName="ovs_customerrequest" behavior="2" />
      <RootComponent type="1" schemaName="ovs_dataaccessrule" behavior="2" />
      <RootComponent type="1" schemaName="ovs_registration" behavior="2" />
      <RootComponent type="1" schemaName="ovs_submission" behavior="2" />
      <RootComponent type="9" schemaName="ovs_inspection_setting" behavior="0" />
      <RootComponent type="9" schemaName="ovs_submission_outcome" behavior="0" />
      <RootComponent type="80" schemaName="ovs_Core2Test" behavior="0" />
    </RootComponents>
    <MissingDependencies>
      <MissingDependency>
        <Required type="1" schemaName="ovs_criteria" displayName="Criteria" solution="Active" />
        <Dependent type="60" displayName="Data Access Rule" parentDisplayName="Data Access Rule" id="{620400bc-d2b3-ee11-a568-6045bd5e3464}" />
      </MissingDependency>
      <MissingDependency>
        <Required type="1" schemaName="ovs_customerrequest" displayName="Customer Request" solution="Active" />
        <Dependent type="1" schemaName="ovs_customerrequest" displayName="Customer Request" />
      </MissingDependency>
      <MissingDependency>
        <Required type="1" schemaName="ovs_dataaccessrule" displayName="Data Access Rule" solution="Active" />
        <Dependent type="1" schemaName="ovs_dataaccessrule" displayName="Data Access Rule" />
      </MissingDependency>
      <MissingDependency>
        <Required type="1" schemaName="ovs_invitation" displayName="Invitation" solution="Active" />
        <Dependent type="80" schemaName="ovs_Core2Test" displayName="CRS" />
      </MissingDependency>
      <MissingDependency>
        <Required type="1" schemaName="ovs_naics_code" displayName="NAICS Code" solution="Active" />
        <Dependent type="80" schemaName="ovs_Core2Test" displayName="CRS" />
      </MissingDependency>
      <MissingDependency>
        <Required type="1" schemaName="ovs_organization_naics_code" displayName="Organization NAICS Code" solution="Active" />
        <Dependent type="80" schemaName="ovs_Core2Test" displayName="CRS" />
      </MissingDependency>
      <MissingDependency>
        <Required type="1" schemaName="ovs_registration" displayName="Registration" solution="Active" />
        <Dependent type="1" schemaName="ovs_registration" displayName="Registration" />
      </MissingDependency>
      <MissingDependency>
        <Required type="1" schemaName="ovs_registration_contact" displayName="Registration Contact" solution="Active" />
        <Dependent type="60" displayName="Information" parentDisplayName="Registration" id="{6f918db8-f2be-42fb-af3a-7f42b94a7e79}" />
      </MissingDependency>
      <MissingDependency>
        <Required type="1" schemaName="ovs_registration_contact" displayName="Registration Contact" solution="Active" />
        <Dependent type="80" schemaName="ovs_Core2Test" displayName="CRS" />
      </MissingDependency>
      <MissingDependency>
        <Required type="1" schemaName="ovs_sds" displayName="Safety Data Sheet" solution="Active" />
        <Dependent type="80" schemaName="ovs_Core2Test" displayName="CRS" />
      </MissingDependency>
      <MissingDependency>
        <Required type="1" schemaName="ovs_submission" displayName="Submission" solution="Active" />
        <Dependent type="1" schemaName="ovs_submission" displayName="Submission" />
      </MissingDependency>
      <MissingDependency>
        <Required type="1" schemaName="ovs_supportrequest" displayName="Support Request" solution="Active" />
        <Dependent type="80" schemaName="ovs_Core2Test" displayName="CRS" />
      </MissingDependency>
      <MissingDependency>
        <Required type="10" schemaName="ovs_CustomerRequest_Account" displayName="ovs_CustomerRequest_Account" parentSchemaName="account" parentDisplayName="Account" solution="Active" />
        <Dependent type="60" displayName="Information" parentDisplayName="Customer Request" id="{de0d648e-6a92-4039-bd81-9d10c3a52709}" />
      </MissingDependency>
      <MissingDependency>
        <Required type="10" schemaName="ovs_registration_organization_id" displayName="ovs_registration_organization_id" parentSchemaName="account" parentDisplayName="Account" solution="Active" />
        <Dependent type="60" displayName="Information" parentDisplayName="Registration" id="{6f918db8-f2be-42fb-af3a-7f42b94a7e79}" />
      </MissingDependency>
      <MissingDependency>
        <Required type="10" schemaName="ovs_registration_organization_id" displayName="ovs_registration_organization_id" parentSchemaName="account" parentDisplayName="Account" solution="Active" />
        <Dependent type="60" displayName="Information" parentDisplayName="Registration" id="{9c6f5c44-c089-4c4a-950c-9538d8f372f6}" />
      </MissingDependency>
      <MissingDependency>
        <Required type="10" schemaName="ovs_CustomerRequest_Contact" displayName="ovs_CustomerRequest_Contact" parentSchemaName="contact" parentDisplayName="Contact" solution="Active" />
        <Dependent type="60" displayName="Information" parentDisplayName="Customer Request" id="{de0d648e-6a92-4039-bd81-9d10c3a52709}" />
      </MissingDependency>
      <MissingDependency>
        <Required type="10" schemaName="ovs_CustomerRequest_CustomerRequest" displayName="ovs_CustomerRequest_CustomerRequest" parentSchemaName="ovs_customerrequest" parentDisplayName="Customer Request" solution="Active" />
        <Dependent type="60" displayName="Parent" parentDisplayName="Customer Request" id="{c03d0dc1-679b-ee11-be37-000d3af35f84}" />
      </MissingDependency>
      <MissingDependency>
        <Required type="10" schemaName="ovs_DataAccessRule_Criteria" displayName="ovs_DataAccessRule_Criteria" parentSchemaName="ovs_dataaccessrule" parentDisplayName="Data Access Rule" solution="Active" />
        <Dependent type="60" displayName="Data Access Rule" parentDisplayName="Data Access Rule" id="{620400bc-d2b3-ee11-a568-6045bd5e3464}" />
      </MissingDependency>
      <MissingDependency>
        <Required type="10" schemaName="ovs_DataAccessRule_CustomerRequest" displayName="ovs_DataAccessRule_CustomerRequest" parentSchemaName="ovs_dataaccessrule" parentDisplayName="Data Access Rule" solution="Active" />
        <Dependent type="60" displayName="Parent" parentDisplayName="Customer Request" id="{c03d0dc1-679b-ee11-be37-000d3af35f84}" />
      </MissingDependency>
      <MissingDependency>
        <Required type="10" schemaName="ovs_DataAccessRule_CustomerRequest" displayName="ovs_DataAccessRule_CustomerRequest" parentSchemaName="ovs_dataaccessrule" parentDisplayName="Data Access Rule" solution="Active" />
        <Dependent type="60" displayName="Information" parentDisplayName="Customer Request" id="{de0d648e-6a92-4039-bd81-9d10c3a52709}" />
      </MissingDependency>
      <MissingDependency>
        <Required type="10" schemaName="ovs_registration_contact_registration" displayName="ovs_registration_contact_registration" parentSchemaName="ovs_registration" parentDisplayName="Registration" solution="Active" />
        <Dependent type="60" displayName="Information" parentDisplayName="Registration" id="{6f918db8-f2be-42fb-af3a-7f42b94a7e79}" />
      </MissingDependency>
      <MissingDependency>
        <Required type="10" schemaName="ovs_registration_submission" displayName="ovs_registration_submission" parentSchemaName="ovs_registration" parentDisplayName="Registration" solution="Active" />
        <Dependent type="60" displayName="Information" parentDisplayName="Registration" id="{6f918db8-f2be-42fb-af3a-7f42b94a7e79}" />
      </MissingDependency>
      <MissingDependency>
        <Required type="10" schemaName="ovs_registration_submission" displayName="ovs_registration_submission" parentSchemaName="ovs_registration" parentDisplayName="Registration" solution="Active" />
        <Dependent type="60" displayName="Information" parentDisplayName="Submission" id="{9d8ef32b-2177-4fde-b7de-0ee1880407f4}" />
      </MissingDependency>
      <MissingDependency>
        <Required type="10" schemaName="ovs_registration_service" displayName="ovs_registration_service" parentSchemaName="ovs_service" parentDisplayName="Service" solution="Active" />
        <Dependent type="60" displayName="Information" parentDisplayName="Registration" id="{6f918db8-f2be-42fb-af3a-7f42b94a7e79}" />
      </MissingDependency>
      <MissingDependency>
        <Required type="10" schemaName="ovs_registration_service" displayName="ovs_registration_service" parentSchemaName="ovs_service" parentDisplayName="Service" solution="Active" />
        <Dependent type="60" displayName="Information" parentDisplayName="Registration" id="{9c6f5c44-c089-4c4a-950c-9538d8f372f6}" />
      </MissingDependency>
      <MissingDependency>
        <Required type="2" schemaName="ovs_legalname" displayName="Legal Name" parentSchemaName="account" parentDisplayName="Account" solution="Active" />
        <Dependent type="26" schemaName="CRS Registrations View" displayName="CRS Registrations View" parentSchemaName="ovs_registration" parentDisplayName="Registration" id="{40c5ca0d-73d5-ee11-904c-000d3a845779}" />
      </MissingDependency>
      <MissingDependency>
        <Required type="2" schemaName="ovs_naicscode" displayName="NAICS Code" parentSchemaName="account" parentDisplayName="Account" solution="Active" />
        <Dependent type="26" schemaName="CRS Registrations View" displayName="CRS Registrations View" parentSchemaName="ovs_registration" parentDisplayName="Registration" id="{40c5ca0d-73d5-ee11-904c-000d3a845779}" />
      </MissingDependency>
      <MissingDependency>
        <Required type="2" schemaName="createdby" displayName="Created By" parentSchemaName="ovs_customerrequest" parentDisplayName="Customer Request" solution="Active" />
        <Dependent type="60" displayName="Parent" parentDisplayName="Customer Request" id="{c03d0dc1-679b-ee11-be37-000d3af35f84}" />
      </MissingDependency>
      <MissingDependency>
        <Required type="2" schemaName="createdby" displayName="Created By" parentSchemaName="ovs_customerrequest" parentDisplayName="Customer Request" solution="Active" />
        <Dependent type="60" displayName="Information" parentDisplayName="Customer Request" id="{de0d648e-6a92-4039-bd81-9d10c3a52709}" />
      </MissingDependency>
      <MissingDependency>
        <Required type="2" schemaName="createdon" displayName="Created Date" parentSchemaName="ovs_customerrequest" parentDisplayName="Customer Request" solution="Active" />
        <Dependent type="60" displayName="Parent" parentDisplayName="Customer Request" id="{c03d0dc1-679b-ee11-be37-000d3af35f84}" />
      </MissingDependency>
      <MissingDependency>
        <Required type="2" schemaName="createdon" displayName="Created Date" parentSchemaName="ovs_customerrequest" parentDisplayName="Customer Request" solution="Active" />
        <Dependent type="60" displayName="Information" parentDisplayName="Customer Request" id="{de0d648e-6a92-4039-bd81-9d10c3a52709}" />
      </MissingDependency>
      <MissingDependency>
        <Required type="2" schemaName="modifiedby" displayName="Modified By" parentSchemaName="ovs_customerrequest" parentDisplayName="Customer Request" solution="Active" />
        <Dependent type="60" displayName="Parent" parentDisplayName="Customer Request" id="{c03d0dc1-679b-ee11-be37-000d3af35f84}" />
      </MissingDependency>
      <MissingDependency>
        <Required type="2" schemaName="modifiedby" displayName="Modified By" parentSchemaName="ovs_customerrequest" parentDisplayName="Customer Request" solution="Active" />
        <Dependent type="60" displayName="Information" parentDisplayName="Customer Request" id="{de0d648e-6a92-4039-bd81-9d10c3a52709}" />
      </MissingDependency>
      <MissingDependency>
        <Required type="2" schemaName="ovs_closeddate" displayName="Closed Date" parentSchemaName="ovs_customerrequest" parentDisplayName="Customer Request" solution="Active" />
        <Dependent type="60" displayName="Parent" parentDisplayName="Customer Request" id="{c03d0dc1-679b-ee11-be37-000d3af35f84}" />
      </MissingDependency>
      <MissingDependency>
        <Required type="2" schemaName="ovs_closeddate" displayName="Closed Date" parentSchemaName="ovs_customerrequest" parentDisplayName="Customer Request" solution="Active" />
        <Dependent type="60" displayName="Information" parentDisplayName="Customer Request" id="{de0d648e-6a92-4039-bd81-9d10c3a52709}" />
      </MissingDependency>
      <MissingDependency>
        <Required type="2" schemaName="ovs_dataaccessrule" displayName="Data Access Rule" parentSchemaName="ovs_customerrequest" parentDisplayName="Customer Request" solution="Active" />
        <Dependent type="60" displayName="Parent" parentDisplayName="Customer Request" id="{c03d0dc1-679b-ee11-be37-000d3af35f84}" />
      </MissingDependency>
      <MissingDependency>
        <Required type="2" schemaName="ovs_dataaccessrule" displayName="Data Access Rule" parentSchemaName="ovs_customerrequest" parentDisplayName="Customer Request" solution="Active" />
        <Dependent type="60" displayName="Information" parentDisplayName="Customer Request" id="{de0d648e-6a92-4039-bd81-9d10c3a52709}" />
      </MissingDependency>
      <MissingDependency>
        <Required type="2" schemaName="ovs_executionresult" displayName="Execution Result" parentSchemaName="ovs_customerrequest" parentDisplayName="Customer Request" solution="Active" />
        <Dependent type="60" displayName="Information" parentDisplayName="Customer Request" id="{de0d648e-6a92-4039-bd81-9d10c3a52709}" />
      </MissingDependency>
      <MissingDependency>
        <Required type="2" schemaName="ovs_name" displayName="Topic" parentSchemaName="ovs_customerrequest" parentDisplayName="Customer Request" solution="Active" />
        <Dependent type="60" displayName="Parent" parentDisplayName="Customer Request" id="{c03d0dc1-679b-ee11-be37-000d3af35f84}" />
      </MissingDependency>
      <MissingDependency>
        <Required type="2" schemaName="ovs_name" displayName="Topic" parentSchemaName="ovs_customerrequest" parentDisplayName="Customer Request" solution="Active" />
        <Dependent type="60" displayName="Information" parentDisplayName="Customer Request" id="{de0d648e-6a92-4039-bd81-9d10c3a52709}" />
      </MissingDependency>
      <MissingDependency>
        <Required type="2" schemaName="ovs_request_id" displayName="Request ID" parentSchemaName="ovs_customerrequest" parentDisplayName="Customer Request" solution="Active" />
        <Dependent type="60" displayName="Parent" parentDisplayName="Customer Request" id="{c03d0dc1-679b-ee11-be37-000d3af35f84}" />
      </MissingDependency>
      <MissingDependency>
        <Required type="2" schemaName="ovs_request_id" displayName="Request ID" parentSchemaName="ovs_customerrequest" parentDisplayName="Customer Request" solution="Active" />
        <Dependent type="60" displayName="Information" parentDisplayName="Customer Request" id="{de0d648e-6a92-4039-bd81-9d10c3a52709}" />
      </MissingDependency>
      <MissingDependency>
        <Required type="2" schemaName="ovs_requestdata" displayName="Request Data" parentSchemaName="ovs_customerrequest" parentDisplayName="Customer Request" solution="Active" />
        <Dependent type="60" displayName="Information" parentDisplayName="Customer Request" id="{de0d648e-6a92-4039-bd81-9d10c3a52709}" />
      </MissingDependency>
      <MissingDependency>
        <Required type="2" schemaName="ovs_sourcerecordid" displayName="Source Record" parentSchemaName="ovs_customerrequest" parentDisplayName="Customer Request" solution="Active" />
        <Dependent type="60" displayName="Parent" parentDisplayName="Customer Request" id="{c03d0dc1-679b-ee11-be37-000d3af35f84}" />
      </MissingDependency>
      <MissingDependency>
        <Required type="2" schemaName="ovs_sourcerecordid" displayName="Source Record" parentSchemaName="ovs_customerrequest" parentDisplayName="Customer Request" solution="Active" />
        <Dependent type="60" displayName="Information" parentDisplayName="Customer Request" id="{de0d648e-6a92-4039-bd81-9d10c3a52709}" />
      </MissingDependency>
      <MissingDependency>
        <Required type="2" schemaName="ovs_violationdescription" displayName="Violation Description" parentSchemaName="ovs_customerrequest" parentDisplayName="Customer Request" solution="Active" />
        <Dependent type="60" displayName="Information" parentDisplayName="Customer Request" id="{de0d648e-6a92-4039-bd81-9d10c3a52709}" />
      </MissingDependency>
      <MissingDependency>
        <Required type="2" schemaName="ownerid" displayName="Owner" parentSchemaName="ovs_customerrequest" parentDisplayName="Customer Request" solution="Active" />
        <Dependent type="60" displayName="Parent" parentDisplayName="Customer Request" id="{c03d0dc1-679b-ee11-be37-000d3af35f84}" />
      </MissingDependency>
      <MissingDependency>
        <Required type="2" schemaName="ownerid" displayName="Owner" parentSchemaName="ovs_customerrequest" parentDisplayName="Customer Request" solution="Active" />
        <Dependent type="60" displayName="Information" parentDisplayName="Customer Request" id="{de0d648e-6a92-4039-bd81-9d10c3a52709}" />
      </MissingDependency>
      <MissingDependency>
        <Required type="2" schemaName="statuscode" displayName="Status Reason" parentSchemaName="ovs_customerrequest" parentDisplayName="Customer Request" solution="Active" />
        <Dependent type="60" displayName="Parent" parentDisplayName="Customer Request" id="{c03d0dc1-679b-ee11-be37-000d3af35f84}" />
      </MissingDependency>
      <MissingDependency>
        <Required type="2" schemaName="statuscode" displayName="Status Reason" parentSchemaName="ovs_customerrequest" parentDisplayName="Customer Request" solution="Active" />
        <Dependent type="60" displayName="Information" parentDisplayName="Customer Request" id="{de0d648e-6a92-4039-bd81-9d10c3a52709}" />
      </MissingDependency>
      <MissingDependency>
        <Required type="2" schemaName="createdon" displayName="Created On" parentSchemaName="ovs_dataaccessrule" parentDisplayName="Data Access Rule" solution="Active" />
        <Dependent type="60" displayName="Information" parentDisplayName="Data Access Rule" id="{c0cdcaf4-9dc5-4e26-a696-5dbeaed91a34}" />
      </MissingDependency>
      <MissingDependency>
        <Required type="2" schemaName="ovs_requestsource" displayName="Request Source" parentSchemaName="ovs_dataaccessrule" parentDisplayName="Data Access Rule" solution="Active" />
        <Dependent type="60" displayName="Data Access Rule quick create form" parentDisplayName="Data Access Rule" id="{020ba740-9625-ee11-9965-0022483d0343}" />
      </MissingDependency>
      <MissingDependency>
        <Required type="2" schemaName="ovs_requestsource" displayName="Request Source" parentSchemaName="ovs_dataaccessrule" parentDisplayName="Data Access Rule" solution="Active" />
        <Dependent type="60" displayName="Data Access Rule" parentDisplayName="Data Access Rule" id="{620400bc-d2b3-ee11-a568-6045bd5e3464}" />
      </MissingDependency>
      <MissingDependency>
        <Required type="2" schemaName="ovs_requestsubtype" displayName="Request Sub-Type" parentSchemaName="ovs_dataaccessrule" parentDisplayName="Data Access Rule" solution="Active" />
        <Dependent type="60" displayName="Data Access Rule quick create form" parentDisplayName="Data Access Rule" id="{020ba740-9625-ee11-9965-0022483d0343}" />
      </MissingDependency>
      <MissingDependency>
        <Required type="2" schemaName="ovs_requestsubtype" displayName="Request Sub-Type" parentSchemaName="ovs_dataaccessrule" parentDisplayName="Data Access Rule" solution="Active" />
        <Dependent type="60" displayName="Data Access Rule" parentDisplayName="Data Access Rule" id="{620400bc-d2b3-ee11-a568-6045bd5e3464}" />
      </MissingDependency>
      <MissingDependency>
        <Required type="2" schemaName="ownerid" displayName="Owner" parentSchemaName="ovs_dataaccessrule" parentDisplayName="Data Access Rule" solution="Active" />
        <Dependent type="60" displayName="Data Access Rule" parentDisplayName="Data Access Rule" id="{620400bc-d2b3-ee11-a568-6045bd5e3464}" />
      </MissingDependency>
      <MissingDependency>
        <Required type="2" schemaName="ownerid" displayName="Owner" parentSchemaName="ovs_dataaccessrule" parentDisplayName="Data Access Rule" solution="Active" />
        <Dependent type="60" displayName="Information" parentDisplayName="Data Access Rule" id="{c0cdcaf4-9dc5-4e26-a696-5dbeaed91a34}" />
      </MissingDependency>
      <MissingDependency>
        <Required type="2" schemaName="statuscode" displayName="Status Reason" parentSchemaName="ovs_dataaccessrule" parentDisplayName="Data Access Rule" solution="Active" />
        <Dependent type="60" displayName="Information" parentDisplayName="Data Access Rule" id="{c0cdcaf4-9dc5-4e26-a696-5dbeaed91a34}" />
      </MissingDependency>
      <MissingDependency>
        <Required type="2" schemaName="createdby" displayName="Created By" parentSchemaName="ovs_registration" parentDisplayName="Registration" solution="Active" />
        <Dependent type="60" displayName="Information" parentDisplayName="Registration" id="{6f918db8-f2be-42fb-af3a-7f42b94a7e79}" />
      </MissingDependency>
      <MissingDependency>
        <Required type="2" schemaName="createdon" displayName="Created On" parentSchemaName="ovs_registration" parentDisplayName="Registration" solution="Active" />
        <Dependent type="60" displayName="Information" parentDisplayName="Registration" id="{6446dcd4-d511-4cf6-ba16-92ccd34c960c}" />
      </MissingDependency>
      <MissingDependency>
        <Required type="2" schemaName="createdon" displayName="Created On" parentSchemaName="ovs_registration" parentDisplayName="Registration" solution="Active" />
        <Dependent type="60" displayName="Information" parentDisplayName="Registration" id="{6f918db8-f2be-42fb-af3a-7f42b94a7e79}" />
      </MissingDependency>
      <MissingDependency>
        <Required type="2" schemaName="modifiedby" displayName="Modified By" parentSchemaName="ovs_registration" parentDisplayName="Registration" solution="Active" />
        <Dependent type="60" displayName="Information" parentDisplayName="Registration" id="{6f918db8-f2be-42fb-af3a-7f42b94a7e79}" />
      </MissingDependency>
      <MissingDependency>
        <Required type="2" schemaName="modifiedon" displayName="Modified On" parentSchemaName="ovs_registration" parentDisplayName="Registration" solution="Active" />
        <Dependent type="60" displayName="Information" parentDisplayName="Registration" id="{6f918db8-f2be-42fb-af3a-7f42b94a7e79}" />
      </MissingDependency>
      <MissingDependency>
        <Required type="2" schemaName="ovs_name" displayName="Name" parentSchemaName="ovs_registration" parentDisplayName="Registration" solution="Active" />
        <Dependent type="60" displayName="Information" parentDisplayName="Registration" id="{6446dcd4-d511-4cf6-ba16-92ccd34c960c}" />
      </MissingDependency>
      <MissingDependency>
        <Required type="2" schemaName="ovs_name" displayName="Name" parentSchemaName="ovs_registration" parentDisplayName="Registration" solution="Active" />
        <Dependent type="60" displayName="Information" parentDisplayName="Registration" id="{6f918db8-f2be-42fb-af3a-7f42b94a7e79}" />
      </MissingDependency>
      <MissingDependency>
        <Required type="2" schemaName="ovs_name" displayName="Name" parentSchemaName="ovs_registration" parentDisplayName="Registration" solution="Active" />
        <Dependent type="60" displayName="Information" parentDisplayName="Registration" id="{9c6f5c44-c089-4c4a-950c-9538d8f372f6}" />
      </MissingDependency>
      <MissingDependency>
        <Required type="2" schemaName="ovs_organization_id" displayName="Organization" parentSchemaName="ovs_registration" parentDisplayName="Registration" solution="Active" />
        <Dependent type="26" schemaName="CRS Registrations View" displayName="CRS Registrations View" parentSchemaName="ovs_registration" parentDisplayName="Registration" id="{40c5ca0d-73d5-ee11-904c-000d3a845779}" />
      </MissingDependency>
      <MissingDependency>
        <Required type="2" schemaName="ovs_organization_id" displayName="Organization" parentSchemaName="ovs_registration" parentDisplayName="Registration" solution="Active" />
        <Dependent type="60" displayName="Information" parentDisplayName="Registration" id="{6f918db8-f2be-42fb-af3a-7f42b94a7e79}" />
      </MissingDependency>
      <MissingDependency>
        <Required type="2" schemaName="ovs_organization_id" displayName="Organization" parentSchemaName="ovs_registration" parentDisplayName="Registration" solution="Active" />
        <Dependent type="60" displayName="Information" parentDisplayName="Registration" id="{9c6f5c44-c089-4c4a-950c-9538d8f372f6}" />
      </MissingDependency>
      <MissingDependency>
        <Required type="2" schemaName="ovs_registration_number_num" displayName="Registration Number" parentSchemaName="ovs_registration" parentDisplayName="Registration" solution="Active" />
        <Dependent type="26" schemaName="CRS Registrations View" displayName="CRS Registrations View" parentSchemaName="ovs_registration" parentDisplayName="Registration" id="{40c5ca0d-73d5-ee11-904c-000d3a845779}" />
      </MissingDependency>
      <MissingDependency>
        <Required type="2" schemaName="ovs_registration_number_num" displayName="Registration Number" parentSchemaName="ovs_registration" parentDisplayName="Registration" solution="Active" />
        <Dependent type="26" schemaName="CRS Submission View" displayName="CRS Submission View" parentSchemaName="ovs_submission" parentDisplayName="Submission" id="{a65f50d4-2ad5-ee11-904d-002248b0ab18}" />
      </MissingDependency>
      <MissingDependency>
        <Required type="2" schemaName="ovs_registration_number_num" displayName="Registration Number" parentSchemaName="ovs_registration" parentDisplayName="Registration" solution="Active" />
        <Dependent type="60" displayName="Information" parentDisplayName="Registration" id="{6f918db8-f2be-42fb-af3a-7f42b94a7e79}" />
      </MissingDependency>
      <MissingDependency>
        <Required type="2" schemaName="ovs_registration_number_num" displayName="Registration Number" parentSchemaName="ovs_registration" parentDisplayName="Registration" solution="Active" />
        <Dependent type="60" displayName="Information" parentDisplayName="Registration" id="{9c6f5c44-c089-4c4a-950c-9538d8f372f6}" />
      </MissingDependency>
      <MissingDependency>
        <Required type="2" schemaName="ovs_registrationid" displayName="Registration" parentSchemaName="ovs_registration" parentDisplayName="Registration" solution="Active" />
        <Dependent type="26" schemaName="CRS Registrations View" displayName="CRS Registrations View" parentSchemaName="ovs_registration" parentDisplayName="Registration" id="{40c5ca0d-73d5-ee11-904c-000d3a845779}" />
      </MissingDependency>
      <MissingDependency>
        <Required type="2" schemaName="ovs_registrationid" displayName="Registration" parentSchemaName="ovs_registration" parentDisplayName="Registration" solution="Active" />
        <Dependent type="26" schemaName="CRS Submission View" displayName="CRS Submission View" parentSchemaName="ovs_submission" parentDisplayName="Submission" id="{a65f50d4-2ad5-ee11-904d-002248b0ab18}" />
      </MissingDependency>
      <MissingDependency>
        <Required type="2" schemaName="ovs_service_id" displayName="Service" parentSchemaName="ovs_registration" parentDisplayName="Registration" solution="Active" />
        <Dependent type="60" displayName="Information" parentDisplayName="Registration" id="{6f918db8-f2be-42fb-af3a-7f42b94a7e79}" />
      </MissingDependency>
      <MissingDependency>
        <Required type="2" schemaName="ovs_service_id" displayName="Service" parentSchemaName="ovs_registration" parentDisplayName="Registration" solution="Active" />
        <Dependent type="60" displayName="Information" parentDisplayName="Registration" id="{9c6f5c44-c089-4c4a-950c-9538d8f372f6}" />
      </MissingDependency>
      <MissingDependency>
        <Required type="2" schemaName="ownerid" displayName="Owner" parentSchemaName="ovs_registration" parentDisplayName="Registration" solution="Active" />
        <Dependent type="60" displayName="Information" parentDisplayName="Registration" id="{6446dcd4-d511-4cf6-ba16-92ccd34c960c}" />
      </MissingDependency>
      <MissingDependency>
        <Required type="2" schemaName="ownerid" displayName="Owner" parentSchemaName="ovs_registration" parentDisplayName="Registration" solution="Active" />
        <Dependent type="60" displayName="Information" parentDisplayName="Registration" id="{6f918db8-f2be-42fb-af3a-7f42b94a7e79}" />
      </MissingDependency>
      <MissingDependency>
        <Required type="2" schemaName="ownerid" displayName="Owner" parentSchemaName="ovs_registration" parentDisplayName="Registration" solution="Active" />
        <Dependent type="60" displayName="Information" parentDisplayName="Registration" id="{9c6f5c44-c089-4c4a-950c-9538d8f372f6}" />
      </MissingDependency>
      <MissingDependency>
        <Required type="2" schemaName="statecode" displayName="Status" parentSchemaName="ovs_registration" parentDisplayName="Registration" solution="Active" />
        <Dependent type="26" schemaName="CRS Registrations View" displayName="CRS Registrations View" parentSchemaName="ovs_registration" parentDisplayName="Registration" id="{40c5ca0d-73d5-ee11-904c-000d3a845779}" />
      </MissingDependency>
      <MissingDependency>
        <Required type="2" schemaName="statecode" displayName="Status" parentSchemaName="ovs_registration" parentDisplayName="Registration" solution="Active" />
        <Dependent type="60" displayName="Information" parentDisplayName="Registration" id="{6f918db8-f2be-42fb-af3a-7f42b94a7e79}" />
      </MissingDependency>
      <MissingDependency>
        <Required type="2" schemaName="statecode" displayName="Status" parentSchemaName="ovs_registration" parentDisplayName="Registration" solution="Active" />
        <Dependent type="60" displayName="Information" parentDisplayName="Registration" id="{9c6f5c44-c089-4c4a-950c-9538d8f372f6}" />
      </MissingDependency>
      <MissingDependency>
        <Required type="2" schemaName="statuscode" displayName="Status Reason" parentSchemaName="ovs_registration" parentDisplayName="Registration" solution="Active" />
        <Dependent type="60" displayName="Information" parentDisplayName="Registration" id="{6446dcd4-d511-4cf6-ba16-92ccd34c960c}" />
      </MissingDependency>
      <MissingDependency>
        <Required type="2" schemaName="statuscode" displayName="Status Reason" parentSchemaName="ovs_registration" parentDisplayName="Registration" solution="Active" />
        <Dependent type="60" displayName="Information" parentDisplayName="Registration" id="{6f918db8-f2be-42fb-af3a-7f42b94a7e79}" />
      </MissingDependency>
      <MissingDependency>
        <Required type="2" schemaName="statuscode" displayName="Status Reason" parentSchemaName="ovs_registration" parentDisplayName="Registration" solution="Active" />
        <Dependent type="60" displayName="Information" parentDisplayName="Registration" id="{9c6f5c44-c089-4c4a-950c-9538d8f372f6}" />
      </MissingDependency>
      <MissingDependency>
        <Required type="2" schemaName="createdby" displayName="Created By" parentSchemaName="ovs_submission" parentDisplayName="Submission" solution="Active" />
        <Dependent type="60" displayName="Information" parentDisplayName="Submission" id="{9d8ef32b-2177-4fde-b7de-0ee1880407f4}" />
      </MissingDependency>
      <MissingDependency>
        <Required type="2" schemaName="createdon" displayName="Created On" parentSchemaName="ovs_submission" parentDisplayName="Submission" solution="Active" />
        <Dependent type="26" schemaName="CRS Submission View" displayName="CRS Submission View" parentSchemaName="ovs_submission" parentDisplayName="Submission" id="{a65f50d4-2ad5-ee11-904d-002248b0ab18}" />
      </MissingDependency>
      <MissingDependency>
        <Required type="2" schemaName="createdon" displayName="Created On" parentSchemaName="ovs_submission" parentDisplayName="Submission" solution="Active" />
        <Dependent type="60" displayName="Information" parentDisplayName="Submission" id="{7f7b4ac1-1aa6-4580-83ee-113fda09462b}" />
      </MissingDependency>
      <MissingDependency>
        <Required type="2" schemaName="createdon" displayName="Created On" parentSchemaName="ovs_submission" parentDisplayName="Submission" solution="Active" />
        <Dependent type="60" displayName="Information" parentDisplayName="Submission" id="{9d8ef32b-2177-4fde-b7de-0ee1880407f4}" />
      </MissingDependency>
      <MissingDependency>
        <Required type="2" schemaName="modifiedby" displayName="Modified By" parentSchemaName="ovs_submission" parentDisplayName="Submission" solution="Active" />
        <Dependent type="60" displayName="Information" parentDisplayName="Submission" id="{9d8ef32b-2177-4fde-b7de-0ee1880407f4}" />
      </MissingDependency>
      <MissingDependency>
        <Required type="2" schemaName="modifiedon" displayName="Modified On" parentSchemaName="ovs_submission" parentDisplayName="Submission" solution="Active" />
        <Dependent type="60" displayName="Information" parentDisplayName="Submission" id="{9d8ef32b-2177-4fde-b7de-0ee1880407f4}" />
      </MissingDependency>
      <MissingDependency>
        <Required type="2" schemaName="ovs_date_decision_dte" displayName="Date Decision" parentSchemaName="ovs_submission" parentDisplayName="Submission" solution="Active" />
        <Dependent type="26" schemaName="CRS Submission View" displayName="CRS Submission View" parentSchemaName="ovs_submission" parentDisplayName="Submission" id="{a65f50d4-2ad5-ee11-904d-002248b0ab18}" />
      </MissingDependency>
      <MissingDependency>
        <Required type="2" schemaName="ovs_date_decision_dte" displayName="Date Decision" parentSchemaName="ovs_submission" parentDisplayName="Submission" solution="Active" />
        <Dependent type="60" displayName="Information" parentDisplayName="Submission" id="{9d8ef32b-2177-4fde-b7de-0ee1880407f4}" />
      </MissingDependency>
      <MissingDependency>
        <Required type="2" schemaName="ovs_date_submit_dte" displayName="Date Submitted" parentSchemaName="ovs_submission" parentDisplayName="Submission" solution="Active" />
        <Dependent type="26" schemaName="CRS Submission View" displayName="CRS Submission View" parentSchemaName="ovs_submission" parentDisplayName="Submission" id="{a65f50d4-2ad5-ee11-904d-002248b0ab18}" />
      </MissingDependency>
      <MissingDependency>
        <Required type="2" schemaName="ovs_date_submit_dte" displayName="Date Submitted" parentSchemaName="ovs_submission" parentDisplayName="Submission" solution="Active" />
        <Dependent type="60" displayName="Information" parentDisplayName="Submission" id="{9d8ef32b-2177-4fde-b7de-0ee1880407f4}" />
      </MissingDependency>
      <MissingDependency>
        <Required type="2" schemaName="ovs_name" displayName="Submission Number" parentSchemaName="ovs_submission" parentDisplayName="Submission" solution="Active" />
        <Dependent type="26" schemaName="CRS Submission View" displayName="CRS Submission View" parentSchemaName="ovs_submission" parentDisplayName="Submission" id="{a65f50d4-2ad5-ee11-904d-002248b0ab18}" />
      </MissingDependency>
      <MissingDependency>
        <Required type="2" schemaName="ovs_name" displayName="Submission Number" parentSchemaName="ovs_submission" parentDisplayName="Submission" solution="Active" />
        <Dependent type="60" displayName="Information" parentDisplayName="Submission" id="{0f04ff3f-6ca1-490f-836e-cc580f2e5947}" />
      </MissingDependency>
      <MissingDependency>
        <Required type="2" schemaName="ovs_name" displayName="Submission Number" parentSchemaName="ovs_submission" parentDisplayName="Submission" solution="Active" />
        <Dependent type="60" displayName="Information" parentDisplayName="Submission" id="{7f7b4ac1-1aa6-4580-83ee-113fda09462b}" />
      </MissingDependency>
      <MissingDependency>
        <Required type="2" schemaName="ovs_registration_id" displayName="Registration" parentSchemaName="ovs_submission" parentDisplayName="Submission" solution="Active" />
        <Dependent type="26" schemaName="CRS Submission View" displayName="CRS Submission View" parentSchemaName="ovs_submission" parentDisplayName="Submission" id="{a65f50d4-2ad5-ee11-904d-002248b0ab18}" />
      </MissingDependency>
      <MissingDependency>
        <Required type="2" schemaName="ovs_registration_id" displayName="Registration" parentSchemaName="ovs_submission" parentDisplayName="Submission" solution="Active" />
        <Dependent type="60" displayName="Information" parentDisplayName="Submission" id="{9d8ef32b-2177-4fde-b7de-0ee1880407f4}" />
      </MissingDependency>
      <MissingDependency>
        <Required type="2" schemaName="ovs_submissionid" displayName="Submission" parentSchemaName="ovs_submission" parentDisplayName="Submission" solution="Active" />
        <Dependent type="26" schemaName="CRS Submission View" displayName="CRS Submission View" parentSchemaName="ovs_submission" parentDisplayName="Submission" id="{a65f50d4-2ad5-ee11-904d-002248b0ab18}" />
      </MissingDependency>
      <MissingDependency>
        <Required type="2" schemaName="ovs_version_number_num" displayName="Version Number" parentSchemaName="ovs_submission" parentDisplayName="Submission" solution="Active" />
        <Dependent type="26" schemaName="CRS Submission View" displayName="CRS Submission View" parentSchemaName="ovs_submission" parentDisplayName="Submission" id="{a65f50d4-2ad5-ee11-904d-002248b0ab18}" />
      </MissingDependency>
      <MissingDependency>
        <Required type="2" schemaName="ovs_version_number_num" displayName="Version Number" parentSchemaName="ovs_submission" parentDisplayName="Submission" solution="Active" />
        <Dependent type="60" displayName="Information" parentDisplayName="Submission" id="{9d8ef32b-2177-4fde-b7de-0ee1880407f4}" />
      </MissingDependency>
      <MissingDependency>
        <Required type="2" schemaName="ownerid" displayName="Owner" parentSchemaName="ovs_submission" parentDisplayName="Submission" solution="Active" />
        <Dependent type="60" displayName="Information" parentDisplayName="Submission" id="{0f04ff3f-6ca1-490f-836e-cc580f2e5947}" />
      </MissingDependency>
      <MissingDependency>
        <Required type="2" schemaName="ownerid" displayName="Owner" parentSchemaName="ovs_submission" parentDisplayName="Submission" solution="Active" />
        <Dependent type="60" displayName="Information" parentDisplayName="Submission" id="{7f7b4ac1-1aa6-4580-83ee-113fda09462b}" />
      </MissingDependency>
      <MissingDependency>
        <Required type="2" schemaName="ownerid" displayName="Owner" parentSchemaName="ovs_submission" parentDisplayName="Submission" solution="Active" />
        <Dependent type="60" displayName="Information" parentDisplayName="Submission" id="{9d8ef32b-2177-4fde-b7de-0ee1880407f4}" />
      </MissingDependency>
      <MissingDependency>
        <Required type="2" schemaName="statecode" displayName="Status" parentSchemaName="ovs_submission" parentDisplayName="Submission" solution="Active" />
        <Dependent type="26" schemaName="CRS Submission View" displayName="CRS Submission View" parentSchemaName="ovs_submission" parentDisplayName="Submission" id="{a65f50d4-2ad5-ee11-904d-002248b0ab18}" />
      </MissingDependency>
      <MissingDependency>
        <Required type="2" schemaName="statecode" displayName="Status" parentSchemaName="ovs_submission" parentDisplayName="Submission" solution="Active" />
        <Dependent type="60" displayName="Information" parentDisplayName="Submission" id="{9d8ef32b-2177-4fde-b7de-0ee1880407f4}" />
      </MissingDependency>
      <MissingDependency>
        <Required type="2" schemaName="statuscode" displayName="Status Reason" parentSchemaName="ovs_submission" parentDisplayName="Submission" solution="Active" />
        <Dependent type="26" schemaName="CRS Submission View" displayName="CRS Submission View" parentSchemaName="ovs_submission" parentDisplayName="Submission" id="{a65f50d4-2ad5-ee11-904d-002248b0ab18}" />
      </MissingDependency>
      <MissingDependency>
        <Required type="2" schemaName="statuscode" displayName="Status Reason" parentSchemaName="ovs_submission" parentDisplayName="Submission" solution="Active" />
        <Dependent type="60" displayName="Information" parentDisplayName="Submission" id="{7f7b4ac1-1aa6-4580-83ee-113fda09462b}" />
      </MissingDependency>
      <MissingDependency>
        <Required type="2" schemaName="statuscode" displayName="Status Reason" parentSchemaName="ovs_submission" parentDisplayName="Submission" solution="Active" />
        <Dependent type="60" displayName="Information" parentDisplayName="Submission" id="{9d8ef32b-2177-4fde-b7de-0ee1880407f4}" />
      </MissingDependency>
      <MissingDependency>
        <Required type="20" displayName="Stakeholder Management User" solution="Active" id="{682094a5-178a-ee11-8179-000d3af35f84}" />
        <Dependent type="80" schemaName="ovs_Core2Test" displayName="CRS" />
      </MissingDependency>
      <MissingDependency>
        <Required type="26" schemaName="Contacts" displayName="Contacts" parentSchemaName="contact" parentDisplayName="Contact" solution="Active" id="{0cbd6d95-e898-ed11-aad0-0022483e130e}" />
        <Dependent type="60" displayName="Information" parentDisplayName="Customer Request" id="{de0d648e-6a92-4039-bd81-9d10c3a52709}" />
      </MissingDependency>
      <MissingDependency>
        <Required type="26" schemaName="Registration Advanced Find View" displayName="Registration Advanced Find View" parentSchemaName="ovs_registration" parentDisplayName="Registration" solution="Active" id="{155107d2-bcab-4d94-a8e3-04ecf9755ee6}" />
        <Dependent type="80" schemaName="ovs_Core2Test" displayName="CRS" />
      </MissingDependency>
      <MissingDependency>
        <Required type="26" schemaName="Submission Associated View" displayName="Submission Associated View" parentSchemaName="ovs_submission" parentDisplayName="Submission" solution="Active" id="{164929fb-3579-4b25-ae92-5a37761f34e6}" />
        <Dependent type="80" schemaName="ovs_Core2Test" displayName="CRS" />
      </MissingDependency>
      <MissingDependency>
        <Required type="26" schemaName="Related Customer Requests" displayName="Related Customer Requests" parentSchemaName="ovs_customerrequest" parentDisplayName="Customer Request" solution="Active" id="{27b9d1e5-689b-ee11-be37-000d3af32759}" />
        <Dependent type="60" displayName="Parent" parentDisplayName="Customer Request" id="{c03d0dc1-679b-ee11-be37-000d3af35f84}" />
      </MissingDependency>
      <MissingDependency>
        <Required type="26" schemaName="Customer Request Advanced Find View" displayName="Customer Request Advanced Find View" parentSchemaName="ovs_customerrequest" parentDisplayName="Customer Request" solution="Active" id="{29c7459a-c234-4133-b92a-0f20574a8f4f}" />
        <Dependent type="80" schemaName="ovs_Core2Test" displayName="CRS" />
      </MissingDependency>
      <MissingDependency>
        <Required type="26" schemaName="All Submissions" displayName="All Submissions" parentSchemaName="ovs_submission" parentDisplayName="Submission" solution="Active" id="{30ff025e-03b7-ee11-a569-0022483cc59f}" />
        <Dependent type="60" displayName="Information" parentDisplayName="Registration" id="{6f918db8-f2be-42fb-af3a-7f42b94a7e79}" />
      </MissingDependency>
      <MissingDependency>
        <Required type="26" schemaName="Active Criteria" displayName="Active Criteria" parentSchemaName="ovs_criteria" parentDisplayName="Criteria" solution="Active" id="{3b0ef353-de02-407a-b135-ac9669fbc617}" />
        <Dependent type="60" displayName="Data Access Rule" parentDisplayName="Data Access Rule" id="{620400bc-d2b3-ee11-a568-6045bd5e3464}" />
      </MissingDependency>
      <MissingDependency>
        <Required type="26" schemaName="Quick Find Active Registrations" displayName="Quick Find Active Registrations" parentSchemaName="ovs_registration" parentDisplayName="Registration" solution="Active" id="{439b99d0-7cd4-46e3-880d-ea3d38dbe556}" />
        <Dependent type="80" schemaName="ovs_Core2Test" displayName="CRS" />
      </MissingDependency>
      <MissingDependency>
        <Required type="26" schemaName="Submission Lookup View" displayName="Submission Lookup View" parentSchemaName="ovs_submission" parentDisplayName="Submission" solution="Active" id="{4fd66384-ecb0-443e-b7aa-2bf32f2d2bfd}" />
        <Dependent type="80" schemaName="ovs_Core2Test" displayName="CRS" />
      </MissingDependency>
      <MissingDependency>
        <Required type="26" schemaName="Submission Advanced Find View" displayName="Submission Advanced Find View" parentSchemaName="ovs_submission" parentDisplayName="Submission" solution="Active" id="{6c72946c-75d0-486e-b3cb-e81e31a17714}" />
        <Dependent type="80" schemaName="ovs_Core2Test" displayName="CRS" />
      </MissingDependency>
      <MissingDependency>
        <Required type="26" schemaName="Registration Associated View" displayName="Registration Associated View" parentSchemaName="ovs_registration" parentDisplayName="Registration" solution="Active" id="{74eeb80a-3bdb-4fc5-a900-0731d1afde9e}" />
        <Dependent type="80" schemaName="ovs_Core2Test" displayName="CRS" />
      </MissingDependency>
      <MissingDependency>
        <Required type="26" schemaName="TDG Core Sites" displayName="TDG Core Sites" parentSchemaName="account" parentDisplayName="Account" solution="Active" id="{7fa4b59f-485d-ee11-8df0-0022483d0c87}" />
        <Dependent type="80" schemaName="ovs_Core2Test" displayName="CRS" />
      </MissingDependency>
      <MissingDependency>
        <Required type="26" schemaName="TDG Core Connected contacts" displayName="TDG Core Connected contacts" parentSchemaName="connection" parentDisplayName="Connection" solution="Active" id="{7fd3af12-625d-ee11-8df0-0022483e130e}" />
        <Dependent type="80" schemaName="ovs_Core2Test" displayName="CRS" />
      </MissingDependency>
      <MissingDependency>
        <Required type="26" schemaName="CRS Registration Contacts" displayName="CRS Registration Contacts" parentSchemaName="ovs_registration_contact" parentDisplayName="Registration Contact" solution="Active" id="{80247f31-1da3-45b3-9445-77f4237f6e95}" />
        <Dependent type="60" displayName="Information" parentDisplayName="Registration" id="{6f918db8-f2be-42fb-af3a-7f42b94a7e79}" />
      </MissingDependency>
      <MissingDependency>
        <Required type="26" schemaName="Parent Requests" displayName="Parent Requests" parentSchemaName="ovs_customerrequest" parentDisplayName="Customer Request" solution="Active" id="{810fc514-32ba-ee11-9079-6045bd60d62a}" />
        <Dependent type="80" schemaName="ovs_Core2Test" displayName="CRS" />
      </MissingDependency>
      <MissingDependency>
        <Required type="26" schemaName="Active Customer Requests" displayName="Active Customer Requests" parentSchemaName="ovs_customerrequest" parentDisplayName="Customer Request" solution="Active" id="{81ae12f9-fb64-4efb-866c-9e9c7303934a}" />
        <Dependent type="60" displayName="Parent" parentDisplayName="Customer Request" id="{c03d0dc1-679b-ee11-be37-000d3af35f84}" />
      </MissingDependency>
      <MissingDependency>
        <Required type="26" schemaName="Active Customer Requests" displayName="Active Customer Requests" parentSchemaName="ovs_customerrequest" parentDisplayName="Customer Request" solution="Active" id="{81ae12f9-fb64-4efb-866c-9e9c7303934a}" />
        <Dependent type="80" schemaName="ovs_Core2Test" displayName="CRS" />
      </MissingDependency>
      <MissingDependency>
        <Required type="26" schemaName="Customer Request Lookup View" displayName="Customer Request Lookup View" parentSchemaName="ovs_customerrequest" parentDisplayName="Customer Request" solution="Active" id="{864a5d16-29d1-40b9-bf2c-8ce03bad574c}" />
        <Dependent type="80" schemaName="ovs_Core2Test" displayName="CRS" />
      </MissingDependency>
      <MissingDependency>
        <Required type="26" schemaName="Customer Requests" displayName="Customer Requests" parentSchemaName="ovs_customerrequest" parentDisplayName="Customer Request" solution="Active" id="{8a9be4cc-655d-ee11-8df0-0022483e130e}" />
        <Dependent type="80" schemaName="ovs_Core2Test" displayName="CRS" />
      </MissingDependency>
      <MissingDependency>
        <Required type="26" schemaName="Registration Submissions" displayName="Registration Submissions" parentSchemaName="ovs_submission" parentDisplayName="Submission" solution="Active" id="{8f8f46f2-03b7-ee11-a568-6045bd5e3464}" />
        <Dependent type="60" displayName="Information" parentDisplayName="Registration" id="{6f918db8-f2be-42fb-af3a-7f42b94a7e79}" />
      </MissingDependency>
      <MissingDependency>
        <Required type="26" schemaName="Registration Lookup View" displayName="Registration Lookup View" parentSchemaName="ovs_registration" parentDisplayName="Registration" solution="Active" id="{9955ee3b-c6e2-4531-8227-f8b88e81220c}" />
        <Dependent type="80" schemaName="ovs_Core2Test" displayName="CRS" />
      </MissingDependency>
      <MissingDependency>
        <Required type="26" schemaName="Account Duplicated per Customer request" displayName="Account Duplicated per Customer request" parentSchemaName="account" parentDisplayName="Account" solution="Active" id="{9b760bd0-0437-ee11-bdf4-0022483d0343}" />
        <Dependent type="60" displayName="Information" parentDisplayName="Customer Request" id="{de0d648e-6a92-4039-bd81-9d10c3a52709}" />
      </MissingDependency>
      <MissingDependency>
        <Required type="26" schemaName="Account Duplicated per Customer request" displayName="Account Duplicated per Customer request" parentSchemaName="account" parentDisplayName="Account" solution="Active" id="{9b760bd0-0437-ee11-bdf4-0022483d0343}" />
        <Dependent type="80" schemaName="ovs_Core2Test" displayName="CRS" />
      </MissingDependency>
      <MissingDependency>
        <Required type="26" schemaName="TDG Core Organizations" displayName="TDG Core Organizations" parentSchemaName="account" parentDisplayName="Account" solution="Active" id="{a5a9b46c-475d-ee11-8df0-0022483e130e}" />
        <Dependent type="80" schemaName="ovs_Core2Test" displayName="CRS" />
      </MissingDependency>
      <MissingDependency>
        <Required type="26" schemaName="Active Submissions" displayName="Active Submissions" parentSchemaName="ovs_submission" parentDisplayName="Submission" solution="Active" id="{a76957ba-f159-48a0-8531-ee12ad18d937}" />
        <Dependent type="60" displayName="Information" parentDisplayName="Registration" id="{6f918db8-f2be-42fb-af3a-7f42b94a7e79}" />
      </MissingDependency>
      <MissingDependency>
        <Required type="26" schemaName="Quick Find Active Submissions" displayName="Quick Find Active Submissions" parentSchemaName="ovs_submission" parentDisplayName="Submission" solution="Active" id="{b5a7b139-70f0-41a1-a27f-8560642f4cb6}" />
        <Dependent type="80" schemaName="ovs_Core2Test" displayName="CRS" />
      </MissingDependency>
      <MissingDependency>
        <Required type="26" schemaName="Inactive Customer Requests" displayName="Inactive Customer Requests" parentSchemaName="ovs_customerrequest" parentDisplayName="Customer Request" solution="Active" id="{db12fdac-8821-4bc9-9b5f-11e2487d3828}" />
        <Dependent type="80" schemaName="ovs_Core2Test" displayName="CRS" />
      </MissingDependency>
      <MissingDependency>
        <Required type="26" schemaName="Contacts Public View - TC" displayName="Contacts Public View - TC" parentSchemaName="contact" parentDisplayName="Contact" solution="Active" id="{e6cd19fd-2d03-eb11-a813-000d3af3a7a7}" />
        <Dependent type="80" schemaName="ovs_Core2Test" displayName="CRS" />
      </MissingDependency>
      <MissingDependency>
        <Required type="26" schemaName="Customer Request Associated View" displayName="Customer Request Associated View" parentSchemaName="ovs_customerrequest" parentDisplayName="Customer Request" solution="Active" id="{eba0ac1c-eca6-451f-9e43-4dff2c43d2c8}" />
        <Dependent type="80" schemaName="ovs_Core2Test" displayName="CRS" />
      </MissingDependency>
      <MissingDependency>
        <Required type="60" displayName="CRS Registration Contact" parentDisplayName="Registration Contact" solution="Active" id="{01878e57-47cf-ee11-904d-002248b0ab18}" />
        <Dependent type="80" schemaName="ovs_Core2Test" displayName="CRS" />
      </MissingDependency>
      <MissingDependency>
        <Required type="60" displayName="Invitation form" parentDisplayName="Invitation" solution="Active" id="{199b6e86-34ae-ee11-a568-6045bd5e3464}" />
        <Dependent type="80" schemaName="ovs_Core2Test" displayName="CRS" />
      </MissingDependency>
      <MissingDependency>
        <Required type="60" displayName="Information" parentDisplayName="Registration Contact" solution="Active" id="{45e7333b-919e-4cb2-b633-dc431bfcd469}" />
        <Dependent type="80" schemaName="ovs_Core2Test" displayName="CRS" />
      </MissingDependency>
      <MissingDependency>
        <Required type="60" displayName="TDG Contact Core2" parentDisplayName="Contact" solution="Active" id="{4b062092-0e62-ee11-8df0-0022483d0343}" />
        <Dependent type="80" schemaName="ovs_Core2Test" displayName="CRS" />
      </MissingDependency>
      <MissingDependency>
        <Required type="60" displayName="CRS - Manufacturer Quick View" parentDisplayName="Account" solution="Active" id="{7d97c7da-85c3-ee11-9079-6045bd60dfd7}" />
        <Dependent type="60" displayName="Information" parentDisplayName="Registration" id="{6f918db8-f2be-42fb-af3a-7f42b94a7e79}" />
      </MissingDependency>
      <MissingDependency>
        <Required type="60" displayName="Information" parentDisplayName="Data Access Rule" solution="Active" id="{821c924c-1306-46f8-8087-77457a98d765}" />
        <Dependent type="60" displayName="Information" parentDisplayName="Customer Request" id="{de0d648e-6a92-4039-bd81-9d10c3a52709}" />
      </MissingDependency>
      <MissingDependency>
        <Required type="60" displayName="CRS Organization" parentDisplayName="Account" solution="Active" id="{913bf6bd-a463-ee11-8df0-0022483d0343}" />
        <Dependent type="80" schemaName="ovs_Core2Test" displayName="CRS" />
      </MissingDependency>
      <MissingDependency>
        <Required type="60" displayName="CRS Site Profile" parentDisplayName="Account" solution="Active" id="{a337ae25-a663-ee11-8df0-0022483d0343}" />
        <Dependent type="80" schemaName="ovs_Core2Test" displayName="CRS" />
      </MissingDependency>
      <MissingDependency>
        <Required type="60" displayName="Information" parentDisplayName="Invitation" solution="Active" id="{c29522e7-6f88-4e01-94fc-52afb598ffb6}" />
        <Dependent type="80" schemaName="ovs_Core2Test" displayName="CRS" />
      </MissingDependency>
      <MissingDependency>
        <Required type="60" displayName="Default Contact Dashboard - TC" parentDisplayName="Contact" solution="Active" id="{e631a301-3f03-eb11-a813-000d3af3a7a7}" />
        <Dependent type="80" schemaName="ovs_Core2Test" displayName="CRS" />
      </MissingDependency>
      <MissingDependency>
        <Required type="61" schemaName="msdyn_/Images/AppModule_Default_Icon.png" displayName="msdyn_/Images/AppModule_Default_Icon.png" solution="AppModuleWebResources (2.5)" />
        <Dependent type="80" schemaName="ovs_Core2Test" displayName="CRS" />
      </MissingDependency>
      <MissingDependency>
        <Required type="61" schemaName="ovs_CustomerRequest_main.js" displayName="ovs_CustomerRequest_main.js" solution="Active" />
        <Dependent type="60" displayName="Parent" parentDisplayName="Customer Request" id="{c03d0dc1-679b-ee11-be37-000d3af35f84}" />
      </MissingDependency>
      <MissingDependency>
        <Required type="61" schemaName="ovs_CustomerRequest_main.js" displayName="ovs_CustomerRequest_main.js" solution="Active" />
        <Dependent type="60" displayName="Information" parentDisplayName="Customer Request" id="{de0d648e-6a92-4039-bd81-9d10c3a52709}" />
      </MissingDependency>
      <MissingDependency>
        <Required type="61" schemaName="ovs_icon_registrations" displayName="ovs_icon_registrations" solution="Active" />
        <Dependent type="1" schemaName="ovs_registration" displayName="Registration" />
      </MissingDependency>
      <MissingDependency>
        <Required type="61" schemaName="ovs_icon_submissions" displayName="ovs_icon_submissions" solution="Active" />
        <Dependent type="1" schemaName="ovs_submission" displayName="Submission" />
      </MissingDependency>
      <MissingDependency>
        <Required type="61" schemaName="qm_globalHelper.js" displayName="qm_globalHelper.js" solution="Active" />
        <Dependent type="60" displayName="Parent" parentDisplayName="Customer Request" id="{c03d0dc1-679b-ee11-be37-000d3af35f84}" />
      </MissingDependency>
      <MissingDependency>
        <Required type="61" schemaName="qm_globalHelper.js" displayName="qm_globalHelper.js" solution="Active" />
        <Dependent type="60" displayName="Information" parentDisplayName="Customer Request" id="{de0d648e-6a92-4039-bd81-9d10c3a52709}" />
      </MissingDependency>
      <MissingDependency>
        <Required type="62" schemaName="ovs_Core2Test" solution="Active" />
        <Dependent type="80" schemaName="ovs_Core2Test" displayName="CRS" />
      </MissingDependency>
      <MissingDependency>
        <Required type="9" schemaName="ovs_address_type" displayName="Address Type" solution="Active" />
        <Dependent type="2" schemaName="ovs_adressvalidation" displayName="Adress Validation" parentSchemaName="ovs_dataaccessrule" parentDisplayName="Data Access Rule" />
      </MissingDependency>
      <MissingDependency>
        <Required type="9" schemaName="ovs_customerrequesttype" displayName="Customer Request Type" solution="Active" />
        <Dependent type="2" schemaName="ovs_requesttype" displayName="Request Type" parentSchemaName="ovs_dataaccessrule" parentDisplayName="Data Access Rule" />
      </MissingDependency>
      <MissingDependency>
        <Required type="9" schemaName="ovs_filtertype" displayName="Filter Type" solution="Active" />
        <Dependent type="2" schemaName="ovs_filtertype" displayName="Filter Type" parentSchemaName="ovs_dataaccessrule" parentDisplayName="Data Access Rule" />
      </MissingDependency>
      <MissingDependency>
        <Required type="9" schemaName="ovs_projectsource" displayName="Project Source" solution="Active" />
        <Dependent type="2" schemaName="ovs_application" displayName="Application" parentSchemaName="ovs_dataaccessrule" parentDisplayName="Data Access Rule" />
      </MissingDependency>
    </MissingDependencies>
  </SolutionManifest>
</ImportExportXml>