<ImportExportXml xmlns:xsi="http://www.w3.org/2001/XMLSchema-instance">
  <Entities>
    <Entity>
      <Name LocalizedName="Enforcement Action" OriginalName="Enforcement Action">ovs_CYAction</Name>
      <EntityInfo>
        <entity Name="ovs_CYAction">
          <LocalizedNames>
            <LocalizedName description="Enforcement Action" languagecode="1033" />
            <LocalizedName description="Mesure d’application de la loi" languagecode="1036" />
          </LocalizedNames>
          <LocalizedCollectionNames>
            <LocalizedCollectionName description="Enforcement Actions" languagecode="1033" />
            <LocalizedCollectionName description="Mesures d’application de la loi" languagecode="1036" />
          </LocalizedCollectionNames>
          <Descriptions>
            <Description description="" languagecode="1033" />
            <Description description="" languagecode="1036" />
          </Descriptions>
          <attributes>
            <attribute PhysicalName="StatusCode">
              <Type>status</Type>
              <Name>statuscode</Name>
              <LogicalName>statuscode</LogicalName>
              <RequiredLevel>none</RequiredLevel>
              <DisplayMask>ValidForAdvancedFind|ValidForForm|ValidForGrid</DisplayMask>
              <ImeMode>auto</ImeMode>
              <ValidForUpdateApi>1</ValidForUpdateApi>
              <ValidForReadApi>1</ValidForReadApi>
              <ValidForCreateApi>1</ValidForCreateApi>
              <IsCustomField>0</IsCustomField>
              <IsAuditEnabled>1</IsAuditEnabled>
              <IsSecured>0</IsSecured>
              <IntroducedVersion>5.0.0.0</IntroducedVersion>
              <IsCustomizable>1</IsCustomizable>
              <IsRenameable>1</IsRenameable>
              <CanModifySearchSettings>1</CanModifySearchSettings>
              <CanModifyRequirementLevelSettings>1</CanModifyRequirementLevelSettings>
              <CanModifyAdditionalSettings>1</CanModifyAdditionalSettings>
              <SourceType>0</SourceType>
              <IsGlobalFilterEnabled>0</IsGlobalFilterEnabled>
              <IsSortableEnabled>0</IsSortableEnabled>
              <CanModifyGlobalFilterSettings>1</CanModifyGlobalFilterSettings>
              <CanModifyIsSortableSettings>1</CanModifyIsSortableSettings>
              <IsDataSourceSecret>0</IsDataSourceSecret>
              <AutoNumberFormat></AutoNumberFormat>
              <IsSearchable>0</IsSearchable>
              <IsFilterable>0</IsFilterable>
              <IsRetrievable>0</IsRetrievable>
              <IsLocalizable>0</IsLocalizable>
              <optionset Name="ovs_cyaction_statuscode">
                <OptionSetType>status</OptionSetType>
                <IntroducedVersion>1.115.0.0</IntroducedVersion>
                <IsCustomizable>1</IsCustomizable>
                <displaynames>
                  <displayname description="Status Reason" languagecode="1033" />
                  <displayname description="Raison du statut" languagecode="1036" />
                </displaynames>
                <Descriptions>
                  <Description description="Reason for the status of the activity." languagecode="1033" />
                  <Description description="Raison du statut de l'activité." languagecode="1036" />
                </Descriptions>
                <statuses>
                  <status value="1" state="0" TransitionData="" Color="#0000ff">
                    <labels>
                      <label description="Draft" languagecode="1033" />
                      <label description="Brouillon" languagecode="1036" />
                    </labels>
                  </status>
                  <status value="2" state="1" TransitionData="" Color="#0000ff">
                    <labels>
                      <label description="Closed" languagecode="1033" />
                      <label description="Fermé" languagecode="1036" />
                    </labels>
                  </status>
                  <status value="918640014" state="1" TransitionData="" Color="#0000ff">
                    <labels>
                      <label description="Cancelled" languagecode="1033" />
                      <label description="Annulé" languagecode="1036" />
                    </labels>
                  </status>
                  <status value="918640011" state="1" TransitionData="" Color="#0000ff">
                    <labels>
                      <label description="Closed - Duplicate" languagecode="1033" />
                      <label description="Déactiver - Doublon" languagecode="1036" />
                    </labels>
                  </status>
                  <status value="918640000" state="1" TransitionData="" Color="#0000ff">
                    <labels>
                      <label description="Confirmation Received - On Time" languagecode="1033" />
                      <label description="Confirmation reçue - À temps" languagecode="1036" />
                    </labels>
                  </status>
                  <status value="918640001" state="1" TransitionData="" Color="#0000ff">
                    <labels>
                      <label description="Confirmation Received - Late" languagecode="1033" />
                      <label description="Confirmation reçue - En retard" languagecode="1036" />
                    </labels>
                  </status>
                  <status value="918640002" state="1" TransitionData="" Color="#0000ff">
                    <labels>
                      <label description="Expired / Overdue" languagecode="1033" />
                      <label description="Expiré / En retard" languagecode="1036" />
                    </labels>
                  </status>
                  <status value="918640003" state="1" TransitionData="" Color="#0000ff">
                    <labels>
                      <label description="Alternative Measures Taken" languagecode="1033" />
                      <label description="Mesures alternatives prises" languagecode="1036" />
                    </labels>
                  </status>
                  <status value="918640004" state="1" TransitionData="" Color="#0000ff">
                    <labels>
                      <label description="Unresolved" languagecode="1033" />
                      <label description="Non résolu" languagecode="1036" />
                    </labels>
                  </status>
                  <status value="918640005" state="1" TransitionData="" Color="#0000ff">
                    <labels>
                      <label description="Escalated" languagecode="1033" />
                      <label description="Renforcement des mesures" languagecode="1036" />
                    </labels>
                  </status>
                  <status value="918640013" state="1" TransitionData="" Color="#0000ff">
                    <labels>
                      <label description="Revoked" languagecode="1033" />
                      <label description="Mainlevée" languagecode="1036" />
                    </labels>
                  </status>
                  <status value="918640006" state="1" TransitionData="" Color="#0000ff">
                    <labels>
                      <label description="Conclusion of Case Report Completed" languagecode="1033" />
                      <label description="Conclusion du rapport de cas terminée" languagecode="1036" />
                    </labels>
                  </status>
                  <status value="918640007" state="1" TransitionData="" Color="#0000ff">
                    <labels>
                      <label description="Investigation Declined - Insufficient Evidence" languagecode="1033" />
                      <label description="Enquête refusée - Preuves insuffisantes" languagecode="1036" />
                    </labels>
                  </status>
                  <status value="918640010" state="1" TransitionData="" Color="#0000ff">
                    <labels>
                      <label description="Investigation Declined - Not in Public Interest" languagecode="1033" />
                      <label description="Enquête refusée - Non dans l'intérêt public" languagecode="1036" />
                    </labels>
                  </status>
                  <status value="3" state="2" TransitionData="" Color="#0000ff">
                    <labels>
                      <label description="Canceled" languagecode="1033" />
                      <label description="Annulé" languagecode="1036" />
                    </labels>
                  </status>
                  <status value="4" state="3" TransitionData="" Color="#0000ff">
                    <labels>
                      <label description="Active" languagecode="1033" />
                      <label description="Actif" languagecode="1036" />
                    </labels>
                  </status>
                  <status value="918640008" state="3" TransitionData="" Color="#0000ff">
                    <labels>
                      <label description="Recommendation for Prosecution Completed" languagecode="1033" />
                      <label description="Recommandation pour poursuites complétée" languagecode="1036" />
                    </labels>
                  </status>
                  <status value="918640009" state="3" TransitionData="" Color="#0000ff">
                    <labels>
                      <label description="Investigation In Progress" languagecode="1033" />
                      <label description="Enquête en cours" languagecode="1036" />
                    </labels>
                  </status>
                </statuses>
              </optionset>
              <displaynames>
                <displayname description="Status Reason" languagecode="1033" />
                <displayname description="Raison du statut" languagecode="1036" />
              </displaynames>
              <Descriptions>
                <Description description="Reason for the status of the activity." languagecode="1033" />
                <Description description="Raison du statut de l'activité." languagecode="1036" />
              </Descriptions>
            </attribute>
          </attributes>
          <EntitySetName>ovs_cyactions</EntitySetName>
          <IsDuplicateCheckSupported>0</IsDuplicateCheckSupported>
          <IsBusinessProcessEnabled>1</IsBusinessProcessEnabled>
          <IsRequiredOffline>0</IsRequiredOffline>
          <IsInteractionCentricEnabled>0</IsInteractionCentricEnabled>
          <IsCollaboration>1</IsCollaboration>
          <AutoRouteToOwnerQueue>0</AutoRouteToOwnerQueue>
          <IsConnectionsEnabled>1</IsConnectionsEnabled>
          <EntityColor></EntityColor>
          <IsDocumentManagementEnabled>0</IsDocumentManagementEnabled>
          <AutoCreateAccessTeams>0</AutoCreateAccessTeams>
          <IsOneNoteIntegrationEnabled>0</IsOneNoteIntegrationEnabled>
          <IsKnowledgeManagementEnabled>0</IsKnowledgeManagementEnabled>
          <IsSLAEnabled>0</IsSLAEnabled>
          <IsDocumentRecommendationsEnabled>0</IsDocumentRecommendationsEnabled>
          <IsBPFEntity>0</IsBPFEntity>
          <OwnershipTypeMask>UserOwned</OwnershipTypeMask>
          <IsAuditEnabled>0</IsAuditEnabled>
          <IsRetrieveAuditEnabled>0</IsRetrieveAuditEnabled>
          <IsRetrieveMultipleAuditEnabled>0</IsRetrieveMultipleAuditEnabled>
          <IsActivity>1</IsActivity>
          <ActivityTypeMask>CommunicationActivity</ActivityTypeMask>
          <IsActivityParty>0</IsActivityParty>
          <IsReplicated>1</IsReplicated>
          <IsReplicationUserFiltered>1</IsReplicationUserFiltered>
          <IsMailMergeEnabled>0</IsMailMergeEnabled>
          <IsVisibleInMobile>0</IsVisibleInMobile>
          <IsVisibleInMobileClient>1</IsVisibleInMobileClient>
          <IsReadOnlyInMobileClient>0</IsReadOnlyInMobileClient>
          <IsOfflineInMobileClient>1</IsOfflineInMobileClient>
          <DaysSinceRecordLastModified>0</DaysSinceRecordLastModified>
          <MobileOfflineFilters></MobileOfflineFilters>
          <IsMapiGridEnabled>1</IsMapiGridEnabled>
          <IsReadingPaneEnabled>1</IsReadingPaneEnabled>
          <IsQuickCreateEnabled>1</IsQuickCreateEnabled>
          <SyncToExternalSearchIndex>0</SyncToExternalSearchIndex>
          <IntroducedVersion>5.0.0.0</IntroducedVersion>
          <IsCustomizable>1</IsCustomizable>
          <IsRenameable>1</IsRenameable>
          <IsMappable>1</IsMappable>
          <CanModifyAuditSettings>1</CanModifyAuditSettings>
          <CanModifyMobileVisibility>1</CanModifyMobileVisibility>
          <CanModifyMobileClientVisibility>1</CanModifyMobileClientVisibility>
          <CanModifyMobileClientReadOnly>1</CanModifyMobileClientReadOnly>
          <CanModifyMobileClientOffline>1</CanModifyMobileClientOffline>
          <CanModifyConnectionSettings>1</CanModifyConnectionSettings>
          <CanModifyDuplicateDetectionSettings>1</CanModifyDuplicateDetectionSettings>
          <CanModifyMailMergeSettings>1</CanModifyMailMergeSettings>
          <CanModifyQueueSettings>1</CanModifyQueueSettings>
          <CanCreateAttributes>1</CanCreateAttributes>
          <CanCreateForms>1</CanCreateForms>
          <CanCreateCharts>1</CanCreateCharts>
          <CanCreateViews>1</CanCreateViews>
          <CanModifyAdditionalSettings>1</CanModifyAdditionalSettings>
          <CanEnableSyncToExternalSearchIndex>1</CanEnableSyncToExternalSearchIndex>
          <EnforceStateTransitions>0</EnforceStateTransitions>
          <CanChangeHierarchicalRelationship>1</CanChangeHierarchicalRelationship>
          <EntityHelpUrlEnabled>0</EntityHelpUrlEnabled>
          <ChangeTrackingEnabled>1</ChangeTrackingEnabled>
          <CanChangeTrackingBeEnabled>1</CanChangeTrackingBeEnabled>
          <IsEnabledForExternalChannels>0</IsEnabledForExternalChannels>
          <IsMSTeamsIntegrationEnabled>0</IsMSTeamsIntegrationEnabled>
          <IsSolutionAware>0</IsSolutionAware>
          <HasRelatedNotes>True</HasRelatedNotes>
          <HasRelatedFeedback>True</HasRelatedFeedback>
        </entity>
      </EntityInfo>
      <RibbonDiffXml>
        <CustomActions>
          <CustomAction Id="ovs.Form.ovs_cyaction.Delete.CustomAction" Location="Mscrm.Form.ovs_cyaction.MainTab.ModernClient.Controls._children" Sequence="0">
            <CommandUIDefinition>
              <Button Alt="$Resources:Ribbon.HomepageGrid.MainTab.Management.Delete" Command="ovs.Form.ovs_cyaction.Delete" Id="ovs.Form.ovs_cyaction.Delete" Image32by32="/_imgs/Workplace/remove_32.png" Image16by16="/_imgs/ribbon/Delete_16.png" LabelText="$Resources:Ribbon.HomepageGrid.MainTab.Management.Delete" Sequence="0" ToolTipTitle="$Resources:Mscrm_Form_Other_MainTab_Management_Delete_ToolTipTitle" ToolTipDescription="$Resources(EntityDisplayName):Ribbon.Form.Tooltip.Delete" ModernImage="Remove" />
            </CommandUIDefinition>
          </CustomAction>
          <CustomAction Id="ovs.Mscrm.Form.ovs_cyaction.Activate.CustomAction" Location="Mscrm.Form.ovs_cyaction.MainTab.Save.Controls._children" Sequence="50">
            <CommandUIDefinition>
              <Button Alt="$Resources:Ribbon.HomepageGrid.account.Record.Status.Activate" Command="Mscrm.Form.Activate" Id="Mscrm.Form.ovs_cyaction.Activate" Image32by32="/_imgs/ribbon/Activate_32.png" Image16by16="/_imgs/ribbon/Activate_16.png" LabelText="$Resources:Ribbon.HomepageGrid.account.Record.Status.Activate" Sequence="50" TemplateAlias="o2" ToolTipTitle="$Resources:Ribbon.HomepageGrid.account.Record.Status.Activate" ToolTipDescription="$Resources(EntityPluralDisplayName):Ribbon.Tooltip.Activate" ModernImage="Activate" />
            </CommandUIDefinition>
          </CustomAction>
          <HideCustomAction HideActionId="ovs.Mscrm.Form.ovs_cyaction.Close.Hide" Location="Mscrm.Form.ovs_cyaction.Close" />
          <CustomAction Id="ovs.Mscrm.Form.ovs_cyaction.Deactivate.CustomAction" Location="Mscrm.Form.ovs_cyaction.MainTab.Save.Controls._children" Sequence="60">
            <CommandUIDefinition>
              <Button Alt="$Resources:Ribbon.HomepageGrid.account.Record.Status.Deactivate" Command="Mscrm.Form.Deactivate" Id="Mscrm.Form.ovs_cyaction.Deactivate" Image32by32="/_imgs/ribbon/Deactivate_32.png" Image16by16="/_imgs/ribbon/Deactivate_16.png" LabelText="$Resources:Ribbon.HomepageGrid.account.Record.Status.Deactivate" Sequence="60" TemplateAlias="o2" ToolTipTitle="$Resources:Ribbon.HomepageGrid.account.Record.Status.Deactivate" ToolTipDescription="$Resources(EntityPluralDisplayName):Ribbon.Tooltip.Deactivate" ModernImage="DeActivate" />
            </CommandUIDefinition>
          </CustomAction>
          <HideCustomAction HideActionId="ovs.Mscrm.Form.ovs_cyaction.Delete.Hide" Location="Mscrm.Form.ovs_cyaction.Delete" />
          <CustomAction Id="ovs.Mscrm.HomepageGrid.ovs_cyaction.Activate.CustomAction" Location="Mscrm.HomepageGrid.ovs_cyaction.MainTab.Management.Controls._children" Sequence="30">
            <CommandUIDefinition>
              <Button Alt="$Resources:Ribbon.HomepageGrid.account.Record.Status.Activate" Command="Mscrm.HomepageGrid.Activate" Id="Mscrm.HomepageGrid.ovs_cyaction.Activate" Image32by32="/_imgs/ribbon/Activate_32.png" Image16by16="/_imgs/ribbon/Activate_16.png" LabelText="$Resources:Ribbon.HomepageGrid.account.Record.Status.Activate" Sequence="30" TemplateAlias="o2" ToolTipTitle="$Resources:Ribbon.HomepageGrid.account.Record.Status.Activate" ToolTipDescription="$Resources(EntityPluralDisplayName):Ribbon.Tooltip.Activate" ModernImage="Activate" />
            </CommandUIDefinition>
          </CustomAction>
          <CustomAction Id="ovs.Mscrm.HomepageGrid.ovs_cyaction.Deactivate.CustomAction" Location="Mscrm.HomepageGrid.ovs_cyaction.MainTab.Management.Controls._children" Sequence="40">
            <CommandUIDefinition>
              <Button Alt="$Resources:Ribbon.HomepageGrid.account.Record.Status.Deactivate" Command="Mscrm.HomepageGrid.Deactivate" Id="Mscrm.HomepageGrid.ovs_cyaction.Deactivate" Image32by32="/_imgs/ribbon/Deactivate_32.png" Image16by16="/_imgs/ribbon/Deactivate_16.png" LabelText="$Resources:Ribbon.HomepageGrid.account.Record.Status.Deactivate" Sequence="40" TemplateAlias="o2" ToolTipTitle="$Resources:Ribbon.HomepageGrid.account.Record.Status.Deactivate" ToolTipDescription="$Resources(EntityPluralDisplayName):Ribbon.Tooltip.Deactivate" ModernImage="DeActivate" />
            </CommandUIDefinition>
          </CustomAction>
          <CustomAction Id="ovs.Mscrm.SubGrid.ovs_cyaction.Activate.CustomAction" Location="Mscrm.SubGrid.ovs_cyaction.MainTab.Management.Controls._children" Sequence="60">
            <CommandUIDefinition>
              <Button Alt="$Resources:Ribbon.HomepageGrid.account.Record.Status.Activate" Command="Mscrm.HomepageGrid.Activate" Id="Mscrm.SubGrid.ovs_cyaction.Activate" Image32by32="/_imgs/ribbon/Activate_32.png" Image16by16="/_imgs/ribbon/Activate_16.png" LabelText="$Resources:Ribbon.HomepageGrid.account.Record.Status.Activate" Sequence="60" TemplateAlias="o2" ToolTipTitle="$Resources:Ribbon.HomepageGrid.account.Record.Status.Activate" ToolTipDescription="$Resources(EntityPluralDisplayName):Ribbon.Tooltip.Activate" ModernImage="Activate" />
            </CommandUIDefinition>
          </CustomAction>
          <HideCustomAction HideActionId="ovs.Mscrm.SubGrid.ovs_cyaction.Deactivate.Hide" Location="Mscrm.SubGrid.ovs_cyaction.Deactivate" />
          <HideCustomAction HideActionId="ovs.Mscrm.SubGrid.ovs_cyaction.Delete.Hide" Location="Mscrm.SubGrid.ovs_cyaction.Delete" />
          <HideCustomAction HideActionId="ovs.Mscrm.SubGrid.ovs_cyaction.Flows.RefreshCommandBar.Hide" Location="Mscrm.SubGrid.ovs_cyaction.Flows.RefreshCommandBar" />
          <HideCustomAction HideActionId="ovs.Mscrm.SubGrid.ovs_cyaction.RunReport.Hide" Location="Mscrm.SubGrid.ovs_cyaction.RunReport" />
          <CustomAction Id="ovs.ovs_cyaction.Button4.Button.Mscrm.Form.ovs_cyaction.Close.CustomAction" Location="Mscrm.Form.ovs_cyaction.MainTab.Management.Controls._children" Sequence="0">
            <CommandUIDefinition>
              <Button Alt="$Resources(EntityDisplayName):Ribbon.HomepageGrid.MainTab.Actions.Close" Command="ovs.ovs_cyaction.Form.CloseActivity" Id="ovs.ovs_cyaction.Button4.Button.Mscrm.Form.ovs_cyaction.Close" Image32by32="/_imgs/ribbon/ActivtiyClose_32.png" Image16by16="/_imgs/ribbon/Close_16.png" LabelText="$Resources(EntityDisplayName):Ribbon.HomepageGrid.MainTab.Actions.Close" Sequence="0" TemplateAlias="o1" ToolTipTitle="$Resources(EntityDisplayName):Ribbon.HomepageGrid.MainTab.Actions.Close" ToolTipDescription="$Resources(EntityDisplayName):Mscrm_Form_EntityLogicalName_MainTab_Actions_Close_ToolTipDescription" ModernImage="Close" />
            </CommandUIDefinition>
          </CustomAction>
          <CustomAction Id="ovs.SubGrid.ovs_cyaction.Delete.CustomAction" Location="Mscrm.SubGrid.ovs_cyaction.MainTab.Actions.Controls._children" Sequence="0">
            <CommandUIDefinition>
              <Button Alt="$Resources:Ribbon.HomepageGrid.MainTab.Management.Delete" Command="ovs.SubGrid.ovs_cyaction.Delete" Id="ovs.SubGrid.ovs_cyaction.Delete" Image32by32="/_imgs/Workplace/remove_32.png" Image16by16="/_imgs/ribbon/Delete_16.png" LabelText="$Resources(EntityDisplayName):Ribbon.SubGrid.MainTab.Management.Delete" Sequence="0" TemplateAlias="o1" ToolTipTitle="$Resources(EntityDisplayName):Mscrm_SubGrid_EntityLogicalName_MainTab_Management_Delete_ToolTipTitle" ToolTipDescription="$Resources(EntityPluralDisplayName):Ribbon.HomepageGrid.Tooltip.Delete" ModernImage="Remove" />
            </CommandUIDefinition>
          </CustomAction>
          <CustomAction Id="ovs.tc.ovs_cyaction.Button2.Button.Mscrm.SubGrid.ovs_cyaction.AddNewStandard.CustomAction" Location="Mscrm.SubGrid.ovs_cyaction.MainTab.Management.Controls._children" Sequence="0">
            <CommandUIDefinition>
              <Button Alt="$LocLabels:tc.ovs_cyaction.Button2.Button.Mscrm.SubGrid.ovs_cyaction.AddNewStandard.Alt" Command="Mscrm.AddNewRecordFromSubGridStandard" Id="tc.ovs_cyaction.Button2.Button.Mscrm.SubGrid.ovs_cyaction.AddNewStandard" Image32by32="/_imgs/ribbon/newrecord32.png" Image16by16="/_imgs/ribbon/New_16.png" LabelText="$LocLabels:tc.ovs_cyaction.Button2.Button.Mscrm.SubGrid.ovs_cyaction.AddNewStandard.LabelText" Sequence="0" TemplateAlias="o1" ToolTipTitle="$LocLabels:tc.ovs_cyaction.Button2.Button.Mscrm.SubGrid.ovs_cyaction.AddNewStandard.ToolTipTitle" ToolTipDescription="$Resources(EntityDisplayName):Mscrm_SubGrid_EntityLogicalName_MainTab_Management_AddNewStandard_ToolTipDescription" ModernImage="New" />
            </CommandUIDefinition>
          </CustomAction>
          <HideCustomAction HideActionId="tc.Mscrm.Form.ovs_cyaction.SaveAsComplete.Hide" Location="Mscrm.Form.ovs_cyaction.SaveAsComplete" />
          <HideCustomAction HideActionId="tc.Mscrm.SubGrid.ovs_cyaction.AddNewStandard.Hide" Location="Mscrm.SubGrid.ovs_cyaction.AddNewStandard" />
        </CustomActions>
        <Templates>
          <RibbonTemplates Id="Mscrm.Templates"></RibbonTemplates>
        </Templates>
        <CommandDefinitions>
          <CommandDefinition Id="Mscrm.AddNewRecordFromSubGridStandard">
            <EnableRules>
              <EnableRule Id="tc.ovs_cyaction.EnableRule0.HideButtonIfFormIsReadOnly" />
            </EnableRules>
            <DisplayRules />
            <Actions>
              <JavaScriptFunction FunctionName="XrmCore.Commands.Open.addNewFromSubGridStandard" Library="$webresource:Main_system_library.js">
                <CrmParameter Value="SelectedEntityTypeName" />
                <CrmParameter Value="PrimaryEntityTypeName" />
                <CrmParameter Value="FirstPrimaryItemId" />
                <CrmParameter Value="PrimaryControl" />
                <CrmParameter Value="SelectedControl" />
              </JavaScriptFunction>
            </Actions>
          </CommandDefinition>
          <CommandDefinition Id="Mscrm.DeletePrimaryRecord">
            <EnableRules>
              <EnableRule Id="Mscrm.FormStateNotNew" />
              <EnableRule Id="Mscrm.CanDeletePrimary" />
              <EnableRule Id="Mscrm.IsEntityAvailableForUserInMocaOffline" />
            </EnableRules>
            <DisplayRules>
              <DisplayRule Id="Mscrm.DeletePrimaryEntityPermission" />
            </DisplayRules>
            <Actions>
              <JavaScriptFunction FunctionName="XrmCore.Commands.Delete.deletePrimaryRecord" Library="$webresource:Main_system_library.js">
                <CrmParameter Value="FirstPrimaryItemId" />
                <CrmParameter Value="PrimaryEntityTypeName" />
              </JavaScriptFunction>
            </Actions>
          </CommandDefinition>
          <CommandDefinition Id="Mscrm.DeleteSelectedRecord">
            <EnableRules>
              <EnableRule Id="Mscrm.SelectionCountAtLeastOne" />
              <EnableRule Id="Mscrm.VisualizationPaneNotMaximized" />
              <EnableRule Id="Mscrm.IsEntityAvailableForUserInMocaOffline" />
            </EnableRules>
            <DisplayRules>
              <DisplayRule Id="Mscrm.NotShowForManyToManyGrids" />
              <DisplayRule Id="Mscrm.DeleteSelectedEntityPermission" />
            </DisplayRules>
            <Actions>
              <JavaScriptFunction FunctionName="XrmCore.Commands.Delete.deleteRecords" Library="$Webresource:Main_system_library.js">
                <CrmParameter Value="SelectedControl" />
                <CrmParameter Value="SelectedControlSelectedItemReferences" />
                <CrmParameter Value="SelectedEntityTypeName" />
              </JavaScriptFunction>
            </Actions>
          </CommandDefinition>
          <CommandDefinition Id="Mscrm.EditSelectedRecord">
            <EnableRules>
              <EnableRule Id="Mscrm.CheckBulkEditSupportForEntity" />
              <EnableRule Id="Mscrm.VisualizationPaneNotMaximized" />
              <EnableRule Id="Mscrm.IsValidForHierarchyView" />
              <EnableRule Id="Mscrm.ShowOnNonModernAndModernIfAllowed" />
              <EnableRule Id="tc.ovs_cyaction.EnableRule0.HideButtonIfFormIsReadOnly" />
            </EnableRules>
            <DisplayRules>
              <DisplayRule Id="Mscrm.BulkEditPrivilege" />
              <DisplayRule Id="Mscrm.WriteSelectedEntityPermission" />
              <DisplayRule Id="Mscrm.HybridDialogBulkEditEnabled" />
            </DisplayRules>
            <Actions>
              <JavaScriptFunction FunctionName="XrmCore.Commands.BulkEdit.bulkEditRecords" Library="$webresource:Main_system_library.js">
                <CrmParameter Value="SelectedControl" />
                <CrmParameter Value="SelectedControlSelectedItemReferences" />
                <CrmParameter Value="SelectedEntityTypeName" />
              </JavaScriptFunction>
            </Actions>
          </CommandDefinition>
          <CommandDefinition Id="Mscrm.Form.Activate">
            <EnableRules>
              <EnableRule Id="Mscrm.CanWritePrimary" />
            </EnableRules>
            <DisplayRules>
              <DisplayRule Id="Mscrm.CanWritePrimary" />
              <DisplayRule Id="Mscrm.PrimaryIsInactive" />
              <DisplayRule Id="Mscrm.PrimaryEntityHasStatecode" />
            </DisplayRules>
            <Actions>
              <JavaScriptFunction FunctionName="XrmCore.Commands.Activate.activatePrimaryRecord" Library="$webresource:Main_system_library.js">
                <CrmParameter Value="FirstPrimaryItemId" />
                <CrmParameter Value="PrimaryEntityTypeName" />
              </JavaScriptFunction>
            </Actions>
          </CommandDefinition>
          <CommandDefinition Id="Mscrm.Form.CloseActivity">
            <EnableRules>
              <EnableRule Id="Mscrm.CanWritePrimary" />
            </EnableRules>
            <DisplayRules>
              <DisplayRule Id="Mscrm.CanWritePrimary" />
              <DisplayRule Id="Mscrm.PrimaryIsActive" />
              <DisplayRule Id="Mscrm.PrimaryEntityHasStatecode" />
              <DisplayRule Id="Mscrm.PrimaryIsActivity" />
            </DisplayRules>
            <Actions>
              <JavaScriptFunction FunctionName="XrmCore.Commands.ChangeState.changeState" Library="$webresource:Main_system_library.js">
                <StringParameter Value="deactivate" />
                <CrmParameter Value="PrimaryEntityTypeCode" />
                <StringParameter Value="5" />
              </JavaScriptFunction>
            </Actions>
          </CommandDefinition>
          <CommandDefinition Id="Mscrm.Form.Deactivate">
            <EnableRules>
              <EnableRule Id="Mscrm.CanWritePrimary" />
              <EnableRule Id="ovs.ovs_cyaction.InspectorRole.EnableRule" />
            </EnableRules>
            <DisplayRules>
              <DisplayRule Id="Mscrm.CanWritePrimary" />
              <DisplayRule Id="Mscrm.PrimaryIsActive" />
              <DisplayRule Id="Mscrm.PrimaryEntityHasStatecode" />
            </DisplayRules>
            <Actions>
              <JavaScriptFunction FunctionName="XrmCore.Commands.Deactivate.deactivatePrimaryRecord" Library="$webresource:Main_system_library.js">
                <CrmParameter Value="FirstPrimaryItemId" />
                <CrmParameter Value="PrimaryEntityTypeName" />
              </JavaScriptFunction>
            </Actions>
          </CommandDefinition>
          <CommandDefinition Id="Mscrm.HomepageGrid.Activate">
            <EnableRules>
              <EnableRule Id="Mscrm.VisualizationPaneNotMaximized" />
              <EnableRule Id="Mscrm.SelectionCountAtLeastOne" />
            </EnableRules>
            <DisplayRules>
              <DisplayRule Id="Mscrm.CanWriteSelected" />
              <DisplayRule Id="Mscrm.SelectedEntityHasStatecode" />
            </DisplayRules>
            <Actions>
              <JavaScriptFunction FunctionName="XrmCore.Commands.Activate.activateRecords" Library="$webresource:Main_system_library.js">
                <CrmParameter Value="SelectedControl" />
                <CrmParameter Value="SelectedControlSelectedItemReferences" />
                <CrmParameter Value="SelectedEntityTypeName" />
              </JavaScriptFunction>
            </Actions>
          </CommandDefinition>
          <CommandDefinition Id="Mscrm.HomepageGrid.Deactivate">
            <EnableRules>
              <EnableRule Id="Mscrm.VisualizationPaneNotMaximized" />
              <EnableRule Id="Mscrm.SelectionCountAtLeastOne" />
            </EnableRules>
            <DisplayRules>
              <DisplayRule Id="Mscrm.CanWriteSelected" />
              <DisplayRule Id="Mscrm.SelectedEntityHasStatecode" />
            </DisplayRules>
            <Actions>
              <JavaScriptFunction FunctionName="XrmCore.Commands.Deactivate.deactivateRecords" Library="$webresource:Main_system_library.js">
                <CrmParameter Value="SelectedControl" />
                <CrmParameter Value="SelectedControlSelectedItemReferences" />
                <CrmParameter Value="SelectedEntityTypeName" />
              </JavaScriptFunction>
            </Actions>
          </CommandDefinition>
          <CommandDefinition Id="ovs.Form.ovs_cyaction.Delete">
            <EnableRules>
              <EnableRule Id="Mscrm.FormStateNotNew" />
              <EnableRule Id="Mscrm.CanDeletePrimary" />
              <EnableRule Id="Mscrm.IsEntityAvailableForUserInMocaOffline" />
            </EnableRules>
            <DisplayRules>
              <DisplayRule Id="Mscrm.DeletePrimaryEntityPermission" />
              <DisplayRule Id="ovs.ovs_cyaction.Form.DeletePrimaryEntityPermission" />
            </DisplayRules>
            <Actions>
              <JavaScriptFunction FunctionName="XrmCore.Commands.Delete.deletePrimaryRecord" Library="$webresource:Main_system_library.js">
                <CrmParameter Value="FirstPrimaryItemId" />
                <CrmParameter Value="PrimaryEntityTypeName" />
              </JavaScriptFunction>
            </Actions>
          </CommandDefinition>
          <CommandDefinition Id="ovs.ovs_cyaction.Form.CloseActivity">
            <EnableRules>
              <EnableRule Id="Mscrm.CanWritePrimary" />
              <EnableRule Id="ovs.ovs_cyaction.CanWritePrimeray" />
            </EnableRules>
            <DisplayRules>
              <DisplayRule Id="Mscrm.CanWritePrimary" />
              <DisplayRule Id="Mscrm.PrimaryIsActive" />
              <DisplayRule Id="Mscrm.PrimaryEntityHasStatecode" />
              <DisplayRule Id="Mscrm.PrimaryIsActivity" />
              <DisplayRule Id="ovs.ovs_cyaction.CanHide.CloseActivity" />
            </DisplayRules>
            <Actions>
              <JavaScriptFunction FunctionName="XrmCore.Commands.ChangeState.changeState" Library="$webresource:Main_system_library.js">
                <StringParameter Value="deactivate" />
                <CrmParameter Value="PrimaryEntityTypeCode" />
                <StringParameter Value="5" />
              </JavaScriptFunction>
            </Actions>
          </CommandDefinition>
          <CommandDefinition Id="ovs.SubGrid.ovs_cyaction.Delete">
            <EnableRules>
              <EnableRule Id="Mscrm.SelectionCountAtLeastOne" />
              <EnableRule Id="Mscrm.VisualizationPaneNotMaximized" />
              <EnableRule Id="Mscrm.IsEntityAvailableForUserInMocaOffline" />
            </EnableRules>
            <DisplayRules>
              <DisplayRule Id="Mscrm.NotShowForManyToManyGrids" />
              <DisplayRule Id="Mscrm.DeleteSelectedEntityPermission" />
              <DisplayRule Id="ovs.ovs_cyaction.Subgrid.DeleteSeletedEntityPermission" />
            </DisplayRules>
            <Actions>
              <JavaScriptFunction FunctionName="XrmCore.Commands.Delete.deleteRecords" Library="$Webresource:Main_system_library.js">
                <CrmParameter Value="SelectedControl" />
                <CrmParameter Value="SelectedControlSelectedItemReferences" />
                <CrmParameter Value="SelectedEntityTypeName" />
              </JavaScriptFunction>
            </Actions>
          </CommandDefinition>
        </CommandDefinitions>
        <RuleDefinitions>
          <TabDisplayRules />
          <DisplayRules>
            <DisplayRule Id="Mscrm.CanWriteSelected">
              <EntityPrivilegeRule PrivilegeType="Write" PrivilegeDepth="Basic" AppliesTo="SelectedEntity" />
            </DisplayRule>
            <DisplayRule Id="Mscrm.NotShowForManyToManyGrids">
              <RelationshipTypeRule AppliesTo="SelectedEntity" RelationshipType="ManyToMany" InvertResult="true" />
            </DisplayRule>
            <DisplayRule Id="Mscrm.PrimaryEntityHasStatecode">
              <EntityPropertyRule AppliesTo="PrimaryEntity" PropertyName="HasStateCode" PropertyValue="true" />
            </DisplayRule>
            <DisplayRule Id="Mscrm.PrimaryIsInactive">
              <FormStateRule State="Disabled" />
            </DisplayRule>
            <DisplayRule Id="Mscrm.PrimaryIsNotActivity">
              <EntityPropertyRule AppliesTo="PrimaryEntity" PropertyName="IsActivity" PropertyValue="false" />
            </DisplayRule>
            <DisplayRule Id="Mscrm.SelectedEntityHasStatecode">
              <EntityPropertyRule AppliesTo="SelectedEntity" PropertyName="HasStateCode" PropertyValue="true" />
            </DisplayRule>
            <DisplayRule Id="ovs.ovs_cyaction.CanHide.CloseActivity">
              <EntityPrivilegeRule PrivilegeType="Write" PrivilegeDepth="Global" AppliesTo="PrimaryEntity" EntityName="account" />
            </DisplayRule>
            <DisplayRule Id="ovs.ovs_cyaction.DisplayRule12.DisplayRule">
              <EntityPrivilegeRule PrivilegeType="Write" PrivilegeDepth="Basic" AppliesTo="PrimaryEntity" EntityName="ovs_unplannedforecast" />
            </DisplayRule>
            <DisplayRule Id="ovs.ovs_cyaction.Form.DeletePrimaryEntityPermission">
              <EntityPrivilegeRule PrivilegeType="Delete" PrivilegeDepth="Global" AppliesTo="PrimaryEntity" EntityName="account" />
            </DisplayRule>
            <DisplayRule Id="ovs.ovs_cyaction.Subgrid.DeleteSeletedEntityPermission">
              <EntityPrivilegeRule PrivilegeType="Delete" PrivilegeDepth="Global" AppliesTo="SelectedEntity" EntityName="account" />
            </DisplayRule>
            <DisplayRule Id="ovs.SelectedIsInactive">
              <EntityPropertyRule AppliesTo="SelectedEntity" PropertyName="IsActivity" PropertyValue="false" />
            </DisplayRule>
          </DisplayRules>
          <EnableRules>
            <EnableRule Id="ovs.ovs_cyaction.InspectorRole.EnableRule">
              <CustomRule FunctionName="isInspectorRole" Library="$webresource:ovs_ROMCommonFunctions" InvertResult="true">
                <CrmParameter Value="PrimaryControl" />
              </CustomRule>
            </EnableRule>
            <EnableRule Id="tc.ovs_cyaction.EnableRule0.HideButtonIfFormIsReadOnly">
              <CustomRule FunctionName="HideButtonIfFormIsReadOnly" Library="$webresource:ovs_ROMCommonFunctions">
                <CrmParameter Value="PrimaryControl" />
              </CustomRule>
            </EnableRule>
          </EnableRules>
        </RuleDefinitions>
        <LocLabels>
          <LocLabel Id="tc.ovs_cyaction.Button2.Button.Mscrm.SubGrid.ovs_cyaction.AddNewStandard.Alt">
            <Titles>
              <Title description="Add New {0}" languagecode="1033" />
              <Title description="Nouvelle {0}" languagecode="1036" />
            </Titles>
          </LocLabel>
          <LocLabel Id="tc.ovs_cyaction.Button2.Button.Mscrm.SubGrid.ovs_cyaction.AddNewStandard.LabelText">
            <Titles>
              <Title description="Add New {0}" languagecode="1033" />
              <Title description="Nouvelle {0}" languagecode="1036" />
            </Titles>
          </LocLabel>
          <LocLabel Id="tc.ovs_cyaction.Button2.Button.Mscrm.SubGrid.ovs_cyaction.AddNewStandard.ToolTipTitle">
            <Titles>
              <Title description="Add New {0}" languagecode="1033" />
              <Title description="Nouvelle {0}" languagecode="1036" />
            </Titles>
          </LocLabel>
        </LocLabels>
      </RibbonDiffXml>
    </Entity>
  </Entities>
  <Roles></Roles>
  <Workflows></Workflows>
  <FieldSecurityProfiles></FieldSecurityProfiles>
  <Templates />
  <EntityMaps />
  <EntityRelationships />
  <OrganizationSettings />
  <optionsets />
  <WebResources>
    <WebResource>
      <WebResourceId>{e470e3ae-988d-eb11-b1ac-000d3ae92932}</WebResourceId>
      <Name>ovs_EnforcementActionMainForm</Name>
      <DisplayName>EnforcementActionMainForm</DisplayName>
      <WebResourceType>3</WebResourceType>
      <IntroducedVersion>1.0.0.0</IntroducedVersion>
      <IsEnabledForMobileClient>0</IsEnabledForMobileClient>
      <IsAvailableForMobileOffline>0</IsAvailableForMobileOffline>
      <DependencyXml>&lt;Dependencies&gt;&lt;Dependency componentType="WebResource"&gt;&lt;Library name="ovs_Labels.1033.resx" displayName="Labels EN" languagecode="1033" description="" libraryUniqueId="{03de2200-96cd-913e-4b53-22b2eb9e6240}"/&gt;&lt;Library name="ovs_Labels.1036.resx" displayName="Labels FR" languagecode="1036" description="" libraryUniqueId="{1b1bb9b7-6234-8494-0be5-bb1b30e5d572}"/&gt;&lt;/Dependency&gt;&lt;/Dependencies&gt;</DependencyXml>
      <IsCustomizable>1</IsCustomizable>
      <CanBeDeleted>1</CanBeDeleted>
      <IsHidden>0</IsHidden>
      <FileName>/WebResources/ovs_EnforcementActionMainFormE470E3AE-988D-EB11-B1AC-000D3AE92932</FileName>
    </WebResource>
    <WebResource>
      <WebResourceId>{08f1080c-3d92-eb11-b1ac-000d3ae988b7}</WebResourceId>
      <Name>ovs_confirmationofcompliance</Name>
      <DisplayName>Confirmation of Compliance Main Form Javascript</DisplayName>
      <Description>Confirmation of Compliance Main Form Javascript</Description>
      <LanguageCode>1033</LanguageCode>
      <WebResourceType>3</WebResourceType>
      <IntroducedVersion>1.0.0.0</IntroducedVersion>
      <IsEnabledForMobileClient>0</IsEnabledForMobileClient>
      <IsAvailableForMobileOffline>0</IsAvailableForMobileOffline>
      <DependencyXml>&lt;Dependencies&gt;&lt;Dependency componentType="WebResource"/&gt;&lt;/Dependencies&gt;</DependencyXml>
      <IsCustomizable>1</IsCustomizable>
      <CanBeDeleted>1</CanBeDeleted>
      <IsHidden>0</IsHidden>
      <FileName>/WebResources/ovs_confirmationofcompliance08F1080C-3D92-EB11-B1AC-000D3AE988B7</FileName>
    </WebResource>
    <WebResource>
      <WebResourceId>{2c5c1be9-da6f-ec11-8f8e-0022483c3c8c}</WebResourceId>
      <Name>ovs_WO_TDG_ReportHelper.js</Name>
      <DisplayName>WO_TDG_ReportHelper.js</DisplayName>
      <WebResourceType>3</WebResourceType>
      <IntroducedVersion>1.0.0.0</IntroducedVersion>
      <IsEnabledForMobileClient>0</IsEnabledForMobileClient>
      <IsAvailableForMobileOffline>0</IsAvailableForMobileOffline>
      <DependencyXml>&lt;Dependencies&gt;&lt;Dependency componentType="WebResource"&gt;&lt;Library name="ovs_Labels.1033.resx" displayName="Labels EN" languagecode="1033" description="" libraryUniqueId="{49603732-1775-64b1-897d-40e2a1e847a9}"/&gt;&lt;Library name="ovs_Labels.1036.resx" displayName="Labels FR" languagecode="1036" description="" libraryUniqueId="{93514be0-971d-a57a-bb41-b70c25575ab9}"/&gt;&lt;/Dependency&gt;&lt;/Dependencies&gt;</DependencyXml>
      <IsCustomizable>1</IsCustomizable>
      <CanBeDeleted>1</CanBeDeleted>
      <IsHidden>0</IsHidden>
      <FileName>/WebResources/ovs_WO_TDG_ReportHelperjs2C5C1BE9-DA6F-EC11-8F8E-0022483C3C8C</FileName>
    </WebResource>
  </WebResources>
  <CustomControls />
  <EntityDataProviders />
  <Languages>
    <Language>1033</Language>
    <Language>1036</Language>
  </Languages>
</ImportExportXml>