<ImportExportXml version="9.2.20122.135" SolutionPackageVersion="9.2" languagecode="1033" generatedBy="CrmLive" xmlns:xsi="http://www.w3.org/2001/XMLSchema-instance">
  <SolutionManifest>
    <UniqueName>TC_GlobalCore_Patch_cf13e495</UniqueName>
    <LocalizedNames>
      <LocalizedName description="TC.GlobalCore" languagecode="1033" />
      <LocalizedName description="TC.GlobalCore" languagecode="1036" />
    </LocalizedNames>
    <Descriptions>
      <Description description="Patch for TC.GlobalCore" languagecode="1033" />
      <Description description="Patch for TC.GlobalCore" languagecode="1036" />
    </Descriptions>
    <ParentUniqueName>TC_GlobalCore</ParentUniqueName>
    <Version>4.1.1.10</Version>
    <Managed>0</Managed>
    <Publisher>
      <UniqueName>oversightpublisher</UniqueName>
      <LocalizedNames>
        <LocalizedName description="Oversight" languagecode="1033" />
      </LocalizedNames>
      <Descriptions>
        <Description description="This is the common solution for AvSec Inspection and TDG Inspection." languagecode="1033" />
      </Descriptions>
      <EMailAddress xsi:nil="true"></EMailAddress>
      <SupportingWebsiteUrl xsi:nil="true"></SupportingWebsiteUrl>
      <CustomizationPrefix>ovs</CustomizationPrefix>
      <CustomizationOptionValuePrefix>91864</CustomizationOptionValuePrefix>
      <Addresses>
        <Address>
          <AddressNumber>1</AddressNumber>
          <AddressTypeCode>1</AddressTypeCode>
          <City xsi:nil="true"></City>
          <County xsi:nil="true"></County>
          <Country xsi:nil="true"></Country>
          <Fax xsi:nil="true"></Fax>
          <FreightTermsCode xsi:nil="true"></FreightTermsCode>
          <ImportSequenceNumber xsi:nil="true"></ImportSequenceNumber>
          <Latitude xsi:nil="true"></Latitude>
          <Line1 xsi:nil="true"></Line1>
          <Line2 xsi:nil="true"></Line2>
          <Line3 xsi:nil="true"></Line3>
          <Longitude xsi:nil="true"></Longitude>
          <Name xsi:nil="true"></Name>
          <PostalCode xsi:nil="true"></PostalCode>
          <PostOfficeBox xsi:nil="true"></PostOfficeBox>
          <PrimaryContactName xsi:nil="true"></PrimaryContactName>
          <ShippingMethodCode>1</ShippingMethodCode>
          <StateOrProvince xsi:nil="true"></StateOrProvince>
          <Telephone1 xsi:nil="true"></Telephone1>
          <Telephone2 xsi:nil="true"></Telephone2>
          <Telephone3 xsi:nil="true"></Telephone3>
          <TimeZoneRuleVersionNumber xsi:nil="true"></TimeZoneRuleVersionNumber>
          <UPSZone xsi:nil="true"></UPSZone>
          <UTCOffset xsi:nil="true"></UTCOffset>
          <UTCConversionTimeZoneCode xsi:nil="true"></UTCConversionTimeZoneCode>
        </Address>
        <Address>
          <AddressNumber>2</AddressNumber>
          <AddressTypeCode>1</AddressTypeCode>
          <City xsi:nil="true"></City>
          <County xsi:nil="true"></County>
          <Country xsi:nil="true"></Country>
          <Fax xsi:nil="true"></Fax>
          <FreightTermsCode xsi:nil="true"></FreightTermsCode>
          <ImportSequenceNumber xsi:nil="true"></ImportSequenceNumber>
          <Latitude xsi:nil="true"></Latitude>
          <Line1 xsi:nil="true"></Line1>
          <Line2 xsi:nil="true"></Line2>
          <Line3 xsi:nil="true"></Line3>
          <Longitude xsi:nil="true"></Longitude>
          <Name xsi:nil="true"></Name>
          <PostalCode xsi:nil="true"></PostalCode>
          <PostOfficeBox xsi:nil="true"></PostOfficeBox>
          <PrimaryContactName xsi:nil="true"></PrimaryContactName>
          <ShippingMethodCode>1</ShippingMethodCode>
          <StateOrProvince xsi:nil="true"></StateOrProvince>
          <Telephone1 xsi:nil="true"></Telephone1>
          <Telephone2 xsi:nil="true"></Telephone2>
          <Telephone3 xsi:nil="true"></Telephone3>
          <TimeZoneRuleVersionNumber xsi:nil="true"></TimeZoneRuleVersionNumber>
          <UPSZone xsi:nil="true"></UPSZone>
          <UTCOffset xsi:nil="true"></UTCOffset>
          <UTCConversionTimeZoneCode xsi:nil="true"></UTCConversionTimeZoneCode>
        </Address>
      </Addresses>
    </Publisher>
    <RootComponents>
      <RootComponent type="1" schemaName="account" behavior="1" />
      <RootComponent type="1" schemaName="msdyn_workorder" behavior="1" />
      <RootComponent type="1" schemaName="msdyn_workorderservicetask" behavior="1" />
      <RootComponent type="1" schemaName="ovs_cancellationrequest" behavior="2" />
      <RootComponent type="1" schemaName="ovs_operation" behavior="1" />
      <RootComponent type="1" schemaName="tc_tcfiscalquarter" behavior="1" />
      <RootComponent type="1" schemaName="tc_tcfiscalyear" behavior="1" />
      <RootComponent type="60" id="{a8b035b7-1257-4b58-aedc-f89df115fdc8}" />
      <RootComponent type="60" id="{d8dc9595-c451-eb11-a812-000d3af3ac0d}" />
    </RootComponents>
    <MissingDependencies>
      <MissingDependency>
        <Required key="0" type="1" schemaName="msdyn_workorder" displayName="Work Order" solution="FieldService (8.8.0.88)" />
        <Dependent key="0" type="1" schemaName="msdyn_workorder" displayName="Work Order" />
      </MissingDependency>
      <MissingDependency>
        <Required key="1" type="61" schemaName="msdyn_/Icons/SVG/WorkOrders.svg" displayName="msdyn_/Icons/SVG/WorkOrders.svg" solution="FieldService (8.8.0.88)" />
        <Dependent key="0" type="1" schemaName="msdyn_workorder" displayName="Work Order" />
      </MissingDependency>
      <MissingDependency>
        <Required key="2" type="61" schemaName="msdyn_/Icons/Entity/WorkOrder_32/_imgs/NavBar/Invisible.gif" displayName="msdyn_/Icons/Entity/WorkOrder_32/_imgs/NavBar/Invisible.gif" solution="FieldService (8.8.0.88)" />
        <Dependent key="0" type="1" schemaName="msdyn_workorder" displayName="Work Order" />
      </MissingDependency>
      <MissingDependency>
        <Required key="3" type="61" schemaName="msdyn_/Icons/Entity/WorkOrder_16.png" displayName="msdyn_/Icons/Entity/WorkOrder_16.png" solution="FieldService (8.8.0.88)" />
        <Dependent key="0" type="1" schemaName="msdyn_workorder" displayName="Work Order" />
      </MissingDependency>
      <MissingDependency>
        <Required key="4" type="1" schemaName="msdyn_workorderservicetask" displayName="Work Order Service Task" solution="FieldService (8.8.0.88)" />
        <Dependent key="4" type="1" schemaName="msdyn_workorderservicetask" displayName="Work Order Service Task" />
      </MissingDependency>
      <MissingDependency>
        <Required key="2" type="61" schemaName="msdyn_/Icons/Entity/WorkOrder_32/_imgs/NavBar/Invisible.gif" displayName="msdyn_/Icons/Entity/WorkOrder_32/_imgs/NavBar/Invisible.gif" solution="FieldService (8.8.0.88)" />
        <Dependent key="4" type="1" schemaName="msdyn_workorderservicetask" displayName="Work Order Service Task" />
      </MissingDependency>
      <MissingDependency>
        <Required key="3" type="61" schemaName="msdyn_/Icons/Entity/WorkOrder_16.png" displayName="msdyn_/Icons/Entity/WorkOrder_16.png" solution="FieldService (8.8.0.88)" />
        <Dependent key="4" type="1" schemaName="msdyn_workorderservicetask" displayName="Work Order Service Task" />
      </MissingDependency>
      <MissingDependency>
        <Required key="5" type="1" schemaName="ovs_operation" displayName="Operation" solution="Active" />
        <Dependent key="5" type="1" schemaName="ovs_operation" displayName="Operation" />
      </MissingDependency>
      <MissingDependency>
        <Required key="6" type="1" schemaName="ovs_cancellationrequest" displayName="Cancellation Request" solution="Active" />
        <Dependent key="6" type="1" schemaName="ovs_cancellationrequest" displayName="Cancellation Request" />
      </MissingDependency>
      <MissingDependency>
        <Required key="7" type="1" schemaName="tc_tcfiscalyear" displayName="TCFiscalYear" solution="Active" />
        <Dependent key="7" type="1" schemaName="tc_tcfiscalyear" displayName="TCFiscalYear" />
      </MissingDependency>
      <MissingDependency>
        <Required key="8" type="1" schemaName="tc_tcfiscalquarter" displayName="TCFiscalQuarter" solution="Active" />
        <Dependent key="8" type="1" schemaName="tc_tcfiscalquarter" displayName="TCFiscalQuarter" />
      </MissingDependency>
      <MissingDependency>
        <Required key="9" type="1" schemaName="bookableresourcebooking" displayName="Bookable Resource Booking" solution="msdynce_Scheduling (9.0.0.0)" />
        <Dependent key="10" type="60" displayName="TSIS Oversight Activity" parentDisplayName="Work Order" id="{d8dc9595-c451-eb11-a812-000d3af3ac0d}" />
      </MissingDependency>
      <MissingDependency>
        <Required key="11" type="1" schemaName="msdyn_workorderincident" displayName="Work Order Incident" solution="FieldService (8.8.0.88)" />
        <Dependent key="10" type="60" displayName="TSIS Oversight Activity" parentDisplayName="Work Order" id="{d8dc9595-c451-eb11-a812-000d3af3ac0d}" />
      </MissingDependency>
      <MissingDependency>
        <Required key="12" type="1" schemaName="msdyn_workordertype" displayName="Work Order Type" solution="FieldService (8.8.0.88)" />
        <Dependent key="10" type="60" displayName="TSIS Oversight Activity" parentDisplayName="Work Order" id="{d8dc9595-c451-eb11-a812-000d3af3ac0d}" />
      </MissingDependency>
      <MissingDependency>
        <Required key="13" type="1" schemaName="msdyn_workorderservice" displayName="Work Order Service" solution="FieldService (8.8.0.88)" />
        <Dependent key="10" type="60" displayName="TSIS Oversight Activity" parentDisplayName="Work Order" id="{d8dc9595-c451-eb11-a812-000d3af3ac0d}" />
      </MissingDependency>
      <MissingDependency>
        <Required key="14" type="1" schemaName="msdyn_workorderproduct" displayName="Work Order Product" solution="FieldService (8.8.0.88)" />
        <Dependent key="10" type="60" displayName="TSIS Oversight Activity" parentDisplayName="Work Order" id="{d8dc9595-c451-eb11-a812-000d3af3ac0d}" />
      </MissingDependency>
      <MissingDependency>
        <Required key="15" type="2" schemaName="msdyn_timefrompromised" displayName="Time From Promised" parentSchemaName="msdyn_workorder" parentDisplayName="Work Order" solution="FieldService (8.8.0.88)" />
        <Dependent key="10" type="60" displayName="TSIS Oversight Activity" parentDisplayName="Work Order" id="{d8dc9595-c451-eb11-a812-000d3af3ac0d}" />
      </MissingDependency>
      <MissingDependency>
        <Required key="16" type="2" schemaName="msdyn_iotalert" displayName="IoT Alert" parentSchemaName="msdyn_workorder" parentDisplayName="Work Order" solution="ConnectedFieldService (1.8.8.1)" />
        <Dependent key="10" type="60" displayName="TSIS Oversight Activity" parentDisplayName="Work Order" id="{d8dc9595-c451-eb11-a812-000d3af3ac0d}" />
      </MissingDependency>
      <MissingDependency>
        <Required key="17" type="2" schemaName="msdyn_addressname" displayName="Address Name" parentSchemaName="msdyn_workorder" parentDisplayName="Work Order" solution="FieldService (8.8.0.88)" />
        <Dependent key="10" type="60" displayName="TSIS Oversight Activity" parentDisplayName="Work Order" id="{d8dc9595-c451-eb11-a812-000d3af3ac0d}" />
      </MissingDependency>
      <MissingDependency>
        <Required key="18" type="2" schemaName="msdyn_customerasset" displayName="Primary Incident Customer Asset" parentSchemaName="msdyn_workorder" parentDisplayName="Work Order" solution="FieldService (8.8.0.88)" />
        <Dependent key="10" type="60" displayName="TSIS Oversight Activity" parentDisplayName="Work Order" id="{d8dc9595-c451-eb11-a812-000d3af3ac0d}" />
      </MissingDependency>
      <MissingDependency>
        <Required key="19" type="2" schemaName="ovs_fiscalquarter" displayName="Planned Fiscal Quarter" parentSchemaName="msdyn_workorder" parentDisplayName="Work Order" solution="Active" />
        <Dependent key="10" type="60" displayName="TSIS Oversight Activity" parentDisplayName="Work Order" id="{d8dc9595-c451-eb11-a812-000d3af3ac0d}" />
      </MissingDependency>
      <MissingDependency>
        <Required key="20" type="2" schemaName="createdon" displayName="Created On" parentSchemaName="msdyn_workorder" parentDisplayName="Work Order" solution="FieldService (8.8.0.88)" />
        <Dependent key="10" type="60" displayName="TSIS Oversight Activity" parentDisplayName="Work Order" id="{d8dc9595-c451-eb11-a812-000d3af3ac0d}" />
      </MissingDependency>
      <MissingDependency>
        <Required key="21" type="2" schemaName="ovs_oversighttype" displayName="Oversight Type" parentSchemaName="msdyn_workorder" parentDisplayName="Work Order" solution="Active" />
        <Dependent key="10" type="60" displayName="TSIS Oversight Activity" parentDisplayName="Work Order" id="{d8dc9595-c451-eb11-a812-000d3af3ac0d}" />
      </MissingDependency>
      <MissingDependency>
        <Required key="22" type="2" schemaName="ovs_rational" displayName="Rational" parentSchemaName="msdyn_workorder" parentDisplayName="Work Order" solution="Active" />
        <Dependent key="10" type="60" displayName="TSIS Oversight Activity" parentDisplayName="Work Order" id="{d8dc9595-c451-eb11-a812-000d3af3ac0d}" />
      </MissingDependency>
      <MissingDependency>
        <Required key="23" type="2" schemaName="msdyn_reportedbycontact" displayName="Reported By Contact" parentSchemaName="msdyn_workorder" parentDisplayName="Work Order" solution="FieldService (8.8.0.88)" />
        <Dependent key="10" type="60" displayName="TSIS Oversight Activity" parentDisplayName="Work Order" id="{d8dc9595-c451-eb11-a812-000d3af3ac0d}" />
      </MissingDependency>
      <MissingDependency>
        <Required key="24" type="2" schemaName="msdyn_billingaccount" displayName="Regulated Entity" parentSchemaName="msdyn_workorder" parentDisplayName="Work Order" solution="FieldService (8.8.0.88)" />
        <Dependent key="10" type="60" displayName="TSIS Oversight Activity" parentDisplayName="Work Order" id="{d8dc9595-c451-eb11-a812-000d3af3ac0d}" />
      </MissingDependency>
      <MissingDependency>
        <Required key="25" type="2" schemaName="msdyn_address2" displayName="Street 2" parentSchemaName="msdyn_workorder" parentDisplayName="Work Order" solution="FieldService (8.8.0.88)" />
        <Dependent key="10" type="60" displayName="TSIS Oversight Activity" parentDisplayName="Work Order" id="{d8dc9595-c451-eb11-a812-000d3af3ac0d}" />
      </MissingDependency>
      <MissingDependency>
        <Required key="26" type="2" schemaName="msdyn_timewindowstart" displayName="Time Window Start" parentSchemaName="msdyn_workorder" parentDisplayName="Work Order" solution="FieldService (8.8.0.88)" />
        <Dependent key="10" type="60" displayName="TSIS Oversight Activity" parentDisplayName="Work Order" id="{d8dc9595-c451-eb11-a812-000d3af3ac0d}" />
      </MissingDependency>
      <MissingDependency>
        <Required key="27" type="2" schemaName="ovs_primaryinspector" displayName="Primary Inspector" parentSchemaName="msdyn_workorder" parentDisplayName="Work Order" solution="Active" />
        <Dependent key="10" type="60" displayName="TSIS Oversight Activity" parentDisplayName="Work Order" id="{d8dc9595-c451-eb11-a812-000d3af3ac0d}" />
      </MissingDependency>
      <MissingDependency>
        <Required key="28" type="2" schemaName="msdyn_totalamount" displayName="Total Amount" parentSchemaName="msdyn_workorder" parentDisplayName="Work Order" solution="FieldService (8.8.0.88)" />
        <Dependent key="10" type="60" displayName="TSIS Oversight Activity" parentDisplayName="Work Order" id="{d8dc9595-c451-eb11-a812-000d3af3ac0d}" />
      </MissingDependency>
      <MissingDependency>
        <Required key="29" type="2" schemaName="msdyn_timetopromised" displayName="Time To Promised" parentSchemaName="msdyn_workorder" parentDisplayName="Work Order" solution="FieldService (8.8.0.88)" />
        <Dependent key="10" type="60" displayName="TSIS Oversight Activity" parentDisplayName="Work Order" id="{d8dc9595-c451-eb11-a812-000d3af3ac0d}" />
      </MissingDependency>
      <MissingDependency>
        <Required key="30" type="2" schemaName="msdyn_servicerequest" displayName="Case" parentSchemaName="msdyn_workorder" parentDisplayName="Work Order" solution="FieldService (8.8.0.88)" />
        <Dependent key="10" type="60" displayName="TSIS Oversight Activity" parentDisplayName="Work Order" id="{d8dc9595-c451-eb11-a812-000d3af3ac0d}" />
      </MissingDependency>
      <MissingDependency>
        <Required key="31" type="2" schemaName="ownerid" displayName="Owner" parentSchemaName="msdyn_workorder" parentDisplayName="Work Order" solution="Active" />
        <Dependent key="10" type="60" displayName="TSIS Oversight Activity" parentDisplayName="Work Order" id="{d8dc9595-c451-eb11-a812-000d3af3ac0d}" />
      </MissingDependency>
      <MissingDependency>
        <Required key="32" type="2" schemaName="msdyn_totalsalestax" displayName="Total Sales Tax" parentSchemaName="msdyn_workorder" parentDisplayName="Work Order" solution="FieldService (8.8.0.88)" />
        <Dependent key="10" type="60" displayName="TSIS Oversight Activity" parentDisplayName="Work Order" id="{d8dc9595-c451-eb11-a812-000d3af3ac0d}" />
      </MissingDependency>
      <MissingDependency>
        <Required key="33" type="2" schemaName="msdyn_parentworkorder" displayName="Parent Work Order" parentSchemaName="msdyn_workorder" parentDisplayName="Work Order" solution="FieldService (8.8.0.88)" />
        <Dependent key="10" type="60" displayName="TSIS Oversight Activity" parentDisplayName="Work Order" id="{d8dc9595-c451-eb11-a812-000d3af3ac0d}" />
      </MissingDependency>
      <MissingDependency>
        <Required key="34" type="2" schemaName="msdyn_subtotalamount" displayName="Subtotal Amount" parentSchemaName="msdyn_workorder" parentDisplayName="Work Order" solution="FieldService (8.8.0.88)" />
        <Dependent key="10" type="60" displayName="TSIS Oversight Activity" parentDisplayName="Work Order" id="{d8dc9595-c451-eb11-a812-000d3af3ac0d}" />
      </MissingDependency>
      <MissingDependency>
        <Required key="35" type="2" schemaName="msdyn_systemstatus" displayName="System Status" parentSchemaName="msdyn_workorder" parentDisplayName="Work Order" solution="FieldService (8.8.0.88)" />
        <Dependent key="10" type="60" displayName="TSIS Oversight Activity" parentDisplayName="Work Order" id="{d8dc9595-c451-eb11-a812-000d3af3ac0d}" />
      </MissingDependency>
      <MissingDependency>
        <Required key="36" type="2" schemaName="msdyn_closedby" displayName="Closed By" parentSchemaName="msdyn_workorder" parentDisplayName="Work Order" solution="FieldService (8.8.0.88)" />
        <Dependent key="10" type="60" displayName="TSIS Oversight Activity" parentDisplayName="Work Order" id="{d8dc9595-c451-eb11-a812-000d3af3ac0d}" />
      </MissingDependency>
      <MissingDependency>
        <Required key="37" type="2" schemaName="msdyn_city" displayName="City" parentSchemaName="msdyn_workorder" parentDisplayName="Work Order" solution="FieldService (8.8.0.88)" />
        <Dependent key="10" type="60" displayName="TSIS Oversight Activity" parentDisplayName="Work Order" id="{d8dc9595-c451-eb11-a812-000d3af3ac0d}" />
      </MissingDependency>
      <MissingDependency>
        <Required key="38" type="2" schemaName="msdyn_postalcode" displayName="Postal Code" parentSchemaName="msdyn_workorder" parentDisplayName="Work Order" solution="FieldService (8.8.0.88)" />
        <Dependent key="10" type="60" displayName="TSIS Oversight Activity" parentDisplayName="Work Order" id="{d8dc9595-c451-eb11-a812-000d3af3ac0d}" />
      </MissingDependency>
      <MissingDependency>
        <Required key="39" type="2" schemaName="msdyn_workordersummary" displayName="Work Order Summary" parentSchemaName="msdyn_workorder" parentDisplayName="Work Order" solution="FieldService (8.8.0.88)" />
        <Dependent key="10" type="60" displayName="TSIS Oversight Activity" parentDisplayName="Work Order" id="{d8dc9595-c451-eb11-a812-000d3af3ac0d}" />
      </MissingDependency>
      <MissingDependency>
        <Required key="40" type="2" schemaName="msdyn_address3" displayName="Street 3" parentSchemaName="msdyn_workorder" parentDisplayName="Work Order" solution="FieldService (8.8.0.88)" />
        <Dependent key="10" type="60" displayName="TSIS Oversight Activity" parentDisplayName="Work Order" id="{d8dc9595-c451-eb11-a812-000d3af3ac0d}" />
      </MissingDependency>
      <MissingDependency>
        <Required key="41" type="2" schemaName="createdby" displayName="Created By" parentSchemaName="msdyn_workorder" parentDisplayName="Work Order" solution="Active" />
        <Dependent key="10" type="60" displayName="TSIS Oversight Activity" parentDisplayName="Work Order" id="{d8dc9595-c451-eb11-a812-000d3af3ac0d}" />
      </MissingDependency>
      <MissingDependency>
        <Required key="42" type="2" schemaName="ovs_fiscalyear" displayName="Planned Fiscal Year" parentSchemaName="msdyn_workorder" parentDisplayName="Work Order" solution="Active" />
        <Dependent key="10" type="60" displayName="TSIS Oversight Activity" parentDisplayName="Work Order" id="{d8dc9595-c451-eb11-a812-000d3af3ac0d}" />
      </MissingDependency>
      <MissingDependency>
        <Required key="43" type="2" schemaName="ovs_revisedquarterid" displayName="Revised Quarter" parentSchemaName="msdyn_workorder" parentDisplayName="Work Order" solution="Active" />
        <Dependent key="10" type="60" displayName="TSIS Oversight Activity" parentDisplayName="Work Order" id="{d8dc9595-c451-eb11-a812-000d3af3ac0d}" />
      </MissingDependency>
      <MissingDependency>
        <Required key="44" type="2" schemaName="modifiedby" displayName="Modified By" parentSchemaName="msdyn_workorder" parentDisplayName="Work Order" solution="Active" />
        <Dependent key="10" type="60" displayName="TSIS Oversight Activity" parentDisplayName="Work Order" id="{d8dc9595-c451-eb11-a812-000d3af3ac0d}" />
      </MissingDependency>
      <MissingDependency>
        <Required key="45" type="2" schemaName="msdyn_agreement" displayName="Agreement" parentSchemaName="msdyn_workorder" parentDisplayName="Work Order" solution="FieldService (8.8.0.88)" />
        <Dependent key="10" type="60" displayName="TSIS Oversight Activity" parentDisplayName="Work Order" id="{d8dc9595-c451-eb11-a812-000d3af3ac0d}" />
      </MissingDependency>
      <MissingDependency>
        <Required key="46" type="2" schemaName="transactioncurrencyid" displayName="Currency" parentSchemaName="msdyn_workorder" parentDisplayName="Work Order" solution="Active" />
        <Dependent key="10" type="60" displayName="TSIS Oversight Activity" parentDisplayName="Work Order" id="{d8dc9595-c451-eb11-a812-000d3af3ac0d}" />
      </MissingDependency>
      <MissingDependency>
        <Required key="47" type="2" schemaName="msdyn_primaryincidenttype" displayName="Primary Incident Type" parentSchemaName="msdyn_workorder" parentDisplayName="Work Order" solution="FieldService (8.8.0.88)" />
        <Dependent key="10" type="60" displayName="TSIS Oversight Activity" parentDisplayName="Work Order" id="{d8dc9595-c451-eb11-a812-000d3af3ac0d}" />
      </MissingDependency>
      <MissingDependency>
        <Required key="48" type="2" schemaName="msdyn_taxcode" displayName="Sales Tax Code" parentSchemaName="msdyn_workorder" parentDisplayName="Work Order" solution="FieldService (8.8.0.88)" />
        <Dependent key="10" type="60" displayName="TSIS Oversight Activity" parentDisplayName="Work Order" id="{d8dc9595-c451-eb11-a812-000d3af3ac0d}" />
      </MissingDependency>
      <MissingDependency>
        <Required key="49" type="2" schemaName="msdyn_estimatesubtotalamount" displayName="Estimate Subtotal Amount" parentSchemaName="msdyn_workorder" parentDisplayName="Work Order" solution="FieldService (8.8.0.88)" />
        <Dependent key="10" type="60" displayName="TSIS Oversight Activity" parentDisplayName="Work Order" id="{d8dc9595-c451-eb11-a812-000d3af3ac0d}" />
      </MissingDependency>
      <MissingDependency>
        <Required key="50" type="2" schemaName="msdyn_worklocation" displayName="Work Location" parentSchemaName="msdyn_workorder" parentDisplayName="Work Order" solution="FieldService (8.8.0.88)" />
        <Dependent key="10" type="60" displayName="TSIS Oversight Activity" parentDisplayName="Work Order" id="{d8dc9595-c451-eb11-a812-000d3af3ac0d}" />
      </MissingDependency>
      <MissingDependency>
        <Required key="51" type="2" schemaName="msdyn_opportunityid" displayName="Opportunity" parentSchemaName="msdyn_workorder" parentDisplayName="Work Order" solution="FieldService (8.8.0.88)" />
        <Dependent key="10" type="60" displayName="TSIS Oversight Activity" parentDisplayName="Work Order" id="{d8dc9595-c451-eb11-a812-000d3af3ac0d}" />
      </MissingDependency>
      <MissingDependency>
        <Required key="52" type="2" schemaName="msdyn_substatus" displayName="Substatus" parentSchemaName="msdyn_workorder" parentDisplayName="Work Order" solution="FieldService (8.8.0.88)" />
        <Dependent key="10" type="60" displayName="TSIS Oversight Activity" parentDisplayName="Work Order" id="{d8dc9595-c451-eb11-a812-000d3af3ac0d}" />
      </MissingDependency>
      <MissingDependency>
        <Required key="53" type="2" schemaName="msdyn_priority" displayName="Priority" parentSchemaName="msdyn_workorder" parentDisplayName="Work Order" solution="FieldService (8.8.0.88)" />
        <Dependent key="10" type="60" displayName="TSIS Oversight Activity" parentDisplayName="Work Order" id="{d8dc9595-c451-eb11-a812-000d3af3ac0d}" />
      </MissingDependency>
      <MissingDependency>
        <Required key="54" type="2" schemaName="msdyn_name" displayName="Work Order Number" parentSchemaName="msdyn_workorder" parentDisplayName="Work Order" solution="FieldService (8.8.0.88)" />
        <Dependent key="10" type="60" displayName="TSIS Oversight Activity" parentDisplayName="Work Order" id="{d8dc9595-c451-eb11-a812-000d3af3ac0d}" />
      </MissingDependency>
      <MissingDependency>
        <Required key="55" type="2" schemaName="msdyn_timewindowend" displayName="Time Window End" parentSchemaName="msdyn_workorder" parentDisplayName="Work Order" solution="FieldService (8.8.0.88)" />
        <Dependent key="10" type="60" displayName="TSIS Oversight Activity" parentDisplayName="Work Order" id="{d8dc9595-c451-eb11-a812-000d3af3ac0d}" />
      </MissingDependency>
      <MissingDependency>
        <Required key="56" type="2" schemaName="msdyn_timeclosed" displayName="Closed On" parentSchemaName="msdyn_workorder" parentDisplayName="Work Order" solution="FieldService (8.8.0.88)" />
        <Dependent key="10" type="60" displayName="TSIS Oversight Activity" parentDisplayName="Work Order" id="{d8dc9595-c451-eb11-a812-000d3af3ac0d}" />
      </MissingDependency>
      <MissingDependency>
        <Required key="57" type="2" schemaName="msdyn_serviceterritory" displayName="Region" parentSchemaName="msdyn_workorder" parentDisplayName="Work Order" solution="FieldService (8.8.0.88)" />
        <Dependent key="10" type="60" displayName="TSIS Oversight Activity" parentDisplayName="Work Order" id="{d8dc9595-c451-eb11-a812-000d3af3ac0d}" />
      </MissingDependency>
      <MissingDependency>
        <Required key="58" type="2" schemaName="msdyn_datewindowend" displayName="Date Window End" parentSchemaName="msdyn_workorder" parentDisplayName="Work Order" solution="FieldService (8.8.0.88)" />
        <Dependent key="10" type="60" displayName="TSIS Oversight Activity" parentDisplayName="Work Order" id="{d8dc9595-c451-eb11-a812-000d3af3ac0d}" />
      </MissingDependency>
      <MissingDependency>
        <Required key="59" type="2" schemaName="msdyn_country" displayName="Country/Region" parentSchemaName="msdyn_workorder" parentDisplayName="Work Order" solution="FieldService (8.8.0.88)" />
        <Dependent key="10" type="60" displayName="TSIS Oversight Activity" parentDisplayName="Work Order" id="{d8dc9595-c451-eb11-a812-000d3af3ac0d}" />
      </MissingDependency>
      <MissingDependency>
        <Required key="60" type="2" schemaName="msdyn_stateorprovince" displayName="Province" parentSchemaName="msdyn_workorder" parentDisplayName="Work Order" solution="FieldService (8.8.0.88)" />
        <Dependent key="10" type="60" displayName="TSIS Oversight Activity" parentDisplayName="Work Order" id="{d8dc9595-c451-eb11-a812-000d3af3ac0d}" />
      </MissingDependency>
      <MissingDependency>
        <Required key="61" type="2" schemaName="msdyn_longitude" displayName="Longitude" parentSchemaName="msdyn_workorder" parentDisplayName="Work Order" solution="FieldService (8.8.0.88)" />
        <Dependent key="10" type="60" displayName="TSIS Oversight Activity" parentDisplayName="Work Order" id="{d8dc9595-c451-eb11-a812-000d3af3ac0d}" />
      </MissingDependency>
      <MissingDependency>
        <Required key="62" type="2" schemaName="modifiedon" displayName="Modified On" parentSchemaName="msdyn_workorder" parentDisplayName="Work Order" solution="FieldService (8.8.0.88)" />
        <Dependent key="10" type="60" displayName="TSIS Oversight Activity" parentDisplayName="Work Order" id="{d8dc9595-c451-eb11-a812-000d3af3ac0d}" />
      </MissingDependency>
      <MissingDependency>
        <Required key="63" type="2" schemaName="ovs_secondaryinspector" displayName="Secondary Inspector" parentSchemaName="msdyn_workorder" parentDisplayName="Work Order" solution="Active" />
        <Dependent key="10" type="60" displayName="TSIS Oversight Activity" parentDisplayName="Work Order" id="{d8dc9595-c451-eb11-a812-000d3af3ac0d}" />
      </MissingDependency>
      <MissingDependency>
        <Required key="64" type="2" schemaName="msdyn_datewindowstart" displayName="Date Window Start" parentSchemaName="msdyn_workorder" parentDisplayName="Work Order" solution="FieldService (8.8.0.88)" />
        <Dependent key="10" type="60" displayName="TSIS Oversight Activity" parentDisplayName="Work Order" id="{d8dc9595-c451-eb11-a812-000d3af3ac0d}" />
      </MissingDependency>
      <MissingDependency>
        <Required key="65" type="2" schemaName="msdyn_instructions" displayName="Instructions" parentSchemaName="msdyn_workorder" parentDisplayName="Work Order" solution="FieldService (8.8.0.88)" />
        <Dependent key="10" type="60" displayName="TSIS Oversight Activity" parentDisplayName="Work Order" id="{d8dc9595-c451-eb11-a812-000d3af3ac0d}" />
      </MissingDependency>
      <MissingDependency>
        <Required key="66" type="2" schemaName="msdyn_supportcontact" displayName="Support Contact" parentSchemaName="msdyn_workorder" parentDisplayName="Work Order" solution="FieldService (8.8.0.88)" />
        <Dependent key="10" type="60" displayName="TSIS Oversight Activity" parentDisplayName="Work Order" id="{d8dc9595-c451-eb11-a812-000d3af3ac0d}" />
      </MissingDependency>
      <MissingDependency>
        <Required key="67" type="2" schemaName="msdyn_primaryincidentestimatedduration" displayName="Primary Incident Estimated Duration" parentSchemaName="msdyn_workorder" parentDisplayName="Work Order" solution="FieldService (8.8.0.88)" />
        <Dependent key="10" type="60" displayName="TSIS Oversight Activity" parentDisplayName="Work Order" id="{d8dc9595-c451-eb11-a812-000d3af3ac0d}" />
      </MissingDependency>
      <MissingDependency>
        <Required key="68" type="2" schemaName="msdyn_taxable" displayName="Taxable" parentSchemaName="msdyn_workorder" parentDisplayName="Work Order" solution="FieldService (8.8.0.88)" />
        <Dependent key="10" type="60" displayName="TSIS Oversight Activity" parentDisplayName="Work Order" id="{d8dc9595-c451-eb11-a812-000d3af3ac0d}" />
      </MissingDependency>
      <MissingDependency>
        <Required key="69" type="2" schemaName="msdyn_mapcontrol" displayName="This field should only be used to load the custom map control" parentSchemaName="msdyn_workorder" parentDisplayName="Work Order" solution="FieldService (8.8.0.88)" />
        <Dependent key="10" type="60" displayName="TSIS Oversight Activity" parentDisplayName="Work Order" id="{d8dc9595-c451-eb11-a812-000d3af3ac0d}" />
      </MissingDependency>
      <MissingDependency>
        <Required key="70" type="2" schemaName="msdyn_address1" displayName="Street 1" parentSchemaName="msdyn_workorder" parentDisplayName="Work Order" solution="FieldService (8.8.0.88)" />
        <Dependent key="10" type="60" displayName="TSIS Oversight Activity" parentDisplayName="Work Order" id="{d8dc9595-c451-eb11-a812-000d3af3ac0d}" />
      </MissingDependency>
      <MissingDependency>
        <Required key="71" type="2" schemaName="msdyn_timegroup" displayName="Fulfillment Preference" parentSchemaName="msdyn_workorder" parentDisplayName="Work Order" solution="FieldService (8.8.0.88)" />
        <Dependent key="10" type="60" displayName="TSIS Oversight Activity" parentDisplayName="Work Order" id="{d8dc9595-c451-eb11-a812-000d3af3ac0d}" />
      </MissingDependency>
      <MissingDependency>
        <Required key="72" type="2" schemaName="msdyn_primaryincidentdescription" displayName="Primary Incident Description" parentSchemaName="msdyn_workorder" parentDisplayName="Work Order" solution="FieldService (8.8.0.88)" />
        <Dependent key="10" type="60" displayName="TSIS Oversight Activity" parentDisplayName="Work Order" id="{d8dc9595-c451-eb11-a812-000d3af3ac0d}" />
      </MissingDependency>
      <MissingDependency>
        <Required key="73" type="2" schemaName="msdyn_serviceaccount" displayName="Site" parentSchemaName="msdyn_workorder" parentDisplayName="Work Order" solution="FieldService (8.8.0.88)" />
        <Dependent key="10" type="60" displayName="TSIS Oversight Activity" parentDisplayName="Work Order" id="{d8dc9595-c451-eb11-a812-000d3af3ac0d}" />
      </MissingDependency>
      <MissingDependency>
        <Required key="74" type="2" schemaName="msdyn_workhourtemplate" displayName="Work Hour Template" parentSchemaName="msdyn_workorder" parentDisplayName="Work Order" solution="FieldService (8.8.0.88)" />
        <Dependent key="10" type="60" displayName="TSIS Oversight Activity" parentDisplayName="Work Order" id="{d8dc9595-c451-eb11-a812-000d3af3ac0d}" />
      </MissingDependency>
      <MissingDependency>
        <Required key="75" type="2" schemaName="msdyn_workordertype" displayName="Work Order Type" parentSchemaName="msdyn_workorder" parentDisplayName="Work Order" solution="FieldService (8.8.0.88)" />
        <Dependent key="10" type="60" displayName="TSIS Oversight Activity" parentDisplayName="Work Order" id="{d8dc9595-c451-eb11-a812-000d3af3ac0d}" />
      </MissingDependency>
      <MissingDependency>
        <Required key="76" type="2" schemaName="msdyn_latitude" displayName="Latitude" parentSchemaName="msdyn_workorder" parentDisplayName="Work Order" solution="FieldService (8.8.0.88)" />
        <Dependent key="10" type="60" displayName="TSIS Oversight Activity" parentDisplayName="Work Order" id="{d8dc9595-c451-eb11-a812-000d3af3ac0d}" />
      </MissingDependency>
      <MissingDependency>
        <Required key="77" type="10" schemaName="msdyn_msdyn_taxcode_msdyn_workorder_TaxCode" displayName="msdyn_msdyn_taxcode_msdyn_workorder_TaxCode" parentSchemaName="msdyn_taxcode" parentDisplayName="Tax Code" solution="FieldService (8.8.0.88)" />
        <Dependent key="10" type="60" displayName="TSIS Oversight Activity" parentDisplayName="Work Order" id="{d8dc9595-c451-eb11-a812-000d3af3ac0d}" />
      </MissingDependency>
      <MissingDependency>
        <Required key="78" type="10" schemaName="msdyn_msdyn_iotalert_msdyn_workorder_IoTAlert" displayName="msdyn_msdyn_iotalert_msdyn_workorder_IoTAlert" parentSchemaName="msdyn_iotalert" parentDisplayName="IoT Alert" solution="ConnectedFieldService (1.8.8.1)" />
        <Dependent key="10" type="60" displayName="TSIS Oversight Activity" parentDisplayName="Work Order" id="{d8dc9595-c451-eb11-a812-000d3af3ac0d}" />
      </MissingDependency>
      <MissingDependency>
        <Required key="79" type="10" schemaName="msdyn_msdyn_workorder_msdyn_purchaseorder_WorkOrder" displayName="msdyn_msdyn_workorder_msdyn_purchaseorder_WorkOrder" parentSchemaName="msdyn_workorder" parentDisplayName="Work Order" solution="FieldService (8.8.0.88)" />
        <Dependent key="10" type="60" displayName="TSIS Oversight Activity" parentDisplayName="Work Order" id="{d8dc9595-c451-eb11-a812-000d3af3ac0d}" />
      </MissingDependency>
      <MissingDependency>
        <Required key="80" type="10" schemaName="msdyn_opportunity_msdyn_workorder" displayName="msdyn_opportunity_msdyn_workorder" parentSchemaName="opportunity" parentDisplayName="Opportunity" solution="FieldService (8.8.0.88)" />
        <Dependent key="10" type="60" displayName="TSIS Oversight Activity" parentDisplayName="Work Order" id="{d8dc9595-c451-eb11-a812-000d3af3ac0d}" />
      </MissingDependency>
      <MissingDependency>
        <Required key="81" type="10" schemaName="ovs_msdyn_workorder_SecondaryInspector_Bookab" displayName="ovs_msdyn_workorder_SecondaryInspector_Bookab" parentSchemaName="bookableresource" parentDisplayName="Bookable Resource" solution="Active" />
        <Dependent key="10" type="60" displayName="TSIS Oversight Activity" parentDisplayName="Work Order" id="{d8dc9595-c451-eb11-a812-000d3af3ac0d}" />
      </MissingDependency>
      <MissingDependency>
        <Required key="82" type="10" schemaName="msdyn_account_msdyn_workorder_ServiceAccount" displayName="msdyn_account_msdyn_workorder_ServiceAccount" parentSchemaName="account" parentDisplayName="Account" solution="FieldService (8.8.0.88)" />
        <Dependent key="10" type="60" displayName="TSIS Oversight Activity" parentDisplayName="Work Order" id="{d8dc9595-c451-eb11-a812-000d3af3ac0d}" />
      </MissingDependency>
      <MissingDependency>
        <Required key="83" type="10" schemaName="ovs_tc_tcfiscalquarter_msdyn_workorder" displayName="ovs_tc_tcfiscalquarter_msdyn_workorder" parentSchemaName="tc_tcfiscalquarter" parentDisplayName="TCFiscalQuarter" solution="Active" />
        <Dependent key="10" type="60" displayName="TSIS Oversight Activity" parentDisplayName="Work Order" id="{d8dc9595-c451-eb11-a812-000d3af3ac0d}" />
      </MissingDependency>
      <MissingDependency>
        <Required key="84" type="10" schemaName="msdyn_msdyn_workorder_msdyn_workorderservice_WorkOrder" displayName="msdyn_msdyn_workorder_msdyn_workorderservice_WorkOrder" parentSchemaName="msdyn_workorder" parentDisplayName="Work Order" solution="FieldService (8.8.0.88)" />
        <Dependent key="10" type="60" displayName="TSIS Oversight Activity" parentDisplayName="Work Order" id="{d8dc9595-c451-eb11-a812-000d3af3ac0d}" />
      </MissingDependency>
      <MissingDependency>
        <Required key="85" type="10" schemaName="msdyn_msdyn_workorder_msdyn_rtv_WorkOrder" displayName="msdyn_msdyn_workorder_msdyn_rtv_WorkOrder" parentSchemaName="msdyn_workorder" parentDisplayName="Work Order" solution="FieldService (8.8.0.88)" />
        <Dependent key="10" type="60" displayName="TSIS Oversight Activity" parentDisplayName="Work Order" id="{d8dc9595-c451-eb11-a812-000d3af3ac0d}" />
      </MissingDependency>
      <MissingDependency>
        <Required key="86" type="10" schemaName="msdyn_msdyn_workorder_msdyn_workorderincident_WorkOrder" displayName="msdyn_msdyn_workorder_msdyn_workorderincident_WorkOrder" parentSchemaName="msdyn_workorder" parentDisplayName="Work Order" solution="FieldService (8.8.0.88)" />
        <Dependent key="10" type="60" displayName="TSIS Oversight Activity" parentDisplayName="Work Order" id="{d8dc9595-c451-eb11-a812-000d3af3ac0d}" />
      </MissingDependency>
      <MissingDependency>
        <Required key="87" type="10" schemaName="msdyn_territory_msdyn_workorder_ServiceTerritory" displayName="msdyn_territory_msdyn_workorder_ServiceTerritory" parentSchemaName="territory" parentDisplayName="Region" solution="FieldService (8.8.0.88)" />
        <Dependent key="10" type="60" displayName="TSIS Oversight Activity" parentDisplayName="Work Order" id="{d8dc9595-c451-eb11-a812-000d3af3ac0d}" />
      </MissingDependency>
      <MissingDependency>
        <Required key="88" type="10" schemaName="msdyn_msdyn_workordersubstatus_msdyn_workorder_Status" displayName="msdyn_msdyn_workordersubstatus_msdyn_workorder_Status" parentSchemaName="msdyn_workordersubstatus" parentDisplayName="Work Order Substatus" solution="FieldService (8.8.0.88)" />
        <Dependent key="10" type="60" displayName="TSIS Oversight Activity" parentDisplayName="Work Order" id="{d8dc9595-c451-eb11-a812-000d3af3ac0d}" />
      </MissingDependency>
      <MissingDependency>
        <Required key="89" type="10" schemaName="ovs_msdyn_workorder_PrimaryInspector_Bookable" displayName="ovs_msdyn_workorder_PrimaryInspector_Bookable" parentSchemaName="bookableresource" parentDisplayName="Bookable Resource" solution="Active" />
        <Dependent key="10" type="60" displayName="TSIS Oversight Activity" parentDisplayName="Work Order" id="{d8dc9595-c451-eb11-a812-000d3af3ac0d}" />
      </MissingDependency>
      <MissingDependency>
        <Required key="90" type="10" schemaName="msdyn_contact_msdyn_workorder_ReportedByContact" displayName="msdyn_contact_msdyn_workorder_ReportedByContact" parentSchemaName="contact" parentDisplayName="Contact" solution="FieldService (8.8.0.88)" />
        <Dependent key="10" type="60" displayName="TSIS Oversight Activity" parentDisplayName="Work Order" id="{d8dc9595-c451-eb11-a812-000d3af3ac0d}" />
      </MissingDependency>
      <MissingDependency>
        <Required key="91" type="10" schemaName="msdyn_msdyn_workordertype_msdyn_workorder_WorkOrderType" displayName="msdyn_msdyn_workordertype_msdyn_workorder_WorkOrderType" parentSchemaName="msdyn_workordertype" parentDisplayName="Work Order Type" solution="FieldService (8.8.0.88)" />
        <Dependent key="10" type="60" displayName="TSIS Oversight Activity" parentDisplayName="Work Order" id="{d8dc9595-c451-eb11-a812-000d3af3ac0d}" />
      </MissingDependency>
      <MissingDependency>
        <Required key="92" type="10" schemaName="msdyn_incident_msdyn_workorder_ServiceRequest" displayName="msdyn_incident_msdyn_workorder_ServiceRequest" parentSchemaName="incident" parentDisplayName="Case" solution="FieldService (8.8.0.88)" />
        <Dependent key="10" type="60" displayName="TSIS Oversight Activity" parentDisplayName="Work Order" id="{d8dc9595-c451-eb11-a812-000d3af3ac0d}" />
      </MissingDependency>
      <MissingDependency>
        <Required key="93" type="10" schemaName="msdyn_msdyn_workorder_msdyn_workorder_ParentWorkOrder" displayName="msdyn_msdyn_workorder_msdyn_workorder_ParentWorkOrder" parentSchemaName="msdyn_workorder" parentDisplayName="Work Order" solution="FieldService (8.8.0.88)" />
        <Dependent key="10" type="60" displayName="TSIS Oversight Activity" parentDisplayName="Work Order" id="{d8dc9595-c451-eb11-a812-000d3af3ac0d}" />
      </MissingDependency>
      <MissingDependency>
        <Required key="94" type="10" schemaName="msdyn_bookableresource_msdyn_workorder_SupportContact" displayName="msdyn_bookableresource_msdyn_workorder_SupportContact" parentSchemaName="bookableresource" parentDisplayName="Bookable Resource" solution="FieldService (8.8.0.88)" />
        <Dependent key="10" type="60" displayName="TSIS Oversight Activity" parentDisplayName="Work Order" id="{d8dc9595-c451-eb11-a812-000d3af3ac0d}" />
      </MissingDependency>
      <MissingDependency>
        <Required key="95" type="10" schemaName="msdyn_msdyn_timegroup_msdyn_workorder_TimeGroup" displayName="msdyn_msdyn_timegroup_msdyn_workorder_TimeGroup" parentSchemaName="msdyn_timegroup" parentDisplayName="Fulfillment Preference" solution="FieldService (8.8.0.88)" />
        <Dependent key="10" type="60" displayName="TSIS Oversight Activity" parentDisplayName="Work Order" id="{d8dc9595-c451-eb11-a812-000d3af3ac0d}" />
      </MissingDependency>
      <MissingDependency>
        <Required key="96" type="10" schemaName="msdyn_account_msdyn_workorder_BillingAccount" displayName="msdyn_account_msdyn_workorder_BillingAccount" parentSchemaName="account" parentDisplayName="Account" solution="FieldService (8.8.0.88)" />
        <Dependent key="10" type="60" displayName="TSIS Oversight Activity" parentDisplayName="Work Order" id="{d8dc9595-c451-eb11-a812-000d3af3ac0d}" />
      </MissingDependency>
      <MissingDependency>
        <Required key="97" type="10" schemaName="ovs_site_ovs_operation" displayName="ovs_site_ovs_operation" parentSchemaName="account" parentDisplayName="Account" solution="Active" />
        <Dependent key="10" type="60" displayName="TSIS Oversight Activity" parentDisplayName="Work Order" id="{d8dc9595-c451-eb11-a812-000d3af3ac0d}" />
      </MissingDependency>
      <MissingDependency>
        <Required key="98" type="10" schemaName="msdyn_msdyn_workorder_msdyn_workorderservicetask_WorkOrder" displayName="msdyn_msdyn_workorder_msdyn_workorderservicetask_WorkOrder" parentSchemaName="msdyn_workorder" parentDisplayName="Work Order" solution="FieldService (8.8.0.88)" />
        <Dependent key="10" type="60" displayName="TSIS Oversight Activity" parentDisplayName="Work Order" id="{d8dc9595-c451-eb11-a812-000d3af3ac0d}" />
      </MissingDependency>
      <MissingDependency>
        <Required key="99" type="10" schemaName="msdyn_msdyn_workorder_bookableresourcebooking_WorkOrder" displayName="msdyn_msdyn_workorder_bookableresourcebooking_WorkOrder" parentSchemaName="msdyn_workorder" parentDisplayName="Work Order" solution="FieldService (8.8.0.88)" />
        <Dependent key="10" type="60" displayName="TSIS Oversight Activity" parentDisplayName="Work Order" id="{d8dc9595-c451-eb11-a812-000d3af3ac0d}" />
      </MissingDependency>
      <MissingDependency>
        <Required key="100" type="10" schemaName="msdyn_msdyn_priority_msdyn_workorder_Priority" displayName="msdyn_msdyn_priority_msdyn_workorder_Priority" parentSchemaName="msdyn_priority" parentDisplayName="Priority" solution="FieldService (8.8.0.88)" />
        <Dependent key="10" type="60" displayName="TSIS Oversight Activity" parentDisplayName="Work Order" id="{d8dc9595-c451-eb11-a812-000d3af3ac0d}" />
      </MissingDependency>
      <MissingDependency>
        <Required key="101" type="10" schemaName="ovs_msdyn_workorder_FiscalQuarter_tc_TCFiscal" displayName="ovs_msdyn_workorder_FiscalQuarter_tc_TCFiscal" parentSchemaName="tc_tcfiscalquarter" parentDisplayName="TCFiscalQuarter" solution="Active" />
        <Dependent key="10" type="60" displayName="TSIS Oversight Activity" parentDisplayName="Work Order" id="{d8dc9595-c451-eb11-a812-000d3af3ac0d}" />
      </MissingDependency>
      <MissingDependency>
        <Required key="102" type="10" schemaName="msdyn_msdyn_workorder_msdyn_rma_WorkOrder" displayName="msdyn_msdyn_workorder_msdyn_rma_WorkOrder" parentSchemaName="msdyn_workorder" parentDisplayName="Work Order" solution="FieldService (8.8.0.88)" />
        <Dependent key="10" type="60" displayName="TSIS Oversight Activity" parentDisplayName="Work Order" id="{d8dc9595-c451-eb11-a812-000d3af3ac0d}" />
      </MissingDependency>
      <MissingDependency>
        <Required key="103" type="10" schemaName="msdyn_account_msdyn_agreement_ServiceAccount" displayName="msdyn_account_msdyn_agreement_ServiceAccount" parentSchemaName="account" parentDisplayName="Account" solution="FieldService (8.8.0.88)" />
        <Dependent key="10" type="60" displayName="TSIS Oversight Activity" parentDisplayName="Work Order" id="{d8dc9595-c451-eb11-a812-000d3af3ac0d}" />
      </MissingDependency>
      <MissingDependency>
        <Required key="104" type="10" schemaName="msdyn_msdyn_workorder_invoicedetail" displayName="msdyn_msdyn_workorder_invoicedetail" parentSchemaName="msdyn_workorder" parentDisplayName="Work Order" solution="FieldService (8.8.0.88)" />
        <Dependent key="10" type="60" displayName="TSIS Oversight Activity" parentDisplayName="Work Order" id="{d8dc9595-c451-eb11-a812-000d3af3ac0d}" />
      </MissingDependency>
      <MissingDependency>
        <Required key="105" type="10" schemaName="msdyn_msdyn_workhourtemplate_msdyn_workorder_workhourtemplate" displayName="msdyn_msdyn_workhourtemplate_msdyn_workorder_workhourtemplate" parentSchemaName="msdyn_workhourtemplate" parentDisplayName="Work Template" solution="FieldService (8.8.0.88)" />
        <Dependent key="10" type="60" displayName="TSIS Oversight Activity" parentDisplayName="Work Order" id="{d8dc9595-c451-eb11-a812-000d3af3ac0d}" />
      </MissingDependency>
      <MissingDependency>
        <Required key="106" type="10" schemaName="ovs_msdyn_workorder_FiscalYear_tc_TCFiscalYea" displayName="ovs_msdyn_workorder_FiscalYear_tc_TCFiscalYea" parentSchemaName="tc_tcfiscalyear" parentDisplayName="TCFiscalYear" solution="Active" />
        <Dependent key="10" type="60" displayName="TSIS Oversight Activity" parentDisplayName="Work Order" id="{d8dc9595-c451-eb11-a812-000d3af3ac0d}" />
      </MissingDependency>
      <MissingDependency>
        <Required key="107" type="10" schemaName="msdyn_msdyn_customerasset_msdyn_workorder_CustomerAsset" displayName="msdyn_msdyn_customerasset_msdyn_workorder_CustomerAsset" parentSchemaName="msdyn_customerasset" parentDisplayName="Customer Asset" solution="FieldService (8.8.0.88)" />
        <Dependent key="10" type="60" displayName="TSIS Oversight Activity" parentDisplayName="Work Order" id="{d8dc9595-c451-eb11-a812-000d3af3ac0d}" />
      </MissingDependency>
      <MissingDependency>
        <Required key="108" type="10" schemaName="msdyn_msdyn_agreement_msdyn_workorder_Agreement" displayName="msdyn_msdyn_agreement_msdyn_workorder_Agreement" parentSchemaName="msdyn_agreement" parentDisplayName="Agreement" solution="FieldService (8.8.0.88)" />
        <Dependent key="10" type="60" displayName="TSIS Oversight Activity" parentDisplayName="Work Order" id="{d8dc9595-c451-eb11-a812-000d3af3ac0d}" />
      </MissingDependency>
      <MissingDependency>
        <Required key="109" type="10" schemaName="msdyn_msdyn_workordertype_msdyn_incidenttype_DefaultWorkOrderType" displayName="msdyn_msdyn_workordertype_msdyn_incidenttype_DefaultWorkOrderType" parentSchemaName="msdyn_workordertype" parentDisplayName="Work Order Type" solution="FieldService (8.8.0.88)" />
        <Dependent key="10" type="60" displayName="TSIS Oversight Activity" parentDisplayName="Work Order" id="{d8dc9595-c451-eb11-a812-000d3af3ac0d}" />
      </MissingDependency>
      <MissingDependency>
        <Required key="110" type="10" schemaName="msdyn_msdyn_incidenttype_msdyn_workorder_PrimaryIncidentType" displayName="msdyn_msdyn_incidenttype_msdyn_workorder_PrimaryIncidentType" parentSchemaName="msdyn_incidenttype" parentDisplayName="Incident Type" solution="FieldService (8.8.0.88)" />
        <Dependent key="10" type="60" displayName="TSIS Oversight Activity" parentDisplayName="Work Order" id="{d8dc9595-c451-eb11-a812-000d3af3ac0d}" />
      </MissingDependency>
      <MissingDependency>
        <Required key="111" type="10" schemaName="msdyn_msdyn_workorder_msdyn_workorderproduct_WorkOrder" displayName="msdyn_msdyn_workorder_msdyn_workorderproduct_WorkOrder" parentSchemaName="msdyn_workorder" parentDisplayName="Work Order" solution="FieldService (8.8.0.88)" />
        <Dependent key="10" type="60" displayName="TSIS Oversight Activity" parentDisplayName="Work Order" id="{d8dc9595-c451-eb11-a812-000d3af3ac0d}" />
      </MissingDependency>
      <MissingDependency>
        <Required key="112" type="10" schemaName="ovs_msdyn_workorder_Rational_ovs_TYRational" displayName="ovs_msdyn_workorder_Rational_ovs_TYRational" parentSchemaName="ovs_tyrational" parentDisplayName="TYRational" solution="Active" />
        <Dependent key="10" type="60" displayName="TSIS Oversight Activity" parentDisplayName="Work Order" id="{d8dc9595-c451-eb11-a812-000d3af3ac0d}" />
      </MissingDependency>
      <MissingDependency>
        <Required key="113" type="10" schemaName="msdyn_systemuser_msdyn_workorder_ClosedBy" displayName="msdyn_systemuser_msdyn_workorder_ClosedBy" parentSchemaName="systemuser" parentDisplayName="User" solution="FieldService (8.8.0.88)" />
        <Dependent key="10" type="60" displayName="TSIS Oversight Activity" parentDisplayName="Work Order" id="{d8dc9595-c451-eb11-a812-000d3af3ac0d}" />
      </MissingDependency>
      <MissingDependency>
        <Required key="114" type="10" schemaName="tc_TCFiscalQuarter_TCFiscalYear" displayName="tc_TCFiscalQuarter_TCFiscalYear" parentSchemaName="tc_tcfiscalyear" parentDisplayName="TCFiscalYear" solution="Active" />
        <Dependent key="10" type="60" displayName="TSIS Oversight Activity" parentDisplayName="Work Order" id="{d8dc9595-c451-eb11-a812-000d3af3ac0d}" />
      </MissingDependency>
      <MissingDependency>
        <Required key="115" type="10" schemaName="msdyn_workorder_OversightType_ovs_Oversig" displayName="msdyn_workorder_OversightType_ovs_Oversig" parentSchemaName="ovs_oversighttype" parentDisplayName="Oversight Type" solution="Active" />
        <Dependent key="10" type="60" displayName="TSIS Oversight Activity" parentDisplayName="Work Order" id="{d8dc9595-c451-eb11-a812-000d3af3ac0d}" />
      </MissingDependency>
      <MissingDependency>
        <Required key="116" type="10" schemaName="ovs_regulated_entity_ovs_operation" displayName="ovs_regulated_entity_ovs_operation" parentSchemaName="account" parentDisplayName="Account" solution="Active" />
        <Dependent key="10" type="60" displayName="TSIS Oversight Activity" parentDisplayName="Work Order" id="{d8dc9595-c451-eb11-a812-000d3af3ac0d}" />
      </MissingDependency>
      <MissingDependency>
        <Required key="117" type="20" displayName="AvSec - Inspector" solution="Active" id="{d1c7e00c-4757-eb11-a812-000d3aff12c2}" />
        <Dependent key="10" type="60" displayName="TSIS Oversight Activity" parentDisplayName="Work Order" id="{d8dc9595-c451-eb11-a812-000d3af3ac0d}" />
      </MissingDependency>
      <MissingDependency>
        <Required key="118" type="26" schemaName="Alertes principales" displayName="Alertes principales" parentSchemaName="msdyn_iotalert" parentDisplayName="IoT Alert" solution="IoTConnector (1.8.9.7)" id="{b96d141d-a429-e611-8107-00155db9cd0a}" />
        <Dependent key="10" type="60" displayName="TSIS Oversight Activity" parentDisplayName="Work Order" id="{d8dc9595-c451-eb11-a812-000d3af3ac0d}" />
      </MissingDependency>
      <MissingDependency>
        <Required key="119" type="26" schemaName="Operation Lookup View" displayName="Operation Lookup View" parentSchemaName="ovs_operation" parentDisplayName="Operation" solution="Active" id="{dfcac278-14e6-45d1-8e67-289f2c7082a1}" />
        <Dependent key="10" type="60" displayName="TSIS Oversight Activity" parentDisplayName="Work Order" id="{d8dc9595-c451-eb11-a812-000d3af3ac0d}" />
      </MissingDependency>
      <MissingDependency>
        <Required key="120" type="26" schemaName="Vue Recherche de secteurs de vente" displayName="Vue Recherche de secteurs de vente" parentSchemaName="territory" parentDisplayName="Region" solution="msdynce_AppCommon (9.0.4.0066)" id="{ad81b2ca-9789-4465-8c56-94c10830a6ed}" />
        <Dependent key="10" type="60" displayName="TSIS Oversight Activity" parentDisplayName="Work Order" id="{d8dc9595-c451-eb11-a812-000d3af3ac0d}" />
      </MissingDependency>
      <MissingDependency>
        <Required key="121" type="26" schemaName="Incidents d'ordres de travail actifs" displayName="Incidents d'ordres de travail actifs" parentSchemaName="msdyn_workorderincident" parentDisplayName="Work Order Incident" solution="FieldService (8.8.0.88)" id="{869d188f-6b03-4e54-bb63-ae4a11c0324f}" />
        <Dependent key="10" type="60" displayName="TSIS Oversight Activity" parentDisplayName="Work Order" id="{d8dc9595-c451-eb11-a812-000d3af3ac0d}" />
      </MissingDependency>
      <MissingDependency>
        <Required key="122" type="26" schemaName="Vue Recherche Incidents" displayName="Vue Recherche Incidents" parentSchemaName="incident" parentDisplayName="Case" solution="msdynce_Service (9.0.5.56)" id="{9ac51863-58c7-49a0-adcc-afd9a4c3ee59}" />
        <Dependent key="10" type="60" displayName="TSIS Oversight Activity" parentDisplayName="Work Order" id="{d8dc9595-c451-eb11-a812-000d3af3ac0d}" />
      </MissingDependency>
      <MissingDependency>
        <Required key="123" type="26" schemaName="Réservations de ressources actives (informations de Field Service)" displayName="Réservations de ressources actives (informations de Field Service)" parentSchemaName="bookableresourcebooking" parentDisplayName="Bookable Resource Booking" solution="FieldService (8.8.0.88)" id="{8af53d0e-07fe-49d4-bbba-ca524dd6551b}" />
        <Dependent key="10" type="60" displayName="TSIS Oversight Activity" parentDisplayName="Work Order" id="{d8dc9595-c451-eb11-a812-000d3af3ac0d}" />
      </MissingDependency>
      <MissingDependency>
        <Required key="124" type="26" schemaName="Tâches actives relatives au service d'ordre de travail" displayName="Tâches actives relatives au service d'ordre de travail" parentSchemaName="msdyn_workorderservicetask" parentDisplayName="Work Order Service Task" solution="FieldService (8.8.0.88)" id="{c9fd8f4d-8184-4ddb-a31a-89e66e8e710e}" />
        <Dependent key="10" type="60" displayName="TSIS Oversight Activity" parentDisplayName="Work Order" id="{d8dc9595-c451-eb11-a812-000d3af3ac0d}" />
      </MissingDependency>
      <MissingDependency>
        <Required key="125" type="26" schemaName="Vue Recherche Actif client" displayName="Vue Recherche Actif client" parentSchemaName="msdyn_customerasset" parentDisplayName="Customer Asset" solution="msdyn_AssetCommon (1.0.7.40)" id="{fd2fda4c-4b7f-4a68-a2cb-c1e1c6a31c8f}" />
        <Dependent key="10" type="60" displayName="TSIS Oversight Activity" parentDisplayName="Work Order" id="{d8dc9595-c451-eb11-a812-000d3af3ac0d}" />
      </MissingDependency>
      <MissingDependency>
        <Required key="126" type="26" schemaName="Autoriser sur la recherche d'ordre de travail" displayName="Autoriser sur la recherche d'ordre de travail" parentSchemaName="msdyn_incidenttype" parentDisplayName="Incident Type" solution="FieldService (8.8.0.88)" id="{82e357fe-4361-e111-ac14-000c2959f9b8}" />
        <Dependent key="10" type="60" displayName="TSIS Oversight Activity" parentDisplayName="Work Order" id="{d8dc9595-c451-eb11-a812-000d3af3ac0d}" />
      </MissingDependency>
      <MissingDependency>
        <Required key="127" type="26" schemaName="Regulated Entities" displayName="Regulated Entities" parentSchemaName="account" parentDisplayName="Account" solution="Active" id="{8965dc8d-460a-eb11-a813-000d3af3a7a7}" />
        <Dependent key="10" type="60" displayName="TSIS Oversight Activity" parentDisplayName="Work Order" id="{d8dc9595-c451-eb11-a812-000d3af3ac0d}" />
      </MissingDependency>
      <MissingDependency>
        <Required key="128" type="26" schemaName="Services d'ordre de travail actif" displayName="Services d'ordre de travail actif" parentSchemaName="msdyn_workorderservice" parentDisplayName="Work Order Service" solution="FieldService (8.8.0.88)" id="{0312a55e-e22c-4afb-abff-4bdbf5cfd601}" />
        <Dependent key="10" type="60" displayName="TSIS Oversight Activity" parentDisplayName="Work Order" id="{d8dc9595-c451-eb11-a812-000d3af3ac0d}" />
      </MissingDependency>
      <MissingDependency>
        <Required key="129" type="26" schemaName="Produits d'ordres de travail actifs" displayName="Produits d'ordres de travail actifs" parentSchemaName="msdyn_workorderproduct" parentDisplayName="Work Order Product" solution="FieldService (8.8.0.88)" id="{1662ced4-9bc6-4e77-90b2-6bbf2bef029f}" />
        <Dependent key="10" type="60" displayName="TSIS Oversight Activity" parentDisplayName="Work Order" id="{d8dc9595-c451-eb11-a812-000d3af3ac0d}" />
      </MissingDependency>
      <MissingDependency>
        <Required key="130" type="26" schemaName="Tâches inactives relatives au service d'ordre de travail" displayName="Tâches inactives relatives au service d'ordre de travail" parentSchemaName="msdyn_workorderservicetask" parentDisplayName="Work Order Service Task" solution="FieldService (8.8.0.88)" id="{2f145106-bcb3-4f0f-9d02-e8c3b6bb25e8}" />
        <Dependent key="10" type="60" displayName="TSIS Oversight Activity" parentDisplayName="Work Order" id="{d8dc9595-c451-eb11-a812-000d3af3ac0d}" />
      </MissingDependency>
      <MissingDependency>
        <Required key="131" type="26" schemaName="Vue Recherche d'ordres de travail" displayName="Vue Recherche d'ordres de travail" parentSchemaName="msdyn_workorder" parentDisplayName="Work Order" solution="FieldService (8.8.0.88)" id="{c0c4fd32-f265-497d-bfae-546c88d5bb3b}" />
        <Dependent key="10" type="60" displayName="TSIS Oversight Activity" parentDisplayName="Work Order" id="{d8dc9595-c451-eb11-a812-000d3af3ac0d}" />
      </MissingDependency>
      <MissingDependency>
        <Required key="132" type="26" schemaName="Inspector View" displayName="Inspector View" parentSchemaName="bookableresource" parentDisplayName="Bookable Resource" solution="Active" id="{e69e584b-1af9-ea11-a815-000d3af3ac0d}" />
        <Dependent key="10" type="60" displayName="TSIS Oversight Activity" parentDisplayName="Work Order" id="{d8dc9595-c451-eb11-a812-000d3af3ac0d}" />
      </MissingDependency>
      <MissingDependency>
        <Required key="133" type="26" schemaName="Vue personnalisée Service d'ordre de travail" displayName="Vue personnalisée Service d'ordre de travail" parentSchemaName="msdyn_workorderservice" parentDisplayName="Work Order Service" solution="FieldService (8.8.0.88)" id="{637fd9ff-b25b-e111-b0e5-000c2959f9b8}" />
        <Dependent key="10" type="60" displayName="TSIS Oversight Activity" parentDisplayName="Work Order" id="{d8dc9595-c451-eb11-a812-000d3af3ac0d}" />
      </MissingDependency>
      <MissingDependency>
        <Required key="134" type="26" schemaName="Vue Recherche Contrat" displayName="Vue Recherche Contrat" parentSchemaName="msdyn_agreement" parentDisplayName="Agreement" solution="FieldService (8.8.0.88)" id="{0e202e69-7e40-4559-bd44-d1c1029e84e1}" />
        <Dependent key="10" type="60" displayName="TSIS Oversight Activity" parentDisplayName="Work Order" id="{d8dc9595-c451-eb11-a812-000d3af3ac0d}" />
      </MissingDependency>
      <MissingDependency>
        <Required key="135" type="26" schemaName="Oversight Type Lookup View" displayName="Oversight Type Lookup View" parentSchemaName="ovs_oversighttype" parentDisplayName="Oversight Type" solution="Active" id="{e799195b-89c5-4ccf-835e-b61fb232f4eb}" />
        <Dependent key="10" type="60" displayName="TSIS Oversight Activity" parentDisplayName="Work Order" id="{d8dc9595-c451-eb11-a812-000d3af3ac0d}" />
      </MissingDependency>
      <MissingDependency>
        <Required key="136" type="26" schemaName="Vue personnalisée Produits d'ordres de travail" displayName="Vue personnalisée Produits d'ordres de travail" parentSchemaName="msdyn_workorderproduct" parentDisplayName="Work Order Product" solution="FieldService (8.8.0.88)" id="{293498de-a23c-e311-974a-00155da8fa1b}" />
        <Dependent key="10" type="60" displayName="TSIS Oversight Activity" parentDisplayName="Work Order" id="{d8dc9595-c451-eb11-a812-000d3af3ac0d}" />
      </MissingDependency>
      <MissingDependency>
        <Required key="137" type="26" schemaName="Vue Recherche de sous-statuts d'ordre de travail" displayName="Vue Recherche de sous-statuts d'ordre de travail" parentSchemaName="msdyn_workordersubstatus" parentDisplayName="Work Order Substatus" solution="FieldService (8.8.0.88)" id="{90871801-b829-4f28-9fcd-70de41d716c8}" />
        <Dependent key="10" type="60" displayName="TSIS Oversight Activity" parentDisplayName="Work Order" id="{d8dc9595-c451-eb11-a812-000d3af3ac0d}" />
      </MissingDependency>
      <MissingDependency>
        <Required key="138" type="59" schemaName="Types d'incidents par mois" displayName="Types d'incidents par mois" parentSchemaName="msdyn_workorderincident" parentDisplayName="Work Order Incident" solution="FieldService (8.8.0.88)" id="{7ccd620f-294e-e111-93b3-000c2959f9b8}" />
        <Dependent key="10" type="60" displayName="TSIS Oversight Activity" parentDisplayName="Work Order" id="{d8dc9595-c451-eb11-a812-000d3af3ac0d}" />
      </MissingDependency>
      <MissingDependency>
        <Required key="139" type="60" displayName="Carte de résumé de compte" parentDisplayName="Account" solution="FieldService (8.8.0.88)" id="{894155a3-95d5-4881-b9c3-04444cef1bcc}" />
        <Dependent key="10" type="60" displayName="TSIS Oversight Activity" parentDisplayName="Work Order" id="{d8dc9595-c451-eb11-a812-000d3af3ac0d}" />
      </MissingDependency>
      <MissingDependency>
        <Required key="140" type="66" schemaName="MscrmControls.DeviceInsights.DeviceInsightsControl" displayName="MscrmControls.DeviceInsights.DeviceInsightsControl" solution="IoTConnector (1.8.9.7)" />
        <Dependent key="10" type="60" displayName="TSIS Oversight Activity" parentDisplayName="Work Order" id="{d8dc9595-c451-eb11-a812-000d3af3ac0d}" />
      </MissingDependency>
      <MissingDependency>
        <Required key="141" type="66" schemaName="MscrmControls.Map.MapControl" displayName="MscrmControls.Map.MapControl" solution="BaseCustomControlsCore (9.0.2012.2014)" />
        <Dependent key="10" type="60" displayName="TSIS Oversight Activity" parentDisplayName="Work Order" id="{d8dc9595-c451-eb11-a812-000d3af3ac0d}" />
      </MissingDependency>
      <MissingDependency>
        <Required key="142" type="66" schemaName="MicrosoftDynamicsFPS.TimeControl" displayName="MicrosoftDynamicsFPS.TimeControl" solution="MicrosoftDynamicsScheduling (3.12.0.448)" />
        <Dependent key="10" type="60" displayName="TSIS Oversight Activity" parentDisplayName="Work Order" id="{d8dc9595-c451-eb11-a812-000d3af3ac0d}" />
      </MissingDependency>
      <MissingDependency>
        <Required key="143" type="61" schemaName="ovs_dg.xrmquery.web.js" displayName="ovs_dg.xrmquery.web.js" solution="Active" />
        <Dependent key="10" type="60" displayName="TSIS Oversight Activity" parentDisplayName="Work Order" id="{d8dc9595-c451-eb11-a812-000d3af3ac0d}" />
      </MissingDependency>
      <MissingDependency>
        <Required key="144" type="61" schemaName="msdyn_/fps/CrmControls/TimeField.html" displayName="msdyn_/fps/CrmControls/TimeField.html" solution="MicrosoftDynamicsScheduling (3.12.0.448)" />
        <Dependent key="10" type="60" displayName="TSIS Oversight Activity" parentDisplayName="Work Order" id="{d8dc9595-c451-eb11-a812-000d3af3ac0d}" />
      </MissingDependency>
      <MissingDependency>
        <Required key="145" type="61" schemaName="msdyn_/CFS/Utils/RibbonUtils.js" displayName="msdyn_/CFS/Utils/RibbonUtils.js" solution="ConnectedFieldService (1.8.8.1)" />
        <Dependent key="10" type="60" displayName="TSIS Oversight Activity" parentDisplayName="Work Order" id="{d8dc9595-c451-eb11-a812-000d3af3ac0d}" />
      </MissingDependency>
      <MissingDependency>
        <Required key="146" type="61" schemaName="ovs_workOrder.js" displayName="ovs_workOrder.js" solution="Active" />
        <Dependent key="10" type="60" displayName="TSIS Oversight Activity" parentDisplayName="Work Order" id="{d8dc9595-c451-eb11-a812-000d3af3ac0d}" />
      </MissingDependency>
      <MissingDependency>
        <Required key="147" type="61" schemaName="msdyn_/Utils/FieldServiceTrial.js" displayName="msdyn_/Utils/FieldServiceTrial.js" solution="FieldService (8.8.0.88)" />
        <Dependent key="10" type="60" displayName="TSIS Oversight Activity" parentDisplayName="Work Order" id="{d8dc9595-c451-eb11-a812-000d3af3ac0d}" />
      </MissingDependency>
      <MissingDependency>
        <Required key="148" type="61" schemaName="ovs_scripts/workOrder.js" displayName="ovs_scripts/workOrder.js" solution="Active" />
        <Dependent key="10" type="60" displayName="TSIS Oversight Activity" parentDisplayName="Work Order" id="{d8dc9595-c451-eb11-a812-000d3af3ac0d}" />
      </MissingDependency>
      <MissingDependency>
        <Required key="149" type="61" schemaName="msdyn_/WorkOrder/WorkOrder.Library.js" displayName="msdyn_/WorkOrder/WorkOrder.Library.js" solution="FieldService (8.8.0.88)" />
        <Dependent key="10" type="60" displayName="TSIS Oversight Activity" parentDisplayName="Work Order" id="{d8dc9595-c451-eb11-a812-000d3af3ac0d}" />
      </MissingDependency>
      <MissingDependency>
        <Required key="150" type="61" schemaName="msdyn_/CFS/WorkOrder/WorkOrderForm.js" displayName="msdyn_/CFS/WorkOrder/WorkOrderForm.js" solution="ConnectedFieldService (1.8.8.1)" />
        <Dependent key="10" type="60" displayName="TSIS Oversight Activity" parentDisplayName="Work Order" id="{d8dc9595-c451-eb11-a812-000d3af3ac0d}" />
      </MissingDependency>
      <MissingDependency>
        <Required key="151" type="2" schemaName="prioritycode" displayName="Priority" parentSchemaName="ovs_cancellationrequest" parentDisplayName="Cancellation Request" solution="Active" />
        <Dependent key="152" type="60" displayName="Information" parentDisplayName="Cancellation Request" id="{a8b035b7-1257-4b58-aedc-f89df115fdc8}" />
      </MissingDependency>
      <MissingDependency>
        <Required key="153" type="2" schemaName="scheduledend" displayName="Due Date" parentSchemaName="ovs_cancellationrequest" parentDisplayName="Cancellation Request" solution="Active" />
        <Dependent key="152" type="60" displayName="Information" parentDisplayName="Cancellation Request" id="{a8b035b7-1257-4b58-aedc-f89df115fdc8}" />
      </MissingDependency>
      <MissingDependency>
        <Required key="154" type="2" schemaName="subject" displayName="Subject" parentSchemaName="ovs_cancellationrequest" parentDisplayName="Cancellation Request" solution="Active" />
        <Dependent key="152" type="60" displayName="Information" parentDisplayName="Cancellation Request" id="{a8b035b7-1257-4b58-aedc-f89df115fdc8}" />
      </MissingDependency>
      <MissingDependency>
        <Required key="155" type="2" schemaName="ownerid" displayName="Owner" parentSchemaName="ovs_cancellationrequest" parentDisplayName="Cancellation Request" solution="Active" />
        <Dependent key="152" type="60" displayName="Information" parentDisplayName="Cancellation Request" id="{a8b035b7-1257-4b58-aedc-f89df115fdc8}" />
      </MissingDependency>
      <MissingDependency>
        <Required key="156" type="2" schemaName="regardingobjectid" displayName="Regarding" parentSchemaName="ovs_cancellationrequest" parentDisplayName="Cancellation Request" solution="Active" />
        <Dependent key="152" type="60" displayName="Information" parentDisplayName="Cancellation Request" id="{a8b035b7-1257-4b58-aedc-f89df115fdc8}" />
      </MissingDependency>
      <MissingDependency>
        <Required key="157" type="2" schemaName="statecode" displayName="Activity Status" parentSchemaName="ovs_cancellationrequest" parentDisplayName="Cancellation Request" solution="Active" />
        <Dependent key="152" type="60" displayName="Information" parentDisplayName="Cancellation Request" id="{a8b035b7-1257-4b58-aedc-f89df115fdc8}" />
      </MissingDependency>
      <MissingDependency>
        <Required key="158" type="2" schemaName="ovs_cancellationrequestreason" displayName="Reason" parentSchemaName="ovs_cancellationrequest" parentDisplayName="Cancellation Request" solution="Active" />
        <Dependent key="152" type="60" displayName="Information" parentDisplayName="Cancellation Request" id="{a8b035b7-1257-4b58-aedc-f89df115fdc8}" />
      </MissingDependency>
      <MissingDependency>
        <Required key="159" type="2" schemaName="ovs_cancellationrequuestcomments" displayName="Comments" parentSchemaName="ovs_cancellationrequest" parentDisplayName="Cancellation Request" solution="Active" />
        <Dependent key="152" type="60" displayName="Information" parentDisplayName="Cancellation Request" id="{a8b035b7-1257-4b58-aedc-f89df115fdc8}" />
      </MissingDependency>
      <MissingDependency>
        <Required key="160" type="2" schemaName="statecode" displayName="Status" parentSchemaName="tc_tcfiscalyear" parentDisplayName="TCFiscalYear" solution="Active" />
        <Dependent key="161" type="26" schemaName="TCFiscalYear Lookup View" displayName="TCFiscalYear Lookup View" parentSchemaName="tc_tcfiscalyear" parentDisplayName="TCFiscalYear" id="{c2b848e9-8d49-4972-8e80-06a8b98802a1}" />
      </MissingDependency>
      <MissingDependency>
        <Required key="162" type="2" schemaName="createdon" displayName="Created On" parentSchemaName="tc_tcfiscalyear" parentDisplayName="TCFiscalYear" solution="Active" />
        <Dependent key="161" type="26" schemaName="TCFiscalYear Lookup View" displayName="TCFiscalYear Lookup View" parentSchemaName="tc_tcfiscalyear" parentDisplayName="TCFiscalYear" id="{c2b848e9-8d49-4972-8e80-06a8b98802a1}" />
      </MissingDependency>
      <MissingDependency>
        <Required key="163" type="2" schemaName="tc_tcfiscalyearid" displayName="TCFiscalYearId" parentSchemaName="tc_tcfiscalyear" parentDisplayName="TCFiscalYear" solution="Active" />
        <Dependent key="161" type="26" schemaName="TCFiscalYear Lookup View" displayName="TCFiscalYear Lookup View" parentSchemaName="tc_tcfiscalyear" parentDisplayName="TCFiscalYear" id="{c2b848e9-8d49-4972-8e80-06a8b98802a1}" />
      </MissingDependency>
      <MissingDependency>
        <Required key="164" type="2" schemaName="tc_name" displayName="Name" parentSchemaName="tc_tcfiscalyear" parentDisplayName="TCFiscalYear" solution="Active" />
        <Dependent key="161" type="26" schemaName="TCFiscalYear Lookup View" displayName="TCFiscalYear Lookup View" parentSchemaName="tc_tcfiscalyear" parentDisplayName="TCFiscalYear" id="{c2b848e9-8d49-4972-8e80-06a8b98802a1}" />
      </MissingDependency>
      <MissingDependency>
        <Required key="165" type="2" schemaName="msdyn_workorderservicetaskid" displayName="Work Order Service Task" parentSchemaName="msdyn_workorderservicetask" parentDisplayName="Work Order Service Task" solution="FieldService (8.8.0.88)" />
        <Dependent key="166" type="26" schemaName="Inspection - Vue Tâche de service de l’ordre de travail" displayName="Inspection - Vue Tâche de service de l’ordre de travail" parentSchemaName="msdyn_workorderservicetask" parentDisplayName="Work Order Service Task" id="{063662d0-db4c-e111-93b3-000c2959f9b8}" />
      </MissingDependency>
      <MissingDependency>
        <Required key="167" type="2" schemaName="msdyn_name" displayName="Name" parentSchemaName="msdyn_workorderservicetask" parentDisplayName="Work Order Service Task" solution="FieldService (8.8.0.88)" />
        <Dependent key="166" type="26" schemaName="Inspection - Vue Tâche de service de l’ordre de travail" displayName="Inspection - Vue Tâche de service de l’ordre de travail" parentSchemaName="msdyn_workorderservicetask" parentDisplayName="Work Order Service Task" id="{063662d0-db4c-e111-93b3-000c2959f9b8}" />
      </MissingDependency>
      <MissingDependency>
        <Required key="168" type="2" schemaName="msdyn_percentcomplete" displayName="% Complete" parentSchemaName="msdyn_workorderservicetask" parentDisplayName="Work Order Service Task" solution="FieldService (8.8.0.88)" />
        <Dependent key="166" type="26" schemaName="Inspection - Vue Tâche de service de l’ordre de travail" displayName="Inspection - Vue Tâche de service de l’ordre de travail" parentSchemaName="msdyn_workorderservicetask" parentDisplayName="Work Order Service Task" id="{063662d0-db4c-e111-93b3-000c2959f9b8}" />
      </MissingDependency>
      <MissingDependency>
        <Required key="169" type="2" schemaName="statecode" displayName="Status" parentSchemaName="msdyn_workorderservicetask" parentDisplayName="Work Order Service Task" solution="FieldService (8.8.0.88)" />
        <Dependent key="166" type="26" schemaName="Inspection - Vue Tâche de service de l’ordre de travail" displayName="Inspection - Vue Tâche de service de l’ordre de travail" parentSchemaName="msdyn_workorderservicetask" parentDisplayName="Work Order Service Task" id="{063662d0-db4c-e111-93b3-000c2959f9b8}" />
      </MissingDependency>
      <MissingDependency>
        <Required key="170" type="2" schemaName="msdyn_inspectiontaskresult" displayName="Result" parentSchemaName="msdyn_workorderservicetask" parentDisplayName="Work Order Service Task" solution="msdyn_FieldService_patch_update (8.8.32.59)" />
        <Dependent key="166" type="26" schemaName="Inspection - Vue Tâche de service de l’ordre de travail" displayName="Inspection - Vue Tâche de service de l’ordre de travail" parentSchemaName="msdyn_workorderservicetask" parentDisplayName="Work Order Service Task" id="{063662d0-db4c-e111-93b3-000c2959f9b8}" />
      </MissingDependency>
      <MissingDependency>
        <Required key="166" type="26" schemaName="Inspection - Vue Tâche de service de l’ordre de travail" displayName="Inspection - Vue Tâche de service de l’ordre de travail" parentSchemaName="msdyn_workorderservicetask" parentDisplayName="Work Order Service Task" solution="FieldService (8.8.0.88)" id="{063662d0-db4c-e111-93b3-000c2959f9b8}" />
        <Dependent key="166" type="26" schemaName="Inspection - Vue Tâche de service de l’ordre de travail" displayName="Inspection - Vue Tâche de service de l’ordre de travail" parentSchemaName="msdyn_workorderservicetask" parentDisplayName="Work Order Service Task" id="{063662d0-db4c-e111-93b3-000c2959f9b8}" />
      </MissingDependency>
      <MissingDependency>
        <Required key="171" type="2" schemaName="tc_fiscalyearlonglbl" displayName="FiscalYearLongLbl" parentSchemaName="tc_tcfiscalyear" parentDisplayName="TCFiscalYear" solution="Active" />
        <Dependent key="172" type="26" schemaName="TCFiscalQuarter Lookup View" displayName="TCFiscalQuarter Lookup View" parentSchemaName="tc_tcfiscalquarter" parentDisplayName="TCFiscalQuarter" id="{72cca668-4e5d-4ab1-afef-9b00703a5c41}" />
      </MissingDependency>
      <MissingDependency>
        <Required key="173" type="2" schemaName="tc_name" displayName="Name" parentSchemaName="tc_tcfiscalquarter" parentDisplayName="TCFiscalQuarter" solution="Active" />
        <Dependent key="172" type="26" schemaName="TCFiscalQuarter Lookup View" displayName="TCFiscalQuarter Lookup View" parentSchemaName="tc_tcfiscalquarter" parentDisplayName="TCFiscalQuarter" id="{72cca668-4e5d-4ab1-afef-9b00703a5c41}" />
      </MissingDependency>
      <MissingDependency>
        <Required key="174" type="2" schemaName="tc_tcfiscalyearid" displayName="TCFiscalYearId" parentSchemaName="tc_tcfiscalquarter" parentDisplayName="TCFiscalQuarter" solution="Active" />
        <Dependent key="172" type="26" schemaName="TCFiscalQuarter Lookup View" displayName="TCFiscalQuarter Lookup View" parentSchemaName="tc_tcfiscalquarter" parentDisplayName="TCFiscalQuarter" id="{72cca668-4e5d-4ab1-afef-9b00703a5c41}" />
      </MissingDependency>
      <MissingDependency>
        <Required key="175" type="2" schemaName="tc_tcfiscalquarterid" displayName="TCFiscalQuarterId" parentSchemaName="tc_tcfiscalquarter" parentDisplayName="TCFiscalQuarter" solution="Active" />
        <Dependent key="172" type="26" schemaName="TCFiscalQuarter Lookup View" displayName="TCFiscalQuarter Lookup View" parentSchemaName="tc_tcfiscalquarter" parentDisplayName="TCFiscalQuarter" id="{72cca668-4e5d-4ab1-afef-9b00703a5c41}" />
      </MissingDependency>
      <MissingDependency>
        <Required key="176" type="2" schemaName="statecode" displayName="Status" parentSchemaName="tc_tcfiscalquarter" parentDisplayName="TCFiscalQuarter" solution="Active" />
        <Dependent key="172" type="26" schemaName="TCFiscalQuarter Lookup View" displayName="TCFiscalQuarter Lookup View" parentSchemaName="tc_tcfiscalquarter" parentDisplayName="TCFiscalQuarter" id="{72cca668-4e5d-4ab1-afef-9b00703a5c41}" />
      </MissingDependency>
      <MissingDependency>
        <Required key="163" type="2" schemaName="tc_tcfiscalyearid" displayName="TCFiscalYearId" parentSchemaName="tc_tcfiscalyear" parentDisplayName="TCFiscalYear" solution="Active" />
        <Dependent key="172" type="26" schemaName="TCFiscalQuarter Lookup View" displayName="TCFiscalQuarter Lookup View" parentSchemaName="tc_tcfiscalquarter" parentDisplayName="TCFiscalQuarter" id="{72cca668-4e5d-4ab1-afef-9b00703a5c41}" />
      </MissingDependency>
      <MissingDependency>
        <Required key="177" type="2" schemaName="ovs_siteid" displayName="Site" parentSchemaName="ovs_operation" parentDisplayName="Operation" solution="Active" />
        <Dependent key="178" type="26" schemaName="Sites with Operations" displayName="Sites with Operations" parentSchemaName="account" parentDisplayName="Account" id="{0680d40d-6657-eb11-a812-000d3aff1726}" />
      </MissingDependency>
    </MissingDependencies>
  </SolutionManifest>
</ImportExportXml>