<ImportExportXml version="9.2.24061.176" SolutionPackageVersion="9.2" languagecode="1033" generatedBy="CrmLive" xmlns:xsi="http://www.w3.org/2001/XMLSchema-instance">
  <SolutionManifest>
    <UniqueName>TC_GlobalCore_Patch_874c3e7a</UniqueName>
    <LocalizedNames>
      <LocalizedName description="TDG Core Schema" languagecode="1033" />
    </LocalizedNames>
    <Descriptions>
      <Description description="Patch for TDG Core Schema" languagecode="1033" />
    </Descriptions>
    <ParentUniqueName>TC_GlobalCore</ParentUniqueName>
    <Version>1.165.3.0</Version>
    <Managed>0</Managed>
    <Publisher>
      <UniqueName>oversightpublisher</UniqueName>
      <LocalizedNames>
        <LocalizedName description="Oversight" languagecode="1033" />
      </LocalizedNames>
      <Descriptions>
        <Description description="This is the common solution for AvSec Inspection and TDG Inspection." languagecode="1033" />
      </Descriptions>
      <EMailAddress xsi:nil="true"></EMailAddress>
      <SupportingWebsiteUrl xsi:nil="true"></SupportingWebsiteUrl>
      <CustomizationPrefix>ovs</CustomizationPrefix>
      <CustomizationOptionValuePrefix>91864</CustomizationOptionValuePrefix>
      <Addresses>
        <Address>
          <AddressNumber>1</AddressNumber>
          <AddressTypeCode>1</AddressTypeCode>
          <City xsi:nil="true"></City>
          <County xsi:nil="true"></County>
          <Country xsi:nil="true"></Country>
          <Fax xsi:nil="true"></Fax>
          <FreightTermsCode xsi:nil="true"></FreightTermsCode>
          <ImportSequenceNumber xsi:nil="true"></ImportSequenceNumber>
          <Latitude xsi:nil="true"></Latitude>
          <Line1 xsi:nil="true"></Line1>
          <Line2 xsi:nil="true"></Line2>
          <Line3 xsi:nil="true"></Line3>
          <Longitude xsi:nil="true"></Longitude>
          <Name xsi:nil="true"></Name>
          <PostalCode xsi:nil="true"></PostalCode>
          <PostOfficeBox xsi:nil="true"></PostOfficeBox>
          <PrimaryContactName xsi:nil="true"></PrimaryContactName>
          <ShippingMethodCode>1</ShippingMethodCode>
          <StateOrProvince xsi:nil="true"></StateOrProvince>
          <Telephone1 xsi:nil="true"></Telephone1>
          <Telephone2 xsi:nil="true"></Telephone2>
          <Telephone3 xsi:nil="true"></Telephone3>
          <TimeZoneRuleVersionNumber xsi:nil="true"></TimeZoneRuleVersionNumber>
          <UPSZone xsi:nil="true"></UPSZone>
          <UTCOffset xsi:nil="true"></UTCOffset>
          <UTCConversionTimeZoneCode xsi:nil="true"></UTCConversionTimeZoneCode>
        </Address>
        <Address>
          <AddressNumber>2</AddressNumber>
          <AddressTypeCode>1</AddressTypeCode>
          <City xsi:nil="true"></City>
          <County xsi:nil="true"></County>
          <Country xsi:nil="true"></Country>
          <Fax xsi:nil="true"></Fax>
          <FreightTermsCode xsi:nil="true"></FreightTermsCode>
          <ImportSequenceNumber xsi:nil="true"></ImportSequenceNumber>
          <Latitude xsi:nil="true"></Latitude>
          <Line1 xsi:nil="true"></Line1>
          <Line2 xsi:nil="true"></Line2>
          <Line3 xsi:nil="true"></Line3>
          <Longitude xsi:nil="true"></Longitude>
          <Name xsi:nil="true"></Name>
          <PostalCode xsi:nil="true"></PostalCode>
          <PostOfficeBox xsi:nil="true"></PostOfficeBox>
          <PrimaryContactName xsi:nil="true"></PrimaryContactName>
          <ShippingMethodCode>1</ShippingMethodCode>
          <StateOrProvince xsi:nil="true"></StateOrProvince>
          <Telephone1 xsi:nil="true"></Telephone1>
          <Telephone2 xsi:nil="true"></Telephone2>
          <Telephone3 xsi:nil="true"></Telephone3>
          <TimeZoneRuleVersionNumber xsi:nil="true"></TimeZoneRuleVersionNumber>
          <UPSZone xsi:nil="true"></UPSZone>
          <UTCOffset xsi:nil="true"></UTCOffset>
          <UTCConversionTimeZoneCode xsi:nil="true"></UTCConversionTimeZoneCode>
        </Address>
      </Addresses>
    </Publisher>
    <RootComponents>
      <RootComponent type="1" schemaName="account" behavior="2" />
      <RootComponent type="1" schemaName="contact" behavior="2" />
      <RootComponent type="1" schemaName="ovs_incident" behavior="1" />
      <RootComponent type="1" schemaName="ovs_moc" behavior="1" />
      <RootComponent type="1" schemaName="ovs_organization_contact" behavior="2" />
      <RootComponent type="9" schemaName="ovs_scope" behavior="0" />
      <RootComponent type="20" id="{dcd94023-b82c-ef11-8e50-000d3a0c4626}" behavior="0" />
      <RootComponent type="61" schemaName="ovs_DGAIS_MOC_MainForm.js" behavior="0" />
    </RootComponents>
    <MissingDependencies>
      <MissingDependency>
        <Required type="1" schemaName="entitlement" displayName="Entitlement" solution="msdynce_Service (9.0.5.56)">
          <package>msdynce_ServiceAnchor (9.0.24054.1001)</package>
        </Required>
        <Dependent type="60" displayName="TDG Incident Contact" parentDisplayName="Contact" id="{9f0eda25-2c1d-ef11-840a-6045bd614ecd}" />
      </MissingDependency>
      <MissingDependency>
        <Required type="1" schemaName="incident" displayName="Case" solution="msdynce_Service (9.0.5.56)">
          <package>msdynce_ServiceAnchor (9.0.24054.1001)</package>
        </Required>
        <Dependent type="60" displayName="TDG Incident Contact" parentDisplayName="Contact" id="{9f0eda25-2c1d-ef11-840a-6045bd614ecd}" />
      </MissingDependency>
      <MissingDependency>
        <Required type="1" schemaName="opportunity" displayName="Opportunity" solution="msdynce_Sales (9.0.4.0076)">
          <package>msdynce_SalesAnchor (9.0.24054.10007)</package>
        </Required>
        <Dependent type="60" displayName="TDG Incident Contact" parentDisplayName="Contact" id="{9f0eda25-2c1d-ef11-840a-6045bd614ecd}" />
      </MissingDependency>
      <MissingDependency>
        <Required type="1" schemaName="ovs_customerrequest" displayName="Customer Request" solution="Active" />
        <Dependent type="60" displayName="TDG Incident Contact" parentDisplayName="Contact" id="{9f0eda25-2c1d-ef11-840a-6045bd614ecd}" />
      </MissingDependency>
      <MissingDependency>
        <Required type="1" schemaName="ovs_incident" displayName="Incident" solution="Active" />
        <Dependent type="1" schemaName="ovs_incident" displayName="Incident" />
      </MissingDependency>
      <MissingDependency>
        <Required type="1" schemaName="ovs_incident_injury" displayName="Incident Injury" solution="Active" />
        <Dependent type="60" displayName="Information" parentDisplayName="Incident" id="{a58c2822-51b7-4919-b85c-d94204f76f09}" />
      </MissingDependency>
      <MissingDependency>
        <Required type="1" schemaName="ovs_incident_organization" displayName="Incident Organization" solution="Active" />
        <Dependent type="60" displayName="Information" parentDisplayName="Incident" id="{a58c2822-51b7-4919-b85c-d94204f76f09}" />
      </MissingDependency>
      <MissingDependency>
        <Required type="1" schemaName="ovs_moc" displayName="MOC" solution="Active" />
        <Dependent type="1" schemaName="ovs_moc" displayName="MOC" />
      </MissingDependency>
      <MissingDependency>
        <Required type="1" schemaName="ovs_mocregistration" displayName="Operation" solution="Active" />
        <Dependent type="60" displayName="DGAIS Site Profile" parentDisplayName="Account" id="{8e8ef593-361c-ef11-840a-000d3a0c4626}" />
      </MissingDependency>
      <MissingDependency>
        <Required type="1" schemaName="ovs_organization_contact" displayName="Organization Contact" solution="Active" />
        <Dependent type="1" schemaName="ovs_organization_contact" displayName="Organization Contact" />
      </MissingDependency>
      <MissingDependency>
        <Required type="10" schemaName="msdyn_account_account_BillingAccount" displayName="msdyn_account_account_BillingAccount" parentSchemaName="account" parentDisplayName="Account" solution="FieldServiceCommon (1.0.0.882)">
          <package>FieldService_Anchor (8.8.118.19)</package>
        </Required>
        <Dependent type="60" displayName="DGAIS Organization" parentDisplayName="Account" id="{6cfff89f-351c-ef11-840a-6045bd614ecd}" />
      </MissingDependency>
      <MissingDependency>
        <Required type="10" schemaName="msdyn_account_account_BillingAccount" displayName="msdyn_account_account_BillingAccount" parentSchemaName="account" parentDisplayName="Account" solution="FieldServiceCommon (1.0.0.882)">
          <package>FieldService_Anchor (8.8.118.19)</package>
        </Required>
        <Dependent type="60" displayName="DGAIS Site Profile" parentDisplayName="Account" id="{8e8ef593-361c-ef11-840a-000d3a0c4626}" />
      </MissingDependency>
      <MissingDependency>
        <Required type="10" schemaName="msdyn_account_msdyn_agreement_BillingAccount" displayName="msdyn_account_msdyn_agreement_BillingAccount" parentSchemaName="account" parentDisplayName="Account" solution="FieldService (8.8.0.88)">
          <package>FieldService_Anchor (8.8.118.19)</package>
        </Required>
        <Dependent type="60" displayName="DGAIS Organization" parentDisplayName="Account" id="{6cfff89f-351c-ef11-840a-6045bd614ecd}" />
      </MissingDependency>
      <MissingDependency>
        <Required type="10" schemaName="msdyn_account_msdyn_agreement_BillingAccount" displayName="msdyn_account_msdyn_agreement_BillingAccount" parentSchemaName="account" parentDisplayName="Account" solution="FieldService (8.8.0.88)">
          <package>FieldService_Anchor (8.8.118.19)</package>
        </Required>
        <Dependent type="60" displayName="DGAIS Site Profile" parentDisplayName="Account" id="{8e8ef593-361c-ef11-840a-000d3a0c4626}" />
      </MissingDependency>
      <MissingDependency>
        <Required type="10" schemaName="msdyn_account_msdyn_agreement_ServiceAccount" displayName="msdyn_account_msdyn_agreement_ServiceAccount" parentSchemaName="account" parentDisplayName="Account" solution="FieldService (8.8.0.88)">
          <package>FieldService_Anchor (8.8.118.19)</package>
        </Required>
        <Dependent type="60" displayName="DGAIS Organization" parentDisplayName="Account" id="{6cfff89f-351c-ef11-840a-6045bd614ecd}" />
      </MissingDependency>
      <MissingDependency>
        <Required type="10" schemaName="msdyn_account_msdyn_agreement_ServiceAccount" displayName="msdyn_account_msdyn_agreement_ServiceAccount" parentSchemaName="account" parentDisplayName="Account" solution="FieldService (8.8.0.88)">
          <package>FieldService_Anchor (8.8.118.19)</package>
        </Required>
        <Dependent type="60" displayName="DGAIS Site Profile" parentDisplayName="Account" id="{8e8ef593-361c-ef11-840a-000d3a0c4626}" />
      </MissingDependency>
      <MissingDependency>
        <Required type="10" schemaName="msdyn_account_msdyn_payment_Account" displayName="msdyn_account_msdyn_payment_Account" parentSchemaName="account" parentDisplayName="Account" solution="FieldService (8.8.0.88)">
          <package>FieldService_Anchor (8.8.118.19)</package>
        </Required>
        <Dependent type="60" displayName="DGAIS Organization" parentDisplayName="Account" id="{6cfff89f-351c-ef11-840a-6045bd614ecd}" />
      </MissingDependency>
      <MissingDependency>
        <Required type="10" schemaName="msdyn_account_msdyn_payment_Account" displayName="msdyn_account_msdyn_payment_Account" parentSchemaName="account" parentDisplayName="Account" solution="FieldService (8.8.0.88)">
          <package>FieldService_Anchor (8.8.118.19)</package>
        </Required>
        <Dependent type="60" displayName="DGAIS Site Profile" parentDisplayName="Account" id="{8e8ef593-361c-ef11-840a-000d3a0c4626}" />
      </MissingDependency>
      <MissingDependency>
        <Required type="10" schemaName="msdyn_account_msdyn_purchaseorder_Vendor" displayName="msdyn_account_msdyn_purchaseorder_Vendor" parentSchemaName="account" parentDisplayName="Account" solution="FieldServiceCommon (1.0.0.882)">
          <package>FieldService_Anchor (8.8.118.19)</package>
        </Required>
        <Dependent type="60" displayName="DGAIS Organization" parentDisplayName="Account" id="{6cfff89f-351c-ef11-840a-6045bd614ecd}" />
      </MissingDependency>
      <MissingDependency>
        <Required type="10" schemaName="msdyn_account_msdyn_purchaseorder_Vendor" displayName="msdyn_account_msdyn_purchaseorder_Vendor" parentSchemaName="account" parentDisplayName="Account" solution="FieldServiceCommon (1.0.0.882)">
          <package>FieldService_Anchor (8.8.118.19)</package>
        </Required>
        <Dependent type="60" displayName="DGAIS Site Profile" parentDisplayName="Account" id="{8e8ef593-361c-ef11-840a-000d3a0c4626}" />
      </MissingDependency>
      <MissingDependency>
        <Required type="10" schemaName="msdyn_account_msdyn_rma_BillingAccount" displayName="msdyn_account_msdyn_rma_BillingAccount" parentSchemaName="account" parentDisplayName="Account" solution="FieldService (8.8.0.88)">
          <package>FieldService_Anchor (8.8.118.19)</package>
        </Required>
        <Dependent type="60" displayName="DGAIS Organization" parentDisplayName="Account" id="{6cfff89f-351c-ef11-840a-6045bd614ecd}" />
      </MissingDependency>
      <MissingDependency>
        <Required type="10" schemaName="msdyn_account_msdyn_rma_BillingAccount" displayName="msdyn_account_msdyn_rma_BillingAccount" parentSchemaName="account" parentDisplayName="Account" solution="FieldService (8.8.0.88)">
          <package>FieldService_Anchor (8.8.118.19)</package>
        </Required>
        <Dependent type="60" displayName="DGAIS Site Profile" parentDisplayName="Account" id="{8e8ef593-361c-ef11-840a-000d3a0c4626}" />
      </MissingDependency>
      <MissingDependency>
        <Required type="10" schemaName="msdyn_account_msdyn_rma_ServiceAccount" displayName="msdyn_account_msdyn_rma_ServiceAccount" parentSchemaName="account" parentDisplayName="Account" solution="FieldService (8.8.0.88)">
          <package>FieldService_Anchor (8.8.118.19)</package>
        </Required>
        <Dependent type="60" displayName="DGAIS Organization" parentDisplayName="Account" id="{6cfff89f-351c-ef11-840a-6045bd614ecd}" />
      </MissingDependency>
      <MissingDependency>
        <Required type="10" schemaName="msdyn_account_msdyn_rma_ServiceAccount" displayName="msdyn_account_msdyn_rma_ServiceAccount" parentSchemaName="account" parentDisplayName="Account" solution="FieldService (8.8.0.88)">
          <package>FieldService_Anchor (8.8.118.19)</package>
        </Required>
        <Dependent type="60" displayName="DGAIS Site Profile" parentDisplayName="Account" id="{8e8ef593-361c-ef11-840a-000d3a0c4626}" />
      </MissingDependency>
      <MissingDependency>
        <Required type="10" schemaName="msdyn_account_msdyn_rtv_Vendor" displayName="msdyn_account_msdyn_rtv_Vendor" parentSchemaName="account" parentDisplayName="Account" solution="FieldService (8.8.0.88)">
          <package>FieldService_Anchor (8.8.118.19)</package>
        </Required>
        <Dependent type="60" displayName="DGAIS Organization" parentDisplayName="Account" id="{6cfff89f-351c-ef11-840a-6045bd614ecd}" />
      </MissingDependency>
      <MissingDependency>
        <Required type="10" schemaName="msdyn_account_msdyn_rtv_Vendor" displayName="msdyn_account_msdyn_rtv_Vendor" parentSchemaName="account" parentDisplayName="Account" solution="FieldService (8.8.0.88)">
          <package>FieldService_Anchor (8.8.118.19)</package>
        </Required>
        <Dependent type="60" displayName="DGAIS Site Profile" parentDisplayName="Account" id="{8e8ef593-361c-ef11-840a-000d3a0c4626}" />
      </MissingDependency>
      <MissingDependency>
        <Required type="10" schemaName="msdyn_account_msdyn_workorder_BillingAccount" displayName="msdyn_account_msdyn_workorder_BillingAccount" parentSchemaName="account" parentDisplayName="Account" solution="FieldService (8.8.0.88)">
          <package>FieldService_Anchor (8.8.118.19)</package>
        </Required>
        <Dependent type="60" displayName="DGAIS Organization" parentDisplayName="Account" id="{6cfff89f-351c-ef11-840a-6045bd614ecd}" />
      </MissingDependency>
      <MissingDependency>
        <Required type="10" schemaName="msdyn_account_msdyn_workorder_BillingAccount" displayName="msdyn_account_msdyn_workorder_BillingAccount" parentSchemaName="account" parentDisplayName="Account" solution="FieldService (8.8.0.88)">
          <package>FieldService_Anchor (8.8.118.19)</package>
        </Required>
        <Dependent type="60" displayName="DGAIS Site Profile" parentDisplayName="Account" id="{8e8ef593-361c-ef11-840a-000d3a0c4626}" />
      </MissingDependency>
      <MissingDependency>
        <Required type="10" schemaName="msdyn_account_msdyn_workorder_ServiceAccount" displayName="msdyn_account_msdyn_workorder_ServiceAccount" parentSchemaName="account" parentDisplayName="Account" solution="FieldService (8.8.0.88)">
          <package>FieldService_Anchor (8.8.118.19)</package>
        </Required>
        <Dependent type="60" displayName="DGAIS Organization" parentDisplayName="Account" id="{6cfff89f-351c-ef11-840a-6045bd614ecd}" />
      </MissingDependency>
      <MissingDependency>
        <Required type="10" schemaName="msdyn_account_msdyn_workorder_ServiceAccount" displayName="msdyn_account_msdyn_workorder_ServiceAccount" parentSchemaName="account" parentDisplayName="Account" solution="FieldService (8.8.0.88)">
          <package>FieldService_Anchor (8.8.118.19)</package>
        </Required>
        <Dependent type="60" displayName="DGAIS Site Profile" parentDisplayName="Account" id="{8e8ef593-361c-ef11-840a-000d3a0c4626}" />
      </MissingDependency>
      <MissingDependency>
        <Required type="10" schemaName="ovs_account_contact" displayName="ovs_account_contact" parentSchemaName="account" parentDisplayName="Account" solution="Active" />
        <Dependent type="60" displayName="TDG Incident Contact" parentDisplayName="Contact" id="{9f0eda25-2c1d-ef11-840a-6045bd614ecd}" />
      </MissingDependency>
      <MissingDependency>
        <Required type="10" schemaName="ovs_MOCRegistration_Site" displayName="ovs_MOCRegistration_Site" parentSchemaName="account" parentDisplayName="Account" solution="Active" />
        <Dependent type="60" displayName="DGAIS Site Profile" parentDisplayName="Account" id="{8e8ef593-361c-ef11-840a-000d3a0c4626}" />
      </MissingDependency>
      <MissingDependency>
        <Required type="10" schemaName="ovs_organization_contact_organization" displayName="ovs_organization_contact_organization" parentSchemaName="account" parentDisplayName="Account" solution="Active" />
        <Dependent type="60" displayName="Incident Organization Contact" parentDisplayName="Organization Contact" id="{e038b892-2d1d-ef11-840a-000d3a0c4626}" />
      </MissingDependency>
      <MissingDependency>
        <Required type="10" schemaName="ovs_organization_contact_contact" displayName="ovs_organization_contact_contact" parentSchemaName="contact" parentDisplayName="Contact" solution="Active" />
        <Dependent type="60" displayName="Incident Organization Contact" parentDisplayName="Organization Contact" id="{e038b892-2d1d-ef11-840a-000d3a0c4626}" />
      </MissingDependency>
      <MissingDependency>
        <Required type="10" schemaName="ovs_ovs_customerrequest_contact_ovs_SourceRecordId" displayName="ovs_ovs_customerrequest_contact_ovs_SourceRecordId" parentSchemaName="contact" parentDisplayName="Contact" solution="Active" />
        <Dependent type="60" displayName="TDG Incident Contact" parentDisplayName="Contact" id="{9f0eda25-2c1d-ef11-840a-6045bd614ecd}" />
      </MissingDependency>
      <MissingDependency>
        <Required type="10" schemaName="msdyn_account_msdyn_customerasset_Account" displayName="msdyn_account_msdyn_customerasset_Account" parentSchemaName="msdyn_customerasset" parentDisplayName="Customer Asset" solution="msdyn_AssetCommon (1.0.50.6)">
          <package>FieldService_Anchor (8.8.118.19)</package>
          <package>msdynce_ServiceAnchor (9.0.24054.1001)</package>
        </Required>
        <Dependent type="60" displayName="DGAIS Organization" parentDisplayName="Account" id="{6cfff89f-351c-ef11-840a-6045bd614ecd}" />
      </MissingDependency>
      <MissingDependency>
        <Required type="10" schemaName="msdyn_account_msdyn_customerasset_Account" displayName="msdyn_account_msdyn_customerasset_Account" parentSchemaName="msdyn_customerasset" parentDisplayName="Customer Asset" solution="msdyn_AssetCommon (1.0.50.6)">
          <package>FieldService_Anchor (8.8.118.19)</package>
          <package>msdynce_ServiceAnchor (9.0.24054.1001)</package>
        </Required>
        <Dependent type="60" displayName="DGAIS Site Profile" parentDisplayName="Account" id="{8e8ef593-361c-ef11-840a-000d3a0c4626}" />
      </MissingDependency>
      <MissingDependency>
        <Required type="10" schemaName="ovs_incident_injury" displayName="ovs_incident_injury" parentSchemaName="ovs_incident" parentDisplayName="Incident" solution="Active" />
        <Dependent type="60" displayName="Information" parentDisplayName="Incident" id="{a58c2822-51b7-4919-b85c-d94204f76f09}" />
      </MissingDependency>
      <MissingDependency>
        <Required type="2" schemaName="cid_crabusinessnumber" displayName="CRA Business Number" parentSchemaName="account" parentDisplayName="Account" solution="Active" />
        <Dependent type="60" displayName="DGAIS Organization" parentDisplayName="Account" id="{6cfff89f-351c-ef11-840a-6045bd614ecd}" />
      </MissingDependency>
      <MissingDependency>
        <Required type="2" schemaName="cid_reasonfornobnnumber" displayName="Reason for no CRA Business Number" parentSchemaName="account" parentDisplayName="Account" solution="Active" />
        <Dependent type="60" displayName="DGAIS Organization" parentDisplayName="Account" id="{6cfff89f-351c-ef11-840a-6045bd614ecd}" />
      </MissingDependency>
      <MissingDependency>
        <Required type="2" schemaName="cid_reasonfornobnnumber_other" displayName="Other Reason" parentSchemaName="account" parentDisplayName="Account" solution="Active" />
        <Dependent type="60" displayName="DGAIS Organization" parentDisplayName="Account" id="{6cfff89f-351c-ef11-840a-6045bd614ecd}" />
      </MissingDependency>
      <MissingDependency>
        <Required type="2" schemaName="ovs_accountnameenglish" displayName="Account Name (English)" parentSchemaName="account" parentDisplayName="Account" solution="Active" />
        <Dependent type="60" displayName="DGAIS Site Profile" parentDisplayName="Account" id="{8e8ef593-361c-ef11-840a-000d3a0c4626}" />
      </MissingDependency>
      <MissingDependency>
        <Required type="2" schemaName="ovs_accountnamefrench" displayName="Account Name (French)" parentSchemaName="account" parentDisplayName="Account" solution="Active" />
        <Dependent type="60" displayName="DGAIS Site Profile" parentDisplayName="Account" id="{8e8ef593-361c-ef11-840a-000d3a0c4626}" />
      </MissingDependency>
      <MissingDependency>
        <Required type="2" schemaName="ovs_address_type" displayName="Input Address Type" parentSchemaName="account" parentDisplayName="Account" solution="Active" />
        <Dependent type="60" displayName="DGAIS Organization" parentDisplayName="Account" id="{6cfff89f-351c-ef11-840a-6045bd614ecd}" />
      </MissingDependency>
      <MissingDependency>
        <Required type="2" schemaName="ovs_address_type" displayName="Input Address Type" parentSchemaName="account" parentDisplayName="Account" solution="Active" />
        <Dependent type="60" displayName="DGAIS Site Profile" parentDisplayName="Account" id="{8e8ef593-361c-ef11-840a-000d3a0c4626}" />
      </MissingDependency>
      <MissingDependency>
        <Required type="2" schemaName="ovs_cdpopulationdensity" displayName="Population Density" parentSchemaName="account" parentDisplayName="Account" solution="Active" />
        <Dependent type="60" displayName="DGAIS Site Profile" parentDisplayName="Account" id="{8e8ef593-361c-ef11-840a-000d3a0c4626}" />
      </MissingDependency>
      <MissingDependency>
        <Required type="2" schemaName="ovs_legalname" displayName="Legal Name" parentSchemaName="account" parentDisplayName="Account" solution="Active" />
        <Dependent type="60" displayName="DGAIS Organization" parentDisplayName="Account" id="{6cfff89f-351c-ef11-840a-6045bd614ecd}" />
      </MissingDependency>
      <MissingDependency>
        <Required type="2" schemaName="territoryid" displayName="Territory" parentSchemaName="account" parentDisplayName="Account" solution="msdynce_Sales (9.0.4.0076)">
          <package>msdynce_SalesAnchor (9.0.24054.10007)</package>
        </Required>
        <Dependent type="60" displayName="DGAIS Organization" parentDisplayName="Account" id="{6cfff89f-351c-ef11-840a-6045bd614ecd}" />
      </MissingDependency>
      <MissingDependency>
        <Required type="2" schemaName="territoryid" displayName="Territory" parentSchemaName="account" parentDisplayName="Account" solution="msdynce_Sales (9.0.4.0076)">
          <package>msdynce_SalesAnchor (9.0.24054.10007)</package>
        </Required>
        <Dependent type="60" displayName="DGAIS Site Profile" parentDisplayName="Account" id="{8e8ef593-361c-ef11-840a-000d3a0c4626}" />
      </MissingDependency>
      <MissingDependency>
        <Required type="2" schemaName="businesscard" displayName="Business Card" parentSchemaName="contact" parentDisplayName="Contact" solution="msdynce_SalesPatch201904 (9.0.1912.1007)">
          <package>msdynce_SalesAnchor (9.0.24054.10007)</package>
        </Required>
        <Dependent type="60" displayName="TDG Incident Contact" parentDisplayName="Contact" id="{9f0eda25-2c1d-ef11-840a-6045bd614ecd}" />
      </MissingDependency>
      <MissingDependency>
        <Required type="2" schemaName="businesscardattributes" displayName="BusinessCardAttributes" parentSchemaName="contact" parentDisplayName="Contact" solution="msdynce_SalesPatch201904 (9.0.1912.1007)">
          <package>msdynce_SalesAnchor (9.0.24054.10007)</package>
        </Required>
        <Dependent type="60" displayName="TDG Incident Contact" parentDisplayName="Contact" id="{9f0eda25-2c1d-ef11-840a-6045bd614ecd}" />
      </MissingDependency>
      <MissingDependency>
        <Required type="2" schemaName="originatingleadid" displayName="Originating Lead" parentSchemaName="contact" parentDisplayName="Contact" solution="msdynce_LeadManagement (9.0.4.0066)">
          <package>msdynce_LeadManagementAnchor (9.0.24052.10001)</package>
        </Required>
        <Dependent type="60" displayName="TDG Incident Contact" parentDisplayName="Contact" id="{9f0eda25-2c1d-ef11-840a-6045bd614ecd}" />
      </MissingDependency>
      <MissingDependency>
        <Required type="2" schemaName="ovs_application" displayName="Source App" parentSchemaName="contact" parentDisplayName="Contact" solution="Active" />
        <Dependent type="60" displayName="TDG Incident Contact" parentDisplayName="Contact" id="{9f0eda25-2c1d-ef11-840a-6045bd614ecd}" />
      </MissingDependency>
      <MissingDependency>
        <Required type="2" schemaName="ovs_external_user_ind" displayName="Is External User" parentSchemaName="contact" parentDisplayName="Contact" solution="Active" />
        <Dependent type="60" displayName="TDG Incident Contact" parentDisplayName="Contact" id="{9f0eda25-2c1d-ef11-840a-6045bd614ecd}" />
      </MissingDependency>
      <MissingDependency>
        <Required type="2" schemaName="ovs_language_cd" displayName="Language of Correspondence" parentSchemaName="contact" parentDisplayName="Contact" solution="Active" />
        <Dependent type="60" displayName="TDG Incident Contact" parentDisplayName="Contact" id="{9f0eda25-2c1d-ef11-840a-6045bd614ecd}" />
      </MissingDependency>
      <MissingDependency>
        <Required type="2" schemaName="ovs_closure_cd" displayName="Closure" parentSchemaName="ovs_incident" parentDisplayName="Incident" solution="Active" />
        <Dependent type="60" displayName="Information" parentDisplayName="Incident" id="{a58c2822-51b7-4919-b85c-d94204f76f09}" />
      </MissingDependency>
      <MissingDependency>
        <Required type="2" schemaName="ovs_closure_type_cd" displayName="Closure Type" parentSchemaName="ovs_incident" parentDisplayName="Incident" solution="Active" />
        <Dependent type="60" displayName="Information" parentDisplayName="Incident" id="{a58c2822-51b7-4919-b85c-d94204f76f09}" />
      </MissingDependency>
      <MissingDependency>
        <Required type="2" schemaName="ovs_closure_type_other_txt" displayName="Other Closure Type" parentSchemaName="ovs_incident" parentDisplayName="Incident" solution="Active" />
        <Dependent type="60" displayName="Information" parentDisplayName="Incident" id="{a58c2822-51b7-4919-b85c-d94204f76f09}" />
      </MissingDependency>
      <MissingDependency>
        <Required type="2" schemaName="ovs_date_30day_requested_dte" displayName="30-Day Requested" parentSchemaName="ovs_incident" parentDisplayName="Incident" solution="Active" />
        <Dependent type="60" displayName="Information" parentDisplayName="Incident" id="{a58c2822-51b7-4919-b85c-d94204f76f09}" />
      </MissingDependency>
      <MissingDependency>
        <Required type="2" schemaName="ovs_date_canutec_dte" displayName="Canutec" parentSchemaName="ovs_incident" parentDisplayName="Incident" solution="Active" />
        <Dependent type="60" displayName="Information" parentDisplayName="Incident" id="{a58c2822-51b7-4919-b85c-d94204f76f09}" />
      </MissingDependency>
      <MissingDependency>
        <Required type="2" schemaName="ovs_date_declared_completion_dte" displayName="Declared Completion (Legacy)" parentSchemaName="ovs_incident" parentDisplayName="Incident" solution="Active" />
        <Dependent type="60" displayName="Information" parentDisplayName="Incident" id="{a58c2822-51b7-4919-b85c-d94204f76f09}" />
      </MissingDependency>
      <MissingDependency>
        <Required type="2" schemaName="ovs_date_occurrence_dte" displayName="Occurrence" parentSchemaName="ovs_incident" parentDisplayName="Incident" solution="Active" />
        <Dependent type="60" displayName="Information" parentDisplayName="Incident" id="{a58c2822-51b7-4919-b85c-d94204f76f09}" />
      </MissingDependency>
      <MissingDependency>
        <Required type="2" schemaName="ovs_date_received_dte" displayName="Received" parentSchemaName="ovs_incident" parentDisplayName="Incident" solution="Active" />
        <Dependent type="60" displayName="Information" parentDisplayName="Incident" id="{a58c2822-51b7-4919-b85c-d94204f76f09}" />
      </MissingDependency>
      <MissingDependency>
        <Required type="2" schemaName="ovs_days_2report_num" displayName="Days to Report" parentSchemaName="ovs_incident" parentDisplayName="Incident" solution="Active" />
        <Dependent type="60" displayName="Information" parentDisplayName="Incident" id="{a58c2822-51b7-4919-b85c-d94204f76f09}" />
      </MissingDependency>
      <MissingDependency>
        <Required type="2" schemaName="ovs_duration_num" displayName="Duration" parentSchemaName="ovs_incident" parentDisplayName="Incident" solution="Active" />
        <Dependent type="60" displayName="Information" parentDisplayName="Incident" id="{a58c2822-51b7-4919-b85c-d94204f76f09}" />
      </MissingDependency>
      <MissingDependency>
        <Required type="2" schemaName="ovs_estimated_temperature_num" displayName="Estimated Temperature(Celcius)" parentSchemaName="ovs_incident" parentDisplayName="Incident" solution="Active" />
        <Dependent type="60" displayName="Information" parentDisplayName="Incident" id="{a58c2822-51b7-4919-b85c-d94204f76f09}" />
      </MissingDependency>
      <MissingDependency>
        <Required type="2" schemaName="ovs_evacuation_due_incident_ind" displayName=" Evacuation Due Incident" parentSchemaName="ovs_incident" parentDisplayName="Incident" solution="Active" />
        <Dependent type="60" displayName="Information" parentDisplayName="Incident" id="{a58c2822-51b7-4919-b85c-d94204f76f09}" />
      </MissingDependency>
      <MissingDependency>
        <Required type="2" schemaName="ovs_evacuation_profile_cds" displayName="Evacuation Profile" parentSchemaName="ovs_incident" parentDisplayName="Incident" solution="Active" />
        <Dependent type="60" displayName="Information" parentDisplayName="Incident" id="{a58c2822-51b7-4919-b85c-d94204f76f09}" />
      </MissingDependency>
      <MissingDependency>
        <Required type="2" schemaName="ovs_incident_severity_cd" displayName="Incident Severity" parentSchemaName="ovs_incident" parentDisplayName="Incident" solution="Active" />
        <Dependent type="60" displayName="Information" parentDisplayName="Incident" id="{a58c2822-51b7-4919-b85c-d94204f76f09}" />
      </MissingDependency>
      <MissingDependency>
        <Required type="2" schemaName="ovs_incident_time_dte" displayName="Incident Time" parentSchemaName="ovs_incident" parentDisplayName="Incident" solution="Active" />
        <Dependent type="60" displayName="Information" parentDisplayName="Incident" id="{a58c2822-51b7-4919-b85c-d94204f76f09}" />
      </MissingDependency>
      <MissingDependency>
        <Required type="2" schemaName="ovs_main_impact_cds" displayName="Main Impact" parentSchemaName="ovs_incident" parentDisplayName="Incident" solution="Active" />
        <Dependent type="60" displayName="Information" parentDisplayName="Incident" id="{a58c2822-51b7-4919-b85c-d94204f76f09}" />
      </MissingDependency>
      <MissingDependency>
        <Required type="2" schemaName="ovs_moc_capacity_cd" displayName="MOC Capacity" parentSchemaName="ovs_incident" parentDisplayName="Incident" solution="Active" />
        <Dependent type="60" displayName="Information" parentDisplayName="Incident" id="{a58c2822-51b7-4919-b85c-d94204f76f09}" />
      </MissingDependency>
      <MissingDependency>
        <Required type="2" schemaName="ovs_other_physical_impact_txt" displayName="Other Physical Impact" parentSchemaName="ovs_incident" parentDisplayName="Incident" solution="Active" />
        <Dependent type="60" displayName="Information" parentDisplayName="Incident" id="{a58c2822-51b7-4919-b85c-d94204f76f09}" />
      </MissingDependency>
      <MissingDependency>
        <Required type="2" schemaName="ovs_other_source_txt" displayName="Other Source" parentSchemaName="ovs_incident" parentDisplayName="Incident" solution="Active" />
        <Dependent type="60" displayName="Information" parentDisplayName="Incident" id="{a58c2822-51b7-4919-b85c-d94204f76f09}" />
      </MissingDependency>
      <MissingDependency>
        <Required type="2" schemaName="ovs_physical_impact_cds" displayName="Physical Impact" parentSchemaName="ovs_incident" parentDisplayName="Incident" solution="Active" />
        <Dependent type="60" displayName="Information" parentDisplayName="Incident" id="{a58c2822-51b7-4919-b85c-d94204f76f09}" />
      </MissingDependency>
      <MissingDependency>
        <Required type="2" schemaName="ovs_physical_impact_flag_ind" displayName="Physical Impact Flag" parentSchemaName="ovs_incident" parentDisplayName="Incident" solution="Active" />
        <Dependent type="60" displayName="Information" parentDisplayName="Incident" id="{a58c2822-51b7-4919-b85c-d94204f76f09}" />
      </MissingDependency>
      <MissingDependency>
        <Required type="2" schemaName="ovs_release_type_cd" displayName="Release Type" parentSchemaName="ovs_incident" parentDisplayName="Incident" solution="Active" />
        <Dependent type="60" displayName="Information" parentDisplayName="Incident" id="{a58c2822-51b7-4919-b85c-d94204f76f09}" />
      </MissingDependency>
      <MissingDependency>
        <Required type="2" schemaName="ovs_release_type_other_txt" displayName="Release Type Other" parentSchemaName="ovs_incident" parentDisplayName="Incident" solution="Active" />
        <Dependent type="60" displayName="Information" parentDisplayName="Incident" id="{a58c2822-51b7-4919-b85c-d94204f76f09}" />
      </MissingDependency>
      <MissingDependency>
        <Required type="2" schemaName="ovs_source_cds" displayName="Source" parentSchemaName="ovs_incident" parentDisplayName="Incident" solution="Active" />
        <Dependent type="60" displayName="Information" parentDisplayName="Incident" id="{a58c2822-51b7-4919-b85c-d94204f76f09}" />
      </MissingDependency>
      <MissingDependency>
        <Required type="2" schemaName="ovs_weather_cd" displayName="Weather" parentSchemaName="ovs_incident" parentDisplayName="Incident" solution="Active" />
        <Dependent type="60" displayName="Information" parentDisplayName="Incident" id="{a58c2822-51b7-4919-b85c-d94204f76f09}" />
      </MissingDependency>
      <MissingDependency>
        <Required type="2" schemaName="ownerid" displayName="Owner" parentSchemaName="ovs_incident" parentDisplayName="Incident" solution="Active" />
        <Dependent type="60" displayName="Information" parentDisplayName="Incident" id="{a58c2822-51b7-4919-b85c-d94204f76f09}" />
      </MissingDependency>
      <MissingDependency>
        <Required type="2" schemaName="ovs_damage_ind" displayName="Damage" parentSchemaName="ovs_moc" parentDisplayName="MOC" solution="Active" />
        <Dependent type="60" displayName="Information" parentDisplayName="MOC" id="{ab7a68cf-1d72-4c50-a098-b985866dadf1}" />
      </MissingDependency>
      <MissingDependency>
        <Required type="2" schemaName="ovs_damage_location_cds" displayName="Damage Location" parentSchemaName="ovs_moc" parentDisplayName="MOC" solution="Active" />
        <Dependent type="60" displayName="Information" parentDisplayName="MOC" id="{ab7a68cf-1d72-4c50-a098-b985866dadf1}" />
      </MissingDependency>
      <MissingDependency>
        <Required type="2" schemaName="ovs_damage_type_cds" displayName="Damage Type" parentSchemaName="ovs_moc" parentDisplayName="MOC" solution="Active" />
        <Dependent type="60" displayName="Information" parentDisplayName="MOC" id="{ab7a68cf-1d72-4c50-a098-b985866dadf1}" />
      </MissingDependency>
      <MissingDependency>
        <Required type="2" schemaName="ovs_means_of_containment_form_cd" displayName="Means of Containment form" parentSchemaName="ovs_moc" parentDisplayName="MOC" solution="Active" />
        <Dependent type="60" displayName="Information" parentDisplayName="MOC" id="{ab7a68cf-1d72-4c50-a098-b985866dadf1}" />
      </MissingDependency>
      <MissingDependency>
        <Required type="2" schemaName="ovs_name" displayName="Name" parentSchemaName="ovs_moc" parentDisplayName="MOC" solution="Active" />
        <Dependent type="60" displayName="Information" parentDisplayName="MOC" id="{ab7a68cf-1d72-4c50-a098-b985866dadf1}" />
      </MissingDependency>
      <MissingDependency>
        <Required type="2" schemaName="ovs_other_damage_location_txt" displayName="Other Damage Location" parentSchemaName="ovs_moc" parentDisplayName="MOC" solution="Active" />
        <Dependent type="60" displayName="Information" parentDisplayName="MOC" id="{ab7a68cf-1d72-4c50-a098-b985866dadf1}" />
      </MissingDependency>
      <MissingDependency>
        <Required type="2" schemaName="ovs_other_damage_txt" displayName="Other Damage Type" parentSchemaName="ovs_moc" parentDisplayName="MOC" solution="Active" />
        <Dependent type="60" displayName="Information" parentDisplayName="MOC" id="{ab7a68cf-1d72-4c50-a098-b985866dadf1}" />
      </MissingDependency>
      <MissingDependency>
        <Required type="2" schemaName="ovs_release_location_mcd" displayName="Release Location" parentSchemaName="ovs_moc" parentDisplayName="MOC" solution="Active" />
        <Dependent type="60" displayName="Information" parentDisplayName="MOC" id="{ab7a68cf-1d72-4c50-a098-b985866dadf1}" />
      </MissingDependency>
      <MissingDependency>
        <Required type="2" schemaName="ovs_release_location_other_txt" displayName="Other Release Location" parentSchemaName="ovs_moc" parentDisplayName="MOC" solution="Active" />
        <Dependent type="60" displayName="Information" parentDisplayName="MOC" id="{ab7a68cf-1d72-4c50-a098-b985866dadf1}" />
      </MissingDependency>
      <MissingDependency>
        <Required type="2" schemaName="ovs_units" displayName="Units" parentSchemaName="ovs_moc" parentDisplayName="MOC" solution="Active" />
        <Dependent type="60" displayName="Information" parentDisplayName="MOC" id="{ab7a68cf-1d72-4c50-a098-b985866dadf1}" />
      </MissingDependency>
      <MissingDependency>
        <Required type="2" schemaName="ownerid" displayName="Owner" parentSchemaName="ovs_moc" parentDisplayName="MOC" solution="Active" />
        <Dependent type="60" displayName="Information" parentDisplayName="MOC" id="{ab7a68cf-1d72-4c50-a098-b985866dadf1}" />
      </MissingDependency>
      <MissingDependency>
        <Required type="2" schemaName="ovs_contact_id" displayName="Contact" parentSchemaName="ovs_organization_contact" parentDisplayName="Organization Contact" solution="Active" />
        <Dependent type="60" displayName="Incident Organization Contact" parentDisplayName="Organization Contact" id="{e038b892-2d1d-ef11-840a-000d3a0c4626}" />
      </MissingDependency>
      <MissingDependency>
        <Required type="2" schemaName="ovs_email_address_business_txt" displayName="Business Email" parentSchemaName="ovs_organization_contact" parentDisplayName="Organization Contact" solution="Active" />
        <Dependent type="60" displayName="Incident Organization Contact" parentDisplayName="Organization Contact" id="{e038b892-2d1d-ef11-840a-000d3a0c4626}" />
      </MissingDependency>
      <MissingDependency>
        <Required type="2" schemaName="ovs_invitation_accepted_ind" displayName="Invitation Accepted" parentSchemaName="ovs_organization_contact" parentDisplayName="Organization Contact" solution="Active" />
        <Dependent type="60" displayName="Incident Organization Contact" parentDisplayName="Organization Contact" id="{e038b892-2d1d-ef11-840a-000d3a0c4626}" />
      </MissingDependency>
      <MissingDependency>
        <Required type="2" schemaName="ovs_job_title_nm" displayName="Job Title" parentSchemaName="ovs_organization_contact" parentDisplayName="Organization Contact" solution="Active" />
        <Dependent type="60" displayName="Incident Organization Contact" parentDisplayName="Organization Contact" id="{e038b892-2d1d-ef11-840a-000d3a0c4626}" />
      </MissingDependency>
      <MissingDependency>
        <Required type="2" schemaName="ovs_name" displayName="Name" parentSchemaName="ovs_organization_contact" parentDisplayName="Organization Contact" solution="Active" />
        <Dependent type="60" displayName="Incident Organization Contact" parentDisplayName="Organization Contact" id="{e038b892-2d1d-ef11-840a-000d3a0c4626}" />
      </MissingDependency>
      <MissingDependency>
        <Required type="2" schemaName="ovs_organization_id" displayName="Organization" parentSchemaName="ovs_organization_contact" parentDisplayName="Organization Contact" solution="Active" />
        <Dependent type="60" displayName="Incident Organization Contact" parentDisplayName="Organization Contact" id="{e038b892-2d1d-ef11-840a-000d3a0c4626}" />
      </MissingDependency>
      <MissingDependency>
        <Required type="2" schemaName="ovs_phonenumber_business_num" displayName="Business Phone Number" parentSchemaName="ovs_organization_contact" parentDisplayName="Organization Contact" solution="Active" />
        <Dependent type="60" displayName="Incident Organization Contact" parentDisplayName="Organization Contact" id="{e038b892-2d1d-ef11-840a-000d3a0c4626}" />
      </MissingDependency>
      <MissingDependency>
        <Required type="2" schemaName="ovs_phonenumber_mobile_num" displayName="Mobile Phone Number" parentSchemaName="ovs_organization_contact" parentDisplayName="Organization Contact" solution="Active" />
        <Dependent type="60" displayName="Incident Organization Contact" parentDisplayName="Organization Contact" id="{e038b892-2d1d-ef11-840a-000d3a0c4626}" />
      </MissingDependency>
      <MissingDependency>
        <Required type="2" schemaName="ownerid" displayName="Owner" parentSchemaName="ovs_organization_contact" parentDisplayName="Organization Contact" solution="Active" />
        <Dependent type="60" displayName="Incident Organization Contact" parentDisplayName="Organization Contact" id="{e038b892-2d1d-ef11-840a-000d3a0c4626}" />
      </MissingDependency>
      <MissingDependency>
        <Required type="26" schemaName="My Active Cases" displayName="My Active Cases" parentSchemaName="incident" parentDisplayName="Case" solution="msdynce_Service (9.0.5.56)" id="{00000000-0000-0000-00aa-000010001028}">
          <package>msdynce_ServiceAnchor (9.0.24054.1001)</package>
        </Required>
        <Dependent type="60" displayName="TDG Incident Contact" parentDisplayName="Contact" id="{9f0eda25-2c1d-ef11-840a-6045bd614ecd}" />
      </MissingDependency>
      <MissingDependency>
        <Required type="26" schemaName="My Open Opportunities" displayName="My Open Opportunities" parentSchemaName="opportunity" parentDisplayName="Opportunity" solution="msdynce_Sales (9.0.4.0076)" id="{00000000-0000-0000-00aa-000010003000}">
          <package>msdynce_SalesAnchor (9.0.24054.10007)</package>
        </Required>
        <Dependent type="60" displayName="TDG Incident Contact" parentDisplayName="Contact" id="{9f0eda25-2c1d-ef11-840a-6045bd614ecd}" />
      </MissingDependency>
      <MissingDependency>
        <Required type="26" schemaName="Active Incident Injuries" displayName="Active Incident Injuries" parentSchemaName="ovs_incident_injury" parentDisplayName="Incident Injury" solution="Active" id="{134f9c6f-fd2b-4871-b117-352cb1d697de}" />
        <Dependent type="60" displayName="Information" parentDisplayName="Incident" id="{a58c2822-51b7-4919-b85c-d94204f76f09}" />
      </MissingDependency>
      <MissingDependency>
        <Required type="26" schemaName="CRS Active Accounts" displayName="CRS Active Accounts" parentSchemaName="account" parentDisplayName="Account" solution="Active" id="{37150390-5002-ef11-9f89-002248b0d3d6}" />
        <Dependent type="60" displayName="TDG Incident Contact" parentDisplayName="Contact" id="{9f0eda25-2c1d-ef11-840a-6045bd614ecd}" />
      </MissingDependency>
      <MissingDependency>
        <Required type="26" schemaName="Customer Requests for Contacts" displayName="Customer Requests for Contacts" parentSchemaName="ovs_customerrequest" parentDisplayName="Customer Request" solution="Active" id="{5fe19df1-f562-ee11-8df0-0022483d0c87}" />
        <Dependent type="60" displayName="TDG Incident Contact" parentDisplayName="Contact" id="{9f0eda25-2c1d-ef11-840a-6045bd614ecd}" />
      </MissingDependency>
      <MissingDependency>
        <Required type="26" schemaName="Incident Injuries grids" displayName="Incident Injuries grids" parentSchemaName="ovs_incident_injury" parentDisplayName="Incident Injury" solution="Active" id="{6d78bc9f-c028-ef11-840b-6045bd614ecd}" />
        <Dependent type="60" displayName="Information" parentDisplayName="Incident" id="{a58c2822-51b7-4919-b85c-d94204f76f09}" />
      </MissingDependency>
      <MissingDependency>
        <Required type="26" schemaName="TDG Core Connected contacts" displayName="TDG Core Connected contacts" parentSchemaName="connection" parentDisplayName="Connection" solution="Active" id="{7fd3af12-625d-ee11-8df0-0022483e130e}" />
        <Dependent type="60" displayName="TDG Incident Contact" parentDisplayName="Contact" id="{9f0eda25-2c1d-ef11-840a-6045bd614ecd}" />
      </MissingDependency>
      <MissingDependency>
        <Required type="26" schemaName="Parent Lookup View" displayName="Parent Lookup View" parentSchemaName="account" parentDisplayName="Account" solution="Active" id="{80d24aa0-2b6c-ed11-81ac-0022483d0343}" />
        <Dependent type="60" displayName="DGAIS Site Profile" parentDisplayName="Account" id="{8e8ef593-361c-ef11-840a-000d3a0c4626}" />
      </MissingDependency>
      <MissingDependency>
        <Required type="26" schemaName="Active Customer Requests" displayName="Active Customer Requests" parentSchemaName="ovs_customerrequest" parentDisplayName="Customer Request" solution="Active" id="{81ae12f9-fb64-4efb-866c-9e9c7303934a}" />
        <Dependent type="60" displayName="TDG Incident Contact" parentDisplayName="Contact" id="{9f0eda25-2c1d-ef11-840a-6045bd614ecd}" />
      </MissingDependency>
      <MissingDependency>
        <Required type="26" schemaName="Active Child Accounts" displayName="Active Child Accounts" parentSchemaName="account" parentDisplayName="Account" solution="Active" id="{82cc4863-aa98-eb11-b1ac-000d3ae93a4f}" />
        <Dependent type="60" displayName="DGAIS Organization" parentDisplayName="Account" id="{6cfff89f-351c-ef11-840a-6045bd614ecd}" />
      </MissingDependency>
      <MissingDependency>
        <Required type="26" schemaName="Customer Requests" displayName="Customer Requests" parentSchemaName="ovs_customerrequest" parentDisplayName="Customer Request" solution="Active" id="{8a9be4cc-655d-ee11-8df0-0022483e130e}" />
        <Dependent type="60" displayName="TDG Incident Contact" parentDisplayName="Contact" id="{9f0eda25-2c1d-ef11-840a-6045bd614ecd}" />
      </MissingDependency>
      <MissingDependency>
        <Required type="26" schemaName="Active Operations" displayName="Active Operations" parentSchemaName="ovs_mocregistration" parentDisplayName="Operation" solution="Active" id="{98c7fee1-1d9f-4226-89bb-26e6be7057f8}" />
        <Dependent type="60" displayName="DGAIS Site Profile" parentDisplayName="Account" id="{8e8ef593-361c-ef11-840a-000d3a0c4626}" />
      </MissingDependency>
      <MissingDependency>
        <Required type="26" schemaName="Recent Opportunities" displayName="Recent Opportunities" parentSchemaName="opportunity" parentDisplayName="Opportunity" solution="msdynce_Sales (9.0.4.0076)" id="{9c3f7ee8-eca7-e211-9fb6-00155dd0ea05}">
          <package>msdynce_SalesAnchor (9.0.24054.10007)</package>
        </Required>
        <Dependent type="60" displayName="TDG Incident Contact" parentDisplayName="Contact" id="{9f0eda25-2c1d-ef11-840a-6045bd614ecd}" />
      </MissingDependency>
      <MissingDependency>
        <Required type="26" schemaName="Site Associated Operations" displayName="Site Associated Operations" parentSchemaName="ovs_mocregistration" parentDisplayName="Operation" solution="Active" id="{a6fbfbaa-153c-ec11-8c62-0022483d71b4}" />
        <Dependent type="60" displayName="DGAIS Site Profile" parentDisplayName="Account" id="{8e8ef593-361c-ef11-840a-000d3a0c4626}" />
      </MissingDependency>
      <MissingDependency>
        <Required type="26" schemaName="All Entitlements" displayName="All Entitlements" parentSchemaName="entitlement" parentDisplayName="Entitlement" solution="msdynce_Service (9.0.5.56)" id="{aa69e7e2-913a-4a5a-8609-8ca443554909}">
          <package>msdynce_ServiceAnchor (9.0.24054.1001)</package>
        </Required>
        <Dependent type="60" displayName="TDG Incident Contact" parentDisplayName="Contact" id="{9f0eda25-2c1d-ef11-840a-6045bd614ecd}" />
      </MissingDependency>
      <MissingDependency>
        <Required type="26" schemaName="Territories Lookup View" displayName="Territories Lookup View" parentSchemaName="territory" parentDisplayName="Region" solution="msdynce_AppCommon (9.0.4.0066)" id="{ad81b2ca-9789-4465-8c56-94c10830a6ed}">
          <package>msdynce_AppCommonAnchor (9.0.24054.10001)</package>
        </Required>
        <Dependent type="60" displayName="DGAIS Organization" parentDisplayName="Account" id="{6cfff89f-351c-ef11-840a-6045bd614ecd}" />
      </MissingDependency>
      <MissingDependency>
        <Required type="26" schemaName="Territories Lookup View" displayName="Territories Lookup View" parentSchemaName="territory" parentDisplayName="Region" solution="msdynce_AppCommon (9.0.4.0066)" id="{ad81b2ca-9789-4465-8c56-94c10830a6ed}">
          <package>msdynce_AppCommonAnchor (9.0.24054.10001)</package>
        </Required>
        <Dependent type="60" displayName="DGAIS Site Profile" parentDisplayName="Account" id="{8e8ef593-361c-ef11-840a-000d3a0c4626}" />
      </MissingDependency>
      <MissingDependency>
        <Required type="26" schemaName="Incident Organization Roles" displayName="Incident Organization Roles" parentSchemaName="ovs_incident_organization" parentDisplayName="Incident Organization" solution="Active" id="{d103a530-2828-ef11-840b-6045bd61f005}" />
        <Dependent type="60" displayName="Information" parentDisplayName="Incident" id="{a58c2822-51b7-4919-b85c-d94204f76f09}" />
      </MissingDependency>
      <MissingDependency>
        <Required type="26" schemaName="Recent Cases" displayName="Recent Cases" parentSchemaName="incident" parentDisplayName="Case" solution="msdynce_Service (9.0.5.56)" id="{ebd1d24a-eea7-e211-9fb6-00155dd0ea05}">
          <package>msdynce_ServiceAnchor (9.0.24054.1001)</package>
        </Required>
        <Dependent type="60" displayName="TDG Incident Contact" parentDisplayName="Contact" id="{9f0eda25-2c1d-ef11-840a-6045bd614ecd}" />
      </MissingDependency>
      <MissingDependency>
        <Required type="59" schemaName="Top Customers" displayName="Top Customers" parentSchemaName="opportunity" parentDisplayName="Opportunity" solution="msdynce_Sales (9.0.4.0076)" id="{8bc5fb18-48f2-4782-9e16-3d452fa4ddce}">
          <package>msdynce_SalesAnchor (9.0.24054.10007)</package>
        </Required>
        <Dependent type="60" displayName="TDG Incident Contact" parentDisplayName="Contact" id="{9f0eda25-2c1d-ef11-840a-6045bd614ecd}" />
      </MissingDependency>
      <MissingDependency>
        <Required type="59" schemaName="Case Mix (By Business Unit)" displayName="Case Mix (By Business Unit)" parentSchemaName="incident" parentDisplayName="Case" solution="msdynce_Service (9.0.5.56)" id="{f10375a6-4893-de11-97d4-00155da3b01e}">
          <package>msdynce_ServiceAnchor (9.0.24054.1001)</package>
        </Required>
        <Dependent type="60" displayName="TDG Incident Contact" parentDisplayName="Contact" id="{9f0eda25-2c1d-ef11-840a-6045bd614ecd}" />
      </MissingDependency>
      <MissingDependency>
        <Required type="59" schemaName="Entitlements Expiration" displayName="Entitlements Expiration" parentSchemaName="entitlement" parentDisplayName="Entitlement" solution="msdynce_Service (9.0.5.56)" id="{fdb919bb-c6fc-4fc8-8fa5-67ace68e41d1}">
          <package>msdynce_ServiceAnchor (9.0.24054.1001)</package>
        </Required>
        <Dependent type="60" displayName="TDG Incident Contact" parentDisplayName="Contact" id="{9f0eda25-2c1d-ef11-840a-6045bd614ecd}" />
      </MissingDependency>
      <MissingDependency>
        <Required type="61" schemaName="AppCommon/Account/Account_main_system_library.js" displayName="AppCommon/Account/Account_main_system_library.js" solution="msdynce_AppCommon (9.0.4.0066)">
          <package>msdynce_AppCommonAnchor (9.0.24054.10001)</package>
        </Required>
        <Dependent type="60" displayName="DGAIS Site Profile" parentDisplayName="Account" id="{8e8ef593-361c-ef11-840a-000d3a0c4626}" />
      </MissingDependency>
      <MissingDependency>
        <Required type="61" schemaName="msdyn_/Account/Account.Library.js" displayName="msdyn_/Account/Account.Library.js" solution="FieldService (8.8.0.88)">
          <package>FieldService_Anchor (8.8.118.19)</package>
        </Required>
        <Dependent type="60" displayName="DGAIS Organization" parentDisplayName="Account" id="{6cfff89f-351c-ef11-840a-6045bd614ecd}" />
      </MissingDependency>
      <MissingDependency>
        <Required type="61" schemaName="msdyn_/Account/Account.Library.js" displayName="msdyn_/Account/Account.Library.js" solution="FieldService (8.8.0.88)">
          <package>FieldService_Anchor (8.8.118.19)</package>
        </Required>
        <Dependent type="60" displayName="DGAIS Site Profile" parentDisplayName="Account" id="{8e8ef593-361c-ef11-840a-000d3a0c4626}" />
      </MissingDependency>
      <MissingDependency>
        <Required type="61" schemaName="msdyn_/Contact/Contact.Library.js" displayName="msdyn_/Contact/Contact.Library.js" solution="FieldService (8.8.0.88)">
          <package>FieldService_Anchor (8.8.118.19)</package>
        </Required>
        <Dependent type="60" displayName="TDG Incident Contact" parentDisplayName="Contact" id="{9f0eda25-2c1d-ef11-840a-6045bd614ecd}" />
      </MissingDependency>
      <MissingDependency>
        <Required type="61" schemaName="msdyn_/Utils/FieldServiceTrial.js" displayName="msdyn_/Utils/FieldServiceTrial.js" solution="FieldService (8.8.0.88)">
          <package>FieldService_Anchor (8.8.118.19)</package>
        </Required>
        <Dependent type="60" displayName="DGAIS Organization" parentDisplayName="Account" id="{6cfff89f-351c-ef11-840a-6045bd614ecd}" />
      </MissingDependency>
      <MissingDependency>
        <Required type="61" schemaName="msdyn_/Utils/FieldServiceTrial.js" displayName="msdyn_/Utils/FieldServiceTrial.js" solution="FieldService (8.8.0.88)">
          <package>FieldService_Anchor (8.8.118.19)</package>
        </Required>
        <Dependent type="60" displayName="DGAIS Site Profile" parentDisplayName="Account" id="{8e8ef593-361c-ef11-840a-000d3a0c4626}" />
      </MissingDependency>
      <MissingDependency>
        <Required type="61" schemaName="msdyn_talkingpointsloader.js" displayName="msdyn_talkingpointsloader.js" solution="msdynce_Talkingpoints (9.1.0.59)">
          <package>msdynce_SalesInsightsAnchor (9.0.24054.10009)</package>
        </Required>
        <Dependent type="60" displayName="TDG Incident Contact" parentDisplayName="Contact" id="{9f0eda25-2c1d-ef11-840a-6045bd614ecd}" />
      </MissingDependency>
      <MissingDependency>
        <Required type="61" schemaName="ovs_ContactMainForm" displayName="ovs_ContactMainForm" solution="Active" />
        <Dependent type="60" displayName="TDG Incident Contact" parentDisplayName="Contact" id="{9f0eda25-2c1d-ef11-840a-6045bd614ecd}" />
      </MissingDependency>
      <MissingDependency>
        <Required type="61" schemaName="ovs_DGAIS_org.js" displayName="ovs_DGAIS_org.js" solution="Active" />
        <Dependent type="60" displayName="DGAIS Organization" parentDisplayName="Account" id="{6cfff89f-351c-ef11-840a-6045bd614ecd}" />
      </MissingDependency>
      <MissingDependency>
        <Required type="61" schemaName="ovs_DGAIS_site.js" displayName="ovs_DGAIS_site.js" solution="Active" />
        <Dependent type="60" displayName="DGAIS Site Profile" parentDisplayName="Account" id="{8e8ef593-361c-ef11-840a-000d3a0c4626}" />
      </MissingDependency>
      <MissingDependency>
        <Required type="61" schemaName="ovs_Incident_MainForm.js" displayName="ovs_Incident_MainForm.js" solution="Active" />
        <Dependent type="60" displayName="Information" parentDisplayName="Incident" id="{a58c2822-51b7-4919-b85c-d94204f76f09}" />
      </MissingDependency>
      <MissingDependency>
        <Required type="61" schemaName="qm_globalHelper.js" displayName="qm_globalHelper.js" solution="Active" />
        <Dependent type="60" displayName="DGAIS Organization" parentDisplayName="Account" id="{6cfff89f-351c-ef11-840a-6045bd614ecd}" />
      </MissingDependency>
      <MissingDependency>
        <Required type="61" schemaName="qm_globalHelper.js" displayName="qm_globalHelper.js" solution="Active" />
        <Dependent type="60" displayName="DGAIS Site Profile" parentDisplayName="Account" id="{8e8ef593-361c-ef11-840a-000d3a0c4626}" />
      </MissingDependency>
      <MissingDependency>
        <Required type="61" schemaName="qm_globalHelper.js" displayName="qm_globalHelper.js" solution="Active" />
        <Dependent type="60" displayName="TDG Incident Contact" parentDisplayName="Contact" id="{9f0eda25-2c1d-ef11-840a-6045bd614ecd}" />
      </MissingDependency>
      <MissingDependency>
        <Required type="61" schemaName="qm_globalHelper.js" displayName="qm_globalHelper.js" solution="Active" />
        <Dependent type="60" displayName="Information" parentDisplayName="Incident" id="{a58c2822-51b7-4919-b85c-d94204f76f09}" />
      </MissingDependency>
      <MissingDependency>
        <Required type="61" schemaName="qm_globalHelper.js" displayName="qm_globalHelper.js" solution="Active" />
        <Dependent type="60" displayName="Information" parentDisplayName="MOC" id="{ab7a68cf-1d72-4c50-a098-b985866dadf1}" />
      </MissingDependency>
      <MissingDependency>
        <Required type="61" schemaName="Sales/ClientCommon/Sales_ClientCommon.js" displayName="Sales/ClientCommon/Sales_ClientCommon.js" solution="msdynce_Sales (9.0.4.0076)">
          <package>msdynce_SalesAnchor (9.0.24054.10007)</package>
        </Required>
        <Dependent type="60" displayName="DGAIS Organization" parentDisplayName="Account" id="{6cfff89f-351c-ef11-840a-6045bd614ecd}" />
      </MissingDependency>
      <MissingDependency>
        <Required type="61" schemaName="Sales/ClientCommon/Sales_ClientCommon.js" displayName="Sales/ClientCommon/Sales_ClientCommon.js" solution="msdynce_Sales (9.0.4.0076)">
          <package>msdynce_SalesAnchor (9.0.24054.10007)</package>
        </Required>
        <Dependent type="60" displayName="DGAIS Site Profile" parentDisplayName="Account" id="{8e8ef593-361c-ef11-840a-000d3a0c4626}" />
      </MissingDependency>
      <MissingDependency>
        <Required type="66" schemaName="fdn_Canadapost.addressComplete" displayName="fdn_Canadapost.addressComplete" solution="CanadaPostAddressComplete (6.0)" />
        <Dependent type="60" displayName="DGAIS Organization" parentDisplayName="Account" id="{6cfff89f-351c-ef11-840a-6045bd614ecd}" />
      </MissingDependency>
      <MissingDependency>
        <Required type="66" schemaName="fdn_Canadapost.addressComplete" displayName="fdn_Canadapost.addressComplete" solution="CanadaPostAddressComplete (6.0)" />
        <Dependent type="60" displayName="DGAIS Site Profile" parentDisplayName="Account" id="{8e8ef593-361c-ef11-840a-000d3a0c4626}" />
      </MissingDependency>
      <MissingDependency>
        <Required type="66" schemaName="Intelligence.BusinessCardReaderControl.BusinessCardReader" displayName="Intelligence.BusinessCardReaderControl.BusinessCardReader" solution="BaseCustomControlsCore (9.0.2406.1010)" />
        <Dependent type="60" displayName="TDG Incident Contact" parentDisplayName="Contact" id="{9f0eda25-2c1d-ef11-840a-6045bd614ecd}" />
      </MissingDependency>
      <MissingDependency>
        <Required type="66" schemaName="Microsoft.AddressInputUCI" displayName="Microsoft.AddressInputUCI" solution="BaseCustomControlsCore (9.0.2406.1010)" />
        <Dependent type="60" displayName="TDG Incident Contact" parentDisplayName="Contact" id="{9f0eda25-2c1d-ef11-840a-6045bd614ecd}" />
      </MissingDependency>
      <MissingDependency>
        <Required type="66" schemaName="MicrosoftDynamicsFPS.TimeControl" displayName="MicrosoftDynamicsFPS.TimeControl" solution="MicrosoftDynamicsScheduling (3.12.0.448)">
          <package>FieldService_Anchor (8.8.118.19)</package>
          <package>msdynce_CoreServiceSchedulingAnchor (9.0.21104.1006)</package>
        </Required>
        <Dependent type="60" displayName="Information" parentDisplayName="Incident" id="{a58c2822-51b7-4919-b85c-d94204f76f09}" />
      </MissingDependency>
      <MissingDependency>
        <Required type="66" schemaName="MscrmControls.CardFeedContainer.CardFeedContainer" displayName="MscrmControls.CardFeedContainer.CardFeedContainer" solution="BaseCustomControlsCore (9.0.2406.1010)" />
        <Dependent type="60" displayName="TDG Incident Contact" parentDisplayName="Contact" id="{9f0eda25-2c1d-ef11-840a-6045bd614ecd}" />
      </MissingDependency>
      <MissingDependency>
        <Required type="66" schemaName="MscrmControls.FieldControls.ToggleControl" displayName="MscrmControls.FieldControls.ToggleControl" solution="BaseCustomControlsCore (9.0.2406.1010)" />
        <Dependent type="60" displayName="Information" parentDisplayName="Incident" id="{a58c2822-51b7-4919-b85c-d94204f76f09}" />
      </MissingDependency>
      <MissingDependency>
        <Required type="66" schemaName="MscrmControls.FieldControls.ToggleControl" displayName="MscrmControls.FieldControls.ToggleControl" solution="BaseCustomControlsCore (9.0.2406.1010)" />
        <Dependent type="60" displayName="Information" parentDisplayName="MOC" id="{ab7a68cf-1d72-4c50-a098-b985866dadf1}" />
      </MissingDependency>
      <MissingDependency>
        <Required type="66" schemaName="MscrmControls.Grid.GridControl" displayName="MscrmControls.Grid.GridControl" solution="BaseCustomControlsCore (9.0.2406.1010)" />
        <Dependent type="60" displayName="Information" parentDisplayName="Incident" id="{a58c2822-51b7-4919-b85c-d94204f76f09}" />
      </MissingDependency>
      <MissingDependency>
        <Required type="66" schemaName="MscrmControls.TalkingPointsControl.TalkingPoints" displayName="MscrmControls.TalkingPointsControl.TalkingPoints" solution="msdynce_Talkingpoints (9.1.0.59)">
          <package>msdynce_SalesInsightsAnchor (9.0.24054.10009)</package>
        </Required>
        <Dependent type="60" displayName="TDG Incident Contact" parentDisplayName="Contact" id="{9f0eda25-2c1d-ef11-840a-6045bd614ecd}" />
      </MissingDependency>
    </MissingDependencies>
  </SolutionManifest>
</ImportExportXml>