<ImportExportXml version="9.2.24015.154" SolutionPackageVersion="9.2" languagecode="1033" generatedBy="CrmLive" xmlns:xsi="http://www.w3.org/2001/XMLSchema-instance">
  <SolutionManifest>
    <UniqueName>TC_GlobalCore_Patch_f1fdec64</UniqueName>
    <LocalizedNames>
      <LocalizedName description="TDG Core Schema" languagecode="1033" />
    </LocalizedNames>
    <Descriptions>
      <Description description="Patch for TDG Core Schema" languagecode="1033" />
    </Descriptions>
    <ParentUniqueName>TC_GlobalCore</ParentUniqueName>
    <Version>1.160.8.0</Version>
    <Managed>1</Managed>
    <Publisher>
      <UniqueName>oversightpublisher</UniqueName>
      <LocalizedNames>
        <LocalizedName description="Oversight" languagecode="1033" />
      </LocalizedNames>
      <Descriptions>
        <Description description="This is the common solution for AvSec Inspection and TDG Inspection." languagecode="1033" />
      </Descriptions>
      <EMailAddress xsi:nil="true"></EMailAddress>
      <SupportingWebsiteUrl xsi:nil="true"></SupportingWebsiteUrl>
      <CustomizationPrefix>ovs</CustomizationPrefix>
      <CustomizationOptionValuePrefix>91864</CustomizationOptionValuePrefix>
      <Addresses>
        <Address>
          <AddressNumber>1</AddressNumber>
          <AddressTypeCode>1</AddressTypeCode>
          <City xsi:nil="true"></City>
          <County xsi:nil="true"></County>
          <Country xsi:nil="true"></Country>
          <Fax xsi:nil="true"></Fax>
          <FreightTermsCode xsi:nil="true"></FreightTermsCode>
          <ImportSequenceNumber xsi:nil="true"></ImportSequenceNumber>
          <Latitude xsi:nil="true"></Latitude>
          <Line1 xsi:nil="true"></Line1>
          <Line2 xsi:nil="true"></Line2>
          <Line3 xsi:nil="true"></Line3>
          <Longitude xsi:nil="true"></Longitude>
          <Name xsi:nil="true"></Name>
          <PostalCode xsi:nil="true"></PostalCode>
          <PostOfficeBox xsi:nil="true"></PostOfficeBox>
          <PrimaryContactName xsi:nil="true"></PrimaryContactName>
          <ShippingMethodCode>1</ShippingMethodCode>
          <StateOrProvince xsi:nil="true"></StateOrProvince>
          <Telephone1 xsi:nil="true"></Telephone1>
          <Telephone2 xsi:nil="true"></Telephone2>
          <Telephone3 xsi:nil="true"></Telephone3>
          <TimeZoneRuleVersionNumber xsi:nil="true"></TimeZoneRuleVersionNumber>
          <UPSZone xsi:nil="true"></UPSZone>
          <UTCOffset xsi:nil="true"></UTCOffset>
          <UTCConversionTimeZoneCode xsi:nil="true"></UTCConversionTimeZoneCode>
        </Address>
        <Address>
          <AddressNumber>2</AddressNumber>
          <AddressTypeCode>1</AddressTypeCode>
          <City xsi:nil="true"></City>
          <County xsi:nil="true"></County>
          <Country xsi:nil="true"></Country>
          <Fax xsi:nil="true"></Fax>
          <FreightTermsCode xsi:nil="true"></FreightTermsCode>
          <ImportSequenceNumber xsi:nil="true"></ImportSequenceNumber>
          <Latitude xsi:nil="true"></Latitude>
          <Line1 xsi:nil="true"></Line1>
          <Line2 xsi:nil="true"></Line2>
          <Line3 xsi:nil="true"></Line3>
          <Longitude xsi:nil="true"></Longitude>
          <Name xsi:nil="true"></Name>
          <PostalCode xsi:nil="true"></PostalCode>
          <PostOfficeBox xsi:nil="true"></PostOfficeBox>
          <PrimaryContactName xsi:nil="true"></PrimaryContactName>
          <ShippingMethodCode>1</ShippingMethodCode>
          <StateOrProvince xsi:nil="true"></StateOrProvince>
          <Telephone1 xsi:nil="true"></Telephone1>
          <Telephone2 xsi:nil="true"></Telephone2>
          <Telephone3 xsi:nil="true"></Telephone3>
          <TimeZoneRuleVersionNumber xsi:nil="true"></TimeZoneRuleVersionNumber>
          <UPSZone xsi:nil="true"></UPSZone>
          <UTCOffset xsi:nil="true"></UTCOffset>
          <UTCConversionTimeZoneCode xsi:nil="true"></UTCConversionTimeZoneCode>
        </Address>
      </Addresses>
    </Publisher>
    <RootComponents>
      <RootComponent type="1" schemaName="ovs_customerrequest" behavior="2" />
    </RootComponents>
    <MissingDependencies>
      <MissingDependency>
        <Required type="1" schemaName="ovs_customerrequest" displayName="Customer Request" solution="Active" />
        <Dependent type="1" schemaName="ovs_customerrequest" displayName="Customer Request" />
      </MissingDependency>
      <MissingDependency>
        <Required type="10" schemaName="ovs_CustomerRequest_Account" displayName="ovs_CustomerRequest_Account" parentSchemaName="account" parentDisplayName="Account" solution="Active" />
        <Dependent type="60" displayName="Information" parentDisplayName="Customer Request" id="{de0d648e-6a92-4039-bd81-9d10c3a52709}" />
      </MissingDependency>
      <MissingDependency>
        <Required type="10" schemaName="ovs_CustomerRequest_Contact" displayName="ovs_CustomerRequest_Contact" parentSchemaName="contact" parentDisplayName="Contact" solution="Active" />
        <Dependent type="60" displayName="Information" parentDisplayName="Customer Request" id="{de0d648e-6a92-4039-bd81-9d10c3a52709}" />
      </MissingDependency>
      <MissingDependency>
        <Required type="10" schemaName="ovs_DataAccessRule_CustomerRequest" displayName="ovs_DataAccessRule_CustomerRequest" parentSchemaName="ovs_dataaccessrule" parentDisplayName="Data Access Rule" solution="Active" />
        <Dependent type="60" displayName="Information" parentDisplayName="Customer Request" id="{de0d648e-6a92-4039-bd81-9d10c3a52709}" />
      </MissingDependency>
      <MissingDependency>
        <Required type="2" schemaName="createdby" displayName="Created By" parentSchemaName="ovs_customerrequest" parentDisplayName="Customer Request" solution="Active" />
        <Dependent type="60" displayName="Information" parentDisplayName="Customer Request" id="{de0d648e-6a92-4039-bd81-9d10c3a52709}" />
      </MissingDependency>
      <MissingDependency>
        <Required type="2" schemaName="createdon" displayName="Created Date" parentSchemaName="ovs_customerrequest" parentDisplayName="Customer Request" solution="Active" />
        <Dependent type="60" displayName="Information" parentDisplayName="Customer Request" id="{de0d648e-6a92-4039-bd81-9d10c3a52709}" />
      </MissingDependency>
      <MissingDependency>
        <Required type="2" schemaName="modifiedby" displayName="Modified By" parentSchemaName="ovs_customerrequest" parentDisplayName="Customer Request" solution="Active" />
        <Dependent type="60" displayName="Information" parentDisplayName="Customer Request" id="{de0d648e-6a92-4039-bd81-9d10c3a52709}" />
      </MissingDependency>
      <MissingDependency>
        <Required type="2" schemaName="ovs_closeddate" displayName="Closed Date" parentSchemaName="ovs_customerrequest" parentDisplayName="Customer Request" solution="Active" />
        <Dependent type="60" displayName="Information" parentDisplayName="Customer Request" id="{de0d648e-6a92-4039-bd81-9d10c3a52709}" />
      </MissingDependency>
      <MissingDependency>
        <Required type="2" schemaName="ovs_dataaccessrule" displayName="Data Access Rule" parentSchemaName="ovs_customerrequest" parentDisplayName="Customer Request" solution="Active" />
        <Dependent type="60" displayName="Information" parentDisplayName="Customer Request" id="{de0d648e-6a92-4039-bd81-9d10c3a52709}" />
      </MissingDependency>
      <MissingDependency>
        <Required type="2" schemaName="ovs_executionresult" displayName="Execution Result" parentSchemaName="ovs_customerrequest" parentDisplayName="Customer Request" solution="Active" />
        <Dependent type="60" displayName="Information" parentDisplayName="Customer Request" id="{de0d648e-6a92-4039-bd81-9d10c3a52709}" />
      </MissingDependency>
      <MissingDependency>
        <Required type="2" schemaName="ovs_name" displayName="Topic" parentSchemaName="ovs_customerrequest" parentDisplayName="Customer Request" solution="Active" />
        <Dependent type="60" displayName="Information" parentDisplayName="Customer Request" id="{de0d648e-6a92-4039-bd81-9d10c3a52709}" />
      </MissingDependency>
      <MissingDependency>
        <Required type="2" schemaName="ovs_request_id" displayName="Request ID" parentSchemaName="ovs_customerrequest" parentDisplayName="Customer Request" solution="Active" />
        <Dependent type="60" displayName="Information" parentDisplayName="Customer Request" id="{de0d648e-6a92-4039-bd81-9d10c3a52709}" />
      </MissingDependency>
      <MissingDependency>
        <Required type="2" schemaName="ovs_requestdata" displayName="Request Data" parentSchemaName="ovs_customerrequest" parentDisplayName="Customer Request" solution="Active" />
        <Dependent type="60" displayName="Information" parentDisplayName="Customer Request" id="{de0d648e-6a92-4039-bd81-9d10c3a52709}" />
      </MissingDependency>
      <MissingDependency>
        <Required type="2" schemaName="ovs_sourcerecordid" displayName="Source Record" parentSchemaName="ovs_customerrequest" parentDisplayName="Customer Request" solution="Active" />
        <Dependent type="60" displayName="Information" parentDisplayName="Customer Request" id="{de0d648e-6a92-4039-bd81-9d10c3a52709}" />
      </MissingDependency>
      <MissingDependency>
        <Required type="2" schemaName="ovs_violationdescription" displayName="Violation Description" parentSchemaName="ovs_customerrequest" parentDisplayName="Customer Request" solution="Active" />
        <Dependent type="60" displayName="Information" parentDisplayName="Customer Request" id="{de0d648e-6a92-4039-bd81-9d10c3a52709}" />
      </MissingDependency>
      <MissingDependency>
        <Required type="2" schemaName="ownerid" displayName="Owner" parentSchemaName="ovs_customerrequest" parentDisplayName="Customer Request" solution="Active" />
        <Dependent type="60" displayName="Information" parentDisplayName="Customer Request" id="{de0d648e-6a92-4039-bd81-9d10c3a52709}" />
      </MissingDependency>
      <MissingDependency>
        <Required type="2" schemaName="statuscode" displayName="Status Reason" parentSchemaName="ovs_customerrequest" parentDisplayName="Customer Request" solution="Active" />
        <Dependent type="60" displayName="Information" parentDisplayName="Customer Request" id="{de0d648e-6a92-4039-bd81-9d10c3a52709}" />
      </MissingDependency>
      <MissingDependency>
        <Required type="26" schemaName="Contacts" displayName="Contacts" parentSchemaName="contact" parentDisplayName="Contact" solution="Active" id="{0cbd6d95-e898-ed11-aad0-0022483e130e}" />
        <Dependent type="60" displayName="Information" parentDisplayName="Customer Request" id="{de0d648e-6a92-4039-bd81-9d10c3a52709}" />
      </MissingDependency>
      <MissingDependency>
        <Required type="26" schemaName="Account Duplicated per Customer request" displayName="Account Duplicated per Customer request" parentSchemaName="account" parentDisplayName="Account" solution="Active" id="{9b760bd0-0437-ee11-bdf4-0022483d0343}" />
        <Dependent type="60" displayName="Information" parentDisplayName="Customer Request" id="{de0d648e-6a92-4039-bd81-9d10c3a52709}" />
      </MissingDependency>
      <MissingDependency>
        <Required type="60" displayName="Information" parentDisplayName="Data Access Rule" solution="Active" id="{821c924c-1306-46f8-8087-77457a98d765}" />
        <Dependent type="60" displayName="Information" parentDisplayName="Customer Request" id="{de0d648e-6a92-4039-bd81-9d10c3a52709}" />
      </MissingDependency>
      <MissingDependency>
        <Required type="61" schemaName="ovs_CustomerRequest_main.js" displayName="ovs_CustomerRequest_main.js" solution="Active" />
        <Dependent type="60" displayName="Information" parentDisplayName="Customer Request" id="{de0d648e-6a92-4039-bd81-9d10c3a52709}" />
      </MissingDependency>
      <MissingDependency>
        <Required type="61" schemaName="qm_globalHelper.js" displayName="qm_globalHelper.js" solution="Active" />
        <Dependent type="60" displayName="Information" parentDisplayName="Customer Request" id="{de0d648e-6a92-4039-bd81-9d10c3a52709}" />
      </MissingDependency>
    </MissingDependencies>
  </SolutionManifest>
</ImportExportXml>